company_name,investment_type,industry,cash_rate,pik_rate,reference_rate,spread,acquisition_date,maturity_date,principal_amount,amortized_cost,fair_value,percent_of_net_assets,cost,commitment_limit,undrawn_commitment
Allbridge,First Lien Senior Secured Loan,Services: Business,8.5%,,SOFR,5.75,2020-06-05,2030-06-05,17435,17314,17314,,,,
AMI,First Lien Senior Secured Loan,Services: Business,8.5%,,SOFR,5.25,2021-10-17,2031-10-17,22000,21836,21836,,,,
Avalon Acquiror Inc,First Lien Senior Secured Loan,Services: Business,8.5%,,SOFR,6.25,2020-03-10,2028-03-10,32054,31865,31865,,,,
TEI Holdings Inc,First Lien Senior Secured Loan,Services: Business,8.5%,,SOFR,4.00,2021-04-09,2031-04-09,10589,10634,10634,,,,
Datix Bidco Limited,First Lien Senior Secured Loan,Services: Business,8.5%,,SOFR,5.50,2021-04-30,2031-04-30,6000,5910,5910,,,,
Dealer Service Network,First Lien Senior Secured Loan,Services: Business,8.5%,,SOFR,5.75,2020-02-09,2027-02-09,8750,8665,8665,,,,
Discovery Senior Living,First Lien Senior Secured Loan,Services: Business,8.5%,,SOFR,5.50,2020-03-18,2030-03-18,16873,16732,16732,,,,
Discovery Senior Living,First Lien Senior Secured Loan - Delayed Draw,Services: Business,8.5%,,SOFR,5.50,2020-03-18,2030-03-18,2823,2823,2823,,,,
DTIQ,First Lien Senior Secured Loan,Services: Business,8.5%,,SOFR,7.50,2020-09-30,2029-09-30,16958,16665,16665,,,,
Easy Ice,First Lien Senior Secured Loan,Services: Business,8.5%,,SOFR,5.40,2020-10-30,2030-10-30,10482,10326,10326,,,,
Smartronix,First Lien Senior Secured Loan,Services: Business,8.5%,,SOFR,6.10,2020-11-23,2028-11-23,12804,12656,12656,,,,
Smartronix,First Lien Senior Secured Loan,Services: Business,8.5%,,SOFR,6.10,2020-11-23,2028-11-23,8127,8127,8127,,,,
Smartronix,First Lien Senior Secured Loan,Services: Business,8.5%,,SOFR,6.10,2020-11-23,2028-11-23,8663,8491,8491,,,,
Orion,First Lien Senior Secured Loan,Services: Business,8.5%,,SOFR,5.25,2020-03-19,2027-03-19,12500,12360,12360,,,,
Eagle Parent Corp,First Lien Senior Secured Loan,Services: Consumer,8.5%,,SOFR,4.25,2020-04-02,2029-04-02,3276,3269,3269,,,,
MZR Buyer LLC,First Lien Senior Secured Loan,Services: Consumer,8.5%,,SOFR,6.85,2021-12-22,2026-12-22,27229,27190,27190,,,,
Inmarsat,First Lien Senior Secured Loan,Telecommunications,8.5%,,SOFR,4.50,2020-09-27,2029-09-27,1985,1887,1887,,,,
Meriplex Communications Ltd,First Lien Senior Secured Loan,Telecommunications,8.5%,,SOFR,5.10,2021-07-17,2028-07-17,14830,14688,14688,,,,
Taoglas,First Lien Senior Secured Loan,Telecommunications,8.5%,,SOFR,7.25,2020-02-28,2029-02-28,18465,18226,18226,,,,
A&R Logistics Inc,First Lien Senior Secured Loan,Transportation: Cargo,8.5%,1.25,SOFR,5.50,2020-08-03,2026-08-03,29235,29235,29235,,,,
Applitools,First Lien Senior Secured Loan,High Tech Industries,,6.25%,SOFR,6.25,2024-05-25,2029-05-25,12689,12621,12621,,,,
Black Mountain,First Lien Senior Secured Loan,High Tech Industries,,5.00%,SOFR,5.00,2020-10-07,2030-10-07,26000,25814,25814,,,,
Gainwell Acquisition,First Lien Senior Secured Loan,High Tech Industries,,4.10%,SOFR,4.10,2024-10-01,2027-10-01,2738,2653,2653,,,,
Logrhythm,First Lien Senior Secured Loan,High Tech Industries,,7.50%,SOFR,7.50,2022-07-02,2029-07-02,7955,7746,7746,,,,
NearMap,First Lien Senior Secured Loan,High Tech Industries,,5.00%,SOFR,5.00,2019-12-09,2029-12-09,16166,16028,16028,,,,
PayRange,First Lien Senior Secured Loan,High Tech Industries,,5.25%,SOFR,5.25,2020-10-31,2030-10-31,11261,11154,11154,,,,
Proofpoint,First Lien Senior Secured Loan,High Tech Industries,,3.00%,SOFR,3.00,2021-08-31,2028-08-31,1975,1979,1979,,,,
SensorTower,First Lien Senior Secured Loan,High Tech Industries,,7.50%,SOFR,7.50,2024-03-15,2029-03-15,27806,27603,27603,,,,
Superna Inc,First Lien Senior Secured Loan,High Tech Industries,,6.50%,SOFR,6.50,2023-03-06,2028-03-06,33029,32784,32784,,,,
Awayday,First Lien Senior Secured Loan,Hotel Gaming & Leisure,,5.25%,SOFR,5.25,2021-09-06,2031-09-06,24875,24638,24638,,,,
City BBQ,First Lien Senior Secured Loan,Hotel Gaming & Leisure,,5.35%,SOFR,5.35,2020-09-04,2030-09-04,22693,22505,22505,,,,
Concert Golf Partners Holdco,First Lien Senior Secured Loan,Hotel Gaming & Leisure,,4.75%,SOFR,4.75,2021-03-31,2031-03-31,20228,19986,19986,,,,
Concert Golf Partners Holdco LLC,First Lien Senior Secured Loan - Delayed Draw,Hotel Gaming & Leisure,,4.50%,SOFR,4.50,2021-03-31,2031-03-31,4127,4127,4127,,,,
Pollo Tropical,First Lien Senior Secured Loan,Hotel Gaming & Leisure,,5.25%,SOFR,5.25,2019-10-23,2029-10-23,4239,4189,4189,,,,
Pyramid Global Hospitality,First Lien Senior Secured Loan,Hotel Gaming & Leisure,,5.25%,SOFR,5.25,2023-01-19,2028-01-19,15680,15405,15405,,,,
Internet Brands,First Lien Senior Secured Loan,Media Diversified & Production,,4.25%,SOFR,4.25,2023-05-03,2028-05-03,2965,2956,2956,,,,
New Look Delaware Corporation,First Lien Senior Secured Loan,Retail,,5.65%,SOFR,5.65,2023-05-26,2028-05-26,9433,9201,9201,,,,
Thrasio LLC,First Lien Senior Secured Loan,Retail,,10.26%,SOFR,10.26,2024-06-18,2029-06-18,3491,3491,3491,,,,
Thrasio LLC,First Lien Senior Secured Loan,Retail,,10.26%,SOFR,10.26,2024-06-18,2029-06-18,1138,1138,1138,,,,
Thrasio LLC,Equity Interest,,,n/a,n/a,,,52,5369,,,,,,
MZR Buyer LLC,First Lien Senior Secured Loan,Services Consumer,8.5%,0.50%,SOFR,6.85%,,2028-12-22,11783,11703,11667,,,,
MZR Buyer LLC,First Lien Senior Secured Loan Revolver,Services Consumer,8.5%,0.50%,SOFR,7.00%,,2028-12-22,5210,5154,5130,,,,
MZR Buyer LLC,First Lien Senior Secured Loan Revolver,Services Consumer,,,,,,2028-12-22,,,,,,,
MZR Buyer LLC,First Lien Senior Secured Loan,Services Consumer,8.5%,0.50%,SOFR,6.85%,,2028-12-22,317,312,310,,,,
MZR Buyer LLC,First Lien Senior Secured Loan,Services Consumer,8.5%,0.50%,SOFR,6.85%,,2028-12-22,137,135,134,,,,
Spotless Brands,First Lien Senior Secured Loan Delayed Draw,Services Consumer,9.75%,,SOFR,5.50%,,2028-07-25,10896,10802,10770,,,,
Surrey Bidco Limited,First Lien Senior Secured Loan,Services: Consumer,,6.28%,SONIA,11.23%,,2026-05-11,68,77,77,0.0,,,
WhiteWater Express,Subordinated Debt,Services Consumer,,14.00%,,14.00%,,2031-03-31,8250,8178,8140,,,,
Meriplex Communications Ltd,First Lien Senior Secured Loan,Telecommunications,9.42%,,SOFR,5.10%,,2028-07-17,12032,11885,11800,,,,
Meriplex Communications Ltd,First Lien Senior Secured Loan Delayed Draw,Telecommunications,9.42%,,SOFR,5.10%,,2028-07-17,7157,7097,7060,,,,
Meriplex Communications Ltd,First Lien Senior Secured Loan Revolver,Telecommunications,9.42%,,SOFR,5.10%,,2028-07-17,2824,2793,2780,,,,
Taoglas,First Lien Senior Secured Loan,Telecommunications,11.55%,,SOFR,7.25%,,2029-02-28,595,595,595,,,,
Taoglas,Equity Interest,Telecommunications,,,,,,,,,,,20,20,19
Taoglas,First Lien Senior Secured Loan,Telecommunications,11.55%,,SOFR,7.25%,,2029-02-28,9953,9879,9820,,,,
Taoglas,First Lien Senior Secured Loan Revolver,Telecommunications,11.53%,,SOFR,7.25%,,2029-02-28,1101,1101,1101,,,,
Taoglas,First Lien Senior Secured Loan,Telecommunications,11.55%,,SOFR,7.25%,,2029-02-28,447,437,434,,,,
A&R Logistics Inc,First Lien Senior Secured Loan,Transportation Cargo,11.19%,1.25%,SOFR,5.65%,,2026-08-03,933,919,915,,,,
A&R Logistics Inc,First Lien Senior Secured Loan,Transportation Cargo,11.19%,1.25%,SOFR,5.65%,,2026-08-03,2394,2393,2385,,,,
A&R Logistics Inc,First Lien Senior Secured Loan,Transportation Cargo,11.19%,1.25%,SOFR,5.65%,,2026-08-03,2688,2687,2680,,,,
A&R Logistics Inc,First Lien Senior Secured Loan,Transportation Cargo,11.19%,1.25%,SOFR,5.65%,,2026-08-03,5902,5899,5890,,,,
A&R Logistics Inc,First Lien Senior Secured Loan,Transportation Cargo,11.19%,1.25%,SOFR,5.65%,,2026-08-03,13087,13081,13050,,,,
A&R Logistics Inc,First Lien Senior Secured Loan Revolver,Transportation Cargo,11.17%,1.25%,SOFR,5.60%,,2026-08-03,4731,4676,4650,,,,
AEG Vision,First Lien Senior Secured Loan - Delayed Draw,Healthcare,10.20%,,SOFR,5.90%,,2027-03-27,9482,8956,8956,0.0,,,
AEG Vision,First Lien Senior Secured Loan - Delayed Draw,Healthcare,10.20%,,SOFR,5.90%,,2027-03-27,16309,16179,16179,0.0,,,
AEG Vision,First Lien Senior Secured Loan - Delayed Draw,Healthcare,10.20%,,SOFR,5.90%,,2027-03-27,17787,17645,17645,0.0,,,
AEG Vision,First Lien Senior Secured Loan,Healthcare,10.20%,,SOFR,5.90%,,2027-03-27,2053,2037,2037,0.0,,,
AOM Infusion,First Lien Senior Secured Loan - Delayed Draw,,,,,,,,,3/19/2032,,,,,
AOM Infusion,First Lien Senior Secured Loan - Revolver,,,,,,,,,3/19/2032,,,,,
AOM Infusion,First Lien Senior Secured Loan,Healthcare,9.30%,,SOFR,5.00%,,2032-03-19,3643,3606,3606,0.0,,,
Apollo Intelligence,Equity Interest,Healthcare,,,,,,,33,3378,3378,0.0,2916,,
Apollo Intelligence,First Lien Senior Secured Loan,Healthcare,10.07%,,SOFR,5.75%,,2028-05-31,15039,15223,15223,0.0,,,
Apollo Intelligence,First Lien Senior Secured Loan - Revolver,Healthcare,10.05%,,SOFR,5.75%,,2028-05-31,6710,6672,6672,0.0,,,
Beacon Specialized Living,First Lien Senior Secured Loan - Delayed Draw,Healthcare,9.80%,,SOFR,5.50%,,2028-03-25,2444,2333,2333,0.0,,,
Beacon Specialized Living,First Lien Senior Secured Loan,Healthcare,9.80%,,SOFR,5.50%,,2028-03-25,4963,4919,4919,0.0,,,
Beacon Specialized Living,First Lien Senior Secured Loan - Revolver,,,,,,,,,3/25/2028,,,,,
Caregiver,Subordinated Debt,Healthcare,,16.50%,,16.50%,,2030-01-01,8696,8593,8593,0.0,,,
CB Titan Holdings Inc,Preferred Equity,Healthcare,,,,,,,,,,,1953,1953,0.0
EHE Health,First Lien Senior Secured Loan - Revolver,,,,,,,,,8/7/2030,,,,,
EHE Health,First Lien Senior Secured Loan,Healthcare,9.80%,,SOFR,5.50%,,2030-08-07,10842,10745,10745,0.0,,,
EHE Health,Equity Interest,Healthcare,,,,,,,,,,,2178,2178,0.0
Great Expressions Dental Center PC,First Lien Senior Secured Loan,Healthcare,8.45%,3.00%,SOFR,1.15%,,2026-09-30,9859,9880,9880,0.0,,,
HealthDrive,First Lien Senior Secured Loan,Healthcare,10.42%,,SOFR,6.10%,,2029-08-20,1903,1903,1903,0.0,,,
HealthDrive,First Lien Senior Secured Loan - Delayed Draw,Healthcare,10.42%,,SOFR,6.10%,,2029-08-20,271,271,271,0.0,,,
HealthDrive,First Lien Senior Secured Loan - Delayed Draw,Healthcare,10.42%,,SOFR,6.10%,,2029-08-20,606,599,599,0.0,,,
HealthDrive,First Lien Senior Secured Loan - Revolver,,,,,,,,,8/20/2029,,,,,
HealthDrive,Preferred Equity,Healthcare,,,,,,,,,,,18,1822,1822
Masco,Subordinated Debt,Manufacturing,,10.00%,EURIBOR,10.00%,,2032-10-04,5000,5350,5350,0.0,,,
Mertus 522 GmbH,First Lien Senior Secured Loan,Manufacturing,9.69%,0.75%,EURIBOR,6.25%,,2026-05-28,227,253,253,0.0,,,
Mertus 522 GmbH,First Lien Senior Secured Loan,Manufacturing,9.38%,0.75%,EURIBOR,6.25%,,2026-05-28,133,146,146,0.0,,,
Master ConcessionAir,First Lien Senior Secured Loan - Delayed Draw,Services: Consumer,12.94%,,SOFR,8.50%,,2029-06-21,36,35,35,0.0,,,
Master ConcessionAir,First Lien Senior Secured Loan - Revolver,Services: Consumer,13.16%,,SOFR,8.50%,,2029-06-21,224,220,220,0.0,,,
Master ConcessionAir,First Lien Senior Secured Loan,Services: Consumer,12.84%,,SOFR,8.50%,,2029-06-21,1820,1785,1785,0.0,,,
MZR Aggregator,Equity Interest,Services: Consumer,,,,,,,,,,,12,798,420
MZR Buyer LLC,First Lien Senior Secured Loan,Services: Consumer,11.21%,,SOFR,6.85%,,2026-12-22,11780,11684,11684,0.0,,,
MZR Buyer LLC,First Lien Senior Secured Loan - Revolver,Services: Consumer,11.28%,,SOFR,7.00%,,2026-12-22,5210,5175,5175,0.0,,,
Spotless Brands,First Lien Senior Secured Loan - Delayed Draw,Services: Consumer,9.78%,,SOFR,5.50%,,2028-07-25,9525,9423,9423,0.0,,,
Meriplex Communications Ltd.,First Lien Senior Secured Loan,Telecommunications,9.46%,,SOFR,5.10%,,2028-07-17,12075,11914,11914,0.0,,,
Meriplex Communications Ltd.,First Lien Senior Secured Loan - Delayed Draw,Telecommunications,9.46%,,SOFR,5.10%,,2028-07-17,7193,7128,7128,0.0,,,
Meriplex Communications Ltd.,First Lien Senior Secured Loan - Revolver,Telecommunications,9.46%,,SOFR,5.10%,,2028-07-17,2824,2791,2791,0.0,,,
Taoglas,First Lien Senior Secured Loan,Telecommunications,11.58%,,SOFR,7.25%,,2029-02-28,9978,9897,9897,0.0,,,
Taoglas,First Lien Senior Secured Loan - Delayed Draw,Telecommunications,,,,,,2029-02-28,,,,,,,
Taoglas,First Lien Senior Secured Loan - Revolver,Telecommunications,11.93%,,SOFR,7.25%,,2029-02-28,1284,1284,1284,0.0,,,
Taoglas,First Lien Senior Secured Loan,Telecommunications,11.58%,,SOFR,7.25%,,2029-02-28,448,438,438,0.0,,,
A&R Logistics Inc.,First Lien Senior Secured Loan,Transportation: Cargo,11.21%,1.25%,SOFR,5.50%,,2026-08-03,926,909,909,0.0,,,
A&R Logistics Inc.,First Lien Senior Secured Loan,Transportation: Cargo,11.21%,1.25%,SOFR,5.50%,,2026-08-03,2374,2370,2370,0.0,,,
A&R Logistics Inc.,First Lien Senior Secured Loan,Transportation: Cargo,11.21%,1.25%,SOFR,5.50%,,2026-08-03,2661,2658,2658,0.0,,,
A&R Logistics Inc.,First Lien Senior Secured Loan,Transportation: Cargo,11.21%,1.25%,SOFR,5.50%,,2026-08-03,5853,5843,5843,0.0,,,
Access,First Lien Senior Secured Loan,High Tech Industries,9.71%,,SONIA,5.25%,,2029-06-28,80,,,,99,,
Applitools,First Lien Senior Secured Loan - Revolver,High Tech Industries,,,,,,2028-05-25,,,,,,,
Applitools,First Lien Senior Secured Loan,High Tech Industries,,6.25%,SOFR,6.25%,,2029-05-25,20019,19921,19921,,,,
Appriss,First Lien Senior Secured Loan - Delayed Draw,High Tech Industries,,,,,,2031-03-10,,,,,,,
Appriss,First Lien Senior Secured Loan - Revolver,High Tech Industries,9.29%,,SOFR,5.00%,,2031-03-10,380,354,354,,,,
Appriss,First Lien Senior Secured Loan,High Tech Industries,9.29%,,SOFR,5.00%,,2031-03-10,22114,21948,21948,,,,
Appriss Holdings Inc,Equity Interest,High Tech Industries,,,,,,,,,,2136,1606,1788,
Appriss Holdings Inc,First Lien Senior Secured Loan,High Tech Industries,11.48%,,SOFR,7.15%,,2027-05-06,10996,10905,10905,,,,
Appriss Holdings Inc,First Lien Senior Secured Loan - Revolver,High Tech Industries,,,,,,2027-05-06,,,,,,,
AQ Software Corporation,Preferred Equity,High Tech Industries,,,,,,,,,,1,107,1073,
Chartbeat,Subordinated Debt,High Tech Industries,,16.00%,,16.00%,,2030-10-04,11457,11278,11278,,,,
Chartbeat,Warrants,High Tech Industries,,,,,,,,1,,,,,
Cloud Technology Solutions (CTS),First Lien Senior Secured Loan - Delayed Draw,High Tech Industries,7.24%,4.77%,SONIA,2.23%,,2031-10-17,2043,2595,2595,,,,
Cloud Technology Solutions (CTS),Preferred Equity,High Tech Industries,,,,,,,,4408,5360,,,,
Eagle Rock Capital Corporation,Preferred Equity,High Tech Industries,,,,,,,,3345,3345,,,,
Eleven Software,Preferred Equity,High Tech Industries,,,,,,,,109,109,,,,
Eleven Software,First Lien Senior Secured Loan,High Tech Industries,12.55%,,SOFR,8.25%,,2027-04-25,7439,7403,7403,,,,
Eleven Software,First Lien Senior Secured Loan - Revolver,High Tech Industries,12.42%,,SOFR,8.10%,,2026-09-25,1488,1483,1483,,,,
Govineer Solutions (fka Black Mountain),First Lien Senior Secured Loan - Delayed Draw,High Tech Industries,,,,,,2030-10-07,,,,,,,
Govineer Solutions (fka Black Mountain),First Lien Senior Secured Loan - Revolver,High Tech Industries,,,,,,2030-10-07,,,,,,,
Govineer Solutions (fka Black Mountain),First Lien Senior Secured Loan,High Tech Industries,9.30%,,SOFR,5.00%,,2030-10-07,7420,7370,7370,,,,
LogRhythm,First Lien Senior Secured Loan - Revolver,High Tech Industries,,,,,,2029-07-02,,,,,,,
NearMap,First Lien Senior Secured Loan - Revolver,High Tech Industries,,,,,,2029-12-09,,,,,,,
AXH Air Coolers,First Lien Senior Secured Loan - Delayed Draw,Capital Equipment,,,,,,2029-10-31,,,,,,,
AXH Air Coolers,First Lien Senior Secured Loan - Revolver,Capital Equipment,,,,,,2029-10-31,,,,,,,
AXH Air Coolers,First Lien Senior Secured Loan,Capital Equipment,,,,,SOFR,6.50%,,2029-10-31,7400,7337,7337,,
AXH Air Coolers,Preferred Equity,Capital Equipment,,,,,,,,,3417,1104,1104,6917,
AXH Air Coolers,First Lien Senior Secured Loan,Capital Equipment,,,,,SOFR,5.50%,,2029-10-31,16562,16438,16438,,
DiversiTech,First Lien Senior Secured Loan,Capital Equipment,,,,,SOFR,3.76%,,2028-12-22,1,1,,,
East BCC Coinvest II LLC,Equity Interest,Capital Equipment,,,,,,,,,1419,1229,1229,463,
Ergotron Acquisition LLC,First Lien Senior Secured Loan,Capital Equipment,,,,,SOFR,5.25%,,2028-07-06,10994,10845,10845,,
FCG Acquisitions Inc,Preferred Equity,Capital Equipment,,,,,,,,,,4,,,
Jonathan Acquisition Company,Second Lien Senior Secured Loan,Capital Equipment,,,,,SOFR,9.10%,,2027-12-22,8000,7892,7892,,
TCFIII Owl Finance LLC,Subordinated Debt,Capital Equipment,,,,12.00% PIK,,2027-01-30,6167,6134,6134,,,,
AP Plastics Group LLC,First Lien Senior Secured Loan,Chemicals Plastics & Rubber,,,,,SOFR,4.85%,,2028-08-10,7138,6990,6990,,
Aurora Plastics,First Lien Senior Secured Loan,Chemicals Plastics & Rubber,,,,,SOFR,4.85%,,2028-08-10,2193,2171,2171,,
Duraco,First Lien Senior Secured Loan - Revolver,Chemicals Plastics & Rubber,,,,,SOFR,6.50%,,2029-06-06,398,371,371,,
Duraco,First Lien Senior Secured Loan,Chemicals Plastics & Rubber,,,,,SOFR,6.50%,,2029-06-06,11733,11566,11566,,
V Global Holdings LLC,First Lien Senior Secured Loan,Chemicals Plastics & Rubber,,,,,EURIBOR,5.75%,,2027-12-22,98,102,102,,
V Global Holdings LLC,First Lien Senior Secured Loan,Chemicals Plastics & Rubber,,,,,SOFR,5.90%,,2027-12-22,5744,5682,5682,,
V Global Holdings LLC,First Lien Senior Secured Loan - Revolver,Chemicals Plastics & Rubber,,,,,SOFR,5.85%,,2025-12-22,5661,5615,5615,,
Chase Industries Inc,First Lien Senior Secured Loan,Construction & Building,5.65%,1.50%,SOFR,5.65%,,2025-05-12,27374,26762,26762,,,,
Chase Industries Inc,First Lien Senior Secured Loan - Delayed Draw,Construction & Building,5.65%,1.50%,SOFR,5.65%,,2025-05-12,2683,2622,2622,,,,
Chase Industries Inc,First Lien Senior Secured Loan - Revolver,Construction & Building,5.65%,1.50%,SOFR,5.65%,,2025-05-12,909,849,849,,,,
Chase Industries Inc,First Lien Senior Secured Loan,Construction & Building,,,,SOFR,5.65%,,2027-11-11,27399,26791,26791,,,
Chase Industries Inc,First Lien Senior Secured Loan - Delayed Draw,Construction & Building,,,,SOFR,5.65%,,2027-11-11,2686,2626,2626,,,
Chase Industries Inc,First Lien Senior Secured Loan - Revolver,Construction & Building,,,,SOFR,5.65%,,2027-11-11,1084,1024,1024,,,
Service Master,First Lien Senior Secured Loan,Construction & Building,,,,SOFR,5.86%,1.00%,2027-08-16,1573,1563,1563,,,
Service Master,Preferred Equity,Construction & Building,,,,,,,72,722,,112,,,
Service Master,First Lien Senior Secured Loan,Construction & Building,,,,SOFR,6.01%,1.00%,2027-08-16,921,914,914,,,
Service Master,First Lien Senior Secured Loan - Revolver,Construction & Building,,,,SOFR,6.01%,1.00%,2027-08-16,17303,17237,17237,,,
Elk,Equity Interest,Construction & Building,,,,,,,1,7,810,,,,
Elk,Preferred Equity,Construction & Building,,,,,,,72,722,1107,,,,
Zeus Fire & Security,First Lien Senior Secured Loan - Delayed Draw,Construction & Building,,,,SOFR,5.00%,,2030-12-11,176,176,176,,,
Zeus Fire & Security,First Lien Senior Secured Loan - Revolver,,,,,,,12/11/2030,,,,,20,,
Zeus Fire & Security,First Lien Senior Secured Loan,Construction & Building,,,,SOFR,5.00%,,2030-12-11,13420,13325,13325,,,
New Milani Group LLC,First Lien Senior Secured Loan,Consumer Goods: Durable,,,,SOFR,5.50%,,2026-06-06,11179,11006,11006,,,
Stanton Carpet,Second Lien Senior Secured Loan,Consumer Goods: Durable,,,,SOFR,9.15%,,2028-03-31,11434,11297,11297,,,
Tangent Technologies Acquisition LLC,Second Lien Senior Secured Loan,Consumer Goods: Durable,,,,SOFR,9.00%,,2028-05-30,8915,8812,8812,,,
TLC Holdco LP,Equity Interest,Consumer Goods: Durable,,,,,,,1281,1221,1540,,,,
TLC Purchaser Inc,First Lien Senior Secured Loan,Consumer Goods: Durable,,,,SOFR,5.76%,,2027-10-11,13131,12877,12877,,,
TLC Purchaser Inc,First Lien Senior Secured Loan - Revolver,,,,,,,10/11/2027,,,,,27,,
Evriholder,First Lien Senior Secured Loan,Consumer Goods: Non-Durable,,,,SOFR,6.90%,,2028-01-24,6016,5973,5973,,,
Fineline Technologies Inc,Equity Interest,Consumer Goods: Non-Durable,,,,,,,939,939,1288,,,,
Odyssey Behavioral Health,First Lien Senior Secured Loan - Revolver,Healthcare & Pharmaceuticals,,,,,,,2030-11-21,,,,,,
Odyssey Behavioral Health,First Lien Senior Secured Loan,Healthcare & Pharmaceuticals,,,,,SOFR,5.25%,,2030-11-21,37128,36668,36668,,
Odyssey Behavioral Health,Equity Interest,Healthcare & Pharmaceuticals,,,,,,,,,,2234,2234,,
Pharmacy Partners,First Lien Senior Secured Loan,Healthcare & Pharmaceuticals,,,,,SOFR,6.50%,,2029-02-28,6016,5973,5973,,
Pharmacy Partners,First Lien Senior Secured Loan - Revolver,Healthcare & Pharmaceuticals,,,,,,,2029-02-28,,,,,,
Premier Imaging LLC,First Lien Senior Secured Loan,Healthcare & Pharmaceuticals,,,,,SOFR,6.26%,,2026-03-31,7926,7925,7925,,
Premier Imaging LLC,First Lien Senior Secured Loan - Delayed Draw,Healthcare & Pharmaceuticals,,,,,SOFR,6.26%,,2026-03-31,2137,2137,2137,,
Red Nucleus,First Lien Senior Secured Loan - Delayed Draw,Healthcare & Pharmaceuticals,,,,,,,2031-10-17,,,,,,
Red Nucleus,First Lien Senior Secured Loan - Revolver,Healthcare & Pharmaceuticals,,,,,SOFR,5.25%,,2031-10-17,418,385,385,,
Red Nucleus,First Lien Senior Secured Loan,Healthcare & Pharmaceuticals,,,,,SOFR,5.25%,,2031-10-17,4414,4359,4359,,
SunMed Group Holdings LLC,First Lien Senior Secured Loan,Healthcare & Pharmaceuticals,,,,,SOFR,5.60%,,2028-06-16,8518,8430,8430,,
Sunmed Group Holdings LLC,First Lien Senior Secured Loan - Revolver,Healthcare & Pharmaceuticals,,,,,,,2027-06-16,,,,,,
Access,First Lien Senior Secured Loan,High Tech Industries,,,,,SONIA,5.25%,,2029-06-28,80,99,99,,
Applitools,First Lien Senior Secured Loan - Revolver,High Tech Industries,,,,,,,2028-05-25,,,,,,
Applitools,First Lien Senior Secured Loan,High Tech Industries,,,,,SOFR,6.25% PIK,10.58%,2029-05-25,19490,19382,19382,,
Appriss Holdings Inc,First Lien Senior Secured Loan,High Tech Industries,,,,,SOFR,7.25%,,2027-05-06,11038,10933,10933,,
Appriss Holdings Inc,First Lien Senior Secured Loan - Revolver,High Tech Industries,,,,,,,2027-05-06,,,,,,
Black Mountain,First Lien Senior Secured Loan - Delayed Draw,High Tech Industries,,,,,,,2030-10-07,,,,,,
Black Mountain,First Lien Senior Secured Loan - Revolver,High Tech Industries,,,,,,,2030-10-07,,,,,,
Black Mountain,First Lien Senior Secured Loan,High Tech Industries,,,,,SOFR,5.00%,,2030-10-07,13420,13322,13322,,
Superna Inc,First Lien Senior Secured Loan,High Tech Industries,,,,SOFR,6.50%,,2028-03-06,2700,2670,2670,,,
Utimaco,Equity Interest,High Tech Industries,,,,,,,,2,2223,2190,,,
Utimaco,Preferred Equity,High Tech Industries,,,,,,,,2,2223,2190,,,
Utimaco,First Lien Senior Secured Loan,High Tech Industries,,,,EURIBOR,6.25%,,2029-05-14,92,98,98,,,
Ventiv Holdco Inc,Equity Interest,High Tech Industries,,,,,,,,529,2833,909,,,
Awayday,First Lien Senior Secured Loan - Delayed Draw,Hotel Gaming & Leisure,,,,SOFR,5.25%,,2031-09-06,3688,3688,3688,,,
Awayday,First Lien Senior Secured Loan - Revolver,Hotel Gaming & Leisure,,,,SOFR,5.25%,,2030-09-06,698,683,683,,,
Awayday,First Lien Senior Secured Loan,Hotel Gaming & Leisure,,,,SOFR,5.25%,,2031-09-06,19242,19069,19069,,,
City BBQ,First Lien Senior Secured Loan - Revolver,Hotel Gaming & Leisure,,,,,,,,2030-09-04,,,,-38,
City BBQ,First Lien Senior Secured Loan,Hotel Gaming & Leisure,,,,SOFR,5.35%,,2030-09-04,15341,15224,15224,,,
City BBQ,Preferred Equity,Hotel Gaming & Leisure,,,,,,,,5,1271,1345,,,
City BBQ,First Lien Senior Secured Loan - Delayed Draw,Hotel Gaming & Leisure,,,,,,,,2030-09-04,,,,,
Concert Golf Partners Holdco LLC,First Lien Senior Secured Loan - Delayed Draw,Hotel Gaming & Leisure,,,,,,,,2031-04-01,,,,-49,
Concert Golf Partners Holdco LLC,First Lien Senior Secured Loan,Hotel Gaming & Leisure,,,,SOFR,4.75%,,2031-03-31,6675,6587,6587,,,
Concert Golf Partners Holdco LLC,First Lien Senior Secured Loan - Revolver,Hotel Gaming & Leisure,,,,,,,,2030-04-01,,,,-25,
Le Berger SA,First Lien Senior Secured Loan - Delayed Draw,Hotel Gaming & Leisure,,,,EURIBOR,3.75%,,2028-02-21,500,522,522,,,
Pollo Tropical,First Lien Senior Secured Loan - Revolver,Hotel Gaming & Leisure,,,,,,,,2029-10-23,,,,-11,-12
Pollo Tropical,First Lien Senior Secured Loan,Hotel Gaming & Leisure,,,,SOFR,5.25%,,2029-10-23,6190,6117,6117,,,
Pyramid Global Hospitality,First Lien Senior Secured Loan,Hotel Gaming & Leisure,,,,SOFR,5.25%,,2028-01-19,5286,5268,5268,,,
Pyramid Global Hospitality,First Lien Senior Secured Loan - Revolver,Hotel Gaming & Leisure,,,,,,,,2028-01-19,,,,-47,
Galeria,First Lien Senior Secured Loan - Delayed Draw,Retail,,15.00%,,n/a,n/a,2029-04-09,8943,9577,,,,,
Galeria,Equity Interest,Retail,,,,,,,,,,,,,
New Look Vision Group,First Lien Senior Secured Loan - Delayed Draw,Retail,,,,,CORRA,5.82%,2028-05-26,28,27,,,,
New Look Vision Group,First Lien Senior Secured Loan - Revolver,Retail,,,,,CORRA,5.82%,2026-05-26,806,548,,,,
New Look Vision Group,First Lien Senior Secured Loan - Delayed Draw,Retail,10.48%,2.00%,SOFR,4.15%,2028-05-26,387,387,,,,,,
Thrasio LLC,First Lien Senior Secured Loan,Retail,14.89%,10.26%,SOFR,,2029-06-18,4561,4575,,,,,,
Thrasio LLC,Equity Interest,Retail,,,,,,,,,,,,,
Thrasio LLC,First Lien Senior Secured Loan,Retail,14.89%,10.26%,SOFR,,2029-06-18,1487,1487,,,,,,
ACAMS,Equity Interest,Services: Business,,,,,,,,,,,,3337,3337
Advanced Aircrew,First Lien Senior Secured Loan - Revolver,Services: Business,,,,,,,,2030-07-26,,,,,
Advanced Aircrew,First Lien Senior Secured Loan,Services: Business,10.86%,,SOFR,6.50%,2030-07-26,5094,5045,,,,,,
Advanced Aircrew,Preferred Equity,Services: Business,,,,,,,,,,,,592,592
Allbridge,First Lien Senior Secured Loan - Revolver,Services: Business,,,,,,,,2030-06-05,,,,,
Allbridge,First Lien Senior Secured Loan,Services: Business,10.08%,,SOFR,5.75%,2030-06-05,14140,14042,,,,,,
Allbridge,First Lien Senior Secured Loan - Delayed Draw,Services: Business,,,,,,,,2030-06-05,,,,,
AMI,First Lien Senior Secured Loan - Revolver,Services: Business,9.69%,,SOFR,5.25%,2031-10-17,1109,1075,,,,,,
AMI,First Lien Senior Secured Loan,Services: Business,9.69%,,SOFR,5.25%,2031-10-17,9274,9205,,,,,,
Avalon Acquiror Inc,First Lien Senior Secured Loan,Services: Business,10.58%,,SOFR,6.25%,2028-03-10,14280,14191,,,,,,
Avalon Acquiror Inc,First Lien Senior Secured Loan - Revolver,Services: Business,10.77%,,SOFR,6.25%,2028-03-10,5882,5781,,,,,,
Beneficium,First Lien Senior Secured Loan - Delayed Draw,Services: Business,,,,,,,,2031-06-28,,,,,
Beneficium,First Lien Senior Secured Loan,Services: Business,10.20%,,SONIA,5.50%,2031-06-28,7497,9388,,,,,,
Brook Bidco,Preferred Equity,Services: Business,,,,,,,,,,,,5675,7783
PayRange,Equity Interest,High Tech Industries,,,,,,,,,,,4527,4527,
PayRange,First Lien Senior Secured Loan - Revolver,High Tech Industries,,,,,,,2030-10-31,,,,,,
PayRange,First Lien Senior Secured Loan,High Tech Industries,,SOFR,5.25%,9.61%,2030-10-31,7150,7080,7080,,,,,
RetailNext,First Lien Senior Secured Loan - Revolver,High Tech Industries,,,,,,,2030-12-05,,,,,,
RetailNext,First Lien Senior Secured Loan,High Tech Industries,,SOFR,7.00%,11.47%,2030-12-05,17007,16841,16841,,,,,
Revalize Inc,Preferred Equity,High Tech Industries,,,,,,,,,,,1,1401,
Revalize Inc,First Lien Senior Secured Loan - Delayed Draw,High Tech Industries,,SOFR,5.90%,10.49%,2027-04-15,5250,5223,5223,,,,,
Revalize Inc,First Lien Senior Secured Loan - Delayed Draw,High Tech Industries,,SOFR,5.90%,10.49%,2027-04-15,1969,1959,1959,,,,,
Revalize Inc,First Lien Senior Secured Loan - Revolver,High Tech Industries,,SOFR,5.85%,10.21%,2027-04-15,972,966,966,,,,,
SAM,First Lien Senior Secured Loan,High Tech Industries,13.50%,,n/a,13.50%,2028-05-09,38517,38335,38335,,,,,
SensorTower,Equity Interest,High Tech Industries,,,,,,,,,,,156,2400,5772
SensorTower,First Lien Senior Secured Loan,High Tech Industries,,SOFR,7.50%,11.85%,2029-03-15,24007,23690,23690,,,,,
SensorTower,First Lien Senior Secured Loan - Revolver,High Tech Industries,,,,,,,2029-03-15,,,,,,
Superna Inc,First Lien Senior Secured Loan - Delayed Draw,High Tech Industries,,,,,,,2028-03-06,,,,,,
Superna Inc,First Lien Senior Secured Loan - Revolver,High Tech Industries,,,,,,,2028-03-06,,,,,,
Superna Inc,Equity Interest,High Tech Industries,,,,,,,,,,,1463,1463,1747
Superna Inc,First Lien Senior Secured Loan,High Tech Industries,,SOFR,6.50%,10.93%,2028-03-06,2706,2674,2674,,,,,
Utimaco,First Lien Senior Secured Loan,High Tech Industries,,EURIBOR,6.25%,9.15%,2029-05-14,92,98,98,,,,,
Utimaco,First Lien Senior Secured Loan,High Tech Industries,,SOFR,6.51%,11.08%,2029-05-14,128,127,127,,,,,
Utimaco,First Lien Senior Secured Loan,High Tech Industries,,SOFR,6.51%,11.08%,2029-05-14,262,260,260,,,,,
Aimbridge Acquisition Co Inc,Second Lien Senior Secured Loan,Hotel Gaming & Leisure,,SOFR,7.76%,12.33%,2027-02-01,14193,13868,13868,,,,,
American Trailer Rental Group,Subordinated Debt,Automotive,,8.75%,,5.50%,,2027-12-01,5434,5393,,,16765,16578,20935
Cardo,First Lien Senior Secured Loan,Automotive,,SOFR,5.25%,9.67%,2028-05-12,98,97,,,,,,
Gills Point S,First Lien Senior Secured Loan - Revolver,Automotive,,SOFR,5.50%,9.98%,2029-05-17,1966,1902,,,,,,
Gills Point S,First Lien Senior Secured Loan,Automotive,,SOFR,5.50%,9.95%,2029-05-17,3698,3671,,,,,,
Gills Point S,First Lien Senior Secured Loan - Delayed Draw,Automotive,,SOFR,5.50%,10.03%,2029-05-17,7384,7376,,,,,,
Gills Point S,First Lien Senior Secured Loan,Automotive,,SOFR,5.50%,9.87%,2029-05-17,12505,12505,,,,,,
Gills Point S,First Lien Senior Secured Loan - Delayed Draw,Automotive,,SOFR,5.50%,9.86%,2029-05-17,1251,1235,,,,,,
Gills Point S,Equity Interest,Automotive,,,,,,,2,215,240,,,,
Intoxalock,First Lien Senior Secured Loan,Automotive,,SOFR,5.10%,9.46%,2028-11-01,12005,11918,,,,,,
Intoxalock,First Lien Senior Secured Loan - Revolver,Automotive,,P,,,,11.75%,2028-11-01,,,0,,,
JHCC Holdings LLC,First Lien Senior Secured Loan,Automotive,,SOFR,5.25%,9.58%,2027-09-09,11922,11851,,,,,,
JHCC Holdings LLC,First Lien Senior Secured Loan - Revolver,Automotive,,P,4.25%,11.75%,2027-09-09,1417,1386,,,,,,
Electronic Merchant Systems,First Lien Senior Secured Loan - Revolver,Banking Finance Insurance & Real Estate,,,,,,,0,,,0,,,
Electronic Merchant Systems,First Lien Senior Secured Loan,Banking Finance Insurance & Real Estate,,SOFR,5.00%,9.33%,2030-08-01,14633,14388,,,,,,
Electronic Merchant Systems,Equity Interest,Banking Finance Insurance & Real Estate,,,,,,,148,1596,1603,,,,
Morrow Sodali,First Lien Senior Secured Loan - Delayed Draw,Banking Finance Insurance & Real Estate,,SOFR,5.73%,10.09%,2028-04-25,2599,2587,,,,,,
Morrow Sodali,First Lien Senior Secured Loan - Revolver,Banking Finance Insurance & Real Estate,,SOFR,5.10%,9.46%,2028-04-25,1292,1274,,,,,,
Sikich,Preferred Equity,Banking Finance Insurance & Real Estate,13.00%,13.00%,,,,32,3200,,,,,,
Sikich,Warrants,Banking Finance Insurance & Real Estate,,,,,,,0,0,140,,,,
Sikich,Warrants,Banking Finance Insurance & Real Estate,,,,,,,5,0,488,,,,
New Milani Group LLC,First Lien Senior Secured Loan,Consumer Goods Durable,9.93%,,SOFR,5.50%,,2026-06-06,11209,10999,10999,,,,
Stanton Carpet,Second Lien Senior Secured Loan,Consumer Goods Durable,13.74%,,SOFR,9.15%,,2028-03-31,11434,11284,11284,,,,
Tangent Technologies Acquisition LLC,Second Lien Senior Secured Loan,Consumer Goods Durable,13.39%,,SOFR,8.90%,,2028-05-30,8915,8802,8802,,,,
TLC Purchaser Inc,First Lien Senior Secured Loan,Consumer Goods Durable,10.11%,,SOFR,5.76%,,2027-10-11,13162,12881,12881,,,,
TLC Purchaser Inc,First Lien Senior Secured Loan Revolver,Consumer Goods Durable,,,,,,,2027-10-11,,,0,0,40,
Evriholder,First Lien Senior Secured Loan,Consumer Goods Non-Durable,11.23%,,SOFR,6.90%,,2028-01-24,6055,6006,6006,,,,
Hempz,First Lien Senior Secured Loan Revolver,Consumer Goods Non-Durable,,,,,,,2029-10-25,,,0,0,15,
Hempz,First Lien Senior Secured Loan,Consumer Goods Non-Durable,9.58%,,SOFR,5.25%,,2029-10-25,6816,6757,6757,,,,
RoC Skincare,First Lien Senior Secured Loan,Consumer Goods Non-Durable,10.52%,,SOFR,6.00%,,2031-02-21,9925,9791,9791,,,,
RoC Skincare,First Lien Senior Secured Loan Revolver,Consumer Goods Non-Durable,,,,,,,2030-02-21,,,0,0,25,
Solaray LLC,First Lien Senior Secured Loan Delayed Draw,Consumer Goods Non-Durable,11.21%,,SOFR,6.85%,,2025-12-15,13135,13124,13124,,,,
Solaray LLC,First Lien Senior Secured Loan,Consumer Goods Non-Durable,11.21%,,SOFR,6.85%,,2025-12-15,28521,28521,28521,,,,
Solaray LLC,First Lien Senior Secured Loan Revolver,Consumer Goods Non-Durable,9.96%,,SOFR,5.60%,,2025-12-15,9219,9209,9209,,,,
WU Holdco Inc,First Lien Senior Secured Loan Delayed Draw,Consumer Goods Non-Durable,9.33%,,SOFR,5.00%,,2027-03-26,1661,1646,1646,,,,
WU Holdco Inc,First Lien Senior Secured Loan,Consumer Goods Non-Durable,9.33%,,SOFR,5.00%,,2027-03-26,36897,36719,36719,,,,
WU Holdco Inc,First Lien Senior Secured Loan Revolver,Consumer Goods Non-Durable,9.33%,,SOFR,5.00%,,2027-03-26,1932,1930,1930,,,,
WSP,First Lien Senior Secured Loan,Consumer Goods Wholesale,9.74%,4.00%,SOFR,1.15%,,2028-04-27,3162,3156,3156,,,,
WSP,First Lien Senior Secured Loan,Consumer Goods Wholesale,,8.00%,,8.00%,,2028-04-27,2044,1995,1995,,,,
WSP,Equity Interest,Consumer Goods Wholesale,,,,,,,12,2,,,,,
WSP,Preferred Equity,Consumer Goods Wholesale,,,,,,,216,216,0,,,,
Applitools,First Lien Senior Secured Loan,High Tech Industries,,6.25%,SOFR,5.00%,,2029-05-25,12354,12282,12354,10.58,,,
Black Mountain,First Lien Senior Secured Loan,High Tech Industries,,5.00%,SOFR,5.00%,,2030-10-07,20000,19852,20000,9.33,,,
E-Tech Group,First Lien Senior Secured Loan - Revolver,High Tech Industries,,5.50%,SOFR,5.50%,,2030-04-09,7959,7886,7959,9.86,,,
Gainwell Acquisition,First Lien Senior Secured Loan,High Tech Industries,,4.20%,SOFR,4.20%,,2027-10-01,2745,2652,2745,8.70,,,
Element Buyer Inc,First Lien Senior Secured Loan,High Tech Industries,,5.85%,SOFR,5.85%,,2026-07-19,24871,24871,24871,10.21,,,
Element Buyer Inc,First Lien Senior Secured Loan - Delayed Draw,High Tech Industries,,5.85%,SOFR,5.85%,,2026-07-19,10738,10738,10738,10.21,,,
Logrhythm,First Lien Senior Secured Loan,High Tech Industries,,7.50%,SOFR,7.50%,,2029-07-02,7955,7734,7955,11.86,,,
NearMap,First Lien Senior Secured Loan,High Tech Industries,,5.00%,SOFR,5.00%,,2029-12-09,16206,16119,16206,9.63,,,
PayRange,First Lien Senior Secured Loan,High Tech Industries,,5.25%,SOFR,5.25%,,2030-10-31,11375,11262,11375,9.61,,,
Proofpoint,First Lien Senior Secured Loan,High Tech Industries,,3.00%,SOFR,3.00%,,2028-08-31,1980,1984,1980,7.36,,,
SensorTower,First Lien Senior Secured Loan,High Tech Industries,,7.50%,SOFR,7.50%,,2029-03-15,21482,21229,21482,11.85,,,
Superna Inc,First Lien Senior Secured Loan,High Tech Industries,,6.50%,SOFR,6.50%,,2028-03-06,33114,32847,33114,10.93,,,
Aimbridge Acquisition Co Inc,Second Lien Senior Secured Loan,Hotel Gaming & Leisure,,7.76%,SOFR,7.76%,,2027-02-01,6000,5696,6000,12.33,,,
Awayday,First Lien Senior Secured Loan,Hotel Gaming & Leisure,,5.25%,SOFR,5.25%,,2031-09-06,24938,24691,24938,9.58,,,
City BBQ,First Lien Senior Secured Loan,Hotel Gaming & Leisure,,5.45%,SOFR,5.45%,,2030-09-04,22693,22496,22693,9.87,,,
Concert Golf Partners Holdco,First Lien Senior Secured Loan,Hotel Gaming & Leisure,,4.75%,SOFR,4.75%,,2030-04-01,20280,20022,20280,9.13,,,
Concert Golf Partners Holdco LLC,First Lien Senior Secured Loan - Delayed Draw,Hotel Gaming & Leisure,,4.75%,SOFR,4.75%,,2030-04-01,4127,4127,4127,9.13,,,
Pollo Tropical,First Lien Senior Secured Loan,Hotel Gaming & Leisure,,5.25%,SOFR,5.25%,,2029-10-23,4250,4197,4250,9.88,,,
Pyramid Global Hospitality,First Lien Senior Secured Loan,Hotel Gaming & Leisure,,5.25%,SOFR,5.25%,,2028-01-19,15720,15420,15720,9.88,,,
Internet Brands,First Lien Senior Secured Loan,Media Diversified & Production,,4.25%,SOFR,4.25%,,2028-05-03,2970,2960,2970,8.82,,,
ADT Pizza LLC,Equity Interest,Beverage Food & Tobacco,,,,,,,,,,6720,3373,3252,
Ansett Aviation Training,First Lien Senior Secured Loan,Aerospace,,,,,,,,,,,,,
Ansett Aviation Training,Equity Interest,Aerospace & Defense,,,,,,,,,,5119,3842,8994,
BCC Middle Market CLO 2018-1 LLC,Equity Interest,Financial Services,,,,,,,,,,,22415,1433,
Blackbrush Oil & Gas LP,Equity Interest,Energy,,,,,,,,,,,,,
Blackbrush Oil & Gas LP,Preferred Equity,Energy,,,,,,,,,,,3469,2392,2363
DC Blox,Equity Interest,Technology,,,,,,,,,,,,,
DC Blox,First Lien Senior Secured Loan,Technology,,,,,,,,,,,1316,92,
DC Blox,Preferred Equity,Technology,,,,,,,,,,,37900,623,
Direct Travel Inc,First Lien Senior Secured Loan,Travel,,,,,,,,,,,4841,,
Direct Travel Inc,First Lien Senior Secured Loan - Delayed Draw,Travel,,,,,,,,,,,3500,,
Direct Travel Inc,Equity Interest,Travel,,,,,,,,,,,6999,10281,7000
Walker Edison,Equity Interest,Consumer Goods: Durable,,,,,,,,,,60,5592,,
Walker Edison,First Lien Senior Secured Loan,Consumer Services,,,,,,,,,,,5972,461,5393
Walker Edison,First Lien Senior Secured Loan - Revolver,Consumer Services,,,,,,,,,,,,,
Walker Edison,First Lien Senior Secured Loan - Delayed Draw,Consumer Services,,,,,,,,,,,821,52,736
Allworth Financial Group L.P.,First Lien Senior Secured Loan - Delayed Draw,FIRE: Finance,,SOFR,4.75,2027-12-23,2095,2095,,,,,,,
Allworth Financial Group L.P.,First Lien Senior Secured Loan,FIRE: Finance,,SOFR,4.75,2027-12-23,8258,8258,,,,,,,
Choreo,First Lien Senior Secured Loan,FIRE: Finance,,SOFR,5.00,2028-02-18,2475,2475,,,,,,,
Citadel,First Lien Senior Secured Loan,FIRE: Finance,,SOFR,2.00,2031-10-31,1990,1996,,,,,,,
Congress Wealth,First Lien Senior Secured Loan,FIRE: Finance,,SOFR,5.60,2029-06-30,4660,4660,,,,,,,
Hudson River Trading,First Lien Senior Secured Loan,FIRE: Finance,,SOFR,3.00,2030-03-18,4947,4937,,,,,,,
Insigneo Financial Group LLC,First Lien Senior Secured Loan,FIRE: Finance,,SOFR,6.60,2028-08-01,7400,7400,,,,,,,
Insigneo Financial Group LLC,First Lien Senior Secured Loan,FIRE: Finance,,SOFR,6.60,2028-08-01,3825,3825,,,,,,,
PMA,First Lien Senior Secured Loan,FIRE: Finance,,SOFR,5.25,2031-01-31,17500,17249,,,,,,,
Wealth Enhancement Group,First Lien Senior Secured Loan - Delayed Draw,FIRE: Finance,,SOFR,5.00,2028-10-02,3270,3254,,,,,,,
Acrisure LLC,First Lien Senior Secured Loan,FIRE: Insurance,,SOFR,3.00,2030-11-06,1971,1972,,,,,,,
Asurion LLC,First Lien Senior Secured Loan,FIRE: Insurance,,SOFR,4.10,2028-08-19,3954,3925,,,,,,,
McLarens Acquisition Inc.,First Lien Senior Secured Loan - Delayed Draw,FIRE: Insurance,,SOFR,5.90,2025-12-19,8895,8895,,,,,,,
McLarens Acquisition Inc.,First Lien Senior Secured Loan,FIRE: Insurance,,SOFR,5.90,2025-12-19,15499,15499,,,,,,,
Multi-Color Corp,First Lien Senior Secured Loan,Forest Products & Paper,,SOFR,5.10,2028-10-29,3954,3875,,,,,,,
AEG Vision,First Lien Senior Secured Loan,Healthcare & Pharmaceuticals,,SOFR,5.90,2027-03-27,1161,1161,,,,,,,
Apollo Intelligence,First Lien Senior Secured Loan,Healthcare & Pharmaceuticals,,SOFR,5.75,2028-05-31,10530,10473,,,,,,,
Beacon Specialized Living,First Lien Senior Secured Loan,Healthcare & Pharmaceuticals,,SOFR,5.50,2028-03-25,12559,12479,,,,,,,
EHE Health,First Lien Senior Secured Loan,Healthcare & Pharmaceuticals,,SOFR,5.50,2030-08-07,24626,24395,,,,,,,
HealthDrive,First Lien Senior Secured Loan,Healthcare & Pharmaceuticals,,SOFR,6.10,2029-08-20,18469,18469,,,,,,,
DTIQ,Equity Interest,Services,8.5%,,n/a,n/a,,,,,,,3995,,
Easy Ice,First Lien Senior Secured Loan - Delayed Draw,Services,,,,,,2030-10-30,,,,,,,
Easy Ice,First Lien Senior Secured Loan - Revolver,Services,,,,,,2030-10-30,,,,,,,
Easy Ice,First Lien Senior Secured Loan,Services,9.99%,,SOFR,5.40,2030-10-30,37563,37008,,,,,,
Elevator Holdco Inc.,Equity Interest,Services,,,,,,,,2448,3374,,,,
E-Tech Group,First Lien Senior Secured Loan - Revolver,Services,,,,,,2030-04-09,,,,,,,
iBanFirst,First Lien Senior Secured Loan - Delayed Draw,Services,12.59%,9.75%,EURIBOR,,2028-07-13,3541,3633,,,,,,
iBanFirst,First Lien Senior Secured Loan,Services,13.00%,10.00%,EURIBOR,,2028-07-13,3668,3818,,,,,,
iBanFirst,First Lien Senior Secured Loan,Services,13.00%,10.00%,EURIBOR,,2028-07-13,,99,104,,,,,
iBanFirst,First Lien Senior Secured Loan,Services,13.00%,10.00%,EURIBOR,,2028-07-13,,3858,3969,,,,,
iBanFirst Facility,Preferred Equity,Services,,,,,,,,7112,8136,23031,,,
ImageTrend,First Lien Senior Secured Loan,Services,12.11%,7.75%,SOFR,,2029-01-31,2500,2475,,,,,,
ImageTrend,First Lien Senior Secured Loan,Services,12.34%,7.75%,SOFR,,2029-01-31,17000,16797,,,,,,
ImageTrend,First Lien Senior Secured Loan - Revolver,Services,,,,,,2029-01-31,,,,,,,
Learning Pool,First Lien Senior Secured Loan,Services,4.18%,3.50%,SOFR,,2028-07-10,345,459,,,,,,
Learning Pool,First Lien Senior Secured Loan,Services,4.18%,3.50%,SOFR,,2028-07-10,123,164,,,,,,
masLabor,Equity Interest,Services,,,,,,,,173,173,433,,,
masLabor,First Lien Senior Secured Loan,Services,11.81%,7.50%,SOFR,,2027-07-01,8319,8186,,,,,,
Opus2,Equity Interest,Services,,,,,,,,2272,2900,3223,,,
Opus2,First Lien Senior Secured Loan,Services,10.48%,5.53%,SONIA,,2028-05-05,123,168,,,,,,
Orion,First Lien Senior Secured Loan - Delayed Draw,Services,,,,,,2027-03-19,,,,,,,
Orion,First Lien Senior Secured Loan - Delayed Draw,Services,9.69%,5.00%,SOFR,,2027-03-19,204,200,,,,,,
Orion,First Lien Senior Secured Loan - Revolver,Services,,,,,,2027-03-19,,,,,,,
Orion,First Lien Senior Secured Loan,Services,9.77%,5.25%,SOFR,,2027-03-19,4274,4227,,,,,,
Pure Wafer,First Lien Senior Secured Loan - Delayed Draw,Services,,,,,,2030-11-12,,,,,,,
Margaux Acquisition Inc.,First Lien Senior Secured Loan,FIRE: Insurance,9.96%,,SOFR,5.65%,,2025-12-19,11919,11874,,,,,
Margaux Acquisition Inc.,First Lien Senior Secured Loan - Revolver,FIRE: Insurance,10.15%,,SOFR,5.60%,,2025-12-19,2872,2870,,,,,
Margaux UK Finance Limited,First Lien Senior Secured Loan - Revolver,Insurance,10.21%,,SONIA,5.75%,,2025-12-19,499,658,658,,,,
McLarens Acquisition Inc.,First Lien Senior Secured Loan - Delayed Draw,FIRE: Insurance,10.00%,,SOFR,5.65%,,2025-12-16,750,747,,,,,
MRHT,First Lien Senior Secured Loan - Delayed Draw,FIRE: Insurance,9.13%,,EURIBOR,6.25%,,2029-02-01,5765,6121,,,,,
MRHT,First Lien Senior Secured Loan,Insurance,9.28%,,EURIBOR,6.75%,,2029-02-01,956,1020,1020,,,,
PCF,First Lien Senior Secured Loan - Delayed Draw,FIRE: Insurance,9.83%,,SOFR,5.50%,,2028-11-01,9232,9194,,,,,
Simplicity,First Lien Senior Secured Loan - Delayed Draw,FIRE: Insurance,,,,,,2031-12-31,,,,,,,
Simplicity,First Lien Senior Secured Loan - Revolver,FIRE: Insurance,,,,,,2031-12-31,,,,,,,
Simplicity,First Lien Senior Secured Loan,FIRE: Insurance,9.28%,,SOFR,5.00%,,2031-12-31,35437,35082,,,,,
AEG Vision,First Lien Senior Secured Loan - Delayed Draw,Healthcare & Pharmaceuticals,10.23%,,SOFR,5.90%,,2027-03-27,4200,3609,,,,,
AEG Vision,First Lien Senior Secured Loan - Delayed Draw,Healthcare & Pharmaceuticals,10.23%,,SOFR,5.90%,,2026-03-27,16350,16184,,,,,
AEG Vision,First Lien Senior Secured Loan - Delayed Draw,Healthcare & Pharmaceuticals,10.23%,,SOFR,5.90%,,2026-03-27,10545,10367,,,,,
AEG Vision,First Lien Senior Secured Loan,Healthcare & Pharmaceuticals,10.23%,,SOFR,5.90%,,2026-03-27,2059,2037,,,,,
Apollo Intelligence,Equity Interest,Healthcare & Pharmaceuticals,,,,,,,34,3378,3191,,,,
Apollo Intelligence,First Lien Senior Secured Loan,Healthcare & Pharmaceuticals,10.27%,,SOFR,5.75%,,2028-05-31,15078,15198,,,,,
Apollo Intelligence,First Lien Senior Secured Loan - Revolver,Healthcare & Pharmaceuticals,10.07%,,SOFR,5.75%,,2028-05-31,5208,5167,,,,,
Apollo Intelligence,First Lien Senior Secured Loan - Delayed Draw,Healthcare & Pharmaceuticals,,,,,,2028-05-31,,,,,,,
Beacon Specialized Living,First Lien Senior Secured Loan - Delayed Draw,Healthcare & Pharmaceuticals,,,,,,2028-03-25,,,,,,,
Beacon Specialized Living,First Lien Senior Secured Loan,Healthcare & Pharmaceuticals,9.83%,,SOFR,5.50%,,2028-03-25,8610,8530,,,,,
Beacon Specialized Living,First Lien Senior Secured Loan - Revolver,Healthcare & Pharmaceuticals,,,,,,2028-03-25,,,,,,,
CB Titan Holdings Inc.,Preferred Equity,Healthcare & Pharmaceuticals,,,,,,,1953,1953,,,,,
EHE Health,First Lien Senior Secured Loan - Revolver,Healthcare & Pharmaceuticals,,,,,,2030-08-07,,,,,,,
EHE Health,First Lien Senior Secured Loan,Healthcare & Pharmaceuticals,9.83%,,SOFR,5.50%,,2030-08-07,10869,10764,,,,,
Allworth Financial Group L.P.,First Lien Senior Secured Loan - Delayed Draw,Finance,9.36%,,SOFR,5.00%,,2027-12-23,2090,2090,2090,,,,
Allworth Financial Group L.P.,First Lien Senior Secured Loan,Finance,9.36%,,SOFR,5.00%,,2027-12-23,8258,8258,8258,,,,
Choreo,First Lien Senior Secured Loan,Finance,9.36%,,SOFR,5.00%,,2028-02-18,2481,2481,2481,,,,
Citadel,First Lien Senior Secured Loan,Finance,6.57%,,SOFR,2.00%,,2031-10-31,1990,1990,1996,,,,
Congress Wealth,First Lien Senior Secured Loan,Finance,9.93%,,SOFR,5.60%,,2029-06-30,4672,4672,4672,,,,
Hudson River Trading,First Lien Senior Secured Loan,Finance,7.48%,,SOFR,3.00%,,2030-03-18,4959,4959,4949,,,,
Insigneo Financial Group LLC,First Lien Senior Secured Loan,Finance,11.02%,,SOFR,6.60%,,2028-08-01,7400,7400,7400,,,,
Insigneo Financial Group LLC,First Lien Senior Secured Loan,Finance,11.02%,,SOFR,6.60%,,2028-08-01,3825,3825,3825,,,,
PMA,First Lien Senior Secured Loan,Finance,9.58%,,SOFR,5.25%,,2031-01-31,17500,17500,17239,,,,
Wealth Enhancement Group WEG,First Lien Senior Secured Loan - Delayed Draw,Finance,9.31%,,SOFR,5.00%,,2028-10-02,2509,2509,2502,,,,
Asurion LLC,First Lien Senior Secured Loan,Insurance,7.36%,,SOFR,3.00%,,2030-11-06,1971,1971,1972,,,,
Asurion LLC,First Lien Senior Secured Loan,Insurance,8.46%,,SOFR,4.10%,,2028-08-19,3965,3965,3932,,,,
Margaux Acquisition Inc.,First Lien Senior Secured Loan - Delayed Draw,Insurance,9.96%,,SOFR,5.65%,,2025-12-19,8918,8918,8918,,,,
Margaux Acquisition Inc.,First Lien Senior Secured Loan,Insurance,9.96%,,SOFR,5.65%,,2025-12-19,15541,15541,15541,,,,
Multi-Color Corp,First Lien Senior Secured Loan,Forest Products & Paper,9.46%,,SOFR,5.10%,,2028-10-29,3964,3964,3880,,,,
AEG Vision,First Lien Senior Secured Loan,Healthcare & Pharmaceuticals,10.23%,,SOFR,5.90%,,2026-03-27,1164,1164,1164,,,,
Apollo Intelligence,First Lien Senior Secured Loan,Healthcare & Pharmaceuticals,10.27%,,SOFR,5.75%,,2028-05-31,10557,10557,10496,,,,
Beacon Specialized Living,First Lien Senior Secured Loan,Healthcare & Pharmaceuticals,9.83%,,SOFR,5.50%,,2028-03-25,8955,8955,8871,,,,
EHE Health,First Lien Senior Secured Loan,Healthcare & Pharmaceuticals,9.83%,,SOFR,5.50%,,2030-08-07,24688,24688,24446,,,,
HealthDrive,First Lien Senior Secured Loan,Healthcare & Pharmaceuticals,10.46%,,SOFR,6.10%,,2029-08-20,18516,18516,18516,,,,
Lightning Finco Limited,First Lien Senior Secured Loan,Media Broadcasting & Subscription,10.02%,,SOFR,5.68%,,2028-08-31,1443,1438,1438,,,,
Lightning Finco Limited,First Lien Senior Secured Loan,Media Broadcasting & Subscription,8.08%,,EURIBOR,5.50%,,2028-08-31,1300,1429,1429,,,,
Aptus 1724 Gmbh,First Lien Senior Secured Loan - Delayed Draw,Media Diversified & Production,12.44%,,SOFR,4.15%,,2028-03-03,5094,5094,5094,,,,
Efficient Collaborative Retail Marketing Company LLC,First Lien Senior Secured Loan,Media Diversified & Production,14.06%,,SOFR,6.01%,,2025-12-31,11258,9425,9425,,,,
Efficient Collaborative Retail Marketing Company LLC,First Lien Senior Secured Loan,Media Diversified & Production,14.06%,,SOFR,6.01%,,2026-09-30,17310,14416,14416,,,,
Efficient Collaborative Retail Marketing Company LLC,First Lien Senior Secured Loan - Revolver,Media Diversified & Production,10.94%,,SOFR,6.61%,,2026-09-30,1244,1244,1244,,,,
Music Creation Group Bidco GmbH,First Lien Senior Secured Loan,Media Diversified & Production,12.44%,,SOFR,4.15%,,2028-03-03,4165,4109,4109,,,,
Galeria,First Lien Senior Secured Loan - Delayed Draw,Retail,15.00%,15.00%,,15.00%,,2029-04-09,9261,9933,9933,,,,
Galeria,Equity Interest,Retail,,,,,,,22,22,22,,,,
New Look Vision Group,First Lien Senior Secured Loan - Delayed Draw,Retail,8.48%,,CORRA,5.82%,,2028-05-26,28,27,27,,,,
New Look Vision Group,First Lien Senior Secured Loan - Revolver,Retail,8.48%,,CORRA,5.82%,,2026-05-26,694,474,474,,,,
New Look Vision Group,First Lien Senior Secured Loan - Delayed Draw,Retail,8.48%,,CORRA,5.82%,,2028-05-26,54,43,43,,,,
New Look Vision Group,First Lien Senior Secured Loan - Delayed Draw,Retail,10.45%,2.00%,SOFR,4.15%,,2028-05-26,388,388,388,,,,
Thrasio LLC,First Lien Senior Secured Loan,Retail,14.55%,10.26%,SOFR,10.26%,,2029-06-18,4739,4760,4760,,,,
Thrasio LLC,Equity Interest,Retail,,,,,,,777,777,,,,,
Thrasio LLC,Equity Interest,Retail,,,,,,,6997,6997,,,,,
Thrasio LLC,First Lien Senior Secured Loan,Retail,14.55%,10.26%,SOFR,10.26%,,2029-06-18,1546,1546,1546,,,,
ACAMS,Equity Interest,Services Business,,,,,,,3337,3337,2414,,,,
Advanced Aircrew,First Lien Senior Secured Loan - Revolver,Services Business,,,,,,2030-07-26,0,0,0,,,,
Advanced Aircrew,First Lien Senior Secured Loan,Services Business,10.82%,,SOFR,6.50%,,2030-07-26,5081,5036,5036,,,,
Advanced Aircrew,Preferred Equity,Services Business,,,,,,,592,592,622,,,,
Brook Bidco,Preferred Equity,Services Business,,,,,,,5675,7783,,,,,
Brook Bidco,First Lien Senior Secured Loan,Services Business,,3.50%,SONIA,4.03%,,2028-07-10,861,1160,,,,,
Brook Bidco,First Lien Senior Secured Loan,Services Business,,3.50%,SOFR,4.18%,,2028-07-10,345,460,,,,,
Brook Bidco,First Lien Senior Secured Loan,Services Business,,3.50%,SOFR,4.18%,,2028-07-10,123,164,,,,,
Cube,First Lien Senior Secured Loan - Delayed Draw,Services Business,,,,,,2031-05-20,,,,,,,
Cube,First Lien Senior Secured Loan - Delayed Draw,Services Business,4.50%,SOFR,3.00%,,2031-05-20,8836,8836,,,,,,
Darcy Partners,Equity Interest,Services Business,,,,,,,359,360,,,,,
Darcy Partners,First Lien Senior Secured Loan,Services Business,7.75%,SOFR,7.75%,,2028-06-01,1492,1483,,,,,,
Darcy Partners,First Lien Senior Secured Loan - Revolver,Services Business,,,,,,2028-06-01,,,,,,,
Datix Bidco Limited,First Lien Senior Secured Loan - Delayed Draw,Services Business,,,,,,2031-04-30,,,,,,,
Datix Bidco Limited,First Lien Senior Secured Loan - Revolver,Services Business,,,,,,2030-10-30,,,,,,,
Datix Bidco Limited,First Lien Senior Secured Loan,Services Business,9.93%,SOFR,5.50%,,2031-04-30,16626,16334,,,,,,
Discovery Senior Living,First Lien Senior Secured Loan - Delayed Draw,Services Business,5.50%,SOFR,5.50%,,2030-03-18,1181,1123,,,,,,
Discovery Senior Living,First Lien Senior Secured Loan - Revolver,Services Business,,,,,,2030-03-18,,,,,,,
DTIQ,First Lien Senior Secured Loan - Delayed Draw,Services Business,,,,,,2029-09-30,,,,,,,
DTIQ,First Lien Senior Secured Loan - Revolver,Services Business,,,,,,2029-09-30,,,,,,,
DTIQ,First Lien Senior Secured Loan,Services Business,7.50%,SOFR,7.50%,,2029-09-30,16693,16426,,,,,,
DTIQ,Equity Interest,Services Business,,,,,,,3995,,,,,,
Easy Ice,First Lien Senior Secured Loan - Delayed Draw,Services Business,5.40%,SOFR,5.40%,,2030-10-30,2208,2135,,,,,,
Easy Ice,First Lien Senior Secured Loan,Services Business,5.40%,SOFR,5.40%,,2030-10-30,14526,14323,,,,,,
Electronic Merchant Systems,First Lien Senior Secured Loan - Revolver,Services Business,,,,,,2030-08-01,,,,,,,
Electronic Merchant Systems,First Lien Senior Secured Loan,Services Business,5.00%,SOFR,5.00%,,2030-08-01,7133,7020,,,,,,
Elevator Holdco Inc.,Equity Interest,Services Business,,,,,,,2,2,,,,,
E-Tech Group,First Lien Senior Secured Loan - Revolver,Services Business,4.50%,P,4.50%,,2030-04-09,182,171,,,,,,
Eagle Parent Corp,First Lien Senior Secured Loan,Services Consumer,8.55%,,SOFR,4.25%,,2029-04-02,3276,3270,3270,,3276,,
MZR Buyer LLC,First Lien Senior Secured Loan,Services Consumer,11.67%,0.50%,SOFR,6.85%,,2028-12-22,27235,27201,27201,,27235,,
Inmarsat,First Lien Senior Secured Loan,Telecommunications,8.82%,,SOFR,4.50%,,2029-09-27,1980,1887,1887,,1980,,
Meriplex Communications Ltd,First Lien Senior Secured Loan,Telecommunications,9.42%,,SOFR,5.10%,,2028-07-17,14776,14644,14644,,14776,,
Taoglas,First Lien Senior Secured Loan,Telecommunications,11.55%,,SOFR,7.25%,,2029-02-28,18418,18194,18194,,18418,,
A&R Logistics Inc,First Lien Senior Secured Loan,Transportation Cargo,11.19%,1.25%,SOFR,5.65%,,2026-08-03,29476,29476,29476,,29476,,
Gulf Winds International,First Lien Senior Secured Loan,Transportation Cargo,11.92%,,SOFR,7.60%,,2028-12-16,14052,13835,13835,,14052,,
Gulf Winds International,First Lien Senior Secured Loan,Transportation Cargo,11.92%,,SOFR,7.60%,,2028-12-16,15874,15720,15720,,15874,,
RoadOne,First Lien Senior Secured Loan,Transportation Cargo,10.49%,,SOFR,6.25%,,2028-12-29,6881,6748,6748,,6881,,
RoadOne,First Lien Senior Secured Loan - Delayed Draw,Transportation Cargo,10.49%,,SOFR,6.25%,,2028-12-29,1057,1056,1056,,1057,,
PrimeFlight Acquisition LLC,First Lien Senior Secured Loan,Transportation Consumer,9.80%,,SOFR,5.50%,,2029-05-01,6522,6522,6522,,6522,,
PrimeFlight Acquisition LLC,First Lien Senior Secured Loan,Transportation Consumer,9.79%,,SOFR,5.50%,,2029-05-01,22827,22412,22412,,22827,,
Vessco Water,First Lien Senior Secured Loan,Utilities Water,9.07%,,SOFR,4.75%,,2031-07-24,11500,11429,11429,,11500,,
Abracon Group Holding LLC,First Lien Senior Secured Loan,Wholesale,10.96%,4.60%,SOFR,2.00%,,2028-07-06,12038,11663,11663,,12038,,
Blackbird Purchaser Inc,First Lien Senior Secured Loan,Wholesale,9.80%,,SOFR,5.50%,,2030-12-19,5351,5351,5351,,5351,,
Hultec,First Lien Senior Secured Loan,Wholesale,9.95%,,SOFR,5.65%,,2029-03-31,6276,6138,6138,,6276,,
American Trailer Rental Group,Subordinated Debt,Automotive,8.75%,8.75%,,5.50%,,2027-12-01,5557,,5519,,5557,,
American Trailer Rental Group,Subordinated Debt,Automotive,8.75%,8.75%,,5.50%,,2027-12-01,17144,,16975,,17144,,
American Trailer Rental Group,Subordinated Debt,Automotive,8.75%,8.75%,,5.50%,,2027-12-01,21408,,21204,,21408,,
Cardo,First Lien Senior Secured Loan,Automotive,9.67%,,SOFR,5.25%,,2028-05-12,98,,97,,98,,
Chilton,First Lien Senior Secured Loan - Delayed Draw,Automotive,,,,,,2031-02-05,,,0,,,,
Chilton,First Lien Senior Secured Loan - Revolver,Automotive,9.80%,,SOFR,5.50%,,2031-02-05,569,,542,,569,,
Chilton,First Lien Senior Secured Loan,Automotive,9.80%,,SOFR,5.50%,,2031-02-05,23014,,22853,,23014,,
Gills Point S,First Lien Senior Secured Loan - Revolver,Automotive,9.82%,,SOFR,5.50%,,2029-05-17,3577,,3516,,3577,,
Gills Point S,First Lien Senior Secured Loan,Automotive,9.82%,,SOFR,5.50%,,2029-05-17,3689,,3665,,3689,,
Gills Point S,First Lien Senior Secured Loan - Delayed Draw,Automotive,9.82%,,SOFR,5.50%,,2029-05-17,7365,,7365,,7365,,
Gills Point S,First Lien Senior Secured Loan,Automotive,9.82%,,SOFR,5.50%,,2029-05-17,12473,,12473,,12473,,
Gills Point S,First Lien Senior Secured Loan - Delayed Draw,Automotive,9.82%,,SOFR,5.50%,,2029-05-17,1247,,1233,,1247,,
Intoxalock,First Lien Senior Secured Loan,Automotive,9.42%,,SOFR,5.10%,,2028-11-01,11974,,11897,,11974,,
Intoxalock,First Lien Senior Secured Loan - Revolver,Automotive,,,,,,2028-11-01,0,,(20),,,,
JHCC Holdings LLC,First Lien Senior Secured Loan,Automotive,9.55%,,SOFR,5.25%,,2027-09-09,11892,,11830,,11892,,
JHCC Holdings LLC,First Lien Senior Secured Loan - Revolver,Automotive,11.75%,,P,4.25%,,2027-09-09,1133,,1103,,1133,,
AgroFresh Solutions,First Lien Senior Secured Loan,Beverage Food & Tobacco,10.67%,,SOFR,6.35%,,2029-03-31,6153,,6021,,6153,,
AgroFresh Solutions,First Lien Senior Secured Loan,Beverage Food & Tobacco,10.67%,,SOFR,6.35%,,2029-03-31,10914,,10747,,10914,,
AgroFresh Solutions,First Lien Senior Secured Loan - Revolver,Beverage Food & Tobacco,10.67%,,SOFR,6.35%,,2028-03-31,5015,,4945,,5015,,
Arctic Glacier U.S.A. Inc.,First Lien Senior Secured Loan - Revolver,Beverage Food & Tobacco,15.04%,4.00%,SOFR,6.76%,,2028-05-24,1543,,1513,,1543,,
Arctic Glacier U.S.A. Inc.,First Lien Senior Secured Loan,Beverage Food & Tobacco,15.06%,4.00%,SOFR,6.76%,,2028-05-24,12519,,12350,,12519,,
BCSF Project Aberdeen LLC,Equity Interest,Beverage Food & Tobacco,,,,,,,2217,2217,2358,,,,
Hellers,First Lien Senior Secured Loan - Delayed Draw,Beverage Food & Tobacco,9.41%,2.19%,BKBM,3.56%,,2030-09-27,3979,,2423,,3979,,
Hellers,First Lien Senior Secured Loan - Delayed Draw,Beverage Food & Tobacco,9.93%,2.19%,BBSY,3.56%,,2030-09-27,1789,,1240,,1789,,
Duraco,First Lien Senior Secured Loan,Chemicals Plastics & Rubber,8.17%,,SOFR,6.50%,,2029-06-06,13146,12984,,,,,
INEOS US Petrochem,First Lien Senior Secured Loan,Chemicals Plastics & Rubber,8.17%,,SOFR,3.85%,,2030-03-14,1975,1977,,,,,
Prince Ferro,First Lien Senior Secured Loan,Chemicals Plastics & Rubber,8.69%,,SOFR,4.40%,,2029-04-23,1975,1962,,,,,
V Global Holdings LLC,First Lien Senior Secured Loan,Chemicals Plastics & Rubber,10.20%,,SOFR,5.90%,,2027-12-22,19860,19796,,,,,
Service Master,First Lien Senior Secured Loan,Construction & Building,10.19%,1.00%,SOFR,5.86%,,2027-08-16,18727,18727,,,,,
Service Master,First Lien Senior Secured Loan,Construction & Building,10.19%,1.00%,SOFR,5.86%,,2027-08-16,4993,4989,,,,,
Zeus Fire & Security,First Lien Senior Secured Loan,Construction & Building,9.29%,,SOFR,5.00%,,2030-12-11,19451,19307,,,,,
New Milani Group LLC,First Lien Senior Secured Loan,Consumer Goods Durable,9.93%,,SOFR,5.50%,,2026-06-06,9790,9790,,,,,
Stanton Carpet,Second Lien Senior Secured Loan,Consumer Goods Durable,13.74%,,SOFR,9.15%,,2028-03-31,5000,4943,4943,,,,
TLC Purchaser Inc,First Lien Senior Secured Loan,Consumer Goods Durable,10.06%,,SOFR,5.76%,,2027-10-11,35598,34737,,,,,
Evriholder,First Lien Senior Secured Loan,Consumer Goods Non-Durable,11.20%,,SOFR,6.90%,,2028-01-24,15829,15707,,,,,
Hempz,First Lien Senior Secured Loan,Consumer Goods Non-Durable,9.55%,,SOFR,5.25%,,2029-10-25,12170,12068,,,,,
Solaray LLC,First Lien Senior Secured Loan,Consumer Goods Non-Durable,11.17%,,SOFR,6.85%,,2025-12-15,9834,9834,,,,,
RoC Skincare,First Lien Senior Secured Loan,Consumer Goods Non-Durable,10.08%,,SOFR,5.75%,,2031-02-21,24237,24028,,,,,
WU Holdco Inc,First Lien Senior Secured Loan,Consumer Goods Non-Durable,9.30%,,SOFR,5.00%,,2027-03-26,6378,6378,,,,,
WU Holdco Inc,First Lien Senior Secured Loan,Consumer Goods Non-Durable,9.30%,,SOFR,5.00%,,2027-03-26,6172,6172,,,,,
WSP,First Lien Senior Secured Loan,Consumer Goods Wholesale,8.44%,4.00%,SOFR,1.15%,,2028-04-27,3267,3196,,,,,
WSP,First Lien Senior Secured Loan,Consumer Goods Wholesale,,8.00%,,8.00%,,2028-04-27,2127,1978,,,,,
Congress Wealth,First Lien Senior Secured Loan - Delayed Draw,Finance,9.90%,,SOFR,5.60%,,2029-06-30,6357,6357,6357,,,,
Congress Wealth,First Lien Senior Secured Loan - Delayed Draw,Finance,9.90%,,SOFR,5.60%,,2029-06-30,1650,1648,1648,,,,
Congress Wealth,First Lien Senior Secured Loan - Revolver,,,,,,2029-06-30,,,,,,,,
Congress Wealth,Equity Interest,FIRE: Finance,,,,,,,,16,323,534,,,
Insigneo Financial Group LLC,First Lien Senior Secured Loan,Finance,10.00%,10.00%,,10.00%,,2027-08-01,2071,2086,2086,,,,
Insigneo Financial Group LLC,Equity Interest,FIRE: Finance,,,,,,,,534,535,2419,,,
Insigneo Financial Group LLC,First Lien Senior Secured Loan,Finance,11.02%,,SOFR,6.60%,,2028-08-01,267,262,262,,,,
Lagerbox,First Lien Senior Secured Loan,Finance,6.22%,,EURIBOR,3.50%,,2028-12-20,750,779,779,,,,
Parmenion,First Lien Senior Secured Loan,Finance,9.96%,,SONIA,5.50%,,2029-05-23,295,369,369,,,,
PMA,First Lien Senior Secured Loan - Revolver,,,,,,2031-01-31,,,,,,,17,18
PMA,First Lien Senior Secured Loan,Finance,9.55%,,SOFR,5.25%,,2031-01-31,58,57,57,,,,
Sikich,Preferred Equity,Finance,13.00%,13.00%,,13.00%,,,,33,3307,,,,
Sikich,Warrants,,,,,,,,,,,2,140,,
TA/Weg Holdings,First Lien Senior Secured Loan - Delayed Draw,Finance,9.32%,,SOFR,5.00%,,2028-10-02,9185,9185,9185,,,,
TA/Weg Holdings,First Lien Senior Secured Loan - Delayed Draw,Finance,9.32%,,SOFR,5.00%,,2028-10-02,2319,2315,2315,,,,
Wealth Enhancement Group (WEG),First Lien Senior Secured Loan - Delayed Draw,,,,,,2028-10-04,,,,,,,34,
Wealth Enhancement Group (WEG),First Lien Senior Secured Loan - Delayed Draw,Finance,9.30%,,SOFR,5.00%,,2028-10-02,7772,7694,7694,,,,
Wealth Enhancement Group (WEG),First Lien Senior Secured Loan - Revolver,,,,,,2028-10-02,,,,,,,11,
McLarens Acquisition Inc.,First Lien Senior Secured Loan,Insurance,10.20%,,SOFR,5.90%,,2025-12-19,11887,11857,11857,,,,
McLarens Acquisition Inc.,First Lien Senior Secured Loan - Revolver,Insurance,10.20%,,SOFR,5.90%,,2025-12-19,2872,2872,2872,,,,
McLarens Acquisition Inc.,First Lien Senior Secured Loan - Delayed Draw,Insurance,10.20%,,SOFR,5.90%,,2025-12-16,748,747,747,,,,
MRHT,First Lien Senior Secured Loan - Delayed Draw,Insurance,8.61%,,EURIBOR,6.25%,,2029-02-01,4825,5128,5128,,,,
Duraco,First Lien Senior Secured Loan,Chemicals Plastics & Rubber,10.94%,,SOFR,6.50%,,2029-06-06,13179,13010,13010,,,,
INEOS US Petrochem,First Lien Senior Secured Loan,Chemicals Plastics & Rubber,8.21%,,SOFR,3.85%,,2030-03-14,1980,1982,1982,,,,
Prince Ferro,First Lien Senior Secured Loan,Chemicals Plastics & Rubber,9.06%,,SOFR,4.25%,,2029-04-23,1980,1966,1966,,,,
V Global Holdings LLC,First Lien Senior Secured Loan,Chemicals Plastics & Rubber,10.42%,,SOFR,5.90%,,2027-12-22,19911,19841,19841,,,,
Service Master,First Lien Senior Secured Loan,Construction & Building,11.22%,1.00%,SOFR,5.86%,,2027-08-16,18728,18728,18728,,,,
Service Master,First Lien Senior Secured Loan,Construction & Building,11.22%,1.00%,SOFR,5.86%,,2027-08-16,4997,4992,4992,,,,
New Milani Group LLC,First Lien Senior Secured Loan,Consumer Goods Durable,9.93%,,SOFR,5.50%,,2026-06-06,9816,9816,9816,,,,
TLC Purchaser Inc.,First Lien Senior Secured Loan,Consumer Goods Durable,10.11%,,SOFR,5.76%,,2027-10-11,35681,34735,34735,,,,
Evriholder,First Lien Senior Secured Loan,Consumer Goods Non-Durable,11.23%,,SOFR,6.90%,,2028-01-24,15932,15799,15799,,,,
Hempz,First Lien Senior Secured Loan,Consumer Goods Non-Durable,9.58%,,SOFR,5.25%,,2029-10-25,8250,8179,8179,,,,
RoC Skincare,First Lien Senior Secured Loan,Consumer Goods Non-Durable,10.52%,,SOFR,6.00%,,2031-02-21,24298,24080,24080,,,,
Solaray LLC,First Lien Senior Secured Loan,Consumer Goods Non-Durable,11.21%,,SOFR,6.85%,,2025-12-15,9862,9862,9862,,,,
WU Holdco Inc.,First Lien Senior Secured Loan,Consumer Goods Non-Durable,9.33%,,SOFR,5.00%,,2027-03-26,6395,6395,6395,,,,
WU Holdco Inc.,First Lien Senior Secured Loan,Consumer Goods Non-Durable,9.33%,,SOFR,5.00%,,2027-03-26,6188,6188,6188,,,,
WSP,First Lien Senior Secured Loan,Consumer Goods Wholesale,9.74%,4.00%,SOFR,1.15%,,2028-04-27,3223,3198,3198,,,,
WSP,First Lien Senior Secured Loan,Consumer Goods Wholesale,,8.00%,,8.00%,,2028-04-27,2081,1978,1978,,,,
AXH Air Coolers,First Lien Senior Secured Loan - Delayed Draw,Capital Equipment,9.82%,,SOFR,5.50%,,2029-10-31,871,840,840,,,,
AXH Air Coolers,First Lien Senior Secured Loan - Revolver,Capital Equipment,9.82%,,SOFR,5.50%,,2029-10-31,1835,1793,1793,,,,
AXH Air Coolers,First Lien Senior Secured Loan,Capital Equipment,9.93%,,SOFR,5.50%,,2029-10-31,7400,7342,7342,,,,
AXH Air Coolers,First Lien Senior Secured Loan,Capital Equipment,9.82%,,SOFR,5.50%,,2029-10-31,7045,6997,6997,,,,
DiversiTech,First Lien Senior Secured Loan,Capital Equipment,8.06%,,SOFR,3.76%,,2028-12-22,1,1,1,,,,
Ergotron Acquisition LLC,First Lien Senior Secured Loan,Capital Equipment,9.58%,,SOFR,5.25%,,2028-07-06,10964,10828,10828,,,,
Goodfellow,First Lien Senior Secured Loan,Capital Equipment,10.55%,,SONIA,5.25%,,2032-02-06,1059,1301,1301,,,,
Goodfellow,First Lien Senior Secured Loan - Delayed Draw,Capital Equipment,7.78%,,EURIBOR,5.25%,,2032-02-10,5500,5627,5627,,,,
Goodfellow,First Lien Senior Secured Loan - Delayed Draw,Capital Equipment,7.78%,,EURIBOR,5.25%,,2032-02-10,1705,1744,1744,,,,
Goodfellow,First Lien Senior Secured Loan,Capital Equipment,9.55%,,SOFR,5.25%,,2032-02-10,2224,2203,2203,,,,
Goodfellow,First Lien Senior Secured Loan - Delayed Draw,Capital Equipment,9.71%,,SONIA,5.25%,,2032-02-10,1614,2080,2080,,,,
Goodfellow,First Lien Senior Secured Loan - Revolver,Capital Equipment,,,,,,2032-02-10,,,,,,,
PPT Group,First Lien Senior Secured Loan - Delayed Draw,Capital Equipment,,,,,,2031-02-28,,,,,,,
PPT Group,First Lien Senior Secured Loan - Revolver,Capital Equipment,,,,,,2031-02-28,,,,,,,
PPT Group,First Lien Senior Secured Loan,Capital Equipment,9.96%,,SONIA,5.50%,,2031-02-28,6177,7711,7711,,,,
PPT Group,Equity Interest,Capital Equipment,,,,,,,,,376,376,376,376,
TCFIII Owl Finance LLC,Subordinated Debt,Capital Equipment,,12.00%,,12.00%,,2027-01-30,6354,6327,6327,,,,
AP Plastics Group LLC,First Lien Senior Secured Loan - Delayed Draw,Chemicals Plastics & Rubber,9.60%,,SOFR,4.75%,,2028-08-10,176,176,176,,,,
AP Plastics Group LLC,First Lien Senior Secured Loan,Chemicals Plastics & Rubber,9.17%,,SOFR,4.85%,,2028-08-10,8117,7981,7981,,,,
AP Plastics Group LLC,First Lien Senior Secured Loan,Chemicals Plastics & Rubber,9.17%,,SOFR,4.85%,,2028-08-10,2149,2129,2129,,,,
Duraco,First Lien Senior Secured Loan - Revolver,Chemicals Plastics & Rubber,10.80%,,SOFR,6.50%,,2029-06-06,199,173,173,,,,
Duraco,First Lien Senior Secured Loan,Chemicals Plastics & Rubber,10.80%,,SOFR,6.50%,,2029-06-06,11704,11546,11546,,,,
ATS,First Lien Senior Secured Loan - Revolver,Aerospace & Defense,,,,,,2029-07-12,,,,,,,
ATS,First Lien Senior Secured Loan,Aerospace & Defense,,SOFR,5.75%,10.05%,,2029-07-12,7101,7016,7016,,,,
BTX Precision,First Lien Senior Secured Loan - Delayed Draw,Aerospace & Defense,,SOFR,5.00%,9.36%,,2030-07-25,7301,7223,7223,,,,
BTX Precision,First Lien Senior Secured Loan - Delayed Draw,Aerospace & Defense,,SOFR,5.00%,9.36%,,2030-07-25,4352,4326,4326,,,,
BTX Precision,First Lien Senior Secured Loan - Revolver,Aerospace & Defense,,,,,,2030-07-25,,,,,,,
BTX Precision,First Lien Senior Secured Loan,Aerospace & Defense,,SOFR,5.00%,9.36%,,2030-07-25,14234,14114,14114,,,,
BTX Precision,Equity Interest,Aerospace & Defense,,,,,,,,,2,2199,2248,,
Forming Machining Industries Holdings LLC,Second Lien Senior Secured Loan,Aerospace & Defense,,8.90%,SOFR,13.41%,,2026-10-09,7453,6874,6874,,,,
Forming Machining Industries Holdings LLC,First Lien Senior Secured Loan,Aerospace & Defense,,SOFR,4.40%,8.91%,,2025-10-09,15985,15968,15968,,,,
Forward Slope,Equity Interest,Aerospace & Defense,,,,,,,,,930,930,1438,,
Forward Slope,First Lien Senior Secured Loan,Aerospace & Defense,,SOFR,6.85%,11.18%,,2029-08-22,6139,6008,6008,,,,
Forward Slope,First Lien Senior Secured Loan - Delayed Draw,Aerospace & Defense,,SOFR,6.85%,11.18%,,2029-08-22,18409,18020,18020,,,,
Forward Slope,First Lien Senior Secured Loan - Revolver,Aerospace & Defense,,SOFR,6.85%,11.21%,,2029-08-22,3554,3382,3382,,,,
Forward Slope,First Lien Senior Secured Loan,Aerospace & Defense,,SOFR,6.85%,11.18%,,2029-08-22,8618,8507,8507,,,,
GSP,Equity Interest,Aerospace & Defense,,,,,,,,,620,781,818,,
GSP,First Lien Senior Secured Loan,Aerospace & Defense,,SOFR,5.65%,9.98%,,2027-11-05,1130,1130,1130,,,,
GSP Holdings LLC,First Lien Senior Secured Loan,Aerospace & Defense,,SOFR,5.65%,9.98%,,2025-11-06,9574,9567,9567,,,,
GSP Holdings LLC,First Lien Senior Secured Loan - Revolver,Aerospace & Defense,,SOFR,5.65%,9.98%,,2025-11-06,4551,4544,4544,,,,
Mach Acquisition R/C,First Lien Senior Secured Loan - Revolver,Aerospace & Defense,,SOFR,7.65%,12.17%,,2026-10-19,7532,7460,7460,,,,
Mach Acquisition T/L,First Lien Senior Secured Loan,Aerospace & Defense,6.65%,2.00%,SOFR,13.27%,,2026-10-19,34518,34255,34255,,,,
Precision Ultimate Holdings LLC,Equity Interest,Aerospace & Defense,,,,,,,,,1417,1417,1777,,
Robinson Helicopter,Equity Interest,Aerospace & Defense,,,,,,,,,1592,1592,3851,,
Robinson Helicopter,First Lien Senior Secured Loan,Aerospace & Defense,,SOFR,6.60%,10.96%,,2028-06-30,10872,10707,10707,,,,
Saturn Purchaser Corp.,First Lien Senior Secured Loan,Aerospace & Defense,,SOFR,5.35%,10.49%,,2029-07-23,13587,13482,13482,,,,
Saturn Purchaser Corp.,First Lien Senior Secured Loan - Revolver,Aerospace & Defense,,,,,,2029-07-22,,,,,,,
Whitcraft-Paradigm,First Lien Senior Secured Loan - Delayed Draw,Aerospace & Defense,,SOFR,5.50%,9.83%,,2029-02-15,2740,2738,2738,,,,
ATS,First Lien Senior Secured Loan - Revolver,Aerospace & Defense,,,,SOFR,5.75%,,2029-07-12,1149,1149,1149,,,
ATS,First Lien Senior Secured Loan,Aerospace & Defense,,,,SOFR,5.75%,,2029-07-12,7083,7003,7003,,,
BTX Precision LLC,First Lien Senior Secured Loan - Delayed Draw,Aerospace & Defense,,,,,,2030-07-25,,,,,,,
BTX Precision LLC,First Lien Senior Secured Loan,Aerospace & Defense,,,,SOFR,5.00%,,2030-07-25,6248,6196,6196,,,
BTX Precision LLC,First Lien Senior Secured Loan - Delayed Draw,Aerospace & Defense,,,,SOFR,5.00%,,2030-07-25,14005,13910,13910,,,
BTX Precision LLC,First Lien Senior Secured Loan - Revolver,Aerospace & Defense,,,,,,2030-07-25,,,,,,,
BTX Precision LLC,Equity Interest,Aerospace & Defense,,,,,,,,,,2199,2792,,
Forward Slope,First Lien Senior Secured Loan,Aerospace & Defense,,,,SOFR,5.60%,,2029-08-22,6123,6000,6000,,,
Forward Slope,First Lien Senior Secured Loan - Delayed Draw,Aerospace & Defense,,,,SOFR,5.60%,,2029-08-22,18363,17996,17996,,,
Forward Slope,First Lien Senior Secured Loan - Revolver,Aerospace & Defense,,,,SOFR,5.60%,,2029-08-22,2961,2799,2799,,,
GSP Holdings LLC,First Lien Senior Secured Loan,Aerospace & Defense,,,,SOFR,5.90%,,2027-11-05,1127,1109,1109,,,
GSP Holdings LLC,First Lien Senior Secured Loan - Revolver,Aerospace & Defense,,,,SOFR,5.90%,,2027-11-05,4551,4546,4546,,,
Mach Acquisition R/C,First Lien Senior Secured Loan - Revolver,Aerospace & Defense,,,,SOFR,7.40%,,2026-10-19,8537,8474,8474,,,
Mach Acquisition T/L,First Lien Senior Secured Loan,Aerospace & Defense,,,,SOFR,7.65%,,2026-10-19,34436,34219,34219,,,
Saturn Purchaser Corp.,First Lien Senior Secured Loan,Aerospace & Defense,,,,SOFR,4.85%,,2030-07-22,13281,13186,13186,,,
Saturn Purchaser Corp.,First Lien Senior Secured Loan - Revolver,Aerospace & Defense,,,,,,2030-07-22,,,,,,,
Solairus,First Lien Senior Secured Loan - Delayed Draw,Aerospace & Defense,,,,,,2030-07-22,,,,,,,
Whitcraft-Paradigm,First Lien Senior Secured Loan - Delayed Draw,Aerospace & Defense,,,,SOFR,5.50%,,2029-02-15,4547,4546,4546,,,
Whitcraft-Paradigm,First Lien Senior Secured Loan,Aerospace & Defense,,,,SOFR,6.50%,,2029-02-15,11762,11682,11682,,,
Whitcraft-Paradigm,First Lien Senior Secured Loan - Revolver,Aerospace & Defense,,,,P,5.50%,,2029-02-28,1460,1445,1445,,,
ATS,First Lien Senior Secured Loan,Aerospace & Defense,,,,,SOFR,5.75%,,2029-07-12,18204,17983,17983,,
BTX Precision,First Lien Senior Secured Loan,Aerospace & Defense,,,,,SOFR,5.00%,,2030-07-25,15167,15037,15037,,
Forward Slope,First Lien Senior Secured Loan,Aerospace & Defense,,,,,SOFR,6.85%,,2029-08-22,11132,10963,10963,,
Forward Slope,First Lien Senior Secured Loan - Delayed Draw,Aerospace & Defense,,,,,SOFR,6.85%,,2029-08-22,4987,4987,4987,,
GSP Holdings LLC,First Lien Senior Secured Loan,Aerospace & Defense,,,,,SOFR,5.65%,,2025-11-06,25156,24638,24638,,
Robinson Helicopter,First Lien Senior Secured Loan,Aerospace & Defense,,,,,SOFR,6.60%,,2028-06-30,32975,32715,32715,,
Saturn Purchaser Corp.,First Lien Senior Secured Loan,Aerospace & Defense,,,,,SOFR,5.35%,,2029-07-23,30316,30247,30247,,
Whitcraft-Paradigm,First Lien Senior Secured Loan,Aerospace & Defense,,,,,SOFR,6.50%,,2029-02-15,9825,9755,9755,,
Cardo,First Lien Senior Secured Loan,Automotive,,,,,SOFR,5.25%,,2028-05-12,10800,10800,10800,,
Gills Point S,First Lien Senior Secured Loan,Automotive,,,,,SOFR,5.50%,,2029-05-17,9850,9850,9850,,
Intoxalock,First Lien Senior Secured Loan,Automotive,,,,,SOFR,5.10%,,2028-11-01,16927,16812,16812,,
JHCC Holdings LLC,First Lien Senior Secured Loan - Delayed Draw,Automotive,,,,,SOFR,5.25%,,2027-09-09,8165,8106,8106,,
JHCC Holdings LLC,First Lien Senior Secured Loan,Automotive,,,,,SOFR,5.25%,,2027-09-09,16282,16162,16162,,
Electronic Merchant Systems,First Lien Senior Secured Loan,Banking Finance Insurance & Real Estate,,,,,SOFR,5.00%,,2030-08-01,10500,10320,10320,,
Morrow Sodali Global LLC,First Lien Senior Secured Loan,Banking Finance Insurance & Real Estate,,,,,SOFR,5.60%,,2028-04-25,2195,2177,2177,,
Morrow Sodali Global LLC,First Lien Senior Secured Loan,Banking Finance Insurance & Real Estate,,,,,SOFR,5.73%,,2028-04-25,7760,7694,7694,,
AgroFresh Solutions,First Lien Senior Secured Loan,Beverage Food & Tobacco,,,,,SOFR,6.35%,,2029-03-31,11202,11095,11095,,
Reconomy,First Lien Senior Secured Loan,Environmental Industries,,,,,SONIA,6.25%,,2029-07-12,68,83,,,
Reconomy,First Lien Senior Secured Loan,Environmental Industries,,,,,EURIBOR,6.00%,,2029-07-12,27,28,,,
Reconomy,First Lien Senior Secured Loan - Delayed Draw,Environmental Industries,,,,,,2029-07-12,,,,,,72,
Titan Cloud Software Inc,Equity Interest,Environmental Industries,,,,,,,,3532,3532,5184,,,
Titan Cloud Software Inc,First Lien Senior Secured Loan,Environmental Industries,,4.60%,SOFR,2.00%,,2029-09-07,26640,26460,26460,,,,
Titan Cloud Software Inc,First Lien Senior Secured Loan - Revolver,Environmental Industries,,4.60%,SOFR,2.00%,,2028-09-07,1866,1831,1831,,,,
Titan Cloud Software Inc,First Lien Senior Secured Loan - Delayed Draw,Environmental Industries,,4.60%,SOFR,2.00%,,2029-09-07,11960,11887,11887,,,,
Allworth,First Lien Senior Secured Loan - Delayed Draw,FIRE: Finance,,,,,SOFR,5.00%,,2027-12-23,161,121,121,,
Allworth Financial Group LP,First Lien Senior Secured Loan - Delayed Draw,FIRE: Finance,,,,,SOFR,5.00%,,2027-12-23,856,848,848,,
Allworth Financial Group LP,First Lien Senior Secured Loan,FIRE: Finance,,,,,SOFR,5.00%,,2027-12-23,1474,1464,1464,,
Allworth Financial Group LP,First Lien Senior Secured Loan - Revolver,FIRE: Finance,,,,,,2027-12-23,,,,,,,9
Choreo,First Lien Senior Secured Loan - Delayed Draw,FIRE: Finance,,,,,,2028-02-18,,,,,,,
Congress Wealth,First Lien Senior Secured Loan - Delayed Draw,FIRE: Finance,,,,,SOFR,5.60%,,2029-06-30,317,314,314,,
Insigneo Financial Group LLC,First Lien Senior Secured Loan,FIRE: Finance,10.00%,,n/a,n/a,,2027-08-01,2020,2035,2035,,,,
Insigneo Financial Group LLC,First Lien Senior Secured Loan,FIRE: Finance,,,,,SOFR,6.60%,,2028-08-01,267,261,261,,
Lagerbox,First Lien Senior Secured Loan,FIRE: Finance,,,,,,2028-12-20,,,,,,,
Parmenion,First Lien Senior Secured Loan,FIRE: Finance,,,,,SONIA,5.50%,,2029-05-11,295,369,369,,
PMA,First Lien Senior Secured Loan - Revolver,FIRE: Finance,,,,,,2031-01-31,,,,,,,18
PMA,First Lien Senior Secured Loan,FIRE: Finance,,,,,SOFR,5.25%,,2031-01-31,58,57,57,,
TA/Weg Holdings,First Lien Senior Secured Loan - Delayed Draw,FIRE: Finance,,,,,SOFR,5.00%,,2028-10-02,9209,9209,9209,,
Morrow Sodali,First Lien Senior Secured Loan - Delayed Draw,Services: Business,,,,SOFR,5.73%,,2028-04-25,2593,2582,,,,
Morrow Sodali,First Lien Senior Secured Loan - Revolver,Services: Business,,,,SOFR,5.10%,,2028-04-25,1452,1435,,,,
Opus2,First Lien Senior Secured Loan,Services: Business,,,,SONIA,5.80%,,2028-05-05,123,168,,,,
Orion,First Lien Senior Secured Loan - Delayed Draw,Services: Business,,,,SOFR,5.00%,,2027-03-19,320,317,,,,
Orion,First Lien Senior Secured Loan,Services: Business,,,,SOFR,5.00%,,2027-03-19,4264,4225,,,,
PRGX,First Lien Senior Secured Loan - Delayed Draw,Services: Business,,,,,,2030-12-20,,,,,,,
PRGX,First Lien Senior Secured Loan,Services: Business,,,,SOFR,5.50%,,2030-12-20,17562,17399,,,,
Pure Wafer,First Lien Senior Secured Loan - Revolver,Services: Business,,,,SOFR,5.60%,,2030-11-12,396,378,,,,
Pure Wafer,First Lien Senior Secured Loan,Services: Business,,,,SOFR,5.60%,,2030-11-12,7481,7413,,,,
Pure Wafer,Equity Interest,Services: Business,,,,,,,,1236,1236,1236,,,
Rydoo,First Lien Senior Secured Loan - Delayed Draw,Services: Business,,,,EURIBOR,6.75%,,2031-09-12,1556,1722,,,,
Rydoo,Preferred Equity,Services: Business,,,,,,,,200,223,229,,,
Rydoo,Equity Interest,Services: Business,,,,,,,,466,520,519,,,
SoftCo,Equity Interest,Services: Business,,,,,,,,500,542,652,,,
SoftCo,First Lien Senior Secured Loan,Services: Business,,,,EURIBOR,6.50%,,2031-02-22,2000,2146,,,,
Spring Finco BV,First Lien Senior Secured Loan - Delayed Draw,Services: Business,,,,,,2029-07-15,,,,,,,
TEI Holdings Inc.,First Lien Senior Secured Loan,Services: Business,,,,SOFR,4.00%,,2031-04-09,2641,2629,,,,
TES Global,First Lien Senior Secured Loan - Delayed Draw,Services: Business,,,,SONIA,5.00%,,2029-01-27,12,15,,,,
Webcentral,First Lien Senior Secured Loan - Delayed Draw,Services: Business,,,,SOFR,6.25%,,2030-12-18,87,87,,,,
Vessco Water,First Lien Senior Secured Loan - Delayed Draw,Utilities: Water,,,,,SOFR,4.75%,,2031-07-24,879,859,859,,
Vessco Water,First Lien Senior Secured Loan - Revolver,Utilities: Water,,,,,,2031-07-24,,,,,,,
Vessco Water,First Lien Senior Secured Loan,Utilities: Water,,,,,SOFR,4.75%,,2031-07-24,2187,2170,2170,,
Abracon Group Holding LLC,First Lien Senior Secured Loan,Wholesale,,,,SOFR,2.00%,4.60%,2028-07-06,14437,14317,14317,,,
Abracon Group Holding LLC,First Lien Senior Secured Loan - Revolver,Wholesale,,,,SOFR,2.05%,4.60%,2028-07-06,2064,2017,2017,,,
Hultec,Equity Interest,Wholesale,,,,,,,,,651,964,0.036,964,
SureWerx,First Lien Senior Secured Loan - Revolver,Wholesale,,,,SOFR,5.25%,,2028-12-28,23,16,16,,,
SureWerx,First Lien Senior Secured Loan - Delayed Draw,Wholesale,,,,SOFR,5.25%,,2029-12-28,535,522,522,,,
Ansett Aviation Training,First Lien Senior Secured Loan,Aerospace & Defense,,,,BBSY,4.69%,,2031-09-24,7072,5308,5308,,,
Walker Edison,First Lien Senior Secured Loan - Delayed Draw,Consumer Goods: Durable,,,,SOFR,6.90% PIK,,2029-03-31,724,724,724,,,
Walker Edison,First Lien Senior Secured Loan,Consumer Goods: Durable,,,,SOFR,6.90% PIK,,2027-03-31,7239,6621,6621,,,
Walker Edison,First Lien Senior Secured Loan - Revolver,Consumer Goods: Durable,,,,SOFR,6.40%,,2027-03-31,3182,3088,3088,,,
BCC Jetstream Holdings Aviation (Off I) LLC,Equity Interest,Aerospace & Defense,,,,,,,,,,,11863,11862,11405
BCC Jetstream Holdings Aviation (On II) LLC,First Lien Senior Secured Loan,Aerospace & Defense,,,,SOFR,6.90%,,2029-03-31,8013,8013,6933,,,
Gale Aviation (Offshore) Co,Equity Interest,Aerospace & Defense,,,,,,,,,,,74396,74396,71813
Legacy Corporate Lending HoldCo LLC,Equity Interest,FIRE: Finance,,,,,,,,,,,1,900,900
Legacy Corporate Lending HoldCo LLC,Preferred Equity,FIRE: Finance,,,,,,,,,,,42,42300,45009
Bain Capital Senior Loan Program LLC,Subordinated Note Investment Vehicles,Investment Vehicles,10.00%,,n/a,10.00%,,2033-12-27,146495,146495,,,,,
Bain Capital Senior Loan Program LLC,Preferred Equity Interest Investment Vehicles,Investment Vehicles,,,,,,,,,,,10,10,10
Bain Capital Senior Loan Program LLC,Equity Interest Investment Vehicles,Investment Vehicles,,,,,,,,,,,10,5593,(4849)
International Senior Loan Program LLC,Subordinated Note Investment Vehicles,Investment Vehicles,12.59%,,SOFR,8.00%,,2028-02-22,190729,190729,,,,,
International Senior Loan Program LLC,Equity Interest Investment Vehicles,Investment Vehicles,,,,,,,,,,,63587,60614,55408
Parcel2Go,First Lien Senior Secured Loan,Services: Business,11.70%,,SONIA,7.00%,,2031-11-26,43,54,54,,,,
Parcel2Go (14),Equity Interest,Services Business,,,,,,,,,5,,,,
Parcel2Go,Preferred Equity,Services: Business,,,,,,,,,,,14221,,
Lightning Holdings B LLC,Equity Interest,Transportation: Cargo,,,,,,,,,,,43309,43620,57807
BCC Jetstream Holdings Aviation (On II) LLC,First Lien Senior Secured Loan,Aerospace & Defense,,,,,,,8013,8013,6371,,,,
Bain Capital Senior Loan Program LLC,Subordinated Note Investment Vehicles,Investment Vehicles,10.00%,,n/a,10.00%,,2033-12-27,148995,148995,,,,,
International Senior Loan Program LLC,Subordinated Note Investment Vehicles,Investment Vehicles,,,,SOFR,8.00%,2028-02-22,190729,190729,,,,,
Parcel2Go,First Lien Senior Secured Loan,Services: Business,,,,SONIA,7.00%,2031-11-26,45,56,56,,,,
WSP,First Lien Senior Secured Loan,Consumer Goods: Wholesale,8.5%,4.00%,SOFR,1.15%,,2028-04-27,3195,3103,3103,,,,
WSP,First Lien Senior Secured Loan,Consumer Goods: Wholesale,,8.00%,,8.00%,,2028-04-27,2084,1995,1995,,,,
WSP,Equity Interest,Consumer Goods: Wholesale,,,,,,,,2898,2898,2898,,,
WSP,Preferred Equity,Consumer Goods: Wholesale,,,,,,,,,,,216,,
WSP,First Lien Senior Secured Loan - Revolver,Consumer Goods: Wholesale,,,,,,2028-04-27,,,,,,62,
ASP-r-pac Acquisition Co LLC,First Lien Senior Secured Loan,Containers Packaging & Glass,,SOFR,6.26%,10.55%,,2027-12-29,5769,5664,5664,,,,
ASP-r-pac Acquisition Co LLC,First Lien Senior Secured Loan - Revolver,Containers Packaging & Glass,,SOFR,6.11%,10.44%,,2027-12-29,1601,1562,1562,,,,
WCI Gigawatt Purchaser,First Lien Senior Secured Loan,Energy Electricity,,SOFR,6.01%,10.34%,,2027-11-19,1408,1393,1393,,,,
WCI Gigawatt Purchaser,First Lien Senior Secured Loan - Revolver,Energy Electricity,,SOFR,5.86%,10.18%,,2027-11-19,3754,3722,3722,,,,
Reconomy,First Lien Senior Secured Loan,Environmental Industries,,SONIA,6.25%,10.71%,,2029-07-12,68,83,83,,,,
Reconomy,First Lien Senior Secured Loan,Environmental Industries,,EURIBOR,6.00%,8.36%,,2029-07-12,27,28,28,,,,
Titan Cloud Software Inc,First Lien Senior Secured Loan,Environmental Industries,2.00%,4.60%,SOFR,2.00%,,2029-09-07,26953,26789,26789,,,,
Titan Cloud Software Inc,First Lien Senior Secured Loan - Revolver,Environmental Industries,2.00%,4.60%,SOFR,2.00%,,2028-09-07,3599,3566,3566,,,,
Titan Cloud Software Inc,First Lien Senior Secured Loan - Delayed Draw,Environmental Industries,2.00%,4.60%,SOFR,2.00%,,2029-09-07,12094,12028,12028,,,,
Allworth Financial Group LP,First Lien Senior Secured Loan - Delayed Draw,FIRE Finance,,SOFR,5.00%,9.32%,,2027-12-23,877,840,840,,,,
Allworth Financial Group LP,First Lien Senior Secured Loan - Delayed Draw,FIRE Finance,,SOFR,4.75%,9.07%,,2027-12-23,854,847,847,,,,
AdThrive,First Lien Senior Secured Loan,Media Advertising Printing & Publishing,8.72%,,SOFR,4.36%,,2028-03-23,4961,,,,4885,,
Facts Global Energy,First Lien Senior Secured Loan - Delayed Draw,,,SOFR,,,12/20/2031,,,,,,,,
Facts Global Energy,First Lien Senior Secured Loan - Revolver,,,SOFR,,,6/20/2031,,,,,,,,
Kpler,First Lien Senior Secured Loan,Media Advertising Printing & Publishing,,SONIA,6.25%,11.12%,,2030-03-03,100,,120,,,,
Kpler,First Lien Senior Secured Loan - Delayed Draw,Media Advertising Printing & Publishing,,EURIBOR,6.25%,9.63%,,2030-03-03,100,,106,,,,
OGH Bidco Limited,First Lien Senior Secured Loan - Delayed Draw,Media Advertising Printing & Publishing,,SONIA,6.50%,11.70%,,2029-06-29,2217,,2608,,,,
OGH Bidco Limited,First Lien Senior Secured Loan,Media Advertising Printing & Publishing,,SONIA,6.50%,11.70%,,2029-06-29,139,,164,,,,
TGI Sport Bidco Pty Ltd,First Lien Senior Secured Loan - Delayed Draw,Media Advertising Printing & Publishing,,SONIA,6.12%,10.82%,,2029-06-24,69,,88,,,,
TGI Sport Bidco Pty Ltd,First Lien Senior Secured Loan,Media Advertising Printing & Publishing,,BBSY,7.00%,11.36%,,2026-04-30,98,,76,,,,
TGI Sport Bidco Pty Ltd,First Lien Senior Secured Loan - Delayed Draw,Media Advertising Printing & Publishing,,SOFR,7.11%,11.47%,,2026-04-30,4187,,2866,,,,
Aptus 1724 Gmbh,First Lien Senior Secured Loan - Delayed Draw,Media Diversified & Production,12.08%,1.50%,SOFR,6.15%,,2028-02-23,5043,,5043,,,,
Efficient Collaborative Retail Marketing Company LLC,First Lien Senior Secured Loan,Media Diversified & Production,13.59%,1.50%,SOFR,7.76%,,2025-12-31,11186,,9336,,,,
Efficient Collaborative Retail Marketing Company LLC,First Lien Senior Secured Loan,Media Diversified & Production,13.59%,1.50%,SOFR,7.76%,,2025-12-31,17215,,14328,,,,
Efficient Collaborative Retail Marketing Company LLC,First Lien Senior Secured Loan - Revolver,Media Diversified & Production,11.09%,,SOFR,6.76%,,2025-12-31,1244,,1244,,,,
Music Creation Group Bidco GmbH,First Lien Senior Secured Loan,Media Diversified & Production,12.08%,1.50%,SOFR,6.15%,,2028-02-23,4108,,4047,,,,
ATS,First Lien Senior Secured Loan,Aerospace & Defense,,,,,SOFR,5.75,2029-07-12,18159,17948,,,,
BTX Precision,First Lien Senior Secured Loan,Aerospace & Defense,,,,,SOFR,5.00,2030-07-25,21663,21539,,,,
Forward Slope,First Lien Senior Secured Loan,Aerospace & Defense,,,,,SOFR,5.60,2029-08-22,14096,13937,,,,
Forward Slope,First Lien Senior Secured Loan - Delayed Draw,Aerospace & Defense,,,,,SOFR,5.60,2029-08-22,4975,4975,,,,
GSP Holdings LLC,First Lien Senior Secured Loan,Aerospace & Defense,,,,,SOFR,5.90,2027-11-05,25090,24725,,,,
Saturn Purchaser Corp.,First Lien Senior Secured Loan,Aerospace & Defense,,,,,SOFR,4.85,2030-07-22,29633,29569,,,,
Whitcraft-Paradigm,First Lien Senior Secured Loan,Aerospace & Defense,,,,,SOFR,6.50,2029-02-15,9800,9734,,,,
Cardo,First Lien Senior Secured Loan,Automotive,,,,,SOFR,5.25,2028-05-12,10800,10800,,,,
Gills Point S,First Lien Senior Secured Loan,Automotive,,,,,SOFR,5.50,2029-05-17,9825,9825,,,,
Intoxalock,First Lien Senior Secured Loan,Automotive,,,,,SOFR,5.10,2028-11-01,16883,16776,,,,
JHCC Holdings LLC,First Lien Senior Secured Loan - Delayed Draw,Automotive,,,,,SOFR,5.25,2027-09-09,8144,8091,,,,
JHCC Holdings LLC,First Lien Senior Secured Loan,Automotive,,,,,SOFR,5.25,2027-09-09,16240,16132,,,,
AgroFresh Solutions,First Lien Senior Secured Loan,Beverage Food & Tobacco,,,,,SOFR,6.35,2029-03-31,20138,19991,,,,
AXH Air Coolers,First Lien Senior Secured Loan,Capital Equipment,,,,,SOFR,5.50,2029-10-31,27189,27081,,,,
DiversiTech,First Lien Senior Secured Loan,Capital Equipment,,,,,SOFR,3.76,2028-12-22,1974,1977,,,,
Orion - Delayed Draw,Delayed Draw Loan,Technology,,,,,SOFR,4.75,2027-03-19,,,,,,
Orion - Revolver,Revolver Loan,Technology,,,,,SOFR,4.75,2027-03-19,,,,,,
PayRange - Revolver,Revolver Loan,Software,,,,,SOFR,5.50,2030-10-31,,,,,,
PCF - Delayed Draw,Delayed Draw Loan,Software,,,,,SOFR,5.50,2028-11-01,,,,,,
Pharmacy Partners - Revolver,Revolver Loan,Healthcare,,,,,SOFR,5.50,2029-02-28,,,,,,
PMA - Revolver,Revolver Loan,Healthcare,,,,,SOFR,5.50,2031-01-31,,,,,,
Pollo Tropical - Revolver,Revolver Loan,Restaurant,,,,,SOFR,5.50,2029-10-23,,,,,,
Pure Wafer - Delayed Draw,Delayed Draw Loan,Semiconductors,,,,,SOFR,5.50,2030-11-12,,,,,,
Pure Wafer - Revolver,Revolver Loan,Semiconductors,,,,,SOFR,5.50,2030-11-12,,,,,,
Pyramid Global Hospitality - Revolver,Revolver Loan,Hospitality,,,,,SOFR,5.50,2028-01-19,,,,,,
Reconomy - Delayed Draw,Delayed Draw Loan,Waste Management,,,,,SOFR,5.50,2029-07-12,,,,,,
Red Nucleus - Delayed Draw,Delayed Draw Loan,Healthcare,,,,,SOFR,5.50,2031-10-17,,,,,,
Red Nucleus - Revolver,Revolver Loan,Healthcare,,,,,SOFR,5.50,2031-10-17,,,,,,
RetailNext - Revolver,Revolver Loan,Software,,,,,SOFR,5.50,2030-12-05,,,,,,
Revalize Inc. - Revolver,Revolver Loan,Software,,,,,SOFR,5.50,2027-04-15,,,,,,
RoadOne - Revolver,Revolver Loan,Logistics,,,,,SOFR,5.50,2028-12-29,,,,,,
RoC Skincare - Revolver,Revolver Loan,Consumer Products,,,,,SOFR,5.50,2030-02-21,,,,,,
Saturn Purchaser Corp. - Revolver,Revolver Loan,Manufacturing,,,,,SOFR,5.50,2029-07-22,,,,,,
SensorTower - Revolver,Revolver Loan,Software,,,,,SOFR,5.50,2029-03-15,,,,,,
Service Master - Revolver,Revolver Loan,Business Services,,,,,SOFR,5.50,2027-08-16,,,,,,
Simplicity - Delayed Draw,Delayed Draw Loan,Software,,,,,SOFR,5.50,2031-12-31,,,,,,
Simplicity - Revolver,Revolver Loan,Software,,,,,SOFR,5.50,2031-12-31,,,,,,
Smartronix - Revolver,Revolver Loan,Government Services,,,,,SOFR,5.50,2027-11-23,,,,,,
Solaray LLC - Revolver,Revolver Loan,Consumer Products,,,,,SOFR,5.50,2025-12-15,,,,,,
Spotless Brands - Delayed Draw,Delayed Draw Loan,Consumer Products,,,,,SOFR,5.50,2028-07-25,,,,,,
Spring Finco BV - Delayed Draw,Delayed Draw Loan,Holding Company,,,,,SOFR,5.50,2029-07-15,,,,,,
Sunmed Group Holdings LLC - Revolver,Revolver Loan,Healthcare,,,,,SOFR,5.50,2027-06-16,,,,,,
Saturn Purchaser Corp. - Revolver,Revolver Loan,Holding Company,,,,,SOFR,5.50,2030-07-22,,,,,,
Solairus - Delayed Draw,Delayed Draw Loan,Aerospace,,,,,SOFR,5.50,2030-07-22,,,,,,
Superna Inc. - Delayed Draw,Delayed Draw Loan,Software,,,,,SOFR,5.50,2028-03-06,,,,,,
Superna Inc. - Revolver,Revolver Loan,Software,,,,,SOFR,5.50,2028-03-06,,,,,,
SureWerx - Delayed Draw,Delayed Draw Loan,Industrial,,,,,SOFR,5.50,2029-12-28,,,,,,
SureWerx - Revolver,Revolver Loan,Industrial,,,,,SOFR,5.50,2028-12-28,,,,,,
Taoglas - Revolver,Revolver Loan,Technology,,,,,SOFR,5.50,2029-02-28,,,,,,
Titan Cloud Software Inc - Revolver,Revolver Loan,Software,,,,,SOFR,5.50,2028-09-07,,,,,,
TLC Purchaser Inc. - Revolver,Revolver Loan,Holding Company,,,,,SOFR,5.50,2027-10-11,,,,,,
V Global Holdings LLC - Revolver,Revolver Loan,Holding Company,,,,,SOFR,5.50,2027-12-22,,,,,,
Vessco Water - Delayed Draw,Delayed Draw Loan,Water Technology,,,,,SOFR,5.50,2031-07-24,,,,,,
Vessco Water - Revolver,Revolver Loan,Water Technology,,,,,SOFR,5.50,2031-07-24,,,,,,
Walker Edison - Delayed Draw,Delayed Draw Loan,E-commerce,,,,,SOFR,5.50,2029-03-31,,,,,,
WCI Gigawatt Purchaser - Revolver,Revolver Loan,Energy,,,,,SOFR,5.50,2027-11-19,,,,,,
Wealth Enhancement Group WEG - Delayed Draw,Delayed Draw Loan,Financial Services,,,,,SOFR,5.50,2028-10-04,,,,,,
Wealth Enhancement Group WEG - Delayed Draw,Delayed Draw Loan,Financial Services,,,,,SOFR,5.50,2028-10-02,,,,,,
Wealth Enhancement Group WEG - Revolver,Revolver Loan,Financial Services,,,,,SOFR,5.50,2028-10-02,,,,,,
Darcy Partners - Revolver,Revolver Loan,Financial Services,,,,,,2028-06-01,,,,,,,
Datix Bidco Limited - Delayed Draw,Delayed Draw Loan,Software,,,,,,2031-04-30,,,,,,,
Datix Bidco Limited - Revolver,Revolver Loan,Software,,,,,,2030-10-30,,,,,,,
Discovery Senior Living - Delayed Draw,Delayed Draw Loan,Healthcare,,,,,,2030-03-18,,,,,,,
Discovery Senior Living - Revolver,Revolver Loan,Healthcare,,,,,,2030-03-18,,,,,,,
DTIQ - Delayed Draw,Delayed Draw Loan,Software,,,,,,2029-09-30,,,,,,,
DTIQ - Revolver,Revolver Loan,Software,,,,,,2029-09-30,,,,,,,
Duraco - Revolver,Revolver Loan,Manufacturing,,,,,,2029-06-06,,,,,,,
Easy Ice - Delayed Draw,Delayed Draw Loan,Manufacturing,,,,,,2030-10-30,,,,,,,
Easy Ice - Revolver,Revolver Loan,Manufacturing,,,,,,2030-10-30,,,,,,,
Efficient Collaborative Retail Marketing Company LLC - Revolver,Revolver Loan,,,,,SOFR,,2025-12-31,,,,,,,
EHE Health - Revolver,Revolver Loan,Healthcare,,,,,,2030-08-07,,,,,,,
Electronic Merchant Systems - Revolver,Revolver Loan,Financial Services,,,,,,2030-08-01,,,,,,,
Element Buyer Inc - Revolver,Revolver Loan,,,,,SOFR,,2026-07-19,,,,,,,
E-Tech Group - Revolver,Revolver Loan,Technology,,,,,,2030-04-09,,,,,,,
Facts Global Energy - Delayed Draw,Delayed Draw Loan,Energy,,,,,,2031-12-20,,,,,,,
Facts Global Energy - Revolver,Revolver Loan,Energy,,,,,,2031-06-20,,,,,,,
Forward Slope - Revolver,Revolver Loan,,,,,SOFR,,2029-08-22,,,,,,,
Gills Point S - Delayed Draw,Delayed Draw Loan,,,,,SOFR,,2029-05-17,,,,,,,
Gills Point S - Revolver,Revolver Loan,,,,,SOFR,,2029-05-17,,,,,,,
Gulf Winds International - Revolver,Revolver Loan,,,,,SOFR,,2028-12-16,,,,,,,
HealthDrive - Delayed Draw,Delayed Draw Loan,,,,,SOFR,,2029-08-20,,,,,,,
HealthDrive - Revolver,Revolver Loan,,,,,SOFR,,2029-08-20,,,,,,,
Hellers - Delayed Draw,Delayed Draw Loan,,,,,SOFR,,2030-09-27,,,,,,,
Hempz - Revolver,Revolver Loan,,,,,SOFR,,2029-10-25,,,,,,,
ImageTrend - Revolver,Revolver Loan,,,,,SOFR,,2029-01-31,,,,,,,
Intoxalock - Revolver,Revolver Loan,,,,,SOFR,,2028-11-01,,,,,,,
A&R Logistics Inc - Revolver,Revolver Loan,,,,,SOFR,,2026-08-03,,,,,,,
Advanced Aircrew - Revolver,Revolver Loan,,,,,SOFR,,2030-07-26,,,,,,,
AEG Vision - Delayed Draw,Delayed Draw Loan,,,,,SOFR,,2026-03-27,,,,,,,
AEG Vision - Delayed Draw,Delayed Draw Loan,,,,,SOFR,,2027-03-27,,,,,,,
AgroFresh Solutions - Revolver,Revolver Loan,,,,,SOFR,,2028-03-31,,,,,,,
Allbridge - Delayed Draw,Delayed Draw Loan,,,,,SOFR,,2030-06-05,,,,,,,
Allbridge - Revolver,Revolver Loan,,,,,SOFR,,2030-06-05,,,,,,,
Allworth - Delayed Draw,Delayed Draw Loan,,,,,SOFR,,2027-12-23,,,,,,,
Allworth Financial Group LP - Revolver,Revolver Loan,,,,,SOFR,,2027-12-23,,,,,,,
AMI - Revolver,Revolver Loan,,,,,SOFR,,2031-10-17,,,,,,,
Apollo Intelligence - Delayed Draw,Delayed Draw Loan,,,,,SOFR,,2028-05-31,,,,,,,
Apollo Intelligence - Revolver,Revolver Loan,,,,,SOFR,,2028-05-31,,,,,,,
Applitools - Revolver,Revolver Loan,,,,,SOFR,,2028-05-25,,,,,,,
Appriss Holdings Inc - Revolver,Revolver Loan,,,,,SOFR,,2027-05-06,,,,,,,
Arctic Glacier U.S.A. Inc - Revolver,Revolver Loan,,,,,SOFR,,2028-05-24,,,,,,,
ASP-r-pac Acquisition Co LLC - Revolver,Revolver Loan,,,,,SOFR,,2027-12-29,,,,,,,
ATS - Revolver,Revolver Loan,,,,,SOFR,,2029-07-12,,,,,,,
Avalon Acquiror Inc - Revolver,Revolver Loan,,,,,SOFR,,2028-03-10,,,,,,,
Awayday - Delayed Draw,Delayed Draw Loan,,,,,SOFR,,2031-09-06,,,,,,,
Awayday - Revolver,Revolver Loan,,,,,SOFR,,2030-09-06,,,,,,,
AXH Air Coolers - Delayed Draw,Delayed Draw Loan,,,,,SOFR,,2029-10-31,,,,,,,
AXH Air Coolers - Revolver,Revolver Loan,,,,,SOFR,,2029-10-31,,,,,,,
Beacon Specialized Living - Delayed Draw,Delayed Draw Loan,,,,,SOFR,,2028-03-25,,,,,,,
Beacon Specialized Living - Revolver,Revolver Loan,,,,,SOFR,,2028-03-25,,,,,,,
Beneficium - Delayed Draw,Delayed Draw Loan,,,,,SOFR,,2031-06-28,,,,,,,
Black Mountain - Delayed Draw,Delayed Draw Loan,,,,,SOFR,,2030-10-07,,,,,,,
Black Mountain - Revolver,Revolver Loan,,,,,SOFR,,2030-10-07,,,,,,,
HealthDrive - Revolver,Revolver Loan,Healthcare,,,,,SOFR,,2029-08-20,,,,,,
Hellers - Delayed Draw,Delayed Draw Loan,Consumer Services,,,,,SOFR,,2030-09-27,,,,,,
Hempz - Revolver,Revolver Loan,Consumer Goods,,,,,SOFR,,2029-10-25,,,,,,
ImageTrend - Revolver,Revolver Loan,Software,,,,,SOFR,,2029-01-31,,,,,,
Intoxalock - Revolver,Revolver Loan,Software,,,,,SOFR,,2028-11-01,,,,,,
JHCC Holdings LLC - Revolver,Revolver Loan,Software,,,,,SOFR,,2027-09-09,,,,,,
LogRhythm - Revolver,Revolver Loan,Software,,,,,SOFR,,2029-07-02,,,,,,
Mach Acquisition R/C - Revolver,Revolver Loan,Software,,,,,SOFR,,2026-10-19,,,,,,
Master ConcessionAir - Delayed Draw,Delayed Draw Loan,Aerospace & Defense,,,,,SOFR,,2029-06-21,,,,,,
Master ConcessionAir - Revolver,Revolver Loan,Aerospace & Defense,,,,,SOFR,,2029-06-21,,,,,,
McLarens Acquisition Inc. - Delayed Draw,Delayed Draw Loan,Business Services,,,,,SOFR,,2025-12-16,,,,,,
Morrow Sodali - Revolver,Revolver Loan,Business Services,,,,,SOFR,,2028-04-25,,,,,,
MRHT - Delayed Draw,Delayed Draw Loan,Healthcare,,,,,SOFR,,2029-02-01,,,,,,
MZR Buyer LLC - Revolver,Revolver Loan,Software,,,,,SOFR,,2028-12-22,,,,,,
Nafinco - Delayed Draw,Delayed Draw Loan,Financial Services,,,,,SOFR,,2031-08-29,,,,,,
Nafinco - Revolver,Revolver Loan,Financial Services,,,,,SOFR,,2031-05-30,,,,,,
NearMap - Revolver,Revolver Loan,Software,,,,,SOFR,,2029-12-09,,,,,,
New Look Vision Group - Revolver,Revolver Loan,Healthcare,,,,,SOFR,,2026-05-26,,,,,,
Odyssey Behavioral Health - Revolver,Revolver Loan,Healthcare,,,,,SOFR,,2030-11-21,,,,,,
OGH Bidco Limited - Delayed Draw,Delayed Draw Loan,Software,,,,,SOFR,,2029-06-29,,,,,,
Orion - Delayed Draw,Delayed Draw Loan,Software,,,,,SOFR,,2027-03-19,,,,,,
Orion - Revolver,Revolver Loan,Software,,,,,SOFR,,2027-03-19,,,,,,
PayRange - Revolver,Revolver Loan,Software,,,,,SOFR,,2030-10-31,,,,,,
PCF - Delayed Draw,Delayed Draw Loan,Software,,,,,SOFR,,2028-11-01,,,,,,
Pharmacy Partners - Revolver,Revolver Loan,Healthcare,,,,,SOFR,,2029-02-28,,,,,,
PlentyMarkets - Delayed Draw,Delayed Draw Loan,Software,,,,,SOFR,,2032-03-13,,,,,,
PlentyMarkets - Revolver,Revolver Loan,Software,,,,,SOFR,,2031-09-13,,,,,,
Chase Industries Inc - Revolver,Revolver Loan,Manufacturing,,,,,,2027-11-11,,,,,,,
Chilton - Delayed Draw,Delayed Draw Loan,Software,,,,,,2031-02-05,,,,,,,
Chilton - Revolver,Revolver Loan,Software,,,,,,2031-02-05,,,,,,,
Choreo - Delayed Draw,Delayed Draw Loan,Software,,,,,,2028-02-18,,,,,,,
City BBQ - Delayed Draw,Delayed Draw Loan,Restaurants,,,,,,2030-09-04,,,,,,,
City BBQ - Revolver,Revolver Loan,Restaurants,,,,,,2030-09-04,,,,,,,
Concert Golf Partners Holdco LLC - Delayed Draw,Delayed Draw Loan,Leisure,,,,,,2031-04-01,,,,,,,
Concert Golf Partners Holdco LLC - Revolver,Revolver Loan,Leisure,,,,,,2030-04-01,,,,,,,
Congress Wealth - Delayed Draw,Delayed Draw Loan,Financial Services,,,,,,2029-06-30,,,,,,,
Congress Wealth - Revolver,Revolver Loan,Financial Services,,,,,,2029-06-30,,,,,,,
Cube - Delayed Draw,Delayed Draw Loan,Software,,,,,,2031-05-20,,,,,,,
Efficient Collaborative Retail Marketing Company LLC - Revolver,Revolver Loan,Retail,,,,,,2026-09-30,,,,,,,
Mertus 522 GmbH,First Lien Senior Secured Loan,Healthcare,8.5%,2.0%,EURIBOR,6.25%,,2026-05-28,13175,15957,,,,,
Mertus 522 GmbH,First Lien Senior Secured Loan,Healthcare,8.5%,2.0%,EURIBOR,6.25%,,2026-05-28,22498,27252,,,,,
Nafinco,First Lien Senior Secured Loan,Healthcare,7.97%,,EURIBOR,,2031-08-29,8000,8397,,,,,,
Pharmathen,First Lien Senior Secured Loan - Revolver,Healthcare,8.26%,,EURIBOR,,2029-01-19,13492,15095,,,,,,
Pharmathen,First Lien Senior Secured Loan - Revolver,Healthcare,8.26%,,EURIBOR,,2029-01-19,2453,2627,,,,,,
Onventis,First Lien Senior Secured Loan - Delayed Draw,High Tech Industries,9.92%,,EURIBOR,,2030-01-14,13919,15098,,,,,,
Utimaco,First Lien Senior Secured Loan,High Tech Industries,8.94%,,EURIBOR,,2029-05-14,8250,8361,,,,,,
Kpler,First Lien Senior Secured Loan,Media Advertising Printing & Publishing,8.59%,,EURIBOR,,2030-03-03,14981,16242,,,,,,
Kpler,First Lien Senior Secured Loan - Delayed Draw,Media Advertising Printing & Publishing,8.59%,,EURIBOR,,2030-03-03,3246,3519,,,,,,
Lightning Finco Limited,First Lien Senior Secured Loan,Media Broadcasting & Subscription,8.08%,,EURIBOR,,2028-08-31,2619,2951,,,,,,
Aptus 1724 Gmbh,First Lien Senior Secured Loan,Media Diversified & Production,6.51%,4.00%,EURIBOR,4.00%,,2028-03-03,35863,42299,,,,,
iBanFirst,First Lien Senior Secured Loan,Services Business,12.32%,10.00%,EURIBOR,,2028-07-13,14598,16371,,,,,,
Webcentral,First Lien Senior Secured Loan,Services Business,8.63%,,EURIBOR,,2030-12-18,3423,3780,,,,,,
Webcentral,First Lien Senior Secured Loan - Delayed Draw,Services Business,10.58%,,SOFR,,2030-12-18,3323,3462,,,,,,
Access (18),First Lien Senior Secured Loan,High Tech Industries,,5.25%,SONIA,,2029-06-28,7880,9120,,,,,,
Access (18),First Lien Senior Secured Loan,High Tech Industries,,5.25%,SONIA,,2029-06-28,9764,11887,,,,,,
Cloud Technology Solutions (CTS) (15)(19),First Lien Senior Secured Loan,High Tech Industries,8.00%,0.25%,SONIA,,2030-01-03,9462,11951,,,,,,
Kpler (15),First Lien Senior Secured Loan,Media Advertising Printing & Publishing,,6.25%,SONIA,,2030-03-03,4312,5495,,,,,,
OGH Bidco Limited (18),First Lien Senior Secured Loan,Media Advertising Printing & Publishing,,6.25%,SOFR,,2029-09-02,5172,6068,,,,,,
OGH Bidco Limited (18),First Lien Senior Secured Loan,Media Advertising Printing & Publishing,,6.25%,SONIA,,2029-06-29,13160,15229,,,,,,
TGI Sport Bidco Pty Ltd (17),First Lien Senior Secured Loan - Delayed Draw,Media Advertising Printing & Publishing,,6.12%,SONIA,,2029-06-24,6700,8636,,,,,,
Beneficium (15),First Lien Senior Secured Loan,Services Business,,5.75%,SONIA,,2031-06-28,7497,9722,,,,,,
Brook Bidco (18)(19),First Lien Senior Secured Loan,Services Business,3.50%,4.03%,SONIA,,2028-07-10,26495,35605,,,,,,
Datix Bidco Limited (18),First Lien Senior Secured Loan,Services Business,,5.25%,SONIA,,2031-04-30,8160,10484,,,,,,
Brook Bidco (16)(19),First Lien Senior Secured Loan,Services Business,3.50%,4.18%,SOFR,,2028-07-10,5849,7728,,,,,,
Brook Bidco (16)(19),First Lien Senior Secured Loan,Services Business,3.50%,4.18%,SOFR,,2028-07-10,8138,10751,,,,,,
Opus2 (18),First Lien Senior Secured Loan,Services Business,,5.80%,SONIA,,2028-05-05,12151,16517,,,,,,
Parcel2Go (18),First Lien Senior Secured Loan,Services Business,,7.00%,SONIA,,2031-11-26,4338,5438,,,,,,
TES Global (18),First Lien Senior Secured Loan - Delayed Draw,Services Business,,5.00%,SONIA,,2029-01-27,1200,1494,,,,,,
TES Global (18),First Lien Senior Secured Loan,Services Business,,5.00%,SONIA,,2029-02-01,14364,17662,,,,,,
Surrey Bidco Limited (7)(14)(18)(19),First Lien Senior Secured Loan,Services Consumer,7.28%,,SONIA,,2026-05-11,7180,8406,,,,,,
Access,First Lien Senior Secured Loan,High Tech Industries,,,,,SONIA,,2029-06-28,7880,9115,,,,
Cloud Technology Solutions (CTS),First Lien Senior Secured Loan,High Tech Industries,,5.00%,SONIA,0.25%,2030-01-03,9042,11430,,,,,,
Kpler,First Lien Senior Secured Loan,Media: Advertising Printing & Publishing,,,,,SONIA,,,4312,5495,,,,
OGH Bidco Limited,First Lien Senior Secured Loan,Media: Advertising Printing & Publishing,,,,,SOFR,,2026-05-11,5172,6068,,,,
OGH Bidco Limited,First Lien Senior Secured Loan,Media: Advertising Printing & Publishing,,,,,SONIA,,2026-05-11,13160,15221,,,,
TGI Sport Bidco Pty Ltd,First Lien Senior Secured Loan - Delayed Draw,Media: Advertising Printing & Publishing,,,,,SONIA,,2026-05-11,6700,8636,,,,
Beneficium,First Lien Senior Secured Loan,Services: Business,,,,,SONIA,,2031-06-28,7497,9718,,,,
Brook Bidco,First Lien Senior Secured Loan,Services: Business,,3.50%,SONIA,4.03%,2028-07-10,26495,35591,,,,,,
Datix Bidco Limited,First Lien Senior Secured Loan,Services: Business,,,,,SONIA,,2031-04-30,8160,10476,,,,
Learning Pool,First Lien Senior Secured Loan,Services: Business,,3.50%,SOFR,4.18%,2028-07-10,5849,7728,,,,,,
Learning Pool,First Lien Senior Secured Loan,Services: Business,,3.50%,SOFR,4.18%,2028-07-10,8138,10751,,,,,,
Opus2,First Lien Senior Secured Loan,Services: Business,,,,,SONIA,,2028-05-05,12151,16497,,,,
Parcel2Go,First Lien Senior Secured Loan,Services: Business,,,,,SONIA,,2031-11-26,4290,5379,,,,
TES Global,First Lien Senior Secured Loan - Revolver,Services: Business,,,,,,2029-01-27,,,,,,,8
TES Global,First Lien Senior Secured Loan,Services: Business,,,,,SONIA,,2029-07-12,14364,17651,,,,
Surrey Bidco Limited,First Lien Senior Secured Loan,Services: Consumer,6.28%,,SONIA,,2026-05-11,6771,8406,,,,,,
Mertus 522. GmbH,First Lien Senior Secured Loan,Healthcare & Pharmaceuticals,8.9%,0.75%,EURIBOR,6.25%,,2026-05-28,13129,15896,,,,,
Mertus 522. GmbH,First Lien Senior Secured Loan,Healthcare & Pharmaceuticals,8.9%,0.75%,EURIBOR,6.25%,,2026-05-28,22498,27233,,,,,
Nafinco,First Lien Senior Secured Loan,Healthcare & Pharmaceuticals,,5.25%,EURIBOR,7.97%,,2031-08-29,8000,8390,,,,,
Pharmathen,First Lien Senior Secured Loan - Revolver,,5.68%,EURIBOR,8.26%,,2028-10-25,13492,15075,,,,,,
Pharmathen,First Lien Senior Secured Loan - Revolver,,5.68%,EURIBOR,8.26%,,2028-10-25,2235,2406,,,,,,
Onventis,First Lien Senior Secured Loan - Delayed Draw,,7.50%,EURIBOR,11.47%,,2030-01-14,13919,15095,,,,,,
Utimaco,First Lien Senior Secured Loan,,6.25%,EURIBOR,9.15%,,2029-05-14,8250,8356,,,,,,
Aptus 1724. Gmbh,First Lien Senior Secured Loan,Media: Diversified & Production,8.88%,1.50%,EURIBOR,6.00%,,2028-02-23,35504,41853,,,,,
iBanFirst,First Lien Senior Secured Loan,Services: Business,,10.00%,EURIBOR,13.00%,,2028-07-13,14124,15867,,,,,
Webcentral,First Lien Senior Secured Loan,Services: Business,,6.25%,EURIBOR,9.41%,,2030-03-03,3423,3778,,,,,
New Look (Delaware) Corporation,First Lien Senior Secured Loan,Retail,8.98%,,CORRA,4.32%,,2028-05-26,18004,14743,,,,,
New Look Vision Group,First Lien Senior Secured Loan - Delayed Draw,,5.82%,,CORRA,,2028-05-26,1171,903,,,,,,
New Look Vision Group,First Lien Senior Secured Loan - Delayed Draw,,5.82%,,CORRA,,2028-05-26,2248,1615,,,,,,
V Global Holdings LLC,First Lien Senior Secured Loan,Chemicals Plastics & Rubber,8.28%,,EURIBOR,5.75%,,2027-12-22,9142,9264,,,,,
Reconomy,First Lien Senior Secured Loan,Environmental Industries,8.36%,,EURIBOR,6.00%,,2029-07-12,2440,2475,,,,,
MRHT,First Lien Senior Secured Loan,FIRE Insurance,9.28%,,EURIBOR,6.75%,,2029-02-01,12000,12999,,,,,
MRHT,First Lien Senior Secured Loan - Revolver,FIRE Insurance,9.11%,,EURIBOR,6.75%,,2029-02-01,5069,5495,,,,,
MRHT,First Lien Senior Secured Loan - Delayed Draw,FIRE Insurance,8.61%,,EURIBOR,6.25%,,2029-02-01,1014,979,,,,,
Ansett Aviation Training,Equity Interest,Aerospace & Defense,,,,,,,5119,3842,8617,,,,
Ansett Aviation Training,First Lien Senior Secured Loan,Aerospace & Defense,,,,,BBSY,4.69%,2031-09-24,7072,5308,,,,
ADT Pizza LLC,Equity Interest,Beverage Food & Tobacco,,,,,,,6720,6732,8429,,,,
Walker Edison,First Lien Senior Secured Loan - Delayed Draw,Consumer Goods Durable,11.36%,6.90%,SOFR,6.90%,2029-03-31,278,278,,,,,,
Walker Edison,Equity Interest,Consumer Goods Durable,,,,,,,60,5592,,,,,
Walker Edison,First Lien Senior Secured Loan,Consumer Goods Durable,11.56%,6.90%,SOFR,6.90%,2027-03-31,6933,6434,,,,,,
Walker Edison,First Lien Senior Secured Loan - Revolver,Consumer Goods Durable,11.06%,,SOFR,6.40%,2027-03-31,3182,3182,,,,,,
Walker Edison,First Lien Senior Secured Loan - Delayed Draw,Consumer Goods Durable,11.48%,6.90%,SOFR,6.90%,2027-03-31,918,873,,,,,,
Walker Edison,First Lien Senior Secured Loan - Delayed Draw,Consumer Goods Durable,11.34%,6.90%,SOFR,6.90%,2027-03-31,2040,1941,,,,,,
DC Blox,First Lien Senior Secured Loan,Telecommunications,5.37%,,SOFR,1.00%,2025-06-20,1408,1316,,,,,,
DC Blox,Preferred Equity,Telecommunications,,8.00%,,8.00%,,38,37901,,,,,,
DC Blox,Preferred Equity,Telecommunications,,8.00%,,8.00%,,5,3859,,,,,,
DC Blox,Preferred Equity,Telecommunications,,8.00%,,8.00%,,7,11,,,,,,
DC Blox,Equity Interest,Telecommunications,,,,,,,51,,,,,,
New Look (Delaware) Corporation,First Lien Senior Secured Loan,Retail,8.25%,2.00%,CORRA,4.32%,,2028-05-26,17959,14711,,,,,
New Look Vision Group,First Lien Senior Secured Loan - Delayed Draw,,5.82%,,CORRA,,2028-05-26,1174,905,,,,,,
New Look Vision Group,First Lien Senior Secured Loan - Delayed Draw,,5.82%,,CORRA,,2028-05-26,2254,1618,,,,,,
V Global Holdings LLC,First Lien Senior Secured Loan,,5.75%,,EURIBOR,,2027-12-22,9165,9280,,,,,,
Reconomy,First Lien Senior Secured Loan,,6.00%,,EURIBOR,,2029-07-12,2440,2475,,,,,,
MRHT,First Lien Senior Secured Loan,,6.50%,,EURIBOR,,2029-02-01,12000,12992,,,,,,
MRHT,First Lien Senior Secured Loan - Revolver,,6.75%,,EURIBOR,,2029-02-01,5069,5492,,,,,,
A&R Logistics Inc - Revolver,Revolver,Logistics,,,,,,2026-08-03,,,,,,,
Advanced Aircrew - Revolver,Revolver,Aerospace,,,,,,2030-07-26,,,,,,,
AEG Vision - Delayed Draw,Delayed Draw,Healthcare,,,,,,2027-03-27,,,,,,,
Allbridge - Delayed Draw,Delayed Draw,Financial Services,,,,,,2030-06-05,,,,,,,
Allbridge - Revolver,Revolver,Financial Services,,,,,,2030-06-05,,,,,,,
Allworth Financial Group LP - Delayed Draw,Delayed Draw,Financial Services,,,,,,2027-12-23,,,,,,,
Allworth Financial Group LP - Revolver,Revolver,Financial Services,,,,,,2027-12-23,,,,,,,
AMI - Revolver,Revolver,Healthcare,,,,,,2031-10-17,,,,,,,
AOM Infusion - Delayed Draw,Delayed Draw,Healthcare,,,,,,2032-03-19,,,,,,,
AOM Infusion - Revolver,Revolver,Healthcare,,,,,,2032-03-19,,,,,,,
Apollo Intelligence - Revolver,Revolver,Business Services,,,,,,2028-05-31,,,,,,,
Applitools - Revolver,Revolver,Software,,,,,,2028-05-25,,,,,,,
Appriss - Delayed Draw,Delayed Draw,Software,,,,,,2031-03-10,,,,,,,
Appriss - Revolver,Revolver,Software,,,,,,2031-03-10,,,,,,,
Appriss Holdings Inc - Revolver,Revolver,Software,,,,,,2027-05-06,,,,,,,
Arctic Glacier U.S.A. Inc - Revolver,Revolver,Manufacturing,,,,,,2028-05-24,,,,,,,
ASP-r-pac Acquisition Co LLC - Revolver,Revolver,Packaging,,,,,,2027-12-29,,,,,,,
ATS - Revolver,Revolver,Technology,,,,,,2029-07-12,,,,,,,
Avalon Acquiror Inc - Revolver,Revolver,Business Services,,,,,,2028-03-10,,,,,,,
Awayday - Revolver,Revolver,Consumer Services,,,,,,2030-09-06,,,,,,,
AXH Air Coolers - Delayed Draw,Delayed Draw,Manufacturing,,,,,,2029-10-31,,,,,,,
AXH Air Coolers - Revolver,Revolver,Manufacturing,,,,,,2029-10-31,,,,,,,
Beacon Specialized Living - Delayed Draw,Delayed Draw,Healthcare,,,,,,2028-03-25,,,,,,,
Beacon Specialized Living - Revolver,Revolver,Healthcare,,,,,,2028-03-25,,,,,,,
Beneficium - Delayed Draw,Delayed Draw,Financial Services,,,,,,2031-06-28,,,,,,,
BTX Precision - Delayed Draw,Delayed Draw,Manufacturing,,,,,,2030-07-25,,,,,,,
BTX Precision - Revolver,Revolver,Manufacturing,,,,,,2030-07-25,,,,,,,
PrimeFlight Acquisition LLC,First Lien Senior Secured Loan,Transportation,9.58%,,SOFR,5.25%,,2029-05-01,4055,3998,,,4055,,
PrimeFlight Acquisition LLC,First Lien Senior Secured Loan,Transportation,10.58%,,SOFR,5.50%,,2029-05-01,12066,11874,,,12066,,
PrimeFlight Acquisition LLC,First Lien Senior Secured Loan,Transportation,9.83%,,SOFR,5.50%,,2029-05-01,835,835,,,835,,
Vessco Water,First Lien Senior Secured Loan - Delayed Draw,Utilities,9.03%,,SOFR,4.75%,,2031-07-24,879,858,,,879,,
Vessco Water,First Lien Senior Secured Loan - Revolver,,,,,,2031-07-24,,,,,,,,
Vessco Water,First Lien Senior Secured Loan,Utilities,9.11%,,SOFR,4.75%,,2031-07-24,6187,6127,,,6187,,
Abracon Group Holding LLC,First Lien Senior Secured Loan,Wholesale,4.60%,2.05%,SOFR,2.05%,,2028-07-06,14269,14317,,,14269,,
Abracon Group Holding LLC,First Lien Senior Secured Loan - Revolver,Wholesale,4.60%,2.05%,SOFR,2.05%,,2028-07-06,2040,2017,,,2040,,
SureWerx,First Lien Senior Secured Loan - Revolver,Wholesale,8.42%,,CORRA,5.25%,,2028-12-28,58,40,,,58,,
SureWerx,First Lien Senior Secured Loan - Delayed Draw,Wholesale,,,,,,2029-12-28,,,,,,,
SureWerx,First Lien Senior Secured Loan - Revolver,Wholesale,9.58%,,SOFR,5.25%,,2028-12-28,764,746,,,764,,
Stanton Carpet,Second Lien Senior Secured Loan,Consumer Goods Durable,,,,,SOFR,9.15%,,2028-03-31,5000,4956,,,
NearMap,First Lien Senior Secured Loan,High Tech Industries,,,,,SOFR,5.00%,,2029-12-09,23343,23172,,,
Utimaco,First Lien Senior Secured Loan,High Tech Industries,,,,,SOFR,6.51%,,2029-05-14,16450,16342,,,
Lightning Finco Limited,First Lien Senior Secured Loan,Media Broadcasting & Subscription,,,,,SOFR,5.68%,,2028-08-31,23907,23793,,,
Aptus 1724 Gmbh,First Lien Senior Secured Loan Delayed Draw,Media Diversified & Production,6.15%,1.50%,SOFR,,2028-02-23,10144,10108,,,,,,
Cardo,First Lien Senior Secured Loan,Automotive,,,,SOFR,5.25%,,2028-05-12,9653,9607,,,,
V Global Holdings LLC,First Lien Senior Secured Loan,Chemicals Plastics & Rubber,,,,SOFR,5.90%,,2027-12-22,22984,22984,,,,
NearMap,First Lien Senior Secured Loan,High Tech Industries,,,,SOFR,5.00%,,2029-12-09,23284,23122,,,,
Lightning Finco Limited,First Lien Senior Secured Loan,Media Broadcasting & Subscription,,,,SOFR,5.68%,,2028-08-31,23907,23801,,,,
Aptus 1724 Gmbh,First Lien Senior Secured Loan Delayed Draw,Media Diversified & Production,6.15%,1.50%,SOFR,4.15%,,2028-03-03,10247,10214,,,,,
Ansett Aviation Training,First Lien Senior Secured Loan,Aerospace & Defense,,,,,BBSY,4.69%,,2031-09-24,14144,9830,,,
Ansett Aviation Training,Equity Interest,Aerospace & Defense,,,,,,,10238,7115,,,,,
TGI Sport Bidco Pty Ltd,First Lien Senior Secured Loan,Media Advertising Printing & Publishing,,,,,BBSY,7.00%,,2026-04-30,9730,7096,,,
TGI Sport Bidco Pty Ltd,First Lien Senior Secured Loan - Delayed Draw,Media Advertising Printing & Publishing,,,,,SOFR,7.11%,,2026-04-30,4081,2568,,,
Reconomy,First Lien Senior Secured Loan - Delayed Draw,Environmental Industries,,,,,EURIBOR,6.00%,,2029-07-12,6578,8094,,,
Reconomy,First Lien Senior Secured Loan - Revolver,Environmental Industries,,,,,SOFR,6.25%,,2029-07-12,5663,7091,,,
Margaux UK Finance Limited,First Lien Senior Secured Loan,FIRE Insurance,,,,,SONIA,5.75%,,2025-12-19,7299,9220,,,
Ansett Aviation Training,First Lien Senior Secured Loan,Aerospace & Defense,,,BBSY,4.69%,,2031-09-24,14144,9831,,,,,
TGI Sport Bidco Pty Ltd,First Lien Senior Secured Loan,Media Advertising Printing & Publishing,,,BBSY,7.00%,,2026-04-30,9730,7085,,,,,
Reconomy,First Lien Senior Secured Loan,Environmental Industries,,,SONIA,6.25%,,2029-07-12,6050,7045,,,,,
Reconomy,First Lien Senior Secured Loan - Delayed Draw,Environmental Industries,,,EURIBOR,6.00%,,2029-07-12,6578,8094,,,,,
Reconomy,First Lien Senior Secured Loan - Revolver,Environmental Industries,,,SONIA,6.25%,,2029-07-12,4830,6269,,,,,
Parmenion,First Lien Senior Secured Loan,FIRE Finance,,,SONIA,5.50%,,2029-05-11,29070,35332,,,,,
Margaux UK Finance Limited,First Lien Senior Secured Loan,FIRE Insurance,,,SONIA,5.50%,,2025-12-19,7318,9245,,,,,
WCI Gigawatt Purchaser - Revolver,Revolver,Power Generation,,,SOFR,6.25%,,2027-11-19,,,,,,,
Wealth Enhancement Group (WEG) - Delayed Draw,Delayed Draw,Financial Services,,,SOFR,5.50%,,2028-10-02,,,,,,,
Wealth Enhancement Group (WEG) - Delayed Draw,Delayed Draw,Financial Services,,,SOFR,5.50%,,2028-10-04,,,,,,,
Wealth Enhancement Group (WEG) - Revolver,Revolver,Financial Services,,,SOFR,5.50%,,2028-10-02,,,,,,,
Webcentral - Delayed Draw,Delayed Draw,Software,,,SOFR,6.25%,,2030-12-18,,,,,,,
Whitcraft-Paradigm - Delayed Draw,Delayed Draw,Manufacturing,,,SOFR,5.50%,,2029-02-15,,,,,,,
Whitcraft-Paradigm - Revolver,Revolver,Manufacturing,,,SOFR,5.50%,,2029-02-28,,,,,,,
WSP - Revolver,Revolver,Professional Services,,,SOFR,5.50%,,2028-04-27,,,,,,,
WU Holdco Inc - Revolver,Revolver,Holding Company,,,SOFR,6.25%,,2027-03-26,,,,,,,
Zeus Fire & Security - Delayed Draw,Delayed Draw,Industrial Services,,,SOFR,5.50%,,2030-12-11,,,,,,,
Zeus Fire & Security - Revolver,Revolver,Industrial Services,,,SOFR,5.50%,,2030-12-11,,,,,,,
Avalon Acquiror Inc,First Lien Senior Secured Loan,Services: Business,6.25%,,SOFR,,2028-03-10,11700,11636,,,,,,
Chamber Bidco Limited,First Lien Senior Secured Loan,Services: Business,5.75%,,SOFR,,2028-06-02,21081,20973,,,,,,
Smartronix,First Lien Senior Secured Loan,Services: Business,6.10%,,SOFR,,2028-11-23,10697,10617,,,,,,
Avalon Acquiror Inc,First Lien Senior Secured Loan,Services: Business,6.25%,,SOFR,,2028-03-10,11670,11611,,,,,,
Easy Ice,First Lien Senior Secured Loan,Services: Business,5.40%,,SOFR,,2030-10-30,8479,8355,,,,,,