ticker,filing_date,statement_label,statement_type,line_item,concept,value,context_key,start_date,end_date,instant_date,duration_days,level,is_abstract,preferred_label,order_index
ARCC,2025-04-29,income_statement,income_statement,IncomeBasedFeesPayable,IncomeBasedFeesPayable,85000000,c-9,,,2025-03-31,,,False,IncomeBasedFeesPayable,
ARCC,2025-04-29,income_statement,income_statement,IncomeBasedFeesPayable,IncomeBasedFeesPayable,91000000,c-10,,,2024-12-31,,,False,IncomeBasedFeesPayable,
ARCC,2025-04-29,income_statement,income_statement,InterestIncomeOperatingPaidInCash,InterestIncomeOperatingPaidInCash,431000000,c-11,2025-01-01,2025-03-31,,89,,False,InterestIncomeOperatingPaidInCash,
ARCC,2025-04-29,income_statement,income_statement,InterestIncomeOperatingPaidInCash,InterestIncomeOperatingPaidInCash,413000000,c-12,2024-01-01,2024-03-31,,90,,False,InterestIncomeOperatingPaidInCash,
ARCC,2025-04-29,income_statement,income_statement,InterestIncomeOperatingPaidInKind,InterestIncomeOperatingPaidInKind,40000000,c-11,2025-01-01,2025-03-31,,89,,False,InterestIncomeOperatingPaidInKind,
ARCC,2025-04-29,income_statement,income_statement,InterestIncomeOperatingPaidInKind,InterestIncomeOperatingPaidInKind,42000000,c-12,2024-01-01,2024-03-31,,90,,False,InterestIncomeOperatingPaidInKind,
ARCC,2025-04-29,income_statement,income_statement,FeeIncome,FeeIncome,43000000,c-11,2025-01-01,2025-03-31,,89,,False,FeeIncome,
ARCC,2025-04-29,income_statement,income_statement,FeeIncome,FeeIncome,26000000,c-12,2024-01-01,2024-03-31,,90,,False,FeeIncome,
ARCC,2025-04-29,income_statement,income_statement,DividendIncomeOperating,DividendIncomeOperating,3000000,c-11,2025-01-01,2025-03-31,,89,,False,DividendIncomeOperating,
ARCC,2025-04-29,income_statement,income_statement,DividendIncomeOperating,DividendIncomeOperating,24000000,c-12,2024-01-01,2024-03-31,,90,,False,DividendIncomeOperating,
ARCC,2025-04-29,income_statement,income_statement,DividendIncomeOperatingPaidInKind,DividendIncomeOperatingPaidInKind,66000000,c-11,2025-01-01,2025-03-31,,89,,False,DividendIncomeOperatingPaidInKind,
ARCC,2025-04-29,income_statement,income_statement,DividendIncomeOperatingPaidInKind,DividendIncomeOperatingPaidInKind,55000000,c-12,2024-01-01,2024-03-31,,90,,False,DividendIncomeOperatingPaidInKind,
ARCC,2025-04-29,income_statement,income_statement,OtherIncome,OtherIncome,16000000,c-11,2025-01-01,2025-03-31,,89,,False,OtherIncome,
ARCC,2025-04-29,income_statement,income_statement,OtherIncome,OtherIncome,12000000,c-12,2024-01-01,2024-03-31,,90,,False,OtherIncome,
ARCC,2025-04-29,income_statement,income_statement,GrossInvestmentIncomeOperating,GrossInvestmentIncomeOperating,599000000,c-11,2025-01-01,2025-03-31,,89,,False,GrossInvestmentIncomeOperating,
ARCC,2025-04-29,income_statement,income_statement,GrossInvestmentIncomeOperating,GrossInvestmentIncomeOperating,572000000,c-12,2024-01-01,2024-03-31,,90,,False,GrossInvestmentIncomeOperating,
ARCC,2025-04-29,income_statement,income_statement,InterestIncomeOperatingPaidInCash,InterestIncomeOperatingPaidInCash,5000000,c-13,2025-01-01,2025-03-31,,89,,False,InterestIncomeOperatingPaidInCash,
ARCC,2025-04-29,income_statement,income_statement,InterestIncomeOperatingPaidInCash,InterestIncomeOperatingPaidInCash,4000000,c-14,2024-01-01,2024-03-31,,90,,False,InterestIncomeOperatingPaidInCash,
ARCC,2025-04-29,income_statement,income_statement,InterestIncomeOperatingPaidInKind,InterestIncomeOperatingPaidInKind,5000000,c-13,2025-01-01,2025-03-31,,89,,False,InterestIncomeOperatingPaidInKind,
ARCC,2025-04-29,income_statement,income_statement,InterestIncomeOperatingPaidInKind,InterestIncomeOperatingPaidInKind,1000000,c-14,2024-01-01,2024-03-31,,90,,False,InterestIncomeOperatingPaidInKind,
ARCC,2025-04-29,income_statement,income_statement,DividendIncomeOperating,DividendIncomeOperating,0,c-13,2025-01-01,2025-03-31,,89,,False,DividendIncomeOperating,
ARCC,2025-04-29,income_statement,income_statement,DividendIncomeOperating,DividendIncomeOperating,1000000,c-14,2024-01-01,2024-03-31,,90,,False,DividendIncomeOperating,
ARCC,2025-04-29,income_statement,income_statement,GrossInvestmentIncomeOperating,GrossInvestmentIncomeOperating,10000000,c-13,2025-01-01,2025-03-31,,89,,False,GrossInvestmentIncomeOperating,
ARCC,2025-04-29,income_statement,income_statement,GrossInvestmentIncomeOperating,GrossInvestmentIncomeOperating,6000000,c-14,2024-01-01,2024-03-31,,90,,False,GrossInvestmentIncomeOperating,
ARCC,2025-04-29,income_statement,income_statement,InterestIncomeOperatingPaidInCash,InterestIncomeOperatingPaidInCash,40000000,c-15,2025-01-01,2025-03-31,,89,,False,InterestIncomeOperatingPaidInCash,
ARCC,2025-04-29,income_statement,income_statement,InterestIncomeOperatingPaidInCash,InterestIncomeOperatingPaidInCash,48000000,c-16,2024-01-01,2024-03-31,,90,,False,InterestIncomeOperatingPaidInCash,
ARCC,2025-04-29,income_statement,income_statement,InterestIncomeOperatingPaidInKind,InterestIncomeOperatingPaidInKind,5000000,c-15,2025-01-01,2025-03-31,,89,,False,InterestIncomeOperatingPaidInKind,
ARCC,2025-04-29,income_statement,income_statement,InterestIncomeOperatingPaidInKind,InterestIncomeOperatingPaidInKind,5000000,c-16,2024-01-01,2024-03-31,,90,,False,InterestIncomeOperatingPaidInKind,
ARCC,2025-04-29,income_statement,income_statement,FeeIncome,FeeIncome,3000000,c-15,2025-01-01,2025-03-31,,89,,False,FeeIncome,
ARCC,2025-04-29,income_statement,income_statement,FeeIncome,FeeIncome,2000000,c-16,2024-01-01,2024-03-31,,90,,False,FeeIncome,
ARCC,2025-04-29,income_statement,income_statement,DividendIncomeOperatingExcludingPaidInKind,DividendIncomeOperatingExcludingPaidInKind,73000000,c-15,2025-01-01,2025-03-31,,89,,False,DividendIncomeOperatingExcludingPaidInKind,
ARCC,2025-04-29,income_statement,income_statement,DividendIncomeOperatingExcludingPaidInKind,DividendIncomeOperatingExcludingPaidInKind,66000000,c-16,2024-01-01,2024-03-31,,90,,False,DividendIncomeOperatingExcludingPaidInKind,
ARCC,2025-04-29,income_statement,income_statement,DividendIncomeOperatingPaidInKind,DividendIncomeOperatingPaidInKind,1000000,c-15,2025-01-01,2025-03-31,,89,,False,DividendIncomeOperatingPaidInKind,
ARCC,2025-04-29,income_statement,income_statement,DividendIncomeOperatingPaidInKind,DividendIncomeOperatingPaidInKind,1000000,c-16,2024-01-01,2024-03-31,,90,,False,DividendIncomeOperatingPaidInKind,
ARCC,2025-04-29,income_statement,income_statement,OtherIncome,OtherIncome,1000000,c-15,2025-01-01,2025-03-31,,89,,False,OtherIncome,
ARCC,2025-04-29,income_statement,income_statement,OtherIncome,OtherIncome,1000000,c-16,2024-01-01,2024-03-31,,90,,False,OtherIncome,
ARCC,2025-04-29,income_statement,income_statement,GrossInvestmentIncomeOperating,GrossInvestmentIncomeOperating,123000000,c-15,2025-01-01,2025-03-31,,89,,False,GrossInvestmentIncomeOperating,
ARCC,2025-04-29,income_statement,income_statement,GrossInvestmentIncomeOperating,GrossInvestmentIncomeOperating,123000000,c-16,2024-01-01,2024-03-31,,90,,False,GrossInvestmentIncomeOperating,
ARCC,2025-04-29,income_statement,income_statement,GrossInvestmentIncomeOperating,GrossInvestmentIncomeOperating,732000000,c-1,2025-01-01,2025-03-31,,89,,False,GrossInvestmentIncomeOperating,
ARCC,2025-04-29,income_statement,income_statement,GrossInvestmentIncomeOperating,GrossInvestmentIncomeOperating,701000000,c-17,2024-01-01,2024-03-31,,90,,False,GrossInvestmentIncomeOperating,
ARCC,2025-04-29,income_statement,income_statement,InterestExpense,InterestExpense,186000000,c-1,2025-01-01,2025-03-31,,89,,False,InterestExpense,
ARCC,2025-04-29,income_statement,income_statement,InterestExpense,InterestExpense,159000000,c-17,2024-01-01,2024-03-31,,90,,False,InterestExpense,
ARCC,2025-04-29,income_statement,income_statement,ManagementFeeExpense,ManagementFeeExpense,102000000,c-1,2025-01-01,2025-03-31,,89,,False,ManagementFeeExpense,
ARCC,2025-04-29,income_statement,income_statement,ManagementFeeExpense,ManagementFeeExpense,87000000,c-17,2024-01-01,2024-03-31,,90,,False,ManagementFeeExpense,
ARCC,2025-04-29,income_statement,income_statement,IncomeBasedFees,IncomeBasedFees,85000000,c-1,2025-01-01,2025-03-31,,89,,False,IncomeBasedFees,
ARCC,2025-04-29,income_statement,income_statement,IncomeBasedFees,IncomeBasedFees,88000000,c-17,2024-01-01,2024-03-31,,90,,False,IncomeBasedFees,
ARCC,2025-04-29,income_statement,income_statement,IncentiveFeeExpenseReversal,IncentiveFeeExpenseReversal,-25000000,c-1,2025-01-01,2025-03-31,,89,,False,IncentiveFeeExpenseReversal,
ARCC,2025-04-29,income_statement,income_statement,IncentiveFeeExpenseReversal,IncentiveFeeExpenseReversal,25000000,c-17,2024-01-01,2024-03-31,,90,,False,IncentiveFeeExpenseReversal,
ARCC,2025-04-29,income_statement,income_statement,AdministrativeFeesExpense,AdministrativeFeesExpense,4000000,c-1,2025-01-01,2025-03-31,,89,,False,AdministrativeFeesExpense,
ARCC,2025-04-29,income_statement,income_statement,AdministrativeFeesExpense,AdministrativeFeesExpense,3000000,c-17,2024-01-01,2024-03-31,,90,,False,AdministrativeFeesExpense,
ARCC,2025-04-29,income_statement,income_statement,OtherGeneralAndAdministrativeExpense,OtherGeneralAndAdministrativeExpense,8000000,c-1,2025-01-01,2025-03-31,,89,,False,OtherGeneralAndAdministrativeExpense,
ARCC,2025-04-29,income_statement,income_statement,OtherGeneralAndAdministrativeExpense,OtherGeneralAndAdministrativeExpense,7000000,c-17,2024-01-01,2024-03-31,,90,,False,OtherGeneralAndAdministrativeExpense,
ARCC,2025-04-29,income_statement,income_statement,InvestmentIncomeInvestmentExpense,InvestmentIncomeInvestmentExpense,360000000,c-1,2025-01-01,2025-03-31,,89,,False,InvestmentIncomeInvestmentExpense,
ARCC,2025-04-29,income_statement,income_statement,InvestmentIncomeInvestmentExpense,InvestmentIncomeInvestmentExpense,369000000,c-17,2024-01-01,2024-03-31,,90,,False,InvestmentIncomeInvestmentExpense,
ARCC,2025-04-29,income_statement,income_statement,NetInvestmentIncome,NetInvestmentIncome,372000000,c-1,2025-01-01,2025-03-31,,89,,False,NetInvestmentIncome,
ARCC,2025-04-29,income_statement,income_statement,NetInvestmentIncome,NetInvestmentIncome,332000000,c-17,2024-01-01,2024-03-31,,90,,False,NetInvestmentIncome,
ARCC,2025-04-29,income_statement,income_statement,InvestmentIncomeOperatingTaxExpenseBenefit,InvestmentIncomeOperatingTaxExpenseBenefit,7000000,c-1,2025-01-01,2025-03-31,,89,,False,InvestmentIncomeOperatingTaxExpenseBenefit,
ARCC,2025-04-29,income_statement,income_statement,InvestmentIncomeOperatingTaxExpenseBenefit,InvestmentIncomeOperatingTaxExpenseBenefit,7000000,c-17,2024-01-01,2024-03-31,,90,,False,InvestmentIncomeOperatingTaxExpenseBenefit,
ARCC,2025-04-29,income_statement,income_statement,InvestmentIncomeOperatingAfterExpenseAndTax,InvestmentIncomeOperatingAfterExpenseAndTax,365000000,c-1,2025-01-01,2025-03-31,,89,,False,InvestmentIncomeOperatingAfterExpenseAndTax,
ARCC,2025-04-29,income_statement,income_statement,InvestmentIncomeOperatingAfterExpenseAndTax,InvestmentIncomeOperatingAfterExpenseAndTax,325000000,c-17,2024-01-01,2024-03-31,,90,,False,InvestmentIncomeOperatingAfterExpenseAndTax,
ARCC,2025-04-29,income_statement,income_statement,NetIncomeLoss,NetIncomeLoss,241000000,c-1,2025-01-01,2025-03-31,,89,,False,NetIncomeLoss,
ARCC,2025-04-29,income_statement,income_statement,NetIncomeLoss,NetIncomeLoss,449000000,c-17,2024-01-01,2024-03-31,,90,,False,NetIncomeLoss,
ARCC,2025-04-29,income_statement,income_statement,InterestIncomeOperating,InterestIncomeOperating,0,c-1757,2025-01-01,2025-03-31,,89,,False,InterestIncomeOperating,
ARCC,2025-04-29,income_statement,income_statement,FeeIncome,FeeIncome,0,c-1757,2025-01-01,2025-03-31,,89,,False,FeeIncome,
ARCC,2025-04-29,income_statement,income_statement,DividendIncomeOperating,DividendIncomeOperating,0,c-1757,2025-01-01,2025-03-31,,89,,False,DividendIncomeOperating,
ARCC,2025-04-29,income_statement,income_statement,OtherIncome,OtherIncome,0,c-1757,2025-01-01,2025-03-31,,89,,False,OtherIncome,
ARCC,2025-04-29,income_statement,income_statement,InterestIncomeOperating,InterestIncomeOperating,0,c-1759,2025-01-01,2025-03-31,,89,,False,InterestIncomeOperating,
ARCC,2025-04-29,income_statement,income_statement,FeeIncome,FeeIncome,0,c-1759,2025-01-01,2025-03-31,,89,,False,FeeIncome,
ARCC,2025-04-29,income_statement,income_statement,DividendIncomeOperating,DividendIncomeOperating,0,c-1759,2025-01-01,2025-03-31,,89,,False,DividendIncomeOperating,
ARCC,2025-04-29,income_statement,income_statement,OtherIncome,OtherIncome,0,c-1759,2025-01-01,2025-03-31,,89,,False,OtherIncome,
ARCC,2025-04-29,income_statement,income_statement,InterestIncomeOperating,InterestIncomeOperating,600000,c-1761,2025-01-01,2025-03-31,,89,,False,InterestIncomeOperating,
ARCC,2025-04-29,income_statement,income_statement,FeeIncome,FeeIncome,0,c-1761,2025-01-01,2025-03-31,,89,,False,FeeIncome,
ARCC,2025-04-29,income_statement,income_statement,DividendIncomeOperating,DividendIncomeOperating,0,c-1761,2025-01-01,2025-03-31,,89,,False,DividendIncomeOperating,
ARCC,2025-04-29,income_statement,income_statement,OtherIncome,OtherIncome,0,c-1761,2025-01-01,2025-03-31,,89,,False,OtherIncome,
ARCC,2025-04-29,income_statement,income_statement,InterestIncomeOperating,InterestIncomeOperating,2200000,c-1763,2025-01-01,2025-03-31,,89,,False,InterestIncomeOperating,
ARCC,2025-04-29,income_statement,income_statement,FeeIncome,FeeIncome,0,c-1763,2025-01-01,2025-03-31,,89,,False,FeeIncome,
ARCC,2025-04-29,income_statement,income_statement,DividendIncomeOperating,DividendIncomeOperating,0,c-1763,2025-01-01,2025-03-31,,89,,False,DividendIncomeOperating,
ARCC,2025-04-29,income_statement,income_statement,OtherIncome,OtherIncome,0,c-1763,2025-01-01,2025-03-31,,89,,False,OtherIncome,
ARCC,2025-04-29,income_statement,income_statement,InterestIncomeOperating,InterestIncomeOperating,0,c-1765,2025-01-01,2025-03-31,,89,,False,InterestIncomeOperating,
ARCC,2025-04-29,income_statement,income_statement,FeeIncome,FeeIncome,0,c-1765,2025-01-01,2025-03-31,,89,,False,FeeIncome,
ARCC,2025-04-29,income_statement,income_statement,DividendIncomeOperating,DividendIncomeOperating,0,c-1765,2025-01-01,2025-03-31,,89,,False,DividendIncomeOperating,
ARCC,2025-04-29,income_statement,income_statement,OtherIncome,OtherIncome,100000,c-1765,2025-01-01,2025-03-31,,89,,False,OtherIncome,
ARCC,2025-04-29,income_statement,income_statement,InterestIncomeOperating,InterestIncomeOperating,0,c-1767,2025-01-01,2025-03-31,,89,,False,InterestIncomeOperating,
ARCC,2025-04-29,income_statement,income_statement,FeeIncome,FeeIncome,0,c-1767,2025-01-01,2025-03-31,,89,,False,FeeIncome,
ARCC,2025-04-29,income_statement,income_statement,DividendIncomeOperating,DividendIncomeOperating,0,c-1767,2025-01-01,2025-03-31,,89,,False,DividendIncomeOperating,
ARCC,2025-04-29,income_statement,income_statement,OtherIncome,OtherIncome,0,c-1767,2025-01-01,2025-03-31,,89,,False,OtherIncome,
ARCC,2025-04-29,income_statement,income_statement,InterestIncomeOperating,InterestIncomeOperating,0,c-1769,2025-01-01,2025-03-31,,89,,False,InterestIncomeOperating,
ARCC,2025-04-29,income_statement,income_statement,FeeIncome,FeeIncome,0,c-1769,2025-01-01,2025-03-31,,89,,False,FeeIncome,
ARCC,2025-04-29,income_statement,income_statement,DividendIncomeOperating,DividendIncomeOperating,0,c-1769,2025-01-01,2025-03-31,,89,,False,DividendIncomeOperating,
ARCC,2025-04-29,income_statement,income_statement,OtherIncome,OtherIncome,0,c-1769,2025-01-01,2025-03-31,,89,,False,OtherIncome,
ARCC,2025-04-29,income_statement,income_statement,InterestIncomeOperating,InterestIncomeOperating,1000000.0,c-1771,2025-01-01,2025-03-31,,89,,False,InterestIncomeOperating,
ARCC,2025-04-29,income_statement,income_statement,FeeIncome,FeeIncome,0,c-1771,2025-01-01,2025-03-31,,89,,False,FeeIncome,
ARCC,2025-04-29,income_statement,income_statement,DividendIncomeOperating,DividendIncomeOperating,0,c-1771,2025-01-01,2025-03-31,,89,,False,DividendIncomeOperating,
ARCC,2025-04-29,income_statement,income_statement,OtherIncome,OtherIncome,0,c-1771,2025-01-01,2025-03-31,,89,,False,OtherIncome,
ARCC,2025-04-29,income_statement,income_statement,InterestIncomeOperating,InterestIncomeOperating,800000,c-1773,2025-01-01,2025-03-31,,89,,False,InterestIncomeOperating,
ARCC,2025-04-29,income_statement,income_statement,FeeIncome,FeeIncome,200000,c-1773,2025-01-01,2025-03-31,,89,,False,FeeIncome,
ARCC,2025-04-29,income_statement,income_statement,DividendIncomeOperating,DividendIncomeOperating,0,c-1773,2025-01-01,2025-03-31,,89,,False,DividendIncomeOperating,
ARCC,2025-04-29,income_statement,income_statement,OtherIncome,OtherIncome,0,c-1773,2025-01-01,2025-03-31,,89,,False,OtherIncome,
ARCC,2025-04-29,income_statement,income_statement,InterestIncomeOperating,InterestIncomeOperating,0,c-1775,2025-01-01,2025-03-31,,89,,False,InterestIncomeOperating,
ARCC,2025-04-29,income_statement,income_statement,FeeIncome,FeeIncome,0,c-1775,2025-01-01,2025-03-31,,89,,False,FeeIncome,
ARCC,2025-04-29,income_statement,income_statement,DividendIncomeOperating,DividendIncomeOperating,0,c-1775,2025-01-01,2025-03-31,,89,,False,DividendIncomeOperating,
ARCC,2025-04-29,income_statement,income_statement,OtherIncome,OtherIncome,0,c-1775,2025-01-01,2025-03-31,,89,,False,OtherIncome,
ARCC,2025-04-29,income_statement,income_statement,InterestIncomeOperating,InterestIncomeOperating,0,c-1777,2025-01-01,2025-03-31,,89,,False,InterestIncomeOperating,
ARCC,2025-04-29,income_statement,income_statement,FeeIncome,FeeIncome,0,c-1777,2025-01-01,2025-03-31,,89,,False,FeeIncome,
ARCC,2025-04-29,income_statement,income_statement,DividendIncomeOperating,DividendIncomeOperating,0,c-1777,2025-01-01,2025-03-31,,89,,False,DividendIncomeOperating,
ARCC,2025-04-29,income_statement,income_statement,OtherIncome,OtherIncome,0,c-1777,2025-01-01,2025-03-31,,89,,False,OtherIncome,
ARCC,2025-04-29,income_statement,income_statement,InterestIncomeOperating,InterestIncomeOperating,0,c-1779,2025-01-01,2025-03-31,,89,,False,InterestIncomeOperating,
ARCC,2025-04-29,income_statement,income_statement,FeeIncome,FeeIncome,0,c-1779,2025-01-01,2025-03-31,,89,,False,FeeIncome,
ARCC,2025-04-29,income_statement,income_statement,DividendIncomeOperating,DividendIncomeOperating,0,c-1779,2025-01-01,2025-03-31,,89,,False,DividendIncomeOperating,
ARCC,2025-04-29,income_statement,income_statement,OtherIncome,OtherIncome,0,c-1779,2025-01-01,2025-03-31,,89,,False,OtherIncome,
ARCC,2025-04-29,income_statement,income_statement,InterestIncomeOperating,InterestIncomeOperating,1100000,c-1781,2025-01-01,2025-03-31,,89,,False,InterestIncomeOperating,
ARCC,2025-04-29,income_statement,income_statement,FeeIncome,FeeIncome,0,c-1781,2025-01-01,2025-03-31,,89,,False,FeeIncome,
ARCC,2025-04-29,income_statement,income_statement,DividendIncomeOperating,DividendIncomeOperating,0,c-1781,2025-01-01,2025-03-31,,89,,False,DividendIncomeOperating,
ARCC,2025-04-29,income_statement,income_statement,OtherIncome,OtherIncome,0,c-1781,2025-01-01,2025-03-31,,89,,False,OtherIncome,
ARCC,2025-04-29,income_statement,income_statement,InterestIncomeOperating,InterestIncomeOperating,3900000,c-1783,2025-01-01,2025-03-31,,89,,False,InterestIncomeOperating,
ARCC,2025-04-29,income_statement,income_statement,FeeIncome,FeeIncome,100000,c-1783,2025-01-01,2025-03-31,,89,,False,FeeIncome,
ARCC,2025-04-29,income_statement,income_statement,DividendIncomeOperating,DividendIncomeOperating,0,c-1783,2025-01-01,2025-03-31,,89,,False,DividendIncomeOperating,
ARCC,2025-04-29,income_statement,income_statement,OtherIncome,OtherIncome,0,c-1783,2025-01-01,2025-03-31,,89,,False,OtherIncome,
ARCC,2025-04-29,income_statement,income_statement,InterestIncomeOperating,InterestIncomeOperating,300000,c-1785,2025-01-01,2025-03-31,,89,,False,InterestIncomeOperating,
ARCC,2025-04-29,income_statement,income_statement,FeeIncome,FeeIncome,0,c-1785,2025-01-01,2025-03-31,,89,,False,FeeIncome,
ARCC,2025-04-29,income_statement,income_statement,DividendIncomeOperating,DividendIncomeOperating,0,c-1785,2025-01-01,2025-03-31,,89,,False,DividendIncomeOperating,
ARCC,2025-04-29,income_statement,income_statement,OtherIncome,OtherIncome,0,c-1785,2025-01-01,2025-03-31,,89,,False,OtherIncome,
ARCC,2025-04-29,income_statement,income_statement,InterestIncomeOperating,InterestIncomeOperating,9900000,c-13,2025-01-01,2025-03-31,,89,,False,InterestIncomeOperating,
ARCC,2025-04-29,income_statement,income_statement,FeeIncome,FeeIncome,300000,c-13,2025-01-01,2025-03-31,,89,,False,FeeIncome,
ARCC,2025-04-29,income_statement,income_statement,OtherIncome,OtherIncome,100000,c-13,2025-01-01,2025-03-31,,89,,False,OtherIncome,
ARCC,2025-04-29,income_statement,income_statement,InterestIncomeOperating,InterestIncomeOperating,1300000,c-1787,2025-01-01,2025-03-31,,89,,False,InterestIncomeOperating,
ARCC,2025-04-29,income_statement,income_statement,FeeIncome,FeeIncome,0,c-1787,2025-01-01,2025-03-31,,89,,False,FeeIncome,
ARCC,2025-04-29,income_statement,income_statement,DividendIncomeOperating,DividendIncomeOperating,0,c-1787,2025-01-01,2025-03-31,,89,,False,DividendIncomeOperating,
ARCC,2025-04-29,income_statement,income_statement,OtherIncome,OtherIncome,0,c-1787,2025-01-01,2025-03-31,,89,,False,OtherIncome,
ARCC,2025-04-29,income_statement,income_statement,InterestIncomeOperating,InterestIncomeOperating,0,c-1789,2025-01-01,2025-03-31,,89,,False,InterestIncomeOperating,
ARCC,2025-04-29,income_statement,income_statement,FeeIncome,FeeIncome,0,c-1789,2025-01-01,2025-03-31,,89,,False,FeeIncome,
ARCC,2025-04-29,income_statement,income_statement,DividendIncomeOperating,DividendIncomeOperating,0,c-1789,2025-01-01,2025-03-31,,89,,False,DividendIncomeOperating,
ARCC,2025-04-29,income_statement,income_statement,OtherIncome,OtherIncome,0,c-1789,2025-01-01,2025-03-31,,89,,False,OtherIncome,
ARCC,2025-04-29,income_statement,income_statement,InterestIncomeOperating,InterestIncomeOperating,0,c-1791,2025-01-01,2025-03-31,,89,,False,InterestIncomeOperating,
ARCC,2025-04-29,income_statement,income_statement,FeeIncome,FeeIncome,0,c-1791,2025-01-01,2025-03-31,,89,,False,FeeIncome,
ARCC,2025-04-29,income_statement,income_statement,DividendIncomeOperating,DividendIncomeOperating,0,c-1791,2025-01-01,2025-03-31,,89,,False,DividendIncomeOperating,
ARCC,2025-04-29,income_statement,income_statement,OtherIncome,OtherIncome,0,c-1791,2025-01-01,2025-03-31,,89,,False,OtherIncome,
ARCC,2025-04-29,income_statement,income_statement,InterestIncomeOperating,InterestIncomeOperating,1400000,c-1793,2025-01-01,2025-03-31,,89,,False,InterestIncomeOperating,
ARCC,2025-04-29,income_statement,income_statement,FeeIncome,FeeIncome,0,c-1793,2025-01-01,2025-03-31,,89,,False,FeeIncome,
ARCC,2025-04-29,income_statement,income_statement,DividendIncomeOperating,DividendIncomeOperating,0,c-1793,2025-01-01,2025-03-31,,89,,False,DividendIncomeOperating,
ARCC,2025-04-29,income_statement,income_statement,OtherIncome,OtherIncome,0,c-1793,2025-01-01,2025-03-31,,89,,False,OtherIncome,
ARCC,2025-04-29,income_statement,income_statement,InterestIncomeOperating,InterestIncomeOperating,200000,c-1795,2025-01-01,2025-03-31,,89,,False,InterestIncomeOperating,
ARCC,2025-04-29,income_statement,income_statement,FeeIncome,FeeIncome,0,c-1795,2025-01-01,2025-03-31,,89,,False,FeeIncome,
ARCC,2025-04-29,income_statement,income_statement,DividendIncomeOperating,DividendIncomeOperating,0,c-1795,2025-01-01,2025-03-31,,89,,False,DividendIncomeOperating,
ARCC,2025-04-29,income_statement,income_statement,OtherIncome,OtherIncome,0,c-1795,2025-01-01,2025-03-31,,89,,False,OtherIncome,
ARCC,2025-04-29,income_statement,income_statement,InterestIncomeOperating,InterestIncomeOperating,0,c-1797,2025-01-01,2025-03-31,,89,,False,InterestIncomeOperating,
ARCC,2025-04-29,income_statement,income_statement,FeeIncome,FeeIncome,0,c-1797,2025-01-01,2025-03-31,,89,,False,FeeIncome,
ARCC,2025-04-29,income_statement,income_statement,DividendIncomeOperating,DividendIncomeOperating,0,c-1797,2025-01-01,2025-03-31,,89,,False,DividendIncomeOperating,
ARCC,2025-04-29,income_statement,income_statement,OtherIncome,OtherIncome,0,c-1797,2025-01-01,2025-03-31,,89,,False,OtherIncome,
ARCC,2025-04-29,income_statement,income_statement,InterestIncomeOperating,InterestIncomeOperating,0,c-1799,2025-01-01,2025-03-31,,89,,False,InterestIncomeOperating,
ARCC,2025-04-29,income_statement,income_statement,FeeIncome,FeeIncome,0,c-1799,2025-01-01,2025-03-31,,89,,False,FeeIncome,
ARCC,2025-04-29,income_statement,income_statement,DividendIncomeOperating,DividendIncomeOperating,0,c-1799,2025-01-01,2025-03-31,,89,,False,DividendIncomeOperating,
ARCC,2025-04-29,income_statement,income_statement,OtherIncome,OtherIncome,0,c-1799,2025-01-01,2025-03-31,,89,,False,OtherIncome,
ARCC,2025-04-29,income_statement,income_statement,InterestIncomeOperating,InterestIncomeOperating,700000,c-1801,2025-01-01,2025-03-31,,89,,False,InterestIncomeOperating,
ARCC,2025-04-29,income_statement,income_statement,FeeIncome,FeeIncome,0,c-1801,2025-01-01,2025-03-31,,89,,False,FeeIncome,
ARCC,2025-04-29,income_statement,income_statement,DividendIncomeOperating,DividendIncomeOperating,0,c-1801,2025-01-01,2025-03-31,,89,,False,DividendIncomeOperating,
ARCC,2025-04-29,income_statement,income_statement,OtherIncome,OtherIncome,200000,c-1801,2025-01-01,2025-03-31,,89,,False,OtherIncome,
ARCC,2025-04-29,income_statement,income_statement,InterestIncomeOperating,InterestIncomeOperating,0,c-1803,2025-01-01,2025-03-31,,89,,False,InterestIncomeOperating,
ARCC,2025-04-29,income_statement,income_statement,FeeIncome,FeeIncome,0,c-1803,2025-01-01,2025-03-31,,89,,False,FeeIncome,
ARCC,2025-04-29,income_statement,income_statement,DividendIncomeOperating,DividendIncomeOperating,73000000.0,c-1803,2025-01-01,2025-03-31,,89,,False,DividendIncomeOperating,
ARCC,2025-04-29,income_statement,income_statement,OtherIncome,OtherIncome,0,c-1803,2025-01-01,2025-03-31,,89,,False,OtherIncome,
ARCC,2025-04-29,income_statement,income_statement,InterestIncomeOperating,InterestIncomeOperating,100000,c-1805,2025-01-01,2025-03-31,,89,,False,InterestIncomeOperating,
ARCC,2025-04-29,income_statement,income_statement,FeeIncome,FeeIncome,0,c-1805,2025-01-01,2025-03-31,,89,,False,FeeIncome,
ARCC,2025-04-29,income_statement,income_statement,DividendIncomeOperating,DividendIncomeOperating,0,c-1805,2025-01-01,2025-03-31,,89,,False,DividendIncomeOperating,
ARCC,2025-04-29,income_statement,income_statement,OtherIncome,OtherIncome,0,c-1805,2025-01-01,2025-03-31,,89,,False,OtherIncome,
ARCC,2025-04-29,income_statement,income_statement,InterestIncomeOperating,InterestIncomeOperating,0,c-1807,2025-01-01,2025-03-31,,89,,False,InterestIncomeOperating,
ARCC,2025-04-29,income_statement,income_statement,FeeIncome,FeeIncome,800000,c-1807,2025-01-01,2025-03-31,,89,,False,FeeIncome,
ARCC,2025-04-29,income_statement,income_statement,DividendIncomeOperating,DividendIncomeOperating,0,c-1807,2025-01-01,2025-03-31,,89,,False,DividendIncomeOperating,
ARCC,2025-04-29,income_statement,income_statement,OtherIncome,OtherIncome,0,c-1807,2025-01-01,2025-03-31,,89,,False,OtherIncome,
ARCC,2025-04-29,income_statement,income_statement,InterestIncomeOperating,InterestIncomeOperating,0,c-1809,2025-01-01,2025-03-31,,89,,False,InterestIncomeOperating,
ARCC,2025-04-29,income_statement,income_statement,FeeIncome,FeeIncome,0,c-1809,2025-01-01,2025-03-31,,89,,False,FeeIncome,
ARCC,2025-04-29,income_statement,income_statement,DividendIncomeOperating,DividendIncomeOperating,0,c-1809,2025-01-01,2025-03-31,,89,,False,DividendIncomeOperating,
ARCC,2025-04-29,income_statement,income_statement,OtherIncome,OtherIncome,0,c-1809,2025-01-01,2025-03-31,,89,,False,OtherIncome,
ARCC,2025-04-29,income_statement,income_statement,InterestIncomeOperating,InterestIncomeOperating,0,c-1811,2025-01-01,2025-03-31,,89,,False,InterestIncomeOperating,
ARCC,2025-04-29,income_statement,income_statement,FeeIncome,FeeIncome,0,c-1811,2025-01-01,2025-03-31,,89,,False,FeeIncome,
ARCC,2025-04-29,income_statement,income_statement,DividendIncomeOperating,DividendIncomeOperating,0,c-1811,2025-01-01,2025-03-31,,89,,False,DividendIncomeOperating,
ARCC,2025-04-29,income_statement,income_statement,OtherIncome,OtherIncome,0,c-1811,2025-01-01,2025-03-31,,89,,False,OtherIncome,
ARCC,2025-04-29,income_statement,income_statement,InterestIncomeOperating,InterestIncomeOperating,0,c-1813,2025-01-01,2025-03-31,,89,,False,InterestIncomeOperating,
ARCC,2025-04-29,income_statement,income_statement,FeeIncome,FeeIncome,0,c-1813,2025-01-01,2025-03-31,,89,,False,FeeIncome,
ARCC,2025-04-29,income_statement,income_statement,DividendIncomeOperating,DividendIncomeOperating,0,c-1813,2025-01-01,2025-03-31,,89,,False,DividendIncomeOperating,
ARCC,2025-04-29,income_statement,income_statement,OtherIncome,OtherIncome,0,c-1813,2025-01-01,2025-03-31,,89,,False,OtherIncome,
ARCC,2025-04-29,income_statement,income_statement,InterestIncomeOperating,InterestIncomeOperating,38200000,c-1815,2025-01-01,2025-03-31,,89,,False,InterestIncomeOperating,
ARCC,2025-04-29,income_statement,income_statement,FeeIncome,FeeIncome,2000000.0,c-1815,2025-01-01,2025-03-31,,89,,False,FeeIncome,
ARCC,2025-04-29,income_statement,income_statement,DividendIncomeOperating,DividendIncomeOperating,0,c-1815,2025-01-01,2025-03-31,,89,,False,DividendIncomeOperating,
ARCC,2025-04-29,income_statement,income_statement,OtherIncome,OtherIncome,1100000,c-1815,2025-01-01,2025-03-31,,89,,False,OtherIncome,
ARCC,2025-04-29,income_statement,income_statement,InterestIncomeOperating,InterestIncomeOperating,0,c-1817,2025-01-01,2025-03-31,,89,,False,InterestIncomeOperating,
ARCC,2025-04-29,income_statement,income_statement,FeeIncome,FeeIncome,0,c-1817,2025-01-01,2025-03-31,,89,,False,FeeIncome,
ARCC,2025-04-29,income_statement,income_statement,DividendIncomeOperating,DividendIncomeOperating,0,c-1817,2025-01-01,2025-03-31,,89,,False,DividendIncomeOperating,
ARCC,2025-04-29,income_statement,income_statement,OtherIncome,OtherIncome,0,c-1817,2025-01-01,2025-03-31,,89,,False,OtherIncome,
ARCC,2025-04-29,income_statement,income_statement,InterestIncomeOperating,InterestIncomeOperating,1100000,c-1819,2025-01-01,2025-03-31,,89,,False,InterestIncomeOperating,
ARCC,2025-04-29,income_statement,income_statement,FeeIncome,FeeIncome,0,c-1819,2025-01-01,2025-03-31,,89,,False,FeeIncome,
ARCC,2025-04-29,income_statement,income_statement,DividendIncomeOperating,DividendIncomeOperating,1400000,c-1819,2025-01-01,2025-03-31,,89,,False,DividendIncomeOperating,
ARCC,2025-04-29,income_statement,income_statement,OtherIncome,OtherIncome,0,c-1819,2025-01-01,2025-03-31,,89,,False,OtherIncome,
ARCC,2025-04-29,income_statement,income_statement,InterestIncomeOperating,InterestIncomeOperating,1600000,c-1821,2025-01-01,2025-03-31,,89,,False,InterestIncomeOperating,
ARCC,2025-04-29,income_statement,income_statement,FeeIncome,FeeIncome,0,c-1821,2025-01-01,2025-03-31,,89,,False,FeeIncome,
ARCC,2025-04-29,income_statement,income_statement,DividendIncomeOperating,DividendIncomeOperating,0,c-1821,2025-01-01,2025-03-31,,89,,False,DividendIncomeOperating,
ARCC,2025-04-29,income_statement,income_statement,OtherIncome,OtherIncome,0,c-1821,2025-01-01,2025-03-31,,89,,False,OtherIncome,
ARCC,2025-04-29,income_statement,income_statement,InterestIncomeOperating,InterestIncomeOperating,44600000,c-15,2025-01-01,2025-03-31,,89,,False,InterestIncomeOperating,
ARCC,2025-04-29,income_statement,income_statement,FeeIncome,FeeIncome,2800000,c-15,2025-01-01,2025-03-31,,89,,False,FeeIncome,
ARCC,2025-04-29,income_statement,income_statement,DividendIncomeOperating,DividendIncomeOperating,74400000,c-15,2025-01-01,2025-03-31,,89,,False,DividendIncomeOperating,
ARCC,2025-04-29,income_statement,income_statement,OtherIncome,OtherIncome,1300000,c-15,2025-01-01,2025-03-31,,89,,False,OtherIncome,
ARCC,2025-04-29,income_statement,income_statement,TaxBasisOfInvestmentsCostForIncomeTaxPurposes,TaxBasisOfInvestmentsCostForIncomeTaxPurposes,26700000000,c-9,,,2025-03-31,,,False,TaxBasisOfInvestmentsCostForIncomeTaxPurposes,
ARCC,2025-04-29,income_statement,income_statement,InterestIncomeOperating,InterestIncomeOperating,0,c-3912,2024-01-01,2024-12-31,,365,,False,InterestIncomeOperating,
ARCC,2025-04-29,income_statement,income_statement,FeeIncome,FeeIncome,0,c-3912,2024-01-01,2024-12-31,,365,,False,FeeIncome,
ARCC,2025-04-29,income_statement,income_statement,DividendIncomeOperating,DividendIncomeOperating,0,c-3912,2024-01-01,2024-12-31,,365,,False,DividendIncomeOperating,
ARCC,2025-04-29,income_statement,income_statement,OtherIncome,OtherIncome,0,c-3912,2024-01-01,2024-12-31,,365,,False,OtherIncome,
ARCC,2025-04-29,income_statement,income_statement,InterestIncomeOperating,InterestIncomeOperating,1400000,c-3914,2024-01-01,2024-12-31,,365,,False,InterestIncomeOperating,
ARCC,2025-04-29,income_statement,income_statement,FeeIncome,FeeIncome,0,c-3914,2024-01-01,2024-12-31,,365,,False,FeeIncome,
ARCC,2025-04-29,income_statement,income_statement,DividendIncomeOperating,DividendIncomeOperating,0,c-3914,2024-01-01,2024-12-31,,365,,False,DividendIncomeOperating,
ARCC,2025-04-29,income_statement,income_statement,OtherIncome,OtherIncome,0,c-3914,2024-01-01,2024-12-31,,365,,False,OtherIncome,
ARCC,2025-04-29,income_statement,income_statement,InterestIncomeOperating,InterestIncomeOperating,2800000,c-3916,2024-01-01,2024-12-31,,365,,False,InterestIncomeOperating,
ARCC,2025-04-29,income_statement,income_statement,FeeIncome,FeeIncome,0,c-3916,2024-01-01,2024-12-31,,365,,False,FeeIncome,
ARCC,2025-04-29,income_statement,income_statement,DividendIncomeOperating,DividendIncomeOperating,0,c-3916,2024-01-01,2024-12-31,,365,,False,DividendIncomeOperating,
ARCC,2025-04-29,income_statement,income_statement,OtherIncome,OtherIncome,100000,c-3916,2024-01-01,2024-12-31,,365,,False,OtherIncome,
ARCC,2025-04-29,income_statement,income_statement,InterestIncomeOperating,InterestIncomeOperating,8900000,c-3918,2024-01-01,2024-12-31,,365,,False,InterestIncomeOperating,
ARCC,2025-04-29,income_statement,income_statement,FeeIncome,FeeIncome,0,c-3918,2024-01-01,2024-12-31,,365,,False,FeeIncome,
ARCC,2025-04-29,income_statement,income_statement,DividendIncomeOperating,DividendIncomeOperating,0,c-3918,2024-01-01,2024-12-31,,365,,False,DividendIncomeOperating,
ARCC,2025-04-29,income_statement,income_statement,OtherIncome,OtherIncome,100000,c-3918,2024-01-01,2024-12-31,,365,,False,OtherIncome,
ARCC,2025-04-29,income_statement,income_statement,InterestIncomeOperating,InterestIncomeOperating,0,c-3920,2024-01-01,2024-12-31,,365,,False,InterestIncomeOperating,
ARCC,2025-04-29,income_statement,income_statement,FeeIncome,FeeIncome,0,c-3920,2024-01-01,2024-12-31,,365,,False,FeeIncome,
ARCC,2025-04-29,income_statement,income_statement,DividendIncomeOperating,DividendIncomeOperating,0,c-3920,2024-01-01,2024-12-31,,365,,False,DividendIncomeOperating,
ARCC,2025-04-29,income_statement,income_statement,OtherIncome,OtherIncome,0,c-3920,2024-01-01,2024-12-31,,365,,False,OtherIncome,
ARCC,2025-04-29,income_statement,income_statement,InterestIncomeOperating,InterestIncomeOperating,0,c-3922,2024-01-01,2024-12-31,,365,,False,InterestIncomeOperating,
ARCC,2025-04-29,income_statement,income_statement,FeeIncome,FeeIncome,0,c-3922,2024-01-01,2024-12-31,,365,,False,FeeIncome,
ARCC,2025-04-29,income_statement,income_statement,DividendIncomeOperating,DividendIncomeOperating,0,c-3922,2024-01-01,2024-12-31,,365,,False,DividendIncomeOperating,
ARCC,2025-04-29,income_statement,income_statement,OtherIncome,OtherIncome,0,c-3922,2024-01-01,2024-12-31,,365,,False,OtherIncome,
ARCC,2025-04-29,income_statement,income_statement,InterestIncomeOperating,InterestIncomeOperating,0,c-3924,2024-01-01,2024-12-31,,365,,False,InterestIncomeOperating,
ARCC,2025-04-29,income_statement,income_statement,FeeIncome,FeeIncome,0,c-3924,2024-01-01,2024-12-31,,365,,False,FeeIncome,
ARCC,2025-04-29,income_statement,income_statement,DividendIncomeOperating,DividendIncomeOperating,1800000,c-3924,2024-01-01,2024-12-31,,365,,False,DividendIncomeOperating,
ARCC,2025-04-29,income_statement,income_statement,OtherIncome,OtherIncome,0,c-3924,2024-01-01,2024-12-31,,365,,False,OtherIncome,
ARCC,2025-04-29,income_statement,income_statement,InterestIncomeOperating,InterestIncomeOperating,1700000,c-3926,2024-01-01,2024-12-31,,365,,False,InterestIncomeOperating,
ARCC,2025-04-29,income_statement,income_statement,FeeIncome,FeeIncome,800000,c-3926,2024-01-01,2024-12-31,,365,,False,FeeIncome,
ARCC,2025-04-29,income_statement,income_statement,DividendIncomeOperating,DividendIncomeOperating,0,c-3926,2024-01-01,2024-12-31,,365,,False,DividendIncomeOperating,
ARCC,2025-04-29,income_statement,income_statement,OtherIncome,OtherIncome,100000,c-3926,2024-01-01,2024-12-31,,365,,False,OtherIncome,
ARCC,2025-04-29,income_statement,income_statement,InterestIncomeOperating,InterestIncomeOperating,2100000,c-3928,2024-01-01,2024-12-31,,365,,False,InterestIncomeOperating,
ARCC,2025-04-29,income_statement,income_statement,FeeIncome,FeeIncome,700000,c-3928,2024-01-01,2024-12-31,,365,,False,FeeIncome,
ARCC,2025-04-29,income_statement,income_statement,DividendIncomeOperating,DividendIncomeOperating,0,c-3928,2024-01-01,2024-12-31,,365,,False,DividendIncomeOperating,
ARCC,2025-04-29,income_statement,income_statement,OtherIncome,OtherIncome,100000,c-3928,2024-01-01,2024-12-31,,365,,False,OtherIncome,
ARCC,2025-04-29,income_statement,income_statement,InterestIncomeOperating,InterestIncomeOperating,0,c-3930,2024-01-01,2024-12-31,,365,,False,InterestIncomeOperating,
ARCC,2025-04-29,income_statement,income_statement,FeeIncome,FeeIncome,0,c-3930,2024-01-01,2024-12-31,,365,,False,FeeIncome,
ARCC,2025-04-29,income_statement,income_statement,DividendIncomeOperating,DividendIncomeOperating,0,c-3930,2024-01-01,2024-12-31,,365,,False,DividendIncomeOperating,
ARCC,2025-04-29,income_statement,income_statement,OtherIncome,OtherIncome,0,c-3930,2024-01-01,2024-12-31,,365,,False,OtherIncome,
ARCC,2025-04-29,income_statement,income_statement,InterestIncomeOperating,InterestIncomeOperating,0,c-3932,2024-01-01,2024-12-31,,365,,False,InterestIncomeOperating,
ARCC,2025-04-29,income_statement,income_statement,FeeIncome,FeeIncome,0,c-3932,2024-01-01,2024-12-31,,365,,False,FeeIncome,
ARCC,2025-04-29,income_statement,income_statement,DividendIncomeOperating,DividendIncomeOperating,0,c-3932,2024-01-01,2024-12-31,,365,,False,DividendIncomeOperating,
ARCC,2025-04-29,income_statement,income_statement,OtherIncome,OtherIncome,0,c-3932,2024-01-01,2024-12-31,,365,,False,OtherIncome,
ARCC,2025-04-29,income_statement,income_statement,InterestIncomeOperating,InterestIncomeOperating,1600000,c-3934,2024-01-01,2024-12-31,,365,,False,InterestIncomeOperating,
ARCC,2025-04-29,income_statement,income_statement,FeeIncome,FeeIncome,0,c-3934,2024-01-01,2024-12-31,,365,,False,FeeIncome,
ARCC,2025-04-29,income_statement,income_statement,DividendIncomeOperating,DividendIncomeOperating,0,c-3934,2024-01-01,2024-12-31,,365,,False,DividendIncomeOperating,
ARCC,2025-04-29,income_statement,income_statement,OtherIncome,OtherIncome,100000,c-3934,2024-01-01,2024-12-31,,365,,False,OtherIncome,
ARCC,2025-04-29,income_statement,income_statement,InterestIncomeOperating,InterestIncomeOperating,14400000,c-3936,2024-01-01,2024-12-31,,365,,False,InterestIncomeOperating,
ARCC,2025-04-29,income_statement,income_statement,FeeIncome,FeeIncome,1300000,c-3936,2024-01-01,2024-12-31,,365,,False,FeeIncome,
ARCC,2025-04-29,income_statement,income_statement,DividendIncomeOperating,DividendIncomeOperating,0,c-3936,2024-01-01,2024-12-31,,365,,False,DividendIncomeOperating,
ARCC,2025-04-29,income_statement,income_statement,OtherIncome,OtherIncome,1400000,c-3936,2024-01-01,2024-12-31,,365,,False,OtherIncome,
ARCC,2025-04-29,income_statement,income_statement,InterestIncomeOperating,InterestIncomeOperating,700000,c-3938,2024-01-01,2024-12-31,,365,,False,InterestIncomeOperating,
ARCC,2025-04-29,income_statement,income_statement,FeeIncome,FeeIncome,0,c-3938,2024-01-01,2024-12-31,,365,,False,FeeIncome,
ARCC,2025-04-29,income_statement,income_statement,DividendIncomeOperating,DividendIncomeOperating,0,c-3938,2024-01-01,2024-12-31,,365,,False,DividendIncomeOperating,
ARCC,2025-04-29,income_statement,income_statement,OtherIncome,OtherIncome,0,c-3938,2024-01-01,2024-12-31,,365,,False,OtherIncome,
ARCC,2025-04-29,income_statement,income_statement,InterestIncomeOperating,InterestIncomeOperating,200000,c-3940,2024-01-01,2024-12-31,,365,,False,InterestIncomeOperating,
ARCC,2025-04-29,income_statement,income_statement,FeeIncome,FeeIncome,0,c-3940,2024-01-01,2024-12-31,,365,,False,FeeIncome,
ARCC,2025-04-29,income_statement,income_statement,DividendIncomeOperating,DividendIncomeOperating,0,c-3940,2024-01-01,2024-12-31,,365,,False,DividendIncomeOperating,
ARCC,2025-04-29,income_statement,income_statement,OtherIncome,OtherIncome,0,c-3940,2024-01-01,2024-12-31,,365,,False,OtherIncome,
ARCC,2025-04-29,income_statement,income_statement,InterestIncomeOperating,InterestIncomeOperating,33800000,c-3942,2024-01-01,2024-12-31,,365,,False,InterestIncomeOperating,
ARCC,2025-04-29,income_statement,income_statement,FeeIncome,FeeIncome,2800000,c-3942,2024-01-01,2024-12-31,,365,,False,FeeIncome,
ARCC,2025-04-29,income_statement,income_statement,DividendIncomeOperating,DividendIncomeOperating,1800000,c-3942,2024-01-01,2024-12-31,,365,,False,DividendIncomeOperating,
ARCC,2025-04-29,income_statement,income_statement,OtherIncome,OtherIncome,1900000,c-3942,2024-01-01,2024-12-31,,365,,False,OtherIncome,
ARCC,2025-04-29,income_statement,income_statement,InterestIncomeOperating,InterestIncomeOperating,8700000,c-3943,2024-01-01,2024-12-31,,365,,False,InterestIncomeOperating,
ARCC,2025-04-29,income_statement,income_statement,FeeIncome,FeeIncome,0,c-3943,2024-01-01,2024-12-31,,365,,False,FeeIncome,
ARCC,2025-04-29,income_statement,income_statement,DividendIncomeOperating,DividendIncomeOperating,0,c-3943,2024-01-01,2024-12-31,,365,,False,DividendIncomeOperating,
ARCC,2025-04-29,income_statement,income_statement,OtherIncome,OtherIncome,100000,c-3943,2024-01-01,2024-12-31,,365,,False,OtherIncome,
ARCC,2025-04-29,income_statement,income_statement,InterestIncomeOperating,InterestIncomeOperating,0,c-3945,2024-01-01,2024-12-31,,365,,False,InterestIncomeOperating,
ARCC,2025-04-29,income_statement,income_statement,FeeIncome,FeeIncome,0,c-3945,2024-01-01,2024-12-31,,365,,False,FeeIncome,
ARCC,2025-04-29,income_statement,income_statement,DividendIncomeOperating,DividendIncomeOperating,0,c-3945,2024-01-01,2024-12-31,,365,,False,DividendIncomeOperating,
ARCC,2025-04-29,income_statement,income_statement,OtherIncome,OtherIncome,0,c-3945,2024-01-01,2024-12-31,,365,,False,OtherIncome,
ARCC,2025-04-29,income_statement,income_statement,InterestIncomeOperating,InterestIncomeOperating,0,c-3947,2024-01-01,2024-12-31,,365,,False,InterestIncomeOperating,
ARCC,2025-04-29,income_statement,income_statement,FeeIncome,FeeIncome,0,c-3947,2024-01-01,2024-12-31,,365,,False,FeeIncome,
ARCC,2025-04-29,income_statement,income_statement,DividendIncomeOperating,DividendIncomeOperating,0,c-3947,2024-01-01,2024-12-31,,365,,False,DividendIncomeOperating,
ARCC,2025-04-29,income_statement,income_statement,OtherIncome,OtherIncome,0,c-3947,2024-01-01,2024-12-31,,365,,False,OtherIncome,
ARCC,2025-04-29,income_statement,income_statement,InterestIncomeOperating,InterestIncomeOperating,5200000,c-3949,2024-01-01,2024-12-31,,365,,False,InterestIncomeOperating,
ARCC,2025-04-29,income_statement,income_statement,FeeIncome,FeeIncome,0,c-3949,2024-01-01,2024-12-31,,365,,False,FeeIncome,
ARCC,2025-04-29,income_statement,income_statement,DividendIncomeOperating,DividendIncomeOperating,0,c-3949,2024-01-01,2024-12-31,,365,,False,DividendIncomeOperating,
ARCC,2025-04-29,income_statement,income_statement,OtherIncome,OtherIncome,100000,c-3949,2024-01-01,2024-12-31,,365,,False,OtherIncome,
ARCC,2025-04-29,income_statement,income_statement,InterestIncomeOperating,InterestIncomeOperating,0,c-3951,2024-01-01,2024-12-31,,365,,False,InterestIncomeOperating,
ARCC,2025-04-29,income_statement,income_statement,FeeIncome,FeeIncome,0,c-3951,2024-01-01,2024-12-31,,365,,False,FeeIncome,
ARCC,2025-04-29,income_statement,income_statement,DividendIncomeOperating,DividendIncomeOperating,0,c-3951,2024-01-01,2024-12-31,,365,,False,DividendIncomeOperating,
ARCC,2025-04-29,income_statement,income_statement,OtherIncome,OtherIncome,0,c-3951,2024-01-01,2024-12-31,,365,,False,OtherIncome,
ARCC,2025-04-29,income_statement,income_statement,InterestIncomeOperating,InterestIncomeOperating,0,c-3953,2024-01-01,2024-12-31,,365,,False,InterestIncomeOperating,
ARCC,2025-04-29,income_statement,income_statement,FeeIncome,FeeIncome,0,c-3953,2024-01-01,2024-12-31,,365,,False,FeeIncome,
ARCC,2025-04-29,income_statement,income_statement,DividendIncomeOperating,DividendIncomeOperating,0,c-3953,2024-01-01,2024-12-31,,365,,False,DividendIncomeOperating,
ARCC,2025-04-29,income_statement,income_statement,OtherIncome,OtherIncome,0,c-3953,2024-01-01,2024-12-31,,365,,False,OtherIncome,
ARCC,2025-04-29,income_statement,income_statement,InterestIncomeOperating,InterestIncomeOperating,0,c-3955,2024-01-01,2024-12-31,,365,,False,InterestIncomeOperating,
ARCC,2025-04-29,income_statement,income_statement,FeeIncome,FeeIncome,0,c-3955,2024-01-01,2024-12-31,,365,,False,FeeIncome,
ARCC,2025-04-29,income_statement,income_statement,DividendIncomeOperating,DividendIncomeOperating,0,c-3955,2024-01-01,2024-12-31,,365,,False,DividendIncomeOperating,
ARCC,2025-04-29,income_statement,income_statement,OtherIncome,OtherIncome,0,c-3955,2024-01-01,2024-12-31,,365,,False,OtherIncome,
ARCC,2025-04-29,income_statement,income_statement,InterestIncomeOperating,InterestIncomeOperating,3500000,c-3957,2024-01-01,2024-12-31,,365,,False,InterestIncomeOperating,
ARCC,2025-04-29,income_statement,income_statement,FeeIncome,FeeIncome,0,c-3957,2024-01-01,2024-12-31,,365,,False,FeeIncome,
ARCC,2025-04-29,income_statement,income_statement,DividendIncomeOperating,DividendIncomeOperating,0,c-3957,2024-01-01,2024-12-31,,365,,False,DividendIncomeOperating,
ARCC,2025-04-29,income_statement,income_statement,OtherIncome,OtherIncome,0,c-3957,2024-01-01,2024-12-31,,365,,False,OtherIncome,
ARCC,2025-04-29,income_statement,income_statement,InterestIncomeOperating,InterestIncomeOperating,2600000,c-3959,2024-01-01,2024-12-31,,365,,False,InterestIncomeOperating,
ARCC,2025-04-29,income_statement,income_statement,FeeIncome,FeeIncome,0,c-3959,2024-01-01,2024-12-31,,365,,False,FeeIncome,
ARCC,2025-04-29,income_statement,income_statement,DividendIncomeOperating,DividendIncomeOperating,0,c-3959,2024-01-01,2024-12-31,,365,,False,DividendIncomeOperating,
ARCC,2025-04-29,income_statement,income_statement,OtherIncome,OtherIncome,500000,c-3959,2024-01-01,2024-12-31,,365,,False,OtherIncome,
ARCC,2025-04-29,income_statement,income_statement,InterestIncomeOperating,InterestIncomeOperating,1700000,c-3961,2024-01-01,2024-12-31,,365,,False,InterestIncomeOperating,
ARCC,2025-04-29,income_statement,income_statement,FeeIncome,FeeIncome,0,c-3961,2024-01-01,2024-12-31,,365,,False,FeeIncome,
ARCC,2025-04-29,income_statement,income_statement,DividendIncomeOperating,DividendIncomeOperating,285000000.0,c-3961,2024-01-01,2024-12-31,,365,,False,DividendIncomeOperating,
ARCC,2025-04-29,income_statement,income_statement,OtherIncome,OtherIncome,0,c-3961,2024-01-01,2024-12-31,,365,,False,OtherIncome,
ARCC,2025-04-29,income_statement,income_statement,InterestIncomeOperating,InterestIncomeOperating,600000,c-3963,2024-01-01,2024-12-31,,365,,False,InterestIncomeOperating,
ARCC,2025-04-29,income_statement,income_statement,FeeIncome,FeeIncome,0,c-3963,2024-01-01,2024-12-31,,365,,False,FeeIncome,
ARCC,2025-04-29,income_statement,income_statement,DividendIncomeOperating,DividendIncomeOperating,0,c-3963,2024-01-01,2024-12-31,,365,,False,DividendIncomeOperating,
ARCC,2025-04-29,income_statement,income_statement,OtherIncome,OtherIncome,100000,c-3963,2024-01-01,2024-12-31,,365,,False,OtherIncome,
ARCC,2025-04-29,income_statement,income_statement,InterestIncomeOperating,InterestIncomeOperating,0,c-3965,2024-01-01,2024-12-31,,365,,False,InterestIncomeOperating,
ARCC,2025-04-29,income_statement,income_statement,FeeIncome,FeeIncome,0,c-3965,2024-01-01,2024-12-31,,365,,False,FeeIncome,
ARCC,2025-04-29,income_statement,income_statement,DividendIncomeOperating,DividendIncomeOperating,0,c-3965,2024-01-01,2024-12-31,,365,,False,DividendIncomeOperating,
ARCC,2025-04-29,income_statement,income_statement,OtherIncome,OtherIncome,0,c-3965,2024-01-01,2024-12-31,,365,,False,OtherIncome,
ARCC,2025-04-29,income_statement,income_statement,InterestIncomeOperating,InterestIncomeOperating,100000,c-3967,2024-01-01,2024-12-31,,365,,False,InterestIncomeOperating,
ARCC,2025-04-29,income_statement,income_statement,FeeIncome,FeeIncome,0,c-3967,2024-01-01,2024-12-31,,365,,False,FeeIncome,
ARCC,2025-04-29,income_statement,income_statement,DividendIncomeOperating,DividendIncomeOperating,0,c-3967,2024-01-01,2024-12-31,,365,,False,DividendIncomeOperating,
ARCC,2025-04-29,income_statement,income_statement,OtherIncome,OtherIncome,0,c-3967,2024-01-01,2024-12-31,,365,,False,OtherIncome,
ARCC,2025-04-29,income_statement,income_statement,InterestIncomeOperating,InterestIncomeOperating,0,c-3969,2024-01-01,2024-12-31,,365,,False,InterestIncomeOperating,
ARCC,2025-04-29,income_statement,income_statement,FeeIncome,FeeIncome,0,c-3969,2024-01-01,2024-12-31,,365,,False,FeeIncome,
ARCC,2025-04-29,income_statement,income_statement,DividendIncomeOperating,DividendIncomeOperating,0,c-3969,2024-01-01,2024-12-31,,365,,False,DividendIncomeOperating,
ARCC,2025-04-29,income_statement,income_statement,OtherIncome,OtherIncome,0,c-3969,2024-01-01,2024-12-31,,365,,False,OtherIncome,
ARCC,2025-04-29,income_statement,income_statement,InterestIncomeOperating,InterestIncomeOperating,0,c-3971,2024-01-01,2024-12-31,,365,,False,InterestIncomeOperating,
ARCC,2025-04-29,income_statement,income_statement,FeeIncome,FeeIncome,0,c-3971,2024-01-01,2024-12-31,,365,,False,FeeIncome,
ARCC,2025-04-29,income_statement,income_statement,DividendIncomeOperating,DividendIncomeOperating,0,c-3971,2024-01-01,2024-12-31,,365,,False,DividendIncomeOperating,
ARCC,2025-04-29,income_statement,income_statement,OtherIncome,OtherIncome,0,c-3971,2024-01-01,2024-12-31,,365,,False,OtherIncome,
ARCC,2025-04-29,income_statement,income_statement,InterestIncomeOperating,InterestIncomeOperating,172900000,c-3973,2024-01-01,2024-12-31,,365,,False,InterestIncomeOperating,
ARCC,2025-04-29,income_statement,income_statement,FeeIncome,FeeIncome,12500000,c-3973,2024-01-01,2024-12-31,,365,,False,FeeIncome,
ARCC,2025-04-29,income_statement,income_statement,DividendIncomeOperating,DividendIncomeOperating,0,c-3973,2024-01-01,2024-12-31,,365,,False,DividendIncomeOperating,
ARCC,2025-04-29,income_statement,income_statement,OtherIncome,OtherIncome,4500000,c-3973,2024-01-01,2024-12-31,,365,,False,OtherIncome,
ARCC,2025-04-29,income_statement,income_statement,InterestIncomeOperating,InterestIncomeOperating,0,c-3975,2024-01-01,2024-12-31,,365,,False,InterestIncomeOperating,
ARCC,2025-04-29,income_statement,income_statement,FeeIncome,FeeIncome,0,c-3975,2024-01-01,2024-12-31,,365,,False,FeeIncome,
ARCC,2025-04-29,income_statement,income_statement,DividendIncomeOperating,DividendIncomeOperating,0,c-3975,2024-01-01,2024-12-31,,365,,False,DividendIncomeOperating,
ARCC,2025-04-29,income_statement,income_statement,OtherIncome,OtherIncome,0,c-3975,2024-01-01,2024-12-31,,365,,False,OtherIncome,
ARCC,2025-04-29,income_statement,income_statement,InterestIncomeOperating,InterestIncomeOperating,-1000000.0,c-3977,2024-01-01,2024-12-31,,365,,False,InterestIncomeOperating,
ARCC,2025-04-29,income_statement,income_statement,FeeIncome,FeeIncome,100000,c-3977,2024-01-01,2024-12-31,,365,,False,FeeIncome,
ARCC,2025-04-29,income_statement,income_statement,DividendIncomeOperating,DividendIncomeOperating,0,c-3977,2024-01-01,2024-12-31,,365,,False,DividendIncomeOperating,
ARCC,2025-04-29,income_statement,income_statement,OtherIncome,OtherIncome,0,c-3977,2024-01-01,2024-12-31,,365,,False,OtherIncome,
ARCC,2025-04-29,income_statement,income_statement,InterestIncomeOperating,InterestIncomeOperating,4800000,c-3979,2024-01-01,2024-12-31,,365,,False,InterestIncomeOperating,
ARCC,2025-04-29,income_statement,income_statement,FeeIncome,FeeIncome,0,c-3979,2024-01-01,2024-12-31,,365,,False,FeeIncome,
ARCC,2025-04-29,income_statement,income_statement,DividendIncomeOperating,DividendIncomeOperating,5100000,c-3979,2024-01-01,2024-12-31,,365,,False,DividendIncomeOperating,
ARCC,2025-04-29,income_statement,income_statement,OtherIncome,OtherIncome,100000,c-3979,2024-01-01,2024-12-31,,365,,False,OtherIncome,
ARCC,2025-04-29,income_statement,income_statement,InterestIncomeOperating,InterestIncomeOperating,5800000,c-3981,2024-01-01,2024-12-31,,365,,False,InterestIncomeOperating,
ARCC,2025-04-29,income_statement,income_statement,FeeIncome,FeeIncome,0,c-3981,2024-01-01,2024-12-31,,365,,False,FeeIncome,
ARCC,2025-04-29,income_statement,income_statement,DividendIncomeOperating,DividendIncomeOperating,0,c-3981,2024-01-01,2024-12-31,,365,,False,DividendIncomeOperating,
ARCC,2025-04-29,income_statement,income_statement,OtherIncome,OtherIncome,0,c-3981,2024-01-01,2024-12-31,,365,,False,OtherIncome,
ARCC,2025-04-29,income_statement,income_statement,InterestIncomeOperating,InterestIncomeOperating,204900000,c-3983,2024-01-01,2024-12-31,,365,,False,InterestIncomeOperating,
ARCC,2025-04-29,income_statement,income_statement,FeeIncome,FeeIncome,12600000,c-3983,2024-01-01,2024-12-31,,365,,False,FeeIncome,
ARCC,2025-04-29,income_statement,income_statement,DividendIncomeOperating,DividendIncomeOperating,290100000,c-3983,2024-01-01,2024-12-31,,365,,False,DividendIncomeOperating,
ARCC,2025-04-29,income_statement,income_statement,OtherIncome,OtherIncome,5400000,c-3983,2024-01-01,2024-12-31,,365,,False,OtherIncome,
ARCC,2025-04-29,income_statement,income_statement,TaxBasisOfInvestmentsCostForIncomeTaxPurposes,TaxBasisOfInvestmentsCostForIncomeTaxPurposes,26500000000,c-10,,,2024-12-31,,,False,TaxBasisOfInvestmentsCostForIncomeTaxPurposes,
ARCC,2025-04-29,income_statement,income_statement,InvestmentIncomeOperatingAfterExpenseAndTax,InvestmentIncomeOperatingAfterExpenseAndTax,325000000,c-4365,2024-01-01,2024-03-31,,90,,False,InvestmentIncomeOperatingAfterExpenseAndTax,
ARCC,2025-04-29,income_statement,income_statement,InvestmentIncomeOperatingAfterExpenseAndTax,InvestmentIncomeOperatingAfterExpenseAndTax,358000000,c-4373,2024-04-01,2024-06-30,,90,,False,InvestmentIncomeOperatingAfterExpenseAndTax,
ARCC,2025-04-29,income_statement,income_statement,InvestmentIncomeOperatingAfterExpenseAndTax,InvestmentIncomeOperatingAfterExpenseAndTax,358000000,c-4372,2024-04-01,2024-06-30,,90,,False,InvestmentIncomeOperatingAfterExpenseAndTax,
ARCC,2025-04-29,income_statement,income_statement,InvestmentIncomeOperatingAfterExpenseAndTax,InvestmentIncomeOperatingAfterExpenseAndTax,361000000,c-4381,2024-07-01,2024-09-30,,91,,False,InvestmentIncomeOperatingAfterExpenseAndTax,
ARCC,2025-04-29,income_statement,income_statement,InvestmentIncomeOperatingAfterExpenseAndTax,InvestmentIncomeOperatingAfterExpenseAndTax,361000000,c-4380,2024-07-01,2024-09-30,,91,,False,InvestmentIncomeOperatingAfterExpenseAndTax,
ARCC,2025-04-29,income_statement,income_statement,InvestmentIncomeOperatingAfterExpenseAndTax,InvestmentIncomeOperatingAfterExpenseAndTax,359000000,c-4389,2024-10-01,2024-12-31,,91,,False,InvestmentIncomeOperatingAfterExpenseAndTax,
ARCC,2025-04-29,income_statement,income_statement,InvestmentIncomeOperatingAfterExpenseAndTax,InvestmentIncomeOperatingAfterExpenseAndTax,359000000,c-4388,2024-10-01,2024-12-31,,91,,False,InvestmentIncomeOperatingAfterExpenseAndTax,
ARCC,2025-04-29,income_statement,income_statement,InvestmentIncomeOperatingAfterExpenseAndTax,InvestmentIncomeOperatingAfterExpenseAndTax,365000000,c-4395,2025-01-01,2025-03-31,,89,,False,InvestmentIncomeOperatingAfterExpenseAndTax,
ARCC,2025-04-29,income_statement,income_statement,InterestIncomeOperatingPaidInKind,InterestIncomeOperatingPaidInKind,50000000,c-1,2025-01-01,2025-03-31,,89,,False,InterestIncomeOperatingPaidInKind,
ARCC,2025-04-29,income_statement,income_statement,InterestIncomeOperatingPaidInKind,InterestIncomeOperatingPaidInKind,48000000,c-17,2024-01-01,2024-03-31,,90,,False,InterestIncomeOperatingPaidInKind,
ARCC,2025-04-29,income_statement,income_statement,DividendIncomeOperatingPaidInKind,DividendIncomeOperatingPaidInKind,67000000,c-1,2025-01-01,2025-03-31,,89,,False,DividendIncomeOperatingPaidInKind,
ARCC,2025-04-29,income_statement,income_statement,DividendIncomeOperatingPaidInKind,DividendIncomeOperatingPaidInKind,56000000,c-17,2024-01-01,2024-03-31,,90,,False,DividendIncomeOperatingPaidInKind,
ARCC,2025-04-29,income_statement,income_statement,IncreaseDecreaseInIncomeBasedFeesPayable,IncreaseDecreaseInIncomeBasedFeesPayable,-6000000,c-1,2025-01-01,2025-03-31,,89,,False,IncreaseDecreaseInIncomeBasedFeesPayable,
ARCC,2025-04-29,income_statement,income_statement,IncreaseDecreaseInIncomeBasedFeesPayable,IncreaseDecreaseInIncomeBasedFeesPayable,-2000000,c-17,2024-01-01,2024-03-31,,90,,False,IncreaseDecreaseInIncomeBasedFeesPayable,
ARCC,2025-04-29,income_statement,income_statement,IncomeTaxesPaidNet,IncomeTaxesPaidNet,37000000,c-1,2025-01-01,2025-03-31,,89,,False,IncomeTaxesPaidNet,
ARCC,2025-04-29,income_statement,income_statement,IncomeTaxesPaidNet,IncomeTaxesPaidNet,25000000,c-17,2024-01-01,2024-03-31,,90,,False,IncomeTaxesPaidNet,
ARCC,2025-04-29,income_statement,income_statement,RevenueRecognitionInterest,RevenueRecognitionInterest,"<div style=""text-indent:36pt""><span style=""color:#000000;font-family:'Times New Roman',sans-serif;font-size:10pt;font-style:italic;font-weight:700;line-height:120%"">Interest Income Recognition</span></div><div style=""text-indent:36pt""><span style=""color:#000000;font-family:'Times New Roman',sans-serif;font-size:10pt;font-weight:400;line-height:120%""> </span></div><div style=""text-indent:36pt""><span style=""color:#000000;font-family:'Times New Roman',sans-serif;font-size:10pt;font-weight:400;line-height:120%"">Interest income is recorded on an accrual basis and includes the accretion of discounts, amortization of premiums and payment-in-kind (“PIK”) interest. Discounts from and premiums to par value on investments purchased are accreted/amortized into interest income over the life of the respective security using the effective yield method. To the extent loans contain PIK provisions, PIK interest, computed at the contractual rate specified in each applicable agreement, is accrued and recorded as interest income and added to the principal balance of the loan. PIK interest income added to the principal balance is generally collected upon repayment of the outstanding principal. To maintain the Company’s tax status as a RIC, this non-cash source of income must be paid out to stockholders in the form of dividends for the year the income was earned, even though the Company has not yet collected the cash. The amortized cost of investments represents the original cost adjusted for any accretion of discounts, amortization of premiums and PIK interest.</span></div><div style=""text-indent:36pt""><span><br/></span></div><div style=""text-indent:36pt""><span style=""color:#000000;font-family:'Times New Roman',sans-serif;font-size:10pt;font-weight:400;line-height:120%"">Loans are generally placed on non-accrual status when principal or interest payments are past due 30 days or more or when there is reasonable doubt that principal or interest will be collected in full. Accrued and unpaid interest is generally reversed when a loan is placed on non-accrual status. Interest payments received on non-accrual loans may be recognized as income or applied to principal depending upon the Company’s judgment regarding collectability. Non-accrual loans are restored to accrual status when past due principal and interest are paid or there is no longer any reasonable doubt that such principal or interest will be collected in full and, in the Company’s judgment, are likely to remain current. The Company may make exceptions to this policy if the loan has sufficient collateral value (i.e., typically measured as enterprise value of the portfolio company) or is in the process of collection.</span></div>",c-1,2025-01-01,2025-03-31,,89,,False,RevenueRecognitionInterest,
ARCC,2025-04-29,income_statement,income_statement,RevenueRecognitionDividends,RevenueRecognitionDividends,"<div style=""text-indent:36pt""><span style=""color:#000000;font-family:'Times New Roman',sans-serif;font-size:10pt;font-style:italic;font-weight:700;line-height:120%"">Dividend Income Recognition</span><span style=""color:#000000;font-family:'Times New Roman',sans-serif;font-size:10pt;font-weight:400;line-height:120%""> </span></div><div style=""text-indent:36pt""><span style=""color:#000000;font-family:'Times New Roman',sans-serif;font-size:10pt;font-weight:400;line-height:120%"">Dividend income on preferred equity is recorded on an accrual basis to the extent that such amounts are payable by the portfolio company and are expected to be collected. Dividend income on common equity is recorded on the record date for private portfolio companies or on the ex-dividend date for publicly traded portfolio companies. To the extent a preferred equity contains PIK provisions, PIK dividends, computed at the contractual rate specified in each applicable agreement, are accrued and recorded as dividend income and added to the principal balance of the preferred equity. PIK dividends added to the principal balance are generally collected upon redemption of the equity.</span></div>",c-1,2025-01-01,2025-03-31,,89,,False,RevenueRecognitionDividends,
ARCC,2025-04-29,income_statement,income_statement,RevenueRecognitionPolicyTextBlock,RevenueRecognitionPolicyTextBlock,"<div style=""text-indent:36pt""><span style=""color:#000000;font-family:'Times New Roman',sans-serif;font-size:10pt;font-style:italic;font-weight:700;line-height:120%"">Capital Structuring Service Fees and Other Income </span></div><div style=""text-indent:36pt""><span style=""color:#000000;font-family:'Times New Roman',sans-serif;font-size:10pt;font-weight:400;line-height:120%""> </span></div><div style=""text-indent:36pt""><span style=""color:#000000;font-family:'Times New Roman',sans-serif;font-size:10pt;font-weight:400;line-height:120%"">In pursuit of the Company’s investment objective, the Company’s investment adviser seeks to provide assistance to its portfolio companies and in return the Company may receive fees for capital structuring services. These fees are fixed based on contractual terms, are generally only available to the Company as a result of the Company’s underlying investments, are normally paid at the closing of the investments, are generally non-recurring and non-refundable and are recognized as revenue when earned upon closing of the investment. The services that the Company’s investment adviser provides vary by investment, but generally include reviewing existing credit facilities, arranging bank financing, arranging equity financing, structuring financing from multiple lenders, structuring financing from multiple equity investors, restructuring existing loans, raising equity and debt capital, and providing general financial advice, which concludes upon closing of the investment. Any services of the above nature subsequent to the closing would generally generate a separate fee payable to the Company. In certain instances where the Company is invited to participate as a co-lender in a transaction and does not provide significant services in connection with the investment, a portion of loan fees paid to the Company in such situations will be deferred and amortized over the contractual life of the loan.</span></div><div style=""text-indent:36pt""><span><br/></span></div><div style=""text-indent:36pt""><span style=""color:#000000;font-family:'Times New Roman',sans-serif;font-size:10pt;font-weight:400;line-height:120%"">Other income includes amendment fees that are fixed based on contractual terms and are generally non-recurring and non-refundable and are recognized as revenue when earned upon closing of the related transaction. Other income also includes fees for management and consulting services, agency services, loan guarantees, commitments, and other services rendered by the Company to portfolio companies. Such fees are fixed based on contractual terms and are recognized as income as services are rendered.</span></div>",c-1,2025-01-01,2025-03-31,,89,,False,RevenueRecognitionPolicyTextBlock,
ARCC,2025-04-29,income_statement,income_statement,IncomeTaxPolicyTextBlock,IncomeTaxPolicyTextBlock,"<div style=""text-indent:36pt""><span style=""color:#000000;font-family:'Times New Roman',sans-serif;font-size:10pt;font-style:italic;font-weight:700;line-height:120%"">Income Taxes</span></div><div style=""text-indent:36pt""><span style=""color:#000000;font-family:'Times New Roman',sans-serif;font-size:10pt;font-weight:400;line-height:120%""> </span></div><div style=""text-indent:36pt""><span style=""color:#000000;font-family:'Times New Roman',sans-serif;font-size:10pt;font-weight:400;line-height:120%"">The Company has elected to be treated as a RIC under the Code and operates in a manner so as to qualify for the tax treatment applicable to RICs. To qualify for tax treatment as a RIC, the Company must, among other requirements, meet certain source-of-income and asset diversification requirements and timely distribute to its stockholders at least 90% of its investment company taxable income, as defined by the Code, for each year. The Company has made and intends to continue to make the requisite distributions to its stockholders, which will generally relieve the Company from U.S. federal corporate-level income taxes.</span></div><div style=""text-indent:36pt""><span style=""color:#000000;font-family:'Times New Roman',sans-serif;font-size:10pt;font-weight:400;line-height:120%""> </span></div><div style=""text-indent:36pt""><span style=""color:#000000;font-family:'Times New Roman',sans-serif;font-size:10pt;font-weight:400;line-height:120%"">Depending on the level of taxable income earned in a tax year, the Company may choose to carry forward taxable income in excess of current year dividend distributions from such current year taxable income into the next tax year and pay a 4% excise tax on such income, as required. To the extent that the Company determines that its estimated current year taxable income will be in excess of estimated dividend distributions for the current year from such income, the Company accrues excise tax, if any, on estimated excess taxable income as such taxable income is earned.</span></div><div style=""text-indent:36pt""><span style=""color:#000000;font-family:'Times New Roman',sans-serif;font-size:10pt;font-weight:400;line-height:120%""> </span></div>The Company may hold certain portfolio company investments through consolidated taxable subsidiaries. Such subsidiaries may be subject to U.S. federal and state corporate-level income taxes. These consolidated subsidiaries recognize deferred tax assets and liabilities for the estimated future tax effects attributable to temporary differences between the tax basis of certain assets and liabilities and the reported amounts included in the accompanying consolidated balance sheet using the applicable statutory tax rates in effect for the year in which any such temporary differences are expected to reverse.",c-1,2025-01-01,2025-03-31,,89,,False,IncomeTaxPolicyTextBlock,
ARCC,2025-04-29,income_statement,income_statement,OtherIncome,OtherIncome,12000000,c-4486,2025-01-01,2025-03-31,,89,,False,OtherIncome,
ARCC,2025-04-29,income_statement,income_statement,OtherIncome,OtherIncome,14000000,c-4487,2024-01-01,2024-03-31,,90,,False,OtherIncome,
ARCC,2025-04-29,income_statement,income_statement,InterestAndDividendIncomeSecuritiesIncludingRealizedGainLossOnInvestmentsOperating,InterestAndDividendIncomeSecuritiesIncludingRealizedGainLossOnInvestmentsOperating,58000000,c-4486,2025-01-01,2025-03-31,,89,,False,InterestAndDividendIncomeSecuritiesIncludingRealizedGainLossOnInvestmentsOperating,
ARCC,2025-04-29,income_statement,income_statement,InterestAndDividendIncomeSecuritiesIncludingRealizedGainLossOnInvestmentsOperating,InterestAndDividendIncomeSecuritiesIncludingRealizedGainLossOnInvestmentsOperating,99000000,c-4487,2024-01-01,2024-03-31,,90,,False,InterestAndDividendIncomeSecuritiesIncludingRealizedGainLossOnInvestmentsOperating,
ARCC,2025-04-29,income_statement,income_statement,InterestIncomeAndInterestExpenseDisclosureTableTextBlock,InterestIncomeAndInterestExpenseDisclosureTableTextBlock,"<div style=""text-indent:36pt""><span style=""color:#000000;font-family:'Times New Roman',sans-serif;font-size:10pt;font-weight:400;line-height:120%"">The interest income and dividend income that the Company earned from IHAM for the three months ended March 31, 2025 and 2024 were as follows:</span></div><div><span><br/></span></div><div><table style=""border-collapse:collapse;display:inline-table;margin-bottom:5pt;vertical-align:text-bottom;width:100.000%""><tr><td style=""width:1.0%""></td><td style=""width:68.198%""></td><td style=""width:0.1%""></td><td style=""width:1.0%""></td><td style=""width:13.958%""></td><td style=""width:0.1%""></td><td style=""width:0.1%""></td><td style=""width:0.384%""></td><td style=""width:0.1%""></td><td style=""width:1.0%""></td><td style=""width:13.960%""></td><td style=""width:0.1%""></td><td colspan=""3"" style=""display:none""></td><td colspan=""3"" style=""display:none""></td><td colspan=""3"" style=""display:none""></td><td colspan=""3"" style=""display:none""></td><td colspan=""3"" style=""display:none""></td><td colspan=""3"" style=""display:none""></td></tr><tr><td colspan=""3"" style=""padding:0 1pt""></td><td colspan=""9"" style=""padding:2px 1pt;text-align:center;vertical-align:bottom""><span style=""color:#000000;font-family:'Times New Roman',sans-serif;font-size:8pt;font-weight:700;line-height:100%"">For the Three Months Ended March 31,</span></td><td colspan=""3"" style=""display:none""></td><td colspan=""3"" style=""display:none""></td></tr><tr><td colspan=""3"" style=""padding:0 1pt""></td><td colspan=""3"" style=""border-top:1pt solid #000000;padding:2px 1pt;text-align:center;vertical-align:bottom""><span style=""color:#000000;font-family:'Times New Roman',sans-serif;font-size:8pt;font-weight:700;line-height:100%"">2025</span></td><td colspan=""3"" style=""border-top:1pt solid #000000;padding:0 1pt""></td><td colspan=""3"" style=""border-top:1pt solid #000000;padding:2px 1pt;text-align:center;vertical-align:bottom""><span style=""color:#000000;font-family:'Times New Roman',sans-serif;font-size:8pt;font-weight:700;line-height:100%"">2024</span></td><td colspan=""3"" style=""display:none""></td><td colspan=""3"" style=""display:none""></td><td colspan=""3"" style=""display:none""></td><td colspan=""3"" style=""display:none""></td><td colspan=""3"" style=""display:none""></td><td colspan=""3"" style=""display:none""></td></tr><tr><td colspan=""3"" style=""background-color:#cceeff;padding:2px 1pt;text-align:left;vertical-align:bottom""><div><span style=""color:#000000;font-family:'Times New Roman',sans-serif;font-size:10pt;font-weight:400;line-height:100%"">Interest income</span></div></td><td style=""background-color:#cceeff;border-top:1pt solid #000;padding:2px 0 2px 1pt;text-align:left;vertical-align:bottom""><span style=""color:#000000;font-family:'Times New Roman',sans-serif;font-size:10pt;font-weight:400;line-height:100%"">$</span></td><td style=""background-color:#cceeff;border-top:1pt solid #000;padding:2px 0;text-align:right;vertical-align:bottom""><span style=""color:#000000;font-family:'Times New Roman',sans-serif;font-size:10pt;font-weight:400;line-height:100%"">— </span></td><td style=""background-color:#cceeff;border-top:1pt solid #000;padding:2px 1pt 2px 0;text-align:right;vertical-align:bottom""></td><td colspan=""3"" style=""background-color:#cceeff;padding:0 1pt""></td><td style=""background-color:#cceeff;border-top:1pt solid #000000;padding:2px 0 2px 1pt;text-align:left;vertical-align:bottom""><span style=""color:#000000;font-family:'Times New Roman',sans-serif;font-size:10pt;font-weight:400;line-height:100%"">$</span></td><td style=""background-color:#cceeff;border-top:1pt solid #000000;padding:2px 0;text-align:right;vertical-align:bottom""><span style=""color:#000000;font-family:'Times New Roman',sans-serif;font-size:10pt;font-weight:400;line-height:100%"">1 </span></td><td style=""background-color:#cceeff;border-top:1pt solid #000000;padding:2px 1pt 2px 0;text-align:right;vertical-align:bottom""></td><td colspan=""3"" style=""display:none""></td><td colspan=""3"" style=""display:none""></td><td colspan=""3"" style=""display:none""></td><td colspan=""3"" style=""display:none""></td><td colspan=""3"" style=""display:none""></td><td colspan=""3"" style=""display:none""></td></tr><tr><td colspan=""3"" style=""background-color:#ffffff;padding:2px 1pt;text-align:left;vertical-align:bottom""><div><span style=""color:#000000;font-family:'Times New Roman',sans-serif;font-size:10pt;font-weight:400;line-height:100%"">Dividend income</span></div></td><td style=""background-color:#ffffff;padding:2px 0 2px 1pt;text-align:left;vertical-align:bottom""><span style=""color:#000000;font-family:'Times New Roman',sans-serif;font-size:10pt;font-weight:400;line-height:100%"">$</span></td><td style=""background-color:#ffffff;padding:2px 0;text-align:right;vertical-align:bottom""><span style=""color:#000000;font-family:'Times New Roman',sans-serif;font-size:10pt;font-weight:400;line-height:100%"">73 </span></td><td style=""background-color:#ffffff;padding:2px 1pt 2px 0;text-align:right;vertical-align:bottom""></td><td colspan=""3"" style=""background-color:#ffffff;padding:0 1pt""></td><td style=""background-color:#ffffff;padding:2px 0 2px 1pt;text-align:left;vertical-align:bottom""><span style=""color:#000000;font-family:'Times New Roman',sans-serif;font-size:10pt;font-weight:400;line-height:100%"">$</span></td><td style=""background-color:#ffffff;padding:2px 0;text-align:right;vertical-align:bottom""><span style=""color:#000000;font-family:'Times New Roman',sans-serif;font-size:10pt;font-weight:400;line-height:100%"">66 </span></td><td style=""background-color:#ffffff;padding:2px 1pt 2px 0;text-align:right;vertical-align:bottom""></td><td colspan=""3"" style=""display:none""></td><td colspan=""3"" style=""display:none""></td><td colspan=""3"" style=""display:none""></td><td colspan=""3"" style=""display:none""></td><td colspan=""3"" style=""display:none""></td><td colspan=""3"" style=""display:none""></td></tr><tr><td colspan=""3"" style=""display:none""></td><td colspan=""3"" style=""display:none""></td><td colspan=""3"" style=""display:none""></td><td colspan=""3"" style=""display:none""></td><td colspan=""3"" style=""display:none""></td><td colspan=""3"" style=""display:none""></td><td colspan=""3"" style=""display:none""></td><td colspan=""3"" style=""display:none""></td><td colspan=""3"" style=""display:none""></td><td colspan=""3"" style=""display:none""></td></tr></table></div><div style=""padding-left:2.25pt;padding-right:9pt;text-indent:36pt""><span style=""color:#000000;font-family:'Times New Roman',sans-serif;font-size:10pt;font-weight:400;line-height:120%"">The interest income from the Company’s investment in the SDLP Certificates and capital structuring service fees and other income earned for the three months ended March 31, 2025 and 2024 were as follows:</span></div><div style=""padding-left:2.25pt;padding-right:9pt;text-indent:36pt""><span><br/></span></div><div style=""padding-left:2.25pt;padding-right:9pt""><table style=""border-collapse:collapse;display:inline-table;margin-bottom:5pt;vertical-align:text-bottom;width:99.561%""><tr><td style=""width:1.0%""></td><td style=""width:68.062%""></td><td style=""width:0.1%""></td><td style=""width:1.0%""></td><td style=""width:14.024%""></td><td style=""width:0.1%""></td><td style=""width:0.1%""></td><td style=""width:0.387%""></td><td style=""width:0.1%""></td><td style=""width:1.0%""></td><td style=""width:14.027%""></td><td style=""width:0.1%""></td><td colspan=""3"" style=""display:none""></td><td colspan=""3"" style=""display:none""></td><td colspan=""3"" style=""display:none""></td><td colspan=""3"" style=""display:none""></td><td colspan=""3"" style=""display:none""></td><td colspan=""3"" style=""display:none""></td></tr><tr><td colspan=""3"" style=""padding:0 1pt""></td><td colspan=""9"" style=""padding:2px 1pt;text-align:center;vertical-align:bottom""><span style=""color:#000000;font-family:'Times New Roman',sans-serif;font-size:8pt;font-weight:700;line-height:100%"">For the Three Months Ended March 31,</span></td><td colspan=""3"" style=""display:none""></td><td colspan=""3"" style=""display:none""></td></tr><tr><td colspan=""3"" style=""padding:0 1pt""></td><td colspan=""3"" style=""border-top:1pt solid #000000;padding:2px 1pt;text-align:center;vertical-align:bottom""><span style=""color:#000000;font-family:'Times New Roman',sans-serif;font-size:8pt;font-weight:700;line-height:100%"">2025</span></td><td colspan=""3"" style=""border-top:1pt solid #000000;padding:0 1pt""></td><td colspan=""3"" style=""border-top:1pt solid #000000;padding:2px 1pt;text-align:center;vertical-align:bottom""><span style=""color:#000000;font-family:'Times New Roman',sans-serif;font-size:8pt;font-weight:700;line-height:100%"">2024</span></td><td colspan=""3"" style=""display:none""></td><td colspan=""3"" style=""display:none""></td><td colspan=""3"" style=""display:none""></td><td colspan=""3"" style=""display:none""></td><td colspan=""3"" style=""display:none""></td><td colspan=""3"" style=""display:none""></td></tr><tr><td colspan=""3"" style=""background-color:#cceeff;padding:2px 1pt;text-align:left;vertical-align:bottom""><div><span style=""color:#000000;font-family:'Times New Roman',sans-serif;font-size:10pt;font-weight:400;line-height:100%"">Interest income</span></div></td><td style=""background-color:#cceeff;border-top:1pt solid #000000;padding:2px 0 2px 1pt;text-align:left;vertical-align:bottom""><span style=""color:#000000;font-family:'Times New Roman',sans-serif;font-size:10pt;font-weight:400;line-height:100%"">$</span></td><td style=""background-color:#cceeff;border-top:1pt solid #000000;padding:2px 0;text-align:right;vertical-align:bottom""><span style=""color:#000000;font-family:'Times New Roman',sans-serif;font-size:10pt;font-weight:400;line-height:100%"">38 </span></td><td style=""background-color:#cceeff;border-top:1pt solid #000000;padding:2px 1pt 2px 0;text-align:right;vertical-align:bottom""></td><td colspan=""3"" style=""background-color:#cceeff;padding:0 1pt""></td><td style=""background-color:#cceeff;border-top:1pt solid #000;padding:2px 0 2px 1pt;text-align:left;vertical-align:bottom""><span style=""color:#000000;font-family:'Times New Roman',sans-serif;font-size:10pt;font-weight:400;line-height:100%"">$</span></td><td style=""background-color:#cceeff;border-top:1pt solid #000;padding:2px 0;text-align:right;vertical-align:bottom""><span style=""color:#000000;font-family:'Times New Roman',sans-serif;font-size:10pt;font-weight:400;line-height:100%"">43 </span></td><td style=""background-color:#cceeff;border-top:1pt solid #000;padding:2px 1pt 2px 0;text-align:right;vertical-align:bottom""></td><td colspan=""3"" style=""display:none""></td><td colspan=""3"" style=""display:none""></td><td colspan=""3"" style=""display:none""></td><td colspan=""3"" style=""display:none""></td><td colspan=""3"" style=""display:none""></td><td colspan=""3"" style=""display:none""></td></tr><tr><td colspan=""3"" style=""background-color:#ffffff;padding:2px 1pt;text-align:left;vertical-align:bottom""><div style=""padding-right:9pt""><span style=""color:#000000;font-family:'Times New Roman',sans-serif;font-size:10pt;font-weight:400;line-height:100%"">Capital structuring service fees and other income</span></div></td><td style=""background-color:#ffffff;padding:2px 0 2px 1pt;text-align:left;vertical-align:bottom""><span style=""color:#000000;font-family:'Times New Roman',sans-serif;font-size:10pt;font-weight:400;line-height:100%"">$</span></td><td style=""background-color:#ffffff;padding:2px 0;text-align:right;vertical-align:bottom""><span style=""color:#000000;font-family:'Times New Roman',sans-serif;font-size:10pt;font-weight:400;line-height:100%"">3 </span></td><td style=""background-color:#ffffff;padding:2px 1pt 2px 0;text-align:right;vertical-align:bottom""></td><td colspan=""3"" style=""background-color:#ffffff;padding:0 1pt""></td><td style=""background-color:#ffffff;padding:2px 0 2px 1pt;text-align:left;vertical-align:bottom""><span style=""color:#000000;font-family:'Times New Roman',sans-serif;font-size:10pt;font-weight:400;line-height:100%"">$</span></td><td style=""background-color:#ffffff;padding:2px 0;text-align:right;vertical-align:bottom""><span style=""color:#000000;font-family:'Times New Roman',sans-serif;font-size:10pt;font-weight:400;line-height:100%"">3 </span></td><td style=""background-color:#ffffff;padding:2px 1pt 2px 0;text-align:right;vertical-align:bottom""></td><td colspan=""3"" style=""display:none""></td><td colspan=""3"" style=""display:none""></td><td colspan=""3"" style=""display:none""></td><td colspan=""3"" style=""display:none""></td><td colspan=""3"" style=""display:none""></td><td colspan=""3"" style=""display:none""></td></tr></table></div>",c-1,2025-01-01,2025-03-31,,89,,False,InterestIncomeAndInterestExpenseDisclosureTableTextBlock,
ARCC,2025-04-29,income_statement,income_statement,InterestIncomeOperating,InterestIncomeOperating,0,c-4490,2025-01-01,2025-03-31,,89,,False,InterestIncomeOperating,
ARCC,2025-04-29,income_statement,income_statement,InterestIncomeOperating,InterestIncomeOperating,1000000,c-4491,2024-01-01,2024-03-31,,90,,False,InterestIncomeOperating,
ARCC,2025-04-29,income_statement,income_statement,DividendIncomeOperating,DividendIncomeOperating,73000000,c-4490,2025-01-01,2025-03-31,,89,,False,DividendIncomeOperating,
ARCC,2025-04-29,income_statement,income_statement,DividendIncomeOperating,DividendIncomeOperating,66000000,c-4491,2024-01-01,2024-03-31,,90,,False,DividendIncomeOperating,
ARCC,2025-04-29,income_statement,income_statement,AccumulatedOtherComprehensiveIncomeLossNetOfTax,AccumulatedOtherComprehensiveIncomeLossNetOfTax,-54000000,c-4494,,,2025-03-31,,,False,AccumulatedOtherComprehensiveIncomeLossNetOfTax,
ARCC,2025-04-29,income_statement,income_statement,AccumulatedOtherComprehensiveIncomeLossNetOfTax,AccumulatedOtherComprehensiveIncomeLossNetOfTax,0,c-4495,,,2025-03-31,,,False,AccumulatedOtherComprehensiveIncomeLossNetOfTax,
ARCC,2025-04-29,income_statement,income_statement,AccumulatedOtherComprehensiveIncomeLossNetOfTax,AccumulatedOtherComprehensiveIncomeLossNetOfTax,0,c-4496,,,2025-03-31,,,False,AccumulatedOtherComprehensiveIncomeLossNetOfTax,
ARCC,2025-04-29,income_statement,income_statement,AccumulatedOtherComprehensiveIncomeLossNetOfTax,AccumulatedOtherComprehensiveIncomeLossNetOfTax,-54000000,c-4484,,,2025-03-31,,,False,AccumulatedOtherComprehensiveIncomeLossNetOfTax,
ARCC,2025-04-29,income_statement,income_statement,AccumulatedOtherComprehensiveIncomeLossNetOfTax,AccumulatedOtherComprehensiveIncomeLossNetOfTax,-79000000,c-4497,,,2024-12-31,,,False,AccumulatedOtherComprehensiveIncomeLossNetOfTax,
ARCC,2025-04-29,income_statement,income_statement,AccumulatedOtherComprehensiveIncomeLossNetOfTax,AccumulatedOtherComprehensiveIncomeLossNetOfTax,0,c-4498,,,2024-12-31,,,False,AccumulatedOtherComprehensiveIncomeLossNetOfTax,
ARCC,2025-04-29,income_statement,income_statement,AccumulatedOtherComprehensiveIncomeLossNetOfTax,AccumulatedOtherComprehensiveIncomeLossNetOfTax,0,c-4499,,,2024-12-31,,,False,AccumulatedOtherComprehensiveIncomeLossNetOfTax,
ARCC,2025-04-29,income_statement,income_statement,AccumulatedOtherComprehensiveIncomeLossNetOfTax,AccumulatedOtherComprehensiveIncomeLossNetOfTax,-79000000,c-4485,,,2024-12-31,,,False,AccumulatedOtherComprehensiveIncomeLossNetOfTax,
ARCC,2025-04-29,income_statement,income_statement,InterestAndDividendIncomeSecurities,InterestAndDividendIncomeSecurities,67000000,c-4486,2025-01-01,2025-03-31,,89,,False,InterestAndDividendIncomeSecurities,
ARCC,2025-04-29,income_statement,income_statement,InterestAndDividendIncomeSecurities,InterestAndDividendIncomeSecurities,217000000,c-4502,2025-01-01,2025-03-31,,89,,False,InterestAndDividendIncomeSecurities,
ARCC,2025-04-29,income_statement,income_statement,InterestAndDividendIncomeSecurities,InterestAndDividendIncomeSecurities,-65000000,c-4503,2025-01-01,2025-03-31,,89,,False,InterestAndDividendIncomeSecurities,
ARCC,2025-04-29,income_statement,income_statement,InterestAndDividendIncomeSecurities,InterestAndDividendIncomeSecurities,219000000,c-4490,2025-01-01,2025-03-31,,89,,False,InterestAndDividendIncomeSecurities,
ARCC,2025-04-29,income_statement,income_statement,OtherIncome,OtherIncome,2000000,c-4502,2025-01-01,2025-03-31,,89,,False,OtherIncome,
ARCC,2025-04-29,income_statement,income_statement,OtherIncome,OtherIncome,-11000000,c-4503,2025-01-01,2025-03-31,,89,,False,OtherIncome,
ARCC,2025-04-29,income_statement,income_statement,OtherIncome,OtherIncome,3000000,c-4490,2025-01-01,2025-03-31,,89,,False,OtherIncome,
ARCC,2025-04-29,income_statement,income_statement,GrossInvestmentIncomeOperating,GrossInvestmentIncomeOperating,79000000,c-4486,2025-01-01,2025-03-31,,89,,False,GrossInvestmentIncomeOperating,
ARCC,2025-04-29,income_statement,income_statement,GrossInvestmentIncomeOperating,GrossInvestmentIncomeOperating,219000000,c-4502,2025-01-01,2025-03-31,,89,,False,GrossInvestmentIncomeOperating,
ARCC,2025-04-29,income_statement,income_statement,GrossInvestmentIncomeOperating,GrossInvestmentIncomeOperating,-76000000,c-4503,2025-01-01,2025-03-31,,89,,False,GrossInvestmentIncomeOperating,
ARCC,2025-04-29,income_statement,income_statement,GrossInvestmentIncomeOperating,GrossInvestmentIncomeOperating,222000000,c-4490,2025-01-01,2025-03-31,,89,,False,GrossInvestmentIncomeOperating,
ARCC,2025-04-29,income_statement,income_statement,InterestExpense,InterestExpense,9000000,c-4486,2025-01-01,2025-03-31,,89,,False,InterestExpense,
ARCC,2025-04-29,income_statement,income_statement,InterestExpense,InterestExpense,118000000,c-4502,2025-01-01,2025-03-31,,89,,False,InterestExpense,
ARCC,2025-04-29,income_statement,income_statement,InterestExpense,InterestExpense,0,c-4503,2025-01-01,2025-03-31,,89,,False,InterestExpense,
ARCC,2025-04-29,income_statement,income_statement,InterestExpense,InterestExpense,127000000,c-4490,2025-01-01,2025-03-31,,89,,False,InterestExpense,
ARCC,2025-04-29,income_statement,income_statement,DistributionExpense,DistributionExpense,0,c-4486,2025-01-01,2025-03-31,,89,,False,DistributionExpense,
ARCC,2025-04-29,income_statement,income_statement,DistributionExpense,DistributionExpense,32000000,c-4502,2025-01-01,2025-03-31,,89,,False,DistributionExpense,
ARCC,2025-04-29,income_statement,income_statement,DistributionExpense,DistributionExpense,-23000000,c-4503,2025-01-01,2025-03-31,,89,,False,DistributionExpense,
ARCC,2025-04-29,income_statement,income_statement,DistributionExpense,DistributionExpense,9000000,c-4490,2025-01-01,2025-03-31,,89,,False,DistributionExpense,
ARCC,2025-04-29,income_statement,income_statement,OtherExpenses,OtherExpenses,4000000,c-4486,2025-01-01,2025-03-31,,89,,False,OtherExpenses,
ARCC,2025-04-29,income_statement,income_statement,OtherExpenses,OtherExpenses,14000000,c-4502,2025-01-01,2025-03-31,,89,,False,OtherExpenses,
ARCC,2025-04-29,income_statement,income_statement,OtherExpenses,OtherExpenses,-11000000,c-4503,2025-01-01,2025-03-31,,89,,False,OtherExpenses,
ARCC,2025-04-29,income_statement,income_statement,OtherExpenses,OtherExpenses,7000000,c-4490,2025-01-01,2025-03-31,,89,,False,OtherExpenses,
ARCC,2025-04-29,income_statement,income_statement,CostsAndExpenses,CostsAndExpenses,13000000,c-4486,2025-01-01,2025-03-31,,89,,False,CostsAndExpenses,
ARCC,2025-04-29,income_statement,income_statement,CostsAndExpenses,CostsAndExpenses,164000000,c-4502,2025-01-01,2025-03-31,,89,,False,CostsAndExpenses,
ARCC,2025-04-29,income_statement,income_statement,CostsAndExpenses,CostsAndExpenses,-34000000,c-4503,2025-01-01,2025-03-31,,89,,False,CostsAndExpenses,
ARCC,2025-04-29,income_statement,income_statement,CostsAndExpenses,CostsAndExpenses,143000000,c-4490,2025-01-01,2025-03-31,,89,,False,CostsAndExpenses,
ARCC,2025-04-29,income_statement,income_statement,OperatingIncomeLoss,OperatingIncomeLoss,66000000,c-4486,2025-01-01,2025-03-31,,89,,False,OperatingIncomeLoss,
ARCC,2025-04-29,income_statement,income_statement,OperatingIncomeLoss,OperatingIncomeLoss,55000000,c-4502,2025-01-01,2025-03-31,,89,,False,OperatingIncomeLoss,
ARCC,2025-04-29,income_statement,income_statement,OperatingIncomeLoss,OperatingIncomeLoss,-42000000,c-4503,2025-01-01,2025-03-31,,89,,False,OperatingIncomeLoss,
ARCC,2025-04-29,income_statement,income_statement,OperatingIncomeLoss,OperatingIncomeLoss,79000000,c-4490,2025-01-01,2025-03-31,,89,,False,OperatingIncomeLoss,
ARCC,2025-04-29,income_statement,income_statement,NetIncomeLossAttributableToNoncontrollingInterest,NetIncomeLossAttributableToNoncontrollingInterest,0,c-4486,2025-01-01,2025-03-31,,89,,False,NetIncomeLossAttributableToNoncontrollingInterest,
ARCC,2025-04-29,income_statement,income_statement,NetIncomeLossAttributableToNoncontrollingInterest,NetIncomeLossAttributableToNoncontrollingInterest,12000000,c-4502,2025-01-01,2025-03-31,,89,,False,NetIncomeLossAttributableToNoncontrollingInterest,
ARCC,2025-04-29,income_statement,income_statement,NetIncomeLossAttributableToNoncontrollingInterest,NetIncomeLossAttributableToNoncontrollingInterest,-51000000,c-4503,2025-01-01,2025-03-31,,89,,False,NetIncomeLossAttributableToNoncontrollingInterest,
ARCC,2025-04-29,income_statement,income_statement,NetIncomeLossAttributableToNoncontrollingInterest,NetIncomeLossAttributableToNoncontrollingInterest,-39000000,c-4490,2025-01-01,2025-03-31,,89,,False,NetIncomeLossAttributableToNoncontrollingInterest,
ARCC,2025-04-29,income_statement,income_statement,NetIncomeLoss,NetIncomeLoss,82000000,c-4486,2025-01-01,2025-03-31,,89,,False,NetIncomeLoss,
ARCC,2025-04-29,income_statement,income_statement,NetIncomeLoss,NetIncomeLoss,0,c-4502,2025-01-01,2025-03-31,,89,,False,NetIncomeLoss,
ARCC,2025-04-29,income_statement,income_statement,NetIncomeLoss,NetIncomeLoss,0,c-4503,2025-01-01,2025-03-31,,89,,False,NetIncomeLoss,
ARCC,2025-04-29,income_statement,income_statement,NetIncomeLoss,NetIncomeLoss,82000000,c-4490,2025-01-01,2025-03-31,,89,,False,NetIncomeLoss,
ARCC,2025-04-29,income_statement,income_statement,InterestAndDividendIncomeSecurities,InterestAndDividendIncomeSecurities,94000000,c-4487,2024-01-01,2024-03-31,,90,,False,InterestAndDividendIncomeSecurities,
ARCC,2025-04-29,income_statement,income_statement,InterestAndDividendIncomeSecurities,InterestAndDividendIncomeSecurities,274000000,c-4504,2024-01-01,2024-03-31,,90,,False,InterestAndDividendIncomeSecurities,
ARCC,2025-04-29,income_statement,income_statement,InterestAndDividendIncomeSecurities,InterestAndDividendIncomeSecurities,-92000000,c-4505,2024-01-01,2024-03-31,,90,,False,InterestAndDividendIncomeSecurities,
ARCC,2025-04-29,income_statement,income_statement,InterestAndDividendIncomeSecurities,InterestAndDividendIncomeSecurities,276000000,c-4491,2024-01-01,2024-03-31,,90,,False,InterestAndDividendIncomeSecurities,
ARCC,2025-04-29,income_statement,income_statement,OtherIncome,OtherIncome,3000000,c-4504,2024-01-01,2024-03-31,,90,,False,OtherIncome,
ARCC,2025-04-29,income_statement,income_statement,OtherIncome,OtherIncome,-13000000,c-4505,2024-01-01,2024-03-31,,90,,False,OtherIncome,
ARCC,2025-04-29,income_statement,income_statement,OtherIncome,OtherIncome,4000000,c-4491,2024-01-01,2024-03-31,,90,,False,OtherIncome,
ARCC,2025-04-29,income_statement,income_statement,GrossInvestmentIncomeOperating,GrossInvestmentIncomeOperating,108000000,c-4487,2024-01-01,2024-03-31,,90,,False,GrossInvestmentIncomeOperating,
ARCC,2025-04-29,income_statement,income_statement,GrossInvestmentIncomeOperating,GrossInvestmentIncomeOperating,277000000,c-4504,2024-01-01,2024-03-31,,90,,False,GrossInvestmentIncomeOperating,
ARCC,2025-04-29,income_statement,income_statement,GrossInvestmentIncomeOperating,GrossInvestmentIncomeOperating,-105000000,c-4505,2024-01-01,2024-03-31,,90,,False,GrossInvestmentIncomeOperating,
ARCC,2025-04-29,income_statement,income_statement,GrossInvestmentIncomeOperating,GrossInvestmentIncomeOperating,280000000,c-4491,2024-01-01,2024-03-31,,90,,False,GrossInvestmentIncomeOperating,
ARCC,2025-04-29,income_statement,income_statement,InterestExpense,InterestExpense,10000000,c-4487,2024-01-01,2024-03-31,,90,,False,InterestExpense,
ARCC,2025-04-29,income_statement,income_statement,InterestExpense,InterestExpense,150000000,c-4504,2024-01-01,2024-03-31,,90,,False,InterestExpense,
ARCC,2025-04-29,income_statement,income_statement,InterestExpense,InterestExpense,0,c-4505,2024-01-01,2024-03-31,,90,,False,InterestExpense,
ARCC,2025-04-29,income_statement,income_statement,InterestExpense,InterestExpense,160000000,c-4491,2024-01-01,2024-03-31,,90,,False,InterestExpense,
ARCC,2025-04-29,income_statement,income_statement,DistributionExpense,DistributionExpense,0,c-4487,2024-01-01,2024-03-31,,90,,False,DistributionExpense,
ARCC,2025-04-29,income_statement,income_statement,DistributionExpense,DistributionExpense,53000000,c-4504,2024-01-01,2024-03-31,,90,,False,DistributionExpense,
ARCC,2025-04-29,income_statement,income_statement,DistributionExpense,DistributionExpense,-37000000,c-4505,2024-01-01,2024-03-31,,90,,False,DistributionExpense,
ARCC,2025-04-29,income_statement,income_statement,DistributionExpense,DistributionExpense,16000000,c-4491,2024-01-01,2024-03-31,,90,,False,DistributionExpense,
ARCC,2025-04-29,income_statement,income_statement,OtherExpenses,OtherExpenses,4000000,c-4487,2024-01-01,2024-03-31,,90,,False,OtherExpenses,
ARCC,2025-04-29,income_statement,income_statement,OtherExpenses,OtherExpenses,18000000,c-4504,2024-01-01,2024-03-31,,90,,False,OtherExpenses,
ARCC,2025-04-29,income_statement,income_statement,OtherExpenses,OtherExpenses,-13000000,c-4505,2024-01-01,2024-03-31,,90,,False,OtherExpenses,
ARCC,2025-04-29,income_statement,income_statement,OtherExpenses,OtherExpenses,9000000,c-4491,2024-01-01,2024-03-31,,90,,False,OtherExpenses,
ARCC,2025-04-29,income_statement,income_statement,CostsAndExpenses,CostsAndExpenses,14000000,c-4487,2024-01-01,2024-03-31,,90,,False,CostsAndExpenses,
ARCC,2025-04-29,income_statement,income_statement,CostsAndExpenses,CostsAndExpenses,221000000,c-4504,2024-01-01,2024-03-31,,90,,False,CostsAndExpenses,
ARCC,2025-04-29,income_statement,income_statement,CostsAndExpenses,CostsAndExpenses,-50000000,c-4505,2024-01-01,2024-03-31,,90,,False,CostsAndExpenses,
ARCC,2025-04-29,income_statement,income_statement,CostsAndExpenses,CostsAndExpenses,185000000,c-4491,2024-01-01,2024-03-31,,90,,False,CostsAndExpenses,
ARCC,2025-04-29,income_statement,income_statement,OperatingIncomeLoss,OperatingIncomeLoss,94000000,c-4487,2024-01-01,2024-03-31,,90,,False,OperatingIncomeLoss,
ARCC,2025-04-29,income_statement,income_statement,OperatingIncomeLoss,OperatingIncomeLoss,56000000,c-4504,2024-01-01,2024-03-31,,90,,False,OperatingIncomeLoss,
ARCC,2025-04-29,income_statement,income_statement,OperatingIncomeLoss,OperatingIncomeLoss,-55000000,c-4505,2024-01-01,2024-03-31,,90,,False,OperatingIncomeLoss,
ARCC,2025-04-29,income_statement,income_statement,OperatingIncomeLoss,OperatingIncomeLoss,95000000,c-4491,2024-01-01,2024-03-31,,90,,False,OperatingIncomeLoss,
ARCC,2025-04-29,income_statement,income_statement,NetIncomeLossAttributableToNoncontrollingInterest,NetIncomeLossAttributableToNoncontrollingInterest,0,c-4487,2024-01-01,2024-03-31,,90,,False,NetIncomeLossAttributableToNoncontrollingInterest,
ARCC,2025-04-29,income_statement,income_statement,NetIncomeLossAttributableToNoncontrollingInterest,NetIncomeLossAttributableToNoncontrollingInterest,58000000,c-4504,2024-01-01,2024-03-31,,90,,False,NetIncomeLossAttributableToNoncontrollingInterest,
ARCC,2025-04-29,income_statement,income_statement,NetIncomeLossAttributableToNoncontrollingInterest,NetIncomeLossAttributableToNoncontrollingInterest,-44000000,c-4505,2024-01-01,2024-03-31,,90,,False,NetIncomeLossAttributableToNoncontrollingInterest,
ARCC,2025-04-29,income_statement,income_statement,NetIncomeLossAttributableToNoncontrollingInterest,NetIncomeLossAttributableToNoncontrollingInterest,14000000,c-4491,2024-01-01,2024-03-31,,90,,False,NetIncomeLossAttributableToNoncontrollingInterest,
ARCC,2025-04-29,income_statement,income_statement,NetIncomeLoss,NetIncomeLoss,82000000,c-4487,2024-01-01,2024-03-31,,90,,False,NetIncomeLoss,
ARCC,2025-04-29,income_statement,income_statement,NetIncomeLoss,NetIncomeLoss,0,c-4504,2024-01-01,2024-03-31,,90,,False,NetIncomeLoss,
ARCC,2025-04-29,income_statement,income_statement,NetIncomeLoss,NetIncomeLoss,0,c-4505,2024-01-01,2024-03-31,,90,,False,NetIncomeLoss,
ARCC,2025-04-29,income_statement,income_statement,NetIncomeLoss,NetIncomeLoss,82000000,c-4491,2024-01-01,2024-03-31,,90,,False,NetIncomeLoss,
ARCC,2025-04-29,income_statement,income_statement,InterestIncomeOperating,InterestIncomeOperating,38000000,c-4508,2025-01-01,2025-03-31,,89,,False,InterestIncomeOperating,
ARCC,2025-04-29,income_statement,income_statement,InterestIncomeOperating,InterestIncomeOperating,43000000,c-4509,2024-01-01,2024-03-31,,90,,False,InterestIncomeOperating,
ARCC,2025-04-29,income_statement,income_statement,FeeIncome,FeeIncome,3000000,c-4508,2025-01-01,2025-03-31,,89,,False,FeeIncome,
ARCC,2025-04-29,income_statement,income_statement,FeeIncome,FeeIncome,3000000,c-4509,2024-01-01,2024-03-31,,90,,False,FeeIncome,
ARCC,2025-04-29,income_statement,income_statement,InterestExpense,InterestExpense,22000000,c-4576,2025-01-01,2025-03-31,,89,,False,InterestExpense,
ARCC,2025-04-29,income_statement,income_statement,InterestExpense,InterestExpense,28000000,c-4579,2024-01-01,2024-03-31,,90,,False,InterestExpense,
ARCC,2025-04-29,income_statement,income_statement,InterestExpense,InterestExpense,19000000,c-4588,2025-01-01,2025-03-31,,89,,False,InterestExpense,
ARCC,2025-04-29,income_statement,income_statement,InterestExpense,InterestExpense,13000000,c-4589,2024-01-01,2024-03-31,,90,,False,InterestExpense,
ARCC,2025-04-29,income_statement,income_statement,InterestExpense,InterestExpense,8000000,c-4592,2025-01-01,2025-03-31,,89,,False,InterestExpense,
ARCC,2025-04-29,income_statement,income_statement,InterestExpense,InterestExpense,7000000,c-4604,2024-01-01,2024-03-31,,90,,False,InterestExpense,
ARCC,2025-04-29,income_statement,income_statement,InterestExpense,InterestExpense,12000000,c-4611,2025-01-01,2025-03-31,,89,,False,InterestExpense,
ARCC,2025-04-29,income_statement,income_statement,InterestExpense,InterestExpense,13000000,c-4612,2024-01-01,2024-03-31,,90,,False,InterestExpense,
ARCC,2025-04-29,income_statement,income_statement,InterestExpense,InterestExpense,16000000,c-4634,2025-01-01,2025-03-31,,89,,False,InterestExpense,
ARCC,2025-04-29,income_statement,income_statement,InterestExpense,InterestExpense,3000000,c-4637,2024-01-01,2024-03-31,,90,,False,InterestExpense,
ARCC,2025-04-29,income_statement,income_statement,InterestExpenseGainLossHedgingInstruments,InterestExpenseGainLossHedgingInstruments,-1000000,c-4641,2025-01-01,2025-03-31,,89,,False,InterestExpenseGainLossHedgingInstruments,
ARCC,2025-04-29,income_statement,income_statement,InterestExpenseGainLossHedgingInstruments,InterestExpenseGainLossHedgingInstruments,0,c-4642,2024-01-01,2024-03-31,,90,,False,InterestExpenseGainLossHedgingInstruments,
ARCC,2025-04-29,income_statement,income_statement,InterestExpense,InterestExpense,109000000,c-4639,2025-01-01,2025-03-31,,89,,False,InterestExpense,
ARCC,2025-04-29,income_statement,income_statement,InterestExpense,InterestExpense,95000000,c-4640,2024-01-01,2024-03-31,,90,,False,InterestExpense,
ARCC,2025-04-29,income_statement,income_statement,InvestmentCompanyInvestmentIncomeLossPerShare,InvestmentCompanyInvestmentIncomeLossPerShare,0.54,c-1,2025-01-01,2025-03-31,,89,,False,InvestmentCompanyInvestmentIncomeLossPerShare,
ARCC,2025-04-29,income_statement,income_statement,InvestmentCompanyInvestmentIncomeLossPerShare,InvestmentCompanyInvestmentIncomeLossPerShare,0.55,c-17,2024-01-01,2024-03-31,,90,,False,InvestmentCompanyInvestmentIncomeLossPerShare,
ARCC,2025-04-29,income_statement,income_statement,InvestmentCompanyInvestmentIncomeLossFromOperationsPerShare,InvestmentCompanyInvestmentIncomeLossFromOperationsPerShare,0.41,c-1,2025-01-01,2025-03-31,,89,,False,InvestmentCompanyInvestmentIncomeLossFromOperationsPerShare,
ARCC,2025-04-29,income_statement,income_statement,InvestmentCompanyInvestmentIncomeLossFromOperationsPerShare,InvestmentCompanyInvestmentIncomeLossFromOperationsPerShare,0.77,c-17,2024-01-01,2024-03-31,,90,,False,InvestmentCompanyInvestmentIncomeLossFromOperationsPerShare,
ARCC,2025-04-29,income_statement,income_statement,InvestmentCompanyExpenseRatioIncludingIncentiveFee,InvestmentCompanyExpenseRatioIncludingIncentiveFee,0.1081,c-1,2025-01-01,2025-03-31,,89,,False,InvestmentCompanyExpenseRatioIncludingIncentiveFee,
ARCC,2025-04-29,income_statement,income_statement,InvestmentCompanyExpenseRatioIncludingIncentiveFee,InvestmentCompanyExpenseRatioIncludingIncentiveFee,0.1279,c-17,2024-01-01,2024-03-31,,90,,False,InvestmentCompanyExpenseRatioIncludingIncentiveFee,
ARCC,2025-04-29,income_statement,income_statement,InvestmentCompanyInvestmentIncomeLossRatio,InvestmentCompanyInvestmentIncomeLossRatio,0.1096,c-1,2025-01-01,2025-03-31,,89,,False,InvestmentCompanyInvestmentIncomeLossRatio,
ARCC,2025-04-29,income_statement,income_statement,InvestmentCompanyInvestmentIncomeLossRatio,InvestmentCompanyInvestmentIncomeLossRatio,0.1136,c-17,2024-01-01,2024-03-31,,90,,False,InvestmentCompanyInvestmentIncomeLossRatio,
ARCC,2025-04-29,income_statement,income_statement,InvestmentCompanyExpenseRatioIncludingIncentiveFee,InvestmentCompanyExpenseRatioIncludingIncentiveFee,0.0307,c-4858,2025-01-01,2025-03-31,,89,,False,InvestmentCompanyExpenseRatioIncludingIncentiveFee,
ARCC,2025-04-29,income_statement,income_statement,InvestmentCompanyExpenseRatioIncludingIncentiveFee,InvestmentCompanyExpenseRatioIncludingIncentiveFee,0.0303,c-4859,2024-01-01,2024-03-31,,90,,False,InvestmentCompanyExpenseRatioIncludingIncentiveFee,
ARCC,2025-04-29,income_statement,income_statement,InvestmentCompanyExpenseRatioIncludingIncentiveFee,InvestmentCompanyExpenseRatioIncludingIncentiveFee,0.0181,c-4860,2025-01-01,2025-03-31,,89,,False,InvestmentCompanyExpenseRatioIncludingIncentiveFee,
ARCC,2025-04-29,income_statement,income_statement,InvestmentCompanyExpenseRatioIncludingIncentiveFee,InvestmentCompanyExpenseRatioIncludingIncentiveFee,0.0391,c-4861,2024-01-01,2024-03-31,,90,,False,InvestmentCompanyExpenseRatioIncludingIncentiveFee,
ARCC,2025-04-29,income_statement,income_statement,InvestmentCompanyExpenseRatioIncludingIncentiveFee,InvestmentCompanyExpenseRatioIncludingIncentiveFee,0.0559,c-4862,2025-01-01,2025-03-31,,89,,False,InvestmentCompanyExpenseRatioIncludingIncentiveFee,
ARCC,2025-04-29,income_statement,income_statement,InvestmentCompanyExpenseRatioIncludingIncentiveFee,InvestmentCompanyExpenseRatioIncludingIncentiveFee,0.0552,c-4863,2024-01-01,2024-03-31,,90,,False,InvestmentCompanyExpenseRatioIncludingIncentiveFee,
ARCC,2025-04-29,income_statement,income_statement,InvestmentCompanyExpenseRatioIncludingIncentiveFee,InvestmentCompanyExpenseRatioIncludingIncentiveFee,0.0034,c-4864,2025-01-01,2025-03-31,,89,,False,InvestmentCompanyExpenseRatioIncludingIncentiveFee,
ARCC,2025-04-29,income_statement,income_statement,InvestmentCompanyExpenseRatioIncludingIncentiveFee,InvestmentCompanyExpenseRatioIncludingIncentiveFee,0.0033,c-4865,2024-01-01,2024-03-31,,90,,False,InvestmentCompanyExpenseRatioIncludingIncentiveFee,
ARCC,2025-07-29,income_statement,income_statement,IncomeBasedFeesPayable,IncomeBasedFeesPayable,86000000,c-9,,,2025-06-30,,,False,IncomeBasedFeesPayable,
ARCC,2025-07-29,income_statement,income_statement,IncomeBasedFeesPayable,IncomeBasedFeesPayable,91000000,c-10,,,2024-12-31,,,False,IncomeBasedFeesPayable,
ARCC,2025-07-29,income_statement,income_statement,InterestIncomeOperatingPaidInCash,InterestIncomeOperatingPaidInCash,433000000,c-11,2025-04-01,2025-06-30,,90,,False,InterestIncomeOperatingPaidInCash,
ARCC,2025-07-29,income_statement,income_statement,InterestIncomeOperatingPaidInCash,InterestIncomeOperatingPaidInCash,434000000,c-12,2024-04-01,2024-06-30,,90,,False,InterestIncomeOperatingPaidInCash,
ARCC,2025-07-29,income_statement,income_statement,InterestIncomeOperatingPaidInCash,InterestIncomeOperatingPaidInCash,864000000,c-13,2025-01-01,2025-06-30,,180,,False,InterestIncomeOperatingPaidInCash,
ARCC,2025-07-29,income_statement,income_statement,InterestIncomeOperatingPaidInCash,InterestIncomeOperatingPaidInCash,847000000,c-14,2024-01-01,2024-06-30,,181,,False,InterestIncomeOperatingPaidInCash,
ARCC,2025-07-29,income_statement,income_statement,InterestIncomeOperatingPaidInKind,InterestIncomeOperatingPaidInKind,47000000,c-11,2025-04-01,2025-06-30,,90,,False,InterestIncomeOperatingPaidInKind,
ARCC,2025-07-29,income_statement,income_statement,InterestIncomeOperatingPaidInKind,InterestIncomeOperatingPaidInKind,43000000,c-12,2024-04-01,2024-06-30,,90,,False,InterestIncomeOperatingPaidInKind,
ARCC,2025-07-29,income_statement,income_statement,InterestIncomeOperatingPaidInKind,InterestIncomeOperatingPaidInKind,87000000,c-13,2025-01-01,2025-06-30,,180,,False,InterestIncomeOperatingPaidInKind,
ARCC,2025-07-29,income_statement,income_statement,InterestIncomeOperatingPaidInKind,InterestIncomeOperatingPaidInKind,85000000,c-14,2024-01-01,2024-06-30,,181,,False,InterestIncomeOperatingPaidInKind,
ARCC,2025-07-29,income_statement,income_statement,FeeIncome,FeeIncome,33000000,c-11,2025-04-01,2025-06-30,,90,,False,FeeIncome,
ARCC,2025-07-29,income_statement,income_statement,FeeIncome,FeeIncome,56000000,c-12,2024-04-01,2024-06-30,,90,,False,FeeIncome,
ARCC,2025-07-29,income_statement,income_statement,FeeIncome,FeeIncome,76000000,c-13,2025-01-01,2025-06-30,,180,,False,FeeIncome,
ARCC,2025-07-29,income_statement,income_statement,FeeIncome,FeeIncome,82000000,c-14,2024-01-01,2024-06-30,,181,,False,FeeIncome,
ARCC,2025-07-29,income_statement,income_statement,DividendIncomeOperatingExcludingPaidInKind,DividendIncomeOperatingExcludingPaidInKind,8000000,c-11,2025-04-01,2025-06-30,,90,,False,DividendIncomeOperatingExcludingPaidInKind,
ARCC,2025-07-29,income_statement,income_statement,DividendIncomeOperatingExcludingPaidInKind,DividendIncomeOperatingExcludingPaidInKind,9000000,c-12,2024-04-01,2024-06-30,,90,,False,DividendIncomeOperatingExcludingPaidInKind,
ARCC,2025-07-29,income_statement,income_statement,DividendIncomeOperatingExcludingPaidInKind,DividendIncomeOperatingExcludingPaidInKind,11000000,c-13,2025-01-01,2025-06-30,,180,,False,DividendIncomeOperatingExcludingPaidInKind,
ARCC,2025-07-29,income_statement,income_statement,DividendIncomeOperatingExcludingPaidInKind,DividendIncomeOperatingExcludingPaidInKind,33000000,c-14,2024-01-01,2024-06-30,,181,,False,DividendIncomeOperatingExcludingPaidInKind,
ARCC,2025-07-29,income_statement,income_statement,DividendIncomeOperatingPaidInKind,DividendIncomeOperatingPaidInKind,75000000,c-11,2025-04-01,2025-06-30,,90,,False,DividendIncomeOperatingPaidInKind,
ARCC,2025-07-29,income_statement,income_statement,DividendIncomeOperatingPaidInKind,DividendIncomeOperatingPaidInKind,64000000,c-12,2024-04-01,2024-06-30,,90,,False,DividendIncomeOperatingPaidInKind,
ARCC,2025-07-29,income_statement,income_statement,DividendIncomeOperatingPaidInKind,DividendIncomeOperatingPaidInKind,141000000,c-13,2025-01-01,2025-06-30,,180,,False,DividendIncomeOperatingPaidInKind,
ARCC,2025-07-29,income_statement,income_statement,DividendIncomeOperatingPaidInKind,DividendIncomeOperatingPaidInKind,119000000,c-14,2024-01-01,2024-06-30,,181,,False,DividendIncomeOperatingPaidInKind,
ARCC,2025-07-29,income_statement,income_statement,OtherIncome,OtherIncome,18000000,c-11,2025-04-01,2025-06-30,,90,,False,OtherIncome,
ARCC,2025-07-29,income_statement,income_statement,OtherIncome,OtherIncome,12000000,c-12,2024-04-01,2024-06-30,,90,,False,OtherIncome,
ARCC,2025-07-29,income_statement,income_statement,OtherIncome,OtherIncome,34000000,c-13,2025-01-01,2025-06-30,,180,,False,OtherIncome,
ARCC,2025-07-29,income_statement,income_statement,OtherIncome,OtherIncome,24000000,c-14,2024-01-01,2024-06-30,,181,,False,OtherIncome,
ARCC,2025-07-29,income_statement,income_statement,GrossInvestmentIncomeOperating,GrossInvestmentIncomeOperating,614000000,c-11,2025-04-01,2025-06-30,,90,,False,GrossInvestmentIncomeOperating,
ARCC,2025-07-29,income_statement,income_statement,GrossInvestmentIncomeOperating,GrossInvestmentIncomeOperating,618000000,c-12,2024-04-01,2024-06-30,,90,,False,GrossInvestmentIncomeOperating,
ARCC,2025-07-29,income_statement,income_statement,GrossInvestmentIncomeOperating,GrossInvestmentIncomeOperating,1213000000,c-13,2025-01-01,2025-06-30,,180,,False,GrossInvestmentIncomeOperating,
ARCC,2025-07-29,income_statement,income_statement,GrossInvestmentIncomeOperating,GrossInvestmentIncomeOperating,1190000000,c-14,2024-01-01,2024-06-30,,181,,False,GrossInvestmentIncomeOperating,
ARCC,2025-07-29,income_statement,income_statement,InterestIncomeOperatingPaidInCash,InterestIncomeOperatingPaidInCash,4000000,c-15,2025-04-01,2025-06-30,,90,,False,InterestIncomeOperatingPaidInCash,
ARCC,2025-07-29,income_statement,income_statement,InterestIncomeOperatingPaidInCash,InterestIncomeOperatingPaidInCash,4000000,c-16,2024-04-01,2024-06-30,,90,,False,InterestIncomeOperatingPaidInCash,
ARCC,2025-07-29,income_statement,income_statement,InterestIncomeOperatingPaidInCash,InterestIncomeOperatingPaidInCash,9000000,c-17,2025-01-01,2025-06-30,,180,,False,InterestIncomeOperatingPaidInCash,
ARCC,2025-07-29,income_statement,income_statement,InterestIncomeOperatingPaidInCash,InterestIncomeOperatingPaidInCash,8000000,c-18,2024-01-01,2024-06-30,,181,,False,InterestIncomeOperatingPaidInCash,
ARCC,2025-07-29,income_statement,income_statement,InterestIncomeOperatingPaidInKind,InterestIncomeOperatingPaidInKind,4000000,c-15,2025-04-01,2025-06-30,,90,,False,InterestIncomeOperatingPaidInKind,
ARCC,2025-07-29,income_statement,income_statement,InterestIncomeOperatingPaidInKind,InterestIncomeOperatingPaidInKind,5000000,c-16,2024-04-01,2024-06-30,,90,,False,InterestIncomeOperatingPaidInKind,
ARCC,2025-07-29,income_statement,income_statement,InterestIncomeOperatingPaidInKind,InterestIncomeOperatingPaidInKind,9000000,c-17,2025-01-01,2025-06-30,,180,,False,InterestIncomeOperatingPaidInKind,
ARCC,2025-07-29,income_statement,income_statement,InterestIncomeOperatingPaidInKind,InterestIncomeOperatingPaidInKind,6000000,c-18,2024-01-01,2024-06-30,,181,,False,InterestIncomeOperatingPaidInKind,
ARCC,2025-07-29,income_statement,income_statement,FeeIncome,FeeIncome,0,c-15,2025-04-01,2025-06-30,,90,,False,FeeIncome,
ARCC,2025-07-29,income_statement,income_statement,FeeIncome,FeeIncome,2000000,c-16,2024-04-01,2024-06-30,,90,,False,FeeIncome,
ARCC,2025-07-29,income_statement,income_statement,FeeIncome,FeeIncome,0,c-17,2025-01-01,2025-06-30,,180,,False,FeeIncome,
ARCC,2025-07-29,income_statement,income_statement,FeeIncome,FeeIncome,2000000,c-18,2024-01-01,2024-06-30,,181,,False,FeeIncome,
ARCC,2025-07-29,income_statement,income_statement,DividendIncomeOperatingExcludingPaidInKind,DividendIncomeOperatingExcludingPaidInKind,0,c-15,2025-04-01,2025-06-30,,90,,False,DividendIncomeOperatingExcludingPaidInKind,
ARCC,2025-07-29,income_statement,income_statement,DividendIncomeOperatingExcludingPaidInKind,DividendIncomeOperatingExcludingPaidInKind,0,c-16,2024-04-01,2024-06-30,,90,,False,DividendIncomeOperatingExcludingPaidInKind,
ARCC,2025-07-29,income_statement,income_statement,DividendIncomeOperatingExcludingPaidInKind,DividendIncomeOperatingExcludingPaidInKind,0,c-17,2025-01-01,2025-06-30,,180,,False,DividendIncomeOperatingExcludingPaidInKind,
ARCC,2025-07-29,income_statement,income_statement,DividendIncomeOperatingExcludingPaidInKind,DividendIncomeOperatingExcludingPaidInKind,1000000,c-18,2024-01-01,2024-06-30,,181,,False,DividendIncomeOperatingExcludingPaidInKind,
ARCC,2025-07-29,income_statement,income_statement,OtherIncome,OtherIncome,0,c-15,2025-04-01,2025-06-30,,90,,False,OtherIncome,
ARCC,2025-07-29,income_statement,income_statement,OtherIncome,OtherIncome,1000000,c-16,2024-04-01,2024-06-30,,90,,False,OtherIncome,
ARCC,2025-07-29,income_statement,income_statement,OtherIncome,OtherIncome,0,c-17,2025-01-01,2025-06-30,,180,,False,OtherIncome,
ARCC,2025-07-29,income_statement,income_statement,OtherIncome,OtherIncome,1000000,c-18,2024-01-01,2024-06-30,,181,,False,OtherIncome,
ARCC,2025-07-29,income_statement,income_statement,GrossInvestmentIncomeOperating,GrossInvestmentIncomeOperating,8000000,c-15,2025-04-01,2025-06-30,,90,,False,GrossInvestmentIncomeOperating,
ARCC,2025-07-29,income_statement,income_statement,GrossInvestmentIncomeOperating,GrossInvestmentIncomeOperating,12000000,c-16,2024-04-01,2024-06-30,,90,,False,GrossInvestmentIncomeOperating,
ARCC,2025-07-29,income_statement,income_statement,GrossInvestmentIncomeOperating,GrossInvestmentIncomeOperating,18000000,c-17,2025-01-01,2025-06-30,,180,,False,GrossInvestmentIncomeOperating,
ARCC,2025-07-29,income_statement,income_statement,GrossInvestmentIncomeOperating,GrossInvestmentIncomeOperating,18000000,c-18,2024-01-01,2024-06-30,,181,,False,GrossInvestmentIncomeOperating,
ARCC,2025-07-29,income_statement,income_statement,InterestIncomeOperatingPaidInCash,InterestIncomeOperatingPaidInCash,40000000,c-19,2025-04-01,2025-06-30,,90,,False,InterestIncomeOperatingPaidInCash,
ARCC,2025-07-29,income_statement,income_statement,InterestIncomeOperatingPaidInCash,InterestIncomeOperatingPaidInCash,50000000,c-20,2024-04-01,2024-06-30,,90,,False,InterestIncomeOperatingPaidInCash,
ARCC,2025-07-29,income_statement,income_statement,InterestIncomeOperatingPaidInCash,InterestIncomeOperatingPaidInCash,80000000,c-21,2025-01-01,2025-06-30,,180,,False,InterestIncomeOperatingPaidInCash,
ARCC,2025-07-29,income_statement,income_statement,InterestIncomeOperatingPaidInCash,InterestIncomeOperatingPaidInCash,98000000,c-22,2024-01-01,2024-06-30,,181,,False,InterestIncomeOperatingPaidInCash,
ARCC,2025-07-29,income_statement,income_statement,InterestIncomeOperatingPaidInKind,InterestIncomeOperatingPaidInKind,5000000,c-19,2025-04-01,2025-06-30,,90,,False,InterestIncomeOperatingPaidInKind,
ARCC,2025-07-29,income_statement,income_statement,InterestIncomeOperatingPaidInKind,InterestIncomeOperatingPaidInKind,3000000,c-20,2024-04-01,2024-06-30,,90,,False,InterestIncomeOperatingPaidInKind,
ARCC,2025-07-29,income_statement,income_statement,InterestIncomeOperatingPaidInKind,InterestIncomeOperatingPaidInKind,10000000,c-21,2025-01-01,2025-06-30,,180,,False,InterestIncomeOperatingPaidInKind,
ARCC,2025-07-29,income_statement,income_statement,InterestIncomeOperatingPaidInKind,InterestIncomeOperatingPaidInKind,8000000,c-22,2024-01-01,2024-06-30,,181,,False,InterestIncomeOperatingPaidInKind,
ARCC,2025-07-29,income_statement,income_statement,FeeIncome,FeeIncome,1000000,c-19,2025-04-01,2025-06-30,,90,,False,FeeIncome,
ARCC,2025-07-29,income_statement,income_statement,FeeIncome,FeeIncome,0,c-20,2024-04-01,2024-06-30,,90,,False,FeeIncome,
ARCC,2025-07-29,income_statement,income_statement,FeeIncome,FeeIncome,4000000,c-21,2025-01-01,2025-06-30,,180,,False,FeeIncome,
ARCC,2025-07-29,income_statement,income_statement,FeeIncome,FeeIncome,2000000,c-22,2024-01-01,2024-06-30,,181,,False,FeeIncome,
ARCC,2025-07-29,income_statement,income_statement,DividendIncomeOperatingExcludingPaidInKind,DividendIncomeOperatingExcludingPaidInKind,74000000,c-19,2025-04-01,2025-06-30,,90,,False,DividendIncomeOperatingExcludingPaidInKind,
ARCC,2025-07-29,income_statement,income_statement,DividendIncomeOperatingExcludingPaidInKind,DividendIncomeOperatingExcludingPaidInKind,69000000,c-20,2024-04-01,2024-06-30,,90,,False,DividendIncomeOperatingExcludingPaidInKind,
ARCC,2025-07-29,income_statement,income_statement,DividendIncomeOperatingExcludingPaidInKind,DividendIncomeOperatingExcludingPaidInKind,147000000,c-21,2025-01-01,2025-06-30,,180,,False,DividendIncomeOperatingExcludingPaidInKind,
ARCC,2025-07-29,income_statement,income_statement,DividendIncomeOperatingExcludingPaidInKind,DividendIncomeOperatingExcludingPaidInKind,135000000,c-22,2024-01-01,2024-06-30,,181,,False,DividendIncomeOperatingExcludingPaidInKind,
ARCC,2025-07-29,income_statement,income_statement,DividendIncomeOperatingPaidInKind,DividendIncomeOperatingPaidInKind,1000000,c-19,2025-04-01,2025-06-30,,90,,False,DividendIncomeOperatingPaidInKind,
ARCC,2025-07-29,income_statement,income_statement,DividendIncomeOperatingPaidInKind,DividendIncomeOperatingPaidInKind,1000000,c-20,2024-04-01,2024-06-30,,90,,False,DividendIncomeOperatingPaidInKind,
ARCC,2025-07-29,income_statement,income_statement,DividendIncomeOperatingPaidInKind,DividendIncomeOperatingPaidInKind,2000000,c-21,2025-01-01,2025-06-30,,180,,False,DividendIncomeOperatingPaidInKind,
ARCC,2025-07-29,income_statement,income_statement,DividendIncomeOperatingPaidInKind,DividendIncomeOperatingPaidInKind,2000000,c-22,2024-01-01,2024-06-30,,181,,False,DividendIncomeOperatingPaidInKind,
ARCC,2025-07-29,income_statement,income_statement,OtherIncome,OtherIncome,2000000,c-19,2025-04-01,2025-06-30,,90,,False,OtherIncome,
ARCC,2025-07-29,income_statement,income_statement,OtherIncome,OtherIncome,2000000,c-20,2024-04-01,2024-06-30,,90,,False,OtherIncome,
ARCC,2025-07-29,income_statement,income_statement,OtherIncome,OtherIncome,3000000,c-21,2025-01-01,2025-06-30,,180,,False,OtherIncome,
ARCC,2025-07-29,income_statement,income_statement,OtherIncome,OtherIncome,3000000,c-22,2024-01-01,2024-06-30,,181,,False,OtherIncome,
ARCC,2025-07-29,income_statement,income_statement,GrossInvestmentIncomeOperating,GrossInvestmentIncomeOperating,123000000,c-19,2025-04-01,2025-06-30,,90,,False,GrossInvestmentIncomeOperating,
ARCC,2025-07-29,income_statement,income_statement,GrossInvestmentIncomeOperating,GrossInvestmentIncomeOperating,125000000,c-20,2024-04-01,2024-06-30,,90,,False,GrossInvestmentIncomeOperating,
ARCC,2025-07-29,income_statement,income_statement,GrossInvestmentIncomeOperating,GrossInvestmentIncomeOperating,246000000,c-21,2025-01-01,2025-06-30,,180,,False,GrossInvestmentIncomeOperating,
ARCC,2025-07-29,income_statement,income_statement,GrossInvestmentIncomeOperating,GrossInvestmentIncomeOperating,248000000,c-22,2024-01-01,2024-06-30,,181,,False,GrossInvestmentIncomeOperating,
ARCC,2025-07-29,income_statement,income_statement,GrossInvestmentIncomeOperating,GrossInvestmentIncomeOperating,745000000,c-23,2025-04-01,2025-06-30,,90,,False,GrossInvestmentIncomeOperating,
ARCC,2025-07-29,income_statement,income_statement,GrossInvestmentIncomeOperating,GrossInvestmentIncomeOperating,755000000,c-24,2024-04-01,2024-06-30,,90,,False,GrossInvestmentIncomeOperating,
ARCC,2025-07-29,income_statement,income_statement,GrossInvestmentIncomeOperating,GrossInvestmentIncomeOperating,1477000000,c-1,2025-01-01,2025-06-30,,180,,False,GrossInvestmentIncomeOperating,
ARCC,2025-07-29,income_statement,income_statement,GrossInvestmentIncomeOperating,GrossInvestmentIncomeOperating,1456000000,c-25,2024-01-01,2024-06-30,,181,,False,GrossInvestmentIncomeOperating,
ARCC,2025-07-29,income_statement,income_statement,InterestExpense,InterestExpense,188000000,c-23,2025-04-01,2025-06-30,,90,,False,InterestExpense,
ARCC,2025-07-29,income_statement,income_statement,InterestExpense,InterestExpense,174000000,c-24,2024-04-01,2024-06-30,,90,,False,InterestExpense,
ARCC,2025-07-29,income_statement,income_statement,InterestExpense,InterestExpense,374000000,c-1,2025-01-01,2025-06-30,,180,,False,InterestExpense,
ARCC,2025-07-29,income_statement,income_statement,InterestExpense,InterestExpense,333000000,c-25,2024-01-01,2024-06-30,,181,,False,InterestExpense,
ARCC,2025-07-29,income_statement,income_statement,ManagementFeeExpense,ManagementFeeExpense,104000000,c-23,2025-04-01,2025-06-30,,90,,False,ManagementFeeExpense,
ARCC,2025-07-29,income_statement,income_statement,ManagementFeeExpense,ManagementFeeExpense,91000000,c-24,2024-04-01,2024-06-30,,90,,False,ManagementFeeExpense,
ARCC,2025-07-29,income_statement,income_statement,ManagementFeeExpense,ManagementFeeExpense,206000000,c-1,2025-01-01,2025-06-30,,180,,False,ManagementFeeExpense,
ARCC,2025-07-29,income_statement,income_statement,ManagementFeeExpense,ManagementFeeExpense,178000000,c-25,2024-01-01,2024-06-30,,181,,False,ManagementFeeExpense,
ARCC,2025-07-29,income_statement,income_statement,IncomeBasedFees,IncomeBasedFees,86000000,c-23,2025-04-01,2025-06-30,,90,,False,IncomeBasedFees,
ARCC,2025-07-29,income_statement,income_statement,IncomeBasedFees,IncomeBasedFees,93000000,c-24,2024-04-01,2024-06-30,,90,,False,IncomeBasedFees,
ARCC,2025-07-29,income_statement,income_statement,IncomeBasedFees,IncomeBasedFees,171000000,c-1,2025-01-01,2025-06-30,,180,,False,IncomeBasedFees,
ARCC,2025-07-29,income_statement,income_statement,IncomeBasedFees,IncomeBasedFees,181000000,c-25,2024-01-01,2024-06-30,,181,,False,IncomeBasedFees,
ARCC,2025-07-29,income_statement,income_statement,IncentiveFeeExpenseCapitalGainBasedIncludingReductionInCapitalGains,IncentiveFeeExpenseCapitalGainBasedIncludingReductionInCapitalGains,4000000,c-23,2025-04-01,2025-06-30,,90,,False,IncentiveFeeExpenseCapitalGainBasedIncludingReductionInCapitalGains,
ARCC,2025-07-29,income_statement,income_statement,IncentiveFeeExpenseCapitalGainBasedIncludingReductionInCapitalGains,IncentiveFeeExpenseCapitalGainBasedIncludingReductionInCapitalGains,-13000000,c-24,2024-04-01,2024-06-30,,90,,False,IncentiveFeeExpenseCapitalGainBasedIncludingReductionInCapitalGains,
ARCC,2025-07-29,income_statement,income_statement,IncentiveFeeExpenseCapitalGainBasedIncludingReductionInCapitalGains,IncentiveFeeExpenseCapitalGainBasedIncludingReductionInCapitalGains,-21000000,c-1,2025-01-01,2025-06-30,,180,,False,IncentiveFeeExpenseCapitalGainBasedIncludingReductionInCapitalGains,
ARCC,2025-07-29,income_statement,income_statement,IncentiveFeeExpenseCapitalGainBasedIncludingReductionInCapitalGains,IncentiveFeeExpenseCapitalGainBasedIncludingReductionInCapitalGains,12000000,c-25,2024-01-01,2024-06-30,,181,,False,IncentiveFeeExpenseCapitalGainBasedIncludingReductionInCapitalGains,
ARCC,2025-07-29,income_statement,income_statement,AdministrativeFeesExpense,AdministrativeFeesExpense,4000000,c-23,2025-04-01,2025-06-30,,90,,False,AdministrativeFeesExpense,
ARCC,2025-07-29,income_statement,income_statement,AdministrativeFeesExpense,AdministrativeFeesExpense,3000000,c-24,2024-04-01,2024-06-30,,90,,False,AdministrativeFeesExpense,
ARCC,2025-07-29,income_statement,income_statement,AdministrativeFeesExpense,AdministrativeFeesExpense,8000000,c-1,2025-01-01,2025-06-30,,180,,False,AdministrativeFeesExpense,
ARCC,2025-07-29,income_statement,income_statement,AdministrativeFeesExpense,AdministrativeFeesExpense,6000000,c-25,2024-01-01,2024-06-30,,181,,False,AdministrativeFeesExpense,
ARCC,2025-07-29,income_statement,income_statement,OtherGeneralAndAdministrativeExpense,OtherGeneralAndAdministrativeExpense,9000000,c-23,2025-04-01,2025-06-30,,90,,False,OtherGeneralAndAdministrativeExpense,
ARCC,2025-07-29,income_statement,income_statement,OtherGeneralAndAdministrativeExpense,OtherGeneralAndAdministrativeExpense,8000000,c-24,2024-04-01,2024-06-30,,90,,False,OtherGeneralAndAdministrativeExpense,
ARCC,2025-07-29,income_statement,income_statement,OtherGeneralAndAdministrativeExpense,OtherGeneralAndAdministrativeExpense,17000000,c-1,2025-01-01,2025-06-30,,180,,False,OtherGeneralAndAdministrativeExpense,
ARCC,2025-07-29,income_statement,income_statement,OtherGeneralAndAdministrativeExpense,OtherGeneralAndAdministrativeExpense,15000000,c-25,2024-01-01,2024-06-30,,181,,False,OtherGeneralAndAdministrativeExpense,
ARCC,2025-07-29,income_statement,income_statement,InvestmentIncomeInvestmentExpense,InvestmentIncomeInvestmentExpense,395000000,c-23,2025-04-01,2025-06-30,,90,,False,InvestmentIncomeInvestmentExpense,
ARCC,2025-07-29,income_statement,income_statement,InvestmentIncomeInvestmentExpense,InvestmentIncomeInvestmentExpense,356000000,c-24,2024-04-01,2024-06-30,,90,,False,InvestmentIncomeInvestmentExpense,
ARCC,2025-07-29,income_statement,income_statement,InvestmentIncomeInvestmentExpense,InvestmentIncomeInvestmentExpense,755000000,c-1,2025-01-01,2025-06-30,,180,,False,InvestmentIncomeInvestmentExpense,
ARCC,2025-07-29,income_statement,income_statement,InvestmentIncomeInvestmentExpense,InvestmentIncomeInvestmentExpense,725000000,c-25,2024-01-01,2024-06-30,,181,,False,InvestmentIncomeInvestmentExpense,
ARCC,2025-07-29,income_statement,income_statement,NetInvestmentIncome,NetInvestmentIncome,350000000,c-23,2025-04-01,2025-06-30,,90,,False,NetInvestmentIncome,
ARCC,2025-07-29,income_statement,income_statement,NetInvestmentIncome,NetInvestmentIncome,399000000,c-24,2024-04-01,2024-06-30,,90,,False,NetInvestmentIncome,
ARCC,2025-07-29,income_statement,income_statement,NetInvestmentIncome,NetInvestmentIncome,722000000,c-1,2025-01-01,2025-06-30,,180,,False,NetInvestmentIncome,
ARCC,2025-07-29,income_statement,income_statement,NetInvestmentIncome,NetInvestmentIncome,731000000,c-25,2024-01-01,2024-06-30,,181,,False,NetInvestmentIncome,
ARCC,2025-07-29,income_statement,income_statement,InvestmentIncomeOperatingTaxExpenseBenefit,InvestmentIncomeOperatingTaxExpenseBenefit,8000000,c-23,2025-04-01,2025-06-30,,90,,False,InvestmentIncomeOperatingTaxExpenseBenefit,
ARCC,2025-07-29,income_statement,income_statement,InvestmentIncomeOperatingTaxExpenseBenefit,InvestmentIncomeOperatingTaxExpenseBenefit,13000000,c-24,2024-04-01,2024-06-30,,90,,False,InvestmentIncomeOperatingTaxExpenseBenefit,
ARCC,2025-07-29,income_statement,income_statement,InvestmentIncomeOperatingTaxExpenseBenefit,InvestmentIncomeOperatingTaxExpenseBenefit,15000000,c-1,2025-01-01,2025-06-30,,180,,False,InvestmentIncomeOperatingTaxExpenseBenefit,
ARCC,2025-07-29,income_statement,income_statement,InvestmentIncomeOperatingTaxExpenseBenefit,InvestmentIncomeOperatingTaxExpenseBenefit,19000000,c-25,2024-01-01,2024-06-30,,181,,False,InvestmentIncomeOperatingTaxExpenseBenefit,
ARCC,2025-07-29,income_statement,income_statement,InvestmentIncomeOperatingAfterExpenseAndTax,InvestmentIncomeOperatingAfterExpenseAndTax,342000000,c-23,2025-04-01,2025-06-30,,90,,False,InvestmentIncomeOperatingAfterExpenseAndTax,
ARCC,2025-07-29,income_statement,income_statement,InvestmentIncomeOperatingAfterExpenseAndTax,InvestmentIncomeOperatingAfterExpenseAndTax,386000000,c-24,2024-04-01,2024-06-30,,90,,False,InvestmentIncomeOperatingAfterExpenseAndTax,
ARCC,2025-07-29,income_statement,income_statement,InvestmentIncomeOperatingAfterExpenseAndTax,InvestmentIncomeOperatingAfterExpenseAndTax,707000000,c-1,2025-01-01,2025-06-30,,180,,False,InvestmentIncomeOperatingAfterExpenseAndTax,
ARCC,2025-07-29,income_statement,income_statement,InvestmentIncomeOperatingAfterExpenseAndTax,InvestmentIncomeOperatingAfterExpenseAndTax,712000000,c-25,2024-01-01,2024-06-30,,181,,False,InvestmentIncomeOperatingAfterExpenseAndTax,
ARCC,2025-07-29,income_statement,income_statement,RealizedGainLossInvestmentAndDerivativeOperatingTaxExpenseBenefit,RealizedGainLossInvestmentAndDerivativeOperatingTaxExpenseBenefit,-44000000,c-23,2025-04-01,2025-06-30,,90,,False,RealizedGainLossInvestmentAndDerivativeOperatingTaxExpenseBenefit,
ARCC,2025-07-29,income_statement,income_statement,RealizedGainLossInvestmentAndDerivativeOperatingTaxExpenseBenefit,RealizedGainLossInvestmentAndDerivativeOperatingTaxExpenseBenefit,-28000000,c-24,2024-04-01,2024-06-30,,90,,False,RealizedGainLossInvestmentAndDerivativeOperatingTaxExpenseBenefit,
ARCC,2025-07-29,income_statement,income_statement,RealizedGainLossInvestmentAndDerivativeOperatingTaxExpenseBenefit,RealizedGainLossInvestmentAndDerivativeOperatingTaxExpenseBenefit,-44000000,c-1,2025-01-01,2025-06-30,,180,,False,RealizedGainLossInvestmentAndDerivativeOperatingTaxExpenseBenefit,
ARCC,2025-07-29,income_statement,income_statement,RealizedGainLossInvestmentAndDerivativeOperatingTaxExpenseBenefit,RealizedGainLossInvestmentAndDerivativeOperatingTaxExpenseBenefit,-29000000,c-25,2024-01-01,2024-06-30,,181,,False,RealizedGainLossInvestmentAndDerivativeOperatingTaxExpenseBenefit,
ARCC,2025-07-29,income_statement,income_statement,UnrealizedGainLossInvestmentAndDerivativeOperatingTaxExpenseBenefit,UnrealizedGainLossInvestmentAndDerivativeOperatingTaxExpenseBenefit,35000000,c-23,2025-04-01,2025-06-30,,90,,False,UnrealizedGainLossInvestmentAndDerivativeOperatingTaxExpenseBenefit,
ARCC,2025-07-29,income_statement,income_statement,UnrealizedGainLossInvestmentAndDerivativeOperatingTaxExpenseBenefit,UnrealizedGainLossInvestmentAndDerivativeOperatingTaxExpenseBenefit,16000000,c-24,2024-04-01,2024-06-30,,90,,False,UnrealizedGainLossInvestmentAndDerivativeOperatingTaxExpenseBenefit,
ARCC,2025-07-29,income_statement,income_statement,UnrealizedGainLossInvestmentAndDerivativeOperatingTaxExpenseBenefit,UnrealizedGainLossInvestmentAndDerivativeOperatingTaxExpenseBenefit,59000000,c-1,2025-01-01,2025-06-30,,180,,False,UnrealizedGainLossInvestmentAndDerivativeOperatingTaxExpenseBenefit,
ARCC,2025-07-29,income_statement,income_statement,UnrealizedGainLossInvestmentAndDerivativeOperatingTaxExpenseBenefit,UnrealizedGainLossInvestmentAndDerivativeOperatingTaxExpenseBenefit,21000000,c-25,2024-01-01,2024-06-30,,181,,False,UnrealizedGainLossInvestmentAndDerivativeOperatingTaxExpenseBenefit,
ARCC,2025-07-29,income_statement,income_statement,NetIncomeLoss,NetIncomeLoss,361000000,c-23,2025-04-01,2025-06-30,,90,,False,NetIncomeLoss,
ARCC,2025-07-29,income_statement,income_statement,NetIncomeLoss,NetIncomeLoss,322000000,c-24,2024-04-01,2024-06-30,,90,,False,NetIncomeLoss,
ARCC,2025-07-29,income_statement,income_statement,NetIncomeLoss,NetIncomeLoss,602000000,c-1,2025-01-01,2025-06-30,,180,,False,NetIncomeLoss,
ARCC,2025-07-29,income_statement,income_statement,NetIncomeLoss,NetIncomeLoss,771000000,c-25,2024-01-01,2024-06-30,,181,,False,NetIncomeLoss,
ARCC,2025-07-29,income_statement,income_statement,InterestIncomeOperating,InterestIncomeOperating,0,c-1810,2025-01-01,2025-06-30,,180,,False,InterestIncomeOperating,
ARCC,2025-07-29,income_statement,income_statement,FeeIncome,FeeIncome,0,c-1810,2025-01-01,2025-06-30,,180,,False,FeeIncome,
ARCC,2025-07-29,income_statement,income_statement,DividendIncomeOperating,DividendIncomeOperating,0,c-1810,2025-01-01,2025-06-30,,180,,False,DividendIncomeOperating,
ARCC,2025-07-29,income_statement,income_statement,OtherIncome,OtherIncome,0,c-1810,2025-01-01,2025-06-30,,180,,False,OtherIncome,
ARCC,2025-07-29,income_statement,income_statement,InterestIncomeOperating,InterestIncomeOperating,0,c-1812,2025-01-01,2025-06-30,,180,,False,InterestIncomeOperating,
ARCC,2025-07-29,income_statement,income_statement,FeeIncome,FeeIncome,0,c-1812,2025-01-01,2025-06-30,,180,,False,FeeIncome,
ARCC,2025-07-29,income_statement,income_statement,DividendIncomeOperating,DividendIncomeOperating,0,c-1812,2025-01-01,2025-06-30,,180,,False,DividendIncomeOperating,
ARCC,2025-07-29,income_statement,income_statement,OtherIncome,OtherIncome,0,c-1812,2025-01-01,2025-06-30,,180,,False,OtherIncome,
ARCC,2025-07-29,income_statement,income_statement,InterestIncomeOperating,InterestIncomeOperating,1100000,c-1814,2025-01-01,2025-06-30,,180,,False,InterestIncomeOperating,
ARCC,2025-07-29,income_statement,income_statement,FeeIncome,FeeIncome,0,c-1814,2025-01-01,2025-06-30,,180,,False,FeeIncome,
ARCC,2025-07-29,income_statement,income_statement,DividendIncomeOperating,DividendIncomeOperating,0,c-1814,2025-01-01,2025-06-30,,180,,False,DividendIncomeOperating,
ARCC,2025-07-29,income_statement,income_statement,OtherIncome,OtherIncome,100000,c-1814,2025-01-01,2025-06-30,,180,,False,OtherIncome,
ARCC,2025-07-29,income_statement,income_statement,InterestIncomeOperating,InterestIncomeOperating,4400000,c-1816,2025-01-01,2025-06-30,,180,,False,InterestIncomeOperating,
ARCC,2025-07-29,income_statement,income_statement,FeeIncome,FeeIncome,0,c-1816,2025-01-01,2025-06-30,,180,,False,FeeIncome,
ARCC,2025-07-29,income_statement,income_statement,DividendIncomeOperating,DividendIncomeOperating,0,c-1816,2025-01-01,2025-06-30,,180,,False,DividendIncomeOperating,
ARCC,2025-07-29,income_statement,income_statement,OtherIncome,OtherIncome,100000,c-1816,2025-01-01,2025-06-30,,180,,False,OtherIncome,
ARCC,2025-07-29,income_statement,income_statement,InterestIncomeOperating,InterestIncomeOperating,0,c-1818,2025-01-01,2025-06-30,,180,,False,InterestIncomeOperating,
ARCC,2025-07-29,income_statement,income_statement,FeeIncome,FeeIncome,0,c-1818,2025-01-01,2025-06-30,,180,,False,FeeIncome,
ARCC,2025-07-29,income_statement,income_statement,DividendIncomeOperating,DividendIncomeOperating,0,c-1818,2025-01-01,2025-06-30,,180,,False,DividendIncomeOperating,
ARCC,2025-07-29,income_statement,income_statement,OtherIncome,OtherIncome,0,c-1818,2025-01-01,2025-06-30,,180,,False,OtherIncome,
ARCC,2025-07-29,income_statement,income_statement,InterestIncomeOperating,InterestIncomeOperating,0,c-1820,2025-01-01,2025-06-30,,180,,False,InterestIncomeOperating,
ARCC,2025-07-29,income_statement,income_statement,FeeIncome,FeeIncome,0,c-1820,2025-01-01,2025-06-30,,180,,False,FeeIncome,
ARCC,2025-07-29,income_statement,income_statement,DividendIncomeOperating,DividendIncomeOperating,0,c-1820,2025-01-01,2025-06-30,,180,,False,DividendIncomeOperating,
ARCC,2025-07-29,income_statement,income_statement,OtherIncome,OtherIncome,0,c-1820,2025-01-01,2025-06-30,,180,,False,OtherIncome,
ARCC,2025-07-29,income_statement,income_statement,InterestIncomeOperating,InterestIncomeOperating,0,c-1822,2025-01-01,2025-06-30,,180,,False,InterestIncomeOperating,
ARCC,2025-07-29,income_statement,income_statement,FeeIncome,FeeIncome,0,c-1822,2025-01-01,2025-06-30,,180,,False,FeeIncome,
ARCC,2025-07-29,income_statement,income_statement,DividendIncomeOperating,DividendIncomeOperating,0,c-1822,2025-01-01,2025-06-30,,180,,False,DividendIncomeOperating,
ARCC,2025-07-29,income_statement,income_statement,OtherIncome,OtherIncome,0,c-1822,2025-01-01,2025-06-30,,180,,False,OtherIncome,
ARCC,2025-07-29,income_statement,income_statement,InterestIncomeOperating,InterestIncomeOperating,1700000,c-1824,2025-01-01,2025-06-30,,180,,False,InterestIncomeOperating,
ARCC,2025-07-29,income_statement,income_statement,FeeIncome,FeeIncome,0,c-1824,2025-01-01,2025-06-30,,180,,False,FeeIncome,
ARCC,2025-07-29,income_statement,income_statement,DividendIncomeOperating,DividendIncomeOperating,0,c-1824,2025-01-01,2025-06-30,,180,,False,DividendIncomeOperating,
ARCC,2025-07-29,income_statement,income_statement,OtherIncome,OtherIncome,100000,c-1824,2025-01-01,2025-06-30,,180,,False,OtherIncome,
ARCC,2025-07-29,income_statement,income_statement,InterestIncomeOperating,InterestIncomeOperating,1800000,c-1826,2025-01-01,2025-06-30,,180,,False,InterestIncomeOperating,
ARCC,2025-07-29,income_statement,income_statement,FeeIncome,FeeIncome,100000,c-1826,2025-01-01,2025-06-30,,180,,False,FeeIncome,
ARCC,2025-07-29,income_statement,income_statement,DividendIncomeOperating,DividendIncomeOperating,0,c-1826,2025-01-01,2025-06-30,,180,,False,DividendIncomeOperating,
ARCC,2025-07-29,income_statement,income_statement,OtherIncome,OtherIncome,0,c-1826,2025-01-01,2025-06-30,,180,,False,OtherIncome,
ARCC,2025-07-29,income_statement,income_statement,InterestIncomeOperating,InterestIncomeOperating,0,c-1828,2025-01-01,2025-06-30,,180,,False,InterestIncomeOperating,
ARCC,2025-07-29,income_statement,income_statement,FeeIncome,FeeIncome,0,c-1828,2025-01-01,2025-06-30,,180,,False,FeeIncome,
ARCC,2025-07-29,income_statement,income_statement,DividendIncomeOperating,DividendIncomeOperating,0,c-1828,2025-01-01,2025-06-30,,180,,False,DividendIncomeOperating,
ARCC,2025-07-29,income_statement,income_statement,OtherIncome,OtherIncome,0,c-1828,2025-01-01,2025-06-30,,180,,False,OtherIncome,
ARCC,2025-07-29,income_statement,income_statement,InterestIncomeOperating,InterestIncomeOperating,0,c-1830,2025-01-01,2025-06-30,,180,,False,InterestIncomeOperating,
ARCC,2025-07-29,income_statement,income_statement,FeeIncome,FeeIncome,0,c-1830,2025-01-01,2025-06-30,,180,,False,FeeIncome,
ARCC,2025-07-29,income_statement,income_statement,DividendIncomeOperating,DividendIncomeOperating,0,c-1830,2025-01-01,2025-06-30,,180,,False,DividendIncomeOperating,
ARCC,2025-07-29,income_statement,income_statement,OtherIncome,OtherIncome,0,c-1830,2025-01-01,2025-06-30,,180,,False,OtherIncome,
ARCC,2025-07-29,income_statement,income_statement,InterestIncomeOperating,InterestIncomeOperating,0,c-1832,2025-01-01,2025-06-30,,180,,False,InterestIncomeOperating,
ARCC,2025-07-29,income_statement,income_statement,FeeIncome,FeeIncome,0,c-1832,2025-01-01,2025-06-30,,180,,False,FeeIncome,
ARCC,2025-07-29,income_statement,income_statement,DividendIncomeOperating,DividendIncomeOperating,0,c-1832,2025-01-01,2025-06-30,,180,,False,DividendIncomeOperating,
ARCC,2025-07-29,income_statement,income_statement,OtherIncome,OtherIncome,0,c-1832,2025-01-01,2025-06-30,,180,,False,OtherIncome,
ARCC,2025-07-29,income_statement,income_statement,InterestIncomeOperating,InterestIncomeOperating,2200000,c-1834,2025-01-01,2025-06-30,,180,,False,InterestIncomeOperating,
ARCC,2025-07-29,income_statement,income_statement,FeeIncome,FeeIncome,0,c-1834,2025-01-01,2025-06-30,,180,,False,FeeIncome,
ARCC,2025-07-29,income_statement,income_statement,DividendIncomeOperating,DividendIncomeOperating,0,c-1834,2025-01-01,2025-06-30,,180,,False,DividendIncomeOperating,
ARCC,2025-07-29,income_statement,income_statement,OtherIncome,OtherIncome,0,c-1834,2025-01-01,2025-06-30,,180,,False,OtherIncome,
ARCC,2025-07-29,income_statement,income_statement,InterestIncomeOperating,InterestIncomeOperating,5700000,c-1836,2025-01-01,2025-06-30,,180,,False,InterestIncomeOperating,
ARCC,2025-07-29,income_statement,income_statement,FeeIncome,FeeIncome,300000,c-1836,2025-01-01,2025-06-30,,180,,False,FeeIncome,
ARCC,2025-07-29,income_statement,income_statement,DividendIncomeOperating,DividendIncomeOperating,0,c-1836,2025-01-01,2025-06-30,,180,,False,DividendIncomeOperating,
ARCC,2025-07-29,income_statement,income_statement,OtherIncome,OtherIncome,0,c-1836,2025-01-01,2025-06-30,,180,,False,OtherIncome,
ARCC,2025-07-29,income_statement,income_statement,InterestIncomeOperating,InterestIncomeOperating,700000,c-1838,2025-01-01,2025-06-30,,180,,False,InterestIncomeOperating,
ARCC,2025-07-29,income_statement,income_statement,FeeIncome,FeeIncome,0,c-1838,2025-01-01,2025-06-30,,180,,False,FeeIncome,
ARCC,2025-07-29,income_statement,income_statement,DividendIncomeOperating,DividendIncomeOperating,0,c-1838,2025-01-01,2025-06-30,,180,,False,DividendIncomeOperating,
ARCC,2025-07-29,income_statement,income_statement,OtherIncome,OtherIncome,0,c-1838,2025-01-01,2025-06-30,,180,,False,OtherIncome,
ARCC,2025-07-29,income_statement,income_statement,InterestIncomeOperating,InterestIncomeOperating,17600000,c-17,2025-01-01,2025-06-30,,180,,False,InterestIncomeOperating,
ARCC,2025-07-29,income_statement,income_statement,FeeIncome,FeeIncome,400000,c-17,2025-01-01,2025-06-30,,180,,False,FeeIncome,
ARCC,2025-07-29,income_statement,income_statement,DividendIncomeOperating,DividendIncomeOperating,0,c-17,2025-01-01,2025-06-30,,180,,False,DividendIncomeOperating,
ARCC,2025-07-29,income_statement,income_statement,OtherIncome,OtherIncome,300000,c-17,2025-01-01,2025-06-30,,180,,False,OtherIncome,
ARCC,2025-07-29,income_statement,income_statement,InterestIncomeOperating,InterestIncomeOperating,2900000,c-1840,2025-01-01,2025-06-30,,180,,False,InterestIncomeOperating,
ARCC,2025-07-29,income_statement,income_statement,FeeIncome,FeeIncome,0,c-1840,2025-01-01,2025-06-30,,180,,False,FeeIncome,
ARCC,2025-07-29,income_statement,income_statement,DividendIncomeOperating,DividendIncomeOperating,0,c-1840,2025-01-01,2025-06-30,,180,,False,DividendIncomeOperating,
ARCC,2025-07-29,income_statement,income_statement,OtherIncome,OtherIncome,100000,c-1840,2025-01-01,2025-06-30,,180,,False,OtherIncome,
ARCC,2025-07-29,income_statement,income_statement,InterestIncomeOperating,InterestIncomeOperating,0,c-1842,2025-01-01,2025-06-30,,180,,False,InterestIncomeOperating,
ARCC,2025-07-29,income_statement,income_statement,FeeIncome,FeeIncome,0,c-1842,2025-01-01,2025-06-30,,180,,False,FeeIncome,
ARCC,2025-07-29,income_statement,income_statement,DividendIncomeOperating,DividendIncomeOperating,0,c-1842,2025-01-01,2025-06-30,,180,,False,DividendIncomeOperating,
ARCC,2025-07-29,income_statement,income_statement,OtherIncome,OtherIncome,0,c-1842,2025-01-01,2025-06-30,,180,,False,OtherIncome,
ARCC,2025-07-29,income_statement,income_statement,InterestIncomeOperating,InterestIncomeOperating,0,c-1844,2025-01-01,2025-06-30,,180,,False,InterestIncomeOperating,
ARCC,2025-07-29,income_statement,income_statement,FeeIncome,FeeIncome,0,c-1844,2025-01-01,2025-06-30,,180,,False,FeeIncome,
ARCC,2025-07-29,income_statement,income_statement,DividendIncomeOperating,DividendIncomeOperating,0,c-1844,2025-01-01,2025-06-30,,180,,False,DividendIncomeOperating,
ARCC,2025-07-29,income_statement,income_statement,OtherIncome,OtherIncome,0,c-1844,2025-01-01,2025-06-30,,180,,False,OtherIncome,
ARCC,2025-07-29,income_statement,income_statement,InterestIncomeOperating,InterestIncomeOperating,2900000,c-1846,2025-01-01,2025-06-30,,180,,False,InterestIncomeOperating,
ARCC,2025-07-29,income_statement,income_statement,FeeIncome,FeeIncome,0,c-1846,2025-01-01,2025-06-30,,180,,False,FeeIncome,
ARCC,2025-07-29,income_statement,income_statement,DividendIncomeOperating,DividendIncomeOperating,0,c-1846,2025-01-01,2025-06-30,,180,,False,DividendIncomeOperating,
ARCC,2025-07-29,income_statement,income_statement,OtherIncome,OtherIncome,0,c-1846,2025-01-01,2025-06-30,,180,,False,OtherIncome,
ARCC,2025-07-29,income_statement,income_statement,InterestIncomeOperating,InterestIncomeOperating,500000,c-1848,2025-01-01,2025-06-30,,180,,False,InterestIncomeOperating,
ARCC,2025-07-29,income_statement,income_statement,FeeIncome,FeeIncome,0,c-1848,2025-01-01,2025-06-30,,180,,False,FeeIncome,
ARCC,2025-07-29,income_statement,income_statement,DividendIncomeOperating,DividendIncomeOperating,0,c-1848,2025-01-01,2025-06-30,,180,,False,DividendIncomeOperating,
ARCC,2025-07-29,income_statement,income_statement,OtherIncome,OtherIncome,0,c-1848,2025-01-01,2025-06-30,,180,,False,OtherIncome,
ARCC,2025-07-29,income_statement,income_statement,InterestIncomeOperating,InterestIncomeOperating,0,c-1850,2025-01-01,2025-06-30,,180,,False,InterestIncomeOperating,
ARCC,2025-07-29,income_statement,income_statement,FeeIncome,FeeIncome,0,c-1850,2025-01-01,2025-06-30,,180,,False,FeeIncome,
ARCC,2025-07-29,income_statement,income_statement,DividendIncomeOperating,DividendIncomeOperating,0,c-1850,2025-01-01,2025-06-30,,180,,False,DividendIncomeOperating,
ARCC,2025-07-29,income_statement,income_statement,OtherIncome,OtherIncome,0,c-1850,2025-01-01,2025-06-30,,180,,False,OtherIncome,
ARCC,2025-07-29,income_statement,income_statement,InterestIncomeOperating,InterestIncomeOperating,0,c-1852,2025-01-01,2025-06-30,,180,,False,InterestIncomeOperating,
ARCC,2025-07-29,income_statement,income_statement,FeeIncome,FeeIncome,0,c-1852,2025-01-01,2025-06-30,,180,,False,FeeIncome,
ARCC,2025-07-29,income_statement,income_statement,DividendIncomeOperating,DividendIncomeOperating,0,c-1852,2025-01-01,2025-06-30,,180,,False,DividendIncomeOperating,
ARCC,2025-07-29,income_statement,income_statement,OtherIncome,OtherIncome,0,c-1852,2025-01-01,2025-06-30,,180,,False,OtherIncome,
ARCC,2025-07-29,income_statement,income_statement,InterestIncomeOperating,InterestIncomeOperating,1300000,c-1854,2025-01-01,2025-06-30,,180,,False,InterestIncomeOperating,
ARCC,2025-07-29,income_statement,income_statement,FeeIncome,FeeIncome,0,c-1854,2025-01-01,2025-06-30,,180,,False,FeeIncome,
ARCC,2025-07-29,income_statement,income_statement,DividendIncomeOperating,DividendIncomeOperating,0,c-1854,2025-01-01,2025-06-30,,180,,False,DividendIncomeOperating,
ARCC,2025-07-29,income_statement,income_statement,OtherIncome,OtherIncome,300000,c-1854,2025-01-01,2025-06-30,,180,,False,OtherIncome,
ARCC,2025-07-29,income_statement,income_statement,InterestIncomeOperating,InterestIncomeOperating,700000,c-1856,2025-01-01,2025-06-30,,180,,False,InterestIncomeOperating,
ARCC,2025-07-29,income_statement,income_statement,FeeIncome,FeeIncome,0,c-1856,2025-01-01,2025-06-30,,180,,False,FeeIncome,
ARCC,2025-07-29,income_statement,income_statement,DividendIncomeOperating,DividendIncomeOperating,146000000.0,c-1856,2025-01-01,2025-06-30,,180,,False,DividendIncomeOperating,
ARCC,2025-07-29,income_statement,income_statement,OtherIncome,OtherIncome,0,c-1856,2025-01-01,2025-06-30,,180,,False,OtherIncome,
ARCC,2025-07-29,income_statement,income_statement,InterestIncomeOperating,InterestIncomeOperating,300000,c-1858,2025-01-01,2025-06-30,,180,,False,InterestIncomeOperating,
ARCC,2025-07-29,income_statement,income_statement,FeeIncome,FeeIncome,0,c-1858,2025-01-01,2025-06-30,,180,,False,FeeIncome,
ARCC,2025-07-29,income_statement,income_statement,DividendIncomeOperating,DividendIncomeOperating,0,c-1858,2025-01-01,2025-06-30,,180,,False,DividendIncomeOperating,
ARCC,2025-07-29,income_statement,income_statement,OtherIncome,OtherIncome,0,c-1858,2025-01-01,2025-06-30,,180,,False,OtherIncome,
ARCC,2025-07-29,income_statement,income_statement,InterestIncomeOperating,InterestIncomeOperating,0,c-1860,2025-01-01,2025-06-30,,180,,False,InterestIncomeOperating,
ARCC,2025-07-29,income_statement,income_statement,FeeIncome,FeeIncome,0,c-1860,2025-01-01,2025-06-30,,180,,False,FeeIncome,
ARCC,2025-07-29,income_statement,income_statement,DividendIncomeOperating,DividendIncomeOperating,0,c-1860,2025-01-01,2025-06-30,,180,,False,DividendIncomeOperating,
ARCC,2025-07-29,income_statement,income_statement,OtherIncome,OtherIncome,0,c-1860,2025-01-01,2025-06-30,,180,,False,OtherIncome,
ARCC,2025-07-29,income_statement,income_statement,InterestIncomeOperating,InterestIncomeOperating,0,c-1862,2025-01-01,2025-06-30,,180,,False,InterestIncomeOperating,
ARCC,2025-07-29,income_statement,income_statement,FeeIncome,FeeIncome,800000,c-1862,2025-01-01,2025-06-30,,180,,False,FeeIncome,
ARCC,2025-07-29,income_statement,income_statement,DividendIncomeOperating,DividendIncomeOperating,0,c-1862,2025-01-01,2025-06-30,,180,,False,DividendIncomeOperating,
ARCC,2025-07-29,income_statement,income_statement,OtherIncome,OtherIncome,0,c-1862,2025-01-01,2025-06-30,,180,,False,OtherIncome,
ARCC,2025-07-29,income_statement,income_statement,InterestIncomeOperating,InterestIncomeOperating,0,c-1864,2025-01-01,2025-06-30,,180,,False,InterestIncomeOperating,
ARCC,2025-07-29,income_statement,income_statement,FeeIncome,FeeIncome,0,c-1864,2025-01-01,2025-06-30,,180,,False,FeeIncome,
ARCC,2025-07-29,income_statement,income_statement,DividendIncomeOperating,DividendIncomeOperating,0,c-1864,2025-01-01,2025-06-30,,180,,False,DividendIncomeOperating,
ARCC,2025-07-29,income_statement,income_statement,OtherIncome,OtherIncome,0,c-1864,2025-01-01,2025-06-30,,180,,False,OtherIncome,
ARCC,2025-07-29,income_statement,income_statement,InterestIncomeOperating,InterestIncomeOperating,0,c-1866,2025-01-01,2025-06-30,,180,,False,InterestIncomeOperating,
ARCC,2025-07-29,income_statement,income_statement,FeeIncome,FeeIncome,0,c-1866,2025-01-01,2025-06-30,,180,,False,FeeIncome,
ARCC,2025-07-29,income_statement,income_statement,DividendIncomeOperating,DividendIncomeOperating,0,c-1866,2025-01-01,2025-06-30,,180,,False,DividendIncomeOperating,
ARCC,2025-07-29,income_statement,income_statement,OtherIncome,OtherIncome,0,c-1866,2025-01-01,2025-06-30,,180,,False,OtherIncome,
ARCC,2025-07-29,income_statement,income_statement,InterestIncomeOperating,InterestIncomeOperating,0,c-1868,2025-01-01,2025-06-30,,180,,False,InterestIncomeOperating,
ARCC,2025-07-29,income_statement,income_statement,FeeIncome,FeeIncome,0,c-1868,2025-01-01,2025-06-30,,180,,False,FeeIncome,
ARCC,2025-07-29,income_statement,income_statement,DividendIncomeOperating,DividendIncomeOperating,0,c-1868,2025-01-01,2025-06-30,,180,,False,DividendIncomeOperating,
ARCC,2025-07-29,income_statement,income_statement,OtherIncome,OtherIncome,0,c-1868,2025-01-01,2025-06-30,,180,,False,OtherIncome,
ARCC,2025-07-29,income_statement,income_statement,InterestIncomeOperating,InterestIncomeOperating,76100000,c-1870,2025-01-01,2025-06-30,,180,,False,InterestIncomeOperating,
ARCC,2025-07-29,income_statement,income_statement,FeeIncome,FeeIncome,2800000,c-1870,2025-01-01,2025-06-30,,180,,False,FeeIncome,
ARCC,2025-07-29,income_statement,income_statement,DividendIncomeOperating,DividendIncomeOperating,0,c-1870,2025-01-01,2025-06-30,,180,,False,DividendIncomeOperating,
ARCC,2025-07-29,income_statement,income_statement,OtherIncome,OtherIncome,2200000,c-1870,2025-01-01,2025-06-30,,180,,False,OtherIncome,
ARCC,2025-07-29,income_statement,income_statement,InterestIncomeOperating,InterestIncomeOperating,0,c-1872,2025-01-01,2025-06-30,,180,,False,InterestIncomeOperating,
ARCC,2025-07-29,income_statement,income_statement,FeeIncome,FeeIncome,0,c-1872,2025-01-01,2025-06-30,,180,,False,FeeIncome,
ARCC,2025-07-29,income_statement,income_statement,DividendIncomeOperating,DividendIncomeOperating,0,c-1872,2025-01-01,2025-06-30,,180,,False,DividendIncomeOperating,
ARCC,2025-07-29,income_statement,income_statement,OtherIncome,OtherIncome,0,c-1872,2025-01-01,2025-06-30,,180,,False,OtherIncome,
ARCC,2025-07-29,income_statement,income_statement,InterestIncomeOperating,InterestIncomeOperating,2200000,c-1874,2025-01-01,2025-06-30,,180,,False,InterestIncomeOperating,
ARCC,2025-07-29,income_statement,income_statement,FeeIncome,FeeIncome,0,c-1874,2025-01-01,2025-06-30,,180,,False,FeeIncome,
ARCC,2025-07-29,income_statement,income_statement,DividendIncomeOperating,DividendIncomeOperating,2800000,c-1874,2025-01-01,2025-06-30,,180,,False,DividendIncomeOperating,
ARCC,2025-07-29,income_statement,income_statement,OtherIncome,OtherIncome,0,c-1874,2025-01-01,2025-06-30,,180,,False,OtherIncome,
ARCC,2025-07-29,income_statement,income_statement,InterestIncomeOperating,InterestIncomeOperating,3200000,c-1876,2025-01-01,2025-06-30,,180,,False,InterestIncomeOperating,
ARCC,2025-07-29,income_statement,income_statement,FeeIncome,FeeIncome,0,c-1876,2025-01-01,2025-06-30,,180,,False,FeeIncome,
ARCC,2025-07-29,income_statement,income_statement,DividendIncomeOperating,DividendIncomeOperating,0,c-1876,2025-01-01,2025-06-30,,180,,False,DividendIncomeOperating,
ARCC,2025-07-29,income_statement,income_statement,OtherIncome,OtherIncome,0,c-1876,2025-01-01,2025-06-30,,180,,False,OtherIncome,
ARCC,2025-07-29,income_statement,income_statement,InterestIncomeOperating,InterestIncomeOperating,90100000,c-21,2025-01-01,2025-06-30,,180,,False,InterestIncomeOperating,
ARCC,2025-07-29,income_statement,income_statement,FeeIncome,FeeIncome,3600000,c-21,2025-01-01,2025-06-30,,180,,False,FeeIncome,
ARCC,2025-07-29,income_statement,income_statement,DividendIncomeOperating,DividendIncomeOperating,148800000,c-21,2025-01-01,2025-06-30,,180,,False,DividendIncomeOperating,
ARCC,2025-07-29,income_statement,income_statement,OtherIncome,OtherIncome,2600000,c-21,2025-01-01,2025-06-30,,180,,False,OtherIncome,
ARCC,2025-07-29,income_statement,income_statement,TaxBasisOfInvestmentsCostForIncomeTaxPurposes,TaxBasisOfInvestmentsCostForIncomeTaxPurposes,27500000000,c-9,,,2025-06-30,,,False,TaxBasisOfInvestmentsCostForIncomeTaxPurposes,
ARCC,2025-07-29,income_statement,income_statement,InterestIncomeOperating,InterestIncomeOperating,0,c-3968,2024-01-01,2024-12-31,,365,,False,InterestIncomeOperating,
ARCC,2025-07-29,income_statement,income_statement,FeeIncome,FeeIncome,0,c-3968,2024-01-01,2024-12-31,,365,,False,FeeIncome,
ARCC,2025-07-29,income_statement,income_statement,DividendIncomeOperating,DividendIncomeOperating,0,c-3968,2024-01-01,2024-12-31,,365,,False,DividendIncomeOperating,
ARCC,2025-07-29,income_statement,income_statement,OtherIncome,OtherIncome,0,c-3968,2024-01-01,2024-12-31,,365,,False,OtherIncome,
ARCC,2025-07-29,income_statement,income_statement,InterestIncomeOperating,InterestIncomeOperating,1400000,c-3970,2024-01-01,2024-12-31,,365,,False,InterestIncomeOperating,
ARCC,2025-07-29,income_statement,income_statement,FeeIncome,FeeIncome,0,c-3970,2024-01-01,2024-12-31,,365,,False,FeeIncome,
ARCC,2025-07-29,income_statement,income_statement,DividendIncomeOperating,DividendIncomeOperating,0,c-3970,2024-01-01,2024-12-31,,365,,False,DividendIncomeOperating,
ARCC,2025-07-29,income_statement,income_statement,OtherIncome,OtherIncome,0,c-3970,2024-01-01,2024-12-31,,365,,False,OtherIncome,
ARCC,2025-07-29,income_statement,income_statement,InterestIncomeOperating,InterestIncomeOperating,2800000,c-3972,2024-01-01,2024-12-31,,365,,False,InterestIncomeOperating,
ARCC,2025-07-29,income_statement,income_statement,FeeIncome,FeeIncome,0,c-3972,2024-01-01,2024-12-31,,365,,False,FeeIncome,
ARCC,2025-07-29,income_statement,income_statement,DividendIncomeOperating,DividendIncomeOperating,0,c-3972,2024-01-01,2024-12-31,,365,,False,DividendIncomeOperating,
ARCC,2025-07-29,income_statement,income_statement,OtherIncome,OtherIncome,100000,c-3972,2024-01-01,2024-12-31,,365,,False,OtherIncome,
ARCC,2025-07-29,income_statement,income_statement,InterestIncomeOperating,InterestIncomeOperating,8900000,c-3974,2024-01-01,2024-12-31,,365,,False,InterestIncomeOperating,
ARCC,2025-07-29,income_statement,income_statement,FeeIncome,FeeIncome,0,c-3974,2024-01-01,2024-12-31,,365,,False,FeeIncome,
ARCC,2025-07-29,income_statement,income_statement,DividendIncomeOperating,DividendIncomeOperating,0,c-3974,2024-01-01,2024-12-31,,365,,False,DividendIncomeOperating,
ARCC,2025-07-29,income_statement,income_statement,OtherIncome,OtherIncome,100000,c-3974,2024-01-01,2024-12-31,,365,,False,OtherIncome,
ARCC,2025-07-29,income_statement,income_statement,InterestIncomeOperating,InterestIncomeOperating,0,c-3976,2024-01-01,2024-12-31,,365,,False,InterestIncomeOperating,
ARCC,2025-07-29,income_statement,income_statement,FeeIncome,FeeIncome,0,c-3976,2024-01-01,2024-12-31,,365,,False,FeeIncome,
ARCC,2025-07-29,income_statement,income_statement,DividendIncomeOperating,DividendIncomeOperating,0,c-3976,2024-01-01,2024-12-31,,365,,False,DividendIncomeOperating,
ARCC,2025-07-29,income_statement,income_statement,OtherIncome,OtherIncome,0,c-3976,2024-01-01,2024-12-31,,365,,False,OtherIncome,
ARCC,2025-07-29,income_statement,income_statement,InterestIncomeOperating,InterestIncomeOperating,0,c-3978,2024-01-01,2024-12-31,,365,,False,InterestIncomeOperating,
ARCC,2025-07-29,income_statement,income_statement,FeeIncome,FeeIncome,0,c-3978,2024-01-01,2024-12-31,,365,,False,FeeIncome,
ARCC,2025-07-29,income_statement,income_statement,DividendIncomeOperating,DividendIncomeOperating,0,c-3978,2024-01-01,2024-12-31,,365,,False,DividendIncomeOperating,
ARCC,2025-07-29,income_statement,income_statement,OtherIncome,OtherIncome,0,c-3978,2024-01-01,2024-12-31,,365,,False,OtherIncome,
ARCC,2025-07-29,income_statement,income_statement,InterestIncomeOperating,InterestIncomeOperating,0,c-3980,2024-01-01,2024-12-31,,365,,False,InterestIncomeOperating,
ARCC,2025-07-29,income_statement,income_statement,FeeIncome,FeeIncome,0,c-3980,2024-01-01,2024-12-31,,365,,False,FeeIncome,
ARCC,2025-07-29,income_statement,income_statement,DividendIncomeOperating,DividendIncomeOperating,1800000,c-3980,2024-01-01,2024-12-31,,365,,False,DividendIncomeOperating,
ARCC,2025-07-29,income_statement,income_statement,OtherIncome,OtherIncome,0,c-3980,2024-01-01,2024-12-31,,365,,False,OtherIncome,
ARCC,2025-07-29,income_statement,income_statement,InterestIncomeOperating,InterestIncomeOperating,1700000,c-3982,2024-01-01,2024-12-31,,365,,False,InterestIncomeOperating,
ARCC,2025-07-29,income_statement,income_statement,FeeIncome,FeeIncome,800000,c-3982,2024-01-01,2024-12-31,,365,,False,FeeIncome,
ARCC,2025-07-29,income_statement,income_statement,DividendIncomeOperating,DividendIncomeOperating,0,c-3982,2024-01-01,2024-12-31,,365,,False,DividendIncomeOperating,
ARCC,2025-07-29,income_statement,income_statement,OtherIncome,OtherIncome,100000,c-3982,2024-01-01,2024-12-31,,365,,False,OtherIncome,
ARCC,2025-07-29,income_statement,income_statement,InterestIncomeOperating,InterestIncomeOperating,2100000,c-3984,2024-01-01,2024-12-31,,365,,False,InterestIncomeOperating,
ARCC,2025-07-29,income_statement,income_statement,FeeIncome,FeeIncome,700000,c-3984,2024-01-01,2024-12-31,,365,,False,FeeIncome,
ARCC,2025-07-29,income_statement,income_statement,DividendIncomeOperating,DividendIncomeOperating,0,c-3984,2024-01-01,2024-12-31,,365,,False,DividendIncomeOperating,
ARCC,2025-07-29,income_statement,income_statement,OtherIncome,OtherIncome,100000,c-3984,2024-01-01,2024-12-31,,365,,False,OtherIncome,
ARCC,2025-07-29,income_statement,income_statement,InterestIncomeOperating,InterestIncomeOperating,0,c-3986,2024-01-01,2024-12-31,,365,,False,InterestIncomeOperating,
ARCC,2025-07-29,income_statement,income_statement,FeeIncome,FeeIncome,0,c-3986,2024-01-01,2024-12-31,,365,,False,FeeIncome,
ARCC,2025-07-29,income_statement,income_statement,DividendIncomeOperating,DividendIncomeOperating,0,c-3986,2024-01-01,2024-12-31,,365,,False,DividendIncomeOperating,
ARCC,2025-07-29,income_statement,income_statement,OtherIncome,OtherIncome,0,c-3986,2024-01-01,2024-12-31,,365,,False,OtherIncome,
ARCC,2025-07-29,income_statement,income_statement,InterestIncomeOperating,InterestIncomeOperating,0,c-3988,2024-01-01,2024-12-31,,365,,False,InterestIncomeOperating,
ARCC,2025-07-29,income_statement,income_statement,FeeIncome,FeeIncome,0,c-3988,2024-01-01,2024-12-31,,365,,False,FeeIncome,
ARCC,2025-07-29,income_statement,income_statement,DividendIncomeOperating,DividendIncomeOperating,0,c-3988,2024-01-01,2024-12-31,,365,,False,DividendIncomeOperating,
ARCC,2025-07-29,income_statement,income_statement,OtherIncome,OtherIncome,0,c-3988,2024-01-01,2024-12-31,,365,,False,OtherIncome,
ARCC,2025-07-29,income_statement,income_statement,InterestIncomeOperating,InterestIncomeOperating,1600000,c-3990,2024-01-01,2024-12-31,,365,,False,InterestIncomeOperating,
ARCC,2025-07-29,income_statement,income_statement,FeeIncome,FeeIncome,0,c-3990,2024-01-01,2024-12-31,,365,,False,FeeIncome,
ARCC,2025-07-29,income_statement,income_statement,DividendIncomeOperating,DividendIncomeOperating,0,c-3990,2024-01-01,2024-12-31,,365,,False,DividendIncomeOperating,
ARCC,2025-07-29,income_statement,income_statement,OtherIncome,OtherIncome,100000,c-3990,2024-01-01,2024-12-31,,365,,False,OtherIncome,
ARCC,2025-07-29,income_statement,income_statement,InterestIncomeOperating,InterestIncomeOperating,14400000,c-3992,2024-01-01,2024-12-31,,365,,False,InterestIncomeOperating,
ARCC,2025-07-29,income_statement,income_statement,FeeIncome,FeeIncome,1300000,c-3992,2024-01-01,2024-12-31,,365,,False,FeeIncome,
ARCC,2025-07-29,income_statement,income_statement,DividendIncomeOperating,DividendIncomeOperating,0,c-3992,2024-01-01,2024-12-31,,365,,False,DividendIncomeOperating,
ARCC,2025-07-29,income_statement,income_statement,OtherIncome,OtherIncome,1400000,c-3992,2024-01-01,2024-12-31,,365,,False,OtherIncome,
ARCC,2025-07-29,income_statement,income_statement,InterestIncomeOperating,InterestIncomeOperating,700000,c-3994,2024-01-01,2024-12-31,,365,,False,InterestIncomeOperating,
ARCC,2025-07-29,income_statement,income_statement,FeeIncome,FeeIncome,0,c-3994,2024-01-01,2024-12-31,,365,,False,FeeIncome,
ARCC,2025-07-29,income_statement,income_statement,DividendIncomeOperating,DividendIncomeOperating,0,c-3994,2024-01-01,2024-12-31,,365,,False,DividendIncomeOperating,
ARCC,2025-07-29,income_statement,income_statement,OtherIncome,OtherIncome,0,c-3994,2024-01-01,2024-12-31,,365,,False,OtherIncome,
ARCC,2025-07-29,income_statement,income_statement,InterestIncomeOperating,InterestIncomeOperating,200000,c-3996,2024-01-01,2024-12-31,,365,,False,InterestIncomeOperating,
ARCC,2025-07-29,income_statement,income_statement,FeeIncome,FeeIncome,0,c-3996,2024-01-01,2024-12-31,,365,,False,FeeIncome,
ARCC,2025-07-29,income_statement,income_statement,DividendIncomeOperating,DividendIncomeOperating,0,c-3996,2024-01-01,2024-12-31,,365,,False,DividendIncomeOperating,
ARCC,2025-07-29,income_statement,income_statement,OtherIncome,OtherIncome,0,c-3996,2024-01-01,2024-12-31,,365,,False,OtherIncome,
ARCC,2025-07-29,income_statement,income_statement,InterestIncomeOperating,InterestIncomeOperating,33800000,c-3998,2024-01-01,2024-12-31,,365,,False,InterestIncomeOperating,
ARCC,2025-07-29,income_statement,income_statement,FeeIncome,FeeIncome,2800000,c-3998,2024-01-01,2024-12-31,,365,,False,FeeIncome,
ARCC,2025-07-29,income_statement,income_statement,DividendIncomeOperating,DividendIncomeOperating,1800000,c-3998,2024-01-01,2024-12-31,,365,,False,DividendIncomeOperating,
ARCC,2025-07-29,income_statement,income_statement,OtherIncome,OtherIncome,1900000,c-3998,2024-01-01,2024-12-31,,365,,False,OtherIncome,
ARCC,2025-07-29,income_statement,income_statement,InterestIncomeOperating,InterestIncomeOperating,8700000,c-3999,2024-01-01,2024-12-31,,365,,False,InterestIncomeOperating,
ARCC,2025-07-29,income_statement,income_statement,FeeIncome,FeeIncome,0,c-3999,2024-01-01,2024-12-31,,365,,False,FeeIncome,
ARCC,2025-07-29,income_statement,income_statement,DividendIncomeOperating,DividendIncomeOperating,0,c-3999,2024-01-01,2024-12-31,,365,,False,DividendIncomeOperating,
ARCC,2025-07-29,income_statement,income_statement,OtherIncome,OtherIncome,100000,c-3999,2024-01-01,2024-12-31,,365,,False,OtherIncome,
ARCC,2025-07-29,income_statement,income_statement,InterestIncomeOperating,InterestIncomeOperating,0,c-4001,2024-01-01,2024-12-31,,365,,False,InterestIncomeOperating,
ARCC,2025-07-29,income_statement,income_statement,FeeIncome,FeeIncome,0,c-4001,2024-01-01,2024-12-31,,365,,False,FeeIncome,
ARCC,2025-07-29,income_statement,income_statement,DividendIncomeOperating,DividendIncomeOperating,0,c-4001,2024-01-01,2024-12-31,,365,,False,DividendIncomeOperating,
ARCC,2025-07-29,income_statement,income_statement,OtherIncome,OtherIncome,0,c-4001,2024-01-01,2024-12-31,,365,,False,OtherIncome,
ARCC,2025-07-29,income_statement,income_statement,InterestIncomeOperating,InterestIncomeOperating,0,c-4003,2024-01-01,2024-12-31,,365,,False,InterestIncomeOperating,
ARCC,2025-07-29,income_statement,income_statement,FeeIncome,FeeIncome,0,c-4003,2024-01-01,2024-12-31,,365,,False,FeeIncome,
ARCC,2025-07-29,income_statement,income_statement,DividendIncomeOperating,DividendIncomeOperating,0,c-4003,2024-01-01,2024-12-31,,365,,False,DividendIncomeOperating,
ARCC,2025-07-29,income_statement,income_statement,OtherIncome,OtherIncome,0,c-4003,2024-01-01,2024-12-31,,365,,False,OtherIncome,
ARCC,2025-07-29,income_statement,income_statement,InterestIncomeOperating,InterestIncomeOperating,5200000,c-4005,2024-01-01,2024-12-31,,365,,False,InterestIncomeOperating,
ARCC,2025-07-29,income_statement,income_statement,FeeIncome,FeeIncome,0,c-4005,2024-01-01,2024-12-31,,365,,False,FeeIncome,
ARCC,2025-07-29,income_statement,income_statement,DividendIncomeOperating,DividendIncomeOperating,0,c-4005,2024-01-01,2024-12-31,,365,,False,DividendIncomeOperating,
ARCC,2025-07-29,income_statement,income_statement,OtherIncome,OtherIncome,100000,c-4005,2024-01-01,2024-12-31,,365,,False,OtherIncome,
ARCC,2025-07-29,income_statement,income_statement,InterestIncomeOperating,InterestIncomeOperating,0,c-4007,2024-01-01,2024-12-31,,365,,False,InterestIncomeOperating,
ARCC,2025-07-29,income_statement,income_statement,FeeIncome,FeeIncome,0,c-4007,2024-01-01,2024-12-31,,365,,False,FeeIncome,
ARCC,2025-07-29,income_statement,income_statement,DividendIncomeOperating,DividendIncomeOperating,0,c-4007,2024-01-01,2024-12-31,,365,,False,DividendIncomeOperating,
ARCC,2025-07-29,income_statement,income_statement,OtherIncome,OtherIncome,0,c-4007,2024-01-01,2024-12-31,,365,,False,OtherIncome,
ARCC,2025-07-29,income_statement,income_statement,InterestIncomeOperating,InterestIncomeOperating,0,c-4009,2024-01-01,2024-12-31,,365,,False,InterestIncomeOperating,
ARCC,2025-07-29,income_statement,income_statement,FeeIncome,FeeIncome,0,c-4009,2024-01-01,2024-12-31,,365,,False,FeeIncome,
ARCC,2025-07-29,income_statement,income_statement,DividendIncomeOperating,DividendIncomeOperating,0,c-4009,2024-01-01,2024-12-31,,365,,False,DividendIncomeOperating,
ARCC,2025-07-29,income_statement,income_statement,OtherIncome,OtherIncome,0,c-4009,2024-01-01,2024-12-31,,365,,False,OtherIncome,
ARCC,2025-07-29,income_statement,income_statement,InterestIncomeOperating,InterestIncomeOperating,0,c-4011,2024-01-01,2024-12-31,,365,,False,InterestIncomeOperating,
ARCC,2025-07-29,income_statement,income_statement,FeeIncome,FeeIncome,0,c-4011,2024-01-01,2024-12-31,,365,,False,FeeIncome,
ARCC,2025-07-29,income_statement,income_statement,DividendIncomeOperating,DividendIncomeOperating,0,c-4011,2024-01-01,2024-12-31,,365,,False,DividendIncomeOperating,
ARCC,2025-07-29,income_statement,income_statement,OtherIncome,OtherIncome,0,c-4011,2024-01-01,2024-12-31,,365,,False,OtherIncome,
ARCC,2025-07-29,income_statement,income_statement,InterestIncomeOperating,InterestIncomeOperating,3500000,c-4013,2024-01-01,2024-12-31,,365,,False,InterestIncomeOperating,
ARCC,2025-07-29,income_statement,income_statement,FeeIncome,FeeIncome,0,c-4013,2024-01-01,2024-12-31,,365,,False,FeeIncome,
ARCC,2025-07-29,income_statement,income_statement,DividendIncomeOperating,DividendIncomeOperating,0,c-4013,2024-01-01,2024-12-31,,365,,False,DividendIncomeOperating,
ARCC,2025-07-29,income_statement,income_statement,OtherIncome,OtherIncome,0,c-4013,2024-01-01,2024-12-31,,365,,False,OtherIncome,
ARCC,2025-07-29,income_statement,income_statement,InterestIncomeOperating,InterestIncomeOperating,2600000,c-4015,2024-01-01,2024-12-31,,365,,False,InterestIncomeOperating,
ARCC,2025-07-29,income_statement,income_statement,FeeIncome,FeeIncome,0,c-4015,2024-01-01,2024-12-31,,365,,False,FeeIncome,
ARCC,2025-07-29,income_statement,income_statement,DividendIncomeOperating,DividendIncomeOperating,0,c-4015,2024-01-01,2024-12-31,,365,,False,DividendIncomeOperating,
ARCC,2025-07-29,income_statement,income_statement,OtherIncome,OtherIncome,500000,c-4015,2024-01-01,2024-12-31,,365,,False,OtherIncome,
ARCC,2025-07-29,income_statement,income_statement,InterestIncomeOperating,InterestIncomeOperating,1700000,c-4017,2024-01-01,2024-12-31,,365,,False,InterestIncomeOperating,
ARCC,2025-07-29,income_statement,income_statement,FeeIncome,FeeIncome,0,c-4017,2024-01-01,2024-12-31,,365,,False,FeeIncome,
ARCC,2025-07-29,income_statement,income_statement,DividendIncomeOperating,DividendIncomeOperating,285000000.0,c-4017,2024-01-01,2024-12-31,,365,,False,DividendIncomeOperating,
ARCC,2025-07-29,income_statement,income_statement,OtherIncome,OtherIncome,0,c-4017,2024-01-01,2024-12-31,,365,,False,OtherIncome,
ARCC,2025-07-29,income_statement,income_statement,InterestIncomeOperating,InterestIncomeOperating,600000,c-4019,2024-01-01,2024-12-31,,365,,False,InterestIncomeOperating,
ARCC,2025-07-29,income_statement,income_statement,FeeIncome,FeeIncome,0,c-4019,2024-01-01,2024-12-31,,365,,False,FeeIncome,
ARCC,2025-07-29,income_statement,income_statement,DividendIncomeOperating,DividendIncomeOperating,0,c-4019,2024-01-01,2024-12-31,,365,,False,DividendIncomeOperating,
ARCC,2025-07-29,income_statement,income_statement,OtherIncome,OtherIncome,100000,c-4019,2024-01-01,2024-12-31,,365,,False,OtherIncome,
ARCC,2025-07-29,income_statement,income_statement,InterestIncomeOperating,InterestIncomeOperating,0,c-4021,2024-01-01,2024-12-31,,365,,False,InterestIncomeOperating,
ARCC,2025-07-29,income_statement,income_statement,FeeIncome,FeeIncome,0,c-4021,2024-01-01,2024-12-31,,365,,False,FeeIncome,
ARCC,2025-07-29,income_statement,income_statement,DividendIncomeOperating,DividendIncomeOperating,0,c-4021,2024-01-01,2024-12-31,,365,,False,DividendIncomeOperating,
ARCC,2025-07-29,income_statement,income_statement,OtherIncome,OtherIncome,0,c-4021,2024-01-01,2024-12-31,,365,,False,OtherIncome,
ARCC,2025-07-29,income_statement,income_statement,InterestIncomeOperating,InterestIncomeOperating,100000,c-4023,2024-01-01,2024-12-31,,365,,False,InterestIncomeOperating,
ARCC,2025-07-29,income_statement,income_statement,FeeIncome,FeeIncome,0,c-4023,2024-01-01,2024-12-31,,365,,False,FeeIncome,
ARCC,2025-07-29,income_statement,income_statement,DividendIncomeOperating,DividendIncomeOperating,0,c-4023,2024-01-01,2024-12-31,,365,,False,DividendIncomeOperating,
ARCC,2025-07-29,income_statement,income_statement,OtherIncome,OtherIncome,0,c-4023,2024-01-01,2024-12-31,,365,,False,OtherIncome,
ARCC,2025-07-29,income_statement,income_statement,InterestIncomeOperating,InterestIncomeOperating,0,c-4025,2024-01-01,2024-12-31,,365,,False,InterestIncomeOperating,
ARCC,2025-07-29,income_statement,income_statement,FeeIncome,FeeIncome,0,c-4025,2024-01-01,2024-12-31,,365,,False,FeeIncome,
ARCC,2025-07-29,income_statement,income_statement,DividendIncomeOperating,DividendIncomeOperating,0,c-4025,2024-01-01,2024-12-31,,365,,False,DividendIncomeOperating,
ARCC,2025-07-29,income_statement,income_statement,OtherIncome,OtherIncome,0,c-4025,2024-01-01,2024-12-31,,365,,False,OtherIncome,
ARCC,2025-07-29,income_statement,income_statement,InterestIncomeOperating,InterestIncomeOperating,0,c-4027,2024-01-01,2024-12-31,,365,,False,InterestIncomeOperating,
ARCC,2025-07-29,income_statement,income_statement,FeeIncome,FeeIncome,0,c-4027,2024-01-01,2024-12-31,,365,,False,FeeIncome,
ARCC,2025-07-29,income_statement,income_statement,DividendIncomeOperating,DividendIncomeOperating,0,c-4027,2024-01-01,2024-12-31,,365,,False,DividendIncomeOperating,
ARCC,2025-07-29,income_statement,income_statement,OtherIncome,OtherIncome,0,c-4027,2024-01-01,2024-12-31,,365,,False,OtherIncome,
ARCC,2025-07-29,income_statement,income_statement,InterestIncomeOperating,InterestIncomeOperating,172900000,c-4029,2024-01-01,2024-12-31,,365,,False,InterestIncomeOperating,
ARCC,2025-07-29,income_statement,income_statement,FeeIncome,FeeIncome,12500000,c-4029,2024-01-01,2024-12-31,,365,,False,FeeIncome,
ARCC,2025-07-29,income_statement,income_statement,DividendIncomeOperating,DividendIncomeOperating,0,c-4029,2024-01-01,2024-12-31,,365,,False,DividendIncomeOperating,
ARCC,2025-07-29,income_statement,income_statement,OtherIncome,OtherIncome,4500000,c-4029,2024-01-01,2024-12-31,,365,,False,OtherIncome,
ARCC,2025-07-29,income_statement,income_statement,InterestIncomeOperating,InterestIncomeOperating,0,c-4031,2024-01-01,2024-12-31,,365,,False,InterestIncomeOperating,
ARCC,2025-07-29,income_statement,income_statement,FeeIncome,FeeIncome,0,c-4031,2024-01-01,2024-12-31,,365,,False,FeeIncome,
ARCC,2025-07-29,income_statement,income_statement,DividendIncomeOperating,DividendIncomeOperating,0,c-4031,2024-01-01,2024-12-31,,365,,False,DividendIncomeOperating,
ARCC,2025-07-29,income_statement,income_statement,OtherIncome,OtherIncome,0,c-4031,2024-01-01,2024-12-31,,365,,False,OtherIncome,
ARCC,2025-07-29,income_statement,income_statement,InterestIncomeOperating,InterestIncomeOperating,-1000000.0,c-4033,2024-01-01,2024-12-31,,365,,False,InterestIncomeOperating,
ARCC,2025-07-29,income_statement,income_statement,FeeIncome,FeeIncome,100000,c-4033,2024-01-01,2024-12-31,,365,,False,FeeIncome,
ARCC,2025-07-29,income_statement,income_statement,DividendIncomeOperating,DividendIncomeOperating,0,c-4033,2024-01-01,2024-12-31,,365,,False,DividendIncomeOperating,
ARCC,2025-07-29,income_statement,income_statement,OtherIncome,OtherIncome,0,c-4033,2024-01-01,2024-12-31,,365,,False,OtherIncome,
ARCC,2025-07-29,income_statement,income_statement,InterestIncomeOperating,InterestIncomeOperating,4800000,c-4035,2024-01-01,2024-12-31,,365,,False,InterestIncomeOperating,
ARCC,2025-07-29,income_statement,income_statement,FeeIncome,FeeIncome,0,c-4035,2024-01-01,2024-12-31,,365,,False,FeeIncome,
ARCC,2025-07-29,income_statement,income_statement,DividendIncomeOperating,DividendIncomeOperating,5100000,c-4035,2024-01-01,2024-12-31,,365,,False,DividendIncomeOperating,
ARCC,2025-07-29,income_statement,income_statement,OtherIncome,OtherIncome,100000,c-4035,2024-01-01,2024-12-31,,365,,False,OtherIncome,
ARCC,2025-07-29,income_statement,income_statement,InterestIncomeOperating,InterestIncomeOperating,5800000,c-4037,2024-01-01,2024-12-31,,365,,False,InterestIncomeOperating,
ARCC,2025-07-29,income_statement,income_statement,FeeIncome,FeeIncome,0,c-4037,2024-01-01,2024-12-31,,365,,False,FeeIncome,
ARCC,2025-07-29,income_statement,income_statement,DividendIncomeOperating,DividendIncomeOperating,0,c-4037,2024-01-01,2024-12-31,,365,,False,DividendIncomeOperating,
ARCC,2025-07-29,income_statement,income_statement,OtherIncome,OtherIncome,0,c-4037,2024-01-01,2024-12-31,,365,,False,OtherIncome,
ARCC,2025-07-29,income_statement,income_statement,InterestIncomeOperating,InterestIncomeOperating,204900000,c-4039,2024-01-01,2024-12-31,,365,,False,InterestIncomeOperating,
ARCC,2025-07-29,income_statement,income_statement,FeeIncome,FeeIncome,12600000,c-4039,2024-01-01,2024-12-31,,365,,False,FeeIncome,
ARCC,2025-07-29,income_statement,income_statement,DividendIncomeOperating,DividendIncomeOperating,290100000,c-4039,2024-01-01,2024-12-31,,365,,False,DividendIncomeOperating,
ARCC,2025-07-29,income_statement,income_statement,OtherIncome,OtherIncome,5400000,c-4039,2024-01-01,2024-12-31,,365,,False,OtherIncome,
ARCC,2025-07-29,income_statement,income_statement,TaxBasisOfInvestmentsCostForIncomeTaxPurposes,TaxBasisOfInvestmentsCostForIncomeTaxPurposes,26500000000,c-10,,,2024-12-31,,,False,TaxBasisOfInvestmentsCostForIncomeTaxPurposes,
ARCC,2025-07-29,income_statement,income_statement,InvestmentIncomeOperatingAfterExpenseAndTax,InvestmentIncomeOperatingAfterExpenseAndTax,326000000,c-4422,2024-01-01,2024-03-31,,90,,False,InvestmentIncomeOperatingAfterExpenseAndTax,
ARCC,2025-07-29,income_statement,income_statement,InvestmentIncomeOperatingAfterExpenseAndTax,InvestmentIncomeOperatingAfterExpenseAndTax,326000000,c-4421,2024-01-01,2024-03-31,,90,,False,InvestmentIncomeOperatingAfterExpenseAndTax,
ARCC,2025-07-29,income_statement,income_statement,InvestmentIncomeOperatingAfterExpenseAndTax,InvestmentIncomeOperatingAfterExpenseAndTax,386000000,c-4429,2024-04-01,2024-06-30,,90,,False,InvestmentIncomeOperatingAfterExpenseAndTax,
ARCC,2025-07-29,income_statement,income_statement,InvestmentIncomeOperatingAfterExpenseAndTax,InvestmentIncomeOperatingAfterExpenseAndTax,361000000,c-4437,2024-07-01,2024-09-30,,91,,False,InvestmentIncomeOperatingAfterExpenseAndTax,
ARCC,2025-07-29,income_statement,income_statement,InvestmentIncomeOperatingAfterExpenseAndTax,InvestmentIncomeOperatingAfterExpenseAndTax,361000000,c-4436,2024-07-01,2024-09-30,,91,,False,InvestmentIncomeOperatingAfterExpenseAndTax,
ARCC,2025-07-29,income_statement,income_statement,InvestmentIncomeOperatingAfterExpenseAndTax,InvestmentIncomeOperatingAfterExpenseAndTax,363000000,c-4445,2024-10-01,2024-12-31,,91,,False,InvestmentIncomeOperatingAfterExpenseAndTax,
ARCC,2025-07-29,income_statement,income_statement,InvestmentIncomeOperatingAfterExpenseAndTax,InvestmentIncomeOperatingAfterExpenseAndTax,363000000,c-4444,2024-10-01,2024-12-31,,91,,False,InvestmentIncomeOperatingAfterExpenseAndTax,
ARCC,2025-07-29,income_statement,income_statement,InvestmentIncomeOperatingAfterExpenseAndTax,InvestmentIncomeOperatingAfterExpenseAndTax,365000000,c-4452,2025-01-01,2025-03-31,,89,,False,InvestmentIncomeOperatingAfterExpenseAndTax,
ARCC,2025-07-29,income_statement,income_statement,InvestmentIncomeOperatingAfterExpenseAndTax,InvestmentIncomeOperatingAfterExpenseAndTax,365000000,c-4451,2025-01-01,2025-03-31,,89,,False,InvestmentIncomeOperatingAfterExpenseAndTax,
ARCC,2025-07-29,income_statement,income_statement,InvestmentIncomeOperatingAfterExpenseAndTax,InvestmentIncomeOperatingAfterExpenseAndTax,342000000,c-4459,2025-04-01,2025-06-30,,90,,False,InvestmentIncomeOperatingAfterExpenseAndTax,
ARCC,2025-07-29,income_statement,income_statement,InterestIncomeOperatingPaidInKind,InterestIncomeOperatingPaidInKind,106000000,c-1,2025-01-01,2025-06-30,,180,,False,InterestIncomeOperatingPaidInKind,
ARCC,2025-07-29,income_statement,income_statement,InterestIncomeOperatingPaidInKind,InterestIncomeOperatingPaidInKind,99000000,c-25,2024-01-01,2024-06-30,,181,,False,InterestIncomeOperatingPaidInKind,
ARCC,2025-07-29,income_statement,income_statement,DividendIncomeOperatingPaidInKind,DividendIncomeOperatingPaidInKind,143000000,c-1,2025-01-01,2025-06-30,,180,,False,DividendIncomeOperatingPaidInKind,
ARCC,2025-07-29,income_statement,income_statement,DividendIncomeOperatingPaidInKind,DividendIncomeOperatingPaidInKind,121000000,c-25,2024-01-01,2024-06-30,,181,,False,DividendIncomeOperatingPaidInKind,
ARCC,2025-07-29,income_statement,income_statement,IncreaseDecreaseInIncomeBasedFeesPayable,IncreaseDecreaseInIncomeBasedFeesPayable,-5000000,c-1,2025-01-01,2025-06-30,,180,,False,IncreaseDecreaseInIncomeBasedFeesPayable,
ARCC,2025-07-29,income_statement,income_statement,IncreaseDecreaseInIncomeBasedFeesPayable,IncreaseDecreaseInIncomeBasedFeesPayable,3000000,c-25,2024-01-01,2024-06-30,,181,,False,IncreaseDecreaseInIncomeBasedFeesPayable,
ARCC,2025-07-29,income_statement,income_statement,IncomeTaxesPaidNet,IncomeTaxesPaidNet,38000000,c-1,2025-01-01,2025-06-30,,180,,False,IncomeTaxesPaidNet,
ARCC,2025-07-29,income_statement,income_statement,IncomeTaxesPaidNet,IncomeTaxesPaidNet,32000000,c-25,2024-01-01,2024-06-30,,181,,False,IncomeTaxesPaidNet,
ARCC,2025-07-29,income_statement,income_statement,RevenueRecognitionInterest,RevenueRecognitionInterest,"<div style=""text-indent:36pt""><span style=""color:#000000;font-family:'Times New Roman',serif;font-size:10pt;font-style:italic;font-weight:700;line-height:120%"">Interest Income Recognition</span></div><div style=""text-indent:36pt""><span style=""color:#000000;font-family:'Times New Roman',serif;font-size:10pt;font-weight:400;line-height:120%""> </span></div><div style=""text-indent:36pt""><span style=""color:#000000;font-family:'Times New Roman',serif;font-size:10pt;font-weight:400;line-height:120%"">Interest income is recorded on an accrual basis and includes the accretion of discounts, amortization of premiums and payment-in-kind (“PIK”) interest. Discounts from and premiums to par value on investments purchased are accreted/amortized into interest income over the life of the respective security using the effective yield method. To the extent loans contain PIK provisions, PIK interest, computed at the contractual rate specified in each applicable agreement, is accrued and recorded as interest income and added to the principal balance of the loan. PIK interest income added to the principal balance is generally collected upon repayment of the outstanding principal. To maintain the Company’s tax status as a RIC, this non-cash source of income must be paid out to stockholders in the form of dividends for the year the income was earned, even though the Company has not yet collected the cash. The amortized cost of investments represents the original cost adjusted for any accretion of discounts, amortization of premiums and PIK interest.</span></div><div style=""text-indent:36pt""><span><br/></span></div><div style=""text-indent:36pt""><span style=""color:#000000;font-family:'Times New Roman',serif;font-size:10pt;font-weight:400;line-height:120%"">Loans are generally placed on non-accrual status when principal or interest payments are past due 30 days or more or when there is reasonable doubt that principal or interest will be collected in full. Accrued and unpaid interest is generally </span></div><div><span style=""color:#000000;font-family:'Times New Roman',serif;font-size:10pt;font-weight:400;line-height:120%"">reversed when a loan is placed on non-accrual status. Interest payments received on non-accrual loans may be recognized as income or applied to principal depending upon the Company’s judgment regarding collectability. Non-accrual loans are restored to accrual status when past due principal and interest are paid or there is no longer any reasonable doubt that such principal or interest will be collected in full and, in the Company’s judgment, are likely to remain current. The Company may make exceptions to this policy if the loan has sufficient collateral value (i.e., typically measured as enterprise value of the portfolio company) or is in the process of collection.</span></div>",c-1,2025-01-01,2025-06-30,,180,,False,RevenueRecognitionInterest,
ARCC,2025-07-29,income_statement,income_statement,RevenueRecognitionDividends,RevenueRecognitionDividends,"<div style=""text-indent:36pt""><span style=""color:#000000;font-family:'Times New Roman',serif;font-size:10pt;font-style:italic;font-weight:700;line-height:120%"">Dividend Income Recognition</span><span style=""color:#000000;font-family:'Times New Roman',serif;font-size:10pt;font-weight:400;line-height:120%""> </span></div><div style=""text-indent:36pt""><span><br/></span></div><div style=""text-indent:36pt""><span style=""color:#000000;font-family:'Times New Roman',serif;font-size:10pt;font-weight:400;line-height:120%"">Dividend income on preferred equity is recorded on an accrual basis to the extent that such amounts are payable by the portfolio company and are expected to be collected. Dividend income on common equity is recorded on the record date for private portfolio companies or on the ex-dividend date for publicly traded portfolio companies. To the extent a preferred equity contains PIK provisions, PIK dividends, computed at the contractual rate specified in each applicable agreement, are accrued and recorded as dividend income and added to the principal balance of the preferred equity. PIK dividends added to the principal balance are generally collected upon redemption of the equity.</span></div>",c-1,2025-01-01,2025-06-30,,180,,False,RevenueRecognitionDividends,
ARCC,2025-07-29,income_statement,income_statement,RevenueRecognitionPolicyTextBlock,RevenueRecognitionPolicyTextBlock,"<div style=""text-indent:36pt""><span style=""color:#000000;font-family:'Times New Roman',serif;font-size:10pt;font-style:italic;font-weight:700;line-height:120%"">Capital Structuring Service Fees and Other Income </span></div><div style=""text-indent:36pt""><span style=""color:#000000;font-family:'Times New Roman',serif;font-size:10pt;font-weight:400;line-height:120%""> </span></div><div style=""text-indent:36pt""><span style=""color:#000000;font-family:'Times New Roman',serif;font-size:10pt;font-weight:400;line-height:120%"">In pursuit of the Company’s investment objective, the Company’s investment adviser seeks to provide assistance to its portfolio companies and in return the Company may receive fees for capital structuring services. These fees are fixed based on contractual terms, are generally only available to the Company as a result of the Company’s underlying investments, are normally paid at the closing of the investments, are generally non-recurring and non-refundable and are recognized as revenue when earned upon closing of the investment. The services that the Company’s investment adviser provides vary by investment, but generally include reviewing existing credit facilities, arranging bank financing, arranging equity financing, structuring financing from multiple lenders, structuring financing from multiple equity investors, restructuring existing loans, raising equity and debt capital, and providing general financial advice, which generally concludes upon closing of the investment. Any services of the above nature subsequent to the closing would generally generate a separate fee payable to the Company. In certain instances where the Company is invited to participate as a co-lender in a transaction and the Company’s investment adviser does not provide significant services in connection with the investment, a portion of loan fees paid to the Company in such situations will be deferred and amortized over the contractual life of the loan.</span></div><div style=""text-indent:36pt""><span><br/></span></div><div style=""text-indent:36pt""><span style=""color:#000000;font-family:'Times New Roman',serif;font-size:10pt;font-weight:400;line-height:120%"">Other income includes amendment fees that are fixed based on contractual terms and are generally non-recurring and non-refundable and are recognized as revenue when earned upon closing of the related transaction. Other income also includes fees for management and consulting services, agency services, loan guarantees, commitments, and other services rendered by the Company to portfolio companies. Such fees are fixed based on contractual terms and are recognized as income as services are rendered.</span></div>",c-1,2025-01-01,2025-06-30,,180,,False,RevenueRecognitionPolicyTextBlock,
ARCC,2025-07-29,income_statement,income_statement,IncomeTaxPolicyTextBlock,IncomeTaxPolicyTextBlock,"<div style=""text-indent:36pt""><span style=""color:#000000;font-family:'Times New Roman',serif;font-size:10pt;font-style:italic;font-weight:700;line-height:120%"">Income Taxes</span></div><div style=""text-indent:36pt""><span style=""color:#000000;font-family:'Times New Roman',serif;font-size:10pt;font-weight:400;line-height:120%""> </span></div><div style=""text-indent:36pt""><span style=""color:#000000;font-family:'Times New Roman',serif;font-size:10pt;font-weight:400;line-height:120%"">The Company has elected to be treated as a RIC under the Code and operates in a manner so as to qualify for the tax treatment applicable to RICs. To qualify for tax treatment as a RIC, the Company must, among other requirements, meet certain source-of-income and asset diversification requirements and timely distribute to its stockholders at least 90% of its investment company taxable income, as defined by the Code, for each year. The Company has made and intends to continue to make the requisite distributions to its stockholders, which will generally relieve the Company from U.S. federal corporate-level income taxes.</span></div><div style=""text-indent:36pt""><span style=""color:#000000;font-family:'Times New Roman',serif;font-size:10pt;font-weight:400;line-height:120%""> </span></div><div style=""text-indent:36pt""><span style=""color:#000000;font-family:'Times New Roman',serif;font-size:10pt;font-weight:400;line-height:120%"">Depending on the level of taxable income earned in a tax year, the Company may choose to carry forward taxable income in excess of current year dividend distributions from such current year taxable income into the next tax year and pay a 4% excise tax on such income, as required. To the extent that the Company determines that its estimated current year taxable income will be in excess of estimated dividend distributions for the current year from such income, the Company accrues excise tax, if any, on estimated excess taxable income as such taxable income is earned.</span></div><div style=""text-indent:36pt""><span style=""color:#000000;font-family:'Times New Roman',serif;font-size:10pt;font-weight:400;line-height:120%""> </span></div>The Company may hold certain portfolio company investments through consolidated taxable subsidiaries. Such subsidiaries may be subject to U.S. federal and state corporate-level income taxes. These consolidated subsidiaries recognize deferred tax assets and liabilities for the estimated future tax effects attributable to temporary differences between the tax basis of certain assets and liabilities and the reported amounts included in the accompanying consolidated balance sheet using the applicable statutory tax rates in effect for the year in which any such temporary differences are expected to reverse.",c-1,2025-01-01,2025-06-30,,180,,False,IncomeTaxPolicyTextBlock,
ARCC,2025-07-29,income_statement,income_statement,OtherIncome,OtherIncome,12000000,c-4550,2025-04-01,2025-06-30,,90,,False,OtherIncome,
ARCC,2025-07-29,income_statement,income_statement,OtherIncome,OtherIncome,24000000,c-4551,2025-01-01,2025-06-30,,180,,False,OtherIncome,
ARCC,2025-07-29,income_statement,income_statement,InterestAndDividendIncomeSecuritiesIncludingRealizedGainLossOnInvestmentsOperating,InterestAndDividendIncomeSecuritiesIncludingRealizedGainLossOnInvestmentsOperating,52000000,c-4550,2025-04-01,2025-06-30,,90,,False,InterestAndDividendIncomeSecuritiesIncludingRealizedGainLossOnInvestmentsOperating,
ARCC,2025-07-29,income_statement,income_statement,InterestAndDividendIncomeSecuritiesIncludingRealizedGainLossOnInvestmentsOperating,InterestAndDividendIncomeSecuritiesIncludingRealizedGainLossOnInvestmentsOperating,110000000,c-4551,2025-01-01,2025-06-30,,180,,False,InterestAndDividendIncomeSecuritiesIncludingRealizedGainLossOnInvestmentsOperating,
ARCC,2025-07-29,income_statement,income_statement,OtherIncome,OtherIncome,14000000,c-4552,2024-04-01,2024-06-30,,90,,False,OtherIncome,
ARCC,2025-07-29,income_statement,income_statement,OtherIncome,OtherIncome,28000000,c-4553,2024-01-01,2024-06-30,,181,,False,OtherIncome,
ARCC,2025-07-29,income_statement,income_statement,InterestAndDividendIncomeSecuritiesIncludingRealizedGainLossOnInvestmentsOperating,InterestAndDividendIncomeSecuritiesIncludingRealizedGainLossOnInvestmentsOperating,92000000,c-4552,2024-04-01,2024-06-30,,90,,False,InterestAndDividendIncomeSecuritiesIncludingRealizedGainLossOnInvestmentsOperating,
ARCC,2025-07-29,income_statement,income_statement,InterestAndDividendIncomeSecuritiesIncludingRealizedGainLossOnInvestmentsOperating,InterestAndDividendIncomeSecuritiesIncludingRealizedGainLossOnInvestmentsOperating,191000000,c-4553,2024-01-01,2024-06-30,,181,,False,InterestAndDividendIncomeSecuritiesIncludingRealizedGainLossOnInvestmentsOperating,
ARCC,2025-07-29,income_statement,income_statement,InterestIncomeAndInterestExpenseDisclosureTableTextBlock,InterestIncomeAndInterestExpenseDisclosureTableTextBlock,"<div style=""text-indent:36pt""><span style=""color:#000000;font-family:'Times New Roman',serif;font-size:10pt;font-weight:400;line-height:120%"">The interest income and dividend income that the Company earned from IHAM for the three and six months ended June 30, 2025 and 2024 were as follows:</span></div><div><span><br/></span></div><div><table style=""border-collapse:collapse;display:inline-table;margin-bottom:5pt;vertical-align:text-bottom;width:100.000%""><tr><td style=""width:1.0%""></td><td style=""width:37.642%""></td><td style=""width:0.1%""></td><td style=""width:1.0%""></td><td style=""width:13.958%""></td><td style=""width:0.1%""></td><td style=""width:0.1%""></td><td style=""width:0.384%""></td><td style=""width:0.1%""></td><td style=""width:1.0%""></td><td style=""width:13.958%""></td><td style=""width:0.1%""></td><td style=""width:0.1%""></td><td style=""width:0.384%""></td><td style=""width:0.1%""></td><td style=""width:1.0%""></td><td style=""width:13.519%""></td><td style=""width:0.1%""></td><td style=""width:0.1%""></td><td style=""width:0.530%""></td><td style=""width:0.1%""></td><td style=""width:1.0%""></td><td style=""width:13.525%""></td><td style=""width:0.1%""></td><td colspan=""3"" style=""display:none""></td><td colspan=""3"" style=""display:none""></td></tr><tr><td colspan=""3"" style=""padding:0 1pt""></td><td colspan=""9"" style=""padding:2px 1pt;text-align:center;vertical-align:bottom""><span style=""color:#000000;font-family:'Times New Roman',serif;font-size:8pt;font-weight:700;line-height:100%"">For the Three Months Ended June 30,</span></td><td colspan=""3"" style=""padding:0 1pt""></td><td colspan=""9"" style=""padding:2px 1pt;text-align:center;vertical-align:bottom""><span style=""color:#000000;font-family:'Times New Roman',serif;font-size:8pt;font-weight:700;line-height:100%"">For the Six Months Ended June 30,</span></td></tr><tr><td colspan=""3"" style=""padding:0 1pt""></td><td colspan=""3"" style=""border-top:1pt solid #000000;padding:2px 1pt;text-align:center;vertical-align:bottom""><span style=""color:#000000;font-family:'Times New Roman',serif;font-size:8pt;font-weight:700;line-height:100%"">2025</span></td><td colspan=""3"" style=""border-top:1pt solid #000000;padding:0 1pt""></td><td colspan=""3"" style=""border-top:1pt solid #000000;padding:2px 1pt;text-align:center;vertical-align:bottom""><span style=""color:#000000;font-family:'Times New Roman',serif;font-size:8pt;font-weight:700;line-height:100%"">2024</span></td><td colspan=""3"" style=""padding:0 1pt""></td><td colspan=""3"" style=""border-top:1pt solid #000;padding:2px 1pt;text-align:center;vertical-align:bottom""><span style=""color:#000000;font-family:'Times New Roman',serif;font-size:8pt;font-weight:700;line-height:100%"">2025</span></td><td colspan=""3"" style=""border-top:1pt solid #000;padding:0 1pt""></td><td colspan=""3"" style=""border-top:1pt solid #000;padding:2px 1pt;text-align:center;vertical-align:bottom""><span style=""color:#000000;font-family:'Times New Roman',serif;font-size:8pt;font-weight:700;line-height:100%"">2024</span></td><td colspan=""3"" style=""display:none""></td><td colspan=""3"" style=""display:none""></td></tr><tr><td colspan=""3"" style=""background-color:#cceeff;padding:2px 1pt;text-align:left;vertical-align:bottom""><div><span style=""color:#000000;font-family:'Times New Roman',serif;font-size:10pt;font-weight:400;line-height:100%"">Interest income</span></div></td><td style=""background-color:#cceeff;border-top:1pt solid #000;padding:2px 0 2px 1pt;text-align:left;vertical-align:bottom""><span style=""color:#000000;font-family:'Times New Roman',serif;font-size:10pt;font-weight:400;line-height:100%"">$</span></td><td style=""background-color:#cceeff;border-top:1pt solid #000;padding:2px 0;text-align:right;vertical-align:bottom""><span style=""color:#000000;font-family:'Times New Roman',serif;font-size:10pt;font-weight:400;line-height:100%"">1 </span></td><td style=""background-color:#cceeff;border-top:1pt solid #000;padding:2px 1pt 2px 0;text-align:right;vertical-align:bottom""></td><td colspan=""3"" style=""background-color:#cceeff;padding:0 1pt""></td><td style=""background-color:#cceeff;border-top:1pt solid #000;padding:2px 0 2px 1pt;text-align:left;vertical-align:bottom""><span style=""color:#000000;font-family:'Times New Roman',serif;font-size:10pt;font-weight:400;line-height:100%"">$</span></td><td style=""background-color:#cceeff;border-top:1pt solid #000;padding:2px 0;text-align:right;vertical-align:bottom""><span style=""color:#000000;font-family:'Times New Roman',serif;font-size:10pt;font-weight:400;line-height:100%"">— </span></td><td style=""background-color:#cceeff;border-top:1pt solid #000;padding:2px 1pt 2px 0;text-align:right;vertical-align:bottom""></td><td colspan=""3"" style=""background-color:#cceeff;padding:0 1pt""></td><td style=""background-color:#cceeff;border-top:1pt solid #000;padding:2px 0 2px 1pt;text-align:left;vertical-align:bottom""><span style=""color:#000000;font-family:'Times New Roman',serif;font-size:10pt;font-weight:400;line-height:100%"">$</span></td><td style=""background-color:#cceeff;border-top:1pt solid #000;padding:2px 0;text-align:right;vertical-align:bottom""><span style=""color:#000000;font-family:'Times New Roman',serif;font-size:10pt;font-weight:400;line-height:100%"">1 </span></td><td style=""background-color:#cceeff;border-top:1pt solid #000;padding:2px 1pt 2px 0;text-align:right;vertical-align:bottom""></td><td colspan=""3"" style=""background-color:#cceeff;padding:0 1pt""></td><td style=""background-color:#cceeff;border-top:1pt solid #000;padding:2px 0 2px 1pt;text-align:left;vertical-align:bottom""><span style=""color:#000000;font-family:'Times New Roman',serif;font-size:10pt;font-weight:400;line-height:100%"">$</span></td><td style=""background-color:#cceeff;border-top:1pt solid #000;padding:2px 0;text-align:right;vertical-align:bottom""><span style=""color:#000000;font-family:'Times New Roman',serif;font-size:10pt;font-weight:400;line-height:100%"">1 </span></td><td style=""background-color:#cceeff;border-top:1pt solid #000;padding:2px 1pt 2px 0;text-align:right;vertical-align:bottom""></td><td colspan=""3"" style=""display:none""></td><td colspan=""3"" style=""display:none""></td></tr><tr><td colspan=""3"" style=""background-color:#ffffff;padding:2px 1pt;text-align:left;vertical-align:bottom""><div><span style=""color:#000000;font-family:'Times New Roman',serif;font-size:10pt;font-weight:400;line-height:100%"">Dividend income</span></div></td><td style=""background-color:#ffffff;padding:2px 0 2px 1pt;text-align:left;vertical-align:bottom""><span style=""color:#000000;font-family:'Times New Roman',serif;font-size:10pt;font-weight:400;line-height:100%"">$</span></td><td style=""background-color:#ffffff;padding:2px 0;text-align:right;vertical-align:bottom""><span style=""color:#000000;font-family:'Times New Roman',serif;font-size:10pt;font-weight:400;line-height:100%"">73 </span></td><td style=""background-color:#ffffff;padding:2px 1pt 2px 0;text-align:right;vertical-align:bottom""></td><td colspan=""3"" style=""background-color:#ffffff;padding:0 1pt""></td><td style=""background-color:#ffffff;padding:2px 0 2px 1pt;text-align:left;vertical-align:bottom""><span style=""color:#000000;font-family:'Times New Roman',serif;font-size:10pt;font-weight:400;line-height:100%"">$</span></td><td style=""background-color:#ffffff;padding:2px 0;text-align:right;vertical-align:bottom""><span style=""color:#000000;font-family:'Times New Roman',serif;font-size:10pt;font-weight:400;line-height:100%"">69 </span></td><td style=""background-color:#ffffff;padding:2px 1pt 2px 0;text-align:right;vertical-align:bottom""></td><td colspan=""3"" style=""background-color:#ffffff;padding:0 1pt""></td><td style=""background-color:#ffffff;padding:2px 0 2px 1pt;text-align:left;vertical-align:bottom""><span style=""color:#000000;font-family:'Times New Roman',serif;font-size:10pt;font-weight:400;line-height:100%"">$</span></td><td style=""background-color:#ffffff;padding:2px 0;text-align:right;vertical-align:bottom""><span style=""color:#000000;font-family:'Times New Roman',serif;font-size:10pt;font-weight:400;line-height:100%"">146 </span></td><td style=""background-color:#ffffff;padding:2px 1pt 2px 0;text-align:right;vertical-align:bottom""></td><td colspan=""3"" style=""background-color:#ffffff;padding:0 1pt""></td><td style=""background-color:#ffffff;padding:2px 0 2px 1pt;text-align:left;vertical-align:bottom""><span style=""color:#000000;font-family:'Times New Roman',serif;font-size:10pt;font-weight:400;line-height:100%"">$</span></td><td style=""background-color:#ffffff;padding:2px 0;text-align:right;vertical-align:bottom""><span style=""color:#000000;font-family:'Times New Roman',serif;font-size:10pt;font-weight:400;line-height:100%"">135 </span></td><td style=""background-color:#ffffff;padding:2px 1pt 2px 0;text-align:right;vertical-align:bottom""></td><td colspan=""3"" style=""display:none""></td><td colspan=""3"" style=""display:none""></td></tr><tr><td colspan=""3"" style=""display:none""></td><td colspan=""3"" style=""display:none""></td><td colspan=""3"" style=""display:none""></td><td colspan=""3"" style=""display:none""></td><td colspan=""3"" style=""display:none""></td><td colspan=""3"" style=""display:none""></td><td colspan=""3"" style=""display:none""></td><td colspan=""3"" style=""display:none""></td><td colspan=""3"" style=""display:none""></td><td colspan=""3"" style=""display:none""></td></tr></table></div><div style=""padding-left:2.25pt;padding-right:9pt;text-indent:36pt""><span style=""color:#000000;font-family:'Times New Roman',serif;font-size:10pt;font-weight:400;line-height:120%"">The interest income from the Company’s investment in the SDLP Certificates and capital structuring service fees and other income earned for the three and six months ended June 30, 2025 and 2024 were as follows:</span></div><div style=""padding-left:2.25pt;padding-right:9pt;text-indent:36pt""><span><br/></span></div><div style=""padding-left:2.25pt;padding-right:9pt""><table style=""border-collapse:collapse;display:inline-table;margin-bottom:5pt;vertical-align:text-bottom;width:100.000%""><tr><td style=""width:1.0%""></td><td style=""width:39.981%""></td><td style=""width:0.1%""></td><td style=""width:1.0%""></td><td style=""width:13.081%""></td><td style=""width:0.1%""></td><td style=""width:0.1%""></td><td style=""width:0.384%""></td><td style=""width:0.1%""></td><td style=""width:1.0%""></td><td style=""width:13.081%""></td><td style=""width:0.1%""></td><td style=""width:0.1%""></td><td style=""width:0.384%""></td><td style=""width:0.1%""></td><td colspan=""3"" style=""display:none""></td><td colspan=""3"" style=""display:none""></td><td style=""width:1.0%""></td><td style=""width:13.081%""></td><td style=""width:0.1%""></td><td style=""width:0.1%""></td><td style=""width:0.384%""></td><td style=""width:0.1%""></td><td style=""width:1.0%""></td><td style=""width:13.524%""></td><td style=""width:0.1%""></td></tr><tr><td colspan=""3"" style=""padding:0 1pt""></td><td colspan=""9"" style=""padding:2px 1pt;text-align:center;vertical-align:bottom""><span style=""color:#000000;font-family:'Times New Roman',serif;font-size:8pt;font-weight:700;line-height:100%"">For the Three Months Ended June 30,</span></td><td colspan=""3"" style=""padding:0 1pt""></td><td colspan=""3"" style=""display:none""></td><td colspan=""3"" style=""display:none""></td><td colspan=""9"" style=""padding:2px 1pt;text-align:center;vertical-align:bottom""><span style=""color:#000000;font-family:'Times New Roman',serif;font-size:8pt;font-weight:700;line-height:100%"">For the Six Months Ended June 30,</span></td></tr><tr><td colspan=""3"" style=""padding:0 1pt""></td><td colspan=""3"" style=""border-top:1pt solid #000000;padding:2px 1pt;text-align:center;vertical-align:bottom""><span style=""color:#000000;font-family:'Times New Roman',serif;font-size:8pt;font-weight:700;line-height:100%"">2025</span></td><td colspan=""3"" style=""border-top:1pt solid #000000;padding:0 1pt""></td><td colspan=""3"" style=""border-top:1pt solid #000000;padding:2px 1pt;text-align:center;vertical-align:bottom""><span style=""color:#000000;font-family:'Times New Roman',serif;font-size:8pt;font-weight:700;line-height:100%"">2024</span></td><td colspan=""3"" style=""padding:0 1pt""></td><td colspan=""3"" style=""display:none""></td><td colspan=""3"" style=""display:none""></td><td colspan=""3"" style=""border-top:1pt solid #000;padding:2px 1pt;text-align:center;vertical-align:bottom""><span style=""color:#000000;font-family:'Times New Roman',serif;font-size:8pt;font-weight:700;line-height:100%"">2025</span></td><td colspan=""3"" style=""border-top:1pt solid #000;padding:0 1pt""></td><td colspan=""3"" style=""border-top:1pt solid #000;padding:2px 1pt;text-align:center;vertical-align:bottom""><span style=""color:#000000;font-family:'Times New Roman',serif;font-size:8pt;font-weight:700;line-height:100%"">2024</span></td></tr><tr><td colspan=""3"" style=""background-color:#cceeff;padding:2px 1pt;text-align:left;vertical-align:bottom""><div><span style=""color:#000000;font-family:'Times New Roman',serif;font-size:10pt;font-weight:400;line-height:100%"">Interest income</span></div></td><td style=""background-color:#cceeff;border-top:1pt solid #000000;padding:2px 0 2px 1pt;text-align:left;vertical-align:bottom""><span style=""color:#000000;font-family:'Times New Roman',serif;font-size:10pt;font-weight:400;line-height:100%"">$</span></td><td style=""background-color:#cceeff;border-top:1pt solid #000000;padding:2px 0;text-align:right;vertical-align:bottom""><span style=""color:#000000;font-family:'Times New Roman',serif;font-size:10pt;font-weight:400;line-height:100%"">38 </span></td><td style=""background-color:#cceeff;border-top:1pt solid #000000;padding:2px 1pt 2px 0;text-align:right;vertical-align:bottom""></td><td colspan=""3"" style=""background-color:#cceeff;padding:0 1pt""></td><td style=""background-color:#cceeff;border-top:1pt solid #000000;padding:2px 0 2px 1pt;text-align:left;vertical-align:bottom""><span style=""color:#000000;font-family:'Times New Roman',serif;font-size:10pt;font-weight:400;line-height:100%"">$</span></td><td style=""background-color:#cceeff;border-top:1pt solid #000000;padding:2px 0;text-align:right;vertical-align:bottom""><span style=""color:#000000;font-family:'Times New Roman',serif;font-size:10pt;font-weight:400;line-height:100%"">45 </span></td><td style=""background-color:#cceeff;border-top:1pt solid #000000;padding:2px 1pt 2px 0;text-align:right;vertical-align:bottom""></td><td colspan=""3"" style=""background-color:#cceeff;padding:0 1pt""></td><td colspan=""3"" style=""display:none""></td><td colspan=""3"" style=""display:none""></td><td style=""background-color:#cceeff;border-top:1pt solid #000;padding:2px 0 2px 1pt;text-align:left;vertical-align:bottom""><span style=""color:#000000;font-family:'Times New Roman',serif;font-size:10pt;font-weight:400;line-height:100%"">$</span></td><td style=""background-color:#cceeff;border-top:1pt solid #000;padding:2px 0;text-align:right;vertical-align:bottom""><span style=""color:#000000;font-family:'Times New Roman',serif;font-size:10pt;font-weight:400;line-height:100%"">76 </span></td><td style=""background-color:#cceeff;border-top:1pt solid #000;padding:2px 1pt 2px 0;text-align:right;vertical-align:bottom""></td><td colspan=""3"" style=""background-color:#cceeff;padding:0 1pt""></td><td style=""background-color:#cceeff;border-top:1pt solid #000000;padding:2px 0 2px 1pt;text-align:left;vertical-align:bottom""><span style=""color:#000000;font-family:'Times New Roman',serif;font-size:10pt;font-weight:400;line-height:100%"">$</span></td><td style=""background-color:#cceeff;border-top:1pt solid #000000;padding:2px 0;text-align:right;vertical-align:bottom""><span style=""color:#000000;font-family:'Times New Roman',serif;font-size:10pt;font-weight:400;line-height:100%"">88 </span></td><td style=""background-color:#cceeff;border-top:1pt solid #000000;padding:2px 1pt 2px 0;text-align:right;vertical-align:bottom""></td></tr><tr><td colspan=""3"" style=""background-color:#ffffff;padding:2px 1pt;text-align:left;vertical-align:bottom""><div style=""padding-right:9pt""><span style=""color:#000000;font-family:'Times New Roman',serif;font-size:10pt;font-weight:400;line-height:100%"">Capital structuring service fees and other income</span></div></td><td style=""background-color:#ffffff;padding:2px 0 2px 1pt;text-align:left;vertical-align:bottom""><span style=""color:#000000;font-family:'Times New Roman',serif;font-size:10pt;font-weight:400;line-height:100%"">$</span></td><td style=""background-color:#ffffff;padding:2px 0;text-align:right;vertical-align:bottom""><span style=""color:#000000;font-family:'Times New Roman',serif;font-size:10pt;font-weight:400;line-height:100%"">2 </span></td><td style=""background-color:#ffffff;padding:2px 1pt 2px 0;text-align:right;vertical-align:bottom""></td><td colspan=""3"" style=""background-color:#ffffff;padding:0 1pt""></td><td style=""background-color:#ffffff;padding:2px 0 2px 1pt;text-align:left;vertical-align:bottom""><span style=""color:#000000;font-family:'Times New Roman',serif;font-size:10pt;font-weight:400;line-height:100%"">$</span></td><td style=""background-color:#ffffff;padding:2px 0;text-align:right;vertical-align:bottom""><span style=""color:#000000;font-family:'Times New Roman',serif;font-size:10pt;font-weight:400;line-height:100%"">2 </span></td><td style=""background-color:#ffffff;padding:2px 1pt 2px 0;text-align:right;vertical-align:bottom""></td><td colspan=""3"" style=""background-color:#ffffff;padding:0 1pt""></td><td colspan=""3"" style=""display:none""></td><td colspan=""3"" style=""display:none""></td><td style=""background-color:#ffffff;padding:2px 0 2px 1pt;text-align:left;vertical-align:bottom""><span style=""color:#000000;font-family:'Times New Roman',serif;font-size:10pt;font-weight:400;line-height:100%"">$</span></td><td style=""background-color:#ffffff;padding:2px 0;text-align:right;vertical-align:bottom""><span style=""color:#000000;font-family:'Times New Roman',serif;font-size:10pt;font-weight:400;line-height:100%"">5 </span></td><td style=""background-color:#ffffff;padding:2px 1pt 2px 0;text-align:right;vertical-align:bottom""></td><td colspan=""3"" style=""background-color:#ffffff;padding:0 1pt""></td><td style=""background-color:#ffffff;padding:2px 0 2px 1pt;text-align:left;vertical-align:bottom""><span style=""color:#000000;font-family:'Times New Roman',serif;font-size:10pt;font-weight:400;line-height:100%"">$</span></td><td style=""background-color:#ffffff;padding:2px 0;text-align:right;vertical-align:bottom""><span style=""color:#000000;font-family:'Times New Roman',serif;font-size:10pt;font-weight:400;line-height:100%"">5 </span></td><td style=""background-color:#ffffff;padding:2px 1pt 2px 0;text-align:right;vertical-align:bottom""></td></tr></table></div>",c-1,2025-01-01,2025-06-30,,180,,False,InterestIncomeAndInterestExpenseDisclosureTableTextBlock,
ARCC,2025-07-29,income_statement,income_statement,InterestIncomeOperating,InterestIncomeOperating,1000000,c-4559,2025-04-01,2025-06-30,,90,,False,InterestIncomeOperating,
ARCC,2025-07-29,income_statement,income_statement,InterestIncomeOperating,InterestIncomeOperating,0,c-4560,2024-04-01,2024-06-30,,90,,False,InterestIncomeOperating,
ARCC,2025-07-29,income_statement,income_statement,InterestIncomeOperating,InterestIncomeOperating,1000000,c-4561,2025-01-01,2025-06-30,,180,,False,InterestIncomeOperating,
ARCC,2025-07-29,income_statement,income_statement,InterestIncomeOperating,InterestIncomeOperating,1000000,c-4562,2024-01-01,2024-06-30,,181,,False,InterestIncomeOperating,
ARCC,2025-07-29,income_statement,income_statement,DividendIncomeOperating,DividendIncomeOperating,73000000,c-4559,2025-04-01,2025-06-30,,90,,False,DividendIncomeOperating,
ARCC,2025-07-29,income_statement,income_statement,DividendIncomeOperating,DividendIncomeOperating,69000000,c-4560,2024-04-01,2024-06-30,,90,,False,DividendIncomeOperating,
ARCC,2025-07-29,income_statement,income_statement,DividendIncomeOperating,DividendIncomeOperating,146000000,c-4561,2025-01-01,2025-06-30,,180,,False,DividendIncomeOperating,
ARCC,2025-07-29,income_statement,income_statement,DividendIncomeOperating,DividendIncomeOperating,135000000,c-4562,2024-01-01,2024-06-30,,181,,False,DividendIncomeOperating,
ARCC,2025-07-29,income_statement,income_statement,AccumulatedOtherComprehensiveIncomeLossNetOfTax,AccumulatedOtherComprehensiveIncomeLossNetOfTax,-35000000,c-4565,,,2025-06-30,,,False,AccumulatedOtherComprehensiveIncomeLossNetOfTax,
ARCC,2025-07-29,income_statement,income_statement,AccumulatedOtherComprehensiveIncomeLossNetOfTax,AccumulatedOtherComprehensiveIncomeLossNetOfTax,0,c-4566,,,2025-06-30,,,False,AccumulatedOtherComprehensiveIncomeLossNetOfTax,
ARCC,2025-07-29,income_statement,income_statement,AccumulatedOtherComprehensiveIncomeLossNetOfTax,AccumulatedOtherComprehensiveIncomeLossNetOfTax,0,c-4567,,,2025-06-30,,,False,AccumulatedOtherComprehensiveIncomeLossNetOfTax,
ARCC,2025-07-29,income_statement,income_statement,AccumulatedOtherComprehensiveIncomeLossNetOfTax,AccumulatedOtherComprehensiveIncomeLossNetOfTax,-35000000,c-4548,,,2025-06-30,,,False,AccumulatedOtherComprehensiveIncomeLossNetOfTax,
ARCC,2025-07-29,income_statement,income_statement,AccumulatedOtherComprehensiveIncomeLossNetOfTax,AccumulatedOtherComprehensiveIncomeLossNetOfTax,-79000000,c-4568,,,2024-12-31,,,False,AccumulatedOtherComprehensiveIncomeLossNetOfTax,
ARCC,2025-07-29,income_statement,income_statement,AccumulatedOtherComprehensiveIncomeLossNetOfTax,AccumulatedOtherComprehensiveIncomeLossNetOfTax,0,c-4569,,,2024-12-31,,,False,AccumulatedOtherComprehensiveIncomeLossNetOfTax,
ARCC,2025-07-29,income_statement,income_statement,AccumulatedOtherComprehensiveIncomeLossNetOfTax,AccumulatedOtherComprehensiveIncomeLossNetOfTax,0,c-4570,,,2024-12-31,,,False,AccumulatedOtherComprehensiveIncomeLossNetOfTax,
ARCC,2025-07-29,income_statement,income_statement,AccumulatedOtherComprehensiveIncomeLossNetOfTax,AccumulatedOtherComprehensiveIncomeLossNetOfTax,-79000000,c-4549,,,2024-12-31,,,False,AccumulatedOtherComprehensiveIncomeLossNetOfTax,
ARCC,2025-07-29,income_statement,income_statement,InterestAndDividendIncomeSecurities,InterestAndDividendIncomeSecurities,77000000,c-4550,2025-04-01,2025-06-30,,90,,False,InterestAndDividendIncomeSecurities,
ARCC,2025-07-29,income_statement,income_statement,InterestAndDividendIncomeSecurities,InterestAndDividendIncomeSecurities,232000000,c-4573,2025-04-01,2025-06-30,,90,,False,InterestAndDividendIncomeSecurities,
ARCC,2025-07-29,income_statement,income_statement,InterestAndDividendIncomeSecurities,InterestAndDividendIncomeSecurities,-76000000,c-4574,2025-04-01,2025-06-30,,90,,False,InterestAndDividendIncomeSecurities,
ARCC,2025-07-29,income_statement,income_statement,InterestAndDividendIncomeSecurities,InterestAndDividendIncomeSecurities,233000000,c-4559,2025-04-01,2025-06-30,,90,,False,InterestAndDividendIncomeSecurities,
ARCC,2025-07-29,income_statement,income_statement,OtherIncome,OtherIncome,2000000,c-4573,2025-04-01,2025-06-30,,90,,False,OtherIncome,
ARCC,2025-07-29,income_statement,income_statement,OtherIncome,OtherIncome,-12000000,c-4574,2025-04-01,2025-06-30,,90,,False,OtherIncome,
ARCC,2025-07-29,income_statement,income_statement,OtherIncome,OtherIncome,2000000,c-4559,2025-04-01,2025-06-30,,90,,False,OtherIncome,
ARCC,2025-07-29,income_statement,income_statement,GrossInvestmentIncomeOperating,GrossInvestmentIncomeOperating,89000000,c-4550,2025-04-01,2025-06-30,,90,,False,GrossInvestmentIncomeOperating,
ARCC,2025-07-29,income_statement,income_statement,GrossInvestmentIncomeOperating,GrossInvestmentIncomeOperating,234000000,c-4573,2025-04-01,2025-06-30,,90,,False,GrossInvestmentIncomeOperating,
ARCC,2025-07-29,income_statement,income_statement,GrossInvestmentIncomeOperating,GrossInvestmentIncomeOperating,-88000000,c-4574,2025-04-01,2025-06-30,,90,,False,GrossInvestmentIncomeOperating,
ARCC,2025-07-29,income_statement,income_statement,GrossInvestmentIncomeOperating,GrossInvestmentIncomeOperating,235000000,c-4559,2025-04-01,2025-06-30,,90,,False,GrossInvestmentIncomeOperating,
ARCC,2025-07-29,income_statement,income_statement,InterestExpense,InterestExpense,14000000,c-4550,2025-04-01,2025-06-30,,90,,False,InterestExpense,
ARCC,2025-07-29,income_statement,income_statement,InterestExpense,InterestExpense,120000000,c-4573,2025-04-01,2025-06-30,,90,,False,InterestExpense,
ARCC,2025-07-29,income_statement,income_statement,InterestExpense,InterestExpense,0,c-4574,2025-04-01,2025-06-30,,90,,False,InterestExpense,
ARCC,2025-07-29,income_statement,income_statement,InterestExpense,InterestExpense,134000000,c-4559,2025-04-01,2025-06-30,,90,,False,InterestExpense,
ARCC,2025-07-29,income_statement,income_statement,DistributionExpense,DistributionExpense,0,c-4550,2025-04-01,2025-06-30,,90,,False,DistributionExpense,
ARCC,2025-07-29,income_statement,income_statement,DistributionExpense,DistributionExpense,32000000,c-4573,2025-04-01,2025-06-30,,90,,False,DistributionExpense,
ARCC,2025-07-29,income_statement,income_statement,DistributionExpense,DistributionExpense,-23000000,c-4574,2025-04-01,2025-06-30,,90,,False,DistributionExpense,
ARCC,2025-07-29,income_statement,income_statement,DistributionExpense,DistributionExpense,9000000,c-4559,2025-04-01,2025-06-30,,90,,False,DistributionExpense,
ARCC,2025-07-29,income_statement,income_statement,OtherExpenses,OtherExpenses,4000000,c-4550,2025-04-01,2025-06-30,,90,,False,OtherExpenses,
ARCC,2025-07-29,income_statement,income_statement,OtherExpenses,OtherExpenses,14000000,c-4573,2025-04-01,2025-06-30,,90,,False,OtherExpenses,
ARCC,2025-07-29,income_statement,income_statement,OtherExpenses,OtherExpenses,-12000000,c-4574,2025-04-01,2025-06-30,,90,,False,OtherExpenses,
ARCC,2025-07-29,income_statement,income_statement,OtherExpenses,OtherExpenses,6000000,c-4559,2025-04-01,2025-06-30,,90,,False,OtherExpenses,
ARCC,2025-07-29,income_statement,income_statement,CostsAndExpenses,CostsAndExpenses,18000000,c-4550,2025-04-01,2025-06-30,,90,,False,CostsAndExpenses,
ARCC,2025-07-29,income_statement,income_statement,CostsAndExpenses,CostsAndExpenses,166000000,c-4573,2025-04-01,2025-06-30,,90,,False,CostsAndExpenses,
ARCC,2025-07-29,income_statement,income_statement,CostsAndExpenses,CostsAndExpenses,-35000000,c-4574,2025-04-01,2025-06-30,,90,,False,CostsAndExpenses,
ARCC,2025-07-29,income_statement,income_statement,CostsAndExpenses,CostsAndExpenses,149000000,c-4559,2025-04-01,2025-06-30,,90,,False,CostsAndExpenses,
ARCC,2025-07-29,income_statement,income_statement,OperatingIncomeLoss,OperatingIncomeLoss,71000000,c-4550,2025-04-01,2025-06-30,,90,,False,OperatingIncomeLoss,
ARCC,2025-07-29,income_statement,income_statement,OperatingIncomeLoss,OperatingIncomeLoss,68000000,c-4573,2025-04-01,2025-06-30,,90,,False,OperatingIncomeLoss,
ARCC,2025-07-29,income_statement,income_statement,OperatingIncomeLoss,OperatingIncomeLoss,-53000000,c-4574,2025-04-01,2025-06-30,,90,,False,OperatingIncomeLoss,
ARCC,2025-07-29,income_statement,income_statement,OperatingIncomeLoss,OperatingIncomeLoss,86000000,c-4559,2025-04-01,2025-06-30,,90,,False,OperatingIncomeLoss,
ARCC,2025-07-29,income_statement,income_statement,NetIncomeLossAttributableToNoncontrollingInterest,NetIncomeLossAttributableToNoncontrollingInterest,0,c-4550,2025-04-01,2025-06-30,,90,,False,NetIncomeLossAttributableToNoncontrollingInterest,
ARCC,2025-07-29,income_statement,income_statement,NetIncomeLossAttributableToNoncontrollingInterest,NetIncomeLossAttributableToNoncontrollingInterest,58000000,c-4573,2025-04-01,2025-06-30,,90,,False,NetIncomeLossAttributableToNoncontrollingInterest,
ARCC,2025-07-29,income_statement,income_statement,NetIncomeLossAttributableToNoncontrollingInterest,NetIncomeLossAttributableToNoncontrollingInterest,-67000000,c-4574,2025-04-01,2025-06-30,,90,,False,NetIncomeLossAttributableToNoncontrollingInterest,
ARCC,2025-07-29,income_statement,income_statement,NetIncomeLossAttributableToNoncontrollingInterest,NetIncomeLossAttributableToNoncontrollingInterest,-9000000,c-4559,2025-04-01,2025-06-30,,90,,False,NetIncomeLossAttributableToNoncontrollingInterest,
ARCC,2025-07-29,income_statement,income_statement,NetIncomeLoss,NetIncomeLoss,68000000,c-4550,2025-04-01,2025-06-30,,90,,False,NetIncomeLoss,
ARCC,2025-07-29,income_statement,income_statement,NetIncomeLoss,NetIncomeLoss,0,c-4573,2025-04-01,2025-06-30,,90,,False,NetIncomeLoss,
ARCC,2025-07-29,income_statement,income_statement,NetIncomeLoss,NetIncomeLoss,0,c-4574,2025-04-01,2025-06-30,,90,,False,NetIncomeLoss,
ARCC,2025-07-29,income_statement,income_statement,NetIncomeLoss,NetIncomeLoss,68000000,c-4559,2025-04-01,2025-06-30,,90,,False,NetIncomeLoss,
ARCC,2025-07-29,income_statement,income_statement,InterestAndDividendIncomeSecurities,InterestAndDividendIncomeSecurities,144000000,c-4551,2025-01-01,2025-06-30,,180,,False,InterestAndDividendIncomeSecurities,
ARCC,2025-07-29,income_statement,income_statement,InterestAndDividendIncomeSecurities,InterestAndDividendIncomeSecurities,449000000,c-4575,2025-01-01,2025-06-30,,180,,False,InterestAndDividendIncomeSecurities,
ARCC,2025-07-29,income_statement,income_statement,InterestAndDividendIncomeSecurities,InterestAndDividendIncomeSecurities,-141000000,c-4576,2025-01-01,2025-06-30,,180,,False,InterestAndDividendIncomeSecurities,
ARCC,2025-07-29,income_statement,income_statement,InterestAndDividendIncomeSecurities,InterestAndDividendIncomeSecurities,452000000,c-4561,2025-01-01,2025-06-30,,180,,False,InterestAndDividendIncomeSecurities,
ARCC,2025-07-29,income_statement,income_statement,OtherIncome,OtherIncome,4000000,c-4575,2025-01-01,2025-06-30,,180,,False,OtherIncome,
ARCC,2025-07-29,income_statement,income_statement,OtherIncome,OtherIncome,-23000000,c-4576,2025-01-01,2025-06-30,,180,,False,OtherIncome,
ARCC,2025-07-29,income_statement,income_statement,OtherIncome,OtherIncome,5000000,c-4561,2025-01-01,2025-06-30,,180,,False,OtherIncome,
ARCC,2025-07-29,income_statement,income_statement,GrossInvestmentIncomeOperating,GrossInvestmentIncomeOperating,168000000,c-4551,2025-01-01,2025-06-30,,180,,False,GrossInvestmentIncomeOperating,
ARCC,2025-07-29,income_statement,income_statement,GrossInvestmentIncomeOperating,GrossInvestmentIncomeOperating,453000000,c-4575,2025-01-01,2025-06-30,,180,,False,GrossInvestmentIncomeOperating,
ARCC,2025-07-29,income_statement,income_statement,GrossInvestmentIncomeOperating,GrossInvestmentIncomeOperating,-164000000,c-4576,2025-01-01,2025-06-30,,180,,False,GrossInvestmentIncomeOperating,
ARCC,2025-07-29,income_statement,income_statement,GrossInvestmentIncomeOperating,GrossInvestmentIncomeOperating,457000000,c-4561,2025-01-01,2025-06-30,,180,,False,GrossInvestmentIncomeOperating,
ARCC,2025-07-29,income_statement,income_statement,InterestExpense,InterestExpense,23000000,c-4551,2025-01-01,2025-06-30,,180,,False,InterestExpense,
ARCC,2025-07-29,income_statement,income_statement,InterestExpense,InterestExpense,238000000,c-4575,2025-01-01,2025-06-30,,180,,False,InterestExpense,
ARCC,2025-07-29,income_statement,income_statement,InterestExpense,InterestExpense,0,c-4576,2025-01-01,2025-06-30,,180,,False,InterestExpense,
ARCC,2025-07-29,income_statement,income_statement,InterestExpense,InterestExpense,261000000,c-4561,2025-01-01,2025-06-30,,180,,False,InterestExpense,
ARCC,2025-07-29,income_statement,income_statement,DistributionExpense,DistributionExpense,0,c-4551,2025-01-01,2025-06-30,,180,,False,DistributionExpense,
ARCC,2025-07-29,income_statement,income_statement,DistributionExpense,DistributionExpense,64000000,c-4575,2025-01-01,2025-06-30,,180,,False,DistributionExpense,
ARCC,2025-07-29,income_statement,income_statement,DistributionExpense,DistributionExpense,-46000000,c-4576,2025-01-01,2025-06-30,,180,,False,DistributionExpense,
ARCC,2025-07-29,income_statement,income_statement,DistributionExpense,DistributionExpense,18000000,c-4561,2025-01-01,2025-06-30,,180,,False,DistributionExpense,
ARCC,2025-07-29,income_statement,income_statement,OtherExpenses,OtherExpenses,8000000,c-4551,2025-01-01,2025-06-30,,180,,False,OtherExpenses,
ARCC,2025-07-29,income_statement,income_statement,OtherExpenses,OtherExpenses,28000000,c-4575,2025-01-01,2025-06-30,,180,,False,OtherExpenses,
ARCC,2025-07-29,income_statement,income_statement,OtherExpenses,OtherExpenses,-23000000,c-4576,2025-01-01,2025-06-30,,180,,False,OtherExpenses,
ARCC,2025-07-29,income_statement,income_statement,OtherExpenses,OtherExpenses,13000000,c-4561,2025-01-01,2025-06-30,,180,,False,OtherExpenses,
ARCC,2025-07-29,income_statement,income_statement,CostsAndExpenses,CostsAndExpenses,31000000,c-4551,2025-01-01,2025-06-30,,180,,False,CostsAndExpenses,
ARCC,2025-07-29,income_statement,income_statement,CostsAndExpenses,CostsAndExpenses,330000000,c-4575,2025-01-01,2025-06-30,,180,,False,CostsAndExpenses,
ARCC,2025-07-29,income_statement,income_statement,CostsAndExpenses,CostsAndExpenses,-69000000,c-4576,2025-01-01,2025-06-30,,180,,False,CostsAndExpenses,
ARCC,2025-07-29,income_statement,income_statement,CostsAndExpenses,CostsAndExpenses,292000000,c-4561,2025-01-01,2025-06-30,,180,,False,CostsAndExpenses,
ARCC,2025-07-29,income_statement,income_statement,OperatingIncomeLoss,OperatingIncomeLoss,137000000,c-4551,2025-01-01,2025-06-30,,180,,False,OperatingIncomeLoss,
ARCC,2025-07-29,income_statement,income_statement,OperatingIncomeLoss,OperatingIncomeLoss,123000000,c-4575,2025-01-01,2025-06-30,,180,,False,OperatingIncomeLoss,
ARCC,2025-07-29,income_statement,income_statement,OperatingIncomeLoss,OperatingIncomeLoss,-95000000,c-4576,2025-01-01,2025-06-30,,180,,False,OperatingIncomeLoss,
ARCC,2025-07-29,income_statement,income_statement,OperatingIncomeLoss,OperatingIncomeLoss,165000000,c-4561,2025-01-01,2025-06-30,,180,,False,OperatingIncomeLoss,
ARCC,2025-07-29,income_statement,income_statement,NetIncomeLossAttributableToNoncontrollingInterest,NetIncomeLossAttributableToNoncontrollingInterest,0,c-4551,2025-01-01,2025-06-30,,180,,False,NetIncomeLossAttributableToNoncontrollingInterest,
ARCC,2025-07-29,income_statement,income_statement,NetIncomeLossAttributableToNoncontrollingInterest,NetIncomeLossAttributableToNoncontrollingInterest,70000000,c-4575,2025-01-01,2025-06-30,,180,,False,NetIncomeLossAttributableToNoncontrollingInterest,
ARCC,2025-07-29,income_statement,income_statement,NetIncomeLossAttributableToNoncontrollingInterest,NetIncomeLossAttributableToNoncontrollingInterest,-118000000,c-4576,2025-01-01,2025-06-30,,180,,False,NetIncomeLossAttributableToNoncontrollingInterest,
ARCC,2025-07-29,income_statement,income_statement,NetIncomeLossAttributableToNoncontrollingInterest,NetIncomeLossAttributableToNoncontrollingInterest,-48000000,c-4561,2025-01-01,2025-06-30,,180,,False,NetIncomeLossAttributableToNoncontrollingInterest,
ARCC,2025-07-29,income_statement,income_statement,NetIncomeLoss,NetIncomeLoss,150000000,c-4551,2025-01-01,2025-06-30,,180,,False,NetIncomeLoss,
ARCC,2025-07-29,income_statement,income_statement,NetIncomeLoss,NetIncomeLoss,0,c-4575,2025-01-01,2025-06-30,,180,,False,NetIncomeLoss,
ARCC,2025-07-29,income_statement,income_statement,NetIncomeLoss,NetIncomeLoss,0,c-4576,2025-01-01,2025-06-30,,180,,False,NetIncomeLoss,
ARCC,2025-07-29,income_statement,income_statement,NetIncomeLoss,NetIncomeLoss,150000000,c-4561,2025-01-01,2025-06-30,,180,,False,NetIncomeLoss,
ARCC,2025-07-29,income_statement,income_statement,InterestAndDividendIncomeSecurities,InterestAndDividendIncomeSecurities,92000000,c-4552,2024-04-01,2024-06-30,,90,,False,InterestAndDividendIncomeSecurities,
ARCC,2025-07-29,income_statement,income_statement,InterestAndDividendIncomeSecurities,InterestAndDividendIncomeSecurities,259000000,c-4577,2024-04-01,2024-06-30,,90,,False,InterestAndDividendIncomeSecurities,
ARCC,2025-07-29,income_statement,income_statement,InterestAndDividendIncomeSecurities,InterestAndDividendIncomeSecurities,-90000000,c-4578,2024-04-01,2024-06-30,,90,,False,InterestAndDividendIncomeSecurities,
ARCC,2025-07-29,income_statement,income_statement,InterestAndDividendIncomeSecurities,InterestAndDividendIncomeSecurities,261000000,c-4560,2024-04-01,2024-06-30,,90,,False,InterestAndDividendIncomeSecurities,
ARCC,2025-07-29,income_statement,income_statement,OtherIncome,OtherIncome,3000000,c-4577,2024-04-01,2024-06-30,,90,,False,OtherIncome,
ARCC,2025-07-29,income_statement,income_statement,OtherIncome,OtherIncome,-13000000,c-4578,2024-04-01,2024-06-30,,90,,False,OtherIncome,
ARCC,2025-07-29,income_statement,income_statement,OtherIncome,OtherIncome,4000000,c-4560,2024-04-01,2024-06-30,,90,,False,OtherIncome,
ARCC,2025-07-29,income_statement,income_statement,GrossInvestmentIncomeOperating,GrossInvestmentIncomeOperating,106000000,c-4552,2024-04-01,2024-06-30,,90,,False,GrossInvestmentIncomeOperating,
ARCC,2025-07-29,income_statement,income_statement,GrossInvestmentIncomeOperating,GrossInvestmentIncomeOperating,262000000,c-4577,2024-04-01,2024-06-30,,90,,False,GrossInvestmentIncomeOperating,
ARCC,2025-07-29,income_statement,income_statement,GrossInvestmentIncomeOperating,GrossInvestmentIncomeOperating,-103000000,c-4578,2024-04-01,2024-06-30,,90,,False,GrossInvestmentIncomeOperating,
ARCC,2025-07-29,income_statement,income_statement,GrossInvestmentIncomeOperating,GrossInvestmentIncomeOperating,265000000,c-4560,2024-04-01,2024-06-30,,90,,False,GrossInvestmentIncomeOperating,
ARCC,2025-07-29,income_statement,income_statement,InterestExpense,InterestExpense,10000000,c-4552,2024-04-01,2024-06-30,,90,,False,InterestExpense,
ARCC,2025-07-29,income_statement,income_statement,InterestExpense,InterestExpense,143000000,c-4577,2024-04-01,2024-06-30,,90,,False,InterestExpense,
ARCC,2025-07-29,income_statement,income_statement,InterestExpense,InterestExpense,0,c-4578,2024-04-01,2024-06-30,,90,,False,InterestExpense,
ARCC,2025-07-29,income_statement,income_statement,InterestExpense,InterestExpense,153000000,c-4560,2024-04-01,2024-06-30,,90,,False,InterestExpense,
ARCC,2025-07-29,income_statement,income_statement,DistributionExpense,DistributionExpense,0,c-4552,2024-04-01,2024-06-30,,90,,False,DistributionExpense,
ARCC,2025-07-29,income_statement,income_statement,DistributionExpense,DistributionExpense,52000000,c-4577,2024-04-01,2024-06-30,,90,,False,DistributionExpense,
ARCC,2025-07-29,income_statement,income_statement,DistributionExpense,DistributionExpense,-40000000,c-4578,2024-04-01,2024-06-30,,90,,False,DistributionExpense,
ARCC,2025-07-29,income_statement,income_statement,DistributionExpense,DistributionExpense,12000000,c-4560,2024-04-01,2024-06-30,,90,,False,DistributionExpense,
ARCC,2025-07-29,income_statement,income_statement,OtherExpenses,OtherExpenses,3000000,c-4552,2024-04-01,2024-06-30,,90,,False,OtherExpenses,
ARCC,2025-07-29,income_statement,income_statement,OtherExpenses,OtherExpenses,15000000,c-4577,2024-04-01,2024-06-30,,90,,False,OtherExpenses,
ARCC,2025-07-29,income_statement,income_statement,OtherExpenses,OtherExpenses,-13000000,c-4578,2024-04-01,2024-06-30,,90,,False,OtherExpenses,
ARCC,2025-07-29,income_statement,income_statement,OtherExpenses,OtherExpenses,5000000,c-4560,2024-04-01,2024-06-30,,90,,False,OtherExpenses,
ARCC,2025-07-29,income_statement,income_statement,CostsAndExpenses,CostsAndExpenses,13000000,c-4552,2024-04-01,2024-06-30,,90,,False,CostsAndExpenses,
ARCC,2025-07-29,income_statement,income_statement,CostsAndExpenses,CostsAndExpenses,210000000,c-4577,2024-04-01,2024-06-30,,90,,False,CostsAndExpenses,
ARCC,2025-07-29,income_statement,income_statement,CostsAndExpenses,CostsAndExpenses,-53000000,c-4578,2024-04-01,2024-06-30,,90,,False,CostsAndExpenses,
ARCC,2025-07-29,income_statement,income_statement,CostsAndExpenses,CostsAndExpenses,170000000,c-4560,2024-04-01,2024-06-30,,90,,False,CostsAndExpenses,
ARCC,2025-07-29,income_statement,income_statement,OperatingIncomeLoss,OperatingIncomeLoss,93000000,c-4552,2024-04-01,2024-06-30,,90,,False,OperatingIncomeLoss,
ARCC,2025-07-29,income_statement,income_statement,OperatingIncomeLoss,OperatingIncomeLoss,52000000,c-4577,2024-04-01,2024-06-30,,90,,False,OperatingIncomeLoss,
ARCC,2025-07-29,income_statement,income_statement,OperatingIncomeLoss,OperatingIncomeLoss,-50000000,c-4578,2024-04-01,2024-06-30,,90,,False,OperatingIncomeLoss,
ARCC,2025-07-29,income_statement,income_statement,OperatingIncomeLoss,OperatingIncomeLoss,95000000,c-4560,2024-04-01,2024-06-30,,90,,False,OperatingIncomeLoss,
ARCC,2025-07-29,income_statement,income_statement,NetIncomeLossAttributableToNoncontrollingInterest,NetIncomeLossAttributableToNoncontrollingInterest,0,c-4552,2024-04-01,2024-06-30,,90,,False,NetIncomeLossAttributableToNoncontrollingInterest,
ARCC,2025-07-29,income_statement,income_statement,NetIncomeLossAttributableToNoncontrollingInterest,NetIncomeLossAttributableToNoncontrollingInterest,22000000,c-4577,2024-04-01,2024-06-30,,90,,False,NetIncomeLossAttributableToNoncontrollingInterest,
ARCC,2025-07-29,income_statement,income_statement,NetIncomeLossAttributableToNoncontrollingInterest,NetIncomeLossAttributableToNoncontrollingInterest,-40000000,c-4578,2024-04-01,2024-06-30,,90,,False,NetIncomeLossAttributableToNoncontrollingInterest,
ARCC,2025-07-29,income_statement,income_statement,NetIncomeLossAttributableToNoncontrollingInterest,NetIncomeLossAttributableToNoncontrollingInterest,-18000000,c-4560,2024-04-01,2024-06-30,,90,,False,NetIncomeLossAttributableToNoncontrollingInterest,
ARCC,2025-07-29,income_statement,income_statement,NetIncomeLoss,NetIncomeLoss,77000000,c-4552,2024-04-01,2024-06-30,,90,,False,NetIncomeLoss,
ARCC,2025-07-29,income_statement,income_statement,NetIncomeLoss,NetIncomeLoss,0,c-4577,2024-04-01,2024-06-30,,90,,False,NetIncomeLoss,
ARCC,2025-07-29,income_statement,income_statement,NetIncomeLoss,NetIncomeLoss,0,c-4578,2024-04-01,2024-06-30,,90,,False,NetIncomeLoss,
ARCC,2025-07-29,income_statement,income_statement,NetIncomeLoss,NetIncomeLoss,77000000,c-4560,2024-04-01,2024-06-30,,90,,False,NetIncomeLoss,
ARCC,2025-07-29,income_statement,income_statement,InterestAndDividendIncomeSecurities,InterestAndDividendIncomeSecurities,186000000,c-4553,2024-01-01,2024-06-30,,181,,False,InterestAndDividendIncomeSecurities,
ARCC,2025-07-29,income_statement,income_statement,InterestAndDividendIncomeSecurities,InterestAndDividendIncomeSecurities,533000000,c-4579,2024-01-01,2024-06-30,,181,,False,InterestAndDividendIncomeSecurities,
ARCC,2025-07-29,income_statement,income_statement,InterestAndDividendIncomeSecurities,InterestAndDividendIncomeSecurities,-182000000,c-4580,2024-01-01,2024-06-30,,181,,False,InterestAndDividendIncomeSecurities,
ARCC,2025-07-29,income_statement,income_statement,InterestAndDividendIncomeSecurities,InterestAndDividendIncomeSecurities,537000000,c-4562,2024-01-01,2024-06-30,,181,,False,InterestAndDividendIncomeSecurities,
ARCC,2025-07-29,income_statement,income_statement,OtherIncome,OtherIncome,6000000,c-4579,2024-01-01,2024-06-30,,181,,False,OtherIncome,
ARCC,2025-07-29,income_statement,income_statement,OtherIncome,OtherIncome,-26000000,c-4580,2024-01-01,2024-06-30,,181,,False,OtherIncome,
ARCC,2025-07-29,income_statement,income_statement,OtherIncome,OtherIncome,8000000,c-4562,2024-01-01,2024-06-30,,181,,False,OtherIncome,
ARCC,2025-07-29,income_statement,income_statement,GrossInvestmentIncomeOperating,GrossInvestmentIncomeOperating,214000000,c-4553,2024-01-01,2024-06-30,,181,,False,GrossInvestmentIncomeOperating,
ARCC,2025-07-29,income_statement,income_statement,GrossInvestmentIncomeOperating,GrossInvestmentIncomeOperating,539000000,c-4579,2024-01-01,2024-06-30,,181,,False,GrossInvestmentIncomeOperating,
ARCC,2025-07-29,income_statement,income_statement,GrossInvestmentIncomeOperating,GrossInvestmentIncomeOperating,-208000000,c-4580,2024-01-01,2024-06-30,,181,,False,GrossInvestmentIncomeOperating,
ARCC,2025-07-29,income_statement,income_statement,GrossInvestmentIncomeOperating,GrossInvestmentIncomeOperating,545000000,c-4562,2024-01-01,2024-06-30,,181,,False,GrossInvestmentIncomeOperating,
ARCC,2025-07-29,income_statement,income_statement,InterestExpense,InterestExpense,20000000,c-4553,2024-01-01,2024-06-30,,181,,False,InterestExpense,
ARCC,2025-07-29,income_statement,income_statement,InterestExpense,InterestExpense,293000000,c-4579,2024-01-01,2024-06-30,,181,,False,InterestExpense,
ARCC,2025-07-29,income_statement,income_statement,InterestExpense,InterestExpense,0,c-4580,2024-01-01,2024-06-30,,181,,False,InterestExpense,
ARCC,2025-07-29,income_statement,income_statement,InterestExpense,InterestExpense,313000000,c-4562,2024-01-01,2024-06-30,,181,,False,InterestExpense,
ARCC,2025-07-29,income_statement,income_statement,DistributionExpense,DistributionExpense,0,c-4553,2024-01-01,2024-06-30,,181,,False,DistributionExpense,
ARCC,2025-07-29,income_statement,income_statement,DistributionExpense,DistributionExpense,105000000,c-4579,2024-01-01,2024-06-30,,181,,False,DistributionExpense,
ARCC,2025-07-29,income_statement,income_statement,DistributionExpense,DistributionExpense,-77000000,c-4580,2024-01-01,2024-06-30,,181,,False,DistributionExpense,
ARCC,2025-07-29,income_statement,income_statement,DistributionExpense,DistributionExpense,28000000,c-4562,2024-01-01,2024-06-30,,181,,False,DistributionExpense,
ARCC,2025-07-29,income_statement,income_statement,OtherExpenses,OtherExpenses,7000000,c-4553,2024-01-01,2024-06-30,,181,,False,OtherExpenses,
ARCC,2025-07-29,income_statement,income_statement,OtherExpenses,OtherExpenses,33000000,c-4579,2024-01-01,2024-06-30,,181,,False,OtherExpenses,
ARCC,2025-07-29,income_statement,income_statement,OtherExpenses,OtherExpenses,-26000000,c-4580,2024-01-01,2024-06-30,,181,,False,OtherExpenses,
ARCC,2025-07-29,income_statement,income_statement,OtherExpenses,OtherExpenses,14000000,c-4562,2024-01-01,2024-06-30,,181,,False,OtherExpenses,
ARCC,2025-07-29,income_statement,income_statement,CostsAndExpenses,CostsAndExpenses,27000000,c-4553,2024-01-01,2024-06-30,,181,,False,CostsAndExpenses,
ARCC,2025-07-29,income_statement,income_statement,CostsAndExpenses,CostsAndExpenses,431000000,c-4579,2024-01-01,2024-06-30,,181,,False,CostsAndExpenses,
ARCC,2025-07-29,income_statement,income_statement,CostsAndExpenses,CostsAndExpenses,-103000000,c-4580,2024-01-01,2024-06-30,,181,,False,CostsAndExpenses,
ARCC,2025-07-29,income_statement,income_statement,CostsAndExpenses,CostsAndExpenses,355000000,c-4562,2024-01-01,2024-06-30,,181,,False,CostsAndExpenses,
ARCC,2025-07-29,income_statement,income_statement,OperatingIncomeLoss,OperatingIncomeLoss,187000000,c-4553,2024-01-01,2024-06-30,,181,,False,OperatingIncomeLoss,
ARCC,2025-07-29,income_statement,income_statement,OperatingIncomeLoss,OperatingIncomeLoss,108000000,c-4579,2024-01-01,2024-06-30,,181,,False,OperatingIncomeLoss,
ARCC,2025-07-29,income_statement,income_statement,OperatingIncomeLoss,OperatingIncomeLoss,-105000000,c-4580,2024-01-01,2024-06-30,,181,,False,OperatingIncomeLoss,
ARCC,2025-07-29,income_statement,income_statement,OperatingIncomeLoss,OperatingIncomeLoss,190000000,c-4562,2024-01-01,2024-06-30,,181,,False,OperatingIncomeLoss,
ARCC,2025-07-29,income_statement,income_statement,NetIncomeLossAttributableToNoncontrollingInterest,NetIncomeLossAttributableToNoncontrollingInterest,0,c-4553,2024-01-01,2024-06-30,,181,,False,NetIncomeLossAttributableToNoncontrollingInterest,
ARCC,2025-07-29,income_statement,income_statement,NetIncomeLossAttributableToNoncontrollingInterest,NetIncomeLossAttributableToNoncontrollingInterest,80000000,c-4579,2024-01-01,2024-06-30,,181,,False,NetIncomeLossAttributableToNoncontrollingInterest,
ARCC,2025-07-29,income_statement,income_statement,NetIncomeLossAttributableToNoncontrollingInterest,NetIncomeLossAttributableToNoncontrollingInterest,-84000000,c-4580,2024-01-01,2024-06-30,,181,,False,NetIncomeLossAttributableToNoncontrollingInterest,
ARCC,2025-07-29,income_statement,income_statement,NetIncomeLossAttributableToNoncontrollingInterest,NetIncomeLossAttributableToNoncontrollingInterest,-4000000,c-4562,2024-01-01,2024-06-30,,181,,False,NetIncomeLossAttributableToNoncontrollingInterest,
ARCC,2025-07-29,income_statement,income_statement,NetIncomeLoss,NetIncomeLoss,159000000,c-4553,2024-01-01,2024-06-30,,181,,False,NetIncomeLoss,
ARCC,2025-07-29,income_statement,income_statement,NetIncomeLoss,NetIncomeLoss,0,c-4579,2024-01-01,2024-06-30,,181,,False,NetIncomeLoss,
ARCC,2025-07-29,income_statement,income_statement,NetIncomeLoss,NetIncomeLoss,0,c-4580,2024-01-01,2024-06-30,,181,,False,NetIncomeLoss,
ARCC,2025-07-29,income_statement,income_statement,NetIncomeLoss,NetIncomeLoss,159000000,c-4562,2024-01-01,2024-06-30,,181,,False,NetIncomeLoss,
ARCC,2025-07-29,income_statement,income_statement,InterestIncomeOperating,InterestIncomeOperating,38000000,c-4583,2025-04-01,2025-06-30,,90,,False,InterestIncomeOperating,
ARCC,2025-07-29,income_statement,income_statement,InterestIncomeOperating,InterestIncomeOperating,45000000,c-4584,2024-04-01,2024-06-30,,90,,False,InterestIncomeOperating,
ARCC,2025-07-29,income_statement,income_statement,InterestIncomeOperating,InterestIncomeOperating,76000000,c-4585,2025-01-01,2025-06-30,,180,,False,InterestIncomeOperating,
ARCC,2025-07-29,income_statement,income_statement,InterestIncomeOperating,InterestIncomeOperating,88000000,c-4586,2024-01-01,2024-06-30,,181,,False,InterestIncomeOperating,
ARCC,2025-07-29,income_statement,income_statement,FeeIncome,FeeIncome,2000000,c-4583,2025-04-01,2025-06-30,,90,,False,FeeIncome,
ARCC,2025-07-29,income_statement,income_statement,FeeIncome,FeeIncome,2000000,c-4584,2024-04-01,2024-06-30,,90,,False,FeeIncome,
ARCC,2025-07-29,income_statement,income_statement,FeeIncome,FeeIncome,5000000,c-4585,2025-01-01,2025-06-30,,180,,False,FeeIncome,
ARCC,2025-07-29,income_statement,income_statement,FeeIncome,FeeIncome,5000000,c-4586,2024-01-01,2024-06-30,,181,,False,FeeIncome,
ARCC,2025-07-29,income_statement,income_statement,InterestExpense,InterestExpense,24000000,c-4669,2025-04-01,2025-06-30,,90,,False,InterestExpense,
ARCC,2025-07-29,income_statement,income_statement,InterestExpense,InterestExpense,29000000,c-4670,2024-04-01,2024-06-30,,90,,False,InterestExpense,
ARCC,2025-07-29,income_statement,income_statement,InterestExpense,InterestExpense,46000000,c-4665,2025-01-01,2025-06-30,,180,,False,InterestExpense,
ARCC,2025-07-29,income_statement,income_statement,InterestExpense,InterestExpense,57000000,c-4671,2024-01-01,2024-06-30,,181,,False,InterestExpense,
ARCC,2025-07-29,income_statement,income_statement,InterestExpense,InterestExpense,18000000,c-4682,2025-04-01,2025-06-30,,90,,False,InterestExpense,
ARCC,2025-07-29,income_statement,income_statement,InterestExpense,InterestExpense,17000000,c-4683,2024-04-01,2024-06-30,,90,,False,InterestExpense,
ARCC,2025-07-29,income_statement,income_statement,InterestExpense,InterestExpense,37000000,c-4684,2025-01-01,2025-06-30,,180,,False,InterestExpense,
ARCC,2025-07-29,income_statement,income_statement,InterestExpense,InterestExpense,30000000,c-4685,2024-01-01,2024-06-30,,181,,False,InterestExpense,
ARCC,2025-07-29,income_statement,income_statement,InterestExpense,InterestExpense,8000000,c-4702,2025-04-01,2025-06-30,,90,,False,InterestExpense,
ARCC,2025-07-29,income_statement,income_statement,InterestExpense,InterestExpense,8000000,c-4703,2024-04-01,2024-06-30,,90,,False,InterestExpense,
ARCC,2025-07-29,income_statement,income_statement,InterestExpense,InterestExpense,16000000,c-4690,2025-01-01,2025-06-30,,180,,False,InterestExpense,
ARCC,2025-07-29,income_statement,income_statement,InterestExpense,InterestExpense,15000000,c-4704,2024-01-01,2024-06-30,,181,,False,InterestExpense,
ARCC,2025-07-29,income_statement,income_statement,InterestExpense,InterestExpense,12000000,c-4713,2025-04-01,2025-06-30,,90,,False,InterestExpense,
ARCC,2025-07-29,income_statement,income_statement,InterestExpense,InterestExpense,10000000,c-4714,2024-04-01,2024-06-30,,90,,False,InterestExpense,
ARCC,2025-07-29,income_statement,income_statement,InterestExpense,InterestExpense,24000000,c-4715,2025-01-01,2025-06-30,,180,,False,InterestExpense,
ARCC,2025-07-29,income_statement,income_statement,InterestExpense,InterestExpense,23000000,c-4716,2024-01-01,2024-06-30,,181,,False,InterestExpense,
ARCC,2025-07-29,income_statement,income_statement,InterestExpense,InterestExpense,16000000,c-4740,2025-01-01,2025-06-30,,180,,False,InterestExpense,
ARCC,2025-07-29,income_statement,income_statement,InterestExpense,InterestExpense,32000000,c-4741,2024-01-01,2024-06-30,,181,,False,InterestExpense,
ARCC,2025-07-29,income_statement,income_statement,InterestExpense,InterestExpense,0,c-4744,2024-04-01,2024-06-30,,90,,False,InterestExpense,
ARCC,2025-07-29,income_statement,income_statement,InterestExpense,InterestExpense,3000000,c-4745,2024-01-01,2024-06-30,,181,,False,InterestExpense,
ARCC,2025-07-29,income_statement,income_statement,InterestExpenseGainLossHedgingInstruments,InterestExpenseGainLossHedgingInstruments,-1000000,c-4752,2025-04-01,2025-06-30,,90,,False,InterestExpenseGainLossHedgingInstruments,
ARCC,2025-07-29,income_statement,income_statement,InterestExpenseGainLossHedgingInstruments,InterestExpenseGainLossHedgingInstruments,0,c-4753,2024-04-01,2024-06-30,,90,,False,InterestExpenseGainLossHedgingInstruments,
ARCC,2025-07-29,income_statement,income_statement,InterestExpenseGainLossHedgingInstruments,InterestExpenseGainLossHedgingInstruments,-2000000,c-4754,2025-01-01,2025-06-30,,180,,False,InterestExpenseGainLossHedgingInstruments,
ARCC,2025-07-29,income_statement,income_statement,InterestExpenseGainLossHedgingInstruments,InterestExpenseGainLossHedgingInstruments,0,c-4755,2024-01-01,2024-06-30,,181,,False,InterestExpenseGainLossHedgingInstruments,
ARCC,2025-07-29,income_statement,income_statement,InterestExpense,InterestExpense,110000000,c-4748,2025-04-01,2025-06-30,,90,,False,InterestExpense,
ARCC,2025-07-29,income_statement,income_statement,InterestExpense,InterestExpense,106000000,c-4749,2024-04-01,2024-06-30,,90,,False,InterestExpense,
ARCC,2025-07-29,income_statement,income_statement,InterestExpense,InterestExpense,219000000,c-4750,2025-01-01,2025-06-30,,180,,False,InterestExpense,
ARCC,2025-07-29,income_statement,income_statement,InterestExpense,InterestExpense,201000000,c-4751,2024-01-01,2024-06-30,,181,,False,InterestExpense,
ARCC,2025-07-29,income_statement,income_statement,InvestmentCompanyInvestmentIncomeLossPerShare,InvestmentCompanyInvestmentIncomeLossPerShare,1.03,c-1,2025-01-01,2025-06-30,,180,,False,InvestmentCompanyInvestmentIncomeLossPerShare,
ARCC,2025-07-29,income_statement,income_statement,InvestmentCompanyInvestmentIncomeLossPerShare,InvestmentCompanyInvestmentIncomeLossPerShare,1.17,c-25,2024-01-01,2024-06-30,,181,,False,InvestmentCompanyInvestmentIncomeLossPerShare,
ARCC,2025-07-29,income_statement,income_statement,InvestmentCompanyInvestmentIncomeLossFromOperationsPerShare,InvestmentCompanyInvestmentIncomeLossFromOperationsPerShare,0.97,c-1,2025-01-01,2025-06-30,,180,,False,InvestmentCompanyInvestmentIncomeLossFromOperationsPerShare,
ARCC,2025-07-29,income_statement,income_statement,InvestmentCompanyInvestmentIncomeLossFromOperationsPerShare,InvestmentCompanyInvestmentIncomeLossFromOperationsPerShare,1.33,c-25,2024-01-01,2024-06-30,,181,,False,InvestmentCompanyInvestmentIncomeLossFromOperationsPerShare,
ARCC,2025-07-29,income_statement,income_statement,InvestmentCompanyExpenseRatioIncludingIncentiveFee,InvestmentCompanyExpenseRatioIncludingIncentiveFee,0.1112,c-1,2025-01-01,2025-06-30,,180,,False,InvestmentCompanyExpenseRatioIncludingIncentiveFee,
ARCC,2025-07-29,income_statement,income_statement,InvestmentCompanyExpenseRatioIncludingIncentiveFee,InvestmentCompanyExpenseRatioIncludingIncentiveFee,0.1231,c-25,2024-01-01,2024-06-30,,181,,False,InvestmentCompanyExpenseRatioIncludingIncentiveFee,
ARCC,2025-07-29,income_statement,income_statement,InvestmentCompanyInvestmentIncomeLossRatio,InvestmentCompanyInvestmentIncomeLossRatio,0.1042,c-1,2025-01-01,2025-06-30,,180,,False,InvestmentCompanyInvestmentIncomeLossRatio,
ARCC,2025-07-29,income_statement,income_statement,InvestmentCompanyInvestmentIncomeLossRatio,InvestmentCompanyInvestmentIncomeLossRatio,0.1213,c-25,2024-01-01,2024-06-30,,181,,False,InvestmentCompanyInvestmentIncomeLossRatio,
ARCC,2025-07-29,income_statement,income_statement,InvestmentCompanyExpenseRatioIncludingIncentiveFee,InvestmentCompanyExpenseRatioIncludingIncentiveFee,0.0305,c-4991,2025-01-01,2025-06-30,,180,,False,InvestmentCompanyExpenseRatioIncludingIncentiveFee,
ARCC,2025-07-29,income_statement,income_statement,InvestmentCompanyExpenseRatioIncludingIncentiveFee,InvestmentCompanyExpenseRatioIncludingIncentiveFee,0.0303,c-4992,2024-01-01,2024-06-30,,181,,False,InvestmentCompanyExpenseRatioIncludingIncentiveFee,
ARCC,2025-07-29,income_statement,income_statement,InvestmentCompanyExpenseRatioIncludingIncentiveFee,InvestmentCompanyExpenseRatioIncludingIncentiveFee,0.0221,c-4993,2025-01-01,2025-06-30,,180,,False,InvestmentCompanyExpenseRatioIncludingIncentiveFee,
ARCC,2025-07-29,income_statement,income_statement,InvestmentCompanyExpenseRatioIncludingIncentiveFee,InvestmentCompanyExpenseRatioIncludingIncentiveFee,0.0327,c-4994,2024-01-01,2024-06-30,,181,,False,InvestmentCompanyExpenseRatioIncludingIncentiveFee,
ARCC,2025-07-29,income_statement,income_statement,InvestmentCompanyExpenseRatioIncludingIncentiveFee,InvestmentCompanyExpenseRatioIncludingIncentiveFee,0.0551,c-4995,2025-01-01,2025-06-30,,180,,False,InvestmentCompanyExpenseRatioIncludingIncentiveFee,
ARCC,2025-07-29,income_statement,income_statement,InvestmentCompanyExpenseRatioIncludingIncentiveFee,InvestmentCompanyExpenseRatioIncludingIncentiveFee,0.0566,c-4996,2024-01-01,2024-06-30,,181,,False,InvestmentCompanyExpenseRatioIncludingIncentiveFee,
ARCC,2025-07-29,income_statement,income_statement,InvestmentCompanyExpenseRatioIncludingIncentiveFee,InvestmentCompanyExpenseRatioIncludingIncentiveFee,0.0035,c-4997,2025-01-01,2025-06-30,,180,,False,InvestmentCompanyExpenseRatioIncludingIncentiveFee,
ARCC,2025-07-29,income_statement,income_statement,InvestmentCompanyExpenseRatioIncludingIncentiveFee,InvestmentCompanyExpenseRatioIncludingIncentiveFee,0.0035,c-4998,2024-01-01,2024-06-30,,181,,False,InvestmentCompanyExpenseRatioIncludingIncentiveFee,
ARCC,2025-10-28,income_statement,income_statement,IncomeBasedFeesPayable,IncomeBasedFeesPayable,88000000,c-9,,,2025-09-30,,,False,IncomeBasedFeesPayable,
ARCC,2025-10-28,income_statement,income_statement,IncomeBasedFeesPayable,IncomeBasedFeesPayable,91000000,c-10,,,2024-12-31,,,False,IncomeBasedFeesPayable,
ARCC,2025-10-28,income_statement,income_statement,InterestIncomeOperatingPaidInCash,InterestIncomeOperatingPaidInCash,462000000,c-11,2025-07-01,2025-09-30,,91,,False,InterestIncomeOperatingPaidInCash,
ARCC,2025-10-28,income_statement,income_statement,InterestIncomeOperatingPaidInCash,InterestIncomeOperatingPaidInCash,465000000,c-12,2024-07-01,2024-09-30,,91,,False,InterestIncomeOperatingPaidInCash,
ARCC,2025-10-28,income_statement,income_statement,InterestIncomeOperatingPaidInCash,InterestIncomeOperatingPaidInCash,1326000000,c-13,2025-01-01,2025-09-30,,272,,False,InterestIncomeOperatingPaidInCash,
ARCC,2025-10-28,income_statement,income_statement,InterestIncomeOperatingPaidInCash,InterestIncomeOperatingPaidInCash,1312000000,c-14,2024-01-01,2024-09-30,,273,,False,InterestIncomeOperatingPaidInCash,
ARCC,2025-10-28,income_statement,income_statement,InterestIncomeOperatingPaidInKind,InterestIncomeOperatingPaidInKind,50000000,c-11,2025-07-01,2025-09-30,,91,,False,InterestIncomeOperatingPaidInKind,
ARCC,2025-10-28,income_statement,income_statement,InterestIncomeOperatingPaidInKind,InterestIncomeOperatingPaidInKind,43000000,c-12,2024-07-01,2024-09-30,,91,,False,InterestIncomeOperatingPaidInKind,
ARCC,2025-10-28,income_statement,income_statement,InterestIncomeOperatingPaidInKind,InterestIncomeOperatingPaidInKind,137000000,c-13,2025-01-01,2025-09-30,,272,,False,InterestIncomeOperatingPaidInKind,
ARCC,2025-10-28,income_statement,income_statement,InterestIncomeOperatingPaidInKind,InterestIncomeOperatingPaidInKind,128000000,c-14,2024-01-01,2024-09-30,,273,,False,InterestIncomeOperatingPaidInKind,
ARCC,2025-10-28,income_statement,income_statement,FeeIncome,FeeIncome,47000000,c-11,2025-07-01,2025-09-30,,91,,False,FeeIncome,
ARCC,2025-10-28,income_statement,income_statement,FeeIncome,FeeIncome,33000000,c-12,2024-07-01,2024-09-30,,91,,False,FeeIncome,
ARCC,2025-10-28,income_statement,income_statement,FeeIncome,FeeIncome,123000000,c-13,2025-01-01,2025-09-30,,272,,False,FeeIncome,
ARCC,2025-10-28,income_statement,income_statement,FeeIncome,FeeIncome,115000000,c-14,2024-01-01,2024-09-30,,273,,False,FeeIncome,
ARCC,2025-10-28,income_statement,income_statement,DividendIncomeOperatingExcludingPaidInKind,DividendIncomeOperatingExcludingPaidInKind,6000000,c-11,2025-07-01,2025-09-30,,91,,False,DividendIncomeOperatingExcludingPaidInKind,
ARCC,2025-10-28,income_statement,income_statement,DividendIncomeOperatingExcludingPaidInKind,DividendIncomeOperatingExcludingPaidInKind,14000000,c-12,2024-07-01,2024-09-30,,91,,False,DividendIncomeOperatingExcludingPaidInKind,
ARCC,2025-10-28,income_statement,income_statement,DividendIncomeOperatingExcludingPaidInKind,DividendIncomeOperatingExcludingPaidInKind,17000000,c-13,2025-01-01,2025-09-30,,272,,False,DividendIncomeOperatingExcludingPaidInKind,
ARCC,2025-10-28,income_statement,income_statement,DividendIncomeOperatingExcludingPaidInKind,DividendIncomeOperatingExcludingPaidInKind,47000000,c-14,2024-01-01,2024-09-30,,273,,False,DividendIncomeOperatingExcludingPaidInKind,
ARCC,2025-10-28,income_statement,income_statement,DividendIncomeOperatingPaidInKind,DividendIncomeOperatingPaidInKind,62000000,c-11,2025-07-01,2025-09-30,,91,,False,DividendIncomeOperatingPaidInKind,
ARCC,2025-10-28,income_statement,income_statement,DividendIncomeOperatingPaidInKind,DividendIncomeOperatingPaidInKind,66000000,c-12,2024-07-01,2024-09-30,,91,,False,DividendIncomeOperatingPaidInKind,
ARCC,2025-10-28,income_statement,income_statement,DividendIncomeOperatingPaidInKind,DividendIncomeOperatingPaidInKind,203000000,c-13,2025-01-01,2025-09-30,,272,,False,DividendIncomeOperatingPaidInKind,
ARCC,2025-10-28,income_statement,income_statement,DividendIncomeOperatingPaidInKind,DividendIncomeOperatingPaidInKind,185000000,c-14,2024-01-01,2024-09-30,,273,,False,DividendIncomeOperatingPaidInKind,
ARCC,2025-10-28,income_statement,income_statement,OtherIncome,OtherIncome,31000000,c-11,2025-07-01,2025-09-30,,91,,False,OtherIncome,
ARCC,2025-10-28,income_statement,income_statement,OtherIncome,OtherIncome,16000000,c-12,2024-07-01,2024-09-30,,91,,False,OtherIncome,
ARCC,2025-10-28,income_statement,income_statement,OtherIncome,OtherIncome,65000000,c-13,2025-01-01,2025-09-30,,272,,False,OtherIncome,
ARCC,2025-10-28,income_statement,income_statement,OtherIncome,OtherIncome,40000000,c-14,2024-01-01,2024-09-30,,273,,False,OtherIncome,
ARCC,2025-10-28,income_statement,income_statement,GrossInvestmentIncomeOperating,GrossInvestmentIncomeOperating,658000000,c-11,2025-07-01,2025-09-30,,91,,False,GrossInvestmentIncomeOperating,
ARCC,2025-10-28,income_statement,income_statement,GrossInvestmentIncomeOperating,GrossInvestmentIncomeOperating,637000000,c-12,2024-07-01,2024-09-30,,91,,False,GrossInvestmentIncomeOperating,
ARCC,2025-10-28,income_statement,income_statement,GrossInvestmentIncomeOperating,GrossInvestmentIncomeOperating,1871000000,c-13,2025-01-01,2025-09-30,,272,,False,GrossInvestmentIncomeOperating,
ARCC,2025-10-28,income_statement,income_statement,GrossInvestmentIncomeOperating,GrossInvestmentIncomeOperating,1827000000,c-14,2024-01-01,2024-09-30,,273,,False,GrossInvestmentIncomeOperating,
ARCC,2025-10-28,income_statement,income_statement,InterestIncomeOperatingPaidInCash,InterestIncomeOperatingPaidInCash,4000000,c-15,2025-07-01,2025-09-30,,91,,False,InterestIncomeOperatingPaidInCash,
ARCC,2025-10-28,income_statement,income_statement,InterestIncomeOperatingPaidInCash,InterestIncomeOperatingPaidInCash,6000000,c-16,2024-07-01,2024-09-30,,91,,False,InterestIncomeOperatingPaidInCash,
ARCC,2025-10-28,income_statement,income_statement,InterestIncomeOperatingPaidInCash,InterestIncomeOperatingPaidInCash,13000000,c-17,2025-01-01,2025-09-30,,272,,False,InterestIncomeOperatingPaidInCash,
ARCC,2025-10-28,income_statement,income_statement,InterestIncomeOperatingPaidInCash,InterestIncomeOperatingPaidInCash,14000000,c-18,2024-01-01,2024-09-30,,273,,False,InterestIncomeOperatingPaidInCash,
ARCC,2025-10-28,income_statement,income_statement,InterestIncomeOperatingPaidInKind,InterestIncomeOperatingPaidInKind,4000000,c-15,2025-07-01,2025-09-30,,91,,False,InterestIncomeOperatingPaidInKind,
ARCC,2025-10-28,income_statement,income_statement,InterestIncomeOperatingPaidInKind,InterestIncomeOperatingPaidInKind,3000000,c-16,2024-07-01,2024-09-30,,91,,False,InterestIncomeOperatingPaidInKind,
ARCC,2025-10-28,income_statement,income_statement,InterestIncomeOperatingPaidInKind,InterestIncomeOperatingPaidInKind,13000000,c-17,2025-01-01,2025-09-30,,272,,False,InterestIncomeOperatingPaidInKind,
ARCC,2025-10-28,income_statement,income_statement,InterestIncomeOperatingPaidInKind,InterestIncomeOperatingPaidInKind,9000000,c-18,2024-01-01,2024-09-30,,273,,False,InterestIncomeOperatingPaidInKind,
ARCC,2025-10-28,income_statement,income_statement,FeeIncome,FeeIncome,0,c-15,2025-07-01,2025-09-30,,91,,False,FeeIncome,
ARCC,2025-10-28,income_statement,income_statement,FeeIncome,FeeIncome,1000000,c-16,2024-07-01,2024-09-30,,91,,False,FeeIncome,
ARCC,2025-10-28,income_statement,income_statement,FeeIncome,FeeIncome,0,c-17,2025-01-01,2025-09-30,,272,,False,FeeIncome,
ARCC,2025-10-28,income_statement,income_statement,FeeIncome,FeeIncome,3000000,c-18,2024-01-01,2024-09-30,,273,,False,FeeIncome,
ARCC,2025-10-28,income_statement,income_statement,DividendIncomeOperatingExcludingPaidInKind,DividendIncomeOperatingExcludingPaidInKind,0,c-15,2025-07-01,2025-09-30,,91,,False,DividendIncomeOperatingExcludingPaidInKind,
ARCC,2025-10-28,income_statement,income_statement,DividendIncomeOperatingExcludingPaidInKind,DividendIncomeOperatingExcludingPaidInKind,0,c-16,2024-07-01,2024-09-30,,91,,False,DividendIncomeOperatingExcludingPaidInKind,
ARCC,2025-10-28,income_statement,income_statement,DividendIncomeOperatingExcludingPaidInKind,DividendIncomeOperatingExcludingPaidInKind,0,c-17,2025-01-01,2025-09-30,,272,,False,DividendIncomeOperatingExcludingPaidInKind,
ARCC,2025-10-28,income_statement,income_statement,DividendIncomeOperatingExcludingPaidInKind,DividendIncomeOperatingExcludingPaidInKind,1000000,c-18,2024-01-01,2024-09-30,,273,,False,DividendIncomeOperatingExcludingPaidInKind,
ARCC,2025-10-28,income_statement,income_statement,OtherIncome,OtherIncome,0,c-15,2025-07-01,2025-09-30,,91,,False,OtherIncome,
ARCC,2025-10-28,income_statement,income_statement,OtherIncome,OtherIncome,1000000,c-16,2024-07-01,2024-09-30,,91,,False,OtherIncome,
ARCC,2025-10-28,income_statement,income_statement,OtherIncome,OtherIncome,0,c-17,2025-01-01,2025-09-30,,272,,False,OtherIncome,
ARCC,2025-10-28,income_statement,income_statement,OtherIncome,OtherIncome,2000000,c-18,2024-01-01,2024-09-30,,273,,False,OtherIncome,
ARCC,2025-10-28,income_statement,income_statement,GrossInvestmentIncomeOperating,GrossInvestmentIncomeOperating,8000000,c-15,2025-07-01,2025-09-30,,91,,False,GrossInvestmentIncomeOperating,
ARCC,2025-10-28,income_statement,income_statement,GrossInvestmentIncomeOperating,GrossInvestmentIncomeOperating,11000000,c-16,2024-07-01,2024-09-30,,91,,False,GrossInvestmentIncomeOperating,
ARCC,2025-10-28,income_statement,income_statement,GrossInvestmentIncomeOperating,GrossInvestmentIncomeOperating,26000000,c-17,2025-01-01,2025-09-30,,272,,False,GrossInvestmentIncomeOperating,
ARCC,2025-10-28,income_statement,income_statement,GrossInvestmentIncomeOperating,GrossInvestmentIncomeOperating,29000000,c-18,2024-01-01,2024-09-30,,273,,False,GrossInvestmentIncomeOperating,
ARCC,2025-10-28,income_statement,income_statement,InterestIncomeOperatingPaidInCash,InterestIncomeOperatingPaidInCash,36000000,c-19,2025-07-01,2025-09-30,,91,,False,InterestIncomeOperatingPaidInCash,
ARCC,2025-10-28,income_statement,income_statement,InterestIncomeOperatingPaidInCash,InterestIncomeOperatingPaidInCash,46000000,c-20,2024-07-01,2024-09-30,,91,,False,InterestIncomeOperatingPaidInCash,
ARCC,2025-10-28,income_statement,income_statement,InterestIncomeOperatingPaidInCash,InterestIncomeOperatingPaidInCash,116000000,c-21,2025-01-01,2025-09-30,,272,,False,InterestIncomeOperatingPaidInCash,
ARCC,2025-10-28,income_statement,income_statement,InterestIncomeOperatingPaidInCash,InterestIncomeOperatingPaidInCash,144000000,c-22,2024-01-01,2024-09-30,,273,,False,InterestIncomeOperatingPaidInCash,
ARCC,2025-10-28,income_statement,income_statement,InterestIncomeOperatingPaidInKind,InterestIncomeOperatingPaidInKind,5000000,c-19,2025-07-01,2025-09-30,,91,,False,InterestIncomeOperatingPaidInKind,
ARCC,2025-10-28,income_statement,income_statement,InterestIncomeOperatingPaidInKind,InterestIncomeOperatingPaidInKind,5000000,c-20,2024-07-01,2024-09-30,,91,,False,InterestIncomeOperatingPaidInKind,
ARCC,2025-10-28,income_statement,income_statement,InterestIncomeOperatingPaidInKind,InterestIncomeOperatingPaidInKind,15000000,c-21,2025-01-01,2025-09-30,,272,,False,InterestIncomeOperatingPaidInKind,
ARCC,2025-10-28,income_statement,income_statement,InterestIncomeOperatingPaidInKind,InterestIncomeOperatingPaidInKind,13000000,c-22,2024-01-01,2024-09-30,,273,,False,InterestIncomeOperatingPaidInKind,
ARCC,2025-10-28,income_statement,income_statement,FeeIncome,FeeIncome,1000000,c-19,2025-07-01,2025-09-30,,91,,False,FeeIncome,
ARCC,2025-10-28,income_statement,income_statement,FeeIncome,FeeIncome,4000000,c-20,2024-07-01,2024-09-30,,91,,False,FeeIncome,
ARCC,2025-10-28,income_statement,income_statement,FeeIncome,FeeIncome,5000000,c-21,2025-01-01,2025-09-30,,272,,False,FeeIncome,
ARCC,2025-10-28,income_statement,income_statement,FeeIncome,FeeIncome,6000000,c-22,2024-01-01,2024-09-30,,273,,False,FeeIncome,
ARCC,2025-10-28,income_statement,income_statement,DividendIncomeOperatingExcludingPaidInKind,DividendIncomeOperatingExcludingPaidInKind,73000000,c-19,2025-07-01,2025-09-30,,91,,False,DividendIncomeOperatingExcludingPaidInKind,
ARCC,2025-10-28,income_statement,income_statement,DividendIncomeOperatingExcludingPaidInKind,DividendIncomeOperatingExcludingPaidInKind,70000000,c-20,2024-07-01,2024-09-30,,91,,False,DividendIncomeOperatingExcludingPaidInKind,
ARCC,2025-10-28,income_statement,income_statement,DividendIncomeOperatingExcludingPaidInKind,DividendIncomeOperatingExcludingPaidInKind,220000000,c-21,2025-01-01,2025-09-30,,272,,False,DividendIncomeOperatingExcludingPaidInKind,
ARCC,2025-10-28,income_statement,income_statement,DividendIncomeOperatingExcludingPaidInKind,DividendIncomeOperatingExcludingPaidInKind,205000000,c-22,2024-01-01,2024-09-30,,273,,False,DividendIncomeOperatingExcludingPaidInKind,
ARCC,2025-10-28,income_statement,income_statement,DividendIncomeOperatingPaidInKind,DividendIncomeOperatingPaidInKind,0,c-19,2025-07-01,2025-09-30,,91,,False,DividendIncomeOperatingPaidInKind,
ARCC,2025-10-28,income_statement,income_statement,DividendIncomeOperatingPaidInKind,DividendIncomeOperatingPaidInKind,1000000,c-20,2024-07-01,2024-09-30,,91,,False,DividendIncomeOperatingPaidInKind,
ARCC,2025-10-28,income_statement,income_statement,DividendIncomeOperatingPaidInKind,DividendIncomeOperatingPaidInKind,2000000,c-21,2025-01-01,2025-09-30,,272,,False,DividendIncomeOperatingPaidInKind,
ARCC,2025-10-28,income_statement,income_statement,DividendIncomeOperatingPaidInKind,DividendIncomeOperatingPaidInKind,3000000,c-22,2024-01-01,2024-09-30,,273,,False,DividendIncomeOperatingPaidInKind,
ARCC,2025-10-28,income_statement,income_statement,OtherIncome,OtherIncome,1000000,c-19,2025-07-01,2025-09-30,,91,,False,OtherIncome,
ARCC,2025-10-28,income_statement,income_statement,OtherIncome,OtherIncome,1000000,c-20,2024-07-01,2024-09-30,,91,,False,OtherIncome,
ARCC,2025-10-28,income_statement,income_statement,OtherIncome,OtherIncome,4000000,c-21,2025-01-01,2025-09-30,,272,,False,OtherIncome,
ARCC,2025-10-28,income_statement,income_statement,OtherIncome,OtherIncome,4000000,c-22,2024-01-01,2024-09-30,,273,,False,OtherIncome,
ARCC,2025-10-28,income_statement,income_statement,GrossInvestmentIncomeOperating,GrossInvestmentIncomeOperating,116000000,c-19,2025-07-01,2025-09-30,,91,,False,GrossInvestmentIncomeOperating,
ARCC,2025-10-28,income_statement,income_statement,GrossInvestmentIncomeOperating,GrossInvestmentIncomeOperating,127000000,c-20,2024-07-01,2024-09-30,,91,,False,GrossInvestmentIncomeOperating,
ARCC,2025-10-28,income_statement,income_statement,GrossInvestmentIncomeOperating,GrossInvestmentIncomeOperating,362000000,c-21,2025-01-01,2025-09-30,,272,,False,GrossInvestmentIncomeOperating,
ARCC,2025-10-28,income_statement,income_statement,GrossInvestmentIncomeOperating,GrossInvestmentIncomeOperating,375000000,c-22,2024-01-01,2024-09-30,,273,,False,GrossInvestmentIncomeOperating,
ARCC,2025-10-28,income_statement,income_statement,GrossInvestmentIncomeOperating,GrossInvestmentIncomeOperating,782000000,c-23,2025-07-01,2025-09-30,,91,,False,GrossInvestmentIncomeOperating,
ARCC,2025-10-28,income_statement,income_statement,GrossInvestmentIncomeOperating,GrossInvestmentIncomeOperating,775000000,c-24,2024-07-01,2024-09-30,,91,,False,GrossInvestmentIncomeOperating,
ARCC,2025-10-28,income_statement,income_statement,GrossInvestmentIncomeOperating,GrossInvestmentIncomeOperating,2259000000,c-1,2025-01-01,2025-09-30,,272,,False,GrossInvestmentIncomeOperating,
ARCC,2025-10-28,income_statement,income_statement,GrossInvestmentIncomeOperating,GrossInvestmentIncomeOperating,2231000000,c-25,2024-01-01,2024-09-30,,273,,False,GrossInvestmentIncomeOperating,
ARCC,2025-10-28,income_statement,income_statement,InterestExpense,InterestExpense,209000000,c-23,2025-07-01,2025-09-30,,91,,False,InterestExpense,
ARCC,2025-10-28,income_statement,income_statement,InterestExpense,InterestExpense,195000000,c-24,2024-07-01,2024-09-30,,91,,False,InterestExpense,
ARCC,2025-10-28,income_statement,income_statement,InterestExpense,InterestExpense,583000000,c-1,2025-01-01,2025-09-30,,272,,False,InterestExpense,
ARCC,2025-10-28,income_statement,income_statement,InterestExpense,InterestExpense,528000000,c-25,2024-01-01,2024-09-30,,273,,False,InterestExpense,
ARCC,2025-10-28,income_statement,income_statement,ManagementFeeExpense,ManagementFeeExpense,108000000,c-23,2025-07-01,2025-09-30,,91,,False,ManagementFeeExpense,
ARCC,2025-10-28,income_statement,income_statement,ManagementFeeExpense,ManagementFeeExpense,96000000,c-24,2024-07-01,2024-09-30,,91,,False,ManagementFeeExpense,
ARCC,2025-10-28,income_statement,income_statement,ManagementFeeExpense,ManagementFeeExpense,314000000,c-1,2025-01-01,2025-09-30,,272,,False,ManagementFeeExpense,
ARCC,2025-10-28,income_statement,income_statement,ManagementFeeExpense,ManagementFeeExpense,274000000,c-25,2024-01-01,2024-09-30,,273,,False,ManagementFeeExpense,
ARCC,2025-10-28,income_statement,income_statement,IncomeBasedFees,IncomeBasedFees,88000000,c-23,2025-07-01,2025-09-30,,91,,False,IncomeBasedFees,
ARCC,2025-10-28,income_statement,income_statement,IncomeBasedFees,IncomeBasedFees,92000000,c-24,2024-07-01,2024-09-30,,91,,False,IncomeBasedFees,
ARCC,2025-10-28,income_statement,income_statement,IncomeBasedFees,IncomeBasedFees,259000000,c-1,2025-01-01,2025-09-30,,272,,False,IncomeBasedFees,
ARCC,2025-10-28,income_statement,income_statement,IncomeBasedFees,IncomeBasedFees,273000000,c-25,2024-01-01,2024-09-30,,273,,False,IncomeBasedFees,
ARCC,2025-10-28,income_statement,income_statement,IncentiveFeeExpenseReversal,IncentiveFeeExpenseReversal,13000000,c-23,2025-07-01,2025-09-30,,91,,False,IncentiveFeeExpenseReversal,
ARCC,2025-10-28,income_statement,income_statement,IncentiveFeeExpenseReversal,IncentiveFeeExpenseReversal,7000000,c-24,2024-07-01,2024-09-30,,91,,False,IncentiveFeeExpenseReversal,
ARCC,2025-10-28,income_statement,income_statement,IncentiveFeeExpenseReversal,IncentiveFeeExpenseReversal,-8000000,c-1,2025-01-01,2025-09-30,,272,,False,IncentiveFeeExpenseReversal,
ARCC,2025-10-28,income_statement,income_statement,IncentiveFeeExpenseReversal,IncentiveFeeExpenseReversal,19000000,c-25,2024-01-01,2024-09-30,,273,,False,IncentiveFeeExpenseReversal,
ARCC,2025-10-28,income_statement,income_statement,AdministrativeFeesExpense,AdministrativeFeesExpense,4000000,c-23,2025-07-01,2025-09-30,,91,,False,AdministrativeFeesExpense,
ARCC,2025-10-28,income_statement,income_statement,AdministrativeFeesExpense,AdministrativeFeesExpense,3000000,c-24,2024-07-01,2024-09-30,,91,,False,AdministrativeFeesExpense,
ARCC,2025-10-28,income_statement,income_statement,AdministrativeFeesExpense,AdministrativeFeesExpense,12000000,c-1,2025-01-01,2025-09-30,,272,,False,AdministrativeFeesExpense,
ARCC,2025-10-28,income_statement,income_statement,AdministrativeFeesExpense,AdministrativeFeesExpense,9000000,c-25,2024-01-01,2024-09-30,,273,,False,AdministrativeFeesExpense,
ARCC,2025-10-28,income_statement,income_statement,OtherGeneralAndAdministrativeExpense,OtherGeneralAndAdministrativeExpense,11000000,c-23,2025-07-01,2025-09-30,,91,,False,OtherGeneralAndAdministrativeExpense,
ARCC,2025-10-28,income_statement,income_statement,OtherGeneralAndAdministrativeExpense,OtherGeneralAndAdministrativeExpense,9000000,c-24,2024-07-01,2024-09-30,,91,,False,OtherGeneralAndAdministrativeExpense,
ARCC,2025-10-28,income_statement,income_statement,OtherGeneralAndAdministrativeExpense,OtherGeneralAndAdministrativeExpense,28000000,c-1,2025-01-01,2025-09-30,,272,,False,OtherGeneralAndAdministrativeExpense,
ARCC,2025-10-28,income_statement,income_statement,OtherGeneralAndAdministrativeExpense,OtherGeneralAndAdministrativeExpense,24000000,c-25,2024-01-01,2024-09-30,,273,,False,OtherGeneralAndAdministrativeExpense,
ARCC,2025-10-28,income_statement,income_statement,InvestmentIncomeInvestmentExpense,InvestmentIncomeInvestmentExpense,433000000,c-23,2025-07-01,2025-09-30,,91,,False,InvestmentIncomeInvestmentExpense,
ARCC,2025-10-28,income_statement,income_statement,InvestmentIncomeInvestmentExpense,InvestmentIncomeInvestmentExpense,402000000,c-24,2024-07-01,2024-09-30,,91,,False,InvestmentIncomeInvestmentExpense,
ARCC,2025-10-28,income_statement,income_statement,InvestmentIncomeInvestmentExpense,InvestmentIncomeInvestmentExpense,1188000000,c-1,2025-01-01,2025-09-30,,272,,False,InvestmentIncomeInvestmentExpense,
ARCC,2025-10-28,income_statement,income_statement,InvestmentIncomeInvestmentExpense,InvestmentIncomeInvestmentExpense,1127000000,c-25,2024-01-01,2024-09-30,,273,,False,InvestmentIncomeInvestmentExpense,
ARCC,2025-10-28,income_statement,income_statement,NetInvestmentIncome,NetInvestmentIncome,349000000,c-23,2025-07-01,2025-09-30,,91,,False,NetInvestmentIncome,
ARCC,2025-10-28,income_statement,income_statement,NetInvestmentIncome,NetInvestmentIncome,373000000,c-24,2024-07-01,2024-09-30,,91,,False,NetInvestmentIncome,
ARCC,2025-10-28,income_statement,income_statement,NetInvestmentIncome,NetInvestmentIncome,1071000000,c-1,2025-01-01,2025-09-30,,272,,False,NetInvestmentIncome,
ARCC,2025-10-28,income_statement,income_statement,NetInvestmentIncome,NetInvestmentIncome,1104000000,c-25,2024-01-01,2024-09-30,,273,,False,NetInvestmentIncome,
ARCC,2025-10-28,income_statement,income_statement,InvestmentIncomeOperatingTaxExpenseBenefit,InvestmentIncomeOperatingTaxExpenseBenefit,11000000,c-23,2025-07-01,2025-09-30,,91,,False,InvestmentIncomeOperatingTaxExpenseBenefit,
ARCC,2025-10-28,income_statement,income_statement,InvestmentIncomeOperatingTaxExpenseBenefit,InvestmentIncomeOperatingTaxExpenseBenefit,12000000,c-24,2024-07-01,2024-09-30,,91,,False,InvestmentIncomeOperatingTaxExpenseBenefit,
ARCC,2025-10-28,income_statement,income_statement,InvestmentIncomeOperatingTaxExpenseBenefit,InvestmentIncomeOperatingTaxExpenseBenefit,26000000,c-1,2025-01-01,2025-09-30,,272,,False,InvestmentIncomeOperatingTaxExpenseBenefit,
ARCC,2025-10-28,income_statement,income_statement,InvestmentIncomeOperatingTaxExpenseBenefit,InvestmentIncomeOperatingTaxExpenseBenefit,30000000,c-25,2024-01-01,2024-09-30,,273,,False,InvestmentIncomeOperatingTaxExpenseBenefit,
ARCC,2025-10-28,income_statement,income_statement,InvestmentIncomeOperatingAfterExpenseAndTax,InvestmentIncomeOperatingAfterExpenseAndTax,338000000,c-23,2025-07-01,2025-09-30,,91,,False,InvestmentIncomeOperatingAfterExpenseAndTax,
ARCC,2025-10-28,income_statement,income_statement,InvestmentIncomeOperatingAfterExpenseAndTax,InvestmentIncomeOperatingAfterExpenseAndTax,361000000,c-24,2024-07-01,2024-09-30,,91,,False,InvestmentIncomeOperatingAfterExpenseAndTax,
ARCC,2025-10-28,income_statement,income_statement,InvestmentIncomeOperatingAfterExpenseAndTax,InvestmentIncomeOperatingAfterExpenseAndTax,1045000000,c-1,2025-01-01,2025-09-30,,272,,False,InvestmentIncomeOperatingAfterExpenseAndTax,
ARCC,2025-10-28,income_statement,income_statement,InvestmentIncomeOperatingAfterExpenseAndTax,InvestmentIncomeOperatingAfterExpenseAndTax,1074000000,c-25,2024-01-01,2024-09-30,,273,,False,InvestmentIncomeOperatingAfterExpenseAndTax,
ARCC,2025-10-28,income_statement,income_statement,RealizedGainLossInvestmentAndDerivativeOperatingTaxExpenseBenefit,RealizedGainLossInvestmentAndDerivativeOperatingTaxExpenseBenefit,-72000000,c-23,2025-07-01,2025-09-30,,91,,False,RealizedGainLossInvestmentAndDerivativeOperatingTaxExpenseBenefit,
ARCC,2025-10-28,income_statement,income_statement,RealizedGainLossInvestmentAndDerivativeOperatingTaxExpenseBenefit,RealizedGainLossInvestmentAndDerivativeOperatingTaxExpenseBenefit,0,c-24,2024-07-01,2024-09-30,,91,,False,RealizedGainLossInvestmentAndDerivativeOperatingTaxExpenseBenefit,
ARCC,2025-10-28,income_statement,income_statement,RealizedGainLossInvestmentAndDerivativeOperatingTaxExpenseBenefit,RealizedGainLossInvestmentAndDerivativeOperatingTaxExpenseBenefit,-116000000,c-1,2025-01-01,2025-09-30,,272,,False,RealizedGainLossInvestmentAndDerivativeOperatingTaxExpenseBenefit,
ARCC,2025-10-28,income_statement,income_statement,RealizedGainLossInvestmentAndDerivativeOperatingTaxExpenseBenefit,RealizedGainLossInvestmentAndDerivativeOperatingTaxExpenseBenefit,-30000000,c-25,2024-01-01,2024-09-30,,273,,False,RealizedGainLossInvestmentAndDerivativeOperatingTaxExpenseBenefit,
ARCC,2025-10-28,income_statement,income_statement,UnrealizedGainLossInvestmentAndDerivativeOperatingTaxExpenseBenefit,UnrealizedGainLossInvestmentAndDerivativeOperatingTaxExpenseBenefit,56000000,c-23,2025-07-01,2025-09-30,,91,,False,UnrealizedGainLossInvestmentAndDerivativeOperatingTaxExpenseBenefit,
ARCC,2025-10-28,income_statement,income_statement,UnrealizedGainLossInvestmentAndDerivativeOperatingTaxExpenseBenefit,UnrealizedGainLossInvestmentAndDerivativeOperatingTaxExpenseBenefit,-5000000,c-24,2024-07-01,2024-09-30,,91,,False,UnrealizedGainLossInvestmentAndDerivativeOperatingTaxExpenseBenefit,
ARCC,2025-10-28,income_statement,income_statement,UnrealizedGainLossInvestmentAndDerivativeOperatingTaxExpenseBenefit,UnrealizedGainLossInvestmentAndDerivativeOperatingTaxExpenseBenefit,69000000,c-1,2025-01-01,2025-09-30,,272,,False,UnrealizedGainLossInvestmentAndDerivativeOperatingTaxExpenseBenefit,
ARCC,2025-10-28,income_statement,income_statement,UnrealizedGainLossInvestmentAndDerivativeOperatingTaxExpenseBenefit,UnrealizedGainLossInvestmentAndDerivativeOperatingTaxExpenseBenefit,16000000,c-25,2024-01-01,2024-09-30,,273,,False,UnrealizedGainLossInvestmentAndDerivativeOperatingTaxExpenseBenefit,
ARCC,2025-10-28,income_statement,income_statement,NetIncomeLoss,NetIncomeLoss,404000000,c-23,2025-07-01,2025-09-30,,91,,False,NetIncomeLoss,
ARCC,2025-10-28,income_statement,income_statement,NetIncomeLoss,NetIncomeLoss,394000000,c-24,2024-07-01,2024-09-30,,91,,False,NetIncomeLoss,
ARCC,2025-10-28,income_statement,income_statement,NetIncomeLoss,NetIncomeLoss,1006000000,c-1,2025-01-01,2025-09-30,,272,,False,NetIncomeLoss,
ARCC,2025-10-28,income_statement,income_statement,NetIncomeLoss,NetIncomeLoss,1165000000,c-25,2024-01-01,2024-09-30,,273,,False,NetIncomeLoss,
ARCC,2025-10-28,income_statement,income_statement,InterestIncomeOperating,InterestIncomeOperating,400000,c-1853,2025-01-01,2025-09-30,,272,,False,InterestIncomeOperating,
ARCC,2025-10-28,income_statement,income_statement,FeeIncome,FeeIncome,0,c-1853,2025-01-01,2025-09-30,,272,,False,FeeIncome,
ARCC,2025-10-28,income_statement,income_statement,DividendIncomeOperating,DividendIncomeOperating,0,c-1853,2025-01-01,2025-09-30,,272,,False,DividendIncomeOperating,
ARCC,2025-10-28,income_statement,income_statement,OtherIncome,OtherIncome,0,c-1853,2025-01-01,2025-09-30,,272,,False,OtherIncome,
ARCC,2025-10-28,income_statement,income_statement,InterestIncomeOperating,InterestIncomeOperating,0,c-1855,2025-01-01,2025-09-30,,272,,False,InterestIncomeOperating,
ARCC,2025-10-28,income_statement,income_statement,FeeIncome,FeeIncome,0,c-1855,2025-01-01,2025-09-30,,272,,False,FeeIncome,
ARCC,2025-10-28,income_statement,income_statement,DividendIncomeOperating,DividendIncomeOperating,0,c-1855,2025-01-01,2025-09-30,,272,,False,DividendIncomeOperating,
ARCC,2025-10-28,income_statement,income_statement,OtherIncome,OtherIncome,0,c-1855,2025-01-01,2025-09-30,,272,,False,OtherIncome,
ARCC,2025-10-28,income_statement,income_statement,InterestIncomeOperating,InterestIncomeOperating,0,c-1857,2025-01-01,2025-09-30,,272,,False,InterestIncomeOperating,
ARCC,2025-10-28,income_statement,income_statement,FeeIncome,FeeIncome,0,c-1857,2025-01-01,2025-09-30,,272,,False,FeeIncome,
ARCC,2025-10-28,income_statement,income_statement,DividendIncomeOperating,DividendIncomeOperating,0,c-1857,2025-01-01,2025-09-30,,272,,False,DividendIncomeOperating,
ARCC,2025-10-28,income_statement,income_statement,OtherIncome,OtherIncome,0,c-1857,2025-01-01,2025-09-30,,272,,False,OtherIncome,
ARCC,2025-10-28,income_statement,income_statement,InterestIncomeOperating,InterestIncomeOperating,1400000,c-1859,2025-01-01,2025-09-30,,272,,False,InterestIncomeOperating,
ARCC,2025-10-28,income_statement,income_statement,FeeIncome,FeeIncome,0,c-1859,2025-01-01,2025-09-30,,272,,False,FeeIncome,
ARCC,2025-10-28,income_statement,income_statement,DividendIncomeOperating,DividendIncomeOperating,300000,c-1859,2025-01-01,2025-09-30,,272,,False,DividendIncomeOperating,
ARCC,2025-10-28,income_statement,income_statement,OtherIncome,OtherIncome,100000,c-1859,2025-01-01,2025-09-30,,272,,False,OtherIncome,
ARCC,2025-10-28,income_statement,income_statement,InterestIncomeOperating,InterestIncomeOperating,6800000,c-1861,2025-01-01,2025-09-30,,272,,False,InterestIncomeOperating,
ARCC,2025-10-28,income_statement,income_statement,FeeIncome,FeeIncome,0,c-1861,2025-01-01,2025-09-30,,272,,False,FeeIncome,
ARCC,2025-10-28,income_statement,income_statement,DividendIncomeOperating,DividendIncomeOperating,0,c-1861,2025-01-01,2025-09-30,,272,,False,DividendIncomeOperating,
ARCC,2025-10-28,income_statement,income_statement,OtherIncome,OtherIncome,100000,c-1861,2025-01-01,2025-09-30,,272,,False,OtherIncome,
ARCC,2025-10-28,income_statement,income_statement,InterestIncomeOperating,InterestIncomeOperating,0,c-1863,2025-01-01,2025-09-30,,272,,False,InterestIncomeOperating,
ARCC,2025-10-28,income_statement,income_statement,FeeIncome,FeeIncome,0,c-1863,2025-01-01,2025-09-30,,272,,False,FeeIncome,
ARCC,2025-10-28,income_statement,income_statement,DividendIncomeOperating,DividendIncomeOperating,0,c-1863,2025-01-01,2025-09-30,,272,,False,DividendIncomeOperating,
ARCC,2025-10-28,income_statement,income_statement,OtherIncome,OtherIncome,0,c-1863,2025-01-01,2025-09-30,,272,,False,OtherIncome,
ARCC,2025-10-28,income_statement,income_statement,InterestIncomeOperating,InterestIncomeOperating,0,c-1865,2025-01-01,2025-09-30,,272,,False,InterestIncomeOperating,
ARCC,2025-10-28,income_statement,income_statement,FeeIncome,FeeIncome,0,c-1865,2025-01-01,2025-09-30,,272,,False,FeeIncome,
ARCC,2025-10-28,income_statement,income_statement,DividendIncomeOperating,DividendIncomeOperating,0,c-1865,2025-01-01,2025-09-30,,272,,False,DividendIncomeOperating,
ARCC,2025-10-28,income_statement,income_statement,OtherIncome,OtherIncome,0,c-1865,2025-01-01,2025-09-30,,272,,False,OtherIncome,
ARCC,2025-10-28,income_statement,income_statement,InterestIncomeOperating,InterestIncomeOperating,0,c-1867,2025-01-01,2025-09-30,,272,,False,InterestIncomeOperating,
ARCC,2025-10-28,income_statement,income_statement,FeeIncome,FeeIncome,0,c-1867,2025-01-01,2025-09-30,,272,,False,FeeIncome,
ARCC,2025-10-28,income_statement,income_statement,DividendIncomeOperating,DividendIncomeOperating,0,c-1867,2025-01-01,2025-09-30,,272,,False,DividendIncomeOperating,
ARCC,2025-10-28,income_statement,income_statement,OtherIncome,OtherIncome,0,c-1867,2025-01-01,2025-09-30,,272,,False,OtherIncome,
ARCC,2025-10-28,income_statement,income_statement,InterestIncomeOperating,InterestIncomeOperating,2000000.0,c-1869,2025-01-01,2025-09-30,,272,,False,InterestIncomeOperating,
ARCC,2025-10-28,income_statement,income_statement,FeeIncome,FeeIncome,0,c-1869,2025-01-01,2025-09-30,,272,,False,FeeIncome,
ARCC,2025-10-28,income_statement,income_statement,DividendIncomeOperating,DividendIncomeOperating,0,c-1869,2025-01-01,2025-09-30,,272,,False,DividendIncomeOperating,
ARCC,2025-10-28,income_statement,income_statement,OtherIncome,OtherIncome,100000,c-1869,2025-01-01,2025-09-30,,272,,False,OtherIncome,
ARCC,2025-10-28,income_statement,income_statement,InterestIncomeOperating,InterestIncomeOperating,2800000,c-1871,2025-01-01,2025-09-30,,272,,False,InterestIncomeOperating,
ARCC,2025-10-28,income_statement,income_statement,FeeIncome,FeeIncome,100000,c-1871,2025-01-01,2025-09-30,,272,,False,FeeIncome,
ARCC,2025-10-28,income_statement,income_statement,DividendIncomeOperating,DividendIncomeOperating,0,c-1871,2025-01-01,2025-09-30,,272,,False,DividendIncomeOperating,
ARCC,2025-10-28,income_statement,income_statement,OtherIncome,OtherIncome,0,c-1871,2025-01-01,2025-09-30,,272,,False,OtherIncome,
ARCC,2025-10-28,income_statement,income_statement,InterestIncomeOperating,InterestIncomeOperating,0,c-1873,2025-01-01,2025-09-30,,272,,False,InterestIncomeOperating,
ARCC,2025-10-28,income_statement,income_statement,FeeIncome,FeeIncome,0,c-1873,2025-01-01,2025-09-30,,272,,False,FeeIncome,
ARCC,2025-10-28,income_statement,income_statement,DividendIncomeOperating,DividendIncomeOperating,0,c-1873,2025-01-01,2025-09-30,,272,,False,DividendIncomeOperating,
ARCC,2025-10-28,income_statement,income_statement,OtherIncome,OtherIncome,0,c-1873,2025-01-01,2025-09-30,,272,,False,OtherIncome,
ARCC,2025-10-28,income_statement,income_statement,InterestIncomeOperating,InterestIncomeOperating,0,c-1875,2025-01-01,2025-09-30,,272,,False,InterestIncomeOperating,
ARCC,2025-10-28,income_statement,income_statement,FeeIncome,FeeIncome,0,c-1875,2025-01-01,2025-09-30,,272,,False,FeeIncome,
ARCC,2025-10-28,income_statement,income_statement,DividendIncomeOperating,DividendIncomeOperating,0,c-1875,2025-01-01,2025-09-30,,272,,False,DividendIncomeOperating,
ARCC,2025-10-28,income_statement,income_statement,OtherIncome,OtherIncome,0,c-1875,2025-01-01,2025-09-30,,272,,False,OtherIncome,
ARCC,2025-10-28,income_statement,income_statement,InterestIncomeOperating,InterestIncomeOperating,0,c-1877,2025-01-01,2025-09-30,,272,,False,InterestIncomeOperating,
ARCC,2025-10-28,income_statement,income_statement,FeeIncome,FeeIncome,0,c-1877,2025-01-01,2025-09-30,,272,,False,FeeIncome,
ARCC,2025-10-28,income_statement,income_statement,DividendIncomeOperating,DividendIncomeOperating,0,c-1877,2025-01-01,2025-09-30,,272,,False,DividendIncomeOperating,
ARCC,2025-10-28,income_statement,income_statement,OtherIncome,OtherIncome,0,c-1877,2025-01-01,2025-09-30,,272,,False,OtherIncome,
ARCC,2025-10-28,income_statement,income_statement,InterestIncomeOperating,InterestIncomeOperating,3300000,c-1879,2025-01-01,2025-09-30,,272,,False,InterestIncomeOperating,
ARCC,2025-10-28,income_statement,income_statement,FeeIncome,FeeIncome,0,c-1879,2025-01-01,2025-09-30,,272,,False,FeeIncome,
ARCC,2025-10-28,income_statement,income_statement,DividendIncomeOperating,DividendIncomeOperating,0,c-1879,2025-01-01,2025-09-30,,272,,False,DividendIncomeOperating,
ARCC,2025-10-28,income_statement,income_statement,OtherIncome,OtherIncome,100000,c-1879,2025-01-01,2025-09-30,,272,,False,OtherIncome,
ARCC,2025-10-28,income_statement,income_statement,InterestIncomeOperating,InterestIncomeOperating,7800000,c-1881,2025-01-01,2025-09-30,,272,,False,InterestIncomeOperating,
ARCC,2025-10-28,income_statement,income_statement,FeeIncome,FeeIncome,400000,c-1881,2025-01-01,2025-09-30,,272,,False,FeeIncome,
ARCC,2025-10-28,income_statement,income_statement,DividendIncomeOperating,DividendIncomeOperating,0,c-1881,2025-01-01,2025-09-30,,272,,False,DividendIncomeOperating,
ARCC,2025-10-28,income_statement,income_statement,OtherIncome,OtherIncome,0,c-1881,2025-01-01,2025-09-30,,272,,False,OtherIncome,
ARCC,2025-10-28,income_statement,income_statement,InterestIncomeOperating,InterestIncomeOperating,1000000.0,c-1883,2025-01-01,2025-09-30,,272,,False,InterestIncomeOperating,
ARCC,2025-10-28,income_statement,income_statement,FeeIncome,FeeIncome,0,c-1883,2025-01-01,2025-09-30,,272,,False,FeeIncome,
ARCC,2025-10-28,income_statement,income_statement,DividendIncomeOperating,DividendIncomeOperating,0,c-1883,2025-01-01,2025-09-30,,272,,False,DividendIncomeOperating,
ARCC,2025-10-28,income_statement,income_statement,OtherIncome,OtherIncome,0,c-1883,2025-01-01,2025-09-30,,272,,False,OtherIncome,
ARCC,2025-10-28,income_statement,income_statement,InterestIncomeOperating,InterestIncomeOperating,25500000,c-17,2025-01-01,2025-09-30,,272,,False,InterestIncomeOperating,
ARCC,2025-10-28,income_statement,income_statement,FeeIncome,FeeIncome,500000,c-17,2025-01-01,2025-09-30,,272,,False,FeeIncome,
ARCC,2025-10-28,income_statement,income_statement,DividendIncomeOperating,DividendIncomeOperating,300000,c-17,2025-01-01,2025-09-30,,272,,False,DividendIncomeOperating,
ARCC,2025-10-28,income_statement,income_statement,OtherIncome,OtherIncome,400000,c-17,2025-01-01,2025-09-30,,272,,False,OtherIncome,
ARCC,2025-10-28,income_statement,income_statement,InterestIncomeOperating,InterestIncomeOperating,4400000,c-1885,2025-01-01,2025-09-30,,272,,False,InterestIncomeOperating,
ARCC,2025-10-28,income_statement,income_statement,FeeIncome,FeeIncome,0,c-1885,2025-01-01,2025-09-30,,272,,False,FeeIncome,
ARCC,2025-10-28,income_statement,income_statement,DividendIncomeOperating,DividendIncomeOperating,0,c-1885,2025-01-01,2025-09-30,,272,,False,DividendIncomeOperating,
ARCC,2025-10-28,income_statement,income_statement,OtherIncome,OtherIncome,100000,c-1885,2025-01-01,2025-09-30,,272,,False,OtherIncome,
ARCC,2025-10-28,income_statement,income_statement,InterestIncomeOperating,InterestIncomeOperating,0,c-1887,2025-01-01,2025-09-30,,272,,False,InterestIncomeOperating,
ARCC,2025-10-28,income_statement,income_statement,FeeIncome,FeeIncome,0,c-1887,2025-01-01,2025-09-30,,272,,False,FeeIncome,
ARCC,2025-10-28,income_statement,income_statement,DividendIncomeOperating,DividendIncomeOperating,0,c-1887,2025-01-01,2025-09-30,,272,,False,DividendIncomeOperating,
ARCC,2025-10-28,income_statement,income_statement,OtherIncome,OtherIncome,0,c-1887,2025-01-01,2025-09-30,,272,,False,OtherIncome,
ARCC,2025-10-28,income_statement,income_statement,InterestIncomeOperating,InterestIncomeOperating,0,c-1889,2025-01-01,2025-09-30,,272,,False,InterestIncomeOperating,
ARCC,2025-10-28,income_statement,income_statement,FeeIncome,FeeIncome,0,c-1889,2025-01-01,2025-09-30,,272,,False,FeeIncome,
ARCC,2025-10-28,income_statement,income_statement,DividendIncomeOperating,DividendIncomeOperating,0,c-1889,2025-01-01,2025-09-30,,272,,False,DividendIncomeOperating,
ARCC,2025-10-28,income_statement,income_statement,OtherIncome,OtherIncome,0,c-1889,2025-01-01,2025-09-30,,272,,False,OtherIncome,
ARCC,2025-10-28,income_statement,income_statement,InterestIncomeOperating,InterestIncomeOperating,4300000,c-1891,2025-01-01,2025-09-30,,272,,False,InterestIncomeOperating,
ARCC,2025-10-28,income_statement,income_statement,FeeIncome,FeeIncome,0,c-1891,2025-01-01,2025-09-30,,272,,False,FeeIncome,
ARCC,2025-10-28,income_statement,income_statement,DividendIncomeOperating,DividendIncomeOperating,0,c-1891,2025-01-01,2025-09-30,,272,,False,DividendIncomeOperating,
ARCC,2025-10-28,income_statement,income_statement,OtherIncome,OtherIncome,0,c-1891,2025-01-01,2025-09-30,,272,,False,OtherIncome,
ARCC,2025-10-28,income_statement,income_statement,InterestIncomeOperating,InterestIncomeOperating,800000,c-1893,2025-01-01,2025-09-30,,272,,False,InterestIncomeOperating,
ARCC,2025-10-28,income_statement,income_statement,FeeIncome,FeeIncome,0,c-1893,2025-01-01,2025-09-30,,272,,False,FeeIncome,
ARCC,2025-10-28,income_statement,income_statement,DividendIncomeOperating,DividendIncomeOperating,0,c-1893,2025-01-01,2025-09-30,,272,,False,DividendIncomeOperating,
ARCC,2025-10-28,income_statement,income_statement,OtherIncome,OtherIncome,0,c-1893,2025-01-01,2025-09-30,,272,,False,OtherIncome,
ARCC,2025-10-28,income_statement,income_statement,InterestIncomeOperating,InterestIncomeOperating,0,c-1895,2025-01-01,2025-09-30,,272,,False,InterestIncomeOperating,
ARCC,2025-10-28,income_statement,income_statement,FeeIncome,FeeIncome,0,c-1895,2025-01-01,2025-09-30,,272,,False,FeeIncome,
ARCC,2025-10-28,income_statement,income_statement,DividendIncomeOperating,DividendIncomeOperating,0,c-1895,2025-01-01,2025-09-30,,272,,False,DividendIncomeOperating,
ARCC,2025-10-28,income_statement,income_statement,OtherIncome,OtherIncome,0,c-1895,2025-01-01,2025-09-30,,272,,False,OtherIncome,
ARCC,2025-10-28,income_statement,income_statement,InterestIncomeOperating,InterestIncomeOperating,0,c-1897,2025-01-01,2025-09-30,,272,,False,InterestIncomeOperating,
ARCC,2025-10-28,income_statement,income_statement,FeeIncome,FeeIncome,0,c-1897,2025-01-01,2025-09-30,,272,,False,FeeIncome,
ARCC,2025-10-28,income_statement,income_statement,DividendIncomeOperating,DividendIncomeOperating,0,c-1897,2025-01-01,2025-09-30,,272,,False,DividendIncomeOperating,
ARCC,2025-10-28,income_statement,income_statement,OtherIncome,OtherIncome,0,c-1897,2025-01-01,2025-09-30,,272,,False,OtherIncome,
ARCC,2025-10-28,income_statement,income_statement,InterestIncomeOperating,InterestIncomeOperating,2000000.0,c-1899,2025-01-01,2025-09-30,,272,,False,InterestIncomeOperating,
ARCC,2025-10-28,income_statement,income_statement,FeeIncome,FeeIncome,0,c-1899,2025-01-01,2025-09-30,,272,,False,FeeIncome,
ARCC,2025-10-28,income_statement,income_statement,DividendIncomeOperating,DividendIncomeOperating,0,c-1899,2025-01-01,2025-09-30,,272,,False,DividendIncomeOperating,
ARCC,2025-10-28,income_statement,income_statement,OtherIncome,OtherIncome,400000,c-1899,2025-01-01,2025-09-30,,272,,False,OtherIncome,
ARCC,2025-10-28,income_statement,income_statement,InterestIncomeOperating,InterestIncomeOperating,600000,c-1901,2025-01-01,2025-09-30,,272,,False,InterestIncomeOperating,
ARCC,2025-10-28,income_statement,income_statement,FeeIncome,FeeIncome,0,c-1901,2025-01-01,2025-09-30,,272,,False,FeeIncome,
ARCC,2025-10-28,income_statement,income_statement,DividendIncomeOperating,DividendIncomeOperating,0,c-1901,2025-01-01,2025-09-30,,272,,False,DividendIncomeOperating,
ARCC,2025-10-28,income_statement,income_statement,OtherIncome,OtherIncome,0,c-1901,2025-01-01,2025-09-30,,272,,False,OtherIncome,
ARCC,2025-10-28,income_statement,income_statement,InterestIncomeOperating,InterestIncomeOperating,2100000,c-1903,2025-01-01,2025-09-30,,272,,False,InterestIncomeOperating,
ARCC,2025-10-28,income_statement,income_statement,FeeIncome,FeeIncome,0,c-1903,2025-01-01,2025-09-30,,272,,False,FeeIncome,
ARCC,2025-10-28,income_statement,income_statement,DividendIncomeOperating,DividendIncomeOperating,219000000.0,c-1903,2025-01-01,2025-09-30,,272,,False,DividendIncomeOperating,
ARCC,2025-10-28,income_statement,income_statement,OtherIncome,OtherIncome,0,c-1903,2025-01-01,2025-09-30,,272,,False,OtherIncome,
ARCC,2025-10-28,income_statement,income_statement,InterestIncomeOperating,InterestIncomeOperating,400000,c-1905,2025-01-01,2025-09-30,,272,,False,InterestIncomeOperating,
ARCC,2025-10-28,income_statement,income_statement,FeeIncome,FeeIncome,0,c-1905,2025-01-01,2025-09-30,,272,,False,FeeIncome,
ARCC,2025-10-28,income_statement,income_statement,DividendIncomeOperating,DividendIncomeOperating,0,c-1905,2025-01-01,2025-09-30,,272,,False,DividendIncomeOperating,
ARCC,2025-10-28,income_statement,income_statement,OtherIncome,OtherIncome,100000,c-1905,2025-01-01,2025-09-30,,272,,False,OtherIncome,
ARCC,2025-10-28,income_statement,income_statement,InterestIncomeOperating,InterestIncomeOperating,0,c-1907,2025-01-01,2025-09-30,,272,,False,InterestIncomeOperating,
ARCC,2025-10-28,income_statement,income_statement,FeeIncome,FeeIncome,0,c-1907,2025-01-01,2025-09-30,,272,,False,FeeIncome,
ARCC,2025-10-28,income_statement,income_statement,DividendIncomeOperating,DividendIncomeOperating,0,c-1907,2025-01-01,2025-09-30,,272,,False,DividendIncomeOperating,
ARCC,2025-10-28,income_statement,income_statement,OtherIncome,OtherIncome,0,c-1907,2025-01-01,2025-09-30,,272,,False,OtherIncome,
ARCC,2025-10-28,income_statement,income_statement,InterestIncomeOperating,InterestIncomeOperating,0,c-1909,2025-01-01,2025-09-30,,272,,False,InterestIncomeOperating,
ARCC,2025-10-28,income_statement,income_statement,FeeIncome,FeeIncome,800000,c-1909,2025-01-01,2025-09-30,,272,,False,FeeIncome,
ARCC,2025-10-28,income_statement,income_statement,DividendIncomeOperating,DividendIncomeOperating,0,c-1909,2025-01-01,2025-09-30,,272,,False,DividendIncomeOperating,
ARCC,2025-10-28,income_statement,income_statement,OtherIncome,OtherIncome,500000,c-1909,2025-01-01,2025-09-30,,272,,False,OtherIncome,
ARCC,2025-10-28,income_statement,income_statement,InterestIncomeOperating,InterestIncomeOperating,0,c-1911,2025-01-01,2025-09-30,,272,,False,InterestIncomeOperating,
ARCC,2025-10-28,income_statement,income_statement,FeeIncome,FeeIncome,0,c-1911,2025-01-01,2025-09-30,,272,,False,FeeIncome,
ARCC,2025-10-28,income_statement,income_statement,DividendIncomeOperating,DividendIncomeOperating,0,c-1911,2025-01-01,2025-09-30,,272,,False,DividendIncomeOperating,
ARCC,2025-10-28,income_statement,income_statement,OtherIncome,OtherIncome,0,c-1911,2025-01-01,2025-09-30,,272,,False,OtherIncome,
ARCC,2025-10-28,income_statement,income_statement,InterestIncomeOperating,InterestIncomeOperating,0,c-1913,2025-01-01,2025-09-30,,272,,False,InterestIncomeOperating,
ARCC,2025-10-28,income_statement,income_statement,FeeIncome,FeeIncome,0,c-1913,2025-01-01,2025-09-30,,272,,False,FeeIncome,
ARCC,2025-10-28,income_statement,income_statement,DividendIncomeOperating,DividendIncomeOperating,0,c-1913,2025-01-01,2025-09-30,,272,,False,DividendIncomeOperating,
ARCC,2025-10-28,income_statement,income_statement,OtherIncome,OtherIncome,0,c-1913,2025-01-01,2025-09-30,,272,,False,OtherIncome,
ARCC,2025-10-28,income_statement,income_statement,InterestIncomeOperating,InterestIncomeOperating,0,c-1915,2025-01-01,2025-09-30,,272,,False,InterestIncomeOperating,
ARCC,2025-10-28,income_statement,income_statement,FeeIncome,FeeIncome,0,c-1915,2025-01-01,2025-09-30,,272,,False,FeeIncome,
ARCC,2025-10-28,income_statement,income_statement,DividendIncomeOperating,DividendIncomeOperating,0,c-1915,2025-01-01,2025-09-30,,272,,False,DividendIncomeOperating,
ARCC,2025-10-28,income_statement,income_statement,OtherIncome,OtherIncome,0,c-1915,2025-01-01,2025-09-30,,272,,False,OtherIncome,
ARCC,2025-10-28,income_statement,income_statement,InterestIncomeOperating,InterestIncomeOperating,109500000,c-1917,2025-01-01,2025-09-30,,272,,False,InterestIncomeOperating,
ARCC,2025-10-28,income_statement,income_statement,FeeIncome,FeeIncome,3600000,c-1917,2025-01-01,2025-09-30,,272,,False,FeeIncome,
ARCC,2025-10-28,income_statement,income_statement,DividendIncomeOperating,DividendIncomeOperating,0,c-1917,2025-01-01,2025-09-30,,272,,False,DividendIncomeOperating,
ARCC,2025-10-28,income_statement,income_statement,OtherIncome,OtherIncome,3200000,c-1917,2025-01-01,2025-09-30,,272,,False,OtherIncome,
ARCC,2025-10-28,income_statement,income_statement,InterestIncomeOperating,InterestIncomeOperating,0,c-1919,2025-01-01,2025-09-30,,272,,False,InterestIncomeOperating,
ARCC,2025-10-28,income_statement,income_statement,FeeIncome,FeeIncome,0,c-1919,2025-01-01,2025-09-30,,272,,False,FeeIncome,
ARCC,2025-10-28,income_statement,income_statement,DividendIncomeOperating,DividendIncomeOperating,0,c-1919,2025-01-01,2025-09-30,,272,,False,DividendIncomeOperating,
ARCC,2025-10-28,income_statement,income_statement,OtherIncome,OtherIncome,0,c-1919,2025-01-01,2025-09-30,,272,,False,OtherIncome,
ARCC,2025-10-28,income_statement,income_statement,InterestIncomeOperating,InterestIncomeOperating,3600000,c-1921,2025-01-01,2025-09-30,,272,,False,InterestIncomeOperating,
ARCC,2025-10-28,income_statement,income_statement,FeeIncome,FeeIncome,200000,c-1921,2025-01-01,2025-09-30,,272,,False,FeeIncome,
ARCC,2025-10-28,income_statement,income_statement,DividendIncomeOperating,DividendIncomeOperating,2800000,c-1921,2025-01-01,2025-09-30,,272,,False,DividendIncomeOperating,
ARCC,2025-10-28,income_statement,income_statement,OtherIncome,OtherIncome,0,c-1921,2025-01-01,2025-09-30,,272,,False,OtherIncome,
ARCC,2025-10-28,income_statement,income_statement,InterestIncomeOperating,InterestIncomeOperating,3800000,c-1923,2025-01-01,2025-09-30,,272,,False,InterestIncomeOperating,
ARCC,2025-10-28,income_statement,income_statement,FeeIncome,FeeIncome,0,c-1923,2025-01-01,2025-09-30,,272,,False,FeeIncome,
ARCC,2025-10-28,income_statement,income_statement,DividendIncomeOperating,DividendIncomeOperating,0,c-1923,2025-01-01,2025-09-30,,272,,False,DividendIncomeOperating,
ARCC,2025-10-28,income_statement,income_statement,OtherIncome,OtherIncome,0,c-1923,2025-01-01,2025-09-30,,272,,False,OtherIncome,
ARCC,2025-10-28,income_statement,income_statement,InterestIncomeOperating,InterestIncomeOperating,131500000,c-21,2025-01-01,2025-09-30,,272,,False,InterestIncomeOperating,
ARCC,2025-10-28,income_statement,income_statement,FeeIncome,FeeIncome,4600000,c-21,2025-01-01,2025-09-30,,272,,False,FeeIncome,
ARCC,2025-10-28,income_statement,income_statement,DividendIncomeOperating,DividendIncomeOperating,221800000,c-21,2025-01-01,2025-09-30,,272,,False,DividendIncomeOperating,
ARCC,2025-10-28,income_statement,income_statement,OtherIncome,OtherIncome,4300000,c-21,2025-01-01,2025-09-30,,272,,False,OtherIncome,
ARCC,2025-10-28,income_statement,income_statement,TaxBasisOfInvestmentsCostForIncomeTaxPurposes,TaxBasisOfInvestmentsCostForIncomeTaxPurposes,28400000000,c-9,,,2025-09-30,,,False,TaxBasisOfInvestmentsCostForIncomeTaxPurposes,
ARCC,2025-10-28,income_statement,income_statement,InterestIncomeOperating,InterestIncomeOperating,0,c-4046,2024-01-01,2024-12-31,,365,,False,InterestIncomeOperating,
ARCC,2025-10-28,income_statement,income_statement,FeeIncome,FeeIncome,0,c-4046,2024-01-01,2024-12-31,,365,,False,FeeIncome,
ARCC,2025-10-28,income_statement,income_statement,DividendIncomeOperating,DividendIncomeOperating,0,c-4046,2024-01-01,2024-12-31,,365,,False,DividendIncomeOperating,
ARCC,2025-10-28,income_statement,income_statement,OtherIncome,OtherIncome,0,c-4046,2024-01-01,2024-12-31,,365,,False,OtherIncome,
ARCC,2025-10-28,income_statement,income_statement,InterestIncomeOperating,InterestIncomeOperating,1400000,c-4048,2024-01-01,2024-12-31,,365,,False,InterestIncomeOperating,
ARCC,2025-10-28,income_statement,income_statement,FeeIncome,FeeIncome,0,c-4048,2024-01-01,2024-12-31,,365,,False,FeeIncome,
ARCC,2025-10-28,income_statement,income_statement,DividendIncomeOperating,DividendIncomeOperating,0,c-4048,2024-01-01,2024-12-31,,365,,False,DividendIncomeOperating,
ARCC,2025-10-28,income_statement,income_statement,OtherIncome,OtherIncome,0,c-4048,2024-01-01,2024-12-31,,365,,False,OtherIncome,
ARCC,2025-10-28,income_statement,income_statement,InterestIncomeOperating,InterestIncomeOperating,2800000,c-4050,2024-01-01,2024-12-31,,365,,False,InterestIncomeOperating,
ARCC,2025-10-28,income_statement,income_statement,FeeIncome,FeeIncome,0,c-4050,2024-01-01,2024-12-31,,365,,False,FeeIncome,
ARCC,2025-10-28,income_statement,income_statement,DividendIncomeOperating,DividendIncomeOperating,0,c-4050,2024-01-01,2024-12-31,,365,,False,DividendIncomeOperating,
ARCC,2025-10-28,income_statement,income_statement,OtherIncome,OtherIncome,100000,c-4050,2024-01-01,2024-12-31,,365,,False,OtherIncome,
ARCC,2025-10-28,income_statement,income_statement,InterestIncomeOperating,InterestIncomeOperating,8900000,c-4052,2024-01-01,2024-12-31,,365,,False,InterestIncomeOperating,
ARCC,2025-10-28,income_statement,income_statement,FeeIncome,FeeIncome,0,c-4052,2024-01-01,2024-12-31,,365,,False,FeeIncome,
ARCC,2025-10-28,income_statement,income_statement,DividendIncomeOperating,DividendIncomeOperating,0,c-4052,2024-01-01,2024-12-31,,365,,False,DividendIncomeOperating,
ARCC,2025-10-28,income_statement,income_statement,OtherIncome,OtherIncome,100000,c-4052,2024-01-01,2024-12-31,,365,,False,OtherIncome,
ARCC,2025-10-28,income_statement,income_statement,InterestIncomeOperating,InterestIncomeOperating,0,c-4054,2024-01-01,2024-12-31,,365,,False,InterestIncomeOperating,
ARCC,2025-10-28,income_statement,income_statement,FeeIncome,FeeIncome,0,c-4054,2024-01-01,2024-12-31,,365,,False,FeeIncome,
ARCC,2025-10-28,income_statement,income_statement,DividendIncomeOperating,DividendIncomeOperating,0,c-4054,2024-01-01,2024-12-31,,365,,False,DividendIncomeOperating,
ARCC,2025-10-28,income_statement,income_statement,OtherIncome,OtherIncome,0,c-4054,2024-01-01,2024-12-31,,365,,False,OtherIncome,
ARCC,2025-10-28,income_statement,income_statement,InterestIncomeOperating,InterestIncomeOperating,0,c-4056,2024-01-01,2024-12-31,,365,,False,InterestIncomeOperating,
ARCC,2025-10-28,income_statement,income_statement,FeeIncome,FeeIncome,0,c-4056,2024-01-01,2024-12-31,,365,,False,FeeIncome,
ARCC,2025-10-28,income_statement,income_statement,DividendIncomeOperating,DividendIncomeOperating,0,c-4056,2024-01-01,2024-12-31,,365,,False,DividendIncomeOperating,
ARCC,2025-10-28,income_statement,income_statement,OtherIncome,OtherIncome,0,c-4056,2024-01-01,2024-12-31,,365,,False,OtherIncome,
ARCC,2025-10-28,income_statement,income_statement,InterestIncomeOperating,InterestIncomeOperating,0,c-4058,2024-01-01,2024-12-31,,365,,False,InterestIncomeOperating,
ARCC,2025-10-28,income_statement,income_statement,FeeIncome,FeeIncome,0,c-4058,2024-01-01,2024-12-31,,365,,False,FeeIncome,
ARCC,2025-10-28,income_statement,income_statement,DividendIncomeOperating,DividendIncomeOperating,1800000,c-4058,2024-01-01,2024-12-31,,365,,False,DividendIncomeOperating,
ARCC,2025-10-28,income_statement,income_statement,OtherIncome,OtherIncome,0,c-4058,2024-01-01,2024-12-31,,365,,False,OtherIncome,
ARCC,2025-10-28,income_statement,income_statement,InterestIncomeOperating,InterestIncomeOperating,1700000,c-4060,2024-01-01,2024-12-31,,365,,False,InterestIncomeOperating,
ARCC,2025-10-28,income_statement,income_statement,FeeIncome,FeeIncome,800000,c-4060,2024-01-01,2024-12-31,,365,,False,FeeIncome,
ARCC,2025-10-28,income_statement,income_statement,DividendIncomeOperating,DividendIncomeOperating,0,c-4060,2024-01-01,2024-12-31,,365,,False,DividendIncomeOperating,
ARCC,2025-10-28,income_statement,income_statement,OtherIncome,OtherIncome,100000,c-4060,2024-01-01,2024-12-31,,365,,False,OtherIncome,
ARCC,2025-10-28,income_statement,income_statement,InterestIncomeOperating,InterestIncomeOperating,2100000,c-4062,2024-01-01,2024-12-31,,365,,False,InterestIncomeOperating,
ARCC,2025-10-28,income_statement,income_statement,FeeIncome,FeeIncome,700000,c-4062,2024-01-01,2024-12-31,,365,,False,FeeIncome,
ARCC,2025-10-28,income_statement,income_statement,DividendIncomeOperating,DividendIncomeOperating,0,c-4062,2024-01-01,2024-12-31,,365,,False,DividendIncomeOperating,
ARCC,2025-10-28,income_statement,income_statement,OtherIncome,OtherIncome,100000,c-4062,2024-01-01,2024-12-31,,365,,False,OtherIncome,
ARCC,2025-10-28,income_statement,income_statement,InterestIncomeOperating,InterestIncomeOperating,0,c-4064,2024-01-01,2024-12-31,,365,,False,InterestIncomeOperating,
ARCC,2025-10-28,income_statement,income_statement,FeeIncome,FeeIncome,0,c-4064,2024-01-01,2024-12-31,,365,,False,FeeIncome,
ARCC,2025-10-28,income_statement,income_statement,DividendIncomeOperating,DividendIncomeOperating,0,c-4064,2024-01-01,2024-12-31,,365,,False,DividendIncomeOperating,
ARCC,2025-10-28,income_statement,income_statement,OtherIncome,OtherIncome,0,c-4064,2024-01-01,2024-12-31,,365,,False,OtherIncome,
ARCC,2025-10-28,income_statement,income_statement,InterestIncomeOperating,InterestIncomeOperating,0,c-4066,2024-01-01,2024-12-31,,365,,False,InterestIncomeOperating,
ARCC,2025-10-28,income_statement,income_statement,FeeIncome,FeeIncome,0,c-4066,2024-01-01,2024-12-31,,365,,False,FeeIncome,
ARCC,2025-10-28,income_statement,income_statement,DividendIncomeOperating,DividendIncomeOperating,0,c-4066,2024-01-01,2024-12-31,,365,,False,DividendIncomeOperating,
ARCC,2025-10-28,income_statement,income_statement,OtherIncome,OtherIncome,0,c-4066,2024-01-01,2024-12-31,,365,,False,OtherIncome,
ARCC,2025-10-28,income_statement,income_statement,InterestIncomeOperating,InterestIncomeOperating,1600000,c-4068,2024-01-01,2024-12-31,,365,,False,InterestIncomeOperating,
ARCC,2025-10-28,income_statement,income_statement,FeeIncome,FeeIncome,0,c-4068,2024-01-01,2024-12-31,,365,,False,FeeIncome,
ARCC,2025-10-28,income_statement,income_statement,DividendIncomeOperating,DividendIncomeOperating,0,c-4068,2024-01-01,2024-12-31,,365,,False,DividendIncomeOperating,
ARCC,2025-10-28,income_statement,income_statement,OtherIncome,OtherIncome,100000,c-4068,2024-01-01,2024-12-31,,365,,False,OtherIncome,
ARCC,2025-10-28,income_statement,income_statement,InterestIncomeOperating,InterestIncomeOperating,14400000,c-4070,2024-01-01,2024-12-31,,365,,False,InterestIncomeOperating,
ARCC,2025-10-28,income_statement,income_statement,FeeIncome,FeeIncome,1300000,c-4070,2024-01-01,2024-12-31,,365,,False,FeeIncome,
ARCC,2025-10-28,income_statement,income_statement,DividendIncomeOperating,DividendIncomeOperating,0,c-4070,2024-01-01,2024-12-31,,365,,False,DividendIncomeOperating,
ARCC,2025-10-28,income_statement,income_statement,OtherIncome,OtherIncome,1400000,c-4070,2024-01-01,2024-12-31,,365,,False,OtherIncome,
ARCC,2025-10-28,income_statement,income_statement,InterestIncomeOperating,InterestIncomeOperating,700000,c-4072,2024-01-01,2024-12-31,,365,,False,InterestIncomeOperating,
ARCC,2025-10-28,income_statement,income_statement,FeeIncome,FeeIncome,0,c-4072,2024-01-01,2024-12-31,,365,,False,FeeIncome,
ARCC,2025-10-28,income_statement,income_statement,DividendIncomeOperating,DividendIncomeOperating,0,c-4072,2024-01-01,2024-12-31,,365,,False,DividendIncomeOperating,
ARCC,2025-10-28,income_statement,income_statement,OtherIncome,OtherIncome,0,c-4072,2024-01-01,2024-12-31,,365,,False,OtherIncome,
ARCC,2025-10-28,income_statement,income_statement,InterestIncomeOperating,InterestIncomeOperating,200000,c-4074,2024-01-01,2024-12-31,,365,,False,InterestIncomeOperating,
ARCC,2025-10-28,income_statement,income_statement,FeeIncome,FeeIncome,0,c-4074,2024-01-01,2024-12-31,,365,,False,FeeIncome,
ARCC,2025-10-28,income_statement,income_statement,DividendIncomeOperating,DividendIncomeOperating,0,c-4074,2024-01-01,2024-12-31,,365,,False,DividendIncomeOperating,
ARCC,2025-10-28,income_statement,income_statement,OtherIncome,OtherIncome,0,c-4074,2024-01-01,2024-12-31,,365,,False,OtherIncome,
ARCC,2025-10-28,income_statement,income_statement,InterestIncomeOperating,InterestIncomeOperating,33800000,c-4076,2024-01-01,2024-12-31,,365,,False,InterestIncomeOperating,
ARCC,2025-10-28,income_statement,income_statement,FeeIncome,FeeIncome,2800000,c-4076,2024-01-01,2024-12-31,,365,,False,FeeIncome,
ARCC,2025-10-28,income_statement,income_statement,DividendIncomeOperating,DividendIncomeOperating,1800000,c-4076,2024-01-01,2024-12-31,,365,,False,DividendIncomeOperating,
ARCC,2025-10-28,income_statement,income_statement,OtherIncome,OtherIncome,1900000,c-4076,2024-01-01,2024-12-31,,365,,False,OtherIncome,
ARCC,2025-10-28,income_statement,income_statement,InterestIncomeOperating,InterestIncomeOperating,8700000,c-4077,2024-01-01,2024-12-31,,365,,False,InterestIncomeOperating,
ARCC,2025-10-28,income_statement,income_statement,FeeIncome,FeeIncome,0,c-4077,2024-01-01,2024-12-31,,365,,False,FeeIncome,
ARCC,2025-10-28,income_statement,income_statement,DividendIncomeOperating,DividendIncomeOperating,0,c-4077,2024-01-01,2024-12-31,,365,,False,DividendIncomeOperating,
ARCC,2025-10-28,income_statement,income_statement,OtherIncome,OtherIncome,100000,c-4077,2024-01-01,2024-12-31,,365,,False,OtherIncome,
ARCC,2025-10-28,income_statement,income_statement,InterestIncomeOperating,InterestIncomeOperating,0,c-4079,2024-01-01,2024-12-31,,365,,False,InterestIncomeOperating,
ARCC,2025-10-28,income_statement,income_statement,FeeIncome,FeeIncome,0,c-4079,2024-01-01,2024-12-31,,365,,False,FeeIncome,
ARCC,2025-10-28,income_statement,income_statement,DividendIncomeOperating,DividendIncomeOperating,0,c-4079,2024-01-01,2024-12-31,,365,,False,DividendIncomeOperating,
ARCC,2025-10-28,income_statement,income_statement,OtherIncome,OtherIncome,0,c-4079,2024-01-01,2024-12-31,,365,,False,OtherIncome,
ARCC,2025-10-28,income_statement,income_statement,InterestIncomeOperating,InterestIncomeOperating,0,c-4081,2024-01-01,2024-12-31,,365,,False,InterestIncomeOperating,
ARCC,2025-10-28,income_statement,income_statement,FeeIncome,FeeIncome,0,c-4081,2024-01-01,2024-12-31,,365,,False,FeeIncome,
ARCC,2025-10-28,income_statement,income_statement,DividendIncomeOperating,DividendIncomeOperating,0,c-4081,2024-01-01,2024-12-31,,365,,False,DividendIncomeOperating,
ARCC,2025-10-28,income_statement,income_statement,OtherIncome,OtherIncome,0,c-4081,2024-01-01,2024-12-31,,365,,False,OtherIncome,
ARCC,2025-10-28,income_statement,income_statement,InterestIncomeOperating,InterestIncomeOperating,5200000,c-4083,2024-01-01,2024-12-31,,365,,False,InterestIncomeOperating,
ARCC,2025-10-28,income_statement,income_statement,FeeIncome,FeeIncome,0,c-4083,2024-01-01,2024-12-31,,365,,False,FeeIncome,
ARCC,2025-10-28,income_statement,income_statement,DividendIncomeOperating,DividendIncomeOperating,0,c-4083,2024-01-01,2024-12-31,,365,,False,DividendIncomeOperating,
ARCC,2025-10-28,income_statement,income_statement,OtherIncome,OtherIncome,100000,c-4083,2024-01-01,2024-12-31,,365,,False,OtherIncome,
ARCC,2025-10-28,income_statement,income_statement,InterestIncomeOperating,InterestIncomeOperating,0,c-4085,2024-01-01,2024-12-31,,365,,False,InterestIncomeOperating,
ARCC,2025-10-28,income_statement,income_statement,FeeIncome,FeeIncome,0,c-4085,2024-01-01,2024-12-31,,365,,False,FeeIncome,
ARCC,2025-10-28,income_statement,income_statement,DividendIncomeOperating,DividendIncomeOperating,0,c-4085,2024-01-01,2024-12-31,,365,,False,DividendIncomeOperating,
ARCC,2025-10-28,income_statement,income_statement,OtherIncome,OtherIncome,0,c-4085,2024-01-01,2024-12-31,,365,,False,OtherIncome,
ARCC,2025-10-28,income_statement,income_statement,InterestIncomeOperating,InterestIncomeOperating,0,c-4087,2024-01-01,2024-12-31,,365,,False,InterestIncomeOperating,
ARCC,2025-10-28,income_statement,income_statement,FeeIncome,FeeIncome,0,c-4087,2024-01-01,2024-12-31,,365,,False,FeeIncome,
ARCC,2025-10-28,income_statement,income_statement,DividendIncomeOperating,DividendIncomeOperating,0,c-4087,2024-01-01,2024-12-31,,365,,False,DividendIncomeOperating,
ARCC,2025-10-28,income_statement,income_statement,OtherIncome,OtherIncome,0,c-4087,2024-01-01,2024-12-31,,365,,False,OtherIncome,
ARCC,2025-10-28,income_statement,income_statement,InterestIncomeOperating,InterestIncomeOperating,0,c-4089,2024-01-01,2024-12-31,,365,,False,InterestIncomeOperating,
ARCC,2025-10-28,income_statement,income_statement,FeeIncome,FeeIncome,0,c-4089,2024-01-01,2024-12-31,,365,,False,FeeIncome,
ARCC,2025-10-28,income_statement,income_statement,DividendIncomeOperating,DividendIncomeOperating,0,c-4089,2024-01-01,2024-12-31,,365,,False,DividendIncomeOperating,
ARCC,2025-10-28,income_statement,income_statement,OtherIncome,OtherIncome,0,c-4089,2024-01-01,2024-12-31,,365,,False,OtherIncome,
ARCC,2025-10-28,income_statement,income_statement,InterestIncomeOperating,InterestIncomeOperating,3500000,c-4091,2024-01-01,2024-12-31,,365,,False,InterestIncomeOperating,
ARCC,2025-10-28,income_statement,income_statement,FeeIncome,FeeIncome,0,c-4091,2024-01-01,2024-12-31,,365,,False,FeeIncome,
ARCC,2025-10-28,income_statement,income_statement,DividendIncomeOperating,DividendIncomeOperating,0,c-4091,2024-01-01,2024-12-31,,365,,False,DividendIncomeOperating,
ARCC,2025-10-28,income_statement,income_statement,OtherIncome,OtherIncome,0,c-4091,2024-01-01,2024-12-31,,365,,False,OtherIncome,
ARCC,2025-10-28,income_statement,income_statement,InterestIncomeOperating,InterestIncomeOperating,2600000,c-4093,2024-01-01,2024-12-31,,365,,False,InterestIncomeOperating,
ARCC,2025-10-28,income_statement,income_statement,FeeIncome,FeeIncome,0,c-4093,2024-01-01,2024-12-31,,365,,False,FeeIncome,
ARCC,2025-10-28,income_statement,income_statement,DividendIncomeOperating,DividendIncomeOperating,0,c-4093,2024-01-01,2024-12-31,,365,,False,DividendIncomeOperating,
ARCC,2025-10-28,income_statement,income_statement,OtherIncome,OtherIncome,500000,c-4093,2024-01-01,2024-12-31,,365,,False,OtherIncome,
ARCC,2025-10-28,income_statement,income_statement,InterestIncomeOperating,InterestIncomeOperating,1700000,c-4095,2024-01-01,2024-12-31,,365,,False,InterestIncomeOperating,
ARCC,2025-10-28,income_statement,income_statement,FeeIncome,FeeIncome,0,c-4095,2024-01-01,2024-12-31,,365,,False,FeeIncome,
ARCC,2025-10-28,income_statement,income_statement,DividendIncomeOperating,DividendIncomeOperating,285000000.0,c-4095,2024-01-01,2024-12-31,,365,,False,DividendIncomeOperating,
ARCC,2025-10-28,income_statement,income_statement,OtherIncome,OtherIncome,0,c-4095,2024-01-01,2024-12-31,,365,,False,OtherIncome,
ARCC,2025-10-28,income_statement,income_statement,InterestIncomeOperating,InterestIncomeOperating,600000,c-4097,2024-01-01,2024-12-31,,365,,False,InterestIncomeOperating,
ARCC,2025-10-28,income_statement,income_statement,FeeIncome,FeeIncome,0,c-4097,2024-01-01,2024-12-31,,365,,False,FeeIncome,
ARCC,2025-10-28,income_statement,income_statement,DividendIncomeOperating,DividendIncomeOperating,0,c-4097,2024-01-01,2024-12-31,,365,,False,DividendIncomeOperating,
ARCC,2025-10-28,income_statement,income_statement,OtherIncome,OtherIncome,100000,c-4097,2024-01-01,2024-12-31,,365,,False,OtherIncome,
ARCC,2025-10-28,income_statement,income_statement,InterestIncomeOperating,InterestIncomeOperating,0,c-4099,2024-01-01,2024-12-31,,365,,False,InterestIncomeOperating,
ARCC,2025-10-28,income_statement,income_statement,FeeIncome,FeeIncome,0,c-4099,2024-01-01,2024-12-31,,365,,False,FeeIncome,
ARCC,2025-10-28,income_statement,income_statement,DividendIncomeOperating,DividendIncomeOperating,0,c-4099,2024-01-01,2024-12-31,,365,,False,DividendIncomeOperating,
ARCC,2025-10-28,income_statement,income_statement,OtherIncome,OtherIncome,0,c-4099,2024-01-01,2024-12-31,,365,,False,OtherIncome,
ARCC,2025-10-28,income_statement,income_statement,InterestIncomeOperating,InterestIncomeOperating,100000,c-4101,2024-01-01,2024-12-31,,365,,False,InterestIncomeOperating,
ARCC,2025-10-28,income_statement,income_statement,FeeIncome,FeeIncome,0,c-4101,2024-01-01,2024-12-31,,365,,False,FeeIncome,
ARCC,2025-10-28,income_statement,income_statement,DividendIncomeOperating,DividendIncomeOperating,0,c-4101,2024-01-01,2024-12-31,,365,,False,DividendIncomeOperating,
ARCC,2025-10-28,income_statement,income_statement,OtherIncome,OtherIncome,0,c-4101,2024-01-01,2024-12-31,,365,,False,OtherIncome,
ARCC,2025-10-28,income_statement,income_statement,InterestIncomeOperating,InterestIncomeOperating,0,c-4103,2024-01-01,2024-12-31,,365,,False,InterestIncomeOperating,
ARCC,2025-10-28,income_statement,income_statement,FeeIncome,FeeIncome,0,c-4103,2024-01-01,2024-12-31,,365,,False,FeeIncome,
ARCC,2025-10-28,income_statement,income_statement,DividendIncomeOperating,DividendIncomeOperating,0,c-4103,2024-01-01,2024-12-31,,365,,False,DividendIncomeOperating,
ARCC,2025-10-28,income_statement,income_statement,OtherIncome,OtherIncome,0,c-4103,2024-01-01,2024-12-31,,365,,False,OtherIncome,
ARCC,2025-10-28,income_statement,income_statement,InterestIncomeOperating,InterestIncomeOperating,0,c-4105,2024-01-01,2024-12-31,,365,,False,InterestIncomeOperating,
ARCC,2025-10-28,income_statement,income_statement,FeeIncome,FeeIncome,0,c-4105,2024-01-01,2024-12-31,,365,,False,FeeIncome,
ARCC,2025-10-28,income_statement,income_statement,DividendIncomeOperating,DividendIncomeOperating,0,c-4105,2024-01-01,2024-12-31,,365,,False,DividendIncomeOperating,
ARCC,2025-10-28,income_statement,income_statement,OtherIncome,OtherIncome,0,c-4105,2024-01-01,2024-12-31,,365,,False,OtherIncome,
ARCC,2025-10-28,income_statement,income_statement,InterestIncomeOperating,InterestIncomeOperating,172900000,c-4107,2024-01-01,2024-12-31,,365,,False,InterestIncomeOperating,
ARCC,2025-10-28,income_statement,income_statement,FeeIncome,FeeIncome,12500000,c-4107,2024-01-01,2024-12-31,,365,,False,FeeIncome,
ARCC,2025-10-28,income_statement,income_statement,DividendIncomeOperating,DividendIncomeOperating,0,c-4107,2024-01-01,2024-12-31,,365,,False,DividendIncomeOperating,
ARCC,2025-10-28,income_statement,income_statement,OtherIncome,OtherIncome,4500000,c-4107,2024-01-01,2024-12-31,,365,,False,OtherIncome,
ARCC,2025-10-28,income_statement,income_statement,InterestIncomeOperating,InterestIncomeOperating,0,c-4109,2024-01-01,2024-12-31,,365,,False,InterestIncomeOperating,
ARCC,2025-10-28,income_statement,income_statement,FeeIncome,FeeIncome,0,c-4109,2024-01-01,2024-12-31,,365,,False,FeeIncome,
ARCC,2025-10-28,income_statement,income_statement,DividendIncomeOperating,DividendIncomeOperating,0,c-4109,2024-01-01,2024-12-31,,365,,False,DividendIncomeOperating,
ARCC,2025-10-28,income_statement,income_statement,OtherIncome,OtherIncome,0,c-4109,2024-01-01,2024-12-31,,365,,False,OtherIncome,
ARCC,2025-10-28,income_statement,income_statement,InterestIncomeOperating,InterestIncomeOperating,-1000000.0,c-4111,2024-01-01,2024-12-31,,365,,False,InterestIncomeOperating,
ARCC,2025-10-28,income_statement,income_statement,FeeIncome,FeeIncome,100000,c-4111,2024-01-01,2024-12-31,,365,,False,FeeIncome,
ARCC,2025-10-28,income_statement,income_statement,DividendIncomeOperating,DividendIncomeOperating,0,c-4111,2024-01-01,2024-12-31,,365,,False,DividendIncomeOperating,
ARCC,2025-10-28,income_statement,income_statement,OtherIncome,OtherIncome,0,c-4111,2024-01-01,2024-12-31,,365,,False,OtherIncome,
ARCC,2025-10-28,income_statement,income_statement,InterestIncomeOperating,InterestIncomeOperating,4800000,c-4113,2024-01-01,2024-12-31,,365,,False,InterestIncomeOperating,
ARCC,2025-10-28,income_statement,income_statement,FeeIncome,FeeIncome,0,c-4113,2024-01-01,2024-12-31,,365,,False,FeeIncome,
ARCC,2025-10-28,income_statement,income_statement,DividendIncomeOperating,DividendIncomeOperating,5100000,c-4113,2024-01-01,2024-12-31,,365,,False,DividendIncomeOperating,
ARCC,2025-10-28,income_statement,income_statement,OtherIncome,OtherIncome,100000,c-4113,2024-01-01,2024-12-31,,365,,False,OtherIncome,
ARCC,2025-10-28,income_statement,income_statement,InterestIncomeOperating,InterestIncomeOperating,5800000,c-4115,2024-01-01,2024-12-31,,365,,False,InterestIncomeOperating,
ARCC,2025-10-28,income_statement,income_statement,FeeIncome,FeeIncome,0,c-4115,2024-01-01,2024-12-31,,365,,False,FeeIncome,
ARCC,2025-10-28,income_statement,income_statement,DividendIncomeOperating,DividendIncomeOperating,0,c-4115,2024-01-01,2024-12-31,,365,,False,DividendIncomeOperating,
ARCC,2025-10-28,income_statement,income_statement,OtherIncome,OtherIncome,0,c-4115,2024-01-01,2024-12-31,,365,,False,OtherIncome,
ARCC,2025-10-28,income_statement,income_statement,InterestIncomeOperating,InterestIncomeOperating,204900000,c-4117,2024-01-01,2024-12-31,,365,,False,InterestIncomeOperating,
ARCC,2025-10-28,income_statement,income_statement,FeeIncome,FeeIncome,12600000,c-4117,2024-01-01,2024-12-31,,365,,False,FeeIncome,
ARCC,2025-10-28,income_statement,income_statement,DividendIncomeOperating,DividendIncomeOperating,290100000,c-4117,2024-01-01,2024-12-31,,365,,False,DividendIncomeOperating,
ARCC,2025-10-28,income_statement,income_statement,OtherIncome,OtherIncome,5400000,c-4117,2024-01-01,2024-12-31,,365,,False,OtherIncome,
ARCC,2025-10-28,income_statement,income_statement,TaxBasisOfInvestmentsCostForIncomeTaxPurposes,TaxBasisOfInvestmentsCostForIncomeTaxPurposes,26500000000,c-10,,,2024-12-31,,,False,TaxBasisOfInvestmentsCostForIncomeTaxPurposes,
ARCC,2025-10-28,income_statement,income_statement,InvestmentIncomeOperatingAfterExpenseAndTax,InvestmentIncomeOperatingAfterExpenseAndTax,326000000,c-4499,2024-01-01,2024-03-31,,90,,False,InvestmentIncomeOperatingAfterExpenseAndTax,
ARCC,2025-10-28,income_statement,income_statement,InvestmentIncomeOperatingAfterExpenseAndTax,InvestmentIncomeOperatingAfterExpenseAndTax,326000000,c-4498,2024-01-01,2024-03-31,,90,,False,InvestmentIncomeOperatingAfterExpenseAndTax,
ARCC,2025-10-28,income_statement,income_statement,InvestmentIncomeOperatingAfterExpenseAndTax,InvestmentIncomeOperatingAfterExpenseAndTax,386000000,c-4507,2024-04-01,2024-06-30,,90,,False,InvestmentIncomeOperatingAfterExpenseAndTax,
ARCC,2025-10-28,income_statement,income_statement,InvestmentIncomeOperatingAfterExpenseAndTax,InvestmentIncomeOperatingAfterExpenseAndTax,386000000,c-4506,2024-04-01,2024-06-30,,90,,False,InvestmentIncomeOperatingAfterExpenseAndTax,
ARCC,2025-10-28,income_statement,income_statement,InvestmentIncomeOperatingAfterExpenseAndTax,InvestmentIncomeOperatingAfterExpenseAndTax,361000000,c-4514,2024-07-01,2024-09-30,,91,,False,InvestmentIncomeOperatingAfterExpenseAndTax,
ARCC,2025-10-28,income_statement,income_statement,InvestmentIncomeOperatingAfterExpenseAndTax,InvestmentIncomeOperatingAfterExpenseAndTax,363000000,c-4522,2024-10-01,2024-12-31,,91,,False,InvestmentIncomeOperatingAfterExpenseAndTax,
ARCC,2025-10-28,income_statement,income_statement,InvestmentIncomeOperatingAfterExpenseAndTax,InvestmentIncomeOperatingAfterExpenseAndTax,363000000,c-4521,2024-10-01,2024-12-31,,91,,False,InvestmentIncomeOperatingAfterExpenseAndTax,
ARCC,2025-10-28,income_statement,income_statement,InvestmentIncomeOperatingAfterExpenseAndTax,InvestmentIncomeOperatingAfterExpenseAndTax,365000000,c-4529,2025-01-01,2025-03-31,,89,,False,InvestmentIncomeOperatingAfterExpenseAndTax,
ARCC,2025-10-28,income_statement,income_statement,InvestmentIncomeOperatingAfterExpenseAndTax,InvestmentIncomeOperatingAfterExpenseAndTax,365000000,c-4528,2025-01-01,2025-03-31,,89,,False,InvestmentIncomeOperatingAfterExpenseAndTax,
ARCC,2025-10-28,income_statement,income_statement,InvestmentIncomeOperatingAfterExpenseAndTax,InvestmentIncomeOperatingAfterExpenseAndTax,342000000,c-4537,2025-04-01,2025-06-30,,90,,False,InvestmentIncomeOperatingAfterExpenseAndTax,
ARCC,2025-10-28,income_statement,income_statement,InvestmentIncomeOperatingAfterExpenseAndTax,InvestmentIncomeOperatingAfterExpenseAndTax,342000000,c-4536,2025-04-01,2025-06-30,,90,,False,InvestmentIncomeOperatingAfterExpenseAndTax,
ARCC,2025-10-28,income_statement,income_statement,InvestmentIncomeOperatingAfterExpenseAndTax,InvestmentIncomeOperatingAfterExpenseAndTax,338000000,c-4544,2025-07-01,2025-09-30,,91,,False,InvestmentIncomeOperatingAfterExpenseAndTax,
ARCC,2025-10-28,income_statement,income_statement,InterestIncomeOperatingPaidInKind,InterestIncomeOperatingPaidInKind,165000000,c-1,2025-01-01,2025-09-30,,272,,False,InterestIncomeOperatingPaidInKind,
ARCC,2025-10-28,income_statement,income_statement,InterestIncomeOperatingPaidInKind,InterestIncomeOperatingPaidInKind,150000000,c-25,2024-01-01,2024-09-30,,273,,False,InterestIncomeOperatingPaidInKind,
ARCC,2025-10-28,income_statement,income_statement,DividendIncomeOperatingPaidInKind,DividendIncomeOperatingPaidInKind,205000000,c-1,2025-01-01,2025-09-30,,272,,False,DividendIncomeOperatingPaidInKind,
ARCC,2025-10-28,income_statement,income_statement,DividendIncomeOperatingPaidInKind,DividendIncomeOperatingPaidInKind,189000000,c-25,2024-01-01,2024-09-30,,273,,False,DividendIncomeOperatingPaidInKind,
ARCC,2025-10-28,income_statement,income_statement,IncreaseDecreaseInIncomeBasedFeesPayable,IncreaseDecreaseInIncomeBasedFeesPayable,-3000000,c-1,2025-01-01,2025-09-30,,272,,False,IncreaseDecreaseInIncomeBasedFeesPayable,
ARCC,2025-10-28,income_statement,income_statement,IncreaseDecreaseInIncomeBasedFeesPayable,IncreaseDecreaseInIncomeBasedFeesPayable,2000000,c-25,2024-01-01,2024-09-30,,273,,False,IncreaseDecreaseInIncomeBasedFeesPayable,
ARCC,2025-10-28,income_statement,income_statement,IncomeTaxesPaidNet,IncomeTaxesPaidNet,42000000,c-1,2025-01-01,2025-09-30,,272,,False,IncomeTaxesPaidNet,
ARCC,2025-10-28,income_statement,income_statement,IncomeTaxesPaidNet,IncomeTaxesPaidNet,58000000,c-25,2024-01-01,2024-09-30,,273,,False,IncomeTaxesPaidNet,
ARCC,2025-10-28,income_statement,income_statement,RevenueRecognitionInterest,RevenueRecognitionInterest,"<div style=""text-indent:36pt""><span style=""color:#000000;font-family:'Times New Roman',serif;font-size:10pt;font-style:italic;font-weight:700;line-height:120%"">Interest Income Recognition</span></div><div style=""text-indent:36pt""><span style=""color:#000000;font-family:'Times New Roman',serif;font-size:10pt;font-weight:400;line-height:120%""> </span></div><div style=""text-indent:36pt""><span style=""color:#000000;font-family:'Times New Roman',serif;font-size:10pt;font-weight:400;line-height:120%"">Interest income is recorded on an accrual basis and includes the accretion of discounts, amortization of premiums and payment-in-kind (“PIK”) interest. Discounts from and premiums to par value on investments purchased are accreted/amortized into interest income over the life of the respective security using the effective yield method. To the extent loans contain PIK provisions, PIK interest, computed at the contractual rate specified in each applicable agreement, is accrued and recorded as interest income and added to the principal balance of the loan. PIK interest income added to the principal balance is generally collected upon repayment of the outstanding principal. To maintain the Company’s tax status as a RIC, this non-cash source of income must be paid out to stockholders in the form of dividends for the year the income was earned, even though the Company has not yet collected the cash. The amortized cost of investments represents the original cost adjusted for any accretion of discounts, amortization of premiums and PIK interest.</span></div><div style=""text-indent:36pt""><span><br/></span></div><div style=""text-indent:36pt""><span style=""color:#000000;font-family:'Times New Roman',serif;font-size:10pt;font-weight:400;line-height:120%"">Loans are generally placed on non-accrual status when principal or interest payments are past due 30 days or more or when there is reasonable doubt that principal or interest will be collected in full. Accrued and unpaid interest is generally </span></div><div><span style=""color:#000000;font-family:'Times New Roman',serif;font-size:10pt;font-weight:400;line-height:120%"">reversed when a loan is placed on non-accrual status. Interest payments received on non-accrual loans may be recognized as income or applied to principal depending upon the Company’s judgment regarding collectability. Non-accrual loans are restored to accrual status when past due principal and interest are paid or there is no longer any reasonable doubt that such principal or interest will be collected in full and, in the Company’s judgment, are likely to remain current. The Company may make exceptions to this policy if the loan has sufficient collateral value (i.e., typically measured as enterprise value of the portfolio company) or is in the process of collection.</span></div>",c-1,2025-01-01,2025-09-30,,272,,False,RevenueRecognitionInterest,
ARCC,2025-10-28,income_statement,income_statement,RevenueRecognitionDividends,RevenueRecognitionDividends,"<div style=""text-indent:36pt""><span style=""color:#000000;font-family:'Times New Roman',serif;font-size:10pt;font-style:italic;font-weight:700;line-height:120%"">Dividend Income Recognition</span><span style=""color:#000000;font-family:'Times New Roman',serif;font-size:10pt;font-weight:400;line-height:120%""> </span></div><div style=""text-indent:36pt""><span><br/></span></div><div style=""text-indent:36pt""><span style=""color:#000000;font-family:'Times New Roman',serif;font-size:10pt;font-weight:400;line-height:120%"">Dividend income on preferred equity is recorded on an accrual basis to the extent that such amounts are payable by the portfolio company and are expected to be collected. Dividend income on common equity is recorded on the record date for private portfolio companies or on the ex-dividend date for publicly traded portfolio companies. To the extent a preferred equity contains PIK provisions, PIK dividends, computed at the contractual rate specified in each applicable agreement, are accrued and recorded as dividend income and added to the principal balance of the preferred equity. PIK dividends added to the principal balance are generally collected upon redemption of the equity.</span></div>",c-1,2025-01-01,2025-09-30,,272,,False,RevenueRecognitionDividends,
ARCC,2025-10-28,income_statement,income_statement,RevenueRecognitionPolicyTextBlock,RevenueRecognitionPolicyTextBlock,"<div style=""text-indent:36pt""><span style=""color:#000000;font-family:'Times New Roman',serif;font-size:10pt;font-style:italic;font-weight:700;line-height:120%"">Capital Structuring Service Fees and Other Income </span></div><div style=""text-indent:36pt""><span style=""color:#000000;font-family:'Times New Roman',serif;font-size:10pt;font-weight:400;line-height:120%""> </span></div><div style=""text-indent:36pt""><span style=""color:#000000;font-family:'Times New Roman',serif;font-size:10pt;font-weight:400;line-height:120%"">In pursuit of the Company’s investment objective, the Company’s investment adviser seeks to provide assistance to its portfolio companies and in return the Company may receive fees for capital structuring services. These fees are fixed based on contractual terms, are generally only available to the Company as a result of the Company’s underlying investments, are normally paid at the closing of the investments, are generally non-recurring and non-refundable and are recognized as revenue when earned upon closing of the investment. The services that the Company’s investment adviser provides vary by investment, but generally include reviewing existing credit facilities, arranging bank financing, arranging equity financing, structuring financing from multiple lenders, structuring financing from multiple equity investors, restructuring existing loans, raising equity and debt capital, and providing general financial advice, which generally concludes upon closing of the investment. Any services of the above nature subsequent to the closing would generally generate a separate fee payable to the Company. In certain instances where the Company is invited to participate as a co-lender in a transaction and the Company’s investment adviser does not provide significant services in connection with the investment, a portion of loan fees paid to the Company in such situations will be deferred and amortized over the contractual life of the loan.</span></div><div style=""text-indent:36pt""><span><br/></span></div><div style=""text-indent:36pt""><span style=""color:#000000;font-family:'Times New Roman',serif;font-size:10pt;font-weight:400;line-height:120%"">Other income includes amendment fees that are fixed based on contractual terms and are generally non-recurring and non-refundable and are recognized as revenue when earned upon closing of the related transaction. Other income also includes fees for management and consulting services, agency services, loan guarantees, commitments, and other services rendered by the Company to portfolio companies. Such fees are fixed based on contractual terms and are recognized as income as services are rendered.</span></div>",c-1,2025-01-01,2025-09-30,,272,,False,RevenueRecognitionPolicyTextBlock,
ARCC,2025-10-28,income_statement,income_statement,IncomeTaxPolicyTextBlock,IncomeTaxPolicyTextBlock,"<div style=""text-indent:36pt""><span style=""color:#000000;font-family:'Times New Roman',serif;font-size:10pt;font-style:italic;font-weight:700;line-height:120%"">Income Taxes</span></div><div style=""text-indent:36pt""><span style=""color:#000000;font-family:'Times New Roman',serif;font-size:10pt;font-weight:400;line-height:120%""> </span></div><div style=""text-indent:36pt""><span style=""color:#000000;font-family:'Times New Roman',serif;font-size:10pt;font-weight:400;line-height:120%"">The Company has elected to be treated as a RIC under the Code and operates in a manner so as to qualify for the tax treatment applicable to RICs. To qualify for tax treatment as a RIC, the Company must, among other requirements, meet certain source-of-income and asset diversification requirements and timely distribute to its stockholders at least 90% of its investment company taxable income, as defined by the Code, for each year. The Company has made and intends to continue to make the requisite distributions to its stockholders, which will generally relieve the Company from U.S. federal corporate-level income taxes.</span></div><div style=""text-indent:36pt""><span style=""color:#000000;font-family:'Times New Roman',serif;font-size:10pt;font-weight:400;line-height:120%""> </span></div><div style=""text-indent:36pt""><span style=""color:#000000;font-family:'Times New Roman',serif;font-size:10pt;font-weight:400;line-height:120%"">Depending on the level of taxable income earned in a tax year, the Company may choose to carry forward taxable income in excess of current year dividend distributions from such current year taxable income into the next tax year and pay a 4% excise tax on such income, as required. To the extent that the Company determines that its estimated current year taxable income will be in excess of estimated dividend distributions for the current year from such income, the Company accrues excise tax, if any, on estimated excess taxable income as such taxable income is earned.</span></div><div style=""text-indent:36pt""><span style=""color:#000000;font-family:'Times New Roman',serif;font-size:10pt;font-weight:400;line-height:120%""> </span></div>The Company may hold certain portfolio company investments through consolidated taxable subsidiaries. Such subsidiaries may be subject to U.S. federal and state corporate-level income taxes. These consolidated subsidiaries recognize deferred tax assets and liabilities for the estimated future tax effects attributable to temporary differences between the tax basis of certain assets and liabilities and the reported amounts included in the accompanying consolidated balance sheet using the applicable statutory tax rates in effect for the year in which any such temporary differences are expected to reverse.",c-1,2025-01-01,2025-09-30,,272,,False,IncomeTaxPolicyTextBlock,
ARCC,2025-10-28,income_statement,income_statement,OtherIncome,OtherIncome,15000000,c-4635,2025-07-01,2025-09-30,,91,,False,OtherIncome,
ARCC,2025-10-28,income_statement,income_statement,OtherIncome,OtherIncome,39000000,c-4636,2025-01-01,2025-09-30,,272,,False,OtherIncome,
ARCC,2025-10-28,income_statement,income_statement,InterestAndDividendIncomeSecuritiesIncludingRealizedGainLossOnInvestmentsOperating,InterestAndDividendIncomeSecuritiesIncludingRealizedGainLossOnInvestmentsOperating,86000000,c-4635,2025-07-01,2025-09-30,,91,,False,InterestAndDividendIncomeSecuritiesIncludingRealizedGainLossOnInvestmentsOperating,
ARCC,2025-10-28,income_statement,income_statement,InterestAndDividendIncomeSecuritiesIncludingRealizedGainLossOnInvestmentsOperating,InterestAndDividendIncomeSecuritiesIncludingRealizedGainLossOnInvestmentsOperating,199000000,c-4636,2025-01-01,2025-09-30,,272,,False,InterestAndDividendIncomeSecuritiesIncludingRealizedGainLossOnInvestmentsOperating,
ARCC,2025-10-28,income_statement,income_statement,OtherIncome,OtherIncome,13000000,c-4637,2024-07-01,2024-09-30,,91,,False,OtherIncome,
ARCC,2025-10-28,income_statement,income_statement,OtherIncome,OtherIncome,41000000,c-4638,2024-01-01,2024-09-30,,273,,False,OtherIncome,
ARCC,2025-10-28,income_statement,income_statement,InterestAndDividendIncomeSecuritiesIncludingRealizedGainLossOnInvestmentsOperating,InterestAndDividendIncomeSecuritiesIncludingRealizedGainLossOnInvestmentsOperating,75000000,c-4637,2024-07-01,2024-09-30,,91,,False,InterestAndDividendIncomeSecuritiesIncludingRealizedGainLossOnInvestmentsOperating,
ARCC,2025-10-28,income_statement,income_statement,InterestAndDividendIncomeSecuritiesIncludingRealizedGainLossOnInvestmentsOperating,InterestAndDividendIncomeSecuritiesIncludingRealizedGainLossOnInvestmentsOperating,266000000,c-4638,2024-01-01,2024-09-30,,273,,False,InterestAndDividendIncomeSecuritiesIncludingRealizedGainLossOnInvestmentsOperating,
ARCC,2025-10-28,income_statement,income_statement,InterestIncomeAndInterestExpenseDisclosureTableTextBlock,InterestIncomeAndInterestExpenseDisclosureTableTextBlock,"<div style=""text-indent:36pt""><span style=""color:#000000;font-family:'Times New Roman',serif;font-size:10pt;font-weight:400;line-height:120%"">The interest income and dividend income that the Company earned from IHAM for the three and nine months ended September 30, 2025 and 2024 were as follows:</span></div><div><span><br/></span></div><div><table style=""border-collapse:collapse;display:inline-table;margin-bottom:5pt;vertical-align:text-bottom;width:100.000%""><tr><td style=""width:1.0%""></td><td style=""width:37.642%""></td><td style=""width:0.1%""></td><td style=""width:1.0%""></td><td style=""width:13.958%""></td><td style=""width:0.1%""></td><td style=""width:0.1%""></td><td style=""width:0.384%""></td><td style=""width:0.1%""></td><td style=""width:1.0%""></td><td style=""width:13.958%""></td><td style=""width:0.1%""></td><td style=""width:0.1%""></td><td style=""width:0.384%""></td><td style=""width:0.1%""></td><td style=""width:1.0%""></td><td style=""width:13.519%""></td><td style=""width:0.1%""></td><td style=""width:0.1%""></td><td style=""width:0.530%""></td><td style=""width:0.1%""></td><td style=""width:1.0%""></td><td style=""width:13.525%""></td><td style=""width:0.1%""></td><td colspan=""3"" style=""display:none""></td><td colspan=""3"" style=""display:none""></td></tr><tr><td colspan=""3"" style=""padding:0 1pt""></td><td colspan=""9"" style=""padding:2px 1pt;text-align:center;vertical-align:bottom""><span style=""color:#000000;font-family:'Times New Roman',serif;font-size:8pt;font-weight:700;line-height:100%"">For the Three Months Ended September 30,</span></td><td colspan=""3"" style=""padding:0 1pt""></td><td colspan=""9"" style=""padding:2px 1pt;text-align:center;vertical-align:bottom""><span style=""color:#000000;font-family:'Times New Roman',serif;font-size:8pt;font-weight:700;line-height:100%"">For the Nine Months Ended September 30,</span></td></tr><tr><td colspan=""3"" style=""padding:0 1pt""></td><td colspan=""3"" style=""border-top:1pt solid #000000;padding:2px 1pt;text-align:center;vertical-align:bottom""><span style=""color:#000000;font-family:'Times New Roman',serif;font-size:8pt;font-weight:700;line-height:100%"">2025</span></td><td colspan=""3"" style=""border-top:1pt solid #000000;padding:0 1pt""></td><td colspan=""3"" style=""border-top:1pt solid #000000;padding:2px 1pt;text-align:center;vertical-align:bottom""><span style=""color:#000000;font-family:'Times New Roman',serif;font-size:8pt;font-weight:700;line-height:100%"">2024</span></td><td colspan=""3"" style=""padding:0 1pt""></td><td colspan=""3"" style=""border-top:1pt solid #000;padding:2px 1pt;text-align:center;vertical-align:bottom""><span style=""color:#000000;font-family:'Times New Roman',serif;font-size:8pt;font-weight:700;line-height:100%"">2025</span></td><td colspan=""3"" style=""border-top:1pt solid #000;padding:0 1pt""></td><td colspan=""3"" style=""border-top:1pt solid #000;padding:2px 1pt;text-align:center;vertical-align:bottom""><span style=""color:#000000;font-family:'Times New Roman',serif;font-size:8pt;font-weight:700;line-height:100%"">2024</span></td><td colspan=""3"" style=""display:none""></td><td colspan=""3"" style=""display:none""></td></tr><tr><td colspan=""3"" style=""background-color:#cceeff;padding:2px 1pt;text-align:left;vertical-align:bottom""><div><span style=""color:#000000;font-family:'Times New Roman',serif;font-size:10pt;font-weight:400;line-height:100%"">Interest income</span></div></td><td style=""background-color:#cceeff;border-top:1pt solid #000;padding:2px 0 2px 1pt;text-align:left;vertical-align:bottom""><span style=""color:#000000;font-family:'Times New Roman',serif;font-size:10pt;font-weight:400;line-height:100%"">$</span></td><td style=""background-color:#cceeff;border-top:1pt solid #000;padding:2px 0;text-align:right;vertical-align:bottom""><span style=""color:#000000;font-family:'Times New Roman',serif;font-size:10pt;font-weight:400;line-height:100%"">1 </span></td><td style=""background-color:#cceeff;border-top:1pt solid #000;padding:2px 1pt 2px 0;text-align:right;vertical-align:bottom""></td><td colspan=""3"" style=""background-color:#cceeff;padding:0 1pt""></td><td style=""background-color:#cceeff;border-top:1pt solid #000;padding:2px 0 2px 1pt;text-align:left;vertical-align:bottom""><span style=""color:#000000;font-family:'Times New Roman',serif;font-size:10pt;font-weight:400;line-height:100%"">$</span></td><td style=""background-color:#cceeff;border-top:1pt solid #000;padding:2px 0;text-align:right;vertical-align:bottom""><span style=""color:#000000;font-family:'Times New Roman',serif;font-size:10pt;font-weight:400;line-height:100%"">1 </span></td><td style=""background-color:#cceeff;border-top:1pt solid #000;padding:2px 1pt 2px 0;text-align:right;vertical-align:bottom""></td><td colspan=""3"" style=""background-color:#cceeff;padding:0 1pt""></td><td style=""background-color:#cceeff;border-top:1pt solid #000;padding:2px 0 2px 1pt;text-align:left;vertical-align:bottom""><span style=""color:#000000;font-family:'Times New Roman',serif;font-size:10pt;font-weight:400;line-height:100%"">$</span></td><td style=""background-color:#cceeff;border-top:1pt solid #000;padding:2px 0;text-align:right;vertical-align:bottom""><span style=""color:#000000;font-family:'Times New Roman',serif;font-size:10pt;font-weight:400;line-height:100%"">2 </span></td><td style=""background-color:#cceeff;border-top:1pt solid #000;padding:2px 1pt 2px 0;text-align:right;vertical-align:bottom""></td><td colspan=""3"" style=""background-color:#cceeff;padding:0 1pt""></td><td style=""background-color:#cceeff;border-top:1pt solid #000;padding:2px 0 2px 1pt;text-align:left;vertical-align:bottom""><span style=""color:#000000;font-family:'Times New Roman',serif;font-size:10pt;font-weight:400;line-height:100%"">$</span></td><td style=""background-color:#cceeff;border-top:1pt solid #000;padding:2px 0;text-align:right;vertical-align:bottom""><span style=""color:#000000;font-family:'Times New Roman',serif;font-size:10pt;font-weight:400;line-height:100%"">2 </span></td><td style=""background-color:#cceeff;border-top:1pt solid #000;padding:2px 1pt 2px 0;text-align:right;vertical-align:bottom""></td><td colspan=""3"" style=""display:none""></td><td colspan=""3"" style=""display:none""></td></tr><tr><td colspan=""3"" style=""background-color:#ffffff;padding:2px 1pt;text-align:left;vertical-align:bottom""><div><span style=""color:#000000;font-family:'Times New Roman',serif;font-size:10pt;font-weight:400;line-height:100%"">Dividend income</span></div></td><td style=""background-color:#ffffff;padding:2px 0 2px 1pt;text-align:left;vertical-align:bottom""><span style=""color:#000000;font-family:'Times New Roman',serif;font-size:10pt;font-weight:400;line-height:100%"">$</span></td><td style=""background-color:#ffffff;padding:2px 0;text-align:right;vertical-align:bottom""><span style=""color:#000000;font-family:'Times New Roman',serif;font-size:10pt;font-weight:400;line-height:100%"">73 </span></td><td style=""background-color:#ffffff;padding:2px 1pt 2px 0;text-align:right;vertical-align:bottom""></td><td colspan=""3"" style=""background-color:#ffffff;padding:0 1pt""></td><td style=""background-color:#ffffff;padding:2px 0 2px 1pt;text-align:left;vertical-align:bottom""><span style=""color:#000000;font-family:'Times New Roman',serif;font-size:10pt;font-weight:400;line-height:100%"">$</span></td><td style=""background-color:#ffffff;padding:2px 0;text-align:right;vertical-align:bottom""><span style=""color:#000000;font-family:'Times New Roman',serif;font-size:10pt;font-weight:400;line-height:100%"">69 </span></td><td style=""background-color:#ffffff;padding:2px 1pt 2px 0;text-align:right;vertical-align:bottom""></td><td colspan=""3"" style=""background-color:#ffffff;padding:0 1pt""></td><td style=""background-color:#ffffff;padding:2px 0 2px 1pt;text-align:left;vertical-align:bottom""><span style=""color:#000000;font-family:'Times New Roman',serif;font-size:10pt;font-weight:400;line-height:100%"">$</span></td><td style=""background-color:#ffffff;padding:2px 0;text-align:right;vertical-align:bottom""><span style=""color:#000000;font-family:'Times New Roman',serif;font-size:10pt;font-weight:400;line-height:100%"">219 </span></td><td style=""background-color:#ffffff;padding:2px 1pt 2px 0;text-align:right;vertical-align:bottom""></td><td colspan=""3"" style=""background-color:#ffffff;padding:0 1pt""></td><td style=""background-color:#ffffff;padding:2px 0 2px 1pt;text-align:left;vertical-align:bottom""><span style=""color:#000000;font-family:'Times New Roman',serif;font-size:10pt;font-weight:400;line-height:100%"">$</span></td><td style=""background-color:#ffffff;padding:2px 0;text-align:right;vertical-align:bottom""><span style=""color:#000000;font-family:'Times New Roman',serif;font-size:10pt;font-weight:400;line-height:100%"">204 </span></td><td style=""background-color:#ffffff;padding:2px 1pt 2px 0;text-align:right;vertical-align:bottom""></td><td colspan=""3"" style=""display:none""></td><td colspan=""3"" style=""display:none""></td></tr><tr><td colspan=""3"" style=""display:none""></td><td colspan=""3"" style=""display:none""></td><td colspan=""3"" style=""display:none""></td><td colspan=""3"" style=""display:none""></td><td colspan=""3"" style=""display:none""></td><td colspan=""3"" style=""display:none""></td><td colspan=""3"" style=""display:none""></td><td colspan=""3"" style=""display:none""></td><td colspan=""3"" style=""display:none""></td><td colspan=""3"" style=""display:none""></td></tr></table></div><div style=""padding-left:2.25pt;padding-right:9pt;text-indent:36pt""><span style=""color:#000000;font-family:'Times New Roman',serif;font-size:10pt;font-weight:400;line-height:120%"">The interest income, capital structuring service fees and other income earned with respect to the Company’s investment in the SDLP Certificates for the three and nine months ended September 30, 2025 and 2024 were as follows:</span></div><div style=""padding-left:2.25pt;padding-right:9pt;text-indent:36pt""><span><br/></span></div><div style=""padding-left:2.25pt;padding-right:9pt""><table style=""border-collapse:collapse;display:inline-table;margin-bottom:5pt;vertical-align:text-bottom;width:99.561%""><tr><td style=""width:1.0%""></td><td style=""width:36.638%""></td><td style=""width:0.1%""></td><td style=""width:1.0%""></td><td style=""width:14.024%""></td><td style=""width:0.1%""></td><td style=""width:0.1%""></td><td style=""width:0.387%""></td><td style=""width:0.1%""></td><td style=""width:1.0%""></td><td style=""width:14.024%""></td><td style=""width:0.1%""></td><td style=""width:0.1%""></td><td style=""width:0.387%""></td><td style=""width:0.1%""></td><td colspan=""3"" style=""display:none""></td><td colspan=""3"" style=""display:none""></td><td style=""width:1.0%""></td><td style=""width:14.024%""></td><td style=""width:0.1%""></td><td style=""width:0.1%""></td><td style=""width:0.387%""></td><td style=""width:0.1%""></td><td style=""width:1.0%""></td><td style=""width:14.029%""></td><td style=""width:0.1%""></td></tr><tr><td colspan=""3"" style=""padding:0 1pt""></td><td colspan=""9"" style=""padding:2px 1pt;text-align:center;vertical-align:bottom""><span style=""color:#000000;font-family:'Times New Roman',serif;font-size:8pt;font-weight:700;line-height:100%"">For the Three Months Ended September 30,</span></td><td colspan=""3"" style=""padding:0 1pt""></td><td colspan=""3"" style=""display:none""></td><td colspan=""3"" style=""display:none""></td><td colspan=""9"" style=""padding:2px 1pt;text-align:center;vertical-align:bottom""><span style=""color:#000000;font-family:'Times New Roman',serif;font-size:8pt;font-weight:700;line-height:100%"">For the Nine Months Ended September 30,</span></td></tr><tr><td colspan=""3"" style=""padding:0 1pt""></td><td colspan=""3"" style=""border-top:1pt solid #000000;padding:2px 1pt;text-align:center;vertical-align:bottom""><span style=""color:#000000;font-family:'Times New Roman',serif;font-size:8pt;font-weight:700;line-height:100%"">2025</span></td><td colspan=""3"" style=""border-top:1pt solid #000000;padding:0 1pt""></td><td colspan=""3"" style=""border-top:1pt solid #000000;padding:2px 1pt;text-align:center;vertical-align:bottom""><span style=""color:#000000;font-family:'Times New Roman',serif;font-size:8pt;font-weight:700;line-height:100%"">2024</span></td><td colspan=""3"" style=""padding:0 1pt""></td><td colspan=""3"" style=""display:none""></td><td colspan=""3"" style=""display:none""></td><td colspan=""3"" style=""border-top:1pt solid #000;padding:2px 1pt;text-align:center;vertical-align:bottom""><span style=""color:#000000;font-family:'Times New Roman',serif;font-size:8pt;font-weight:700;line-height:100%"">2025</span></td><td colspan=""3"" style=""border-top:1pt solid #000;padding:0 1pt""></td><td colspan=""3"" style=""border-top:1pt solid #000;padding:2px 1pt;text-align:center;vertical-align:bottom""><span style=""color:#000000;font-family:'Times New Roman',serif;font-size:8pt;font-weight:700;line-height:100%"">2024</span></td></tr><tr><td colspan=""3"" style=""background-color:#cceeff;padding:2px 1pt;text-align:left;vertical-align:bottom""><div><span style=""color:#000000;font-family:'Times New Roman',serif;font-size:10pt;font-weight:400;line-height:100%"">Interest income</span></div></td><td style=""background-color:#cceeff;border-top:1pt solid #000000;padding:2px 0 2px 1pt;text-align:left;vertical-align:bottom""><span style=""color:#000000;font-family:'Times New Roman',serif;font-size:10pt;font-weight:400;line-height:100%"">$</span></td><td style=""background-color:#cceeff;border-top:1pt solid #000000;padding:2px 0;text-align:right;vertical-align:bottom""><span style=""color:#000000;font-family:'Times New Roman',serif;font-size:10pt;font-weight:400;line-height:100%"">34 </span></td><td style=""background-color:#cceeff;border-top:1pt solid #000000;padding:2px 1pt 2px 0;text-align:right;vertical-align:bottom""></td><td colspan=""3"" style=""background-color:#cceeff;padding:0 1pt""></td><td style=""background-color:#cceeff;border-top:1pt solid #000000;padding:2px 0 2px 1pt;text-align:left;vertical-align:bottom""><span style=""color:#000000;font-family:'Times New Roman',serif;font-size:10pt;font-weight:400;line-height:100%"">$</span></td><td style=""background-color:#cceeff;border-top:1pt solid #000000;padding:2px 0;text-align:right;vertical-align:bottom""><span style=""color:#000000;font-family:'Times New Roman',serif;font-size:10pt;font-weight:400;line-height:100%"">43 </span></td><td style=""background-color:#cceeff;border-top:1pt solid #000000;padding:2px 1pt 2px 0;text-align:right;vertical-align:bottom""></td><td colspan=""3"" style=""background-color:#cceeff;padding:0 1pt""></td><td colspan=""3"" style=""display:none""></td><td colspan=""3"" style=""display:none""></td><td style=""background-color:#cceeff;border-top:1pt solid #000;padding:2px 0 2px 1pt;text-align:left;vertical-align:bottom""><span style=""color:#000000;font-family:'Times New Roman',serif;font-size:10pt;font-weight:400;line-height:100%"">$</span></td><td style=""background-color:#cceeff;border-top:1pt solid #000;padding:2px 0;text-align:right;vertical-align:bottom""><span style=""color:#000000;font-family:'Times New Roman',serif;font-size:10pt;font-weight:400;line-height:100%"">110 </span></td><td style=""background-color:#cceeff;border-top:1pt solid #000;padding:2px 1pt 2px 0;text-align:right;vertical-align:bottom""></td><td colspan=""3"" style=""background-color:#cceeff;padding:0 1pt""></td><td style=""background-color:#cceeff;border-top:1pt solid #000000;padding:2px 0 2px 1pt;text-align:left;vertical-align:bottom""><span style=""color:#000000;font-family:'Times New Roman',serif;font-size:10pt;font-weight:400;line-height:100%"">$</span></td><td style=""background-color:#cceeff;border-top:1pt solid #000000;padding:2px 0;text-align:right;vertical-align:bottom""><span style=""color:#000000;font-family:'Times New Roman',serif;font-size:10pt;font-weight:400;line-height:100%"">131 </span></td><td style=""background-color:#cceeff;border-top:1pt solid #000000;padding:2px 1pt 2px 0;text-align:right;vertical-align:bottom""></td></tr><tr><td colspan=""3"" style=""background-color:#ffffff;padding:2px 1pt;text-align:left;vertical-align:bottom""><div style=""padding-right:9pt""><span style=""color:#000000;font-family:'Times New Roman',serif;font-size:10pt;font-weight:400;line-height:100%"">Capital structuring service fees and other income</span></div></td><td style=""background-color:#ffffff;padding:2px 0 2px 1pt;text-align:left;vertical-align:bottom""><span style=""color:#000000;font-family:'Times New Roman',serif;font-size:10pt;font-weight:400;line-height:100%"">$</span></td><td style=""background-color:#ffffff;padding:2px 0;text-align:right;vertical-align:bottom""><span style=""color:#000000;font-family:'Times New Roman',serif;font-size:10pt;font-weight:400;line-height:100%"">2 </span></td><td style=""background-color:#ffffff;padding:2px 1pt 2px 0;text-align:right;vertical-align:bottom""></td><td colspan=""3"" style=""background-color:#ffffff;padding:0 1pt""></td><td style=""background-color:#ffffff;padding:2px 0 2px 1pt;text-align:left;vertical-align:bottom""><span style=""color:#000000;font-family:'Times New Roman',serif;font-size:10pt;font-weight:400;line-height:100%"">$</span></td><td style=""background-color:#ffffff;padding:2px 0;text-align:right;vertical-align:bottom""><span style=""color:#000000;font-family:'Times New Roman',serif;font-size:10pt;font-weight:400;line-height:100%"">4 </span></td><td style=""background-color:#ffffff;padding:2px 1pt 2px 0;text-align:right;vertical-align:bottom""></td><td colspan=""3"" style=""background-color:#ffffff;padding:0 1pt""></td><td colspan=""3"" style=""display:none""></td><td colspan=""3"" style=""display:none""></td><td style=""background-color:#ffffff;padding:2px 0 2px 1pt;text-align:left;vertical-align:bottom""><span style=""color:#000000;font-family:'Times New Roman',serif;font-size:10pt;font-weight:400;line-height:100%"">$</span></td><td style=""background-color:#ffffff;padding:2px 0;text-align:right;vertical-align:bottom""><span style=""color:#000000;font-family:'Times New Roman',serif;font-size:10pt;font-weight:400;line-height:100%"">7 </span></td><td style=""background-color:#ffffff;padding:2px 1pt 2px 0;text-align:right;vertical-align:bottom""></td><td colspan=""3"" style=""background-color:#ffffff;padding:0 1pt""></td><td style=""background-color:#ffffff;padding:2px 0 2px 1pt;text-align:left;vertical-align:bottom""><span style=""color:#000000;font-family:'Times New Roman',serif;font-size:10pt;font-weight:400;line-height:100%"">$</span></td><td style=""background-color:#ffffff;padding:2px 0;text-align:right;vertical-align:bottom""><span style=""color:#000000;font-family:'Times New Roman',serif;font-size:10pt;font-weight:400;line-height:100%"">9 </span></td><td style=""background-color:#ffffff;padding:2px 1pt 2px 0;text-align:right;vertical-align:bottom""></td></tr></table></div>",c-1,2025-01-01,2025-09-30,,272,,False,InterestIncomeAndInterestExpenseDisclosureTableTextBlock,
ARCC,2025-10-28,income_statement,income_statement,InterestIncomeOperating,InterestIncomeOperating,1000000,c-4644,2025-07-01,2025-09-30,,91,,False,InterestIncomeOperating,
ARCC,2025-10-28,income_statement,income_statement,InterestIncomeOperating,InterestIncomeOperating,1000000,c-4645,2024-07-01,2024-09-30,,91,,False,InterestIncomeOperating,
ARCC,2025-10-28,income_statement,income_statement,InterestIncomeOperating,InterestIncomeOperating,2000000,c-4646,2025-01-01,2025-09-30,,272,,False,InterestIncomeOperating,
ARCC,2025-10-28,income_statement,income_statement,InterestIncomeOperating,InterestIncomeOperating,2000000,c-4647,2024-01-01,2024-09-30,,273,,False,InterestIncomeOperating,
ARCC,2025-10-28,income_statement,income_statement,DividendIncomeOperating,DividendIncomeOperating,73000000,c-4644,2025-07-01,2025-09-30,,91,,False,DividendIncomeOperating,
ARCC,2025-10-28,income_statement,income_statement,DividendIncomeOperating,DividendIncomeOperating,69000000,c-4645,2024-07-01,2024-09-30,,91,,False,DividendIncomeOperating,
ARCC,2025-10-28,income_statement,income_statement,DividendIncomeOperating,DividendIncomeOperating,219000000,c-4646,2025-01-01,2025-09-30,,272,,False,DividendIncomeOperating,
ARCC,2025-10-28,income_statement,income_statement,DividendIncomeOperating,DividendIncomeOperating,204000000,c-4647,2024-01-01,2024-09-30,,273,,False,DividendIncomeOperating,
ARCC,2025-10-28,income_statement,income_statement,AccumulatedOtherComprehensiveIncomeLossNetOfTax,AccumulatedOtherComprehensiveIncomeLossNetOfTax,-48000000,c-4650,,,2025-09-30,,,False,AccumulatedOtherComprehensiveIncomeLossNetOfTax,
ARCC,2025-10-28,income_statement,income_statement,AccumulatedOtherComprehensiveIncomeLossNetOfTax,AccumulatedOtherComprehensiveIncomeLossNetOfTax,0,c-4651,,,2025-09-30,,,False,AccumulatedOtherComprehensiveIncomeLossNetOfTax,
ARCC,2025-10-28,income_statement,income_statement,AccumulatedOtherComprehensiveIncomeLossNetOfTax,AccumulatedOtherComprehensiveIncomeLossNetOfTax,0,c-4652,,,2025-09-30,,,False,AccumulatedOtherComprehensiveIncomeLossNetOfTax,
ARCC,2025-10-28,income_statement,income_statement,AccumulatedOtherComprehensiveIncomeLossNetOfTax,AccumulatedOtherComprehensiveIncomeLossNetOfTax,-48000000,c-4633,,,2025-09-30,,,False,AccumulatedOtherComprehensiveIncomeLossNetOfTax,
ARCC,2025-10-28,income_statement,income_statement,AccumulatedOtherComprehensiveIncomeLossNetOfTax,AccumulatedOtherComprehensiveIncomeLossNetOfTax,-79000000,c-4653,,,2024-12-31,,,False,AccumulatedOtherComprehensiveIncomeLossNetOfTax,
ARCC,2025-10-28,income_statement,income_statement,AccumulatedOtherComprehensiveIncomeLossNetOfTax,AccumulatedOtherComprehensiveIncomeLossNetOfTax,0,c-4654,,,2024-12-31,,,False,AccumulatedOtherComprehensiveIncomeLossNetOfTax,
ARCC,2025-10-28,income_statement,income_statement,AccumulatedOtherComprehensiveIncomeLossNetOfTax,AccumulatedOtherComprehensiveIncomeLossNetOfTax,0,c-4655,,,2024-12-31,,,False,AccumulatedOtherComprehensiveIncomeLossNetOfTax,
ARCC,2025-10-28,income_statement,income_statement,AccumulatedOtherComprehensiveIncomeLossNetOfTax,AccumulatedOtherComprehensiveIncomeLossNetOfTax,-79000000,c-4634,,,2024-12-31,,,False,AccumulatedOtherComprehensiveIncomeLossNetOfTax,
ARCC,2025-10-28,income_statement,income_statement,InterestAndDividendIncomeSecurities,InterestAndDividendIncomeSecurities,84000000,c-4635,2025-07-01,2025-09-30,,91,,False,InterestAndDividendIncomeSecurities,
ARCC,2025-10-28,income_statement,income_statement,InterestAndDividendIncomeSecurities,InterestAndDividendIncomeSecurities,238000000,c-4658,2025-07-01,2025-09-30,,91,,False,InterestAndDividendIncomeSecurities,
ARCC,2025-10-28,income_statement,income_statement,InterestAndDividendIncomeSecurities,InterestAndDividendIncomeSecurities,-82000000,c-4659,2025-07-01,2025-09-30,,91,,False,InterestAndDividendIncomeSecurities,
ARCC,2025-10-28,income_statement,income_statement,InterestAndDividendIncomeSecurities,InterestAndDividendIncomeSecurities,240000000,c-4644,2025-07-01,2025-09-30,,91,,False,InterestAndDividendIncomeSecurities,
ARCC,2025-10-28,income_statement,income_statement,OtherIncome,OtherIncome,2000000,c-4658,2025-07-01,2025-09-30,,91,,False,OtherIncome,
ARCC,2025-10-28,income_statement,income_statement,OtherIncome,OtherIncome,-14000000,c-4659,2025-07-01,2025-09-30,,91,,False,OtherIncome,
ARCC,2025-10-28,income_statement,income_statement,OtherIncome,OtherIncome,3000000,c-4644,2025-07-01,2025-09-30,,91,,False,OtherIncome,
ARCC,2025-10-28,income_statement,income_statement,GrossInvestmentIncomeOperating,GrossInvestmentIncomeOperating,99000000,c-4635,2025-07-01,2025-09-30,,91,,False,GrossInvestmentIncomeOperating,
ARCC,2025-10-28,income_statement,income_statement,GrossInvestmentIncomeOperating,GrossInvestmentIncomeOperating,240000000,c-4658,2025-07-01,2025-09-30,,91,,False,GrossInvestmentIncomeOperating,
ARCC,2025-10-28,income_statement,income_statement,GrossInvestmentIncomeOperating,GrossInvestmentIncomeOperating,-96000000,c-4659,2025-07-01,2025-09-30,,91,,False,GrossInvestmentIncomeOperating,
ARCC,2025-10-28,income_statement,income_statement,GrossInvestmentIncomeOperating,GrossInvestmentIncomeOperating,243000000,c-4644,2025-07-01,2025-09-30,,91,,False,GrossInvestmentIncomeOperating,
ARCC,2025-10-28,income_statement,income_statement,InterestExpense,InterestExpense,18000000,c-4635,2025-07-01,2025-09-30,,91,,False,InterestExpense,
ARCC,2025-10-28,income_statement,income_statement,InterestExpense,InterestExpense,124000000,c-4658,2025-07-01,2025-09-30,,91,,False,InterestExpense,
ARCC,2025-10-28,income_statement,income_statement,InterestExpense,InterestExpense,0,c-4659,2025-07-01,2025-09-30,,91,,False,InterestExpense,
ARCC,2025-10-28,income_statement,income_statement,InterestExpense,InterestExpense,142000000,c-4644,2025-07-01,2025-09-30,,91,,False,InterestExpense,
ARCC,2025-10-28,income_statement,income_statement,DistributionExpense,DistributionExpense,0,c-4635,2025-07-01,2025-09-30,,91,,False,DistributionExpense,
ARCC,2025-10-28,income_statement,income_statement,DistributionExpense,DistributionExpense,97000000,c-4658,2025-07-01,2025-09-30,,91,,False,DistributionExpense,
ARCC,2025-10-28,income_statement,income_statement,DistributionExpense,DistributionExpense,-84000000,c-4659,2025-07-01,2025-09-30,,91,,False,DistributionExpense,
ARCC,2025-10-28,income_statement,income_statement,DistributionExpense,DistributionExpense,13000000,c-4644,2025-07-01,2025-09-30,,91,,False,DistributionExpense,
ARCC,2025-10-28,income_statement,income_statement,OtherExpenses,OtherExpenses,4000000,c-4635,2025-07-01,2025-09-30,,91,,False,OtherExpenses,
ARCC,2025-10-28,income_statement,income_statement,OtherExpenses,OtherExpenses,16000000,c-4658,2025-07-01,2025-09-30,,91,,False,OtherExpenses,
ARCC,2025-10-28,income_statement,income_statement,OtherExpenses,OtherExpenses,-14000000,c-4659,2025-07-01,2025-09-30,,91,,False,OtherExpenses,
ARCC,2025-10-28,income_statement,income_statement,OtherExpenses,OtherExpenses,6000000,c-4644,2025-07-01,2025-09-30,,91,,False,OtherExpenses,
ARCC,2025-10-28,income_statement,income_statement,CostsAndExpenses,CostsAndExpenses,22000000,c-4635,2025-07-01,2025-09-30,,91,,False,CostsAndExpenses,
ARCC,2025-10-28,income_statement,income_statement,CostsAndExpenses,CostsAndExpenses,237000000,c-4658,2025-07-01,2025-09-30,,91,,False,CostsAndExpenses,
ARCC,2025-10-28,income_statement,income_statement,CostsAndExpenses,CostsAndExpenses,-98000000,c-4659,2025-07-01,2025-09-30,,91,,False,CostsAndExpenses,
ARCC,2025-10-28,income_statement,income_statement,CostsAndExpenses,CostsAndExpenses,161000000,c-4644,2025-07-01,2025-09-30,,91,,False,CostsAndExpenses,
ARCC,2025-10-28,income_statement,income_statement,OperatingIncomeLoss,OperatingIncomeLoss,77000000,c-4635,2025-07-01,2025-09-30,,91,,False,OperatingIncomeLoss,
ARCC,2025-10-28,income_statement,income_statement,OperatingIncomeLoss,OperatingIncomeLoss,3000000,c-4658,2025-07-01,2025-09-30,,91,,False,OperatingIncomeLoss,
ARCC,2025-10-28,income_statement,income_statement,OperatingIncomeLoss,OperatingIncomeLoss,2000000,c-4659,2025-07-01,2025-09-30,,91,,False,OperatingIncomeLoss,
ARCC,2025-10-28,income_statement,income_statement,OperatingIncomeLoss,OperatingIncomeLoss,82000000,c-4644,2025-07-01,2025-09-30,,91,,False,OperatingIncomeLoss,
ARCC,2025-10-28,income_statement,income_statement,NetIncomeLossAttributableToNoncontrollingInterest,NetIncomeLossAttributableToNoncontrollingInterest,0,c-4635,2025-07-01,2025-09-30,,91,,False,NetIncomeLossAttributableToNoncontrollingInterest,
ARCC,2025-10-28,income_statement,income_statement,NetIncomeLossAttributableToNoncontrollingInterest,NetIncomeLossAttributableToNoncontrollingInterest,-15000000,c-4658,2025-07-01,2025-09-30,,91,,False,NetIncomeLossAttributableToNoncontrollingInterest,
ARCC,2025-10-28,income_statement,income_statement,NetIncomeLossAttributableToNoncontrollingInterest,NetIncomeLossAttributableToNoncontrollingInterest,12000000,c-4659,2025-07-01,2025-09-30,,91,,False,NetIncomeLossAttributableToNoncontrollingInterest,
ARCC,2025-10-28,income_statement,income_statement,NetIncomeLossAttributableToNoncontrollingInterest,NetIncomeLossAttributableToNoncontrollingInterest,-3000000,c-4644,2025-07-01,2025-09-30,,91,,False,NetIncomeLossAttributableToNoncontrollingInterest,
ARCC,2025-10-28,income_statement,income_statement,NetIncomeLoss,NetIncomeLoss,66000000,c-4635,2025-07-01,2025-09-30,,91,,False,NetIncomeLoss,
ARCC,2025-10-28,income_statement,income_statement,NetIncomeLoss,NetIncomeLoss,0,c-4658,2025-07-01,2025-09-30,,91,,False,NetIncomeLoss,
ARCC,2025-10-28,income_statement,income_statement,NetIncomeLoss,NetIncomeLoss,0,c-4659,2025-07-01,2025-09-30,,91,,False,NetIncomeLoss,
ARCC,2025-10-28,income_statement,income_statement,NetIncomeLoss,NetIncomeLoss,66000000,c-4644,2025-07-01,2025-09-30,,91,,False,NetIncomeLoss,
ARCC,2025-10-28,income_statement,income_statement,InterestAndDividendIncomeSecurities,InterestAndDividendIncomeSecurities,228000000,c-4636,2025-01-01,2025-09-30,,272,,False,InterestAndDividendIncomeSecurities,
ARCC,2025-10-28,income_statement,income_statement,InterestAndDividendIncomeSecurities,InterestAndDividendIncomeSecurities,687000000,c-4660,2025-01-01,2025-09-30,,272,,False,InterestAndDividendIncomeSecurities,
ARCC,2025-10-28,income_statement,income_statement,InterestAndDividendIncomeSecurities,InterestAndDividendIncomeSecurities,-223000000,c-4661,2025-01-01,2025-09-30,,272,,False,InterestAndDividendIncomeSecurities,
ARCC,2025-10-28,income_statement,income_statement,InterestAndDividendIncomeSecurities,InterestAndDividendIncomeSecurities,692000000,c-4646,2025-01-01,2025-09-30,,272,,False,InterestAndDividendIncomeSecurities,
ARCC,2025-10-28,income_statement,income_statement,OtherIncome,OtherIncome,6000000,c-4660,2025-01-01,2025-09-30,,272,,False,OtherIncome,
ARCC,2025-10-28,income_statement,income_statement,OtherIncome,OtherIncome,-37000000,c-4661,2025-01-01,2025-09-30,,272,,False,OtherIncome,
ARCC,2025-10-28,income_statement,income_statement,OtherIncome,OtherIncome,8000000,c-4646,2025-01-01,2025-09-30,,272,,False,OtherIncome,
ARCC,2025-10-28,income_statement,income_statement,GrossInvestmentIncomeOperating,GrossInvestmentIncomeOperating,267000000,c-4636,2025-01-01,2025-09-30,,272,,False,GrossInvestmentIncomeOperating,
ARCC,2025-10-28,income_statement,income_statement,GrossInvestmentIncomeOperating,GrossInvestmentIncomeOperating,693000000,c-4660,2025-01-01,2025-09-30,,272,,False,GrossInvestmentIncomeOperating,
ARCC,2025-10-28,income_statement,income_statement,GrossInvestmentIncomeOperating,GrossInvestmentIncomeOperating,-260000000,c-4661,2025-01-01,2025-09-30,,272,,False,GrossInvestmentIncomeOperating,
ARCC,2025-10-28,income_statement,income_statement,GrossInvestmentIncomeOperating,GrossInvestmentIncomeOperating,700000000,c-4646,2025-01-01,2025-09-30,,272,,False,GrossInvestmentIncomeOperating,
ARCC,2025-10-28,income_statement,income_statement,InterestExpense,InterestExpense,41000000,c-4636,2025-01-01,2025-09-30,,272,,False,InterestExpense,
ARCC,2025-10-28,income_statement,income_statement,InterestExpense,InterestExpense,362000000,c-4660,2025-01-01,2025-09-30,,272,,False,InterestExpense,
ARCC,2025-10-28,income_statement,income_statement,InterestExpense,InterestExpense,0,c-4661,2025-01-01,2025-09-30,,272,,False,InterestExpense,
ARCC,2025-10-28,income_statement,income_statement,InterestExpense,InterestExpense,403000000,c-4646,2025-01-01,2025-09-30,,272,,False,InterestExpense,
ARCC,2025-10-28,income_statement,income_statement,DistributionExpense,DistributionExpense,0,c-4636,2025-01-01,2025-09-30,,272,,False,DistributionExpense,
ARCC,2025-10-28,income_statement,income_statement,DistributionExpense,DistributionExpense,161000000,c-4660,2025-01-01,2025-09-30,,272,,False,DistributionExpense,
ARCC,2025-10-28,income_statement,income_statement,DistributionExpense,DistributionExpense,-130000000,c-4661,2025-01-01,2025-09-30,,272,,False,DistributionExpense,
ARCC,2025-10-28,income_statement,income_statement,DistributionExpense,DistributionExpense,31000000,c-4646,2025-01-01,2025-09-30,,272,,False,DistributionExpense,
ARCC,2025-10-28,income_statement,income_statement,OtherExpenses,OtherExpenses,12000000,c-4636,2025-01-01,2025-09-30,,272,,False,OtherExpenses,
ARCC,2025-10-28,income_statement,income_statement,OtherExpenses,OtherExpenses,44000000,c-4660,2025-01-01,2025-09-30,,272,,False,OtherExpenses,
ARCC,2025-10-28,income_statement,income_statement,OtherExpenses,OtherExpenses,-37000000,c-4661,2025-01-01,2025-09-30,,272,,False,OtherExpenses,
ARCC,2025-10-28,income_statement,income_statement,OtherExpenses,OtherExpenses,19000000,c-4646,2025-01-01,2025-09-30,,272,,False,OtherExpenses,
ARCC,2025-10-28,income_statement,income_statement,CostsAndExpenses,CostsAndExpenses,53000000,c-4636,2025-01-01,2025-09-30,,272,,False,CostsAndExpenses,
ARCC,2025-10-28,income_statement,income_statement,CostsAndExpenses,CostsAndExpenses,567000000,c-4660,2025-01-01,2025-09-30,,272,,False,CostsAndExpenses,
ARCC,2025-10-28,income_statement,income_statement,CostsAndExpenses,CostsAndExpenses,-167000000,c-4661,2025-01-01,2025-09-30,,272,,False,CostsAndExpenses,
ARCC,2025-10-28,income_statement,income_statement,CostsAndExpenses,CostsAndExpenses,453000000,c-4646,2025-01-01,2025-09-30,,272,,False,CostsAndExpenses,
ARCC,2025-10-28,income_statement,income_statement,OperatingIncomeLoss,OperatingIncomeLoss,214000000,c-4636,2025-01-01,2025-09-30,,272,,False,OperatingIncomeLoss,
ARCC,2025-10-28,income_statement,income_statement,OperatingIncomeLoss,OperatingIncomeLoss,126000000,c-4660,2025-01-01,2025-09-30,,272,,False,OperatingIncomeLoss,
ARCC,2025-10-28,income_statement,income_statement,OperatingIncomeLoss,OperatingIncomeLoss,-93000000,c-4661,2025-01-01,2025-09-30,,272,,False,OperatingIncomeLoss,
ARCC,2025-10-28,income_statement,income_statement,OperatingIncomeLoss,OperatingIncomeLoss,247000000,c-4646,2025-01-01,2025-09-30,,272,,False,OperatingIncomeLoss,
ARCC,2025-10-28,income_statement,income_statement,NetIncomeLossAttributableToNoncontrollingInterest,NetIncomeLossAttributableToNoncontrollingInterest,0,c-4636,2025-01-01,2025-09-30,,272,,False,NetIncomeLossAttributableToNoncontrollingInterest,
ARCC,2025-10-28,income_statement,income_statement,NetIncomeLossAttributableToNoncontrollingInterest,NetIncomeLossAttributableToNoncontrollingInterest,55000000,c-4660,2025-01-01,2025-09-30,,272,,False,NetIncomeLossAttributableToNoncontrollingInterest,
ARCC,2025-10-28,income_statement,income_statement,NetIncomeLossAttributableToNoncontrollingInterest,NetIncomeLossAttributableToNoncontrollingInterest,-106000000,c-4661,2025-01-01,2025-09-30,,272,,False,NetIncomeLossAttributableToNoncontrollingInterest,
ARCC,2025-10-28,income_statement,income_statement,NetIncomeLossAttributableToNoncontrollingInterest,NetIncomeLossAttributableToNoncontrollingInterest,-51000000,c-4646,2025-01-01,2025-09-30,,272,,False,NetIncomeLossAttributableToNoncontrollingInterest,
ARCC,2025-10-28,income_statement,income_statement,NetIncomeLoss,NetIncomeLoss,216000000,c-4636,2025-01-01,2025-09-30,,272,,False,NetIncomeLoss,
ARCC,2025-10-28,income_statement,income_statement,NetIncomeLoss,NetIncomeLoss,0,c-4660,2025-01-01,2025-09-30,,272,,False,NetIncomeLoss,
ARCC,2025-10-28,income_statement,income_statement,NetIncomeLoss,NetIncomeLoss,0,c-4661,2025-01-01,2025-09-30,,272,,False,NetIncomeLoss,
ARCC,2025-10-28,income_statement,income_statement,NetIncomeLoss,NetIncomeLoss,216000000,c-4646,2025-01-01,2025-09-30,,272,,False,NetIncomeLoss,
ARCC,2025-10-28,income_statement,income_statement,InterestAndDividendIncomeSecurities,InterestAndDividendIncomeSecurities,77000000,c-4637,2024-07-01,2024-09-30,,91,,False,InterestAndDividendIncomeSecurities,
ARCC,2025-10-28,income_statement,income_statement,InterestAndDividendIncomeSecurities,InterestAndDividendIncomeSecurities,251000000,c-4662,2024-07-01,2024-09-30,,91,,False,InterestAndDividendIncomeSecurities,
ARCC,2025-10-28,income_statement,income_statement,InterestAndDividendIncomeSecurities,InterestAndDividendIncomeSecurities,-75000000,c-4663,2024-07-01,2024-09-30,,91,,False,InterestAndDividendIncomeSecurities,
ARCC,2025-10-28,income_statement,income_statement,InterestAndDividendIncomeSecurities,InterestAndDividendIncomeSecurities,253000000,c-4645,2024-07-01,2024-09-30,,91,,False,InterestAndDividendIncomeSecurities,
ARCC,2025-10-28,income_statement,income_statement,OtherIncome,OtherIncome,2000000,c-4662,2024-07-01,2024-09-30,,91,,False,OtherIncome,
ARCC,2025-10-28,income_statement,income_statement,OtherIncome,OtherIncome,-12000000,c-4663,2024-07-01,2024-09-30,,91,,False,OtherIncome,
ARCC,2025-10-28,income_statement,income_statement,OtherIncome,OtherIncome,3000000,c-4645,2024-07-01,2024-09-30,,91,,False,OtherIncome,
ARCC,2025-10-28,income_statement,income_statement,GrossInvestmentIncomeOperating,GrossInvestmentIncomeOperating,90000000,c-4637,2024-07-01,2024-09-30,,91,,False,GrossInvestmentIncomeOperating,
ARCC,2025-10-28,income_statement,income_statement,GrossInvestmentIncomeOperating,GrossInvestmentIncomeOperating,253000000,c-4662,2024-07-01,2024-09-30,,91,,False,GrossInvestmentIncomeOperating,
ARCC,2025-10-28,income_statement,income_statement,GrossInvestmentIncomeOperating,GrossInvestmentIncomeOperating,-87000000,c-4663,2024-07-01,2024-09-30,,91,,False,GrossInvestmentIncomeOperating,
ARCC,2025-10-28,income_statement,income_statement,GrossInvestmentIncomeOperating,GrossInvestmentIncomeOperating,256000000,c-4645,2024-07-01,2024-09-30,,91,,False,GrossInvestmentIncomeOperating,
ARCC,2025-10-28,income_statement,income_statement,InterestExpense,InterestExpense,10000000,c-4637,2024-07-01,2024-09-30,,91,,False,InterestExpense,
ARCC,2025-10-28,income_statement,income_statement,InterestExpense,InterestExpense,139000000,c-4662,2024-07-01,2024-09-30,,91,,False,InterestExpense,
ARCC,2025-10-28,income_statement,income_statement,InterestExpense,InterestExpense,0,c-4663,2024-07-01,2024-09-30,,91,,False,InterestExpense,
ARCC,2025-10-28,income_statement,income_statement,InterestExpense,InterestExpense,149000000,c-4645,2024-07-01,2024-09-30,,91,,False,InterestExpense,
ARCC,2025-10-28,income_statement,income_statement,DistributionExpense,DistributionExpense,0,c-4637,2024-07-01,2024-09-30,,91,,False,DistributionExpense,
ARCC,2025-10-28,income_statement,income_statement,DistributionExpense,DistributionExpense,49000000,c-4662,2024-07-01,2024-09-30,,91,,False,DistributionExpense,
ARCC,2025-10-28,income_statement,income_statement,DistributionExpense,DistributionExpense,-37000000,c-4663,2024-07-01,2024-09-30,,91,,False,DistributionExpense,
ARCC,2025-10-28,income_statement,income_statement,DistributionExpense,DistributionExpense,12000000,c-4645,2024-07-01,2024-09-30,,91,,False,DistributionExpense,
ARCC,2025-10-28,income_statement,income_statement,OtherExpenses,OtherExpenses,4000000,c-4637,2024-07-01,2024-09-30,,91,,False,OtherExpenses,
ARCC,2025-10-28,income_statement,income_statement,OtherExpenses,OtherExpenses,14000000,c-4662,2024-07-01,2024-09-30,,91,,False,OtherExpenses,
ARCC,2025-10-28,income_statement,income_statement,OtherExpenses,OtherExpenses,-12000000,c-4663,2024-07-01,2024-09-30,,91,,False,OtherExpenses,
ARCC,2025-10-28,income_statement,income_statement,OtherExpenses,OtherExpenses,6000000,c-4645,2024-07-01,2024-09-30,,91,,False,OtherExpenses,
ARCC,2025-10-28,income_statement,income_statement,CostsAndExpenses,CostsAndExpenses,14000000,c-4637,2024-07-01,2024-09-30,,91,,False,CostsAndExpenses,
ARCC,2025-10-28,income_statement,income_statement,CostsAndExpenses,CostsAndExpenses,202000000,c-4662,2024-07-01,2024-09-30,,91,,False,CostsAndExpenses,
ARCC,2025-10-28,income_statement,income_statement,CostsAndExpenses,CostsAndExpenses,-49000000,c-4663,2024-07-01,2024-09-30,,91,,False,CostsAndExpenses,
ARCC,2025-10-28,income_statement,income_statement,CostsAndExpenses,CostsAndExpenses,167000000,c-4645,2024-07-01,2024-09-30,,91,,False,CostsAndExpenses,
ARCC,2025-10-28,income_statement,income_statement,OperatingIncomeLoss,OperatingIncomeLoss,76000000,c-4637,2024-07-01,2024-09-30,,91,,False,OperatingIncomeLoss,
ARCC,2025-10-28,income_statement,income_statement,OperatingIncomeLoss,OperatingIncomeLoss,51000000,c-4662,2024-07-01,2024-09-30,,91,,False,OperatingIncomeLoss,
ARCC,2025-10-28,income_statement,income_statement,OperatingIncomeLoss,OperatingIncomeLoss,-38000000,c-4663,2024-07-01,2024-09-30,,91,,False,OperatingIncomeLoss,
ARCC,2025-10-28,income_statement,income_statement,OperatingIncomeLoss,OperatingIncomeLoss,89000000,c-4645,2024-07-01,2024-09-30,,91,,False,OperatingIncomeLoss,
ARCC,2025-10-28,income_statement,income_statement,NetIncomeLossAttributableToNoncontrollingInterest,NetIncomeLossAttributableToNoncontrollingInterest,0,c-4637,2024-07-01,2024-09-30,,91,,False,NetIncomeLossAttributableToNoncontrollingInterest,
ARCC,2025-10-28,income_statement,income_statement,NetIncomeLossAttributableToNoncontrollingInterest,NetIncomeLossAttributableToNoncontrollingInterest,53000000,c-4662,2024-07-01,2024-09-30,,91,,False,NetIncomeLossAttributableToNoncontrollingInterest,
ARCC,2025-10-28,income_statement,income_statement,NetIncomeLossAttributableToNoncontrollingInterest,NetIncomeLossAttributableToNoncontrollingInterest,-26000000,c-4663,2024-07-01,2024-09-30,,91,,False,NetIncomeLossAttributableToNoncontrollingInterest,
ARCC,2025-10-28,income_statement,income_statement,NetIncomeLossAttributableToNoncontrollingInterest,NetIncomeLossAttributableToNoncontrollingInterest,27000000,c-4645,2024-07-01,2024-09-30,,91,,False,NetIncomeLossAttributableToNoncontrollingInterest,
ARCC,2025-10-28,income_statement,income_statement,NetIncomeLoss,NetIncomeLoss,66000000,c-4637,2024-07-01,2024-09-30,,91,,False,NetIncomeLoss,
ARCC,2025-10-28,income_statement,income_statement,NetIncomeLoss,NetIncomeLoss,0,c-4662,2024-07-01,2024-09-30,,91,,False,NetIncomeLoss,
ARCC,2025-10-28,income_statement,income_statement,NetIncomeLoss,NetIncomeLoss,0,c-4663,2024-07-01,2024-09-30,,91,,False,NetIncomeLoss,
ARCC,2025-10-28,income_statement,income_statement,NetIncomeLoss,NetIncomeLoss,66000000,c-4645,2024-07-01,2024-09-30,,91,,False,NetIncomeLoss,
ARCC,2025-10-28,income_statement,income_statement,InterestAndDividendIncomeSecurities,InterestAndDividendIncomeSecurities,263000000,c-4638,2024-01-01,2024-09-30,,273,,False,InterestAndDividendIncomeSecurities,
ARCC,2025-10-28,income_statement,income_statement,InterestAndDividendIncomeSecurities,InterestAndDividendIncomeSecurities,784000000,c-4664,2024-01-01,2024-09-30,,273,,False,InterestAndDividendIncomeSecurities,
ARCC,2025-10-28,income_statement,income_statement,InterestAndDividendIncomeSecurities,InterestAndDividendIncomeSecurities,-257000000,c-4665,2024-01-01,2024-09-30,,273,,False,InterestAndDividendIncomeSecurities,
ARCC,2025-10-28,income_statement,income_statement,InterestAndDividendIncomeSecurities,InterestAndDividendIncomeSecurities,790000000,c-4647,2024-01-01,2024-09-30,,273,,False,InterestAndDividendIncomeSecurities,
ARCC,2025-10-28,income_statement,income_statement,OtherIncome,OtherIncome,8000000,c-4664,2024-01-01,2024-09-30,,273,,False,OtherIncome,
ARCC,2025-10-28,income_statement,income_statement,OtherIncome,OtherIncome,-38000000,c-4665,2024-01-01,2024-09-30,,273,,False,OtherIncome,
ARCC,2025-10-28,income_statement,income_statement,OtherIncome,OtherIncome,11000000,c-4647,2024-01-01,2024-09-30,,273,,False,OtherIncome,
ARCC,2025-10-28,income_statement,income_statement,GrossInvestmentIncomeOperating,GrossInvestmentIncomeOperating,304000000,c-4638,2024-01-01,2024-09-30,,273,,False,GrossInvestmentIncomeOperating,
ARCC,2025-10-28,income_statement,income_statement,GrossInvestmentIncomeOperating,GrossInvestmentIncomeOperating,792000000,c-4664,2024-01-01,2024-09-30,,273,,False,GrossInvestmentIncomeOperating,
ARCC,2025-10-28,income_statement,income_statement,GrossInvestmentIncomeOperating,GrossInvestmentIncomeOperating,-295000000,c-4665,2024-01-01,2024-09-30,,273,,False,GrossInvestmentIncomeOperating,
ARCC,2025-10-28,income_statement,income_statement,GrossInvestmentIncomeOperating,GrossInvestmentIncomeOperating,801000000,c-4647,2024-01-01,2024-09-30,,273,,False,GrossInvestmentIncomeOperating,
ARCC,2025-10-28,income_statement,income_statement,InterestExpense,InterestExpense,30000000,c-4638,2024-01-01,2024-09-30,,273,,False,InterestExpense,
ARCC,2025-10-28,income_statement,income_statement,InterestExpense,InterestExpense,432000000,c-4664,2024-01-01,2024-09-30,,273,,False,InterestExpense,
ARCC,2025-10-28,income_statement,income_statement,InterestExpense,InterestExpense,0,c-4665,2024-01-01,2024-09-30,,273,,False,InterestExpense,
ARCC,2025-10-28,income_statement,income_statement,InterestExpense,InterestExpense,462000000,c-4647,2024-01-01,2024-09-30,,273,,False,InterestExpense,
ARCC,2025-10-28,income_statement,income_statement,DistributionExpense,DistributionExpense,0,c-4638,2024-01-01,2024-09-30,,273,,False,DistributionExpense,
ARCC,2025-10-28,income_statement,income_statement,DistributionExpense,DistributionExpense,154000000,c-4664,2024-01-01,2024-09-30,,273,,False,DistributionExpense,
ARCC,2025-10-28,income_statement,income_statement,DistributionExpense,DistributionExpense,-114000000,c-4665,2024-01-01,2024-09-30,,273,,False,DistributionExpense,
ARCC,2025-10-28,income_statement,income_statement,DistributionExpense,DistributionExpense,40000000,c-4647,2024-01-01,2024-09-30,,273,,False,DistributionExpense,
ARCC,2025-10-28,income_statement,income_statement,OtherExpenses,OtherExpenses,11000000,c-4638,2024-01-01,2024-09-30,,273,,False,OtherExpenses,
ARCC,2025-10-28,income_statement,income_statement,OtherExpenses,OtherExpenses,47000000,c-4664,2024-01-01,2024-09-30,,273,,False,OtherExpenses,
ARCC,2025-10-28,income_statement,income_statement,OtherExpenses,OtherExpenses,-38000000,c-4665,2024-01-01,2024-09-30,,273,,False,OtherExpenses,
ARCC,2025-10-28,income_statement,income_statement,OtherExpenses,OtherExpenses,20000000,c-4647,2024-01-01,2024-09-30,,273,,False,OtherExpenses,
ARCC,2025-10-28,income_statement,income_statement,CostsAndExpenses,CostsAndExpenses,41000000,c-4638,2024-01-01,2024-09-30,,273,,False,CostsAndExpenses,
ARCC,2025-10-28,income_statement,income_statement,CostsAndExpenses,CostsAndExpenses,633000000,c-4664,2024-01-01,2024-09-30,,273,,False,CostsAndExpenses,
ARCC,2025-10-28,income_statement,income_statement,CostsAndExpenses,CostsAndExpenses,-152000000,c-4665,2024-01-01,2024-09-30,,273,,False,CostsAndExpenses,
ARCC,2025-10-28,income_statement,income_statement,CostsAndExpenses,CostsAndExpenses,522000000,c-4647,2024-01-01,2024-09-30,,273,,False,CostsAndExpenses,
ARCC,2025-10-28,income_statement,income_statement,OperatingIncomeLoss,OperatingIncomeLoss,263000000,c-4638,2024-01-01,2024-09-30,,273,,False,OperatingIncomeLoss,
ARCC,2025-10-28,income_statement,income_statement,OperatingIncomeLoss,OperatingIncomeLoss,159000000,c-4664,2024-01-01,2024-09-30,,273,,False,OperatingIncomeLoss,
ARCC,2025-10-28,income_statement,income_statement,OperatingIncomeLoss,OperatingIncomeLoss,-143000000,c-4665,2024-01-01,2024-09-30,,273,,False,OperatingIncomeLoss,
ARCC,2025-10-28,income_statement,income_statement,OperatingIncomeLoss,OperatingIncomeLoss,279000000,c-4647,2024-01-01,2024-09-30,,273,,False,OperatingIncomeLoss,
ARCC,2025-10-28,income_statement,income_statement,NetIncomeLossAttributableToNoncontrollingInterest,NetIncomeLossAttributableToNoncontrollingInterest,0,c-4638,2024-01-01,2024-09-30,,273,,False,NetIncomeLossAttributableToNoncontrollingInterest,
ARCC,2025-10-28,income_statement,income_statement,NetIncomeLossAttributableToNoncontrollingInterest,NetIncomeLossAttributableToNoncontrollingInterest,133000000,c-4664,2024-01-01,2024-09-30,,273,,False,NetIncomeLossAttributableToNoncontrollingInterest,
ARCC,2025-10-28,income_statement,income_statement,NetIncomeLossAttributableToNoncontrollingInterest,NetIncomeLossAttributableToNoncontrollingInterest,-110000000,c-4665,2024-01-01,2024-09-30,,273,,False,NetIncomeLossAttributableToNoncontrollingInterest,
ARCC,2025-10-28,income_statement,income_statement,NetIncomeLossAttributableToNoncontrollingInterest,NetIncomeLossAttributableToNoncontrollingInterest,23000000,c-4647,2024-01-01,2024-09-30,,273,,False,NetIncomeLossAttributableToNoncontrollingInterest,
ARCC,2025-10-28,income_statement,income_statement,NetIncomeLoss,NetIncomeLoss,225000000,c-4638,2024-01-01,2024-09-30,,273,,False,NetIncomeLoss,
ARCC,2025-10-28,income_statement,income_statement,NetIncomeLoss,NetIncomeLoss,0,c-4664,2024-01-01,2024-09-30,,273,,False,NetIncomeLoss,
ARCC,2025-10-28,income_statement,income_statement,NetIncomeLoss,NetIncomeLoss,0,c-4665,2024-01-01,2024-09-30,,273,,False,NetIncomeLoss,
ARCC,2025-10-28,income_statement,income_statement,NetIncomeLoss,NetIncomeLoss,225000000,c-4647,2024-01-01,2024-09-30,,273,,False,NetIncomeLoss,
ARCC,2025-10-28,income_statement,income_statement,InterestIncomeOperating,InterestIncomeOperating,34000000,c-4669,2025-07-01,2025-09-30,,91,,False,InterestIncomeOperating,
ARCC,2025-10-28,income_statement,income_statement,InterestIncomeOperating,InterestIncomeOperating,43000000,c-4670,2024-07-01,2024-09-30,,91,,False,InterestIncomeOperating,
ARCC,2025-10-28,income_statement,income_statement,InterestIncomeOperating,InterestIncomeOperating,110000000,c-4671,2025-01-01,2025-09-30,,272,,False,InterestIncomeOperating,
ARCC,2025-10-28,income_statement,income_statement,InterestIncomeOperating,InterestIncomeOperating,131000000,c-4672,2024-01-01,2024-09-30,,273,,False,InterestIncomeOperating,
ARCC,2025-10-28,income_statement,income_statement,FeeIncome,FeeIncome,2000000,c-4669,2025-07-01,2025-09-30,,91,,False,FeeIncome,
ARCC,2025-10-28,income_statement,income_statement,FeeIncome,FeeIncome,4000000,c-4670,2024-07-01,2024-09-30,,91,,False,FeeIncome,
ARCC,2025-10-28,income_statement,income_statement,FeeIncome,FeeIncome,7000000,c-4671,2025-01-01,2025-09-30,,272,,False,FeeIncome,
ARCC,2025-10-28,income_statement,income_statement,FeeIncome,FeeIncome,9000000,c-4672,2024-01-01,2024-09-30,,273,,False,FeeIncome,
ARCC,2025-10-28,income_statement,income_statement,InterestExpense,InterestExpense,37000000,c-4760,2025-07-01,2025-09-30,,91,,False,InterestExpense,
ARCC,2025-10-28,income_statement,income_statement,InterestExpense,InterestExpense,38000000,c-4761,2024-07-01,2024-09-30,,91,,False,InterestExpense,
ARCC,2025-10-28,income_statement,income_statement,InterestExpense,InterestExpense,83000000,c-4756,2025-01-01,2025-09-30,,272,,False,InterestExpense,
ARCC,2025-10-28,income_statement,income_statement,InterestExpense,InterestExpense,95000000,c-4762,2024-01-01,2024-09-30,,273,,False,InterestExpense,
ARCC,2025-10-28,income_statement,income_statement,InterestExpense,InterestExpense,20000000,c-4774,2025-07-01,2025-09-30,,91,,False,InterestExpense,
ARCC,2025-10-28,income_statement,income_statement,InterestExpense,InterestExpense,19000000,c-4775,2024-07-01,2024-09-30,,91,,False,InterestExpense,
ARCC,2025-10-28,income_statement,income_statement,InterestExpense,InterestExpense,57000000,c-4776,2025-01-01,2025-09-30,,272,,False,InterestExpense,
ARCC,2025-10-28,income_statement,income_statement,InterestExpense,InterestExpense,49000000,c-4777,2024-01-01,2024-09-30,,273,,False,InterestExpense,
ARCC,2025-10-28,income_statement,income_statement,InterestExpense,InterestExpense,9000000,c-4796,2025-07-01,2025-09-30,,91,,False,InterestExpense,
ARCC,2025-10-28,income_statement,income_statement,InterestExpense,InterestExpense,11000000,c-4797,2024-07-01,2024-09-30,,91,,False,InterestExpense,
ARCC,2025-10-28,income_statement,income_statement,InterestExpense,InterestExpense,25000000,c-4782,2025-01-01,2025-09-30,,272,,False,InterestExpense,
ARCC,2025-10-28,income_statement,income_statement,InterestExpense,InterestExpense,26000000,c-4798,2024-01-01,2024-09-30,,273,,False,InterestExpense,
ARCC,2025-10-28,income_statement,income_statement,InterestExpense,InterestExpense,13000000,c-4807,2025-07-01,2025-09-30,,91,,False,InterestExpense,
ARCC,2025-10-28,income_statement,income_statement,InterestExpense,InterestExpense,14000000,c-4808,2024-07-01,2024-09-30,,91,,False,InterestExpense,
ARCC,2025-10-28,income_statement,income_statement,InterestExpense,InterestExpense,37000000,c-4809,2025-01-01,2025-09-30,,272,,False,InterestExpense,
ARCC,2025-10-28,income_statement,income_statement,InterestExpense,InterestExpense,37000000,c-4810,2024-01-01,2024-09-30,,273,,False,InterestExpense,
ARCC,2025-10-28,income_statement,income_statement,InterestExpense,InterestExpense,15000000,c-4835,2025-07-01,2025-09-30,,91,,False,InterestExpense,
ARCC,2025-10-28,income_statement,income_statement,InterestExpense,InterestExpense,9000000,c-4836,2024-07-01,2024-09-30,,91,,False,InterestExpense,
ARCC,2025-10-28,income_statement,income_statement,InterestExpense,InterestExpense,47000000,c-4837,2025-01-01,2025-09-30,,272,,False,InterestExpense,
ARCC,2025-10-28,income_statement,income_statement,InterestExpense,InterestExpense,13000000,c-4838,2024-01-01,2024-09-30,,273,,False,InterestExpense,
ARCC,2025-10-28,income_statement,income_statement,InterestExpense,InterestExpense,0,c-4841,2024-07-01,2024-09-30,,91,,False,InterestExpense,
ARCC,2025-10-28,income_statement,income_statement,InterestExpense,InterestExpense,3000000,c-4842,2024-01-01,2024-09-30,,273,,False,InterestExpense,
ARCC,2025-10-28,income_statement,income_statement,InterestExpenseGainLossHedgingInstruments,InterestExpenseGainLossHedgingInstruments,0,c-4851,2025-07-01,2025-09-30,,91,,False,InterestExpenseGainLossHedgingInstruments,
ARCC,2025-10-28,income_statement,income_statement,InterestExpenseGainLossHedgingInstruments,InterestExpenseGainLossHedgingInstruments,-1000000,c-4852,2024-07-01,2024-09-30,,91,,False,InterestExpenseGainLossHedgingInstruments,
ARCC,2025-10-28,income_statement,income_statement,InterestExpenseGainLossHedgingInstruments,InterestExpenseGainLossHedgingInstruments,-2000000,c-4853,2025-01-01,2025-09-30,,272,,False,InterestExpenseGainLossHedgingInstruments,
ARCC,2025-10-28,income_statement,income_statement,InterestExpenseGainLossHedgingInstruments,InterestExpenseGainLossHedgingInstruments,-1000000,c-4854,2024-01-01,2024-09-30,,273,,False,InterestExpenseGainLossHedgingInstruments,
ARCC,2025-10-28,income_statement,income_statement,InterestExpense,InterestExpense,114000000,c-4847,2025-07-01,2025-09-30,,91,,False,InterestExpense,
ARCC,2025-10-28,income_statement,income_statement,InterestExpense,InterestExpense,104000000,c-4848,2024-07-01,2024-09-30,,91,,False,InterestExpense,
ARCC,2025-10-28,income_statement,income_statement,InterestExpense,InterestExpense,333000000,c-4849,2025-01-01,2025-09-30,,272,,False,InterestExpense,
ARCC,2025-10-28,income_statement,income_statement,InterestExpense,InterestExpense,305000000,c-4850,2024-01-01,2024-09-30,,273,,False,InterestExpense,
ARCC,2025-10-28,income_statement,income_statement,InvestmentCompanyInvestmentIncomeLossPerShare,InvestmentCompanyInvestmentIncomeLossPerShare,1.51,c-1,2025-01-01,2025-09-30,,272,,False,InvestmentCompanyInvestmentIncomeLossPerShare,
ARCC,2025-10-28,income_statement,income_statement,InvestmentCompanyInvestmentIncomeLossPerShare,InvestmentCompanyInvestmentIncomeLossPerShare,1.70,c-25,2024-01-01,2024-09-30,,273,,False,InvestmentCompanyInvestmentIncomeLossPerShare,
ARCC,2025-10-28,income_statement,income_statement,InvestmentCompanyInvestmentIncomeLossFromOperationsPerShare,InvestmentCompanyInvestmentIncomeLossFromOperationsPerShare,1.56,c-1,2025-01-01,2025-09-30,,272,,False,InvestmentCompanyInvestmentIncomeLossFromOperationsPerShare,
ARCC,2025-10-28,income_statement,income_statement,InvestmentCompanyInvestmentIncomeLossFromOperationsPerShare,InvestmentCompanyInvestmentIncomeLossFromOperationsPerShare,1.97,c-25,2024-01-01,2024-09-30,,273,,False,InvestmentCompanyInvestmentIncomeLossFromOperationsPerShare,
ARCC,2025-10-28,income_statement,income_statement,InvestmentCompanyExpenseRatioIncludingIncentiveFee,InvestmentCompanyExpenseRatioIncludingIncentiveFee,0.1147,c-1,2025-01-01,2025-09-30,,272,,False,InvestmentCompanyExpenseRatioIncludingIncentiveFee,
ARCC,2025-10-28,income_statement,income_statement,InvestmentCompanyExpenseRatioIncludingIncentiveFee,InvestmentCompanyExpenseRatioIncludingIncentiveFee,0.1245,c-25,2024-01-01,2024-09-30,,273,,False,InvestmentCompanyExpenseRatioIncludingIncentiveFee,
ARCC,2025-10-28,income_statement,income_statement,InvestmentCompanyInvestmentIncomeLossRatio,InvestmentCompanyInvestmentIncomeLossRatio,0.1013,c-1,2025-01-01,2025-09-30,,272,,False,InvestmentCompanyInvestmentIncomeLossRatio,
ARCC,2025-10-28,income_statement,income_statement,InvestmentCompanyInvestmentIncomeLossRatio,InvestmentCompanyInvestmentIncomeLossRatio,0.1187,c-25,2024-01-01,2024-09-30,,273,,False,InvestmentCompanyInvestmentIncomeLossRatio,
ARCC,2025-10-28,income_statement,income_statement,InvestmentCompanyExpenseRatioIncludingIncentiveFee,InvestmentCompanyExpenseRatioIncludingIncentiveFee,0.0304,c-5098,2025-01-01,2025-09-30,,272,,False,InvestmentCompanyExpenseRatioIncludingIncentiveFee,
ARCC,2025-10-28,income_statement,income_statement,InvestmentCompanyExpenseRatioIncludingIncentiveFee,InvestmentCompanyExpenseRatioIncludingIncentiveFee,0.0303,c-5099,2024-01-01,2024-09-30,,273,,False,InvestmentCompanyExpenseRatioIncludingIncentiveFee,
ARCC,2025-10-28,income_statement,income_statement,InvestmentCompanyExpenseRatioIncludingIncentiveFee,InvestmentCompanyExpenseRatioIncludingIncentiveFee,0.0243,c-5100,2025-01-01,2025-09-30,,272,,False,InvestmentCompanyExpenseRatioIncludingIncentiveFee,
ARCC,2025-10-28,income_statement,income_statement,InvestmentCompanyExpenseRatioIncludingIncentiveFee,InvestmentCompanyExpenseRatioIncludingIncentiveFee,0.0322,c-5101,2024-01-01,2024-09-30,,273,,False,InvestmentCompanyExpenseRatioIncludingIncentiveFee,
ARCC,2025-10-28,income_statement,income_statement,InvestmentCompanyExpenseRatioIncludingIncentiveFee,InvestmentCompanyExpenseRatioIncludingIncentiveFee,0.0563,c-5102,2025-01-01,2025-09-30,,272,,False,InvestmentCompanyExpenseRatioIncludingIncentiveFee,
ARCC,2025-10-28,income_statement,income_statement,InvestmentCompanyExpenseRatioIncludingIncentiveFee,InvestmentCompanyExpenseRatioIncludingIncentiveFee,0.0583,c-5103,2024-01-01,2024-09-30,,273,,False,InvestmentCompanyExpenseRatioIncludingIncentiveFee,
ARCC,2025-10-28,income_statement,income_statement,InvestmentCompanyExpenseRatioIncludingIncentiveFee,InvestmentCompanyExpenseRatioIncludingIncentiveFee,0.0037,c-5104,2025-01-01,2025-09-30,,272,,False,InvestmentCompanyExpenseRatioIncludingIncentiveFee,
ARCC,2025-10-28,income_statement,income_statement,InvestmentCompanyExpenseRatioIncludingIncentiveFee,InvestmentCompanyExpenseRatioIncludingIncentiveFee,0.0037,c-5105,2024-01-01,2024-09-30,,273,,False,InvestmentCompanyExpenseRatioIncludingIncentiveFee,
