ticker,filing_date,statement_label,statement_type,line_item,concept,value,context_key,start_date,end_date,instant_date,duration_days,level,is_abstract,preferred_label,order_index,metric_key,period_end_date
CGBD,2022-11-08,income_statement,income_statement,InterestIncomeOperatingPaidInCash,InterestIncomeOperatingPaidInCash,36245000,iadcff2a694e642c3950e6b7ea0e472ea_D20220701-20220930,,,,,,False,InterestIncomeOperatingPaidInCash,,,2022-09-30
CGBD,2022-11-08,income_statement,income_statement,InterestIncomeOperatingPaidInCash,InterestIncomeOperatingPaidInCash,32946000,i84f0821bfa3e455ba3d9c64799d3351e_D20210701-20210930,,,,,,False,InterestIncomeOperatingPaidInCash,,,2022-09-30
CGBD,2022-11-08,income_statement,income_statement,InterestIncomeOperatingPaidInCash,InterestIncomeOperatingPaidInCash,97986000,if5e8d989131a42d7ae54a8cd279139d0_D20220101-20220930,,,,,,False,InterestIncomeOperatingPaidInCash,,,2022-09-30
CGBD,2022-11-08,income_statement,income_statement,InterestIncomeOperatingPaidInCash,InterestIncomeOperatingPaidInCash,92920000,id043e6f60ab34eb399ea514e5dcdfb53_D20210101-20210930,,,,,,False,InterestIncomeOperatingPaidInCash,,,2022-09-30
CGBD,2022-11-08,income_statement,income_statement,InterestIncomeOperatingPaidInKind,InterestIncomeOperatingPaidInKind,4337000,iadcff2a694e642c3950e6b7ea0e472ea_D20220701-20220930,,,,,,False,InterestIncomeOperatingPaidInKind,,,2022-09-30
CGBD,2022-11-08,income_statement,income_statement,InterestIncomeOperatingPaidInKind,InterestIncomeOperatingPaidInKind,2441000,i84f0821bfa3e455ba3d9c64799d3351e_D20210701-20210930,,,,,,False,InterestIncomeOperatingPaidInKind,,,2022-09-30
CGBD,2022-11-08,income_statement,income_statement,InterestIncomeOperatingPaidInKind,InterestIncomeOperatingPaidInKind,11786000,if5e8d989131a42d7ae54a8cd279139d0_D20220101-20220930,,,,,,False,InterestIncomeOperatingPaidInKind,,,2022-09-30
CGBD,2022-11-08,income_statement,income_statement,InterestIncomeOperatingPaidInKind,InterestIncomeOperatingPaidInKind,6884000,id043e6f60ab34eb399ea514e5dcdfb53_D20210101-20210930,,,,,,False,InterestIncomeOperatingPaidInKind,,,2022-09-30
CGBD,2022-11-08,income_statement,income_statement,OtherIncome,OtherIncome,2971000,iadcff2a694e642c3950e6b7ea0e472ea_D20220701-20220930,,,,,,False,OtherIncome,,,2022-09-30
CGBD,2022-11-08,income_statement,income_statement,OtherIncome,OtherIncome,750000,i84f0821bfa3e455ba3d9c64799d3351e_D20210701-20210930,,,,,,False,OtherIncome,,,2022-09-30
CGBD,2022-11-08,income_statement,income_statement,OtherIncome,OtherIncome,6565000,if5e8d989131a42d7ae54a8cd279139d0_D20220101-20220930,,,,,,False,OtherIncome,,,2022-09-30
CGBD,2022-11-08,income_statement,income_statement,OtherIncome,OtherIncome,4618000,id043e6f60ab34eb399ea514e5dcdfb53_D20210101-20210930,,,,,,False,OtherIncome,,,2022-09-30
CGBD,2022-11-08,income_statement,income_statement,GrossInvestmentIncomeOperating,GrossInvestmentIncomeOperating,43553000,iadcff2a694e642c3950e6b7ea0e472ea_D20220701-20220930,,,,,,False,GrossInvestmentIncomeOperating,,,2022-09-30
CGBD,2022-11-08,income_statement,income_statement,GrossInvestmentIncomeOperating,GrossInvestmentIncomeOperating,36137000,i84f0821bfa3e455ba3d9c64799d3351e_D20210701-20210930,,,,,,False,GrossInvestmentIncomeOperating,,,2022-09-30
CGBD,2022-11-08,income_statement,income_statement,GrossInvestmentIncomeOperating,GrossInvestmentIncomeOperating,116337000,if5e8d989131a42d7ae54a8cd279139d0_D20220101-20220930,,,,,,False,GrossInvestmentIncomeOperating,,,2022-09-30
CGBD,2022-11-08,income_statement,income_statement,GrossInvestmentIncomeOperating,GrossInvestmentIncomeOperating,104422000,id043e6f60ab34eb399ea514e5dcdfb53_D20210101-20210930,,,,,,False,GrossInvestmentIncomeOperating,,,2022-09-30
CGBD,2022-11-08,income_statement,income_statement,InterestIncomeOperatingPaidInCash,InterestIncomeOperatingPaidInCash,1254000,ia5703498fbf4456c8357891c624dec9f_D20220701-20220930,,,,,,False,InterestIncomeOperatingPaidInCash,,,2022-09-30
CGBD,2022-11-08,income_statement,income_statement,InterestIncomeOperatingPaidInCash,InterestIncomeOperatingPaidInCash,47000,i8c52f9dfd17e4bcebfc75f034e993b38_D20210701-20210930,,,,,,False,InterestIncomeOperatingPaidInCash,,,2022-09-30
CGBD,2022-11-08,income_statement,income_statement,InterestIncomeOperatingPaidInCash,InterestIncomeOperatingPaidInCash,1350000,iee6b8cf05a184bf4a34f6dbfb9673f60_D20220101-20220930,,,,,,False,InterestIncomeOperatingPaidInCash,,,2022-09-30
CGBD,2022-11-08,income_statement,income_statement,InterestIncomeOperatingPaidInCash,InterestIncomeOperatingPaidInCash,130000,icb4854f0016148fc81934111a6453d03_D20210101-20210930,,,,,,False,InterestIncomeOperatingPaidInCash,,,2022-09-30
CGBD,2022-11-08,income_statement,income_statement,InterestIncomeOperatingPaidInKind,InterestIncomeOperatingPaidInKind,6809000,ia5703498fbf4456c8357891c624dec9f_D20220701-20220930,,,,,,False,InterestIncomeOperatingPaidInKind,,,2022-09-30
CGBD,2022-11-08,income_statement,income_statement,InterestIncomeOperatingPaidInKind,InterestIncomeOperatingPaidInKind,0,i8c52f9dfd17e4bcebfc75f034e993b38_D20210701-20210930,,,,,,False,InterestIncomeOperatingPaidInKind,,,2022-09-30
CGBD,2022-11-08,income_statement,income_statement,InterestIncomeOperatingPaidInKind,InterestIncomeOperatingPaidInKind,6809000,iee6b8cf05a184bf4a34f6dbfb9673f60_D20220101-20220930,,,,,,False,InterestIncomeOperatingPaidInKind,,,2022-09-30
CGBD,2022-11-08,income_statement,income_statement,InterestIncomeOperatingPaidInKind,InterestIncomeOperatingPaidInKind,0,icb4854f0016148fc81934111a6453d03_D20210101-20210930,,,,,,False,InterestIncomeOperatingPaidInKind,,,2022-09-30
CGBD,2022-11-08,income_statement,income_statement,OtherIncome,OtherIncome,3000,ia5703498fbf4456c8357891c624dec9f_D20220701-20220930,,,,,,False,OtherIncome,,,2022-09-30
CGBD,2022-11-08,income_statement,income_statement,OtherIncome,OtherIncome,2000,i8c52f9dfd17e4bcebfc75f034e993b38_D20210701-20210930,,,,,,False,OtherIncome,,,2022-09-30
CGBD,2022-11-08,income_statement,income_statement,OtherIncome,OtherIncome,7000,iee6b8cf05a184bf4a34f6dbfb9673f60_D20220101-20220930,,,,,,False,OtherIncome,,,2022-09-30
CGBD,2022-11-08,income_statement,income_statement,OtherIncome,OtherIncome,8000,icb4854f0016148fc81934111a6453d03_D20210101-20210930,,,,,,False,OtherIncome,,,2022-09-30
CGBD,2022-11-08,income_statement,income_statement,GrossInvestmentIncomeOperating,GrossInvestmentIncomeOperating,8066000,ia5703498fbf4456c8357891c624dec9f_D20220701-20220930,,,,,,False,GrossInvestmentIncomeOperating,,,2022-09-30
CGBD,2022-11-08,income_statement,income_statement,GrossInvestmentIncomeOperating,GrossInvestmentIncomeOperating,49000,i8c52f9dfd17e4bcebfc75f034e993b38_D20210701-20210930,,,,,,False,GrossInvestmentIncomeOperating,,,2022-09-30
CGBD,2022-11-08,income_statement,income_statement,GrossInvestmentIncomeOperating,GrossInvestmentIncomeOperating,8166000,iee6b8cf05a184bf4a34f6dbfb9673f60_D20220101-20220930,,,,,,False,GrossInvestmentIncomeOperating,,,2022-09-30
CGBD,2022-11-08,income_statement,income_statement,GrossInvestmentIncomeOperating,GrossInvestmentIncomeOperating,138000,icb4854f0016148fc81934111a6453d03_D20210101-20210930,,,,,,False,GrossInvestmentIncomeOperating,,,2022-09-30
CGBD,2022-11-08,income_statement,income_statement,InterestIncomeOperatingPaidInCash,InterestIncomeOperatingPaidInCash,0,i8b1fa1db396344f8b2d075746dbfdf34_D20220701-20220930,,,,,,False,InterestIncomeOperatingPaidInCash,,,2022-09-30
CGBD,2022-11-08,income_statement,income_statement,InterestIncomeOperatingPaidInCash,InterestIncomeOperatingPaidInCash,46000,iec1019cd8326408c85dea66549c67847_D20210701-20210930,,,,,,False,InterestIncomeOperatingPaidInCash,,,2022-09-30
CGBD,2022-11-08,income_statement,income_statement,InterestIncomeOperatingPaidInCash,InterestIncomeOperatingPaidInCash,3873000,i06cc6bf27af34084b8e202a7e7407882_D20220101-20220930,,,,,,False,InterestIncomeOperatingPaidInCash,,,2022-09-30
CGBD,2022-11-08,income_statement,income_statement,InterestIncomeOperatingPaidInCash,InterestIncomeOperatingPaidInCash,157000,i60cbdf998a0e44a880a5f9ffe608d0e3_D20210101-20210930,,,,,,False,InterestIncomeOperatingPaidInCash,,,2022-09-30
CGBD,2022-11-08,income_statement,income_statement,DividendIncomeOperating,DividendIncomeOperating,7524000,i8b1fa1db396344f8b2d075746dbfdf34_D20220701-20220930,,,,,,False,DividendIncomeOperating,,,2022-09-30
CGBD,2022-11-08,income_statement,income_statement,DividendIncomeOperating,DividendIncomeOperating,7523000,iec1019cd8326408c85dea66549c67847_D20210701-20210930,,,,,,False,DividendIncomeOperating,,,2022-09-30
CGBD,2022-11-08,income_statement,income_statement,DividendIncomeOperating,DividendIncomeOperating,22572000,i06cc6bf27af34084b8e202a7e7407882_D20220101-20220930,,,,,,False,DividendIncomeOperating,,,2022-09-30
CGBD,2022-11-08,income_statement,income_statement,DividendIncomeOperating,DividendIncomeOperating,22539000,i60cbdf998a0e44a880a5f9ffe608d0e3_D20210101-20210930,,,,,,False,DividendIncomeOperating,,,2022-09-30
CGBD,2022-11-08,income_statement,income_statement,OtherIncome,OtherIncome,0,i8b1fa1db396344f8b2d075746dbfdf34_D20220701-20220930,,,,,,False,OtherIncome,,,2022-09-30
CGBD,2022-11-08,income_statement,income_statement,OtherIncome,OtherIncome,7000,iec1019cd8326408c85dea66549c67847_D20210701-20210930,,,,,,False,OtherIncome,,,2022-09-30
CGBD,2022-11-08,income_statement,income_statement,OtherIncome,OtherIncome,272000,i06cc6bf27af34084b8e202a7e7407882_D20220101-20220930,,,,,,False,OtherIncome,,,2022-09-30
CGBD,2022-11-08,income_statement,income_statement,OtherIncome,OtherIncome,10000,i60cbdf998a0e44a880a5f9ffe608d0e3_D20210101-20210930,,,,,,False,OtherIncome,,,2022-09-30
CGBD,2022-11-08,income_statement,income_statement,GrossInvestmentIncomeOperating,GrossInvestmentIncomeOperating,7524000,i8b1fa1db396344f8b2d075746dbfdf34_D20220701-20220930,,,,,,False,GrossInvestmentIncomeOperating,,,2022-09-30
CGBD,2022-11-08,income_statement,income_statement,GrossInvestmentIncomeOperating,GrossInvestmentIncomeOperating,7576000,iec1019cd8326408c85dea66549c67847_D20210701-20210930,,,,,,False,GrossInvestmentIncomeOperating,,,2022-09-30
CGBD,2022-11-08,income_statement,income_statement,GrossInvestmentIncomeOperating,GrossInvestmentIncomeOperating,26717000,i06cc6bf27af34084b8e202a7e7407882_D20220101-20220930,,,,,,False,GrossInvestmentIncomeOperating,,,2022-09-30
CGBD,2022-11-08,income_statement,income_statement,GrossInvestmentIncomeOperating,GrossInvestmentIncomeOperating,22706000,i60cbdf998a0e44a880a5f9ffe608d0e3_D20210101-20210930,,,,,,False,GrossInvestmentIncomeOperating,,,2022-09-30
CGBD,2022-11-08,income_statement,income_statement,GrossInvestmentIncomeOperating,GrossInvestmentIncomeOperating,59143000,i9724cce5d99a4a9996ebacfe02f86de3_D20220701-20220930,,,,,,False,GrossInvestmentIncomeOperating,,,2022-09-30
CGBD,2022-11-08,income_statement,income_statement,GrossInvestmentIncomeOperating,GrossInvestmentIncomeOperating,43762000,i10051536dbc646199d3cbd670c72e08b_D20210701-20210930,,,,,,False,GrossInvestmentIncomeOperating,,,2022-09-30
CGBD,2022-11-08,income_statement,income_statement,GrossInvestmentIncomeOperating,GrossInvestmentIncomeOperating,151220000,i3df85539395b4a139f53b1423f6536f0_D20220101-20220930,,,,,,False,GrossInvestmentIncomeOperating,,,2022-09-30
CGBD,2022-11-08,income_statement,income_statement,GrossInvestmentIncomeOperating,GrossInvestmentIncomeOperating,127266000,i2505d71e93cd4ae299aa950d14ca6d90_D20210101-20210930,,,,,,False,GrossInvestmentIncomeOperating,,,2022-09-30
CGBD,2022-11-08,income_statement,income_statement,ManagementFeeExpense,ManagementFeeExpense,7262000,i9724cce5d99a4a9996ebacfe02f86de3_D20220701-20220930,,,,,,False,ManagementFeeExpense,,,2022-09-30
CGBD,2022-11-08,income_statement,income_statement,ManagementFeeExpense,ManagementFeeExpense,7233000,i10051536dbc646199d3cbd670c72e08b_D20210701-20210930,,,,,,False,ManagementFeeExpense,,,2022-09-30
CGBD,2022-11-08,income_statement,income_statement,ManagementFeeExpense,ManagementFeeExpense,21425000,i3df85539395b4a139f53b1423f6536f0_D20220101-20220930,,,,,,False,ManagementFeeExpense,,,2022-09-30
CGBD,2022-11-08,income_statement,income_statement,ManagementFeeExpense,ManagementFeeExpense,21024000,i2505d71e93cd4ae299aa950d14ca6d90_D20210101-20210930,,,,,,False,ManagementFeeExpense,,,2022-09-30
CGBD,2022-11-08,income_statement,income_statement,IncentiveFeeExpense,IncentiveFeeExpense,6451000,i9724cce5d99a4a9996ebacfe02f86de3_D20220701-20220930,,,,,,False,IncentiveFeeExpense,,,2022-09-30
CGBD,2022-11-08,income_statement,income_statement,IncentiveFeeExpense,IncentiveFeeExpense,4516000,i10051536dbc646199d3cbd670c72e08b_D20210701-20210930,,,,,,False,IncentiveFeeExpense,,,2022-09-30
CGBD,2022-11-08,income_statement,income_statement,IncentiveFeeExpense,IncentiveFeeExpense,16137000,i3df85539395b4a139f53b1423f6536f0_D20220101-20220930,,,,,,False,IncentiveFeeExpense,,,2022-09-30
CGBD,2022-11-08,income_statement,income_statement,IncentiveFeeExpense,IncentiveFeeExpense,13193000,i2505d71e93cd4ae299aa950d14ca6d90_D20210101-20210930,,,,,,False,IncentiveFeeExpense,,,2022-09-30
CGBD,2022-11-08,income_statement,income_statement,AdministrativeFeesExpense,AdministrativeFeesExpense,470000,i9724cce5d99a4a9996ebacfe02f86de3_D20220701-20220930,,,,,,False,AdministrativeFeesExpense,,,2022-09-30
CGBD,2022-11-08,income_statement,income_statement,AdministrativeFeesExpense,AdministrativeFeesExpense,400000,i10051536dbc646199d3cbd670c72e08b_D20210701-20210930,,,,,,False,AdministrativeFeesExpense,,,2022-09-30
CGBD,2022-11-08,income_statement,income_statement,AdministrativeFeesExpense,AdministrativeFeesExpense,1337000,i3df85539395b4a139f53b1423f6536f0_D20220101-20220930,,,,,,False,AdministrativeFeesExpense,,,2022-09-30
CGBD,2022-11-08,income_statement,income_statement,AdministrativeFeesExpense,AdministrativeFeesExpense,1057000,i2505d71e93cd4ae299aa950d14ca6d90_D20210101-20210930,,,,,,False,AdministrativeFeesExpense,,,2022-09-30
CGBD,2022-11-08,income_statement,income_statement,InterestExpense,InterestExpense,11491000,i9724cce5d99a4a9996ebacfe02f86de3_D20220701-20220930,,,,,,False,InterestExpense,,interest_expense,2022-09-30
CGBD,2022-11-08,income_statement,income_statement,InterestExpense,InterestExpense,7519000,i10051536dbc646199d3cbd670c72e08b_D20210701-20210930,,,,,,False,InterestExpense,,interest_expense,2022-09-30
CGBD,2022-11-08,income_statement,income_statement,InterestExpense,InterestExpense,27172000,i3df85539395b4a139f53b1423f6536f0_D20220101-20220930,,,,,,False,InterestExpense,,interest_expense,2022-09-30
CGBD,2022-11-08,income_statement,income_statement,InterestExpense,InterestExpense,21549000,i2505d71e93cd4ae299aa950d14ca6d90_D20210101-20210930,,,,,,False,InterestExpense,,interest_expense,2022-09-30
CGBD,2022-11-08,income_statement,income_statement,NoninterestExpenseDirectorsFees,NoninterestExpenseDirectorsFees,173000,i9724cce5d99a4a9996ebacfe02f86de3_D20220701-20220930,,,,,,False,NoninterestExpenseDirectorsFees,,,2022-09-30
CGBD,2022-11-08,income_statement,income_statement,NoninterestExpenseDirectorsFees,NoninterestExpenseDirectorsFees,154000,i10051536dbc646199d3cbd670c72e08b_D20210701-20210930,,,,,,False,NoninterestExpenseDirectorsFees,,,2022-09-30
CGBD,2022-11-08,income_statement,income_statement,NoninterestExpenseDirectorsFees,NoninterestExpenseDirectorsFees,519000,i3df85539395b4a139f53b1423f6536f0_D20220101-20220930,,,,,,False,NoninterestExpenseDirectorsFees,,,2022-09-30
CGBD,2022-11-08,income_statement,income_statement,NoninterestExpenseDirectorsFees,NoninterestExpenseDirectorsFees,420000,i2505d71e93cd4ae299aa950d14ca6d90_D20210101-20210930,,,,,,False,NoninterestExpenseDirectorsFees,,,2022-09-30
CGBD,2022-11-08,income_statement,income_statement,OtherGeneralAndAdministrativeExpense,OtherGeneralAndAdministrativeExpense,461000,i9724cce5d99a4a9996ebacfe02f86de3_D20220701-20220930,,,,,,False,OtherGeneralAndAdministrativeExpense,,,2022-09-30
CGBD,2022-11-08,income_statement,income_statement,OtherGeneralAndAdministrativeExpense,OtherGeneralAndAdministrativeExpense,420000,i10051536dbc646199d3cbd670c72e08b_D20210701-20210930,,,,,,False,OtherGeneralAndAdministrativeExpense,,,2022-09-30
CGBD,2022-11-08,income_statement,income_statement,OtherGeneralAndAdministrativeExpense,OtherGeneralAndAdministrativeExpense,1237000,i3df85539395b4a139f53b1423f6536f0_D20220101-20220930,,,,,,False,OtherGeneralAndAdministrativeExpense,,,2022-09-30
CGBD,2022-11-08,income_statement,income_statement,OtherGeneralAndAdministrativeExpense,OtherGeneralAndAdministrativeExpense,1292000,i2505d71e93cd4ae299aa950d14ca6d90_D20210101-20210930,,,,,,False,OtherGeneralAndAdministrativeExpense,,,2022-09-30
CGBD,2022-11-08,income_statement,income_statement,InvestmentIncomeInvestmentExpense,InvestmentIncomeInvestmentExpense,27541000,i9724cce5d99a4a9996ebacfe02f86de3_D20220701-20220930,,,,,,False,InvestmentIncomeInvestmentExpense,,,2022-09-30
CGBD,2022-11-08,income_statement,income_statement,InvestmentIncomeInvestmentExpense,InvestmentIncomeInvestmentExpense,21513000,i10051536dbc646199d3cbd670c72e08b_D20210701-20210930,,,,,,False,InvestmentIncomeInvestmentExpense,,,2022-09-30
CGBD,2022-11-08,income_statement,income_statement,InvestmentIncomeInvestmentExpense,InvestmentIncomeInvestmentExpense,71700000,i3df85539395b4a139f53b1423f6536f0_D20220101-20220930,,,,,,False,InvestmentIncomeInvestmentExpense,,,2022-09-30
CGBD,2022-11-08,income_statement,income_statement,InvestmentIncomeInvestmentExpense,InvestmentIncomeInvestmentExpense,62438000,i2505d71e93cd4ae299aa950d14ca6d90_D20210101-20210930,,,,,,False,InvestmentIncomeInvestmentExpense,,,2022-09-30
CGBD,2022-11-08,income_statement,income_statement,NetInvestmentIncome,NetInvestmentIncome,31602000,i9724cce5d99a4a9996ebacfe02f86de3_D20220701-20220930,,,,,,False,NetInvestmentIncome,,,2022-09-30
CGBD,2022-11-08,income_statement,income_statement,NetInvestmentIncome,NetInvestmentIncome,22249000,i10051536dbc646199d3cbd670c72e08b_D20210701-20210930,,,,,,False,NetInvestmentIncome,,,2022-09-30
CGBD,2022-11-08,income_statement,income_statement,NetInvestmentIncome,NetInvestmentIncome,79520000,i3df85539395b4a139f53b1423f6536f0_D20220101-20220930,,,,,,False,NetInvestmentIncome,,,2022-09-30
CGBD,2022-11-08,income_statement,income_statement,NetInvestmentIncome,NetInvestmentIncome,64828000,i2505d71e93cd4ae299aa950d14ca6d90_D20210101-20210930,,,,,,False,NetInvestmentIncome,,,2022-09-30
CGBD,2022-11-08,income_statement,income_statement,InvestmentIncomeOperatingTaxExpenseBenefit,InvestmentIncomeOperatingTaxExpenseBenefit,449000,i9724cce5d99a4a9996ebacfe02f86de3_D20220701-20220930,,,,,,False,InvestmentIncomeOperatingTaxExpenseBenefit,,,2022-09-30
CGBD,2022-11-08,income_statement,income_statement,InvestmentIncomeOperatingTaxExpenseBenefit,InvestmentIncomeOperatingTaxExpenseBenefit,163000,i10051536dbc646199d3cbd670c72e08b_D20210701-20210930,,,,,,False,InvestmentIncomeOperatingTaxExpenseBenefit,,,2022-09-30
CGBD,2022-11-08,income_statement,income_statement,InvestmentIncomeOperatingTaxExpenseBenefit,InvestmentIncomeOperatingTaxExpenseBenefit,978000,i3df85539395b4a139f53b1423f6536f0_D20220101-20220930,,,,,,False,InvestmentIncomeOperatingTaxExpenseBenefit,,,2022-09-30
CGBD,2022-11-08,income_statement,income_statement,InvestmentIncomeOperatingTaxExpenseBenefit,InvestmentIncomeOperatingTaxExpenseBenefit,426000,i2505d71e93cd4ae299aa950d14ca6d90_D20210101-20210930,,,,,,False,InvestmentIncomeOperatingTaxExpenseBenefit,,,2022-09-30
CGBD,2022-11-08,income_statement,income_statement,InvestmentIncomeOperatingAfterExpenseAndTax,InvestmentIncomeOperatingAfterExpenseAndTax,31153000,i9724cce5d99a4a9996ebacfe02f86de3_D20220701-20220930,,,,,,False,InvestmentIncomeOperatingAfterExpenseAndTax,,,2022-09-30
CGBD,2022-11-08,income_statement,income_statement,InvestmentIncomeOperatingAfterExpenseAndTax,InvestmentIncomeOperatingAfterExpenseAndTax,22086000,i10051536dbc646199d3cbd670c72e08b_D20210701-20210930,,,,,,False,InvestmentIncomeOperatingAfterExpenseAndTax,,,2022-09-30
CGBD,2022-11-08,income_statement,income_statement,InvestmentIncomeOperatingAfterExpenseAndTax,InvestmentIncomeOperatingAfterExpenseAndTax,78542000,i3df85539395b4a139f53b1423f6536f0_D20220101-20220930,,,,,,False,InvestmentIncomeOperatingAfterExpenseAndTax,,,2022-09-30
CGBD,2022-11-08,income_statement,income_statement,InvestmentIncomeOperatingAfterExpenseAndTax,InvestmentIncomeOperatingAfterExpenseAndTax,64402000,i2505d71e93cd4ae299aa950d14ca6d90_D20210101-20210930,,,,,,False,InvestmentIncomeOperatingAfterExpenseAndTax,,,2022-09-30
CGBD,2022-11-08,income_statement,income_statement,NetIncomeLoss,NetIncomeLoss,37830000,i9724cce5d99a4a9996ebacfe02f86de3_D20220701-20220930,,,,,,False,NetIncomeLoss,,net_income,2022-09-30
CGBD,2022-11-08,income_statement,income_statement,NetIncomeLoss,NetIncomeLoss,47620000,i10051536dbc646199d3cbd670c72e08b_D20210701-20210930,,,,,,False,NetIncomeLoss,,net_income,2022-09-30
CGBD,2022-11-08,income_statement,income_statement,NetIncomeLoss,NetIncomeLoss,73178000,i3df85539395b4a139f53b1423f6536f0_D20220101-20220930,,,,,,False,NetIncomeLoss,,net_income,2022-09-30
CGBD,2022-11-08,income_statement,income_statement,NetIncomeLoss,NetIncomeLoss,126392000,i2505d71e93cd4ae299aa950d14ca6d90_D20210101-20210930,,,,,,False,NetIncomeLoss,,net_income,2022-09-30
CGBD,2022-11-08,income_statement,income_statement,PreferredStockDividendsIncomeStatementImpact,PreferredStockDividendsIncomeStatementImpact,875000,i9724cce5d99a4a9996ebacfe02f86de3_D20220701-20220930,,,,,,False,PreferredStockDividendsIncomeStatementImpact,,,2022-09-30
CGBD,2022-11-08,income_statement,income_statement,PreferredStockDividendsIncomeStatementImpact,PreferredStockDividendsIncomeStatementImpact,875000,i10051536dbc646199d3cbd670c72e08b_D20210701-20210930,,,,,,False,PreferredStockDividendsIncomeStatementImpact,,,2022-09-30
CGBD,2022-11-08,income_statement,income_statement,PreferredStockDividendsIncomeStatementImpact,PreferredStockDividendsIncomeStatementImpact,2625000,i3df85539395b4a139f53b1423f6536f0_D20220101-20220930,,,,,,False,PreferredStockDividendsIncomeStatementImpact,,,2022-09-30
CGBD,2022-11-08,income_statement,income_statement,PreferredStockDividendsIncomeStatementImpact,PreferredStockDividendsIncomeStatementImpact,2625000,i2505d71e93cd4ae299aa950d14ca6d90_D20210101-20210930,,,,,,False,PreferredStockDividendsIncomeStatementImpact,,,2022-09-30
CGBD,2022-11-08,income_statement,income_statement,IncomeTaxesPaid,IncomeTaxesPaid,774000,i3df85539395b4a139f53b1423f6536f0_D20220101-20220930,,,,,,False,IncomeTaxesPaid,,,2022-09-30
CGBD,2022-11-08,income_statement,income_statement,IncomeTaxesPaid,IncomeTaxesPaid,641000,i2505d71e93cd4ae299aa950d14ca6d90_D20210101-20210930,,,,,,False,IncomeTaxesPaid,,,2022-09-30
CGBD,2022-11-08,income_statement,income_statement,InterestAndDividendIncomeSecurities,InterestAndDividendIncomeSecurities,15000000,i1e78dcbd14124846a91c0bcf08851d86_D20220101-20220930,,,,,,False,InterestAndDividendIncomeSecurities,,,2022-09-30
CGBD,2022-11-08,income_statement,income_statement,InterestAndDividendIncomeSecurities,InterestAndDividendIncomeSecurities,0,ic5c72b52837f42fb80db93d90b0164b2_D20220101-20220930,,,,,,False,InterestAndDividendIncomeSecurities,,,2022-09-30
CGBD,2022-11-08,income_statement,income_statement,InterestAndDividendIncomeSecurities,InterestAndDividendIncomeSecurities,7572000,i8f7282c90a8b48cd90bb7df74a81fe54_D20220101-20220930,,,,,,False,InterestAndDividendIncomeSecurities,,,2022-09-30
CGBD,2022-11-08,income_statement,income_statement,InterestAndDividendIncomeSecurities,InterestAndDividendIncomeSecurities,22572000,i7880b267124c4036ab71c3dc773b0b08_D20220101-20220930,,,,,,False,InterestAndDividendIncomeSecurities,,,2022-09-30
CGBD,2022-11-08,income_statement,income_statement,InterestAndDividendIncomeSecurities,InterestAndDividendIncomeSecurities,8000,i295c84416d4b421a9a229f6ed05cc13e_D20220101-20220930,,,,,,False,InterestAndDividendIncomeSecurities,,,2022-09-30
CGBD,2022-11-08,income_statement,income_statement,InterestAndDividendIncomeSecurities,InterestAndDividendIncomeSecurities,1031000,i0073d22c29514e7ea4763ae7b512b31e_D20220101-20220930,,,,,,False,InterestAndDividendIncomeSecurities,,,2022-09-30
CGBD,2022-11-08,income_statement,income_statement,InterestAndDividendIncomeSecurities,InterestAndDividendIncomeSecurities,2834000,ia0e16287ed8a4907b617d30184d98265_D20220101-20220930,,,,,,False,InterestAndDividendIncomeSecurities,,,2022-09-30
CGBD,2022-11-08,income_statement,income_statement,InterestAndDividendIncomeSecurities,InterestAndDividendIncomeSecurities,0,i47d641cd5f11454ebf1711516a47e73c_D20220101-20220930,,,,,,False,InterestAndDividendIncomeSecurities,,,2022-09-30
CGBD,2022-11-08,income_statement,income_statement,InterestAndDividendIncomeSecurities,InterestAndDividendIncomeSecurities,3873000,i72ee8dc740f3492997d06288d36550ce_D20220101-20220930,,,,,,False,InterestAndDividendIncomeSecurities,,,2022-09-30
CGBD,2022-11-08,income_statement,income_statement,InterestAndDividendIncomeSecurities,InterestAndDividendIncomeSecurities,8059000,ia413d0554aaf4b6ebccc380118899693_D20220101-20220930,,,,,,False,InterestAndDividendIncomeSecurities,,,2022-09-30
CGBD,2022-11-08,income_statement,income_statement,InterestAndDividendIncomeSecurities,InterestAndDividendIncomeSecurities,100000,i0d7d16ac32134a2d9668221a0045956d_D20220101-20220930,,,,,,False,InterestAndDividendIncomeSecurities,,,2022-09-30
CGBD,2022-11-08,income_statement,income_statement,InterestAndDividendIncomeSecurities,InterestAndDividendIncomeSecurities,0,icca810a8b37e4815999b7012849ba8a6_D20220101-20220930,,,,,,False,InterestAndDividendIncomeSecurities,,,2022-09-30
CGBD,2022-11-08,income_statement,income_statement,InterestAndDividendIncomeSecurities,InterestAndDividendIncomeSecurities,8159000,i37836083d30648108196974e7b354a29_D20220101-20220930,,,,,,False,InterestAndDividendIncomeSecurities,,,2022-09-30
CGBD,2022-11-08,income_statement,income_statement,InterestAndDividendIncomeSecurities,InterestAndDividendIncomeSecurities,0,ie7904ff78d094821be156599bf842db6_D20210101-20211231,,,,,,False,InterestAndDividendIncomeSecurities,,,2022-09-30
CGBD,2022-11-08,income_statement,income_statement,InterestAndDividendIncomeSecurities,InterestAndDividendIncomeSecurities,20000000,i85d5b693012b467e960868298a63f8d9_D20210101-20211231,,,,,,False,InterestAndDividendIncomeSecurities,,,2022-09-30
CGBD,2022-11-08,income_statement,income_statement,InterestAndDividendIncomeSecurities,InterestAndDividendIncomeSecurities,10063000,ia16902b6553f496db1f8758828870444_D20210101-20211231,,,,,,False,InterestAndDividendIncomeSecurities,,,2022-09-30
CGBD,2022-11-08,income_statement,income_statement,InterestAndDividendIncomeSecurities,InterestAndDividendIncomeSecurities,30063000,i97afd40f0cdd43aaad47a6d965fb3c0a_D20210101-20211231,,,,,,False,InterestAndDividendIncomeSecurities,,,2022-09-30
CGBD,2022-11-08,income_statement,income_statement,InterestAndDividendIncomeSecurities,InterestAndDividendIncomeSecurities,185000,i1f2f9022ae1f45ad879d6f83ec4fa488_D20210101-20211231,,,,,,False,InterestAndDividendIncomeSecurities,,,2022-09-30
CGBD,2022-11-08,income_statement,income_statement,InterestAndDividendIncomeSecurities,InterestAndDividendIncomeSecurities,0,i0f652f9a292645698a5a56fc124679a7_D20210101-20211231,,,,,,False,InterestAndDividendIncomeSecurities,,,2022-09-30
CGBD,2022-11-08,income_statement,income_statement,InterestAndDividendIncomeSecurities,InterestAndDividendIncomeSecurities,0,iea67504cb71b4be3887bc5dba41c8319_D20210101-20211231,,,,,,False,InterestAndDividendIncomeSecurities,,,2022-09-30
CGBD,2022-11-08,income_statement,income_statement,InterestAndDividendIncomeSecurities,InterestAndDividendIncomeSecurities,0,i6f28b021a76c4739a37b79e596268209_D20210101-20211231,,,,,,False,InterestAndDividendIncomeSecurities,,,2022-09-30
CGBD,2022-11-08,income_statement,income_statement,InterestAndDividendIncomeSecurities,InterestAndDividendIncomeSecurities,185000,i2fbd86f6294b47689caac7d32caf9c62_D20210101-20211231,,,,,,False,InterestAndDividendIncomeSecurities,,,2022-09-30
CGBD,2022-11-08,income_statement,income_statement,InterestAndDividendIncomeSecurities,InterestAndDividendIncomeSecurities,0,i34d7e8e71e61467cbb0e62efdc951599_D20210101-20211231,,,,,,False,InterestAndDividendIncomeSecurities,,,2022-09-30
CGBD,2022-11-08,income_statement,income_statement,InterestAndDividendIncomeSecurities,InterestAndDividendIncomeSecurities,173000,i79a5260baae049c38fb42a95ed3dddf4_D20210101-20211231,,,,,,False,InterestAndDividendIncomeSecurities,,,2022-09-30
CGBD,2022-11-08,income_statement,income_statement,InterestAndDividendIncomeSecurities,InterestAndDividendIncomeSecurities,0,i445c09186578409391801687bfea1b24_D20210101-20211231,,,,,,False,InterestAndDividendIncomeSecurities,,,2022-09-30
CGBD,2022-11-08,income_statement,income_statement,InterestAndDividendIncomeSecurities,InterestAndDividendIncomeSecurities,173000,if669564be92a4040a350b632ad1efd33_D20210101-20211231,,,,,,False,InterestAndDividendIncomeSecurities,,,2022-09-30
CGBD,2022-11-08,income_statement,income_statement,RevenueRecognitionPolicyTextBlock,RevenueRecognitionPolicyTextBlock,"<div style=""margin-top:18pt""><span style=""color:#000000;font-family:'Times New Roman',sans-serif;font-size:10pt;font-style:italic;font-weight:700;line-height:120%"">Revenue Recognition</span></div><div style=""margin-top:6pt""><span style=""color:#000000;font-family:'Times New Roman',sans-serif;font-size:10pt;font-style:italic;font-weight:400;line-height:120%"">Interest from Investments and Realized Gain/Loss on Investments</span></div><div style=""margin-top:6pt;text-indent:36pt""><span style=""color:#000000;font-family:'Times New Roman',sans-serif;font-size:10pt;font-weight:400;line-height:120%"">Interest income is recorded on an accrual basis and includes the accretion of discounts and amortization of premiums. Discounts from and premiums to par value on debt investments purchased are accreted/amortized into interest income over the life of the respective security using the effective interest method. The amortized cost of debt investments represents the original cost, including origination fees and upfront fees received that are deemed to be an adjustment to yield, adjusted for the accretion of discounts and amortization of premiums, if any. At time of exit, the realized gain or loss on an investment is the difference between the amortized cost at time of exit and the cash received at exit using the specific identification method.</span></div><div style=""margin-top:12pt;text-indent:36pt""><span style=""color:#000000;font-family:'Times New Roman',sans-serif;font-size:10pt;font-weight:400;line-height:120%"">The Company may have loans in its portfolio that contain payment-in-kind (“PIK”) provisions. PIK represents interest that is accrued and recorded as interest income at the contractual rates, increases the loan principal on the respective capitalization dates, and is generally due at maturity. As of September 30, 2022 and December 31, 2021, the fair value of the loans in the portfolio with PIK provisions was $194,694 and $243,220, respectively, which represents approximately 10.0% and 12.7% of total investments at fair value, respectively. For the three month and nine month periods ended September 30, 2022, the Company earned $11,146 and $18,595 in PIK income, respectively. For the three month and nine month periods ended </span></div><div style=""margin-top:12pt""><span style=""color:#000000;font-family:'Times New Roman',sans-serif;font-size:10pt;font-weight:400;line-height:120%"">September 30, 2021, the Company earned $2,441 and $6,884 in PIK income, respectively. Prior to September 30, 2022, PIK income was included in interest income in the accompanying Consolidated Statements of Operations. Prior periods have been conformed to the current presentation.</span></div><div style=""margin-top:18pt""><span style=""color:#000000;font-family:'Times New Roman',sans-serif;font-size:10pt;font-style:italic;font-weight:400;line-height:120%"">Dividend Income</span></div><div style=""margin-top:6pt;text-indent:36pt""><span style=""color:#000000;font-family:'Times New Roman',sans-serif;font-size:10pt;font-weight:400;line-height:120%"">Dividend income from the investment funds, Credit Fund and Credit Fund II, and other investments funds, if any, is recorded on the record date for the investment fund to the extent that such amounts are payable by the investment funds and are expected to be collected.</span></div><div style=""margin-top:18pt""><span style=""color:#000000;font-family:'Times New Roman',sans-serif;font-size:10pt;font-style:italic;font-weight:400;line-height:120%"">Other Income</span></div><div style=""margin-top:6pt;text-indent:36pt""><span style=""color:#000000;font-family:'Times New Roman',sans-serif;font-size:10pt;font-weight:400;line-height:120%"">Other income may include income such as consent, waiver, amendment, unused, underwriting, arranger and prepayment fees associated with the Company’s investment activities as well as any fees for managerial assistance services rendered by the Company to the portfolio companies. Such fees are recognized as income when earned or the services are rendered. The Company may receive fees for guaranteeing the outstanding debt of a portfolio company. Such fees are amortized into other income over the life of the guarantee. The unamortized amount, if any, is included in other assets in the accompanying Consolidated Statements of Assets and Liabilities.     </span></div><div style=""margin-top:18pt;text-align:justify""><span style=""color:#000000;font-family:'Times New Roman',sans-serif;font-size:10pt;font-style:italic;font-weight:400;line-height:120%"">Non-Accrual Income</span></div>Loans are generally placed on non-accrual status when principal or interest payments are past due 30 days or more or when there is reasonable doubt that principal or interest will be collected in full. Accrued and unpaid interest is generally reversed when a loan is placed on non-accrual status. Interest payments received on non-accrual loans may be recognized as income or applied to principal depending upon management’s judgment regarding collectability. Non-accrual loans are restored to accrual status when past due principal and interest are paid current and, in management’s judgment, are likely to remain current. Management may not place a loan on non-accrual status if the loan has sufficient collateral value and is in the process of collection.",i3df85539395b4a139f53b1423f6536f0_D20220101-20220930,,,,,,False,RevenueRecognitionPolicyTextBlock,,,2022-09-30
CGBD,2022-11-08,income_statement,income_statement,InterestIncomeOperatingPaidInKind,InterestIncomeOperatingPaidInKind,11146000,i9724cce5d99a4a9996ebacfe02f86de3_D20220701-20220930,,,,,,False,InterestIncomeOperatingPaidInKind,,,2022-09-30
CGBD,2022-11-08,income_statement,income_statement,InterestIncomeOperatingPaidInKind,InterestIncomeOperatingPaidInKind,18595000,i3df85539395b4a139f53b1423f6536f0_D20220101-20220930,,,,,,False,InterestIncomeOperatingPaidInKind,,,2022-09-30
CGBD,2022-11-08,income_statement,income_statement,InterestIncomeOperatingPaidInKind,InterestIncomeOperatingPaidInKind,2441000,i10051536dbc646199d3cbd670c72e08b_D20210701-20210930,,,,,,False,InterestIncomeOperatingPaidInKind,,,2022-09-30
CGBD,2022-11-08,income_statement,income_statement,InterestIncomeOperatingPaidInKind,InterestIncomeOperatingPaidInKind,6884000,i2505d71e93cd4ae299aa950d14ca6d90_D20210101-20210930,,,,,,False,InterestIncomeOperatingPaidInKind,,,2022-09-30
CGBD,2022-11-08,income_statement,income_statement,IncomeTaxPolicyTextBlock,IncomeTaxPolicyTextBlock,"<div style=""margin-top:12pt""><span style=""color:#000000;font-family:'Times New Roman',sans-serif;font-size:10pt;font-style:italic;font-weight:700;line-height:120%"">Income Taxes</span></div><div style=""margin-top:6pt;text-indent:36pt""><span style=""color:#000000;font-family:'Times New Roman',sans-serif;font-size:10pt;font-weight:400;line-height:120%"">For federal income tax purposes, the Company has elected to be treated as a RIC under the Code, and intends to make the required distributions to its stockholders as specified therein. In order to qualify as a RIC, the Company must meet certain </span></div><div style=""margin-top:6pt""><span style=""color:#000000;font-family:'Times New Roman',sans-serif;font-size:10pt;font-weight:400;line-height:120%"">minimum distribution, source-of-income and asset diversification requirements. If such requirements are met, then the Company is generally required to pay income taxes only on the portion of its taxable income and gains it does not distribute.</span></div><div style=""margin-top:12pt;text-indent:36pt""><span style=""color:#000000;font-family:'Times New Roman',sans-serif;font-size:10pt;font-weight:400;line-height:120%"">The minimum distribution requirements applicable to RICs require the Company to distribute to its stockholders at least 90% of its investment company taxable income (“ICTI”), as defined by the Code, each year, although depending on the level of ICTI earned in a tax year, the Company may choose to carry forward ICTI in excess of current year distributions into the next tax year. Any such carryover ICTI must be distributed before the end of that next tax year through a dividend declared prior to filing the final tax return related to the year which generated such ICTI.</span></div><div style=""margin-top:12pt;text-indent:36pt""><span style=""color:#000000;font-family:'Times New Roman',sans-serif;font-size:10pt;font-weight:400;line-height:120%"">In addition, based on the excise distribution requirements, the Company is subject to a 4% nondeductible federal excise tax on undistributed income unless the Company distributes in a timely manner an amount at least equal to the sum of (1) 98% of its ordinary income for each calendar year, (2) 98.2% of capital gain net income (both long-term and short-term) for the one-year period ending October 31 in that calendar year and (3) any income realized, but not distributed, in the preceding year. For this purpose, however, any ordinary income or capital gain net income retained by the Company that is subject to corporate income tax is considered to have been distributed. The Company intends to make sufficient distributions each taxable year to satisfy the excise distribution requirements.</span></div>The Company evaluates tax positions taken or expected to be taken in the course of preparing its consolidated financial statements to determine whether the tax positions are “more likely than not” to be sustained by the applicable tax authority. The SPV and the 2015-1 Issuer are disregarded entities for tax purposes and are consolidated with the tax return of the Company. All penalties and interest associated with income taxes, if any, are included in income tax expense.",i3df85539395b4a139f53b1423f6536f0_D20220101-20220930,,,,,,False,IncomeTaxPolicyTextBlock,,,2022-09-30
CGBD,2022-11-08,income_statement,income_statement,IncentiveFeeExpense,IncentiveFeeExpense,6451000,i518bb39302c7413e9dc77ed35686ffba_D20220701-20220930,,,,,,False,IncentiveFeeExpense,,,2022-09-30
CGBD,2022-11-08,income_statement,income_statement,IncentiveFeeExpense,IncentiveFeeExpense,4516000,i3f840bf61ab74825a7c37e78d53126d5_D20210701-20210930,,,,,,False,IncentiveFeeExpense,,,2022-09-30
CGBD,2022-11-08,income_statement,income_statement,IncentiveFeeExpense,IncentiveFeeExpense,16137000,i4bd6162e859c4a2f8ebfd30eff7d38a7_D20220101-20220930,,,,,,False,IncentiveFeeExpense,,,2022-09-30
CGBD,2022-11-08,income_statement,income_statement,IncentiveFeeExpense,IncentiveFeeExpense,13193000,i69d0de59d4d94b29a6cc195cc79d1fbd_D20210101-20210930,,,,,,False,IncentiveFeeExpense,,,2022-09-30
CGBD,2022-11-08,income_statement,income_statement,IncentiveFeeExpense,IncentiveFeeExpense,0,i4360f8f870f043d2babb3f97d1bd5e7d_D20220701-20220930,,,,,,False,IncentiveFeeExpense,,,2022-09-30
CGBD,2022-11-08,income_statement,income_statement,IncentiveFeeExpense,IncentiveFeeExpense,0,i463134f0b0b64647a9e2afeb8b688fcf_D20210701-20210930,,,,,,False,IncentiveFeeExpense,,,2022-09-30
CGBD,2022-11-08,income_statement,income_statement,IncentiveFeeExpense,IncentiveFeeExpense,0,ib8e98bff10f94a08afb1a8177eb26ded_D20220101-20220930,,,,,,False,IncentiveFeeExpense,,,2022-09-30
CGBD,2022-11-08,income_statement,income_statement,IncentiveFeeExpense,IncentiveFeeExpense,0,i34d322429cde40c78364f891178a5936_D20210101-20210930,,,,,,False,IncentiveFeeExpense,,,2022-09-30
CGBD,2022-11-08,income_statement,income_statement,IncentiveFeeExpense,IncentiveFeeExpense,0,ida96b275e46b4d3b87ea90676cafc1a5_D20220701-20220930,,,,,,False,IncentiveFeeExpense,,,2022-09-30
CGBD,2022-11-08,income_statement,income_statement,IncentiveFeeExpense,IncentiveFeeExpense,0,i9f2c6d309e864479b475c8f6151667c7_D20210701-20210930,,,,,,False,IncentiveFeeExpense,,,2022-09-30
CGBD,2022-11-08,income_statement,income_statement,IncentiveFeeExpense,IncentiveFeeExpense,0,ie4abd186a5494414bdb8fc455ac06d1c_D20220101-20220930,,,,,,False,IncentiveFeeExpense,,,2022-09-30
CGBD,2022-11-08,income_statement,income_statement,IncentiveFeeExpense,IncentiveFeeExpense,0,if21f48b7d4474fa3b7a4424b0faea3a0_D20210101-20210930,,,,,,False,IncentiveFeeExpense,,,2022-09-30
CGBD,2022-11-08,income_statement,income_statement,IncentiveFeeExpense,IncentiveFeeExpense,0,ia9dc7e3c46d0424187668ed3becbeb87_D20220701-20220930,,,,,,False,IncentiveFeeExpense,,,2022-09-30
CGBD,2022-11-08,income_statement,income_statement,IncentiveFeeExpense,IncentiveFeeExpense,0,ice5ec4f4c44e46b8ba944a12883297c6_D20210701-20210930,,,,,,False,IncentiveFeeExpense,,,2022-09-30
CGBD,2022-11-08,income_statement,income_statement,IncentiveFeeExpense,IncentiveFeeExpense,0,i82733bc11a324b6b9ca4b03d8cc4cfd7_D20220101-20220930,,,,,,False,IncentiveFeeExpense,,,2022-09-30
CGBD,2022-11-08,income_statement,income_statement,IncentiveFeeExpense,IncentiveFeeExpense,0,if4d2373547d0484fbc4fc090bd206181_D20210101-20210930,,,,,,False,IncentiveFeeExpense,,,2022-09-30
CGBD,2022-11-08,income_statement,income_statement,ManagementFeeAndIncentiveFeeExpense,ManagementFeeAndIncentiveFeeExpense,13713000,i9724cce5d99a4a9996ebacfe02f86de3_D20220701-20220930,,,,,,False,ManagementFeeAndIncentiveFeeExpense,,,2022-09-30
CGBD,2022-11-08,income_statement,income_statement,ManagementFeeAndIncentiveFeeExpense,ManagementFeeAndIncentiveFeeExpense,11749000,i10051536dbc646199d3cbd670c72e08b_D20210701-20210930,,,,,,False,ManagementFeeAndIncentiveFeeExpense,,,2022-09-30
CGBD,2022-11-08,income_statement,income_statement,ManagementFeeAndIncentiveFeeExpense,ManagementFeeAndIncentiveFeeExpense,37562000,i3df85539395b4a139f53b1423f6536f0_D20220101-20220930,,,,,,False,ManagementFeeAndIncentiveFeeExpense,,,2022-09-30
CGBD,2022-11-08,income_statement,income_statement,ManagementFeeAndIncentiveFeeExpense,ManagementFeeAndIncentiveFeeExpense,34217000,i2505d71e93cd4ae299aa950d14ca6d90_D20210101-20210930,,,,,,False,ManagementFeeAndIncentiveFeeExpense,,,2022-09-30
CGBD,2022-11-08,income_statement,income_statement,RelatedPartyTransactionExpensesFromTransactionsWithRelatedParty,RelatedPartyTransactionExpensesFromTransactionsWithRelatedParty,470000,ib36e94a79ad2418b930b1646ef5094eb_D20220701-20220930,,,,,,False,RelatedPartyTransactionExpensesFromTransactionsWithRelatedParty,,,2022-09-30
CGBD,2022-11-08,income_statement,income_statement,RelatedPartyTransactionExpensesFromTransactionsWithRelatedParty,RelatedPartyTransactionExpensesFromTransactionsWithRelatedParty,400000,ic0bc980da07b45cdb264db631c7a5d17_D20210701-20210930,,,,,,False,RelatedPartyTransactionExpensesFromTransactionsWithRelatedParty,,,2022-09-30
CGBD,2022-11-08,income_statement,income_statement,RelatedPartyTransactionExpensesFromTransactionsWithRelatedParty,RelatedPartyTransactionExpensesFromTransactionsWithRelatedParty,1337000,i8b341e06ee714bb1bc2fd1c989cbf1f1_D20220101-20220930,,,,,,False,RelatedPartyTransactionExpensesFromTransactionsWithRelatedParty,,,2022-09-30
CGBD,2022-11-08,income_statement,income_statement,RelatedPartyTransactionExpensesFromTransactionsWithRelatedParty,RelatedPartyTransactionExpensesFromTransactionsWithRelatedParty,1057000,id3cf8a589a3049ae8e1f68a36b527817_D20210101-20210930,,,,,,False,RelatedPartyTransactionExpensesFromTransactionsWithRelatedParty,,,2022-09-30
CGBD,2022-11-08,income_statement,income_statement,RelatedPartyTransactionExpensesFromTransactionsWithRelatedParty,RelatedPartyTransactionExpensesFromTransactionsWithRelatedParty,271000,i420faa7fa11245b39f68592a567f608c_D20220701-20220930,,,,,,False,RelatedPartyTransactionExpensesFromTransactionsWithRelatedParty,,,2022-09-30
CGBD,2022-11-08,income_statement,income_statement,RelatedPartyTransactionExpensesFromTransactionsWithRelatedParty,RelatedPartyTransactionExpensesFromTransactionsWithRelatedParty,169000,i03240b27a7364a9eb9a02975f753a415_D20210701-20210930,,,,,,False,RelatedPartyTransactionExpensesFromTransactionsWithRelatedParty,,,2022-09-30
CGBD,2022-11-08,income_statement,income_statement,RelatedPartyTransactionExpensesFromTransactionsWithRelatedParty,RelatedPartyTransactionExpensesFromTransactionsWithRelatedParty,620000,i62a75cfe1e8b42efba652802562530a5_D20220101-20220930,,,,,,False,RelatedPartyTransactionExpensesFromTransactionsWithRelatedParty,,,2022-09-30
CGBD,2022-11-08,income_statement,income_statement,RelatedPartyTransactionExpensesFromTransactionsWithRelatedParty,RelatedPartyTransactionExpensesFromTransactionsWithRelatedParty,504000,i6f5652f3de964b2f827dc2689da52d1a_D20210101-20210930,,,,,,False,RelatedPartyTransactionExpensesFromTransactionsWithRelatedParty,,,2022-09-30
CGBD,2022-11-08,income_statement,income_statement,RelatedPartyTransactionExpensesFromTransactionsWithRelatedParty,RelatedPartyTransactionExpensesFromTransactionsWithRelatedParty,173000,i4929f4d0b0294093928b32581de3aef0_D20220701-20220930,,,,,,False,RelatedPartyTransactionExpensesFromTransactionsWithRelatedParty,,,2022-09-30
CGBD,2022-11-08,income_statement,income_statement,RelatedPartyTransactionExpensesFromTransactionsWithRelatedParty,RelatedPartyTransactionExpensesFromTransactionsWithRelatedParty,154000,ib77c809085cf4250a1a220a19c0ef3b5_D20210701-20210930,,,,,,False,RelatedPartyTransactionExpensesFromTransactionsWithRelatedParty,,,2022-09-30
CGBD,2022-11-08,income_statement,income_statement,RelatedPartyTransactionExpensesFromTransactionsWithRelatedParty,RelatedPartyTransactionExpensesFromTransactionsWithRelatedParty,519000,i56da5566071a4eaabc1fada48224af68_D20220101-20220930,,,,,,False,RelatedPartyTransactionExpensesFromTransactionsWithRelatedParty,,,2022-09-30
CGBD,2022-11-08,income_statement,income_statement,RelatedPartyTransactionExpensesFromTransactionsWithRelatedParty,RelatedPartyTransactionExpensesFromTransactionsWithRelatedParty,420000,i39cd52617ea746a0aa011bc507ed4cf5_D20210101-20210930,,,,,,False,RelatedPartyTransactionExpensesFromTransactionsWithRelatedParty,,,2022-09-30
CGBD,2022-11-08,income_statement,income_statement,GrossInvestmentIncomeOperating,GrossInvestmentIncomeOperating,18563000,i8bdcfb341a2c455fa359d87195510e1e_D20220701-20220930,,,,,,False,GrossInvestmentIncomeOperating,,,2022-09-30
CGBD,2022-11-08,income_statement,income_statement,GrossInvestmentIncomeOperating,GrossInvestmentIncomeOperating,17124000,i6cf45347d9bf4ebfab1a159c07c63451_D20210701-20210930,,,,,,False,GrossInvestmentIncomeOperating,,,2022-09-30
CGBD,2022-11-08,income_statement,income_statement,GrossInvestmentIncomeOperating,GrossInvestmentIncomeOperating,48049000,i6c4a4c11fd624d54ab3a82a3d0c75161_D20220101-20220930,,,,,,False,GrossInvestmentIncomeOperating,,,2022-09-30
CGBD,2022-11-08,income_statement,income_statement,GrossInvestmentIncomeOperating,GrossInvestmentIncomeOperating,50951000,ibb57eb9f971046c783801a7ca41509fd_D20210101-20210930,,,,,,False,GrossInvestmentIncomeOperating,,,2022-09-30
CGBD,2022-11-08,income_statement,income_statement,OtherExpenses,OtherExpenses,410000,i8bdcfb341a2c455fa359d87195510e1e_D20220701-20220930,,,,,,False,OtherExpenses,,,2022-09-30
CGBD,2022-11-08,income_statement,income_statement,OtherExpenses,OtherExpenses,510000,i6cf45347d9bf4ebfab1a159c07c63451_D20210701-20210930,,,,,,False,OtherExpenses,,,2022-09-30
CGBD,2022-11-08,income_statement,income_statement,OtherExpenses,OtherExpenses,1507000,i6c4a4c11fd624d54ab3a82a3d0c75161_D20220101-20220930,,,,,,False,OtherExpenses,,,2022-09-30
CGBD,2022-11-08,income_statement,income_statement,OtherExpenses,OtherExpenses,1532000,ibb57eb9f971046c783801a7ca41509fd_D20210101-20210930,,,,,,False,OtherExpenses,,,2022-09-30
CGBD,2022-11-08,income_statement,income_statement,InvestmentIncomeInvestmentExpense,InvestmentIncomeInvestmentExpense,7268000,i8bdcfb341a2c455fa359d87195510e1e_D20220701-20220930,,,,,,False,InvestmentIncomeInvestmentExpense,,,2022-09-30
CGBD,2022-11-08,income_statement,income_statement,InvestmentIncomeInvestmentExpense,InvestmentIncomeInvestmentExpense,7211000,i6cf45347d9bf4ebfab1a159c07c63451_D20210701-20210930,,,,,,False,InvestmentIncomeInvestmentExpense,,,2022-09-30
CGBD,2022-11-08,income_statement,income_statement,InvestmentIncomeInvestmentExpense,InvestmentIncomeInvestmentExpense,17490000,i6c4a4c11fd624d54ab3a82a3d0c75161_D20220101-20220930,,,,,,False,InvestmentIncomeInvestmentExpense,,,2022-09-30
CGBD,2022-11-08,income_statement,income_statement,InvestmentIncomeInvestmentExpense,InvestmentIncomeInvestmentExpense,18969000,ibb57eb9f971046c783801a7ca41509fd_D20210101-20210930,,,,,,False,InvestmentIncomeInvestmentExpense,,,2022-09-30
CGBD,2022-11-08,income_statement,income_statement,InvestmentIncomeOperatingAfterExpenseAndTax,InvestmentIncomeOperatingAfterExpenseAndTax,11295000,i8bdcfb341a2c455fa359d87195510e1e_D20220701-20220930,,,,,,False,InvestmentIncomeOperatingAfterExpenseAndTax,,,2022-09-30
CGBD,2022-11-08,income_statement,income_statement,InvestmentIncomeOperatingAfterExpenseAndTax,InvestmentIncomeOperatingAfterExpenseAndTax,9913000,i6cf45347d9bf4ebfab1a159c07c63451_D20210701-20210930,,,,,,False,InvestmentIncomeOperatingAfterExpenseAndTax,,,2022-09-30
CGBD,2022-11-08,income_statement,income_statement,InvestmentIncomeOperatingAfterExpenseAndTax,InvestmentIncomeOperatingAfterExpenseAndTax,30559000,i6c4a4c11fd624d54ab3a82a3d0c75161_D20220101-20220930,,,,,,False,InvestmentIncomeOperatingAfterExpenseAndTax,,,2022-09-30
CGBD,2022-11-08,income_statement,income_statement,InvestmentIncomeOperatingAfterExpenseAndTax,InvestmentIncomeOperatingAfterExpenseAndTax,31982000,ibb57eb9f971046c783801a7ca41509fd_D20210101-20210930,,,,,,False,InvestmentIncomeOperatingAfterExpenseAndTax,,,2022-09-30
CGBD,2022-11-08,income_statement,income_statement,NetIncomeLoss,NetIncomeLoss,6349000,i8bdcfb341a2c455fa359d87195510e1e_D20220701-20220930,,,,,,False,NetIncomeLoss,,net_income,2022-09-30
CGBD,2022-11-08,income_statement,income_statement,NetIncomeLoss,NetIncomeLoss,11633000,i6cf45347d9bf4ebfab1a159c07c63451_D20210701-20210930,,,,,,False,NetIncomeLoss,,net_income,2022-09-30
CGBD,2022-11-08,income_statement,income_statement,NetIncomeLoss,NetIncomeLoss,-1425000,i6c4a4c11fd624d54ab3a82a3d0c75161_D20220101-20220930,,,,,,False,NetIncomeLoss,,net_income,2022-09-30
CGBD,2022-11-08,income_statement,income_statement,NetIncomeLoss,NetIncomeLoss,46202000,ibb57eb9f971046c783801a7ca41509fd_D20210101-20210930,,,,,,False,NetIncomeLoss,,net_income,2022-09-30
CGBD,2022-11-08,income_statement,income_statement,GrossInvestmentIncomeOperating,GrossInvestmentIncomeOperating,5183000,ie2c505ded988433ca5de6311a52190dc_D20220701-20220930,,,,,,False,GrossInvestmentIncomeOperating,,,2022-09-30
CGBD,2022-11-08,income_statement,income_statement,GrossInvestmentIncomeOperating,GrossInvestmentIncomeOperating,4838000,icc38f852abb4470381a5869841442072_D20210701-20210930,,,,,,False,GrossInvestmentIncomeOperating,,,2022-09-30
CGBD,2022-11-08,income_statement,income_statement,GrossInvestmentIncomeOperating,GrossInvestmentIncomeOperating,14263000,i73d1e340414445d58c8f334dd34a1d90_D20220101-20220930,,,,,,False,GrossInvestmentIncomeOperating,,,2022-09-30
CGBD,2022-11-08,income_statement,income_statement,GrossInvestmentIncomeOperating,GrossInvestmentIncomeOperating,14205000,i736b62a8b9c144a1b5a6e2d9b4f79396_D20210101-20210930,,,,,,False,GrossInvestmentIncomeOperating,,,2022-09-30
CGBD,2022-11-08,income_statement,income_statement,OtherExpenses,OtherExpenses,199000,ie2c505ded988433ca5de6311a52190dc_D20220701-20220930,,,,,,False,OtherExpenses,,,2022-09-30
CGBD,2022-11-08,income_statement,income_statement,OtherExpenses,OtherExpenses,177000,icc38f852abb4470381a5869841442072_D20210701-20210930,,,,,,False,OtherExpenses,,,2022-09-30
CGBD,2022-11-08,income_statement,income_statement,OtherExpenses,OtherExpenses,545000,i73d1e340414445d58c8f334dd34a1d90_D20220101-20220930,,,,,,False,OtherExpenses,,,2022-09-30
CGBD,2022-11-08,income_statement,income_statement,OtherExpenses,OtherExpenses,558000,i736b62a8b9c144a1b5a6e2d9b4f79396_D20210101-20210930,,,,,,False,OtherExpenses,,,2022-09-30
CGBD,2022-11-08,income_statement,income_statement,InvestmentIncomeInvestmentExpense,InvestmentIncomeInvestmentExpense,2275000,ie2c505ded988433ca5de6311a52190dc_D20220701-20220930,,,,,,False,InvestmentIncomeInvestmentExpense,,,2022-09-30
CGBD,2022-11-08,income_statement,income_statement,InvestmentIncomeInvestmentExpense,InvestmentIncomeInvestmentExpense,1367000,icc38f852abb4470381a5869841442072_D20210701-20210930,,,,,,False,InvestmentIncomeInvestmentExpense,,,2022-09-30
CGBD,2022-11-08,income_statement,income_statement,InvestmentIncomeInvestmentExpense,InvestmentIncomeInvestmentExpense,5301000,i73d1e340414445d58c8f334dd34a1d90_D20220101-20220930,,,,,,False,InvestmentIncomeInvestmentExpense,,,2022-09-30
CGBD,2022-11-08,income_statement,income_statement,InvestmentIncomeInvestmentExpense,InvestmentIncomeInvestmentExpense,4146000,i736b62a8b9c144a1b5a6e2d9b4f79396_D20210101-20210930,,,,,,False,InvestmentIncomeInvestmentExpense,,,2022-09-30
CGBD,2022-11-08,income_statement,income_statement,InvestmentIncomeOperatingAfterExpenseAndTax,InvestmentIncomeOperatingAfterExpenseAndTax,2908000,ie2c505ded988433ca5de6311a52190dc_D20220701-20220930,,,,,,False,InvestmentIncomeOperatingAfterExpenseAndTax,,,2022-09-30
CGBD,2022-11-08,income_statement,income_statement,InvestmentIncomeOperatingAfterExpenseAndTax,InvestmentIncomeOperatingAfterExpenseAndTax,3471000,icc38f852abb4470381a5869841442072_D20210701-20210930,,,,,,False,InvestmentIncomeOperatingAfterExpenseAndTax,,,2022-09-30
CGBD,2022-11-08,income_statement,income_statement,InvestmentIncomeOperatingAfterExpenseAndTax,InvestmentIncomeOperatingAfterExpenseAndTax,8962000,i73d1e340414445d58c8f334dd34a1d90_D20220101-20220930,,,,,,False,InvestmentIncomeOperatingAfterExpenseAndTax,,,2022-09-30
CGBD,2022-11-08,income_statement,income_statement,InvestmentIncomeOperatingAfterExpenseAndTax,InvestmentIncomeOperatingAfterExpenseAndTax,10059000,i736b62a8b9c144a1b5a6e2d9b4f79396_D20210101-20210930,,,,,,False,InvestmentIncomeOperatingAfterExpenseAndTax,,,2022-09-30
CGBD,2022-11-08,income_statement,income_statement,NetIncomeLoss,NetIncomeLoss,2000000,ie2c505ded988433ca5de6311a52190dc_D20220701-20220930,,,,,,False,NetIncomeLoss,,net_income,2022-09-30
CGBD,2022-11-08,income_statement,income_statement,NetIncomeLoss,NetIncomeLoss,2621000,icc38f852abb4470381a5869841442072_D20210701-20210930,,,,,,False,NetIncomeLoss,,net_income,2022-09-30
CGBD,2022-11-08,income_statement,income_statement,NetIncomeLoss,NetIncomeLoss,5454000,i73d1e340414445d58c8f334dd34a1d90_D20220101-20220930,,,,,,False,NetIncomeLoss,,net_income,2022-09-30
CGBD,2022-11-08,income_statement,income_statement,NetIncomeLoss,NetIncomeLoss,9921000,i736b62a8b9c144a1b5a6e2d9b4f79396_D20210101-20210930,,,,,,False,NetIncomeLoss,,net_income,2022-09-30
CGBD,2022-11-08,income_statement,income_statement,InvestmentIncomeOperatingAfterExpenseAndTax,InvestmentIncomeOperatingAfterExpenseAndTax,31153000,i63da0a2d1b964056a3d005fd25464da5_D20220701-20220930,,,,,,False,InvestmentIncomeOperatingAfterExpenseAndTax,,,2022-09-30
CGBD,2022-11-08,income_statement,income_statement,InvestmentIncomeOperatingAfterExpenseAndTax,InvestmentIncomeOperatingAfterExpenseAndTax,78542000,i33e74ee078ec486c97a0aaf2881b2a88_D20220101-20220930,,,,,,False,InvestmentIncomeOperatingAfterExpenseAndTax,,,2022-09-30
CGBD,2022-11-08,income_statement,income_statement,InvestmentIncomeOperatingAfterExpenseAndTax,InvestmentIncomeOperatingAfterExpenseAndTax,22086000,i2fa3917178114a7ea5bcbc11d53526c5_D20210701-20210930,,,,,,False,InvestmentIncomeOperatingAfterExpenseAndTax,,,2022-09-30
CGBD,2022-11-08,income_statement,income_statement,InvestmentIncomeOperatingAfterExpenseAndTax,InvestmentIncomeOperatingAfterExpenseAndTax,64402000,i8db9cddbbdf74d37a57077c54b45df26_D20210101-20210930,,,,,,False,InvestmentIncomeOperatingAfterExpenseAndTax,,,2022-09-30
CGBD,2022-11-08,income_statement,income_statement,InvestmentCompanyInvestmentIncomeLossPerShare,InvestmentCompanyInvestmentIncomeLossPerShare,1.45,i3df85539395b4a139f53b1423f6536f0_D20220101-20220930,,,,,,False,InvestmentCompanyInvestmentIncomeLossPerShare,,,2022-09-30
CGBD,2022-11-08,income_statement,income_statement,InvestmentCompanyInvestmentIncomeLossPerShare,InvestmentCompanyInvestmentIncomeLossPerShare,1.13,i2505d71e93cd4ae299aa950d14ca6d90_D20210101-20210930,,,,,,False,InvestmentCompanyInvestmentIncomeLossPerShare,,,2022-09-30
CGBD,2022-11-08,income_statement,income_statement,InvestmentCompanyInvestmentIncomeLossFromOperationsPerShare,InvestmentCompanyInvestmentIncomeLossFromOperationsPerShare,1.35,i3df85539395b4a139f53b1423f6536f0_D20220101-20220930,,,,,,False,InvestmentCompanyInvestmentIncomeLossFromOperationsPerShare,,,2022-09-30
CGBD,2022-11-08,income_statement,income_statement,InvestmentCompanyInvestmentIncomeLossFromOperationsPerShare,InvestmentCompanyInvestmentIncomeLossFromOperationsPerShare,2.27,i2505d71e93cd4ae299aa950d14ca6d90_D20210101-20210930,,,,,,False,InvestmentCompanyInvestmentIncomeLossFromOperationsPerShare,,,2022-09-30
CGBD,2022-11-08,income_statement,income_statement,InvestmentCompanyExpenseRatioExcludingIncentiveFee,InvestmentCompanyExpenseRatioExcludingIncentiveFee,0.0635,i3df85539395b4a139f53b1423f6536f0_D20220101-20220930,,,,,,False,InvestmentCompanyExpenseRatioExcludingIncentiveFee,,,2022-09-30
CGBD,2022-11-08,income_statement,income_statement,InvestmentCompanyExpenseRatioExcludingIncentiveFee,InvestmentCompanyExpenseRatioExcludingIncentiveFee,0.0571,i2505d71e93cd4ae299aa950d14ca6d90_D20210101-20210930,,,,,,False,InvestmentCompanyExpenseRatioExcludingIncentiveFee,,,2022-09-30
CGBD,2022-11-08,income_statement,income_statement,InvestmentCompanyExpenseRatioIncludingIncentiveFee,InvestmentCompanyExpenseRatioIncludingIncentiveFee,0.0816,i3df85539395b4a139f53b1423f6536f0_D20220101-20220930,,,,,,False,InvestmentCompanyExpenseRatioIncludingIncentiveFee,,,2022-09-30
CGBD,2022-11-08,income_statement,income_statement,InvestmentCompanyExpenseRatioIncludingIncentiveFee,InvestmentCompanyExpenseRatioIncludingIncentiveFee,0.0722,i2505d71e93cd4ae299aa950d14ca6d90_D20210101-20210930,,,,,,False,InvestmentCompanyExpenseRatioIncludingIncentiveFee,,,2022-09-30
CGBD,2022-11-08,income_statement,income_statement,InvestmentCompanyInvestmentIncomeLossRatio,InvestmentCompanyInvestmentIncomeLossRatio,0.0882,i3df85539395b4a139f53b1423f6536f0_D20220101-20220930,,,,,,False,InvestmentCompanyInvestmentIncomeLossRatio,,,2022-09-30
CGBD,2022-11-08,income_statement,income_statement,InvestmentCompanyInvestmentIncomeLossRatio,InvestmentCompanyInvestmentIncomeLossRatio,0.0740,i2505d71e93cd4ae299aa950d14ca6d90_D20210101-20210930,,,,,,False,InvestmentCompanyInvestmentIncomeLossRatio,,,2022-09-30
CGBD,2022-11-08,income_statement,income_statement,InvestmentCompanyInterestExpenseRatioIncludingLineOfCreditFacilityCommitmentFee,InvestmentCompanyInterestExpenseRatioIncludingLineOfCreditFacilityCommitmentFee,0.0323,i3df85539395b4a139f53b1423f6536f0_D20220101-20220930,,,,,,False,InvestmentCompanyInterestExpenseRatioIncludingLineOfCreditFacilityCommitmentFee,,,2022-09-30
CGBD,2022-11-08,income_statement,income_statement,InvestmentCompanyInterestExpenseRatioIncludingLineOfCreditFacilityCommitmentFee,InvestmentCompanyInterestExpenseRatioIncludingLineOfCreditFacilityCommitmentFee,0.0264,i2505d71e93cd4ae299aa950d14ca6d90_D20210101-20210930,,,,,,False,InvestmentCompanyInterestExpenseRatioIncludingLineOfCreditFacilityCommitmentFee,,,2022-09-30
CGBD,2022-11-08,income_statement,income_statement,IncomeTaxDisclosureTextBlock,IncomeTaxDisclosureTextBlock,"TAX<div style=""margin-top:6pt;text-indent:36pt""><span style=""color:#000000;font-family:'Times New Roman',sans-serif;font-size:10pt;font-weight:400;line-height:120%"">The Company has not recorded a liability for any uncertain tax positions pursuant to the provisions of ASC 740, </span><span style=""color:#000000;font-family:'Times New Roman',sans-serif;font-size:10pt;font-style:italic;font-weight:400;line-height:120%"">Income Taxes,</span><span style=""color:#000000;font-family:'Times New Roman',sans-serif;font-size:10pt;font-weight:400;line-height:120%""> as of September 30, 2022 and December 31, 2021.</span></div><div style=""margin-top:12pt;text-indent:36pt""><span style=""color:#000000;font-family:'Times New Roman',sans-serif;font-size:10pt;font-weight:400;line-height:120%"">In the normal course of business, the Company is subject to examination by federal and certain state, local and foreign tax regulators. As of September 30, 2022 and December 31, 2021, the Company had filed tax returns and therefore is subject to examination.</span></div><div style=""margin-top:12pt;text-indent:36pt""><span style=""color:#000000;font-family:'Times New Roman',sans-serif;font-size:10pt;font-weight:400;line-height:120%"">The Company’s taxable income for each period is an estimate and will not be finally determined until the Company files its tax return for each year. Therefore, the final taxable income, and the taxable income earned in each period and carried forward for distribution in the following period, may be different than this estimate. The estimated tax character of dividends declared on preferred stock and common stock for nine month periods ended September 30, 2022 and 2021 was as follows:</span></div><div style=""margin-bottom:1pt;margin-top:6pt""><table style=""border-collapse:collapse;display:inline-table;margin-bottom:5pt;vertical-align:text-bottom;width:99.707%""><tr><td style=""width:1.0%""/><td style=""width:68.548%""/><td style=""width:0.1%""/><td style=""width:1.0%""/><td style=""width:13.709%""/><td style=""width:0.1%""/><td style=""width:0.1%""/><td style=""width:0.533%""/><td style=""width:0.1%""/><td style=""width:1.0%""/><td style=""width:13.710%""/><td style=""width:0.1%""/></tr><tr><td colspan=""3"" style=""padding:2px 1pt;text-align:left;vertical-align:bottom""><span style=""color:#000000;font-family:'Times New Roman',sans-serif;font-size:9pt;font-weight:400;line-height:100%""> </span></td><td colspan=""9"" style=""padding:2px 1pt;text-align:center;vertical-align:bottom""><span style=""color:#000000;font-family:'Times New Roman',sans-serif;font-size:9pt;font-weight:700;line-height:100%"">For the nine month periods ended</span></td></tr><tr><td colspan=""3"" style=""padding:2px 1pt;text-align:left;vertical-align:bottom""><span style=""color:#000000;font-family:'Times New Roman',sans-serif;font-size:9pt;font-weight:400;line-height:100%""> </span></td><td colspan=""3"" style=""border-top:1pt solid #000000;padding:2px 1pt;text-align:center;vertical-align:bottom""><span style=""color:#000000;font-family:'Times New Roman',sans-serif;font-size:9pt;font-weight:700;line-height:100%"">September 30, 2022</span></td><td colspan=""3"" style=""border-top:1pt solid #000000;padding:0 1pt""/><td colspan=""3"" style=""border-top:1pt solid #000000;padding:2px 1pt;text-align:center;vertical-align:bottom""><span style=""color:#000000;font-family:'Times New Roman',sans-serif;font-size:9pt;font-weight:700;line-height:100%"">September 30, 2021</span></td></tr><tr><td colspan=""3"" style=""background-color:#cceeff;padding:2px 1pt;text-align:left;vertical-align:top""><span style=""color:#000000;font-family:'Times New Roman',sans-serif;font-size:9pt;font-weight:400;line-height:100%"">Ordinary income</span></td><td style=""background-color:#cceeff;border-top:1pt solid #000000;padding:2px 0 2px 1pt;text-align:left;vertical-align:bottom""><span style=""color:#000000;font-family:'Times New Roman',sans-serif;font-size:9pt;font-weight:400;line-height:100%"">$</span></td><td style=""background-color:#cceeff;border-top:1pt solid #000000;padding:2px 0;text-align:right;vertical-align:bottom""><span style=""color:#000000;font-family:'Times New Roman',sans-serif;font-size:9pt;font-weight:400;line-height:100%"">65,211 </span></td><td style=""background-color:#cceeff;border-top:1pt solid #000000;padding:2px 1pt 2px 0;text-align:right;vertical-align:bottom""/><td colspan=""3"" style=""background-color:#cceeff;padding:0 1pt""/><td style=""background-color:#cceeff;border-top:1pt solid #000000;padding:2px 0 2px 1pt;text-align:left;vertical-align:bottom""><span style=""color:#000000;font-family:'Times New Roman',sans-serif;font-size:9pt;font-weight:400;line-height:100%"">$</span></td><td style=""background-color:#cceeff;border-top:1pt solid #000000;padding:2px 0;text-align:right;vertical-align:bottom""><span style=""color:#000000;font-family:'Times New Roman',sans-serif;font-size:9pt;font-weight:400;line-height:100%"">62,864 </span></td><td style=""background-color:#cceeff;border-top:1pt solid #000000;padding:2px 1pt 2px 0;text-align:right;vertical-align:bottom""/></tr><tr><td colspan=""3"" style=""background-color:#ffffff;padding:2px 1pt;text-align:left;vertical-align:top""><span style=""color:#000000;font-family:'Times New Roman',sans-serif;font-size:9pt;font-weight:400;line-height:100%"">Tax return of capital</span></td><td style=""background-color:#ffffff;padding:2px 0 2px 1pt;text-align:left;vertical-align:bottom""><span style=""color:#000000;font-family:'Times New Roman',sans-serif;font-size:9pt;font-weight:400;line-height:100%"">$</span></td><td style=""background-color:#ffffff;padding:2px 0;text-align:right;vertical-align:bottom""><span style=""color:#000000;font-family:'Times New Roman',sans-serif;font-size:9pt;font-weight:400;line-height:100%"">— </span></td><td style=""background-color:#ffffff;padding:2px 1pt 2px 0;text-align:right;vertical-align:bottom""/><td colspan=""3"" style=""background-color:#ffffff;padding:0 1pt""/><td style=""background-color:#ffffff;padding:2px 0 2px 1pt;text-align:left;vertical-align:bottom""><span style=""color:#000000;font-family:'Times New Roman',sans-serif;font-size:9pt;font-weight:400;line-height:100%"">$</span></td><td style=""background-color:#ffffff;padding:2px 0;text-align:right;vertical-align:bottom""><span style=""color:#000000;font-family:'Times New Roman',sans-serif;font-size:9pt;font-weight:400;line-height:100%"">— </span></td><td style=""background-color:#ffffff;padding:2px 1pt 2px 0;text-align:right;vertical-align:bottom""/></tr></table></div>",i3df85539395b4a139f53b1423f6536f0_D20220101-20220930,,,,,,False,IncomeTaxDisclosureTextBlock,,,2022-09-30
CGBD,2023-02-27,income_statement,income_statement,InterestIncomeOperatingPaidInCash,InterestIncomeOperatingPaidInCash,138598000,i0580ff46cb3241d6bad55b2f2ba967cd_D20220101-20221231,,,,,,False,InterestIncomeOperatingPaidInCash,,,2022-12-31
CGBD,2023-02-27,income_statement,income_statement,InterestIncomeOperatingPaidInCash,InterestIncomeOperatingPaidInCash,125074000,iadc421d616994cd3976a226b1f5e1ecd_D20210101-20211231,,,,,,False,InterestIncomeOperatingPaidInCash,,,2022-12-31
CGBD,2023-02-27,income_statement,income_statement,InterestIncomeOperatingPaidInCash,InterestIncomeOperatingPaidInCash,140815000,idd7eac5afe69418b9bb0a609d63ac391_D20200101-20201231,,,,,,False,InterestIncomeOperatingPaidInCash,,,2022-12-31
CGBD,2023-02-27,income_statement,income_statement,InterestIncomeOperatingPaidInKind,InterestIncomeOperatingPaidInKind,16258000,i0580ff46cb3241d6bad55b2f2ba967cd_D20220101-20221231,,,,,,False,InterestIncomeOperatingPaidInKind,,,2022-12-31
CGBD,2023-02-27,income_statement,income_statement,InterestIncomeOperatingPaidInKind,InterestIncomeOperatingPaidInKind,9346000,iadc421d616994cd3976a226b1f5e1ecd_D20210101-20211231,,,,,,False,InterestIncomeOperatingPaidInKind,,,2022-12-31
CGBD,2023-02-27,income_statement,income_statement,InterestIncomeOperatingPaidInKind,InterestIncomeOperatingPaidInKind,5476000,idd7eac5afe69418b9bb0a609d63ac391_D20200101-20201231,,,,,,False,InterestIncomeOperatingPaidInKind,,,2022-12-31
CGBD,2023-02-27,income_statement,income_statement,OtherIncome,OtherIncome,7302000,i0580ff46cb3241d6bad55b2f2ba967cd_D20220101-20221231,,,,,,False,OtherIncome,,,2022-12-31
CGBD,2023-02-27,income_statement,income_statement,OtherIncome,OtherIncome,6366000,iadc421d616994cd3976a226b1f5e1ecd_D20210101-20211231,,,,,,False,OtherIncome,,,2022-12-31
CGBD,2023-02-27,income_statement,income_statement,OtherIncome,OtherIncome,10974000,idd7eac5afe69418b9bb0a609d63ac391_D20200101-20201231,,,,,,False,OtherIncome,,,2022-12-31
CGBD,2023-02-27,income_statement,income_statement,GrossInvestmentIncomeOperating,GrossInvestmentIncomeOperating,162158000,i0580ff46cb3241d6bad55b2f2ba967cd_D20220101-20221231,,,,,,False,GrossInvestmentIncomeOperating,,,2022-12-31
CGBD,2023-02-27,income_statement,income_statement,GrossInvestmentIncomeOperating,GrossInvestmentIncomeOperating,140786000,iadc421d616994cd3976a226b1f5e1ecd_D20210101-20211231,,,,,,False,GrossInvestmentIncomeOperating,,,2022-12-31
CGBD,2023-02-27,income_statement,income_statement,GrossInvestmentIncomeOperating,GrossInvestmentIncomeOperating,157265000,idd7eac5afe69418b9bb0a609d63ac391_D20200101-20201231,,,,,,False,GrossInvestmentIncomeOperating,,,2022-12-31
CGBD,2023-02-27,income_statement,income_statement,InterestIncomeOperatingPaidInCash,InterestIncomeOperatingPaidInCash,3287000,ia08f30aa2de04df9a6c62072e26a778e_D20220101-20221231,,,,,,False,InterestIncomeOperatingPaidInCash,,,2022-12-31
CGBD,2023-02-27,income_statement,income_statement,InterestIncomeOperatingPaidInCash,InterestIncomeOperatingPaidInCash,173000,i180bfbbe925145f3be2df17bc095af28_D20210101-20211231,,,,,,False,InterestIncomeOperatingPaidInCash,,,2022-12-31
CGBD,2023-02-27,income_statement,income_statement,InterestIncomeOperatingPaidInCash,InterestIncomeOperatingPaidInCash,14000,ib1d9fdbf3cd045ccb6c7934904c0b9c6_D20200101-20201231,,,,,,False,InterestIncomeOperatingPaidInCash,,,2022-12-31
CGBD,2023-02-27,income_statement,income_statement,InterestIncomeOperatingPaidInKind,InterestIncomeOperatingPaidInKind,6809000,ia08f30aa2de04df9a6c62072e26a778e_D20220101-20221231,,,,,,False,InterestIncomeOperatingPaidInKind,,,2022-12-31
CGBD,2023-02-27,income_statement,income_statement,InterestIncomeOperatingPaidInKind,InterestIncomeOperatingPaidInKind,0,i180bfbbe925145f3be2df17bc095af28_D20210101-20211231,,,,,,False,InterestIncomeOperatingPaidInKind,,,2022-12-31
CGBD,2023-02-27,income_statement,income_statement,InterestIncomeOperatingPaidInKind,InterestIncomeOperatingPaidInKind,0,ib1d9fdbf3cd045ccb6c7934904c0b9c6_D20200101-20201231,,,,,,False,InterestIncomeOperatingPaidInKind,,,2022-12-31
CGBD,2023-02-27,income_statement,income_statement,OtherIncome,OtherIncome,9000,ia08f30aa2de04df9a6c62072e26a778e_D20220101-20221231,,,,,,False,OtherIncome,,,2022-12-31
CGBD,2023-02-27,income_statement,income_statement,OtherIncome,OtherIncome,10000,i180bfbbe925145f3be2df17bc095af28_D20210101-20211231,,,,,,False,OtherIncome,,,2022-12-31
CGBD,2023-02-27,income_statement,income_statement,OtherIncome,OtherIncome,0,ib1d9fdbf3cd045ccb6c7934904c0b9c6_D20200101-20201231,,,,,,False,OtherIncome,,,2022-12-31
CGBD,2023-02-27,income_statement,income_statement,GrossInvestmentIncomeOperating,GrossInvestmentIncomeOperating,10105000,ia08f30aa2de04df9a6c62072e26a778e_D20220101-20221231,,,,,,False,GrossInvestmentIncomeOperating,,,2022-12-31
CGBD,2023-02-27,income_statement,income_statement,GrossInvestmentIncomeOperating,GrossInvestmentIncomeOperating,183000,i180bfbbe925145f3be2df17bc095af28_D20210101-20211231,,,,,,False,GrossInvestmentIncomeOperating,,,2022-12-31
CGBD,2023-02-27,income_statement,income_statement,GrossInvestmentIncomeOperating,GrossInvestmentIncomeOperating,14000,ib1d9fdbf3cd045ccb6c7934904c0b9c6_D20200101-20201231,,,,,,False,GrossInvestmentIncomeOperating,,,2022-12-31
CGBD,2023-02-27,income_statement,income_statement,InterestIncomeOperatingPaidInCash,InterestIncomeOperatingPaidInCash,3873000,i262bd9056974428b8f4b4951b62dfe22_D20220101-20221231,,,,,,False,InterestIncomeOperatingPaidInCash,,,2022-12-31
CGBD,2023-02-27,income_statement,income_statement,InterestIncomeOperatingPaidInCash,InterestIncomeOperatingPaidInCash,185000,ia319eb1653aa4936b4dbc917f810dc1b_D20210101-20211231,,,,,,False,InterestIncomeOperatingPaidInCash,,,2022-12-31
CGBD,2023-02-27,income_statement,income_statement,InterestIncomeOperatingPaidInCash,InterestIncomeOperatingPaidInCash,3611000,i40c1b3d0577d4e01bfedf714049d0b85_D20200101-20201231,,,,,,False,InterestIncomeOperatingPaidInCash,,,2022-12-31
CGBD,2023-02-27,income_statement,income_statement,DividendIncomeOperating,DividendIncomeOperating,30848000,i262bd9056974428b8f4b4951b62dfe22_D20220101-20221231,,,,,,False,DividendIncomeOperating,,,2022-12-31
CGBD,2023-02-27,income_statement,income_statement,DividendIncomeOperating,DividendIncomeOperating,30063000,ia319eb1653aa4936b4dbc917f810dc1b_D20210101-20211231,,,,,,False,DividendIncomeOperating,,,2022-12-31
CGBD,2023-02-27,income_statement,income_statement,DividendIncomeOperating,DividendIncomeOperating,21228000,i40c1b3d0577d4e01bfedf714049d0b85_D20200101-20201231,,,,,,False,DividendIncomeOperating,,,2022-12-31
CGBD,2023-02-27,income_statement,income_statement,OtherIncome,OtherIncome,272000,i262bd9056974428b8f4b4951b62dfe22_D20220101-20221231,,,,,,False,OtherIncome,,,2022-12-31
CGBD,2023-02-27,income_statement,income_statement,OtherIncome,OtherIncome,21000,ia319eb1653aa4936b4dbc917f810dc1b_D20210101-20211231,,,,,,False,OtherIncome,,,2022-12-31
CGBD,2023-02-27,income_statement,income_statement,OtherIncome,OtherIncome,0,i40c1b3d0577d4e01bfedf714049d0b85_D20200101-20201231,,,,,,False,OtherIncome,,,2022-12-31
CGBD,2023-02-27,income_statement,income_statement,GrossInvestmentIncomeOperating,GrossInvestmentIncomeOperating,34993000,i262bd9056974428b8f4b4951b62dfe22_D20220101-20221231,,,,,,False,GrossInvestmentIncomeOperating,,,2022-12-31
CGBD,2023-02-27,income_statement,income_statement,GrossInvestmentIncomeOperating,GrossInvestmentIncomeOperating,30269000,ia319eb1653aa4936b4dbc917f810dc1b_D20210101-20211231,,,,,,False,GrossInvestmentIncomeOperating,,,2022-12-31
CGBD,2023-02-27,income_statement,income_statement,GrossInvestmentIncomeOperating,GrossInvestmentIncomeOperating,24839000,i40c1b3d0577d4e01bfedf714049d0b85_D20200101-20201231,,,,,,False,GrossInvestmentIncomeOperating,,,2022-12-31
CGBD,2023-02-27,income_statement,income_statement,GrossInvestmentIncomeOperating,GrossInvestmentIncomeOperating,207256000,i41480fbb4a0c4867a088261a155d85f1_D20220101-20221231,,,,,,False,GrossInvestmentIncomeOperating,,,2022-12-31
CGBD,2023-02-27,income_statement,income_statement,GrossInvestmentIncomeOperating,GrossInvestmentIncomeOperating,171238000,i6ae703c555b64295b986712735cc102b_D20210101-20211231,,,,,,False,GrossInvestmentIncomeOperating,,,2022-12-31
CGBD,2023-02-27,income_statement,income_statement,GrossInvestmentIncomeOperating,GrossInvestmentIncomeOperating,182118000,iead73d9ae16e4102b87b2cbcc503e83e_D20200101-20201231,,,,,,False,GrossInvestmentIncomeOperating,,,2022-12-31
CGBD,2023-02-27,income_statement,income_statement,ManagementFeeExpense,ManagementFeeExpense,28803000,i41480fbb4a0c4867a088261a155d85f1_D20220101-20221231,,,,,,False,ManagementFeeExpense,,,2022-12-31
CGBD,2023-02-27,income_statement,income_statement,ManagementFeeExpense,ManagementFeeExpense,28343000,i6ae703c555b64295b986712735cc102b_D20210101-20211231,,,,,,False,ManagementFeeExpense,,,2022-12-31
CGBD,2023-02-27,income_statement,income_statement,ManagementFeeExpense,ManagementFeeExpense,28648000,iead73d9ae16e4102b87b2cbcc503e83e_D20200101-20201231,,,,,,False,ManagementFeeExpense,,,2022-12-31
CGBD,2023-02-27,income_statement,income_statement,IncentiveFeeExpense,IncentiveFeeExpense,21414000,i41480fbb4a0c4867a088261a155d85f1_D20220101-20221231,,,,,,False,IncentiveFeeExpense,,,2022-12-31
CGBD,2023-02-27,income_statement,income_statement,IncentiveFeeExpense,IncentiveFeeExpense,17680000,i6ae703c555b64295b986712735cc102b_D20210101-20211231,,,,,,False,IncentiveFeeExpense,,,2022-12-31
CGBD,2023-02-27,income_statement,income_statement,IncentiveFeeExpense,IncentiveFeeExpense,18555000,iead73d9ae16e4102b87b2cbcc503e83e_D20200101-20201231,,,,,,False,IncentiveFeeExpense,,,2022-12-31
CGBD,2023-02-27,income_statement,income_statement,AdministrativeFeesExpense,AdministrativeFeesExpense,1636000,i41480fbb4a0c4867a088261a155d85f1_D20220101-20221231,,,,,,False,AdministrativeFeesExpense,,,2022-12-31
CGBD,2023-02-27,income_statement,income_statement,AdministrativeFeesExpense,AdministrativeFeesExpense,1338000,i6ae703c555b64295b986712735cc102b_D20210101-20211231,,,,,,False,AdministrativeFeesExpense,,,2022-12-31
CGBD,2023-02-27,income_statement,income_statement,AdministrativeFeesExpense,AdministrativeFeesExpense,679000,iead73d9ae16e4102b87b2cbcc503e83e_D20200101-20201231,,,,,,False,AdministrativeFeesExpense,,,2022-12-31
CGBD,2023-02-27,income_statement,income_statement,InterestExpense,InterestExpense,43961000,i41480fbb4a0c4867a088261a155d85f1_D20220101-20221231,,,,,,False,InterestExpense,,interest_expense,2022-12-31
CGBD,2023-02-27,income_statement,income_statement,InterestExpense,InterestExpense,30753000,i6ae703c555b64295b986712735cc102b_D20210101-20211231,,,,,,False,InterestExpense,,interest_expense,2022-12-31
CGBD,2023-02-27,income_statement,income_statement,InterestExpense,InterestExpense,39581000,iead73d9ae16e4102b87b2cbcc503e83e_D20200101-20201231,,,,,,False,InterestExpense,,interest_expense,2022-12-31
CGBD,2023-02-27,income_statement,income_statement,NoninterestExpenseDirectorsFees,NoninterestExpenseDirectorsFees,640000,i41480fbb4a0c4867a088261a155d85f1_D20220101-20221231,,,,,,False,NoninterestExpenseDirectorsFees,,,2022-12-31
CGBD,2023-02-27,income_statement,income_statement,NoninterestExpenseDirectorsFees,NoninterestExpenseDirectorsFees,561000,i6ae703c555b64295b986712735cc102b_D20210101-20211231,,,,,,False,NoninterestExpenseDirectorsFees,,,2022-12-31
CGBD,2023-02-27,income_statement,income_statement,NoninterestExpenseDirectorsFees,NoninterestExpenseDirectorsFees,398000,iead73d9ae16e4102b87b2cbcc503e83e_D20200101-20201231,,,,,,False,NoninterestExpenseDirectorsFees,,,2022-12-31
CGBD,2023-02-27,income_statement,income_statement,OtherGeneralAndAdministrativeExpense,OtherGeneralAndAdministrativeExpense,1872000,i41480fbb4a0c4867a088261a155d85f1_D20220101-20221231,,,,,,False,OtherGeneralAndAdministrativeExpense,,,2022-12-31
CGBD,2023-02-27,income_statement,income_statement,OtherGeneralAndAdministrativeExpense,OtherGeneralAndAdministrativeExpense,1765000,i6ae703c555b64295b986712735cc102b_D20210101-20211231,,,,,,False,OtherGeneralAndAdministrativeExpense,,,2022-12-31
CGBD,2023-02-27,income_statement,income_statement,OtherGeneralAndAdministrativeExpense,OtherGeneralAndAdministrativeExpense,1795000,iead73d9ae16e4102b87b2cbcc503e83e_D20200101-20201231,,,,,,False,OtherGeneralAndAdministrativeExpense,,,2022-12-31
CGBD,2023-02-27,income_statement,income_statement,InvestmentIncomeInvestmentExpense,InvestmentIncomeInvestmentExpense,101385000,i41480fbb4a0c4867a088261a155d85f1_D20220101-20221231,,,,,,False,InvestmentIncomeInvestmentExpense,,,2022-12-31
CGBD,2023-02-27,income_statement,income_statement,InvestmentIncomeInvestmentExpense,InvestmentIncomeInvestmentExpense,83605000,i6ae703c555b64295b986712735cc102b_D20210101-20211231,,,,,,False,InvestmentIncomeInvestmentExpense,,,2022-12-31
CGBD,2023-02-27,income_statement,income_statement,InvestmentIncomeInvestmentExpense,InvestmentIncomeInvestmentExpense,92738000,iead73d9ae16e4102b87b2cbcc503e83e_D20200101-20201231,,,,,,False,InvestmentIncomeInvestmentExpense,,,2022-12-31
CGBD,2023-02-27,income_statement,income_statement,NetInvestmentIncome,NetInvestmentIncome,105871000,i41480fbb4a0c4867a088261a155d85f1_D20220101-20221231,,,,,,False,NetInvestmentIncome,,,2022-12-31
CGBD,2023-02-27,income_statement,income_statement,NetInvestmentIncome,NetInvestmentIncome,87633000,i6ae703c555b64295b986712735cc102b_D20210101-20211231,,,,,,False,NetInvestmentIncome,,,2022-12-31
CGBD,2023-02-27,income_statement,income_statement,NetInvestmentIncome,NetInvestmentIncome,89380000,iead73d9ae16e4102b87b2cbcc503e83e_D20200101-20201231,,,,,,False,NetInvestmentIncome,,,2022-12-31
CGBD,2023-02-27,income_statement,income_statement,InvestmentIncomeOperatingTaxExpenseBenefit,InvestmentIncomeOperatingTaxExpenseBenefit,1829000,i41480fbb4a0c4867a088261a155d85f1_D20220101-20221231,,,,,,False,InvestmentIncomeOperatingTaxExpenseBenefit,,,2022-12-31
CGBD,2023-02-27,income_statement,income_statement,InvestmentIncomeOperatingTaxExpenseBenefit,InvestmentIncomeOperatingTaxExpenseBenefit,782000,i6ae703c555b64295b986712735cc102b_D20210101-20211231,,,,,,False,InvestmentIncomeOperatingTaxExpenseBenefit,,,2022-12-31
CGBD,2023-02-27,income_statement,income_statement,InvestmentIncomeOperatingTaxExpenseBenefit,InvestmentIncomeOperatingTaxExpenseBenefit,573000,iead73d9ae16e4102b87b2cbcc503e83e_D20200101-20201231,,,,,,False,InvestmentIncomeOperatingTaxExpenseBenefit,,,2022-12-31
CGBD,2023-02-27,income_statement,income_statement,InvestmentIncomeOperatingAfterExpenseAndTax,InvestmentIncomeOperatingAfterExpenseAndTax,104042000,i41480fbb4a0c4867a088261a155d85f1_D20220101-20221231,,,,,,False,InvestmentIncomeOperatingAfterExpenseAndTax,,,2022-12-31
CGBD,2023-02-27,income_statement,income_statement,InvestmentIncomeOperatingAfterExpenseAndTax,InvestmentIncomeOperatingAfterExpenseAndTax,86851000,i6ae703c555b64295b986712735cc102b_D20210101-20211231,,,,,,False,InvestmentIncomeOperatingAfterExpenseAndTax,,,2022-12-31
CGBD,2023-02-27,income_statement,income_statement,InvestmentIncomeOperatingAfterExpenseAndTax,InvestmentIncomeOperatingAfterExpenseAndTax,88807000,iead73d9ae16e4102b87b2cbcc503e83e_D20200101-20201231,,,,,,False,InvestmentIncomeOperatingAfterExpenseAndTax,,,2022-12-31
CGBD,2023-02-27,income_statement,income_statement,NetIncomeLoss,NetIncomeLoss,85637000,i41480fbb4a0c4867a088261a155d85f1_D20220101-20221231,,,,,,False,NetIncomeLoss,,net_income,2022-12-31
CGBD,2023-02-27,income_statement,income_statement,NetIncomeLoss,NetIncomeLoss,160353000,i6ae703c555b64295b986712735cc102b_D20210101-20211231,,,,,,False,NetIncomeLoss,,net_income,2022-12-31
CGBD,2023-02-27,income_statement,income_statement,NetIncomeLoss,NetIncomeLoss,6829000,iead73d9ae16e4102b87b2cbcc503e83e_D20200101-20201231,,,,,,False,NetIncomeLoss,,net_income,2022-12-31
CGBD,2023-02-27,income_statement,income_statement,PreferredStockDividendsIncomeStatementImpact,PreferredStockDividendsIncomeStatementImpact,3500000,i41480fbb4a0c4867a088261a155d85f1_D20220101-20221231,,,,,,False,PreferredStockDividendsIncomeStatementImpact,,,2022-12-31
CGBD,2023-02-27,income_statement,income_statement,PreferredStockDividendsIncomeStatementImpact,PreferredStockDividendsIncomeStatementImpact,3500000,i6ae703c555b64295b986712735cc102b_D20210101-20211231,,,,,,False,PreferredStockDividendsIncomeStatementImpact,,,2022-12-31
CGBD,2023-02-27,income_statement,income_statement,PreferredStockDividendsIncomeStatementImpact,PreferredStockDividendsIncomeStatementImpact,2275000,iead73d9ae16e4102b87b2cbcc503e83e_D20200101-20201231,,,,,,False,PreferredStockDividendsIncomeStatementImpact,,,2022-12-31
CGBD,2023-02-27,income_statement,income_statement,IncomeTaxesPaid,IncomeTaxesPaid,774000,i41480fbb4a0c4867a088261a155d85f1_D20220101-20221231,,,,,,False,IncomeTaxesPaid,,,2022-12-31
CGBD,2023-02-27,income_statement,income_statement,IncomeTaxesPaid,IncomeTaxesPaid,641000,i6ae703c555b64295b986712735cc102b_D20210101-20211231,,,,,,False,IncomeTaxesPaid,,,2022-12-31
CGBD,2023-02-27,income_statement,income_statement,IncomeTaxesPaid,IncomeTaxesPaid,391000,iead73d9ae16e4102b87b2cbcc503e83e_D20200101-20201231,,,,,,False,IncomeTaxesPaid,,,2022-12-31
CGBD,2023-02-27,income_statement,income_statement,InterestAndDividendIncomeSecurities,InterestAndDividendIncomeSecurities,20500000,i2cf8b53fb93c47bca2b3514722f5abd9_D20220101-20221231,,,,,,False,InterestAndDividendIncomeSecurities,,,2022-12-31
CGBD,2023-02-27,income_statement,income_statement,InterestAndDividendIncomeSecurities,InterestAndDividendIncomeSecurities,0,i4247e578b95a4affb80532589cddaed6_D20220101-20221231,,,,,,False,InterestAndDividendIncomeSecurities,,,2022-12-31
CGBD,2023-02-27,income_statement,income_statement,InterestAndDividendIncomeSecurities,InterestAndDividendIncomeSecurities,10348000,i8eac7cd51217481eafa686fa1ad345fc_D20220101-20221231,,,,,,False,InterestAndDividendIncomeSecurities,,,2022-12-31
CGBD,2023-02-27,income_statement,income_statement,InterestAndDividendIncomeSecurities,InterestAndDividendIncomeSecurities,30848000,ia49588abf4154551ba17879b3fee5bbb_D20220101-20221231,,,,,,False,InterestAndDividendIncomeSecurities,,,2022-12-31
CGBD,2023-02-27,income_statement,income_statement,InterestAndDividendIncomeSecurities,InterestAndDividendIncomeSecurities,8000,i04ad902b643241e7b715589f6af5cf32_D20220101-20221231,,,,,,False,InterestAndDividendIncomeSecurities,,,2022-12-31
CGBD,2023-02-27,income_statement,income_statement,InterestAndDividendIncomeSecurities,InterestAndDividendIncomeSecurities,1031000,i0d68075047b24a52b4e5a56ce71b73dc_D20220101-20221231,,,,,,False,InterestAndDividendIncomeSecurities,,,2022-12-31
CGBD,2023-02-27,income_statement,income_statement,InterestAndDividendIncomeSecurities,InterestAndDividendIncomeSecurities,2834000,i8a5e5a9828d842418221c404ca302633_D20220101-20221231,,,,,,False,InterestAndDividendIncomeSecurities,,,2022-12-31
CGBD,2023-02-27,income_statement,income_statement,InterestAndDividendIncomeSecurities,InterestAndDividendIncomeSecurities,0,i4dd1e3784f3c49199d28f377f24e6778_D20220101-20221231,,,,,,False,InterestAndDividendIncomeSecurities,,,2022-12-31
CGBD,2023-02-27,income_statement,income_statement,InterestAndDividendIncomeSecurities,InterestAndDividendIncomeSecurities,3873000,i5ee52b7438ca4951971b6307bfe534d3_D20220101-20221231,,,,,,False,InterestAndDividendIncomeSecurities,,,2022-12-31
CGBD,2023-02-27,income_statement,income_statement,InterestAndDividendIncomeSecurities,InterestAndDividendIncomeSecurities,9864000,i5605375241cc48ae9e4502d83cd823ab_D20220101-20221231,,,,,,False,InterestAndDividendIncomeSecurities,,,2022-12-31
CGBD,2023-02-27,income_statement,income_statement,InterestAndDividendIncomeSecurities,InterestAndDividendIncomeSecurities,232000,i30f2c0c797f34db4bf0fce32f61d6653_D20220101-20221231,,,,,,False,InterestAndDividendIncomeSecurities,,,2022-12-31
CGBD,2023-02-27,income_statement,income_statement,InterestAndDividendIncomeSecurities,InterestAndDividendIncomeSecurities,0,i380bc1a183b245ef9642acdd448ade2a_D20220101-20221231,,,,,,False,InterestAndDividendIncomeSecurities,,,2022-12-31
CGBD,2023-02-27,income_statement,income_statement,InterestAndDividendIncomeSecurities,InterestAndDividendIncomeSecurities,10096000,if279a7874ef84293b758a985de8b2639_D20220101-20221231,,,,,,False,InterestAndDividendIncomeSecurities,,,2022-12-31
CGBD,2023-02-27,income_statement,income_statement,InterestAndDividendIncomeSecurities,InterestAndDividendIncomeSecurities,0,ie6efee9a94a74941bc4c83259c70260e_D20210101-20211231,,,,,,False,InterestAndDividendIncomeSecurities,,,2022-12-31
CGBD,2023-02-27,income_statement,income_statement,InterestAndDividendIncomeSecurities,InterestAndDividendIncomeSecurities,20000000,if6520898616d48db983e457e5848ad62_D20210101-20211231,,,,,,False,InterestAndDividendIncomeSecurities,,,2022-12-31
CGBD,2023-02-27,income_statement,income_statement,InterestAndDividendIncomeSecurities,InterestAndDividendIncomeSecurities,10063000,ia66910adc97f4c2a90dbcc291ed9ecd6_D20210101-20211231,,,,,,False,InterestAndDividendIncomeSecurities,,,2022-12-31
CGBD,2023-02-27,income_statement,income_statement,InterestAndDividendIncomeSecurities,InterestAndDividendIncomeSecurities,30063000,i962e297a105148bf990bd4a0dd862fe1_D20210101-20211231,,,,,,False,InterestAndDividendIncomeSecurities,,,2022-12-31
CGBD,2023-02-27,income_statement,income_statement,InterestAndDividendIncomeSecurities,InterestAndDividendIncomeSecurities,185000,i5adc2c03e6034621a9933db8be30d8ea_D20210101-20211231,,,,,,False,InterestAndDividendIncomeSecurities,,,2022-12-31
CGBD,2023-02-27,income_statement,income_statement,InterestAndDividendIncomeSecurities,InterestAndDividendIncomeSecurities,0,iabdace7ae37d4107b0b33efd1ac6cb58_D20210101-20211231,,,,,,False,InterestAndDividendIncomeSecurities,,,2022-12-31
CGBD,2023-02-27,income_statement,income_statement,InterestAndDividendIncomeSecurities,InterestAndDividendIncomeSecurities,0,i2937d6e9aa904a23b4d9e1435e2dd4f4_D20210101-20211231,,,,,,False,InterestAndDividendIncomeSecurities,,,2022-12-31
CGBD,2023-02-27,income_statement,income_statement,InterestAndDividendIncomeSecurities,InterestAndDividendIncomeSecurities,0,i0a7bcf1c459d49b7b80e6eb8e13da2dc_D20210101-20211231,,,,,,False,InterestAndDividendIncomeSecurities,,,2022-12-31
CGBD,2023-02-27,income_statement,income_statement,InterestAndDividendIncomeSecurities,InterestAndDividendIncomeSecurities,185000,i0d9aed7191b6458db68a6ff63d5f6c96_D20210101-20211231,,,,,,False,InterestAndDividendIncomeSecurities,,,2022-12-31
CGBD,2023-02-27,income_statement,income_statement,InterestAndDividendIncomeSecurities,InterestAndDividendIncomeSecurities,0,i85d683e549b84b789c49b48d367bfab8_D20210101-20211231,,,,,,False,InterestAndDividendIncomeSecurities,,,2022-12-31
CGBD,2023-02-27,income_statement,income_statement,InterestAndDividendIncomeSecurities,InterestAndDividendIncomeSecurities,173000,i512261f221184d708f02ea1af43332bb_D20210101-20211231,,,,,,False,InterestAndDividendIncomeSecurities,,,2022-12-31
CGBD,2023-02-27,income_statement,income_statement,InterestAndDividendIncomeSecurities,InterestAndDividendIncomeSecurities,0,i7f4974b22baf43e99fc4bdb041e5f9a3_D20210101-20211231,,,,,,False,InterestAndDividendIncomeSecurities,,,2022-12-31
CGBD,2023-02-27,income_statement,income_statement,InterestAndDividendIncomeSecurities,InterestAndDividendIncomeSecurities,173000,ia1abd790cd73425f88317b05c39af1c3_D20210101-20211231,,,,,,False,InterestAndDividendIncomeSecurities,,,2022-12-31
CGBD,2023-02-27,income_statement,income_statement,RevenueRecognitionPolicyTextBlock,RevenueRecognitionPolicyTextBlock,"<div style=""margin-top:18pt""><span style=""color:#000000;font-family:'Times New Roman',sans-serif;font-size:10pt;font-style:italic;font-weight:700;line-height:120%"">Revenue Recognition</span></div><div style=""margin-top:6pt""><span style=""color:#000000;font-family:'Times New Roman',sans-serif;font-size:10pt;font-style:italic;font-weight:400;line-height:120%"">Interest from Investments and Realized Gain/Loss on Investments</span></div><div style=""margin-top:6pt;text-indent:36pt""><span style=""color:#000000;font-family:'Times New Roman',sans-serif;font-size:10pt;font-weight:400;line-height:120%"">Interest income is recorded on an accrual basis and includes the accretion of discounts and amortization of premiums. Discounts from and premiums to par value on debt investments purchased are accreted/amortized into interest income over the life of the respective security using the effective interest method. The amortized cost of debt investments represents the original cost, including origination fees and upfront fees received that are deemed to be an adjustment to yield, adjusted for the accretion of discounts and amortization of premiums, if any. At time of exit, the realized gain or loss on an investment is the difference between the amortized cost at time of exit and the cash received at exit using the specific identification method.</span></div><div style=""margin-top:12pt;text-indent:36pt""><span style=""color:#000000;font-family:'Times New Roman',sans-serif;font-size:10pt;font-weight:400;line-height:120%"">The Company may have loans in its portfolio that contain payment-in-kind (“PIK”) provisions. PIK income represents interest that is accrued and recorded as interest income at the contractual rates, increases the loan principal on the respective capitalization dates, and is generally due at maturity. As of December 31, 2022 and 2021, the fair value of the loans in the portfolio with PIK provisions was $176,773 and $243,220, respectively. For the years ended December 31, 2022, 2021 and 2020, the Company earned $23,067, $9,346, and $5,476 in PIK income, respectively. In 2022, the Company began presenting PIK income as a separate financial statement line item in the accompanying Consolidated Statements of Operations, which had previously been included in interest income. Prior periods have been conformed to the current presentation.</span></div><div style=""margin-top:12pt;text-indent:36pt""><span style=""color:#000000;font-family:'Times New Roman',sans-serif;font-size:10pt;font-weight:400;line-height:120%"">In 2021, the Company separately presented interest receivable from non-controlled/non-affiliated investments, interest receivable from non-controlled/affiliated investments, and interest and dividend receivable from controlled/affiliated investments on the Consolidated Statements of Assets and Liabilities. In 2022, the amounts are presented collectively on the  Consolidated Statements of Assets and Liabilities as interest and dividend receivable. There was no change to total net assets as a result of these reclassifications. Prior periods have been conformed to the current presentation.</span></div><div style=""margin-top:12pt""><span style=""color:#000000;font-family:'Times New Roman',sans-serif;font-size:10pt;font-style:italic;font-weight:400;line-height:120%"">Dividend Income</span></div><div style=""margin-top:6pt;text-indent:36pt""><span style=""color:#000000;font-family:'Times New Roman',sans-serif;font-size:10pt;font-weight:400;line-height:120%"">Dividend income from each investment fund, Credit Fund and Credit Fund II, and other investments funds, if any, is recorded on the record date for the investment fund to the extent that such amounts are payable by the investment fund and are expected to be collected.</span></div><div style=""margin-top:18pt""><span style=""color:#000000;font-family:'Times New Roman',sans-serif;font-size:10pt;font-style:italic;font-weight:400;line-height:120%"">Other Income</span></div><div style=""margin-top:6pt;text-indent:36pt""><span style=""color:#000000;font-family:'Times New Roman',sans-serif;font-size:10pt;font-weight:400;line-height:120%"">Other income may include income such as consent, waiver, amendment, unused, underwriting, arranger  and prepayment fees associated with the Company’s investment activities as well as any fees for managerial assistance services rendered by the Company to the portfolio companies. Such fees are recognized as income when earned or the services are rendered. The Company may receive fees for guaranteeing the outstanding debt of a portfolio company. Such fees are amortized into other income over the life of the guarantee. The unamortized amount, if any, is included in other assets in the accompanying Consolidated Statements of Assets and Liabilities. For the years ended December 31, 2022, 2021 and 2020, the Company earned $7,583, $6,397 and $10,974, respectively, in other income, primarily from amendment, underwriting, and prepayment fees.</span></div><div style=""margin-top:18pt""><span style=""color:#000000;font-family:'Times New Roman',sans-serif;font-size:10pt;font-style:italic;font-weight:400;line-height:120%"">Non-Accrual Income</span></div>Loans are generally placed on non-accrual status when principal or interest payments are past due or when there is reasonable doubt that principal or interest will be collected in full. Accrued and unpaid interest is generally reversed when a loan is placed on non-accrual status. Interest payments received on non-accrual loans may be recognized as income or applied to principal depending upon management’s judgment regarding collectability. Non-accrual loans are restored to accrual status when past due principal and interest are current or there is no longer any reasonable doubt that such principal or interest will be collected in full and, in management’s judgment, are likely to remain current. Management may determine not to place a loan on non-accrual status if the loan has sufficient collateral value and is in the process of collection.",i41480fbb4a0c4867a088261a155d85f1_D20220101-20221231,,,,,,False,RevenueRecognitionPolicyTextBlock,,,2022-12-31
CGBD,2023-02-27,income_statement,income_statement,InterestIncomeOperatingPaidInKind,InterestIncomeOperatingPaidInKind,23067000,i41480fbb4a0c4867a088261a155d85f1_D20220101-20221231,,,,,,False,InterestIncomeOperatingPaidInKind,,,2022-12-31
CGBD,2023-02-27,income_statement,income_statement,InterestIncomeOperatingPaidInKind,InterestIncomeOperatingPaidInKind,9346000,i6ae703c555b64295b986712735cc102b_D20210101-20211231,,,,,,False,InterestIncomeOperatingPaidInKind,,,2022-12-31
CGBD,2023-02-27,income_statement,income_statement,InterestIncomeOperatingPaidInKind,InterestIncomeOperatingPaidInKind,5476000,iead73d9ae16e4102b87b2cbcc503e83e_D20200101-20201231,,,,,,False,InterestIncomeOperatingPaidInKind,,,2022-12-31
CGBD,2023-02-27,income_statement,income_statement,OtherIncome,OtherIncome,7583000,i41480fbb4a0c4867a088261a155d85f1_D20220101-20221231,,,,,,False,OtherIncome,,,2022-12-31
CGBD,2023-02-27,income_statement,income_statement,OtherIncome,OtherIncome,6397000,i6ae703c555b64295b986712735cc102b_D20210101-20211231,,,,,,False,OtherIncome,,,2022-12-31
CGBD,2023-02-27,income_statement,income_statement,OtherIncome,OtherIncome,10974000,iead73d9ae16e4102b87b2cbcc503e83e_D20200101-20201231,,,,,,False,OtherIncome,,,2022-12-31
CGBD,2023-02-27,income_statement,income_statement,IncomeTaxPolicyTextBlock,IncomeTaxPolicyTextBlock,"<div style=""margin-top:18pt""><span style=""color:#000000;font-family:'Times New Roman',sans-serif;font-size:10pt;font-style:italic;font-weight:700;line-height:120%"">Income Taxes</span></div><div style=""margin-top:6pt;text-indent:36pt""><span style=""color:#000000;font-family:'Times New Roman',sans-serif;font-size:10pt;font-weight:400;line-height:120%"">For federal income tax purposes, the Company has elected to be treated as a RIC under the Code, and intends to make the required distributions to its stockholders as specified therein. In order to qualify as a RIC, the Company must meet certain minimum distribution, source-of-income and asset diversification requirements. If such requirements are met, then the Company is generally required to pay income taxes only on the portion of its taxable income and gains it does not distribute.</span></div><div style=""margin-top:12pt;text-indent:36pt""><span style=""color:#000000;font-family:'Times New Roman',sans-serif;font-size:10pt;font-weight:400;line-height:120%"">The minimum distribution requirements applicable to RICs require the Company to distribute to its stockholders at least 90% of its investment company taxable income (“ICTI”), as defined by the Code, each year, although depending on the level of ICTI earned in a tax year, the Company may choose to carry forward ICTI in excess of the current year distribution into the next tax year. Any such carryover ICTI must be distributed before the end of that next tax year through a dividend declared prior to filing the final tax return related to the year which generated such ICTI.</span></div><div style=""margin-top:12pt;text-indent:36pt""><span style=""color:#000000;font-family:'Times New Roman',sans-serif;font-size:10pt;font-weight:400;line-height:120%"">In addition, based on the excise distribution requirements, the Company is subject to a 4% nondeductible federal excise tax on undistributed income unless the Company distributes in a timely manner an amount at least equal to the sum of (1) 98% of its ordinary income for each calendar year, (2) 98.2% of capital gain net income (both long-term and short-term) for the one-year period ending October 31 in that calendar year and (3) any income realized, but not distributed, in the preceding year. For this purpose, however, any ordinary income or capital gain net income retained by the Company that is subject to corporate income tax is considered to have been distributed. The Company intends to make sufficient distributions each taxable year to satisfy the excise distribution requirements as reasonable.</span></div>The Company evaluates tax positions taken or expected to be taken in the course of preparing its consolidated financial statements to determine whether the tax positions are “more-likely than not” to be sustained by the applicable tax authority. The SPV and the 2015-1 Issuer are disregarded entities for tax purposes and are consolidated with the tax return of the Company. All penalties and interest associated with income taxes, if any, are included in income tax expense.",i41480fbb4a0c4867a088261a155d85f1_D20220101-20221231,,,,,,False,IncomeTaxPolicyTextBlock,,,2022-12-31
CGBD,2023-02-27,income_statement,income_statement,IncentiveFeeExpense,IncentiveFeeExpense,21414000,i4f1fc1a8d2b543989fc0f1189a430a2b_D20220101-20221231,,,,,,False,IncentiveFeeExpense,,,2022-12-31
CGBD,2023-02-27,income_statement,income_statement,IncentiveFeeExpense,IncentiveFeeExpense,17680000,i0cc4b9a312fe45f09f11201e3bcff41c_D20210101-20211231,,,,,,False,IncentiveFeeExpense,,,2022-12-31
CGBD,2023-02-27,income_statement,income_statement,IncentiveFeeExpense,IncentiveFeeExpense,18555000,i0a41d77ea1db4afba2d74d5395ea3776_D20200101-20201231,,,,,,False,IncentiveFeeExpense,,,2022-12-31
CGBD,2023-02-27,income_statement,income_statement,IncentiveFeeExpense,IncentiveFeeExpense,0,i8080f8db010b47af84e9246a6f9c08b3_D20220101-20221231,,,,,,False,IncentiveFeeExpense,,,2022-12-31
CGBD,2023-02-27,income_statement,income_statement,IncentiveFeeExpense,IncentiveFeeExpense,0,i754b224bfade4611956e5046ff296eae_D20210101-20211231,,,,,,False,IncentiveFeeExpense,,,2022-12-31
CGBD,2023-02-27,income_statement,income_statement,IncentiveFeeExpense,IncentiveFeeExpense,0,i576dc89239394ebeb33db9ca9d809b1b_D20200101-20201231,,,,,,False,IncentiveFeeExpense,,,2022-12-31
CGBD,2023-02-27,income_statement,income_statement,IncentiveFeeExpense,IncentiveFeeExpense,0,i4112c28301c140eea59a76cfe60f6797_D20220101-20221231,,,,,,False,IncentiveFeeExpense,,,2022-12-31
CGBD,2023-02-27,income_statement,income_statement,IncentiveFeeExpense,IncentiveFeeExpense,0,i70f3d4face2c4e6ba53ed30e14bc47b9_D20210101-20211231,,,,,,False,IncentiveFeeExpense,,,2022-12-31
CGBD,2023-02-27,income_statement,income_statement,IncentiveFeeExpense,IncentiveFeeExpense,0,ib9d119ba0e264a10a00d6977223dbc19_D20200101-20201231,,,,,,False,IncentiveFeeExpense,,,2022-12-31
CGBD,2023-02-27,income_statement,income_statement,IncentiveFeeExpense,IncentiveFeeExpense,0,i545be74cb959435f921c806220e69f81_D20220101-20221231,,,,,,False,IncentiveFeeExpense,,,2022-12-31
CGBD,2023-02-27,income_statement,income_statement,IncentiveFeeExpense,IncentiveFeeExpense,0,id0bf9c5629a7494993fb63dcd4e24016_D20210101-20211231,,,,,,False,IncentiveFeeExpense,,,2022-12-31
CGBD,2023-02-27,income_statement,income_statement,IncentiveFeeExpense,IncentiveFeeExpense,0,i572b869598f84c478f369d845c77748f_D20200101-20201231,,,,,,False,IncentiveFeeExpense,,,2022-12-31
CGBD,2023-02-27,income_statement,income_statement,ManagementFeeAndIncentiveFeeExpense,ManagementFeeAndIncentiveFeeExpense,50217000,i41480fbb4a0c4867a088261a155d85f1_D20220101-20221231,,,,,,False,ManagementFeeAndIncentiveFeeExpense,,,2022-12-31
CGBD,2023-02-27,income_statement,income_statement,ManagementFeeAndIncentiveFeeExpense,ManagementFeeAndIncentiveFeeExpense,46023000,i6ae703c555b64295b986712735cc102b_D20210101-20211231,,,,,,False,ManagementFeeAndIncentiveFeeExpense,,,2022-12-31
CGBD,2023-02-27,income_statement,income_statement,ManagementFeeAndIncentiveFeeExpense,ManagementFeeAndIncentiveFeeExpense,47203000,iead73d9ae16e4102b87b2cbcc503e83e_D20200101-20201231,,,,,,False,ManagementFeeAndIncentiveFeeExpense,,,2022-12-31
CGBD,2023-02-27,income_statement,income_statement,RelatedPartyTransactionExpensesFromTransactionsWithRelatedParty,RelatedPartyTransactionExpensesFromTransactionsWithRelatedParty,1636000,id0083f7043d645f89742452134f01258_D20220101-20221231,,,,,,False,RelatedPartyTransactionExpensesFromTransactionsWithRelatedParty,,,2022-12-31
CGBD,2023-02-27,income_statement,income_statement,RelatedPartyTransactionExpensesFromTransactionsWithRelatedParty,RelatedPartyTransactionExpensesFromTransactionsWithRelatedParty,1338000,i894da29e78c04caa9f741aff377ae074_D20210101-20211231,,,,,,False,RelatedPartyTransactionExpensesFromTransactionsWithRelatedParty,,,2022-12-31
CGBD,2023-02-27,income_statement,income_statement,RelatedPartyTransactionExpensesFromTransactionsWithRelatedParty,RelatedPartyTransactionExpensesFromTransactionsWithRelatedParty,679000,i26c4805bc8b64527b941d4e96cf212f8_D20200101-20201231,,,,,,False,RelatedPartyTransactionExpensesFromTransactionsWithRelatedParty,,,2022-12-31
CGBD,2023-02-27,income_statement,income_statement,RelatedPartyTransactionExpensesFromTransactionsWithRelatedParty,RelatedPartyTransactionExpensesFromTransactionsWithRelatedParty,807000,i5a5ad563faeb46e49ce4b25cfc05ce36_D20220101-20221231,,,,,,False,RelatedPartyTransactionExpensesFromTransactionsWithRelatedParty,,,2022-12-31
CGBD,2023-02-27,income_statement,income_statement,RelatedPartyTransactionExpensesFromTransactionsWithRelatedParty,RelatedPartyTransactionExpensesFromTransactionsWithRelatedParty,684000,id46f7a83f732410eb06860a19e5b5b89_D20210101-20211231,,,,,,False,RelatedPartyTransactionExpensesFromTransactionsWithRelatedParty,,,2022-12-31
CGBD,2023-02-27,income_statement,income_statement,RelatedPartyTransactionExpensesFromTransactionsWithRelatedParty,RelatedPartyTransactionExpensesFromTransactionsWithRelatedParty,659000,i5875b880aca74ed4922609545821858c_D20200101-20201231,,,,,,False,RelatedPartyTransactionExpensesFromTransactionsWithRelatedParty,,,2022-12-31
CGBD,2023-02-27,income_statement,income_statement,RelatedPartyTransactionExpensesFromTransactionsWithRelatedParty,RelatedPartyTransactionExpensesFromTransactionsWithRelatedParty,640000,i715c264a0a3c4dd392df8ff155fee42f_D20220101-20221231,,,,,,False,RelatedPartyTransactionExpensesFromTransactionsWithRelatedParty,,,2022-12-31
CGBD,2023-02-27,income_statement,income_statement,RelatedPartyTransactionExpensesFromTransactionsWithRelatedParty,RelatedPartyTransactionExpensesFromTransactionsWithRelatedParty,561000,ib0e30fec580f454e88f6b251bdddc8af_D20210101-20211231,,,,,,False,RelatedPartyTransactionExpensesFromTransactionsWithRelatedParty,,,2022-12-31
CGBD,2023-02-27,income_statement,income_statement,RelatedPartyTransactionExpensesFromTransactionsWithRelatedParty,RelatedPartyTransactionExpensesFromTransactionsWithRelatedParty,398000,i284cdaecbb9547ae955c1c16f6ba5f1a_D20200101-20201231,,,,,,False,RelatedPartyTransactionExpensesFromTransactionsWithRelatedParty,,,2022-12-31
CGBD,2023-02-27,income_statement,income_statement,GrossInvestmentIncomeOperating,GrossInvestmentIncomeOperating,69779000,ief638da60a0e48fc9b1cf43eb898cfdb_D20220101-20221231,,,,,,False,GrossInvestmentIncomeOperating,,,2022-12-31
CGBD,2023-02-27,income_statement,income_statement,GrossInvestmentIncomeOperating,GrossInvestmentIncomeOperating,68397000,if29610b626ab4be8a031e5318483266d_D20210101-20211231,,,,,,False,GrossInvestmentIncomeOperating,,,2022-12-31
CGBD,2023-02-27,income_statement,income_statement,OtherExpenses,OtherExpenses,2050000,ief638da60a0e48fc9b1cf43eb898cfdb_D20220101-20221231,,,,,,False,OtherExpenses,,,2022-12-31
CGBD,2023-02-27,income_statement,income_statement,OtherExpenses,OtherExpenses,1992000,if29610b626ab4be8a031e5318483266d_D20210101-20211231,,,,,,False,OtherExpenses,,,2022-12-31
CGBD,2023-02-27,income_statement,income_statement,InvestmentIncomeInvestmentExpense,InvestmentIncomeInvestmentExpense,27245000,ief638da60a0e48fc9b1cf43eb898cfdb_D20220101-20221231,,,,,,False,InvestmentIncomeInvestmentExpense,,,2022-12-31
CGBD,2023-02-27,income_statement,income_statement,InvestmentIncomeInvestmentExpense,InvestmentIncomeInvestmentExpense,23755000,if29610b626ab4be8a031e5318483266d_D20210101-20211231,,,,,,False,InvestmentIncomeInvestmentExpense,,,2022-12-31
CGBD,2023-02-27,income_statement,income_statement,InvestmentIncomeOperatingAfterExpenseAndTax,InvestmentIncomeOperatingAfterExpenseAndTax,42534000,ief638da60a0e48fc9b1cf43eb898cfdb_D20220101-20221231,,,,,,False,InvestmentIncomeOperatingAfterExpenseAndTax,,,2022-12-31
CGBD,2023-02-27,income_statement,income_statement,InvestmentIncomeOperatingAfterExpenseAndTax,InvestmentIncomeOperatingAfterExpenseAndTax,44642000,if29610b626ab4be8a031e5318483266d_D20210101-20211231,,,,,,False,InvestmentIncomeOperatingAfterExpenseAndTax,,,2022-12-31
CGBD,2023-02-27,income_statement,income_statement,NetIncomeLoss,NetIncomeLoss,4651000,ief638da60a0e48fc9b1cf43eb898cfdb_D20220101-20221231,,,,,,False,NetIncomeLoss,,net_income,2022-12-31
CGBD,2023-02-27,income_statement,income_statement,NetIncomeLoss,NetIncomeLoss,54226000,if29610b626ab4be8a031e5318483266d_D20210101-20211231,,,,,,False,NetIncomeLoss,,net_income,2022-12-31
CGBD,2023-02-27,income_statement,income_statement,GrossInvestmentIncomeOperating,GrossInvestmentIncomeOperating,20595000,i159d6f90cdec438eae7dd617ab03a6a0_D20220101-20221231,,,,,,False,GrossInvestmentIncomeOperating,,,2022-12-31
CGBD,2023-02-27,income_statement,income_statement,GrossInvestmentIncomeOperating,GrossInvestmentIncomeOperating,18822000,iebec69d20f3e498ca54717981db72669_D20210101-20211231,,,,,,False,GrossInvestmentIncomeOperating,,,2022-12-31
CGBD,2023-02-27,income_statement,income_statement,OtherExpenses,OtherExpenses,842000,i159d6f90cdec438eae7dd617ab03a6a0_D20220101-20221231,,,,,,False,OtherExpenses,,,2022-12-31
CGBD,2023-02-27,income_statement,income_statement,OtherExpenses,OtherExpenses,897000,iebec69d20f3e498ca54717981db72669_D20210101-20211231,,,,,,False,OtherExpenses,,,2022-12-31
CGBD,2023-02-27,income_statement,income_statement,InvestmentIncomeInvestmentExpense,InvestmentIncomeInvestmentExpense,8245000,i159d6f90cdec438eae7dd617ab03a6a0_D20220101-20221231,,,,,,False,InvestmentIncomeInvestmentExpense,,,2022-12-31
CGBD,2023-02-27,income_statement,income_statement,InvestmentIncomeInvestmentExpense,InvestmentIncomeInvestmentExpense,5592000,iebec69d20f3e498ca54717981db72669_D20210101-20211231,,,,,,False,InvestmentIncomeInvestmentExpense,,,2022-12-31
CGBD,2023-02-27,income_statement,income_statement,InvestmentIncomeOperatingAfterExpenseAndTax,InvestmentIncomeOperatingAfterExpenseAndTax,12350000,i159d6f90cdec438eae7dd617ab03a6a0_D20220101-20221231,,,,,,False,InvestmentIncomeOperatingAfterExpenseAndTax,,,2022-12-31
CGBD,2023-02-27,income_statement,income_statement,InvestmentIncomeOperatingAfterExpenseAndTax,InvestmentIncomeOperatingAfterExpenseAndTax,13230000,iebec69d20f3e498ca54717981db72669_D20210101-20211231,,,,,,False,InvestmentIncomeOperatingAfterExpenseAndTax,,,2022-12-31
CGBD,2023-02-27,income_statement,income_statement,NetIncomeLoss,NetIncomeLoss,6281000,i159d6f90cdec438eae7dd617ab03a6a0_D20220101-20221231,,,,,,False,NetIncomeLoss,,net_income,2022-12-31
CGBD,2023-02-27,income_statement,income_statement,NetIncomeLoss,NetIncomeLoss,12790000,iebec69d20f3e498ca54717981db72669_D20210101-20211231,,,,,,False,NetIncomeLoss,,net_income,2022-12-31
CGBD,2023-02-27,income_statement,income_statement,InterestExpenseOther,InterestExpenseOther,0,i987bb98e281a4d03b4cf699d802d017f_D20220101-20221231,,,,,,False,InterestExpenseOther,,,2022-12-31
CGBD,2023-02-27,income_statement,income_statement,InterestExpenseOther,InterestExpenseOther,0,i42970c20e5cb43229fc48d05d543cb6d_D20210101-20211231,,,,,,False,InterestExpenseOther,,,2022-12-31
CGBD,2023-02-27,income_statement,income_statement,InterestExpenseOther,InterestExpenseOther,109000,i70b3bcfb32a04fefbb949813fa15f289_D20200101-20201231,,,,,,False,InterestExpenseOther,,,2022-12-31
CGBD,2023-02-27,income_statement,income_statement,InvestmentIncomeOperatingAfterExpenseAndTax,InvestmentIncomeOperatingAfterExpenseAndTax,104042000,id2f70e4171e148359215ed8adaa554af_D20220101-20221231,,,,,,False,InvestmentIncomeOperatingAfterExpenseAndTax,,,2022-12-31
CGBD,2023-02-27,income_statement,income_statement,InvestmentIncomeOperatingAfterExpenseAndTax,InvestmentIncomeOperatingAfterExpenseAndTax,86851000,ibe4d1592a73b4782a0edab5c135c3ee1_D20210101-20211231,,,,,,False,InvestmentIncomeOperatingAfterExpenseAndTax,,,2022-12-31
CGBD,2023-02-27,income_statement,income_statement,InvestmentIncomeOperatingAfterExpenseAndTax,InvestmentIncomeOperatingAfterExpenseAndTax,88807000,ibcad1b9364fb41a58b337f118f0b68e5_D20200101-20201231,,,,,,False,InvestmentIncomeOperatingAfterExpenseAndTax,,,2022-12-31
CGBD,2023-02-27,income_statement,income_statement,InvestmentCompanyInvestmentIncomeLossPerShare,InvestmentCompanyInvestmentIncomeLossPerShare,1.93,i41480fbb4a0c4867a088261a155d85f1_D20220101-20221231,,,,,,False,InvestmentCompanyInvestmentIncomeLossPerShare,,,2022-12-31
CGBD,2023-02-27,income_statement,income_statement,InvestmentCompanyInvestmentIncomeLossPerShare,InvestmentCompanyInvestmentIncomeLossPerShare,1.53,i6ae703c555b64295b986712735cc102b_D20210101-20211231,,,,,,False,InvestmentCompanyInvestmentIncomeLossPerShare,,,2022-12-31
CGBD,2023-02-27,income_statement,income_statement,InvestmentCompanyInvestmentIncomeLossPerShare,InvestmentCompanyInvestmentIncomeLossPerShare,1.54,iead73d9ae16e4102b87b2cbcc503e83e_D20200101-20201231,,,,,,False,InvestmentCompanyInvestmentIncomeLossPerShare,,,2022-12-31
CGBD,2023-02-27,income_statement,income_statement,InvestmentCompanyInvestmentIncomeLossPerShare,InvestmentCompanyInvestmentIncomeLossPerShare,1.79,i0be62dc36c7e463a8756c21096622a39_D20190101-20191231,,,,,,False,InvestmentCompanyInvestmentIncomeLossPerShare,,,2022-12-31
CGBD,2023-02-27,income_statement,income_statement,InvestmentCompanyInvestmentIncomeLossPerShare,InvestmentCompanyInvestmentIncomeLossPerShare,1.73,i479e7a874db042e0b2c36e358dc361ea_D20180101-20181231,,,,,,False,InvestmentCompanyInvestmentIncomeLossPerShare,,,2022-12-31
CGBD,2023-02-27,income_statement,income_statement,InvestmentCompanyInvestmentIncomeLossFromOperationsPerShare,InvestmentCompanyInvestmentIncomeLossFromOperationsPerShare,1.58,i41480fbb4a0c4867a088261a155d85f1_D20220101-20221231,,,,,,False,InvestmentCompanyInvestmentIncomeLossFromOperationsPerShare,,,2022-12-31
CGBD,2023-02-27,income_statement,income_statement,InvestmentCompanyInvestmentIncomeLossFromOperationsPerShare,InvestmentCompanyInvestmentIncomeLossFromOperationsPerShare,2.89,i6ae703c555b64295b986712735cc102b_D20210101-20211231,,,,,,False,InvestmentCompanyInvestmentIncomeLossFromOperationsPerShare,,,2022-12-31
CGBD,2023-02-27,income_statement,income_statement,InvestmentCompanyInvestmentIncomeLossFromOperationsPerShare,InvestmentCompanyInvestmentIncomeLossFromOperationsPerShare,0.08,iead73d9ae16e4102b87b2cbcc503e83e_D20200101-20201231,,,,,,False,InvestmentCompanyInvestmentIncomeLossFromOperationsPerShare,,,2022-12-31
CGBD,2023-02-27,income_statement,income_statement,InvestmentCompanyInvestmentIncomeLossFromOperationsPerShare,InvestmentCompanyInvestmentIncomeLossFromOperationsPerShare,1.04,i0be62dc36c7e463a8756c21096622a39_D20190101-20191231,,,,,,False,InvestmentCompanyInvestmentIncomeLossFromOperationsPerShare,,,2022-12-31
CGBD,2023-02-27,income_statement,income_statement,InvestmentCompanyInvestmentIncomeLossFromOperationsPerShare,InvestmentCompanyInvestmentIncomeLossFromOperationsPerShare,0.63,i479e7a874db042e0b2c36e358dc361ea_D20180101-20181231,,,,,,False,InvestmentCompanyInvestmentIncomeLossFromOperationsPerShare,,,2022-12-31
CGBD,2023-02-27,income_statement,income_statement,InvestmentCompanyExpenseRatioExcludingIncentiveFee,InvestmentCompanyExpenseRatioExcludingIncentiveFee,0.0923,i41480fbb4a0c4867a088261a155d85f1_D20220101-20221231,,,,,,False,InvestmentCompanyExpenseRatioExcludingIncentiveFee,,,2022-12-31
CGBD,2023-02-27,income_statement,income_statement,InvestmentCompanyExpenseRatioExcludingIncentiveFee,InvestmentCompanyExpenseRatioExcludingIncentiveFee,0.0762,i6ae703c555b64295b986712735cc102b_D20210101-20211231,,,,,,False,InvestmentCompanyExpenseRatioExcludingIncentiveFee,,,2022-12-31
CGBD,2023-02-27,income_statement,income_statement,InvestmentCompanyExpenseRatioExcludingIncentiveFee,InvestmentCompanyExpenseRatioExcludingIncentiveFee,0.0848,iead73d9ae16e4102b87b2cbcc503e83e_D20200101-20201231,,,,,,False,InvestmentCompanyExpenseRatioExcludingIncentiveFee,,,2022-12-31
CGBD,2023-02-27,income_statement,income_statement,InvestmentCompanyExpenseRatioExcludingIncentiveFee,InvestmentCompanyExpenseRatioExcludingIncentiveFee,0.0879,i0be62dc36c7e463a8756c21096622a39_D20190101-20191231,,,,,,False,InvestmentCompanyExpenseRatioExcludingIncentiveFee,,,2022-12-31
CGBD,2023-02-27,income_statement,income_statement,InvestmentCompanyExpenseRatioExcludingIncentiveFee,InvestmentCompanyExpenseRatioExcludingIncentiveFee,0.0677,i479e7a874db042e0b2c36e358dc361ea_D20180101-20181231,,,,,,False,InvestmentCompanyExpenseRatioExcludingIncentiveFee,,,2022-12-31
CGBD,2023-02-27,income_statement,income_statement,InvestmentCompanyExpenseRatioIncludingIncentiveFee,InvestmentCompanyExpenseRatioIncludingIncentiveFee,0.1165,i41480fbb4a0c4867a088261a155d85f1_D20220101-20221231,,,,,,False,InvestmentCompanyExpenseRatioIncludingIncentiveFee,,,2022-12-31
CGBD,2023-02-27,income_statement,income_statement,InvestmentCompanyExpenseRatioIncludingIncentiveFee,InvestmentCompanyExpenseRatioIncludingIncentiveFee,0.0963,i6ae703c555b64295b986712735cc102b_D20210101-20211231,,,,,,False,InvestmentCompanyExpenseRatioIncludingIncentiveFee,,,2022-12-31
CGBD,2023-02-27,income_statement,income_statement,InvestmentCompanyExpenseRatioIncludingIncentiveFee,InvestmentCompanyExpenseRatioIncludingIncentiveFee,0.1059,iead73d9ae16e4102b87b2cbcc503e83e_D20200101-20201231,,,,,,False,InvestmentCompanyExpenseRatioIncludingIncentiveFee,,,2022-12-31
CGBD,2023-02-27,income_statement,income_statement,InvestmentCompanyExpenseRatioIncludingIncentiveFee,InvestmentCompanyExpenseRatioIncludingIncentiveFee,0.1105,i0be62dc36c7e463a8756c21096622a39_D20190101-20191231,,,,,,False,InvestmentCompanyExpenseRatioIncludingIncentiveFee,,,2022-12-31
CGBD,2023-02-27,income_statement,income_statement,InvestmentCompanyExpenseRatioIncludingIncentiveFee,InvestmentCompanyExpenseRatioIncludingIncentiveFee,0.0881,i479e7a874db042e0b2c36e358dc361ea_D20180101-20181231,,,,,,False,InvestmentCompanyExpenseRatioIncludingIncentiveFee,,,2022-12-31
CGBD,2023-02-27,income_statement,income_statement,InvestmentCompanyExpenseRatioAfterIncentiveAllocation,InvestmentCompanyExpenseRatioAfterIncentiveAllocation,0.1165,i41480fbb4a0c4867a088261a155d85f1_D20220101-20221231,,,,,,False,InvestmentCompanyExpenseRatioAfterIncentiveAllocation,,,2022-12-31
CGBD,2023-02-27,income_statement,income_statement,InvestmentCompanyExpenseRatioAfterIncentiveAllocation,InvestmentCompanyExpenseRatioAfterIncentiveAllocation,0.0963,i6ae703c555b64295b986712735cc102b_D20210101-20211231,,,,,,False,InvestmentCompanyExpenseRatioAfterIncentiveAllocation,,,2022-12-31
CGBD,2023-02-27,income_statement,income_statement,InvestmentCompanyExpenseRatioAfterIncentiveAllocation,InvestmentCompanyExpenseRatioAfterIncentiveAllocation,0.1059,iead73d9ae16e4102b87b2cbcc503e83e_D20200101-20201231,,,,,,False,InvestmentCompanyExpenseRatioAfterIncentiveAllocation,,,2022-12-31
CGBD,2023-02-27,income_statement,income_statement,InvestmentCompanyExpenseRatioAfterIncentiveAllocation,InvestmentCompanyExpenseRatioAfterIncentiveAllocation,0.1105,i0be62dc36c7e463a8756c21096622a39_D20190101-20191231,,,,,,False,InvestmentCompanyExpenseRatioAfterIncentiveAllocation,,,2022-12-31
CGBD,2023-02-27,income_statement,income_statement,InvestmentCompanyExpenseRatioAfterIncentiveAllocation,InvestmentCompanyExpenseRatioAfterIncentiveAllocation,0.0881,i479e7a874db042e0b2c36e358dc361ea_D20180101-20181231,,,,,,False,InvestmentCompanyExpenseRatioAfterIncentiveAllocation,,,2022-12-31
CGBD,2023-02-27,income_statement,income_statement,InvestmentCompanyInvestmentIncomeLossRatio,InvestmentCompanyInvestmentIncomeLossRatio,0.1175,i41480fbb4a0c4867a088261a155d85f1_D20220101-20221231,,,,,,False,InvestmentCompanyInvestmentIncomeLossRatio,,,2022-12-31
CGBD,2023-02-27,income_statement,income_statement,InvestmentCompanyInvestmentIncomeLossRatio,InvestmentCompanyInvestmentIncomeLossRatio,0.0991,i6ae703c555b64295b986712735cc102b_D20210101-20211231,,,,,,False,InvestmentCompanyInvestmentIncomeLossRatio,,,2022-12-31
CGBD,2023-02-27,income_statement,income_statement,InvestmentCompanyInvestmentIncomeLossRatio,InvestmentCompanyInvestmentIncomeLossRatio,0.1008,iead73d9ae16e4102b87b2cbcc503e83e_D20200101-20201231,,,,,,False,InvestmentCompanyInvestmentIncomeLossRatio,,,2022-12-31
CGBD,2023-02-27,income_statement,income_statement,InvestmentCompanyInvestmentIncomeLossRatio,InvestmentCompanyInvestmentIncomeLossRatio,0.1047,i0be62dc36c7e463a8756c21096622a39_D20190101-20191231,,,,,,False,InvestmentCompanyInvestmentIncomeLossRatio,,,2022-12-31
CGBD,2023-02-27,income_statement,income_statement,InvestmentCompanyInvestmentIncomeLossRatio,InvestmentCompanyInvestmentIncomeLossRatio,0.0964,i479e7a874db042e0b2c36e358dc361ea_D20180101-20181231,,,,,,False,InvestmentCompanyInvestmentIncomeLossRatio,,,2022-12-31
CGBD,2023-02-27,income_statement,income_statement,InvestmentCompanyInterestExpenseRatioIncludingLineOfCreditFacilityCommitmentFee,InvestmentCompanyInterestExpenseRatioIncludingLineOfCreditFacilityCommitmentFee,0.0496,i41480fbb4a0c4867a088261a155d85f1_D20220101-20221231,,,,,,False,InvestmentCompanyInterestExpenseRatioIncludingLineOfCreditFacilityCommitmentFee,,,2022-12-31
CGBD,2023-02-27,income_statement,income_statement,InvestmentCompanyInterestExpenseRatioIncludingLineOfCreditFacilityCommitmentFee,InvestmentCompanyInterestExpenseRatioIncludingLineOfCreditFacilityCommitmentFee,0.0351,i6ae703c555b64295b986712735cc102b_D20210101-20211231,,,,,,False,InvestmentCompanyInterestExpenseRatioIncludingLineOfCreditFacilityCommitmentFee,,,2022-12-31
CGBD,2023-02-27,income_statement,income_statement,InvestmentCompanyInterestExpenseRatioIncludingLineOfCreditFacilityCommitmentFee,InvestmentCompanyInterestExpenseRatioIncludingLineOfCreditFacilityCommitmentFee,0.0449,iead73d9ae16e4102b87b2cbcc503e83e_D20200101-20201231,,,,,,False,InvestmentCompanyInterestExpenseRatioIncludingLineOfCreditFacilityCommitmentFee,,,2022-12-31
CGBD,2023-02-27,income_statement,income_statement,InvestmentCompanyInterestExpenseRatioIncludingLineOfCreditFacilityCommitmentFee,InvestmentCompanyInterestExpenseRatioIncludingLineOfCreditFacilityCommitmentFee,0.0522,i0be62dc36c7e463a8756c21096622a39_D20190101-20191231,,,,,,False,InvestmentCompanyInterestExpenseRatioIncludingLineOfCreditFacilityCommitmentFee,,,2022-12-31
CGBD,2023-02-27,income_statement,income_statement,InvestmentCompanyInterestExpenseRatioIncludingLineOfCreditFacilityCommitmentFee,InvestmentCompanyInterestExpenseRatioIncludingLineOfCreditFacilityCommitmentFee,0.0357,i479e7a874db042e0b2c36e358dc361ea_D20180101-20181231,,,,,,False,InvestmentCompanyInterestExpenseRatioIncludingLineOfCreditFacilityCommitmentFee,,,2022-12-31
CGBD,2023-02-27,income_statement,income_statement,IncomeTaxDisclosureTextBlock,IncomeTaxDisclosureTextBlock,"<div style=""margin-top:15pt""><span style=""color:#000000;font-family:'Times New Roman',sans-serif;font-size:10pt;font-weight:700;line-height:120%"">13. TAX </span></div><div style=""margin-top:6pt;text-indent:36pt""><span style=""color:#000000;font-family:'Times New Roman',sans-serif;font-size:10pt;font-weight:400;line-height:120%"">The Company has not recorded a liability for any uncertain tax positions pursuant to the provisions of ASC 740, </span><span style=""color:#000000;font-family:'Times New Roman',sans-serif;font-size:10pt;font-style:italic;font-weight:400;line-height:120%"">Income Taxes</span><span style=""color:#000000;font-family:'Times New Roman',sans-serif;font-size:10pt;font-weight:400;line-height:120%"">, as of December 31, 2022 and 2021.</span></div><div style=""margin-top:12pt;text-indent:36pt""><span style=""color:#000000;font-family:'Times New Roman',sans-serif;font-size:10pt;font-weight:400;line-height:120%"">In the normal course of business, the Company is subject to examination by federal and certain state, local and foreign tax regulators. As of December 31, 2022 and 2021, the Company had filed tax returns and therefore is subject to examination.</span></div><div style=""margin-top:12pt;text-indent:36pt""><span style=""color:#000000;font-family:'Times New Roman',sans-serif;font-size:10pt;font-weight:400;line-height:120%"">Book and tax basis differences relating to stockholder dividends and distributions and other permanent book and tax differences are reclassified among the Company’s capital accounts. In addition, the character of income and gains to be distributed is determined in accordance with income tax regulations that may differ from U.S. GAAP. As of December 31, 2022 and 2021, permanent differences primarily due to non-deductible excise tax, non-deductible offering costs, and the tax treatment of partnership investments resulted in a net increase in distributable earnings (loss) by $1,767 and $591, respectively, and net decrease in additional paid-in capital in excess of par by $1,767 and $591, respectively, on the Consolidated Statements of Assets and Liabilities. Total earnings and NAV were not affected.</span></div><div style=""margin-top:12pt;text-indent:40.5pt""><span style=""color:#000000;font-family:'Times New Roman',sans-serif;font-size:10pt;font-weight:400;line-height:120%"">The tax character of the distributions paid for the fiscal years ended December 31, 2022, 2021 and 2020 was as follows:</span></div><div style=""margin-top:5pt;text-align:center""><table style=""border-collapse:collapse;display:inline-table;margin-bottom:5pt;vertical-align:text-bottom;width:100.000%""><tr><td style=""width:1.0%""/><td style=""width:46.122%""/><td style=""width:0.1%""/><td style=""width:1.0%""/><td style=""width:16.005%""/><td style=""width:0.1%""/><td style=""width:0.1%""/><td style=""width:0.530%""/><td style=""width:0.1%""/><td style=""width:1.0%""/><td style=""width:16.005%""/><td style=""width:0.1%""/><td style=""width:0.1%""/><td style=""width:0.530%""/><td style=""width:0.1%""/><td style=""width:1.0%""/><td style=""width:16.008%""/><td style=""width:0.1%""/></tr><tr><td colspan=""3"" style=""padding:2px 1pt;text-align:left;vertical-align:bottom""><span style=""color:#000000;font-family:'Times New Roman',sans-serif;font-size:9pt;font-weight:400;line-height:100%""> </span></td><td colspan=""15"" style=""padding:2px 1pt;text-align:center;vertical-align:bottom""><span style=""color:#000000;font-family:'Times New Roman',sans-serif;font-size:9pt;font-weight:700;line-height:100%"">For the years ended<br/>December 31,</span></td></tr><tr><td colspan=""3"" style=""padding:2px 1pt;text-align:left;vertical-align:bottom""><span style=""color:#000000;font-family:'Times New Roman',sans-serif;font-size:9pt;font-weight:400;line-height:100%""> </span></td><td colspan=""3"" style=""border-top:1pt solid #000000;padding:2px 1pt;text-align:center;vertical-align:bottom""><span style=""color:#000000;font-family:'Times New Roman',sans-serif;font-size:9pt;font-weight:700;line-height:100%"">2022</span></td><td colspan=""3"" style=""border-top:1pt solid #000000;padding:0 1pt""/><td colspan=""3"" style=""border-top:1pt solid #000000;padding:2px 1pt;text-align:center;vertical-align:bottom""><span style=""color:#000000;font-family:'Times New Roman',sans-serif;font-size:9pt;font-weight:700;line-height:100%"">2021</span></td><td colspan=""3"" style=""border-top:1pt solid #000000;padding:0 1pt""/><td colspan=""3"" style=""border-top:1pt solid #000000;padding:2px 1pt;text-align:center;vertical-align:bottom""><span style=""color:#000000;font-family:'Times New Roman',sans-serif;font-size:9pt;font-weight:700;line-height:100%"">2020</span></td></tr><tr><td colspan=""3"" style=""background-color:#cceeff;padding:2px 1pt;text-align:left;vertical-align:top""><span style=""color:#000000;font-family:'Times New Roman',sans-serif;font-size:9pt;font-weight:400;line-height:100%"">Ordinary income</span></td><td style=""background-color:#cceeff;border-top:1pt solid #000000;padding:2px 0 2px 1pt;text-align:left;vertical-align:bottom""><span style=""color:#000000;font-family:'Times New Roman',sans-serif;font-size:9pt;font-weight:400;line-height:100%"">$</span></td><td style=""background-color:#cceeff;border-top:1pt solid #000000;padding:2px 0;text-align:right;vertical-align:bottom""><span style=""color:#000000;font-family:'Times New Roman',sans-serif;font-size:9pt;font-weight:400;line-height:100%"">88,561 </span></td><td style=""background-color:#cceeff;border-top:1pt solid #000000;padding:2px 1pt 2px 0;text-align:right;vertical-align:bottom""/><td colspan=""3"" style=""background-color:#cceeff;padding:0 1pt""/><td style=""background-color:#cceeff;border-top:1pt solid #000000;padding:2px 0 2px 1pt;text-align:left;vertical-align:bottom""><span style=""color:#000000;font-family:'Times New Roman',sans-serif;font-size:9pt;font-weight:400;line-height:100%"">$</span></td><td style=""background-color:#cceeff;border-top:1pt solid #000000;padding:2px 0;text-align:right;vertical-align:bottom""><span style=""color:#000000;font-family:'Times New Roman',sans-serif;font-size:9pt;font-weight:400;line-height:100%"">84,473 </span></td><td style=""background-color:#cceeff;border-top:1pt solid #000000;padding:2px 1pt 2px 0;text-align:right;vertical-align:bottom""/><td colspan=""3"" style=""background-color:#cceeff;padding:0 1pt""/><td style=""background-color:#cceeff;border-top:1pt solid #000000;padding:2px 0 2px 1pt;text-align:left;vertical-align:bottom""><span style=""color:#000000;font-family:'Times New Roman',sans-serif;font-size:9pt;font-weight:400;line-height:100%"">$</span></td><td style=""background-color:#cceeff;border-top:1pt solid #000000;padding:2px 0;text-align:right;vertical-align:bottom""><span style=""color:#000000;font-family:'Times New Roman',sans-serif;font-size:9pt;font-weight:400;line-height:100%"">84,683 </span></td><td style=""background-color:#cceeff;border-top:1pt solid #000000;padding:2px 1pt 2px 0;text-align:right;vertical-align:bottom""/></tr><tr><td colspan=""3"" style=""padding:2px 1pt;text-align:left;vertical-align:top""><span style=""color:#000000;font-family:'Times New Roman',sans-serif;font-size:9pt;font-weight:400;line-height:100%"">Tax return of capital</span></td><td style=""padding:2px 0 2px 1pt;text-align:left;vertical-align:bottom""><span style=""color:#000000;font-family:'Times New Roman',sans-serif;font-size:9pt;font-weight:400;line-height:100%"">$</span></td><td style=""padding:2px 0;text-align:right;vertical-align:bottom""><span style=""color:#000000;font-family:'Times New Roman',sans-serif;font-size:9pt;font-weight:400;line-height:100%"">— </span></td><td style=""padding:2px 1pt 2px 0;text-align:right;vertical-align:bottom""/><td colspan=""3"" style=""padding:0 1pt""/><td style=""padding:2px 0 2px 1pt;text-align:left;vertical-align:bottom""><span style=""color:#000000;font-family:'Times New Roman',sans-serif;font-size:9pt;font-weight:400;line-height:100%"">$</span></td><td style=""padding:2px 0;text-align:right;vertical-align:bottom""><span style=""color:#000000;font-family:'Times New Roman',sans-serif;font-size:9pt;font-weight:400;line-height:100%"">— </span></td><td style=""padding:2px 1pt 2px 0;text-align:right;vertical-align:bottom""/><td colspan=""3"" style=""padding:0 1pt""/><td style=""padding:2px 0 2px 1pt;text-align:left;vertical-align:bottom""><span style=""color:#000000;font-family:'Times New Roman',sans-serif;font-size:9pt;font-weight:400;line-height:100%"">$</span></td><td style=""padding:2px 0;text-align:right;vertical-align:bottom""><span style=""color:#000000;font-family:'Times New Roman',sans-serif;font-size:9pt;font-weight:400;line-height:100%"">— </span></td><td style=""padding:2px 1pt 2px 0;text-align:right;vertical-align:bottom""/></tr></table></div><div style=""margin-top:7pt""><span style=""color:#000000;font-family:'Times New Roman',sans-serif;font-size:10pt;font-style:italic;font-weight:700;line-height:120%"">Income Tax Information and Distributions to Stockholders</span></div><div style=""margin-top:6pt;text-indent:36pt""><span style=""color:#000000;font-family:'Times New Roman',sans-serif;font-size:10pt;font-weight:400;line-height:120%"">As of December 31, 2022 and 2021, the components of accumulated earnings (deficit) on a tax basis were as follows:</span></div><div style=""margin-top:5pt;text-align:center""><table style=""border-collapse:collapse;display:inline-table;margin-bottom:5pt;vertical-align:text-bottom;width:100.000%""><tr><td style=""width:1.0%""/><td style=""width:63.958%""/><td style=""width:0.1%""/><td style=""width:1.0%""/><td style=""width:16.005%""/><td style=""width:0.1%""/><td style=""width:0.1%""/><td style=""width:0.530%""/><td style=""width:0.1%""/><td style=""width:1.0%""/><td style=""width:16.007%""/><td style=""width:0.1%""/></tr><tr><td colspan=""3"" style=""padding:0 1pt""/><td colspan=""3"" style=""padding:2px 1pt;text-align:center;vertical-align:bottom""><span style=""color:#000000;font-family:'Times New Roman',sans-serif;font-size:9pt;font-weight:700;line-height:100%"">2022</span></td><td colspan=""3"" style=""padding:0 1pt""/><td colspan=""3"" style=""padding:2px 1pt;text-align:center;vertical-align:bottom""><span style=""color:#000000;font-family:'Times New Roman',sans-serif;font-size:9pt;font-weight:700;line-height:100%"">2021</span></td></tr><tr><td colspan=""3"" style=""background-color:#cceeff;padding:2px 1pt;text-align:left;vertical-align:top""><span style=""color:#000000;font-family:'Times New Roman',sans-serif;font-size:9pt;font-weight:400;line-height:100%"">Undistributed ordinary income</span></td><td style=""background-color:#cceeff;border-top:1pt solid #000000;padding:2px 0 2px 1pt;text-align:left;vertical-align:bottom""><span style=""color:#000000;font-family:'Times New Roman',sans-serif;font-size:9pt;font-weight:400;line-height:100%"">$</span></td><td style=""background-color:#cceeff;border-top:1pt solid #000000;padding:2px 0;text-align:right;vertical-align:bottom""><span style=""color:#000000;font-family:'Times New Roman',sans-serif;font-size:9pt;font-weight:400;line-height:100%"">48,149 </span></td><td style=""background-color:#cceeff;border-top:1pt solid #000000;padding:2px 1pt 2px 0;text-align:right;vertical-align:bottom""/><td colspan=""3"" style=""background-color:#cceeff;padding:0 1pt""/><td style=""background-color:#cceeff;border-top:1pt solid #000000;padding:2px 0 2px 1pt;text-align:left;vertical-align:bottom""><span style=""color:#000000;font-family:'Times New Roman',sans-serif;font-size:9pt;font-weight:400;line-height:100%"">$</span></td><td style=""background-color:#cceeff;border-top:1pt solid #000000;padding:2px 0;text-align:right;vertical-align:bottom""><span style=""color:#000000;font-family:'Times New Roman',sans-serif;font-size:9pt;font-weight:400;line-height:100%"">21,197 </span></td><td style=""background-color:#cceeff;border-top:1pt solid #000000;padding:2px 1pt 2px 0;text-align:right;vertical-align:bottom""/></tr><tr><td colspan=""3"" style=""padding:2px 1pt;text-align:left;vertical-align:bottom""><div><span style=""color:#000000;font-family:'Times New Roman',sans-serif;font-size:9pt;font-weight:400;line-height:100%"">Other book/tax temporary differences</span><span style=""color:#000000;font-family:'Times New Roman',sans-serif;font-size:5.85pt;font-weight:400;line-height:100%;position:relative;top:-3.15pt;vertical-align:baseline"">(1)</span></div></td><td colspan=""2"" style=""padding:2px 0 2px 1pt;text-align:right;vertical-align:bottom""><span style=""color:#000000;font-family:'Times New Roman',sans-serif;font-size:9pt;font-weight:400;line-height:100%"">(530)</span></td><td style=""padding:2px 1pt 2px 0;text-align:right;vertical-align:bottom""/><td colspan=""3"" style=""padding:0 1pt""/><td colspan=""2"" style=""padding:2px 0 2px 1pt;text-align:right;vertical-align:bottom""><span style=""color:#000000;font-family:'Times New Roman',sans-serif;font-size:9pt;font-weight:400;line-height:100%"">(641)</span></td><td style=""padding:2px 1pt 2px 0;text-align:right;vertical-align:bottom""/></tr><tr><td colspan=""3"" style=""background-color:#cceeff;padding:2px 1pt;text-align:left;vertical-align:top""><span style=""color:#000000;font-family:'Times New Roman',sans-serif;font-size:9pt;font-weight:400;line-height:100%"">Capital loss carryforwards</span></td><td colspan=""2"" style=""background-color:#cceeff;padding:2px 0 2px 1pt;text-align:right;vertical-align:bottom""><span style=""color:#000000;font-family:'Times New Roman',sans-serif;font-size:9pt;font-weight:400;line-height:100%"">(130,222)</span></td><td style=""background-color:#cceeff;padding:2px 1pt 2px 0;text-align:right;vertical-align:bottom""/><td colspan=""3"" style=""background-color:#cceeff;padding:0 1pt""/><td colspan=""2"" style=""background-color:#cceeff;padding:2px 0 2px 1pt;text-align:right;vertical-align:bottom""><span style=""color:#000000;font-family:'Times New Roman',sans-serif;font-size:9pt;font-weight:400;line-height:100%"">(121,046)</span></td><td style=""background-color:#cceeff;padding:2px 1pt 2px 0;text-align:right;vertical-align:bottom""/></tr><tr><td colspan=""3"" style=""padding:2px 1pt;text-align:left;vertical-align:bottom""><div><span style=""color:#000000;font-family:'Times New Roman',sans-serif;font-size:9pt;font-weight:400;line-height:100%"">Net unrealized appreciation (depreciation) on investments and currency unrealized appreciation (depreciation) on non-investment assets and liabilities</span><span style=""color:#000000;font-family:'Times New Roman',sans-serif;font-size:5.85pt;font-weight:400;line-height:100%;position:relative;top:-3.15pt;vertical-align:baseline"">(2)</span></div></td><td colspan=""2"" style=""padding:2px 0 2px 1pt;text-align:right;vertical-align:bottom""><span style=""color:#000000;font-family:'Times New Roman',sans-serif;font-size:9pt;font-weight:400;line-height:100%"">(71,076)</span></td><td style=""padding:2px 1pt 2px 0;text-align:right;vertical-align:bottom""/><td colspan=""3"" style=""padding:0 1pt""/><td colspan=""2"" style=""padding:2px 0 2px 1pt;text-align:right;vertical-align:bottom""><span style=""color:#000000;font-family:'Times New Roman',sans-serif;font-size:9pt;font-weight:400;line-height:100%"">(52,032)</span></td><td style=""padding:2px 1pt 2px 0;text-align:right;vertical-align:bottom""/></tr><tr><td colspan=""3"" style=""background-color:#cceeff;padding:2px 1pt;text-align:left;vertical-align:top""><span style=""color:#000000;font-family:'Times New Roman',sans-serif;font-size:9pt;font-weight:400;line-height:100%"">Total accumulated earnings (deficit)</span></td><td style=""background-color:#cceeff;border-bottom:3pt double #000000;border-top:1pt solid #000000;padding:2px 0 2px 1pt;text-align:left;vertical-align:bottom""><span style=""color:#000000;font-family:'Times New Roman',sans-serif;font-size:9pt;font-weight:400;line-height:100%"">$</span></td><td style=""background-color:#cceeff;border-bottom:3pt double #000000;border-top:1pt solid #000000;padding:2px 0;text-align:right;vertical-align:bottom""><span style=""color:#000000;font-family:'Times New Roman',sans-serif;font-size:9pt;font-weight:400;line-height:100%"">(153,679)</span></td><td style=""background-color:#cceeff;border-bottom:3pt double #000000;border-top:1pt solid #000000;padding:2px 1pt 2px 0;text-align:right;vertical-align:bottom""/><td colspan=""3"" style=""background-color:#cceeff;padding:0 1pt""/><td style=""background-color:#cceeff;border-bottom:3pt double #000000;border-top:1pt solid #000000;padding:2px 0 2px 1pt;text-align:left;vertical-align:bottom""><span style=""color:#000000;font-family:'Times New Roman',sans-serif;font-size:9pt;font-weight:400;line-height:100%"">$</span></td><td style=""background-color:#cceeff;border-bottom:3pt double #000000;border-top:1pt solid #000000;padding:2px 0;text-align:right;vertical-align:bottom""><span style=""color:#000000;font-family:'Times New Roman',sans-serif;font-size:9pt;font-weight:400;line-height:100%"">(152,522)</span></td><td style=""background-color:#cceeff;border-bottom:3pt double #000000;border-top:1pt solid #000000;padding:2px 1pt 2px 0;text-align:right;vertical-align:bottom""/></tr></table></div><div><span style=""color:#000000;font-family:'Times New Roman',sans-serif;font-size:6pt;font-weight:400;line-height:120%""> </span></div><div style=""padding-left:18pt;text-indent:-18pt""><span style=""color:#000000;font-family:'Times New Roman',sans-serif;font-size:9pt;font-weight:400;line-height:120%"">(1)</span><span style=""color:#000000;font-family:'Times New Roman',sans-serif;font-size:9pt;font-weight:400;line-height:120%;padding-left:7.52pt"">Consists of the unamortized portion of organization costs as of December 31, 2022 and 2021, respectively.</span></div><div style=""padding-left:18pt;text-indent:-18pt""><span style=""color:#000000;font-family:'Times New Roman',sans-serif;font-size:9pt;font-weight:400;line-height:120%"">(2)</span><span style=""color:#000000;font-family:'Times New Roman',sans-serif;font-size:9pt;font-weight:400;line-height:120%;padding-left:7.52pt"">The difference between the book-basis and tax-basis unrealized appreciation (depreciation) on investments is attributable primarily to the tax treatment of partnership investments, the tax treatment of defaulted securities, the tax treatment of passive foreign investment companies, the tax treatment of earnings from a controlled foreign corporation, and material modifications of investments.    </span></div><div style=""margin-top:12pt;text-indent:36pt""><span style=""color:#000000;font-family:'Times New Roman',sans-serif;font-size:10pt;font-weight:400;line-height:120%"">As of December 31, 2022 and 2021, the cost of investments for federal income tax purposes and gross unrealized</span></div><div><span style=""color:#000000;font-family:'Times New Roman',sans-serif;font-size:10pt;font-weight:400;line-height:120%"">appreciation and depreciation on investments and currency unrealized appreciation (depreciation) on non-investment</span></div><div><span style=""color:#000000;font-family:'Times New Roman',sans-serif;font-size:10pt;font-weight:400;line-height:120%"">assets and liabilities were as follows:</span></div><div style=""margin-top:5pt;text-align:center""><table style=""border-collapse:collapse;display:inline-table;margin-bottom:5pt;vertical-align:text-bottom;width:99.707%""><tr><td style=""width:1.0%""/><td style=""width:63.562%""/><td style=""width:0.1%""/><td style=""width:1.0%""/><td style=""width:16.055%""/><td style=""width:0.1%""/><td style=""width:0.1%""/><td style=""width:0.533%""/><td style=""width:0.1%""/><td style=""width:1.0%""/><td style=""width:16.350%""/><td style=""width:0.1%""/></tr><tr><td colspan=""3"" style=""padding:0 1pt""/><td colspan=""3"" style=""padding:2px 1pt;text-align:center;vertical-align:bottom""><span style=""color:#000000;font-family:'Times New Roman',sans-serif;font-size:8pt;font-weight:700;line-height:100%"">2022</span></td><td colspan=""3"" style=""padding:0 1pt""/><td colspan=""3"" style=""padding:2px 1pt;text-align:center;vertical-align:bottom""><span style=""color:#000000;font-family:'Times New Roman',sans-serif;font-size:8pt;font-weight:700;line-height:100%"">2021</span></td></tr><tr><td colspan=""3"" style=""background-color:#cceeff;padding:2px 1pt;text-align:left;vertical-align:top""><span style=""color:#000000;font-family:'Times New Roman',sans-serif;font-size:9pt;font-weight:400;line-height:100%"">Cost of investments</span></td><td style=""background-color:#cceeff;border-top:1pt solid #000000;padding:2px 0 2px 1pt;text-align:left;vertical-align:bottom""><span style=""color:#000000;font-family:'Times New Roman',sans-serif;font-size:9pt;font-weight:400;line-height:100%"">$</span></td><td style=""background-color:#cceeff;border-top:1pt solid #000000;padding:2px 0;text-align:right;vertical-align:bottom""><span style=""color:#000000;font-family:'Times New Roman',sans-serif;font-size:9pt;font-weight:400;line-height:100%"">1,979,816 </span></td><td style=""background-color:#cceeff;border-top:1pt solid #000000;padding:2px 1pt 2px 0;text-align:right;vertical-align:bottom""/><td colspan=""3"" style=""background-color:#cceeff;padding:0 1pt""/><td style=""background-color:#cceeff;border-top:1pt solid #000000;padding:2px 0 2px 1pt;text-align:left;vertical-align:bottom""><span style=""color:#000000;font-family:'Times New Roman',sans-serif;font-size:9pt;font-weight:400;line-height:100%"">$</span></td><td style=""background-color:#cceeff;border-top:1pt solid #000000;padding:2px 0;text-align:right;vertical-align:bottom""><span style=""color:#000000;font-family:'Times New Roman',sans-serif;font-size:9pt;font-weight:400;line-height:100%"">1,960,798 </span></td><td style=""background-color:#cceeff;border-top:1pt solid #000000;padding:2px 1pt 2px 0;text-align:right;vertical-align:bottom""/></tr><tr><td colspan=""3"" style=""padding:2px 1pt;text-align:left;vertical-align:top""><span style=""color:#000000;font-family:'Times New Roman',sans-serif;font-size:9pt;font-weight:400;line-height:100%"">Gross unrealized appreciation</span></td><td colspan=""2"" style=""padding:2px 0 2px 1pt;text-align:right;vertical-align:bottom""><span style=""color:#000000;font-family:'Times New Roman',sans-serif;font-size:9pt;font-weight:400;line-height:100%"">23,216 </span></td><td style=""padding:2px 1pt 2px 0;text-align:right;vertical-align:bottom""/><td colspan=""3"" style=""padding:0 1pt""/><td colspan=""2"" style=""padding:2px 0 2px 1pt;text-align:right;vertical-align:bottom""><span style=""color:#000000;font-family:'Times New Roman',sans-serif;font-size:9pt;font-weight:400;line-height:100%"">26,534 </span></td><td style=""padding:2px 1pt 2px 0;text-align:right;vertical-align:bottom""/></tr><tr><td colspan=""3"" style=""background-color:#cceeff;padding:2px 1pt;text-align:left;vertical-align:top""><span style=""color:#000000;font-family:'Times New Roman',sans-serif;font-size:9pt;font-weight:400;line-height:100%"">Gross unrealized depreciation</span></td><td colspan=""2"" style=""background-color:#cceeff;padding:2px 0 2px 1pt;text-align:right;vertical-align:bottom""><span style=""color:#000000;font-family:'Times New Roman',sans-serif;font-size:9pt;font-weight:400;line-height:100%"">(94,292)</span></td><td style=""background-color:#cceeff;padding:2px 1pt 2px 0;text-align:right;vertical-align:bottom""/><td colspan=""3"" style=""background-color:#cceeff;padding:0 1pt""/><td colspan=""2"" style=""background-color:#cceeff;padding:2px 0 2px 1pt;text-align:right;vertical-align:bottom""><span style=""color:#000000;font-family:'Times New Roman',sans-serif;font-size:9pt;font-weight:400;line-height:100%"">(78,566)</span></td><td style=""background-color:#cceeff;padding:2px 1pt 2px 0;text-align:right;vertical-align:bottom""/></tr><tr><td colspan=""3"" style=""padding:2px 1pt;text-align:left;vertical-align:top""><span style=""color:#000000;font-family:'Times New Roman',sans-serif;font-size:9pt;font-weight:400;line-height:100%"">Net unrealized appreciation (depreciation)</span></td><td style=""border-bottom:3pt double #000000;border-top:1pt solid #000000;padding:2px 0 2px 1pt;text-align:left;vertical-align:bottom""><span style=""color:#000000;font-family:'Times New Roman',sans-serif;font-size:9pt;font-weight:400;line-height:100%"">$</span></td><td style=""border-bottom:3pt double #000000;border-top:1pt solid #000000;padding:2px 0;text-align:right;vertical-align:bottom""><span style=""color:#000000;font-family:'Times New Roman',sans-serif;font-size:9pt;font-weight:400;line-height:100%"">(71,076)</span></td><td style=""border-bottom:3pt double #000000;border-top:1pt solid #000000;padding:2px 1pt 2px 0;text-align:right;vertical-align:bottom""/><td colspan=""3"" style=""padding:0 1pt""/><td style=""border-bottom:3pt double #000000;border-top:1pt solid #000000;padding:2px 0 2px 1pt;text-align:left;vertical-align:bottom""><span style=""color:#000000;font-family:'Times New Roman',sans-serif;font-size:9pt;font-weight:400;line-height:100%"">$</span></td><td style=""border-bottom:3pt double #000000;border-top:1pt solid #000000;padding:2px 0;text-align:right;vertical-align:bottom""><span style=""color:#000000;font-family:'Times New Roman',sans-serif;font-size:9pt;font-weight:400;line-height:100%"">(52,032)</span></td><td style=""border-bottom:3pt double #000000;border-top:1pt solid #000000;padding:2px 1pt 2px 0;text-align:right;vertical-align:bottom""/></tr></table></div><div style=""margin-top:7pt;text-indent:36pt""><span style=""color:#000000;font-family:'Times New Roman',sans-serif;font-size:10pt;font-weight:400;line-height:120%"">For tax purposes, net realized capital losses may be carried over to offset future capital gains, if any. Funds are permitted to carry forward capital losses for an indefinite period, and such losses will retain their character as either short-term or long-term capital losses. As of December 31, 2022 and 2021, the Company had $130,222 and $121,046, of capital loss carryforwards, respectively, of which $18,006 and $19,470 were short-term capital loss carryforwards, respectively, and $112,216 and $101,576 were long-term capital loss carryforwards, respectively.</span></div>",i41480fbb4a0c4867a088261a155d85f1_D20220101-20221231,,,,,,False,IncomeTaxDisclosureTextBlock,,,2022-12-31
CGBD,2023-02-27,income_statement,income_statement,InvestmentCompanyDistributionOrdinaryIncome,InvestmentCompanyDistributionOrdinaryIncome,88561000,i41480fbb4a0c4867a088261a155d85f1_D20220101-20221231,,,,,,False,InvestmentCompanyDistributionOrdinaryIncome,,,2022-12-31
CGBD,2023-02-27,income_statement,income_statement,InvestmentCompanyDistributionOrdinaryIncome,InvestmentCompanyDistributionOrdinaryIncome,84473000,i6ae703c555b64295b986712735cc102b_D20210101-20211231,,,,,,False,InvestmentCompanyDistributionOrdinaryIncome,,,2022-12-31
CGBD,2023-02-27,income_statement,income_statement,InvestmentCompanyDistributionOrdinaryIncome,InvestmentCompanyDistributionOrdinaryIncome,84683000,iead73d9ae16e4102b87b2cbcc503e83e_D20200101-20201231,,,,,,False,InvestmentCompanyDistributionOrdinaryIncome,,,2022-12-31
CGBD,2023-02-27,income_statement,income_statement,InvestmentCompanyDistributableEarningsLossAccumulatedOrdinaryIncomeLoss,InvestmentCompanyDistributableEarningsLossAccumulatedOrdinaryIncomeLoss,48149000,ib60c5d0a2b2c40a2a5217652a1793039_I20221231,,,,,,False,InvestmentCompanyDistributableEarningsLossAccumulatedOrdinaryIncomeLoss,,,2022-12-31
CGBD,2023-02-27,income_statement,income_statement,InvestmentCompanyDistributableEarningsLossAccumulatedOrdinaryIncomeLoss,InvestmentCompanyDistributableEarningsLossAccumulatedOrdinaryIncomeLoss,21197000,ie49012e7834149fbb40b77a9ec17a3e9_I20211231,,,,,,False,InvestmentCompanyDistributableEarningsLossAccumulatedOrdinaryIncomeLoss,,,2022-12-31
CGBD,2023-02-27,income_statement,income_statement,FederalIncomeTaxNoteTextBlock,FederalIncomeTaxNoteTextBlock,"<div style=""margin-top:12pt;text-indent:36pt""><span style=""color:#000000;font-family:'Times New Roman',sans-serif;font-size:10pt;font-weight:400;line-height:120%"">As of December 31, 2022 and 2021, the cost of investments for federal income tax purposes and gross unrealized</span></div><div><span style=""color:#000000;font-family:'Times New Roman',sans-serif;font-size:10pt;font-weight:400;line-height:120%"">appreciation and depreciation on investments and currency unrealized appreciation (depreciation) on non-investment</span></div><div><span style=""color:#000000;font-family:'Times New Roman',sans-serif;font-size:10pt;font-weight:400;line-height:120%"">assets and liabilities were as follows:</span></div><div style=""margin-top:5pt;text-align:center""><table style=""border-collapse:collapse;display:inline-table;margin-bottom:5pt;vertical-align:text-bottom;width:99.707%""><tr><td style=""width:1.0%""/><td style=""width:63.562%""/><td style=""width:0.1%""/><td style=""width:1.0%""/><td style=""width:16.055%""/><td style=""width:0.1%""/><td style=""width:0.1%""/><td style=""width:0.533%""/><td style=""width:0.1%""/><td style=""width:1.0%""/><td style=""width:16.350%""/><td style=""width:0.1%""/></tr><tr><td colspan=""3"" style=""padding:0 1pt""/><td colspan=""3"" style=""padding:2px 1pt;text-align:center;vertical-align:bottom""><span style=""color:#000000;font-family:'Times New Roman',sans-serif;font-size:8pt;font-weight:700;line-height:100%"">2022</span></td><td colspan=""3"" style=""padding:0 1pt""/><td colspan=""3"" style=""padding:2px 1pt;text-align:center;vertical-align:bottom""><span style=""color:#000000;font-family:'Times New Roman',sans-serif;font-size:8pt;font-weight:700;line-height:100%"">2021</span></td></tr><tr><td colspan=""3"" style=""background-color:#cceeff;padding:2px 1pt;text-align:left;vertical-align:top""><span style=""color:#000000;font-family:'Times New Roman',sans-serif;font-size:9pt;font-weight:400;line-height:100%"">Cost of investments</span></td><td style=""background-color:#cceeff;border-top:1pt solid #000000;padding:2px 0 2px 1pt;text-align:left;vertical-align:bottom""><span style=""color:#000000;font-family:'Times New Roman',sans-serif;font-size:9pt;font-weight:400;line-height:100%"">$</span></td><td style=""background-color:#cceeff;border-top:1pt solid #000000;padding:2px 0;text-align:right;vertical-align:bottom""><span style=""color:#000000;font-family:'Times New Roman',sans-serif;font-size:9pt;font-weight:400;line-height:100%"">1,979,816 </span></td><td style=""background-color:#cceeff;border-top:1pt solid #000000;padding:2px 1pt 2px 0;text-align:right;vertical-align:bottom""/><td colspan=""3"" style=""background-color:#cceeff;padding:0 1pt""/><td style=""background-color:#cceeff;border-top:1pt solid #000000;padding:2px 0 2px 1pt;text-align:left;vertical-align:bottom""><span style=""color:#000000;font-family:'Times New Roman',sans-serif;font-size:9pt;font-weight:400;line-height:100%"">$</span></td><td style=""background-color:#cceeff;border-top:1pt solid #000000;padding:2px 0;text-align:right;vertical-align:bottom""><span style=""color:#000000;font-family:'Times New Roman',sans-serif;font-size:9pt;font-weight:400;line-height:100%"">1,960,798 </span></td><td style=""background-color:#cceeff;border-top:1pt solid #000000;padding:2px 1pt 2px 0;text-align:right;vertical-align:bottom""/></tr><tr><td colspan=""3"" style=""padding:2px 1pt;text-align:left;vertical-align:top""><span style=""color:#000000;font-family:'Times New Roman',sans-serif;font-size:9pt;font-weight:400;line-height:100%"">Gross unrealized appreciation</span></td><td colspan=""2"" style=""padding:2px 0 2px 1pt;text-align:right;vertical-align:bottom""><span style=""color:#000000;font-family:'Times New Roman',sans-serif;font-size:9pt;font-weight:400;line-height:100%"">23,216 </span></td><td style=""padding:2px 1pt 2px 0;text-align:right;vertical-align:bottom""/><td colspan=""3"" style=""padding:0 1pt""/><td colspan=""2"" style=""padding:2px 0 2px 1pt;text-align:right;vertical-align:bottom""><span style=""color:#000000;font-family:'Times New Roman',sans-serif;font-size:9pt;font-weight:400;line-height:100%"">26,534 </span></td><td style=""padding:2px 1pt 2px 0;text-align:right;vertical-align:bottom""/></tr><tr><td colspan=""3"" style=""background-color:#cceeff;padding:2px 1pt;text-align:left;vertical-align:top""><span style=""color:#000000;font-family:'Times New Roman',sans-serif;font-size:9pt;font-weight:400;line-height:100%"">Gross unrealized depreciation</span></td><td colspan=""2"" style=""background-color:#cceeff;padding:2px 0 2px 1pt;text-align:right;vertical-align:bottom""><span style=""color:#000000;font-family:'Times New Roman',sans-serif;font-size:9pt;font-weight:400;line-height:100%"">(94,292)</span></td><td style=""background-color:#cceeff;padding:2px 1pt 2px 0;text-align:right;vertical-align:bottom""/><td colspan=""3"" style=""background-color:#cceeff;padding:0 1pt""/><td colspan=""2"" style=""background-color:#cceeff;padding:2px 0 2px 1pt;text-align:right;vertical-align:bottom""><span style=""color:#000000;font-family:'Times New Roman',sans-serif;font-size:9pt;font-weight:400;line-height:100%"">(78,566)</span></td><td style=""background-color:#cceeff;padding:2px 1pt 2px 0;text-align:right;vertical-align:bottom""/></tr><tr><td colspan=""3"" style=""padding:2px 1pt;text-align:left;vertical-align:top""><span style=""color:#000000;font-family:'Times New Roman',sans-serif;font-size:9pt;font-weight:400;line-height:100%"">Net unrealized appreciation (depreciation)</span></td><td style=""border-bottom:3pt double #000000;border-top:1pt solid #000000;padding:2px 0 2px 1pt;text-align:left;vertical-align:bottom""><span style=""color:#000000;font-family:'Times New Roman',sans-serif;font-size:9pt;font-weight:400;line-height:100%"">$</span></td><td style=""border-bottom:3pt double #000000;border-top:1pt solid #000000;padding:2px 0;text-align:right;vertical-align:bottom""><span style=""color:#000000;font-family:'Times New Roman',sans-serif;font-size:9pt;font-weight:400;line-height:100%"">(71,076)</span></td><td style=""border-bottom:3pt double #000000;border-top:1pt solid #000000;padding:2px 1pt 2px 0;text-align:right;vertical-align:bottom""/><td colspan=""3"" style=""padding:0 1pt""/><td style=""border-bottom:3pt double #000000;border-top:1pt solid #000000;padding:2px 0 2px 1pt;text-align:left;vertical-align:bottom""><span style=""color:#000000;font-family:'Times New Roman',sans-serif;font-size:9pt;font-weight:400;line-height:100%"">$</span></td><td style=""border-bottom:3pt double #000000;border-top:1pt solid #000000;padding:2px 0;text-align:right;vertical-align:bottom""><span style=""color:#000000;font-family:'Times New Roman',sans-serif;font-size:9pt;font-weight:400;line-height:100%"">(52,032)</span></td><td style=""border-bottom:3pt double #000000;border-top:1pt solid #000000;padding:2px 1pt 2px 0;text-align:right;vertical-align:bottom""/></tr></table></div>",i41480fbb4a0c4867a088261a155d85f1_D20220101-20221231,,,,,,False,FederalIncomeTaxNoteTextBlock,,,2022-12-31
CGBD,2023-02-27,income_statement,income_statement,TaxBasisOfInvestmentsCostForIncomeTaxPurposes,TaxBasisOfInvestmentsCostForIncomeTaxPurposes,1979816000,ib60c5d0a2b2c40a2a5217652a1793039_I20221231,,,,,,False,TaxBasisOfInvestmentsCostForIncomeTaxPurposes,,,2022-12-31
CGBD,2023-02-27,income_statement,income_statement,TaxBasisOfInvestmentsCostForIncomeTaxPurposes,TaxBasisOfInvestmentsCostForIncomeTaxPurposes,1960798000,ie49012e7834149fbb40b77a9ec17a3e9_I20211231,,,,,,False,TaxBasisOfInvestmentsCostForIncomeTaxPurposes,,,2022-12-31
CGBD,2023-05-09,income_statement,income_statement,InterestIncomeOperatingPaidInCash,InterestIncomeOperatingPaidInCash,43254000,ic2b3c500d19b49fc9ff1b81f4d3d7178_D20230101-20230331,,,,,,False,InterestIncomeOperatingPaidInCash,,,2023-03-31
CGBD,2023-05-09,income_statement,income_statement,InterestIncomeOperatingPaidInCash,InterestIncomeOperatingPaidInCash,30107000,i57ed61cbf9d14452b42cdaf3228a2d86_D20220101-20220331,,,,,,False,InterestIncomeOperatingPaidInCash,,,2023-03-31
CGBD,2023-05-09,income_statement,income_statement,InterestIncomeOperatingPaidInKind,InterestIncomeOperatingPaidInKind,4188000,ic2b3c500d19b49fc9ff1b81f4d3d7178_D20230101-20230331,,,,,,False,InterestIncomeOperatingPaidInKind,,,2023-03-31
CGBD,2023-05-09,income_statement,income_statement,InterestIncomeOperatingPaidInKind,InterestIncomeOperatingPaidInKind,3721000,i57ed61cbf9d14452b42cdaf3228a2d86_D20220101-20220331,,,,,,False,InterestIncomeOperatingPaidInKind,,,2023-03-31
CGBD,2023-05-09,income_statement,income_statement,OtherIncome,OtherIncome,961000,ic2b3c500d19b49fc9ff1b81f4d3d7178_D20230101-20230331,,,,,,False,OtherIncome,,,2023-03-31
CGBD,2023-05-09,income_statement,income_statement,OtherIncome,OtherIncome,1962000,i57ed61cbf9d14452b42cdaf3228a2d86_D20220101-20220331,,,,,,False,OtherIncome,,,2023-03-31
CGBD,2023-05-09,income_statement,income_statement,GrossInvestmentIncomeOperating,GrossInvestmentIncomeOperating,48403000,ic2b3c500d19b49fc9ff1b81f4d3d7178_D20230101-20230331,,,,,,False,GrossInvestmentIncomeOperating,,,2023-03-31
CGBD,2023-05-09,income_statement,income_statement,GrossInvestmentIncomeOperating,GrossInvestmentIncomeOperating,35790000,i57ed61cbf9d14452b42cdaf3228a2d86_D20220101-20220331,,,,,,False,GrossInvestmentIncomeOperating,,,2023-03-31
CGBD,2023-05-09,income_statement,income_statement,InterestIncomeOperatingPaidInCash,InterestIncomeOperatingPaidInCash,1694000,i753ad8b98a054edd9f587f0c48454908_D20230101-20230331,,,,,,False,InterestIncomeOperatingPaidInCash,,,2023-03-31
CGBD,2023-05-09,income_statement,income_statement,InterestIncomeOperatingPaidInCash,InterestIncomeOperatingPaidInCash,48000,i02a2dee564654f24916f3dfe6c65b6a1_D20220101-20220331,,,,,,False,InterestIncomeOperatingPaidInCash,,,2023-03-31
CGBD,2023-05-09,income_statement,income_statement,OtherIncome,OtherIncome,2000,i753ad8b98a054edd9f587f0c48454908_D20230101-20230331,,,,,,False,OtherIncome,,,2023-03-31
CGBD,2023-05-09,income_statement,income_statement,OtherIncome,OtherIncome,2000,i02a2dee564654f24916f3dfe6c65b6a1_D20220101-20220331,,,,,,False,OtherIncome,,,2023-03-31
CGBD,2023-05-09,income_statement,income_statement,GrossInvestmentIncomeOperating,GrossInvestmentIncomeOperating,1696000,i753ad8b98a054edd9f587f0c48454908_D20230101-20230331,,,,,,False,GrossInvestmentIncomeOperating,,,2023-03-31
CGBD,2023-05-09,income_statement,income_statement,GrossInvestmentIncomeOperating,GrossInvestmentIncomeOperating,50000,i02a2dee564654f24916f3dfe6c65b6a1_D20220101-20220331,,,,,,False,GrossInvestmentIncomeOperating,,,2023-03-31
CGBD,2023-05-09,income_statement,income_statement,InterestIncomeOperatingPaidInCash,InterestIncomeOperatingPaidInCash,0,i840857f512714b938cdc319f201b846d_D20230101-20230331,,,,,,False,InterestIncomeOperatingPaidInCash,,,2023-03-31
CGBD,2023-05-09,income_statement,income_statement,InterestIncomeOperatingPaidInCash,InterestIncomeOperatingPaidInCash,3873000,i59a858bce4ff446a8e7bdff6b199bf33_D20220101-20220331,,,,,,False,InterestIncomeOperatingPaidInCash,,,2023-03-31
CGBD,2023-05-09,income_statement,income_statement,DividendIncomeOperating,DividendIncomeOperating,8276000,i840857f512714b938cdc319f201b846d_D20230101-20230331,,,,,,False,DividendIncomeOperating,,,2023-03-31
CGBD,2023-05-09,income_statement,income_statement,DividendIncomeOperating,DividendIncomeOperating,7524000,i59a858bce4ff446a8e7bdff6b199bf33_D20220101-20220331,,,,,,False,DividendIncomeOperating,,,2023-03-31
CGBD,2023-05-09,income_statement,income_statement,OtherIncome,OtherIncome,0,i840857f512714b938cdc319f201b846d_D20230101-20230331,,,,,,False,OtherIncome,,,2023-03-31
CGBD,2023-05-09,income_statement,income_statement,OtherIncome,OtherIncome,272000,i59a858bce4ff446a8e7bdff6b199bf33_D20220101-20220331,,,,,,False,OtherIncome,,,2023-03-31
CGBD,2023-05-09,income_statement,income_statement,GrossInvestmentIncomeOperating,GrossInvestmentIncomeOperating,8276000,i840857f512714b938cdc319f201b846d_D20230101-20230331,,,,,,False,GrossInvestmentIncomeOperating,,,2023-03-31
CGBD,2023-05-09,income_statement,income_statement,GrossInvestmentIncomeOperating,GrossInvestmentIncomeOperating,11669000,i59a858bce4ff446a8e7bdff6b199bf33_D20220101-20220331,,,,,,False,GrossInvestmentIncomeOperating,,,2023-03-31
CGBD,2023-05-09,income_statement,income_statement,GrossInvestmentIncomeOperating,GrossInvestmentIncomeOperating,58375000,i919eaeac6446437db1b490ad5c6626f8_D20230101-20230331,,,,,,False,GrossInvestmentIncomeOperating,,,2023-03-31
CGBD,2023-05-09,income_statement,income_statement,GrossInvestmentIncomeOperating,GrossInvestmentIncomeOperating,47509000,i7fb88cb08626472b876b854c2872b46a_D20220101-20220331,,,,,,False,GrossInvestmentIncomeOperating,,,2023-03-31
CGBD,2023-05-09,income_statement,income_statement,ManagementFeeExpense,ManagementFeeExpense,7236000,i919eaeac6446437db1b490ad5c6626f8_D20230101-20230331,,,,,,False,ManagementFeeExpense,,,2023-03-31
CGBD,2023-05-09,income_statement,income_statement,ManagementFeeExpense,ManagementFeeExpense,7050000,i7fb88cb08626472b876b854c2872b46a_D20220101-20220331,,,,,,False,ManagementFeeExpense,,,2023-03-31
CGBD,2023-05-09,income_statement,income_statement,IncentiveFeeExpense,IncentiveFeeExpense,5472000,i919eaeac6446437db1b490ad5c6626f8_D20230101-20230331,,,,,,False,IncentiveFeeExpense,,,2023-03-31
CGBD,2023-05-09,income_statement,income_statement,IncentiveFeeExpense,IncentiveFeeExpense,5228000,i7fb88cb08626472b876b854c2872b46a_D20220101-20220331,,,,,,False,IncentiveFeeExpense,,,2023-03-31
CGBD,2023-05-09,income_statement,income_statement,AdministrativeFeesExpense,AdministrativeFeesExpense,28000,i919eaeac6446437db1b490ad5c6626f8_D20230101-20230331,,,,,,False,AdministrativeFeesExpense,,,2023-03-31
CGBD,2023-05-09,income_statement,income_statement,AdministrativeFeesExpense,AdministrativeFeesExpense,406000,i7fb88cb08626472b876b854c2872b46a_D20220101-20220331,,,,,,False,AdministrativeFeesExpense,,,2023-03-31
CGBD,2023-05-09,income_statement,income_statement,InterestExpenseAndLineOfCreditFacilityCommitmentFeeAmount,InterestExpenseAndLineOfCreditFacilityCommitmentFeeAmount,17281000,i919eaeac6446437db1b490ad5c6626f8_D20230101-20230331,,,,,,False,InterestExpenseAndLineOfCreditFacilityCommitmentFeeAmount,,,2023-03-31
CGBD,2023-05-09,income_statement,income_statement,InterestExpenseAndLineOfCreditFacilityCommitmentFeeAmount,InterestExpenseAndLineOfCreditFacilityCommitmentFeeAmount,7616000,i7fb88cb08626472b876b854c2872b46a_D20220101-20220331,,,,,,False,InterestExpenseAndLineOfCreditFacilityCommitmentFeeAmount,,,2023-03-31
CGBD,2023-05-09,income_statement,income_statement,NoninterestExpenseDirectorsFees,NoninterestExpenseDirectorsFees,123000,i919eaeac6446437db1b490ad5c6626f8_D20230101-20230331,,,,,,False,NoninterestExpenseDirectorsFees,,,2023-03-31
CGBD,2023-05-09,income_statement,income_statement,NoninterestExpenseDirectorsFees,NoninterestExpenseDirectorsFees,160000,i7fb88cb08626472b876b854c2872b46a_D20220101-20220331,,,,,,False,NoninterestExpenseDirectorsFees,,,2023-03-31
CGBD,2023-05-09,income_statement,income_statement,OtherGeneralAndAdministrativeExpense,OtherGeneralAndAdministrativeExpense,453000,i919eaeac6446437db1b490ad5c6626f8_D20230101-20230331,,,,,,False,OtherGeneralAndAdministrativeExpense,,,2023-03-31
CGBD,2023-05-09,income_statement,income_statement,OtherGeneralAndAdministrativeExpense,OtherGeneralAndAdministrativeExpense,394000,i7fb88cb08626472b876b854c2872b46a_D20220101-20220331,,,,,,False,OtherGeneralAndAdministrativeExpense,,,2023-03-31
CGBD,2023-05-09,income_statement,income_statement,InvestmentIncomeInvestmentExpense,InvestmentIncomeInvestmentExpense,31282000,i919eaeac6446437db1b490ad5c6626f8_D20230101-20230331,,,,,,False,InvestmentIncomeInvestmentExpense,,,2023-03-31
CGBD,2023-05-09,income_statement,income_statement,InvestmentIncomeInvestmentExpense,InvestmentIncomeInvestmentExpense,21637000,i7fb88cb08626472b876b854c2872b46a_D20220101-20220331,,,,,,False,InvestmentIncomeInvestmentExpense,,,2023-03-31
CGBD,2023-05-09,income_statement,income_statement,NetInvestmentIncome,NetInvestmentIncome,27093000,i919eaeac6446437db1b490ad5c6626f8_D20230101-20230331,,,,,,False,NetInvestmentIncome,,,2023-03-31
CGBD,2023-05-09,income_statement,income_statement,NetInvestmentIncome,NetInvestmentIncome,25872000,i7fb88cb08626472b876b854c2872b46a_D20220101-20220331,,,,,,False,NetInvestmentIncome,,,2023-03-31
CGBD,2023-05-09,income_statement,income_statement,InvestmentIncomeOperatingTaxExpenseBenefit,InvestmentIncomeOperatingTaxExpenseBenefit,523000,i919eaeac6446437db1b490ad5c6626f8_D20230101-20230331,,,,,,False,InvestmentIncomeOperatingTaxExpenseBenefit,,,2023-03-31
CGBD,2023-05-09,income_statement,income_statement,InvestmentIncomeOperatingTaxExpenseBenefit,InvestmentIncomeOperatingTaxExpenseBenefit,353000,i7fb88cb08626472b876b854c2872b46a_D20220101-20220331,,,,,,False,InvestmentIncomeOperatingTaxExpenseBenefit,,,2023-03-31
CGBD,2023-05-09,income_statement,income_statement,InvestmentIncomeOperatingAfterExpenseAndTax,InvestmentIncomeOperatingAfterExpenseAndTax,26570000,i919eaeac6446437db1b490ad5c6626f8_D20230101-20230331,,,,,,False,InvestmentIncomeOperatingAfterExpenseAndTax,,,2023-03-31
CGBD,2023-05-09,income_statement,income_statement,InvestmentIncomeOperatingAfterExpenseAndTax,InvestmentIncomeOperatingAfterExpenseAndTax,25519000,i7fb88cb08626472b876b854c2872b46a_D20220101-20220331,,,,,,False,InvestmentIncomeOperatingAfterExpenseAndTax,,,2023-03-31
CGBD,2023-05-09,income_statement,income_statement,NetIncomeLoss,NetIncomeLoss,27987000,i919eaeac6446437db1b490ad5c6626f8_D20230101-20230331,,,,,,False,NetIncomeLoss,,net_income,2023-03-31
CGBD,2023-05-09,income_statement,income_statement,NetIncomeLoss,NetIncomeLoss,30683000,i7fb88cb08626472b876b854c2872b46a_D20220101-20220331,,,,,,False,NetIncomeLoss,,net_income,2023-03-31
CGBD,2023-05-09,income_statement,income_statement,PreferredStockDividendsIncomeStatementImpact,PreferredStockDividendsIncomeStatementImpact,875000,i919eaeac6446437db1b490ad5c6626f8_D20230101-20230331,,,,,,False,PreferredStockDividendsIncomeStatementImpact,,,2023-03-31
CGBD,2023-05-09,income_statement,income_statement,PreferredStockDividendsIncomeStatementImpact,PreferredStockDividendsIncomeStatementImpact,875000,i7fb88cb08626472b876b854c2872b46a_D20220101-20220331,,,,,,False,PreferredStockDividendsIncomeStatementImpact,,,2023-03-31
CGBD,2023-05-09,income_statement,income_statement,IncreaseDecreaseInInterestAndDividendsReceivable,IncreaseDecreaseInInterestAndDividendsReceivable,2151000,i919eaeac6446437db1b490ad5c6626f8_D20230101-20230331,,,,,,False,IncreaseDecreaseInInterestAndDividendsReceivable,,,2023-03-31
CGBD,2023-05-09,income_statement,income_statement,IncreaseDecreaseInInterestAndDividendsReceivable,IncreaseDecreaseInInterestAndDividendsReceivable,4963000,i7fb88cb08626472b876b854c2872b46a_D20220101-20220331,,,,,,False,IncreaseDecreaseInInterestAndDividendsReceivable,,,2023-03-31
CGBD,2023-05-09,income_statement,income_statement,IncomeTaxesPaid,IncomeTaxesPaid,1843000,i919eaeac6446437db1b490ad5c6626f8_D20230101-20230331,,,,,,False,IncomeTaxesPaid,,,2023-03-31
CGBD,2023-05-09,income_statement,income_statement,IncomeTaxesPaid,IncomeTaxesPaid,794000,i7fb88cb08626472b876b854c2872b46a_D20220101-20220331,,,,,,False,IncomeTaxesPaid,,,2023-03-31
CGBD,2023-05-09,income_statement,income_statement,InterestAndDividendIncomeSecurities,InterestAndDividendIncomeSecurities,2776000,i261ba7c1e51f41e2972003c9108a37ff_D20230101-20230331,,,,,,False,InterestAndDividendIncomeSecurities,,,2023-03-31
CGBD,2023-05-09,income_statement,income_statement,InterestAndDividendIncomeSecurities,InterestAndDividendIncomeSecurities,5500000,icec3a51e4fcc47b2b778659f514ff846_D20230101-20230331,,,,,,False,InterestAndDividendIncomeSecurities,,,2023-03-31
CGBD,2023-05-09,income_statement,income_statement,InterestAndDividendIncomeSecurities,InterestAndDividendIncomeSecurities,0,i24ad3de8819946bcbb397fb327a7ef86_D20230101-20230331,,,,,,False,InterestAndDividendIncomeSecurities,,,2023-03-31
CGBD,2023-05-09,income_statement,income_statement,InterestAndDividendIncomeSecurities,InterestAndDividendIncomeSecurities,8276000,i4b23e8888bc44144997e9dea949115a3_D20230101-20230331,,,,,,False,InterestAndDividendIncomeSecurities,,,2023-03-31
CGBD,2023-05-09,income_statement,income_statement,InterestAndDividendIncomeSecurities,InterestAndDividendIncomeSecurities,1610000,i03d0fc48fc824157886474a6b8bca4ba_D20230101-20230331,,,,,,False,InterestAndDividendIncomeSecurities,,,2023-03-31
CGBD,2023-05-09,income_statement,income_statement,InterestAndDividendIncomeSecurities,InterestAndDividendIncomeSecurities,86000,i5e935928fb844d0eab4d7606d05b3ff9_D20230101-20230331,,,,,,False,InterestAndDividendIncomeSecurities,,,2023-03-31
CGBD,2023-05-09,income_statement,income_statement,InterestAndDividendIncomeSecurities,InterestAndDividendIncomeSecurities,0,i430e2be43e3140aca26323d17eaa5149_D20230101-20230331,,,,,,False,InterestAndDividendIncomeSecurities,,,2023-03-31
CGBD,2023-05-09,income_statement,income_statement,InterestAndDividendIncomeSecurities,InterestAndDividendIncomeSecurities,1696000,i2fe1a1fbee444c11b30d02d24c437db3_D20230101-20230331,,,,,,False,InterestAndDividendIncomeSecurities,,,2023-03-31
CGBD,2023-05-09,income_statement,income_statement,InterestAndDividendIncomeSecurities,InterestAndDividendIncomeSecurities,10348000,i4d8065776b2347b782cab956fc756589_D20220101-20221231,,,,,,False,InterestAndDividendIncomeSecurities,,,2023-03-31
CGBD,2023-05-09,income_statement,income_statement,InterestAndDividendIncomeSecurities,InterestAndDividendIncomeSecurities,20500000,i70b27f5d35df47ada17f06ef1e147e8b_D20220101-20221231,,,,,,False,InterestAndDividendIncomeSecurities,,,2023-03-31
CGBD,2023-05-09,income_statement,income_statement,InterestAndDividendIncomeSecurities,InterestAndDividendIncomeSecurities,0,ifea9d63998c44f72bc76b0f42c8dc8f1_D20220101-20221231,,,,,,False,InterestAndDividendIncomeSecurities,,,2023-03-31
CGBD,2023-05-09,income_statement,income_statement,InterestAndDividendIncomeSecurities,InterestAndDividendIncomeSecurities,30848000,ibe79a420ba9f415a9db5526b501002a5_D20220101-20221231,,,,,,False,InterestAndDividendIncomeSecurities,,,2023-03-31
CGBD,2023-05-09,income_statement,income_statement,InterestAndDividendIncomeSecurities,InterestAndDividendIncomeSecurities,8000,ie7c567ff1dff445c87070fca803664b1_D20220101-20221231,,,,,,False,InterestAndDividendIncomeSecurities,,,2023-03-31
CGBD,2023-05-09,income_statement,income_statement,InterestAndDividendIncomeSecurities,InterestAndDividendIncomeSecurities,1031000,i0e11777712e5488c8f94bd03e09413dc_D20220101-20221231,,,,,,False,InterestAndDividendIncomeSecurities,,,2023-03-31
CGBD,2023-05-09,income_statement,income_statement,InterestAndDividendIncomeSecurities,InterestAndDividendIncomeSecurities,2834000,i31368b5c7eee44389e46171848ad2dff_D20220101-20221231,,,,,,False,InterestAndDividendIncomeSecurities,,,2023-03-31
CGBD,2023-05-09,income_statement,income_statement,InterestAndDividendIncomeSecurities,InterestAndDividendIncomeSecurities,0,i33418a909fae479b8918057d65286e6b_D20220101-20221231,,,,,,False,InterestAndDividendIncomeSecurities,,,2023-03-31
CGBD,2023-05-09,income_statement,income_statement,InterestAndDividendIncomeSecurities,InterestAndDividendIncomeSecurities,3873000,ia1fcdafdba684c82ac6f971f4ac32933_D20220101-20221231,,,,,,False,InterestAndDividendIncomeSecurities,,,2023-03-31
CGBD,2023-05-09,income_statement,income_statement,InterestAndDividendIncomeSecurities,InterestAndDividendIncomeSecurities,9864000,i7f201efd04134330b959bbaebd618640_D20220101-20221231,,,,,,False,InterestAndDividendIncomeSecurities,,,2023-03-31
CGBD,2023-05-09,income_statement,income_statement,InterestAndDividendIncomeSecurities,InterestAndDividendIncomeSecurities,232000,i2c93aed47ba1481f9224eddda2e5a1f6_D20220101-20221231,,,,,,False,InterestAndDividendIncomeSecurities,,,2023-03-31
CGBD,2023-05-09,income_statement,income_statement,InterestAndDividendIncomeSecurities,InterestAndDividendIncomeSecurities,0,i24c40d34707448aa9bdab85a4f7fb423_D20220101-20221231,,,,,,False,InterestAndDividendIncomeSecurities,,,2023-03-31
CGBD,2023-05-09,income_statement,income_statement,InterestAndDividendIncomeSecurities,InterestAndDividendIncomeSecurities,10096000,i3802e3700eae4e459ec196bce446f137_D20220101-20221231,,,,,,False,InterestAndDividendIncomeSecurities,,,2023-03-31
CGBD,2023-05-09,income_statement,income_statement,RevenueRecognitionPolicyTextBlock,RevenueRecognitionPolicyTextBlock,"<div style=""margin-top:18pt""><span style=""color:#000000;font-family:'Times New Roman',sans-serif;font-size:10pt;font-style:italic;font-weight:700;line-height:120%"">Revenue Recognition</span></div><div style=""margin-top:6pt""><span style=""color:#000000;font-family:'Times New Roman',sans-serif;font-size:10pt;font-style:italic;font-weight:400;line-height:120%"">Interest from Investments</span></div><div style=""margin-top:6pt;text-indent:36pt""><span style=""color:#000000;font-family:'Times New Roman',sans-serif;font-size:10pt;font-weight:400;line-height:120%"">Interest income is recorded on an accrual basis and includes the accretion of discounts and amortization of premiums. Discounts from and premiums to par value on debt investments purchased are accreted/amortized into interest income over the life of the respective security using the effective interest method. The amortized cost of debt investments represents the original cost, including origination fees and upfront fees received that are deemed to be an adjustment to yield, adjusted for the accretion of discounts and amortization of premiums, if any. </span></div><div style=""margin-top:12pt;text-indent:36pt""><span style=""color:#000000;font-family:'Times New Roman',sans-serif;font-size:10pt;font-weight:400;line-height:120%"">The Company may have loans in its portfolio that contain payment-in-kind (“PIK”) provisions. PIK income represents interest that is accrued and recorded as interest income at the contractual rates, increases the loan principal on the respective capitalization dates, and is generally due at maturity. As of March 31, 2023 and December 31, 2022, the fair value of the loans in the portfolio with PIK provisions was $149,619 and $176,773, respectively, which represents approximately 7.6% and 8.9% of total investments at fair value, respectively. For the three month periods ended March 31, 2023 and 2022, the Company earned $4,188 and $3,721 in PIK income, respectively. In 2022, the Company began presenting PIK income as a separate financial statement line item in the accompanying Consolidated Statements of Operations, which had previously been included in interest income. Prior periods have been conformed to the current presentation.</span></div><div style=""margin-top:12pt;text-indent:36pt""><span style=""color:#000000;font-family:'Times New Roman',sans-serif;font-size:10pt;font-weight:400;line-height:120%"">In 2022, the Company separately presented interest receivable and dividend receivable on the accompanying Consolidated Statements of Cash Flows. In 2023, the amounts are presented collectively on the Consolidated Statements of Cash Flows. Prior periods have been conformed to the current presentation.</span></div><div style=""margin-top:18pt""><span style=""color:#000000;font-family:'Times New Roman',sans-serif;font-size:10pt;font-style:italic;font-weight:400;line-height:120%"">Dividend Income</span></div><div style=""margin-top:6pt;text-indent:36pt""><span style=""color:#000000;font-family:'Times New Roman',sans-serif;font-size:10pt;font-weight:400;line-height:120%"">Dividend income from the investment funds, Credit Fund and Credit Fund II, and other investments funds, if any, is recorded on the record date for the investment fund to the extent that such amounts are payable by the investment funds and are expected to be collected.</span></div><div style=""margin-top:18pt""><span style=""color:#000000;font-family:'Times New Roman',sans-serif;font-size:10pt;font-style:italic;font-weight:400;line-height:120%"">Other Income</span></div><div style=""margin-top:6pt;text-indent:36pt""><span style=""color:#000000;font-family:'Times New Roman',sans-serif;font-size:10pt;font-weight:400;line-height:120%"">Other income may include income such as consent, waiver, amendment, unused, underwriting, arranger and prepayment fees associated with the Company’s investment activities as well as any fees for managerial assistance services rendered by the Company to the portfolio companies. Such fees are recognized as income when earned or the services are rendered. The Company may receive fees for guaranteeing the outstanding debt of a portfolio company. Such fees are amortized into other income over the life of the guarantee. The unamortized amount, if any, is included in prepaid expenses and other assets in the accompanying Consolidated Statements of Assets and Liabilities. For the three month periods ended March 31, 2023 and 2022, the Company earned $963 and $2,236, respectively, in other income, primarily from prepayment fees and amendment fees.    </span></div><div style=""margin-top:18pt;text-align:justify""><span style=""color:#000000;font-family:'Times New Roman',sans-serif;font-size:10pt;font-style:italic;font-weight:400;line-height:120%"">Non-Accrual Income</span></div>Loans are generally placed on non-accrual status when principal or interest payments are past due or when there is reasonable doubt that principal or interest will be collected in full. Accrued and unpaid interest is generally reversed when a loan is placed on non-accrual status. Interest payments received on non-accrual loans may be recognized as income or applied to principal depending upon management’s judgment regarding collectability. Non-accrual loans are restored to accrual status when past due principal and interest are current or there is no longer any reasonable doubt that such principal or interest will be collected in full and, in management’s judgment, are likely to remain current. Management may determine not to place a loan on non-accrual status if the loan has sufficient collateral value and is in the process of collection.",i919eaeac6446437db1b490ad5c6626f8_D20230101-20230331,,,,,,False,RevenueRecognitionPolicyTextBlock,,,2023-03-31
CGBD,2023-05-09,income_statement,income_statement,InterestIncomeOperatingPaidInKind,InterestIncomeOperatingPaidInKind,4188000,i919eaeac6446437db1b490ad5c6626f8_D20230101-20230331,,,,,,False,InterestIncomeOperatingPaidInKind,,,2023-03-31
CGBD,2023-05-09,income_statement,income_statement,InterestIncomeOperatingPaidInKind,InterestIncomeOperatingPaidInKind,3721000,i7fb88cb08626472b876b854c2872b46a_D20220101-20220331,,,,,,False,InterestIncomeOperatingPaidInKind,,,2023-03-31
CGBD,2023-05-09,income_statement,income_statement,OtherIncome,OtherIncome,963000,i919eaeac6446437db1b490ad5c6626f8_D20230101-20230331,,,,,,False,OtherIncome,,,2023-03-31
CGBD,2023-05-09,income_statement,income_statement,OtherIncome,OtherIncome,2236000,i7fb88cb08626472b876b854c2872b46a_D20220101-20220331,,,,,,False,OtherIncome,,,2023-03-31
CGBD,2023-05-09,income_statement,income_statement,IncomeTaxPolicyTextBlock,IncomeTaxPolicyTextBlock,"<div style=""margin-top:12pt""><span style=""color:#000000;font-family:'Times New Roman',sans-serif;font-size:10pt;font-style:italic;font-weight:700;line-height:120%"">Income Taxes</span></div><div style=""margin-top:6pt;text-indent:36pt""><span style=""color:#000000;font-family:'Times New Roman',sans-serif;font-size:10pt;font-weight:400;line-height:120%"">For federal income tax purposes, the Company has elected to be treated as a RIC under the Code, and intends to make the required distributions to its stockholders as specified therein. In order to qualify as a RIC, the Company must meet certain minimum distribution, source-of-income and asset diversification requirements. If such requirements are met, then the Company is generally required to pay income taxes only on the portion of its taxable income and gains it does not distribute.</span></div><div style=""margin-top:12pt;text-indent:36pt""><span style=""color:#000000;font-family:'Times New Roman',sans-serif;font-size:10pt;font-weight:400;line-height:120%"">The minimum distribution requirements applicable to RICs require the Company to distribute to its stockholders at least 90% of its investment company taxable income (“ICTI”), as defined by the Code, each year. Depending on the level of ICTI earned in a tax year, the Company may choose to carry forward ICTI in excess of current year distributions into the next tax year. Any such carryover ICTI must be distributed before the end of that next tax year through a dividend declared prior to filing the final tax return related to the year which generated such ICTI. For the three month periods ended March 31, 2023 and 2022, the Company incurred $523 and $353 in excise tax expense, respectively.</span></div><div style=""margin-top:12pt;text-indent:36pt""><span style=""color:#000000;font-family:'Times New Roman',sans-serif;font-size:10pt;font-weight:400;line-height:120%"">In addition, based on the excise distribution requirements, the Company is subject to a 4% nondeductible federal excise tax on undistributed income unless the Company distributes in a timely manner an amount at least equal to the sum of (1) 98% of its ordinary income for each calendar year, (2) 98.2% of capital gain net income (both long-term and short-term) for the one-year period ending October 31 in that calendar year and (3) any income realized, but not distributed, in the preceding year. For this purpose, however, any ordinary income or capital gain net income retained by the Company that is subject to corporate income tax is considered to have been distributed. The Company intends to make sufficient distributions each taxable year to satisfy the excise distribution requirements as reasonable. </span></div><div style=""margin-top:12pt;text-indent:36pt""><span style=""color:#000000;font-family:'Times New Roman',sans-serif;font-size:10pt;font-weight:400;line-height:120%"">The Company evaluates tax positions taken or expected to be taken in the course of preparing its consolidated financial statements to determine whether the tax positions are “more likely than not” to be sustained by the applicable tax authority. The SPV and the 2015-1 Issuer are disregarded entities for tax purposes and are consolidated with the tax return of the Company. All penalties and interest associated with income taxes, if any, are included in income tax expense.</span></div>",i919eaeac6446437db1b490ad5c6626f8_D20230101-20230331,,,,,,False,IncomeTaxPolicyTextBlock,,,2023-03-31
CGBD,2023-05-09,income_statement,income_statement,IncentiveFeeExpense,IncentiveFeeExpense,5472000,i65098b5a0019488c820b298cb35baba4_D20230101-20230331,,,,,,False,IncentiveFeeExpense,,,2023-03-31
CGBD,2023-05-09,income_statement,income_statement,IncentiveFeeExpense,IncentiveFeeExpense,5228000,i5f9771f0e03a4c8f974be7c7ea2e7a36_D20220101-20220331,,,,,,False,IncentiveFeeExpense,,,2023-03-31
CGBD,2023-05-09,income_statement,income_statement,IncentiveFeeExpense,IncentiveFeeExpense,0,i9158584323a844b99f68e31c5abf2c09_D20230101-20230331,,,,,,False,IncentiveFeeExpense,,,2023-03-31
CGBD,2023-05-09,income_statement,income_statement,IncentiveFeeExpense,IncentiveFeeExpense,0,i0603bab5d70f475dad104b941e569272_D20220101-20220331,,,,,,False,IncentiveFeeExpense,,,2023-03-31
CGBD,2023-05-09,income_statement,income_statement,IncentiveFeeExpense,IncentiveFeeExpense,0,i6d376fa9abb440d2a96e3995f512d350_D20230101-20230331,,,,,,False,IncentiveFeeExpense,,,2023-03-31
CGBD,2023-05-09,income_statement,income_statement,IncentiveFeeExpense,IncentiveFeeExpense,0,i89917b1b85974feaa7684441adfd454f_D20220101-20220331,,,,,,False,IncentiveFeeExpense,,,2023-03-31
CGBD,2023-05-09,income_statement,income_statement,IncentiveFeeExpense,IncentiveFeeExpense,0,i34bd981af49645028b5c55299811f847_D20230101-20230331,,,,,,False,IncentiveFeeExpense,,,2023-03-31
CGBD,2023-05-09,income_statement,income_statement,IncentiveFeeExpense,IncentiveFeeExpense,0,ib1bdb85825584a2abb372d3ff4a69ea3_D20220101-20220331,,,,,,False,IncentiveFeeExpense,,,2023-03-31
CGBD,2023-05-09,income_statement,income_statement,ManagementFeeAndIncentiveFeeExpense,ManagementFeeAndIncentiveFeeExpense,12708000,i919eaeac6446437db1b490ad5c6626f8_D20230101-20230331,,,,,,False,ManagementFeeAndIncentiveFeeExpense,,,2023-03-31
CGBD,2023-05-09,income_statement,income_statement,ManagementFeeAndIncentiveFeeExpense,ManagementFeeAndIncentiveFeeExpense,12278000,i7fb88cb08626472b876b854c2872b46a_D20220101-20220331,,,,,,False,ManagementFeeAndIncentiveFeeExpense,,,2023-03-31
CGBD,2023-05-09,income_statement,income_statement,RelatedPartyTransactionExpensesFromTransactionsWithRelatedParty,RelatedPartyTransactionExpensesFromTransactionsWithRelatedParty,28000,i285f59190241406ba3b554e0a6195e8d_D20230101-20230331,,,,,,False,RelatedPartyTransactionExpensesFromTransactionsWithRelatedParty,,,2023-03-31
CGBD,2023-05-09,income_statement,income_statement,RelatedPartyTransactionExpensesFromTransactionsWithRelatedParty,RelatedPartyTransactionExpensesFromTransactionsWithRelatedParty,406000,id887656a68134db7aaba453589c2b4c0_D20220101-20220331,,,,,,False,RelatedPartyTransactionExpensesFromTransactionsWithRelatedParty,,,2023-03-31
CGBD,2023-05-09,income_statement,income_statement,RelatedPartyTransactionExpensesFromTransactionsWithRelatedParty,RelatedPartyTransactionExpensesFromTransactionsWithRelatedParty,157000,i77fd69f1a3dd48259ea4029d7316ddc6_D20230101-20230331,,,,,,False,RelatedPartyTransactionExpensesFromTransactionsWithRelatedParty,,,2023-03-31
CGBD,2023-05-09,income_statement,income_statement,RelatedPartyTransactionExpensesFromTransactionsWithRelatedParty,RelatedPartyTransactionExpensesFromTransactionsWithRelatedParty,175000,i263f96640ba642b584acd8bd71641f28_D20220101-20220331,,,,,,False,RelatedPartyTransactionExpensesFromTransactionsWithRelatedParty,,,2023-03-31
CGBD,2023-05-09,income_statement,income_statement,RelatedPartyTransactionExpensesFromTransactionsWithRelatedParty,RelatedPartyTransactionExpensesFromTransactionsWithRelatedParty,123000,iff4dd0ad2dbd4481ae047843e3b82236_D20230101-20230331,,,,,,False,RelatedPartyTransactionExpensesFromTransactionsWithRelatedParty,,,2023-03-31
CGBD,2023-05-09,income_statement,income_statement,RelatedPartyTransactionExpensesFromTransactionsWithRelatedParty,RelatedPartyTransactionExpensesFromTransactionsWithRelatedParty,160000,i11f057e8fc164d50bf8c97de6d426fc7_D20220101-20220331,,,,,,False,RelatedPartyTransactionExpensesFromTransactionsWithRelatedParty,,,2023-03-31
CGBD,2023-05-09,income_statement,income_statement,GrossInvestmentIncomeOperating,GrossInvestmentIncomeOperating,22954000,i1ce5066f85f941518c508cbd66ee75c3_D20230101-20230331,,,,,,False,GrossInvestmentIncomeOperating,,,2023-03-31
CGBD,2023-05-09,income_statement,income_statement,GrossInvestmentIncomeOperating,GrossInvestmentIncomeOperating,14679000,i225eb582a05b4a3a925fadf9d3d136c7_D20220101-20220331,,,,,,False,GrossInvestmentIncomeOperating,,,2023-03-31
CGBD,2023-05-09,income_statement,income_statement,OtherExpenses,OtherExpenses,453000,i1ce5066f85f941518c508cbd66ee75c3_D20230101-20230331,,,,,,False,OtherExpenses,,,2023-03-31
CGBD,2023-05-09,income_statement,income_statement,OtherExpenses,OtherExpenses,497000,i225eb582a05b4a3a925fadf9d3d136c7_D20220101-20220331,,,,,,False,OtherExpenses,,,2023-03-31
CGBD,2023-05-09,income_statement,income_statement,InvestmentIncomeInvestmentExpense,InvestmentIncomeInvestmentExpense,10725000,i1ce5066f85f941518c508cbd66ee75c3_D20230101-20230331,,,,,,False,InvestmentIncomeInvestmentExpense,,,2023-03-31
CGBD,2023-05-09,income_statement,income_statement,InvestmentIncomeInvestmentExpense,InvestmentIncomeInvestmentExpense,4543000,i225eb582a05b4a3a925fadf9d3d136c7_D20220101-20220331,,,,,,False,InvestmentIncomeInvestmentExpense,,,2023-03-31
CGBD,2023-05-09,income_statement,income_statement,InvestmentIncomeOperatingAfterExpenseAndTax,InvestmentIncomeOperatingAfterExpenseAndTax,12229000,i1ce5066f85f941518c508cbd66ee75c3_D20230101-20230331,,,,,,False,InvestmentIncomeOperatingAfterExpenseAndTax,,,2023-03-31
CGBD,2023-05-09,income_statement,income_statement,InvestmentIncomeOperatingAfterExpenseAndTax,InvestmentIncomeOperatingAfterExpenseAndTax,10136000,i225eb582a05b4a3a925fadf9d3d136c7_D20220101-20220331,,,,,,False,InvestmentIncomeOperatingAfterExpenseAndTax,,,2023-03-31
CGBD,2023-05-09,income_statement,income_statement,NetIncomeLoss,NetIncomeLoss,7121000,i1ce5066f85f941518c508cbd66ee75c3_D20230101-20230331,,,,,,False,NetIncomeLoss,,net_income,2023-03-31
CGBD,2023-05-09,income_statement,income_statement,NetIncomeLoss,NetIncomeLoss,267000,i225eb582a05b4a3a925fadf9d3d136c7_D20220101-20220331,,,,,,False,NetIncomeLoss,,net_income,2023-03-31
CGBD,2023-05-09,income_statement,income_statement,GrossInvestmentIncomeOperating,GrossInvestmentIncomeOperating,6607000,ice5e3877ab0046f2b2259dd95704c284_D20230101-20230331,,,,,,False,GrossInvestmentIncomeOperating,,,2023-03-31
CGBD,2023-05-09,income_statement,income_statement,GrossInvestmentIncomeOperating,GrossInvestmentIncomeOperating,4486000,i95caf89b9ece46a9bbe9edbac15eb12b_D20220101-20220331,,,,,,False,GrossInvestmentIncomeOperating,,,2023-03-31
CGBD,2023-05-09,income_statement,income_statement,OtherExpenses,OtherExpenses,275000,ice5e3877ab0046f2b2259dd95704c284_D20230101-20230331,,,,,,False,OtherExpenses,,,2023-03-31
CGBD,2023-05-09,income_statement,income_statement,OtherExpenses,OtherExpenses,186000,i95caf89b9ece46a9bbe9edbac15eb12b_D20220101-20220331,,,,,,False,OtherExpenses,,,2023-03-31
CGBD,2023-05-09,income_statement,income_statement,InvestmentIncomeInvestmentExpense,InvestmentIncomeInvestmentExpense,3219000,ice5e3877ab0046f2b2259dd95704c284_D20230101-20230331,,,,,,False,InvestmentIncomeInvestmentExpense,,,2023-03-31
CGBD,2023-05-09,income_statement,income_statement,InvestmentIncomeInvestmentExpense,InvestmentIncomeInvestmentExpense,1405000,i95caf89b9ece46a9bbe9edbac15eb12b_D20220101-20220331,,,,,,False,InvestmentIncomeInvestmentExpense,,,2023-03-31
CGBD,2023-05-09,income_statement,income_statement,InvestmentIncomeOperatingAfterExpenseAndTax,InvestmentIncomeOperatingAfterExpenseAndTax,3388000,ice5e3877ab0046f2b2259dd95704c284_D20230101-20230331,,,,,,False,InvestmentIncomeOperatingAfterExpenseAndTax,,,2023-03-31
CGBD,2023-05-09,income_statement,income_statement,InvestmentIncomeOperatingAfterExpenseAndTax,InvestmentIncomeOperatingAfterExpenseAndTax,3081000,i95caf89b9ece46a9bbe9edbac15eb12b_D20220101-20220331,,,,,,False,InvestmentIncomeOperatingAfterExpenseAndTax,,,2023-03-31
CGBD,2023-05-09,income_statement,income_statement,NetIncomeLoss,NetIncomeLoss,1308000,ice5e3877ab0046f2b2259dd95704c284_D20230101-20230331,,,,,,False,NetIncomeLoss,,net_income,2023-03-31
CGBD,2023-05-09,income_statement,income_statement,NetIncomeLoss,NetIncomeLoss,1652000,i95caf89b9ece46a9bbe9edbac15eb12b_D20220101-20220331,,,,,,False,NetIncomeLoss,,net_income,2023-03-31
CGBD,2023-05-09,income_statement,income_statement,InvestmentIncomeOperatingAfterExpenseAndTax,InvestmentIncomeOperatingAfterExpenseAndTax,26570000,i9742f9ecec9f497c856a4b8d112ba790_D20230101-20230331,,,,,,False,InvestmentIncomeOperatingAfterExpenseAndTax,,,2023-03-31
CGBD,2023-05-09,income_statement,income_statement,InvestmentIncomeOperatingAfterExpenseAndTax,InvestmentIncomeOperatingAfterExpenseAndTax,25519000,i3c32f890d0e1416895b60d04c6ab0a0c_D20220101-20220331,,,,,,False,InvestmentIncomeOperatingAfterExpenseAndTax,,,2023-03-31
CGBD,2023-05-09,income_statement,income_statement,InvestmentCompanyInvestmentIncomeLossPerShare,InvestmentCompanyInvestmentIncomeLossPerShare,0.50,i919eaeac6446437db1b490ad5c6626f8_D20230101-20230331,,,,,,False,InvestmentCompanyInvestmentIncomeLossPerShare,,,2023-03-31
CGBD,2023-05-09,income_statement,income_statement,InvestmentCompanyInvestmentIncomeLossPerShare,InvestmentCompanyInvestmentIncomeLossPerShare,0.47,i7fb88cb08626472b876b854c2872b46a_D20220101-20220331,,,,,,False,InvestmentCompanyInvestmentIncomeLossPerShare,,,2023-03-31
CGBD,2023-05-09,income_statement,income_statement,InvestmentCompanyInvestmentIncomeLossFromOperationsPerShare,InvestmentCompanyInvestmentIncomeLossFromOperationsPerShare,0.53,i919eaeac6446437db1b490ad5c6626f8_D20230101-20230331,,,,,,False,InvestmentCompanyInvestmentIncomeLossFromOperationsPerShare,,,2023-03-31
CGBD,2023-05-09,income_statement,income_statement,InvestmentCompanyInvestmentIncomeLossFromOperationsPerShare,InvestmentCompanyInvestmentIncomeLossFromOperationsPerShare,0.56,i7fb88cb08626472b876b854c2872b46a_D20220101-20220331,,,,,,False,InvestmentCompanyInvestmentIncomeLossFromOperationsPerShare,,,2023-03-31
CGBD,2023-05-09,income_statement,income_statement,InvestmentCompanyExpenseRatioExcludingIncentiveFee,InvestmentCompanyExpenseRatioExcludingIncentiveFee,0.0303,i919eaeac6446437db1b490ad5c6626f8_D20230101-20230331,,,,,,False,InvestmentCompanyExpenseRatioExcludingIncentiveFee,,,2023-03-31
CGBD,2023-05-09,income_statement,income_statement,InvestmentCompanyExpenseRatioExcludingIncentiveFee,InvestmentCompanyExpenseRatioExcludingIncentiveFee,0.0186,i7fb88cb08626472b876b854c2872b46a_D20220101-20220331,,,,,,False,InvestmentCompanyExpenseRatioExcludingIncentiveFee,,,2023-03-31
CGBD,2023-05-09,income_statement,income_statement,InvestmentCompanyExpenseRatioIncludingIncentiveFee,InvestmentCompanyExpenseRatioIncludingIncentiveFee,0.0366,i919eaeac6446437db1b490ad5c6626f8_D20230101-20230331,,,,,,False,InvestmentCompanyExpenseRatioIncludingIncentiveFee,,,2023-03-31
CGBD,2023-05-09,income_statement,income_statement,InvestmentCompanyExpenseRatioIncludingIncentiveFee,InvestmentCompanyExpenseRatioIncludingIncentiveFee,0.0244,i7fb88cb08626472b876b854c2872b46a_D20220101-20220331,,,,,,False,InvestmentCompanyExpenseRatioIncludingIncentiveFee,,,2023-03-31
CGBD,2023-05-09,income_statement,income_statement,InvestmentCompanyInvestmentIncomeLossRatio,InvestmentCompanyInvestmentIncomeLossRatio,0.0306,i919eaeac6446437db1b490ad5c6626f8_D20230101-20230331,,,,,,False,InvestmentCompanyInvestmentIncomeLossRatio,,,2023-03-31
CGBD,2023-05-09,income_statement,income_statement,InvestmentCompanyInvestmentIncomeLossRatio,InvestmentCompanyInvestmentIncomeLossRatio,0.0284,i7fb88cb08626472b876b854c2872b46a_D20220101-20220331,,,,,,False,InvestmentCompanyInvestmentIncomeLossRatio,,,2023-03-31
CGBD,2023-05-09,income_statement,income_statement,InvestmentCompanyInterestExpenseRatioIncludingLineOfCreditFacilityCommitmentFee,InvestmentCompanyInterestExpenseRatioIncludingLineOfCreditFacilityCommitmentFee,0.0199,i919eaeac6446437db1b490ad5c6626f8_D20230101-20230331,,,,,,False,InvestmentCompanyInterestExpenseRatioIncludingLineOfCreditFacilityCommitmentFee,,,2023-03-31
CGBD,2023-05-09,income_statement,income_statement,InvestmentCompanyInterestExpenseRatioIncludingLineOfCreditFacilityCommitmentFee,InvestmentCompanyInterestExpenseRatioIncludingLineOfCreditFacilityCommitmentFee,0.0085,i7fb88cb08626472b876b854c2872b46a_D20220101-20220331,,,,,,False,InvestmentCompanyInterestExpenseRatioIncludingLineOfCreditFacilityCommitmentFee,,,2023-03-31
CGBD,2023-05-09,income_statement,income_statement,IncomeTaxDisclosureTextBlock,IncomeTaxDisclosureTextBlock,"TAX<div style=""margin-top:6pt;text-indent:36pt""><span style=""color:#000000;font-family:'Times New Roman',sans-serif;font-size:10pt;font-weight:400;line-height:120%"">The Company has not recorded a liability for any uncertain tax positions pursuant to the provisions of ASC 740, </span><span style=""color:#000000;font-family:'Times New Roman',sans-serif;font-size:10pt;font-style:italic;font-weight:400;line-height:120%"">Income Taxes,</span><span style=""color:#000000;font-family:'Times New Roman',sans-serif;font-size:10pt;font-weight:400;line-height:120%""> as of March 31, 2023 and December 31, 2022.</span></div><div style=""margin-top:12pt;text-indent:36pt""><span style=""color:#000000;font-family:'Times New Roman',sans-serif;font-size:10pt;font-weight:400;line-height:120%"">In the normal course of business, the Company is subject to examination by federal and certain state, local and foreign tax regulators. As of March 31, 2023 and December 31, 2022, the Company had filed tax returns and therefore is subject to examination.</span></div><div style=""margin-top:12pt;text-indent:36pt""><span style=""color:#000000;font-family:'Times New Roman',sans-serif;font-size:10pt;font-weight:400;line-height:120%"">The Company’s taxable income for each period is an estimate and will not be finally determined until the Company files its tax return for each year. Therefore, the final taxable income, and the taxable income earned in each period and carried forward for distribution in the following period, may be different than this estimate. The estimated tax character of dividends declared on preferred stock and common stock for three month periods ended March 31, 2023 and 2022 was as follows:</span></div><div style=""margin-bottom:1pt;margin-top:6pt""><table style=""border-collapse:collapse;display:inline-table;margin-bottom:5pt;vertical-align:text-bottom;width:99.707%""><tr><td style=""width:1.0%""/><td style=""width:68.548%""/><td style=""width:0.1%""/><td style=""width:1.0%""/><td style=""width:13.709%""/><td style=""width:0.1%""/><td style=""width:0.1%""/><td style=""width:0.533%""/><td style=""width:0.1%""/><td style=""width:1.0%""/><td style=""width:13.710%""/><td style=""width:0.1%""/></tr><tr><td colspan=""3"" style=""padding:2px 1pt;text-align:left;vertical-align:bottom""><span style=""color:#000000;font-family:'Times New Roman',sans-serif;font-size:9pt;font-weight:400;line-height:100%""> </span></td><td colspan=""9"" style=""padding:2px 1pt;text-align:center;vertical-align:bottom""><span style=""color:#000000;font-family:'Times New Roman',sans-serif;font-size:9pt;font-weight:700;line-height:100%"">For the three month periods ended</span></td></tr><tr><td colspan=""3"" style=""padding:2px 1pt;text-align:left;vertical-align:bottom""><span style=""color:#000000;font-family:'Times New Roman',sans-serif;font-size:9pt;font-weight:400;line-height:100%""> </span></td><td colspan=""3"" style=""border-top:1pt solid #000000;padding:2px 1pt;text-align:center;vertical-align:bottom""><span style=""color:#000000;font-family:'Times New Roman',sans-serif;font-size:9pt;font-weight:700;line-height:100%"">March 31, 2023</span></td><td colspan=""3"" style=""border-top:1pt solid #000000;padding:0 1pt""/><td colspan=""3"" style=""border-top:1pt solid #000000;padding:2px 1pt;text-align:center;vertical-align:bottom""><span style=""color:#000000;font-family:'Times New Roman',sans-serif;font-size:9pt;font-weight:700;line-height:100%"">March 31, 2022</span></td></tr><tr><td colspan=""3"" style=""background-color:#cceeff;padding:2px 1pt;text-align:left;vertical-align:top""><span style=""color:#000000;font-family:'Times New Roman',sans-serif;font-size:9pt;font-weight:400;line-height:100%"">Ordinary income</span></td><td style=""background-color:#cceeff;border-top:1pt solid #000000;padding:2px 0 2px 1pt;text-align:left;vertical-align:bottom""><span style=""color:#000000;font-family:'Times New Roman',sans-serif;font-size:9pt;font-weight:400;line-height:100%"">$</span></td><td style=""background-color:#cceeff;border-top:1pt solid #000000;padding:2px 0;text-align:right;vertical-align:bottom""><span style=""color:#000000;font-family:'Times New Roman',sans-serif;font-size:9pt;font-weight:400;line-height:100%"">23,224 </span></td><td style=""background-color:#cceeff;border-top:1pt solid #000000;padding:2px 1pt 2px 0;text-align:right;vertical-align:bottom""/><td colspan=""3"" style=""background-color:#cceeff;padding:0 1pt""/><td style=""background-color:#cceeff;border-top:1pt solid #000000;padding:2px 0 2px 1pt;text-align:left;vertical-align:bottom""><span style=""color:#000000;font-family:'Times New Roman',sans-serif;font-size:9pt;font-weight:400;line-height:100%"">$</span></td><td style=""background-color:#cceeff;border-top:1pt solid #000000;padding:2px 0;text-align:right;vertical-align:bottom""><span style=""color:#000000;font-family:'Times New Roman',sans-serif;font-size:9pt;font-weight:400;line-height:100%"">21,939 </span></td><td style=""background-color:#cceeff;border-top:1pt solid #000000;padding:2px 1pt 2px 0;text-align:right;vertical-align:bottom""/></tr><tr><td colspan=""3"" style=""background-color:#ffffff;padding:2px 1pt;text-align:left;vertical-align:top""><span style=""color:#000000;font-family:'Times New Roman',sans-serif;font-size:9pt;font-weight:400;line-height:100%"">Tax return of capital</span></td><td style=""background-color:#ffffff;padding:2px 0 2px 1pt;text-align:left;vertical-align:bottom""><span style=""color:#000000;font-family:'Times New Roman',sans-serif;font-size:9pt;font-weight:400;line-height:100%"">$</span></td><td style=""background-color:#ffffff;padding:2px 0;text-align:right;vertical-align:bottom""><span style=""color:#000000;font-family:'Times New Roman',sans-serif;font-size:9pt;font-weight:400;line-height:100%"">— </span></td><td style=""background-color:#ffffff;padding:2px 1pt 2px 0;text-align:right;vertical-align:bottom""/><td colspan=""3"" style=""background-color:#ffffff;padding:0 1pt""/><td style=""background-color:#ffffff;padding:2px 0 2px 1pt;text-align:left;vertical-align:bottom""><span style=""color:#000000;font-family:'Times New Roman',sans-serif;font-size:9pt;font-weight:400;line-height:100%"">$</span></td><td style=""background-color:#ffffff;padding:2px 0;text-align:right;vertical-align:bottom""><span style=""color:#000000;font-family:'Times New Roman',sans-serif;font-size:9pt;font-weight:400;line-height:100%"">— </span></td><td style=""background-color:#ffffff;padding:2px 1pt 2px 0;text-align:right;vertical-align:bottom""/></tr></table></div>",i919eaeac6446437db1b490ad5c6626f8_D20230101-20230331,,,,,,False,IncomeTaxDisclosureTextBlock,,,2023-03-31
CGBD,2023-08-08,income_statement,income_statement,InterestIncomeOperatingPaidInCash,InterestIncomeOperatingPaidInCash,44660000,c-11,,,,,,False,InterestIncomeOperatingPaidInCash,,,2023-06-30
CGBD,2023-08-08,income_statement,income_statement,InterestIncomeOperatingPaidInCash,InterestIncomeOperatingPaidInCash,31634000,c-12,,,,,,False,InterestIncomeOperatingPaidInCash,,,2023-06-30
CGBD,2023-08-08,income_statement,income_statement,InterestIncomeOperatingPaidInCash,InterestIncomeOperatingPaidInCash,87914000,c-13,,,,,,False,InterestIncomeOperatingPaidInCash,,,2023-06-30
CGBD,2023-08-08,income_statement,income_statement,InterestIncomeOperatingPaidInCash,InterestIncomeOperatingPaidInCash,61741000,c-14,,,,,,False,InterestIncomeOperatingPaidInCash,,,2023-06-30
CGBD,2023-08-08,income_statement,income_statement,InterestIncomeOperatingPaidInKind,InterestIncomeOperatingPaidInKind,4495000,c-11,,,,,,False,InterestIncomeOperatingPaidInKind,,,2023-06-30
CGBD,2023-08-08,income_statement,income_statement,InterestIncomeOperatingPaidInKind,InterestIncomeOperatingPaidInKind,3728000,c-12,,,,,,False,InterestIncomeOperatingPaidInKind,,,2023-06-30
CGBD,2023-08-08,income_statement,income_statement,InterestIncomeOperatingPaidInKind,InterestIncomeOperatingPaidInKind,8683000,c-13,,,,,,False,InterestIncomeOperatingPaidInKind,,,2023-06-30
CGBD,2023-08-08,income_statement,income_statement,InterestIncomeOperatingPaidInKind,InterestIncomeOperatingPaidInKind,7449000,c-14,,,,,,False,InterestIncomeOperatingPaidInKind,,,2023-06-30
CGBD,2023-08-08,income_statement,income_statement,OtherIncome,OtherIncome,917000,c-11,,,,,,False,OtherIncome,,,2023-06-30
CGBD,2023-08-08,income_statement,income_statement,OtherIncome,OtherIncome,1632000,c-12,,,,,,False,OtherIncome,,,2023-06-30
CGBD,2023-08-08,income_statement,income_statement,OtherIncome,OtherIncome,1878000,c-13,,,,,,False,OtherIncome,,,2023-06-30
CGBD,2023-08-08,income_statement,income_statement,OtherIncome,OtherIncome,3594000,c-14,,,,,,False,OtherIncome,,,2023-06-30
CGBD,2023-08-08,income_statement,income_statement,GrossInvestmentIncomeOperating,GrossInvestmentIncomeOperating,50072000,c-11,,,,,,False,GrossInvestmentIncomeOperating,,,2023-06-30
CGBD,2023-08-08,income_statement,income_statement,GrossInvestmentIncomeOperating,GrossInvestmentIncomeOperating,36994000,c-12,,,,,,False,GrossInvestmentIncomeOperating,,,2023-06-30
CGBD,2023-08-08,income_statement,income_statement,GrossInvestmentIncomeOperating,GrossInvestmentIncomeOperating,98475000,c-13,,,,,,False,GrossInvestmentIncomeOperating,,,2023-06-30
CGBD,2023-08-08,income_statement,income_statement,GrossInvestmentIncomeOperating,GrossInvestmentIncomeOperating,72784000,c-14,,,,,,False,GrossInvestmentIncomeOperating,,,2023-06-30
CGBD,2023-08-08,income_statement,income_statement,InterestIncomeOperatingPaidInCash,InterestIncomeOperatingPaidInCash,1494000,c-15,,,,,,False,InterestIncomeOperatingPaidInCash,,,2023-06-30
CGBD,2023-08-08,income_statement,income_statement,InterestIncomeOperatingPaidInCash,InterestIncomeOperatingPaidInCash,48000,c-16,,,,,,False,InterestIncomeOperatingPaidInCash,,,2023-06-30
CGBD,2023-08-08,income_statement,income_statement,InterestIncomeOperatingPaidInCash,InterestIncomeOperatingPaidInCash,3188000,c-17,,,,,,False,InterestIncomeOperatingPaidInCash,,,2023-06-30
CGBD,2023-08-08,income_statement,income_statement,InterestIncomeOperatingPaidInCash,InterestIncomeOperatingPaidInCash,96000,c-18,,,,,,False,InterestIncomeOperatingPaidInCash,,,2023-06-30
CGBD,2023-08-08,income_statement,income_statement,InterestIncomeOperatingPaidInKind,InterestIncomeOperatingPaidInKind,221000,c-15,,,,,,False,InterestIncomeOperatingPaidInKind,,,2023-06-30
CGBD,2023-08-08,income_statement,income_statement,InterestIncomeOperatingPaidInKind,InterestIncomeOperatingPaidInKind,0,c-16,,,,,,False,InterestIncomeOperatingPaidInKind,,,2023-06-30
CGBD,2023-08-08,income_statement,income_statement,InterestIncomeOperatingPaidInKind,InterestIncomeOperatingPaidInKind,221000,c-17,,,,,,False,InterestIncomeOperatingPaidInKind,,,2023-06-30
CGBD,2023-08-08,income_statement,income_statement,InterestIncomeOperatingPaidInKind,InterestIncomeOperatingPaidInKind,0,c-18,,,,,,False,InterestIncomeOperatingPaidInKind,,,2023-06-30
CGBD,2023-08-08,income_statement,income_statement,OtherIncome,OtherIncome,2000,c-15,,,,,,False,OtherIncome,,,2023-06-30
CGBD,2023-08-08,income_statement,income_statement,OtherIncome,OtherIncome,2000,c-16,,,,,,False,OtherIncome,,,2023-06-30
CGBD,2023-08-08,income_statement,income_statement,OtherIncome,OtherIncome,4000,c-17,,,,,,False,OtherIncome,,,2023-06-30
CGBD,2023-08-08,income_statement,income_statement,OtherIncome,OtherIncome,4000,c-18,,,,,,False,OtherIncome,,,2023-06-30
CGBD,2023-08-08,income_statement,income_statement,GrossInvestmentIncomeOperating,GrossInvestmentIncomeOperating,1717000,c-15,,,,,,False,GrossInvestmentIncomeOperating,,,2023-06-30
CGBD,2023-08-08,income_statement,income_statement,GrossInvestmentIncomeOperating,GrossInvestmentIncomeOperating,50000,c-16,,,,,,False,GrossInvestmentIncomeOperating,,,2023-06-30
CGBD,2023-08-08,income_statement,income_statement,GrossInvestmentIncomeOperating,GrossInvestmentIncomeOperating,3413000,c-17,,,,,,False,GrossInvestmentIncomeOperating,,,2023-06-30
CGBD,2023-08-08,income_statement,income_statement,GrossInvestmentIncomeOperating,GrossInvestmentIncomeOperating,100000,c-18,,,,,,False,GrossInvestmentIncomeOperating,,,2023-06-30
CGBD,2023-08-08,income_statement,income_statement,InterestIncomeOperatingPaidInCash,InterestIncomeOperatingPaidInCash,0,c-19,,,,,,False,InterestIncomeOperatingPaidInCash,,,2023-06-30
CGBD,2023-08-08,income_statement,income_statement,InterestIncomeOperatingPaidInCash,InterestIncomeOperatingPaidInCash,0,c-20,,,,,,False,InterestIncomeOperatingPaidInCash,,,2023-06-30
CGBD,2023-08-08,income_statement,income_statement,InterestIncomeOperatingPaidInCash,InterestIncomeOperatingPaidInCash,0,c-21,,,,,,False,InterestIncomeOperatingPaidInCash,,,2023-06-30
CGBD,2023-08-08,income_statement,income_statement,InterestIncomeOperatingPaidInCash,InterestIncomeOperatingPaidInCash,3873000,c-22,,,,,,False,InterestIncomeOperatingPaidInCash,,,2023-06-30
CGBD,2023-08-08,income_statement,income_statement,DividendIncomeOperating,DividendIncomeOperating,8276000,c-19,,,,,,False,DividendIncomeOperating,,,2023-06-30
CGBD,2023-08-08,income_statement,income_statement,DividendIncomeOperating,DividendIncomeOperating,7524000,c-20,,,,,,False,DividendIncomeOperating,,,2023-06-30
CGBD,2023-08-08,income_statement,income_statement,DividendIncomeOperating,DividendIncomeOperating,16552000,c-21,,,,,,False,DividendIncomeOperating,,,2023-06-30
CGBD,2023-08-08,income_statement,income_statement,DividendIncomeOperating,DividendIncomeOperating,15048000,c-22,,,,,,False,DividendIncomeOperating,,,2023-06-30
CGBD,2023-08-08,income_statement,income_statement,OtherIncome,OtherIncome,0,c-19,,,,,,False,OtherIncome,,,2023-06-30
CGBD,2023-08-08,income_statement,income_statement,OtherIncome,OtherIncome,0,c-20,,,,,,False,OtherIncome,,,2023-06-30
CGBD,2023-08-08,income_statement,income_statement,OtherIncome,OtherIncome,0,c-21,,,,,,False,OtherIncome,,,2023-06-30
CGBD,2023-08-08,income_statement,income_statement,OtherIncome,OtherIncome,272000,c-22,,,,,,False,OtherIncome,,,2023-06-30
CGBD,2023-08-08,income_statement,income_statement,GrossInvestmentIncomeOperating,GrossInvestmentIncomeOperating,8276000,c-19,,,,,,False,GrossInvestmentIncomeOperating,,,2023-06-30
CGBD,2023-08-08,income_statement,income_statement,GrossInvestmentIncomeOperating,GrossInvestmentIncomeOperating,7524000,c-20,,,,,,False,GrossInvestmentIncomeOperating,,,2023-06-30
CGBD,2023-08-08,income_statement,income_statement,GrossInvestmentIncomeOperating,GrossInvestmentIncomeOperating,16552000,c-21,,,,,,False,GrossInvestmentIncomeOperating,,,2023-06-30
CGBD,2023-08-08,income_statement,income_statement,GrossInvestmentIncomeOperating,GrossInvestmentIncomeOperating,19193000,c-22,,,,,,False,GrossInvestmentIncomeOperating,,,2023-06-30
CGBD,2023-08-08,income_statement,income_statement,GrossInvestmentIncomeOperating,GrossInvestmentIncomeOperating,60065000,c-23,,,,,,False,GrossInvestmentIncomeOperating,,,2023-06-30
CGBD,2023-08-08,income_statement,income_statement,GrossInvestmentIncomeOperating,GrossInvestmentIncomeOperating,44568000,c-24,,,,,,False,GrossInvestmentIncomeOperating,,,2023-06-30
CGBD,2023-08-08,income_statement,income_statement,GrossInvestmentIncomeOperating,GrossInvestmentIncomeOperating,118440000,c-1,,,,,,False,GrossInvestmentIncomeOperating,,,2023-06-30
CGBD,2023-08-08,income_statement,income_statement,GrossInvestmentIncomeOperating,GrossInvestmentIncomeOperating,92077000,c-25,,,,,,False,GrossInvestmentIncomeOperating,,,2023-06-30
CGBD,2023-08-08,income_statement,income_statement,ManagementFeeExpense,ManagementFeeExpense,7185000,c-23,,,,,,False,ManagementFeeExpense,,,2023-06-30
CGBD,2023-08-08,income_statement,income_statement,ManagementFeeExpense,ManagementFeeExpense,7113000,c-24,,,,,,False,ManagementFeeExpense,,,2023-06-30
CGBD,2023-08-08,income_statement,income_statement,ManagementFeeExpense,ManagementFeeExpense,14421000,c-1,,,,,,False,ManagementFeeExpense,,,2023-06-30
CGBD,2023-08-08,income_statement,income_statement,ManagementFeeExpense,ManagementFeeExpense,14163000,c-25,,,,,,False,ManagementFeeExpense,,,2023-06-30
CGBD,2023-08-08,income_statement,income_statement,IncentiveFeeExpense,IncentiveFeeExpense,5593000,c-23,,,,,,False,IncentiveFeeExpense,,,2023-06-30
CGBD,2023-08-08,income_statement,income_statement,IncentiveFeeExpense,IncentiveFeeExpense,4458000,c-24,,,,,,False,IncentiveFeeExpense,,,2023-06-30
CGBD,2023-08-08,income_statement,income_statement,IncentiveFeeExpense,IncentiveFeeExpense,11065000,c-1,,,,,,False,IncentiveFeeExpense,,,2023-06-30
CGBD,2023-08-08,income_statement,income_statement,IncentiveFeeExpense,IncentiveFeeExpense,9686000,c-25,,,,,,False,IncentiveFeeExpense,,,2023-06-30
CGBD,2023-08-08,income_statement,income_statement,AdministrativeFeesExpense,AdministrativeFeesExpense,469000,c-23,,,,,,False,AdministrativeFeesExpense,,,2023-06-30
CGBD,2023-08-08,income_statement,income_statement,AdministrativeFeesExpense,AdministrativeFeesExpense,461000,c-24,,,,,,False,AdministrativeFeesExpense,,,2023-06-30
CGBD,2023-08-08,income_statement,income_statement,AdministrativeFeesExpense,AdministrativeFeesExpense,497000,c-1,,,,,,False,AdministrativeFeesExpense,,,2023-06-30
CGBD,2023-08-08,income_statement,income_statement,AdministrativeFeesExpense,AdministrativeFeesExpense,867000,c-25,,,,,,False,AdministrativeFeesExpense,,,2023-06-30
CGBD,2023-08-08,income_statement,income_statement,InterestExpenseAndLineOfCreditFacilityCommitmentFeeAmount,InterestExpenseAndLineOfCreditFacilityCommitmentFeeAmount,17873000,c-23,,,,,,False,InterestExpenseAndLineOfCreditFacilityCommitmentFeeAmount,,,2023-06-30
CGBD,2023-08-08,income_statement,income_statement,InterestExpenseAndLineOfCreditFacilityCommitmentFeeAmount,InterestExpenseAndLineOfCreditFacilityCommitmentFeeAmount,9170000,c-24,,,,,,False,InterestExpenseAndLineOfCreditFacilityCommitmentFeeAmount,,,2023-06-30
CGBD,2023-08-08,income_statement,income_statement,InterestExpenseAndLineOfCreditFacilityCommitmentFeeAmount,InterestExpenseAndLineOfCreditFacilityCommitmentFeeAmount,35154000,c-1,,,,,,False,InterestExpenseAndLineOfCreditFacilityCommitmentFeeAmount,,,2023-06-30
CGBD,2023-08-08,income_statement,income_statement,InterestExpenseAndLineOfCreditFacilityCommitmentFeeAmount,InterestExpenseAndLineOfCreditFacilityCommitmentFeeAmount,16786000,c-25,,,,,,False,InterestExpenseAndLineOfCreditFacilityCommitmentFeeAmount,,,2023-06-30
CGBD,2023-08-08,income_statement,income_statement,NoninterestExpenseDirectorsFees,NoninterestExpenseDirectorsFees,107000,c-23,,,,,,False,NoninterestExpenseDirectorsFees,,,2023-06-30
CGBD,2023-08-08,income_statement,income_statement,NoninterestExpenseDirectorsFees,NoninterestExpenseDirectorsFees,186000,c-24,,,,,,False,NoninterestExpenseDirectorsFees,,,2023-06-30
CGBD,2023-08-08,income_statement,income_statement,NoninterestExpenseDirectorsFees,NoninterestExpenseDirectorsFees,230000,c-1,,,,,,False,NoninterestExpenseDirectorsFees,,,2023-06-30
CGBD,2023-08-08,income_statement,income_statement,NoninterestExpenseDirectorsFees,NoninterestExpenseDirectorsFees,346000,c-25,,,,,,False,NoninterestExpenseDirectorsFees,,,2023-06-30
CGBD,2023-08-08,income_statement,income_statement,OtherGeneralAndAdministrativeExpense,OtherGeneralAndAdministrativeExpense,490000,c-23,,,,,,False,OtherGeneralAndAdministrativeExpense,,,2023-06-30
CGBD,2023-08-08,income_statement,income_statement,OtherGeneralAndAdministrativeExpense,OtherGeneralAndAdministrativeExpense,382000,c-24,,,,,,False,OtherGeneralAndAdministrativeExpense,,,2023-06-30
CGBD,2023-08-08,income_statement,income_statement,OtherGeneralAndAdministrativeExpense,OtherGeneralAndAdministrativeExpense,943000,c-1,,,,,,False,OtherGeneralAndAdministrativeExpense,,,2023-06-30
CGBD,2023-08-08,income_statement,income_statement,OtherGeneralAndAdministrativeExpense,OtherGeneralAndAdministrativeExpense,776000,c-25,,,,,,False,OtherGeneralAndAdministrativeExpense,,,2023-06-30
CGBD,2023-08-08,income_statement,income_statement,InvestmentIncomeInvestmentExpense,InvestmentIncomeInvestmentExpense,32240000,c-23,,,,,,False,InvestmentIncomeInvestmentExpense,,,2023-06-30
CGBD,2023-08-08,income_statement,income_statement,InvestmentIncomeInvestmentExpense,InvestmentIncomeInvestmentExpense,22522000,c-24,,,,,,False,InvestmentIncomeInvestmentExpense,,,2023-06-30
CGBD,2023-08-08,income_statement,income_statement,InvestmentIncomeInvestmentExpense,InvestmentIncomeInvestmentExpense,63522000,c-1,,,,,,False,InvestmentIncomeInvestmentExpense,,,2023-06-30
CGBD,2023-08-08,income_statement,income_statement,InvestmentIncomeInvestmentExpense,InvestmentIncomeInvestmentExpense,44159000,c-25,,,,,,False,InvestmentIncomeInvestmentExpense,,,2023-06-30
CGBD,2023-08-08,income_statement,income_statement,NetInvestmentIncome,NetInvestmentIncome,27825000,c-23,,,,,,False,NetInvestmentIncome,,,2023-06-30
CGBD,2023-08-08,income_statement,income_statement,NetInvestmentIncome,NetInvestmentIncome,22046000,c-24,,,,,,False,NetInvestmentIncome,,,2023-06-30
CGBD,2023-08-08,income_statement,income_statement,NetInvestmentIncome,NetInvestmentIncome,54918000,c-1,,,,,,False,NetInvestmentIncome,,,2023-06-30
CGBD,2023-08-08,income_statement,income_statement,NetInvestmentIncome,NetInvestmentIncome,47918000,c-25,,,,,,False,NetInvestmentIncome,,,2023-06-30
CGBD,2023-08-08,income_statement,income_statement,InvestmentIncomeOperatingTaxExpenseBenefit,InvestmentIncomeOperatingTaxExpenseBenefit,650000,c-23,,,,,,False,InvestmentIncomeOperatingTaxExpenseBenefit,,,2023-06-30
CGBD,2023-08-08,income_statement,income_statement,InvestmentIncomeOperatingTaxExpenseBenefit,InvestmentIncomeOperatingTaxExpenseBenefit,176000,c-24,,,,,,False,InvestmentIncomeOperatingTaxExpenseBenefit,,,2023-06-30
CGBD,2023-08-08,income_statement,income_statement,InvestmentIncomeOperatingTaxExpenseBenefit,InvestmentIncomeOperatingTaxExpenseBenefit,1173000,c-1,,,,,,False,InvestmentIncomeOperatingTaxExpenseBenefit,,,2023-06-30
CGBD,2023-08-08,income_statement,income_statement,InvestmentIncomeOperatingTaxExpenseBenefit,InvestmentIncomeOperatingTaxExpenseBenefit,529000,c-25,,,,,,False,InvestmentIncomeOperatingTaxExpenseBenefit,,,2023-06-30
CGBD,2023-08-08,income_statement,income_statement,InvestmentIncomeOperatingAfterExpenseAndTax,InvestmentIncomeOperatingAfterExpenseAndTax,27175000,c-23,,,,,,False,InvestmentIncomeOperatingAfterExpenseAndTax,,,2023-06-30
CGBD,2023-08-08,income_statement,income_statement,InvestmentIncomeOperatingAfterExpenseAndTax,InvestmentIncomeOperatingAfterExpenseAndTax,21870000,c-24,,,,,,False,InvestmentIncomeOperatingAfterExpenseAndTax,,,2023-06-30
CGBD,2023-08-08,income_statement,income_statement,InvestmentIncomeOperatingAfterExpenseAndTax,InvestmentIncomeOperatingAfterExpenseAndTax,53745000,c-1,,,,,,False,InvestmentIncomeOperatingAfterExpenseAndTax,,,2023-06-30
CGBD,2023-08-08,income_statement,income_statement,InvestmentIncomeOperatingAfterExpenseAndTax,InvestmentIncomeOperatingAfterExpenseAndTax,47389000,c-25,,,,,,False,InvestmentIncomeOperatingAfterExpenseAndTax,,,2023-06-30
CGBD,2023-08-08,income_statement,income_statement,NetIncomeLoss,NetIncomeLoss,4713000,c-23,,,,,,False,NetIncomeLoss,,net_income,2023-06-30
CGBD,2023-08-08,income_statement,income_statement,NetIncomeLoss,NetIncomeLoss,4665000,c-24,,,,,,False,NetIncomeLoss,,net_income,2023-06-30
CGBD,2023-08-08,income_statement,income_statement,NetIncomeLoss,NetIncomeLoss,32700000,c-1,,,,,,False,NetIncomeLoss,,net_income,2023-06-30
CGBD,2023-08-08,income_statement,income_statement,NetIncomeLoss,NetIncomeLoss,35348000,c-25,,,,,,False,NetIncomeLoss,,net_income,2023-06-30
CGBD,2023-08-08,income_statement,income_statement,PreferredStockDividendsIncomeStatementImpact,PreferredStockDividendsIncomeStatementImpact,875000,c-23,,,,,,False,PreferredStockDividendsIncomeStatementImpact,,,2023-06-30
CGBD,2023-08-08,income_statement,income_statement,PreferredStockDividendsIncomeStatementImpact,PreferredStockDividendsIncomeStatementImpact,875000,c-24,,,,,,False,PreferredStockDividendsIncomeStatementImpact,,,2023-06-30
CGBD,2023-08-08,income_statement,income_statement,PreferredStockDividendsIncomeStatementImpact,PreferredStockDividendsIncomeStatementImpact,1750000,c-1,,,,,,False,PreferredStockDividendsIncomeStatementImpact,,,2023-06-30
CGBD,2023-08-08,income_statement,income_statement,PreferredStockDividendsIncomeStatementImpact,PreferredStockDividendsIncomeStatementImpact,1750000,c-25,,,,,,False,PreferredStockDividendsIncomeStatementImpact,,,2023-06-30
CGBD,2023-08-08,income_statement,income_statement,IncreaseDecreaseInInterestAndDividendsReceivable,IncreaseDecreaseInInterestAndDividendsReceivable,680000,c-1,,,,,,False,IncreaseDecreaseInInterestAndDividendsReceivable,,,2023-06-30
CGBD,2023-08-08,income_statement,income_statement,IncreaseDecreaseInInterestAndDividendsReceivable,IncreaseDecreaseInInterestAndDividendsReceivable,1911000,c-25,,,,,,False,IncreaseDecreaseInInterestAndDividendsReceivable,,,2023-06-30
CGBD,2023-08-08,income_statement,income_statement,IncomeTaxesPaid,IncomeTaxesPaid,1839000,c-1,,,,,,False,IncomeTaxesPaid,,,2023-06-30
CGBD,2023-08-08,income_statement,income_statement,IncomeTaxesPaid,IncomeTaxesPaid,774000,c-25,,,,,,False,IncomeTaxesPaid,,,2023-06-30
CGBD,2023-08-08,income_statement,income_statement,InterestAndDividendIncomeSecurities,InterestAndDividendIncomeSecurities,5552000,c-231,,,,,,False,InterestAndDividendIncomeSecurities,,,2023-06-30
CGBD,2023-08-08,income_statement,income_statement,InterestAndDividendIncomeSecurities,InterestAndDividendIncomeSecurities,11000000,c-234,,,,,,False,InterestAndDividendIncomeSecurities,,,2023-06-30
CGBD,2023-08-08,income_statement,income_statement,InterestAndDividendIncomeSecurities,InterestAndDividendIncomeSecurities,0,c-237,,,,,,False,InterestAndDividendIncomeSecurities,,,2023-06-30
CGBD,2023-08-08,income_statement,income_statement,InterestAndDividendIncomeSecurities,InterestAndDividendIncomeSecurities,16552000,c-240,,,,,,False,InterestAndDividendIncomeSecurities,,,2023-06-30
CGBD,2023-08-08,income_statement,income_statement,InterestAndDividendIncomeSecurities,InterestAndDividendIncomeSecurities,3231000,c-243,,,,,,False,InterestAndDividendIncomeSecurities,,,2023-06-30
CGBD,2023-08-08,income_statement,income_statement,InterestAndDividendIncomeSecurities,InterestAndDividendIncomeSecurities,182000,c-246,,,,,,False,InterestAndDividendIncomeSecurities,,,2023-06-30
CGBD,2023-08-08,income_statement,income_statement,InterestAndDividendIncomeSecurities,InterestAndDividendIncomeSecurities,0,c-249,,,,,,False,InterestAndDividendIncomeSecurities,,,2023-06-30
CGBD,2023-08-08,income_statement,income_statement,InterestAndDividendIncomeSecurities,InterestAndDividendIncomeSecurities,3413000,c-252,,,,,,False,InterestAndDividendIncomeSecurities,,,2023-06-30
CGBD,2023-08-08,income_statement,income_statement,InterestAndDividendIncomeSecurities,InterestAndDividendIncomeSecurities,10348000,c-638,,,,,,False,InterestAndDividendIncomeSecurities,,,2023-06-30
CGBD,2023-08-08,income_statement,income_statement,InterestAndDividendIncomeSecurities,InterestAndDividendIncomeSecurities,20500000,c-641,,,,,,False,InterestAndDividendIncomeSecurities,,,2023-06-30
CGBD,2023-08-08,income_statement,income_statement,InterestAndDividendIncomeSecurities,InterestAndDividendIncomeSecurities,0,c-644,,,,,,False,InterestAndDividendIncomeSecurities,,,2023-06-30
CGBD,2023-08-08,income_statement,income_statement,InterestAndDividendIncomeSecurities,InterestAndDividendIncomeSecurities,30848000,c-646,,,,,,False,InterestAndDividendIncomeSecurities,,,2023-06-30
CGBD,2023-08-08,income_statement,income_statement,InterestAndDividendIncomeSecurities,InterestAndDividendIncomeSecurities,8000,c-648,,,,,,False,InterestAndDividendIncomeSecurities,,,2023-06-30
CGBD,2023-08-08,income_statement,income_statement,InterestAndDividendIncomeSecurities,InterestAndDividendIncomeSecurities,1031000,c-651,,,,,,False,InterestAndDividendIncomeSecurities,,,2023-06-30
CGBD,2023-08-08,income_statement,income_statement,InterestAndDividendIncomeSecurities,InterestAndDividendIncomeSecurities,2834000,c-654,,,,,,False,InterestAndDividendIncomeSecurities,,,2023-06-30
CGBD,2023-08-08,income_statement,income_statement,InterestAndDividendIncomeSecurities,InterestAndDividendIncomeSecurities,0,c-657,,,,,,False,InterestAndDividendIncomeSecurities,,,2023-06-30
CGBD,2023-08-08,income_statement,income_statement,InterestAndDividendIncomeSecurities,InterestAndDividendIncomeSecurities,3873000,c-660,,,,,,False,InterestAndDividendIncomeSecurities,,,2023-06-30
CGBD,2023-08-08,income_statement,income_statement,InterestAndDividendIncomeSecurities,InterestAndDividendIncomeSecurities,9864000,c-663,,,,,,False,InterestAndDividendIncomeSecurities,,,2023-06-30
CGBD,2023-08-08,income_statement,income_statement,InterestAndDividendIncomeSecurities,InterestAndDividendIncomeSecurities,232000,c-665,,,,,,False,InterestAndDividendIncomeSecurities,,,2023-06-30
CGBD,2023-08-08,income_statement,income_statement,InterestAndDividendIncomeSecurities,InterestAndDividendIncomeSecurities,0,c-667,,,,,,False,InterestAndDividendIncomeSecurities,,,2023-06-30
CGBD,2023-08-08,income_statement,income_statement,InterestAndDividendIncomeSecurities,InterestAndDividendIncomeSecurities,10096000,c-669,,,,,,False,InterestAndDividendIncomeSecurities,,,2023-06-30
CGBD,2023-08-08,income_statement,income_statement,RevenueRecognitionPolicyTextBlock,RevenueRecognitionPolicyTextBlock,"<div style=""margin-top:18pt""><span style=""color:#000000;font-family:'Times New Roman',sans-serif;font-size:10pt;font-style:italic;font-weight:700;line-height:120%"">Revenue Recognition</span></div><div style=""margin-top:6pt""><span style=""color:#000000;font-family:'Times New Roman',sans-serif;font-size:10pt;font-style:italic;font-weight:400;line-height:120%"">Interest from Investments</span></div><div style=""margin-top:6pt;text-indent:36pt""><span style=""color:#000000;font-family:'Times New Roman',sans-serif;font-size:10pt;font-weight:400;line-height:120%"">Interest income is recorded on an accrual basis and includes the accretion of discounts and amortization of premiums. Discounts from and premiums to par value on debt investments purchased are accreted/amortized into interest income over the life of the respective security using the effective interest method. The amortized cost of debt investments represents the original cost, including origination fees and upfront fees received that are deemed to be an adjustment to yield, adjusted for the accretion of discounts and amortization of premiums, if any. </span></div><div style=""margin-top:12pt;text-indent:36pt""><span style=""color:#000000;font-family:'Times New Roman',sans-serif;font-size:10pt;font-weight:400;line-height:120%"">The Company may have loans in its portfolio that contain payment-in-kind (“PIK”) provisions. PIK income represents interest that is accrued and recorded as interest income at the contractual rates, increases the loan principal on the respective capitalization dates, and is generally due at maturity. As of June 30, 2023 and December 31, 2022, the fair value of the loans in the portfolio with PIK provisions was $245,702 and $176,773, respectively, which represents approximately 13.0% and 8.9% of total investments at fair value, respectively. For the three and six months ended June 30, 2023, the Company earned $4,716 and $8,904 in PIK income, respectively. For the three and six months ended June 30, 2022, the Company earned $3,728 and $7,449 in PIK income, respectively. In 2022, the Company began presenting PIK income as a separate financial statement line item in the accompanying Consolidated Statements of Operations, which had previously been included in interest income. Prior periods have been conformed to the current presentation.</span></div><div style=""margin-top:12pt;text-indent:36pt""><span style=""color:#000000;font-family:'Times New Roman',sans-serif;font-size:10pt;font-weight:400;line-height:120%"">In 2022, the Company separately presented interest receivable and dividend receivable on the accompanying Consolidated Statements of Cash Flows. In 2023, the amounts are presented collectively on the Consolidated Statements of Cash Flows. Prior periods have been conformed to the current presentation.</span></div><div style=""margin-top:18pt""><span style=""color:#000000;font-family:'Times New Roman',sans-serif;font-size:10pt;font-style:italic;font-weight:400;line-height:120%"">Dividend Income</span></div><div style=""margin-top:6pt;text-indent:36pt""><span style=""color:#000000;font-family:'Times New Roman',sans-serif;font-size:10pt;font-weight:400;line-height:120%"">Dividend income from the investment funds, Credit Fund and Credit Fund II, and other investments funds, if any, is recorded on the record date for the investment fund to the extent that such amounts are payable by the investment funds and are expected to be collected.</span></div><div style=""margin-top:18pt""><span style=""color:#000000;font-family:'Times New Roman',sans-serif;font-size:10pt;font-style:italic;font-weight:400;line-height:120%"">Other Income</span></div><div style=""margin-top:6pt;text-indent:36pt""><span style=""color:#000000;font-family:'Times New Roman',sans-serif;font-size:10pt;font-weight:400;line-height:120%"">Other income may include income such as consent, waiver, amendment, unused, underwriting, arranger and prepayment fees associated with the Company’s investment activities as well as any fees for managerial assistance services rendered by the Company to the portfolio companies. Such fees are recognized as income when earned or the services are rendered. The Company may receive fees for guaranteeing the outstanding debt of a portfolio company. Such fees are amortized into other income over the life of the guarantee. The unamortized amount, if any, is included in prepaid expenses and other assets in the accompanying Consolidated Statements of Assets and Liabilities. For the three and six months ended June 30, 2023, the Company earned $919 and $1,882, respectively, in other income, primarily from prepayment fees and commitment fees. For the three and six months ended June 30, 2022, the Company earned $1,634 and $3,870, respectively, in other income, primarily from prepayment fees and amendment fees.</span></div><div style=""margin-top:18pt;text-align:justify""><span style=""color:#000000;font-family:'Times New Roman',sans-serif;font-size:10pt;font-style:italic;font-weight:400;line-height:120%"">Non-Accrual Income</span></div>Loans are generally placed on non-accrual status when principal or interest payments are past due or when there is reasonable doubt that principal or interest will be collected in full. Accrued and unpaid interest is generally reversed when a loan is placed on non-accrual status. Interest payments received on non-accrual loans may be recognized as income or applied to principal depending upon management’s judgment regarding collectability. Non-accrual loans are restored to accrual status when past due principal and interest are current or there is no longer any reasonable doubt that such principal or interest will be collected in full and, in management’s judgment, are likely to remain current. Management may determine not to place a loan on non-accrual status if the loan has sufficient collateral value and is in the process of collection.",c-1,,,,,,False,RevenueRecognitionPolicyTextBlock,,,2023-06-30
CGBD,2023-08-08,income_statement,income_statement,InterestIncomeOperatingPaidInKind,InterestIncomeOperatingPaidInKind,4716000,c-23,,,,,,False,InterestIncomeOperatingPaidInKind,,,2023-06-30
CGBD,2023-08-08,income_statement,income_statement,InterestIncomeOperatingPaidInKind,InterestIncomeOperatingPaidInKind,8904000,c-1,,,,,,False,InterestIncomeOperatingPaidInKind,,,2023-06-30
CGBD,2023-08-08,income_statement,income_statement,InterestIncomeOperatingPaidInKind,InterestIncomeOperatingPaidInKind,3728000,c-24,,,,,,False,InterestIncomeOperatingPaidInKind,,,2023-06-30
CGBD,2023-08-08,income_statement,income_statement,InterestIncomeOperatingPaidInKind,InterestIncomeOperatingPaidInKind,7449000,c-25,,,,,,False,InterestIncomeOperatingPaidInKind,,,2023-06-30
CGBD,2023-08-08,income_statement,income_statement,OtherIncome,OtherIncome,919000,c-23,,,,,,False,OtherIncome,,,2023-06-30
CGBD,2023-08-08,income_statement,income_statement,OtherIncome,OtherIncome,1882000,c-1,,,,,,False,OtherIncome,,,2023-06-30
CGBD,2023-08-08,income_statement,income_statement,OtherIncome,OtherIncome,1634000,c-24,,,,,,False,OtherIncome,,,2023-06-30
CGBD,2023-08-08,income_statement,income_statement,OtherIncome,OtherIncome,3870000,c-25,,,,,,False,OtherIncome,,,2023-06-30
CGBD,2023-08-08,income_statement,income_statement,IncomeTaxPolicyTextBlock,IncomeTaxPolicyTextBlock,"<div style=""margin-top:12pt""><span style=""color:#000000;font-family:'Times New Roman',sans-serif;font-size:10pt;font-style:italic;font-weight:700;line-height:120%"">Income Taxes</span></div><div style=""margin-top:6pt;text-indent:36pt""><span style=""color:#000000;font-family:'Times New Roman',sans-serif;font-size:10pt;font-weight:400;line-height:120%"">For federal income tax purposes, the Company has elected to be treated as a RIC under the Code, and intends to make the required distributions to its stockholders as specified therein. In order to qualify as a RIC, the Company must meet certain minimum distribution, source-of-income and asset diversification requirements. If such requirements are met, then the Company is generally required to pay income taxes only on the portion of its taxable income and gains it does not distribute.</span></div><div style=""margin-top:12pt;text-indent:36pt""><span style=""color:#000000;font-family:'Times New Roman',sans-serif;font-size:10pt;font-weight:400;line-height:120%"">The minimum distribution requirements applicable to RICs require the Company to distribute to its stockholders at least 90% of its investment company taxable income (“ICTI”), as defined by the Code, each year. Depending on the level of ICTI earned in a tax year, the Company may choose to carry forward ICTI in excess of current year distributions into the next tax year. Any such carryover ICTI must be distributed before the end of that next tax year through a dividend declared prior to filing the final tax return related to the year which generated such ICTI. For the three and six months ended June 30, 2023, the Company incurred $650 and $1,173 in excise tax expense, respectively. For the three and six months ended June 30, 2022, the Company incurred $176 and $529 in excise tax expense, respectively.</span></div><div style=""margin-top:12pt;text-indent:36pt""><span style=""color:#000000;font-family:'Times New Roman',sans-serif;font-size:10pt;font-weight:400;line-height:120%"">In addition, based on the excise distribution requirements, the Company is subject to a 4% nondeductible federal excise tax on undistributed income unless the Company distributes in a timely manner an amount at least equal to the sum of (1) 98% of its ordinary income for each calendar year, (2) 98.2% of capital gain net income (both long-term and short-term) for the one-year period ending October 31 in that calendar year and (3) any income realized, but not distributed, in the preceding year. For this purpose, however, any ordinary income or capital gain net income retained by the Company that is subject to corporate income tax is considered to have been distributed. The Company intends to make sufficient distributions each taxable year to satisfy the excise distribution requirements as reasonable. </span></div><div style=""margin-top:12pt;text-indent:36pt""><span style=""color:#000000;font-family:'Times New Roman',sans-serif;font-size:10pt;font-weight:400;line-height:120%"">The Company evaluates tax positions taken or expected to be taken in the course of preparing its consolidated financial statements to determine whether the tax positions are “more likely than not” to be sustained by the applicable tax authority. The SPV and the 2015-1 Issuer are disregarded entities for tax purposes and are consolidated with the tax return of the Company. All penalties and interest associated with income taxes, if any, are included in income tax expense.</span></div>",c-1,,,,,,False,IncomeTaxPolicyTextBlock,,,2023-06-30
CGBD,2023-08-08,income_statement,income_statement,ManagementFeeAndIncentiveFeeExpense,ManagementFeeAndIncentiveFeeExpense,12778000,c-23,,,,,,False,ManagementFeeAndIncentiveFeeExpense,,,2023-06-30
CGBD,2023-08-08,income_statement,income_statement,ManagementFeeAndIncentiveFeeExpense,ManagementFeeAndIncentiveFeeExpense,11571000,c-24,,,,,,False,ManagementFeeAndIncentiveFeeExpense,,,2023-06-30
CGBD,2023-08-08,income_statement,income_statement,ManagementFeeAndIncentiveFeeExpense,ManagementFeeAndIncentiveFeeExpense,25486000,c-1,,,,,,False,ManagementFeeAndIncentiveFeeExpense,,,2023-06-30
CGBD,2023-08-08,income_statement,income_statement,ManagementFeeAndIncentiveFeeExpense,ManagementFeeAndIncentiveFeeExpense,23849000,c-25,,,,,,False,ManagementFeeAndIncentiveFeeExpense,,,2023-06-30
CGBD,2023-08-08,income_statement,income_statement,IncentiveFeeExpense,IncentiveFeeExpense,0,c-1152,,,,,,False,IncentiveFeeExpense,,,2023-06-30
CGBD,2023-08-08,income_statement,income_statement,IncentiveFeeExpense,IncentiveFeeExpense,0,c-1153,,,,,,False,IncentiveFeeExpense,,,2023-06-30
CGBD,2023-08-08,income_statement,income_statement,IncentiveFeeExpense,IncentiveFeeExpense,0,c-1154,,,,,,False,IncentiveFeeExpense,,,2023-06-30
CGBD,2023-08-08,income_statement,income_statement,IncentiveFeeExpense,IncentiveFeeExpense,0,c-1155,,,,,,False,IncentiveFeeExpense,,,2023-06-30
CGBD,2023-08-08,income_statement,income_statement,AdministrativeFeesExpense,AdministrativeFeesExpense,469000,c-1157,,,,,,False,AdministrativeFeesExpense,,,2023-06-30
CGBD,2023-08-08,income_statement,income_statement,AdministrativeFeesExpense,AdministrativeFeesExpense,461000,c-1158,,,,,,False,AdministrativeFeesExpense,,,2023-06-30
CGBD,2023-08-08,income_statement,income_statement,AdministrativeFeesExpense,AdministrativeFeesExpense,497000,c-1159,,,,,,False,AdministrativeFeesExpense,,,2023-06-30
CGBD,2023-08-08,income_statement,income_statement,AdministrativeFeesExpense,AdministrativeFeesExpense,867000,c-1160,,,,,,False,AdministrativeFeesExpense,,,2023-06-30
CGBD,2023-08-08,income_statement,income_statement,OtherGeneralAndAdministrativeExpense,OtherGeneralAndAdministrativeExpense,171000,c-1157,,,,,,False,OtherGeneralAndAdministrativeExpense,,,2023-06-30
CGBD,2023-08-08,income_statement,income_statement,OtherGeneralAndAdministrativeExpense,OtherGeneralAndAdministrativeExpense,174000,c-1158,,,,,,False,OtherGeneralAndAdministrativeExpense,,,2023-06-30
CGBD,2023-08-08,income_statement,income_statement,OtherGeneralAndAdministrativeExpense,OtherGeneralAndAdministrativeExpense,329000,c-1159,,,,,,False,OtherGeneralAndAdministrativeExpense,,,2023-06-30
CGBD,2023-08-08,income_statement,income_statement,OtherGeneralAndAdministrativeExpense,OtherGeneralAndAdministrativeExpense,349000,c-1160,,,,,,False,OtherGeneralAndAdministrativeExpense,,,2023-06-30
CGBD,2023-08-08,income_statement,income_statement,NoninterestExpenseDirectorsFees,NoninterestExpenseDirectorsFees,107000,c-1165,,,,,,False,NoninterestExpenseDirectorsFees,,,2023-06-30
CGBD,2023-08-08,income_statement,income_statement,NoninterestExpenseDirectorsFees,NoninterestExpenseDirectorsFees,186000,c-1166,,,,,,False,NoninterestExpenseDirectorsFees,,,2023-06-30
CGBD,2023-08-08,income_statement,income_statement,NoninterestExpenseDirectorsFees,NoninterestExpenseDirectorsFees,230000,c-1164,,,,,,False,NoninterestExpenseDirectorsFees,,,2023-06-30
CGBD,2023-08-08,income_statement,income_statement,NoninterestExpenseDirectorsFees,NoninterestExpenseDirectorsFees,346000,c-1167,,,,,,False,NoninterestExpenseDirectorsFees,,,2023-06-30
CGBD,2023-08-08,income_statement,income_statement,GrossInvestmentIncomeOperating,GrossInvestmentIncomeOperating,22491000,c-1199,,,,,,False,GrossInvestmentIncomeOperating,,,2023-06-30
CGBD,2023-08-08,income_statement,income_statement,GrossInvestmentIncomeOperating,GrossInvestmentIncomeOperating,14807000,c-1200,,,,,,False,GrossInvestmentIncomeOperating,,,2023-06-30
CGBD,2023-08-08,income_statement,income_statement,GrossInvestmentIncomeOperating,GrossInvestmentIncomeOperating,45445000,c-1201,,,,,,False,GrossInvestmentIncomeOperating,,,2023-06-30
CGBD,2023-08-08,income_statement,income_statement,GrossInvestmentIncomeOperating,GrossInvestmentIncomeOperating,29486000,c-1202,,,,,,False,GrossInvestmentIncomeOperating,,,2023-06-30
CGBD,2023-08-08,income_statement,income_statement,OtherExpenses,OtherExpenses,548000,c-1199,,,,,,False,OtherExpenses,,,2023-06-30
CGBD,2023-08-08,income_statement,income_statement,OtherExpenses,OtherExpenses,600000,c-1200,,,,,,False,OtherExpenses,,,2023-06-30
CGBD,2023-08-08,income_statement,income_statement,OtherExpenses,OtherExpenses,1001000,c-1201,,,,,,False,OtherExpenses,,,2023-06-30
CGBD,2023-08-08,income_statement,income_statement,OtherExpenses,OtherExpenses,1097000,c-1202,,,,,,False,OtherExpenses,,,2023-06-30
CGBD,2023-08-08,income_statement,income_statement,InvestmentIncomeInvestmentExpense,InvestmentIncomeInvestmentExpense,10988000,c-1199,,,,,,False,InvestmentIncomeInvestmentExpense,,,2023-06-30
CGBD,2023-08-08,income_statement,income_statement,InvestmentIncomeInvestmentExpense,InvestmentIncomeInvestmentExpense,5679000,c-1200,,,,,,False,InvestmentIncomeInvestmentExpense,,,2023-06-30
CGBD,2023-08-08,income_statement,income_statement,InvestmentIncomeInvestmentExpense,InvestmentIncomeInvestmentExpense,21713000,c-1201,,,,,,False,InvestmentIncomeInvestmentExpense,,,2023-06-30
CGBD,2023-08-08,income_statement,income_statement,InvestmentIncomeInvestmentExpense,InvestmentIncomeInvestmentExpense,10222000,c-1202,,,,,,False,InvestmentIncomeInvestmentExpense,,,2023-06-30
CGBD,2023-08-08,income_statement,income_statement,InvestmentIncomeOperatingAfterExpenseAndTax,InvestmentIncomeOperatingAfterExpenseAndTax,11503000,c-1199,,,,,,False,InvestmentIncomeOperatingAfterExpenseAndTax,,,2023-06-30
CGBD,2023-08-08,income_statement,income_statement,InvestmentIncomeOperatingAfterExpenseAndTax,InvestmentIncomeOperatingAfterExpenseAndTax,9128000,c-1200,,,,,,False,InvestmentIncomeOperatingAfterExpenseAndTax,,,2023-06-30
CGBD,2023-08-08,income_statement,income_statement,InvestmentIncomeOperatingAfterExpenseAndTax,InvestmentIncomeOperatingAfterExpenseAndTax,23732000,c-1201,,,,,,False,InvestmentIncomeOperatingAfterExpenseAndTax,,,2023-06-30
CGBD,2023-08-08,income_statement,income_statement,InvestmentIncomeOperatingAfterExpenseAndTax,InvestmentIncomeOperatingAfterExpenseAndTax,19264000,c-1202,,,,,,False,InvestmentIncomeOperatingAfterExpenseAndTax,,,2023-06-30
CGBD,2023-08-08,income_statement,income_statement,NetIncomeLoss,NetIncomeLoss,2420000,c-1199,,,,,,False,NetIncomeLoss,,net_income,2023-06-30
CGBD,2023-08-08,income_statement,income_statement,NetIncomeLoss,NetIncomeLoss,-8041000,c-1200,,,,,,False,NetIncomeLoss,,net_income,2023-06-30
CGBD,2023-08-08,income_statement,income_statement,NetIncomeLoss,NetIncomeLoss,9541000,c-1201,,,,,,False,NetIncomeLoss,,net_income,2023-06-30
CGBD,2023-08-08,income_statement,income_statement,NetIncomeLoss,NetIncomeLoss,-7774000,c-1202,,,,,,False,NetIncomeLoss,,net_income,2023-06-30
CGBD,2023-08-08,income_statement,income_statement,GrossInvestmentIncomeOperating,GrossInvestmentIncomeOperating,6933000,c-1401,,,,,,False,GrossInvestmentIncomeOperating,,,2023-06-30
CGBD,2023-08-08,income_statement,income_statement,GrossInvestmentIncomeOperating,GrossInvestmentIncomeOperating,4594000,c-1402,,,,,,False,GrossInvestmentIncomeOperating,,,2023-06-30
CGBD,2023-08-08,income_statement,income_statement,GrossInvestmentIncomeOperating,GrossInvestmentIncomeOperating,13540000,c-1403,,,,,,False,GrossInvestmentIncomeOperating,,,2023-06-30
CGBD,2023-08-08,income_statement,income_statement,GrossInvestmentIncomeOperating,GrossInvestmentIncomeOperating,9080000,c-1404,,,,,,False,GrossInvestmentIncomeOperating,,,2023-06-30
CGBD,2023-08-08,income_statement,income_statement,OtherExpenses,OtherExpenses,192000,c-1401,,,,,,False,OtherExpenses,,,2023-06-30
CGBD,2023-08-08,income_statement,income_statement,OtherExpenses,OtherExpenses,160000,c-1402,,,,,,False,OtherExpenses,,,2023-06-30
CGBD,2023-08-08,income_statement,income_statement,OtherExpenses,OtherExpenses,467000,c-1403,,,,,,False,OtherExpenses,,,2023-06-30
CGBD,2023-08-08,income_statement,income_statement,OtherExpenses,OtherExpenses,346000,c-1404,,,,,,False,OtherExpenses,,,2023-06-30
CGBD,2023-08-08,income_statement,income_statement,InvestmentIncomeInvestmentExpense,InvestmentIncomeInvestmentExpense,3331000,c-1401,,,,,,False,InvestmentIncomeInvestmentExpense,,,2023-06-30
CGBD,2023-08-08,income_statement,income_statement,InvestmentIncomeInvestmentExpense,InvestmentIncomeInvestmentExpense,1621000,c-1402,,,,,,False,InvestmentIncomeInvestmentExpense,,,2023-06-30
CGBD,2023-08-08,income_statement,income_statement,InvestmentIncomeInvestmentExpense,InvestmentIncomeInvestmentExpense,6550000,c-1403,,,,,,False,InvestmentIncomeInvestmentExpense,,,2023-06-30
CGBD,2023-08-08,income_statement,income_statement,InvestmentIncomeInvestmentExpense,InvestmentIncomeInvestmentExpense,3026000,c-1404,,,,,,False,InvestmentIncomeInvestmentExpense,,,2023-06-30
CGBD,2023-08-08,income_statement,income_statement,InvestmentIncomeOperatingAfterExpenseAndTax,InvestmentIncomeOperatingAfterExpenseAndTax,3602000,c-1401,,,,,,False,InvestmentIncomeOperatingAfterExpenseAndTax,,,2023-06-30
CGBD,2023-08-08,income_statement,income_statement,InvestmentIncomeOperatingAfterExpenseAndTax,InvestmentIncomeOperatingAfterExpenseAndTax,2973000,c-1402,,,,,,False,InvestmentIncomeOperatingAfterExpenseAndTax,,,2023-06-30
CGBD,2023-08-08,income_statement,income_statement,InvestmentIncomeOperatingAfterExpenseAndTax,InvestmentIncomeOperatingAfterExpenseAndTax,6990000,c-1403,,,,,,False,InvestmentIncomeOperatingAfterExpenseAndTax,,,2023-06-30
CGBD,2023-08-08,income_statement,income_statement,InvestmentIncomeOperatingAfterExpenseAndTax,InvestmentIncomeOperatingAfterExpenseAndTax,6054000,c-1404,,,,,,False,InvestmentIncomeOperatingAfterExpenseAndTax,,,2023-06-30
CGBD,2023-08-08,income_statement,income_statement,NetIncomeLoss,NetIncomeLoss,-1929000,c-1401,,,,,,False,NetIncomeLoss,,net_income,2023-06-30
CGBD,2023-08-08,income_statement,income_statement,NetIncomeLoss,NetIncomeLoss,1802000,c-1402,,,,,,False,NetIncomeLoss,,net_income,2023-06-30
CGBD,2023-08-08,income_statement,income_statement,NetIncomeLoss,NetIncomeLoss,-621000,c-1403,,,,,,False,NetIncomeLoss,,net_income,2023-06-30
CGBD,2023-08-08,income_statement,income_statement,NetIncomeLoss,NetIncomeLoss,3454000,c-1404,,,,,,False,NetIncomeLoss,,net_income,2023-06-30
CGBD,2023-08-08,income_statement,income_statement,InvestmentIncomeOperatingAfterExpenseAndTax,InvestmentIncomeOperatingAfterExpenseAndTax,27175000,c-1577,,,,,,False,InvestmentIncomeOperatingAfterExpenseAndTax,,,2023-06-30
CGBD,2023-08-08,income_statement,income_statement,InvestmentIncomeOperatingAfterExpenseAndTax,InvestmentIncomeOperatingAfterExpenseAndTax,53745000,c-1595,,,,,,False,InvestmentIncomeOperatingAfterExpenseAndTax,,,2023-06-30
CGBD,2023-08-08,income_statement,income_statement,InvestmentIncomeOperatingAfterExpenseAndTax,InvestmentIncomeOperatingAfterExpenseAndTax,21870000,c-1607,,,,,,False,InvestmentIncomeOperatingAfterExpenseAndTax,,,2023-06-30
CGBD,2023-08-08,income_statement,income_statement,InvestmentIncomeOperatingAfterExpenseAndTax,InvestmentIncomeOperatingAfterExpenseAndTax,47389000,c-1626,,,,,,False,InvestmentIncomeOperatingAfterExpenseAndTax,,,2023-06-30
CGBD,2023-08-08,income_statement,income_statement,InvestmentCompanyInvestmentIncomeLossPerShare,InvestmentCompanyInvestmentIncomeLossPerShare,1.02,c-1,,,,,,False,InvestmentCompanyInvestmentIncomeLossPerShare,,,2023-06-30
CGBD,2023-08-08,income_statement,income_statement,InvestmentCompanyInvestmentIncomeLossPerShare,InvestmentCompanyInvestmentIncomeLossPerShare,0.87,c-25,,,,,,False,InvestmentCompanyInvestmentIncomeLossPerShare,,,2023-06-30
CGBD,2023-08-08,income_statement,income_statement,InvestmentCompanyInvestmentIncomeLossFromOperationsPerShare,InvestmentCompanyInvestmentIncomeLossFromOperationsPerShare,0.61,c-1,,,,,,False,InvestmentCompanyInvestmentIncomeLossFromOperationsPerShare,,,2023-06-30
CGBD,2023-08-08,income_statement,income_statement,InvestmentCompanyInvestmentIncomeLossFromOperationsPerShare,InvestmentCompanyInvestmentIncomeLossFromOperationsPerShare,0.64,c-25,,,,,,False,InvestmentCompanyInvestmentIncomeLossFromOperationsPerShare,,,2023-06-30
CGBD,2023-08-08,income_statement,income_statement,InvestmentCompanyExpenseRatioExcludingIncentiveFee,InvestmentCompanyExpenseRatioExcludingIncentiveFee,0.0622,c-1,,,,,,False,InvestmentCompanyExpenseRatioExcludingIncentiveFee,,,2023-06-30
CGBD,2023-08-08,income_statement,income_statement,InvestmentCompanyExpenseRatioExcludingIncentiveFee,InvestmentCompanyExpenseRatioExcludingIncentiveFee,0.0392,c-25,,,,,,False,InvestmentCompanyExpenseRatioExcludingIncentiveFee,,,2023-06-30
CGBD,2023-08-08,income_statement,income_statement,InvestmentCompanyExpenseRatioIncludingIncentiveFee,InvestmentCompanyExpenseRatioIncludingIncentiveFee,0.0751,c-1,,,,,,False,InvestmentCompanyExpenseRatioIncludingIncentiveFee,,,2023-06-30
CGBD,2023-08-08,income_statement,income_statement,InvestmentCompanyExpenseRatioIncludingIncentiveFee,InvestmentCompanyExpenseRatioIncludingIncentiveFee,0.0501,c-25,,,,,,False,InvestmentCompanyExpenseRatioIncludingIncentiveFee,,,2023-06-30
CGBD,2023-08-08,income_statement,income_statement,InvestmentCompanyInvestmentIncomeLossRatio,InvestmentCompanyInvestmentIncomeLossRatio,0.0624,c-1,,,,,,False,InvestmentCompanyInvestmentIncomeLossRatio,,,2023-06-30
CGBD,2023-08-08,income_statement,income_statement,InvestmentCompanyInvestmentIncomeLossRatio,InvestmentCompanyInvestmentIncomeLossRatio,0.0531,c-25,,,,,,False,InvestmentCompanyInvestmentIncomeLossRatio,,,2023-06-30
CGBD,2023-08-08,income_statement,income_statement,InvestmentCompanyInterestExpenseRatioIncludingLineOfCreditFacilityCommitmentFee,InvestmentCompanyInterestExpenseRatioIncludingLineOfCreditFacilityCommitmentFee,0.0408,c-1,,,,,,False,InvestmentCompanyInterestExpenseRatioIncludingLineOfCreditFacilityCommitmentFee,,,2023-06-30
CGBD,2023-08-08,income_statement,income_statement,InvestmentCompanyInterestExpenseRatioIncludingLineOfCreditFacilityCommitmentFee,InvestmentCompanyInterestExpenseRatioIncludingLineOfCreditFacilityCommitmentFee,0.0188,c-25,,,,,,False,InvestmentCompanyInterestExpenseRatioIncludingLineOfCreditFacilityCommitmentFee,,,2023-06-30
CGBD,2023-08-08,income_statement,income_statement,IncomeTaxDisclosureTextBlock,IncomeTaxDisclosureTextBlock,"TAX<div style=""margin-top:6pt;text-indent:36pt""><span style=""color:#000000;font-family:'Times New Roman',sans-serif;font-size:10pt;font-weight:400;line-height:120%"">The Company has not recorded a liability for any uncertain tax positions pursuant to the provisions of ASC 740, </span><span style=""color:#000000;font-family:'Times New Roman',sans-serif;font-size:10pt;font-style:italic;font-weight:400;line-height:120%"">Income Taxes,</span><span style=""color:#000000;font-family:'Times New Roman',sans-serif;font-size:10pt;font-weight:400;line-height:120%""> as of June 30, 2023 and December 31, 2022.</span></div><div style=""margin-top:12pt;text-indent:36pt""><span style=""color:#000000;font-family:'Times New Roman',sans-serif;font-size:10pt;font-weight:400;line-height:120%"">In the normal course of business, the Company is subject to examination by federal and certain state, local and foreign tax regulators. As of June 30, 2023 and December 31, 2022, the Company had filed tax returns and therefore is subject to examination.</span></div><div style=""margin-top:12pt;text-indent:36pt""><span style=""color:#000000;font-family:'Times New Roman',sans-serif;font-size:10pt;font-weight:400;line-height:120%"">The Company’s taxable income for each period is an estimate and will not be finally determined until the Company files its tax return for each year. Therefore, the final taxable income, and the taxable income earned in each period and carried forward for distribution in the following period, may be different than this estimate. The estimated tax character of dividends declared on preferred stock and common stock for six months ended June 30, 2023 and 2022 was as follows:</span></div><div style=""margin-bottom:1pt;margin-top:6pt""><table style=""border-collapse:collapse;display:inline-table;margin-bottom:5pt;vertical-align:text-bottom;width:99.707%""><tr><td style=""width:1.0%""></td><td style=""width:68.548%""></td><td style=""width:0.1%""></td><td style=""width:1.0%""></td><td style=""width:13.709%""></td><td style=""width:0.1%""></td><td style=""width:0.1%""></td><td style=""width:0.533%""></td><td style=""width:0.1%""></td><td style=""width:1.0%""></td><td style=""width:13.710%""></td><td style=""width:0.1%""></td></tr><tr><td colspan=""3"" style=""padding:2px 1pt;text-align:left;vertical-align:bottom""><span style=""color:#000000;font-family:'Times New Roman',sans-serif;font-size:9pt;font-weight:400;line-height:100%""> </span></td><td colspan=""9"" style=""padding:2px 1pt;text-align:center;vertical-align:bottom""><span style=""color:#000000;font-family:'Times New Roman',sans-serif;font-size:9pt;font-weight:700;line-height:100%"">Six months ended June 30,</span></td></tr><tr><td colspan=""3"" style=""padding:2px 1pt;text-align:left;vertical-align:bottom""><span style=""color:#000000;font-family:'Times New Roman',sans-serif;font-size:9pt;font-weight:400;line-height:100%""> </span></td><td colspan=""3"" style=""border-top:1pt solid #000000;padding:2px 1pt;text-align:center;vertical-align:bottom""><span style=""color:#000000;font-family:'Times New Roman',sans-serif;font-size:9pt;font-weight:700;line-height:100%"">2023</span></td><td colspan=""3"" style=""border-top:1pt solid #000000;padding:0 1pt""></td><td colspan=""3"" style=""border-top:1pt solid #000000;padding:2px 1pt;text-align:center;vertical-align:bottom""><span style=""color:#000000;font-family:'Times New Roman',sans-serif;font-size:9pt;font-weight:700;line-height:100%"">2022</span></td></tr><tr><td colspan=""3"" style=""background-color:#cceeff;padding:2px 1pt;text-align:left;vertical-align:top""><span style=""color:#000000;font-family:'Times New Roman',sans-serif;font-size:9pt;font-weight:400;line-height:100%"">Ordinary income</span></td><td style=""background-color:#cceeff;border-top:1pt solid #000000;padding:2px 0 2px 1pt;text-align:left;vertical-align:bottom""><span style=""color:#000000;font-family:'Times New Roman',sans-serif;font-size:9pt;font-weight:400;line-height:100%"">$</span></td><td style=""background-color:#cceeff;border-top:1pt solid #000000;padding:2px 0;text-align:right;vertical-align:bottom""><span style=""color:#000000;font-family:'Times New Roman',sans-serif;font-size:9pt;font-weight:400;line-height:100%"">46,449 </span></td><td style=""background-color:#cceeff;border-top:1pt solid #000000;padding:2px 1pt 2px 0;text-align:right;vertical-align:bottom""></td><td colspan=""3"" style=""background-color:#cceeff;padding:0 1pt""></td><td style=""background-color:#cceeff;border-top:1pt solid #000000;padding:2px 0 2px 1pt;text-align:left;vertical-align:bottom""><span style=""color:#000000;font-family:'Times New Roman',sans-serif;font-size:9pt;font-weight:400;line-height:100%"">$</span></td><td style=""background-color:#cceeff;border-top:1pt solid #000000;padding:2px 0;text-align:right;vertical-align:bottom""><span style=""color:#000000;font-family:'Times New Roman',sans-serif;font-size:9pt;font-weight:400;line-height:100%"">43,683 </span></td><td style=""background-color:#cceeff;border-top:1pt solid #000000;padding:2px 1pt 2px 0;text-align:right;vertical-align:bottom""></td></tr><tr><td colspan=""3"" style=""background-color:#ffffff;padding:2px 1pt;text-align:left;vertical-align:top""><span style=""color:#000000;font-family:'Times New Roman',sans-serif;font-size:9pt;font-weight:400;line-height:100%"">Tax return of capital</span></td><td style=""background-color:#ffffff;padding:2px 0 2px 1pt;text-align:left;vertical-align:bottom""><span style=""color:#000000;font-family:'Times New Roman',sans-serif;font-size:9pt;font-weight:400;line-height:100%"">$</span></td><td style=""background-color:#ffffff;padding:2px 0;text-align:right;vertical-align:bottom""><span style=""color:#000000;font-family:'Times New Roman',sans-serif;font-size:9pt;font-weight:400;line-height:100%"">— </span></td><td style=""background-color:#ffffff;padding:2px 1pt 2px 0;text-align:right;vertical-align:bottom""></td><td colspan=""3"" style=""background-color:#ffffff;padding:0 1pt""></td><td style=""background-color:#ffffff;padding:2px 0 2px 1pt;text-align:left;vertical-align:bottom""><span style=""color:#000000;font-family:'Times New Roman',sans-serif;font-size:9pt;font-weight:400;line-height:100%"">$</span></td><td style=""background-color:#ffffff;padding:2px 0;text-align:right;vertical-align:bottom""><span style=""color:#000000;font-family:'Times New Roman',sans-serif;font-size:9pt;font-weight:400;line-height:100%"">— </span></td><td style=""background-color:#ffffff;padding:2px 1pt 2px 0;text-align:right;vertical-align:bottom""></td></tr></table></div>",c-1,,,,,,False,IncomeTaxDisclosureTextBlock,,,2023-06-30
CGBD,2023-11-07,income_statement,income_statement,InterestIncomeOperatingPaidInCash,InterestIncomeOperatingPaidInCash,45074000,c-11,,,,,,False,InterestIncomeOperatingPaidInCash,,,2023-09-30
CGBD,2023-11-07,income_statement,income_statement,InterestIncomeOperatingPaidInCash,InterestIncomeOperatingPaidInCash,36245000,c-12,,,,,,False,InterestIncomeOperatingPaidInCash,,,2023-09-30
CGBD,2023-11-07,income_statement,income_statement,InterestIncomeOperatingPaidInCash,InterestIncomeOperatingPaidInCash,132988000,c-13,,,,,,False,InterestIncomeOperatingPaidInCash,,,2023-09-30
CGBD,2023-11-07,income_statement,income_statement,InterestIncomeOperatingPaidInCash,InterestIncomeOperatingPaidInCash,97986000,c-14,,,,,,False,InterestIncomeOperatingPaidInCash,,,2023-09-30
CGBD,2023-11-07,income_statement,income_statement,InterestIncomeOperatingPaidInKind,InterestIncomeOperatingPaidInKind,5192000,c-11,,,,,,False,InterestIncomeOperatingPaidInKind,,,2023-09-30
CGBD,2023-11-07,income_statement,income_statement,InterestIncomeOperatingPaidInKind,InterestIncomeOperatingPaidInKind,4337000,c-12,,,,,,False,InterestIncomeOperatingPaidInKind,,,2023-09-30
CGBD,2023-11-07,income_statement,income_statement,InterestIncomeOperatingPaidInKind,InterestIncomeOperatingPaidInKind,13875000,c-13,,,,,,False,InterestIncomeOperatingPaidInKind,,,2023-09-30
CGBD,2023-11-07,income_statement,income_statement,InterestIncomeOperatingPaidInKind,InterestIncomeOperatingPaidInKind,11786000,c-14,,,,,,False,InterestIncomeOperatingPaidInKind,,,2023-09-30
CGBD,2023-11-07,income_statement,income_statement,OtherIncome,OtherIncome,766000,c-11,,,,,,False,OtherIncome,,,2023-09-30
CGBD,2023-11-07,income_statement,income_statement,OtherIncome,OtherIncome,2971000,c-12,,,,,,False,OtherIncome,,,2023-09-30
CGBD,2023-11-07,income_statement,income_statement,OtherIncome,OtherIncome,2644000,c-13,,,,,,False,OtherIncome,,,2023-09-30
CGBD,2023-11-07,income_statement,income_statement,OtherIncome,OtherIncome,6565000,c-14,,,,,,False,OtherIncome,,,2023-09-30
CGBD,2023-11-07,income_statement,income_statement,GrossInvestmentIncomeOperating,GrossInvestmentIncomeOperating,51032000,c-11,,,,,,False,GrossInvestmentIncomeOperating,,,2023-09-30
CGBD,2023-11-07,income_statement,income_statement,GrossInvestmentIncomeOperating,GrossInvestmentIncomeOperating,43553000,c-12,,,,,,False,GrossInvestmentIncomeOperating,,,2023-09-30
CGBD,2023-11-07,income_statement,income_statement,GrossInvestmentIncomeOperating,GrossInvestmentIncomeOperating,149507000,c-13,,,,,,False,GrossInvestmentIncomeOperating,,,2023-09-30
CGBD,2023-11-07,income_statement,income_statement,GrossInvestmentIncomeOperating,GrossInvestmentIncomeOperating,116337000,c-14,,,,,,False,GrossInvestmentIncomeOperating,,,2023-09-30
CGBD,2023-11-07,income_statement,income_statement,InterestIncomeOperatingPaidInCash,InterestIncomeOperatingPaidInCash,966000,c-15,,,,,,False,InterestIncomeOperatingPaidInCash,,,2023-09-30
CGBD,2023-11-07,income_statement,income_statement,InterestIncomeOperatingPaidInCash,InterestIncomeOperatingPaidInCash,1254000,c-16,,,,,,False,InterestIncomeOperatingPaidInCash,,,2023-09-30
CGBD,2023-11-07,income_statement,income_statement,InterestIncomeOperatingPaidInCash,InterestIncomeOperatingPaidInCash,4154000,c-17,,,,,,False,InterestIncomeOperatingPaidInCash,,,2023-09-30
CGBD,2023-11-07,income_statement,income_statement,InterestIncomeOperatingPaidInCash,InterestIncomeOperatingPaidInCash,1350000,c-18,,,,,,False,InterestIncomeOperatingPaidInCash,,,2023-09-30
CGBD,2023-11-07,income_statement,income_statement,InterestIncomeOperatingPaidInKind,InterestIncomeOperatingPaidInKind,225000,c-15,,,,,,False,InterestIncomeOperatingPaidInKind,,,2023-09-30
CGBD,2023-11-07,income_statement,income_statement,InterestIncomeOperatingPaidInKind,InterestIncomeOperatingPaidInKind,6809000,c-16,,,,,,False,InterestIncomeOperatingPaidInKind,,,2023-09-30
CGBD,2023-11-07,income_statement,income_statement,InterestIncomeOperatingPaidInKind,InterestIncomeOperatingPaidInKind,446000,c-17,,,,,,False,InterestIncomeOperatingPaidInKind,,,2023-09-30
CGBD,2023-11-07,income_statement,income_statement,InterestIncomeOperatingPaidInKind,InterestIncomeOperatingPaidInKind,6809000,c-18,,,,,,False,InterestIncomeOperatingPaidInKind,,,2023-09-30
CGBD,2023-11-07,income_statement,income_statement,OtherIncome,OtherIncome,2000,c-15,,,,,,False,OtherIncome,,,2023-09-30
CGBD,2023-11-07,income_statement,income_statement,OtherIncome,OtherIncome,3000,c-16,,,,,,False,OtherIncome,,,2023-09-30
CGBD,2023-11-07,income_statement,income_statement,OtherIncome,OtherIncome,6000,c-17,,,,,,False,OtherIncome,,,2023-09-30
CGBD,2023-11-07,income_statement,income_statement,OtherIncome,OtherIncome,7000,c-18,,,,,,False,OtherIncome,,,2023-09-30
CGBD,2023-11-07,income_statement,income_statement,GrossInvestmentIncomeOperating,GrossInvestmentIncomeOperating,1193000,c-15,,,,,,False,GrossInvestmentIncomeOperating,,,2023-09-30
CGBD,2023-11-07,income_statement,income_statement,GrossInvestmentIncomeOperating,GrossInvestmentIncomeOperating,8066000,c-16,,,,,,False,GrossInvestmentIncomeOperating,,,2023-09-30
CGBD,2023-11-07,income_statement,income_statement,GrossInvestmentIncomeOperating,GrossInvestmentIncomeOperating,4606000,c-17,,,,,,False,GrossInvestmentIncomeOperating,,,2023-09-30
CGBD,2023-11-07,income_statement,income_statement,GrossInvestmentIncomeOperating,GrossInvestmentIncomeOperating,8166000,c-18,,,,,,False,GrossInvestmentIncomeOperating,,,2023-09-30
CGBD,2023-11-07,income_statement,income_statement,InterestIncomeOperatingPaidInCash,InterestIncomeOperatingPaidInCash,0,c-19,,,,,,False,InterestIncomeOperatingPaidInCash,,,2023-09-30
CGBD,2023-11-07,income_statement,income_statement,InterestIncomeOperatingPaidInCash,InterestIncomeOperatingPaidInCash,0,c-20,,,,,,False,InterestIncomeOperatingPaidInCash,,,2023-09-30
CGBD,2023-11-07,income_statement,income_statement,InterestIncomeOperatingPaidInCash,InterestIncomeOperatingPaidInCash,0,c-21,,,,,,False,InterestIncomeOperatingPaidInCash,,,2023-09-30
CGBD,2023-11-07,income_statement,income_statement,InterestIncomeOperatingPaidInCash,InterestIncomeOperatingPaidInCash,3873000,c-22,,,,,,False,InterestIncomeOperatingPaidInCash,,,2023-09-30
CGBD,2023-11-07,income_statement,income_statement,DividendIncomeOperating,DividendIncomeOperating,8276000,c-19,,,,,,False,DividendIncomeOperating,,,2023-09-30
CGBD,2023-11-07,income_statement,income_statement,DividendIncomeOperating,DividendIncomeOperating,7524000,c-20,,,,,,False,DividendIncomeOperating,,,2023-09-30
CGBD,2023-11-07,income_statement,income_statement,DividendIncomeOperating,DividendIncomeOperating,24828000,c-21,,,,,,False,DividendIncomeOperating,,,2023-09-30
CGBD,2023-11-07,income_statement,income_statement,DividendIncomeOperating,DividendIncomeOperating,22572000,c-22,,,,,,False,DividendIncomeOperating,,,2023-09-30
CGBD,2023-11-07,income_statement,income_statement,OtherIncome,OtherIncome,0,c-19,,,,,,False,OtherIncome,,,2023-09-30
CGBD,2023-11-07,income_statement,income_statement,OtherIncome,OtherIncome,0,c-20,,,,,,False,OtherIncome,,,2023-09-30
CGBD,2023-11-07,income_statement,income_statement,OtherIncome,OtherIncome,0,c-21,,,,,,False,OtherIncome,,,2023-09-30
CGBD,2023-11-07,income_statement,income_statement,OtherIncome,OtherIncome,272000,c-22,,,,,,False,OtherIncome,,,2023-09-30
CGBD,2023-11-07,income_statement,income_statement,GrossInvestmentIncomeOperating,GrossInvestmentIncomeOperating,8276000,c-19,,,,,,False,GrossInvestmentIncomeOperating,,,2023-09-30
CGBD,2023-11-07,income_statement,income_statement,GrossInvestmentIncomeOperating,GrossInvestmentIncomeOperating,7524000,c-20,,,,,,False,GrossInvestmentIncomeOperating,,,2023-09-30
CGBD,2023-11-07,income_statement,income_statement,GrossInvestmentIncomeOperating,GrossInvestmentIncomeOperating,24828000,c-21,,,,,,False,GrossInvestmentIncomeOperating,,,2023-09-30
CGBD,2023-11-07,income_statement,income_statement,GrossInvestmentIncomeOperating,GrossInvestmentIncomeOperating,26717000,c-22,,,,,,False,GrossInvestmentIncomeOperating,,,2023-09-30
CGBD,2023-11-07,income_statement,income_statement,GrossInvestmentIncomeOperating,GrossInvestmentIncomeOperating,60501000,c-23,,,,,,False,GrossInvestmentIncomeOperating,,,2023-09-30
CGBD,2023-11-07,income_statement,income_statement,GrossInvestmentIncomeOperating,GrossInvestmentIncomeOperating,59143000,c-24,,,,,,False,GrossInvestmentIncomeOperating,,,2023-09-30
CGBD,2023-11-07,income_statement,income_statement,GrossInvestmentIncomeOperating,GrossInvestmentIncomeOperating,178941000,c-1,,,,,,False,GrossInvestmentIncomeOperating,,,2023-09-30
CGBD,2023-11-07,income_statement,income_statement,GrossInvestmentIncomeOperating,GrossInvestmentIncomeOperating,151220000,c-25,,,,,,False,GrossInvestmentIncomeOperating,,,2023-09-30
CGBD,2023-11-07,income_statement,income_statement,ManagementFeeExpense,ManagementFeeExpense,7080000,c-23,,,,,,False,ManagementFeeExpense,,,2023-09-30
CGBD,2023-11-07,income_statement,income_statement,ManagementFeeExpense,ManagementFeeExpense,7262000,c-24,,,,,,False,ManagementFeeExpense,,,2023-09-30
CGBD,2023-11-07,income_statement,income_statement,ManagementFeeExpense,ManagementFeeExpense,21501000,c-1,,,,,,False,ManagementFeeExpense,,,2023-09-30
CGBD,2023-11-07,income_statement,income_statement,ManagementFeeExpense,ManagementFeeExpense,21425000,c-25,,,,,,False,ManagementFeeExpense,,,2023-09-30
CGBD,2023-11-07,income_statement,income_statement,IncentiveFeeExpense,IncentiveFeeExpense,5530000,c-23,,,,,,False,IncentiveFeeExpense,,,2023-09-30
CGBD,2023-11-07,income_statement,income_statement,IncentiveFeeExpense,IncentiveFeeExpense,6451000,c-24,,,,,,False,IncentiveFeeExpense,,,2023-09-30
CGBD,2023-11-07,income_statement,income_statement,IncentiveFeeExpense,IncentiveFeeExpense,16595000,c-1,,,,,,False,IncentiveFeeExpense,,,2023-09-30
CGBD,2023-11-07,income_statement,income_statement,IncentiveFeeExpense,IncentiveFeeExpense,16137000,c-25,,,,,,False,IncentiveFeeExpense,,,2023-09-30
CGBD,2023-11-07,income_statement,income_statement,AdministrativeFeesExpense,AdministrativeFeesExpense,369000,c-23,,,,,,False,AdministrativeFeesExpense,,,2023-09-30
CGBD,2023-11-07,income_statement,income_statement,AdministrativeFeesExpense,AdministrativeFeesExpense,470000,c-24,,,,,,False,AdministrativeFeesExpense,,,2023-09-30
CGBD,2023-11-07,income_statement,income_statement,AdministrativeFeesExpense,AdministrativeFeesExpense,866000,c-1,,,,,,False,AdministrativeFeesExpense,,,2023-09-30
CGBD,2023-11-07,income_statement,income_statement,AdministrativeFeesExpense,AdministrativeFeesExpense,1337000,c-25,,,,,,False,AdministrativeFeesExpense,,,2023-09-30
CGBD,2023-11-07,income_statement,income_statement,InterestExpenseAndLineOfCreditFacilityCommitmentFeeAmount,InterestExpenseAndLineOfCreditFacilityCommitmentFeeAmount,18222000,c-23,,,,,,False,InterestExpenseAndLineOfCreditFacilityCommitmentFeeAmount,,,2023-09-30
CGBD,2023-11-07,income_statement,income_statement,InterestExpenseAndLineOfCreditFacilityCommitmentFeeAmount,InterestExpenseAndLineOfCreditFacilityCommitmentFeeAmount,11937000,c-24,,,,,,False,InterestExpenseAndLineOfCreditFacilityCommitmentFeeAmount,,,2023-09-30
CGBD,2023-11-07,income_statement,income_statement,InterestExpenseAndLineOfCreditFacilityCommitmentFeeAmount,InterestExpenseAndLineOfCreditFacilityCommitmentFeeAmount,53376000,c-1,,,,,,False,InterestExpenseAndLineOfCreditFacilityCommitmentFeeAmount,,,2023-09-30
CGBD,2023-11-07,income_statement,income_statement,InterestExpenseAndLineOfCreditFacilityCommitmentFeeAmount,InterestExpenseAndLineOfCreditFacilityCommitmentFeeAmount,28723000,c-25,,,,,,False,InterestExpenseAndLineOfCreditFacilityCommitmentFeeAmount,,,2023-09-30
CGBD,2023-11-07,income_statement,income_statement,NoninterestExpenseDirectorsFees,NoninterestExpenseDirectorsFees,103000,c-23,,,,,,False,NoninterestExpenseDirectorsFees,,,2023-09-30
CGBD,2023-11-07,income_statement,income_statement,NoninterestExpenseDirectorsFees,NoninterestExpenseDirectorsFees,173000,c-24,,,,,,False,NoninterestExpenseDirectorsFees,,,2023-09-30
CGBD,2023-11-07,income_statement,income_statement,NoninterestExpenseDirectorsFees,NoninterestExpenseDirectorsFees,333000,c-1,,,,,,False,NoninterestExpenseDirectorsFees,,,2023-09-30
CGBD,2023-11-07,income_statement,income_statement,NoninterestExpenseDirectorsFees,NoninterestExpenseDirectorsFees,519000,c-25,,,,,,False,NoninterestExpenseDirectorsFees,,,2023-09-30
CGBD,2023-11-07,income_statement,income_statement,OtherGeneralAndAdministrativeExpense,OtherGeneralAndAdministrativeExpense,552000,c-23,,,,,,False,OtherGeneralAndAdministrativeExpense,,,2023-09-30
CGBD,2023-11-07,income_statement,income_statement,OtherGeneralAndAdministrativeExpense,OtherGeneralAndAdministrativeExpense,461000,c-24,,,,,,False,OtherGeneralAndAdministrativeExpense,,,2023-09-30
CGBD,2023-11-07,income_statement,income_statement,OtherGeneralAndAdministrativeExpense,OtherGeneralAndAdministrativeExpense,1495000,c-1,,,,,,False,OtherGeneralAndAdministrativeExpense,,,2023-09-30
CGBD,2023-11-07,income_statement,income_statement,OtherGeneralAndAdministrativeExpense,OtherGeneralAndAdministrativeExpense,1237000,c-25,,,,,,False,OtherGeneralAndAdministrativeExpense,,,2023-09-30
CGBD,2023-11-07,income_statement,income_statement,InvestmentIncomeInvestmentExpense,InvestmentIncomeInvestmentExpense,32540000,c-23,,,,,,False,InvestmentIncomeInvestmentExpense,,,2023-09-30
CGBD,2023-11-07,income_statement,income_statement,InvestmentIncomeInvestmentExpense,InvestmentIncomeInvestmentExpense,27541000,c-24,,,,,,False,InvestmentIncomeInvestmentExpense,,,2023-09-30
CGBD,2023-11-07,income_statement,income_statement,InvestmentIncomeInvestmentExpense,InvestmentIncomeInvestmentExpense,96062000,c-1,,,,,,False,InvestmentIncomeInvestmentExpense,,,2023-09-30
CGBD,2023-11-07,income_statement,income_statement,InvestmentIncomeInvestmentExpense,InvestmentIncomeInvestmentExpense,71700000,c-25,,,,,,False,InvestmentIncomeInvestmentExpense,,,2023-09-30
CGBD,2023-11-07,income_statement,income_statement,NetInvestmentIncome,NetInvestmentIncome,27961000,c-23,,,,,,False,NetInvestmentIncome,,,2023-09-30
CGBD,2023-11-07,income_statement,income_statement,NetInvestmentIncome,NetInvestmentIncome,31602000,c-24,,,,,,False,NetInvestmentIncome,,,2023-09-30
CGBD,2023-11-07,income_statement,income_statement,NetInvestmentIncome,NetInvestmentIncome,82879000,c-1,,,,,,False,NetInvestmentIncome,,,2023-09-30
CGBD,2023-11-07,income_statement,income_statement,NetInvestmentIncome,NetInvestmentIncome,79520000,c-25,,,,,,False,NetInvestmentIncome,,,2023-09-30
CGBD,2023-11-07,income_statement,income_statement,InvestmentIncomeOperatingTaxExpenseBenefit,InvestmentIncomeOperatingTaxExpenseBenefit,850000,c-23,,,,,,False,InvestmentIncomeOperatingTaxExpenseBenefit,,,2023-09-30
CGBD,2023-11-07,income_statement,income_statement,InvestmentIncomeOperatingTaxExpenseBenefit,InvestmentIncomeOperatingTaxExpenseBenefit,449000,c-24,,,,,,False,InvestmentIncomeOperatingTaxExpenseBenefit,,,2023-09-30
CGBD,2023-11-07,income_statement,income_statement,InvestmentIncomeOperatingTaxExpenseBenefit,InvestmentIncomeOperatingTaxExpenseBenefit,2023000,c-1,,,,,,False,InvestmentIncomeOperatingTaxExpenseBenefit,,,2023-09-30
CGBD,2023-11-07,income_statement,income_statement,InvestmentIncomeOperatingTaxExpenseBenefit,InvestmentIncomeOperatingTaxExpenseBenefit,978000,c-25,,,,,,False,InvestmentIncomeOperatingTaxExpenseBenefit,,,2023-09-30
CGBD,2023-11-07,income_statement,income_statement,InvestmentIncomeOperatingAfterExpenseAndTax,InvestmentIncomeOperatingAfterExpenseAndTax,27111000,c-23,,,,,,False,InvestmentIncomeOperatingAfterExpenseAndTax,,,2023-09-30
CGBD,2023-11-07,income_statement,income_statement,InvestmentIncomeOperatingAfterExpenseAndTax,InvestmentIncomeOperatingAfterExpenseAndTax,31153000,c-24,,,,,,False,InvestmentIncomeOperatingAfterExpenseAndTax,,,2023-09-30
CGBD,2023-11-07,income_statement,income_statement,InvestmentIncomeOperatingAfterExpenseAndTax,InvestmentIncomeOperatingAfterExpenseAndTax,80856000,c-1,,,,,,False,InvestmentIncomeOperatingAfterExpenseAndTax,,,2023-09-30
CGBD,2023-11-07,income_statement,income_statement,InvestmentIncomeOperatingAfterExpenseAndTax,InvestmentIncomeOperatingAfterExpenseAndTax,78542000,c-25,,,,,,False,InvestmentIncomeOperatingAfterExpenseAndTax,,,2023-09-30
CGBD,2023-11-07,income_statement,income_statement,NetIncomeLoss,NetIncomeLoss,29987000,c-23,,,,,,False,NetIncomeLoss,,net_income,2023-09-30
CGBD,2023-11-07,income_statement,income_statement,NetIncomeLoss,NetIncomeLoss,37830000,c-24,,,,,,False,NetIncomeLoss,,net_income,2023-09-30
CGBD,2023-11-07,income_statement,income_statement,NetIncomeLoss,NetIncomeLoss,62687000,c-1,,,,,,False,NetIncomeLoss,,net_income,2023-09-30
CGBD,2023-11-07,income_statement,income_statement,NetIncomeLoss,NetIncomeLoss,73178000,c-25,,,,,,False,NetIncomeLoss,,net_income,2023-09-30
CGBD,2023-11-07,income_statement,income_statement,PreferredStockDividendsIncomeStatementImpact,PreferredStockDividendsIncomeStatementImpact,875000,c-23,,,,,,False,PreferredStockDividendsIncomeStatementImpact,,,2023-09-30
CGBD,2023-11-07,income_statement,income_statement,PreferredStockDividendsIncomeStatementImpact,PreferredStockDividendsIncomeStatementImpact,875000,c-24,,,,,,False,PreferredStockDividendsIncomeStatementImpact,,,2023-09-30
CGBD,2023-11-07,income_statement,income_statement,PreferredStockDividendsIncomeStatementImpact,PreferredStockDividendsIncomeStatementImpact,2625000,c-1,,,,,,False,PreferredStockDividendsIncomeStatementImpact,,,2023-09-30
CGBD,2023-11-07,income_statement,income_statement,PreferredStockDividendsIncomeStatementImpact,PreferredStockDividendsIncomeStatementImpact,2625000,c-25,,,,,,False,PreferredStockDividendsIncomeStatementImpact,,,2023-09-30
CGBD,2023-11-07,income_statement,income_statement,IncreaseDecreaseInInterestAndDividendsReceivable,IncreaseDecreaseInInterestAndDividendsReceivable,9516000,c-1,,,,,,False,IncreaseDecreaseInInterestAndDividendsReceivable,,,2023-09-30
CGBD,2023-11-07,income_statement,income_statement,IncreaseDecreaseInInterestAndDividendsReceivable,IncreaseDecreaseInInterestAndDividendsReceivable,4184000,c-25,,,,,,False,IncreaseDecreaseInInterestAndDividendsReceivable,,,2023-09-30
CGBD,2023-11-07,income_statement,income_statement,IncomeTaxesPaid,IncomeTaxesPaid,1839000,c-1,,,,,,False,IncomeTaxesPaid,,,2023-09-30
CGBD,2023-11-07,income_statement,income_statement,IncomeTaxesPaid,IncomeTaxesPaid,774000,c-25,,,,,,False,IncomeTaxesPaid,,,2023-09-30
CGBD,2023-11-07,income_statement,income_statement,InterestAndDividendIncomeSecurities,InterestAndDividendIncomeSecurities,8328000,c-226,,,,,,False,InterestAndDividendIncomeSecurities,,,2023-09-30
CGBD,2023-11-07,income_statement,income_statement,InterestAndDividendIncomeSecurities,InterestAndDividendIncomeSecurities,16500000,c-229,,,,,,False,InterestAndDividendIncomeSecurities,,,2023-09-30
CGBD,2023-11-07,income_statement,income_statement,InterestAndDividendIncomeSecurities,InterestAndDividendIncomeSecurities,0,c-232,,,,,,False,InterestAndDividendIncomeSecurities,,,2023-09-30
CGBD,2023-11-07,income_statement,income_statement,InterestAndDividendIncomeSecurities,InterestAndDividendIncomeSecurities,24828000,c-235,,,,,,False,InterestAndDividendIncomeSecurities,,,2023-09-30
CGBD,2023-11-07,income_statement,income_statement,InterestAndDividendIncomeSecurities,InterestAndDividendIncomeSecurities,4326000,c-238,,,,,,False,InterestAndDividendIncomeSecurities,,,2023-09-30
CGBD,2023-11-07,income_statement,income_statement,InterestAndDividendIncomeSecurities,InterestAndDividendIncomeSecurities,280000,c-241,,,,,,False,InterestAndDividendIncomeSecurities,,,2023-09-30
CGBD,2023-11-07,income_statement,income_statement,InterestAndDividendIncomeSecurities,InterestAndDividendIncomeSecurities,0,c-244,,,,,,False,InterestAndDividendIncomeSecurities,,,2023-09-30
CGBD,2023-11-07,income_statement,income_statement,InterestAndDividendIncomeSecurities,InterestAndDividendIncomeSecurities,4606000,c-247,,,,,,False,InterestAndDividendIncomeSecurities,,,2023-09-30
CGBD,2023-11-07,income_statement,income_statement,InterestAndDividendIncomeSecurities,InterestAndDividendIncomeSecurities,10348000,c-625,,,,,,False,InterestAndDividendIncomeSecurities,,,2023-09-30
CGBD,2023-11-07,income_statement,income_statement,InterestAndDividendIncomeSecurities,InterestAndDividendIncomeSecurities,20500000,c-628,,,,,,False,InterestAndDividendIncomeSecurities,,,2023-09-30
CGBD,2023-11-07,income_statement,income_statement,InterestAndDividendIncomeSecurities,InterestAndDividendIncomeSecurities,0,c-631,,,,,,False,InterestAndDividendIncomeSecurities,,,2023-09-30
CGBD,2023-11-07,income_statement,income_statement,InterestAndDividendIncomeSecurities,InterestAndDividendIncomeSecurities,30848000,c-633,,,,,,False,InterestAndDividendIncomeSecurities,,,2023-09-30
CGBD,2023-11-07,income_statement,income_statement,InterestAndDividendIncomeSecurities,InterestAndDividendIncomeSecurities,8000,c-635,,,,,,False,InterestAndDividendIncomeSecurities,,,2023-09-30
CGBD,2023-11-07,income_statement,income_statement,InterestAndDividendIncomeSecurities,InterestAndDividendIncomeSecurities,1031000,c-638,,,,,,False,InterestAndDividendIncomeSecurities,,,2023-09-30
CGBD,2023-11-07,income_statement,income_statement,InterestAndDividendIncomeSecurities,InterestAndDividendIncomeSecurities,2834000,c-641,,,,,,False,InterestAndDividendIncomeSecurities,,,2023-09-30
CGBD,2023-11-07,income_statement,income_statement,InterestAndDividendIncomeSecurities,InterestAndDividendIncomeSecurities,0,c-644,,,,,,False,InterestAndDividendIncomeSecurities,,,2023-09-30
CGBD,2023-11-07,income_statement,income_statement,InterestAndDividendIncomeSecurities,InterestAndDividendIncomeSecurities,3873000,c-647,,,,,,False,InterestAndDividendIncomeSecurities,,,2023-09-30
CGBD,2023-11-07,income_statement,income_statement,InterestAndDividendIncomeSecurities,InterestAndDividendIncomeSecurities,9864000,c-650,,,,,,False,InterestAndDividendIncomeSecurities,,,2023-09-30
CGBD,2023-11-07,income_statement,income_statement,InterestAndDividendIncomeSecurities,InterestAndDividendIncomeSecurities,232000,c-652,,,,,,False,InterestAndDividendIncomeSecurities,,,2023-09-30
CGBD,2023-11-07,income_statement,income_statement,InterestAndDividendIncomeSecurities,InterestAndDividendIncomeSecurities,0,c-654,,,,,,False,InterestAndDividendIncomeSecurities,,,2023-09-30
CGBD,2023-11-07,income_statement,income_statement,InterestAndDividendIncomeSecurities,InterestAndDividendIncomeSecurities,10096000,c-656,,,,,,False,InterestAndDividendIncomeSecurities,,,2023-09-30
CGBD,2023-11-07,income_statement,income_statement,RevenueRecognitionPolicyTextBlock,RevenueRecognitionPolicyTextBlock,"<div style=""margin-top:18pt""><span style=""color:#000000;font-family:'Times New Roman',sans-serif;font-size:10pt;font-style:italic;font-weight:700;line-height:120%"">Revenue Recognition</span></div><div style=""margin-top:6pt""><span style=""color:#000000;font-family:'Times New Roman',sans-serif;font-size:10pt;font-style:italic;font-weight:400;line-height:120%"">Interest from Investments</span></div><div style=""margin-top:6pt;text-indent:36pt""><span style=""color:#000000;font-family:'Times New Roman',sans-serif;font-size:10pt;font-weight:400;line-height:120%"">Interest income is recorded on an accrual basis and includes the accretion of discounts and amortization of premiums. Discounts from and premiums to par value on debt investments purchased are accreted/amortized into interest income over the life of the respective security using the effective interest method. The amortized cost of debt investments represents the original cost, including origination fees and upfront fees received that are deemed to be an adjustment to yield, adjusted for the accretion of discounts and amortization of premiums, if any. </span></div><div style=""margin-top:12pt;text-indent:36pt""><span style=""color:#000000;font-family:'Times New Roman',sans-serif;font-size:10pt;font-weight:400;line-height:120%"">The Company may have loans in its portfolio that contain payment-in-kind (“PIK”) provisions. PIK income represents interest that is accrued and recorded as interest income at the contractual rates, increases the loan principal on the respective capitalization dates, and is generally due at maturity. As of September 30, 2023 and December 31, 2022, the fair value of the loans in the portfolio with PIK provisions was $251,860 and $176,773, respectively, which represents approximately 13.5% and 8.9%, respectively, of total investments at fair value. For the three and nine months ended September 30, 2023, the Company earned $5,417 and $14,321 in PIK income, respectively. For the three and nine months ended September 30, 2022, the Company earned $11,146 and $18,595 in PIK income, respectively.</span></div><div style=""margin-top:12pt;text-indent:36pt""><span style=""color:#000000;font-family:'Times New Roman',sans-serif;font-size:10pt;font-weight:400;line-height:120%"">In 2022, the Company separately presented interest receivable and dividend receivable on the accompanying Consolidated Statements of Cash Flows. In 2023, the amounts are presented collectively on the Consolidated Statements of Cash Flows. Prior periods have been conformed to the current presentation.</span></div><div style=""margin-top:18pt""><span style=""color:#000000;font-family:'Times New Roman',sans-serif;font-size:10pt;font-style:italic;font-weight:400;line-height:120%"">Dividend Income</span></div><div style=""margin-top:6pt;text-indent:36pt""><span style=""color:#000000;font-family:'Times New Roman',sans-serif;font-size:10pt;font-weight:400;line-height:120%"">Dividend income from the investment funds, Credit Fund and Credit Fund II, and other investments funds, if any, is recorded on the record date for the investment fund to the extent that such amounts are payable by the investment funds and are expected to be collected.</span></div><div style=""margin-top:18pt""><span style=""color:#000000;font-family:'Times New Roman',sans-serif;font-size:10pt;font-style:italic;font-weight:400;line-height:120%"">Other Income</span></div><div style=""margin-top:6pt;text-indent:36pt""><span style=""color:#000000;font-family:'Times New Roman',sans-serif;font-size:10pt;font-weight:400;line-height:120%"">Other income may include income such as consent, waiver, amendment, unused, underwriting, arranger and prepayment fees associated with the Company’s investment activities as well as any fees for managerial assistance services rendered by the Company to the portfolio companies. Such fees are recognized as income when earned or the services are rendered. The Company may receive fees for guaranteeing the outstanding debt of a portfolio company. Such fees are amortized into other income over the life of the guarantee. The unamortized amount, if any, is included in prepaid expenses and other assets in the accompanying Consolidated Statements of Assets and Liabilities. For the three and nine months ended September 30, 2023, the Company earned $768 and $2,650, respectively, in other income, primarily from prepayment fees and commitment fees. For the three and nine months ended September 30, 2022, the Company earned $2,974 and $6,844, respectively, in other income, primarily from underwriting, amendment, and prepayment fees.</span></div><div style=""margin-top:18pt;text-align:justify""><span style=""color:#000000;font-family:'Times New Roman',sans-serif;font-size:10pt;font-style:italic;font-weight:400;line-height:120%"">Non-Accrual Income</span></div>Loans are generally placed on non-accrual status when principal or interest payments are past due or when there is reasonable doubt that principal or interest will be collected in full. Accrued and unpaid interest is generally reversed when a loan is placed on non-accrual status. Interest payments received on non-accrual loans may be recognized as income or applied to principal depending upon management’s judgment regarding collectability. Non-accrual loans are restored to accrual status when past due principal and interest are current or there is no longer any reasonable doubt that such principal or interest will be collected in full and, in management’s judgment, are likely to remain current. Management may determine not to place a loan on non-accrual status if the loan has sufficient collateral value and is in the process of collection.",c-1,,,,,,False,RevenueRecognitionPolicyTextBlock,,,2023-09-30
CGBD,2023-11-07,income_statement,income_statement,InterestIncomeOperatingPaidInKind,InterestIncomeOperatingPaidInKind,5417000,c-23,,,,,,False,InterestIncomeOperatingPaidInKind,,,2023-09-30
CGBD,2023-11-07,income_statement,income_statement,InterestIncomeOperatingPaidInKind,InterestIncomeOperatingPaidInKind,14321000,c-1,,,,,,False,InterestIncomeOperatingPaidInKind,,,2023-09-30
CGBD,2023-11-07,income_statement,income_statement,InterestIncomeOperatingPaidInKind,InterestIncomeOperatingPaidInKind,11146000,c-24,,,,,,False,InterestIncomeOperatingPaidInKind,,,2023-09-30
CGBD,2023-11-07,income_statement,income_statement,InterestIncomeOperatingPaidInKind,InterestIncomeOperatingPaidInKind,18595000,c-25,,,,,,False,InterestIncomeOperatingPaidInKind,,,2023-09-30
CGBD,2023-11-07,income_statement,income_statement,OtherIncome,OtherIncome,768000,c-23,,,,,,False,OtherIncome,,,2023-09-30
CGBD,2023-11-07,income_statement,income_statement,OtherIncome,OtherIncome,2650000,c-1,,,,,,False,OtherIncome,,,2023-09-30
CGBD,2023-11-07,income_statement,income_statement,OtherIncome,OtherIncome,2974000,c-24,,,,,,False,OtherIncome,,,2023-09-30
CGBD,2023-11-07,income_statement,income_statement,OtherIncome,OtherIncome,6844000,c-25,,,,,,False,OtherIncome,,,2023-09-30
CGBD,2023-11-07,income_statement,income_statement,IncomeTaxPolicyTextBlock,IncomeTaxPolicyTextBlock,"<div style=""margin-top:12pt""><span style=""color:#000000;font-family:'Times New Roman',sans-serif;font-size:10pt;font-style:italic;font-weight:700;line-height:120%"">Income Taxes</span></div><div style=""margin-top:6pt;text-indent:36pt""><span style=""color:#000000;font-family:'Times New Roman',sans-serif;font-size:10pt;font-weight:400;line-height:120%"">For federal income tax purposes, the Company has elected to be treated as a RIC under the Code, and intends to make the required distributions to its stockholders as specified therein. In order to qualify as a RIC, the Company must meet certain minimum distribution, source-of-income and asset diversification requirements. If such requirements are met, then the Company is generally required to pay income taxes only on the portion of its taxable income and gains it does not distribute.</span></div><div style=""margin-top:12pt;text-indent:36pt""><span style=""color:#000000;font-family:'Times New Roman',sans-serif;font-size:10pt;font-weight:400;line-height:120%"">The minimum distribution requirements applicable to RICs require the Company to distribute to its stockholders at least 90% of its investment company taxable income (“ICTI”), as defined by the Code, each year. Depending on the level of ICTI earned in a tax year, the Company may choose to carry forward ICTI in excess of current year distributions into the next tax year. Any such carryover ICTI must be distributed before the end of that next tax year through a dividend declared prior to filing the final tax return related to the year which generated such ICTI. </span></div><div style=""margin-top:12pt;text-indent:36pt""><span style=""color:#000000;font-family:'Times New Roman',sans-serif;font-size:10pt;font-weight:400;line-height:120%"">In addition, based on the excise distribution requirements, the Company is subject to a 4% nondeductible federal excise tax on undistributed income unless the Company distributes in a timely manner an amount at least equal to the sum of (1) 98% of its ordinary income for each calendar year, (2) 98.2% of capital gain net income (both long-term and short-term) for the one-year period ending October 31 in that calendar year and (3) any income realized, but not distributed, in the preceding year. For this purpose, however, any ordinary income or capital gain net income retained by the Company that is subject to corporate income tax is considered to have been distributed. The Company intends to make sufficient distributions each taxable year to satisfy the excise distribution requirements as reasonable. For the three and nine months ended September 30, 2023, the Company incurred $850 and $2,023 in excise tax expense, respectively. For the three and nine months ended September 30, 2022, the Company incurred $449 and $978 in excise tax expense, respectively.</span></div><div style=""margin-top:12pt;text-indent:36pt""><span style=""color:#000000;font-family:'Times New Roman',sans-serif;font-size:10pt;font-weight:400;line-height:120%"">The Company evaluates tax positions taken or expected to be taken in the course of preparing its consolidated financial statements to determine whether the tax positions are “more likely than not” to be sustained by the applicable tax authority. The SPV and the 2015-1 Issuer are disregarded entities for tax purposes and are consolidated with the tax return of the Company. All penalties and interest associated with income taxes, if any, are included in income tax expense.</span></div>",c-1,,,,,,False,IncomeTaxPolicyTextBlock,,,2023-09-30
CGBD,2023-11-07,income_statement,income_statement,ManagementFeeAndIncentiveFeeExpense,ManagementFeeAndIncentiveFeeExpense,12610000,c-23,,,,,,False,ManagementFeeAndIncentiveFeeExpense,,,2023-09-30
CGBD,2023-11-07,income_statement,income_statement,ManagementFeeAndIncentiveFeeExpense,ManagementFeeAndIncentiveFeeExpense,13713000,c-24,,,,,,False,ManagementFeeAndIncentiveFeeExpense,,,2023-09-30
CGBD,2023-11-07,income_statement,income_statement,ManagementFeeAndIncentiveFeeExpense,ManagementFeeAndIncentiveFeeExpense,38096000,c-1,,,,,,False,ManagementFeeAndIncentiveFeeExpense,,,2023-09-30
CGBD,2023-11-07,income_statement,income_statement,ManagementFeeAndIncentiveFeeExpense,ManagementFeeAndIncentiveFeeExpense,37562000,c-25,,,,,,False,ManagementFeeAndIncentiveFeeExpense,,,2023-09-30
CGBD,2023-11-07,income_statement,income_statement,IncentiveFeeExpense,IncentiveFeeExpense,0,c-1134,,,,,,False,IncentiveFeeExpense,,,2023-09-30
CGBD,2023-11-07,income_statement,income_statement,IncentiveFeeExpense,IncentiveFeeExpense,0,c-1135,,,,,,False,IncentiveFeeExpense,,,2023-09-30
CGBD,2023-11-07,income_statement,income_statement,IncentiveFeeExpense,IncentiveFeeExpense,0,c-1136,,,,,,False,IncentiveFeeExpense,,,2023-09-30
CGBD,2023-11-07,income_statement,income_statement,IncentiveFeeExpense,IncentiveFeeExpense,0,c-1137,,,,,,False,IncentiveFeeExpense,,,2023-09-30
CGBD,2023-11-07,income_statement,income_statement,AdministrativeFeesExpense,AdministrativeFeesExpense,369000,c-1139,,,,,,False,AdministrativeFeesExpense,,,2023-09-30
CGBD,2023-11-07,income_statement,income_statement,AdministrativeFeesExpense,AdministrativeFeesExpense,470000,c-1140,,,,,,False,AdministrativeFeesExpense,,,2023-09-30
CGBD,2023-11-07,income_statement,income_statement,AdministrativeFeesExpense,AdministrativeFeesExpense,866000,c-1141,,,,,,False,AdministrativeFeesExpense,,,2023-09-30
CGBD,2023-11-07,income_statement,income_statement,AdministrativeFeesExpense,AdministrativeFeesExpense,1337000,c-1142,,,,,,False,AdministrativeFeesExpense,,,2023-09-30
CGBD,2023-11-07,income_statement,income_statement,OtherGeneralAndAdministrativeExpense,OtherGeneralAndAdministrativeExpense,170000,c-1139,,,,,,False,OtherGeneralAndAdministrativeExpense,,,2023-09-30
CGBD,2023-11-07,income_statement,income_statement,OtherGeneralAndAdministrativeExpense,OtherGeneralAndAdministrativeExpense,271000,c-1140,,,,,,False,OtherGeneralAndAdministrativeExpense,,,2023-09-30
CGBD,2023-11-07,income_statement,income_statement,OtherGeneralAndAdministrativeExpense,OtherGeneralAndAdministrativeExpense,499000,c-1141,,,,,,False,OtherGeneralAndAdministrativeExpense,,,2023-09-30
CGBD,2023-11-07,income_statement,income_statement,OtherGeneralAndAdministrativeExpense,OtherGeneralAndAdministrativeExpense,620000,c-1142,,,,,,False,OtherGeneralAndAdministrativeExpense,,,2023-09-30
CGBD,2023-11-07,income_statement,income_statement,NoninterestExpenseDirectorsFees,NoninterestExpenseDirectorsFees,103000,c-1147,,,,,,False,NoninterestExpenseDirectorsFees,,,2023-09-30
CGBD,2023-11-07,income_statement,income_statement,NoninterestExpenseDirectorsFees,NoninterestExpenseDirectorsFees,173000,c-1148,,,,,,False,NoninterestExpenseDirectorsFees,,,2023-09-30
CGBD,2023-11-07,income_statement,income_statement,NoninterestExpenseDirectorsFees,NoninterestExpenseDirectorsFees,333000,c-1146,,,,,,False,NoninterestExpenseDirectorsFees,,,2023-09-30
CGBD,2023-11-07,income_statement,income_statement,NoninterestExpenseDirectorsFees,NoninterestExpenseDirectorsFees,519000,c-1149,,,,,,False,NoninterestExpenseDirectorsFees,,,2023-09-30
CGBD,2023-11-07,income_statement,income_statement,GrossInvestmentIncomeOperating,GrossInvestmentIncomeOperating,22753000,c-1181,,,,,,False,GrossInvestmentIncomeOperating,,,2023-09-30
CGBD,2023-11-07,income_statement,income_statement,GrossInvestmentIncomeOperating,GrossInvestmentIncomeOperating,18563000,c-1182,,,,,,False,GrossInvestmentIncomeOperating,,,2023-09-30
CGBD,2023-11-07,income_statement,income_statement,GrossInvestmentIncomeOperating,GrossInvestmentIncomeOperating,68198000,c-1183,,,,,,False,GrossInvestmentIncomeOperating,,,2023-09-30
CGBD,2023-11-07,income_statement,income_statement,GrossInvestmentIncomeOperating,GrossInvestmentIncomeOperating,48049000,c-1184,,,,,,False,GrossInvestmentIncomeOperating,,,2023-09-30
CGBD,2023-11-07,income_statement,income_statement,OtherExpenses,OtherExpenses,434000,c-1181,,,,,,False,OtherExpenses,,,2023-09-30
CGBD,2023-11-07,income_statement,income_statement,OtherExpenses,OtherExpenses,410000,c-1182,,,,,,False,OtherExpenses,,,2023-09-30
CGBD,2023-11-07,income_statement,income_statement,OtherExpenses,OtherExpenses,1435000,c-1183,,,,,,False,OtherExpenses,,,2023-09-30
CGBD,2023-11-07,income_statement,income_statement,OtherExpenses,OtherExpenses,1507000,c-1184,,,,,,False,OtherExpenses,,,2023-09-30
CGBD,2023-11-07,income_statement,income_statement,InvestmentIncomeInvestmentExpense,InvestmentIncomeInvestmentExpense,10925000,c-1181,,,,,,False,InvestmentIncomeInvestmentExpense,,,2023-09-30
CGBD,2023-11-07,income_statement,income_statement,InvestmentIncomeInvestmentExpense,InvestmentIncomeInvestmentExpense,7268000,c-1182,,,,,,False,InvestmentIncomeInvestmentExpense,,,2023-09-30
CGBD,2023-11-07,income_statement,income_statement,InvestmentIncomeInvestmentExpense,InvestmentIncomeInvestmentExpense,32638000,c-1183,,,,,,False,InvestmentIncomeInvestmentExpense,,,2023-09-30
CGBD,2023-11-07,income_statement,income_statement,InvestmentIncomeInvestmentExpense,InvestmentIncomeInvestmentExpense,17490000,c-1184,,,,,,False,InvestmentIncomeInvestmentExpense,,,2023-09-30
CGBD,2023-11-07,income_statement,income_statement,InvestmentIncomeOperatingAfterExpenseAndTax,InvestmentIncomeOperatingAfterExpenseAndTax,11828000,c-1181,,,,,,False,InvestmentIncomeOperatingAfterExpenseAndTax,,,2023-09-30
CGBD,2023-11-07,income_statement,income_statement,InvestmentIncomeOperatingAfterExpenseAndTax,InvestmentIncomeOperatingAfterExpenseAndTax,11295000,c-1182,,,,,,False,InvestmentIncomeOperatingAfterExpenseAndTax,,,2023-09-30
CGBD,2023-11-07,income_statement,income_statement,InvestmentIncomeOperatingAfterExpenseAndTax,InvestmentIncomeOperatingAfterExpenseAndTax,35560000,c-1183,,,,,,False,InvestmentIncomeOperatingAfterExpenseAndTax,,,2023-09-30
CGBD,2023-11-07,income_statement,income_statement,InvestmentIncomeOperatingAfterExpenseAndTax,InvestmentIncomeOperatingAfterExpenseAndTax,30559000,c-1184,,,,,,False,InvestmentIncomeOperatingAfterExpenseAndTax,,,2023-09-30
CGBD,2023-11-07,income_statement,income_statement,NetIncomeLoss,NetIncomeLoss,13292000,c-1181,,,,,,False,NetIncomeLoss,,net_income,2023-09-30
CGBD,2023-11-07,income_statement,income_statement,NetIncomeLoss,NetIncomeLoss,6349000,c-1182,,,,,,False,NetIncomeLoss,,net_income,2023-09-30
CGBD,2023-11-07,income_statement,income_statement,NetIncomeLoss,NetIncomeLoss,22833000,c-1183,,,,,,False,NetIncomeLoss,,net_income,2023-09-30
CGBD,2023-11-07,income_statement,income_statement,NetIncomeLoss,NetIncomeLoss,-1425000,c-1184,,,,,,False,NetIncomeLoss,,net_income,2023-09-30
CGBD,2023-11-07,income_statement,income_statement,GrossInvestmentIncomeOperating,GrossInvestmentIncomeOperating,7123000,c-1372,,,,,,False,GrossInvestmentIncomeOperating,,,2023-09-30
CGBD,2023-11-07,income_statement,income_statement,GrossInvestmentIncomeOperating,GrossInvestmentIncomeOperating,5183000,c-1373,,,,,,False,GrossInvestmentIncomeOperating,,,2023-09-30
CGBD,2023-11-07,income_statement,income_statement,GrossInvestmentIncomeOperating,GrossInvestmentIncomeOperating,20663000,c-1374,,,,,,False,GrossInvestmentIncomeOperating,,,2023-09-30
CGBD,2023-11-07,income_statement,income_statement,GrossInvestmentIncomeOperating,GrossInvestmentIncomeOperating,14263000,c-1375,,,,,,False,GrossInvestmentIncomeOperating,,,2023-09-30
CGBD,2023-11-07,income_statement,income_statement,OtherExpenses,OtherExpenses,241000,c-1372,,,,,,False,OtherExpenses,,,2023-09-30
CGBD,2023-11-07,income_statement,income_statement,OtherExpenses,OtherExpenses,199000,c-1373,,,,,,False,OtherExpenses,,,2023-09-30
CGBD,2023-11-07,income_statement,income_statement,OtherExpenses,OtherExpenses,708000,c-1374,,,,,,False,OtherExpenses,,,2023-09-30
CGBD,2023-11-07,income_statement,income_statement,OtherExpenses,OtherExpenses,545000,c-1375,,,,,,False,OtherExpenses,,,2023-09-30
CGBD,2023-11-07,income_statement,income_statement,InvestmentIncomeInvestmentExpense,InvestmentIncomeInvestmentExpense,3541000,c-1372,,,,,,False,InvestmentIncomeInvestmentExpense,,,2023-09-30
CGBD,2023-11-07,income_statement,income_statement,InvestmentIncomeInvestmentExpense,InvestmentIncomeInvestmentExpense,2275000,c-1373,,,,,,False,InvestmentIncomeInvestmentExpense,,,2023-09-30
CGBD,2023-11-07,income_statement,income_statement,InvestmentIncomeInvestmentExpense,InvestmentIncomeInvestmentExpense,10091000,c-1374,,,,,,False,InvestmentIncomeInvestmentExpense,,,2023-09-30
CGBD,2023-11-07,income_statement,income_statement,InvestmentIncomeInvestmentExpense,InvestmentIncomeInvestmentExpense,5301000,c-1375,,,,,,False,InvestmentIncomeInvestmentExpense,,,2023-09-30
CGBD,2023-11-07,income_statement,income_statement,InvestmentIncomeOperatingAfterExpenseAndTax,InvestmentIncomeOperatingAfterExpenseAndTax,3582000,c-1372,,,,,,False,InvestmentIncomeOperatingAfterExpenseAndTax,,,2023-09-30
CGBD,2023-11-07,income_statement,income_statement,InvestmentIncomeOperatingAfterExpenseAndTax,InvestmentIncomeOperatingAfterExpenseAndTax,2908000,c-1373,,,,,,False,InvestmentIncomeOperatingAfterExpenseAndTax,,,2023-09-30
CGBD,2023-11-07,income_statement,income_statement,InvestmentIncomeOperatingAfterExpenseAndTax,InvestmentIncomeOperatingAfterExpenseAndTax,10572000,c-1374,,,,,,False,InvestmentIncomeOperatingAfterExpenseAndTax,,,2023-09-30
CGBD,2023-11-07,income_statement,income_statement,InvestmentIncomeOperatingAfterExpenseAndTax,InvestmentIncomeOperatingAfterExpenseAndTax,8962000,c-1375,,,,,,False,InvestmentIncomeOperatingAfterExpenseAndTax,,,2023-09-30
CGBD,2023-11-07,income_statement,income_statement,NetIncomeLoss,NetIncomeLoss,3309000,c-1372,,,,,,False,NetIncomeLoss,,net_income,2023-09-30
CGBD,2023-11-07,income_statement,income_statement,NetIncomeLoss,NetIncomeLoss,2000000,c-1373,,,,,,False,NetIncomeLoss,,net_income,2023-09-30
CGBD,2023-11-07,income_statement,income_statement,NetIncomeLoss,NetIncomeLoss,2688000,c-1374,,,,,,False,NetIncomeLoss,,net_income,2023-09-30
CGBD,2023-11-07,income_statement,income_statement,NetIncomeLoss,NetIncomeLoss,5454000,c-1375,,,,,,False,NetIncomeLoss,,net_income,2023-09-30
CGBD,2023-11-07,income_statement,income_statement,InvestmentIncomeOperatingAfterExpenseAndTax,InvestmentIncomeOperatingAfterExpenseAndTax,27111000,c-1557,,,,,,False,InvestmentIncomeOperatingAfterExpenseAndTax,,,2023-09-30
CGBD,2023-11-07,income_statement,income_statement,InvestmentIncomeOperatingAfterExpenseAndTax,InvestmentIncomeOperatingAfterExpenseAndTax,80856000,c-1575,,,,,,False,InvestmentIncomeOperatingAfterExpenseAndTax,,,2023-09-30
CGBD,2023-11-07,income_statement,income_statement,InvestmentIncomeOperatingAfterExpenseAndTax,InvestmentIncomeOperatingAfterExpenseAndTax,31153000,c-1587,,,,,,False,InvestmentIncomeOperatingAfterExpenseAndTax,,,2023-09-30
CGBD,2023-11-07,income_statement,income_statement,InvestmentIncomeOperatingAfterExpenseAndTax,InvestmentIncomeOperatingAfterExpenseAndTax,78542000,c-1606,,,,,,False,InvestmentIncomeOperatingAfterExpenseAndTax,,,2023-09-30
CGBD,2023-11-07,income_statement,income_statement,InvestmentCompanyInvestmentIncomeLossPerShare,InvestmentCompanyInvestmentIncomeLossPerShare,1.54,c-1,,,,,,False,InvestmentCompanyInvestmentIncomeLossPerShare,,,2023-09-30
CGBD,2023-11-07,income_statement,income_statement,InvestmentCompanyInvestmentIncomeLossPerShare,InvestmentCompanyInvestmentIncomeLossPerShare,1.45,c-25,,,,,,False,InvestmentCompanyInvestmentIncomeLossPerShare,,,2023-09-30
CGBD,2023-11-07,income_statement,income_statement,InvestmentCompanyInvestmentIncomeLossFromOperationsPerShare,InvestmentCompanyInvestmentIncomeLossFromOperationsPerShare,1.18,c-1,,,,,,False,InvestmentCompanyInvestmentIncomeLossFromOperationsPerShare,,,2023-09-30
CGBD,2023-11-07,income_statement,income_statement,InvestmentCompanyInvestmentIncomeLossFromOperationsPerShare,InvestmentCompanyInvestmentIncomeLossFromOperationsPerShare,1.35,c-25,,,,,,False,InvestmentCompanyInvestmentIncomeLossFromOperationsPerShare,,,2023-09-30
CGBD,2023-11-07,income_statement,income_statement,InvestmentCompanyExpenseRatioExcludingIncentiveFee,InvestmentCompanyExpenseRatioExcludingIncentiveFee,0.0947,c-1,,,,,,False,InvestmentCompanyExpenseRatioExcludingIncentiveFee,,,2023-09-30
CGBD,2023-11-07,income_statement,income_statement,InvestmentCompanyExpenseRatioExcludingIncentiveFee,InvestmentCompanyExpenseRatioExcludingIncentiveFee,0.0635,c-25,,,,,,False,InvestmentCompanyExpenseRatioExcludingIncentiveFee,,,2023-09-30
CGBD,2023-11-07,income_statement,income_statement,InvestmentCompanyExpenseRatioIncludingIncentiveFee,InvestmentCompanyExpenseRatioIncludingIncentiveFee,0.1140,c-1,,,,,,False,InvestmentCompanyExpenseRatioIncludingIncentiveFee,,,2023-09-30
CGBD,2023-11-07,income_statement,income_statement,InvestmentCompanyExpenseRatioIncludingIncentiveFee,InvestmentCompanyExpenseRatioIncludingIncentiveFee,0.0816,c-25,,,,,,False,InvestmentCompanyExpenseRatioIncludingIncentiveFee,,,2023-09-30
CGBD,2023-11-07,income_statement,income_statement,InvestmentCompanyInvestmentIncomeLossRatio,InvestmentCompanyInvestmentIncomeLossRatio,0.0940,c-1,,,,,,False,InvestmentCompanyInvestmentIncomeLossRatio,,,2023-09-30
CGBD,2023-11-07,income_statement,income_statement,InvestmentCompanyInvestmentIncomeLossRatio,InvestmentCompanyInvestmentIncomeLossRatio,0.0882,c-25,,,,,,False,InvestmentCompanyInvestmentIncomeLossRatio,,,2023-09-30
CGBD,2023-11-07,income_statement,income_statement,InvestmentCompanyInterestExpenseRatioIncludingLineOfCreditFacilityCommitmentFee,InvestmentCompanyInterestExpenseRatioIncludingLineOfCreditFacilityCommitmentFee,0.0620,c-1,,,,,,False,InvestmentCompanyInterestExpenseRatioIncludingLineOfCreditFacilityCommitmentFee,,,2023-09-30
CGBD,2023-11-07,income_statement,income_statement,InvestmentCompanyInterestExpenseRatioIncludingLineOfCreditFacilityCommitmentFee,InvestmentCompanyInterestExpenseRatioIncludingLineOfCreditFacilityCommitmentFee,0.0323,c-25,,,,,,False,InvestmentCompanyInterestExpenseRatioIncludingLineOfCreditFacilityCommitmentFee,,,2023-09-30
CGBD,2023-11-07,income_statement,income_statement,IncomeTaxDisclosureTextBlock,IncomeTaxDisclosureTextBlock,"TAX<div style=""margin-top:6pt;text-indent:36pt""><span style=""color:#000000;font-family:'Times New Roman',sans-serif;font-size:10pt;font-weight:400;line-height:120%"">The Company has not recorded a liability for any uncertain tax positions pursuant to the provisions of ASC 740, </span><span style=""color:#000000;font-family:'Times New Roman',sans-serif;font-size:10pt;font-style:italic;font-weight:400;line-height:120%"">Income Taxes,</span><span style=""color:#000000;font-family:'Times New Roman',sans-serif;font-size:10pt;font-weight:400;line-height:120%""> as of September 30, 2023 and December 31, 2022.</span></div><div style=""text-indent:36pt""><span style=""color:#000000;font-family:'Times New Roman',sans-serif;font-size:10pt;font-weight:400;line-height:112%"">In the normal course of business, the Company is subject to examination by federal and certain state, local and foreign tax regulators. The Company's federal tax returns are generally subject to examination by the Internal Revenue service for a period of three years after they are filed.</span></div><div style=""margin-top:12pt;text-indent:36pt""><span style=""color:#000000;font-family:'Times New Roman',sans-serif;font-size:10pt;font-weight:400;line-height:120%"">The Company’s taxable income for each period is an estimate and will not be finally determined until the Company files its tax return for each year. Therefore, the final taxable income, and the taxable income earned in each period and carried forward for distribution in the following period, may be different than this estimate. The estimated tax character of dividends declared on preferred stock and common stock for nine months ended September 30, 2023 and 2022 was as follows:</span></div><div style=""margin-bottom:1pt;margin-top:6pt""><table style=""border-collapse:collapse;display:inline-table;margin-bottom:5pt;vertical-align:text-bottom;width:99.707%""><tr><td style=""width:1.0%""></td><td style=""width:68.548%""></td><td style=""width:0.1%""></td><td style=""width:1.0%""></td><td style=""width:13.709%""></td><td style=""width:0.1%""></td><td style=""width:0.1%""></td><td style=""width:0.533%""></td><td style=""width:0.1%""></td><td style=""width:1.0%""></td><td style=""width:13.710%""></td><td style=""width:0.1%""></td></tr><tr><td colspan=""3"" style=""padding:2px 1pt;text-align:left;vertical-align:bottom""><span style=""color:#000000;font-family:'Times New Roman',sans-serif;font-size:9pt;font-weight:400;line-height:100%""> </span></td><td colspan=""9"" style=""padding:2px 1pt;text-align:center;vertical-align:bottom""><span style=""color:#000000;font-family:'Times New Roman',sans-serif;font-size:9pt;font-weight:700;line-height:100%"">Nine months ended September 30,</span></td></tr><tr><td colspan=""3"" style=""padding:2px 1pt;text-align:left;vertical-align:bottom""><span style=""color:#000000;font-family:'Times New Roman',sans-serif;font-size:9pt;font-weight:400;line-height:100%""> </span></td><td colspan=""3"" style=""border-top:1pt solid #000000;padding:2px 1pt;text-align:center;vertical-align:bottom""><span style=""color:#000000;font-family:'Times New Roman',sans-serif;font-size:9pt;font-weight:700;line-height:100%"">2023</span></td><td colspan=""3"" style=""border-top:1pt solid #000000;padding:0 1pt""></td><td colspan=""3"" style=""border-top:1pt solid #000000;padding:2px 1pt;text-align:center;vertical-align:bottom""><span style=""color:#000000;font-family:'Times New Roman',sans-serif;font-size:9pt;font-weight:700;line-height:100%"">2022</span></td></tr><tr><td colspan=""3"" style=""background-color:#cceeff;padding:2px 1pt;text-align:left;vertical-align:top""><span style=""color:#000000;font-family:'Times New Roman',sans-serif;font-size:9pt;font-weight:400;line-height:100%"">Ordinary income</span></td><td style=""background-color:#cceeff;border-top:1pt solid #000000;padding:2px 0 2px 1pt;text-align:left;vertical-align:bottom""><span style=""color:#000000;font-family:'Times New Roman',sans-serif;font-size:9pt;font-weight:400;line-height:100%"">$</span></td><td style=""background-color:#cceeff;border-top:1pt solid #000000;padding:2px 0;text-align:right;vertical-align:bottom""><span style=""color:#000000;font-family:'Times New Roman',sans-serif;font-size:9pt;font-weight:400;line-height:100%"">69,673 </span></td><td style=""background-color:#cceeff;border-top:1pt solid #000000;padding:2px 1pt 2px 0;text-align:right;vertical-align:bottom""></td><td colspan=""3"" style=""background-color:#cceeff;padding:0 1pt""></td><td style=""background-color:#cceeff;border-top:1pt solid #000000;padding:2px 0 2px 1pt;text-align:left;vertical-align:bottom""><span style=""color:#000000;font-family:'Times New Roman',sans-serif;font-size:9pt;font-weight:400;line-height:100%"">$</span></td><td style=""background-color:#cceeff;border-top:1pt solid #000000;padding:2px 0;text-align:right;vertical-align:bottom""><span style=""color:#000000;font-family:'Times New Roman',sans-serif;font-size:9pt;font-weight:400;line-height:100%"">65,211 </span></td><td style=""background-color:#cceeff;border-top:1pt solid #000000;padding:2px 1pt 2px 0;text-align:right;vertical-align:bottom""></td></tr><tr><td colspan=""3"" style=""background-color:#ffffff;padding:2px 1pt;text-align:left;vertical-align:top""><span style=""color:#000000;font-family:'Times New Roman',sans-serif;font-size:9pt;font-weight:400;line-height:100%"">Tax return of capital</span></td><td style=""background-color:#ffffff;padding:2px 0 2px 1pt;text-align:left;vertical-align:bottom""><span style=""color:#000000;font-family:'Times New Roman',sans-serif;font-size:9pt;font-weight:400;line-height:100%"">$</span></td><td style=""background-color:#ffffff;padding:2px 0;text-align:right;vertical-align:bottom""><span style=""color:#000000;font-family:'Times New Roman',sans-serif;font-size:9pt;font-weight:400;line-height:100%"">— </span></td><td style=""background-color:#ffffff;padding:2px 1pt 2px 0;text-align:right;vertical-align:bottom""></td><td colspan=""3"" style=""background-color:#ffffff;padding:0 1pt""></td><td style=""background-color:#ffffff;padding:2px 0 2px 1pt;text-align:left;vertical-align:bottom""><span style=""color:#000000;font-family:'Times New Roman',sans-serif;font-size:9pt;font-weight:400;line-height:100%"">$</span></td><td style=""background-color:#ffffff;padding:2px 0;text-align:right;vertical-align:bottom""><span style=""color:#000000;font-family:'Times New Roman',sans-serif;font-size:9pt;font-weight:400;line-height:100%"">— </span></td><td style=""background-color:#ffffff;padding:2px 1pt 2px 0;text-align:right;vertical-align:bottom""></td></tr></table></div>",c-1,,,,,,False,IncomeTaxDisclosureTextBlock,,,2023-09-30
CGBD,2024-02-26,income_statement,income_statement,InterestIncomeOperatingPaidInCash,InterestIncomeOperatingPaidInCash,177315000,c-59,,,,,,False,InterestIncomeOperatingPaidInCash,,,2023-12-31
CGBD,2024-02-26,income_statement,income_statement,InterestIncomeOperatingPaidInCash,InterestIncomeOperatingPaidInCash,138598000,c-60,,,,,,False,InterestIncomeOperatingPaidInCash,,,2023-12-31
CGBD,2024-02-26,income_statement,income_statement,InterestIncomeOperatingPaidInCash,InterestIncomeOperatingPaidInCash,125074000,c-61,,,,,,False,InterestIncomeOperatingPaidInCash,,,2023-12-31
CGBD,2024-02-26,income_statement,income_statement,InterestIncomeOperatingPaidInKind,InterestIncomeOperatingPaidInKind,19819000,c-59,,,,,,False,InterestIncomeOperatingPaidInKind,,,2023-12-31
CGBD,2024-02-26,income_statement,income_statement,InterestIncomeOperatingPaidInKind,InterestIncomeOperatingPaidInKind,16258000,c-60,,,,,,False,InterestIncomeOperatingPaidInKind,,,2023-12-31
CGBD,2024-02-26,income_statement,income_statement,InterestIncomeOperatingPaidInKind,InterestIncomeOperatingPaidInKind,9346000,c-61,,,,,,False,InterestIncomeOperatingPaidInKind,,,2023-12-31
CGBD,2024-02-26,income_statement,income_statement,OtherIncome,OtherIncome,4995000,c-59,,,,,,False,OtherIncome,,,2023-12-31
CGBD,2024-02-26,income_statement,income_statement,OtherIncome,OtherIncome,7302000,c-60,,,,,,False,OtherIncome,,,2023-12-31
CGBD,2024-02-26,income_statement,income_statement,OtherIncome,OtherIncome,6366000,c-61,,,,,,False,OtherIncome,,,2023-12-31
CGBD,2024-02-26,income_statement,income_statement,GrossInvestmentIncomeOperating,GrossInvestmentIncomeOperating,202129000,c-59,,,,,,False,GrossInvestmentIncomeOperating,,,2023-12-31
CGBD,2024-02-26,income_statement,income_statement,GrossInvestmentIncomeOperating,GrossInvestmentIncomeOperating,162158000,c-60,,,,,,False,GrossInvestmentIncomeOperating,,,2023-12-31
CGBD,2024-02-26,income_statement,income_statement,GrossInvestmentIncomeOperating,GrossInvestmentIncomeOperating,140786000,c-61,,,,,,False,GrossInvestmentIncomeOperating,,,2023-12-31
CGBD,2024-02-26,income_statement,income_statement,InterestIncomeOperatingPaidInCash,InterestIncomeOperatingPaidInCash,5713000,c-62,,,,,,False,InterestIncomeOperatingPaidInCash,,,2023-12-31
CGBD,2024-02-26,income_statement,income_statement,InterestIncomeOperatingPaidInCash,InterestIncomeOperatingPaidInCash,3287000,c-63,,,,,,False,InterestIncomeOperatingPaidInCash,,,2023-12-31
CGBD,2024-02-26,income_statement,income_statement,InterestIncomeOperatingPaidInCash,InterestIncomeOperatingPaidInCash,173000,c-64,,,,,,False,InterestIncomeOperatingPaidInCash,,,2023-12-31
CGBD,2024-02-26,income_statement,income_statement,InterestIncomeOperatingPaidInKind,InterestIncomeOperatingPaidInKind,672000,c-62,,,,,,False,InterestIncomeOperatingPaidInKind,,,2023-12-31
CGBD,2024-02-26,income_statement,income_statement,InterestIncomeOperatingPaidInKind,InterestIncomeOperatingPaidInKind,6809000,c-63,,,,,,False,InterestIncomeOperatingPaidInKind,,,2023-12-31
CGBD,2024-02-26,income_statement,income_statement,InterestIncomeOperatingPaidInKind,InterestIncomeOperatingPaidInKind,0,c-64,,,,,,False,InterestIncomeOperatingPaidInKind,,,2023-12-31
CGBD,2024-02-26,income_statement,income_statement,OtherIncome,OtherIncome,8000,c-62,,,,,,False,OtherIncome,,,2023-12-31
CGBD,2024-02-26,income_statement,income_statement,OtherIncome,OtherIncome,9000,c-63,,,,,,False,OtherIncome,,,2023-12-31
CGBD,2024-02-26,income_statement,income_statement,OtherIncome,OtherIncome,10000,c-64,,,,,,False,OtherIncome,,,2023-12-31
CGBD,2024-02-26,income_statement,income_statement,GrossInvestmentIncomeOperating,GrossInvestmentIncomeOperating,6393000,c-62,,,,,,False,GrossInvestmentIncomeOperating,,,2023-12-31
CGBD,2024-02-26,income_statement,income_statement,GrossInvestmentIncomeOperating,GrossInvestmentIncomeOperating,10105000,c-63,,,,,,False,GrossInvestmentIncomeOperating,,,2023-12-31
CGBD,2024-02-26,income_statement,income_statement,GrossInvestmentIncomeOperating,GrossInvestmentIncomeOperating,183000,c-64,,,,,,False,GrossInvestmentIncomeOperating,,,2023-12-31
CGBD,2024-02-26,income_statement,income_statement,InterestIncomeOperatingPaidInCash,InterestIncomeOperatingPaidInCash,0,c-65,,,,,,False,InterestIncomeOperatingPaidInCash,,,2023-12-31
CGBD,2024-02-26,income_statement,income_statement,InterestIncomeOperatingPaidInCash,InterestIncomeOperatingPaidInCash,3873000,c-66,,,,,,False,InterestIncomeOperatingPaidInCash,,,2023-12-31
CGBD,2024-02-26,income_statement,income_statement,InterestIncomeOperatingPaidInCash,InterestIncomeOperatingPaidInCash,185000,c-67,,,,,,False,InterestIncomeOperatingPaidInCash,,,2023-12-31
CGBD,2024-02-26,income_statement,income_statement,DividendIncomeOperating,DividendIncomeOperating,33104000,c-65,,,,,,False,DividendIncomeOperating,,,2023-12-31
CGBD,2024-02-26,income_statement,income_statement,DividendIncomeOperating,DividendIncomeOperating,30848000,c-66,,,,,,False,DividendIncomeOperating,,,2023-12-31
CGBD,2024-02-26,income_statement,income_statement,DividendIncomeOperating,DividendIncomeOperating,30063000,c-67,,,,,,False,DividendIncomeOperating,,,2023-12-31
CGBD,2024-02-26,income_statement,income_statement,OtherIncome,OtherIncome,0,c-65,,,,,,False,OtherIncome,,,2023-12-31
CGBD,2024-02-26,income_statement,income_statement,OtherIncome,OtherIncome,272000,c-66,,,,,,False,OtherIncome,,,2023-12-31
CGBD,2024-02-26,income_statement,income_statement,OtherIncome,OtherIncome,21000,c-67,,,,,,False,OtherIncome,,,2023-12-31
CGBD,2024-02-26,income_statement,income_statement,GrossInvestmentIncomeOperating,GrossInvestmentIncomeOperating,33104000,c-65,,,,,,False,GrossInvestmentIncomeOperating,,,2023-12-31
CGBD,2024-02-26,income_statement,income_statement,GrossInvestmentIncomeOperating,GrossInvestmentIncomeOperating,34993000,c-66,,,,,,False,GrossInvestmentIncomeOperating,,,2023-12-31
CGBD,2024-02-26,income_statement,income_statement,GrossInvestmentIncomeOperating,GrossInvestmentIncomeOperating,30269000,c-67,,,,,,False,GrossInvestmentIncomeOperating,,,2023-12-31
CGBD,2024-02-26,income_statement,income_statement,GrossInvestmentIncomeOperating,GrossInvestmentIncomeOperating,241626000,c-1,,,,,,False,GrossInvestmentIncomeOperating,,,2023-12-31
CGBD,2024-02-26,income_statement,income_statement,GrossInvestmentIncomeOperating,GrossInvestmentIncomeOperating,207256000,c-68,,,,,,False,GrossInvestmentIncomeOperating,,,2023-12-31
CGBD,2024-02-26,income_statement,income_statement,GrossInvestmentIncomeOperating,GrossInvestmentIncomeOperating,171238000,c-69,,,,,,False,GrossInvestmentIncomeOperating,,,2023-12-31
CGBD,2024-02-26,income_statement,income_statement,ManagementFeeExpense,ManagementFeeExpense,28515000,c-1,,,,,,False,ManagementFeeExpense,,,2023-12-31
CGBD,2024-02-26,income_statement,income_statement,ManagementFeeExpense,ManagementFeeExpense,28803000,c-68,,,,,,False,ManagementFeeExpense,,,2023-12-31
CGBD,2024-02-26,income_statement,income_statement,ManagementFeeExpense,ManagementFeeExpense,28343000,c-69,,,,,,False,ManagementFeeExpense,,,2023-12-31
CGBD,2024-02-26,income_statement,income_statement,IncentiveFeeExpense,IncentiveFeeExpense,22622000,c-1,,,,,,False,IncentiveFeeExpense,,,2023-12-31
CGBD,2024-02-26,income_statement,income_statement,IncentiveFeeExpense,IncentiveFeeExpense,21414000,c-68,,,,,,False,IncentiveFeeExpense,,,2023-12-31
CGBD,2024-02-26,income_statement,income_statement,IncentiveFeeExpense,IncentiveFeeExpense,17680000,c-69,,,,,,False,IncentiveFeeExpense,,,2023-12-31
CGBD,2024-02-26,income_statement,income_statement,AdministrativeFeesExpense,AdministrativeFeesExpense,1280000,c-1,,,,,,False,AdministrativeFeesExpense,,,2023-12-31
CGBD,2024-02-26,income_statement,income_statement,AdministrativeFeesExpense,AdministrativeFeesExpense,1636000,c-68,,,,,,False,AdministrativeFeesExpense,,,2023-12-31
CGBD,2024-02-26,income_statement,income_statement,AdministrativeFeesExpense,AdministrativeFeesExpense,1338000,c-69,,,,,,False,AdministrativeFeesExpense,,,2023-12-31
CGBD,2024-02-26,income_statement,income_statement,InterestExpenseAndLineOfCreditFacilityCommitmentFeeAmount,InterestExpenseAndLineOfCreditFacilityCommitmentFeeAmount,71711000,c-1,,,,,,False,InterestExpenseAndLineOfCreditFacilityCommitmentFeeAmount,,,2023-12-31
CGBD,2024-02-26,income_statement,income_statement,InterestExpenseAndLineOfCreditFacilityCommitmentFeeAmount,InterestExpenseAndLineOfCreditFacilityCommitmentFeeAmount,43961000,c-68,,,,,,False,InterestExpenseAndLineOfCreditFacilityCommitmentFeeAmount,,,2023-12-31
CGBD,2024-02-26,income_statement,income_statement,InterestExpenseAndLineOfCreditFacilityCommitmentFeeAmount,InterestExpenseAndLineOfCreditFacilityCommitmentFeeAmount,30753000,c-69,,,,,,False,InterestExpenseAndLineOfCreditFacilityCommitmentFeeAmount,,,2023-12-31
CGBD,2024-02-26,income_statement,income_statement,NoninterestExpenseDirectorsFees,NoninterestExpenseDirectorsFees,444000,c-1,,,,,,False,NoninterestExpenseDirectorsFees,,,2023-12-31
CGBD,2024-02-26,income_statement,income_statement,NoninterestExpenseDirectorsFees,NoninterestExpenseDirectorsFees,640000,c-68,,,,,,False,NoninterestExpenseDirectorsFees,,,2023-12-31
CGBD,2024-02-26,income_statement,income_statement,NoninterestExpenseDirectorsFees,NoninterestExpenseDirectorsFees,561000,c-69,,,,,,False,NoninterestExpenseDirectorsFees,,,2023-12-31
CGBD,2024-02-26,income_statement,income_statement,OtherGeneralAndAdministrativeExpense,OtherGeneralAndAdministrativeExpense,1960000,c-1,,,,,,False,OtherGeneralAndAdministrativeExpense,,,2023-12-31
CGBD,2024-02-26,income_statement,income_statement,OtherGeneralAndAdministrativeExpense,OtherGeneralAndAdministrativeExpense,1872000,c-68,,,,,,False,OtherGeneralAndAdministrativeExpense,,,2023-12-31
CGBD,2024-02-26,income_statement,income_statement,OtherGeneralAndAdministrativeExpense,OtherGeneralAndAdministrativeExpense,1765000,c-69,,,,,,False,OtherGeneralAndAdministrativeExpense,,,2023-12-31
CGBD,2024-02-26,income_statement,income_statement,InvestmentIncomeInvestmentExpense,InvestmentIncomeInvestmentExpense,129220000,c-1,,,,,,False,InvestmentIncomeInvestmentExpense,,,2023-12-31
CGBD,2024-02-26,income_statement,income_statement,InvestmentIncomeInvestmentExpense,InvestmentIncomeInvestmentExpense,101385000,c-68,,,,,,False,InvestmentIncomeInvestmentExpense,,,2023-12-31
CGBD,2024-02-26,income_statement,income_statement,InvestmentIncomeInvestmentExpense,InvestmentIncomeInvestmentExpense,83605000,c-69,,,,,,False,InvestmentIncomeInvestmentExpense,,,2023-12-31
CGBD,2024-02-26,income_statement,income_statement,NetInvestmentIncome,NetInvestmentIncome,112406000,c-1,,,,,,False,NetInvestmentIncome,,,2023-12-31
CGBD,2024-02-26,income_statement,income_statement,NetInvestmentIncome,NetInvestmentIncome,105871000,c-68,,,,,,False,NetInvestmentIncome,,,2023-12-31
CGBD,2024-02-26,income_statement,income_statement,NetInvestmentIncome,NetInvestmentIncome,87633000,c-69,,,,,,False,NetInvestmentIncome,,,2023-12-31
CGBD,2024-02-26,income_statement,income_statement,InvestmentIncomeOperatingTaxExpenseBenefit,InvestmentIncomeOperatingTaxExpenseBenefit,2435000,c-1,,,,,,False,InvestmentIncomeOperatingTaxExpenseBenefit,,,2023-12-31
CGBD,2024-02-26,income_statement,income_statement,InvestmentIncomeOperatingTaxExpenseBenefit,InvestmentIncomeOperatingTaxExpenseBenefit,1829000,c-68,,,,,,False,InvestmentIncomeOperatingTaxExpenseBenefit,,,2023-12-31
CGBD,2024-02-26,income_statement,income_statement,InvestmentIncomeOperatingTaxExpenseBenefit,InvestmentIncomeOperatingTaxExpenseBenefit,782000,c-69,,,,,,False,InvestmentIncomeOperatingTaxExpenseBenefit,,,2023-12-31
CGBD,2024-02-26,income_statement,income_statement,InvestmentIncomeOperatingAfterExpenseAndTax,InvestmentIncomeOperatingAfterExpenseAndTax,109971000,c-1,,,,,,False,InvestmentIncomeOperatingAfterExpenseAndTax,,,2023-12-31
CGBD,2024-02-26,income_statement,income_statement,InvestmentIncomeOperatingAfterExpenseAndTax,InvestmentIncomeOperatingAfterExpenseAndTax,104042000,c-68,,,,,,False,InvestmentIncomeOperatingAfterExpenseAndTax,,,2023-12-31
CGBD,2024-02-26,income_statement,income_statement,InvestmentIncomeOperatingAfterExpenseAndTax,InvestmentIncomeOperatingAfterExpenseAndTax,86851000,c-69,,,,,,False,InvestmentIncomeOperatingAfterExpenseAndTax,,,2023-12-31
CGBD,2024-02-26,income_statement,income_statement,NetIncomeLoss,NetIncomeLoss,92280000,c-1,,,,,,False,NetIncomeLoss,,net_income,2023-12-31
CGBD,2024-02-26,income_statement,income_statement,NetIncomeLoss,NetIncomeLoss,85637000,c-68,,,,,,False,NetIncomeLoss,,net_income,2023-12-31
CGBD,2024-02-26,income_statement,income_statement,NetIncomeLoss,NetIncomeLoss,160353000,c-69,,,,,,False,NetIncomeLoss,,net_income,2023-12-31
CGBD,2024-02-26,income_statement,income_statement,PreferredStockDividendsIncomeStatementImpact,PreferredStockDividendsIncomeStatementImpact,3500000,c-1,,,,,,False,PreferredStockDividendsIncomeStatementImpact,,,2023-12-31
CGBD,2024-02-26,income_statement,income_statement,PreferredStockDividendsIncomeStatementImpact,PreferredStockDividendsIncomeStatementImpact,3500000,c-68,,,,,,False,PreferredStockDividendsIncomeStatementImpact,,,2023-12-31
CGBD,2024-02-26,income_statement,income_statement,PreferredStockDividendsIncomeStatementImpact,PreferredStockDividendsIncomeStatementImpact,3500000,c-69,,,,,,False,PreferredStockDividendsIncomeStatementImpact,,,2023-12-31
CGBD,2024-02-26,income_statement,income_statement,IncreaseDecreaseInInterestAndDividendsReceivable,IncreaseDecreaseInInterestAndDividendsReceivable,9702000,c-1,,,,,,False,IncreaseDecreaseInInterestAndDividendsReceivable,,,2023-12-31
CGBD,2024-02-26,income_statement,income_statement,IncreaseDecreaseInInterestAndDividendsReceivable,IncreaseDecreaseInInterestAndDividendsReceivable,3879000,c-68,,,,,,False,IncreaseDecreaseInInterestAndDividendsReceivable,,,2023-12-31
CGBD,2024-02-26,income_statement,income_statement,IncreaseDecreaseInInterestAndDividendsReceivable,IncreaseDecreaseInInterestAndDividendsReceivable,461000,c-69,,,,,,False,IncreaseDecreaseInInterestAndDividendsReceivable,,,2023-12-31
CGBD,2024-02-26,income_statement,income_statement,IncomeTaxesPaid,IncomeTaxesPaid,1839000,c-1,,,,,,False,IncomeTaxesPaid,,,2023-12-31
CGBD,2024-02-26,income_statement,income_statement,IncomeTaxesPaid,IncomeTaxesPaid,774000,c-68,,,,,,False,IncomeTaxesPaid,,,2023-12-31
CGBD,2024-02-26,income_statement,income_statement,IncomeTaxesPaid,IncomeTaxesPaid,641000,c-69,,,,,,False,IncomeTaxesPaid,,,2023-12-31
CGBD,2024-02-26,income_statement,income_statement,InterestAndDividendIncomeSecurities,InterestAndDividendIncomeSecurities,22000000,c-274,,,,,,False,InterestAndDividendIncomeSecurities,,,2023-12-31
CGBD,2024-02-26,income_statement,income_statement,InterestAndDividendIncomeSecurities,InterestAndDividendIncomeSecurities,0,c-277,,,,,,False,InterestAndDividendIncomeSecurities,,,2023-12-31
CGBD,2024-02-26,income_statement,income_statement,InterestAndDividendIncomeSecurities,InterestAndDividendIncomeSecurities,11104000,c-280,,,,,,False,InterestAndDividendIncomeSecurities,,,2023-12-31
CGBD,2024-02-26,income_statement,income_statement,InterestAndDividendIncomeSecurities,InterestAndDividendIncomeSecurities,33104000,c-283,,,,,,False,InterestAndDividendIncomeSecurities,,,2023-12-31
CGBD,2024-02-26,income_statement,income_statement,InterestAndDividendIncomeSecurities,InterestAndDividendIncomeSecurities,5713000,c-286,,,,,,False,InterestAndDividendIncomeSecurities,,,2023-12-31
CGBD,2024-02-26,income_statement,income_statement,InterestAndDividendIncomeSecurities,InterestAndDividendIncomeSecurities,672000,c-289,,,,,,False,InterestAndDividendIncomeSecurities,,,2023-12-31
CGBD,2024-02-26,income_statement,income_statement,InterestAndDividendIncomeSecurities,InterestAndDividendIncomeSecurities,0,c-292,,,,,,False,InterestAndDividendIncomeSecurities,,,2023-12-31
CGBD,2024-02-26,income_statement,income_statement,InterestAndDividendIncomeSecurities,InterestAndDividendIncomeSecurities,6385000,c-295,,,,,,False,InterestAndDividendIncomeSecurities,,,2023-12-31
CGBD,2024-02-26,income_statement,income_statement,InterestAndDividendIncomeSecurities,InterestAndDividendIncomeSecurities,10348000,c-626,,,,,,False,InterestAndDividendIncomeSecurities,,,2023-12-31
CGBD,2024-02-26,income_statement,income_statement,InterestAndDividendIncomeSecurities,InterestAndDividendIncomeSecurities,20500000,c-628,,,,,,False,InterestAndDividendIncomeSecurities,,,2023-12-31
CGBD,2024-02-26,income_statement,income_statement,InterestAndDividendIncomeSecurities,InterestAndDividendIncomeSecurities,0,c-630,,,,,,False,InterestAndDividendIncomeSecurities,,,2023-12-31
CGBD,2024-02-26,income_statement,income_statement,InterestAndDividendIncomeSecurities,InterestAndDividendIncomeSecurities,30848000,c-633,,,,,,False,InterestAndDividendIncomeSecurities,,,2023-12-31
CGBD,2024-02-26,income_statement,income_statement,InterestAndDividendIncomeSecurities,InterestAndDividendIncomeSecurities,8000,c-635,,,,,,False,InterestAndDividendIncomeSecurities,,,2023-12-31
CGBD,2024-02-26,income_statement,income_statement,InterestAndDividendIncomeSecurities,InterestAndDividendIncomeSecurities,1031000,c-638,,,,,,False,InterestAndDividendIncomeSecurities,,,2023-12-31
CGBD,2024-02-26,income_statement,income_statement,InterestAndDividendIncomeSecurities,InterestAndDividendIncomeSecurities,2834000,c-641,,,,,,False,InterestAndDividendIncomeSecurities,,,2023-12-31
CGBD,2024-02-26,income_statement,income_statement,InterestAndDividendIncomeSecurities,InterestAndDividendIncomeSecurities,0,c-644,,,,,,False,InterestAndDividendIncomeSecurities,,,2023-12-31
CGBD,2024-02-26,income_statement,income_statement,InterestAndDividendIncomeSecurities,InterestAndDividendIncomeSecurities,3873000,c-647,,,,,,False,InterestAndDividendIncomeSecurities,,,2023-12-31
CGBD,2024-02-26,income_statement,income_statement,InterestAndDividendIncomeSecurities,InterestAndDividendIncomeSecurities,9864000,c-650,,,,,,False,InterestAndDividendIncomeSecurities,,,2023-12-31
CGBD,2024-02-26,income_statement,income_statement,InterestAndDividendIncomeSecurities,InterestAndDividendIncomeSecurities,232000,c-652,,,,,,False,InterestAndDividendIncomeSecurities,,,2023-12-31
CGBD,2024-02-26,income_statement,income_statement,InterestAndDividendIncomeSecurities,InterestAndDividendIncomeSecurities,0,c-655,,,,,,False,InterestAndDividendIncomeSecurities,,,2023-12-31
CGBD,2024-02-26,income_statement,income_statement,InterestAndDividendIncomeSecurities,InterestAndDividendIncomeSecurities,10096000,c-657,,,,,,False,InterestAndDividendIncomeSecurities,,,2023-12-31
CGBD,2024-02-26,income_statement,income_statement,RevenueRecognitionPolicyTextBlock,RevenueRecognitionPolicyTextBlock,"<div style=""margin-top:12pt""><span style=""color:#000000;font-family:'Times New Roman',sans-serif;font-size:10pt;font-style:italic;font-weight:700;line-height:120%"">Revenue Recognition</span></div><div style=""margin-top:6pt""><span style=""color:#000000;font-family:'Times New Roman',sans-serif;font-size:10pt;font-style:italic;font-weight:400;line-height:120%"">Interest from Investments</span></div><div style=""margin-top:6pt;text-indent:36pt""><span style=""color:#000000;font-family:'Times New Roman',sans-serif;font-size:10pt;font-weight:400;line-height:120%"">Interest income is recorded on an accrual basis and includes the accretion of discounts and amortization of premiums. Discounts from and premiums to par value on debt investments purchased are accreted/amortized into interest income over the life of the respective security using the effective interest method. The amortized cost of debt investments represents the original </span></div><div style=""margin-top:6pt""><span style=""color:#000000;font-family:'Times New Roman',sans-serif;font-size:10pt;font-weight:400;line-height:120%"">cost, including origination fees and upfront fees received that are deemed to be an adjustment to yield, adjusted for the accretion of discounts and amortization of premiums, if any.</span></div><div style=""margin-top:12pt;text-indent:36pt""><span style=""color:#000000;font-family:'Times New Roman',sans-serif;font-size:10pt;font-weight:400;line-height:120%"">The Company may have loans in its portfolio that contain payment-in-kind (“PIK”) provisions. PIK income represents interest that is accrued and recorded as interest income at the contractual rates, increases the loan principal on the respective capitalization dates, and is generally due at maturity. As of December 31, 2023 and 2022, the fair value of the loans in the portfolio with PIK provisions was $337,061 and $176,773, respectively, which  represents approximately 18.3% and 8.9%, respectively, of total investments at fair value. For the years ended December 31, 2023, 2022 and 2021, the Company earned $20,491, $23,067, and $9,346 in PIK income, respectively. In 2022, the Company began presenting PIK income as a separate financial statement line item in the accompanying Consolidated Statements of Operations, which had previously been included in interest income. Prior periods have been conformed to the current presentation.</span></div><div style=""margin-top:12pt;text-indent:36pt""><span style=""color:#000000;font-family:'Times New Roman',sans-serif;font-size:10pt;font-weight:400;line-height:120%"">In 2022, the Company separately presented interest receivable and dividend receivable on the accompanying Consolidated Statements of Cash Flows. In 2023, the amounts are presented collectively on the Consolidated Statements of Cash Flows. Prior periods have been conformed to the current presentation.</span></div><div style=""margin-top:12pt""><span style=""color:#000000;font-family:'Times New Roman',sans-serif;font-size:10pt;font-style:italic;font-weight:400;line-height:120%"">Dividend Income</span></div><div style=""margin-top:6pt;text-indent:36pt""><span style=""color:#000000;font-family:'Times New Roman',sans-serif;font-size:10pt;font-weight:400;line-height:120%"">Dividend income from the investment funds, Credit Fund and Credit Fund II, and other investments funds, if any, is recorded on the record date for the investment fund to the extent that such amounts are payable by the investment funds and are expected to be collected.</span></div><div style=""margin-top:12pt""><span style=""color:#000000;font-family:'Times New Roman',sans-serif;font-size:10pt;font-style:italic;font-weight:400;line-height:120%"">Other Income</span></div><div style=""margin-top:6pt;text-indent:36pt""><span style=""color:#000000;font-family:'Times New Roman',sans-serif;font-size:10pt;font-weight:400;line-height:120%"">Other income may include income such as consent, waiver, amendment, unused, underwriting, arranger and prepayment fees associated with the Company’s investment activities as well as any fees for managerial assistance services rendered by the Company to the portfolio companies. Such fees are recognized as income when earned or the services are rendered. The Company may receive fees for guaranteeing the outstanding debt of a portfolio company. Such fees are amortized into other income over the life of the guarantee. The unamortized amount, if any, is included in prepaid expenses and other assets in the accompanying Consolidated Statements of Assets and Liabilities. For the years ended December 31, 2023, 2022 and 2021, the Company earned $5,003, $7,583 and $6,397, respectively, in other income, primarily from prepayment, commitment and amendment fees.</span></div><div style=""margin-top:12pt""><span style=""color:#000000;font-family:'Times New Roman',sans-serif;font-size:10pt;font-style:italic;font-weight:400;line-height:120%"">Non-Accrual Income</span></div>Loans are generally placed on non-accrual status when principal or interest payments are past due or when there is reasonable doubt that principal or interest will be collected in full. Accrued and unpaid interest is generally reversed when a loan is placed on non-accrual status. Interest payments received on non-accrual loans may be recognized as income or applied to principal depending upon management’s judgment regarding collectability. Non-accrual loans are restored to accrual status when past due principal and interest are current or there is no longer any reasonable doubt that such principal or interest will be collected in full and, in management’s judgment, are likely to remain current. Management may determine not to place a loan on non-accrual status if the loan has sufficient collateral value and is in the process of collection.",c-1,,,,,,False,RevenueRecognitionPolicyTextBlock,,,2023-12-31
CGBD,2024-02-26,income_statement,income_statement,InterestIncomeOperatingPaidInKind,InterestIncomeOperatingPaidInKind,20491000,c-1,,,,,,False,InterestIncomeOperatingPaidInKind,,,2023-12-31
CGBD,2024-02-26,income_statement,income_statement,InterestIncomeOperatingPaidInKind,InterestIncomeOperatingPaidInKind,23067000,c-68,,,,,,False,InterestIncomeOperatingPaidInKind,,,2023-12-31
CGBD,2024-02-26,income_statement,income_statement,InterestIncomeOperatingPaidInKind,InterestIncomeOperatingPaidInKind,9346000,c-69,,,,,,False,InterestIncomeOperatingPaidInKind,,,2023-12-31
CGBD,2024-02-26,income_statement,income_statement,OtherIncome,OtherIncome,5003000,c-1,,,,,,False,OtherIncome,,,2023-12-31
CGBD,2024-02-26,income_statement,income_statement,OtherIncome,OtherIncome,7583000,c-68,,,,,,False,OtherIncome,,,2023-12-31
CGBD,2024-02-26,income_statement,income_statement,OtherIncome,OtherIncome,6397000,c-69,,,,,,False,OtherIncome,,,2023-12-31
CGBD,2024-02-26,income_statement,income_statement,IncomeTaxPolicyTextBlock,IncomeTaxPolicyTextBlock,"<div style=""margin-top:12pt""><span style=""color:#000000;font-family:'Times New Roman',sans-serif;font-size:10pt;font-style:italic;font-weight:700;line-height:120%"">Income Taxes</span></div><div style=""margin-top:6pt;text-indent:36pt""><span style=""color:#000000;font-family:'Times New Roman',sans-serif;font-size:10pt;font-weight:400;line-height:120%"">For federal income tax purposes, the Company has elected to be treated as a RIC under the Code, and intends to make the required distributions to its stockholders as specified therein. In order to qualify as a RIC, the Company must meet certain minimum distribution, source-of-income and asset diversification requirements. If such requirements are met, then the Company is generally required to pay income taxes only on the portion of its taxable income and gains it does not distribute.</span></div><div style=""margin-top:12pt;text-indent:36pt""><span style=""color:#000000;font-family:'Times New Roman',sans-serif;font-size:10pt;font-weight:400;line-height:120%"">The minimum distribution requirements applicable to RICs require the Company to distribute to its stockholders at least 90% of its investment company taxable income (“ICTI”), as defined by the Code, each year. Depending on the level of ICTI earned in a tax year, the Company may choose to carry forward ICTI in excess of current year distributions into the next tax year. Any such carryover ICTI must be distributed before the end of that next tax year through a dividend declared prior to filing the final tax return related to the year which generated such ICTI.</span></div><div style=""margin-top:12pt;text-indent:36pt""><span style=""color:#000000;font-family:'Times New Roman',sans-serif;font-size:10pt;font-weight:400;line-height:120%"">In addition, based on the excise distribution requirements, the Company is subject to a 4% nondeductible federal excise tax on undistributed income unless the Company distributes in a timely manner an amount at least equal to the sum of (1) 98% of its ordinary income for each calendar year, (2) 98.2% of capital gain net income (both long-term and short-term) for the one-year period ending October 31 in that calendar year and (3) any income realized, but not distributed, in the preceding year. For this purpose, however, any ordinary income or capital gain net income retained by the Company that is subject to corporate income tax is considered to have been distributed. The Company intends to make sufficient distributions each taxable year to satisfy the excise distribution requirements as reasonable. For the years ended December 31, 2023, 2022 and 2021, the Company incurred $2,435, $1,829 and $782, respectively, in excise tax expense. </span></div>The Company evaluates tax positions taken or expected to be taken in the course of preparing its consolidated financial statements to determine whether the tax positions are “more likely than not” to be sustained by the applicable tax authority. The SPV and the 2015-1 Issuer are disregarded entities for tax purposes and are consolidated with the tax return of the Company. All penalties and interest associated with income taxes, if any, are included in income tax expense.",c-1,,,,,,False,IncomeTaxPolicyTextBlock,,,2023-12-31
CGBD,2024-02-26,income_statement,income_statement,ManagementFeeAndIncentiveFeeExpense,ManagementFeeAndIncentiveFeeExpense,51137000,c-1,,,,,,False,ManagementFeeAndIncentiveFeeExpense,,,2023-12-31
CGBD,2024-02-26,income_statement,income_statement,ManagementFeeAndIncentiveFeeExpense,ManagementFeeAndIncentiveFeeExpense,50217000,c-68,,,,,,False,ManagementFeeAndIncentiveFeeExpense,,,2023-12-31
CGBD,2024-02-26,income_statement,income_statement,ManagementFeeAndIncentiveFeeExpense,ManagementFeeAndIncentiveFeeExpense,46023000,c-69,,,,,,False,ManagementFeeAndIncentiveFeeExpense,,,2023-12-31
CGBD,2024-02-26,income_statement,income_statement,IncentiveFeeExpense,IncentiveFeeExpense,0,c-1106,,,,,,False,IncentiveFeeExpense,,,2023-12-31
CGBD,2024-02-26,income_statement,income_statement,IncentiveFeeExpense,IncentiveFeeExpense,0,c-1107,,,,,,False,IncentiveFeeExpense,,,2023-12-31
CGBD,2024-02-26,income_statement,income_statement,IncentiveFeeExpense,IncentiveFeeExpense,0,c-1108,,,,,,False,IncentiveFeeExpense,,,2023-12-31
CGBD,2024-02-26,income_statement,income_statement,OtherGeneralAndAdministrativeExpense,OtherGeneralAndAdministrativeExpense,669000,c-1111,,,,,,False,OtherGeneralAndAdministrativeExpense,,,2023-12-31
CGBD,2024-02-26,income_statement,income_statement,OtherGeneralAndAdministrativeExpense,OtherGeneralAndAdministrativeExpense,807000,c-1112,,,,,,False,OtherGeneralAndAdministrativeExpense,,,2023-12-31
CGBD,2024-02-26,income_statement,income_statement,OtherGeneralAndAdministrativeExpense,OtherGeneralAndAdministrativeExpense,684000,c-1113,,,,,,False,OtherGeneralAndAdministrativeExpense,,,2023-12-31
CGBD,2024-02-26,income_statement,income_statement,GrossInvestmentIncomeOperating,GrossInvestmentIncomeOperating,90448000,c-1145,,,,,,False,GrossInvestmentIncomeOperating,,,2023-12-31
CGBD,2024-02-26,income_statement,income_statement,GrossInvestmentIncomeOperating,GrossInvestmentIncomeOperating,69779000,c-1146,,,,,,False,GrossInvestmentIncomeOperating,,,2023-12-31
CGBD,2024-02-26,income_statement,income_statement,GrossInvestmentIncomeOperating,GrossInvestmentIncomeOperating,68397000,c-1147,,,,,,False,GrossInvestmentIncomeOperating,,,2023-12-31
CGBD,2024-02-26,income_statement,income_statement,OtherExpenses,OtherExpenses,1939000,c-1145,,,,,,False,OtherExpenses,,,2023-12-31
CGBD,2024-02-26,income_statement,income_statement,OtherExpenses,OtherExpenses,2050000,c-1146,,,,,,False,OtherExpenses,,,2023-12-31
CGBD,2024-02-26,income_statement,income_statement,OtherExpenses,OtherExpenses,1992000,c-1147,,,,,,False,OtherExpenses,,,2023-12-31
CGBD,2024-02-26,income_statement,income_statement,InvestmentIncomeInvestmentExpense,InvestmentIncomeInvestmentExpense,43396000,c-1145,,,,,,False,InvestmentIncomeInvestmentExpense,,,2023-12-31
CGBD,2024-02-26,income_statement,income_statement,InvestmentIncomeInvestmentExpense,InvestmentIncomeInvestmentExpense,27245000,c-1146,,,,,,False,InvestmentIncomeInvestmentExpense,,,2023-12-31
CGBD,2024-02-26,income_statement,income_statement,InvestmentIncomeInvestmentExpense,InvestmentIncomeInvestmentExpense,23755000,c-1147,,,,,,False,InvestmentIncomeInvestmentExpense,,,2023-12-31
CGBD,2024-02-26,income_statement,income_statement,InvestmentIncomeOperatingAfterExpenseAndTax,InvestmentIncomeOperatingAfterExpenseAndTax,47052000,c-1145,,,,,,False,InvestmentIncomeOperatingAfterExpenseAndTax,,,2023-12-31
CGBD,2024-02-26,income_statement,income_statement,InvestmentIncomeOperatingAfterExpenseAndTax,InvestmentIncomeOperatingAfterExpenseAndTax,42534000,c-1146,,,,,,False,InvestmentIncomeOperatingAfterExpenseAndTax,,,2023-12-31
CGBD,2024-02-26,income_statement,income_statement,InvestmentIncomeOperatingAfterExpenseAndTax,InvestmentIncomeOperatingAfterExpenseAndTax,44642000,c-1147,,,,,,False,InvestmentIncomeOperatingAfterExpenseAndTax,,,2023-12-31
CGBD,2024-02-26,income_statement,income_statement,NetIncomeLoss,NetIncomeLoss,38393000,c-1145,,,,,,False,NetIncomeLoss,,net_income,2023-12-31
CGBD,2024-02-26,income_statement,income_statement,NetIncomeLoss,NetIncomeLoss,4651000,c-1146,,,,,,False,NetIncomeLoss,,net_income,2023-12-31
CGBD,2024-02-26,income_statement,income_statement,NetIncomeLoss,NetIncomeLoss,54226000,c-1147,,,,,,False,NetIncomeLoss,,net_income,2023-12-31
CGBD,2024-02-26,income_statement,income_statement,GrossInvestmentIncomeOperating,GrossInvestmentIncomeOperating,28010000,c-1333,,,,,,False,GrossInvestmentIncomeOperating,,,2023-12-31
CGBD,2024-02-26,income_statement,income_statement,GrossInvestmentIncomeOperating,GrossInvestmentIncomeOperating,20595000,c-1334,,,,,,False,GrossInvestmentIncomeOperating,,,2023-12-31
CGBD,2024-02-26,income_statement,income_statement,GrossInvestmentIncomeOperating,GrossInvestmentIncomeOperating,18822000,c-1335,,,,,,False,GrossInvestmentIncomeOperating,,,2023-12-31
CGBD,2024-02-26,income_statement,income_statement,OtherExpenses,OtherExpenses,903000,c-1333,,,,,,False,OtherExpenses,,,2023-12-31
CGBD,2024-02-26,income_statement,income_statement,OtherExpenses,OtherExpenses,842000,c-1334,,,,,,False,OtherExpenses,,,2023-12-31
CGBD,2024-02-26,income_statement,income_statement,OtherExpenses,OtherExpenses,897000,c-1335,,,,,,False,OtherExpenses,,,2023-12-31
CGBD,2024-02-26,income_statement,income_statement,InvestmentIncomeInvestmentExpense,InvestmentIncomeInvestmentExpense,13656000,c-1333,,,,,,False,InvestmentIncomeInvestmentExpense,,,2023-12-31
CGBD,2024-02-26,income_statement,income_statement,InvestmentIncomeInvestmentExpense,InvestmentIncomeInvestmentExpense,8245000,c-1334,,,,,,False,InvestmentIncomeInvestmentExpense,,,2023-12-31
CGBD,2024-02-26,income_statement,income_statement,InvestmentIncomeInvestmentExpense,InvestmentIncomeInvestmentExpense,5592000,c-1335,,,,,,False,InvestmentIncomeInvestmentExpense,,,2023-12-31
CGBD,2024-02-26,income_statement,income_statement,InvestmentIncomeOperatingAfterExpenseAndTax,InvestmentIncomeOperatingAfterExpenseAndTax,14354000,c-1333,,,,,,False,InvestmentIncomeOperatingAfterExpenseAndTax,,,2023-12-31
CGBD,2024-02-26,income_statement,income_statement,InvestmentIncomeOperatingAfterExpenseAndTax,InvestmentIncomeOperatingAfterExpenseAndTax,12350000,c-1334,,,,,,False,InvestmentIncomeOperatingAfterExpenseAndTax,,,2023-12-31
CGBD,2024-02-26,income_statement,income_statement,InvestmentIncomeOperatingAfterExpenseAndTax,InvestmentIncomeOperatingAfterExpenseAndTax,13230000,c-1335,,,,,,False,InvestmentIncomeOperatingAfterExpenseAndTax,,,2023-12-31
CGBD,2024-02-26,income_statement,income_statement,NetIncomeLoss,NetIncomeLoss,6625000,c-1333,,,,,,False,NetIncomeLoss,,net_income,2023-12-31
CGBD,2024-02-26,income_statement,income_statement,NetIncomeLoss,NetIncomeLoss,6281000,c-1334,,,,,,False,NetIncomeLoss,,net_income,2023-12-31
CGBD,2024-02-26,income_statement,income_statement,NetIncomeLoss,NetIncomeLoss,12790000,c-1335,,,,,,False,NetIncomeLoss,,net_income,2023-12-31
CGBD,2024-02-26,income_statement,income_statement,InvestmentIncomeOperatingAfterExpenseAndTax,InvestmentIncomeOperatingAfterExpenseAndTax,109971000,c-1533,,,,,,False,InvestmentIncomeOperatingAfterExpenseAndTax,,,2023-12-31
CGBD,2024-02-26,income_statement,income_statement,InvestmentIncomeOperatingAfterExpenseAndTax,InvestmentIncomeOperatingAfterExpenseAndTax,104042000,c-1551,,,,,,False,InvestmentIncomeOperatingAfterExpenseAndTax,,,2023-12-31
CGBD,2024-02-26,income_statement,income_statement,InvestmentIncomeOperatingAfterExpenseAndTax,InvestmentIncomeOperatingAfterExpenseAndTax,86851000,c-1562,,,,,,False,InvestmentIncomeOperatingAfterExpenseAndTax,,,2023-12-31
CGBD,2024-02-26,income_statement,income_statement,InvestmentCompanyInvestmentIncomeLossPerShare,InvestmentCompanyInvestmentIncomeLossPerShare,2.10,c-1,,,,,,False,InvestmentCompanyInvestmentIncomeLossPerShare,,,2023-12-31
CGBD,2024-02-26,income_statement,income_statement,InvestmentCompanyInvestmentIncomeLossPerShare,InvestmentCompanyInvestmentIncomeLossPerShare,1.93,c-68,,,,,,False,InvestmentCompanyInvestmentIncomeLossPerShare,,,2023-12-31
CGBD,2024-02-26,income_statement,income_statement,InvestmentCompanyInvestmentIncomeLossPerShare,InvestmentCompanyInvestmentIncomeLossPerShare,1.53,c-69,,,,,,False,InvestmentCompanyInvestmentIncomeLossPerShare,,,2023-12-31
CGBD,2024-02-26,income_statement,income_statement,InvestmentCompanyInvestmentIncomeLossPerShare,InvestmentCompanyInvestmentIncomeLossPerShare,1.54,c-1592,,,,,,False,InvestmentCompanyInvestmentIncomeLossPerShare,,,2023-12-31
CGBD,2024-02-26,income_statement,income_statement,InvestmentCompanyInvestmentIncomeLossPerShare,InvestmentCompanyInvestmentIncomeLossPerShare,1.79,c-1593,,,,,,False,InvestmentCompanyInvestmentIncomeLossPerShare,,,2023-12-31
CGBD,2024-02-26,income_statement,income_statement,InvestmentCompanyInvestmentIncomeLossFromOperationsPerShare,InvestmentCompanyInvestmentIncomeLossFromOperationsPerShare,1.75,c-1,,,,,,False,InvestmentCompanyInvestmentIncomeLossFromOperationsPerShare,,,2023-12-31
CGBD,2024-02-26,income_statement,income_statement,InvestmentCompanyInvestmentIncomeLossFromOperationsPerShare,InvestmentCompanyInvestmentIncomeLossFromOperationsPerShare,1.58,c-68,,,,,,False,InvestmentCompanyInvestmentIncomeLossFromOperationsPerShare,,,2023-12-31
CGBD,2024-02-26,income_statement,income_statement,InvestmentCompanyInvestmentIncomeLossFromOperationsPerShare,InvestmentCompanyInvestmentIncomeLossFromOperationsPerShare,2.89,c-69,,,,,,False,InvestmentCompanyInvestmentIncomeLossFromOperationsPerShare,,,2023-12-31
CGBD,2024-02-26,income_statement,income_statement,InvestmentCompanyInvestmentIncomeLossFromOperationsPerShare,InvestmentCompanyInvestmentIncomeLossFromOperationsPerShare,0.08,c-1592,,,,,,False,InvestmentCompanyInvestmentIncomeLossFromOperationsPerShare,,,2023-12-31
CGBD,2024-02-26,income_statement,income_statement,InvestmentCompanyInvestmentIncomeLossFromOperationsPerShare,InvestmentCompanyInvestmentIncomeLossFromOperationsPerShare,1.04,c-1593,,,,,,False,InvestmentCompanyInvestmentIncomeLossFromOperationsPerShare,,,2023-12-31
CGBD,2024-02-26,income_statement,income_statement,InvestmentCompanyExpenseRatioExcludingIncentiveFee,InvestmentCompanyExpenseRatioExcludingIncentiveFee,0.1266,c-1,,,,,,False,InvestmentCompanyExpenseRatioExcludingIncentiveFee,,,2023-12-31
CGBD,2024-02-26,income_statement,income_statement,InvestmentCompanyExpenseRatioExcludingIncentiveFee,InvestmentCompanyExpenseRatioExcludingIncentiveFee,0.0923,c-68,,,,,,False,InvestmentCompanyExpenseRatioExcludingIncentiveFee,,,2023-12-31
CGBD,2024-02-26,income_statement,income_statement,InvestmentCompanyExpenseRatioExcludingIncentiveFee,InvestmentCompanyExpenseRatioExcludingIncentiveFee,0.0762,c-69,,,,,,False,InvestmentCompanyExpenseRatioExcludingIncentiveFee,,,2023-12-31
CGBD,2024-02-26,income_statement,income_statement,InvestmentCompanyExpenseRatioExcludingIncentiveFee,InvestmentCompanyExpenseRatioExcludingIncentiveFee,0.0848,c-1592,,,,,,False,InvestmentCompanyExpenseRatioExcludingIncentiveFee,,,2023-12-31
CGBD,2024-02-26,income_statement,income_statement,InvestmentCompanyExpenseRatioExcludingIncentiveFee,InvestmentCompanyExpenseRatioExcludingIncentiveFee,0.0879,c-1593,,,,,,False,InvestmentCompanyExpenseRatioExcludingIncentiveFee,,,2023-12-31
CGBD,2024-02-26,income_statement,income_statement,InvestmentCompanyExpenseRatioIncludingIncentiveFee,InvestmentCompanyExpenseRatioIncludingIncentiveFee,0.1529,c-1,,,,,,False,InvestmentCompanyExpenseRatioIncludingIncentiveFee,,,2023-12-31
CGBD,2024-02-26,income_statement,income_statement,InvestmentCompanyExpenseRatioIncludingIncentiveFee,InvestmentCompanyExpenseRatioIncludingIncentiveFee,0.1165,c-68,,,,,,False,InvestmentCompanyExpenseRatioIncludingIncentiveFee,,,2023-12-31
CGBD,2024-02-26,income_statement,income_statement,InvestmentCompanyExpenseRatioIncludingIncentiveFee,InvestmentCompanyExpenseRatioIncludingIncentiveFee,0.0963,c-69,,,,,,False,InvestmentCompanyExpenseRatioIncludingIncentiveFee,,,2023-12-31
CGBD,2024-02-26,income_statement,income_statement,InvestmentCompanyExpenseRatioIncludingIncentiveFee,InvestmentCompanyExpenseRatioIncludingIncentiveFee,0.1059,c-1592,,,,,,False,InvestmentCompanyExpenseRatioIncludingIncentiveFee,,,2023-12-31
CGBD,2024-02-26,income_statement,income_statement,InvestmentCompanyExpenseRatioIncludingIncentiveFee,InvestmentCompanyExpenseRatioIncludingIncentiveFee,0.1105,c-1593,,,,,,False,InvestmentCompanyExpenseRatioIncludingIncentiveFee,,,2023-12-31
CGBD,2024-02-26,income_statement,income_statement,InvestmentCompanyExpenseRatioAfterIncentiveAllocation,InvestmentCompanyExpenseRatioAfterIncentiveAllocation,0.1529,c-1,,,,,,False,InvestmentCompanyExpenseRatioAfterIncentiveAllocation,,,2023-12-31
CGBD,2024-02-26,income_statement,income_statement,InvestmentCompanyExpenseRatioAfterIncentiveAllocation,InvestmentCompanyExpenseRatioAfterIncentiveAllocation,0.1165,c-68,,,,,,False,InvestmentCompanyExpenseRatioAfterIncentiveAllocation,,,2023-12-31
CGBD,2024-02-26,income_statement,income_statement,InvestmentCompanyExpenseRatioAfterIncentiveAllocation,InvestmentCompanyExpenseRatioAfterIncentiveAllocation,0.0963,c-69,,,,,,False,InvestmentCompanyExpenseRatioAfterIncentiveAllocation,,,2023-12-31
CGBD,2024-02-26,income_statement,income_statement,InvestmentCompanyExpenseRatioAfterIncentiveAllocation,InvestmentCompanyExpenseRatioAfterIncentiveAllocation,0.1059,c-1592,,,,,,False,InvestmentCompanyExpenseRatioAfterIncentiveAllocation,,,2023-12-31
CGBD,2024-02-26,income_statement,income_statement,InvestmentCompanyExpenseRatioAfterIncentiveAllocation,InvestmentCompanyExpenseRatioAfterIncentiveAllocation,0.1105,c-1593,,,,,,False,InvestmentCompanyExpenseRatioAfterIncentiveAllocation,,,2023-12-31
CGBD,2024-02-26,income_statement,income_statement,InvestmentCompanyInvestmentIncomeLossRatio,InvestmentCompanyInvestmentIncomeLossRatio,0.1277,c-1,,,,,,False,InvestmentCompanyInvestmentIncomeLossRatio,,,2023-12-31
CGBD,2024-02-26,income_statement,income_statement,InvestmentCompanyInvestmentIncomeLossRatio,InvestmentCompanyInvestmentIncomeLossRatio,0.1175,c-68,,,,,,False,InvestmentCompanyInvestmentIncomeLossRatio,,,2023-12-31
CGBD,2024-02-26,income_statement,income_statement,InvestmentCompanyInvestmentIncomeLossRatio,InvestmentCompanyInvestmentIncomeLossRatio,0.0991,c-69,,,,,,False,InvestmentCompanyInvestmentIncomeLossRatio,,,2023-12-31
CGBD,2024-02-26,income_statement,income_statement,InvestmentCompanyInvestmentIncomeLossRatio,InvestmentCompanyInvestmentIncomeLossRatio,0.1008,c-1592,,,,,,False,InvestmentCompanyInvestmentIncomeLossRatio,,,2023-12-31
CGBD,2024-02-26,income_statement,income_statement,InvestmentCompanyInvestmentIncomeLossRatio,InvestmentCompanyInvestmentIncomeLossRatio,0.1047,c-1593,,,,,,False,InvestmentCompanyInvestmentIncomeLossRatio,,,2023-12-31
CGBD,2024-02-26,income_statement,income_statement,InvestmentCompanyInterestExpenseRatioIncludingLineOfCreditFacilityCommitmentFee,InvestmentCompanyInterestExpenseRatioIncludingLineOfCreditFacilityCommitmentFee,0.0833,c-1,,,,,,False,InvestmentCompanyInterestExpenseRatioIncludingLineOfCreditFacilityCommitmentFee,,,2023-12-31
CGBD,2024-02-26,income_statement,income_statement,InvestmentCompanyInterestExpenseRatioIncludingLineOfCreditFacilityCommitmentFee,InvestmentCompanyInterestExpenseRatioIncludingLineOfCreditFacilityCommitmentFee,0.0496,c-68,,,,,,False,InvestmentCompanyInterestExpenseRatioIncludingLineOfCreditFacilityCommitmentFee,,,2023-12-31
CGBD,2024-02-26,income_statement,income_statement,InvestmentCompanyInterestExpenseRatioIncludingLineOfCreditFacilityCommitmentFee,InvestmentCompanyInterestExpenseRatioIncludingLineOfCreditFacilityCommitmentFee,0.0351,c-69,,,,,,False,InvestmentCompanyInterestExpenseRatioIncludingLineOfCreditFacilityCommitmentFee,,,2023-12-31
CGBD,2024-02-26,income_statement,income_statement,InvestmentCompanyInterestExpenseRatioIncludingLineOfCreditFacilityCommitmentFee,InvestmentCompanyInterestExpenseRatioIncludingLineOfCreditFacilityCommitmentFee,0.0449,c-1592,,,,,,False,InvestmentCompanyInterestExpenseRatioIncludingLineOfCreditFacilityCommitmentFee,,,2023-12-31
CGBD,2024-02-26,income_statement,income_statement,InvestmentCompanyInterestExpenseRatioIncludingLineOfCreditFacilityCommitmentFee,InvestmentCompanyInterestExpenseRatioIncludingLineOfCreditFacilityCommitmentFee,0.0522,c-1593,,,,,,False,InvestmentCompanyInterestExpenseRatioIncludingLineOfCreditFacilityCommitmentFee,,,2023-12-31
CGBD,2024-02-26,income_statement,income_statement,InvestmentCompanyInvestmentIncomeLossPerShare,InvestmentCompanyInvestmentIncomeLossPerShare,1.73,c-1599,,,,,,False,InvestmentCompanyInvestmentIncomeLossPerShare,,,2023-12-31
CGBD,2024-02-26,income_statement,income_statement,InvestmentCompanyInvestmentIncomeLossPerShare,InvestmentCompanyInvestmentIncomeLossPerShare,1.74,c-1600,,,,,,False,InvestmentCompanyInvestmentIncomeLossPerShare,,,2023-12-31
CGBD,2024-02-26,income_statement,income_statement,InvestmentCompanyInvestmentIncomeLossPerShare,InvestmentCompanyInvestmentIncomeLossPerShare,1.65,c-1601,,,,,,False,InvestmentCompanyInvestmentIncomeLossPerShare,,,2023-12-31
CGBD,2024-02-26,income_statement,income_statement,InvestmentCompanyInvestmentIncomeLossPerShare,InvestmentCompanyInvestmentIncomeLossPerShare,1.43,c-1602,,,,,,False,InvestmentCompanyInvestmentIncomeLossPerShare,,,2023-12-31
CGBD,2024-02-26,income_statement,income_statement,InvestmentCompanyInvestmentIncomeLossPerShare,InvestmentCompanyInvestmentIncomeLossPerShare,1.09,c-1603,,,,,,False,InvestmentCompanyInvestmentIncomeLossPerShare,,,2023-12-31
CGBD,2024-02-26,income_statement,income_statement,InvestmentCompanyInvestmentIncomeLossFromOperationsPerShare,InvestmentCompanyInvestmentIncomeLossFromOperationsPerShare,0.63,c-1599,,,,,,False,InvestmentCompanyInvestmentIncomeLossFromOperationsPerShare,,,2023-12-31
CGBD,2024-02-26,income_statement,income_statement,InvestmentCompanyInvestmentIncomeLossFromOperationsPerShare,InvestmentCompanyInvestmentIncomeLossFromOperationsPerShare,1.55,c-1600,,,,,,False,InvestmentCompanyInvestmentIncomeLossFromOperationsPerShare,,,2023-12-31
CGBD,2024-02-26,income_statement,income_statement,InvestmentCompanyInvestmentIncomeLossFromOperationsPerShare,InvestmentCompanyInvestmentIncomeLossFromOperationsPerShare,1.85,c-1601,,,,,,False,InvestmentCompanyInvestmentIncomeLossFromOperationsPerShare,,,2023-12-31
CGBD,2024-02-26,income_statement,income_statement,InvestmentCompanyInvestmentIncomeLossFromOperationsPerShare,InvestmentCompanyInvestmentIncomeLossFromOperationsPerShare,0.91,c-1602,,,,,,False,InvestmentCompanyInvestmentIncomeLossFromOperationsPerShare,,,2023-12-31
CGBD,2024-02-26,income_statement,income_statement,InvestmentCompanyInvestmentIncomeLossFromOperationsPerShare,InvestmentCompanyInvestmentIncomeLossFromOperationsPerShare,0.60,c-1603,,,,,,False,InvestmentCompanyInvestmentIncomeLossFromOperationsPerShare,,,2023-12-31
CGBD,2024-02-26,income_statement,income_statement,InvestmentCompanyExpenseRatioExcludingIncentiveFee,InvestmentCompanyExpenseRatioExcludingIncentiveFee,0.0677,c-1599,,,,,,False,InvestmentCompanyExpenseRatioExcludingIncentiveFee,,,2023-12-31
CGBD,2024-02-26,income_statement,income_statement,InvestmentCompanyExpenseRatioExcludingIncentiveFee,InvestmentCompanyExpenseRatioExcludingIncentiveFee,0.0525,c-1600,,,,,,False,InvestmentCompanyExpenseRatioExcludingIncentiveFee,,,2023-12-31
CGBD,2024-02-26,income_statement,income_statement,InvestmentCompanyExpenseRatioExcludingIncentiveFee,InvestmentCompanyExpenseRatioExcludingIncentiveFee,0.0546,c-1601,,,,,,False,InvestmentCompanyExpenseRatioExcludingIncentiveFee,,,2023-12-31
CGBD,2024-02-26,income_statement,income_statement,InvestmentCompanyExpenseRatioExcludingIncentiveFee,InvestmentCompanyExpenseRatioExcludingIncentiveFee,0.0511,c-1602,,,,,,False,InvestmentCompanyExpenseRatioExcludingIncentiveFee,,,2023-12-31
CGBD,2024-02-26,income_statement,income_statement,InvestmentCompanyExpenseRatioExcludingIncentiveFee,InvestmentCompanyExpenseRatioExcludingIncentiveFee,0.0578,c-1603,,,,,,False,InvestmentCompanyExpenseRatioExcludingIncentiveFee,,,2023-12-31
CGBD,2024-02-26,income_statement,income_statement,InvestmentCompanyExpenseRatioIncludingIncentiveFee,InvestmentCompanyExpenseRatioIncludingIncentiveFee,0.0881,c-1599,,,,,,False,InvestmentCompanyExpenseRatioIncludingIncentiveFee,,,2023-12-31
CGBD,2024-02-26,income_statement,income_statement,InvestmentCompanyExpenseRatioIncludingIncentiveFee,InvestmentCompanyExpenseRatioIncludingIncentiveFee,0.0739,c-1600,,,,,,False,InvestmentCompanyExpenseRatioIncludingIncentiveFee,,,2023-12-31
CGBD,2024-02-26,income_statement,income_statement,InvestmentCompanyExpenseRatioIncludingIncentiveFee,InvestmentCompanyExpenseRatioIncludingIncentiveFee,0.0769,c-1601,,,,,,False,InvestmentCompanyExpenseRatioIncludingIncentiveFee,,,2023-12-31
CGBD,2024-02-26,income_statement,income_statement,InvestmentCompanyExpenseRatioIncludingIncentiveFee,InvestmentCompanyExpenseRatioIncludingIncentiveFee,0.0694,c-1602,,,,,,False,InvestmentCompanyExpenseRatioIncludingIncentiveFee,,,2023-12-31
CGBD,2024-02-26,income_statement,income_statement,InvestmentCompanyExpenseRatioIncludingIncentiveFee,InvestmentCompanyExpenseRatioIncludingIncentiveFee,0.0715,c-1603,,,,,,False,InvestmentCompanyExpenseRatioIncludingIncentiveFee,,,2023-12-31
CGBD,2024-02-26,income_statement,income_statement,InvestmentCompanyExpenseRatioAfterIncentiveAllocation,InvestmentCompanyExpenseRatioAfterIncentiveAllocation,0.0881,c-1599,,,,,,False,InvestmentCompanyExpenseRatioAfterIncentiveAllocation,,,2023-12-31
CGBD,2024-02-26,income_statement,income_statement,InvestmentCompanyExpenseRatioAfterIncentiveAllocation,InvestmentCompanyExpenseRatioAfterIncentiveAllocation,0.0797,c-1600,,,,,,False,InvestmentCompanyExpenseRatioAfterIncentiveAllocation,,,2023-12-31
CGBD,2024-02-26,income_statement,income_statement,InvestmentCompanyExpenseRatioAfterIncentiveAllocation,InvestmentCompanyExpenseRatioAfterIncentiveAllocation,0.0862,c-1601,,,,,,False,InvestmentCompanyExpenseRatioAfterIncentiveAllocation,,,2023-12-31
CGBD,2024-02-26,income_statement,income_statement,InvestmentCompanyExpenseRatioAfterIncentiveAllocation,InvestmentCompanyExpenseRatioAfterIncentiveAllocation,0.0786,c-1602,,,,,,False,InvestmentCompanyExpenseRatioAfterIncentiveAllocation,,,2023-12-31
CGBD,2024-02-26,income_statement,income_statement,InvestmentCompanyExpenseRatioAfterIncentiveAllocation,InvestmentCompanyExpenseRatioAfterIncentiveAllocation,0.0798,c-1603,,,,,,False,InvestmentCompanyExpenseRatioAfterIncentiveAllocation,,,2023-12-31
CGBD,2024-02-26,income_statement,income_statement,InvestmentCompanyInvestmentIncomeLossRatio,InvestmentCompanyInvestmentIncomeLossRatio,0.0964,c-1599,,,,,,False,InvestmentCompanyInvestmentIncomeLossRatio,,,2023-12-31
CGBD,2024-02-26,income_statement,income_statement,InvestmentCompanyInvestmentIncomeLossRatio,InvestmentCompanyInvestmentIncomeLossRatio,0.0935,c-1600,,,,,,False,InvestmentCompanyInvestmentIncomeLossRatio,,,2023-12-31
CGBD,2024-02-26,income_statement,income_statement,InvestmentCompanyInvestmentIncomeLossRatio,InvestmentCompanyInvestmentIncomeLossRatio,0.0893,c-1601,,,,,,False,InvestmentCompanyInvestmentIncomeLossRatio,,,2023-12-31
CGBD,2024-02-26,income_statement,income_statement,InvestmentCompanyInvestmentIncomeLossRatio,InvestmentCompanyInvestmentIncomeLossRatio,0.0733,c-1602,,,,,,False,InvestmentCompanyInvestmentIncomeLossRatio,,,2023-12-31
CGBD,2024-02-26,income_statement,income_statement,InvestmentCompanyInvestmentIncomeLossRatio,InvestmentCompanyInvestmentIncomeLossRatio,0.0545,c-1603,,,,,,False,InvestmentCompanyInvestmentIncomeLossRatio,,,2023-12-31
CGBD,2024-02-26,income_statement,income_statement,InvestmentCompanyInterestExpenseRatioIncludingLineOfCreditFacilityCommitmentFee,InvestmentCompanyInterestExpenseRatioIncludingLineOfCreditFacilityCommitmentFee,0.0357,c-1599,,,,,,False,InvestmentCompanyInterestExpenseRatioIncludingLineOfCreditFacilityCommitmentFee,,,2023-12-31
CGBD,2024-02-26,income_statement,income_statement,InvestmentCompanyInterestExpenseRatioIncludingLineOfCreditFacilityCommitmentFee,InvestmentCompanyInterestExpenseRatioIncludingLineOfCreditFacilityCommitmentFee,0.0269,c-1600,,,,,,False,InvestmentCompanyInterestExpenseRatioIncludingLineOfCreditFacilityCommitmentFee,,,2023-12-31
CGBD,2024-02-26,income_statement,income_statement,InvestmentCompanyInterestExpenseRatioIncludingLineOfCreditFacilityCommitmentFee,InvestmentCompanyInterestExpenseRatioIncludingLineOfCreditFacilityCommitmentFee,0.0285,c-1601,,,,,,False,InvestmentCompanyInterestExpenseRatioIncludingLineOfCreditFacilityCommitmentFee,,,2023-12-31
CGBD,2024-02-26,income_statement,income_statement,InvestmentCompanyInterestExpenseRatioIncludingLineOfCreditFacilityCommitmentFee,InvestmentCompanyInterestExpenseRatioIncludingLineOfCreditFacilityCommitmentFee,0.0237,c-1602,,,,,,False,InvestmentCompanyInterestExpenseRatioIncludingLineOfCreditFacilityCommitmentFee,,,2023-12-31
CGBD,2024-02-26,income_statement,income_statement,InvestmentCompanyInterestExpenseRatioIncludingLineOfCreditFacilityCommitmentFee,InvestmentCompanyInterestExpenseRatioIncludingLineOfCreditFacilityCommitmentFee,0.0256,c-1603,,,,,,False,InvestmentCompanyInterestExpenseRatioIncludingLineOfCreditFacilityCommitmentFee,,,2023-12-31
CGBD,2024-02-26,income_statement,income_statement,IncomeTaxDisclosureTextBlock,IncomeTaxDisclosureTextBlock,"<div style=""margin-top:18pt""><span style=""color:#000000;font-family:'Times New Roman',sans-serif;font-size:10pt;font-weight:700;line-height:120%"">13. TAX</span></div><div style=""margin-top:6pt;text-indent:36pt""><span style=""color:#000000;font-family:'Times New Roman',sans-serif;font-size:10pt;font-weight:400;line-height:120%"">The Company has not recorded a liability for any uncertain tax positions pursuant to the provisions of ASC 740, </span><span style=""color:#000000;font-family:'Times New Roman',sans-serif;font-size:10pt;font-style:italic;font-weight:400;line-height:120%"">Income Taxes</span><span style=""color:#000000;font-family:'Times New Roman',sans-serif;font-size:10pt;font-weight:400;line-height:120%"">, as of December 31, 2023 and 2022.</span></div><div style=""margin-top:12pt;text-indent:36pt""><span style=""color:#000000;font-family:'Times New Roman',sans-serif;font-size:10pt;font-weight:400;line-height:120%"">In the normal course of business, the Company is subject to examination by federal and certain state, local and foreign tax regulators. As of December 31, 2023 and 2022, the Company had filed tax returns. The Company’s federal tax returns are generally subject to examination by the Internal Revenue Service for a period of three years after they are filed.</span></div><div style=""margin-top:12pt;text-indent:36pt""><span style=""color:#000000;font-family:'Times New Roman',sans-serif;font-size:10pt;font-weight:400;line-height:120%"">Book and tax basis differences relating to stockholder dividends and distributions and other permanent book and tax differences are reclassified among the Company’s capital accounts. In addition, the character of income and gains to be distributed is determined in accordance with income tax regulations that may differ from U.S. GAAP. As of December 31, 2023 and 2022, permanent differences primarily due to non-deductible excise tax, non-deductible offering costs, and the tax treatment of partnership investments resulted in a net increase in distributable earnings (loss) by $2,553 and $1,767, respectively, and net decrease in additional paid-in capital in excess of par by $2,553 and $1,767, respectively, on the Consolidated Statements of Assets and Liabilities. Total earnings and NAV were not affected.</span></div><div style=""margin-top:12pt;text-indent:40.5pt""><span style=""color:#000000;font-family:'Times New Roman',sans-serif;font-size:10pt;font-weight:400;line-height:120%"">The tax character of the distributions paid for the fiscal years ended December 31, 2023, 2022 and 2021 was as follows:</span></div><div style=""margin-top:6pt;text-align:center""><table style=""border-collapse:collapse;display:inline-table;margin-bottom:5pt;vertical-align:text-bottom;width:100.000%""><tr><td style=""width:1.0%""></td><td style=""width:46.122%""></td><td style=""width:0.1%""></td><td style=""width:1.0%""></td><td style=""width:16.005%""></td><td style=""width:0.1%""></td><td style=""width:0.1%""></td><td style=""width:0.530%""></td><td style=""width:0.1%""></td><td style=""width:1.0%""></td><td style=""width:16.005%""></td><td style=""width:0.1%""></td><td style=""width:0.1%""></td><td style=""width:0.530%""></td><td style=""width:0.1%""></td><td style=""width:1.0%""></td><td style=""width:16.008%""></td><td style=""width:0.1%""></td></tr><tr><td colspan=""3"" style=""padding:2px 1pt;text-align:left;vertical-align:bottom""><span style=""color:#000000;font-family:'Times New Roman',sans-serif;font-size:9pt;font-weight:400;line-height:100%""> </span></td><td colspan=""15"" style=""padding:2px 1pt;text-align:center;vertical-align:bottom""><span style=""color:#000000;font-family:'Times New Roman',sans-serif;font-size:9pt;font-weight:700;line-height:100%"">For the years ended December 31,</span></td></tr><tr><td colspan=""3"" style=""padding:2px 1pt;text-align:left;vertical-align:bottom""><span style=""color:#000000;font-family:'Times New Roman',sans-serif;font-size:9pt;font-weight:400;line-height:100%""> </span></td><td colspan=""3"" style=""border-top:1pt solid #000000;padding:2px 1pt;text-align:center;vertical-align:bottom""><span style=""color:#000000;font-family:'Times New Roman',sans-serif;font-size:9pt;font-weight:700;line-height:100%"">2023</span></td><td colspan=""3"" style=""border-top:1pt solid #000000;padding:0 1pt""></td><td colspan=""3"" style=""border-top:1pt solid #000000;padding:2px 1pt;text-align:center;vertical-align:bottom""><span style=""color:#000000;font-family:'Times New Roman',sans-serif;font-size:9pt;font-weight:700;line-height:100%"">2022</span></td><td colspan=""3"" style=""border-top:1pt solid #000000;padding:0 1pt""></td><td colspan=""3"" style=""border-top:1pt solid #000000;padding:2px 1pt;text-align:center;vertical-align:bottom""><span style=""color:#000000;font-family:'Times New Roman',sans-serif;font-size:9pt;font-weight:700;line-height:100%"">2021</span></td></tr><tr><td colspan=""3"" style=""background-color:#cceeff;padding:2px 1pt;text-align:left;vertical-align:top""><span style=""color:#000000;font-family:'Times New Roman',sans-serif;font-size:9pt;font-weight:400;line-height:100%"">Ordinary income</span></td><td style=""background-color:#cceeff;border-top:1pt solid #000000;padding:2px 0 2px 1pt;text-align:left;vertical-align:bottom""><span style=""color:#000000;font-family:'Times New Roman',sans-serif;font-size:9pt;font-weight:400;line-height:100%"">$</span></td><td style=""background-color:#cceeff;border-top:1pt solid #000000;padding:2px 0;text-align:right;vertical-align:bottom""><span style=""color:#000000;font-family:'Times New Roman',sans-serif;font-size:9pt;font-weight:400;line-height:100%"">92,898 </span></td><td style=""background-color:#cceeff;border-top:1pt solid #000000;padding:2px 1pt 2px 0;text-align:right;vertical-align:bottom""></td><td colspan=""3"" style=""background-color:#cceeff;padding:0 1pt""></td><td style=""background-color:#cceeff;border-top:1pt solid #000000;padding:2px 0 2px 1pt;text-align:left;vertical-align:bottom""><span style=""color:#000000;font-family:'Times New Roman',sans-serif;font-size:9pt;font-weight:400;line-height:100%"">$</span></td><td style=""background-color:#cceeff;border-top:1pt solid #000000;padding:2px 0;text-align:right;vertical-align:bottom""><span style=""color:#000000;font-family:'Times New Roman',sans-serif;font-size:9pt;font-weight:400;line-height:100%"">88,561 </span></td><td style=""background-color:#cceeff;border-top:1pt solid #000000;padding:2px 1pt 2px 0;text-align:right;vertical-align:bottom""></td><td colspan=""3"" style=""background-color:#cceeff;padding:0 1pt""></td><td style=""background-color:#cceeff;border-top:1pt solid #000000;padding:2px 0 2px 1pt;text-align:left;vertical-align:bottom""><span style=""color:#000000;font-family:'Times New Roman',sans-serif;font-size:9pt;font-weight:400;line-height:100%"">$</span></td><td style=""background-color:#cceeff;border-top:1pt solid #000000;padding:2px 0;text-align:right;vertical-align:bottom""><span style=""color:#000000;font-family:'Times New Roman',sans-serif;font-size:9pt;font-weight:400;line-height:100%"">84,473 </span></td><td style=""background-color:#cceeff;border-top:1pt solid #000000;padding:2px 1pt 2px 0;text-align:right;vertical-align:bottom""></td></tr><tr><td colspan=""3"" style=""padding:2px 1pt;text-align:left;vertical-align:top""><span style=""color:#000000;font-family:'Times New Roman',sans-serif;font-size:9pt;font-weight:400;line-height:100%"">Tax return of capital</span></td><td style=""padding:2px 0 2px 1pt;text-align:left;vertical-align:bottom""><span style=""color:#000000;font-family:'Times New Roman',sans-serif;font-size:9pt;font-weight:400;line-height:100%"">$</span></td><td style=""padding:2px 0;text-align:right;vertical-align:bottom""><span style=""color:#000000;font-family:'Times New Roman',sans-serif;font-size:9pt;font-weight:400;line-height:100%"">— </span></td><td style=""padding:2px 1pt 2px 0;text-align:right;vertical-align:bottom""></td><td colspan=""3"" style=""padding:0 1pt""></td><td style=""padding:2px 0 2px 1pt;text-align:left;vertical-align:bottom""><span style=""color:#000000;font-family:'Times New Roman',sans-serif;font-size:9pt;font-weight:400;line-height:100%"">$</span></td><td style=""padding:2px 0;text-align:right;vertical-align:bottom""><span style=""color:#000000;font-family:'Times New Roman',sans-serif;font-size:9pt;font-weight:400;line-height:100%"">— </span></td><td style=""padding:2px 1pt 2px 0;text-align:right;vertical-align:bottom""></td><td colspan=""3"" style=""padding:0 1pt""></td><td style=""padding:2px 0 2px 1pt;text-align:left;vertical-align:bottom""><span style=""color:#000000;font-family:'Times New Roman',sans-serif;font-size:9pt;font-weight:400;line-height:100%"">$</span></td><td style=""padding:2px 0;text-align:right;vertical-align:bottom""><span style=""color:#000000;font-family:'Times New Roman',sans-serif;font-size:9pt;font-weight:400;line-height:100%"">— </span></td><td style=""padding:2px 1pt 2px 0;text-align:right;vertical-align:bottom""></td></tr></table></div><div style=""margin-top:12pt""><span style=""color:#000000;font-family:'Times New Roman',sans-serif;font-size:10pt;font-style:italic;font-weight:700;line-height:120%"">Income Tax Information and Distributions to Stockholders</span></div><div style=""margin-top:6pt;text-indent:36pt""><span style=""color:#000000;font-family:'Times New Roman',sans-serif;font-size:10pt;font-weight:400;line-height:120%"">As of December 31, 2023 and 2022, the components of accumulated earnings (deficit) on a tax basis were as follows:</span></div><div style=""margin-top:6pt;text-align:center""><table style=""border-collapse:collapse;display:inline-table;margin-bottom:5pt;vertical-align:text-bottom;width:100.000%""><tr><td style=""width:1.0%""></td><td style=""width:63.958%""></td><td style=""width:0.1%""></td><td style=""width:1.0%""></td><td style=""width:16.005%""></td><td style=""width:0.1%""></td><td style=""width:0.1%""></td><td style=""width:0.530%""></td><td style=""width:0.1%""></td><td style=""width:1.0%""></td><td style=""width:16.007%""></td><td style=""width:0.1%""></td></tr><tr><td colspan=""3"" style=""padding:0 1pt""></td><td colspan=""9"" style=""padding:2px 1pt;text-align:center;vertical-align:bottom""><span style=""color:#000000;font-family:'Times New Roman',sans-serif;font-size:9pt;font-weight:700;line-height:100%"">As of December 31,</span></td></tr><tr><td colspan=""3"" style=""padding:0 1pt""></td><td colspan=""3"" style=""border-top:1pt solid #000000;padding:2px 1pt;text-align:center;vertical-align:bottom""><span style=""color:#000000;font-family:'Times New Roman',sans-serif;font-size:9pt;font-weight:700;line-height:100%"">2023</span></td><td colspan=""3"" style=""border-top:1pt solid #000000;padding:0 1pt""></td><td colspan=""3"" style=""border-top:1pt solid #000000;padding:2px 1pt;text-align:center;vertical-align:bottom""><span style=""color:#000000;font-family:'Times New Roman',sans-serif;font-size:9pt;font-weight:700;line-height:100%"">2022</span></td></tr><tr><td colspan=""3"" style=""background-color:#cceeff;padding:2px 1pt;text-align:left;vertical-align:top""><span style=""color:#000000;font-family:'Times New Roman',sans-serif;font-size:9pt;font-weight:400;line-height:100%"">Undistributed ordinary income</span></td><td style=""background-color:#cceeff;border-top:1pt solid #000000;padding:2px 0 2px 1pt;text-align:left;vertical-align:bottom""><span style=""color:#000000;font-family:'Times New Roman',sans-serif;font-size:9pt;font-weight:400;line-height:100%"">$</span></td><td style=""background-color:#cceeff;border-top:1pt solid #000000;padding:2px 0;text-align:right;vertical-align:bottom""><span style=""color:#000000;font-family:'Times New Roman',sans-serif;font-size:9pt;font-weight:400;line-height:100%"">63,107 </span></td><td style=""background-color:#cceeff;border-top:1pt solid #000000;padding:2px 1pt 2px 0;text-align:right;vertical-align:bottom""></td><td colspan=""3"" style=""background-color:#cceeff;padding:0 1pt""></td><td style=""background-color:#cceeff;border-top:1pt solid #000000;padding:2px 0 2px 1pt;text-align:left;vertical-align:bottom""><span style=""color:#000000;font-family:'Times New Roman',sans-serif;font-size:9pt;font-weight:400;line-height:100%"">$</span></td><td style=""background-color:#cceeff;border-top:1pt solid #000000;padding:2px 0;text-align:right;vertical-align:bottom""><span style=""color:#000000;font-family:'Times New Roman',sans-serif;font-size:9pt;font-weight:400;line-height:100%"">48,149 </span></td><td style=""background-color:#cceeff;border-top:1pt solid #000000;padding:2px 1pt 2px 0;text-align:right;vertical-align:bottom""></td></tr><tr><td colspan=""3"" style=""padding:2px 1pt;text-align:left;vertical-align:bottom""><div><span style=""color:#000000;font-family:'Times New Roman',sans-serif;font-size:9pt;font-weight:400;line-height:100%"">Other book/tax temporary differences</span><span style=""color:#000000;font-family:'Times New Roman',sans-serif;font-size:5.85pt;font-weight:400;line-height:100%;position:relative;top:-3.15pt;vertical-align:baseline"">(1)</span></div></td><td colspan=""2"" style=""padding:2px 0 2px 1pt;text-align:right;vertical-align:bottom""><span style=""color:#000000;font-family:'Times New Roman',sans-serif;font-size:9pt;font-weight:400;line-height:100%"">(525)</span></td><td style=""padding:2px 1pt 2px 0;text-align:right;vertical-align:bottom""></td><td colspan=""3"" style=""padding:0 1pt""></td><td colspan=""2"" style=""padding:2px 0 2px 1pt;text-align:right;vertical-align:bottom""><span style=""color:#000000;font-family:'Times New Roman',sans-serif;font-size:9pt;font-weight:400;line-height:100%"">(530)</span></td><td style=""padding:2px 1pt 2px 0;text-align:right;vertical-align:bottom""></td></tr><tr><td colspan=""3"" style=""background-color:#cceeff;padding:2px 1pt;text-align:left;vertical-align:top""><span style=""color:#000000;font-family:'Times New Roman',sans-serif;font-size:9pt;font-weight:400;line-height:100%"">Capital loss carryforwards</span></td><td colspan=""2"" style=""background-color:#cceeff;padding:2px 0 2px 1pt;text-align:right;vertical-align:bottom""><span style=""color:#000000;font-family:'Times New Roman',sans-serif;font-size:9pt;font-weight:400;line-height:100%"">(153,369)</span></td><td style=""background-color:#cceeff;padding:2px 1pt 2px 0;text-align:right;vertical-align:bottom""></td><td colspan=""3"" style=""background-color:#cceeff;padding:0 1pt""></td><td colspan=""2"" style=""background-color:#cceeff;padding:2px 0 2px 1pt;text-align:right;vertical-align:bottom""><span style=""color:#000000;font-family:'Times New Roman',sans-serif;font-size:9pt;font-weight:400;line-height:100%"">(130,222)</span></td><td style=""background-color:#cceeff;padding:2px 1pt 2px 0;text-align:right;vertical-align:bottom""></td></tr><tr><td colspan=""3"" style=""padding:2px 1pt;text-align:left;vertical-align:bottom""><div><span style=""color:#000000;font-family:'Times New Roman',sans-serif;font-size:9pt;font-weight:400;line-height:100%"">Net unrealized appreciation (depreciation) on investments and currency unrealized appreciation (depreciation) on non-investment assets and liabilities</span><span style=""color:#000000;font-family:'Times New Roman',sans-serif;font-size:5.85pt;font-weight:400;line-height:100%;position:relative;top:-3.15pt;vertical-align:baseline"">(2)</span></div></td><td colspan=""2"" style=""padding:2px 0 2px 1pt;text-align:right;vertical-align:bottom""><span style=""color:#000000;font-family:'Times New Roman',sans-serif;font-size:9pt;font-weight:400;line-height:100%"">(60,957)</span></td><td style=""padding:2px 1pt 2px 0;text-align:right;vertical-align:bottom""></td><td colspan=""3"" style=""padding:0 1pt""></td><td colspan=""2"" style=""padding:2px 0 2px 1pt;text-align:right;vertical-align:bottom""><span style=""color:#000000;font-family:'Times New Roman',sans-serif;font-size:9pt;font-weight:400;line-height:100%"">(71,076)</span></td><td style=""padding:2px 1pt 2px 0;text-align:right;vertical-align:bottom""></td></tr><tr><td colspan=""3"" style=""background-color:#cceeff;padding:2px 1pt;text-align:left;vertical-align:top""><span style=""color:#000000;font-family:'Times New Roman',sans-serif;font-size:9pt;font-weight:400;line-height:100%"">Total accumulated earnings (deficit)</span></td><td style=""background-color:#cceeff;border-bottom:3pt double #000000;border-top:1pt solid #000000;padding:2px 0 2px 1pt;text-align:left;vertical-align:bottom""><span style=""color:#000000;font-family:'Times New Roman',sans-serif;font-size:9pt;font-weight:400;line-height:100%"">$</span></td><td style=""background-color:#cceeff;border-bottom:3pt double #000000;border-top:1pt solid #000000;padding:2px 0;text-align:right;vertical-align:bottom""><span style=""color:#000000;font-family:'Times New Roman',sans-serif;font-size:9pt;font-weight:400;line-height:100%"">(151,744)</span></td><td style=""background-color:#cceeff;border-bottom:3pt double #000000;border-top:1pt solid #000000;padding:2px 1pt 2px 0;text-align:right;vertical-align:bottom""></td><td colspan=""3"" style=""background-color:#cceeff;padding:0 1pt""></td><td style=""background-color:#cceeff;border-bottom:3pt double #000000;border-top:1pt solid #000000;padding:2px 0 2px 1pt;text-align:left;vertical-align:bottom""><span style=""color:#000000;font-family:'Times New Roman',sans-serif;font-size:9pt;font-weight:400;line-height:100%"">$</span></td><td style=""background-color:#cceeff;border-bottom:3pt double #000000;border-top:1pt solid #000000;padding:2px 0;text-align:right;vertical-align:bottom""><span style=""color:#000000;font-family:'Times New Roman',sans-serif;font-size:9pt;font-weight:400;line-height:100%"">(153,679)</span></td><td style=""background-color:#cceeff;border-bottom:3pt double #000000;border-top:1pt solid #000000;padding:2px 1pt 2px 0;text-align:right;vertical-align:bottom""></td></tr></table></div><div style=""margin-top:6pt;padding-left:18pt;text-indent:-18pt""><span style=""color:#000000;font-family:'Times New Roman',sans-serif;font-size:8pt;font-weight:400;line-height:120%"">(1)</span><span style=""color:#000000;font-family:'Times New Roman',sans-serif;font-size:8pt;font-weight:400;line-height:120%;padding-left:8.68pt"">Consists of the unamortized portion of organization costs as of December 31, 2023 and 2022, respectively.</span></div><div style=""padding-left:18pt;text-indent:-18pt""><span style=""color:#000000;font-family:'Times New Roman',sans-serif;font-size:8pt;font-weight:400;line-height:120%"">(2)</span><span style=""color:#000000;font-family:'Times New Roman',sans-serif;font-size:8pt;font-weight:400;line-height:120%;padding-left:8.68pt"">The difference between the book-basis and tax-basis unrealized appreciation (depreciation) on investments is attributable primarily to the tax treatment of partnership investments, return of capital distributions from underlying investments, the tax treatment of contingent payment debt instruments, and material modifications of investments.</span></div><div style=""margin-top:12pt;text-indent:36pt""><span style=""color:#000000;font-family:'Times New Roman',sans-serif;font-size:10pt;font-weight:400;line-height:120%"">As of December 31, 2023 and 2022, the cost of investments for federal income tax purposes and gross unrealized</span></div><div><span style=""color:#000000;font-family:'Times New Roman',sans-serif;font-size:10pt;font-weight:400;line-height:120%"">appreciation and depreciation on investments and currency unrealized appreciation (depreciation) on non-investment</span></div><div><span style=""color:#000000;font-family:'Times New Roman',sans-serif;font-size:10pt;font-weight:400;line-height:120%"">assets and liabilities were as follows:</span></div><div style=""margin-top:5pt;text-align:center""><table style=""border-collapse:collapse;display:inline-table;margin-bottom:5pt;vertical-align:text-bottom;width:99.707%""><tr><td style=""width:1.0%""></td><td style=""width:63.562%""></td><td style=""width:0.1%""></td><td style=""width:1.0%""></td><td style=""width:16.055%""></td><td style=""width:0.1%""></td><td style=""width:0.1%""></td><td style=""width:0.533%""></td><td style=""width:0.1%""></td><td style=""width:1.0%""></td><td style=""width:16.350%""></td><td style=""width:0.1%""></td></tr><tr><td colspan=""3"" style=""padding:0 1pt""></td><td colspan=""9"" style=""padding:2px 1pt;text-align:center;vertical-align:bottom""><span style=""color:#000000;font-family:'Times New Roman',sans-serif;font-size:9pt;font-weight:700;line-height:100%"">As of December 31,</span></td></tr><tr><td colspan=""3"" style=""padding:0 1pt""></td><td colspan=""3"" style=""border-top:1pt solid #000000;padding:2px 1pt;text-align:center;vertical-align:bottom""><span style=""color:#000000;font-family:'Times New Roman',sans-serif;font-size:8pt;font-weight:700;line-height:100%"">2023</span></td><td colspan=""3"" style=""border-top:1pt solid #000000;padding:0 1pt""></td><td colspan=""3"" style=""border-top:1pt solid #000000;padding:2px 1pt;text-align:center;vertical-align:bottom""><span style=""color:#000000;font-family:'Times New Roman',sans-serif;font-size:8pt;font-weight:700;line-height:100%"">2022</span></td></tr><tr><td colspan=""3"" style=""background-color:#cceeff;padding:2px 1pt;text-align:left;vertical-align:top""><span style=""color:#000000;font-family:'Times New Roman',sans-serif;font-size:9pt;font-weight:400;line-height:100%"">Cost of investments</span></td><td style=""background-color:#cceeff;border-top:1pt solid #000000;padding:2px 0 2px 1pt;text-align:left;vertical-align:bottom""><span style=""color:#000000;font-family:'Times New Roman',sans-serif;font-size:9pt;font-weight:400;line-height:100%"">$</span></td><td style=""background-color:#cceeff;border-top:1pt solid #000000;padding:2px 0;text-align:right;vertical-align:bottom""><span style=""color:#000000;font-family:'Times New Roman',sans-serif;font-size:9pt;font-weight:400;line-height:100%"">1,901,299 </span></td><td style=""background-color:#cceeff;border-top:1pt solid #000000;padding:2px 1pt 2px 0;text-align:right;vertical-align:bottom""></td><td colspan=""3"" style=""background-color:#cceeff;padding:0 1pt""></td><td style=""background-color:#cceeff;border-top:1pt solid #000000;padding:2px 0 2px 1pt;text-align:left;vertical-align:bottom""><span style=""color:#000000;font-family:'Times New Roman',sans-serif;font-size:9pt;font-weight:400;line-height:100%"">$</span></td><td style=""background-color:#cceeff;border-top:1pt solid #000000;padding:2px 0;text-align:right;vertical-align:bottom""><span style=""color:#000000;font-family:'Times New Roman',sans-serif;font-size:9pt;font-weight:400;line-height:100%"">1,979,816 </span></td><td style=""background-color:#cceeff;border-top:1pt solid #000000;padding:2px 1pt 2px 0;text-align:right;vertical-align:bottom""></td></tr><tr><td colspan=""3"" style=""padding:2px 1pt;text-align:left;vertical-align:top""><span style=""color:#000000;font-family:'Times New Roman',sans-serif;font-size:9pt;font-weight:400;line-height:100%"">Gross unrealized appreciation</span></td><td colspan=""2"" style=""padding:2px 0 2px 1pt;text-align:right;vertical-align:bottom""><span style=""color:#000000;font-family:'Times New Roman',sans-serif;font-size:9pt;font-weight:400;line-height:100%"">46,846 </span></td><td style=""padding:2px 1pt 2px 0;text-align:right;vertical-align:bottom""></td><td colspan=""3"" style=""padding:0 1pt""></td><td colspan=""2"" style=""padding:2px 0 2px 1pt;text-align:right;vertical-align:bottom""><span style=""color:#000000;font-family:'Times New Roman',sans-serif;font-size:9pt;font-weight:400;line-height:100%"">23,216 </span></td><td style=""padding:2px 1pt 2px 0;text-align:right;vertical-align:bottom""></td></tr><tr><td colspan=""3"" style=""background-color:#cceeff;padding:2px 1pt;text-align:left;vertical-align:top""><span style=""color:#000000;font-family:'Times New Roman',sans-serif;font-size:9pt;font-weight:400;line-height:100%"">Gross unrealized depreciation</span></td><td colspan=""2"" style=""background-color:#cceeff;padding:2px 0 2px 1pt;text-align:right;vertical-align:bottom""><span style=""color:#000000;font-family:'Times New Roman',sans-serif;font-size:9pt;font-weight:400;line-height:100%"">(107,803)</span></td><td style=""background-color:#cceeff;padding:2px 1pt 2px 0;text-align:right;vertical-align:bottom""></td><td colspan=""3"" style=""background-color:#cceeff;padding:0 1pt""></td><td colspan=""2"" style=""background-color:#cceeff;padding:2px 0 2px 1pt;text-align:right;vertical-align:bottom""><span style=""color:#000000;font-family:'Times New Roman',sans-serif;font-size:9pt;font-weight:400;line-height:100%"">(94,292)</span></td><td style=""background-color:#cceeff;padding:2px 1pt 2px 0;text-align:right;vertical-align:bottom""></td></tr><tr><td colspan=""3"" style=""padding:2px 1pt;text-align:left;vertical-align:top""><span style=""color:#000000;font-family:'Times New Roman',sans-serif;font-size:9pt;font-weight:400;line-height:100%"">Net unrealized appreciation (depreciation)</span></td><td style=""border-bottom:3pt double #000000;border-top:1pt solid #000000;padding:2px 0 2px 1pt;text-align:left;vertical-align:bottom""><span style=""color:#000000;font-family:'Times New Roman',sans-serif;font-size:9pt;font-weight:400;line-height:100%"">$</span></td><td style=""border-bottom:3pt double #000000;border-top:1pt solid #000000;padding:2px 0;text-align:right;vertical-align:bottom""><span style=""color:#000000;font-family:'Times New Roman',sans-serif;font-size:9pt;font-weight:400;line-height:100%"">(60,957)</span></td><td style=""border-bottom:3pt double #000000;border-top:1pt solid #000000;padding:2px 1pt 2px 0;text-align:right;vertical-align:bottom""></td><td colspan=""3"" style=""padding:0 1pt""></td><td style=""border-bottom:3pt double #000000;border-top:1pt solid #000000;padding:2px 0 2px 1pt;text-align:left;vertical-align:bottom""><span style=""color:#000000;font-family:'Times New Roman',sans-serif;font-size:9pt;font-weight:400;line-height:100%"">$</span></td><td style=""border-bottom:3pt double #000000;border-top:1pt solid #000000;padding:2px 0;text-align:right;vertical-align:bottom""><span style=""color:#000000;font-family:'Times New Roman',sans-serif;font-size:9pt;font-weight:400;line-height:100%"">(71,076)</span></td><td style=""border-bottom:3pt double #000000;border-top:1pt solid #000000;padding:2px 1pt 2px 0;text-align:right;vertical-align:bottom""></td></tr></table></div><div style=""margin-top:12pt;text-indent:36pt""><span style=""color:#000000;font-family:'Times New Roman',sans-serif;font-size:10pt;font-weight:400;line-height:120%"">For tax purposes, net realized capital losses may be carried over to offset future capital gains, if any. Funds are permitted to carry forward capital losses for an indefinite period, and such losses will retain their character as either short-term or long-term capital losses. As of December 31, 2023 and 2022, the Company had $153,369 and $130,222, of capital loss carryforwards, respectively, of which $27,003 and $18,006 were short-term capital loss carryforwards, respectively, and $126,366 and $112,216 were long-term capital loss carryforwards, respectively.</span></div>",c-1,,,,,,False,IncomeTaxDisclosureTextBlock,,,2023-12-31
CGBD,2024-02-26,income_statement,income_statement,InvestmentCompanyDistributionOrdinaryIncome,InvestmentCompanyDistributionOrdinaryIncome,92898000,c-1,,,,,,False,InvestmentCompanyDistributionOrdinaryIncome,,,2023-12-31
CGBD,2024-02-26,income_statement,income_statement,InvestmentCompanyDistributionOrdinaryIncome,InvestmentCompanyDistributionOrdinaryIncome,88561000,c-68,,,,,,False,InvestmentCompanyDistributionOrdinaryIncome,,,2023-12-31
CGBD,2024-02-26,income_statement,income_statement,InvestmentCompanyDistributionOrdinaryIncome,InvestmentCompanyDistributionOrdinaryIncome,84473000,c-69,,,,,,False,InvestmentCompanyDistributionOrdinaryIncome,,,2023-12-31
CGBD,2024-02-26,income_statement,income_statement,InvestmentCompanyDistributableEarningsLossAccumulatedOrdinaryIncomeLoss,InvestmentCompanyDistributableEarningsLossAccumulatedOrdinaryIncomeLoss,63107000,c-48,,,,,,False,InvestmentCompanyDistributableEarningsLossAccumulatedOrdinaryIncomeLoss,,,2023-12-31
CGBD,2024-02-26,income_statement,income_statement,InvestmentCompanyDistributableEarningsLossAccumulatedOrdinaryIncomeLoss,InvestmentCompanyDistributableEarningsLossAccumulatedOrdinaryIncomeLoss,48149000,c-58,,,,,,False,InvestmentCompanyDistributableEarningsLossAccumulatedOrdinaryIncomeLoss,,,2023-12-31
CGBD,2024-02-26,income_statement,income_statement,FederalIncomeTaxNoteTextBlock,FederalIncomeTaxNoteTextBlock,"<div style=""margin-top:12pt;text-indent:36pt""><span style=""color:#000000;font-family:'Times New Roman',sans-serif;font-size:10pt;font-weight:400;line-height:120%"">As of December 31, 2023 and 2022, the cost of investments for federal income tax purposes and gross unrealized</span></div><div><span style=""color:#000000;font-family:'Times New Roman',sans-serif;font-size:10pt;font-weight:400;line-height:120%"">appreciation and depreciation on investments and currency unrealized appreciation (depreciation) on non-investment</span></div><div><span style=""color:#000000;font-family:'Times New Roman',sans-serif;font-size:10pt;font-weight:400;line-height:120%"">assets and liabilities were as follows:</span></div><div style=""margin-top:5pt;text-align:center""><table style=""border-collapse:collapse;display:inline-table;margin-bottom:5pt;vertical-align:text-bottom;width:99.707%""><tr><td style=""width:1.0%""></td><td style=""width:63.562%""></td><td style=""width:0.1%""></td><td style=""width:1.0%""></td><td style=""width:16.055%""></td><td style=""width:0.1%""></td><td style=""width:0.1%""></td><td style=""width:0.533%""></td><td style=""width:0.1%""></td><td style=""width:1.0%""></td><td style=""width:16.350%""></td><td style=""width:0.1%""></td></tr><tr><td colspan=""3"" style=""padding:0 1pt""></td><td colspan=""9"" style=""padding:2px 1pt;text-align:center;vertical-align:bottom""><span style=""color:#000000;font-family:'Times New Roman',sans-serif;font-size:9pt;font-weight:700;line-height:100%"">As of December 31,</span></td></tr><tr><td colspan=""3"" style=""padding:0 1pt""></td><td colspan=""3"" style=""border-top:1pt solid #000000;padding:2px 1pt;text-align:center;vertical-align:bottom""><span style=""color:#000000;font-family:'Times New Roman',sans-serif;font-size:8pt;font-weight:700;line-height:100%"">2023</span></td><td colspan=""3"" style=""border-top:1pt solid #000000;padding:0 1pt""></td><td colspan=""3"" style=""border-top:1pt solid #000000;padding:2px 1pt;text-align:center;vertical-align:bottom""><span style=""color:#000000;font-family:'Times New Roman',sans-serif;font-size:8pt;font-weight:700;line-height:100%"">2022</span></td></tr><tr><td colspan=""3"" style=""background-color:#cceeff;padding:2px 1pt;text-align:left;vertical-align:top""><span style=""color:#000000;font-family:'Times New Roman',sans-serif;font-size:9pt;font-weight:400;line-height:100%"">Cost of investments</span></td><td style=""background-color:#cceeff;border-top:1pt solid #000000;padding:2px 0 2px 1pt;text-align:left;vertical-align:bottom""><span style=""color:#000000;font-family:'Times New Roman',sans-serif;font-size:9pt;font-weight:400;line-height:100%"">$</span></td><td style=""background-color:#cceeff;border-top:1pt solid #000000;padding:2px 0;text-align:right;vertical-align:bottom""><span style=""color:#000000;font-family:'Times New Roman',sans-serif;font-size:9pt;font-weight:400;line-height:100%"">1,901,299 </span></td><td style=""background-color:#cceeff;border-top:1pt solid #000000;padding:2px 1pt 2px 0;text-align:right;vertical-align:bottom""></td><td colspan=""3"" style=""background-color:#cceeff;padding:0 1pt""></td><td style=""background-color:#cceeff;border-top:1pt solid #000000;padding:2px 0 2px 1pt;text-align:left;vertical-align:bottom""><span style=""color:#000000;font-family:'Times New Roman',sans-serif;font-size:9pt;font-weight:400;line-height:100%"">$</span></td><td style=""background-color:#cceeff;border-top:1pt solid #000000;padding:2px 0;text-align:right;vertical-align:bottom""><span style=""color:#000000;font-family:'Times New Roman',sans-serif;font-size:9pt;font-weight:400;line-height:100%"">1,979,816 </span></td><td style=""background-color:#cceeff;border-top:1pt solid #000000;padding:2px 1pt 2px 0;text-align:right;vertical-align:bottom""></td></tr><tr><td colspan=""3"" style=""padding:2px 1pt;text-align:left;vertical-align:top""><span style=""color:#000000;font-family:'Times New Roman',sans-serif;font-size:9pt;font-weight:400;line-height:100%"">Gross unrealized appreciation</span></td><td colspan=""2"" style=""padding:2px 0 2px 1pt;text-align:right;vertical-align:bottom""><span style=""color:#000000;font-family:'Times New Roman',sans-serif;font-size:9pt;font-weight:400;line-height:100%"">46,846 </span></td><td style=""padding:2px 1pt 2px 0;text-align:right;vertical-align:bottom""></td><td colspan=""3"" style=""padding:0 1pt""></td><td colspan=""2"" style=""padding:2px 0 2px 1pt;text-align:right;vertical-align:bottom""><span style=""color:#000000;font-family:'Times New Roman',sans-serif;font-size:9pt;font-weight:400;line-height:100%"">23,216 </span></td><td style=""padding:2px 1pt 2px 0;text-align:right;vertical-align:bottom""></td></tr><tr><td colspan=""3"" style=""background-color:#cceeff;padding:2px 1pt;text-align:left;vertical-align:top""><span style=""color:#000000;font-family:'Times New Roman',sans-serif;font-size:9pt;font-weight:400;line-height:100%"">Gross unrealized depreciation</span></td><td colspan=""2"" style=""background-color:#cceeff;padding:2px 0 2px 1pt;text-align:right;vertical-align:bottom""><span style=""color:#000000;font-family:'Times New Roman',sans-serif;font-size:9pt;font-weight:400;line-height:100%"">(107,803)</span></td><td style=""background-color:#cceeff;padding:2px 1pt 2px 0;text-align:right;vertical-align:bottom""></td><td colspan=""3"" style=""background-color:#cceeff;padding:0 1pt""></td><td colspan=""2"" style=""background-color:#cceeff;padding:2px 0 2px 1pt;text-align:right;vertical-align:bottom""><span style=""color:#000000;font-family:'Times New Roman',sans-serif;font-size:9pt;font-weight:400;line-height:100%"">(94,292)</span></td><td style=""background-color:#cceeff;padding:2px 1pt 2px 0;text-align:right;vertical-align:bottom""></td></tr><tr><td colspan=""3"" style=""padding:2px 1pt;text-align:left;vertical-align:top""><span style=""color:#000000;font-family:'Times New Roman',sans-serif;font-size:9pt;font-weight:400;line-height:100%"">Net unrealized appreciation (depreciation)</span></td><td style=""border-bottom:3pt double #000000;border-top:1pt solid #000000;padding:2px 0 2px 1pt;text-align:left;vertical-align:bottom""><span style=""color:#000000;font-family:'Times New Roman',sans-serif;font-size:9pt;font-weight:400;line-height:100%"">$</span></td><td style=""border-bottom:3pt double #000000;border-top:1pt solid #000000;padding:2px 0;text-align:right;vertical-align:bottom""><span style=""color:#000000;font-family:'Times New Roman',sans-serif;font-size:9pt;font-weight:400;line-height:100%"">(60,957)</span></td><td style=""border-bottom:3pt double #000000;border-top:1pt solid #000000;padding:2px 1pt 2px 0;text-align:right;vertical-align:bottom""></td><td colspan=""3"" style=""padding:0 1pt""></td><td style=""border-bottom:3pt double #000000;border-top:1pt solid #000000;padding:2px 0 2px 1pt;text-align:left;vertical-align:bottom""><span style=""color:#000000;font-family:'Times New Roman',sans-serif;font-size:9pt;font-weight:400;line-height:100%"">$</span></td><td style=""border-bottom:3pt double #000000;border-top:1pt solid #000000;padding:2px 0;text-align:right;vertical-align:bottom""><span style=""color:#000000;font-family:'Times New Roman',sans-serif;font-size:9pt;font-weight:400;line-height:100%"">(71,076)</span></td><td style=""border-bottom:3pt double #000000;border-top:1pt solid #000000;padding:2px 1pt 2px 0;text-align:right;vertical-align:bottom""></td></tr></table></div>",c-1,,,,,,False,FederalIncomeTaxNoteTextBlock,,,2023-12-31
CGBD,2024-02-26,income_statement,income_statement,TaxBasisOfInvestmentsCostForIncomeTaxPurposes,TaxBasisOfInvestmentsCostForIncomeTaxPurposes,1901299000,c-48,,,,,,False,TaxBasisOfInvestmentsCostForIncomeTaxPurposes,,,2023-12-31
CGBD,2024-02-26,income_statement,income_statement,TaxBasisOfInvestmentsCostForIncomeTaxPurposes,TaxBasisOfInvestmentsCostForIncomeTaxPurposes,1979816000,c-58,,,,,,False,TaxBasisOfInvestmentsCostForIncomeTaxPurposes,,,2023-12-31
CGBD,2024-05-07,income_statement,income_statement,InterestIncomeOperatingPaidInCash,InterestIncomeOperatingPaidInCash,42765000,c-13,,,,,,False,InterestIncomeOperatingPaidInCash,,,2024-03-31
CGBD,2024-05-07,income_statement,income_statement,InterestIncomeOperatingPaidInCash,InterestIncomeOperatingPaidInCash,43254000,c-14,,,,,,False,InterestIncomeOperatingPaidInCash,,,2024-03-31
CGBD,2024-05-07,income_statement,income_statement,InterestIncomeOperatingPaidInKind,InterestIncomeOperatingPaidInKind,5507000,c-13,,,,,,False,InterestIncomeOperatingPaidInKind,,,2024-03-31
CGBD,2024-05-07,income_statement,income_statement,InterestIncomeOperatingPaidInKind,InterestIncomeOperatingPaidInKind,4188000,c-14,,,,,,False,InterestIncomeOperatingPaidInKind,,,2024-03-31
CGBD,2024-05-07,income_statement,income_statement,OtherIncome,OtherIncome,1780000,c-13,,,,,,False,OtherIncome,,,2024-03-31
CGBD,2024-05-07,income_statement,income_statement,OtherIncome,OtherIncome,961000,c-14,,,,,,False,OtherIncome,,,2024-03-31
CGBD,2024-05-07,income_statement,income_statement,GrossInvestmentIncomeOperating,GrossInvestmentIncomeOperating,50052000,c-13,,,,,,False,GrossInvestmentIncomeOperating,,,2024-03-31
CGBD,2024-05-07,income_statement,income_statement,GrossInvestmentIncomeOperating,GrossInvestmentIncomeOperating,48403000,c-14,,,,,,False,GrossInvestmentIncomeOperating,,,2024-03-31
CGBD,2024-05-07,income_statement,income_statement,InterestIncomeOperatingPaidInCash,InterestIncomeOperatingPaidInCash,3677000,c-15,,,,,,False,InterestIncomeOperatingPaidInCash,,,2024-03-31
CGBD,2024-05-07,income_statement,income_statement,InterestIncomeOperatingPaidInCash,InterestIncomeOperatingPaidInCash,1694000,c-16,,,,,,False,InterestIncomeOperatingPaidInCash,,,2024-03-31
CGBD,2024-05-07,income_statement,income_statement,OtherIncome,OtherIncome,2000,c-15,,,,,,False,OtherIncome,,,2024-03-31
CGBD,2024-05-07,income_statement,income_statement,OtherIncome,OtherIncome,2000,c-16,,,,,,False,OtherIncome,,,2024-03-31
CGBD,2024-05-07,income_statement,income_statement,GrossInvestmentIncomeOperating,GrossInvestmentIncomeOperating,3679000,c-15,,,,,,False,GrossInvestmentIncomeOperating,,,2024-03-31
CGBD,2024-05-07,income_statement,income_statement,GrossInvestmentIncomeOperating,GrossInvestmentIncomeOperating,1696000,c-16,,,,,,False,GrossInvestmentIncomeOperating,,,2024-03-31
CGBD,2024-05-07,income_statement,income_statement,DividendIncomeOperating,DividendIncomeOperating,8276000,c-17,,,,,,False,DividendIncomeOperating,,,2024-03-31
CGBD,2024-05-07,income_statement,income_statement,DividendIncomeOperating,DividendIncomeOperating,8276000,c-18,,,,,,False,DividendIncomeOperating,,,2024-03-31
CGBD,2024-05-07,income_statement,income_statement,GrossInvestmentIncomeOperating,GrossInvestmentIncomeOperating,8276000,c-17,,,,,,False,GrossInvestmentIncomeOperating,,,2024-03-31
CGBD,2024-05-07,income_statement,income_statement,GrossInvestmentIncomeOperating,GrossInvestmentIncomeOperating,8276000,c-18,,,,,,False,GrossInvestmentIncomeOperating,,,2024-03-31
CGBD,2024-05-07,income_statement,income_statement,GrossInvestmentIncomeOperating,GrossInvestmentIncomeOperating,62007000,c-1,,,,,,False,GrossInvestmentIncomeOperating,,,2024-03-31
CGBD,2024-05-07,income_statement,income_statement,GrossInvestmentIncomeOperating,GrossInvestmentIncomeOperating,58375000,c-19,,,,,,False,GrossInvestmentIncomeOperating,,,2024-03-31
CGBD,2024-05-07,income_statement,income_statement,ManagementFeeExpense,ManagementFeeExpense,6888000,c-1,,,,,,False,ManagementFeeExpense,,,2024-03-31
CGBD,2024-05-07,income_statement,income_statement,ManagementFeeExpense,ManagementFeeExpense,7236000,c-19,,,,,,False,ManagementFeeExpense,,,2024-03-31
CGBD,2024-05-07,income_statement,income_statement,IncentiveFeeExpense,IncentiveFeeExpense,5867000,c-1,,,,,,False,IncentiveFeeExpense,,,2024-03-31
CGBD,2024-05-07,income_statement,income_statement,IncentiveFeeExpense,IncentiveFeeExpense,5472000,c-19,,,,,,False,IncentiveFeeExpense,,,2024-03-31
CGBD,2024-05-07,income_statement,income_statement,AdministrativeFeesExpense,AdministrativeFeesExpense,501000,c-1,,,,,,False,AdministrativeFeesExpense,,,2024-03-31
CGBD,2024-05-07,income_statement,income_statement,AdministrativeFeesExpense,AdministrativeFeesExpense,28000,c-19,,,,,,False,AdministrativeFeesExpense,,,2024-03-31
CGBD,2024-05-07,income_statement,income_statement,InterestExpenseAndLineOfCreditFacilityCommitmentFeeAmount,InterestExpenseAndLineOfCreditFacilityCommitmentFeeAmount,17863000,c-1,,,,,,False,InterestExpenseAndLineOfCreditFacilityCommitmentFeeAmount,,,2024-03-31
CGBD,2024-05-07,income_statement,income_statement,InterestExpenseAndLineOfCreditFacilityCommitmentFeeAmount,InterestExpenseAndLineOfCreditFacilityCommitmentFeeAmount,17281000,c-19,,,,,,False,InterestExpenseAndLineOfCreditFacilityCommitmentFeeAmount,,,2024-03-31
CGBD,2024-05-07,income_statement,income_statement,NoninterestExpenseDirectorsFees,NoninterestExpenseDirectorsFees,151000,c-1,,,,,,False,NoninterestExpenseDirectorsFees,,,2024-03-31
CGBD,2024-05-07,income_statement,income_statement,NoninterestExpenseDirectorsFees,NoninterestExpenseDirectorsFees,123000,c-19,,,,,,False,NoninterestExpenseDirectorsFees,,,2024-03-31
CGBD,2024-05-07,income_statement,income_statement,OtherGeneralAndAdministrativeExpense,OtherGeneralAndAdministrativeExpense,713000,c-1,,,,,,False,OtherGeneralAndAdministrativeExpense,,,2024-03-31
CGBD,2024-05-07,income_statement,income_statement,OtherGeneralAndAdministrativeExpense,OtherGeneralAndAdministrativeExpense,453000,c-19,,,,,,False,OtherGeneralAndAdministrativeExpense,,,2024-03-31
CGBD,2024-05-07,income_statement,income_statement,InvestmentIncomeInvestmentExpense,InvestmentIncomeInvestmentExpense,32728000,c-1,,,,,,False,InvestmentIncomeInvestmentExpense,,,2024-03-31
CGBD,2024-05-07,income_statement,income_statement,InvestmentIncomeInvestmentExpense,InvestmentIncomeInvestmentExpense,31282000,c-19,,,,,,False,InvestmentIncomeInvestmentExpense,,,2024-03-31
CGBD,2024-05-07,income_statement,income_statement,NetInvestmentIncome,NetInvestmentIncome,29279000,c-1,,,,,,False,NetInvestmentIncome,,,2024-03-31
CGBD,2024-05-07,income_statement,income_statement,NetInvestmentIncome,NetInvestmentIncome,27093000,c-19,,,,,,False,NetInvestmentIncome,,,2024-03-31
CGBD,2024-05-07,income_statement,income_statement,InvestmentIncomeOperatingTaxExpenseBenefit,InvestmentIncomeOperatingTaxExpenseBenefit,830000,c-1,,,,,,False,InvestmentIncomeOperatingTaxExpenseBenefit,,,2024-03-31
CGBD,2024-05-07,income_statement,income_statement,InvestmentIncomeOperatingTaxExpenseBenefit,InvestmentIncomeOperatingTaxExpenseBenefit,523000,c-19,,,,,,False,InvestmentIncomeOperatingTaxExpenseBenefit,,,2024-03-31
CGBD,2024-05-07,income_statement,income_statement,InvestmentIncomeOperatingAfterExpenseAndTax,InvestmentIncomeOperatingAfterExpenseAndTax,28449000,c-1,,,,,,False,InvestmentIncomeOperatingAfterExpenseAndTax,,,2024-03-31
CGBD,2024-05-07,income_statement,income_statement,InvestmentIncomeOperatingAfterExpenseAndTax,InvestmentIncomeOperatingAfterExpenseAndTax,26570000,c-19,,,,,,False,InvestmentIncomeOperatingAfterExpenseAndTax,,,2024-03-31
CGBD,2024-05-07,income_statement,income_statement,NetIncomeLoss,NetIncomeLoss,29264000,c-1,,,,,,False,NetIncomeLoss,,net_income,2024-03-31
CGBD,2024-05-07,income_statement,income_statement,NetIncomeLoss,NetIncomeLoss,27987000,c-19,,,,,,False,NetIncomeLoss,,net_income,2024-03-31
CGBD,2024-05-07,income_statement,income_statement,PreferredStockDividendsIncomeStatementImpact,PreferredStockDividendsIncomeStatementImpact,875000,c-1,,,,,,False,PreferredStockDividendsIncomeStatementImpact,,,2024-03-31
CGBD,2024-05-07,income_statement,income_statement,PreferredStockDividendsIncomeStatementImpact,PreferredStockDividendsIncomeStatementImpact,875000,c-19,,,,,,False,PreferredStockDividendsIncomeStatementImpact,,,2024-03-31
CGBD,2024-05-07,income_statement,income_statement,IncreaseDecreaseInInterestAndDividendsReceivable,IncreaseDecreaseInInterestAndDividendsReceivable,215000,c-1,,,,,,False,IncreaseDecreaseInInterestAndDividendsReceivable,,,2024-03-31
CGBD,2024-05-07,income_statement,income_statement,IncreaseDecreaseInInterestAndDividendsReceivable,IncreaseDecreaseInInterestAndDividendsReceivable,2151000,c-19,,,,,,False,IncreaseDecreaseInInterestAndDividendsReceivable,,,2024-03-31
CGBD,2024-05-07,income_statement,income_statement,IncomeTaxesPaid,IncomeTaxesPaid,2432000,c-1,,,,,,False,IncomeTaxesPaid,,,2024-03-31
CGBD,2024-05-07,income_statement,income_statement,IncomeTaxesPaid,IncomeTaxesPaid,1843000,c-19,,,,,,False,IncomeTaxesPaid,,,2024-03-31
CGBD,2024-05-07,income_statement,income_statement,InterestAndDividendIncomeSecurities,InterestAndDividendIncomeSecurities,5500000,c-225,,,,,,False,InterestAndDividendIncomeSecurities,,,2024-03-31
CGBD,2024-05-07,income_statement,income_statement,InterestAndDividendIncomeSecurities,InterestAndDividendIncomeSecurities,0,c-228,,,,,,False,InterestAndDividendIncomeSecurities,,,2024-03-31
CGBD,2024-05-07,income_statement,income_statement,InterestAndDividendIncomeSecurities,InterestAndDividendIncomeSecurities,2776000,c-231,,,,,,False,InterestAndDividendIncomeSecurities,,,2024-03-31
CGBD,2024-05-07,income_statement,income_statement,InterestAndDividendIncomeSecurities,InterestAndDividendIncomeSecurities,8276000,c-234,,,,,,False,InterestAndDividendIncomeSecurities,,,2024-03-31
CGBD,2024-05-07,income_statement,income_statement,InterestAndDividendIncomeSecurities,InterestAndDividendIncomeSecurities,609000,c-237,,,,,,False,InterestAndDividendIncomeSecurities,,,2024-03-31
CGBD,2024-05-07,income_statement,income_statement,InterestAndDividendIncomeSecurities,InterestAndDividendIncomeSecurities,352000,c-240,,,,,,False,InterestAndDividendIncomeSecurities,,,2024-03-31
CGBD,2024-05-07,income_statement,income_statement,InterestAndDividendIncomeSecurities,InterestAndDividendIncomeSecurities,0,c-243,,,,,,False,InterestAndDividendIncomeSecurities,,,2024-03-31
CGBD,2024-05-07,income_statement,income_statement,InterestAndDividendIncomeSecurities,InterestAndDividendIncomeSecurities,2352000,c-246,,,,,,False,InterestAndDividendIncomeSecurities,,,2024-03-31
CGBD,2024-05-07,income_statement,income_statement,InterestAndDividendIncomeSecurities,InterestAndDividendIncomeSecurities,364000,c-249,,,,,,False,InterestAndDividendIncomeSecurities,,,2024-03-31
CGBD,2024-05-07,income_statement,income_statement,InterestAndDividendIncomeSecurities,InterestAndDividendIncomeSecurities,0,c-252,,,,,,False,InterestAndDividendIncomeSecurities,,,2024-03-31
CGBD,2024-05-07,income_statement,income_statement,InterestAndDividendIncomeSecurities,InterestAndDividendIncomeSecurities,3677000,c-255,,,,,,False,InterestAndDividendIncomeSecurities,,,2024-03-31
CGBD,2024-05-07,income_statement,income_statement,InterestAndDividendIncomeSecurities,InterestAndDividendIncomeSecurities,22000000,c-643,,,,,,False,InterestAndDividendIncomeSecurities,,,2024-03-31
CGBD,2024-05-07,income_statement,income_statement,InterestAndDividendIncomeSecurities,InterestAndDividendIncomeSecurities,0,c-646,,,,,,False,InterestAndDividendIncomeSecurities,,,2024-03-31
CGBD,2024-05-07,income_statement,income_statement,InterestAndDividendIncomeSecurities,InterestAndDividendIncomeSecurities,11104000,c-649,,,,,,False,InterestAndDividendIncomeSecurities,,,2024-03-31
CGBD,2024-05-07,income_statement,income_statement,InterestAndDividendIncomeSecurities,InterestAndDividendIncomeSecurities,33104000,c-652,,,,,,False,InterestAndDividendIncomeSecurities,,,2024-03-31
CGBD,2024-05-07,income_statement,income_statement,InterestAndDividendIncomeSecurities,InterestAndDividendIncomeSecurities,5713000,c-654,,,,,,False,InterestAndDividendIncomeSecurities,,,2024-03-31
CGBD,2024-05-07,income_statement,income_statement,InterestAndDividendIncomeSecurities,InterestAndDividendIncomeSecurities,672000,c-656,,,,,,False,InterestAndDividendIncomeSecurities,,,2024-03-31
CGBD,2024-05-07,income_statement,income_statement,InterestAndDividendIncomeSecurities,InterestAndDividendIncomeSecurities,0,c-658,,,,,,False,InterestAndDividendIncomeSecurities,,,2024-03-31
CGBD,2024-05-07,income_statement,income_statement,InterestAndDividendIncomeSecurities,InterestAndDividendIncomeSecurities,6385000,c-660,,,,,,False,InterestAndDividendIncomeSecurities,,,2024-03-31
CGBD,2024-05-07,income_statement,income_statement,RevenueRecognitionPolicyTextBlock,RevenueRecognitionPolicyTextBlock,"<div style=""margin-top:12pt""><span style=""color:#000000;font-family:'Times New Roman',sans-serif;font-size:10pt;font-style:italic;font-weight:700;line-height:120%"">Revenue Recognition</span></div><div style=""margin-top:6pt""><span style=""color:#000000;font-family:'Times New Roman',sans-serif;font-size:10pt;font-style:italic;font-weight:400;line-height:120%"">Interest from Investments</span></div><div style=""margin-top:6pt;text-indent:36pt""><span style=""color:#000000;font-family:'Times New Roman',sans-serif;font-size:10pt;font-weight:400;line-height:120%"">Interest income is recorded on an accrual basis and includes the accretion of discounts and amortization of premiums. Discounts from and premiums to par value on debt investments purchased are accreted/amortized into interest income over the life of the respective security using the effective interest method. The amortized cost of debt investments represents the original cost, including origination fees and upfront fees received that are deemed to be an adjustment to yield, adjusted for the accretion of discounts and amortization of premiums, if any.</span></div><div style=""margin-top:12pt;text-indent:36pt""><span style=""color:#000000;font-family:'Times New Roman',sans-serif;font-size:10pt;font-weight:400;line-height:120%"">The Company may have loans in its portfolio that contain payment-in-kind (“PIK”) provisions. PIK income represents interest that is accrued and recorded as interest income at the contractual rates, increases the loan principal on the respective capitalization dates, and is generally due at maturity. As of March 31, 2024 and December 31, 2023, the fair value of the loans in the portfolio with PIK provisions was $279,267 and $337,061, respectively, which represents approximately 15.6% and 18.3%, respectively, of total investments at fair value. For the three months ended March 31, 2024 and 2023, the Company earned $5,507 and $4,188 in PIK income, respectively. </span></div><div style=""margin-top:12pt""><span style=""color:#000000;font-family:'Times New Roman',sans-serif;font-size:10pt;font-style:italic;font-weight:400;line-height:120%"">Dividend Income</span></div><div style=""margin-top:6pt;text-indent:36pt""><span style=""color:#000000;font-family:'Times New Roman',sans-serif;font-size:10pt;font-weight:400;line-height:120%"">Dividend income from the investment funds, Credit Fund and Credit Fund II, and other investments funds, if any, is recorded on the record date for the investment fund to the extent that such amounts are payable by the investment funds and are expected to be collected.</span></div><div style=""margin-top:12pt""><span style=""color:#000000;font-family:'Times New Roman',sans-serif;font-size:10pt;font-style:italic;font-weight:400;line-height:120%"">Other Income</span></div><div style=""margin-top:6pt;text-indent:36pt""><span style=""color:#000000;font-family:'Times New Roman',sans-serif;font-size:10pt;font-weight:400;line-height:120%"">Other income may include income such as consent, waiver, amendment, unused, underwriting, arranger and prepayment fees associated with the Company’s investment activities as well as any fees for managerial assistance services rendered by the Company to the portfolio companies. Such fees are recognized as income when earned or the services are rendered. The Company may receive fees for guaranteeing the outstanding debt of a portfolio company. Such fees are amortized into other income over the life of the guarantee. The unamortized amount, if any, is included in prepaid expenses and other assets in the accompanying Consolidated Statements of Assets and Liabilities. For the three months ended March 31, 2024 and 2023, the Company earned $1,782 and $963, respectively, in other income, primarily from amendment fees and prepayment fees.</span></div><div style=""margin-top:12pt""><span style=""color:#000000;font-family:'Times New Roman',sans-serif;font-size:10pt;font-style:italic;font-weight:400;line-height:120%"">Non-Accrual Income</span></div>Loans are generally placed on non-accrual status when principal or interest payments are past due or when there is reasonable doubt that principal or interest will be collected in full. Accrued and unpaid interest is generally reversed when a loan is placed on non-accrual status. Interest payments received on non-accrual loans may be recognized as income or applied to principal depending upon management’s judgment regarding collectability. Non-accrual loans are restored to accrual status when past due principal and interest are current or there is no longer any reasonable doubt that such principal or interest will be collected in full and, in management’s judgment, are likely to remain current. Management may determine not to place a loan on non-accrual status if the loan has sufficient collateral value and is in the process of collection.",c-1,,,,,,False,RevenueRecognitionPolicyTextBlock,,,2024-03-31
CGBD,2024-05-07,income_statement,income_statement,InterestIncomeOperatingPaidInKind,InterestIncomeOperatingPaidInKind,5507000,c-1,,,,,,False,InterestIncomeOperatingPaidInKind,,,2024-03-31
CGBD,2024-05-07,income_statement,income_statement,InterestIncomeOperatingPaidInKind,InterestIncomeOperatingPaidInKind,4188000,c-19,,,,,,False,InterestIncomeOperatingPaidInKind,,,2024-03-31
CGBD,2024-05-07,income_statement,income_statement,OtherIncome,OtherIncome,1782000,c-1,,,,,,False,OtherIncome,,,2024-03-31
CGBD,2024-05-07,income_statement,income_statement,OtherIncome,OtherIncome,963000,c-19,,,,,,False,OtherIncome,,,2024-03-31
CGBD,2024-05-07,income_statement,income_statement,IncomeTaxPolicyTextBlock,IncomeTaxPolicyTextBlock,"<div style=""margin-top:12pt""><span style=""color:#000000;font-family:'Times New Roman',sans-serif;font-size:10pt;font-style:italic;font-weight:700;line-height:120%"">Income Taxes</span></div><div style=""margin-top:6pt;text-indent:36pt""><span style=""color:#000000;font-family:'Times New Roman',sans-serif;font-size:10pt;font-weight:400;line-height:120%"">For federal income tax purposes, the Company has elected to be treated as a RIC under the Code, and intends to make the required distributions to its stockholders as specified therein. In order to qualify as a RIC, the Company must meet certain minimum distribution, source-of-income and asset diversification requirements. If such requirements are met, then the Company is generally required to pay income taxes only on the portion of its taxable income and gains it does not distribute.</span></div><div style=""margin-top:12pt;text-indent:36pt""><span style=""color:#000000;font-family:'Times New Roman',sans-serif;font-size:10pt;font-weight:400;line-height:120%"">The minimum distribution requirements applicable to RICs require the Company to distribute to its stockholders at least 90% of its investment company taxable income (“ICTI”), as defined by the Code, each year. Depending on the level of ICTI earned in a tax year, the Company may choose to carry forward ICTI in excess of current year distributions into the next tax year. Any such carryover ICTI must be distributed before the end of that next tax year through a dividend declared prior to filing the final tax return related to the year which generated such ICTI.</span></div><div style=""margin-top:12pt;text-indent:36pt""><span style=""color:#000000;font-family:'Times New Roman',sans-serif;font-size:10pt;font-weight:400;line-height:120%"">In addition, based on the excise distribution requirements, the Company is subject to a 4% nondeductible federal excise tax on undistributed income unless the Company distributes in a timely manner an amount at least equal to the sum of (1) 98% of its ordinary income for each calendar year, (2) 98.2% of capital gain net income (both long-term and short-term) for the one-year period ending October 31 in that calendar year and (3) any income realized, but not distributed, in the preceding year. For this purpose, however, any ordinary income or capital gain net income retained by the Company that is subject to corporate income tax is considered to have been distributed. For the three months ended March 31, 2024 and 2023, the Company incurred $830 and $523, respectively, in excise tax expense. </span></div>The Company evaluates tax positions taken or expected to be taken in the course of preparing its consolidated financial statements to determine whether the tax positions are “more likely than not” to be sustained by the applicable tax authority. The SPV and the 2015-1 Issuer are disregarded entities for tax purposes and are consolidated with the tax return of the Company. All penalties and interest associated with income taxes, if any, are included in income tax expense.",c-1,,,,,,False,IncomeTaxPolicyTextBlock,,,2024-03-31
CGBD,2024-05-07,income_statement,income_statement,ManagementFeeAndIncentiveFeeExpense,ManagementFeeAndIncentiveFeeExpense,12755000,c-1,,,,,,False,ManagementFeeAndIncentiveFeeExpense,,,2024-03-31
CGBD,2024-05-07,income_statement,income_statement,ManagementFeeAndIncentiveFeeExpense,ManagementFeeAndIncentiveFeeExpense,12708000,c-19,,,,,,False,ManagementFeeAndIncentiveFeeExpense,,,2024-03-31
CGBD,2024-05-07,income_statement,income_statement,IncentiveFeeExpense,IncentiveFeeExpense,0,c-1102,,,,,,False,IncentiveFeeExpense,,,2024-03-31
CGBD,2024-05-07,income_statement,income_statement,IncentiveFeeExpense,IncentiveFeeExpense,0,c-1103,,,,,,False,IncentiveFeeExpense,,,2024-03-31
CGBD,2024-05-07,income_statement,income_statement,OtherGeneralAndAdministrativeExpense,OtherGeneralAndAdministrativeExpense,157000,c-1106,,,,,,False,OtherGeneralAndAdministrativeExpense,,,2024-03-31
CGBD,2024-05-07,income_statement,income_statement,OtherGeneralAndAdministrativeExpense,OtherGeneralAndAdministrativeExpense,157000,c-1107,,,,,,False,OtherGeneralAndAdministrativeExpense,,,2024-03-31
CGBD,2024-05-07,income_statement,income_statement,GrossInvestmentIncomeOperating,GrossInvestmentIncomeOperating,21823000,c-1136,,,,,,False,GrossInvestmentIncomeOperating,,,2024-03-31
CGBD,2024-05-07,income_statement,income_statement,GrossInvestmentIncomeOperating,GrossInvestmentIncomeOperating,22954000,c-1137,,,,,,False,GrossInvestmentIncomeOperating,,,2024-03-31
CGBD,2024-05-07,income_statement,income_statement,OtherExpenses,OtherExpenses,596000,c-1136,,,,,,False,OtherExpenses,,,2024-03-31
CGBD,2024-05-07,income_statement,income_statement,OtherExpenses,OtherExpenses,453000,c-1137,,,,,,False,OtherExpenses,,,2024-03-31
CGBD,2024-05-07,income_statement,income_statement,InvestmentIncomeInvestmentExpense,InvestmentIncomeInvestmentExpense,10669000,c-1136,,,,,,False,InvestmentIncomeInvestmentExpense,,,2024-03-31
CGBD,2024-05-07,income_statement,income_statement,InvestmentIncomeInvestmentExpense,InvestmentIncomeInvestmentExpense,10725000,c-1137,,,,,,False,InvestmentIncomeInvestmentExpense,,,2024-03-31
CGBD,2024-05-07,income_statement,income_statement,InvestmentIncomeOperatingAfterExpenseAndTax,InvestmentIncomeOperatingAfterExpenseAndTax,11154000,c-1136,,,,,,False,InvestmentIncomeOperatingAfterExpenseAndTax,,,2024-03-31
CGBD,2024-05-07,income_statement,income_statement,InvestmentIncomeOperatingAfterExpenseAndTax,InvestmentIncomeOperatingAfterExpenseAndTax,12229000,c-1137,,,,,,False,InvestmentIncomeOperatingAfterExpenseAndTax,,,2024-03-31
CGBD,2024-05-07,income_statement,income_statement,NetIncomeLoss,NetIncomeLoss,21940000,c-1136,,,,,,False,NetIncomeLoss,,net_income,2024-03-31
CGBD,2024-05-07,income_statement,income_statement,NetIncomeLoss,NetIncomeLoss,7121000,c-1137,,,,,,False,NetIncomeLoss,,net_income,2024-03-31
CGBD,2024-05-07,income_statement,income_statement,GrossInvestmentIncomeOperating,GrossInvestmentIncomeOperating,7634000,c-1293,,,,,,False,GrossInvestmentIncomeOperating,,,2024-03-31
CGBD,2024-05-07,income_statement,income_statement,GrossInvestmentIncomeOperating,GrossInvestmentIncomeOperating,6607000,c-1294,,,,,,False,GrossInvestmentIncomeOperating,,,2024-03-31
CGBD,2024-05-07,income_statement,income_statement,OtherExpenses,OtherExpenses,178000,c-1293,,,,,,False,OtherExpenses,,,2024-03-31
CGBD,2024-05-07,income_statement,income_statement,OtherExpenses,OtherExpenses,275000,c-1294,,,,,,False,OtherExpenses,,,2024-03-31
CGBD,2024-05-07,income_statement,income_statement,InvestmentIncomeInvestmentExpense,InvestmentIncomeInvestmentExpense,3500000,c-1293,,,,,,False,InvestmentIncomeInvestmentExpense,,,2024-03-31
CGBD,2024-05-07,income_statement,income_statement,InvestmentIncomeInvestmentExpense,InvestmentIncomeInvestmentExpense,3219000,c-1294,,,,,,False,InvestmentIncomeInvestmentExpense,,,2024-03-31
CGBD,2024-05-07,income_statement,income_statement,InvestmentIncomeOperatingAfterExpenseAndTax,InvestmentIncomeOperatingAfterExpenseAndTax,4134000,c-1293,,,,,,False,InvestmentIncomeOperatingAfterExpenseAndTax,,,2024-03-31
CGBD,2024-05-07,income_statement,income_statement,InvestmentIncomeOperatingAfterExpenseAndTax,InvestmentIncomeOperatingAfterExpenseAndTax,3388000,c-1294,,,,,,False,InvestmentIncomeOperatingAfterExpenseAndTax,,,2024-03-31
CGBD,2024-05-07,income_statement,income_statement,NetIncomeLoss,NetIncomeLoss,3925000,c-1293,,,,,,False,NetIncomeLoss,,net_income,2024-03-31
CGBD,2024-05-07,income_statement,income_statement,NetIncomeLoss,NetIncomeLoss,1308000,c-1294,,,,,,False,NetIncomeLoss,,net_income,2024-03-31
CGBD,2024-05-07,income_statement,income_statement,InvestmentIncomeOperatingAfterExpenseAndTax,InvestmentIncomeOperatingAfterExpenseAndTax,28449000,c-1491,,,,,,False,InvestmentIncomeOperatingAfterExpenseAndTax,,,2024-03-31
CGBD,2024-05-07,income_statement,income_statement,InvestmentIncomeOperatingAfterExpenseAndTax,InvestmentIncomeOperatingAfterExpenseAndTax,26570000,c-1509,,,,,,False,InvestmentIncomeOperatingAfterExpenseAndTax,,,2024-03-31
CGBD,2024-05-07,income_statement,income_statement,InvestmentCompanyInvestmentIncomeLossPerShare,InvestmentCompanyInvestmentIncomeLossPerShare,0.54,c-1,,,,,,False,InvestmentCompanyInvestmentIncomeLossPerShare,,,2024-03-31
CGBD,2024-05-07,income_statement,income_statement,InvestmentCompanyInvestmentIncomeLossPerShare,InvestmentCompanyInvestmentIncomeLossPerShare,0.50,c-19,,,,,,False,InvestmentCompanyInvestmentIncomeLossPerShare,,,2024-03-31
CGBD,2024-05-07,income_statement,income_statement,InvestmentCompanyInvestmentIncomeLossFromOperationsPerShare,InvestmentCompanyInvestmentIncomeLossFromOperationsPerShare,0.56,c-1,,,,,,False,InvestmentCompanyInvestmentIncomeLossFromOperationsPerShare,,,2024-03-31
CGBD,2024-05-07,income_statement,income_statement,InvestmentCompanyInvestmentIncomeLossFromOperationsPerShare,InvestmentCompanyInvestmentIncomeLossFromOperationsPerShare,0.53,c-19,,,,,,False,InvestmentCompanyInvestmentIncomeLossFromOperationsPerShare,,,2024-03-31
CGBD,2024-05-07,income_statement,income_statement,InvestmentCompanyExpenseRatioExcludingIncentiveFee,InvestmentCompanyExpenseRatioExcludingIncentiveFee,0.0320,c-1,,,,,,False,InvestmentCompanyExpenseRatioExcludingIncentiveFee,,,2024-03-31
CGBD,2024-05-07,income_statement,income_statement,InvestmentCompanyExpenseRatioExcludingIncentiveFee,InvestmentCompanyExpenseRatioExcludingIncentiveFee,0.0303,c-19,,,,,,False,InvestmentCompanyExpenseRatioExcludingIncentiveFee,,,2024-03-31
CGBD,2024-05-07,income_statement,income_statement,InvestmentCompanyExpenseRatioIncludingIncentiveFee,InvestmentCompanyExpenseRatioIncludingIncentiveFee,0.0388,c-1,,,,,,False,InvestmentCompanyExpenseRatioIncludingIncentiveFee,,,2024-03-31
CGBD,2024-05-07,income_statement,income_statement,InvestmentCompanyExpenseRatioIncludingIncentiveFee,InvestmentCompanyExpenseRatioIncludingIncentiveFee,0.0366,c-19,,,,,,False,InvestmentCompanyExpenseRatioIncludingIncentiveFee,,,2024-03-31
CGBD,2024-05-07,income_statement,income_statement,InvestmentCompanyInvestmentIncomeLossRatio,InvestmentCompanyInvestmentIncomeLossRatio,0.0329,c-1,,,,,,False,InvestmentCompanyInvestmentIncomeLossRatio,,,2024-03-31
CGBD,2024-05-07,income_statement,income_statement,InvestmentCompanyInvestmentIncomeLossRatio,InvestmentCompanyInvestmentIncomeLossRatio,0.0306,c-19,,,,,,False,InvestmentCompanyInvestmentIncomeLossRatio,,,2024-03-31
CGBD,2024-05-07,income_statement,income_statement,InvestmentCompanyInterestExpenseRatioIncludingLineOfCreditFacilityCommitmentFee,InvestmentCompanyInterestExpenseRatioIncludingLineOfCreditFacilityCommitmentFee,0.0207,c-1,,,,,,False,InvestmentCompanyInterestExpenseRatioIncludingLineOfCreditFacilityCommitmentFee,,,2024-03-31
CGBD,2024-05-07,income_statement,income_statement,InvestmentCompanyInterestExpenseRatioIncludingLineOfCreditFacilityCommitmentFee,InvestmentCompanyInterestExpenseRatioIncludingLineOfCreditFacilityCommitmentFee,0.0199,c-19,,,,,,False,InvestmentCompanyInterestExpenseRatioIncludingLineOfCreditFacilityCommitmentFee,,,2024-03-31
CGBD,2024-05-07,income_statement,income_statement,IncomeTaxDisclosureTextBlock,IncomeTaxDisclosureTextBlock,"<div style=""margin-top:18pt""><span style=""color:#000000;font-family:'Times New Roman',sans-serif;font-size:10pt;font-weight:700;line-height:120%"">13. TAX</span></div><div style=""margin-top:6pt;text-indent:36pt""><span style=""color:#000000;font-family:'Times New Roman',sans-serif;font-size:10pt;font-weight:400;line-height:120%"">The Company has not recorded a liability for any uncertain tax positions pursuant to the provisions of ASC 740, </span><span style=""color:#000000;font-family:'Times New Roman',sans-serif;font-size:10pt;font-style:italic;font-weight:400;line-height:120%"">Income Taxes</span><span style=""color:#000000;font-family:'Times New Roman',sans-serif;font-size:10pt;font-weight:400;line-height:120%"">, as of March 31, 2024 and December 31, 2023.</span></div><div style=""margin-top:12pt;text-indent:36pt""><span style=""color:#000000;font-family:'Times New Roman',sans-serif;font-size:10pt;font-weight:400;line-height:120%"">In the normal course of business, the Company is subject to examination by federal and certain state, local and foreign tax regulators.The Company’s federal tax returns are generally subject to examination by the Internal Revenue Service for a period of three years after they are filed.</span></div><div style=""margin-top:12pt;text-indent:36pt""><span style=""color:#000000;font-family:'Times New Roman',sans-serif;font-size:10pt;font-weight:400;line-height:120%"">The Company’s taxable income for each period is an estimate and will not be finally determined until the Company files its tax return for each year. Therefore, the final taxable income, and the taxable income earned in each period and carried forward for distribution in the following period, may be different than this estimate. The estimated tax character of the dividends declared on preferred and common stock for the three months ended March 31, 2024 and 2023 was as follows:</span></div><div style=""margin-top:6pt;text-align:center""><table style=""border-collapse:collapse;display:inline-table;margin-bottom:5pt;vertical-align:text-bottom;width:82.163%""><tr><td style=""width:1.0%""></td><td style=""width:56.373%""></td><td style=""width:0.1%""></td><td style=""width:1.0%""></td><td style=""width:19.718%""></td><td style=""width:0.1%""></td><td style=""width:0.1%""></td><td style=""width:0.689%""></td><td style=""width:0.1%""></td><td style=""width:1.0%""></td><td style=""width:19.720%""></td><td style=""width:0.1%""></td></tr><tr><td colspan=""3"" style=""padding:2px 1pt;text-align:left;vertical-align:bottom""><span style=""color:#000000;font-family:'Times New Roman',sans-serif;font-size:9pt;font-weight:400;line-height:100%""> </span></td><td colspan=""9"" style=""padding:2px 1pt;text-align:center;vertical-align:bottom""><span style=""color:#000000;font-family:'Times New Roman',sans-serif;font-size:9pt;font-weight:700;line-height:100%"">For the three month periods ended</span></td></tr><tr><td colspan=""3"" style=""padding:2px 1pt;text-align:left;vertical-align:bottom""><span style=""color:#000000;font-family:'Times New Roman',sans-serif;font-size:9pt;font-weight:400;line-height:100%""> </span></td><td colspan=""3"" style=""border-top:1pt solid #000000;padding:2px 1pt;text-align:center;vertical-align:bottom""><span style=""color:#000000;font-family:'Times New Roman',sans-serif;font-size:9pt;font-weight:700;line-height:100%"">March 31, 2024</span></td><td colspan=""3"" style=""border-top:1pt solid #000000;padding:0 1pt""></td><td colspan=""3"" style=""border-top:1pt solid #000000;padding:2px 1pt;text-align:center;vertical-align:bottom""><span style=""color:#000000;font-family:'Times New Roman',sans-serif;font-size:9pt;font-weight:700;line-height:100%"">March 31, 2023</span></td></tr><tr><td colspan=""3"" style=""background-color:#cceeff;padding:2px 1pt;text-align:left;vertical-align:top""><span style=""color:#000000;font-family:'Times New Roman',sans-serif;font-size:9pt;font-weight:400;line-height:100%"">Ordinary income</span></td><td style=""background-color:#cceeff;border-top:1pt solid #000000;padding:2px 0 2px 1pt;text-align:left;vertical-align:bottom""><span style=""color:#000000;font-family:'Times New Roman',sans-serif;font-size:9pt;font-weight:400;line-height:100%"">$</span></td><td style=""background-color:#cceeff;border-top:1pt solid #000000;padding:2px 0;text-align:right;vertical-align:bottom""><span style=""color:#000000;font-family:'Times New Roman',sans-serif;font-size:9pt;font-weight:400;line-height:100%"">25,256 </span></td><td style=""background-color:#cceeff;border-top:1pt solid #000000;padding:2px 1pt 2px 0;text-align:right;vertical-align:bottom""></td><td colspan=""3"" style=""background-color:#cceeff;padding:0 1pt""></td><td style=""background-color:#cceeff;border-top:1pt solid #000000;padding:2px 0 2px 1pt;text-align:left;vertical-align:bottom""><span style=""color:#000000;font-family:'Times New Roman',sans-serif;font-size:9pt;font-weight:400;line-height:100%"">$</span></td><td style=""background-color:#cceeff;border-top:1pt solid #000000;padding:2px 0;text-align:right;vertical-align:bottom""><span style=""color:#000000;font-family:'Times New Roman',sans-serif;font-size:9pt;font-weight:400;line-height:100%"">23,224 </span></td><td style=""background-color:#cceeff;border-top:1pt solid #000000;padding:2px 1pt 2px 0;text-align:right;vertical-align:bottom""></td></tr><tr><td colspan=""3"" style=""padding:2px 1pt;text-align:left;vertical-align:top""><span style=""color:#000000;font-family:'Times New Roman',sans-serif;font-size:9pt;font-weight:400;line-height:100%"">Tax return of capital</span></td><td style=""padding:2px 0 2px 1pt;text-align:left;vertical-align:bottom""><span style=""color:#000000;font-family:'Times New Roman',sans-serif;font-size:9pt;font-weight:400;line-height:100%"">$</span></td><td style=""padding:2px 0;text-align:right;vertical-align:bottom""><span style=""color:#000000;font-family:'Times New Roman',sans-serif;font-size:9pt;font-weight:400;line-height:100%"">— </span></td><td style=""padding:2px 1pt 2px 0;text-align:right;vertical-align:bottom""></td><td colspan=""3"" style=""padding:0 1pt""></td><td style=""padding:2px 0 2px 1pt;text-align:left;vertical-align:bottom""><span style=""color:#000000;font-family:'Times New Roman',sans-serif;font-size:9pt;font-weight:400;line-height:100%"">$</span></td><td style=""padding:2px 0;text-align:right;vertical-align:bottom""><span style=""color:#000000;font-family:'Times New Roman',sans-serif;font-size:9pt;font-weight:400;line-height:100%"">— </span></td><td style=""padding:2px 1pt 2px 0;text-align:right;vertical-align:bottom""></td></tr></table></div>",c-1,,,,,,False,IncomeTaxDisclosureTextBlock,,,2024-03-31
CGBD,2024-05-07,income_statement,income_statement,InvestmentCompanyDistributionOrdinaryIncome,InvestmentCompanyDistributionOrdinaryIncome,25256000,c-1,,,,,,False,InvestmentCompanyDistributionOrdinaryIncome,,,2024-03-31
CGBD,2024-05-07,income_statement,income_statement,InvestmentCompanyDistributionOrdinaryIncome,InvestmentCompanyDistributionOrdinaryIncome,23224000,c-19,,,,,,False,InvestmentCompanyDistributionOrdinaryIncome,,,2024-03-31
CGBD,2024-08-05,income_statement,income_statement,InterestIncomeOperatingPaidInCash,InterestIncomeOperatingPaidInCash,42183000,c-13,,,,,,False,InterestIncomeOperatingPaidInCash,,,2024-06-30
CGBD,2024-08-05,income_statement,income_statement,InterestIncomeOperatingPaidInCash,InterestIncomeOperatingPaidInCash,44660000,c-14,,,,,,False,InterestIncomeOperatingPaidInCash,,,2024-06-30
CGBD,2024-08-05,income_statement,income_statement,InterestIncomeOperatingPaidInCash,InterestIncomeOperatingPaidInCash,84948000,c-15,,,,,,False,InterestIncomeOperatingPaidInCash,,,2024-06-30
CGBD,2024-08-05,income_statement,income_statement,InterestIncomeOperatingPaidInCash,InterestIncomeOperatingPaidInCash,87914000,c-16,,,,,,False,InterestIncomeOperatingPaidInCash,,,2024-06-30
CGBD,2024-08-05,income_statement,income_statement,InterestIncomeOperatingPaidInKind,InterestIncomeOperatingPaidInKind,5069000,c-13,,,,,,False,InterestIncomeOperatingPaidInKind,,,2024-06-30
CGBD,2024-08-05,income_statement,income_statement,InterestIncomeOperatingPaidInKind,InterestIncomeOperatingPaidInKind,4495000,c-14,,,,,,False,InterestIncomeOperatingPaidInKind,,,2024-06-30
CGBD,2024-08-05,income_statement,income_statement,InterestIncomeOperatingPaidInKind,InterestIncomeOperatingPaidInKind,10576000,c-15,,,,,,False,InterestIncomeOperatingPaidInKind,,,2024-06-30
CGBD,2024-08-05,income_statement,income_statement,InterestIncomeOperatingPaidInKind,InterestIncomeOperatingPaidInKind,8683000,c-16,,,,,,False,InterestIncomeOperatingPaidInKind,,,2024-06-30
CGBD,2024-08-05,income_statement,income_statement,OtherIncome,OtherIncome,771000,c-13,,,,,,False,OtherIncome,,,2024-06-30
CGBD,2024-08-05,income_statement,income_statement,OtherIncome,OtherIncome,917000,c-14,,,,,,False,OtherIncome,,,2024-06-30
CGBD,2024-08-05,income_statement,income_statement,OtherIncome,OtherIncome,2551000,c-15,,,,,,False,OtherIncome,,,2024-06-30
CGBD,2024-08-05,income_statement,income_statement,OtherIncome,OtherIncome,1878000,c-16,,,,,,False,OtherIncome,,,2024-06-30
CGBD,2024-08-05,income_statement,income_statement,GrossInvestmentIncomeOperating,GrossInvestmentIncomeOperating,48023000,c-13,,,,,,False,GrossInvestmentIncomeOperating,,,2024-06-30
CGBD,2024-08-05,income_statement,income_statement,GrossInvestmentIncomeOperating,GrossInvestmentIncomeOperating,50072000,c-14,,,,,,False,GrossInvestmentIncomeOperating,,,2024-06-30
CGBD,2024-08-05,income_statement,income_statement,GrossInvestmentIncomeOperating,GrossInvestmentIncomeOperating,98075000,c-15,,,,,,False,GrossInvestmentIncomeOperating,,,2024-06-30
CGBD,2024-08-05,income_statement,income_statement,GrossInvestmentIncomeOperating,GrossInvestmentIncomeOperating,98475000,c-16,,,,,,False,GrossInvestmentIncomeOperating,,,2024-06-30
CGBD,2024-08-05,income_statement,income_statement,InterestIncomeOperatingPaidInCash,InterestIncomeOperatingPaidInCash,766000,c-17,,,,,,False,InterestIncomeOperatingPaidInCash,,,2024-06-30
CGBD,2024-08-05,income_statement,income_statement,InterestIncomeOperatingPaidInCash,InterestIncomeOperatingPaidInCash,1494000,c-18,,,,,,False,InterestIncomeOperatingPaidInCash,,,2024-06-30
CGBD,2024-08-05,income_statement,income_statement,InterestIncomeOperatingPaidInCash,InterestIncomeOperatingPaidInCash,4443000,c-19,,,,,,False,InterestIncomeOperatingPaidInCash,,,2024-06-30
CGBD,2024-08-05,income_statement,income_statement,InterestIncomeOperatingPaidInCash,InterestIncomeOperatingPaidInCash,3188000,c-20,,,,,,False,InterestIncomeOperatingPaidInCash,,,2024-06-30
CGBD,2024-08-05,income_statement,income_statement,InterestIncomeOperatingPaidInKind,InterestIncomeOperatingPaidInKind,692000,c-17,,,,,,False,InterestIncomeOperatingPaidInKind,,,2024-06-30
CGBD,2024-08-05,income_statement,income_statement,InterestIncomeOperatingPaidInKind,InterestIncomeOperatingPaidInKind,221000,c-18,,,,,,False,InterestIncomeOperatingPaidInKind,,,2024-06-30
CGBD,2024-08-05,income_statement,income_statement,InterestIncomeOperatingPaidInKind,InterestIncomeOperatingPaidInKind,692000,c-19,,,,,,False,InterestIncomeOperatingPaidInKind,,,2024-06-30
CGBD,2024-08-05,income_statement,income_statement,InterestIncomeOperatingPaidInKind,InterestIncomeOperatingPaidInKind,221000,c-20,,,,,,False,InterestIncomeOperatingPaidInKind,,,2024-06-30
CGBD,2024-08-05,income_statement,income_statement,OtherIncome,OtherIncome,2000,c-17,,,,,,False,OtherIncome,,,2024-06-30
CGBD,2024-08-05,income_statement,income_statement,OtherIncome,OtherIncome,2000,c-18,,,,,,False,OtherIncome,,,2024-06-30
CGBD,2024-08-05,income_statement,income_statement,OtherIncome,OtherIncome,4000,c-19,,,,,,False,OtherIncome,,,2024-06-30
CGBD,2024-08-05,income_statement,income_statement,OtherIncome,OtherIncome,4000,c-20,,,,,,False,OtherIncome,,,2024-06-30
CGBD,2024-08-05,income_statement,income_statement,GrossInvestmentIncomeOperating,GrossInvestmentIncomeOperating,1460000,c-17,,,,,,False,GrossInvestmentIncomeOperating,,,2024-06-30
CGBD,2024-08-05,income_statement,income_statement,GrossInvestmentIncomeOperating,GrossInvestmentIncomeOperating,1717000,c-18,,,,,,False,GrossInvestmentIncomeOperating,,,2024-06-30
CGBD,2024-08-05,income_statement,income_statement,GrossInvestmentIncomeOperating,GrossInvestmentIncomeOperating,5139000,c-19,,,,,,False,GrossInvestmentIncomeOperating,,,2024-06-30
CGBD,2024-08-05,income_statement,income_statement,GrossInvestmentIncomeOperating,GrossInvestmentIncomeOperating,3413000,c-20,,,,,,False,GrossInvestmentIncomeOperating,,,2024-06-30
CGBD,2024-08-05,income_statement,income_statement,DividendIncomeOperating,DividendIncomeOperating,8781000,c-21,,,,,,False,DividendIncomeOperating,,,2024-06-30
CGBD,2024-08-05,income_statement,income_statement,DividendIncomeOperating,DividendIncomeOperating,8276000,c-22,,,,,,False,DividendIncomeOperating,,,2024-06-30
CGBD,2024-08-05,income_statement,income_statement,DividendIncomeOperating,DividendIncomeOperating,17057000,c-23,,,,,,False,DividendIncomeOperating,,,2024-06-30
CGBD,2024-08-05,income_statement,income_statement,DividendIncomeOperating,DividendIncomeOperating,16552000,c-24,,,,,,False,DividendIncomeOperating,,,2024-06-30
CGBD,2024-08-05,income_statement,income_statement,GrossInvestmentIncomeOperating,GrossInvestmentIncomeOperating,8781000,c-21,,,,,,False,GrossInvestmentIncomeOperating,,,2024-06-30
CGBD,2024-08-05,income_statement,income_statement,GrossInvestmentIncomeOperating,GrossInvestmentIncomeOperating,8276000,c-22,,,,,,False,GrossInvestmentIncomeOperating,,,2024-06-30
CGBD,2024-08-05,income_statement,income_statement,GrossInvestmentIncomeOperating,GrossInvestmentIncomeOperating,17057000,c-23,,,,,,False,GrossInvestmentIncomeOperating,,,2024-06-30
CGBD,2024-08-05,income_statement,income_statement,GrossInvestmentIncomeOperating,GrossInvestmentIncomeOperating,16552000,c-24,,,,,,False,GrossInvestmentIncomeOperating,,,2024-06-30
CGBD,2024-08-05,income_statement,income_statement,GrossInvestmentIncomeOperating,GrossInvestmentIncomeOperating,58264000,c-25,,,,,,False,GrossInvestmentIncomeOperating,,,2024-06-30
CGBD,2024-08-05,income_statement,income_statement,GrossInvestmentIncomeOperating,GrossInvestmentIncomeOperating,60065000,c-26,,,,,,False,GrossInvestmentIncomeOperating,,,2024-06-30
CGBD,2024-08-05,income_statement,income_statement,GrossInvestmentIncomeOperating,GrossInvestmentIncomeOperating,120271000,c-1,,,,,,False,GrossInvestmentIncomeOperating,,,2024-06-30
CGBD,2024-08-05,income_statement,income_statement,GrossInvestmentIncomeOperating,GrossInvestmentIncomeOperating,118440000,c-27,,,,,,False,GrossInvestmentIncomeOperating,,,2024-06-30
CGBD,2024-08-05,income_statement,income_statement,ManagementFeeExpense,ManagementFeeExpense,6677000,c-25,,,,,,False,ManagementFeeExpense,,,2024-06-30
CGBD,2024-08-05,income_statement,income_statement,ManagementFeeExpense,ManagementFeeExpense,7185000,c-26,,,,,,False,ManagementFeeExpense,,,2024-06-30
CGBD,2024-08-05,income_statement,income_statement,ManagementFeeExpense,ManagementFeeExpense,13565000,c-1,,,,,,False,ManagementFeeExpense,,,2024-06-30
CGBD,2024-08-05,income_statement,income_statement,ManagementFeeExpense,ManagementFeeExpense,14421000,c-27,,,,,,False,ManagementFeeExpense,,,2024-06-30
CGBD,2024-08-05,income_statement,income_statement,IncentiveFeeExpense,IncentiveFeeExpense,5524000,c-25,,,,,,False,IncentiveFeeExpense,,,2024-06-30
CGBD,2024-08-05,income_statement,income_statement,IncentiveFeeExpense,IncentiveFeeExpense,5593000,c-26,,,,,,False,IncentiveFeeExpense,,,2024-06-30
CGBD,2024-08-05,income_statement,income_statement,IncentiveFeeExpense,IncentiveFeeExpense,11391000,c-1,,,,,,False,IncentiveFeeExpense,,,2024-06-30
CGBD,2024-08-05,income_statement,income_statement,IncentiveFeeExpense,IncentiveFeeExpense,11065000,c-27,,,,,,False,IncentiveFeeExpense,,,2024-06-30
CGBD,2024-08-05,income_statement,income_statement,AdministrativeFeesExpense,AdministrativeFeesExpense,312000,c-25,,,,,,False,AdministrativeFeesExpense,,,2024-06-30
CGBD,2024-08-05,income_statement,income_statement,AdministrativeFeesExpense,AdministrativeFeesExpense,469000,c-26,,,,,,False,AdministrativeFeesExpense,,,2024-06-30
CGBD,2024-08-05,income_statement,income_statement,AdministrativeFeesExpense,AdministrativeFeesExpense,813000,c-1,,,,,,False,AdministrativeFeesExpense,,,2024-06-30
CGBD,2024-08-05,income_statement,income_statement,AdministrativeFeesExpense,AdministrativeFeesExpense,497000,c-27,,,,,,False,AdministrativeFeesExpense,,,2024-06-30
CGBD,2024-08-05,income_statement,income_statement,InterestExpenseAndLineOfCreditFacilityCommitmentFeeAmount,InterestExpenseAndLineOfCreditFacilityCommitmentFeeAmount,16616000,c-25,,,,,,False,InterestExpenseAndLineOfCreditFacilityCommitmentFeeAmount,,,2024-06-30
CGBD,2024-08-05,income_statement,income_statement,InterestExpenseAndLineOfCreditFacilityCommitmentFeeAmount,InterestExpenseAndLineOfCreditFacilityCommitmentFeeAmount,17873000,c-26,,,,,,False,InterestExpenseAndLineOfCreditFacilityCommitmentFeeAmount,,,2024-06-30
CGBD,2024-08-05,income_statement,income_statement,InterestExpenseAndLineOfCreditFacilityCommitmentFeeAmount,InterestExpenseAndLineOfCreditFacilityCommitmentFeeAmount,34479000,c-1,,,,,,False,InterestExpenseAndLineOfCreditFacilityCommitmentFeeAmount,,,2024-06-30
CGBD,2024-08-05,income_statement,income_statement,InterestExpenseAndLineOfCreditFacilityCommitmentFeeAmount,InterestExpenseAndLineOfCreditFacilityCommitmentFeeAmount,35154000,c-27,,,,,,False,InterestExpenseAndLineOfCreditFacilityCommitmentFeeAmount,,,2024-06-30
CGBD,2024-08-05,income_statement,income_statement,NoninterestExpenseDirectorsFees,NoninterestExpenseDirectorsFees,159000,c-25,,,,,,False,NoninterestExpenseDirectorsFees,,,2024-06-30
CGBD,2024-08-05,income_statement,income_statement,NoninterestExpenseDirectorsFees,NoninterestExpenseDirectorsFees,107000,c-26,,,,,,False,NoninterestExpenseDirectorsFees,,,2024-06-30
CGBD,2024-08-05,income_statement,income_statement,NoninterestExpenseDirectorsFees,NoninterestExpenseDirectorsFees,310000,c-1,,,,,,False,NoninterestExpenseDirectorsFees,,,2024-06-30
CGBD,2024-08-05,income_statement,income_statement,NoninterestExpenseDirectorsFees,NoninterestExpenseDirectorsFees,230000,c-27,,,,,,False,NoninterestExpenseDirectorsFees,,,2024-06-30
CGBD,2024-08-05,income_statement,income_statement,OtherGeneralAndAdministrativeExpense,OtherGeneralAndAdministrativeExpense,398000,c-25,,,,,,False,OtherGeneralAndAdministrativeExpense,,,2024-06-30
CGBD,2024-08-05,income_statement,income_statement,OtherGeneralAndAdministrativeExpense,OtherGeneralAndAdministrativeExpense,490000,c-26,,,,,,False,OtherGeneralAndAdministrativeExpense,,,2024-06-30
CGBD,2024-08-05,income_statement,income_statement,OtherGeneralAndAdministrativeExpense,OtherGeneralAndAdministrativeExpense,1111000,c-1,,,,,,False,OtherGeneralAndAdministrativeExpense,,,2024-06-30
CGBD,2024-08-05,income_statement,income_statement,OtherGeneralAndAdministrativeExpense,OtherGeneralAndAdministrativeExpense,943000,c-27,,,,,,False,OtherGeneralAndAdministrativeExpense,,,2024-06-30
CGBD,2024-08-05,income_statement,income_statement,InvestmentIncomeInvestmentExpense,InvestmentIncomeInvestmentExpense,30414000,c-25,,,,,,False,InvestmentIncomeInvestmentExpense,,,2024-06-30
CGBD,2024-08-05,income_statement,income_statement,InvestmentIncomeInvestmentExpense,InvestmentIncomeInvestmentExpense,32240000,c-26,,,,,,False,InvestmentIncomeInvestmentExpense,,,2024-06-30
CGBD,2024-08-05,income_statement,income_statement,InvestmentIncomeInvestmentExpense,InvestmentIncomeInvestmentExpense,63142000,c-1,,,,,,False,InvestmentIncomeInvestmentExpense,,,2024-06-30
CGBD,2024-08-05,income_statement,income_statement,InvestmentIncomeInvestmentExpense,InvestmentIncomeInvestmentExpense,63522000,c-27,,,,,,False,InvestmentIncomeInvestmentExpense,,,2024-06-30
CGBD,2024-08-05,income_statement,income_statement,NetInvestmentIncome,NetInvestmentIncome,27850000,c-25,,,,,,False,NetInvestmentIncome,,,2024-06-30
CGBD,2024-08-05,income_statement,income_statement,NetInvestmentIncome,NetInvestmentIncome,27825000,c-26,,,,,,False,NetInvestmentIncome,,,2024-06-30
CGBD,2024-08-05,income_statement,income_statement,NetInvestmentIncome,NetInvestmentIncome,57129000,c-1,,,,,,False,NetInvestmentIncome,,,2024-06-30
CGBD,2024-08-05,income_statement,income_statement,NetInvestmentIncome,NetInvestmentIncome,54918000,c-27,,,,,,False,NetInvestmentIncome,,,2024-06-30
CGBD,2024-08-05,income_statement,income_statement,InvestmentIncomeOperatingTaxExpenseBenefit,InvestmentIncomeOperatingTaxExpenseBenefit,977000,c-25,,,,,,False,InvestmentIncomeOperatingTaxExpenseBenefit,,,2024-06-30
CGBD,2024-08-05,income_statement,income_statement,InvestmentIncomeOperatingTaxExpenseBenefit,InvestmentIncomeOperatingTaxExpenseBenefit,650000,c-26,,,,,,False,InvestmentIncomeOperatingTaxExpenseBenefit,,,2024-06-30
CGBD,2024-08-05,income_statement,income_statement,InvestmentIncomeOperatingTaxExpenseBenefit,InvestmentIncomeOperatingTaxExpenseBenefit,1807000,c-1,,,,,,False,InvestmentIncomeOperatingTaxExpenseBenefit,,,2024-06-30
CGBD,2024-08-05,income_statement,income_statement,InvestmentIncomeOperatingTaxExpenseBenefit,InvestmentIncomeOperatingTaxExpenseBenefit,1173000,c-27,,,,,,False,InvestmentIncomeOperatingTaxExpenseBenefit,,,2024-06-30
CGBD,2024-08-05,income_statement,income_statement,InvestmentIncomeOperatingAfterExpenseAndTax,InvestmentIncomeOperatingAfterExpenseAndTax,26873000,c-25,,,,,,False,InvestmentIncomeOperatingAfterExpenseAndTax,,,2024-06-30
CGBD,2024-08-05,income_statement,income_statement,InvestmentIncomeOperatingAfterExpenseAndTax,InvestmentIncomeOperatingAfterExpenseAndTax,27175000,c-26,,,,,,False,InvestmentIncomeOperatingAfterExpenseAndTax,,,2024-06-30
CGBD,2024-08-05,income_statement,income_statement,InvestmentIncomeOperatingAfterExpenseAndTax,InvestmentIncomeOperatingAfterExpenseAndTax,55322000,c-1,,,,,,False,InvestmentIncomeOperatingAfterExpenseAndTax,,,2024-06-30
CGBD,2024-08-05,income_statement,income_statement,InvestmentIncomeOperatingAfterExpenseAndTax,InvestmentIncomeOperatingAfterExpenseAndTax,53745000,c-27,,,,,,False,InvestmentIncomeOperatingAfterExpenseAndTax,,,2024-06-30
CGBD,2024-08-05,income_statement,income_statement,NetIncomeLoss,NetIncomeLoss,18746000,c-25,,,,,,False,NetIncomeLoss,,net_income,2024-06-30
CGBD,2024-08-05,income_statement,income_statement,NetIncomeLoss,NetIncomeLoss,4713000,c-26,,,,,,False,NetIncomeLoss,,net_income,2024-06-30
CGBD,2024-08-05,income_statement,income_statement,NetIncomeLoss,NetIncomeLoss,48010000,c-1,,,,,,False,NetIncomeLoss,,net_income,2024-06-30
CGBD,2024-08-05,income_statement,income_statement,NetIncomeLoss,NetIncomeLoss,32700000,c-27,,,,,,False,NetIncomeLoss,,net_income,2024-06-30
CGBD,2024-08-05,income_statement,income_statement,PreferredStockDividendsIncomeStatementImpact,PreferredStockDividendsIncomeStatementImpact,875000,c-25,,,,,,False,PreferredStockDividendsIncomeStatementImpact,,,2024-06-30
CGBD,2024-08-05,income_statement,income_statement,PreferredStockDividendsIncomeStatementImpact,PreferredStockDividendsIncomeStatementImpact,875000,c-26,,,,,,False,PreferredStockDividendsIncomeStatementImpact,,,2024-06-30
CGBD,2024-08-05,income_statement,income_statement,PreferredStockDividendsIncomeStatementImpact,PreferredStockDividendsIncomeStatementImpact,1750000,c-1,,,,,,False,PreferredStockDividendsIncomeStatementImpact,,,2024-06-30
CGBD,2024-08-05,income_statement,income_statement,PreferredStockDividendsIncomeStatementImpact,PreferredStockDividendsIncomeStatementImpact,1750000,c-27,,,,,,False,PreferredStockDividendsIncomeStatementImpact,,,2024-06-30
CGBD,2024-08-05,income_statement,income_statement,IncreaseDecreaseInInterestAndDividendsReceivable,IncreaseDecreaseInInterestAndDividendsReceivable,-1354000,c-1,,,,,,False,IncreaseDecreaseInInterestAndDividendsReceivable,,,2024-06-30
CGBD,2024-08-05,income_statement,income_statement,IncreaseDecreaseInInterestAndDividendsReceivable,IncreaseDecreaseInInterestAndDividendsReceivable,680000,c-27,,,,,,False,IncreaseDecreaseInInterestAndDividendsReceivable,,,2024-06-30
CGBD,2024-08-05,income_statement,income_statement,IncomeTaxesPaid,IncomeTaxesPaid,2432000,c-1,,,,,,False,IncomeTaxesPaid,,,2024-06-30
CGBD,2024-08-05,income_statement,income_statement,IncomeTaxesPaid,IncomeTaxesPaid,1839000,c-27,,,,,,False,IncomeTaxesPaid,,,2024-06-30
CGBD,2024-08-05,income_statement,income_statement,InterestAndDividendIncomeSecurities,InterestAndDividendIncomeSecurities,11000000,c-238,,,,,,False,InterestAndDividendIncomeSecurities,,,2024-06-30
CGBD,2024-08-05,income_statement,income_statement,InterestAndDividendIncomeSecurities,InterestAndDividendIncomeSecurities,0,c-241,,,,,,False,InterestAndDividendIncomeSecurities,,,2024-06-30
CGBD,2024-08-05,income_statement,income_statement,InterestAndDividendIncomeSecurities,InterestAndDividendIncomeSecurities,6057000,c-244,,,,,,False,InterestAndDividendIncomeSecurities,,,2024-06-30
CGBD,2024-08-05,income_statement,income_statement,InterestAndDividendIncomeSecurities,InterestAndDividendIncomeSecurities,17057000,c-247,,,,,,False,InterestAndDividendIncomeSecurities,,,2024-06-30
CGBD,2024-08-05,income_statement,income_statement,InterestAndDividendIncomeSecurities,InterestAndDividendIncomeSecurities,1532000,c-250,,,,,,False,InterestAndDividendIncomeSecurities,,,2024-06-30
CGBD,2024-08-05,income_statement,income_statement,InterestAndDividendIncomeSecurities,InterestAndDividendIncomeSecurities,887000,c-253,,,,,,False,InterestAndDividendIncomeSecurities,,,2024-06-30
CGBD,2024-08-05,income_statement,income_statement,InterestAndDividendIncomeSecurities,InterestAndDividendIncomeSecurities,0,c-256,,,,,,False,InterestAndDividendIncomeSecurities,,,2024-06-30
CGBD,2024-08-05,income_statement,income_statement,InterestAndDividendIncomeSecurities,InterestAndDividendIncomeSecurities,2352000,c-259,,,,,,False,InterestAndDividendIncomeSecurities,,,2024-06-30
CGBD,2024-08-05,income_statement,income_statement,InterestAndDividendIncomeSecurities,InterestAndDividendIncomeSecurities,364000,c-262,,,,,,False,InterestAndDividendIncomeSecurities,,,2024-06-30
CGBD,2024-08-05,income_statement,income_statement,InterestAndDividendIncomeSecurities,InterestAndDividendIncomeSecurities,0,c-265,,,,,,False,InterestAndDividendIncomeSecurities,,,2024-06-30
CGBD,2024-08-05,income_statement,income_statement,InterestAndDividendIncomeSecurities,InterestAndDividendIncomeSecurities,5135000,c-268,,,,,,False,InterestAndDividendIncomeSecurities,,,2024-06-30
CGBD,2024-08-05,income_statement,income_statement,InterestAndDividendIncomeSecurities,InterestAndDividendIncomeSecurities,22000000,c-657,,,,,,False,InterestAndDividendIncomeSecurities,,,2024-06-30
CGBD,2024-08-05,income_statement,income_statement,InterestAndDividendIncomeSecurities,InterestAndDividendIncomeSecurities,0,c-660,,,,,,False,InterestAndDividendIncomeSecurities,,,2024-06-30
CGBD,2024-08-05,income_statement,income_statement,InterestAndDividendIncomeSecurities,InterestAndDividendIncomeSecurities,11104000,c-663,,,,,,False,InterestAndDividendIncomeSecurities,,,2024-06-30
CGBD,2024-08-05,income_statement,income_statement,InterestAndDividendIncomeSecurities,InterestAndDividendIncomeSecurities,33104000,c-666,,,,,,False,InterestAndDividendIncomeSecurities,,,2024-06-30
CGBD,2024-08-05,income_statement,income_statement,InterestAndDividendIncomeSecurities,InterestAndDividendIncomeSecurities,5713000,c-668,,,,,,False,InterestAndDividendIncomeSecurities,,,2024-06-30
CGBD,2024-08-05,income_statement,income_statement,InterestAndDividendIncomeSecurities,InterestAndDividendIncomeSecurities,672000,c-670,,,,,,False,InterestAndDividendIncomeSecurities,,,2024-06-30
CGBD,2024-08-05,income_statement,income_statement,InterestAndDividendIncomeSecurities,InterestAndDividendIncomeSecurities,0,c-672,,,,,,False,InterestAndDividendIncomeSecurities,,,2024-06-30
CGBD,2024-08-05,income_statement,income_statement,InterestAndDividendIncomeSecurities,InterestAndDividendIncomeSecurities,6385000,c-674,,,,,,False,InterestAndDividendIncomeSecurities,,,2024-06-30
CGBD,2024-08-05,income_statement,income_statement,RevenueRecognitionPolicyTextBlock,RevenueRecognitionPolicyTextBlock,"<div style=""margin-top:12pt""><span style=""color:#000000;font-family:'Times New Roman',sans-serif;font-size:10pt;font-style:italic;font-weight:700;line-height:120%"">Revenue Recognition</span></div><div style=""margin-top:6pt""><span style=""color:#000000;font-family:'Times New Roman',sans-serif;font-size:10pt;font-style:italic;font-weight:400;line-height:120%"">Interest from Investments</span></div><div style=""margin-top:6pt;text-indent:36pt""><span style=""color:#000000;font-family:'Times New Roman',sans-serif;font-size:10pt;font-weight:400;line-height:120%"">Interest income is recorded on an accrual basis and includes the accretion of discounts and amortization of premiums. Discounts from and premiums to par value on debt investments purchased are accreted/amortized into interest income over the life of the respective security using the effective interest method. The amortized cost of debt investments represents the original cost, including origination fees and upfront fees received that are deemed to be an adjustment to yield, adjusted for the accretion of discounts and amortization of premiums, if any.</span></div><div style=""margin-top:12pt;text-indent:36pt""><span style=""color:#000000;font-family:'Times New Roman',sans-serif;font-size:10pt;font-weight:400;line-height:120%"">The Company may have loans in its portfolio that contain payment-in-kind (“PIK”) provisions. PIK income represents interest that is accrued and recorded as interest income at the contractual rates, increases the loan principal on the respective capitalization dates, and is generally due at maturity. As of June 30, 2024 and December 31, 2023, the fair value of the loans in the portfolio with PIK provisions was $223,252 and $337,061, respectively, which represents approximately 12.9% and 18.3%, respectively, of total investments at fair value. For the three and six months ended June 30, 2024, the Company earned $5,761 and $11,268 in PIK income, respectively. For the three and six months ended June 30, 2023, the Company earned $4,716 and $8,904 in PIK income, respectively. </span></div><div style=""margin-top:12pt""><span style=""color:#000000;font-family:'Times New Roman',sans-serif;font-size:10pt;font-style:italic;font-weight:400;line-height:120%"">Dividend Income</span></div><div style=""margin-top:6pt;text-indent:36pt""><span style=""color:#000000;font-family:'Times New Roman',sans-serif;font-size:10pt;font-weight:400;line-height:120%"">Dividend income from the investment funds, Credit Fund and Credit Fund II, and other investments funds, if any, is recorded on the record date for the investment fund to the extent that such amounts are payable by the investment funds and are expected to be collected.</span></div><div style=""margin-top:12pt""><span style=""color:#000000;font-family:'Times New Roman',sans-serif;font-size:10pt;font-style:italic;font-weight:400;line-height:120%"">Other Income</span></div><div style=""margin-top:6pt;text-indent:36pt""><span style=""color:#000000;font-family:'Times New Roman',sans-serif;font-size:10pt;font-weight:400;line-height:120%"">Other income may include income such as consent, waiver, amendment, unused, underwriting, arranger and prepayment fees associated with the Company’s investment activities as well as any fees for managerial assistance services rendered by the Company to the portfolio companies. Such fees are recognized as income when earned or the services are rendered. The Company may receive fees for guaranteeing the outstanding debt of a portfolio company. Such fees are amortized into other income over the life of the guarantee. The unamortized amount, if any, is included in prepaid expenses and other assets in the accompanying Consolidated Statements of Assets and Liabilities. For the three and six months ended June 30, 2024, the Company earned $773 and $2,555, respectively, in other income, primarily from amendment fees and prepayment fees. For the three and six months ended June 30, 2023, the Company earned $919 and $1,882, respectively, in other income, primarily from prepayment fees and commitment fees.</span></div><div style=""margin-top:12pt""><span style=""color:#000000;font-family:'Times New Roman',sans-serif;font-size:10pt;font-style:italic;font-weight:400;line-height:120%"">Non-Accrual Income</span></div>Loans are generally placed on non-accrual status when principal or interest payments are past due or when there is reasonable doubt that principal or interest will be collected in full. Accrued and unpaid interest is generally reversed when a loan is placed on non-accrual status. Interest payments received on non-accrual loans may be recognized as income or applied to principal depending upon management’s judgment regarding collectability. Non-accrual loans are restored to accrual status when past due principal and interest are current or there is no longer any reasonable doubt that such principal or interest will be collected in full and, in management’s judgment, are likely to remain current. Management may determine not to place a loan on non-accrual status if the loan has sufficient collateral value and is in the process of collection.",c-1,,,,,,False,RevenueRecognitionPolicyTextBlock,,,2024-06-30
CGBD,2024-08-05,income_statement,income_statement,InterestIncomeOperatingPaidInKind,InterestIncomeOperatingPaidInKind,5761000,c-25,,,,,,False,InterestIncomeOperatingPaidInKind,,,2024-06-30
CGBD,2024-08-05,income_statement,income_statement,InterestIncomeOperatingPaidInKind,InterestIncomeOperatingPaidInKind,11268000,c-1,,,,,,False,InterestIncomeOperatingPaidInKind,,,2024-06-30
CGBD,2024-08-05,income_statement,income_statement,InterestIncomeOperatingPaidInKind,InterestIncomeOperatingPaidInKind,4716000,c-26,,,,,,False,InterestIncomeOperatingPaidInKind,,,2024-06-30
CGBD,2024-08-05,income_statement,income_statement,InterestIncomeOperatingPaidInKind,InterestIncomeOperatingPaidInKind,8904000,c-27,,,,,,False,InterestIncomeOperatingPaidInKind,,,2024-06-30
CGBD,2024-08-05,income_statement,income_statement,OtherIncome,OtherIncome,773000,c-25,,,,,,False,OtherIncome,,,2024-06-30
CGBD,2024-08-05,income_statement,income_statement,OtherIncome,OtherIncome,2555000,c-1,,,,,,False,OtherIncome,,,2024-06-30
CGBD,2024-08-05,income_statement,income_statement,OtherIncome,OtherIncome,919000,c-26,,,,,,False,OtherIncome,,,2024-06-30
CGBD,2024-08-05,income_statement,income_statement,OtherIncome,OtherIncome,1882000,c-27,,,,,,False,OtherIncome,,,2024-06-30
CGBD,2024-08-05,income_statement,income_statement,IncomeTaxPolicyTextBlock,IncomeTaxPolicyTextBlock,"<div style=""margin-top:12pt""><span style=""color:#000000;font-family:'Times New Roman',sans-serif;font-size:10pt;font-style:italic;font-weight:700;line-height:120%"">Income Taxes</span></div><div style=""margin-top:6pt;text-indent:36pt""><span style=""color:#000000;font-family:'Times New Roman',sans-serif;font-size:10pt;font-weight:400;line-height:120%"">For federal income tax purposes, the Company has elected to be treated as a RIC under the Code, and intends to make the required distributions to its stockholders as specified therein. In order to qualify as a RIC, the Company must meet certain minimum distribution, source-of-income and asset diversification requirements. If such requirements are met, then the Company is generally required to pay income taxes only on the portion of its taxable income and gains it does not distribute.</span></div><div style=""margin-top:12pt;text-indent:36pt""><span style=""color:#000000;font-family:'Times New Roman',sans-serif;font-size:10pt;font-weight:400;line-height:120%"">The minimum distribution requirements applicable to RICs require the Company to distribute to its stockholders at least 90% of its investment company taxable income (“ICTI”), as defined by the Code, each year. Depending on the level of ICTI earned in a tax year, the Company may choose to carry forward ICTI in excess of current year distributions into the next tax year. Any such carryover ICTI must be distributed before the end of that next tax year through a dividend declared prior to filing the final tax return related to the year which generated such ICTI.</span></div><div style=""margin-top:12pt;text-indent:36pt""><span style=""color:#000000;font-family:'Times New Roman',sans-serif;font-size:10pt;font-weight:400;line-height:120%"">In addition, based on the excise distribution requirements, the Company is subject to a 4% nondeductible federal excise tax on undistributed income unless the Company distributes in a timely manner an amount at least equal to the sum of (1) 98% of its ordinary income for each calendar year, (2) 98.2% of capital gain net income (both long-term and short-term) for the one-year period ending October 31 in that calendar year and (3) any income realized, but not distributed, in the preceding year. For this purpose, however, any ordinary income or capital gain net income retained by the Company that is subject to corporate income tax is considered to have been distributed. For the three and six months ended June 30, 2024, the Company incurred $977 and $1,807, respectively, in excise tax expense. For the three and six months ended June 30, 2023, the Company incurred $650 and $1,173, respectively, in excise tax expense. </span></div>The Company evaluates tax positions taken or expected to be taken in the course of preparing its consolidated financial statements to determine whether the tax positions are “more likely than not” to be sustained by the applicable tax authority. The SPV and the 2015-1 Issuer are disregarded entities for tax purposes and are consolidated with the tax return of the Company. All penalties and interest associated with income taxes, if any, are included in income tax expense.",c-1,,,,,,False,IncomeTaxPolicyTextBlock,,,2024-06-30
CGBD,2024-08-05,income_statement,income_statement,ManagementFeeAndIncentiveFeeExpense,ManagementFeeAndIncentiveFeeExpense,12201000,c-25,,,,,,False,ManagementFeeAndIncentiveFeeExpense,,,2024-06-30
CGBD,2024-08-05,income_statement,income_statement,ManagementFeeAndIncentiveFeeExpense,ManagementFeeAndIncentiveFeeExpense,12778000,c-26,,,,,,False,ManagementFeeAndIncentiveFeeExpense,,,2024-06-30
CGBD,2024-08-05,income_statement,income_statement,ManagementFeeAndIncentiveFeeExpense,ManagementFeeAndIncentiveFeeExpense,24956000,c-1,,,,,,False,ManagementFeeAndIncentiveFeeExpense,,,2024-06-30
CGBD,2024-08-05,income_statement,income_statement,ManagementFeeAndIncentiveFeeExpense,ManagementFeeAndIncentiveFeeExpense,25486000,c-27,,,,,,False,ManagementFeeAndIncentiveFeeExpense,,,2024-06-30
CGBD,2024-08-05,income_statement,income_statement,IncentiveFeeExpense,IncentiveFeeExpense,0,c-1170,,,,,,False,IncentiveFeeExpense,,,2024-06-30
CGBD,2024-08-05,income_statement,income_statement,IncentiveFeeExpense,IncentiveFeeExpense,0,c-1171,,,,,,False,IncentiveFeeExpense,,,2024-06-30
CGBD,2024-08-05,income_statement,income_statement,IncentiveFeeExpense,IncentiveFeeExpense,0,c-1172,,,,,,False,IncentiveFeeExpense,,,2024-06-30
CGBD,2024-08-05,income_statement,income_statement,IncentiveFeeExpense,IncentiveFeeExpense,0,c-1173,,,,,,False,IncentiveFeeExpense,,,2024-06-30
CGBD,2024-08-05,income_statement,income_statement,OtherGeneralAndAdministrativeExpense,OtherGeneralAndAdministrativeExpense,183000,c-1176,,,,,,False,OtherGeneralAndAdministrativeExpense,,,2024-06-30
CGBD,2024-08-05,income_statement,income_statement,OtherGeneralAndAdministrativeExpense,OtherGeneralAndAdministrativeExpense,340000,c-1177,,,,,,False,OtherGeneralAndAdministrativeExpense,,,2024-06-30
CGBD,2024-08-05,income_statement,income_statement,OtherGeneralAndAdministrativeExpense,OtherGeneralAndAdministrativeExpense,171000,c-1178,,,,,,False,OtherGeneralAndAdministrativeExpense,,,2024-06-30
CGBD,2024-08-05,income_statement,income_statement,OtherGeneralAndAdministrativeExpense,OtherGeneralAndAdministrativeExpense,329000,c-1179,,,,,,False,OtherGeneralAndAdministrativeExpense,,,2024-06-30
CGBD,2024-08-05,income_statement,income_statement,GrossInvestmentIncomeOperating,GrossInvestmentIncomeOperating,18944000,c-1210,,,,,,False,GrossInvestmentIncomeOperating,,,2024-06-30
CGBD,2024-08-05,income_statement,income_statement,GrossInvestmentIncomeOperating,GrossInvestmentIncomeOperating,22491000,c-1211,,,,,,False,GrossInvestmentIncomeOperating,,,2024-06-30
CGBD,2024-08-05,income_statement,income_statement,GrossInvestmentIncomeOperating,GrossInvestmentIncomeOperating,40767000,c-1212,,,,,,False,GrossInvestmentIncomeOperating,,,2024-06-30
CGBD,2024-08-05,income_statement,income_statement,GrossInvestmentIncomeOperating,GrossInvestmentIncomeOperating,45445000,c-1213,,,,,,False,GrossInvestmentIncomeOperating,,,2024-06-30
CGBD,2024-08-05,income_statement,income_statement,OtherExpenses,OtherExpenses,401000,c-1210,,,,,,False,OtherExpenses,,,2024-06-30
CGBD,2024-08-05,income_statement,income_statement,OtherExpenses,OtherExpenses,548000,c-1211,,,,,,False,OtherExpenses,,,2024-06-30
CGBD,2024-08-05,income_statement,income_statement,OtherExpenses,OtherExpenses,997000,c-1212,,,,,,False,OtherExpenses,,,2024-06-30
CGBD,2024-08-05,income_statement,income_statement,OtherExpenses,OtherExpenses,1001000,c-1213,,,,,,False,OtherExpenses,,,2024-06-30
CGBD,2024-08-05,income_statement,income_statement,InvestmentIncomeInvestmentExpense,InvestmentIncomeInvestmentExpense,8770000,c-1210,,,,,,False,InvestmentIncomeInvestmentExpense,,,2024-06-30
CGBD,2024-08-05,income_statement,income_statement,InvestmentIncomeInvestmentExpense,InvestmentIncomeInvestmentExpense,10988000,c-1211,,,,,,False,InvestmentIncomeInvestmentExpense,,,2024-06-30
CGBD,2024-08-05,income_statement,income_statement,InvestmentIncomeInvestmentExpense,InvestmentIncomeInvestmentExpense,19439000,c-1212,,,,,,False,InvestmentIncomeInvestmentExpense,,,2024-06-30
CGBD,2024-08-05,income_statement,income_statement,InvestmentIncomeInvestmentExpense,InvestmentIncomeInvestmentExpense,21713000,c-1213,,,,,,False,InvestmentIncomeInvestmentExpense,,,2024-06-30
CGBD,2024-08-05,income_statement,income_statement,InvestmentIncomeOperatingAfterExpenseAndTax,InvestmentIncomeOperatingAfterExpenseAndTax,10174000,c-1210,,,,,,False,InvestmentIncomeOperatingAfterExpenseAndTax,,,2024-06-30
CGBD,2024-08-05,income_statement,income_statement,InvestmentIncomeOperatingAfterExpenseAndTax,InvestmentIncomeOperatingAfterExpenseAndTax,11503000,c-1211,,,,,,False,InvestmentIncomeOperatingAfterExpenseAndTax,,,2024-06-30
CGBD,2024-08-05,income_statement,income_statement,InvestmentIncomeOperatingAfterExpenseAndTax,InvestmentIncomeOperatingAfterExpenseAndTax,21328000,c-1212,,,,,,False,InvestmentIncomeOperatingAfterExpenseAndTax,,,2024-06-30
CGBD,2024-08-05,income_statement,income_statement,InvestmentIncomeOperatingAfterExpenseAndTax,InvestmentIncomeOperatingAfterExpenseAndTax,23732000,c-1213,,,,,,False,InvestmentIncomeOperatingAfterExpenseAndTax,,,2024-06-30
CGBD,2024-08-05,income_statement,income_statement,NetIncomeLoss,NetIncomeLoss,4818000,c-1210,,,,,,False,NetIncomeLoss,,net_income,2024-06-30
CGBD,2024-08-05,income_statement,income_statement,NetIncomeLoss,NetIncomeLoss,2420000,c-1211,,,,,,False,NetIncomeLoss,,net_income,2024-06-30
CGBD,2024-08-05,income_statement,income_statement,NetIncomeLoss,NetIncomeLoss,26758000,c-1212,,,,,,False,NetIncomeLoss,,net_income,2024-06-30
CGBD,2024-08-05,income_statement,income_statement,NetIncomeLoss,NetIncomeLoss,9541000,c-1213,,,,,,False,NetIncomeLoss,,net_income,2024-06-30
CGBD,2024-08-05,income_statement,income_statement,GrossInvestmentIncomeOperating,GrossInvestmentIncomeOperating,6744000,c-1370,,,,,,False,GrossInvestmentIncomeOperating,,,2024-06-30
CGBD,2024-08-05,income_statement,income_statement,GrossInvestmentIncomeOperating,GrossInvestmentIncomeOperating,6933000,c-1371,,,,,,False,GrossInvestmentIncomeOperating,,,2024-06-30
CGBD,2024-08-05,income_statement,income_statement,GrossInvestmentIncomeOperating,GrossInvestmentIncomeOperating,14378000,c-1372,,,,,,False,GrossInvestmentIncomeOperating,,,2024-06-30
CGBD,2024-08-05,income_statement,income_statement,GrossInvestmentIncomeOperating,GrossInvestmentIncomeOperating,13540000,c-1373,,,,,,False,GrossInvestmentIncomeOperating,,,2024-06-30
CGBD,2024-08-05,income_statement,income_statement,OtherExpenses,OtherExpenses,202000,c-1370,,,,,,False,OtherExpenses,,,2024-06-30
CGBD,2024-08-05,income_statement,income_statement,OtherExpenses,OtherExpenses,192000,c-1371,,,,,,False,OtherExpenses,,,2024-06-30
CGBD,2024-08-05,income_statement,income_statement,OtherExpenses,OtherExpenses,380000,c-1372,,,,,,False,OtherExpenses,,,2024-06-30
CGBD,2024-08-05,income_statement,income_statement,OtherExpenses,OtherExpenses,467000,c-1373,,,,,,False,OtherExpenses,,,2024-06-30
CGBD,2024-08-05,income_statement,income_statement,InvestmentIncomeInvestmentExpense,InvestmentIncomeInvestmentExpense,3498000,c-1370,,,,,,False,InvestmentIncomeInvestmentExpense,,,2024-06-30
CGBD,2024-08-05,income_statement,income_statement,InvestmentIncomeInvestmentExpense,InvestmentIncomeInvestmentExpense,3331000,c-1371,,,,,,False,InvestmentIncomeInvestmentExpense,,,2024-06-30
CGBD,2024-08-05,income_statement,income_statement,InvestmentIncomeInvestmentExpense,InvestmentIncomeInvestmentExpense,6998000,c-1372,,,,,,False,InvestmentIncomeInvestmentExpense,,,2024-06-30
CGBD,2024-08-05,income_statement,income_statement,InvestmentIncomeInvestmentExpense,InvestmentIncomeInvestmentExpense,6550000,c-1373,,,,,,False,InvestmentIncomeInvestmentExpense,,,2024-06-30
CGBD,2024-08-05,income_statement,income_statement,InvestmentIncomeOperatingAfterExpenseAndTax,InvestmentIncomeOperatingAfterExpenseAndTax,3246000,c-1370,,,,,,False,InvestmentIncomeOperatingAfterExpenseAndTax,,,2024-06-30
CGBD,2024-08-05,income_statement,income_statement,InvestmentIncomeOperatingAfterExpenseAndTax,InvestmentIncomeOperatingAfterExpenseAndTax,3602000,c-1371,,,,,,False,InvestmentIncomeOperatingAfterExpenseAndTax,,,2024-06-30
CGBD,2024-08-05,income_statement,income_statement,InvestmentIncomeOperatingAfterExpenseAndTax,InvestmentIncomeOperatingAfterExpenseAndTax,7380000,c-1372,,,,,,False,InvestmentIncomeOperatingAfterExpenseAndTax,,,2024-06-30
CGBD,2024-08-05,income_statement,income_statement,InvestmentIncomeOperatingAfterExpenseAndTax,InvestmentIncomeOperatingAfterExpenseAndTax,6990000,c-1373,,,,,,False,InvestmentIncomeOperatingAfterExpenseAndTax,,,2024-06-30
CGBD,2024-08-05,income_statement,income_statement,NetIncomeLoss,NetIncomeLoss,3567000,c-1370,,,,,,False,NetIncomeLoss,,net_income,2024-06-30
CGBD,2024-08-05,income_statement,income_statement,NetIncomeLoss,NetIncomeLoss,-1929000,c-1371,,,,,,False,NetIncomeLoss,,net_income,2024-06-30
CGBD,2024-08-05,income_statement,income_statement,NetIncomeLoss,NetIncomeLoss,7492000,c-1372,,,,,,False,NetIncomeLoss,,net_income,2024-06-30
CGBD,2024-08-05,income_statement,income_statement,NetIncomeLoss,NetIncomeLoss,-621000,c-1373,,,,,,False,NetIncomeLoss,,net_income,2024-06-30
CGBD,2024-08-05,income_statement,income_statement,InvestmentIncomeOperatingAfterExpenseAndTax,InvestmentIncomeOperatingAfterExpenseAndTax,26873000,c-1595,,,,,,False,InvestmentIncomeOperatingAfterExpenseAndTax,,,2024-06-30
CGBD,2024-08-05,income_statement,income_statement,InvestmentIncomeOperatingAfterExpenseAndTax,InvestmentIncomeOperatingAfterExpenseAndTax,55322000,c-1612,,,,,,False,InvestmentIncomeOperatingAfterExpenseAndTax,,,2024-06-30
CGBD,2024-08-05,income_statement,income_statement,InvestmentIncomeOperatingAfterExpenseAndTax,InvestmentIncomeOperatingAfterExpenseAndTax,27175000,c-1622,,,,,,False,InvestmentIncomeOperatingAfterExpenseAndTax,,,2024-06-30
CGBD,2024-08-05,income_statement,income_statement,InvestmentIncomeOperatingAfterExpenseAndTax,InvestmentIncomeOperatingAfterExpenseAndTax,53745000,c-1640,,,,,,False,InvestmentIncomeOperatingAfterExpenseAndTax,,,2024-06-30
CGBD,2024-08-05,income_statement,income_statement,InvestmentCompanyInvestmentIncomeLossPerShare,InvestmentCompanyInvestmentIncomeLossPerShare,1.05,c-1,,,,,,False,InvestmentCompanyInvestmentIncomeLossPerShare,,,2024-06-30
CGBD,2024-08-05,income_statement,income_statement,InvestmentCompanyInvestmentIncomeLossPerShare,InvestmentCompanyInvestmentIncomeLossPerShare,1.02,c-27,,,,,,False,InvestmentCompanyInvestmentIncomeLossPerShare,,,2024-06-30
CGBD,2024-08-05,income_statement,income_statement,InvestmentCompanyInvestmentIncomeLossFromOperationsPerShare,InvestmentCompanyInvestmentIncomeLossFromOperationsPerShare,0.91,c-1,,,,,,False,InvestmentCompanyInvestmentIncomeLossFromOperationsPerShare,,,2024-06-30
CGBD,2024-08-05,income_statement,income_statement,InvestmentCompanyInvestmentIncomeLossFromOperationsPerShare,InvestmentCompanyInvestmentIncomeLossFromOperationsPerShare,0.61,c-27,,,,,,False,InvestmentCompanyInvestmentIncomeLossFromOperationsPerShare,,,2024-06-30
CGBD,2024-08-05,income_statement,income_statement,InvestmentCompanyExpenseRatioExcludingIncentiveFee,InvestmentCompanyExpenseRatioExcludingIncentiveFee,0.0620,c-1,,,,,,False,InvestmentCompanyExpenseRatioExcludingIncentiveFee,,,2024-06-30
CGBD,2024-08-05,income_statement,income_statement,InvestmentCompanyExpenseRatioExcludingIncentiveFee,InvestmentCompanyExpenseRatioExcludingIncentiveFee,0.0622,c-27,,,,,,False,InvestmentCompanyExpenseRatioExcludingIncentiveFee,,,2024-06-30
CGBD,2024-08-05,income_statement,income_statement,InvestmentCompanyExpenseRatioIncludingIncentiveFee,InvestmentCompanyExpenseRatioIncludingIncentiveFee,0.0752,c-1,,,,,,False,InvestmentCompanyExpenseRatioIncludingIncentiveFee,,,2024-06-30
CGBD,2024-08-05,income_statement,income_statement,InvestmentCompanyExpenseRatioIncludingIncentiveFee,InvestmentCompanyExpenseRatioIncludingIncentiveFee,0.0751,c-27,,,,,,False,InvestmentCompanyExpenseRatioIncludingIncentiveFee,,,2024-06-30
CGBD,2024-08-05,income_statement,income_statement,InvestmentCompanyInvestmentIncomeLossRatio,InvestmentCompanyInvestmentIncomeLossRatio,0.0641,c-1,,,,,,False,InvestmentCompanyInvestmentIncomeLossRatio,,,2024-06-30
CGBD,2024-08-05,income_statement,income_statement,InvestmentCompanyInvestmentIncomeLossRatio,InvestmentCompanyInvestmentIncomeLossRatio,0.0624,c-27,,,,,,False,InvestmentCompanyInvestmentIncomeLossRatio,,,2024-06-30
CGBD,2024-08-05,income_statement,income_statement,InvestmentCompanyInterestExpenseRatioIncludingLineOfCreditFacilityCommitmentFee,InvestmentCompanyInterestExpenseRatioIncludingLineOfCreditFacilityCommitmentFee,0.0399,c-1,,,,,,False,InvestmentCompanyInterestExpenseRatioIncludingLineOfCreditFacilityCommitmentFee,,,2024-06-30
CGBD,2024-08-05,income_statement,income_statement,InvestmentCompanyInterestExpenseRatioIncludingLineOfCreditFacilityCommitmentFee,InvestmentCompanyInterestExpenseRatioIncludingLineOfCreditFacilityCommitmentFee,0.0408,c-27,,,,,,False,InvestmentCompanyInterestExpenseRatioIncludingLineOfCreditFacilityCommitmentFee,,,2024-06-30
CGBD,2024-08-05,income_statement,income_statement,IncomeTaxDisclosureTextBlock,IncomeTaxDisclosureTextBlock,"<div style=""margin-top:18pt""><span style=""color:#000000;font-family:'Times New Roman',sans-serif;font-size:10pt;font-weight:700;line-height:120%"">13. TAX</span></div><div style=""margin-top:6pt;text-indent:36pt""><span style=""color:#000000;font-family:'Times New Roman',sans-serif;font-size:10pt;font-weight:400;line-height:120%"">The Company has not recorded a liability for any uncertain tax positions pursuant to the provisions of ASC 740, </span><span style=""color:#000000;font-family:'Times New Roman',sans-serif;font-size:10pt;font-style:italic;font-weight:400;line-height:120%"">Income Taxes</span><span style=""color:#000000;font-family:'Times New Roman',sans-serif;font-size:10pt;font-weight:400;line-height:120%"">, as of June 30, 2024 and December 31, 2023.</span></div><div style=""margin-top:12pt;text-indent:36pt""><span style=""color:#000000;font-family:'Times New Roman',sans-serif;font-size:10pt;font-weight:400;line-height:120%"">In the normal course of business, the Company is subject to examination by federal and certain state, local and foreign tax regulators. The Company’s federal tax returns are generally subject to examination by the Internal Revenue Service for a period of three years after they are filed.</span></div><div style=""margin-top:12pt;text-indent:36pt""><span style=""color:#000000;font-family:'Times New Roman',sans-serif;font-size:10pt;font-weight:400;line-height:120%"">The Company’s taxable income for each period is an estimate and will not be finally determined until the Company files its tax return for each year. Therefore, the final taxable income, and the taxable income earned in each period and carried forward for distribution in the following period, may be different than this estimate. The estimated tax character of the dividends declared on preferred and common stock for the six months ended June 30, 2024 and 2023 was as follows:</span></div><div style=""margin-top:6pt;text-align:center""><table style=""border-collapse:collapse;display:inline-table;margin-bottom:5pt;vertical-align:text-bottom;width:82.163%""><tr><td style=""width:1.0%""></td><td style=""width:56.373%""></td><td style=""width:0.1%""></td><td style=""width:1.0%""></td><td style=""width:19.718%""></td><td style=""width:0.1%""></td><td style=""width:0.1%""></td><td style=""width:0.689%""></td><td style=""width:0.1%""></td><td style=""width:1.0%""></td><td style=""width:19.720%""></td><td style=""width:0.1%""></td></tr><tr><td colspan=""3"" style=""padding:2px 1pt;text-align:left;vertical-align:bottom""><span style=""color:#000000;font-family:'Times New Roman',sans-serif;font-size:9pt;font-weight:400;line-height:100%""> </span></td><td colspan=""9"" style=""padding:2px 1pt;text-align:center;vertical-align:bottom""><span style=""color:#000000;font-family:'Times New Roman',sans-serif;font-size:9pt;font-weight:700;line-height:100%"">Six months ended June 30,</span></td></tr><tr><td colspan=""3"" style=""padding:2px 1pt;text-align:left;vertical-align:bottom""><span style=""color:#000000;font-family:'Times New Roman',sans-serif;font-size:9pt;font-weight:400;line-height:100%""> </span></td><td colspan=""3"" style=""border-top:1pt solid #000000;padding:2px 1pt;text-align:center;vertical-align:bottom""><span style=""color:#000000;font-family:'Times New Roman',sans-serif;font-size:9pt;font-weight:700;line-height:100%"">2024</span></td><td colspan=""3"" style=""border-top:1pt solid #000000;padding:0 1pt""></td><td colspan=""3"" style=""border-top:1pt solid #000000;padding:2px 1pt;text-align:center;vertical-align:bottom""><span style=""color:#000000;font-family:'Times New Roman',sans-serif;font-size:9pt;font-weight:700;line-height:100%"">2023</span></td></tr><tr><td colspan=""3"" style=""background-color:#cceeff;padding:2px 1pt;text-align:left;vertical-align:top""><span style=""color:#000000;font-family:'Times New Roman',sans-serif;font-size:9pt;font-weight:400;line-height:100%"">Ordinary income</span></td><td style=""background-color:#cceeff;border-top:1pt solid #000000;padding:2px 0 2px 1pt;text-align:left;vertical-align:bottom""><span style=""color:#000000;font-family:'Times New Roman',sans-serif;font-size:9pt;font-weight:400;line-height:100%"">$</span></td><td style=""background-color:#cceeff;border-top:1pt solid #000000;padding:2px 0;text-align:right;vertical-align:bottom""><span style=""color:#000000;font-family:'Times New Roman',sans-serif;font-size:9pt;font-weight:400;line-height:100%"">50,005 </span></td><td style=""background-color:#cceeff;border-top:1pt solid #000000;padding:2px 1pt 2px 0;text-align:right;vertical-align:bottom""></td><td colspan=""3"" style=""background-color:#cceeff;padding:0 1pt""></td><td style=""background-color:#cceeff;border-top:1pt solid #000000;padding:2px 0 2px 1pt;text-align:left;vertical-align:bottom""><span style=""color:#000000;font-family:'Times New Roman',sans-serif;font-size:9pt;font-weight:400;line-height:100%"">$</span></td><td style=""background-color:#cceeff;border-top:1pt solid #000000;padding:2px 0;text-align:right;vertical-align:bottom""><span style=""color:#000000;font-family:'Times New Roman',sans-serif;font-size:9pt;font-weight:400;line-height:100%"">46,449 </span></td><td style=""background-color:#cceeff;border-top:1pt solid #000000;padding:2px 1pt 2px 0;text-align:right;vertical-align:bottom""></td></tr><tr><td colspan=""3"" style=""padding:2px 1pt;text-align:left;vertical-align:top""><span style=""color:#000000;font-family:'Times New Roman',sans-serif;font-size:9pt;font-weight:400;line-height:100%"">Tax return of capital</span></td><td style=""padding:2px 0 2px 1pt;text-align:left;vertical-align:bottom""><span style=""color:#000000;font-family:'Times New Roman',sans-serif;font-size:9pt;font-weight:400;line-height:100%"">$</span></td><td style=""padding:2px 0;text-align:right;vertical-align:bottom""><span style=""color:#000000;font-family:'Times New Roman',sans-serif;font-size:9pt;font-weight:400;line-height:100%"">— </span></td><td style=""padding:2px 1pt 2px 0;text-align:right;vertical-align:bottom""></td><td colspan=""3"" style=""padding:0 1pt""></td><td style=""padding:2px 0 2px 1pt;text-align:left;vertical-align:bottom""><span style=""color:#000000;font-family:'Times New Roman',sans-serif;font-size:9pt;font-weight:400;line-height:100%"">$</span></td><td style=""padding:2px 0;text-align:right;vertical-align:bottom""><span style=""color:#000000;font-family:'Times New Roman',sans-serif;font-size:9pt;font-weight:400;line-height:100%"">— </span></td><td style=""padding:2px 1pt 2px 0;text-align:right;vertical-align:bottom""></td></tr></table></div>",c-1,,,,,,False,IncomeTaxDisclosureTextBlock,,,2024-06-30
CGBD,2024-08-05,income_statement,income_statement,InvestmentCompanyDistributionOrdinaryIncome,InvestmentCompanyDistributionOrdinaryIncome,50005000,c-1,,,,,,False,InvestmentCompanyDistributionOrdinaryIncome,,,2024-06-30
CGBD,2024-08-05,income_statement,income_statement,InvestmentCompanyDistributionOrdinaryIncome,InvestmentCompanyDistributionOrdinaryIncome,46449000,c-27,,,,,,False,InvestmentCompanyDistributionOrdinaryIncome,,,2024-06-30
CGBD,2024-11-05,income_statement,income_statement,InterestIncomeOperatingPaidInCash,InterestIncomeOperatingPaidInCash,40116000,c-13,,,,,,False,InterestIncomeOperatingPaidInCash,,,2024-09-30
CGBD,2024-11-05,income_statement,income_statement,InterestIncomeOperatingPaidInCash,InterestIncomeOperatingPaidInCash,45074000,c-14,,,,,,False,InterestIncomeOperatingPaidInCash,,,2024-09-30
CGBD,2024-11-05,income_statement,income_statement,InterestIncomeOperatingPaidInCash,InterestIncomeOperatingPaidInCash,125064000,c-15,,,,,,False,InterestIncomeOperatingPaidInCash,,,2024-09-30
CGBD,2024-11-05,income_statement,income_statement,InterestIncomeOperatingPaidInCash,InterestIncomeOperatingPaidInCash,132988000,c-16,,,,,,False,InterestIncomeOperatingPaidInCash,,,2024-09-30
CGBD,2024-11-05,income_statement,income_statement,InterestIncomeOperatingPaidInKind,InterestIncomeOperatingPaidInKind,5033000,c-13,,,,,,False,InterestIncomeOperatingPaidInKind,,,2024-09-30
CGBD,2024-11-05,income_statement,income_statement,InterestIncomeOperatingPaidInKind,InterestIncomeOperatingPaidInKind,5192000,c-14,,,,,,False,InterestIncomeOperatingPaidInKind,,,2024-09-30
CGBD,2024-11-05,income_statement,income_statement,InterestIncomeOperatingPaidInKind,InterestIncomeOperatingPaidInKind,15609000,c-15,,,,,,False,InterestIncomeOperatingPaidInKind,,,2024-09-30
CGBD,2024-11-05,income_statement,income_statement,InterestIncomeOperatingPaidInKind,InterestIncomeOperatingPaidInKind,13875000,c-16,,,,,,False,InterestIncomeOperatingPaidInKind,,,2024-09-30
CGBD,2024-11-05,income_statement,income_statement,OtherIncome,OtherIncome,1037000,c-13,,,,,,False,OtherIncome,,,2024-09-30
CGBD,2024-11-05,income_statement,income_statement,OtherIncome,OtherIncome,766000,c-14,,,,,,False,OtherIncome,,,2024-09-30
CGBD,2024-11-05,income_statement,income_statement,OtherIncome,OtherIncome,3588000,c-15,,,,,,False,OtherIncome,,,2024-09-30
CGBD,2024-11-05,income_statement,income_statement,OtherIncome,OtherIncome,2644000,c-16,,,,,,False,OtherIncome,,,2024-09-30
CGBD,2024-11-05,income_statement,income_statement,GrossInvestmentIncomeOperating,GrossInvestmentIncomeOperating,46186000,c-13,,,,,,False,GrossInvestmentIncomeOperating,,,2024-09-30
CGBD,2024-11-05,income_statement,income_statement,GrossInvestmentIncomeOperating,GrossInvestmentIncomeOperating,51032000,c-14,,,,,,False,GrossInvestmentIncomeOperating,,,2024-09-30
CGBD,2024-11-05,income_statement,income_statement,GrossInvestmentIncomeOperating,GrossInvestmentIncomeOperating,144261000,c-15,,,,,,False,GrossInvestmentIncomeOperating,,,2024-09-30
CGBD,2024-11-05,income_statement,income_statement,GrossInvestmentIncomeOperating,GrossInvestmentIncomeOperating,149507000,c-16,,,,,,False,GrossInvestmentIncomeOperating,,,2024-09-30
CGBD,2024-11-05,income_statement,income_statement,InterestIncomeOperatingPaidInCash,InterestIncomeOperatingPaidInCash,1501000,c-17,,,,,,False,InterestIncomeOperatingPaidInCash,,,2024-09-30
CGBD,2024-11-05,income_statement,income_statement,InterestIncomeOperatingPaidInCash,InterestIncomeOperatingPaidInCash,966000,c-18,,,,,,False,InterestIncomeOperatingPaidInCash,,,2024-09-30
CGBD,2024-11-05,income_statement,income_statement,InterestIncomeOperatingPaidInCash,InterestIncomeOperatingPaidInCash,5944000,c-19,,,,,,False,InterestIncomeOperatingPaidInCash,,,2024-09-30
CGBD,2024-11-05,income_statement,income_statement,InterestIncomeOperatingPaidInCash,InterestIncomeOperatingPaidInCash,4154000,c-20,,,,,,False,InterestIncomeOperatingPaidInCash,,,2024-09-30
CGBD,2024-11-05,income_statement,income_statement,InterestIncomeOperatingPaidInKind,InterestIncomeOperatingPaidInKind,0,c-17,,,,,,False,InterestIncomeOperatingPaidInKind,,,2024-09-30
CGBD,2024-11-05,income_statement,income_statement,InterestIncomeOperatingPaidInKind,InterestIncomeOperatingPaidInKind,225000,c-18,,,,,,False,InterestIncomeOperatingPaidInKind,,,2024-09-30
CGBD,2024-11-05,income_statement,income_statement,InterestIncomeOperatingPaidInKind,InterestIncomeOperatingPaidInKind,692000,c-19,,,,,,False,InterestIncomeOperatingPaidInKind,,,2024-09-30
CGBD,2024-11-05,income_statement,income_statement,InterestIncomeOperatingPaidInKind,InterestIncomeOperatingPaidInKind,446000,c-20,,,,,,False,InterestIncomeOperatingPaidInKind,,,2024-09-30
CGBD,2024-11-05,income_statement,income_statement,OtherIncome,OtherIncome,2000,c-17,,,,,,False,OtherIncome,,,2024-09-30
CGBD,2024-11-05,income_statement,income_statement,OtherIncome,OtherIncome,2000,c-18,,,,,,False,OtherIncome,,,2024-09-30
CGBD,2024-11-05,income_statement,income_statement,OtherIncome,OtherIncome,6000,c-19,,,,,,False,OtherIncome,,,2024-09-30
CGBD,2024-11-05,income_statement,income_statement,OtherIncome,OtherIncome,6000,c-20,,,,,,False,OtherIncome,,,2024-09-30
CGBD,2024-11-05,income_statement,income_statement,GrossInvestmentIncomeOperating,GrossInvestmentIncomeOperating,1503000,c-17,,,,,,False,GrossInvestmentIncomeOperating,,,2024-09-30
CGBD,2024-11-05,income_statement,income_statement,GrossInvestmentIncomeOperating,GrossInvestmentIncomeOperating,1193000,c-18,,,,,,False,GrossInvestmentIncomeOperating,,,2024-09-30
CGBD,2024-11-05,income_statement,income_statement,GrossInvestmentIncomeOperating,GrossInvestmentIncomeOperating,6642000,c-19,,,,,,False,GrossInvestmentIncomeOperating,,,2024-09-30
CGBD,2024-11-05,income_statement,income_statement,GrossInvestmentIncomeOperating,GrossInvestmentIncomeOperating,4606000,c-20,,,,,,False,GrossInvestmentIncomeOperating,,,2024-09-30
CGBD,2024-11-05,income_statement,income_statement,DividendIncomeOperating,DividendIncomeOperating,8276000,c-21,,,,,,False,DividendIncomeOperating,,,2024-09-30
CGBD,2024-11-05,income_statement,income_statement,DividendIncomeOperating,DividendIncomeOperating,8276000,c-22,,,,,,False,DividendIncomeOperating,,,2024-09-30
CGBD,2024-11-05,income_statement,income_statement,DividendIncomeOperating,DividendIncomeOperating,25333000,c-23,,,,,,False,DividendIncomeOperating,,,2024-09-30
CGBD,2024-11-05,income_statement,income_statement,DividendIncomeOperating,DividendIncomeOperating,24828000,c-24,,,,,,False,DividendIncomeOperating,,,2024-09-30
CGBD,2024-11-05,income_statement,income_statement,GrossInvestmentIncomeOperating,GrossInvestmentIncomeOperating,8276000,c-21,,,,,,False,GrossInvestmentIncomeOperating,,,2024-09-30
CGBD,2024-11-05,income_statement,income_statement,GrossInvestmentIncomeOperating,GrossInvestmentIncomeOperating,8276000,c-22,,,,,,False,GrossInvestmentIncomeOperating,,,2024-09-30
CGBD,2024-11-05,income_statement,income_statement,GrossInvestmentIncomeOperating,GrossInvestmentIncomeOperating,25333000,c-23,,,,,,False,GrossInvestmentIncomeOperating,,,2024-09-30
CGBD,2024-11-05,income_statement,income_statement,GrossInvestmentIncomeOperating,GrossInvestmentIncomeOperating,24828000,c-24,,,,,,False,GrossInvestmentIncomeOperating,,,2024-09-30
CGBD,2024-11-05,income_statement,income_statement,GrossInvestmentIncomeOperating,GrossInvestmentIncomeOperating,55965000,c-25,,,,,,False,GrossInvestmentIncomeOperating,,,2024-09-30
CGBD,2024-11-05,income_statement,income_statement,GrossInvestmentIncomeOperating,GrossInvestmentIncomeOperating,60501000,c-26,,,,,,False,GrossInvestmentIncomeOperating,,,2024-09-30
CGBD,2024-11-05,income_statement,income_statement,GrossInvestmentIncomeOperating,GrossInvestmentIncomeOperating,176236000,c-1,,,,,,False,GrossInvestmentIncomeOperating,,,2024-09-30
CGBD,2024-11-05,income_statement,income_statement,GrossInvestmentIncomeOperating,GrossInvestmentIncomeOperating,178941000,c-27,,,,,,False,GrossInvestmentIncomeOperating,,,2024-09-30
CGBD,2024-11-05,income_statement,income_statement,ManagementFeeExpense,ManagementFeeExpense,6590000,c-25,,,,,,False,ManagementFeeExpense,,,2024-09-30
CGBD,2024-11-05,income_statement,income_statement,ManagementFeeExpense,ManagementFeeExpense,7080000,c-26,,,,,,False,ManagementFeeExpense,,,2024-09-30
CGBD,2024-11-05,income_statement,income_statement,ManagementFeeExpense,ManagementFeeExpense,20155000,c-1,,,,,,False,ManagementFeeExpense,,,2024-09-30
CGBD,2024-11-05,income_statement,income_statement,ManagementFeeExpense,ManagementFeeExpense,21501000,c-27,,,,,,False,ManagementFeeExpense,,,2024-09-30
CGBD,2024-11-05,income_statement,income_statement,IncentiveFeeExpense,IncentiveFeeExpense,5101000,c-25,,,,,,False,IncentiveFeeExpense,,,2024-09-30
CGBD,2024-11-05,income_statement,income_statement,IncentiveFeeExpense,IncentiveFeeExpense,5530000,c-26,,,,,,False,IncentiveFeeExpense,,,2024-09-30
CGBD,2024-11-05,income_statement,income_statement,IncentiveFeeExpense,IncentiveFeeExpense,16492000,c-1,,,,,,False,IncentiveFeeExpense,,,2024-09-30
CGBD,2024-11-05,income_statement,income_statement,IncentiveFeeExpense,IncentiveFeeExpense,16595000,c-27,,,,,,False,IncentiveFeeExpense,,,2024-09-30
CGBD,2024-11-05,income_statement,income_statement,AdministrativeFeesExpense,AdministrativeFeesExpense,337000,c-25,,,,,,False,AdministrativeFeesExpense,,,2024-09-30
CGBD,2024-11-05,income_statement,income_statement,AdministrativeFeesExpense,AdministrativeFeesExpense,369000,c-26,,,,,,False,AdministrativeFeesExpense,,,2024-09-30
CGBD,2024-11-05,income_statement,income_statement,AdministrativeFeesExpense,AdministrativeFeesExpense,1150000,c-1,,,,,,False,AdministrativeFeesExpense,,,2024-09-30
CGBD,2024-11-05,income_statement,income_statement,AdministrativeFeesExpense,AdministrativeFeesExpense,866000,c-27,,,,,,False,AdministrativeFeesExpense,,,2024-09-30
CGBD,2024-11-05,income_statement,income_statement,InterestExpenseAndLineOfCreditFacilityCommitmentFeeAmount,InterestExpenseAndLineOfCreditFacilityCommitmentFeeAmount,16882000,c-25,,,,,,False,InterestExpenseAndLineOfCreditFacilityCommitmentFeeAmount,,,2024-09-30
CGBD,2024-11-05,income_statement,income_statement,InterestExpenseAndLineOfCreditFacilityCommitmentFeeAmount,InterestExpenseAndLineOfCreditFacilityCommitmentFeeAmount,18222000,c-26,,,,,,False,InterestExpenseAndLineOfCreditFacilityCommitmentFeeAmount,,,2024-09-30
CGBD,2024-11-05,income_statement,income_statement,InterestExpenseAndLineOfCreditFacilityCommitmentFeeAmount,InterestExpenseAndLineOfCreditFacilityCommitmentFeeAmount,51361000,c-1,,,,,,False,InterestExpenseAndLineOfCreditFacilityCommitmentFeeAmount,,,2024-09-30
CGBD,2024-11-05,income_statement,income_statement,InterestExpenseAndLineOfCreditFacilityCommitmentFeeAmount,InterestExpenseAndLineOfCreditFacilityCommitmentFeeAmount,53376000,c-27,,,,,,False,InterestExpenseAndLineOfCreditFacilityCommitmentFeeAmount,,,2024-09-30
CGBD,2024-11-05,income_statement,income_statement,NoninterestExpenseDirectorsFees,NoninterestExpenseDirectorsFees,147000,c-25,,,,,,False,NoninterestExpenseDirectorsFees,,,2024-09-30
CGBD,2024-11-05,income_statement,income_statement,NoninterestExpenseDirectorsFees,NoninterestExpenseDirectorsFees,103000,c-26,,,,,,False,NoninterestExpenseDirectorsFees,,,2024-09-30
CGBD,2024-11-05,income_statement,income_statement,NoninterestExpenseDirectorsFees,NoninterestExpenseDirectorsFees,457000,c-1,,,,,,False,NoninterestExpenseDirectorsFees,,,2024-09-30
CGBD,2024-11-05,income_statement,income_statement,NoninterestExpenseDirectorsFees,NoninterestExpenseDirectorsFees,333000,c-27,,,,,,False,NoninterestExpenseDirectorsFees,,,2024-09-30
CGBD,2024-11-05,income_statement,income_statement,OtherGeneralAndAdministrativeExpense,OtherGeneralAndAdministrativeExpense,547000,c-25,,,,,,False,OtherGeneralAndAdministrativeExpense,,,2024-09-30
CGBD,2024-11-05,income_statement,income_statement,OtherGeneralAndAdministrativeExpense,OtherGeneralAndAdministrativeExpense,552000,c-26,,,,,,False,OtherGeneralAndAdministrativeExpense,,,2024-09-30
CGBD,2024-11-05,income_statement,income_statement,OtherGeneralAndAdministrativeExpense,OtherGeneralAndAdministrativeExpense,1658000,c-1,,,,,,False,OtherGeneralAndAdministrativeExpense,,,2024-09-30
CGBD,2024-11-05,income_statement,income_statement,OtherGeneralAndAdministrativeExpense,OtherGeneralAndAdministrativeExpense,1495000,c-27,,,,,,False,OtherGeneralAndAdministrativeExpense,,,2024-09-30
CGBD,2024-11-05,income_statement,income_statement,InvestmentIncomeInvestmentExpense,InvestmentIncomeInvestmentExpense,30331000,c-25,,,,,,False,InvestmentIncomeInvestmentExpense,,,2024-09-30
CGBD,2024-11-05,income_statement,income_statement,InvestmentIncomeInvestmentExpense,InvestmentIncomeInvestmentExpense,32540000,c-26,,,,,,False,InvestmentIncomeInvestmentExpense,,,2024-09-30
CGBD,2024-11-05,income_statement,income_statement,InvestmentIncomeInvestmentExpense,InvestmentIncomeInvestmentExpense,93473000,c-1,,,,,,False,InvestmentIncomeInvestmentExpense,,,2024-09-30
CGBD,2024-11-05,income_statement,income_statement,InvestmentIncomeInvestmentExpense,InvestmentIncomeInvestmentExpense,96062000,c-27,,,,,,False,InvestmentIncomeInvestmentExpense,,,2024-09-30
CGBD,2024-11-05,income_statement,income_statement,NetInvestmentIncome,NetInvestmentIncome,25634000,c-25,,,,,,False,NetInvestmentIncome,,,2024-09-30
CGBD,2024-11-05,income_statement,income_statement,NetInvestmentIncome,NetInvestmentIncome,27961000,c-26,,,,,,False,NetInvestmentIncome,,,2024-09-30
CGBD,2024-11-05,income_statement,income_statement,NetInvestmentIncome,NetInvestmentIncome,82763000,c-1,,,,,,False,NetInvestmentIncome,,,2024-09-30
CGBD,2024-11-05,income_statement,income_statement,NetInvestmentIncome,NetInvestmentIncome,82879000,c-27,,,,,,False,NetInvestmentIncome,,,2024-09-30
CGBD,2024-11-05,income_statement,income_statement,InvestmentIncomeOperatingTaxExpenseBenefit,InvestmentIncomeOperatingTaxExpenseBenefit,750000,c-25,,,,,,False,InvestmentIncomeOperatingTaxExpenseBenefit,,,2024-09-30
CGBD,2024-11-05,income_statement,income_statement,InvestmentIncomeOperatingTaxExpenseBenefit,InvestmentIncomeOperatingTaxExpenseBenefit,850000,c-26,,,,,,False,InvestmentIncomeOperatingTaxExpenseBenefit,,,2024-09-30
CGBD,2024-11-05,income_statement,income_statement,InvestmentIncomeOperatingTaxExpenseBenefit,InvestmentIncomeOperatingTaxExpenseBenefit,2557000,c-1,,,,,,False,InvestmentIncomeOperatingTaxExpenseBenefit,,,2024-09-30
CGBD,2024-11-05,income_statement,income_statement,InvestmentIncomeOperatingTaxExpenseBenefit,InvestmentIncomeOperatingTaxExpenseBenefit,2023000,c-27,,,,,,False,InvestmentIncomeOperatingTaxExpenseBenefit,,,2024-09-30
CGBD,2024-11-05,income_statement,income_statement,InvestmentIncomeOperatingAfterExpenseAndTax,InvestmentIncomeOperatingAfterExpenseAndTax,24884000,c-25,,,,,,False,InvestmentIncomeOperatingAfterExpenseAndTax,,,2024-09-30
CGBD,2024-11-05,income_statement,income_statement,InvestmentIncomeOperatingAfterExpenseAndTax,InvestmentIncomeOperatingAfterExpenseAndTax,27111000,c-26,,,,,,False,InvestmentIncomeOperatingAfterExpenseAndTax,,,2024-09-30
CGBD,2024-11-05,income_statement,income_statement,InvestmentIncomeOperatingAfterExpenseAndTax,InvestmentIncomeOperatingAfterExpenseAndTax,80206000,c-1,,,,,,False,InvestmentIncomeOperatingAfterExpenseAndTax,,,2024-09-30
CGBD,2024-11-05,income_statement,income_statement,InvestmentIncomeOperatingAfterExpenseAndTax,InvestmentIncomeOperatingAfterExpenseAndTax,80856000,c-27,,,,,,False,InvestmentIncomeOperatingAfterExpenseAndTax,,,2024-09-30
CGBD,2024-11-05,income_statement,income_statement,NetIncomeLoss,NetIncomeLoss,19611000,c-25,,,,,,False,NetIncomeLoss,,net_income,2024-09-30
CGBD,2024-11-05,income_statement,income_statement,NetIncomeLoss,NetIncomeLoss,29987000,c-26,,,,,,False,NetIncomeLoss,,net_income,2024-09-30
CGBD,2024-11-05,income_statement,income_statement,NetIncomeLoss,NetIncomeLoss,67621000,c-1,,,,,,False,NetIncomeLoss,,net_income,2024-09-30
CGBD,2024-11-05,income_statement,income_statement,NetIncomeLoss,NetIncomeLoss,62687000,c-27,,,,,,False,NetIncomeLoss,,net_income,2024-09-30
CGBD,2024-11-05,income_statement,income_statement,PreferredStockDividendsIncomeStatementImpact,PreferredStockDividendsIncomeStatementImpact,875000,c-25,,,,,,False,PreferredStockDividendsIncomeStatementImpact,,,2024-09-30
CGBD,2024-11-05,income_statement,income_statement,PreferredStockDividendsIncomeStatementImpact,PreferredStockDividendsIncomeStatementImpact,875000,c-26,,,,,,False,PreferredStockDividendsIncomeStatementImpact,,,2024-09-30
CGBD,2024-11-05,income_statement,income_statement,PreferredStockDividendsIncomeStatementImpact,PreferredStockDividendsIncomeStatementImpact,2625000,c-1,,,,,,False,PreferredStockDividendsIncomeStatementImpact,,,2024-09-30
CGBD,2024-11-05,income_statement,income_statement,PreferredStockDividendsIncomeStatementImpact,PreferredStockDividendsIncomeStatementImpact,2625000,c-27,,,,,,False,PreferredStockDividendsIncomeStatementImpact,,,2024-09-30
CGBD,2024-11-05,income_statement,income_statement,IncreaseDecreaseInInterestAndDividendsReceivable,IncreaseDecreaseInInterestAndDividendsReceivable,-3199000,c-1,,,,,,False,IncreaseDecreaseInInterestAndDividendsReceivable,,,2024-09-30
CGBD,2024-11-05,income_statement,income_statement,IncreaseDecreaseInInterestAndDividendsReceivable,IncreaseDecreaseInInterestAndDividendsReceivable,9516000,c-27,,,,,,False,IncreaseDecreaseInInterestAndDividendsReceivable,,,2024-09-30
CGBD,2024-11-05,income_statement,income_statement,IncomeTaxesPaid,IncomeTaxesPaid,2432000,c-1,,,,,,False,IncomeTaxesPaid,,,2024-09-30
CGBD,2024-11-05,income_statement,income_statement,IncomeTaxesPaid,IncomeTaxesPaid,1839000,c-27,,,,,,False,IncomeTaxesPaid,,,2024-09-30
CGBD,2024-11-05,income_statement,income_statement,InterestAndDividendIncomeSecurities,InterestAndDividendIncomeSecurities,16500000,c-234,,,,,,False,InterestAndDividendIncomeSecurities,,,2024-09-30
CGBD,2024-11-05,income_statement,income_statement,InterestAndDividendIncomeSecurities,InterestAndDividendIncomeSecurities,0,c-237,,,,,,False,InterestAndDividendIncomeSecurities,,,2024-09-30
CGBD,2024-11-05,income_statement,income_statement,InterestAndDividendIncomeSecurities,InterestAndDividendIncomeSecurities,8833000,c-240,,,,,,False,InterestAndDividendIncomeSecurities,,,2024-09-30
CGBD,2024-11-05,income_statement,income_statement,InterestAndDividendIncomeSecurities,InterestAndDividendIncomeSecurities,25333000,c-243,,,,,,False,InterestAndDividendIncomeSecurities,,,2024-09-30
CGBD,2024-11-05,income_statement,income_statement,InterestAndDividendIncomeSecurities,InterestAndDividendIncomeSecurities,2472000,c-246,,,,,,False,InterestAndDividendIncomeSecurities,,,2024-09-30
CGBD,2024-11-05,income_statement,income_statement,InterestAndDividendIncomeSecurities,InterestAndDividendIncomeSecurities,1448000,c-249,,,,,,False,InterestAndDividendIncomeSecurities,,,2024-09-30
CGBD,2024-11-05,income_statement,income_statement,InterestAndDividendIncomeSecurities,InterestAndDividendIncomeSecurities,0,c-252,,,,,,False,InterestAndDividendIncomeSecurities,,,2024-09-30
CGBD,2024-11-05,income_statement,income_statement,InterestAndDividendIncomeSecurities,InterestAndDividendIncomeSecurities,2352000,c-255,,,,,,False,InterestAndDividendIncomeSecurities,,,2024-09-30
CGBD,2024-11-05,income_statement,income_statement,InterestAndDividendIncomeSecurities,InterestAndDividendIncomeSecurities,364000,c-258,,,,,,False,InterestAndDividendIncomeSecurities,,,2024-09-30
CGBD,2024-11-05,income_statement,income_statement,InterestAndDividendIncomeSecurities,InterestAndDividendIncomeSecurities,0,c-261,,,,,,False,InterestAndDividendIncomeSecurities,,,2024-09-30
CGBD,2024-11-05,income_statement,income_statement,InterestAndDividendIncomeSecurities,InterestAndDividendIncomeSecurities,6636000,c-264,,,,,,False,InterestAndDividendIncomeSecurities,,,2024-09-30
CGBD,2024-11-05,income_statement,income_statement,InterestAndDividendIncomeSecurities,InterestAndDividendIncomeSecurities,22000000,c-665,,,,,,False,InterestAndDividendIncomeSecurities,,,2024-09-30
CGBD,2024-11-05,income_statement,income_statement,InterestAndDividendIncomeSecurities,InterestAndDividendIncomeSecurities,0,c-668,,,,,,False,InterestAndDividendIncomeSecurities,,,2024-09-30
CGBD,2024-11-05,income_statement,income_statement,InterestAndDividendIncomeSecurities,InterestAndDividendIncomeSecurities,11104000,c-671,,,,,,False,InterestAndDividendIncomeSecurities,,,2024-09-30
CGBD,2024-11-05,income_statement,income_statement,InterestAndDividendIncomeSecurities,InterestAndDividendIncomeSecurities,33104000,c-674,,,,,,False,InterestAndDividendIncomeSecurities,,,2024-09-30
CGBD,2024-11-05,income_statement,income_statement,InterestAndDividendIncomeSecurities,InterestAndDividendIncomeSecurities,5713000,c-676,,,,,,False,InterestAndDividendIncomeSecurities,,,2024-09-30
CGBD,2024-11-05,income_statement,income_statement,InterestAndDividendIncomeSecurities,InterestAndDividendIncomeSecurities,672000,c-678,,,,,,False,InterestAndDividendIncomeSecurities,,,2024-09-30
CGBD,2024-11-05,income_statement,income_statement,InterestAndDividendIncomeSecurities,InterestAndDividendIncomeSecurities,0,c-680,,,,,,False,InterestAndDividendIncomeSecurities,,,2024-09-30
CGBD,2024-11-05,income_statement,income_statement,InterestAndDividendIncomeSecurities,InterestAndDividendIncomeSecurities,6385000,c-682,,,,,,False,InterestAndDividendIncomeSecurities,,,2024-09-30
CGBD,2024-11-05,income_statement,income_statement,RevenueRecognitionPolicyTextBlock,RevenueRecognitionPolicyTextBlock,"<div style=""margin-top:12pt""><span style=""color:#000000;font-family:'Times New Roman',sans-serif;font-size:10pt;font-style:italic;font-weight:700;line-height:120%"">Revenue Recognition</span></div><div style=""margin-top:6pt""><span style=""color:#000000;font-family:'Times New Roman',sans-serif;font-size:10pt;font-style:italic;font-weight:400;line-height:120%"">Interest from Investments</span></div><div style=""margin-top:6pt;text-indent:36pt""><span style=""color:#000000;font-family:'Times New Roman',sans-serif;font-size:10pt;font-weight:400;line-height:120%"">Interest income is recorded on an accrual basis and includes the accretion of discounts and amortization of premiums. Discounts from and premiums to par value on debt investments purchased are accreted/amortized into interest income over the life of the respective security using the effective interest method. The amortized cost of debt investments represents the original cost, including origination fees and upfront fees received that are deemed to be an adjustment to yield, adjusted for the accretion of discounts and amortization of premiums, if any.</span></div><div style=""margin-top:12pt;text-indent:36pt""><span style=""color:#000000;font-family:'Times New Roman',sans-serif;font-size:10pt;font-weight:400;line-height:120%"">The Company may have loans in its portfolio that contain payment-in-kind (“PIK”) provisions. PIK income represents interest that is accrued and recorded as interest income at the contractual rates, increases the loan principal on the respective capitalization dates, and is generally due at maturity. As of September 30, 2024 and December 31, 2023, the fair value of the loans in the portfolio with PIK provisions was $210,360 and $337,061, respectively, which represents approximately 12.3% and 18.3%, respectively, of total investments at fair value. For the three and nine months ended September 30, 2024, the Company earned $5,033 and $16,301 in PIK income, respectively. For the three and nine months ended September 30, 2023, the Company earned $5,417 and $14,321 in PIK income, respectively. </span></div><div style=""margin-top:12pt""><span style=""color:#000000;font-family:'Times New Roman',sans-serif;font-size:10pt;font-style:italic;font-weight:400;line-height:120%"">Dividend Income</span></div><div style=""margin-top:6pt;text-indent:36pt""><span style=""color:#000000;font-family:'Times New Roman',sans-serif;font-size:10pt;font-weight:400;line-height:120%"">Dividend income from the investment funds, Credit Fund and Credit Fund II, and other investments funds, if any, is recorded on the record date for the investment fund to the extent that such amounts are payable by the investment funds and are expected to be collected.</span></div><div style=""margin-top:12pt""><span style=""color:#000000;font-family:'Times New Roman',sans-serif;font-size:10pt;font-style:italic;font-weight:400;line-height:120%"">Other Income</span></div><div style=""margin-top:6pt;text-indent:36pt""><span style=""color:#000000;font-family:'Times New Roman',sans-serif;font-size:10pt;font-weight:400;line-height:120%"">Other income may include income such as consent, waiver, amendment, unused, underwriting, arranger and prepayment fees associated with the Company’s investment activities as well as any fees for managerial assistance services rendered by the Company to the portfolio companies. Such fees are recognized as income when earned or the services are rendered. The Company may receive fees for guaranteeing the outstanding debt of a portfolio company. Such fees are amortized into other income over the life of the guarantee. The unamortized amount, if any, is included in prepaid expenses and other assets in the accompanying Consolidated Statements of Assets and Liabilities. For the three and nine months ended September 30, 2024, the Company earned $1,039 and $3,594, respectively, in other income, primarily from amendment fees and prepayment fees. For the three and nine months ended September 30, 2023, the Company earned $768 and $2,650, respectively, in other income, primarily from prepayment fees and commitment fees.</span></div><div style=""margin-top:12pt""><span style=""color:#000000;font-family:'Times New Roman',sans-serif;font-size:10pt;font-style:italic;font-weight:400;line-height:120%"">Non-Accrual Income</span></div><div style=""margin-top:6pt;text-indent:36pt""><span style=""color:#000000;font-family:'Times New Roman',sans-serif;font-size:10pt;font-weight:400;line-height:120%"">Loans are generally placed on non-accrual status when principal or interest payments are past due or when there is reasonable doubt that principal or interest will be collected in full. Accrued and unpaid interest is generally reversed when a loan is placed on non-accrual status. Interest payments received on non-accrual loans may be recognized as income or applied to principal depending upon management’s judgment regarding collectability. Non-accrual loans are restored to accrual status when past due principal and interest are current or there is no longer any reasonable doubt that such principal or interest will be </span></div>collected in full and, in management’s judgment, are likely to remain current. Management may determine not to place a loan on non-accrual status if the loan has sufficient collateral value and is in the process of collection.",c-1,,,,,,False,RevenueRecognitionPolicyTextBlock,,,2024-09-30
CGBD,2024-11-05,income_statement,income_statement,InterestIncomeOperatingPaidInKind,InterestIncomeOperatingPaidInKind,5033000,c-25,,,,,,False,InterestIncomeOperatingPaidInKind,,,2024-09-30
CGBD,2024-11-05,income_statement,income_statement,InterestIncomeOperatingPaidInKind,InterestIncomeOperatingPaidInKind,16301000,c-1,,,,,,False,InterestIncomeOperatingPaidInKind,,,2024-09-30
CGBD,2024-11-05,income_statement,income_statement,InterestIncomeOperatingPaidInKind,InterestIncomeOperatingPaidInKind,5417000,c-26,,,,,,False,InterestIncomeOperatingPaidInKind,,,2024-09-30
CGBD,2024-11-05,income_statement,income_statement,InterestIncomeOperatingPaidInKind,InterestIncomeOperatingPaidInKind,14321000,c-27,,,,,,False,InterestIncomeOperatingPaidInKind,,,2024-09-30
CGBD,2024-11-05,income_statement,income_statement,OtherIncome,OtherIncome,1039000,c-25,,,,,,False,OtherIncome,,,2024-09-30
CGBD,2024-11-05,income_statement,income_statement,OtherIncome,OtherIncome,3594000,c-1,,,,,,False,OtherIncome,,,2024-09-30
CGBD,2024-11-05,income_statement,income_statement,OtherIncome,OtherIncome,768000,c-26,,,,,,False,OtherIncome,,,2024-09-30
CGBD,2024-11-05,income_statement,income_statement,OtherIncome,OtherIncome,2650000,c-27,,,,,,False,OtherIncome,,,2024-09-30
CGBD,2024-11-05,income_statement,income_statement,IncomeTaxPolicyTextBlock,IncomeTaxPolicyTextBlock,"<div style=""margin-top:12pt""><span style=""color:#000000;font-family:'Times New Roman',sans-serif;font-size:10pt;font-style:italic;font-weight:700;line-height:120%"">Income Taxes</span></div><div style=""margin-top:6pt;text-indent:36pt""><span style=""color:#000000;font-family:'Times New Roman',sans-serif;font-size:10pt;font-weight:400;line-height:120%"">For federal income tax purposes, the Company has elected to be treated as a RIC under the Code, and intends to make the required distributions to its stockholders as specified therein. In order to qualify as a RIC, the Company must meet certain minimum distribution, source-of-income and asset diversification requirements. If such requirements are met, then the Company is generally required to pay income taxes only on the portion of its taxable income and gains it does not distribute.</span></div><div style=""margin-top:12pt;text-indent:36pt""><span style=""color:#000000;font-family:'Times New Roman',sans-serif;font-size:10pt;font-weight:400;line-height:120%"">The minimum distribution requirements applicable to RICs require the Company to distribute to its stockholders at least 90% of its investment company taxable income (“ICTI”), as defined by the Code, each year. Depending on the level of ICTI earned in a tax year, the Company may choose to carry forward ICTI in excess of current year distributions into the next tax year. Any such carryover ICTI must be distributed before the end of that next tax year through a dividend declared prior to filing the final tax return related to the year which generated such ICTI.</span></div><div style=""margin-top:12pt;text-indent:36pt""><span style=""color:#000000;font-family:'Times New Roman',sans-serif;font-size:10pt;font-weight:400;line-height:120%"">In addition, based on the excise distribution requirements, the Company is subject to a 4% nondeductible federal excise tax on undistributed income unless the Company distributes in a timely manner an amount at least equal to the sum of (1) 98% of its ordinary income for each calendar year, (2) 98.2% of capital gain net income (both long-term and short-term) for the one-year period ending October 31 in that calendar year and (3) any income realized, but not distributed, in the preceding year. For this purpose, however, any ordinary income or capital gain net income retained by the Company that is subject to corporate income tax is considered to have been distributed. For the three and nine months ended September 30, 2024, the Company incurred $750 and $2,557, respectively, in excise tax expense. For the three and nine months ended September 30, 2023, the Company incurred $850 and $2,023, respectively, in excise tax expense. </span></div>The Company evaluates tax positions taken or expected to be taken in the course of preparing its consolidated financial statements to determine whether the tax positions are “more likely than not” to be sustained by the applicable tax authority. The SPV and the 2015-1 Issuer are disregarded entities for tax purposes and are consolidated with the tax return of the Company. All penalties and interest associated with income taxes, if any, are included in income tax expense.",c-1,,,,,,False,IncomeTaxPolicyTextBlock,,,2024-09-30
CGBD,2024-11-05,income_statement,income_statement,ManagementFeeAndIncentiveFeeExpense,ManagementFeeAndIncentiveFeeExpense,11691000,c-25,,,,,,False,ManagementFeeAndIncentiveFeeExpense,,,2024-09-30
CGBD,2024-11-05,income_statement,income_statement,ManagementFeeAndIncentiveFeeExpense,ManagementFeeAndIncentiveFeeExpense,12610000,c-26,,,,,,False,ManagementFeeAndIncentiveFeeExpense,,,2024-09-30
CGBD,2024-11-05,income_statement,income_statement,ManagementFeeAndIncentiveFeeExpense,ManagementFeeAndIncentiveFeeExpense,36647000,c-1,,,,,,False,ManagementFeeAndIncentiveFeeExpense,,,2024-09-30
CGBD,2024-11-05,income_statement,income_statement,ManagementFeeAndIncentiveFeeExpense,ManagementFeeAndIncentiveFeeExpense,38096000,c-27,,,,,,False,ManagementFeeAndIncentiveFeeExpense,,,2024-09-30
CGBD,2024-11-05,income_statement,income_statement,IncentiveFeeExpense,IncentiveFeeExpense,0,c-1199,,,,,,False,IncentiveFeeExpense,,,2024-09-30
CGBD,2024-11-05,income_statement,income_statement,IncentiveFeeExpense,IncentiveFeeExpense,0,c-1200,,,,,,False,IncentiveFeeExpense,,,2024-09-30
CGBD,2024-11-05,income_statement,income_statement,IncentiveFeeExpense,IncentiveFeeExpense,0,c-1201,,,,,,False,IncentiveFeeExpense,,,2024-09-30
CGBD,2024-11-05,income_statement,income_statement,IncentiveFeeExpense,IncentiveFeeExpense,0,c-1202,,,,,,False,IncentiveFeeExpense,,,2024-09-30
CGBD,2024-11-05,income_statement,income_statement,OtherGeneralAndAdministrativeExpense,OtherGeneralAndAdministrativeExpense,171000,c-1205,,,,,,False,OtherGeneralAndAdministrativeExpense,,,2024-09-30
CGBD,2024-11-05,income_statement,income_statement,OtherGeneralAndAdministrativeExpense,OtherGeneralAndAdministrativeExpense,511000,c-1206,,,,,,False,OtherGeneralAndAdministrativeExpense,,,2024-09-30
CGBD,2024-11-05,income_statement,income_statement,OtherGeneralAndAdministrativeExpense,OtherGeneralAndAdministrativeExpense,170000,c-1207,,,,,,False,OtherGeneralAndAdministrativeExpense,,,2024-09-30
CGBD,2024-11-05,income_statement,income_statement,OtherGeneralAndAdministrativeExpense,OtherGeneralAndAdministrativeExpense,499000,c-1208,,,,,,False,OtherGeneralAndAdministrativeExpense,,,2024-09-30
CGBD,2024-11-05,income_statement,income_statement,GrossInvestmentIncomeOperating,GrossInvestmentIncomeOperating,16592000,c-1241,,,,,,False,GrossInvestmentIncomeOperating,,,2024-09-30
CGBD,2024-11-05,income_statement,income_statement,GrossInvestmentIncomeOperating,GrossInvestmentIncomeOperating,22753000,c-1242,,,,,,False,GrossInvestmentIncomeOperating,,,2024-09-30
CGBD,2024-11-05,income_statement,income_statement,GrossInvestmentIncomeOperating,GrossInvestmentIncomeOperating,57359000,c-1243,,,,,,False,GrossInvestmentIncomeOperating,,,2024-09-30
CGBD,2024-11-05,income_statement,income_statement,GrossInvestmentIncomeOperating,GrossInvestmentIncomeOperating,68198000,c-1244,,,,,,False,GrossInvestmentIncomeOperating,,,2024-09-30
CGBD,2024-11-05,income_statement,income_statement,OtherExpenses,OtherExpenses,250000,c-1241,,,,,,False,OtherExpenses,,,2024-09-30
CGBD,2024-11-05,income_statement,income_statement,OtherExpenses,OtherExpenses,434000,c-1242,,,,,,False,OtherExpenses,,,2024-09-30
CGBD,2024-11-05,income_statement,income_statement,OtherExpenses,OtherExpenses,1247000,c-1243,,,,,,False,OtherExpenses,,,2024-09-30
CGBD,2024-11-05,income_statement,income_statement,OtherExpenses,OtherExpenses,1435000,c-1244,,,,,,False,OtherExpenses,,,2024-09-30
CGBD,2024-11-05,income_statement,income_statement,InvestmentIncomeInvestmentExpense,InvestmentIncomeInvestmentExpense,6734000,c-1241,,,,,,False,InvestmentIncomeInvestmentExpense,,,2024-09-30
CGBD,2024-11-05,income_statement,income_statement,InvestmentIncomeInvestmentExpense,InvestmentIncomeInvestmentExpense,10925000,c-1242,,,,,,False,InvestmentIncomeInvestmentExpense,,,2024-09-30
CGBD,2024-11-05,income_statement,income_statement,InvestmentIncomeInvestmentExpense,InvestmentIncomeInvestmentExpense,26173000,c-1243,,,,,,False,InvestmentIncomeInvestmentExpense,,,2024-09-30
CGBD,2024-11-05,income_statement,income_statement,InvestmentIncomeInvestmentExpense,InvestmentIncomeInvestmentExpense,32638000,c-1244,,,,,,False,InvestmentIncomeInvestmentExpense,,,2024-09-30
CGBD,2024-11-05,income_statement,income_statement,InvestmentIncomeOperatingAfterExpenseAndTax,InvestmentIncomeOperatingAfterExpenseAndTax,9858000,c-1241,,,,,,False,InvestmentIncomeOperatingAfterExpenseAndTax,,,2024-09-30
CGBD,2024-11-05,income_statement,income_statement,InvestmentIncomeOperatingAfterExpenseAndTax,InvestmentIncomeOperatingAfterExpenseAndTax,11828000,c-1242,,,,,,False,InvestmentIncomeOperatingAfterExpenseAndTax,,,2024-09-30
CGBD,2024-11-05,income_statement,income_statement,InvestmentIncomeOperatingAfterExpenseAndTax,InvestmentIncomeOperatingAfterExpenseAndTax,31186000,c-1243,,,,,,False,InvestmentIncomeOperatingAfterExpenseAndTax,,,2024-09-30
CGBD,2024-11-05,income_statement,income_statement,InvestmentIncomeOperatingAfterExpenseAndTax,InvestmentIncomeOperatingAfterExpenseAndTax,35560000,c-1244,,,,,,False,InvestmentIncomeOperatingAfterExpenseAndTax,,,2024-09-30
CGBD,2024-11-05,income_statement,income_statement,NetIncomeLoss,NetIncomeLoss,12361000,c-1241,,,,,,False,NetIncomeLoss,,net_income,2024-09-30
CGBD,2024-11-05,income_statement,income_statement,NetIncomeLoss,NetIncomeLoss,13292000,c-1242,,,,,,False,NetIncomeLoss,,net_income,2024-09-30
CGBD,2024-11-05,income_statement,income_statement,NetIncomeLoss,NetIncomeLoss,39119000,c-1243,,,,,,False,NetIncomeLoss,,net_income,2024-09-30
CGBD,2024-11-05,income_statement,income_statement,NetIncomeLoss,NetIncomeLoss,22833000,c-1244,,,,,,False,NetIncomeLoss,,net_income,2024-09-30
CGBD,2024-11-05,income_statement,income_statement,GrossInvestmentIncomeOperating,GrossInvestmentIncomeOperating,6357000,c-1399,,,,,,False,GrossInvestmentIncomeOperating,,,2024-09-30
CGBD,2024-11-05,income_statement,income_statement,GrossInvestmentIncomeOperating,GrossInvestmentIncomeOperating,7123000,c-1400,,,,,,False,GrossInvestmentIncomeOperating,,,2024-09-30
CGBD,2024-11-05,income_statement,income_statement,GrossInvestmentIncomeOperating,GrossInvestmentIncomeOperating,20735000,c-1401,,,,,,False,GrossInvestmentIncomeOperating,,,2024-09-30
CGBD,2024-11-05,income_statement,income_statement,GrossInvestmentIncomeOperating,GrossInvestmentIncomeOperating,20663000,c-1402,,,,,,False,GrossInvestmentIncomeOperating,,,2024-09-30
CGBD,2024-11-05,income_statement,income_statement,OtherExpenses,OtherExpenses,167000,c-1399,,,,,,False,OtherExpenses,,,2024-09-30
CGBD,2024-11-05,income_statement,income_statement,OtherExpenses,OtherExpenses,241000,c-1400,,,,,,False,OtherExpenses,,,2024-09-30
CGBD,2024-11-05,income_statement,income_statement,OtherExpenses,OtherExpenses,547000,c-1401,,,,,,False,OtherExpenses,,,2024-09-30
CGBD,2024-11-05,income_statement,income_statement,OtherExpenses,OtherExpenses,708000,c-1402,,,,,,False,OtherExpenses,,,2024-09-30
CGBD,2024-11-05,income_statement,income_statement,InvestmentIncomeInvestmentExpense,InvestmentIncomeInvestmentExpense,3488000,c-1399,,,,,,False,InvestmentIncomeInvestmentExpense,,,2024-09-30
CGBD,2024-11-05,income_statement,income_statement,InvestmentIncomeInvestmentExpense,InvestmentIncomeInvestmentExpense,3541000,c-1400,,,,,,False,InvestmentIncomeInvestmentExpense,,,2024-09-30
CGBD,2024-11-05,income_statement,income_statement,InvestmentIncomeInvestmentExpense,InvestmentIncomeInvestmentExpense,10486000,c-1401,,,,,,False,InvestmentIncomeInvestmentExpense,,,2024-09-30
CGBD,2024-11-05,income_statement,income_statement,InvestmentIncomeInvestmentExpense,InvestmentIncomeInvestmentExpense,10091000,c-1402,,,,,,False,InvestmentIncomeInvestmentExpense,,,2024-09-30
CGBD,2024-11-05,income_statement,income_statement,InvestmentIncomeOperatingAfterExpenseAndTax,InvestmentIncomeOperatingAfterExpenseAndTax,2869000,c-1399,,,,,,False,InvestmentIncomeOperatingAfterExpenseAndTax,,,2024-09-30
CGBD,2024-11-05,income_statement,income_statement,InvestmentIncomeOperatingAfterExpenseAndTax,InvestmentIncomeOperatingAfterExpenseAndTax,3582000,c-1400,,,,,,False,InvestmentIncomeOperatingAfterExpenseAndTax,,,2024-09-30
CGBD,2024-11-05,income_statement,income_statement,InvestmentIncomeOperatingAfterExpenseAndTax,InvestmentIncomeOperatingAfterExpenseAndTax,10249000,c-1401,,,,,,False,InvestmentIncomeOperatingAfterExpenseAndTax,,,2024-09-30
CGBD,2024-11-05,income_statement,income_statement,InvestmentIncomeOperatingAfterExpenseAndTax,InvestmentIncomeOperatingAfterExpenseAndTax,10572000,c-1402,,,,,,False,InvestmentIncomeOperatingAfterExpenseAndTax,,,2024-09-30
CGBD,2024-11-05,income_statement,income_statement,NetIncomeLoss,NetIncomeLoss,2630000,c-1399,,,,,,False,NetIncomeLoss,,net_income,2024-09-30
CGBD,2024-11-05,income_statement,income_statement,NetIncomeLoss,NetIncomeLoss,3309000,c-1400,,,,,,False,NetIncomeLoss,,net_income,2024-09-30
CGBD,2024-11-05,income_statement,income_statement,NetIncomeLoss,NetIncomeLoss,10122000,c-1401,,,,,,False,NetIncomeLoss,,net_income,2024-09-30
CGBD,2024-11-05,income_statement,income_statement,NetIncomeLoss,NetIncomeLoss,2688000,c-1402,,,,,,False,NetIncomeLoss,,net_income,2024-09-30
CGBD,2024-11-05,income_statement,income_statement,InvestmentIncomeOperatingAfterExpenseAndTax,InvestmentIncomeOperatingAfterExpenseAndTax,24884000,c-1621,,,,,,False,InvestmentIncomeOperatingAfterExpenseAndTax,,,2024-09-30
CGBD,2024-11-05,income_statement,income_statement,InvestmentIncomeOperatingAfterExpenseAndTax,InvestmentIncomeOperatingAfterExpenseAndTax,80206000,c-1639,,,,,,False,InvestmentIncomeOperatingAfterExpenseAndTax,,,2024-09-30
CGBD,2024-11-05,income_statement,income_statement,InvestmentIncomeOperatingAfterExpenseAndTax,InvestmentIncomeOperatingAfterExpenseAndTax,27111000,c-1649,,,,,,False,InvestmentIncomeOperatingAfterExpenseAndTax,,,2024-09-30
CGBD,2024-11-05,income_statement,income_statement,InvestmentIncomeOperatingAfterExpenseAndTax,InvestmentIncomeOperatingAfterExpenseAndTax,80856000,c-1667,,,,,,False,InvestmentIncomeOperatingAfterExpenseAndTax,,,2024-09-30
CGBD,2024-11-05,income_statement,income_statement,InvestmentCompanyInvestmentIncomeLossPerShare,InvestmentCompanyInvestmentIncomeLossPerShare,1.53,c-1,,,,,,False,InvestmentCompanyInvestmentIncomeLossPerShare,,,2024-09-30
CGBD,2024-11-05,income_statement,income_statement,InvestmentCompanyInvestmentIncomeLossPerShare,InvestmentCompanyInvestmentIncomeLossPerShare,1.54,c-27,,,,,,False,InvestmentCompanyInvestmentIncomeLossPerShare,,,2024-09-30
CGBD,2024-11-05,income_statement,income_statement,InvestmentCompanyInvestmentIncomeLossFromOperationsPerShare,InvestmentCompanyInvestmentIncomeLossFromOperationsPerShare,1.28,c-1,,,,,,False,InvestmentCompanyInvestmentIncomeLossFromOperationsPerShare,,,2024-09-30
CGBD,2024-11-05,income_statement,income_statement,InvestmentCompanyInvestmentIncomeLossFromOperationsPerShare,InvestmentCompanyInvestmentIncomeLossFromOperationsPerShare,1.18,c-27,,,,,,False,InvestmentCompanyInvestmentIncomeLossFromOperationsPerShare,,,2024-09-30
CGBD,2024-11-05,income_statement,income_statement,InvestmentCompanyExpenseRatioExcludingIncentiveFee,InvestmentCompanyExpenseRatioExcludingIncentiveFee,0.0923,c-1,,,,,,False,InvestmentCompanyExpenseRatioExcludingIncentiveFee,,,2024-09-30
CGBD,2024-11-05,income_statement,income_statement,InvestmentCompanyExpenseRatioExcludingIncentiveFee,InvestmentCompanyExpenseRatioExcludingIncentiveFee,0.0947,c-27,,,,,,False,InvestmentCompanyExpenseRatioExcludingIncentiveFee,,,2024-09-30
CGBD,2024-11-05,income_statement,income_statement,InvestmentCompanyExpenseRatioIncludingIncentiveFee,InvestmentCompanyExpenseRatioIncludingIncentiveFee,0.1114,c-1,,,,,,False,InvestmentCompanyExpenseRatioIncludingIncentiveFee,,,2024-09-30
CGBD,2024-11-05,income_statement,income_statement,InvestmentCompanyExpenseRatioIncludingIncentiveFee,InvestmentCompanyExpenseRatioIncludingIncentiveFee,0.1140,c-27,,,,,,False,InvestmentCompanyExpenseRatioIncludingIncentiveFee,,,2024-09-30
CGBD,2024-11-05,income_statement,income_statement,InvestmentCompanyInvestmentIncomeLossRatio,InvestmentCompanyInvestmentIncomeLossRatio,0.0931,c-1,,,,,,False,InvestmentCompanyInvestmentIncomeLossRatio,,,2024-09-30
CGBD,2024-11-05,income_statement,income_statement,InvestmentCompanyInvestmentIncomeLossRatio,InvestmentCompanyInvestmentIncomeLossRatio,0.0940,c-27,,,,,,False,InvestmentCompanyInvestmentIncomeLossRatio,,,2024-09-30
CGBD,2024-11-05,income_statement,income_statement,InvestmentCompanyInterestExpenseRatioIncludingLineOfCreditFacilityCommitmentFee,InvestmentCompanyInterestExpenseRatioIncludingLineOfCreditFacilityCommitmentFee,0.0596,c-1,,,,,,False,InvestmentCompanyInterestExpenseRatioIncludingLineOfCreditFacilityCommitmentFee,,,2024-09-30
CGBD,2024-11-05,income_statement,income_statement,InvestmentCompanyInterestExpenseRatioIncludingLineOfCreditFacilityCommitmentFee,InvestmentCompanyInterestExpenseRatioIncludingLineOfCreditFacilityCommitmentFee,0.0620,c-27,,,,,,False,InvestmentCompanyInterestExpenseRatioIncludingLineOfCreditFacilityCommitmentFee,,,2024-09-30
CGBD,2024-11-05,income_statement,income_statement,IncomeTaxDisclosureTextBlock,IncomeTaxDisclosureTextBlock,"<div style=""margin-top:18pt""><span style=""color:#000000;font-family:'Times New Roman',sans-serif;font-size:10pt;font-weight:700;line-height:120%"">13. TAX</span></div><div style=""margin-top:6pt;text-indent:36pt""><span style=""color:#000000;font-family:'Times New Roman',sans-serif;font-size:10pt;font-weight:400;line-height:120%"">The Company has not recorded a liability for any uncertain tax positions pursuant to the provisions of ASC 740, </span><span style=""color:#000000;font-family:'Times New Roman',sans-serif;font-size:10pt;font-style:italic;font-weight:400;line-height:120%"">Income Taxes</span><span style=""color:#000000;font-family:'Times New Roman',sans-serif;font-size:10pt;font-weight:400;line-height:120%"">, as of September 30, 2024 and December 31, 2023.</span></div><div style=""margin-top:12pt;text-indent:36pt""><span style=""color:#000000;font-family:'Times New Roman',sans-serif;font-size:10pt;font-weight:400;line-height:120%"">In the normal course of business, the Company is subject to examination by federal and certain state, local and foreign tax regulators. The Company’s federal tax returns are generally subject to examination by the Internal Revenue Service for a period of three years after they are filed.</span></div><div style=""margin-top:12pt;text-indent:36pt""><span style=""color:#000000;font-family:'Times New Roman',sans-serif;font-size:10pt;font-weight:400;line-height:120%"">The Company’s taxable income for each period is an estimate and will not be finally determined until the Company files its tax return for each year. Therefore, the final taxable income, and the taxable income earned in each period and carried forward for distribution in the following period, may be different than this estimate. The estimated tax character of the dividends declared on preferred and common stock for the nine months ended September 30, 2024 and 2023 was as follows:</span></div><div style=""margin-top:6pt;text-align:center""><table style=""border-collapse:collapse;display:inline-table;margin-bottom:5pt;vertical-align:text-bottom;width:82.163%""><tr><td style=""width:1.0%""></td><td style=""width:56.373%""></td><td style=""width:0.1%""></td><td style=""width:1.0%""></td><td style=""width:19.718%""></td><td style=""width:0.1%""></td><td style=""width:0.1%""></td><td style=""width:0.689%""></td><td style=""width:0.1%""></td><td style=""width:1.0%""></td><td style=""width:19.720%""></td><td style=""width:0.1%""></td></tr><tr><td colspan=""3"" style=""padding:2px 1pt;text-align:left;vertical-align:bottom""><span style=""color:#000000;font-family:'Times New Roman',sans-serif;font-size:9pt;font-weight:400;line-height:100%""> </span></td><td colspan=""9"" style=""padding:2px 1pt;text-align:center;vertical-align:bottom""><span style=""color:#000000;font-family:'Times New Roman',sans-serif;font-size:9pt;font-weight:700;line-height:100%"">Nine months ended September 30,</span></td></tr><tr><td colspan=""3"" style=""padding:2px 1pt;text-align:left;vertical-align:bottom""><span style=""color:#000000;font-family:'Times New Roman',sans-serif;font-size:9pt;font-weight:400;line-height:100%""> </span></td><td colspan=""3"" style=""border-top:1pt solid #000000;padding:2px 1pt;text-align:center;vertical-align:bottom""><span style=""color:#000000;font-family:'Times New Roman',sans-serif;font-size:9pt;font-weight:700;line-height:100%"">2024</span></td><td colspan=""3"" style=""border-top:1pt solid #000000;padding:0 1pt""></td><td colspan=""3"" style=""border-top:1pt solid #000000;padding:2px 1pt;text-align:center;vertical-align:bottom""><span style=""color:#000000;font-family:'Times New Roman',sans-serif;font-size:9pt;font-weight:700;line-height:100%"">2023</span></td></tr><tr><td colspan=""3"" style=""background-color:#cceeff;padding:2px 1pt;text-align:left;vertical-align:top""><span style=""color:#000000;font-family:'Times New Roman',sans-serif;font-size:9pt;font-weight:400;line-height:100%"">Ordinary income</span></td><td style=""background-color:#cceeff;border-top:1pt solid #000000;padding:2px 0 2px 1pt;text-align:left;vertical-align:bottom""><span style=""color:#000000;font-family:'Times New Roman',sans-serif;font-size:9pt;font-weight:400;line-height:100%"">$</span></td><td style=""background-color:#cceeff;border-top:1pt solid #000000;padding:2px 0;text-align:right;vertical-align:bottom""><span style=""color:#000000;font-family:'Times New Roman',sans-serif;font-size:9pt;font-weight:400;line-height:100%"">74,806 </span></td><td style=""background-color:#cceeff;border-top:1pt solid #000000;padding:2px 1pt 2px 0;text-align:right;vertical-align:bottom""></td><td colspan=""3"" style=""background-color:#cceeff;padding:0 1pt""></td><td style=""background-color:#cceeff;border-top:1pt solid #000000;padding:2px 0 2px 1pt;text-align:left;vertical-align:bottom""><span style=""color:#000000;font-family:'Times New Roman',sans-serif;font-size:9pt;font-weight:400;line-height:100%"">$</span></td><td style=""background-color:#cceeff;border-top:1pt solid #000000;padding:2px 0;text-align:right;vertical-align:bottom""><span style=""color:#000000;font-family:'Times New Roman',sans-serif;font-size:9pt;font-weight:400;line-height:100%"">69,673 </span></td><td style=""background-color:#cceeff;border-top:1pt solid #000000;padding:2px 1pt 2px 0;text-align:right;vertical-align:bottom""></td></tr><tr><td colspan=""3"" style=""padding:2px 1pt;text-align:left;vertical-align:top""><span style=""color:#000000;font-family:'Times New Roman',sans-serif;font-size:9pt;font-weight:400;line-height:100%"">Tax return of capital</span></td><td style=""padding:2px 0 2px 1pt;text-align:left;vertical-align:bottom""><span style=""color:#000000;font-family:'Times New Roman',sans-serif;font-size:9pt;font-weight:400;line-height:100%"">$</span></td><td style=""padding:2px 0;text-align:right;vertical-align:bottom""><span style=""color:#000000;font-family:'Times New Roman',sans-serif;font-size:9pt;font-weight:400;line-height:100%"">— </span></td><td style=""padding:2px 1pt 2px 0;text-align:right;vertical-align:bottom""></td><td colspan=""3"" style=""padding:0 1pt""></td><td style=""padding:2px 0 2px 1pt;text-align:left;vertical-align:bottom""><span style=""color:#000000;font-family:'Times New Roman',sans-serif;font-size:9pt;font-weight:400;line-height:100%"">$</span></td><td style=""padding:2px 0;text-align:right;vertical-align:bottom""><span style=""color:#000000;font-family:'Times New Roman',sans-serif;font-size:9pt;font-weight:400;line-height:100%"">— </span></td><td style=""padding:2px 1pt 2px 0;text-align:right;vertical-align:bottom""></td></tr></table></div>",c-1,,,,,,False,IncomeTaxDisclosureTextBlock,,,2024-09-30
CGBD,2024-11-05,income_statement,income_statement,InvestmentCompanyDistributionOrdinaryIncome,InvestmentCompanyDistributionOrdinaryIncome,74806000,c-1,,,,,,False,InvestmentCompanyDistributionOrdinaryIncome,,,2024-09-30
CGBD,2024-11-05,income_statement,income_statement,InvestmentCompanyDistributionOrdinaryIncome,InvestmentCompanyDistributionOrdinaryIncome,69673000,c-27,,,,,,False,InvestmentCompanyDistributionOrdinaryIncome,,,2024-09-30
CGBD,2025-02-25,income_statement,income_statement,InterestIncomeOperatingPaidInCash,InterestIncomeOperatingPaidInCash,164221000,c-20,,,,,,False,InterestIncomeOperatingPaidInCash,,,2024-12-31
CGBD,2025-02-25,income_statement,income_statement,InterestIncomeOperatingPaidInCash,InterestIncomeOperatingPaidInCash,177315000,c-21,,,,,,False,InterestIncomeOperatingPaidInCash,,,2024-12-31
CGBD,2025-02-25,income_statement,income_statement,InterestIncomeOperatingPaidInCash,InterestIncomeOperatingPaidInCash,138598000,c-22,,,,,,False,InterestIncomeOperatingPaidInCash,,,2024-12-31
CGBD,2025-02-25,income_statement,income_statement,InterestIncomeOperatingPaidInKind,InterestIncomeOperatingPaidInKind,20733000,c-20,,,,,,False,InterestIncomeOperatingPaidInKind,,,2024-12-31
CGBD,2025-02-25,income_statement,income_statement,InterestIncomeOperatingPaidInKind,InterestIncomeOperatingPaidInKind,19819000,c-21,,,,,,False,InterestIncomeOperatingPaidInKind,,,2024-12-31
CGBD,2025-02-25,income_statement,income_statement,InterestIncomeOperatingPaidInKind,InterestIncomeOperatingPaidInKind,16258000,c-22,,,,,,False,InterestIncomeOperatingPaidInKind,,,2024-12-31
CGBD,2025-02-25,income_statement,income_statement,OtherIncome,OtherIncome,4671000,c-20,,,,,,False,OtherIncome,,,2024-12-31
CGBD,2025-02-25,income_statement,income_statement,OtherIncome,OtherIncome,4995000,c-21,,,,,,False,OtherIncome,,,2024-12-31
CGBD,2025-02-25,income_statement,income_statement,OtherIncome,OtherIncome,7302000,c-22,,,,,,False,OtherIncome,,,2024-12-31
CGBD,2025-02-25,income_statement,income_statement,GrossInvestmentIncomeOperating,GrossInvestmentIncomeOperating,189625000,c-20,,,,,,False,GrossInvestmentIncomeOperating,,,2024-12-31
CGBD,2025-02-25,income_statement,income_statement,GrossInvestmentIncomeOperating,GrossInvestmentIncomeOperating,202129000,c-21,,,,,,False,GrossInvestmentIncomeOperating,,,2024-12-31
CGBD,2025-02-25,income_statement,income_statement,GrossInvestmentIncomeOperating,GrossInvestmentIncomeOperating,162158000,c-22,,,,,,False,GrossInvestmentIncomeOperating,,,2024-12-31
CGBD,2025-02-25,income_statement,income_statement,InterestIncomeOperatingPaidInCash,InterestIncomeOperatingPaidInCash,7360000,c-23,,,,,,False,InterestIncomeOperatingPaidInCash,,,2024-12-31
CGBD,2025-02-25,income_statement,income_statement,InterestIncomeOperatingPaidInCash,InterestIncomeOperatingPaidInCash,5713000,c-24,,,,,,False,InterestIncomeOperatingPaidInCash,,,2024-12-31
CGBD,2025-02-25,income_statement,income_statement,InterestIncomeOperatingPaidInCash,InterestIncomeOperatingPaidInCash,3287000,c-25,,,,,,False,InterestIncomeOperatingPaidInCash,,,2024-12-31
CGBD,2025-02-25,income_statement,income_statement,InterestIncomeOperatingPaidInKind,InterestIncomeOperatingPaidInKind,692000,c-23,,,,,,False,InterestIncomeOperatingPaidInKind,,,2024-12-31
CGBD,2025-02-25,income_statement,income_statement,InterestIncomeOperatingPaidInKind,InterestIncomeOperatingPaidInKind,672000,c-24,,,,,,False,InterestIncomeOperatingPaidInKind,,,2024-12-31
CGBD,2025-02-25,income_statement,income_statement,InterestIncomeOperatingPaidInKind,InterestIncomeOperatingPaidInKind,6809000,c-25,,,,,,False,InterestIncomeOperatingPaidInKind,,,2024-12-31
CGBD,2025-02-25,income_statement,income_statement,OtherIncome,OtherIncome,8000,c-23,,,,,,False,OtherIncome,,,2024-12-31
CGBD,2025-02-25,income_statement,income_statement,OtherIncome,OtherIncome,8000,c-24,,,,,,False,OtherIncome,,,2024-12-31
CGBD,2025-02-25,income_statement,income_statement,OtherIncome,OtherIncome,9000,c-25,,,,,,False,OtherIncome,,,2024-12-31
CGBD,2025-02-25,income_statement,income_statement,GrossInvestmentIncomeOperating,GrossInvestmentIncomeOperating,8060000,c-23,,,,,,False,GrossInvestmentIncomeOperating,,,2024-12-31
CGBD,2025-02-25,income_statement,income_statement,GrossInvestmentIncomeOperating,GrossInvestmentIncomeOperating,6393000,c-24,,,,,,False,GrossInvestmentIncomeOperating,,,2024-12-31
CGBD,2025-02-25,income_statement,income_statement,GrossInvestmentIncomeOperating,GrossInvestmentIncomeOperating,10105000,c-25,,,,,,False,GrossInvestmentIncomeOperating,,,2024-12-31
CGBD,2025-02-25,income_statement,income_statement,InterestIncomeOperatingPaidInCash,InterestIncomeOperatingPaidInCash,0,c-26,,,,,,False,InterestIncomeOperatingPaidInCash,,,2024-12-31
CGBD,2025-02-25,income_statement,income_statement,InterestIncomeOperatingPaidInCash,InterestIncomeOperatingPaidInCash,0,c-27,,,,,,False,InterestIncomeOperatingPaidInCash,,,2024-12-31
CGBD,2025-02-25,income_statement,income_statement,InterestIncomeOperatingPaidInCash,InterestIncomeOperatingPaidInCash,3873000,c-28,,,,,,False,InterestIncomeOperatingPaidInCash,,,2024-12-31
CGBD,2025-02-25,income_statement,income_statement,DividendIncomeOperating,DividendIncomeOperating,34905000,c-26,,,,,,False,DividendIncomeOperating,,,2024-12-31
CGBD,2025-02-25,income_statement,income_statement,DividendIncomeOperating,DividendIncomeOperating,33104000,c-27,,,,,,False,DividendIncomeOperating,,,2024-12-31
CGBD,2025-02-25,income_statement,income_statement,DividendIncomeOperating,DividendIncomeOperating,30848000,c-28,,,,,,False,DividendIncomeOperating,,,2024-12-31
CGBD,2025-02-25,income_statement,income_statement,OtherIncome,OtherIncome,0,c-26,,,,,,False,OtherIncome,,,2024-12-31
CGBD,2025-02-25,income_statement,income_statement,OtherIncome,OtherIncome,0,c-27,,,,,,False,OtherIncome,,,2024-12-31
CGBD,2025-02-25,income_statement,income_statement,OtherIncome,OtherIncome,272000,c-28,,,,,,False,OtherIncome,,,2024-12-31
CGBD,2025-02-25,income_statement,income_statement,GrossInvestmentIncomeOperating,GrossInvestmentIncomeOperating,34905000,c-26,,,,,,False,GrossInvestmentIncomeOperating,,,2024-12-31
CGBD,2025-02-25,income_statement,income_statement,GrossInvestmentIncomeOperating,GrossInvestmentIncomeOperating,33104000,c-27,,,,,,False,GrossInvestmentIncomeOperating,,,2024-12-31
CGBD,2025-02-25,income_statement,income_statement,GrossInvestmentIncomeOperating,GrossInvestmentIncomeOperating,34993000,c-28,,,,,,False,GrossInvestmentIncomeOperating,,,2024-12-31
CGBD,2025-02-25,income_statement,income_statement,GrossInvestmentIncomeOperating,GrossInvestmentIncomeOperating,232590000,c-1,,,,,,False,GrossInvestmentIncomeOperating,,,2024-12-31
CGBD,2025-02-25,income_statement,income_statement,GrossInvestmentIncomeOperating,GrossInvestmentIncomeOperating,241626000,c-29,,,,,,False,GrossInvestmentIncomeOperating,,,2024-12-31
CGBD,2025-02-25,income_statement,income_statement,GrossInvestmentIncomeOperating,GrossInvestmentIncomeOperating,207256000,c-30,,,,,,False,GrossInvestmentIncomeOperating,,,2024-12-31
CGBD,2025-02-25,income_statement,income_statement,ManagementFeeExpense,ManagementFeeExpense,26908000,c-1,,,,,,False,ManagementFeeExpense,,,2024-12-31
CGBD,2025-02-25,income_statement,income_statement,ManagementFeeExpense,ManagementFeeExpense,28515000,c-29,,,,,,False,ManagementFeeExpense,,,2024-12-31
CGBD,2025-02-25,income_statement,income_statement,ManagementFeeExpense,ManagementFeeExpense,28803000,c-30,,,,,,False,ManagementFeeExpense,,,2024-12-31
CGBD,2025-02-25,income_statement,income_statement,IncentiveFeeExpense,IncentiveFeeExpense,21647000,c-1,,,,,,False,IncentiveFeeExpense,,,2024-12-31
CGBD,2025-02-25,income_statement,income_statement,IncentiveFeeExpense,IncentiveFeeExpense,22622000,c-29,,,,,,False,IncentiveFeeExpense,,,2024-12-31
CGBD,2025-02-25,income_statement,income_statement,IncentiveFeeExpense,IncentiveFeeExpense,21414000,c-30,,,,,,False,IncentiveFeeExpense,,,2024-12-31
CGBD,2025-02-25,income_statement,income_statement,AdministrativeFeesExpense,AdministrativeFeesExpense,1589000,c-1,,,,,,False,AdministrativeFeesExpense,,,2024-12-31
CGBD,2025-02-25,income_statement,income_statement,AdministrativeFeesExpense,AdministrativeFeesExpense,1280000,c-29,,,,,,False,AdministrativeFeesExpense,,,2024-12-31
CGBD,2025-02-25,income_statement,income_statement,AdministrativeFeesExpense,AdministrativeFeesExpense,1636000,c-30,,,,,,False,AdministrativeFeesExpense,,,2024-12-31
CGBD,2025-02-25,income_statement,income_statement,InterestExpenseAndLineOfCreditFacilityCommitmentFeeAmount,InterestExpenseAndLineOfCreditFacilityCommitmentFeeAmount,68485000,c-1,,,,,,False,InterestExpenseAndLineOfCreditFacilityCommitmentFeeAmount,,,2024-12-31
CGBD,2025-02-25,income_statement,income_statement,InterestExpenseAndLineOfCreditFacilityCommitmentFeeAmount,InterestExpenseAndLineOfCreditFacilityCommitmentFeeAmount,71711000,c-29,,,,,,False,InterestExpenseAndLineOfCreditFacilityCommitmentFeeAmount,,,2024-12-31
CGBD,2025-02-25,income_statement,income_statement,InterestExpenseAndLineOfCreditFacilityCommitmentFeeAmount,InterestExpenseAndLineOfCreditFacilityCommitmentFeeAmount,43961000,c-30,,,,,,False,InterestExpenseAndLineOfCreditFacilityCommitmentFeeAmount,,,2024-12-31
CGBD,2025-02-25,income_statement,income_statement,NoninterestExpenseDirectorsFees,NoninterestExpenseDirectorsFees,601000,c-1,,,,,,False,NoninterestExpenseDirectorsFees,,,2024-12-31
CGBD,2025-02-25,income_statement,income_statement,NoninterestExpenseDirectorsFees,NoninterestExpenseDirectorsFees,444000,c-29,,,,,,False,NoninterestExpenseDirectorsFees,,,2024-12-31
CGBD,2025-02-25,income_statement,income_statement,NoninterestExpenseDirectorsFees,NoninterestExpenseDirectorsFees,640000,c-30,,,,,,False,NoninterestExpenseDirectorsFees,,,2024-12-31
CGBD,2025-02-25,income_statement,income_statement,OtherGeneralAndAdministrativeExpense,OtherGeneralAndAdministrativeExpense,2321000,c-1,,,,,,False,OtherGeneralAndAdministrativeExpense,,,2024-12-31
CGBD,2025-02-25,income_statement,income_statement,OtherGeneralAndAdministrativeExpense,OtherGeneralAndAdministrativeExpense,1960000,c-29,,,,,,False,OtherGeneralAndAdministrativeExpense,,,2024-12-31
CGBD,2025-02-25,income_statement,income_statement,OtherGeneralAndAdministrativeExpense,OtherGeneralAndAdministrativeExpense,1872000,c-30,,,,,,False,OtherGeneralAndAdministrativeExpense,,,2024-12-31
CGBD,2025-02-25,income_statement,income_statement,InvestmentIncomeInvestmentExpense,InvestmentIncomeInvestmentExpense,124599000,c-1,,,,,,False,InvestmentIncomeInvestmentExpense,,,2024-12-31
CGBD,2025-02-25,income_statement,income_statement,InvestmentIncomeInvestmentExpense,InvestmentIncomeInvestmentExpense,129220000,c-29,,,,,,False,InvestmentIncomeInvestmentExpense,,,2024-12-31
CGBD,2025-02-25,income_statement,income_statement,InvestmentIncomeInvestmentExpense,InvestmentIncomeInvestmentExpense,101385000,c-30,,,,,,False,InvestmentIncomeInvestmentExpense,,,2024-12-31
CGBD,2025-02-25,income_statement,income_statement,NetInvestmentIncome,NetInvestmentIncome,107991000,c-1,,,,,,False,NetInvestmentIncome,,,2024-12-31
CGBD,2025-02-25,income_statement,income_statement,NetInvestmentIncome,NetInvestmentIncome,112406000,c-29,,,,,,False,NetInvestmentIncome,,,2024-12-31
CGBD,2025-02-25,income_statement,income_statement,NetInvestmentIncome,NetInvestmentIncome,105871000,c-30,,,,,,False,NetInvestmentIncome,,,2024-12-31
CGBD,2025-02-25,income_statement,income_statement,InvestmentIncomeOperatingTaxExpenseBenefit,InvestmentIncomeOperatingTaxExpenseBenefit,2739000,c-1,,,,,,False,InvestmentIncomeOperatingTaxExpenseBenefit,,,2024-12-31
CGBD,2025-02-25,income_statement,income_statement,InvestmentIncomeOperatingTaxExpenseBenefit,InvestmentIncomeOperatingTaxExpenseBenefit,2435000,c-29,,,,,,False,InvestmentIncomeOperatingTaxExpenseBenefit,,,2024-12-31
CGBD,2025-02-25,income_statement,income_statement,InvestmentIncomeOperatingTaxExpenseBenefit,InvestmentIncomeOperatingTaxExpenseBenefit,1829000,c-30,,,,,,False,InvestmentIncomeOperatingTaxExpenseBenefit,,,2024-12-31
CGBD,2025-02-25,income_statement,income_statement,InvestmentIncomeOperatingAfterExpenseAndTax,InvestmentIncomeOperatingAfterExpenseAndTax,105252000,c-1,,,,,,False,InvestmentIncomeOperatingAfterExpenseAndTax,,,2024-12-31
CGBD,2025-02-25,income_statement,income_statement,InvestmentIncomeOperatingAfterExpenseAndTax,InvestmentIncomeOperatingAfterExpenseAndTax,109971000,c-29,,,,,,False,InvestmentIncomeOperatingAfterExpenseAndTax,,,2024-12-31
CGBD,2025-02-25,income_statement,income_statement,InvestmentIncomeOperatingAfterExpenseAndTax,InvestmentIncomeOperatingAfterExpenseAndTax,104042000,c-30,,,,,,False,InvestmentIncomeOperatingAfterExpenseAndTax,,,2024-12-31
CGBD,2025-02-25,income_statement,income_statement,NetIncomeLoss,NetIncomeLoss,88978000,c-1,,,,,,False,NetIncomeLoss,,net_income,2024-12-31
CGBD,2025-02-25,income_statement,income_statement,NetIncomeLoss,NetIncomeLoss,92280000,c-29,,,,,,False,NetIncomeLoss,,net_income,2024-12-31
CGBD,2025-02-25,income_statement,income_statement,NetIncomeLoss,NetIncomeLoss,85637000,c-30,,,,,,False,NetIncomeLoss,,net_income,2024-12-31
CGBD,2025-02-25,income_statement,income_statement,PreferredStockDividendsIncomeStatementImpact,PreferredStockDividendsIncomeStatementImpact,3500000,c-1,,,,,,False,PreferredStockDividendsIncomeStatementImpact,,,2024-12-31
CGBD,2025-02-25,income_statement,income_statement,PreferredStockDividendsIncomeStatementImpact,PreferredStockDividendsIncomeStatementImpact,3500000,c-29,,,,,,False,PreferredStockDividendsIncomeStatementImpact,,,2024-12-31
CGBD,2025-02-25,income_statement,income_statement,PreferredStockDividendsIncomeStatementImpact,PreferredStockDividendsIncomeStatementImpact,3500000,c-30,,,,,,False,PreferredStockDividendsIncomeStatementImpact,,,2024-12-31
CGBD,2025-02-25,income_statement,income_statement,IncreaseDecreaseInInterestAndDividendsReceivable,IncreaseDecreaseInInterestAndDividendsReceivable,-1289000,c-1,,,,,,False,IncreaseDecreaseInInterestAndDividendsReceivable,,,2024-12-31
CGBD,2025-02-25,income_statement,income_statement,IncreaseDecreaseInInterestAndDividendsReceivable,IncreaseDecreaseInInterestAndDividendsReceivable,9702000,c-29,,,,,,False,IncreaseDecreaseInInterestAndDividendsReceivable,,,2024-12-31
CGBD,2025-02-25,income_statement,income_statement,IncreaseDecreaseInInterestAndDividendsReceivable,IncreaseDecreaseInInterestAndDividendsReceivable,3879000,c-30,,,,,,False,IncreaseDecreaseInInterestAndDividendsReceivable,,,2024-12-31
CGBD,2025-02-25,income_statement,income_statement,IncomeTaxesPaid,IncomeTaxesPaid,2432000,c-1,,,,,,False,IncomeTaxesPaid,,,2024-12-31
CGBD,2025-02-25,income_statement,income_statement,IncomeTaxesPaid,IncomeTaxesPaid,1839000,c-29,,,,,,False,IncomeTaxesPaid,,,2024-12-31
CGBD,2025-02-25,income_statement,income_statement,IncomeTaxesPaid,IncomeTaxesPaid,774000,c-30,,,,,,False,IncomeTaxesPaid,,,2024-12-31
CGBD,2025-02-25,income_statement,income_statement,InterestAndDividendIncomeSecurities,InterestAndDividendIncomeSecurities,22000000,c-263,,,,,,False,InterestAndDividendIncomeSecurities,,,2024-12-31
CGBD,2025-02-25,income_statement,income_statement,InterestAndDividendIncomeSecurities,InterestAndDividendIncomeSecurities,0,c-266,,,,,,False,InterestAndDividendIncomeSecurities,,,2024-12-31
CGBD,2025-02-25,income_statement,income_statement,InterestAndDividendIncomeSecurities,InterestAndDividendIncomeSecurities,12905000,c-269,,,,,,False,InterestAndDividendIncomeSecurities,,,2024-12-31
CGBD,2025-02-25,income_statement,income_statement,InterestAndDividendIncomeSecurities,InterestAndDividendIncomeSecurities,34905000,c-272,,,,,,False,InterestAndDividendIncomeSecurities,,,2024-12-31
CGBD,2025-02-25,income_statement,income_statement,InterestAndDividendIncomeSecurities,InterestAndDividendIncomeSecurities,3354000,c-275,,,,,,False,InterestAndDividendIncomeSecurities,,,2024-12-31
CGBD,2025-02-25,income_statement,income_statement,InterestAndDividendIncomeSecurities,InterestAndDividendIncomeSecurities,1982000,c-278,,,,,,False,InterestAndDividendIncomeSecurities,,,2024-12-31
CGBD,2025-02-25,income_statement,income_statement,InterestAndDividendIncomeSecurities,InterestAndDividendIncomeSecurities,0,c-281,,,,,,False,InterestAndDividendIncomeSecurities,,,2024-12-31
CGBD,2025-02-25,income_statement,income_statement,InterestAndDividendIncomeSecurities,InterestAndDividendIncomeSecurities,2352000,c-284,,,,,,False,InterestAndDividendIncomeSecurities,,,2024-12-31
CGBD,2025-02-25,income_statement,income_statement,InterestAndDividendIncomeSecurities,InterestAndDividendIncomeSecurities,364000,c-287,,,,,,False,InterestAndDividendIncomeSecurities,,,2024-12-31
CGBD,2025-02-25,income_statement,income_statement,InterestAndDividendIncomeSecurities,InterestAndDividendIncomeSecurities,0,c-290,,,,,,False,InterestAndDividendIncomeSecurities,,,2024-12-31
CGBD,2025-02-25,income_statement,income_statement,InterestAndDividendIncomeSecurities,InterestAndDividendIncomeSecurities,8052000,c-293,,,,,,False,InterestAndDividendIncomeSecurities,,,2024-12-31
CGBD,2025-02-25,income_statement,income_statement,InterestAndDividendIncomeSecurities,InterestAndDividendIncomeSecurities,22000000,c-704,,,,,,False,InterestAndDividendIncomeSecurities,,,2024-12-31
CGBD,2025-02-25,income_statement,income_statement,InterestAndDividendIncomeSecurities,InterestAndDividendIncomeSecurities,0,c-707,,,,,,False,InterestAndDividendIncomeSecurities,,,2024-12-31
CGBD,2025-02-25,income_statement,income_statement,InterestAndDividendIncomeSecurities,InterestAndDividendIncomeSecurities,11104000,c-710,,,,,,False,InterestAndDividendIncomeSecurities,,,2024-12-31
CGBD,2025-02-25,income_statement,income_statement,InterestAndDividendIncomeSecurities,InterestAndDividendIncomeSecurities,33104000,c-713,,,,,,False,InterestAndDividendIncomeSecurities,,,2024-12-31
CGBD,2025-02-25,income_statement,income_statement,InterestAndDividendIncomeSecurities,InterestAndDividendIncomeSecurities,5713000,c-715,,,,,,False,InterestAndDividendIncomeSecurities,,,2024-12-31
CGBD,2025-02-25,income_statement,income_statement,InterestAndDividendIncomeSecurities,InterestAndDividendIncomeSecurities,672000,c-717,,,,,,False,InterestAndDividendIncomeSecurities,,,2024-12-31
CGBD,2025-02-25,income_statement,income_statement,InterestAndDividendIncomeSecurities,InterestAndDividendIncomeSecurities,0,c-719,,,,,,False,InterestAndDividendIncomeSecurities,,,2024-12-31
CGBD,2025-02-25,income_statement,income_statement,InterestAndDividendIncomeSecurities,InterestAndDividendIncomeSecurities,6385000,c-721,,,,,,False,InterestAndDividendIncomeSecurities,,,2024-12-31
CGBD,2025-02-25,income_statement,income_statement,RevenueRecognitionPolicyTextBlock,RevenueRecognitionPolicyTextBlock,"<div style=""margin-top:12pt""><span style=""color:#000000;font-family:'Times New Roman',sans-serif;font-size:10pt;font-style:italic;font-weight:700;line-height:120%"">Revenue Recognition    </span></div><div style=""margin-top:6pt""><span style=""color:#000000;font-family:'Times New Roman',sans-serif;font-size:10pt;font-style:italic;font-weight:400;line-height:120%"">Interest from Investments</span></div><div style=""margin-top:6pt;text-indent:36pt""><span style=""color:#000000;font-family:'Times New Roman',sans-serif;font-size:10pt;font-weight:400;line-height:120%"">Interest income is recorded on an accrual basis and includes the accretion of discounts and amortization of premiums. Discounts from and premiums to par value on debt investments purchased are accreted/amortized into interest income over the life of the respective security using the effective interest method. The amortized cost of debt investments represents the original cost, including origination fees and upfront fees received that are deemed to be an adjustment to yield, adjusted for the accretion of discounts and amortization of premiums, if any.</span></div><div style=""margin-top:12pt;text-indent:36pt""><span style=""color:#000000;font-family:'Times New Roman',sans-serif;font-size:10pt;font-weight:400;line-height:120%"">The Company may have loans in its portfolio that contain payment-in-kind (“PIK”) provisions. PIK income represents interest that is accrued and recorded as interest income at the contractual rates, increases the loan principal on the respective capitalization dates, and is generally due at maturity. As of December 31, 2024 and 2023, the fair value of the loans in the portfolio with PIK provisions was $235,895 and $337,061, respectively, which represents approximately 13.1% and 18.3%, </span></div><div style=""margin-top:12pt""><span style=""color:#000000;font-family:'Times New Roman',sans-serif;font-size:10pt;font-weight:400;line-height:120%"">respectively, of total investments at fair value. For the years ended December 31, 2024, 2023, and 2022, the Company earned $21,425, $20,491 and $23,067, in PIK income, respectively.</span></div><div style=""margin-top:12pt;text-indent:36pt""><span style=""color:#000000;font-family:'Times New Roman',sans-serif;font-size:10pt;font-weight:400;line-height:120%"">Prior to 2023, the Company separately presented interest receivable and dividend receivable on the accompanying Consolidated Statements of Cash Flows. Beginning in 2023, the amounts are presented collectively on the Consolidated Statements of Cash Flows. Prior periods have been conformed to the current presentation.</span></div><div style=""margin-top:12pt""><span style=""color:#000000;font-family:'Times New Roman',sans-serif;font-size:10pt;font-style:italic;font-weight:400;line-height:120%"">Dividend Income</span></div><div style=""margin-top:6pt;text-indent:36pt""><span style=""color:#000000;font-family:'Times New Roman',sans-serif;font-size:10pt;font-weight:400;line-height:120%"">Dividend income from the investment funds, Credit Fund and Credit Fund II, and other investments funds, if any, is recorded on the record date for the investment fund to the extent that such amounts are payable by the investment funds and are expected to be collected.</span></div><div style=""margin-top:12pt""><span style=""color:#000000;font-family:'Times New Roman',sans-serif;font-size:10pt;font-style:italic;font-weight:400;line-height:120%"">Other Income</span></div><div style=""margin-top:6pt;text-indent:36pt""><span style=""color:#000000;font-family:'Times New Roman',sans-serif;font-size:10pt;font-weight:400;line-height:120%"">Other income may include income such as consent, waiver, amendment, unused, underwriting, arranger and prepayment fees associated with the Company’s investment activities as well as any fees for managerial assistance services rendered by the Company to the portfolio companies. Such fees are recognized as income when earned or the services are rendered. The Company may receive fees for guaranteeing the outstanding debt of a portfolio company. Such fees are amortized into other income over the life of the guarantee. The unamortized amount, if any, is included in prepaid expenses and other assets in the accompanying Consolidated Statements of Assets and Liabilities. For the years ended December 31, 2024, 2023, and 2022, the Company earned $4,679, $5,003 and $7,583, respectively, in other income, primarily from amendment fees, prepayment fees and undrawn commitment fees. </span></div><div style=""margin-top:12pt""><span style=""color:#000000;font-family:'Times New Roman',sans-serif;font-size:10pt;font-style:italic;font-weight:400;line-height:120%"">Non-Accrual Income</span></div>Loans are generally placed on non-accrual status when principal or interest payments are past due or when there is reasonable doubt that principal or interest will be collected in full. Accrued and unpaid interest is generally reversed when a loan is placed on non-accrual status. Interest payments received on non-accrual loans may be recognized as income or applied to principal depending upon management’s judgment regarding collectability. Non-accrual loans are restored to accrual status when past due principal and interest are current or there is no longer any reasonable doubt that such principal or interest will be collected in full and, in management’s judgment, are likely to remain current. Management may determine not to place a loan on non-accrual status if the loan has sufficient collateral value and is in the process of collection.",c-1,,,,,,False,RevenueRecognitionPolicyTextBlock,,,2024-12-31
CGBD,2025-02-25,income_statement,income_statement,InterestIncomeOperatingPaidInKind,InterestIncomeOperatingPaidInKind,21425000,c-1,,,,,,False,InterestIncomeOperatingPaidInKind,,,2024-12-31
CGBD,2025-02-25,income_statement,income_statement,InterestIncomeOperatingPaidInKind,InterestIncomeOperatingPaidInKind,20491000,c-29,,,,,,False,InterestIncomeOperatingPaidInKind,,,2024-12-31
CGBD,2025-02-25,income_statement,income_statement,InterestIncomeOperatingPaidInKind,InterestIncomeOperatingPaidInKind,23067000,c-30,,,,,,False,InterestIncomeOperatingPaidInKind,,,2024-12-31
CGBD,2025-02-25,income_statement,income_statement,OtherIncome,OtherIncome,4679000,c-1,,,,,,False,OtherIncome,,,2024-12-31
CGBD,2025-02-25,income_statement,income_statement,OtherIncome,OtherIncome,5003000,c-29,,,,,,False,OtherIncome,,,2024-12-31
CGBD,2025-02-25,income_statement,income_statement,OtherIncome,OtherIncome,7583000,c-30,,,,,,False,OtherIncome,,,2024-12-31
CGBD,2025-02-25,income_statement,income_statement,IncomeTaxPolicyTextBlock,IncomeTaxPolicyTextBlock,"<div style=""margin-top:12pt""><span style=""color:#000000;font-family:'Times New Roman',sans-serif;font-size:10pt;font-style:italic;font-weight:700;line-height:120%"">Income Taxes</span></div><div style=""margin-top:6pt;text-indent:36pt""><span style=""color:#000000;font-family:'Times New Roman',sans-serif;font-size:10pt;font-weight:400;line-height:120%"">For federal income tax purposes, the Company has elected to be treated as a RIC under the Code, and intends to make the required distributions to its stockholders as specified therein. In order to qualify as a RIC, the Company must meet certain minimum distribution, source-of-income and asset diversification requirements. If such requirements are met, then the Company is generally required to pay income taxes only on the portion of its taxable income and gains it does not distribute.</span></div><div style=""margin-top:12pt;text-indent:36pt""><span style=""color:#000000;font-family:'Times New Roman',sans-serif;font-size:10pt;font-weight:400;line-height:120%"">The minimum distribution requirements applicable to RICs require the Company to distribute to its stockholders at least 90% of its investment company taxable income (“ICTI”), as defined by the Code, each year. Depending on the level of ICTI earned in a tax year, the Company may choose to carry forward ICTI in excess of current year distributions into the next tax year. Any such carryover ICTI must be distributed before the end of that next tax year through a dividend declared prior to filing the final tax return related to the year which generated such ICTI.</span></div><div style=""margin-top:12pt;text-indent:36pt""><span style=""color:#000000;font-family:'Times New Roman',sans-serif;font-size:10pt;font-weight:400;line-height:120%"">In addition, based on the excise distribution requirements, the Company is subject to a 4% nondeductible federal excise tax on undistributed income unless the Company distributes in a timely manner an amount at least equal to the sum of (1) 98% of its ordinary income for each calendar year, (2) 98.2% of capital gain net income (both long-term and short-term) for the one-year period ending October 31 in that calendar year and (3) any income realized, but not distributed, in the preceding year. For this purpose, however, any ordinary income or capital gain net income retained by the Company that is subject to corporate income tax is considered to have been distributed. For the years ended December 31, 2024, 2023, and 2022, the Company incurred $2,739, $2,435 and $1,829, respectively, in excise tax expense.  </span></div>The Company evaluates tax positions taken or expected to be taken in the course of preparing its consolidated financial statements to determine whether the tax positions are “more likely than not” to be sustained by the applicable tax authority. The SPV and the 2015-1 Issuer are disregarded entities for tax purposes and are consolidated with the tax return of the Company. All penalties and interest associated with income taxes, if any, are included in income tax expense.",c-1,,,,,,False,IncomeTaxPolicyTextBlock,,,2024-12-31
CGBD,2025-02-25,income_statement,income_statement,ManagementFeeAndIncentiveFeeExpense,ManagementFeeAndIncentiveFeeExpense,48555000,c-1,,,,,,False,ManagementFeeAndIncentiveFeeExpense,,,2024-12-31
CGBD,2025-02-25,income_statement,income_statement,ManagementFeeAndIncentiveFeeExpense,ManagementFeeAndIncentiveFeeExpense,51137000,c-29,,,,,,False,ManagementFeeAndIncentiveFeeExpense,,,2024-12-31
CGBD,2025-02-25,income_statement,income_statement,ManagementFeeAndIncentiveFeeExpense,ManagementFeeAndIncentiveFeeExpense,50217000,c-30,,,,,,False,ManagementFeeAndIncentiveFeeExpense,,,2024-12-31
CGBD,2025-02-25,income_statement,income_statement,IncentiveFeeExpense,IncentiveFeeExpense,0,c-1190,,,,,,False,IncentiveFeeExpense,,,2024-12-31
CGBD,2025-02-25,income_statement,income_statement,IncentiveFeeExpense,IncentiveFeeExpense,0,c-1191,,,,,,False,IncentiveFeeExpense,,,2024-12-31
CGBD,2025-02-25,income_statement,income_statement,IncentiveFeeExpense,IncentiveFeeExpense,0,c-1192,,,,,,False,IncentiveFeeExpense,,,2024-12-31
CGBD,2025-02-25,income_statement,income_statement,OtherGeneralAndAdministrativeExpense,OtherGeneralAndAdministrativeExpense,682000,c-1195,,,,,,False,OtherGeneralAndAdministrativeExpense,,,2024-12-31
CGBD,2025-02-25,income_statement,income_statement,OtherGeneralAndAdministrativeExpense,OtherGeneralAndAdministrativeExpense,669000,c-1196,,,,,,False,OtherGeneralAndAdministrativeExpense,,,2024-12-31
CGBD,2025-02-25,income_statement,income_statement,OtherGeneralAndAdministrativeExpense,OtherGeneralAndAdministrativeExpense,807000,c-1197,,,,,,False,OtherGeneralAndAdministrativeExpense,,,2024-12-31
CGBD,2025-02-25,income_statement,income_statement,GrossInvestmentIncomeOperating,GrossInvestmentIncomeOperating,72407000,c-1230,,,,,,False,GrossInvestmentIncomeOperating,,,2024-12-31
CGBD,2025-02-25,income_statement,income_statement,GrossInvestmentIncomeOperating,GrossInvestmentIncomeOperating,90448000,c-1231,,,,,,False,GrossInvestmentIncomeOperating,,,2024-12-31
CGBD,2025-02-25,income_statement,income_statement,GrossInvestmentIncomeOperating,GrossInvestmentIncomeOperating,69779000,c-1232,,,,,,False,GrossInvestmentIncomeOperating,,,2024-12-31
CGBD,2025-02-25,income_statement,income_statement,OtherExpenses,OtherExpenses,1676000,c-1230,,,,,,False,OtherExpenses,,,2024-12-31
CGBD,2025-02-25,income_statement,income_statement,OtherExpenses,OtherExpenses,1939000,c-1231,,,,,,False,OtherExpenses,,,2024-12-31
CGBD,2025-02-25,income_statement,income_statement,OtherExpenses,OtherExpenses,2050000,c-1232,,,,,,False,OtherExpenses,,,2024-12-31
CGBD,2025-02-25,income_statement,income_statement,InvestmentIncomeInvestmentExpense,InvestmentIncomeInvestmentExpense,31330000,c-1230,,,,,,False,InvestmentIncomeInvestmentExpense,,,2024-12-31
CGBD,2025-02-25,income_statement,income_statement,InvestmentIncomeInvestmentExpense,InvestmentIncomeInvestmentExpense,43396000,c-1231,,,,,,False,InvestmentIncomeInvestmentExpense,,,2024-12-31
CGBD,2025-02-25,income_statement,income_statement,InvestmentIncomeInvestmentExpense,InvestmentIncomeInvestmentExpense,27245000,c-1232,,,,,,False,InvestmentIncomeInvestmentExpense,,,2024-12-31
CGBD,2025-02-25,income_statement,income_statement,InvestmentIncomeOperatingAfterExpenseAndTax,InvestmentIncomeOperatingAfterExpenseAndTax,41077000,c-1230,,,,,,False,InvestmentIncomeOperatingAfterExpenseAndTax,,,2024-12-31
CGBD,2025-02-25,income_statement,income_statement,InvestmentIncomeOperatingAfterExpenseAndTax,InvestmentIncomeOperatingAfterExpenseAndTax,47052000,c-1231,,,,,,False,InvestmentIncomeOperatingAfterExpenseAndTax,,,2024-12-31
CGBD,2025-02-25,income_statement,income_statement,InvestmentIncomeOperatingAfterExpenseAndTax,InvestmentIncomeOperatingAfterExpenseAndTax,42534000,c-1232,,,,,,False,InvestmentIncomeOperatingAfterExpenseAndTax,,,2024-12-31
CGBD,2025-02-25,income_statement,income_statement,NetIncomeLoss,NetIncomeLoss,58102000,c-1230,,,,,,False,NetIncomeLoss,,net_income,2024-12-31
CGBD,2025-02-25,income_statement,income_statement,NetIncomeLoss,NetIncomeLoss,38393000,c-1231,,,,,,False,NetIncomeLoss,,net_income,2024-12-31
CGBD,2025-02-25,income_statement,income_statement,NetIncomeLoss,NetIncomeLoss,4651000,c-1232,,,,,,False,NetIncomeLoss,,net_income,2024-12-31
CGBD,2025-02-25,income_statement,income_statement,GrossInvestmentIncomeOperating,GrossInvestmentIncomeOperating,26295000,c-1398,,,,,,False,GrossInvestmentIncomeOperating,,,2024-12-31
CGBD,2025-02-25,income_statement,income_statement,GrossInvestmentIncomeOperating,GrossInvestmentIncomeOperating,28010000,c-1399,,,,,,False,GrossInvestmentIncomeOperating,,,2024-12-31
CGBD,2025-02-25,income_statement,income_statement,GrossInvestmentIncomeOperating,GrossInvestmentIncomeOperating,20595000,c-1400,,,,,,False,GrossInvestmentIncomeOperating,,,2024-12-31
CGBD,2025-02-25,income_statement,income_statement,OtherExpenses,OtherExpenses,763000,c-1398,,,,,,False,OtherExpenses,,,2024-12-31
CGBD,2025-02-25,income_statement,income_statement,OtherExpenses,OtherExpenses,903000,c-1399,,,,,,False,OtherExpenses,,,2024-12-31
CGBD,2025-02-25,income_statement,income_statement,OtherExpenses,OtherExpenses,842000,c-1400,,,,,,False,OtherExpenses,,,2024-12-31
CGBD,2025-02-25,income_statement,income_statement,InvestmentIncomeInvestmentExpense,InvestmentIncomeInvestmentExpense,13434000,c-1398,,,,,,False,InvestmentIncomeInvestmentExpense,,,2024-12-31
CGBD,2025-02-25,income_statement,income_statement,InvestmentIncomeInvestmentExpense,InvestmentIncomeInvestmentExpense,13656000,c-1399,,,,,,False,InvestmentIncomeInvestmentExpense,,,2024-12-31
CGBD,2025-02-25,income_statement,income_statement,InvestmentIncomeInvestmentExpense,InvestmentIncomeInvestmentExpense,8245000,c-1400,,,,,,False,InvestmentIncomeInvestmentExpense,,,2024-12-31
CGBD,2025-02-25,income_statement,income_statement,InvestmentIncomeOperatingAfterExpenseAndTax,InvestmentIncomeOperatingAfterExpenseAndTax,12861000,c-1398,,,,,,False,InvestmentIncomeOperatingAfterExpenseAndTax,,,2024-12-31
CGBD,2025-02-25,income_statement,income_statement,InvestmentIncomeOperatingAfterExpenseAndTax,InvestmentIncomeOperatingAfterExpenseAndTax,14354000,c-1399,,,,,,False,InvestmentIncomeOperatingAfterExpenseAndTax,,,2024-12-31
CGBD,2025-02-25,income_statement,income_statement,InvestmentIncomeOperatingAfterExpenseAndTax,InvestmentIncomeOperatingAfterExpenseAndTax,12350000,c-1400,,,,,,False,InvestmentIncomeOperatingAfterExpenseAndTax,,,2024-12-31
CGBD,2025-02-25,income_statement,income_statement,NetIncomeLoss,NetIncomeLoss,11267000,c-1398,,,,,,False,NetIncomeLoss,,net_income,2024-12-31
CGBD,2025-02-25,income_statement,income_statement,NetIncomeLoss,NetIncomeLoss,6625000,c-1399,,,,,,False,NetIncomeLoss,,net_income,2024-12-31
CGBD,2025-02-25,income_statement,income_statement,NetIncomeLoss,NetIncomeLoss,6281000,c-1400,,,,,,False,NetIncomeLoss,,net_income,2024-12-31
CGBD,2025-02-25,income_statement,income_statement,InvestmentIncomeOperatingAfterExpenseAndTax,InvestmentIncomeOperatingAfterExpenseAndTax,105252000,c-1622,,,,,,False,InvestmentIncomeOperatingAfterExpenseAndTax,,,2024-12-31
CGBD,2025-02-25,income_statement,income_statement,InvestmentIncomeOperatingAfterExpenseAndTax,InvestmentIncomeOperatingAfterExpenseAndTax,109971000,c-1640,,,,,,False,InvestmentIncomeOperatingAfterExpenseAndTax,,,2024-12-31
CGBD,2025-02-25,income_statement,income_statement,InvestmentIncomeOperatingAfterExpenseAndTax,InvestmentIncomeOperatingAfterExpenseAndTax,104042000,c-1651,,,,,,False,InvestmentIncomeOperatingAfterExpenseAndTax,,,2024-12-31
CGBD,2025-02-25,income_statement,income_statement,InvestmentCompanyInvestmentIncomeLossPerShare,InvestmentCompanyInvestmentIncomeLossPerShare,2.00,c-1,,,,,,False,InvestmentCompanyInvestmentIncomeLossPerShare,,,2024-12-31
CGBD,2025-02-25,income_statement,income_statement,InvestmentCompanyInvestmentIncomeLossPerShare,InvestmentCompanyInvestmentIncomeLossPerShare,2.10,c-29,,,,,,False,InvestmentCompanyInvestmentIncomeLossPerShare,,,2024-12-31
CGBD,2025-02-25,income_statement,income_statement,InvestmentCompanyInvestmentIncomeLossPerShare,InvestmentCompanyInvestmentIncomeLossPerShare,1.93,c-30,,,,,,False,InvestmentCompanyInvestmentIncomeLossPerShare,,,2024-12-31
CGBD,2025-02-25,income_statement,income_statement,InvestmentCompanyInvestmentIncomeLossPerShare,InvestmentCompanyInvestmentIncomeLossPerShare,1.53,c-1671,,,,,,False,InvestmentCompanyInvestmentIncomeLossPerShare,,,2024-12-31
CGBD,2025-02-25,income_statement,income_statement,InvestmentCompanyInvestmentIncomeLossPerShare,InvestmentCompanyInvestmentIncomeLossPerShare,1.54,c-1672,,,,,,False,InvestmentCompanyInvestmentIncomeLossPerShare,,,2024-12-31
CGBD,2025-02-25,income_statement,income_statement,InvestmentCompanyInvestmentIncomeLossFromOperationsPerShare,InvestmentCompanyInvestmentIncomeLossFromOperationsPerShare,1.68,c-1,,,,,,False,InvestmentCompanyInvestmentIncomeLossFromOperationsPerShare,,,2024-12-31
CGBD,2025-02-25,income_statement,income_statement,InvestmentCompanyInvestmentIncomeLossFromOperationsPerShare,InvestmentCompanyInvestmentIncomeLossFromOperationsPerShare,1.75,c-29,,,,,,False,InvestmentCompanyInvestmentIncomeLossFromOperationsPerShare,,,2024-12-31
CGBD,2025-02-25,income_statement,income_statement,InvestmentCompanyInvestmentIncomeLossFromOperationsPerShare,InvestmentCompanyInvestmentIncomeLossFromOperationsPerShare,1.58,c-30,,,,,,False,InvestmentCompanyInvestmentIncomeLossFromOperationsPerShare,,,2024-12-31
CGBD,2025-02-25,income_statement,income_statement,InvestmentCompanyInvestmentIncomeLossFromOperationsPerShare,InvestmentCompanyInvestmentIncomeLossFromOperationsPerShare,2.89,c-1671,,,,,,False,InvestmentCompanyInvestmentIncomeLossFromOperationsPerShare,,,2024-12-31
CGBD,2025-02-25,income_statement,income_statement,InvestmentCompanyInvestmentIncomeLossFromOperationsPerShare,InvestmentCompanyInvestmentIncomeLossFromOperationsPerShare,0.08,c-1672,,,,,,False,InvestmentCompanyInvestmentIncomeLossFromOperationsPerShare,,,2024-12-31
CGBD,2025-02-25,income_statement,income_statement,InvestmentCompanyExpenseRatioExcludingIncentiveFee,InvestmentCompanyExpenseRatioExcludingIncentiveFee,0.1228,c-1,,,,,,False,InvestmentCompanyExpenseRatioExcludingIncentiveFee,,,2024-12-31
CGBD,2025-02-25,income_statement,income_statement,InvestmentCompanyExpenseRatioExcludingIncentiveFee,InvestmentCompanyExpenseRatioExcludingIncentiveFee,0.1266,c-29,,,,,,False,InvestmentCompanyExpenseRatioExcludingIncentiveFee,,,2024-12-31
CGBD,2025-02-25,income_statement,income_statement,InvestmentCompanyExpenseRatioExcludingIncentiveFee,InvestmentCompanyExpenseRatioExcludingIncentiveFee,0.0923,c-30,,,,,,False,InvestmentCompanyExpenseRatioExcludingIncentiveFee,,,2024-12-31
CGBD,2025-02-25,income_statement,income_statement,InvestmentCompanyExpenseRatioExcludingIncentiveFee,InvestmentCompanyExpenseRatioExcludingIncentiveFee,0.0762,c-1671,,,,,,False,InvestmentCompanyExpenseRatioExcludingIncentiveFee,,,2024-12-31
CGBD,2025-02-25,income_statement,income_statement,InvestmentCompanyExpenseRatioExcludingIncentiveFee,InvestmentCompanyExpenseRatioExcludingIncentiveFee,0.0848,c-1672,,,,,,False,InvestmentCompanyExpenseRatioExcludingIncentiveFee,,,2024-12-31
CGBD,2025-02-25,income_statement,income_statement,InvestmentCompanyExpenseRatioIncludingIncentiveFee,InvestmentCompanyExpenseRatioIncludingIncentiveFee,0.1480,c-1,,,,,,False,InvestmentCompanyExpenseRatioIncludingIncentiveFee,,,2024-12-31
CGBD,2025-02-25,income_statement,income_statement,InvestmentCompanyExpenseRatioIncludingIncentiveFee,InvestmentCompanyExpenseRatioIncludingIncentiveFee,0.1529,c-29,,,,,,False,InvestmentCompanyExpenseRatioIncludingIncentiveFee,,,2024-12-31
CGBD,2025-02-25,income_statement,income_statement,InvestmentCompanyExpenseRatioIncludingIncentiveFee,InvestmentCompanyExpenseRatioIncludingIncentiveFee,0.1165,c-30,,,,,,False,InvestmentCompanyExpenseRatioIncludingIncentiveFee,,,2024-12-31
CGBD,2025-02-25,income_statement,income_statement,InvestmentCompanyExpenseRatioIncludingIncentiveFee,InvestmentCompanyExpenseRatioIncludingIncentiveFee,0.0963,c-1671,,,,,,False,InvestmentCompanyExpenseRatioIncludingIncentiveFee,,,2024-12-31
CGBD,2025-02-25,income_statement,income_statement,InvestmentCompanyExpenseRatioIncludingIncentiveFee,InvestmentCompanyExpenseRatioIncludingIncentiveFee,0.1059,c-1672,,,,,,False,InvestmentCompanyExpenseRatioIncludingIncentiveFee,,,2024-12-31
CGBD,2025-02-25,income_statement,income_statement,InvestmentCompanyExpenseRatioAfterIncentiveAllocation,InvestmentCompanyExpenseRatioAfterIncentiveAllocation,0.1480,c-1,,,,,,False,InvestmentCompanyExpenseRatioAfterIncentiveAllocation,,,2024-12-31
CGBD,2025-02-25,income_statement,income_statement,InvestmentCompanyExpenseRatioAfterIncentiveAllocation,InvestmentCompanyExpenseRatioAfterIncentiveAllocation,0.1529,c-29,,,,,,False,InvestmentCompanyExpenseRatioAfterIncentiveAllocation,,,2024-12-31
CGBD,2025-02-25,income_statement,income_statement,InvestmentCompanyExpenseRatioAfterIncentiveAllocation,InvestmentCompanyExpenseRatioAfterIncentiveAllocation,0.1165,c-30,,,,,,False,InvestmentCompanyExpenseRatioAfterIncentiveAllocation,,,2024-12-31
CGBD,2025-02-25,income_statement,income_statement,InvestmentCompanyExpenseRatioAfterIncentiveAllocation,InvestmentCompanyExpenseRatioAfterIncentiveAllocation,0.0963,c-1671,,,,,,False,InvestmentCompanyExpenseRatioAfterIncentiveAllocation,,,2024-12-31
CGBD,2025-02-25,income_statement,income_statement,InvestmentCompanyExpenseRatioAfterIncentiveAllocation,InvestmentCompanyExpenseRatioAfterIncentiveAllocation,0.1059,c-1672,,,,,,False,InvestmentCompanyExpenseRatioAfterIncentiveAllocation,,,2024-12-31
CGBD,2025-02-25,income_statement,income_statement,InvestmentCompanyInvestmentIncomeLossRatio,InvestmentCompanyInvestmentIncomeLossRatio,0.1223,c-1,,,,,,False,InvestmentCompanyInvestmentIncomeLossRatio,,,2024-12-31
CGBD,2025-02-25,income_statement,income_statement,InvestmentCompanyInvestmentIncomeLossRatio,InvestmentCompanyInvestmentIncomeLossRatio,0.1277,c-29,,,,,,False,InvestmentCompanyInvestmentIncomeLossRatio,,,2024-12-31
CGBD,2025-02-25,income_statement,income_statement,InvestmentCompanyInvestmentIncomeLossRatio,InvestmentCompanyInvestmentIncomeLossRatio,0.1175,c-30,,,,,,False,InvestmentCompanyInvestmentIncomeLossRatio,,,2024-12-31
CGBD,2025-02-25,income_statement,income_statement,InvestmentCompanyInvestmentIncomeLossRatio,InvestmentCompanyInvestmentIncomeLossRatio,0.0991,c-1671,,,,,,False,InvestmentCompanyInvestmentIncomeLossRatio,,,2024-12-31
CGBD,2025-02-25,income_statement,income_statement,InvestmentCompanyInvestmentIncomeLossRatio,InvestmentCompanyInvestmentIncomeLossRatio,0.1008,c-1672,,,,,,False,InvestmentCompanyInvestmentIncomeLossRatio,,,2024-12-31
CGBD,2025-02-25,income_statement,income_statement,InvestmentCompanyInterestExpenseRatioIncludingLineOfCreditFacilityCommitmentFee,InvestmentCompanyInterestExpenseRatioIncludingLineOfCreditFacilityCommitmentFee,0.0796,c-1,,,,,,False,InvestmentCompanyInterestExpenseRatioIncludingLineOfCreditFacilityCommitmentFee,,,2024-12-31
CGBD,2025-02-25,income_statement,income_statement,InvestmentCompanyInterestExpenseRatioIncludingLineOfCreditFacilityCommitmentFee,InvestmentCompanyInterestExpenseRatioIncludingLineOfCreditFacilityCommitmentFee,0.0833,c-29,,,,,,False,InvestmentCompanyInterestExpenseRatioIncludingLineOfCreditFacilityCommitmentFee,,,2024-12-31
CGBD,2025-02-25,income_statement,income_statement,InvestmentCompanyInterestExpenseRatioIncludingLineOfCreditFacilityCommitmentFee,InvestmentCompanyInterestExpenseRatioIncludingLineOfCreditFacilityCommitmentFee,0.0496,c-30,,,,,,False,InvestmentCompanyInterestExpenseRatioIncludingLineOfCreditFacilityCommitmentFee,,,2024-12-31
CGBD,2025-02-25,income_statement,income_statement,InvestmentCompanyInterestExpenseRatioIncludingLineOfCreditFacilityCommitmentFee,InvestmentCompanyInterestExpenseRatioIncludingLineOfCreditFacilityCommitmentFee,0.0351,c-1671,,,,,,False,InvestmentCompanyInterestExpenseRatioIncludingLineOfCreditFacilityCommitmentFee,,,2024-12-31
CGBD,2025-02-25,income_statement,income_statement,InvestmentCompanyInterestExpenseRatioIncludingLineOfCreditFacilityCommitmentFee,InvestmentCompanyInterestExpenseRatioIncludingLineOfCreditFacilityCommitmentFee,0.0449,c-1672,,,,,,False,InvestmentCompanyInterestExpenseRatioIncludingLineOfCreditFacilityCommitmentFee,,,2024-12-31
CGBD,2025-02-25,income_statement,income_statement,InvestmentCompanyInvestmentIncomeLossPerShare,InvestmentCompanyInvestmentIncomeLossPerShare,1.79,c-1678,,,,,,False,InvestmentCompanyInvestmentIncomeLossPerShare,,,2024-12-31
CGBD,2025-02-25,income_statement,income_statement,InvestmentCompanyInvestmentIncomeLossPerShare,InvestmentCompanyInvestmentIncomeLossPerShare,1.73,c-1679,,,,,,False,InvestmentCompanyInvestmentIncomeLossPerShare,,,2024-12-31
CGBD,2025-02-25,income_statement,income_statement,InvestmentCompanyInvestmentIncomeLossPerShare,InvestmentCompanyInvestmentIncomeLossPerShare,1.74,c-1680,,,,,,False,InvestmentCompanyInvestmentIncomeLossPerShare,,,2024-12-31
CGBD,2025-02-25,income_statement,income_statement,InvestmentCompanyInvestmentIncomeLossPerShare,InvestmentCompanyInvestmentIncomeLossPerShare,1.65,c-1681,,,,,,False,InvestmentCompanyInvestmentIncomeLossPerShare,,,2024-12-31
CGBD,2025-02-25,income_statement,income_statement,InvestmentCompanyInvestmentIncomeLossPerShare,InvestmentCompanyInvestmentIncomeLossPerShare,1.43,c-1682,,,,,,False,InvestmentCompanyInvestmentIncomeLossPerShare,,,2024-12-31
CGBD,2025-02-25,income_statement,income_statement,InvestmentCompanyInvestmentIncomeLossFromOperationsPerShare,InvestmentCompanyInvestmentIncomeLossFromOperationsPerShare,1.04,c-1678,,,,,,False,InvestmentCompanyInvestmentIncomeLossFromOperationsPerShare,,,2024-12-31
CGBD,2025-02-25,income_statement,income_statement,InvestmentCompanyInvestmentIncomeLossFromOperationsPerShare,InvestmentCompanyInvestmentIncomeLossFromOperationsPerShare,0.63,c-1679,,,,,,False,InvestmentCompanyInvestmentIncomeLossFromOperationsPerShare,,,2024-12-31
CGBD,2025-02-25,income_statement,income_statement,InvestmentCompanyInvestmentIncomeLossFromOperationsPerShare,InvestmentCompanyInvestmentIncomeLossFromOperationsPerShare,1.55,c-1680,,,,,,False,InvestmentCompanyInvestmentIncomeLossFromOperationsPerShare,,,2024-12-31
CGBD,2025-02-25,income_statement,income_statement,InvestmentCompanyInvestmentIncomeLossFromOperationsPerShare,InvestmentCompanyInvestmentIncomeLossFromOperationsPerShare,1.85,c-1681,,,,,,False,InvestmentCompanyInvestmentIncomeLossFromOperationsPerShare,,,2024-12-31
CGBD,2025-02-25,income_statement,income_statement,InvestmentCompanyInvestmentIncomeLossFromOperationsPerShare,InvestmentCompanyInvestmentIncomeLossFromOperationsPerShare,0.91,c-1682,,,,,,False,InvestmentCompanyInvestmentIncomeLossFromOperationsPerShare,,,2024-12-31
CGBD,2025-02-25,income_statement,income_statement,InvestmentCompanyExpenseRatioExcludingIncentiveFee,InvestmentCompanyExpenseRatioExcludingIncentiveFee,0.0879,c-1678,,,,,,False,InvestmentCompanyExpenseRatioExcludingIncentiveFee,,,2024-12-31
CGBD,2025-02-25,income_statement,income_statement,InvestmentCompanyExpenseRatioExcludingIncentiveFee,InvestmentCompanyExpenseRatioExcludingIncentiveFee,0.0677,c-1679,,,,,,False,InvestmentCompanyExpenseRatioExcludingIncentiveFee,,,2024-12-31
CGBD,2025-02-25,income_statement,income_statement,InvestmentCompanyExpenseRatioExcludingIncentiveFee,InvestmentCompanyExpenseRatioExcludingIncentiveFee,0.0525,c-1680,,,,,,False,InvestmentCompanyExpenseRatioExcludingIncentiveFee,,,2024-12-31
CGBD,2025-02-25,income_statement,income_statement,InvestmentCompanyExpenseRatioExcludingIncentiveFee,InvestmentCompanyExpenseRatioExcludingIncentiveFee,0.0546,c-1681,,,,,,False,InvestmentCompanyExpenseRatioExcludingIncentiveFee,,,2024-12-31
CGBD,2025-02-25,income_statement,income_statement,InvestmentCompanyExpenseRatioExcludingIncentiveFee,InvestmentCompanyExpenseRatioExcludingIncentiveFee,0.0511,c-1682,,,,,,False,InvestmentCompanyExpenseRatioExcludingIncentiveFee,,,2024-12-31
CGBD,2025-02-25,income_statement,income_statement,InvestmentCompanyExpenseRatioIncludingIncentiveFee,InvestmentCompanyExpenseRatioIncludingIncentiveFee,0.1105,c-1678,,,,,,False,InvestmentCompanyExpenseRatioIncludingIncentiveFee,,,2024-12-31
CGBD,2025-02-25,income_statement,income_statement,InvestmentCompanyExpenseRatioIncludingIncentiveFee,InvestmentCompanyExpenseRatioIncludingIncentiveFee,0.0881,c-1679,,,,,,False,InvestmentCompanyExpenseRatioIncludingIncentiveFee,,,2024-12-31
CGBD,2025-02-25,income_statement,income_statement,InvestmentCompanyExpenseRatioIncludingIncentiveFee,InvestmentCompanyExpenseRatioIncludingIncentiveFee,0.0739,c-1680,,,,,,False,InvestmentCompanyExpenseRatioIncludingIncentiveFee,,,2024-12-31
CGBD,2025-02-25,income_statement,income_statement,InvestmentCompanyExpenseRatioIncludingIncentiveFee,InvestmentCompanyExpenseRatioIncludingIncentiveFee,0.0769,c-1681,,,,,,False,InvestmentCompanyExpenseRatioIncludingIncentiveFee,,,2024-12-31
CGBD,2025-02-25,income_statement,income_statement,InvestmentCompanyExpenseRatioIncludingIncentiveFee,InvestmentCompanyExpenseRatioIncludingIncentiveFee,0.0694,c-1682,,,,,,False,InvestmentCompanyExpenseRatioIncludingIncentiveFee,,,2024-12-31
CGBD,2025-02-25,income_statement,income_statement,InvestmentCompanyExpenseRatioAfterIncentiveAllocation,InvestmentCompanyExpenseRatioAfterIncentiveAllocation,0.1105,c-1678,,,,,,False,InvestmentCompanyExpenseRatioAfterIncentiveAllocation,,,2024-12-31
CGBD,2025-02-25,income_statement,income_statement,InvestmentCompanyExpenseRatioAfterIncentiveAllocation,InvestmentCompanyExpenseRatioAfterIncentiveAllocation,0.0881,c-1679,,,,,,False,InvestmentCompanyExpenseRatioAfterIncentiveAllocation,,,2024-12-31
CGBD,2025-02-25,income_statement,income_statement,InvestmentCompanyExpenseRatioAfterIncentiveAllocation,InvestmentCompanyExpenseRatioAfterIncentiveAllocation,0.0797,c-1680,,,,,,False,InvestmentCompanyExpenseRatioAfterIncentiveAllocation,,,2024-12-31
CGBD,2025-02-25,income_statement,income_statement,InvestmentCompanyExpenseRatioAfterIncentiveAllocation,InvestmentCompanyExpenseRatioAfterIncentiveAllocation,0.0862,c-1681,,,,,,False,InvestmentCompanyExpenseRatioAfterIncentiveAllocation,,,2024-12-31
CGBD,2025-02-25,income_statement,income_statement,InvestmentCompanyExpenseRatioAfterIncentiveAllocation,InvestmentCompanyExpenseRatioAfterIncentiveAllocation,0.0786,c-1682,,,,,,False,InvestmentCompanyExpenseRatioAfterIncentiveAllocation,,,2024-12-31
CGBD,2025-02-25,income_statement,income_statement,InvestmentCompanyInvestmentIncomeLossRatio,InvestmentCompanyInvestmentIncomeLossRatio,0.1047,c-1678,,,,,,False,InvestmentCompanyInvestmentIncomeLossRatio,,,2024-12-31
CGBD,2025-02-25,income_statement,income_statement,InvestmentCompanyInvestmentIncomeLossRatio,InvestmentCompanyInvestmentIncomeLossRatio,0.0964,c-1679,,,,,,False,InvestmentCompanyInvestmentIncomeLossRatio,,,2024-12-31
CGBD,2025-02-25,income_statement,income_statement,InvestmentCompanyInvestmentIncomeLossRatio,InvestmentCompanyInvestmentIncomeLossRatio,0.0935,c-1680,,,,,,False,InvestmentCompanyInvestmentIncomeLossRatio,,,2024-12-31
CGBD,2025-02-25,income_statement,income_statement,InvestmentCompanyInvestmentIncomeLossRatio,InvestmentCompanyInvestmentIncomeLossRatio,0.0893,c-1681,,,,,,False,InvestmentCompanyInvestmentIncomeLossRatio,,,2024-12-31
CGBD,2025-02-25,income_statement,income_statement,InvestmentCompanyInvestmentIncomeLossRatio,InvestmentCompanyInvestmentIncomeLossRatio,0.0733,c-1682,,,,,,False,InvestmentCompanyInvestmentIncomeLossRatio,,,2024-12-31
CGBD,2025-02-25,income_statement,income_statement,InvestmentCompanyInterestExpenseRatioIncludingLineOfCreditFacilityCommitmentFee,InvestmentCompanyInterestExpenseRatioIncludingLineOfCreditFacilityCommitmentFee,0.0522,c-1678,,,,,,False,InvestmentCompanyInterestExpenseRatioIncludingLineOfCreditFacilityCommitmentFee,,,2024-12-31
CGBD,2025-02-25,income_statement,income_statement,InvestmentCompanyInterestExpenseRatioIncludingLineOfCreditFacilityCommitmentFee,InvestmentCompanyInterestExpenseRatioIncludingLineOfCreditFacilityCommitmentFee,0.0357,c-1679,,,,,,False,InvestmentCompanyInterestExpenseRatioIncludingLineOfCreditFacilityCommitmentFee,,,2024-12-31
CGBD,2025-02-25,income_statement,income_statement,InvestmentCompanyInterestExpenseRatioIncludingLineOfCreditFacilityCommitmentFee,InvestmentCompanyInterestExpenseRatioIncludingLineOfCreditFacilityCommitmentFee,0.0269,c-1680,,,,,,False,InvestmentCompanyInterestExpenseRatioIncludingLineOfCreditFacilityCommitmentFee,,,2024-12-31
CGBD,2025-02-25,income_statement,income_statement,InvestmentCompanyInterestExpenseRatioIncludingLineOfCreditFacilityCommitmentFee,InvestmentCompanyInterestExpenseRatioIncludingLineOfCreditFacilityCommitmentFee,0.0285,c-1681,,,,,,False,InvestmentCompanyInterestExpenseRatioIncludingLineOfCreditFacilityCommitmentFee,,,2024-12-31
CGBD,2025-02-25,income_statement,income_statement,InvestmentCompanyInterestExpenseRatioIncludingLineOfCreditFacilityCommitmentFee,InvestmentCompanyInterestExpenseRatioIncludingLineOfCreditFacilityCommitmentFee,0.0237,c-1682,,,,,,False,InvestmentCompanyInterestExpenseRatioIncludingLineOfCreditFacilityCommitmentFee,,,2024-12-31
CGBD,2025-02-25,income_statement,income_statement,IncomeTaxDisclosureTextBlock,IncomeTaxDisclosureTextBlock,"<div style=""margin-top:18pt""><span style=""color:#000000;font-family:'Times New Roman',sans-serif;font-size:10pt;font-weight:700;line-height:120%"">14. TAX</span></div><div style=""margin-top:6pt;text-indent:36pt""><span style=""color:#000000;font-family:'Times New Roman',sans-serif;font-size:10pt;font-weight:400;line-height:120%"">The Company has not recorded a liability for any uncertain tax positions pursuant to the provisions of ASC 740, </span><span style=""color:#000000;font-family:'Times New Roman',sans-serif;font-size:10pt;font-style:italic;font-weight:400;line-height:120%"">Income Taxes</span><span style=""color:#000000;font-family:'Times New Roman',sans-serif;font-size:10pt;font-weight:400;line-height:120%"">, as of December 31, 2024 and 2023.</span></div><div style=""margin-top:12pt;text-indent:36pt""><span style=""color:#000000;font-family:'Times New Roman',sans-serif;font-size:10pt;font-weight:400;line-height:120%"">In the normal course of business, the Company is subject to examination by federal and certain state, local and foreign tax regulators. As of December 31, 2024 and 2023, the Company had filed tax returns. The Company’s federal tax returns are generally subject to examination by the Internal Revenue Service for a period of three years after they are filed.</span></div><div style=""margin-top:12pt;text-indent:36pt""><span style=""color:#000000;font-family:'Times New Roman',sans-serif;font-size:10pt;font-weight:400;line-height:120%"">Book and tax basis differences relating to stockholder dividends and distributions and other permanent book and tax differences are reclassified among the Company’s capital accounts. In addition, the character of income and gains to be distributed is determined in accordance with income tax regulations that may differ from U.S. GAAP. As of December 31, 2024 and 2023, permanent differences primarily due to non-deductible excise tax, non-deductible offering costs, and the tax treatment of partnership investments resulted in a net increase in distributable earnings (loss) by $3,375 and $2,553, respectively, and net decrease in additional paid-in capital in excess of par by $3,375 and $2,553, respectively, on the Consolidated Statements of Assets and Liabilities. Total earnings and NAV were not affected.</span></div><div style=""margin-top:12pt;text-indent:40.5pt""><span style=""color:#000000;font-family:'Times New Roman',sans-serif;font-size:10pt;font-weight:400;line-height:120%"">The tax character of the distributions paid for the fiscal years ended December 31, 2024, 2023, and 2022 was as follows:</span></div><div style=""margin-top:6pt;text-align:center""><table style=""border-collapse:collapse;display:inline-table;margin-bottom:5pt;vertical-align:text-bottom;width:100.000%""><tr><td style=""width:1.0%""></td><td style=""width:46.122%""></td><td style=""width:0.1%""></td><td style=""width:1.0%""></td><td style=""width:16.005%""></td><td style=""width:0.1%""></td><td style=""width:0.1%""></td><td style=""width:0.530%""></td><td style=""width:0.1%""></td><td style=""width:1.0%""></td><td style=""width:16.005%""></td><td style=""width:0.1%""></td><td style=""width:0.1%""></td><td style=""width:0.530%""></td><td style=""width:0.1%""></td><td style=""width:1.0%""></td><td style=""width:16.008%""></td><td style=""width:0.1%""></td></tr><tr><td colspan=""3"" style=""padding:2px 1pt;text-align:left;vertical-align:bottom""><span style=""color:#000000;font-family:'Times New Roman',sans-serif;font-size:9pt;font-weight:400;line-height:100%""> </span></td><td colspan=""15"" style=""padding:2px 1pt;text-align:center;vertical-align:bottom""><span style=""color:#000000;font-family:'Times New Roman',sans-serif;font-size:9pt;font-weight:700;line-height:100%"">For the years ended December 31,</span></td></tr><tr><td colspan=""3"" style=""padding:2px 1pt;text-align:left;vertical-align:bottom""><span style=""color:#000000;font-family:'Times New Roman',sans-serif;font-size:9pt;font-weight:400;line-height:100%""> </span></td><td colspan=""3"" style=""border-top:1pt solid #000000;padding:2px 1pt;text-align:center;vertical-align:bottom""><span style=""color:#000000;font-family:'Times New Roman',sans-serif;font-size:9pt;font-weight:700;line-height:100%"">2024</span></td><td colspan=""3"" style=""border-top:1pt solid #000000;padding:0 1pt""></td><td colspan=""3"" style=""border-top:1pt solid #000000;padding:2px 1pt;text-align:center;vertical-align:bottom""><span style=""color:#000000;font-family:'Times New Roman',sans-serif;font-size:9pt;font-weight:700;line-height:100%"">2023</span></td><td colspan=""3"" style=""border-top:1pt solid #000000;padding:0 1pt""></td><td colspan=""3"" style=""border-top:1pt solid #000000;padding:2px 1pt;text-align:center;vertical-align:bottom""><span style=""color:#000000;font-family:'Times New Roman',sans-serif;font-size:9pt;font-weight:700;line-height:100%"">2022</span></td></tr><tr><td colspan=""3"" style=""background-color:#cceeff;padding:2px 1pt;text-align:left;vertical-align:top""><span style=""color:#000000;font-family:'Times New Roman',sans-serif;font-size:9pt;font-weight:400;line-height:100%"">Ordinary income</span></td><td style=""background-color:#cceeff;border-top:1pt solid #000000;padding:2px 0 2px 1pt;text-align:left;vertical-align:bottom""><span style=""color:#000000;font-family:'Times New Roman',sans-serif;font-size:9pt;font-weight:400;line-height:100%"">$</span></td><td style=""background-color:#cceeff;border-top:1pt solid #000000;padding:2px 0;text-align:right;vertical-align:bottom""><span style=""color:#000000;font-family:'Times New Roman',sans-serif;font-size:9pt;font-weight:400;line-height:100%"">98,589 </span></td><td style=""background-color:#cceeff;border-top:1pt solid #000000;padding:2px 1pt 2px 0;text-align:right;vertical-align:bottom""></td><td colspan=""3"" style=""background-color:#cceeff;padding:0 1pt""></td><td style=""background-color:#cceeff;border-top:1pt solid #000000;padding:2px 0 2px 1pt;text-align:left;vertical-align:bottom""><span style=""color:#000000;font-family:'Times New Roman',sans-serif;font-size:9pt;font-weight:400;line-height:100%"">$</span></td><td style=""background-color:#cceeff;border-top:1pt solid #000000;padding:2px 0;text-align:right;vertical-align:bottom""><span style=""color:#000000;font-family:'Times New Roman',sans-serif;font-size:9pt;font-weight:400;line-height:100%"">92,898 </span></td><td style=""background-color:#cceeff;border-top:1pt solid #000000;padding:2px 1pt 2px 0;text-align:right;vertical-align:bottom""></td><td colspan=""3"" style=""background-color:#cceeff;padding:0 1pt""></td><td style=""background-color:#cceeff;border-top:1pt solid #000000;padding:2px 0 2px 1pt;text-align:left;vertical-align:bottom""><span style=""color:#000000;font-family:'Times New Roman',sans-serif;font-size:9pt;font-weight:400;line-height:100%"">$</span></td><td style=""background-color:#cceeff;border-top:1pt solid #000000;padding:2px 0;text-align:right;vertical-align:bottom""><span style=""color:#000000;font-family:'Times New Roman',sans-serif;font-size:9pt;font-weight:400;line-height:100%"">88,561 </span></td><td style=""background-color:#cceeff;border-top:1pt solid #000000;padding:2px 1pt 2px 0;text-align:right;vertical-align:bottom""></td></tr><tr><td colspan=""3"" style=""padding:2px 1pt;text-align:left;vertical-align:top""><span style=""color:#000000;font-family:'Times New Roman',sans-serif;font-size:9pt;font-weight:400;line-height:100%"">Tax return of capital</span></td><td style=""padding:2px 0 2px 1pt;text-align:left;vertical-align:bottom""><span style=""color:#000000;font-family:'Times New Roman',sans-serif;font-size:9pt;font-weight:400;line-height:100%"">$</span></td><td style=""padding:2px 0;text-align:right;vertical-align:bottom""><span style=""color:#000000;font-family:'Times New Roman',sans-serif;font-size:9pt;font-weight:400;line-height:100%"">— </span></td><td style=""padding:2px 1pt 2px 0;text-align:right;vertical-align:bottom""></td><td colspan=""3"" style=""padding:0 1pt""></td><td style=""padding:2px 0 2px 1pt;text-align:left;vertical-align:bottom""><span style=""color:#000000;font-family:'Times New Roman',sans-serif;font-size:9pt;font-weight:400;line-height:100%"">$</span></td><td style=""padding:2px 0;text-align:right;vertical-align:bottom""><span style=""color:#000000;font-family:'Times New Roman',sans-serif;font-size:9pt;font-weight:400;line-height:100%"">— </span></td><td style=""padding:2px 1pt 2px 0;text-align:right;vertical-align:bottom""></td><td colspan=""3"" style=""padding:0 1pt""></td><td style=""padding:2px 0 2px 1pt;text-align:left;vertical-align:bottom""><span style=""color:#000000;font-family:'Times New Roman',sans-serif;font-size:9pt;font-weight:400;line-height:100%"">$</span></td><td style=""padding:2px 0;text-align:right;vertical-align:bottom""><span style=""color:#000000;font-family:'Times New Roman',sans-serif;font-size:9pt;font-weight:400;line-height:100%"">— </span></td><td style=""padding:2px 1pt 2px 0;text-align:right;vertical-align:bottom""></td></tr></table></div><div style=""margin-top:12pt""><span style=""color:#000000;font-family:'Times New Roman',sans-serif;font-size:10pt;font-style:italic;font-weight:700;line-height:120%"">Income Tax Information and Distributions to Stockholders</span></div><div style=""margin-top:6pt;text-indent:36pt""><span style=""color:#000000;font-family:'Times New Roman',sans-serif;font-size:10pt;font-weight:400;line-height:120%"">As of December 31, 2024 and 2023, the components of accumulated earnings (deficit) on a tax basis were as follows:</span></div><div style=""margin-top:6pt;text-align:center""><table style=""border-collapse:collapse;display:inline-table;margin-bottom:5pt;vertical-align:text-bottom;width:100.000%""><tr><td style=""width:1.0%""></td><td style=""width:63.958%""></td><td style=""width:0.1%""></td><td style=""width:1.0%""></td><td style=""width:16.005%""></td><td style=""width:0.1%""></td><td style=""width:0.1%""></td><td style=""width:0.530%""></td><td style=""width:0.1%""></td><td style=""width:1.0%""></td><td style=""width:16.007%""></td><td style=""width:0.1%""></td></tr><tr><td colspan=""3"" style=""padding:0 1pt""></td><td colspan=""9"" style=""padding:2px 1pt;text-align:center;vertical-align:bottom""><span style=""color:#000000;font-family:'Times New Roman',sans-serif;font-size:9pt;font-weight:700;line-height:100%"">As of December 31,</span></td></tr><tr><td colspan=""3"" style=""padding:0 1pt""></td><td colspan=""3"" style=""border-top:1pt solid #000000;padding:2px 1pt;text-align:center;vertical-align:bottom""><span style=""color:#000000;font-family:'Times New Roman',sans-serif;font-size:9pt;font-weight:700;line-height:100%"">2024</span></td><td colspan=""3"" style=""border-top:1pt solid #000000;padding:0 1pt""></td><td colspan=""3"" style=""border-top:1pt solid #000000;padding:2px 1pt;text-align:center;vertical-align:bottom""><span style=""color:#000000;font-family:'Times New Roman',sans-serif;font-size:9pt;font-weight:700;line-height:100%"">2023</span></td></tr><tr><td colspan=""3"" style=""background-color:#cceeff;padding:2px 1pt;text-align:left;vertical-align:top""><span style=""color:#000000;font-family:'Times New Roman',sans-serif;font-size:9pt;font-weight:400;line-height:100%"">Undistributed ordinary income</span></td><td style=""background-color:#cceeff;border-top:1pt solid #000000;padding:2px 0 2px 1pt;text-align:left;vertical-align:bottom""><span style=""color:#000000;font-family:'Times New Roman',sans-serif;font-size:9pt;font-weight:400;line-height:100%"">$</span></td><td style=""background-color:#cceeff;border-top:1pt solid #000000;padding:2px 0;text-align:right;vertical-align:bottom""><span style=""color:#000000;font-family:'Times New Roman',sans-serif;font-size:9pt;font-weight:400;line-height:100%"">72,785 </span></td><td style=""background-color:#cceeff;border-top:1pt solid #000000;padding:2px 1pt 2px 0;text-align:right;vertical-align:bottom""></td><td colspan=""3"" style=""background-color:#cceeff;padding:0 1pt""></td><td style=""background-color:#cceeff;border-top:1pt solid #000000;padding:2px 0 2px 1pt;text-align:left;vertical-align:bottom""><span style=""color:#000000;font-family:'Times New Roman',sans-serif;font-size:9pt;font-weight:400;line-height:100%"">$</span></td><td style=""background-color:#cceeff;border-top:1pt solid #000000;padding:2px 0;text-align:right;vertical-align:bottom""><span style=""color:#000000;font-family:'Times New Roman',sans-serif;font-size:9pt;font-weight:400;line-height:100%"">63,107 </span></td><td style=""background-color:#cceeff;border-top:1pt solid #000000;padding:2px 1pt 2px 0;text-align:right;vertical-align:bottom""></td></tr><tr><td colspan=""3"" style=""padding:2px 1pt;text-align:left;vertical-align:bottom""><div><span style=""color:#000000;font-family:'Times New Roman',sans-serif;font-size:9pt;font-weight:400;line-height:100%"">Other book/tax temporary differences</span><span style=""color:#000000;font-family:'Times New Roman',sans-serif;font-size:5.85pt;font-weight:400;line-height:100%;position:relative;top:-3.15pt;vertical-align:baseline"">(1)</span></div></td><td colspan=""2"" style=""padding:2px 0 2px 1pt;text-align:right;vertical-align:bottom""><span style=""color:#000000;font-family:'Times New Roman',sans-serif;font-size:9pt;font-weight:400;line-height:100%"">(10)</span></td><td style=""padding:2px 1pt 2px 0;text-align:right;vertical-align:bottom""></td><td colspan=""3"" style=""padding:0 1pt""></td><td colspan=""2"" style=""padding:2px 0 2px 1pt;text-align:right;vertical-align:bottom""><span style=""color:#000000;font-family:'Times New Roman',sans-serif;font-size:9pt;font-weight:400;line-height:100%"">(525)</span></td><td style=""padding:2px 1pt 2px 0;text-align:right;vertical-align:bottom""></td></tr><tr><td colspan=""3"" style=""background-color:#cceeff;padding:2px 1pt;text-align:left;vertical-align:top""><span style=""color:#000000;font-family:'Times New Roman',sans-serif;font-size:9pt;font-weight:400;line-height:100%"">Capital loss carryforwards</span></td><td colspan=""2"" style=""background-color:#cceeff;padding:2px 0 2px 1pt;text-align:right;vertical-align:bottom""><span style=""color:#000000;font-family:'Times New Roman',sans-serif;font-size:9pt;font-weight:400;line-height:100%"">(199,701)</span></td><td style=""background-color:#cceeff;padding:2px 1pt 2px 0;text-align:right;vertical-align:bottom""></td><td colspan=""3"" style=""background-color:#cceeff;padding:0 1pt""></td><td colspan=""2"" style=""background-color:#cceeff;padding:2px 0 2px 1pt;text-align:right;vertical-align:bottom""><span style=""color:#000000;font-family:'Times New Roman',sans-serif;font-size:9pt;font-weight:400;line-height:100%"">(153,369)</span></td><td style=""background-color:#cceeff;padding:2px 1pt 2px 0;text-align:right;vertical-align:bottom""></td></tr><tr><td colspan=""3"" style=""padding:2px 1pt;text-align:left;vertical-align:bottom""><div><span style=""color:#000000;font-family:'Times New Roman',sans-serif;font-size:9pt;font-weight:400;line-height:100%"">Net unrealized appreciation (depreciation) on investments and currency unrealized appreciation (depreciation) on non-investment assets and liabilities</span><span style=""color:#000000;font-family:'Times New Roman',sans-serif;font-size:5.85pt;font-weight:400;line-height:100%;position:relative;top:-3.15pt;vertical-align:baseline"">(2)</span></div></td><td colspan=""2"" style=""padding:2px 0 2px 1pt;text-align:right;vertical-align:bottom""><span style=""color:#000000;font-family:'Times New Roman',sans-serif;font-size:9pt;font-weight:400;line-height:100%"">(31,054)</span></td><td style=""padding:2px 1pt 2px 0;text-align:right;vertical-align:bottom""></td><td colspan=""3"" style=""padding:0 1pt""></td><td colspan=""2"" style=""padding:2px 0 2px 1pt;text-align:right;vertical-align:bottom""><span style=""color:#000000;font-family:'Times New Roman',sans-serif;font-size:9pt;font-weight:400;line-height:100%"">(60,957)</span></td><td style=""padding:2px 1pt 2px 0;text-align:right;vertical-align:bottom""></td></tr><tr><td colspan=""3"" style=""background-color:#cceeff;padding:2px 1pt;text-align:left;vertical-align:top""><span style=""color:#000000;font-family:'Times New Roman',sans-serif;font-size:9pt;font-weight:400;line-height:100%"">Total accumulated earnings (deficit)</span></td><td style=""background-color:#cceeff;border-bottom:3pt double #000000;border-top:1pt solid #000000;padding:2px 0 2px 1pt;text-align:left;vertical-align:bottom""><span style=""color:#000000;font-family:'Times New Roman',sans-serif;font-size:9pt;font-weight:400;line-height:100%"">$</span></td><td style=""background-color:#cceeff;border-bottom:3pt double #000000;border-top:1pt solid #000000;padding:2px 0;text-align:right;vertical-align:bottom""><span style=""color:#000000;font-family:'Times New Roman',sans-serif;font-size:9pt;font-weight:400;line-height:100%"">(157,980)</span></td><td style=""background-color:#cceeff;border-bottom:3pt double #000000;border-top:1pt solid #000000;padding:2px 1pt 2px 0;text-align:right;vertical-align:bottom""></td><td colspan=""3"" style=""background-color:#cceeff;padding:0 1pt""></td><td style=""background-color:#cceeff;border-bottom:3pt double #000000;border-top:1pt solid #000000;padding:2px 0 2px 1pt;text-align:left;vertical-align:bottom""><span style=""color:#000000;font-family:'Times New Roman',sans-serif;font-size:9pt;font-weight:400;line-height:100%"">$</span></td><td style=""background-color:#cceeff;border-bottom:3pt double #000000;border-top:1pt solid #000000;padding:2px 0;text-align:right;vertical-align:bottom""><span style=""color:#000000;font-family:'Times New Roman',sans-serif;font-size:9pt;font-weight:400;line-height:100%"">(151,744)</span></td><td style=""background-color:#cceeff;border-bottom:3pt double #000000;border-top:1pt solid #000000;padding:2px 1pt 2px 0;text-align:right;vertical-align:bottom""></td></tr></table></div><div style=""margin-top:6pt;padding-left:18pt;text-indent:-18pt""><span style=""color:#000000;font-family:'Times New Roman',sans-serif;font-size:8pt;font-weight:400;line-height:120%"">(1)</span><span style=""color:#000000;font-family:'Times New Roman',sans-serif;font-size:8pt;font-weight:400;line-height:120%;padding-left:8.68pt"">Consists of the unamortized portion of organization costs as of December 31, 2024 and 2023, respectively.</span></div><div style=""padding-left:18pt;text-indent:-18pt""><span style=""color:#000000;font-family:'Times New Roman',sans-serif;font-size:8pt;font-weight:400;line-height:120%"">(2)</span><span style=""color:#000000;font-family:'Times New Roman',sans-serif;font-size:8pt;font-weight:400;line-height:120%;padding-left:8.68pt"">The difference between the book-basis and tax-basis unrealized appreciation (depreciation) on investments is attributable primarily to the tax treatment of partnership investments, return of capital distributions from underlying investments, the tax treatment of contingent payment debt instruments, and material modifications of investments.</span></div><div style=""margin-top:12pt;text-indent:36pt""><span style=""color:#000000;font-family:'Times New Roman',sans-serif;font-size:10pt;font-weight:400;line-height:120%"">As of December 31, 2024 and 2023, the cost of investments for federal income tax purposes and gross unrealized</span></div><div><span style=""color:#000000;font-family:'Times New Roman',sans-serif;font-size:10pt;font-weight:400;line-height:120%"">appreciation and depreciation on investments and currency unrealized appreciation (depreciation) on non-investment</span></div><div><span style=""color:#000000;font-family:'Times New Roman',sans-serif;font-size:10pt;font-weight:400;line-height:120%"">assets and liabilities were as follows:</span></div><div style=""margin-top:5pt;text-align:center""><table style=""border-collapse:collapse;display:inline-table;margin-bottom:5pt;vertical-align:text-bottom;width:99.707%""><tr><td style=""width:1.0%""></td><td style=""width:63.562%""></td><td style=""width:0.1%""></td><td style=""width:1.0%""></td><td style=""width:16.055%""></td><td style=""width:0.1%""></td><td style=""width:0.1%""></td><td style=""width:0.533%""></td><td style=""width:0.1%""></td><td style=""width:1.0%""></td><td style=""width:16.350%""></td><td style=""width:0.1%""></td></tr><tr><td colspan=""3"" style=""padding:0 1pt""></td><td colspan=""9"" style=""padding:2px 1pt;text-align:center;vertical-align:bottom""><span style=""color:#000000;font-family:'Times New Roman',sans-serif;font-size:9pt;font-weight:700;line-height:100%"">As of December 31,</span></td></tr><tr><td colspan=""3"" style=""padding:0 1pt""></td><td colspan=""3"" style=""border-top:1pt solid #000000;padding:2px 1pt;text-align:center;vertical-align:bottom""><span style=""color:#000000;font-family:'Times New Roman',sans-serif;font-size:8pt;font-weight:700;line-height:100%"">2024</span></td><td colspan=""3"" style=""border-top:1pt solid #000000;padding:0 1pt""></td><td colspan=""3"" style=""border-top:1pt solid #000000;padding:2px 1pt;text-align:center;vertical-align:bottom""><span style=""color:#000000;font-family:'Times New Roman',sans-serif;font-size:8pt;font-weight:700;line-height:100%"">2023</span></td></tr><tr><td colspan=""3"" style=""background-color:#cceeff;padding:2px 1pt;text-align:left;vertical-align:top""><span style=""color:#000000;font-family:'Times New Roman',sans-serif;font-size:9pt;font-weight:400;line-height:100%"">Cost of investments</span></td><td style=""background-color:#cceeff;border-top:1pt solid #000000;padding:2px 0 2px 1pt;text-align:left;vertical-align:bottom""><span style=""color:#000000;font-family:'Times New Roman',sans-serif;font-size:9pt;font-weight:400;line-height:100%"">$</span></td><td style=""background-color:#cceeff;border-top:1pt solid #000000;padding:2px 0;text-align:right;vertical-align:bottom""><span style=""color:#000000;font-family:'Times New Roman',sans-serif;font-size:9pt;font-weight:400;line-height:100%"">1,839,769 </span></td><td style=""background-color:#cceeff;border-top:1pt solid #000000;padding:2px 1pt 2px 0;text-align:right;vertical-align:bottom""></td><td colspan=""3"" style=""background-color:#cceeff;padding:0 1pt""></td><td style=""background-color:#cceeff;border-top:1pt solid #000000;padding:2px 0 2px 1pt;text-align:left;vertical-align:bottom""><span style=""color:#000000;font-family:'Times New Roman',sans-serif;font-size:9pt;font-weight:400;line-height:100%"">$</span></td><td style=""background-color:#cceeff;border-top:1pt solid #000000;padding:2px 0;text-align:right;vertical-align:bottom""><span style=""color:#000000;font-family:'Times New Roman',sans-serif;font-size:9pt;font-weight:400;line-height:100%"">1,901,299 </span></td><td style=""background-color:#cceeff;border-top:1pt solid #000000;padding:2px 1pt 2px 0;text-align:right;vertical-align:bottom""></td></tr><tr><td colspan=""3"" style=""padding:2px 1pt;text-align:left;vertical-align:top""><span style=""color:#000000;font-family:'Times New Roman',sans-serif;font-size:9pt;font-weight:400;line-height:100%"">Gross unrealized appreciation</span></td><td colspan=""2"" style=""padding:2px 0 2px 1pt;text-align:right;vertical-align:bottom""><span style=""color:#000000;font-family:'Times New Roman',sans-serif;font-size:9pt;font-weight:400;line-height:100%"">35,757 </span></td><td style=""padding:2px 1pt 2px 0;text-align:right;vertical-align:bottom""></td><td colspan=""3"" style=""padding:0 1pt""></td><td colspan=""2"" style=""padding:2px 0 2px 1pt;text-align:right;vertical-align:bottom""><span style=""color:#000000;font-family:'Times New Roman',sans-serif;font-size:9pt;font-weight:400;line-height:100%"">46,846 </span></td><td style=""padding:2px 1pt 2px 0;text-align:right;vertical-align:bottom""></td></tr><tr><td colspan=""3"" style=""background-color:#cceeff;padding:2px 1pt;text-align:left;vertical-align:top""><span style=""color:#000000;font-family:'Times New Roman',sans-serif;font-size:9pt;font-weight:400;line-height:100%"">Gross unrealized depreciation</span></td><td colspan=""2"" style=""background-color:#cceeff;padding:2px 0 2px 1pt;text-align:right;vertical-align:bottom""><span style=""color:#000000;font-family:'Times New Roman',sans-serif;font-size:9pt;font-weight:400;line-height:100%"">(66,811)</span></td><td style=""background-color:#cceeff;padding:2px 1pt 2px 0;text-align:right;vertical-align:bottom""></td><td colspan=""3"" style=""background-color:#cceeff;padding:0 1pt""></td><td colspan=""2"" style=""background-color:#cceeff;padding:2px 0 2px 1pt;text-align:right;vertical-align:bottom""><span style=""color:#000000;font-family:'Times New Roman',sans-serif;font-size:9pt;font-weight:400;line-height:100%"">(107,803)</span></td><td style=""background-color:#cceeff;padding:2px 1pt 2px 0;text-align:right;vertical-align:bottom""></td></tr><tr><td colspan=""3"" style=""padding:2px 1pt;text-align:left;vertical-align:top""><span style=""color:#000000;font-family:'Times New Roman',sans-serif;font-size:9pt;font-weight:400;line-height:100%"">Net unrealized appreciation (depreciation)</span></td><td style=""border-bottom:3pt double #000000;border-top:1pt solid #000000;padding:2px 0 2px 1pt;text-align:left;vertical-align:bottom""><span style=""color:#000000;font-family:'Times New Roman',sans-serif;font-size:9pt;font-weight:400;line-height:100%"">$</span></td><td style=""border-bottom:3pt double #000000;border-top:1pt solid #000000;padding:2px 0;text-align:right;vertical-align:bottom""><span style=""color:#000000;font-family:'Times New Roman',sans-serif;font-size:9pt;font-weight:400;line-height:100%"">(31,054)</span></td><td style=""border-bottom:3pt double #000000;border-top:1pt solid #000000;padding:2px 1pt 2px 0;text-align:right;vertical-align:bottom""></td><td colspan=""3"" style=""padding:0 1pt""></td><td style=""border-bottom:3pt double #000000;border-top:1pt solid #000000;padding:2px 0 2px 1pt;text-align:left;vertical-align:bottom""><span style=""color:#000000;font-family:'Times New Roman',sans-serif;font-size:9pt;font-weight:400;line-height:100%"">$</span></td><td style=""border-bottom:3pt double #000000;border-top:1pt solid #000000;padding:2px 0;text-align:right;vertical-align:bottom""><span style=""color:#000000;font-family:'Times New Roman',sans-serif;font-size:9pt;font-weight:400;line-height:100%"">(60,957)</span></td><td style=""border-bottom:3pt double #000000;border-top:1pt solid #000000;padding:2px 1pt 2px 0;text-align:right;vertical-align:bottom""></td></tr></table></div><div style=""margin-top:12pt;text-indent:36pt""><span style=""color:#000000;font-family:'Times New Roman',sans-serif;font-size:10pt;font-weight:400;line-height:120%"">For tax purposes, net realized capital losses may be carried over to offset future capital gains, if any. Funds are permitted to carry forward capital losses for an indefinite period, and such losses will retain their character as either short-term or long-term capital losses. As of December 31, 2024 and 2023, the Company had $199,701 and $153,369, of capital loss carryforwards, respectively, of which $52,879 and $27,003 were short-term capital loss carryforwards, respectively, and $146,822 and $126,366 were long-term capital loss carryforwards, respectively.</span></div>",c-1,,,,,,False,IncomeTaxDisclosureTextBlock,,,2024-12-31
CGBD,2025-02-25,income_statement,income_statement,InvestmentCompanyDistributionOrdinaryIncome,InvestmentCompanyDistributionOrdinaryIncome,98589000,c-1,,,,,,False,InvestmentCompanyDistributionOrdinaryIncome,,,2024-12-31
CGBD,2025-02-25,income_statement,income_statement,InvestmentCompanyDistributionOrdinaryIncome,InvestmentCompanyDistributionOrdinaryIncome,92898000,c-29,,,,,,False,InvestmentCompanyDistributionOrdinaryIncome,,,2024-12-31
CGBD,2025-02-25,income_statement,income_statement,InvestmentCompanyDistributionOrdinaryIncome,InvestmentCompanyDistributionOrdinaryIncome,88561000,c-30,,,,,,False,InvestmentCompanyDistributionOrdinaryIncome,,,2024-12-31
CGBD,2025-02-25,income_statement,income_statement,InvestmentCompanyDistributableEarningsLossAccumulatedOrdinaryIncomeLoss,InvestmentCompanyDistributableEarningsLossAccumulatedOrdinaryIncomeLoss,72785000,c-8,,,,,,False,InvestmentCompanyDistributableEarningsLossAccumulatedOrdinaryIncomeLoss,,,2024-12-31
CGBD,2025-02-25,income_statement,income_statement,InvestmentCompanyDistributableEarningsLossAccumulatedOrdinaryIncomeLoss,InvestmentCompanyDistributableEarningsLossAccumulatedOrdinaryIncomeLoss,63107000,c-19,,,,,,False,InvestmentCompanyDistributableEarningsLossAccumulatedOrdinaryIncomeLoss,,,2024-12-31
CGBD,2025-02-25,income_statement,income_statement,FederalIncomeTaxNoteTextBlock,FederalIncomeTaxNoteTextBlock,"<div style=""margin-top:12pt;text-indent:36pt""><span style=""color:#000000;font-family:'Times New Roman',sans-serif;font-size:10pt;font-weight:400;line-height:120%"">As of December 31, 2024 and 2023, the cost of investments for federal income tax purposes and gross unrealized</span></div><div><span style=""color:#000000;font-family:'Times New Roman',sans-serif;font-size:10pt;font-weight:400;line-height:120%"">appreciation and depreciation on investments and currency unrealized appreciation (depreciation) on non-investment</span></div><div><span style=""color:#000000;font-family:'Times New Roman',sans-serif;font-size:10pt;font-weight:400;line-height:120%"">assets and liabilities were as follows:</span></div><div style=""margin-top:5pt;text-align:center""><table style=""border-collapse:collapse;display:inline-table;margin-bottom:5pt;vertical-align:text-bottom;width:99.707%""><tr><td style=""width:1.0%""></td><td style=""width:63.562%""></td><td style=""width:0.1%""></td><td style=""width:1.0%""></td><td style=""width:16.055%""></td><td style=""width:0.1%""></td><td style=""width:0.1%""></td><td style=""width:0.533%""></td><td style=""width:0.1%""></td><td style=""width:1.0%""></td><td style=""width:16.350%""></td><td style=""width:0.1%""></td></tr><tr><td colspan=""3"" style=""padding:0 1pt""></td><td colspan=""9"" style=""padding:2px 1pt;text-align:center;vertical-align:bottom""><span style=""color:#000000;font-family:'Times New Roman',sans-serif;font-size:9pt;font-weight:700;line-height:100%"">As of December 31,</span></td></tr><tr><td colspan=""3"" style=""padding:0 1pt""></td><td colspan=""3"" style=""border-top:1pt solid #000000;padding:2px 1pt;text-align:center;vertical-align:bottom""><span style=""color:#000000;font-family:'Times New Roman',sans-serif;font-size:8pt;font-weight:700;line-height:100%"">2024</span></td><td colspan=""3"" style=""border-top:1pt solid #000000;padding:0 1pt""></td><td colspan=""3"" style=""border-top:1pt solid #000000;padding:2px 1pt;text-align:center;vertical-align:bottom""><span style=""color:#000000;font-family:'Times New Roman',sans-serif;font-size:8pt;font-weight:700;line-height:100%"">2023</span></td></tr><tr><td colspan=""3"" style=""background-color:#cceeff;padding:2px 1pt;text-align:left;vertical-align:top""><span style=""color:#000000;font-family:'Times New Roman',sans-serif;font-size:9pt;font-weight:400;line-height:100%"">Cost of investments</span></td><td style=""background-color:#cceeff;border-top:1pt solid #000000;padding:2px 0 2px 1pt;text-align:left;vertical-align:bottom""><span style=""color:#000000;font-family:'Times New Roman',sans-serif;font-size:9pt;font-weight:400;line-height:100%"">$</span></td><td style=""background-color:#cceeff;border-top:1pt solid #000000;padding:2px 0;text-align:right;vertical-align:bottom""><span style=""color:#000000;font-family:'Times New Roman',sans-serif;font-size:9pt;font-weight:400;line-height:100%"">1,839,769 </span></td><td style=""background-color:#cceeff;border-top:1pt solid #000000;padding:2px 1pt 2px 0;text-align:right;vertical-align:bottom""></td><td colspan=""3"" style=""background-color:#cceeff;padding:0 1pt""></td><td style=""background-color:#cceeff;border-top:1pt solid #000000;padding:2px 0 2px 1pt;text-align:left;vertical-align:bottom""><span style=""color:#000000;font-family:'Times New Roman',sans-serif;font-size:9pt;font-weight:400;line-height:100%"">$</span></td><td style=""background-color:#cceeff;border-top:1pt solid #000000;padding:2px 0;text-align:right;vertical-align:bottom""><span style=""color:#000000;font-family:'Times New Roman',sans-serif;font-size:9pt;font-weight:400;line-height:100%"">1,901,299 </span></td><td style=""background-color:#cceeff;border-top:1pt solid #000000;padding:2px 1pt 2px 0;text-align:right;vertical-align:bottom""></td></tr><tr><td colspan=""3"" style=""padding:2px 1pt;text-align:left;vertical-align:top""><span style=""color:#000000;font-family:'Times New Roman',sans-serif;font-size:9pt;font-weight:400;line-height:100%"">Gross unrealized appreciation</span></td><td colspan=""2"" style=""padding:2px 0 2px 1pt;text-align:right;vertical-align:bottom""><span style=""color:#000000;font-family:'Times New Roman',sans-serif;font-size:9pt;font-weight:400;line-height:100%"">35,757 </span></td><td style=""padding:2px 1pt 2px 0;text-align:right;vertical-align:bottom""></td><td colspan=""3"" style=""padding:0 1pt""></td><td colspan=""2"" style=""padding:2px 0 2px 1pt;text-align:right;vertical-align:bottom""><span style=""color:#000000;font-family:'Times New Roman',sans-serif;font-size:9pt;font-weight:400;line-height:100%"">46,846 </span></td><td style=""padding:2px 1pt 2px 0;text-align:right;vertical-align:bottom""></td></tr><tr><td colspan=""3"" style=""background-color:#cceeff;padding:2px 1pt;text-align:left;vertical-align:top""><span style=""color:#000000;font-family:'Times New Roman',sans-serif;font-size:9pt;font-weight:400;line-height:100%"">Gross unrealized depreciation</span></td><td colspan=""2"" style=""background-color:#cceeff;padding:2px 0 2px 1pt;text-align:right;vertical-align:bottom""><span style=""color:#000000;font-family:'Times New Roman',sans-serif;font-size:9pt;font-weight:400;line-height:100%"">(66,811)</span></td><td style=""background-color:#cceeff;padding:2px 1pt 2px 0;text-align:right;vertical-align:bottom""></td><td colspan=""3"" style=""background-color:#cceeff;padding:0 1pt""></td><td colspan=""2"" style=""background-color:#cceeff;padding:2px 0 2px 1pt;text-align:right;vertical-align:bottom""><span style=""color:#000000;font-family:'Times New Roman',sans-serif;font-size:9pt;font-weight:400;line-height:100%"">(107,803)</span></td><td style=""background-color:#cceeff;padding:2px 1pt 2px 0;text-align:right;vertical-align:bottom""></td></tr><tr><td colspan=""3"" style=""padding:2px 1pt;text-align:left;vertical-align:top""><span style=""color:#000000;font-family:'Times New Roman',sans-serif;font-size:9pt;font-weight:400;line-height:100%"">Net unrealized appreciation (depreciation)</span></td><td style=""border-bottom:3pt double #000000;border-top:1pt solid #000000;padding:2px 0 2px 1pt;text-align:left;vertical-align:bottom""><span style=""color:#000000;font-family:'Times New Roman',sans-serif;font-size:9pt;font-weight:400;line-height:100%"">$</span></td><td style=""border-bottom:3pt double #000000;border-top:1pt solid #000000;padding:2px 0;text-align:right;vertical-align:bottom""><span style=""color:#000000;font-family:'Times New Roman',sans-serif;font-size:9pt;font-weight:400;line-height:100%"">(31,054)</span></td><td style=""border-bottom:3pt double #000000;border-top:1pt solid #000000;padding:2px 1pt 2px 0;text-align:right;vertical-align:bottom""></td><td colspan=""3"" style=""padding:0 1pt""></td><td style=""border-bottom:3pt double #000000;border-top:1pt solid #000000;padding:2px 0 2px 1pt;text-align:left;vertical-align:bottom""><span style=""color:#000000;font-family:'Times New Roman',sans-serif;font-size:9pt;font-weight:400;line-height:100%"">$</span></td><td style=""border-bottom:3pt double #000000;border-top:1pt solid #000000;padding:2px 0;text-align:right;vertical-align:bottom""><span style=""color:#000000;font-family:'Times New Roman',sans-serif;font-size:9pt;font-weight:400;line-height:100%"">(60,957)</span></td><td style=""border-bottom:3pt double #000000;border-top:1pt solid #000000;padding:2px 1pt 2px 0;text-align:right;vertical-align:bottom""></td></tr></table></div>",c-1,,,,,,False,FederalIncomeTaxNoteTextBlock,,,2024-12-31
CGBD,2025-02-25,income_statement,income_statement,TaxBasisOfInvestmentsCostForIncomeTaxPurposes,TaxBasisOfInvestmentsCostForIncomeTaxPurposes,1839769000,c-8,,,,,,False,TaxBasisOfInvestmentsCostForIncomeTaxPurposes,,,2024-12-31
CGBD,2025-02-25,income_statement,income_statement,TaxBasisOfInvestmentsCostForIncomeTaxPurposes,TaxBasisOfInvestmentsCostForIncomeTaxPurposes,1901299000,c-19,,,,,,False,TaxBasisOfInvestmentsCostForIncomeTaxPurposes,,,2024-12-31
CGBD,2025-05-06,income_statement,income_statement,InterestIncomeOperatingPaidInCash,InterestIncomeOperatingPaidInCash,41139000,c-13,,,,,,False,InterestIncomeOperatingPaidInCash,,,2025-03-31
CGBD,2025-05-06,income_statement,income_statement,InterestIncomeOperatingPaidInCash,InterestIncomeOperatingPaidInCash,42765000,c-14,,,,,,False,InterestIncomeOperatingPaidInCash,,,2025-03-31
CGBD,2025-05-06,income_statement,income_statement,InterestIncomeOperatingPaidInKind,InterestIncomeOperatingPaidInKind,4867000,c-13,,,,,,False,InterestIncomeOperatingPaidInKind,,,2025-03-31
CGBD,2025-05-06,income_statement,income_statement,InterestIncomeOperatingPaidInKind,InterestIncomeOperatingPaidInKind,5507000,c-14,,,,,,False,InterestIncomeOperatingPaidInKind,,,2025-03-31
CGBD,2025-05-06,income_statement,income_statement,OtherIncome,OtherIncome,949000,c-13,,,,,,False,OtherIncome,,,2025-03-31
CGBD,2025-05-06,income_statement,income_statement,OtherIncome,OtherIncome,1780000,c-14,,,,,,False,OtherIncome,,,2025-03-31
CGBD,2025-05-06,income_statement,income_statement,GrossInvestmentIncomeOperating,GrossInvestmentIncomeOperating,46955000,c-13,,,,,,False,GrossInvestmentIncomeOperating,,,2025-03-31
CGBD,2025-05-06,income_statement,income_statement,GrossInvestmentIncomeOperating,GrossInvestmentIncomeOperating,50052000,c-14,,,,,,False,GrossInvestmentIncomeOperating,,,2025-03-31
CGBD,2025-05-06,income_statement,income_statement,InterestIncomeOperatingPaidInCash,InterestIncomeOperatingPaidInCash,841000,c-15,,,,,,False,InterestIncomeOperatingPaidInCash,,,2025-03-31
CGBD,2025-05-06,income_statement,income_statement,InterestIncomeOperatingPaidInCash,InterestIncomeOperatingPaidInCash,3677000,c-16,,,,,,False,InterestIncomeOperatingPaidInCash,,,2025-03-31
CGBD,2025-05-06,income_statement,income_statement,InterestIncomeOperatingPaidInKind,InterestIncomeOperatingPaidInKind,512000,c-15,,,,,,False,InterestIncomeOperatingPaidInKind,,,2025-03-31
CGBD,2025-05-06,income_statement,income_statement,InterestIncomeOperatingPaidInKind,InterestIncomeOperatingPaidInKind,0,c-16,,,,,,False,InterestIncomeOperatingPaidInKind,,,2025-03-31
CGBD,2025-05-06,income_statement,income_statement,OtherIncome,OtherIncome,2000,c-15,,,,,,False,OtherIncome,,,2025-03-31
CGBD,2025-05-06,income_statement,income_statement,OtherIncome,OtherIncome,2000,c-16,,,,,,False,OtherIncome,,,2025-03-31
CGBD,2025-05-06,income_statement,income_statement,GrossInvestmentIncomeOperating,GrossInvestmentIncomeOperating,1355000,c-15,,,,,,False,GrossInvestmentIncomeOperating,,,2025-03-31
CGBD,2025-05-06,income_statement,income_statement,GrossInvestmentIncomeOperating,GrossInvestmentIncomeOperating,3679000,c-16,,,,,,False,GrossInvestmentIncomeOperating,,,2025-03-31
CGBD,2025-05-06,income_statement,income_statement,DividendIncomeOperating,DividendIncomeOperating,6554000,c-17,,,,,,False,DividendIncomeOperating,,,2025-03-31
CGBD,2025-05-06,income_statement,income_statement,DividendIncomeOperating,DividendIncomeOperating,8276000,c-18,,,,,,False,DividendIncomeOperating,,,2025-03-31
CGBD,2025-05-06,income_statement,income_statement,GrossInvestmentIncomeOperating,GrossInvestmentIncomeOperating,6554000,c-17,,,,,,False,GrossInvestmentIncomeOperating,,,2025-03-31
CGBD,2025-05-06,income_statement,income_statement,GrossInvestmentIncomeOperating,GrossInvestmentIncomeOperating,8276000,c-18,,,,,,False,GrossInvestmentIncomeOperating,,,2025-03-31
CGBD,2025-05-06,income_statement,income_statement,GrossInvestmentIncomeOperating,GrossInvestmentIncomeOperating,54864000,c-1,,,,,,False,GrossInvestmentIncomeOperating,,,2025-03-31
CGBD,2025-05-06,income_statement,income_statement,GrossInvestmentIncomeOperating,GrossInvestmentIncomeOperating,62007000,c-19,,,,,,False,GrossInvestmentIncomeOperating,,,2025-03-31
CGBD,2025-05-06,income_statement,income_statement,ManagementFeeExpense,ManagementFeeExpense,7609000,c-1,,,,,,False,ManagementFeeExpense,,,2025-03-31
CGBD,2025-05-06,income_statement,income_statement,ManagementFeeExpense,ManagementFeeExpense,6888000,c-19,,,,,,False,ManagementFeeExpense,,,2025-03-31
CGBD,2025-05-06,income_statement,income_statement,IncentiveFeeExpense,IncentiveFeeExpense,4400000,c-1,,,,,,False,IncentiveFeeExpense,,,2025-03-31
CGBD,2025-05-06,income_statement,income_statement,IncentiveFeeExpense,IncentiveFeeExpense,5867000,c-19,,,,,,False,IncentiveFeeExpense,,,2025-03-31
CGBD,2025-05-06,income_statement,income_statement,AdministrativeFeesExpense,AdministrativeFeesExpense,406000,c-1,,,,,,False,AdministrativeFeesExpense,,,2025-03-31
CGBD,2025-05-06,income_statement,income_statement,AdministrativeFeesExpense,AdministrativeFeesExpense,501000,c-19,,,,,,False,AdministrativeFeesExpense,,,2025-03-31
CGBD,2025-05-06,income_statement,income_statement,InterestExpenseAndLineOfCreditFacilityCommitmentFeeAmount,InterestExpenseAndLineOfCreditFacilityCommitmentFeeAmount,18603000,c-1,,,,,,False,InterestExpenseAndLineOfCreditFacilityCommitmentFeeAmount,,,2025-03-31
CGBD,2025-05-06,income_statement,income_statement,InterestExpenseAndLineOfCreditFacilityCommitmentFeeAmount,InterestExpenseAndLineOfCreditFacilityCommitmentFeeAmount,17863000,c-19,,,,,,False,InterestExpenseAndLineOfCreditFacilityCommitmentFeeAmount,,,2025-03-31
CGBD,2025-05-06,income_statement,income_statement,NoninterestExpenseDirectorsFees,NoninterestExpenseDirectorsFees,148000,c-1,,,,,,False,NoninterestExpenseDirectorsFees,,,2025-03-31
CGBD,2025-05-06,income_statement,income_statement,NoninterestExpenseDirectorsFees,NoninterestExpenseDirectorsFees,151000,c-19,,,,,,False,NoninterestExpenseDirectorsFees,,,2025-03-31
CGBD,2025-05-06,income_statement,income_statement,OtherGeneralAndAdministrativeExpense,OtherGeneralAndAdministrativeExpense,678000,c-1,,,,,,False,OtherGeneralAndAdministrativeExpense,,,2025-03-31
CGBD,2025-05-06,income_statement,income_statement,OtherGeneralAndAdministrativeExpense,OtherGeneralAndAdministrativeExpense,713000,c-19,,,,,,False,OtherGeneralAndAdministrativeExpense,,,2025-03-31
CGBD,2025-05-06,income_statement,income_statement,InvestmentIncomeInvestmentExpense,InvestmentIncomeInvestmentExpense,32559000,c-1,,,,,,False,InvestmentIncomeInvestmentExpense,,,2025-03-31
CGBD,2025-05-06,income_statement,income_statement,InvestmentIncomeInvestmentExpense,InvestmentIncomeInvestmentExpense,32728000,c-19,,,,,,False,InvestmentIncomeInvestmentExpense,,,2025-03-31
CGBD,2025-05-06,income_statement,income_statement,NetInvestmentIncome,NetInvestmentIncome,22305000,c-1,,,,,,False,NetInvestmentIncome,,,2025-03-31
CGBD,2025-05-06,income_statement,income_statement,NetInvestmentIncome,NetInvestmentIncome,29279000,c-19,,,,,,False,NetInvestmentIncome,,,2025-03-31
CGBD,2025-05-06,income_statement,income_statement,InvestmentIncomeOperatingTaxExpenseBenefit,InvestmentIncomeOperatingTaxExpenseBenefit,676000,c-1,,,,,,False,InvestmentIncomeOperatingTaxExpenseBenefit,,,2025-03-31
CGBD,2025-05-06,income_statement,income_statement,InvestmentIncomeOperatingTaxExpenseBenefit,InvestmentIncomeOperatingTaxExpenseBenefit,830000,c-19,,,,,,False,InvestmentIncomeOperatingTaxExpenseBenefit,,,2025-03-31
CGBD,2025-05-06,income_statement,income_statement,InvestmentIncomeOperatingAfterExpenseAndTax,InvestmentIncomeOperatingAfterExpenseAndTax,21629000,c-1,,,,,,False,InvestmentIncomeOperatingAfterExpenseAndTax,,,2025-03-31
CGBD,2025-05-06,income_statement,income_statement,InvestmentIncomeOperatingAfterExpenseAndTax,InvestmentIncomeOperatingAfterExpenseAndTax,28449000,c-19,,,,,,False,InvestmentIncomeOperatingAfterExpenseAndTax,,,2025-03-31
CGBD,2025-05-06,income_statement,income_statement,NetIncomeLoss,NetIncomeLoss,14054000,c-1,,,,,,False,NetIncomeLoss,,net_income,2025-03-31
CGBD,2025-05-06,income_statement,income_statement,NetIncomeLoss,NetIncomeLoss,29264000,c-19,,,,,,False,NetIncomeLoss,,net_income,2025-03-31
CGBD,2025-05-06,income_statement,income_statement,PreferredStockDividendsIncomeStatementImpact,PreferredStockDividendsIncomeStatementImpact,826000,c-1,,,,,,False,PreferredStockDividendsIncomeStatementImpact,,,2025-03-31
CGBD,2025-05-06,income_statement,income_statement,PreferredStockDividendsIncomeStatementImpact,PreferredStockDividendsIncomeStatementImpact,875000,c-19,,,,,,False,PreferredStockDividendsIncomeStatementImpact,,,2025-03-31
CGBD,2025-05-06,income_statement,income_statement,IncreaseDecreaseInInterestAndDividendsReceivable,IncreaseDecreaseInInterestAndDividendsReceivable,-17928000,c-1,,,,,,False,IncreaseDecreaseInInterestAndDividendsReceivable,,,2025-03-31
CGBD,2025-05-06,income_statement,income_statement,IncreaseDecreaseInInterestAndDividendsReceivable,IncreaseDecreaseInInterestAndDividendsReceivable,215000,c-19,,,,,,False,IncreaseDecreaseInInterestAndDividendsReceivable,,,2025-03-31
CGBD,2025-05-06,income_statement,income_statement,IncomeTaxesPaid,IncomeTaxesPaid,2723000,c-1,,,,,,False,IncomeTaxesPaid,,,2025-03-31
CGBD,2025-05-06,income_statement,income_statement,IncomeTaxesPaid,IncomeTaxesPaid,2432000,c-19,,,,,,False,IncomeTaxesPaid,,,2025-03-31
CGBD,2025-05-06,income_statement,income_statement,InterestAndDividendIncomeSecurities,InterestAndDividendIncomeSecurities,5500000,c-263,,,,,,False,InterestAndDividendIncomeSecurities,,,2025-03-31
CGBD,2025-05-06,income_statement,income_statement,InterestAndDividendIncomeSecurities,InterestAndDividendIncomeSecurities,0,c-266,,,,,,False,InterestAndDividendIncomeSecurities,,,2025-03-31
CGBD,2025-05-06,income_statement,income_statement,InterestAndDividendIncomeSecurities,InterestAndDividendIncomeSecurities,1054000,c-269,,,,,,False,InterestAndDividendIncomeSecurities,,,2025-03-31
CGBD,2025-05-06,income_statement,income_statement,InterestAndDividendIncomeSecurities,InterestAndDividendIncomeSecurities,6554000,c-272,,,,,,False,InterestAndDividendIncomeSecurities,,,2025-03-31
CGBD,2025-05-06,income_statement,income_statement,InterestAndDividendIncomeSecurities,InterestAndDividendIncomeSecurities,841000,c-275,,,,,,False,InterestAndDividendIncomeSecurities,,,2025-03-31
CGBD,2025-05-06,income_statement,income_statement,InterestAndDividendIncomeSecurities,InterestAndDividendIncomeSecurities,512000,c-278,,,,,,False,InterestAndDividendIncomeSecurities,,,2025-03-31
CGBD,2025-05-06,income_statement,income_statement,InterestAndDividendIncomeSecurities,InterestAndDividendIncomeSecurities,0,c-281,,,,,,False,InterestAndDividendIncomeSecurities,,,2025-03-31
CGBD,2025-05-06,income_statement,income_statement,InterestAndDividendIncomeSecurities,InterestAndDividendIncomeSecurities,1353000,c-284,,,,,,False,InterestAndDividendIncomeSecurities,,,2025-03-31
CGBD,2025-05-06,income_statement,income_statement,InterestAndDividendIncomeSecurities,InterestAndDividendIncomeSecurities,22000000,c-735,,,,,,False,InterestAndDividendIncomeSecurities,,,2025-03-31
CGBD,2025-05-06,income_statement,income_statement,InterestAndDividendIncomeSecurities,InterestAndDividendIncomeSecurities,0,c-738,,,,,,False,InterestAndDividendIncomeSecurities,,,2025-03-31
CGBD,2025-05-06,income_statement,income_statement,InterestAndDividendIncomeSecurities,InterestAndDividendIncomeSecurities,12905000,c-741,,,,,,False,InterestAndDividendIncomeSecurities,,,2025-03-31
CGBD,2025-05-06,income_statement,income_statement,InterestAndDividendIncomeSecurities,InterestAndDividendIncomeSecurities,34905000,c-744,,,,,,False,InterestAndDividendIncomeSecurities,,,2025-03-31
CGBD,2025-05-06,income_statement,income_statement,InterestAndDividendIncomeSecurities,InterestAndDividendIncomeSecurities,3354000,c-746,,,,,,False,InterestAndDividendIncomeSecurities,,,2025-03-31
CGBD,2025-05-06,income_statement,income_statement,InterestAndDividendIncomeSecurities,InterestAndDividendIncomeSecurities,1982000,c-748,,,,,,False,InterestAndDividendIncomeSecurities,,,2025-03-31
CGBD,2025-05-06,income_statement,income_statement,InterestAndDividendIncomeSecurities,InterestAndDividendIncomeSecurities,0,c-750,,,,,,False,InterestAndDividendIncomeSecurities,,,2025-03-31
CGBD,2025-05-06,income_statement,income_statement,InterestAndDividendIncomeSecurities,InterestAndDividendIncomeSecurities,2352000,c-752,,,,,,False,InterestAndDividendIncomeSecurities,,,2025-03-31
CGBD,2025-05-06,income_statement,income_statement,InterestAndDividendIncomeSecurities,InterestAndDividendIncomeSecurities,364000,c-755,,,,,,False,InterestAndDividendIncomeSecurities,,,2025-03-31
CGBD,2025-05-06,income_statement,income_statement,InterestAndDividendIncomeSecurities,InterestAndDividendIncomeSecurities,0,c-758,,,,,,False,InterestAndDividendIncomeSecurities,,,2025-03-31
CGBD,2025-05-06,income_statement,income_statement,InterestAndDividendIncomeSecurities,InterestAndDividendIncomeSecurities,8052000,c-761,,,,,,False,InterestAndDividendIncomeSecurities,,,2025-03-31
CGBD,2025-05-06,income_statement,income_statement,RevenueRecognitionPolicyTextBlock,RevenueRecognitionPolicyTextBlock,"<div style=""margin-top:12pt""><span style=""color:#000000;font-family:'Times New Roman',sans-serif;font-size:10pt;font-style:italic;font-weight:700;line-height:120%"">Revenue Recognition    </span></div><div style=""margin-top:6pt""><span style=""color:#000000;font-family:'Times New Roman',sans-serif;font-size:10pt;font-style:italic;font-weight:400;line-height:120%"">Interest from Investments</span></div><div style=""margin-top:6pt;text-indent:36pt""><span style=""color:#000000;font-family:'Times New Roman',sans-serif;font-size:10pt;font-weight:400;line-height:120%"">Interest income is recorded on an accrual basis and includes the accretion of discounts and amortization of premiums. Discounts from and premiums to par value on debt investments purchased are accreted/amortized into interest income over the life of the respective security using the effective interest method. The amortized cost of debt investments represents the original cost, including origination fees and upfront fees received that are deemed to be an adjustment to yield, adjusted for the accretion of discounts and amortization of premiums, if any.</span></div><div style=""margin-top:12pt;text-indent:36pt""><span style=""color:#000000;font-family:'Times New Roman',sans-serif;font-size:10pt;font-weight:400;line-height:120%"">The Company may have loans in its portfolio that contain payment-in-kind (“PIK”) provisions. PIK income represents interest that is accrued and recorded as interest income at the contractual rates, increases the loan principal on the respective capitalization dates, and is generally due at maturity. As of March 31, 2025 and December 31, 2024, the fair value of the loans in the portfolio with PIK provisions was $227,698 and $235,895, respectively, which represents approximately 10.1% and 13.1%, respectively, of total investments at fair value. For the three months ended March 31, 2025 and 2024, the Company earned $5,379 and $5,507, in PIK income, respectively.</span></div><div style=""margin-top:12pt""><span style=""color:#000000;font-family:'Times New Roman',sans-serif;font-size:10pt;font-style:italic;font-weight:400;line-height:120%"">Dividend Income</span></div><div style=""margin-top:6pt;text-indent:36pt""><span style=""color:#000000;font-family:'Times New Roman',sans-serif;font-size:10pt;font-weight:400;line-height:120%"">Dividend income from the investment funds, Credit Fund and Credit Fund II, and other investments funds, if any, is recorded on the record date for the investment fund to the extent that such amounts are payable by the investment funds and are expected to be collected.</span></div><div style=""margin-top:12pt""><span style=""color:#000000;font-family:'Times New Roman',sans-serif;font-size:10pt;font-style:italic;font-weight:400;line-height:120%"">Other Income</span></div><div style=""margin-top:6pt;text-indent:36pt""><span style=""color:#000000;font-family:'Times New Roman',sans-serif;font-size:10pt;font-weight:400;line-height:120%"">Other income may include income such as consent, waiver, amendment, unused, underwriting, arranger and prepayment fees associated with the Company’s investment activities as well as any fees for managerial assistance services rendered by the Company to the portfolio companies. Such fees are recognized as income when earned or the services are rendered. The Company may receive fees for guaranteeing the outstanding debt of a portfolio company. Such fees are amortized into other income over the life of the guarantee. The unamortized amount, if any, is included in prepaid expenses and other assets in the accompanying Consolidated Statements of Assets and Liabilities. For the three months ended March 31, 2025 and 2024, the Company earned $951 and $1,782, respectively, in other income, primarily from amendment fees, prepayment fees and undrawn commitment fees. </span></div><div style=""margin-top:12pt""><span style=""color:#000000;font-family:'Times New Roman',sans-serif;font-size:10pt;font-style:italic;font-weight:400;line-height:120%"">Non-Accrual Income</span></div>Loans are generally placed on non-accrual status when principal or interest payments are past due or when there is reasonable doubt that principal or interest will be collected in full. Accrued and unpaid interest is generally reversed when a loan is placed on non-accrual status. Interest payments received on non-accrual loans may be recognized as income or applied to principal depending upon management’s judgment regarding collectability. Non-accrual loans are restored to accrual status when past due principal and interest are current or there is no longer any reasonable doubt that such principal or interest will be collected in full and, in management’s judgment, are likely to remain current. Management may determine not to place a loan on non-accrual status if the loan has sufficient collateral value and is in the process of collection.",c-1,,,,,,False,RevenueRecognitionPolicyTextBlock,,,2025-03-31
CGBD,2025-05-06,income_statement,income_statement,InterestIncomeOperatingPaidInKind,InterestIncomeOperatingPaidInKind,5379000,c-1,,,,,,False,InterestIncomeOperatingPaidInKind,,,2025-03-31
CGBD,2025-05-06,income_statement,income_statement,InterestIncomeOperatingPaidInKind,InterestIncomeOperatingPaidInKind,5507000,c-19,,,,,,False,InterestIncomeOperatingPaidInKind,,,2025-03-31
CGBD,2025-05-06,income_statement,income_statement,OtherIncome,OtherIncome,951000,c-1,,,,,,False,OtherIncome,,,2025-03-31
CGBD,2025-05-06,income_statement,income_statement,OtherIncome,OtherIncome,1782000,c-19,,,,,,False,OtherIncome,,,2025-03-31
CGBD,2025-05-06,income_statement,income_statement,IncomeTaxPolicyTextBlock,IncomeTaxPolicyTextBlock,"<div style=""margin-top:12pt""><span style=""color:#000000;font-family:'Times New Roman',sans-serif;font-size:10pt;font-style:italic;font-weight:700;line-height:120%"">Income Taxes</span></div><div style=""margin-top:6pt;text-indent:36pt""><span style=""color:#000000;font-family:'Times New Roman',sans-serif;font-size:10pt;font-weight:400;line-height:120%"">For federal income tax purposes, the Company has elected to be treated as a RIC under the Code, and intends to make the required distributions to its stockholders as specified therein. In order to qualify as a RIC, the Company must meet certain minimum distribution, source-of-income and asset diversification requirements. If such requirements are met, then the Company is generally required to pay income taxes only on the portion of its taxable income and gains it does not distribute.</span></div><div style=""margin-top:12pt;text-indent:36pt""><span style=""color:#000000;font-family:'Times New Roman',sans-serif;font-size:10pt;font-weight:400;line-height:120%"">The minimum distribution requirements applicable to RICs require the Company to distribute to its stockholders at least 90% of its investment company taxable income (“ICTI”), as defined by the Code, each year. Depending on the level of ICTI earned in a tax year, the Company may choose to carry forward ICTI in excess of current year distributions into the next tax year. Any such carryover ICTI must be distributed before the end of that next tax year through a dividend declared prior to filing the final tax return related to the year which generated such ICTI.</span></div><div style=""margin-top:12pt;text-indent:36pt""><span style=""color:#000000;font-family:'Times New Roman',sans-serif;font-size:10pt;font-weight:400;line-height:120%"">In addition, based on the excise distribution requirements, the Company is subject to a 4% nondeductible federal excise tax on undistributed income unless the Company distributes in a timely manner an amount at least equal to the sum of (1) 98% of its ordinary income for each calendar year, (2) 98.2% of capital gain net income (both long-term and short-term) for the one-year period ending October 31 in that calendar year and (3) any income realized, but not distributed, in the preceding year. For this purpose, however, any ordinary income or capital gain net income retained by the Company that is subject to corporate income tax is considered to have been distributed. For the three months ended March 31, 2025 and 2024, the Company incurred $676 and $830, respectively, in excise tax expense.  </span></div>The Company evaluates tax positions taken or expected to be taken in the course of preparing its consolidated financial statements to determine whether the tax positions are “more likely than not” to be sustained by the applicable tax authority. The SPV, CSL III SPV, Credit Fund II and the 2015-1 Issuer are disregarded entities for tax purposes and are consolidated with the tax return of the Company. All penalties and interest associated with income taxes, if any, are included in income tax expense.",c-1,,,,,,False,IncomeTaxPolicyTextBlock,,,2025-03-31
CGBD,2025-05-06,income_statement,income_statement,ManagementFeeAndIncentiveFeeExpense,ManagementFeeAndIncentiveFeeExpense,12009000,c-1,,,,,,False,ManagementFeeAndIncentiveFeeExpense,,,2025-03-31
CGBD,2025-05-06,income_statement,income_statement,ManagementFeeAndIncentiveFeeExpense,ManagementFeeAndIncentiveFeeExpense,12755000,c-19,,,,,,False,ManagementFeeAndIncentiveFeeExpense,,,2025-03-31
CGBD,2025-05-06,income_statement,income_statement,IncentiveFeeExpense,IncentiveFeeExpense,0,c-1230,,,,,,False,IncentiveFeeExpense,,,2025-03-31
CGBD,2025-05-06,income_statement,income_statement,IncentiveFeeExpense,IncentiveFeeExpense,0,c-1231,,,,,,False,IncentiveFeeExpense,,,2025-03-31
CGBD,2025-05-06,income_statement,income_statement,OtherGeneralAndAdministrativeExpense,OtherGeneralAndAdministrativeExpense,182000,c-1235,,,,,,False,OtherGeneralAndAdministrativeExpense,,,2025-03-31
CGBD,2025-05-06,income_statement,income_statement,OtherGeneralAndAdministrativeExpense,OtherGeneralAndAdministrativeExpense,157000,c-1236,,,,,,False,OtherGeneralAndAdministrativeExpense,,,2025-03-31
CGBD,2025-05-06,income_statement,income_statement,InvestmentCompanyExcessExpenseReimbursable,InvestmentCompanyExcessExpenseReimbursable,1998000,c-1251,,,,,,False,InvestmentCompanyExcessExpenseReimbursable,,,2025-03-31
CGBD,2025-05-06,income_statement,income_statement,GrossInvestmentIncomeOperating,GrossInvestmentIncomeOperating,14230000,c-1273,,,,,,False,GrossInvestmentIncomeOperating,,,2025-03-31
CGBD,2025-05-06,income_statement,income_statement,GrossInvestmentIncomeOperating,GrossInvestmentIncomeOperating,21823000,c-1274,,,,,,False,GrossInvestmentIncomeOperating,,,2025-03-31
CGBD,2025-05-06,income_statement,income_statement,OtherExpenses,OtherExpenses,377000,c-1273,,,,,,False,OtherExpenses,,,2025-03-31
CGBD,2025-05-06,income_statement,income_statement,OtherExpenses,OtherExpenses,596000,c-1274,,,,,,False,OtherExpenses,,,2025-03-31
CGBD,2025-05-06,income_statement,income_statement,InvestmentIncomeInvestmentExpense,InvestmentIncomeInvestmentExpense,6539000,c-1273,,,,,,False,InvestmentIncomeInvestmentExpense,,,2025-03-31
CGBD,2025-05-06,income_statement,income_statement,InvestmentIncomeInvestmentExpense,InvestmentIncomeInvestmentExpense,10669000,c-1274,,,,,,False,InvestmentIncomeInvestmentExpense,,,2025-03-31
CGBD,2025-05-06,income_statement,income_statement,InvestmentIncomeOperatingAfterExpenseAndTax,InvestmentIncomeOperatingAfterExpenseAndTax,7691000,c-1273,,,,,,False,InvestmentIncomeOperatingAfterExpenseAndTax,,,2025-03-31
CGBD,2025-05-06,income_statement,income_statement,InvestmentIncomeOperatingAfterExpenseAndTax,InvestmentIncomeOperatingAfterExpenseAndTax,11154000,c-1274,,,,,,False,InvestmentIncomeOperatingAfterExpenseAndTax,,,2025-03-31
CGBD,2025-05-06,income_statement,income_statement,NetIncomeLoss,NetIncomeLoss,4735000,c-1273,,,,,,False,NetIncomeLoss,,net_income,2025-03-31
CGBD,2025-05-06,income_statement,income_statement,NetIncomeLoss,NetIncomeLoss,21940000,c-1274,,,,,,False,NetIncomeLoss,,net_income,2025-03-31
CGBD,2025-05-06,income_statement,income_statement,InvestmentIncomeOperatingAfterExpenseAndTax,InvestmentIncomeOperatingAfterExpenseAndTax,21629000,c-1550,,,,,,False,InvestmentIncomeOperatingAfterExpenseAndTax,,,2025-03-31
CGBD,2025-05-06,income_statement,income_statement,InvestmentIncomeOperatingAfterExpenseAndTax,InvestmentIncomeOperatingAfterExpenseAndTax,28449000,c-1567,,,,,,False,InvestmentIncomeOperatingAfterExpenseAndTax,,,2025-03-31
CGBD,2025-05-06,income_statement,income_statement,InvestmentCompanyInvestmentIncomeLossPerShare,InvestmentCompanyInvestmentIncomeLossPerShare,0.40,c-1,,,,,,False,InvestmentCompanyInvestmentIncomeLossPerShare,,,2025-03-31
CGBD,2025-05-06,income_statement,income_statement,InvestmentCompanyInvestmentIncomeLossPerShare,InvestmentCompanyInvestmentIncomeLossPerShare,0.54,c-19,,,,,,False,InvestmentCompanyInvestmentIncomeLossPerShare,,,2025-03-31
CGBD,2025-05-06,income_statement,income_statement,InvestmentCompanyInvestmentIncomeLossFromOperationsPerShare,InvestmentCompanyInvestmentIncomeLossFromOperationsPerShare,0.25,c-1,,,,,,False,InvestmentCompanyInvestmentIncomeLossFromOperationsPerShare,,,2025-03-31
CGBD,2025-05-06,income_statement,income_statement,InvestmentCompanyInvestmentIncomeLossFromOperationsPerShare,InvestmentCompanyInvestmentIncomeLossFromOperationsPerShare,0.56,c-19,,,,,,False,InvestmentCompanyInvestmentIncomeLossFromOperationsPerShare,,,2025-03-31
CGBD,2025-05-06,income_statement,income_statement,InvestmentCompanyExpenseRatioExcludingIncentiveFee,InvestmentCompanyExpenseRatioExcludingIncentiveFee,0.0279,c-1,,,,,,False,InvestmentCompanyExpenseRatioExcludingIncentiveFee,,,2025-03-31
CGBD,2025-05-06,income_statement,income_statement,InvestmentCompanyExpenseRatioExcludingIncentiveFee,InvestmentCompanyExpenseRatioExcludingIncentiveFee,0.0320,c-19,,,,,,False,InvestmentCompanyExpenseRatioExcludingIncentiveFee,,,2025-03-31
CGBD,2025-05-06,income_statement,income_statement,InvestmentCompanyExpenseRatioIncludingIncentiveFee,InvestmentCompanyExpenseRatioIncludingIncentiveFee,0.0321,c-1,,,,,,False,InvestmentCompanyExpenseRatioIncludingIncentiveFee,,,2025-03-31
CGBD,2025-05-06,income_statement,income_statement,InvestmentCompanyExpenseRatioIncludingIncentiveFee,InvestmentCompanyExpenseRatioIncludingIncentiveFee,0.0388,c-19,,,,,,False,InvestmentCompanyExpenseRatioIncludingIncentiveFee,,,2025-03-31
CGBD,2025-05-06,income_statement,income_statement,InvestmentCompanyInvestmentIncomeLossRatio,InvestmentCompanyInvestmentIncomeLossRatio,0.0209,c-1,,,,,,False,InvestmentCompanyInvestmentIncomeLossRatio,,,2025-03-31
CGBD,2025-05-06,income_statement,income_statement,InvestmentCompanyInvestmentIncomeLossRatio,InvestmentCompanyInvestmentIncomeLossRatio,0.0329,c-19,,,,,,False,InvestmentCompanyInvestmentIncomeLossRatio,,,2025-03-31
CGBD,2025-05-06,income_statement,income_statement,InvestmentCompanyInterestExpenseRatioIncludingLineOfCreditFacilityCommitmentFee,InvestmentCompanyInterestExpenseRatioIncludingLineOfCreditFacilityCommitmentFee,0.0180,c-1,,,,,,False,InvestmentCompanyInterestExpenseRatioIncludingLineOfCreditFacilityCommitmentFee,,,2025-03-31
CGBD,2025-05-06,income_statement,income_statement,InvestmentCompanyInterestExpenseRatioIncludingLineOfCreditFacilityCommitmentFee,InvestmentCompanyInterestExpenseRatioIncludingLineOfCreditFacilityCommitmentFee,0.0207,c-19,,,,,,False,InvestmentCompanyInterestExpenseRatioIncludingLineOfCreditFacilityCommitmentFee,,,2025-03-31
CGBD,2025-05-06,income_statement,income_statement,IncomeTaxDisclosureTextBlock,IncomeTaxDisclosureTextBlock,"<div style=""margin-top:18pt""><span style=""color:#000000;font-family:'Times New Roman',sans-serif;font-size:10pt;font-weight:700;line-height:120%"">14. TAX</span></div><div style=""margin-top:6pt;text-indent:36pt""><span style=""color:#000000;font-family:'Times New Roman',sans-serif;font-size:10pt;font-weight:400;line-height:120%"">The Company has not recorded a liability for any uncertain tax positions pursuant to the provisions of ASC 740, </span><span style=""color:#000000;font-family:'Times New Roman',sans-serif;font-size:10pt;font-style:italic;font-weight:400;line-height:120%"">Income Taxes</span><span style=""color:#000000;font-family:'Times New Roman',sans-serif;font-size:10pt;font-weight:400;line-height:120%"">, as of March 31, 2025 and December 31, 2024.</span></div><div style=""margin-top:12pt;text-indent:36pt""><span style=""color:#000000;font-family:'Times New Roman',sans-serif;font-size:10pt;font-weight:400;line-height:120%"">In the normal course of business, the Company is subject to examination by federal and certain state, local and foreign tax regulators. The Company’s federal tax returns are generally subject to examination by the Internal Revenue Service for a period of three years after they are filed.</span></div><div style=""margin-top:12pt;text-indent:36pt""><span style=""color:#000000;font-family:'Times New Roman',sans-serif;font-size:10pt;font-weight:400;line-height:120%"">The Company’s taxable income for each period is an estimate and will not be finally determined until the Company files its tax return for each year. Therefore, the final taxable income, and the taxable income earned in each period and carried forward for distribution in the following period, may be different than this estimate. The estimated tax character of the dividends declared on preferred and common stock for the three months ended March 31, 2025 and 2024 was as follows:</span></div><div style=""margin-top:6pt;text-align:center""><table style=""border-collapse:collapse;display:inline-table;margin-bottom:5pt;vertical-align:text-bottom;width:82.163%""><tr><td style=""width:1.0%""></td><td style=""width:56.373%""></td><td style=""width:0.1%""></td><td style=""width:1.0%""></td><td style=""width:19.718%""></td><td style=""width:0.1%""></td><td style=""width:0.1%""></td><td style=""width:0.689%""></td><td style=""width:0.1%""></td><td style=""width:1.0%""></td><td style=""width:19.720%""></td><td style=""width:0.1%""></td></tr><tr><td colspan=""3"" style=""padding:2px 1pt;text-align:left;vertical-align:bottom""><span style=""color:#000000;font-family:'Times New Roman',sans-serif;font-size:9pt;font-weight:400;line-height:100%""> </span></td><td colspan=""9"" style=""padding:2px 1pt;text-align:center;vertical-align:bottom""><span style=""color:#000000;font-family:'Times New Roman',sans-serif;font-size:9pt;font-weight:700;line-height:100%"">Three Months Ended March 31,</span></td></tr><tr><td colspan=""3"" style=""padding:2px 1pt;text-align:left;vertical-align:bottom""><span style=""color:#000000;font-family:'Times New Roman',sans-serif;font-size:9pt;font-weight:400;line-height:100%""> </span></td><td colspan=""3"" style=""border-top:1pt solid #000000;padding:2px 1pt;text-align:center;vertical-align:bottom""><span style=""color:#000000;font-family:'Times New Roman',sans-serif;font-size:9pt;font-weight:700;line-height:100%"">2025</span></td><td colspan=""3"" style=""border-top:1pt solid #000000;padding:0 1pt""></td><td colspan=""3"" style=""border-top:1pt solid #000000;padding:2px 1pt;text-align:center;vertical-align:bottom""><span style=""color:#000000;font-family:'Times New Roman',sans-serif;font-size:9pt;font-weight:700;line-height:100%"">2024</span></td></tr><tr><td colspan=""3"" style=""background-color:#cceeff;padding:2px 1pt;text-align:left;vertical-align:top""><span style=""color:#000000;font-family:'Times New Roman',sans-serif;font-size:9pt;font-weight:400;line-height:100%"">Ordinary income</span></td><td style=""background-color:#cceeff;border-top:1pt solid #000000;padding:2px 0 2px 1pt;text-align:left;vertical-align:bottom""><span style=""color:#000000;font-family:'Times New Roman',sans-serif;font-size:9pt;font-weight:400;line-height:100%"">$</span></td><td style=""background-color:#cceeff;border-top:1pt solid #000000;padding:2px 0;text-align:right;vertical-align:bottom""><span style=""color:#000000;font-family:'Times New Roman',sans-serif;font-size:9pt;font-weight:400;line-height:100%"">23,757 </span></td><td style=""background-color:#cceeff;border-top:1pt solid #000000;padding:2px 1pt 2px 0;text-align:right;vertical-align:bottom""></td><td colspan=""3"" style=""background-color:#cceeff;padding:0 1pt""></td><td style=""background-color:#cceeff;border-top:1pt solid #000000;padding:2px 0 2px 1pt;text-align:left;vertical-align:bottom""><span style=""color:#000000;font-family:'Times New Roman',sans-serif;font-size:9pt;font-weight:400;line-height:100%"">$</span></td><td style=""background-color:#cceeff;border-top:1pt solid #000000;padding:2px 0;text-align:right;vertical-align:bottom""><span style=""color:#000000;font-family:'Times New Roman',sans-serif;font-size:9pt;font-weight:400;line-height:100%"">25,256 </span></td><td style=""background-color:#cceeff;border-top:1pt solid #000000;padding:2px 1pt 2px 0;text-align:right;vertical-align:bottom""></td></tr><tr><td colspan=""3"" style=""padding:2px 1pt;text-align:left;vertical-align:top""><span style=""color:#000000;font-family:'Times New Roman',sans-serif;font-size:9pt;font-weight:400;line-height:100%"">Tax return of capital</span></td><td style=""padding:2px 0 2px 1pt;text-align:left;vertical-align:bottom""><span style=""color:#000000;font-family:'Times New Roman',sans-serif;font-size:9pt;font-weight:400;line-height:100%"">$</span></td><td style=""padding:2px 0;text-align:right;vertical-align:bottom""><span style=""color:#000000;font-family:'Times New Roman',sans-serif;font-size:9pt;font-weight:400;line-height:100%"">— </span></td><td style=""padding:2px 1pt 2px 0;text-align:right;vertical-align:bottom""></td><td colspan=""3"" style=""padding:0 1pt""></td><td style=""padding:2px 0 2px 1pt;text-align:left;vertical-align:bottom""><span style=""color:#000000;font-family:'Times New Roman',sans-serif;font-size:9pt;font-weight:400;line-height:100%"">$</span></td><td style=""padding:2px 0;text-align:right;vertical-align:bottom""><span style=""color:#000000;font-family:'Times New Roman',sans-serif;font-size:9pt;font-weight:400;line-height:100%"">— </span></td><td style=""padding:2px 1pt 2px 0;text-align:right;vertical-align:bottom""></td></tr></table></div>",c-1,,,,,,False,IncomeTaxDisclosureTextBlock,,,2025-03-31
CGBD,2025-05-06,income_statement,income_statement,InvestmentCompanyDistributionOrdinaryIncome,InvestmentCompanyDistributionOrdinaryIncome,23757000,c-1,,,,,,False,InvestmentCompanyDistributionOrdinaryIncome,,,2025-03-31
CGBD,2025-05-06,income_statement,income_statement,InvestmentCompanyDistributionOrdinaryIncome,InvestmentCompanyDistributionOrdinaryIncome,25256000,c-19,,,,,,False,InvestmentCompanyDistributionOrdinaryIncome,,,2025-03-31
CGBD,2025-08-05,income_statement,income_statement,InterestIncomeOperatingPaidInCash,InterestIncomeOperatingPaidInCash,54258000,c-13,,,,,,False,InterestIncomeOperatingPaidInCash,,,2025-06-30
CGBD,2025-08-05,income_statement,income_statement,InterestIncomeOperatingPaidInCash,InterestIncomeOperatingPaidInCash,42183000,c-14,,,,,,False,InterestIncomeOperatingPaidInCash,,,2025-06-30
CGBD,2025-08-05,income_statement,income_statement,InterestIncomeOperatingPaidInCash,InterestIncomeOperatingPaidInCash,95397000,c-15,,,,,,False,InterestIncomeOperatingPaidInCash,,,2025-06-30
CGBD,2025-08-05,income_statement,income_statement,InterestIncomeOperatingPaidInCash,InterestIncomeOperatingPaidInCash,84948000,c-16,,,,,,False,InterestIncomeOperatingPaidInCash,,,2025-06-30
CGBD,2025-08-05,income_statement,income_statement,InterestIncomeOperatingPaidInKind,InterestIncomeOperatingPaidInKind,5189000,c-13,,,,,,False,InterestIncomeOperatingPaidInKind,,,2025-06-30
CGBD,2025-08-05,income_statement,income_statement,InterestIncomeOperatingPaidInKind,InterestIncomeOperatingPaidInKind,5069000,c-14,,,,,,False,InterestIncomeOperatingPaidInKind,,,2025-06-30
CGBD,2025-08-05,income_statement,income_statement,InterestIncomeOperatingPaidInKind,InterestIncomeOperatingPaidInKind,10056000,c-15,,,,,,False,InterestIncomeOperatingPaidInKind,,,2025-06-30
CGBD,2025-08-05,income_statement,income_statement,InterestIncomeOperatingPaidInKind,InterestIncomeOperatingPaidInKind,10576000,c-16,,,,,,False,InterestIncomeOperatingPaidInKind,,,2025-06-30
CGBD,2025-08-05,income_statement,income_statement,OtherIncome,OtherIncome,1449000,c-13,,,,,,False,OtherIncome,,,2025-06-30
CGBD,2025-08-05,income_statement,income_statement,OtherIncome,OtherIncome,771000,c-14,,,,,,False,OtherIncome,,,2025-06-30
CGBD,2025-08-05,income_statement,income_statement,OtherIncome,OtherIncome,2398000,c-15,,,,,,False,OtherIncome,,,2025-06-30
CGBD,2025-08-05,income_statement,income_statement,OtherIncome,OtherIncome,2551000,c-16,,,,,,False,OtherIncome,,,2025-06-30
CGBD,2025-08-05,income_statement,income_statement,GrossInvestmentIncomeOperating,GrossInvestmentIncomeOperating,60896000,c-13,,,,,,False,GrossInvestmentIncomeOperating,,,2025-06-30
CGBD,2025-08-05,income_statement,income_statement,GrossInvestmentIncomeOperating,GrossInvestmentIncomeOperating,48023000,c-14,,,,,,False,GrossInvestmentIncomeOperating,,,2025-06-30
CGBD,2025-08-05,income_statement,income_statement,GrossInvestmentIncomeOperating,GrossInvestmentIncomeOperating,107851000,c-15,,,,,,False,GrossInvestmentIncomeOperating,,,2025-06-30
CGBD,2025-08-05,income_statement,income_statement,GrossInvestmentIncomeOperating,GrossInvestmentIncomeOperating,98075000,c-16,,,,,,False,GrossInvestmentIncomeOperating,,,2025-06-30
CGBD,2025-08-05,income_statement,income_statement,InterestIncomeOperatingPaidInCash,InterestIncomeOperatingPaidInCash,1383000,c-17,,,,,,False,InterestIncomeOperatingPaidInCash,,,2025-06-30
CGBD,2025-08-05,income_statement,income_statement,InterestIncomeOperatingPaidInCash,InterestIncomeOperatingPaidInCash,766000,c-18,,,,,,False,InterestIncomeOperatingPaidInCash,,,2025-06-30
CGBD,2025-08-05,income_statement,income_statement,InterestIncomeOperatingPaidInCash,InterestIncomeOperatingPaidInCash,2224000,c-19,,,,,,False,InterestIncomeOperatingPaidInCash,,,2025-06-30
CGBD,2025-08-05,income_statement,income_statement,InterestIncomeOperatingPaidInCash,InterestIncomeOperatingPaidInCash,4443000,c-20,,,,,,False,InterestIncomeOperatingPaidInCash,,,2025-06-30
CGBD,2025-08-05,income_statement,income_statement,InterestIncomeOperatingPaidInKind,InterestIncomeOperatingPaidInKind,0,c-17,,,,,,False,InterestIncomeOperatingPaidInKind,,,2025-06-30
CGBD,2025-08-05,income_statement,income_statement,InterestIncomeOperatingPaidInKind,InterestIncomeOperatingPaidInKind,692000,c-18,,,,,,False,InterestIncomeOperatingPaidInKind,,,2025-06-30
CGBD,2025-08-05,income_statement,income_statement,InterestIncomeOperatingPaidInKind,InterestIncomeOperatingPaidInKind,512000,c-19,,,,,,False,InterestIncomeOperatingPaidInKind,,,2025-06-30
CGBD,2025-08-05,income_statement,income_statement,InterestIncomeOperatingPaidInKind,InterestIncomeOperatingPaidInKind,692000,c-20,,,,,,False,InterestIncomeOperatingPaidInKind,,,2025-06-30
CGBD,2025-08-05,income_statement,income_statement,OtherIncome,OtherIncome,2000,c-17,,,,,,False,OtherIncome,,,2025-06-30
CGBD,2025-08-05,income_statement,income_statement,OtherIncome,OtherIncome,2000,c-18,,,,,,False,OtherIncome,,,2025-06-30
CGBD,2025-08-05,income_statement,income_statement,OtherIncome,OtherIncome,4000,c-19,,,,,,False,OtherIncome,,,2025-06-30
CGBD,2025-08-05,income_statement,income_statement,OtherIncome,OtherIncome,4000,c-20,,,,,,False,OtherIncome,,,2025-06-30
CGBD,2025-08-05,income_statement,income_statement,GrossInvestmentIncomeOperating,GrossInvestmentIncomeOperating,1385000,c-17,,,,,,False,GrossInvestmentIncomeOperating,,,2025-06-30
CGBD,2025-08-05,income_statement,income_statement,GrossInvestmentIncomeOperating,GrossInvestmentIncomeOperating,1460000,c-18,,,,,,False,GrossInvestmentIncomeOperating,,,2025-06-30
CGBD,2025-08-05,income_statement,income_statement,GrossInvestmentIncomeOperating,GrossInvestmentIncomeOperating,2740000,c-19,,,,,,False,GrossInvestmentIncomeOperating,,,2025-06-30
CGBD,2025-08-05,income_statement,income_statement,GrossInvestmentIncomeOperating,GrossInvestmentIncomeOperating,5139000,c-20,,,,,,False,GrossInvestmentIncomeOperating,,,2025-06-30
CGBD,2025-08-05,income_statement,income_statement,DividendIncomeOperating,DividendIncomeOperating,5000000,c-21,,,,,,False,DividendIncomeOperating,,,2025-06-30
CGBD,2025-08-05,income_statement,income_statement,DividendIncomeOperating,DividendIncomeOperating,8781000,c-22,,,,,,False,DividendIncomeOperating,,,2025-06-30
CGBD,2025-08-05,income_statement,income_statement,DividendIncomeOperating,DividendIncomeOperating,11554000,c-23,,,,,,False,DividendIncomeOperating,,,2025-06-30
CGBD,2025-08-05,income_statement,income_statement,DividendIncomeOperating,DividendIncomeOperating,17057000,c-24,,,,,,False,DividendIncomeOperating,,,2025-06-30
CGBD,2025-08-05,income_statement,income_statement,GrossInvestmentIncomeOperating,GrossInvestmentIncomeOperating,5000000,c-21,,,,,,False,GrossInvestmentIncomeOperating,,,2025-06-30
CGBD,2025-08-05,income_statement,income_statement,GrossInvestmentIncomeOperating,GrossInvestmentIncomeOperating,8781000,c-22,,,,,,False,GrossInvestmentIncomeOperating,,,2025-06-30
CGBD,2025-08-05,income_statement,income_statement,GrossInvestmentIncomeOperating,GrossInvestmentIncomeOperating,11554000,c-23,,,,,,False,GrossInvestmentIncomeOperating,,,2025-06-30
CGBD,2025-08-05,income_statement,income_statement,GrossInvestmentIncomeOperating,GrossInvestmentIncomeOperating,17057000,c-24,,,,,,False,GrossInvestmentIncomeOperating,,,2025-06-30
CGBD,2025-08-05,income_statement,income_statement,GrossInvestmentIncomeOperating,GrossInvestmentIncomeOperating,67281000,c-25,,,,,,False,GrossInvestmentIncomeOperating,,,2025-06-30
CGBD,2025-08-05,income_statement,income_statement,GrossInvestmentIncomeOperating,GrossInvestmentIncomeOperating,58264000,c-26,,,,,,False,GrossInvestmentIncomeOperating,,,2025-06-30
CGBD,2025-08-05,income_statement,income_statement,GrossInvestmentIncomeOperating,GrossInvestmentIncomeOperating,122145000,c-1,,,,,,False,GrossInvestmentIncomeOperating,,,2025-06-30
CGBD,2025-08-05,income_statement,income_statement,GrossInvestmentIncomeOperating,GrossInvestmentIncomeOperating,120271000,c-27,,,,,,False,GrossInvestmentIncomeOperating,,,2025-06-30
CGBD,2025-08-05,income_statement,income_statement,ManagementFeeExpense,ManagementFeeExpense,8665000,c-25,,,,,,False,ManagementFeeExpense,,,2025-06-30
CGBD,2025-08-05,income_statement,income_statement,ManagementFeeExpense,ManagementFeeExpense,6677000,c-26,,,,,,False,ManagementFeeExpense,,,2025-06-30
CGBD,2025-08-05,income_statement,income_statement,ManagementFeeExpense,ManagementFeeExpense,16274000,c-1,,,,,,False,ManagementFeeExpense,,,2025-06-30
CGBD,2025-08-05,income_statement,income_statement,ManagementFeeExpense,ManagementFeeExpense,13565000,c-27,,,,,,False,ManagementFeeExpense,,,2025-06-30
CGBD,2025-08-05,income_statement,income_statement,IncentiveFeeExpense,IncentiveFeeExpense,5934000,c-25,,,,,,False,IncentiveFeeExpense,,,2025-06-30
CGBD,2025-08-05,income_statement,income_statement,IncentiveFeeExpense,IncentiveFeeExpense,5524000,c-26,,,,,,False,IncentiveFeeExpense,,,2025-06-30
CGBD,2025-08-05,income_statement,income_statement,IncentiveFeeExpense,IncentiveFeeExpense,10334000,c-1,,,,,,False,IncentiveFeeExpense,,,2025-06-30
CGBD,2025-08-05,income_statement,income_statement,IncentiveFeeExpense,IncentiveFeeExpense,11391000,c-27,,,,,,False,IncentiveFeeExpense,,,2025-06-30
CGBD,2025-08-05,income_statement,income_statement,AdministrativeFeesExpense,AdministrativeFeesExpense,498000,c-25,,,,,,False,AdministrativeFeesExpense,,,2025-06-30
CGBD,2025-08-05,income_statement,income_statement,AdministrativeFeesExpense,AdministrativeFeesExpense,312000,c-26,,,,,,False,AdministrativeFeesExpense,,,2025-06-30
CGBD,2025-08-05,income_statement,income_statement,AdministrativeFeesExpense,AdministrativeFeesExpense,904000,c-1,,,,,,False,AdministrativeFeesExpense,,,2025-06-30
CGBD,2025-08-05,income_statement,income_statement,AdministrativeFeesExpense,AdministrativeFeesExpense,813000,c-27,,,,,,False,AdministrativeFeesExpense,,,2025-06-30
CGBD,2025-08-05,income_statement,income_statement,InterestExpenseAndLineOfCreditFacilityCommitmentFeeAmount,InterestExpenseAndLineOfCreditFacilityCommitmentFeeAmount,21727000,c-25,,,,,,False,InterestExpenseAndLineOfCreditFacilityCommitmentFeeAmount,,,2025-06-30
CGBD,2025-08-05,income_statement,income_statement,InterestExpenseAndLineOfCreditFacilityCommitmentFeeAmount,InterestExpenseAndLineOfCreditFacilityCommitmentFeeAmount,16616000,c-26,,,,,,False,InterestExpenseAndLineOfCreditFacilityCommitmentFeeAmount,,,2025-06-30
CGBD,2025-08-05,income_statement,income_statement,InterestExpenseAndLineOfCreditFacilityCommitmentFeeAmount,InterestExpenseAndLineOfCreditFacilityCommitmentFeeAmount,40330000,c-1,,,,,,False,InterestExpenseAndLineOfCreditFacilityCommitmentFeeAmount,,,2025-06-30
CGBD,2025-08-05,income_statement,income_statement,InterestExpenseAndLineOfCreditFacilityCommitmentFeeAmount,InterestExpenseAndLineOfCreditFacilityCommitmentFeeAmount,34479000,c-27,,,,,,False,InterestExpenseAndLineOfCreditFacilityCommitmentFeeAmount,,,2025-06-30
CGBD,2025-08-05,income_statement,income_statement,NoninterestExpenseDirectorsFees,NoninterestExpenseDirectorsFees,188000,c-25,,,,,,False,NoninterestExpenseDirectorsFees,,,2025-06-30
CGBD,2025-08-05,income_statement,income_statement,NoninterestExpenseDirectorsFees,NoninterestExpenseDirectorsFees,159000,c-26,,,,,,False,NoninterestExpenseDirectorsFees,,,2025-06-30
CGBD,2025-08-05,income_statement,income_statement,NoninterestExpenseDirectorsFees,NoninterestExpenseDirectorsFees,336000,c-1,,,,,,False,NoninterestExpenseDirectorsFees,,,2025-06-30
CGBD,2025-08-05,income_statement,income_statement,NoninterestExpenseDirectorsFees,NoninterestExpenseDirectorsFees,310000,c-27,,,,,,False,NoninterestExpenseDirectorsFees,,,2025-06-30
CGBD,2025-08-05,income_statement,income_statement,OtherGeneralAndAdministrativeExpense,OtherGeneralAndAdministrativeExpense,624000,c-25,,,,,,False,OtherGeneralAndAdministrativeExpense,,,2025-06-30
CGBD,2025-08-05,income_statement,income_statement,OtherGeneralAndAdministrativeExpense,OtherGeneralAndAdministrativeExpense,398000,c-26,,,,,,False,OtherGeneralAndAdministrativeExpense,,,2025-06-30
CGBD,2025-08-05,income_statement,income_statement,OtherGeneralAndAdministrativeExpense,OtherGeneralAndAdministrativeExpense,1302000,c-1,,,,,,False,OtherGeneralAndAdministrativeExpense,,,2025-06-30
CGBD,2025-08-05,income_statement,income_statement,OtherGeneralAndAdministrativeExpense,OtherGeneralAndAdministrativeExpense,1111000,c-27,,,,,,False,OtherGeneralAndAdministrativeExpense,,,2025-06-30
CGBD,2025-08-05,income_statement,income_statement,InvestmentIncomeInvestmentExpense,InvestmentIncomeInvestmentExpense,38651000,c-25,,,,,,False,InvestmentIncomeInvestmentExpense,,,2025-06-30
CGBD,2025-08-05,income_statement,income_statement,InvestmentIncomeInvestmentExpense,InvestmentIncomeInvestmentExpense,30414000,c-26,,,,,,False,InvestmentIncomeInvestmentExpense,,,2025-06-30
CGBD,2025-08-05,income_statement,income_statement,InvestmentIncomeInvestmentExpense,InvestmentIncomeInvestmentExpense,71210000,c-1,,,,,,False,InvestmentIncomeInvestmentExpense,,,2025-06-30
CGBD,2025-08-05,income_statement,income_statement,InvestmentIncomeInvestmentExpense,InvestmentIncomeInvestmentExpense,63142000,c-27,,,,,,False,InvestmentIncomeInvestmentExpense,,,2025-06-30
CGBD,2025-08-05,income_statement,income_statement,NetInvestmentIncome,NetInvestmentIncome,28630000,c-25,,,,,,False,NetInvestmentIncome,,,2025-06-30
CGBD,2025-08-05,income_statement,income_statement,NetInvestmentIncome,NetInvestmentIncome,27850000,c-26,,,,,,False,NetInvestmentIncome,,,2025-06-30
CGBD,2025-08-05,income_statement,income_statement,NetInvestmentIncome,NetInvestmentIncome,50935000,c-1,,,,,,False,NetInvestmentIncome,,,2025-06-30
CGBD,2025-08-05,income_statement,income_statement,NetInvestmentIncome,NetInvestmentIncome,57129000,c-27,,,,,,False,NetInvestmentIncome,,,2025-06-30
CGBD,2025-08-05,income_statement,income_statement,InvestmentIncomeOperatingTaxExpenseBenefit,InvestmentIncomeOperatingTaxExpenseBenefit,380000,c-25,,,,,,False,InvestmentIncomeOperatingTaxExpenseBenefit,,,2025-06-30
CGBD,2025-08-05,income_statement,income_statement,InvestmentIncomeOperatingTaxExpenseBenefit,InvestmentIncomeOperatingTaxExpenseBenefit,977000,c-26,,,,,,False,InvestmentIncomeOperatingTaxExpenseBenefit,,,2025-06-30
CGBD,2025-08-05,income_statement,income_statement,InvestmentIncomeOperatingTaxExpenseBenefit,InvestmentIncomeOperatingTaxExpenseBenefit,1056000,c-1,,,,,,False,InvestmentIncomeOperatingTaxExpenseBenefit,,,2025-06-30
CGBD,2025-08-05,income_statement,income_statement,InvestmentIncomeOperatingTaxExpenseBenefit,InvestmentIncomeOperatingTaxExpenseBenefit,1807000,c-27,,,,,,False,InvestmentIncomeOperatingTaxExpenseBenefit,,,2025-06-30
CGBD,2025-08-05,income_statement,income_statement,InvestmentIncomeOperatingAfterExpenseAndTax,InvestmentIncomeOperatingAfterExpenseAndTax,28250000,c-25,,,,,,False,InvestmentIncomeOperatingAfterExpenseAndTax,,,2025-06-30
CGBD,2025-08-05,income_statement,income_statement,InvestmentIncomeOperatingAfterExpenseAndTax,InvestmentIncomeOperatingAfterExpenseAndTax,26873000,c-26,,,,,,False,InvestmentIncomeOperatingAfterExpenseAndTax,,,2025-06-30
CGBD,2025-08-05,income_statement,income_statement,InvestmentIncomeOperatingAfterExpenseAndTax,InvestmentIncomeOperatingAfterExpenseAndTax,49879000,c-1,,,,,,False,InvestmentIncomeOperatingAfterExpenseAndTax,,,2025-06-30
CGBD,2025-08-05,income_statement,income_statement,InvestmentIncomeOperatingAfterExpenseAndTax,InvestmentIncomeOperatingAfterExpenseAndTax,55322000,c-27,,,,,,False,InvestmentIncomeOperatingAfterExpenseAndTax,,,2025-06-30
CGBD,2025-08-05,income_statement,income_statement,NetIncomeLoss,NetIncomeLoss,14630000,c-25,,,,,,False,NetIncomeLoss,,net_income,2025-06-30
CGBD,2025-08-05,income_statement,income_statement,NetIncomeLoss,NetIncomeLoss,18746000,c-26,,,,,,False,NetIncomeLoss,,net_income,2025-06-30
CGBD,2025-08-05,income_statement,income_statement,NetIncomeLoss,NetIncomeLoss,28684000,c-1,,,,,,False,NetIncomeLoss,,net_income,2025-06-30
CGBD,2025-08-05,income_statement,income_statement,NetIncomeLoss,NetIncomeLoss,48010000,c-27,,,,,,False,NetIncomeLoss,,net_income,2025-06-30
CGBD,2025-08-05,income_statement,income_statement,PreferredStockDividendsIncomeStatementImpact,PreferredStockDividendsIncomeStatementImpact,0,c-25,,,,,,False,PreferredStockDividendsIncomeStatementImpact,,,2025-06-30
CGBD,2025-08-05,income_statement,income_statement,PreferredStockDividendsIncomeStatementImpact,PreferredStockDividendsIncomeStatementImpact,875000,c-26,,,,,,False,PreferredStockDividendsIncomeStatementImpact,,,2025-06-30
CGBD,2025-08-05,income_statement,income_statement,PreferredStockDividendsIncomeStatementImpact,PreferredStockDividendsIncomeStatementImpact,826000,c-1,,,,,,False,PreferredStockDividendsIncomeStatementImpact,,,2025-06-30
CGBD,2025-08-05,income_statement,income_statement,PreferredStockDividendsIncomeStatementImpact,PreferredStockDividendsIncomeStatementImpact,1750000,c-27,,,,,,False,PreferredStockDividendsIncomeStatementImpact,,,2025-06-30
CGBD,2025-08-05,income_statement,income_statement,IncreaseDecreaseInInterestAndDividendsReceivable,IncreaseDecreaseInInterestAndDividendsReceivable,-13887000,c-1,,,,,,False,IncreaseDecreaseInInterestAndDividendsReceivable,,,2025-06-30
CGBD,2025-08-05,income_statement,income_statement,IncreaseDecreaseInInterestAndDividendsReceivable,IncreaseDecreaseInInterestAndDividendsReceivable,-1354000,c-27,,,,,,False,IncreaseDecreaseInInterestAndDividendsReceivable,,,2025-06-30
CGBD,2025-08-05,income_statement,income_statement,IncomeTaxesPaid,IncomeTaxesPaid,2726000,c-1,,,,,,False,IncomeTaxesPaid,,,2025-06-30
CGBD,2025-08-05,income_statement,income_statement,IncomeTaxesPaid,IncomeTaxesPaid,2432000,c-27,,,,,,False,IncomeTaxesPaid,,,2025-06-30
CGBD,2025-08-05,income_statement,income_statement,InterestAndDividendIncomeSecurities,InterestAndDividendIncomeSecurities,10500000,c-271,,,,,,False,InterestAndDividendIncomeSecurities,,,2025-06-30
CGBD,2025-08-05,income_statement,income_statement,InterestAndDividendIncomeSecurities,InterestAndDividendIncomeSecurities,0,c-274,,,,,,False,InterestAndDividendIncomeSecurities,,,2025-06-30
CGBD,2025-08-05,income_statement,income_statement,InterestAndDividendIncomeSecurities,InterestAndDividendIncomeSecurities,1054000,c-277,,,,,,False,InterestAndDividendIncomeSecurities,,,2025-06-30
CGBD,2025-08-05,income_statement,income_statement,InterestAndDividendIncomeSecurities,InterestAndDividendIncomeSecurities,11554000,c-280,,,,,,False,InterestAndDividendIncomeSecurities,,,2025-06-30
CGBD,2025-08-05,income_statement,income_statement,InterestAndDividendIncomeSecurities,InterestAndDividendIncomeSecurities,1689000,c-283,,,,,,False,InterestAndDividendIncomeSecurities,,,2025-06-30
CGBD,2025-08-05,income_statement,income_statement,InterestAndDividendIncomeSecurities,InterestAndDividendIncomeSecurities,1047000,c-286,,,,,,False,InterestAndDividendIncomeSecurities,,,2025-06-30
CGBD,2025-08-05,income_statement,income_statement,InterestAndDividendIncomeSecurities,InterestAndDividendIncomeSecurities,0,c-289,,,,,,False,InterestAndDividendIncomeSecurities,,,2025-06-30
CGBD,2025-08-05,income_statement,income_statement,InterestAndDividendIncomeSecurities,InterestAndDividendIncomeSecurities,2736000,c-292,,,,,,False,InterestAndDividendIncomeSecurities,,,2025-06-30
CGBD,2025-08-05,income_statement,income_statement,InterestAndDividendIncomeSecurities,InterestAndDividendIncomeSecurities,22000000,c-761,,,,,,False,InterestAndDividendIncomeSecurities,,,2025-06-30
CGBD,2025-08-05,income_statement,income_statement,InterestAndDividendIncomeSecurities,InterestAndDividendIncomeSecurities,0,c-764,,,,,,False,InterestAndDividendIncomeSecurities,,,2025-06-30
CGBD,2025-08-05,income_statement,income_statement,InterestAndDividendIncomeSecurities,InterestAndDividendIncomeSecurities,12905000,c-767,,,,,,False,InterestAndDividendIncomeSecurities,,,2025-06-30
CGBD,2025-08-05,income_statement,income_statement,InterestAndDividendIncomeSecurities,InterestAndDividendIncomeSecurities,34905000,c-770,,,,,,False,InterestAndDividendIncomeSecurities,,,2025-06-30
CGBD,2025-08-05,income_statement,income_statement,InterestAndDividendIncomeSecurities,InterestAndDividendIncomeSecurities,3354000,c-772,,,,,,False,InterestAndDividendIncomeSecurities,,,2025-06-30
CGBD,2025-08-05,income_statement,income_statement,InterestAndDividendIncomeSecurities,InterestAndDividendIncomeSecurities,1982000,c-774,,,,,,False,InterestAndDividendIncomeSecurities,,,2025-06-30
CGBD,2025-08-05,income_statement,income_statement,InterestAndDividendIncomeSecurities,InterestAndDividendIncomeSecurities,0,c-776,,,,,,False,InterestAndDividendIncomeSecurities,,,2025-06-30
CGBD,2025-08-05,income_statement,income_statement,InterestAndDividendIncomeSecurities,InterestAndDividendIncomeSecurities,2352000,c-778,,,,,,False,InterestAndDividendIncomeSecurities,,,2025-06-30
CGBD,2025-08-05,income_statement,income_statement,InterestAndDividendIncomeSecurities,InterestAndDividendIncomeSecurities,364000,c-781,,,,,,False,InterestAndDividendIncomeSecurities,,,2025-06-30
CGBD,2025-08-05,income_statement,income_statement,InterestAndDividendIncomeSecurities,InterestAndDividendIncomeSecurities,0,c-784,,,,,,False,InterestAndDividendIncomeSecurities,,,2025-06-30
CGBD,2025-08-05,income_statement,income_statement,InterestAndDividendIncomeSecurities,InterestAndDividendIncomeSecurities,8052000,c-787,,,,,,False,InterestAndDividendIncomeSecurities,,,2025-06-30
CGBD,2025-08-05,income_statement,income_statement,RevenueRecognitionPolicyTextBlock,RevenueRecognitionPolicyTextBlock,"<div style=""margin-top:12pt""><span style=""color:#000000;font-family:'Times New Roman',serif;font-size:10pt;font-style:italic;font-weight:700;line-height:120%"">Revenue Recognition</span></div><div style=""margin-top:6pt""><span style=""color:#000000;font-family:'Times New Roman',serif;font-size:10pt;font-style:italic;font-weight:400;line-height:120%"">Interest from Investments</span></div><div style=""margin-top:6pt;text-indent:36pt""><span style=""color:#000000;font-family:'Times New Roman',serif;font-size:10pt;font-weight:400;line-height:120%"">Interest income is recorded on an accrual basis and includes the accretion of discounts and amortization of premiums. Discounts from and premiums to par value on debt investments purchased are accreted/amortized into interest income over the life of the respective security using the effective interest method. The amortized cost of debt investments represents the original cost, including origination fees and upfront fees received that are deemed to be an adjustment to yield, adjusted for the accretion of discounts and amortization of premiums, if any.</span></div><div style=""margin-top:12pt;text-indent:36pt""><span style=""color:#000000;font-family:'Times New Roman',serif;font-size:10pt;font-weight:400;line-height:120%"">The Company may have loans in its portfolio that contain payment-in-kind (“PIK”) provisions. PIK income represents interest that is accrued and recorded as interest income at the contractual rates, increases the loan principal on the respective capitalization dates, and is generally due at maturity. As of June 30, 2025 and December 31, 2024, the fair value of the loans in the portfolio with PIK provisions was $288,799 and $235,895, respectively, which represents approximately 12.4% and 13.1%, respectively, of total investments at fair value. For the three and six months ended June 30, 2025, the Company earned $5,189 and $10,568, in PIK income, respectively. For the three and six months ended June 30, 2024, the Company earned $5,761 and $11,268, in PIK income, respectively.</span></div><div style=""margin-top:12pt""><span style=""color:#000000;font-family:'Times New Roman',serif;font-size:10pt;font-style:italic;font-weight:400;line-height:120%"">Dividend Income</span></div><div style=""margin-top:6pt;text-indent:36pt""><span style=""color:#000000;font-family:'Times New Roman',serif;font-size:10pt;font-weight:400;line-height:120%"">Dividend income from the investment funds, Credit Fund and Credit Fund II, and other investments funds, if any, is recorded on the record date for the investment fund to the extent that such amounts are payable by the investment funds and are expected to be collected.</span></div><div style=""margin-top:12pt""><span style=""color:#000000;font-family:'Times New Roman',serif;font-size:10pt;font-style:italic;font-weight:400;line-height:120%"">Other Income</span></div><div style=""margin-top:6pt;text-indent:36pt""><span style=""color:#000000;font-family:'Times New Roman',serif;font-size:10pt;font-weight:400;line-height:120%"">Other income may include income such as consent, waiver, amendment, unused, underwriting, arranger and prepayment fees associated with the Company’s investment activities as well as any fees for managerial assistance services rendered by the Company to the portfolio companies. Such fees are recognized as income when earned or the services are rendered. The Company may receive fees for guaranteeing the outstanding debt of a portfolio company. Such fees are amortized into other income over the life of the guarantee. The unamortized amount, if any, is included in prepaid expenses and other assets in the accompanying Consolidated Statements of Assets and Liabilities. For the three and six months ended June 30, 2025, the Company earned $1,451 and $2,402, respectively, in other income, primarily from amendment fees, prepayment fees and undrawn commitment fees. For the three and six months ended June 30, 2024, the Company earned $773 and $2,555, respectively, in other income, primarily from amendment fees, prepayment fees and undrawn commitment fees.</span></div><div style=""margin-top:12pt""><span style=""color:#000000;font-family:'Times New Roman',serif;font-size:10pt;font-style:italic;font-weight:400;line-height:120%"">Non-Accrual Income</span></div>Loans are generally placed on non-accrual status when principal or interest payments are past due or when there is reasonable doubt that principal or interest will be collected in full. Accrued and unpaid interest is generally reversed when a loan is placed on non-accrual status. Interest payments received on non-accrual loans may be recognized as income or applied to principal depending upon management’s judgment regarding collectability. Non-accrual loans are restored to accrual status when past due principal and interest are current or there is no longer any reasonable doubt that such principal or interest will be collected in full and, in management’s judgment, are likely to remain current. Management may determine not to place a loan on non-accrual status if the loan has sufficient collateral value and is in the process of collection.",c-1,,,,,,False,RevenueRecognitionPolicyTextBlock,,,2025-06-30
CGBD,2025-08-05,income_statement,income_statement,InterestIncomeOperatingPaidInKind,InterestIncomeOperatingPaidInKind,5189000,c-25,,,,,,False,InterestIncomeOperatingPaidInKind,,,2025-06-30
CGBD,2025-08-05,income_statement,income_statement,InterestIncomeOperatingPaidInKind,InterestIncomeOperatingPaidInKind,10568000,c-1,,,,,,False,InterestIncomeOperatingPaidInKind,,,2025-06-30
CGBD,2025-08-05,income_statement,income_statement,InterestIncomeOperatingPaidInKind,InterestIncomeOperatingPaidInKind,5761000,c-26,,,,,,False,InterestIncomeOperatingPaidInKind,,,2025-06-30
CGBD,2025-08-05,income_statement,income_statement,InterestIncomeOperatingPaidInKind,InterestIncomeOperatingPaidInKind,11268000,c-27,,,,,,False,InterestIncomeOperatingPaidInKind,,,2025-06-30
CGBD,2025-08-05,income_statement,income_statement,OtherIncome,OtherIncome,1451000,c-25,,,,,,False,OtherIncome,,,2025-06-30
CGBD,2025-08-05,income_statement,income_statement,OtherIncome,OtherIncome,2402000,c-1,,,,,,False,OtherIncome,,,2025-06-30
CGBD,2025-08-05,income_statement,income_statement,OtherIncome,OtherIncome,773000,c-26,,,,,,False,OtherIncome,,,2025-06-30
CGBD,2025-08-05,income_statement,income_statement,OtherIncome,OtherIncome,2555000,c-27,,,,,,False,OtherIncome,,,2025-06-30
CGBD,2025-08-05,income_statement,income_statement,IncomeTaxPolicyTextBlock,IncomeTaxPolicyTextBlock,"<div style=""margin-top:12pt""><span style=""color:#000000;font-family:'Times New Roman',serif;font-size:10pt;font-style:italic;font-weight:700;line-height:120%"">Income Taxes</span></div><div style=""margin-top:6pt;text-indent:36pt""><span style=""color:#000000;font-family:'Times New Roman',serif;font-size:10pt;font-weight:400;line-height:120%"">For federal income tax purposes, the Company has elected to be treated as a RIC under the Code, and intends to make the required distributions to its stockholders as specified therein. In order to qualify as a RIC, the Company must meet certain minimum distribution, source-of-income and asset diversification requirements. If such requirements are met, then the Company is generally required to pay income taxes only on the portion of its taxable income and gains it does not distribute.</span></div><div style=""margin-top:12pt;text-indent:36pt""><span style=""color:#000000;font-family:'Times New Roman',serif;font-size:10pt;font-weight:400;line-height:120%"">The minimum distribution requirements applicable to RICs require the Company to distribute to its stockholders at least 90% of its investment company taxable income (“ICTI”), as defined by the Code, each year. Depending on the level of ICTI earned in a tax year, the Company may choose to carry forward ICTI in excess of current year distributions into the next tax year. Any such carryover ICTI must be distributed before the end of that next tax year through a dividend declared prior to filing the final tax return related to the year which generated such ICTI.</span></div><div style=""margin-top:12pt;text-indent:36pt""><span style=""color:#000000;font-family:'Times New Roman',serif;font-size:10pt;font-weight:400;line-height:120%"">In addition, based on the excise distribution requirements, the Company is subject to a 4% nondeductible federal excise tax on undistributed income unless the Company distributes in a timely manner an amount at least equal to the sum of (1) 98% of its ordinary income for each calendar year, (2) 98.2% of capital gain net income (both long-term and short-term) for the one-year period ending October 31 in that calendar year and (3) any income realized, but not distributed, in the preceding year. For this purpose, however, any ordinary income or capital gain net income retained by the Company that is subject to corporate income tax is considered to have been distributed. For the three and six months ended June 30, 2025, the Company incurred $380 and $1,056, respectively, in excise tax expense. For the three and six months ended June 30, 2024, the Company incurred $977 and $1,807, respectively, in excise tax expense.   </span></div>The Company evaluates tax positions taken or expected to be taken in the course of preparing its unaudited consolidated financial statements to determine whether the tax positions are “more likely than not” to be sustained by the applicable tax authority. The SPV, CSL III SPV, Credit Fund II and the 2015-1 Issuer are disregarded entities for tax purposes and are consolidated with the tax return of the Company. All penalties and interest associated with income taxes, if any, are included in income tax expense.",c-1,,,,,,False,IncomeTaxPolicyTextBlock,,,2025-06-30
CGBD,2025-08-05,income_statement,income_statement,ManagementAndIncentiveFeesExpense,ManagementAndIncentiveFeesExpense,14599000,c-25,,,,,,False,ManagementAndIncentiveFeesExpense,,,2025-06-30
CGBD,2025-08-05,income_statement,income_statement,ManagementAndIncentiveFeesExpense,ManagementAndIncentiveFeesExpense,12201000,c-26,,,,,,False,ManagementAndIncentiveFeesExpense,,,2025-06-30
CGBD,2025-08-05,income_statement,income_statement,ManagementAndIncentiveFeesExpense,ManagementAndIncentiveFeesExpense,26608000,c-1,,,,,,False,ManagementAndIncentiveFeesExpense,,,2025-06-30
CGBD,2025-08-05,income_statement,income_statement,ManagementAndIncentiveFeesExpense,ManagementAndIncentiveFeesExpense,24956000,c-27,,,,,,False,ManagementAndIncentiveFeesExpense,,,2025-06-30
CGBD,2025-08-05,income_statement,income_statement,IncentiveFeeExpense,IncentiveFeeExpense,0,c-1285,,,,,,False,IncentiveFeeExpense,,,2025-06-30
CGBD,2025-08-05,income_statement,income_statement,IncentiveFeeExpense,IncentiveFeeExpense,0,c-1286,,,,,,False,IncentiveFeeExpense,,,2025-06-30
CGBD,2025-08-05,income_statement,income_statement,IncentiveFeeExpense,IncentiveFeeExpense,0,c-1287,,,,,,False,IncentiveFeeExpense,,,2025-06-30
CGBD,2025-08-05,income_statement,income_statement,IncentiveFeeExpense,IncentiveFeeExpense,0,c-1288,,,,,,False,IncentiveFeeExpense,,,2025-06-30
CGBD,2025-08-05,income_statement,income_statement,OtherGeneralAndAdministrativeExpense,OtherGeneralAndAdministrativeExpense,201000,c-1292,,,,,,False,OtherGeneralAndAdministrativeExpense,,,2025-06-30
CGBD,2025-08-05,income_statement,income_statement,OtherGeneralAndAdministrativeExpense,OtherGeneralAndAdministrativeExpense,383000,c-1293,,,,,,False,OtherGeneralAndAdministrativeExpense,,,2025-06-30
CGBD,2025-08-05,income_statement,income_statement,OtherGeneralAndAdministrativeExpense,OtherGeneralAndAdministrativeExpense,183000,c-1294,,,,,,False,OtherGeneralAndAdministrativeExpense,,,2025-06-30
CGBD,2025-08-05,income_statement,income_statement,OtherGeneralAndAdministrativeExpense,OtherGeneralAndAdministrativeExpense,340000,c-1295,,,,,,False,OtherGeneralAndAdministrativeExpense,,,2025-06-30
CGBD,2025-08-05,income_statement,income_statement,PreferredStockDividendsIncomeStatementImpact,PreferredStockDividendsIncomeStatementImpact,826000,c-1309,,,,,,False,PreferredStockDividendsIncomeStatementImpact,,,2025-06-30
CGBD,2025-08-05,income_statement,income_statement,IncentiveFeeExpense,IncentiveFeeExpense,1413000,c-1313,,,,,,False,IncentiveFeeExpense,,,2025-06-30
CGBD,2025-08-05,income_statement,income_statement,InvestmentCompanyExcessExpenseReimbursable,InvestmentCompanyExcessExpenseReimbursable,1998000,c-1313,,,,,,False,InvestmentCompanyExcessExpenseReimbursable,,,2025-06-30
CGBD,2025-08-05,income_statement,income_statement,GrossInvestmentIncomeOperating,GrossInvestmentIncomeOperating,15416000,c-1335,,,,,,False,GrossInvestmentIncomeOperating,,,2025-06-30
CGBD,2025-08-05,income_statement,income_statement,GrossInvestmentIncomeOperating,GrossInvestmentIncomeOperating,18944000,c-1336,,,,,,False,GrossInvestmentIncomeOperating,,,2025-06-30
CGBD,2025-08-05,income_statement,income_statement,GrossInvestmentIncomeOperating,GrossInvestmentIncomeOperating,29646000,c-1337,,,,,,False,GrossInvestmentIncomeOperating,,,2025-06-30
CGBD,2025-08-05,income_statement,income_statement,GrossInvestmentIncomeOperating,GrossInvestmentIncomeOperating,40767000,c-1338,,,,,,False,GrossInvestmentIncomeOperating,,,2025-06-30
CGBD,2025-08-05,income_statement,income_statement,OtherExpenses,OtherExpenses,572000,c-1335,,,,,,False,OtherExpenses,,,2025-06-30
CGBD,2025-08-05,income_statement,income_statement,OtherExpenses,OtherExpenses,401000,c-1336,,,,,,False,OtherExpenses,,,2025-06-30
CGBD,2025-08-05,income_statement,income_statement,OtherExpenses,OtherExpenses,949000,c-1337,,,,,,False,OtherExpenses,,,2025-06-30
CGBD,2025-08-05,income_statement,income_statement,OtherExpenses,OtherExpenses,997000,c-1338,,,,,,False,OtherExpenses,,,2025-06-30
CGBD,2025-08-05,income_statement,income_statement,InvestmentIncomeInvestmentExpense,InvestmentIncomeInvestmentExpense,6953000,c-1335,,,,,,False,InvestmentIncomeInvestmentExpense,,,2025-06-30
CGBD,2025-08-05,income_statement,income_statement,InvestmentIncomeInvestmentExpense,InvestmentIncomeInvestmentExpense,8770000,c-1336,,,,,,False,InvestmentIncomeInvestmentExpense,,,2025-06-30
CGBD,2025-08-05,income_statement,income_statement,InvestmentIncomeInvestmentExpense,InvestmentIncomeInvestmentExpense,13492000,c-1337,,,,,,False,InvestmentIncomeInvestmentExpense,,,2025-06-30
CGBD,2025-08-05,income_statement,income_statement,InvestmentIncomeInvestmentExpense,InvestmentIncomeInvestmentExpense,19439000,c-1338,,,,,,False,InvestmentIncomeInvestmentExpense,,,2025-06-30
CGBD,2025-08-05,income_statement,income_statement,InvestmentIncomeOperatingAfterExpenseAndTax,InvestmentIncomeOperatingAfterExpenseAndTax,8463000,c-1335,,,,,,False,InvestmentIncomeOperatingAfterExpenseAndTax,,,2025-06-30
CGBD,2025-08-05,income_statement,income_statement,InvestmentIncomeOperatingAfterExpenseAndTax,InvestmentIncomeOperatingAfterExpenseAndTax,10174000,c-1336,,,,,,False,InvestmentIncomeOperatingAfterExpenseAndTax,,,2025-06-30
CGBD,2025-08-05,income_statement,income_statement,InvestmentIncomeOperatingAfterExpenseAndTax,InvestmentIncomeOperatingAfterExpenseAndTax,16154000,c-1337,,,,,,False,InvestmentIncomeOperatingAfterExpenseAndTax,,,2025-06-30
CGBD,2025-08-05,income_statement,income_statement,InvestmentIncomeOperatingAfterExpenseAndTax,InvestmentIncomeOperatingAfterExpenseAndTax,21328000,c-1338,,,,,,False,InvestmentIncomeOperatingAfterExpenseAndTax,,,2025-06-30
CGBD,2025-08-05,income_statement,income_statement,NetIncomeLoss,NetIncomeLoss,7595000,c-1335,,,,,,False,NetIncomeLoss,,net_income,2025-06-30
CGBD,2025-08-05,income_statement,income_statement,NetIncomeLoss,NetIncomeLoss,4818000,c-1336,,,,,,False,NetIncomeLoss,,net_income,2025-06-30
CGBD,2025-08-05,income_statement,income_statement,NetIncomeLoss,NetIncomeLoss,12330000,c-1337,,,,,,False,NetIncomeLoss,,net_income,2025-06-30
CGBD,2025-08-05,income_statement,income_statement,NetIncomeLoss,NetIncomeLoss,26758000,c-1338,,,,,,False,NetIncomeLoss,,net_income,2025-06-30
CGBD,2025-08-05,income_statement,income_statement,InvestmentIncomeOperatingAfterExpenseAndTax,InvestmentIncomeOperatingAfterExpenseAndTax,28250000,c-1635,,,,,,False,InvestmentIncomeOperatingAfterExpenseAndTax,,,2025-06-30
CGBD,2025-08-05,income_statement,income_statement,InvestmentIncomeOperatingAfterExpenseAndTax,InvestmentIncomeOperatingAfterExpenseAndTax,49879000,c-1654,,,,,,False,InvestmentIncomeOperatingAfterExpenseAndTax,,,2025-06-30
CGBD,2025-08-05,income_statement,income_statement,InvestmentIncomeOperatingAfterExpenseAndTax,InvestmentIncomeOperatingAfterExpenseAndTax,26873000,c-1665,,,,,,False,InvestmentIncomeOperatingAfterExpenseAndTax,,,2025-06-30
CGBD,2025-08-05,income_statement,income_statement,InvestmentIncomeOperatingAfterExpenseAndTax,InvestmentIncomeOperatingAfterExpenseAndTax,55322000,c-1682,,,,,,False,InvestmentIncomeOperatingAfterExpenseAndTax,,,2025-06-30
CGBD,2025-08-05,income_statement,income_statement,InvestmentCompanyInvestmentIncomeLossPerShare,InvestmentCompanyInvestmentIncomeLossPerShare,0.79,c-1,,,,,,False,InvestmentCompanyInvestmentIncomeLossPerShare,,,2025-06-30
CGBD,2025-08-05,income_statement,income_statement,InvestmentCompanyInvestmentIncomeLossPerShare,InvestmentCompanyInvestmentIncomeLossPerShare,1.05,c-27,,,,,,False,InvestmentCompanyInvestmentIncomeLossPerShare,,,2025-06-30
CGBD,2025-08-05,income_statement,income_statement,InvestmentCompanyInvestmentIncomeLossFromOperationsPerShare,InvestmentCompanyInvestmentIncomeLossFromOperationsPerShare,0.45,c-1,,,,,,False,InvestmentCompanyInvestmentIncomeLossFromOperationsPerShare,,,2025-06-30
CGBD,2025-08-05,income_statement,income_statement,InvestmentCompanyInvestmentIncomeLossFromOperationsPerShare,InvestmentCompanyInvestmentIncomeLossFromOperationsPerShare,0.91,c-27,,,,,,False,InvestmentCompanyInvestmentIncomeLossFromOperationsPerShare,,,2025-06-30
CGBD,2025-08-05,income_statement,income_statement,InvestmentCompanyExpenseRatioExcludingIncentiveFee,InvestmentCompanyExpenseRatioExcludingIncentiveFee,0.0569,c-1,,,,,,False,InvestmentCompanyExpenseRatioExcludingIncentiveFee,,,2025-06-30
CGBD,2025-08-05,income_statement,income_statement,InvestmentCompanyExpenseRatioExcludingIncentiveFee,InvestmentCompanyExpenseRatioExcludingIncentiveFee,0.0620,c-27,,,,,,False,InvestmentCompanyExpenseRatioExcludingIncentiveFee,,,2025-06-30
CGBD,2025-08-05,income_statement,income_statement,InvestmentCompanyExpenseRatioIncludingIncentiveFee,InvestmentCompanyExpenseRatioIncludingIncentiveFee,0.0664,c-1,,,,,,False,InvestmentCompanyExpenseRatioIncludingIncentiveFee,,,2025-06-30
CGBD,2025-08-05,income_statement,income_statement,InvestmentCompanyExpenseRatioIncludingIncentiveFee,InvestmentCompanyExpenseRatioIncludingIncentiveFee,0.0752,c-27,,,,,,False,InvestmentCompanyExpenseRatioIncludingIncentiveFee,,,2025-06-30
CGBD,2025-08-05,income_statement,income_statement,InvestmentCompanyInvestmentIncomeLossRatio,InvestmentCompanyInvestmentIncomeLossRatio,0.0458,c-1,,,,,,False,InvestmentCompanyInvestmentIncomeLossRatio,,,2025-06-30
CGBD,2025-08-05,income_statement,income_statement,InvestmentCompanyInvestmentIncomeLossRatio,InvestmentCompanyInvestmentIncomeLossRatio,0.0641,c-27,,,,,,False,InvestmentCompanyInvestmentIncomeLossRatio,,,2025-06-30
CGBD,2025-08-05,income_statement,income_statement,InvestmentCompanyInterestExpenseRatioIncludingLineOfCreditFacilityCommitmentFee,InvestmentCompanyInterestExpenseRatioIncludingLineOfCreditFacilityCommitmentFee,0.0371,c-1,,,,,,False,InvestmentCompanyInterestExpenseRatioIncludingLineOfCreditFacilityCommitmentFee,,,2025-06-30
CGBD,2025-08-05,income_statement,income_statement,InvestmentCompanyInterestExpenseRatioIncludingLineOfCreditFacilityCommitmentFee,InvestmentCompanyInterestExpenseRatioIncludingLineOfCreditFacilityCommitmentFee,0.0399,c-27,,,,,,False,InvestmentCompanyInterestExpenseRatioIncludingLineOfCreditFacilityCommitmentFee,,,2025-06-30
CGBD,2025-08-05,income_statement,income_statement,IncomeTaxDisclosureTextBlock,IncomeTaxDisclosureTextBlock,"<div style=""margin-top:18pt""><span style=""color:#000000;font-family:'Times New Roman',serif;font-size:10pt;font-weight:700;line-height:120%"">14. TAX</span></div><div style=""margin-top:6pt;text-indent:36pt""><span style=""color:#000000;font-family:'Times New Roman',serif;font-size:10pt;font-weight:400;line-height:120%"">The Company has not recorded a liability for any uncertain tax positions pursuant to the provisions of ASC 740, </span><span style=""color:#000000;font-family:'Times New Roman',serif;font-size:10pt;font-style:italic;font-weight:400;line-height:120%"">Income Taxes</span><span style=""color:#000000;font-family:'Times New Roman',serif;font-size:10pt;font-weight:400;line-height:120%"">, as of June 30, 2025 and December 31, 2024.</span></div><div style=""margin-top:12pt;text-indent:36pt""><span style=""color:#000000;font-family:'Times New Roman',serif;font-size:10pt;font-weight:400;line-height:120%"">In the normal course of business, the Company is subject to examination by federal and certain state, local and foreign tax regulators. The Company’s federal tax returns are generally subject to examination by the Internal Revenue Service for a period of three years after they are filed.</span></div><div style=""margin-top:12pt;text-indent:36pt""><span style=""color:#000000;font-family:'Times New Roman',serif;font-size:10pt;font-weight:400;line-height:120%"">The Company’s taxable income for each period is an estimate and will not be finally determined until the Company files its tax return for each year. Therefore, the final taxable income, and the taxable income earned in each period and carried forward for distribution in the following period, may be different than this estimate. The estimated tax character of the dividends declared on preferred and common stock for the six months ended June 30, 2025 and 2024 was as follows:</span></div><div style=""margin-top:6pt;text-align:center""><table style=""border-collapse:collapse;display:inline-table;margin-bottom:5pt;vertical-align:text-bottom;width:82.163%""><tr><td style=""width:1.0%""></td><td style=""width:56.373%""></td><td style=""width:0.1%""></td><td style=""width:1.0%""></td><td style=""width:19.718%""></td><td style=""width:0.1%""></td><td style=""width:0.1%""></td><td style=""width:0.689%""></td><td style=""width:0.1%""></td><td style=""width:1.0%""></td><td style=""width:19.720%""></td><td style=""width:0.1%""></td></tr><tr><td colspan=""3"" style=""padding:2px 1pt;text-align:left;vertical-align:bottom""><span style=""color:#000000;font-family:'Times New Roman',serif;font-size:9pt;font-weight:400;line-height:100%""> </span></td><td colspan=""9"" style=""padding:2px 1pt;text-align:center;vertical-align:bottom""><span style=""color:#000000;font-family:'Times New Roman',serif;font-size:9pt;font-weight:700;line-height:100%"">Six Months Ended June 30,</span></td></tr><tr><td colspan=""3"" style=""padding:2px 1pt;text-align:left;vertical-align:bottom""><span style=""color:#000000;font-family:'Times New Roman',serif;font-size:9pt;font-weight:400;line-height:100%""> </span></td><td colspan=""3"" style=""border-top:1pt solid #000000;padding:2px 1pt;text-align:center;vertical-align:bottom""><span style=""color:#000000;font-family:'Times New Roman',serif;font-size:9pt;font-weight:700;line-height:100%"">2025</span></td><td colspan=""3"" style=""border-top:1pt solid #000000;padding:0 1pt""></td><td colspan=""3"" style=""border-top:1pt solid #000000;padding:2px 1pt;text-align:center;vertical-align:bottom""><span style=""color:#000000;font-family:'Times New Roman',serif;font-size:9pt;font-weight:700;line-height:100%"">2024</span></td></tr><tr><td colspan=""3"" style=""background-color:#cceeff;padding:2px 1pt;text-align:left;vertical-align:top""><span style=""color:#000000;font-family:'Times New Roman',serif;font-size:9pt;font-weight:400;line-height:100%"">Ordinary income</span></td><td style=""background-color:#cceeff;border-top:1pt solid #000000;padding:2px 0 2px 1pt;text-align:left;vertical-align:bottom""><span style=""color:#000000;font-family:'Times New Roman',serif;font-size:9pt;font-weight:400;line-height:100%"">$</span></td><td style=""background-color:#cceeff;border-top:1pt solid #000000;padding:2px 0;text-align:right;vertical-align:bottom""><span style=""color:#000000;font-family:'Times New Roman',serif;font-size:9pt;font-weight:400;line-height:100%"">52,918 </span></td><td style=""background-color:#cceeff;border-top:1pt solid #000000;padding:2px 1pt 2px 0;text-align:right;vertical-align:bottom""></td><td colspan=""3"" style=""background-color:#cceeff;padding:0 1pt""></td><td style=""background-color:#cceeff;border-top:1pt solid #000000;padding:2px 0 2px 1pt;text-align:left;vertical-align:bottom""><span style=""color:#000000;font-family:'Times New Roman',serif;font-size:9pt;font-weight:400;line-height:100%"">$</span></td><td style=""background-color:#cceeff;border-top:1pt solid #000000;padding:2px 0;text-align:right;vertical-align:bottom""><span style=""color:#000000;font-family:'Times New Roman',serif;font-size:9pt;font-weight:400;line-height:100%"">50,005 </span></td><td style=""background-color:#cceeff;border-top:1pt solid #000000;padding:2px 1pt 2px 0;text-align:right;vertical-align:bottom""></td></tr><tr><td colspan=""3"" style=""padding:2px 1pt;text-align:left;vertical-align:top""><span style=""color:#000000;font-family:'Times New Roman',serif;font-size:9pt;font-weight:400;line-height:100%"">Tax return of capital</span></td><td style=""padding:2px 0 2px 1pt;text-align:left;vertical-align:bottom""><span style=""color:#000000;font-family:'Times New Roman',serif;font-size:9pt;font-weight:400;line-height:100%"">$</span></td><td style=""padding:2px 0;text-align:right;vertical-align:bottom""><span style=""color:#000000;font-family:'Times New Roman',serif;font-size:9pt;font-weight:400;line-height:100%"">— </span></td><td style=""padding:2px 1pt 2px 0;text-align:right;vertical-align:bottom""></td><td colspan=""3"" style=""padding:0 1pt""></td><td style=""padding:2px 0 2px 1pt;text-align:left;vertical-align:bottom""><span style=""color:#000000;font-family:'Times New Roman',serif;font-size:9pt;font-weight:400;line-height:100%"">$</span></td><td style=""padding:2px 0;text-align:right;vertical-align:bottom""><span style=""color:#000000;font-family:'Times New Roman',serif;font-size:9pt;font-weight:400;line-height:100%"">— </span></td><td style=""padding:2px 1pt 2px 0;text-align:right;vertical-align:bottom""></td></tr></table></div>",c-1,,,,,,False,IncomeTaxDisclosureTextBlock,,,2025-06-30
CGBD,2025-08-05,income_statement,income_statement,InvestmentCompanyDistributionOrdinaryIncome,InvestmentCompanyDistributionOrdinaryIncome,52918000,c-1,,,,,,False,InvestmentCompanyDistributionOrdinaryIncome,,,2025-06-30
CGBD,2025-08-05,income_statement,income_statement,InvestmentCompanyDistributionOrdinaryIncome,InvestmentCompanyDistributionOrdinaryIncome,50005000,c-27,,,,,,False,InvestmentCompanyDistributionOrdinaryIncome,,,2025-06-30
CGBD,2025-11-04,income_statement,income_statement,InterestIncomeOperatingPaidInCash,InterestIncomeOperatingPaidInCash,51912000,c-13,,,,,,False,InterestIncomeOperatingPaidInCash,,,2025-09-30
CGBD,2025-11-04,income_statement,income_statement,InterestIncomeOperatingPaidInCash,InterestIncomeOperatingPaidInCash,40116000,c-14,,,,,,False,InterestIncomeOperatingPaidInCash,,,2025-09-30
CGBD,2025-11-04,income_statement,income_statement,InterestIncomeOperatingPaidInCash,InterestIncomeOperatingPaidInCash,147309000,c-15,,,,,,False,InterestIncomeOperatingPaidInCash,,,2025-09-30
CGBD,2025-11-04,income_statement,income_statement,InterestIncomeOperatingPaidInCash,InterestIncomeOperatingPaidInCash,125064000,c-16,,,,,,False,InterestIncomeOperatingPaidInCash,,,2025-09-30
CGBD,2025-11-04,income_statement,income_statement,InterestIncomeOperatingPaidInKind,InterestIncomeOperatingPaidInKind,5864000,c-13,,,,,,False,InterestIncomeOperatingPaidInKind,,,2025-09-30
CGBD,2025-11-04,income_statement,income_statement,InterestIncomeOperatingPaidInKind,InterestIncomeOperatingPaidInKind,5033000,c-14,,,,,,False,InterestIncomeOperatingPaidInKind,,,2025-09-30
CGBD,2025-11-04,income_statement,income_statement,InterestIncomeOperatingPaidInKind,InterestIncomeOperatingPaidInKind,15920000,c-15,,,,,,False,InterestIncomeOperatingPaidInKind,,,2025-09-30
CGBD,2025-11-04,income_statement,income_statement,InterestIncomeOperatingPaidInKind,InterestIncomeOperatingPaidInKind,15609000,c-16,,,,,,False,InterestIncomeOperatingPaidInKind,,,2025-09-30
CGBD,2025-11-04,income_statement,income_statement,OtherIncome,OtherIncome,1713000,c-13,,,,,,False,OtherIncome,,,2025-09-30
CGBD,2025-11-04,income_statement,income_statement,OtherIncome,OtherIncome,1037000,c-14,,,,,,False,OtherIncome,,,2025-09-30
CGBD,2025-11-04,income_statement,income_statement,OtherIncome,OtherIncome,4111000,c-15,,,,,,False,OtherIncome,,,2025-09-30
CGBD,2025-11-04,income_statement,income_statement,OtherIncome,OtherIncome,3588000,c-16,,,,,,False,OtherIncome,,,2025-09-30
CGBD,2025-11-04,income_statement,income_statement,GrossInvestmentIncomeOperating,GrossInvestmentIncomeOperating,59489000,c-13,,,,,,False,GrossInvestmentIncomeOperating,,,2025-09-30
CGBD,2025-11-04,income_statement,income_statement,GrossInvestmentIncomeOperating,GrossInvestmentIncomeOperating,46186000,c-14,,,,,,False,GrossInvestmentIncomeOperating,,,2025-09-30
CGBD,2025-11-04,income_statement,income_statement,GrossInvestmentIncomeOperating,GrossInvestmentIncomeOperating,167340000,c-15,,,,,,False,GrossInvestmentIncomeOperating,,,2025-09-30
CGBD,2025-11-04,income_statement,income_statement,GrossInvestmentIncomeOperating,GrossInvestmentIncomeOperating,144261000,c-16,,,,,,False,GrossInvestmentIncomeOperating,,,2025-09-30
CGBD,2025-11-04,income_statement,income_statement,InterestIncomeOperatingPaidInCash,InterestIncomeOperatingPaidInCash,1418000,c-17,,,,,,False,InterestIncomeOperatingPaidInCash,,,2025-09-30
CGBD,2025-11-04,income_statement,income_statement,InterestIncomeOperatingPaidInCash,InterestIncomeOperatingPaidInCash,1501000,c-18,,,,,,False,InterestIncomeOperatingPaidInCash,,,2025-09-30
CGBD,2025-11-04,income_statement,income_statement,InterestIncomeOperatingPaidInCash,InterestIncomeOperatingPaidInCash,3642000,c-19,,,,,,False,InterestIncomeOperatingPaidInCash,,,2025-09-30
CGBD,2025-11-04,income_statement,income_statement,InterestIncomeOperatingPaidInCash,InterestIncomeOperatingPaidInCash,5944000,c-20,,,,,,False,InterestIncomeOperatingPaidInCash,,,2025-09-30
CGBD,2025-11-04,income_statement,income_statement,InterestIncomeOperatingPaidInKind,InterestIncomeOperatingPaidInKind,600000,c-17,,,,,,False,InterestIncomeOperatingPaidInKind,,,2025-09-30
CGBD,2025-11-04,income_statement,income_statement,InterestIncomeOperatingPaidInKind,InterestIncomeOperatingPaidInKind,0,c-18,,,,,,False,InterestIncomeOperatingPaidInKind,,,2025-09-30
CGBD,2025-11-04,income_statement,income_statement,InterestIncomeOperatingPaidInKind,InterestIncomeOperatingPaidInKind,1112000,c-19,,,,,,False,InterestIncomeOperatingPaidInKind,,,2025-09-30
CGBD,2025-11-04,income_statement,income_statement,InterestIncomeOperatingPaidInKind,InterestIncomeOperatingPaidInKind,692000,c-20,,,,,,False,InterestIncomeOperatingPaidInKind,,,2025-09-30
CGBD,2025-11-04,income_statement,income_statement,OtherIncome,OtherIncome,2000,c-17,,,,,,False,OtherIncome,,,2025-09-30
CGBD,2025-11-04,income_statement,income_statement,OtherIncome,OtherIncome,2000,c-18,,,,,,False,OtherIncome,,,2025-09-30
CGBD,2025-11-04,income_statement,income_statement,OtherIncome,OtherIncome,6000,c-19,,,,,,False,OtherIncome,,,2025-09-30
CGBD,2025-11-04,income_statement,income_statement,OtherIncome,OtherIncome,6000,c-20,,,,,,False,OtherIncome,,,2025-09-30
CGBD,2025-11-04,income_statement,income_statement,GrossInvestmentIncomeOperating,GrossInvestmentIncomeOperating,2020000,c-17,,,,,,False,GrossInvestmentIncomeOperating,,,2025-09-30
CGBD,2025-11-04,income_statement,income_statement,GrossInvestmentIncomeOperating,GrossInvestmentIncomeOperating,1503000,c-18,,,,,,False,GrossInvestmentIncomeOperating,,,2025-09-30
CGBD,2025-11-04,income_statement,income_statement,GrossInvestmentIncomeOperating,GrossInvestmentIncomeOperating,4760000,c-19,,,,,,False,GrossInvestmentIncomeOperating,,,2025-09-30
CGBD,2025-11-04,income_statement,income_statement,GrossInvestmentIncomeOperating,GrossInvestmentIncomeOperating,6642000,c-20,,,,,,False,GrossInvestmentIncomeOperating,,,2025-09-30
CGBD,2025-11-04,income_statement,income_statement,DividendIncomeOperating,DividendIncomeOperating,5000000,c-21,,,,,,False,DividendIncomeOperating,,,2025-09-30
CGBD,2025-11-04,income_statement,income_statement,DividendIncomeOperating,DividendIncomeOperating,8276000,c-22,,,,,,False,DividendIncomeOperating,,,2025-09-30
CGBD,2025-11-04,income_statement,income_statement,DividendIncomeOperating,DividendIncomeOperating,16554000,c-23,,,,,,False,DividendIncomeOperating,,,2025-09-30
CGBD,2025-11-04,income_statement,income_statement,DividendIncomeOperating,DividendIncomeOperating,25333000,c-24,,,,,,False,DividendIncomeOperating,,,2025-09-30
CGBD,2025-11-04,income_statement,income_statement,GrossInvestmentIncomeOperating,GrossInvestmentIncomeOperating,5000000,c-21,,,,,,False,GrossInvestmentIncomeOperating,,,2025-09-30
CGBD,2025-11-04,income_statement,income_statement,GrossInvestmentIncomeOperating,GrossInvestmentIncomeOperating,8276000,c-22,,,,,,False,GrossInvestmentIncomeOperating,,,2025-09-30
CGBD,2025-11-04,income_statement,income_statement,GrossInvestmentIncomeOperating,GrossInvestmentIncomeOperating,16554000,c-23,,,,,,False,GrossInvestmentIncomeOperating,,,2025-09-30
CGBD,2025-11-04,income_statement,income_statement,GrossInvestmentIncomeOperating,GrossInvestmentIncomeOperating,25333000,c-24,,,,,,False,GrossInvestmentIncomeOperating,,,2025-09-30
CGBD,2025-11-04,income_statement,income_statement,GrossInvestmentIncomeOperating,GrossInvestmentIncomeOperating,66509000,c-25,,,,,,False,GrossInvestmentIncomeOperating,,,2025-09-30
CGBD,2025-11-04,income_statement,income_statement,GrossInvestmentIncomeOperating,GrossInvestmentIncomeOperating,55965000,c-26,,,,,,False,GrossInvestmentIncomeOperating,,,2025-09-30
CGBD,2025-11-04,income_statement,income_statement,GrossInvestmentIncomeOperating,GrossInvestmentIncomeOperating,188654000,c-1,,,,,,False,GrossInvestmentIncomeOperating,,,2025-09-30
CGBD,2025-11-04,income_statement,income_statement,GrossInvestmentIncomeOperating,GrossInvestmentIncomeOperating,176236000,c-27,,,,,,False,GrossInvestmentIncomeOperating,,,2025-09-30
CGBD,2025-11-04,income_statement,income_statement,ManagementFeeExpense,ManagementFeeExpense,9139000,c-25,,,,,,False,ManagementFeeExpense,,,2025-09-30
CGBD,2025-11-04,income_statement,income_statement,ManagementFeeExpense,ManagementFeeExpense,6590000,c-26,,,,,,False,ManagementFeeExpense,,,2025-09-30
CGBD,2025-11-04,income_statement,income_statement,ManagementFeeExpense,ManagementFeeExpense,25413000,c-1,,,,,,False,ManagementFeeExpense,,,2025-09-30
CGBD,2025-11-04,income_statement,income_statement,ManagementFeeExpense,ManagementFeeExpense,20155000,c-27,,,,,,False,ManagementFeeExpense,,,2025-09-30
CGBD,2025-11-04,income_statement,income_statement,IncentiveFeeExpense,IncentiveFeeExpense,5612000,c-25,,,,,,False,IncentiveFeeExpense,,,2025-09-30
CGBD,2025-11-04,income_statement,income_statement,IncentiveFeeExpense,IncentiveFeeExpense,5101000,c-26,,,,,,False,IncentiveFeeExpense,,,2025-09-30
CGBD,2025-11-04,income_statement,income_statement,IncentiveFeeExpense,IncentiveFeeExpense,15946000,c-1,,,,,,False,IncentiveFeeExpense,,,2025-09-30
CGBD,2025-11-04,income_statement,income_statement,IncentiveFeeExpense,IncentiveFeeExpense,16492000,c-27,,,,,,False,IncentiveFeeExpense,,,2025-09-30
CGBD,2025-11-04,income_statement,income_statement,AdministrativeFeesExpense,AdministrativeFeesExpense,512000,c-25,,,,,,False,AdministrativeFeesExpense,,,2025-09-30
CGBD,2025-11-04,income_statement,income_statement,AdministrativeFeesExpense,AdministrativeFeesExpense,337000,c-26,,,,,,False,AdministrativeFeesExpense,,,2025-09-30
CGBD,2025-11-04,income_statement,income_statement,AdministrativeFeesExpense,AdministrativeFeesExpense,1416000,c-1,,,,,,False,AdministrativeFeesExpense,,,2025-09-30
CGBD,2025-11-04,income_statement,income_statement,AdministrativeFeesExpense,AdministrativeFeesExpense,1150000,c-27,,,,,,False,AdministrativeFeesExpense,,,2025-09-30
CGBD,2025-11-04,income_statement,income_statement,InterestExpenseAndLineOfCreditFacilityCommitmentFeeAmount,InterestExpenseAndLineOfCreditFacilityCommitmentFeeAmount,22306000,c-25,,,,,,False,InterestExpenseAndLineOfCreditFacilityCommitmentFeeAmount,,,2025-09-30
CGBD,2025-11-04,income_statement,income_statement,InterestExpenseAndLineOfCreditFacilityCommitmentFeeAmount,InterestExpenseAndLineOfCreditFacilityCommitmentFeeAmount,16882000,c-26,,,,,,False,InterestExpenseAndLineOfCreditFacilityCommitmentFeeAmount,,,2025-09-30
CGBD,2025-11-04,income_statement,income_statement,InterestExpenseAndLineOfCreditFacilityCommitmentFeeAmount,InterestExpenseAndLineOfCreditFacilityCommitmentFeeAmount,62636000,c-1,,,,,,False,InterestExpenseAndLineOfCreditFacilityCommitmentFeeAmount,,,2025-09-30
CGBD,2025-11-04,income_statement,income_statement,InterestExpenseAndLineOfCreditFacilityCommitmentFeeAmount,InterestExpenseAndLineOfCreditFacilityCommitmentFeeAmount,51361000,c-27,,,,,,False,InterestExpenseAndLineOfCreditFacilityCommitmentFeeAmount,,,2025-09-30
CGBD,2025-11-04,income_statement,income_statement,NoninterestExpenseDirectorsFees,NoninterestExpenseDirectorsFees,191000,c-25,,,,,,False,NoninterestExpenseDirectorsFees,,,2025-09-30
CGBD,2025-11-04,income_statement,income_statement,NoninterestExpenseDirectorsFees,NoninterestExpenseDirectorsFees,147000,c-26,,,,,,False,NoninterestExpenseDirectorsFees,,,2025-09-30
CGBD,2025-11-04,income_statement,income_statement,NoninterestExpenseDirectorsFees,NoninterestExpenseDirectorsFees,527000,c-1,,,,,,False,NoninterestExpenseDirectorsFees,,,2025-09-30
CGBD,2025-11-04,income_statement,income_statement,NoninterestExpenseDirectorsFees,NoninterestExpenseDirectorsFees,457000,c-27,,,,,,False,NoninterestExpenseDirectorsFees,,,2025-09-30
CGBD,2025-11-04,income_statement,income_statement,OtherGeneralAndAdministrativeExpense,OtherGeneralAndAdministrativeExpense,632000,c-25,,,,,,False,OtherGeneralAndAdministrativeExpense,,,2025-09-30
CGBD,2025-11-04,income_statement,income_statement,OtherGeneralAndAdministrativeExpense,OtherGeneralAndAdministrativeExpense,547000,c-26,,,,,,False,OtherGeneralAndAdministrativeExpense,,,2025-09-30
CGBD,2025-11-04,income_statement,income_statement,OtherGeneralAndAdministrativeExpense,OtherGeneralAndAdministrativeExpense,1934000,c-1,,,,,,False,OtherGeneralAndAdministrativeExpense,,,2025-09-30
CGBD,2025-11-04,income_statement,income_statement,OtherGeneralAndAdministrativeExpense,OtherGeneralAndAdministrativeExpense,1658000,c-27,,,,,,False,OtherGeneralAndAdministrativeExpense,,,2025-09-30
CGBD,2025-11-04,income_statement,income_statement,InvestmentIncomeInvestmentExpense,InvestmentIncomeInvestmentExpense,39170000,c-25,,,,,,False,InvestmentIncomeInvestmentExpense,,,2025-09-30
CGBD,2025-11-04,income_statement,income_statement,InvestmentIncomeInvestmentExpense,InvestmentIncomeInvestmentExpense,30331000,c-26,,,,,,False,InvestmentIncomeInvestmentExpense,,,2025-09-30
CGBD,2025-11-04,income_statement,income_statement,InvestmentIncomeInvestmentExpense,InvestmentIncomeInvestmentExpense,110380000,c-1,,,,,,False,InvestmentIncomeInvestmentExpense,,,2025-09-30
CGBD,2025-11-04,income_statement,income_statement,InvestmentIncomeInvestmentExpense,InvestmentIncomeInvestmentExpense,93473000,c-27,,,,,,False,InvestmentIncomeInvestmentExpense,,,2025-09-30
CGBD,2025-11-04,income_statement,income_statement,NetInvestmentIncome,NetInvestmentIncome,27339000,c-25,,,,,,False,NetInvestmentIncome,,,2025-09-30
CGBD,2025-11-04,income_statement,income_statement,NetInvestmentIncome,NetInvestmentIncome,25634000,c-26,,,,,,False,NetInvestmentIncome,,,2025-09-30
CGBD,2025-11-04,income_statement,income_statement,NetInvestmentIncome,NetInvestmentIncome,78274000,c-1,,,,,,False,NetInvestmentIncome,,,2025-09-30
CGBD,2025-11-04,income_statement,income_statement,NetInvestmentIncome,NetInvestmentIncome,82763000,c-27,,,,,,False,NetInvestmentIncome,,,2025-09-30
CGBD,2025-11-04,income_statement,income_statement,InvestmentIncomeOperatingTaxExpenseBenefit,InvestmentIncomeOperatingTaxExpenseBenefit,500000,c-25,,,,,,False,InvestmentIncomeOperatingTaxExpenseBenefit,,,2025-09-30
CGBD,2025-11-04,income_statement,income_statement,InvestmentIncomeOperatingTaxExpenseBenefit,InvestmentIncomeOperatingTaxExpenseBenefit,750000,c-26,,,,,,False,InvestmentIncomeOperatingTaxExpenseBenefit,,,2025-09-30
CGBD,2025-11-04,income_statement,income_statement,InvestmentIncomeOperatingTaxExpenseBenefit,InvestmentIncomeOperatingTaxExpenseBenefit,1556000,c-1,,,,,,False,InvestmentIncomeOperatingTaxExpenseBenefit,,,2025-09-30
CGBD,2025-11-04,income_statement,income_statement,InvestmentIncomeOperatingTaxExpenseBenefit,InvestmentIncomeOperatingTaxExpenseBenefit,2557000,c-27,,,,,,False,InvestmentIncomeOperatingTaxExpenseBenefit,,,2025-09-30
CGBD,2025-11-04,income_statement,income_statement,InvestmentIncomeOperatingAfterExpenseAndTax,InvestmentIncomeOperatingAfterExpenseAndTax,26839000,c-25,,,,,,False,InvestmentIncomeOperatingAfterExpenseAndTax,,,2025-09-30
CGBD,2025-11-04,income_statement,income_statement,InvestmentIncomeOperatingAfterExpenseAndTax,InvestmentIncomeOperatingAfterExpenseAndTax,24884000,c-26,,,,,,False,InvestmentIncomeOperatingAfterExpenseAndTax,,,2025-09-30
CGBD,2025-11-04,income_statement,income_statement,InvestmentIncomeOperatingAfterExpenseAndTax,InvestmentIncomeOperatingAfterExpenseAndTax,76718000,c-1,,,,,,False,InvestmentIncomeOperatingAfterExpenseAndTax,,,2025-09-30
CGBD,2025-11-04,income_statement,income_statement,InvestmentIncomeOperatingAfterExpenseAndTax,InvestmentIncomeOperatingAfterExpenseAndTax,80206000,c-27,,,,,,False,InvestmentIncomeOperatingAfterExpenseAndTax,,,2025-09-30
CGBD,2025-11-04,income_statement,income_statement,NetIncomeLoss,NetIncomeLoss,23903000,c-25,,,,,,False,NetIncomeLoss,,net_income,2025-09-30
CGBD,2025-11-04,income_statement,income_statement,NetIncomeLoss,NetIncomeLoss,19611000,c-26,,,,,,False,NetIncomeLoss,,net_income,2025-09-30
CGBD,2025-11-04,income_statement,income_statement,NetIncomeLoss,NetIncomeLoss,52587000,c-1,,,,,,False,NetIncomeLoss,,net_income,2025-09-30
CGBD,2025-11-04,income_statement,income_statement,NetIncomeLoss,NetIncomeLoss,67621000,c-27,,,,,,False,NetIncomeLoss,,net_income,2025-09-30
CGBD,2025-11-04,income_statement,income_statement,PreferredStockDividendsIncomeStatementImpact,PreferredStockDividendsIncomeStatementImpact,0,c-25,,,,,,False,PreferredStockDividendsIncomeStatementImpact,,,2025-09-30
CGBD,2025-11-04,income_statement,income_statement,PreferredStockDividendsIncomeStatementImpact,PreferredStockDividendsIncomeStatementImpact,875000,c-26,,,,,,False,PreferredStockDividendsIncomeStatementImpact,,,2025-09-30
CGBD,2025-11-04,income_statement,income_statement,PreferredStockDividendsIncomeStatementImpact,PreferredStockDividendsIncomeStatementImpact,826000,c-1,,,,,,False,PreferredStockDividendsIncomeStatementImpact,,,2025-09-30
CGBD,2025-11-04,income_statement,income_statement,PreferredStockDividendsIncomeStatementImpact,PreferredStockDividendsIncomeStatementImpact,2625000,c-27,,,,,,False,PreferredStockDividendsIncomeStatementImpact,,,2025-09-30
CGBD,2025-11-04,income_statement,income_statement,IncreaseDecreaseInInterestAndDividendsReceivable,IncreaseDecreaseInInterestAndDividendsReceivable,-18571000,c-1,,,,,,False,IncreaseDecreaseInInterestAndDividendsReceivable,,,2025-09-30
CGBD,2025-11-04,income_statement,income_statement,IncreaseDecreaseInInterestAndDividendsReceivable,IncreaseDecreaseInInterestAndDividendsReceivable,-3199000,c-27,,,,,,False,IncreaseDecreaseInInterestAndDividendsReceivable,,,2025-09-30
CGBD,2025-11-04,income_statement,income_statement,IncomeTaxesPaid,IncomeTaxesPaid,2726000,c-1,,,,,,False,IncomeTaxesPaid,,,2025-09-30
CGBD,2025-11-04,income_statement,income_statement,IncomeTaxesPaid,IncomeTaxesPaid,2432000,c-27,,,,,,False,IncomeTaxesPaid,,,2025-09-30
CGBD,2025-11-04,income_statement,income_statement,InterestAndDividendIncomeSecurities,InterestAndDividendIncomeSecurities,15500000,c-289,,,,,,False,InterestAndDividendIncomeSecurities,,,2025-09-30
CGBD,2025-11-04,income_statement,income_statement,InterestAndDividendIncomeSecurities,InterestAndDividendIncomeSecurities,0,c-292,,,,,,False,InterestAndDividendIncomeSecurities,,,2025-09-30
CGBD,2025-11-04,income_statement,income_statement,InterestAndDividendIncomeSecurities,InterestAndDividendIncomeSecurities,1054000,c-295,,,,,,False,InterestAndDividendIncomeSecurities,,,2025-09-30
CGBD,2025-11-04,income_statement,income_statement,InterestAndDividendIncomeSecurities,InterestAndDividendIncomeSecurities,16554000,c-23,,,,,,False,InterestAndDividendIncomeSecurities,,,2025-09-30
CGBD,2025-11-04,income_statement,income_statement,InterestAndDividendIncomeSecurities,InterestAndDividendIncomeSecurities,531000,c-298,,,,,,False,InterestAndDividendIncomeSecurities,,,2025-09-30
CGBD,2025-11-04,income_statement,income_statement,InterestAndDividendIncomeSecurities,InterestAndDividendIncomeSecurities,89000,c-300,,,,,,False,InterestAndDividendIncomeSecurities,,,2025-09-30
CGBD,2025-11-04,income_statement,income_statement,InterestAndDividendIncomeSecurities,InterestAndDividendIncomeSecurities,0,c-302,,,,,,False,InterestAndDividendIncomeSecurities,,,2025-09-30
CGBD,2025-11-04,income_statement,income_statement,InterestAndDividendIncomeSecurities,InterestAndDividendIncomeSecurities,2546000,c-304,,,,,,False,InterestAndDividendIncomeSecurities,,,2025-09-30
CGBD,2025-11-04,income_statement,income_statement,InterestAndDividendIncomeSecurities,InterestAndDividendIncomeSecurities,1588000,c-306,,,,,,False,InterestAndDividendIncomeSecurities,,,2025-09-30
CGBD,2025-11-04,income_statement,income_statement,InterestAndDividendIncomeSecurities,InterestAndDividendIncomeSecurities,0,c-308,,,,,,False,InterestAndDividendIncomeSecurities,,,2025-09-30
CGBD,2025-11-04,income_statement,income_statement,InterestAndDividendIncomeSecurities,InterestAndDividendIncomeSecurities,4754000,c-19,,,,,,False,InterestAndDividendIncomeSecurities,,,2025-09-30
CGBD,2025-11-04,income_statement,income_statement,InterestAndDividendIncomeSecurities,InterestAndDividendIncomeSecurities,22000000,c-788,,,,,,False,InterestAndDividendIncomeSecurities,,,2025-09-30
CGBD,2025-11-04,income_statement,income_statement,InterestAndDividendIncomeSecurities,InterestAndDividendIncomeSecurities,0,c-791,,,,,,False,InterestAndDividendIncomeSecurities,,,2025-09-30
CGBD,2025-11-04,income_statement,income_statement,InterestAndDividendIncomeSecurities,InterestAndDividendIncomeSecurities,12905000,c-794,,,,,,False,InterestAndDividendIncomeSecurities,,,2025-09-30
CGBD,2025-11-04,income_statement,income_statement,InterestAndDividendIncomeSecurities,InterestAndDividendIncomeSecurities,34905000,c-797,,,,,,False,InterestAndDividendIncomeSecurities,,,2025-09-30
CGBD,2025-11-04,income_statement,income_statement,InterestAndDividendIncomeSecurities,InterestAndDividendIncomeSecurities,3354000,c-799,,,,,,False,InterestAndDividendIncomeSecurities,,,2025-09-30
CGBD,2025-11-04,income_statement,income_statement,InterestAndDividendIncomeSecurities,InterestAndDividendIncomeSecurities,1982000,c-802,,,,,,False,InterestAndDividendIncomeSecurities,,,2025-09-30
CGBD,2025-11-04,income_statement,income_statement,InterestAndDividendIncomeSecurities,InterestAndDividendIncomeSecurities,0,c-805,,,,,,False,InterestAndDividendIncomeSecurities,,,2025-09-30
CGBD,2025-11-04,income_statement,income_statement,InterestAndDividendIncomeSecurities,InterestAndDividendIncomeSecurities,2352000,c-808,,,,,,False,InterestAndDividendIncomeSecurities,,,2025-09-30
CGBD,2025-11-04,income_statement,income_statement,InterestAndDividendIncomeSecurities,InterestAndDividendIncomeSecurities,364000,c-811,,,,,,False,InterestAndDividendIncomeSecurities,,,2025-09-30
CGBD,2025-11-04,income_statement,income_statement,InterestAndDividendIncomeSecurities,InterestAndDividendIncomeSecurities,0,c-814,,,,,,False,InterestAndDividendIncomeSecurities,,,2025-09-30
CGBD,2025-11-04,income_statement,income_statement,InterestAndDividendIncomeSecurities,InterestAndDividendIncomeSecurities,8052000,c-817,,,,,,False,InterestAndDividendIncomeSecurities,,,2025-09-30
CGBD,2025-11-04,income_statement,income_statement,RevenueRecognitionPolicyTextBlock,RevenueRecognitionPolicyTextBlock,"<div style=""margin-top:12pt""><span style=""color:#000000;font-family:'Times New Roman',serif;font-size:10pt;font-style:italic;font-weight:700;line-height:120%"">Revenue Recognition</span></div><div style=""margin-top:6pt""><span style=""color:#000000;font-family:'Times New Roman',serif;font-size:10pt;font-style:italic;font-weight:400;line-height:120%"">Interest from Investments</span></div><div style=""margin-top:6pt;text-indent:36pt""><span style=""color:#000000;font-family:'Times New Roman',serif;font-size:10pt;font-weight:400;line-height:120%"">Interest income is recorded on an accrual basis and includes the accretion of discounts and amortization of premiums. Discounts from and premiums to par value on debt investments purchased are accreted/amortized into interest income over the life of the respective security using the effective interest method. The amortized cost of debt investments represents the original cost, including origination fees and upfront fees received that are deemed to be an adjustment to yield, adjusted for the accretion of discounts and amortization of premiums, if any.</span></div><div style=""margin-top:12pt;text-indent:36pt""><span style=""color:#000000;font-family:'Times New Roman',serif;font-size:10pt;font-weight:400;line-height:120%"">The Company may have loans in its portfolio that contain payment-in-kind (“PIK”) provisions. PIK income represents interest that is accrued and recorded as interest income at the contractual rates, increases the loan principal on the respective capitalization dates, and is generally due at maturity. As of September 30, 2025 and December 31, 2024, the fair value of the loans in the portfolio with PIK provisions was $386,431 and $235,895, respectively, which represents approximately 16.0% and 13.1%, respectively, of total investments at fair value. For the three and nine months ended September 30, 2025, the Company earned $6,464 and $17,032, in PIK income, respectively. For the three and nine months ended September 30, 2024, the Company earned $5,033 and $16,301, in PIK income, respectively.</span></div><div style=""margin-top:12pt""><span style=""color:#000000;font-family:'Times New Roman',serif;font-size:10pt;font-style:italic;font-weight:400;line-height:120%"">Dividend Income</span></div><div style=""margin-top:6pt;text-indent:36pt""><span style=""color:#000000;font-family:'Times New Roman',serif;font-size:10pt;font-weight:400;line-height:120%"">Dividend income from the investment funds, Credit Fund and Credit Fund II, and other investments funds, if any, is recorded on the record date for the investment fund to the extent that such amounts are payable by the investment funds and are expected to be collected.</span></div><div style=""margin-top:12pt""><span style=""color:#000000;font-family:'Times New Roman',serif;font-size:10pt;font-style:italic;font-weight:400;line-height:120%"">Other Income</span></div><div style=""margin-top:6pt;text-indent:36pt""><span style=""color:#000000;font-family:'Times New Roman',serif;font-size:10pt;font-weight:400;line-height:120%"">Other income may include income such as consent, waiver, amendment, unused, underwriting, arranger and prepayment fees associated with the Company’s investment activities as well as any fees for managerial assistance services rendered by the Company to the portfolio companies. Such fees are recognized as income when earned or the services are rendered. The Company may receive fees for guaranteeing the outstanding debt of a portfolio company. Such fees are amortized into other income over the life of the guarantee. The unamortized amount, if any, is included in prepaid expenses and other assets in the accompanying Consolidated Statements of Assets and Liabilities. For the three and nine months ended September 30, 2025, the Company earned $1,715 and $4,117, respectively, in other income, primarily from amendment fees, prepayment fees and undrawn commitment fees. For the three and nine months ended September 30, 2024, the Company earned $1,039 and $3,594, respectively, in other income, primarily from amendment fees, prepayment fees and undrawn commitment fees.</span></div><div style=""margin-top:12pt""><span style=""color:#000000;font-family:'Times New Roman',serif;font-size:10pt;font-style:italic;font-weight:400;line-height:120%"">Non-Accrual Income</span></div>Loans are generally placed on non-accrual status when principal or interest payments are past due or when there is reasonable doubt that principal or interest will be collected in full. Accrued and unpaid interest is generally reversed when a loan is placed on non-accrual status. Interest payments received on non-accrual loans may be recognized as income or applied to principal depending upon management’s judgment regarding collectability. Non-accrual loans are restored to accrual status when past due principal and interest are current or there is no longer any reasonable doubt that such principal or interest will be collected in full and, in management’s judgment, are likely to remain current. Management may determine not to place a loan on non-accrual status if the loan has sufficient collateral value and is in the process of collection.",c-1,,,,,,False,RevenueRecognitionPolicyTextBlock,,,2025-09-30
CGBD,2025-11-04,income_statement,income_statement,InterestIncomeOperatingPaidInKind,InterestIncomeOperatingPaidInKind,6464000,c-25,,,,,,False,InterestIncomeOperatingPaidInKind,,,2025-09-30
CGBD,2025-11-04,income_statement,income_statement,InterestIncomeOperatingPaidInKind,InterestIncomeOperatingPaidInKind,17032000,c-1,,,,,,False,InterestIncomeOperatingPaidInKind,,,2025-09-30
CGBD,2025-11-04,income_statement,income_statement,InterestIncomeOperatingPaidInKind,InterestIncomeOperatingPaidInKind,5033000,c-26,,,,,,False,InterestIncomeOperatingPaidInKind,,,2025-09-30
CGBD,2025-11-04,income_statement,income_statement,InterestIncomeOperatingPaidInKind,InterestIncomeOperatingPaidInKind,16301000,c-27,,,,,,False,InterestIncomeOperatingPaidInKind,,,2025-09-30
CGBD,2025-11-04,income_statement,income_statement,OtherIncome,OtherIncome,1715000,c-25,,,,,,False,OtherIncome,,,2025-09-30
CGBD,2025-11-04,income_statement,income_statement,OtherIncome,OtherIncome,4117000,c-1,,,,,,False,OtherIncome,,,2025-09-30
CGBD,2025-11-04,income_statement,income_statement,OtherIncome,OtherIncome,1039000,c-26,,,,,,False,OtherIncome,,,2025-09-30
CGBD,2025-11-04,income_statement,income_statement,OtherIncome,OtherIncome,3594000,c-27,,,,,,False,OtherIncome,,,2025-09-30
CGBD,2025-11-04,income_statement,income_statement,IncomeTaxPolicyTextBlock,IncomeTaxPolicyTextBlock,"<div style=""margin-top:12pt""><span style=""color:#000000;font-family:'Times New Roman',serif;font-size:10pt;font-style:italic;font-weight:700;line-height:120%"">Income Taxes</span></div><div style=""margin-top:6pt;text-indent:36pt""><span style=""color:#000000;font-family:'Times New Roman',serif;font-size:10pt;font-weight:400;line-height:120%"">For federal income tax purposes, the Company has elected to be treated as a RIC under the Code, and intends to make the required distributions to its stockholders as specified therein. In order to qualify as a RIC, the Company must meet certain minimum distribution, source-of-income and asset diversification requirements. If such requirements are met, then the Company is generally required to pay income taxes only on the portion of its taxable income and gains it does not distribute.</span></div><div style=""margin-top:12pt;text-indent:36pt""><span style=""color:#000000;font-family:'Times New Roman',serif;font-size:10pt;font-weight:400;line-height:120%"">The minimum distribution requirements applicable to RICs require the Company to distribute to its stockholders at least 90% of its investment company taxable income (“ICTI”), as defined by the Code, each year. Depending on the level of ICTI earned in a tax year, the Company may choose to carry forward ICTI in excess of current year distributions into the next tax year. Any such carryover ICTI must be distributed before the end of that next tax year through a dividend declared prior to filing the final tax return related to the year which generated such ICTI.</span></div><div style=""margin-top:12pt;text-indent:36pt""><span style=""color:#000000;font-family:'Times New Roman',serif;font-size:10pt;font-weight:400;line-height:120%"">In addition, based on the excise distribution requirements, the Company is subject to a 4% nondeductible federal excise tax on undistributed income unless the Company distributes in a timely manner an amount at least equal to the sum of (1) 98% of its ordinary income for each calendar year, (2) 98.2% of capital gain net income (both long-term and short-term) for the one-year period ending October 31 in that calendar year and (3) any income realized, but not distributed, in the preceding year. For this purpose, however, any ordinary income or capital gain net income retained by the Company that is subject to corporate income tax is considered to have been distributed. For the three and nine months ended September 30, 2025, the </span></div><div style=""margin-top:12pt""><span style=""color:#000000;font-family:'Times New Roman',serif;font-size:10pt;font-weight:400;line-height:120%"">Company incurred $500 and $1,556, respectively, in excise tax expense. For the three and nine months ended September 30, 2024, the Company incurred $750 and $2,557, respectively, in excise tax expense.   </span></div>The Company evaluates tax positions taken or expected to be taken in the course of preparing its unaudited consolidated financial statements to determine whether the tax positions are “more likely than not” to be sustained by the applicable tax authority. The SPV, CSL III SPV, Credit Fund II and the 2015-1 Issuer are disregarded entities for tax purposes and are consolidated with the tax return of the Company. All penalties and interest associated with income taxes, if any, are included in income tax expense.",c-1,,,,,,False,IncomeTaxPolicyTextBlock,,,2025-09-30
CGBD,2025-11-04,income_statement,income_statement,ManagementAndIncentiveFeesExpense,ManagementAndIncentiveFeesExpense,14751000,c-25,,,,,,False,ManagementAndIncentiveFeesExpense,,,2025-09-30
CGBD,2025-11-04,income_statement,income_statement,ManagementAndIncentiveFeesExpense,ManagementAndIncentiveFeesExpense,11691000,c-26,,,,,,False,ManagementAndIncentiveFeesExpense,,,2025-09-30
CGBD,2025-11-04,income_statement,income_statement,ManagementAndIncentiveFeesExpense,ManagementAndIncentiveFeesExpense,41359000,c-1,,,,,,False,ManagementAndIncentiveFeesExpense,,,2025-09-30
CGBD,2025-11-04,income_statement,income_statement,ManagementAndIncentiveFeesExpense,ManagementAndIncentiveFeesExpense,36647000,c-27,,,,,,False,ManagementAndIncentiveFeesExpense,,,2025-09-30
CGBD,2025-11-04,income_statement,income_statement,IncentiveFeeExpense,IncentiveFeeExpense,0,c-1322,,,,,,False,IncentiveFeeExpense,,,2025-09-30
CGBD,2025-11-04,income_statement,income_statement,IncentiveFeeExpense,IncentiveFeeExpense,0,c-1323,,,,,,False,IncentiveFeeExpense,,,2025-09-30
CGBD,2025-11-04,income_statement,income_statement,IncentiveFeeExpense,IncentiveFeeExpense,0,c-1324,,,,,,False,IncentiveFeeExpense,,,2025-09-30
CGBD,2025-11-04,income_statement,income_statement,IncentiveFeeExpense,IncentiveFeeExpense,0,c-1325,,,,,,False,IncentiveFeeExpense,,,2025-09-30
CGBD,2025-11-04,income_statement,income_statement,OtherGeneralAndAdministrativeExpense,OtherGeneralAndAdministrativeExpense,197000,c-1329,,,,,,False,OtherGeneralAndAdministrativeExpense,,,2025-09-30
CGBD,2025-11-04,income_statement,income_statement,OtherGeneralAndAdministrativeExpense,OtherGeneralAndAdministrativeExpense,580000,c-1330,,,,,,False,OtherGeneralAndAdministrativeExpense,,,2025-09-30
CGBD,2025-11-04,income_statement,income_statement,OtherGeneralAndAdministrativeExpense,OtherGeneralAndAdministrativeExpense,171000,c-1331,,,,,,False,OtherGeneralAndAdministrativeExpense,,,2025-09-30
CGBD,2025-11-04,income_statement,income_statement,OtherGeneralAndAdministrativeExpense,OtherGeneralAndAdministrativeExpense,511000,c-1332,,,,,,False,OtherGeneralAndAdministrativeExpense,,,2025-09-30
CGBD,2025-11-04,income_statement,income_statement,PreferredStockDividendsIncomeStatementImpact,PreferredStockDividendsIncomeStatementImpact,826000,c-1346,,,,,,False,PreferredStockDividendsIncomeStatementImpact,,,2025-09-30
CGBD,2025-11-04,income_statement,income_statement,IncentiveFeeExpense,IncentiveFeeExpense,1413000,c-1350,,,,,,False,IncentiveFeeExpense,,,2025-09-30
CGBD,2025-11-04,income_statement,income_statement,InvestmentCompanyExcessExpenseReimbursable,InvestmentCompanyExcessExpenseReimbursable,1998000,c-1350,,,,,,False,InvestmentCompanyExcessExpenseReimbursable,,,2025-09-30
CGBD,2025-11-04,income_statement,income_statement,GrossInvestmentIncomeOperating,GrossInvestmentIncomeOperating,17919000,c-1374,,,,,,False,GrossInvestmentIncomeOperating,,,2025-09-30
CGBD,2025-11-04,income_statement,income_statement,GrossInvestmentIncomeOperating,GrossInvestmentIncomeOperating,16592000,c-1375,,,,,,False,GrossInvestmentIncomeOperating,,,2025-09-30
CGBD,2025-11-04,income_statement,income_statement,GrossInvestmentIncomeOperating,GrossInvestmentIncomeOperating,47565000,c-1376,,,,,,False,GrossInvestmentIncomeOperating,,,2025-09-30
CGBD,2025-11-04,income_statement,income_statement,GrossInvestmentIncomeOperating,GrossInvestmentIncomeOperating,57359000,c-1377,,,,,,False,GrossInvestmentIncomeOperating,,,2025-09-30
CGBD,2025-11-04,income_statement,income_statement,OtherExpenses,OtherExpenses,507000,c-1374,,,,,,False,OtherExpenses,,,2025-09-30
CGBD,2025-11-04,income_statement,income_statement,OtherExpenses,OtherExpenses,250000,c-1375,,,,,,False,OtherExpenses,,,2025-09-30
CGBD,2025-11-04,income_statement,income_statement,OtherExpenses,OtherExpenses,1455000,c-1376,,,,,,False,OtherExpenses,,,2025-09-30
CGBD,2025-11-04,income_statement,income_statement,OtherExpenses,OtherExpenses,1247000,c-1377,,,,,,False,OtherExpenses,,,2025-09-30
CGBD,2025-11-04,income_statement,income_statement,InvestmentIncomeInvestmentExpense,InvestmentIncomeInvestmentExpense,8185000,c-1374,,,,,,False,InvestmentIncomeInvestmentExpense,,,2025-09-30
CGBD,2025-11-04,income_statement,income_statement,InvestmentIncomeInvestmentExpense,InvestmentIncomeInvestmentExpense,6734000,c-1375,,,,,,False,InvestmentIncomeInvestmentExpense,,,2025-09-30
CGBD,2025-11-04,income_statement,income_statement,InvestmentIncomeInvestmentExpense,InvestmentIncomeInvestmentExpense,21676000,c-1376,,,,,,False,InvestmentIncomeInvestmentExpense,,,2025-09-30
CGBD,2025-11-04,income_statement,income_statement,InvestmentIncomeInvestmentExpense,InvestmentIncomeInvestmentExpense,26173000,c-1377,,,,,,False,InvestmentIncomeInvestmentExpense,,,2025-09-30
CGBD,2025-11-04,income_statement,income_statement,InvestmentIncomeOperatingAfterExpenseAndTax,InvestmentIncomeOperatingAfterExpenseAndTax,9734000,c-1374,,,,,,False,InvestmentIncomeOperatingAfterExpenseAndTax,,,2025-09-30
CGBD,2025-11-04,income_statement,income_statement,InvestmentIncomeOperatingAfterExpenseAndTax,InvestmentIncomeOperatingAfterExpenseAndTax,9858000,c-1375,,,,,,False,InvestmentIncomeOperatingAfterExpenseAndTax,,,2025-09-30
CGBD,2025-11-04,income_statement,income_statement,InvestmentIncomeOperatingAfterExpenseAndTax,InvestmentIncomeOperatingAfterExpenseAndTax,25889000,c-1376,,,,,,False,InvestmentIncomeOperatingAfterExpenseAndTax,,,2025-09-30
CGBD,2025-11-04,income_statement,income_statement,InvestmentIncomeOperatingAfterExpenseAndTax,InvestmentIncomeOperatingAfterExpenseAndTax,31186000,c-1377,,,,,,False,InvestmentIncomeOperatingAfterExpenseAndTax,,,2025-09-30
CGBD,2025-11-04,income_statement,income_statement,NetIncomeLoss,NetIncomeLoss,10530000,c-1374,,,,,,False,NetIncomeLoss,,net_income,2025-09-30
CGBD,2025-11-04,income_statement,income_statement,NetIncomeLoss,NetIncomeLoss,12361000,c-1375,,,,,,False,NetIncomeLoss,,net_income,2025-09-30
CGBD,2025-11-04,income_statement,income_statement,NetIncomeLoss,NetIncomeLoss,22861000,c-1376,,,,,,False,NetIncomeLoss,,net_income,2025-09-30
CGBD,2025-11-04,income_statement,income_statement,NetIncomeLoss,NetIncomeLoss,39119000,c-1377,,,,,,False,NetIncomeLoss,,net_income,2025-09-30
CGBD,2025-11-04,income_statement,income_statement,InvestmentIncomeOperatingAfterExpenseAndTax,InvestmentIncomeOperatingAfterExpenseAndTax,26839000,c-1687,,,,,,False,InvestmentIncomeOperatingAfterExpenseAndTax,,,2025-09-30
CGBD,2025-11-04,income_statement,income_statement,InvestmentIncomeOperatingAfterExpenseAndTax,InvestmentIncomeOperatingAfterExpenseAndTax,76718000,c-1706,,,,,,False,InvestmentIncomeOperatingAfterExpenseAndTax,,,2025-09-30
CGBD,2025-11-04,income_statement,income_statement,InvestmentIncomeOperatingAfterExpenseAndTax,InvestmentIncomeOperatingAfterExpenseAndTax,24884000,c-1718,,,,,,False,InvestmentIncomeOperatingAfterExpenseAndTax,,,2025-09-30
CGBD,2025-11-04,income_statement,income_statement,InvestmentIncomeOperatingAfterExpenseAndTax,InvestmentIncomeOperatingAfterExpenseAndTax,80206000,c-1736,,,,,,False,InvestmentIncomeOperatingAfterExpenseAndTax,,,2025-09-30
CGBD,2025-11-04,income_statement,income_statement,InvestmentCompanyInvestmentIncomeLossPerShare,InvestmentCompanyInvestmentIncomeLossPerShare,1.15,c-1,,,,,,False,InvestmentCompanyInvestmentIncomeLossPerShare,,,2025-09-30
CGBD,2025-11-04,income_statement,income_statement,InvestmentCompanyInvestmentIncomeLossPerShare,InvestmentCompanyInvestmentIncomeLossPerShare,1.53,c-27,,,,,,False,InvestmentCompanyInvestmentIncomeLossPerShare,,,2025-09-30
CGBD,2025-11-04,income_statement,income_statement,InvestmentCompanyInvestmentIncomeLossFromOperationsPerShare,InvestmentCompanyInvestmentIncomeLossFromOperationsPerShare,0.78,c-1,,,,,,False,InvestmentCompanyInvestmentIncomeLossFromOperationsPerShare,,,2025-09-30
CGBD,2025-11-04,income_statement,income_statement,InvestmentCompanyInvestmentIncomeLossFromOperationsPerShare,InvestmentCompanyInvestmentIncomeLossFromOperationsPerShare,1.28,c-27,,,,,,False,InvestmentCompanyInvestmentIncomeLossFromOperationsPerShare,,,2025-09-30
CGBD,2025-11-04,income_statement,income_statement,InvestmentCompanyExpenseRatioExcludingIncentiveFee,InvestmentCompanyExpenseRatioExcludingIncentiveFee,0.0861,c-1,,,,,,False,InvestmentCompanyExpenseRatioExcludingIncentiveFee,,,2025-09-30
CGBD,2025-11-04,income_statement,income_statement,InvestmentCompanyExpenseRatioExcludingIncentiveFee,InvestmentCompanyExpenseRatioExcludingIncentiveFee,0.0923,c-27,,,,,,False,InvestmentCompanyExpenseRatioExcludingIncentiveFee,,,2025-09-30
CGBD,2025-11-04,income_statement,income_statement,InvestmentCompanyExpenseRatioIncludingIncentiveFee,InvestmentCompanyExpenseRatioIncludingIncentiveFee,0.1004,c-1,,,,,,False,InvestmentCompanyExpenseRatioIncludingIncentiveFee,,,2025-09-30
CGBD,2025-11-04,income_statement,income_statement,InvestmentCompanyExpenseRatioIncludingIncentiveFee,InvestmentCompanyExpenseRatioIncludingIncentiveFee,0.1114,c-27,,,,,,False,InvestmentCompanyExpenseRatioIncludingIncentiveFee,,,2025-09-30
CGBD,2025-11-04,income_statement,income_statement,InvestmentCompanyInvestmentIncomeLossRatio,InvestmentCompanyInvestmentIncomeLossRatio,0.0688,c-1,,,,,,False,InvestmentCompanyInvestmentIncomeLossRatio,,,2025-09-30
CGBD,2025-11-04,income_statement,income_statement,InvestmentCompanyInvestmentIncomeLossRatio,InvestmentCompanyInvestmentIncomeLossRatio,0.0931,c-27,,,,,,False,InvestmentCompanyInvestmentIncomeLossRatio,,,2025-09-30
CGBD,2025-11-04,income_statement,income_statement,InvestmentCompanyInterestExpenseRatioIncludingLineOfCreditFacilityCommitmentFee,InvestmentCompanyInterestExpenseRatioIncludingLineOfCreditFacilityCommitmentFee,0.0562,c-1,,,,,,False,InvestmentCompanyInterestExpenseRatioIncludingLineOfCreditFacilityCommitmentFee,,,2025-09-30
CGBD,2025-11-04,income_statement,income_statement,InvestmentCompanyInterestExpenseRatioIncludingLineOfCreditFacilityCommitmentFee,InvestmentCompanyInterestExpenseRatioIncludingLineOfCreditFacilityCommitmentFee,0.0596,c-27,,,,,,False,InvestmentCompanyInterestExpenseRatioIncludingLineOfCreditFacilityCommitmentFee,,,2025-09-30
CGBD,2025-11-04,income_statement,income_statement,IncomeTaxDisclosureTextBlock,IncomeTaxDisclosureTextBlock,"<div style=""margin-top:18pt""><span style=""color:#000000;font-family:'Times New Roman',serif;font-size:10pt;font-weight:700;line-height:120%"">14. TAX</span></div><div style=""margin-top:6pt;text-indent:36pt""><span style=""color:#000000;font-family:'Times New Roman',serif;font-size:10pt;font-weight:400;line-height:120%"">The Company has not recorded a liability for any uncertain tax positions pursuant to the provisions of ASC 740, </span><span style=""color:#000000;font-family:'Times New Roman',serif;font-size:10pt;font-style:italic;font-weight:400;line-height:120%"">Income Taxes</span><span style=""color:#000000;font-family:'Times New Roman',serif;font-size:10pt;font-weight:400;line-height:120%"">, as of September 30, 2025 and December 31, 2024.</span></div><div style=""margin-top:12pt;text-indent:36pt""><span style=""color:#000000;font-family:'Times New Roman',serif;font-size:10pt;font-weight:400;line-height:120%"">In the normal course of business, the Company is subject to examination by federal and certain state, local and foreign tax regulators. The Company’s federal tax returns are generally subject to examination by the Internal Revenue Service for a period of three years after they are filed.</span></div><div style=""margin-top:12pt;text-indent:36pt""><span style=""color:#000000;font-family:'Times New Roman',serif;font-size:10pt;font-weight:400;line-height:120%"">The Company’s taxable income for each period is an estimate and will not be finally determined until the Company files its tax return for each year. Therefore, the final taxable income, and the taxable income earned in each period and carried forward for distribution in the following period, may be different than this estimate. The estimated tax character of the dividends declared on preferred and common stock for the nine months ended September 30, 2025 and 2024 was as follows:</span></div><div style=""margin-top:6pt;text-align:center""><table style=""border-collapse:collapse;display:inline-table;margin-bottom:5pt;vertical-align:text-bottom;width:82.163%""><tr><td style=""width:1.0%""></td><td style=""width:56.373%""></td><td style=""width:0.1%""></td><td style=""width:1.0%""></td><td style=""width:19.718%""></td><td style=""width:0.1%""></td><td style=""width:0.1%""></td><td style=""width:0.689%""></td><td style=""width:0.1%""></td><td style=""width:1.0%""></td><td style=""width:19.720%""></td><td style=""width:0.1%""></td></tr><tr><td colspan=""3"" style=""padding:2px 1pt;text-align:left;vertical-align:bottom""><span style=""color:#000000;font-family:'Times New Roman',serif;font-size:9pt;font-weight:400;line-height:100%""> </span></td><td colspan=""9"" style=""padding:2px 1pt;text-align:center;vertical-align:bottom""><span style=""color:#000000;font-family:'Times New Roman',serif;font-size:9pt;font-weight:700;line-height:100%"">Nine Months Ended September 30,</span></td></tr><tr><td colspan=""3"" style=""padding:2px 1pt;text-align:left;vertical-align:bottom""><span style=""color:#000000;font-family:'Times New Roman',serif;font-size:9pt;font-weight:400;line-height:100%""> </span></td><td colspan=""3"" style=""border-top:1pt solid #000000;padding:2px 1pt;text-align:center;vertical-align:bottom""><span style=""color:#000000;font-family:'Times New Roman',serif;font-size:9pt;font-weight:700;line-height:100%"">2025</span></td><td colspan=""3"" style=""border-top:1pt solid #000000;padding:0 1pt""></td><td colspan=""3"" style=""border-top:1pt solid #000000;padding:2px 1pt;text-align:center;vertical-align:bottom""><span style=""color:#000000;font-family:'Times New Roman',serif;font-size:9pt;font-weight:700;line-height:100%"">2024</span></td></tr><tr><td colspan=""3"" style=""background-color:#cceeff;padding:2px 1pt;text-align:left;vertical-align:top""><span style=""color:#000000;font-family:'Times New Roman',serif;font-size:9pt;font-weight:400;line-height:100%"">Ordinary income</span></td><td style=""background-color:#cceeff;border-top:1pt solid #000000;padding:2px 0 2px 1pt;text-align:left;vertical-align:bottom""><span style=""color:#000000;font-family:'Times New Roman',serif;font-size:9pt;font-weight:400;line-height:100%"">$</span></td><td style=""background-color:#cceeff;border-top:1pt solid #000000;padding:2px 0;text-align:right;vertical-align:bottom""><span style=""color:#000000;font-family:'Times New Roman',serif;font-size:9pt;font-weight:400;line-height:100%"">82,079 </span></td><td style=""background-color:#cceeff;border-top:1pt solid #000000;padding:2px 1pt 2px 0;text-align:right;vertical-align:bottom""></td><td colspan=""3"" style=""background-color:#cceeff;padding:0 1pt""></td><td style=""background-color:#cceeff;border-top:1pt solid #000000;padding:2px 0 2px 1pt;text-align:left;vertical-align:bottom""><span style=""color:#000000;font-family:'Times New Roman',serif;font-size:9pt;font-weight:400;line-height:100%"">$</span></td><td style=""background-color:#cceeff;border-top:1pt solid #000000;padding:2px 0;text-align:right;vertical-align:bottom""><span style=""color:#000000;font-family:'Times New Roman',serif;font-size:9pt;font-weight:400;line-height:100%"">74,806 </span></td><td style=""background-color:#cceeff;border-top:1pt solid #000000;padding:2px 1pt 2px 0;text-align:right;vertical-align:bottom""></td></tr><tr><td colspan=""3"" style=""padding:2px 1pt;text-align:left;vertical-align:top""><span style=""color:#000000;font-family:'Times New Roman',serif;font-size:9pt;font-weight:400;line-height:100%"">Tax return of capital</span></td><td style=""padding:2px 0 2px 1pt;text-align:left;vertical-align:bottom""><span style=""color:#000000;font-family:'Times New Roman',serif;font-size:9pt;font-weight:400;line-height:100%"">$</span></td><td style=""padding:2px 0;text-align:right;vertical-align:bottom""><span style=""color:#000000;font-family:'Times New Roman',serif;font-size:9pt;font-weight:400;line-height:100%"">— </span></td><td style=""padding:2px 1pt 2px 0;text-align:right;vertical-align:bottom""></td><td colspan=""3"" style=""padding:0 1pt""></td><td style=""padding:2px 0 2px 1pt;text-align:left;vertical-align:bottom""><span style=""color:#000000;font-family:'Times New Roman',serif;font-size:9pt;font-weight:400;line-height:100%"">$</span></td><td style=""padding:2px 0;text-align:right;vertical-align:bottom""><span style=""color:#000000;font-family:'Times New Roman',serif;font-size:9pt;font-weight:400;line-height:100%"">— </span></td><td style=""padding:2px 1pt 2px 0;text-align:right;vertical-align:bottom""></td></tr></table></div>",c-1,,,,,,False,IncomeTaxDisclosureTextBlock,,,2025-09-30
CGBD,2025-11-04,income_statement,income_statement,InvestmentCompanyDistributionOrdinaryIncome,InvestmentCompanyDistributionOrdinaryIncome,82079000,c-1,,,,,,False,InvestmentCompanyDistributionOrdinaryIncome,,,2025-09-30
CGBD,2025-11-04,income_statement,income_statement,InvestmentCompanyDistributionOrdinaryIncome,InvestmentCompanyDistributionOrdinaryIncome,74806000,c-27,,,,,,False,InvestmentCompanyDistributionOrdinaryIncome,,,2025-09-30
CGBD,2026-02-24,income_statement,income_statement,InterestIncomeOperatingPaidInCash,InterestIncomeOperatingPaidInCash,200471000,c-66,,,,,,False,InterestIncomeOperatingPaidInCash,,,2025-12-31
CGBD,2026-02-24,income_statement,income_statement,InterestIncomeOperatingPaidInCash,InterestIncomeOperatingPaidInCash,164221000,c-67,,,,,,False,InterestIncomeOperatingPaidInCash,,,2025-12-31
CGBD,2026-02-24,income_statement,income_statement,InterestIncomeOperatingPaidInCash,InterestIncomeOperatingPaidInCash,177315000,c-68,,,,,,False,InterestIncomeOperatingPaidInCash,,,2025-12-31
CGBD,2026-02-24,income_statement,income_statement,InterestIncomeOperatingPaidInKind,InterestIncomeOperatingPaidInKind,21385000,c-66,,,,,,False,InterestIncomeOperatingPaidInKind,,,2025-12-31
CGBD,2026-02-24,income_statement,income_statement,InterestIncomeOperatingPaidInKind,InterestIncomeOperatingPaidInKind,20733000,c-67,,,,,,False,InterestIncomeOperatingPaidInKind,,,2025-12-31
CGBD,2026-02-24,income_statement,income_statement,InterestIncomeOperatingPaidInKind,InterestIncomeOperatingPaidInKind,19819000,c-68,,,,,,False,InterestIncomeOperatingPaidInKind,,,2025-12-31
CGBD,2026-02-24,income_statement,income_statement,OtherIncome,OtherIncome,5301000,c-66,,,,,,False,OtherIncome,,,2025-12-31
CGBD,2026-02-24,income_statement,income_statement,OtherIncome,OtherIncome,4671000,c-67,,,,,,False,OtherIncome,,,2025-12-31
CGBD,2026-02-24,income_statement,income_statement,OtherIncome,OtherIncome,4995000,c-68,,,,,,False,OtherIncome,,,2025-12-31
CGBD,2026-02-24,income_statement,income_statement,GrossInvestmentIncomeOperating,GrossInvestmentIncomeOperating,227157000,c-66,,,,,,False,GrossInvestmentIncomeOperating,,,2025-12-31
CGBD,2026-02-24,income_statement,income_statement,GrossInvestmentIncomeOperating,GrossInvestmentIncomeOperating,189625000,c-67,,,,,,False,GrossInvestmentIncomeOperating,,,2025-12-31
CGBD,2026-02-24,income_statement,income_statement,GrossInvestmentIncomeOperating,GrossInvestmentIncomeOperating,202129000,c-68,,,,,,False,GrossInvestmentIncomeOperating,,,2025-12-31
CGBD,2026-02-24,income_statement,income_statement,InterestIncomeOperatingPaidInCash,InterestIncomeOperatingPaidInCash,5008000,c-69,,,,,,False,InterestIncomeOperatingPaidInCash,,,2025-12-31
CGBD,2026-02-24,income_statement,income_statement,InterestIncomeOperatingPaidInCash,InterestIncomeOperatingPaidInCash,7360000,c-70,,,,,,False,InterestIncomeOperatingPaidInCash,,,2025-12-31
CGBD,2026-02-24,income_statement,income_statement,InterestIncomeOperatingPaidInCash,InterestIncomeOperatingPaidInCash,5713000,c-71,,,,,,False,InterestIncomeOperatingPaidInCash,,,2025-12-31
CGBD,2026-02-24,income_statement,income_statement,InterestIncomeOperatingPaidInKind,InterestIncomeOperatingPaidInKind,1730000,c-69,,,,,,False,InterestIncomeOperatingPaidInKind,,,2025-12-31
CGBD,2026-02-24,income_statement,income_statement,InterestIncomeOperatingPaidInKind,InterestIncomeOperatingPaidInKind,692000,c-70,,,,,,False,InterestIncomeOperatingPaidInKind,,,2025-12-31
CGBD,2026-02-24,income_statement,income_statement,InterestIncomeOperatingPaidInKind,InterestIncomeOperatingPaidInKind,672000,c-71,,,,,,False,InterestIncomeOperatingPaidInKind,,,2025-12-31
CGBD,2026-02-24,income_statement,income_statement,OtherIncome,OtherIncome,8000,c-69,,,,,,False,OtherIncome,,,2025-12-31
CGBD,2026-02-24,income_statement,income_statement,OtherIncome,OtherIncome,8000,c-70,,,,,,False,OtherIncome,,,2025-12-31
CGBD,2026-02-24,income_statement,income_statement,OtherIncome,OtherIncome,8000,c-71,,,,,,False,OtherIncome,,,2025-12-31
CGBD,2026-02-24,income_statement,income_statement,GrossInvestmentIncomeOperating,GrossInvestmentIncomeOperating,6746000,c-69,,,,,,False,GrossInvestmentIncomeOperating,,,2025-12-31
CGBD,2026-02-24,income_statement,income_statement,GrossInvestmentIncomeOperating,GrossInvestmentIncomeOperating,8060000,c-70,,,,,,False,GrossInvestmentIncomeOperating,,,2025-12-31
CGBD,2026-02-24,income_statement,income_statement,GrossInvestmentIncomeOperating,GrossInvestmentIncomeOperating,6393000,c-71,,,,,,False,GrossInvestmentIncomeOperating,,,2025-12-31
CGBD,2026-02-24,income_statement,income_statement,InterestIncomeOperatingPaidInCash,InterestIncomeOperatingPaidInCash,110000,c-72,,,,,,False,InterestIncomeOperatingPaidInCash,,,2025-12-31
CGBD,2026-02-24,income_statement,income_statement,InterestIncomeOperatingPaidInCash,InterestIncomeOperatingPaidInCash,0,c-73,,,,,,False,InterestIncomeOperatingPaidInCash,,,2025-12-31
CGBD,2026-02-24,income_statement,income_statement,InterestIncomeOperatingPaidInCash,InterestIncomeOperatingPaidInCash,0,c-74,,,,,,False,InterestIncomeOperatingPaidInCash,,,2025-12-31
CGBD,2026-02-24,income_statement,income_statement,DividendIncomeOperating,DividendIncomeOperating,21554000,c-72,,,,,,False,DividendIncomeOperating,,,2025-12-31
CGBD,2026-02-24,income_statement,income_statement,DividendIncomeOperating,DividendIncomeOperating,34905000,c-73,,,,,,False,DividendIncomeOperating,,,2025-12-31
CGBD,2026-02-24,income_statement,income_statement,DividendIncomeOperating,DividendIncomeOperating,33104000,c-74,,,,,,False,DividendIncomeOperating,,,2025-12-31
CGBD,2026-02-24,income_statement,income_statement,GrossInvestmentIncomeOperating,GrossInvestmentIncomeOperating,21664000,c-72,,,,,,False,GrossInvestmentIncomeOperating,,,2025-12-31
CGBD,2026-02-24,income_statement,income_statement,GrossInvestmentIncomeOperating,GrossInvestmentIncomeOperating,34905000,c-73,,,,,,False,GrossInvestmentIncomeOperating,,,2025-12-31
CGBD,2026-02-24,income_statement,income_statement,GrossInvestmentIncomeOperating,GrossInvestmentIncomeOperating,33104000,c-74,,,,,,False,GrossInvestmentIncomeOperating,,,2025-12-31
CGBD,2026-02-24,income_statement,income_statement,GrossInvestmentIncomeOperating,GrossInvestmentIncomeOperating,255567000,c-1,,,,,,False,GrossInvestmentIncomeOperating,,,2025-12-31
CGBD,2026-02-24,income_statement,income_statement,GrossInvestmentIncomeOperating,GrossInvestmentIncomeOperating,232590000,c-75,,,,,,False,GrossInvestmentIncomeOperating,,,2025-12-31
CGBD,2026-02-24,income_statement,income_statement,GrossInvestmentIncomeOperating,GrossInvestmentIncomeOperating,241626000,c-76,,,,,,False,GrossInvestmentIncomeOperating,,,2025-12-31
CGBD,2026-02-24,income_statement,income_statement,ManagementFeeExpense,ManagementFeeExpense,34644000,c-1,,,,,,False,ManagementFeeExpense,,,2025-12-31
CGBD,2026-02-24,income_statement,income_statement,ManagementFeeExpense,ManagementFeeExpense,26908000,c-75,,,,,,False,ManagementFeeExpense,,,2025-12-31
CGBD,2026-02-24,income_statement,income_statement,ManagementFeeExpense,ManagementFeeExpense,28515000,c-76,,,,,,False,ManagementFeeExpense,,,2025-12-31
CGBD,2026-02-24,income_statement,income_statement,IncentiveFeeExpense,IncentiveFeeExpense,21076000,c-1,,,,,,False,IncentiveFeeExpense,,,2025-12-31
CGBD,2026-02-24,income_statement,income_statement,IncentiveFeeExpense,IncentiveFeeExpense,21647000,c-75,,,,,,False,IncentiveFeeExpense,,,2025-12-31
CGBD,2026-02-24,income_statement,income_statement,IncentiveFeeExpense,IncentiveFeeExpense,22622000,c-76,,,,,,False,IncentiveFeeExpense,,,2025-12-31
CGBD,2026-02-24,income_statement,income_statement,AdministrativeFeesExpense,AdministrativeFeesExpense,1841000,c-1,,,,,,False,AdministrativeFeesExpense,,,2025-12-31
CGBD,2026-02-24,income_statement,income_statement,AdministrativeFeesExpense,AdministrativeFeesExpense,1589000,c-75,,,,,,False,AdministrativeFeesExpense,,,2025-12-31
CGBD,2026-02-24,income_statement,income_statement,AdministrativeFeesExpense,AdministrativeFeesExpense,1280000,c-76,,,,,,False,AdministrativeFeesExpense,,,2025-12-31
CGBD,2026-02-24,income_statement,income_statement,InterestExpenseAndLineOfCreditFacilityCommitmentFeeAmount,InterestExpenseAndLineOfCreditFacilityCommitmentFeeAmount,88086000,c-1,,,,,,False,InterestExpenseAndLineOfCreditFacilityCommitmentFeeAmount,,,2025-12-31
CGBD,2026-02-24,income_statement,income_statement,InterestExpenseAndLineOfCreditFacilityCommitmentFeeAmount,InterestExpenseAndLineOfCreditFacilityCommitmentFeeAmount,68485000,c-75,,,,,,False,InterestExpenseAndLineOfCreditFacilityCommitmentFeeAmount,,,2025-12-31
CGBD,2026-02-24,income_statement,income_statement,InterestExpenseAndLineOfCreditFacilityCommitmentFeeAmount,InterestExpenseAndLineOfCreditFacilityCommitmentFeeAmount,71711000,c-76,,,,,,False,InterestExpenseAndLineOfCreditFacilityCommitmentFeeAmount,,,2025-12-31
CGBD,2026-02-24,income_statement,income_statement,NoninterestExpenseDirectorsFees,NoninterestExpenseDirectorsFees,735000,c-1,,,,,,False,NoninterestExpenseDirectorsFees,,,2025-12-31
CGBD,2026-02-24,income_statement,income_statement,NoninterestExpenseDirectorsFees,NoninterestExpenseDirectorsFees,601000,c-75,,,,,,False,NoninterestExpenseDirectorsFees,,,2025-12-31
CGBD,2026-02-24,income_statement,income_statement,NoninterestExpenseDirectorsFees,NoninterestExpenseDirectorsFees,444000,c-76,,,,,,False,NoninterestExpenseDirectorsFees,,,2025-12-31
CGBD,2026-02-24,income_statement,income_statement,OtherGeneralAndAdministrativeExpense,OtherGeneralAndAdministrativeExpense,2772000,c-1,,,,,,False,OtherGeneralAndAdministrativeExpense,,,2025-12-31
CGBD,2026-02-24,income_statement,income_statement,OtherGeneralAndAdministrativeExpense,OtherGeneralAndAdministrativeExpense,2321000,c-75,,,,,,False,OtherGeneralAndAdministrativeExpense,,,2025-12-31
CGBD,2026-02-24,income_statement,income_statement,OtherGeneralAndAdministrativeExpense,OtherGeneralAndAdministrativeExpense,1960000,c-76,,,,,,False,OtherGeneralAndAdministrativeExpense,,,2025-12-31
CGBD,2026-02-24,income_statement,income_statement,InvestmentIncomeInvestmentExpense,InvestmentIncomeInvestmentExpense,152915000,c-1,,,,,,False,InvestmentIncomeInvestmentExpense,,,2025-12-31
CGBD,2026-02-24,income_statement,income_statement,InvestmentIncomeInvestmentExpense,InvestmentIncomeInvestmentExpense,124599000,c-75,,,,,,False,InvestmentIncomeInvestmentExpense,,,2025-12-31
CGBD,2026-02-24,income_statement,income_statement,InvestmentIncomeInvestmentExpense,InvestmentIncomeInvestmentExpense,129220000,c-76,,,,,,False,InvestmentIncomeInvestmentExpense,,,2025-12-31
CGBD,2026-02-24,income_statement,income_statement,NetInvestmentIncome,NetInvestmentIncome,102652000,c-1,,,,,,False,NetInvestmentIncome,,,2025-12-31
CGBD,2026-02-24,income_statement,income_statement,NetInvestmentIncome,NetInvestmentIncome,107991000,c-75,,,,,,False,NetInvestmentIncome,,,2025-12-31
CGBD,2026-02-24,income_statement,income_statement,NetInvestmentIncome,NetInvestmentIncome,112406000,c-76,,,,,,False,NetInvestmentIncome,,,2025-12-31
CGBD,2026-02-24,income_statement,income_statement,InvestmentIncomeOperatingTaxExpenseBenefit,InvestmentIncomeOperatingTaxExpenseBenefit,1906000,c-1,,,,,,False,InvestmentIncomeOperatingTaxExpenseBenefit,,,2025-12-31
CGBD,2026-02-24,income_statement,income_statement,InvestmentIncomeOperatingTaxExpenseBenefit,InvestmentIncomeOperatingTaxExpenseBenefit,2739000,c-75,,,,,,False,InvestmentIncomeOperatingTaxExpenseBenefit,,,2025-12-31
CGBD,2026-02-24,income_statement,income_statement,InvestmentIncomeOperatingTaxExpenseBenefit,InvestmentIncomeOperatingTaxExpenseBenefit,2435000,c-76,,,,,,False,InvestmentIncomeOperatingTaxExpenseBenefit,,,2025-12-31
CGBD,2026-02-24,income_statement,income_statement,InvestmentIncomeOperatingAfterExpenseAndTax,InvestmentIncomeOperatingAfterExpenseAndTax,100746000,c-1,,,,,,False,InvestmentIncomeOperatingAfterExpenseAndTax,,,2025-12-31
CGBD,2026-02-24,income_statement,income_statement,InvestmentIncomeOperatingAfterExpenseAndTax,InvestmentIncomeOperatingAfterExpenseAndTax,105252000,c-75,,,,,,False,InvestmentIncomeOperatingAfterExpenseAndTax,,,2025-12-31
CGBD,2026-02-24,income_statement,income_statement,InvestmentIncomeOperatingAfterExpenseAndTax,InvestmentIncomeOperatingAfterExpenseAndTax,109971000,c-76,,,,,,False,InvestmentIncomeOperatingAfterExpenseAndTax,,,2025-12-31
CGBD,2026-02-24,income_statement,income_statement,NetIncomeLoss,NetIncomeLoss,69972000,c-1,,,,,,False,NetIncomeLoss,,net_income,2025-12-31
CGBD,2026-02-24,income_statement,income_statement,NetIncomeLoss,NetIncomeLoss,88978000,c-75,,,,,,False,NetIncomeLoss,,net_income,2025-12-31
CGBD,2026-02-24,income_statement,income_statement,NetIncomeLoss,NetIncomeLoss,92280000,c-76,,,,,,False,NetIncomeLoss,,net_income,2025-12-31
CGBD,2026-02-24,income_statement,income_statement,PreferredStockDividendsIncomeStatementImpact,PreferredStockDividendsIncomeStatementImpact,826000,c-1,,,,,,False,PreferredStockDividendsIncomeStatementImpact,,,2025-12-31
CGBD,2026-02-24,income_statement,income_statement,PreferredStockDividendsIncomeStatementImpact,PreferredStockDividendsIncomeStatementImpact,3500000,c-75,,,,,,False,PreferredStockDividendsIncomeStatementImpact,,,2025-12-31
CGBD,2026-02-24,income_statement,income_statement,PreferredStockDividendsIncomeStatementImpact,PreferredStockDividendsIncomeStatementImpact,3500000,c-76,,,,,,False,PreferredStockDividendsIncomeStatementImpact,,,2025-12-31
CGBD,2026-02-24,income_statement,income_statement,IncreaseDecreaseInInterestAndDividendsReceivable,IncreaseDecreaseInInterestAndDividendsReceivable,-18404000,c-1,,,,,,False,IncreaseDecreaseInInterestAndDividendsReceivable,,,2025-12-31
CGBD,2026-02-24,income_statement,income_statement,IncreaseDecreaseInInterestAndDividendsReceivable,IncreaseDecreaseInInterestAndDividendsReceivable,-1289000,c-75,,,,,,False,IncreaseDecreaseInInterestAndDividendsReceivable,,,2025-12-31
CGBD,2026-02-24,income_statement,income_statement,IncreaseDecreaseInInterestAndDividendsReceivable,IncreaseDecreaseInInterestAndDividendsReceivable,9702000,c-76,,,,,,False,IncreaseDecreaseInInterestAndDividendsReceivable,,,2025-12-31
CGBD,2026-02-24,income_statement,income_statement,IncomeTaxesPaid,IncomeTaxesPaid,2726000,c-1,,,,,,False,IncomeTaxesPaid,,,2025-12-31
CGBD,2026-02-24,income_statement,income_statement,IncomeTaxesPaid,IncomeTaxesPaid,2432000,c-75,,,,,,False,IncomeTaxesPaid,,,2025-12-31
CGBD,2026-02-24,income_statement,income_statement,IncomeTaxesPaid,IncomeTaxesPaid,1839000,c-76,,,,,,False,IncomeTaxesPaid,,,2025-12-31
CGBD,2026-02-24,income_statement,income_statement,InterestAndDividendIncomeSecurities,InterestAndDividendIncomeSecurities,20500000,c-349,,,,,,False,InterestAndDividendIncomeSecurities,,,2025-12-31
CGBD,2026-02-24,income_statement,income_statement,InterestAndDividendIncomeSecurities,InterestAndDividendIncomeSecurities,110000,c-352,,,,,,False,InterestAndDividendIncomeSecurities,,,2025-12-31
CGBD,2026-02-24,income_statement,income_statement,InterestAndDividendIncomeSecurities,InterestAndDividendIncomeSecurities,1054000,c-355,,,,,,False,InterestAndDividendIncomeSecurities,,,2025-12-31
CGBD,2026-02-24,income_statement,income_statement,InterestAndDividendIncomeSecurities,InterestAndDividendIncomeSecurities,21664000,c-72,,,,,,False,InterestAndDividendIncomeSecurities,,,2025-12-31
CGBD,2026-02-24,income_statement,income_statement,InterestAndDividendIncomeSecurities,InterestAndDividendIncomeSecurities,1073000,c-358,,,,,,False,InterestAndDividendIncomeSecurities,,,2025-12-31
CGBD,2026-02-24,income_statement,income_statement,InterestAndDividendIncomeSecurities,InterestAndDividendIncomeSecurities,169000,c-361,,,,,,False,InterestAndDividendIncomeSecurities,,,2025-12-31
CGBD,2026-02-24,income_statement,income_statement,InterestAndDividendIncomeSecurities,InterestAndDividendIncomeSecurities,0,c-364,,,,,,False,InterestAndDividendIncomeSecurities,,,2025-12-31
CGBD,2026-02-24,income_statement,income_statement,InterestAndDividendIncomeSecurities,InterestAndDividendIncomeSecurities,3379000,c-367,,,,,,False,InterestAndDividendIncomeSecurities,,,2025-12-31
CGBD,2026-02-24,income_statement,income_statement,InterestAndDividendIncomeSecurities,InterestAndDividendIncomeSecurities,2117000,c-370,,,,,,False,InterestAndDividendIncomeSecurities,,,2025-12-31
CGBD,2026-02-24,income_statement,income_statement,InterestAndDividendIncomeSecurities,InterestAndDividendIncomeSecurities,0,c-373,,,,,,False,InterestAndDividendIncomeSecurities,,,2025-12-31
CGBD,2026-02-24,income_statement,income_statement,InterestAndDividendIncomeSecurities,InterestAndDividendIncomeSecurities,6738000,c-376,,,,,,False,InterestAndDividendIncomeSecurities,,,2025-12-31
CGBD,2026-02-24,income_statement,income_statement,InterestAndDividendIncomeSecurities,InterestAndDividendIncomeSecurities,22000000,c-831,,,,,,False,InterestAndDividendIncomeSecurities,,,2025-12-31
CGBD,2026-02-24,income_statement,income_statement,InterestAndDividendIncomeSecurities,InterestAndDividendIncomeSecurities,0,c-834,,,,,,False,InterestAndDividendIncomeSecurities,,,2025-12-31
CGBD,2026-02-24,income_statement,income_statement,InterestAndDividendIncomeSecurities,InterestAndDividendIncomeSecurities,12905000,c-837,,,,,,False,InterestAndDividendIncomeSecurities,,,2025-12-31
CGBD,2026-02-24,income_statement,income_statement,InterestAndDividendIncomeSecurities,InterestAndDividendIncomeSecurities,34905000,c-840,,,,,,False,InterestAndDividendIncomeSecurities,,,2025-12-31
CGBD,2026-02-24,income_statement,income_statement,InterestAndDividendIncomeSecurities,InterestAndDividendIncomeSecurities,3354000,c-842,,,,,,False,InterestAndDividendIncomeSecurities,,,2025-12-31
CGBD,2026-02-24,income_statement,income_statement,InterestAndDividendIncomeSecurities,InterestAndDividendIncomeSecurities,1982000,c-845,,,,,,False,InterestAndDividendIncomeSecurities,,,2025-12-31
CGBD,2026-02-24,income_statement,income_statement,InterestAndDividendIncomeSecurities,InterestAndDividendIncomeSecurities,0,c-848,,,,,,False,InterestAndDividendIncomeSecurities,,,2025-12-31
CGBD,2026-02-24,income_statement,income_statement,InterestAndDividendIncomeSecurities,InterestAndDividendIncomeSecurities,2352000,c-851,,,,,,False,InterestAndDividendIncomeSecurities,,,2025-12-31
CGBD,2026-02-24,income_statement,income_statement,InterestAndDividendIncomeSecurities,InterestAndDividendIncomeSecurities,364000,c-854,,,,,,False,InterestAndDividendIncomeSecurities,,,2025-12-31
CGBD,2026-02-24,income_statement,income_statement,InterestAndDividendIncomeSecurities,InterestAndDividendIncomeSecurities,0,c-857,,,,,,False,InterestAndDividendIncomeSecurities,,,2025-12-31
CGBD,2026-02-24,income_statement,income_statement,InterestAndDividendIncomeSecurities,InterestAndDividendIncomeSecurities,8052000,c-860,,,,,,False,InterestAndDividendIncomeSecurities,,,2025-12-31
CGBD,2026-02-24,income_statement,income_statement,RevenueRecognitionPolicyTextBlock,RevenueRecognitionPolicyTextBlock,"<div style=""margin-top:12pt""><span style=""color:#000000;font-family:'Times New Roman',serif;font-size:10pt;font-style:italic;font-weight:700;line-height:120%"">Revenue Recognition</span></div><div style=""margin-top:6pt""><span style=""color:#000000;font-family:'Times New Roman',serif;font-size:10pt;font-style:italic;font-weight:400;line-height:120%"">Interest from Investments</span></div><div style=""margin-top:6pt;text-indent:36pt""><span style=""color:#000000;font-family:'Times New Roman',serif;font-size:10pt;font-weight:400;line-height:120%"">Interest income is recorded on an accrual basis and includes the accretion of discounts and amortization of premiums. Discounts from and premiums to par value on debt investments purchased are accreted/amortized into interest income over the life of the respective security using the effective interest method. The amortized cost of debt investments represents the original cost, including origination fees and upfront fees received that are deemed to be an adjustment to yield, adjusted for the accretion of discounts and amortization of premiums, if any.</span></div><div style=""margin-top:12pt;text-indent:36pt""><span style=""color:#000000;font-family:'Times New Roman',serif;font-size:10pt;font-weight:400;line-height:120%"">The Company may have loans in its portfolio that contain payment-in-kind (“PIK”) provisions. PIK income represents interest that is accrued and recorded as interest income at the contractual rates, increases the loan principal on the respective capitalization dates, and is generally due at maturity. As of December 31, 2025 and 2024, the fair value of the loans in the portfolio with PIK provisions was $305,090 and $235,895, respectively, which represents approximately 12.4% and 13.1%, respectively, of total investments at fair value. For the years ended December 31, 2025, 2024, and 2023 the Company earned $23,115, $21,425 and $20,491 in PIK income, respectively.</span></div><div style=""margin-top:12pt""><span style=""color:#000000;font-family:'Times New Roman',serif;font-size:10pt;font-style:italic;font-weight:400;line-height:120%"">Dividend Income</span></div><div style=""margin-top:6pt;text-indent:36pt""><span style=""color:#000000;font-family:'Times New Roman',serif;font-size:10pt;font-weight:400;line-height:120%"">Dividend income from the investment funds, Credit Fund and Credit Fund II, and other investments funds, if any, is recorded on the record date for the investment fund to the extent that such amounts are payable by the investment funds and are expected to be collected.</span></div><div style=""margin-top:12pt""><span style=""color:#000000;font-family:'Times New Roman',serif;font-size:10pt;font-style:italic;font-weight:400;line-height:120%"">Other Income</span></div><div style=""margin-top:6pt;text-indent:36pt""><span style=""color:#000000;font-family:'Times New Roman',serif;font-size:10pt;font-weight:400;line-height:120%"">Other income may include income such as consent, waiver, amendment, unused, underwriting, arranger and prepayment fees associated with the Company’s investment activities as well as any fees for managerial assistance services rendered by the Company to the portfolio companies. Such fees are recognized as income when earned or the services are rendered. The Company may receive fees for guaranteeing the outstanding debt of a portfolio company. Such fees are amortized into other income over the life of the guarantee. The unamortized amount, if any, is included in prepaid expenses and other assets in the accompanying Consolidated Statements of Assets and Liabilities. For the years ended December 31, 2025, 2024, and 2023, the Company earned $5,309, $4,679 and $5,003, respectively, in other income, primarily from amendment fees, prepayment fees and unused commitment fees. </span></div><div style=""margin-top:12pt""><span style=""color:#000000;font-family:'Times New Roman',serif;font-size:10pt;font-style:italic;font-weight:400;line-height:120%"">Non-Accrual Income</span></div>Loans are generally placed on non-accrual status when principal or interest payments are past due or when there is reasonable doubt that principal or interest will be collected in full. Accrued and unpaid interest is generally reversed when a loan is placed on non-accrual status. Interest payments received on non-accrual loans may be recognized as income or applied to principal depending upon management’s judgment regarding collectability. Non-accrual loans are restored to accrual status when past due principal and interest are current or there is no longer any reasonable doubt that such principal or interest will be collected in full and, in management’s judgment, are likely to remain current. Management may determine not to place a loan on non-accrual status if the loan has sufficient collateral value and is in the process of collection.",c-1,,,,,,False,RevenueRecognitionPolicyTextBlock,,,2025-12-31
CGBD,2026-02-24,income_statement,income_statement,InterestIncomeOperatingPaidInKind,InterestIncomeOperatingPaidInKind,23115000,c-1,,,,,,False,InterestIncomeOperatingPaidInKind,,,2025-12-31
CGBD,2026-02-24,income_statement,income_statement,InterestIncomeOperatingPaidInKind,InterestIncomeOperatingPaidInKind,21425000,c-75,,,,,,False,InterestIncomeOperatingPaidInKind,,,2025-12-31
CGBD,2026-02-24,income_statement,income_statement,InterestIncomeOperatingPaidInKind,InterestIncomeOperatingPaidInKind,20491000,c-76,,,,,,False,InterestIncomeOperatingPaidInKind,,,2025-12-31
CGBD,2026-02-24,income_statement,income_statement,OtherIncome,OtherIncome,5309000,c-1,,,,,,False,OtherIncome,,,2025-12-31
CGBD,2026-02-24,income_statement,income_statement,OtherIncome,OtherIncome,4679000,c-75,,,,,,False,OtherIncome,,,2025-12-31
CGBD,2026-02-24,income_statement,income_statement,OtherIncome,OtherIncome,5003000,c-76,,,,,,False,OtherIncome,,,2025-12-31
CGBD,2026-02-24,income_statement,income_statement,IncomeTaxPolicyTextBlock,IncomeTaxPolicyTextBlock,"<div style=""margin-top:12pt""><span style=""color:#000000;font-family:'Times New Roman',serif;font-size:10pt;font-style:italic;font-weight:700;line-height:120%"">Income Taxes</span></div><div style=""margin-top:6pt;text-indent:36pt""><span style=""color:#000000;font-family:'Times New Roman',serif;font-size:10pt;font-weight:400;line-height:120%"">For federal income tax purposes, the Company has elected to be treated as a RIC under the Code, and intends to make the required distributions to its stockholders as specified therein. In order to qualify as a RIC, the Company must meet certain minimum distribution, source-of-income and asset diversification requirements. If such requirements are met, then the Company is generally required to pay income taxes only on the portion of its taxable income and gains it does not distribute.</span></div><div style=""margin-top:12pt;text-indent:36pt""><span style=""color:#000000;font-family:'Times New Roman',serif;font-size:10pt;font-weight:400;line-height:120%"">The minimum distribution requirements applicable to RICs require the Company to distribute to its stockholders at least 90% of its investment company taxable income (“ICTI”), as defined by the Code, each year. Depending on the level of ICTI earned in a tax year, the Company may choose to carry forward ICTI in excess of current year distributions into the next </span></div><div style=""margin-top:12pt""><span style=""color:#000000;font-family:'Times New Roman',serif;font-size:10pt;font-weight:400;line-height:120%"">tax year. Any such carryover ICTI must be distributed before the end of that next tax year through a dividend declared prior to filing the final tax return related to the year which generated such ICTI.</span></div><div style=""margin-top:12pt;text-indent:36pt""><span style=""color:#000000;font-family:'Times New Roman',serif;font-size:10pt;font-weight:400;line-height:120%"">In addition, based on the excise distribution requirements, the Company is subject to a 4% nondeductible federal excise tax on undistributed income unless the Company distributes in a timely manner an amount at least equal to the sum of (1) 98% of its ordinary income for each calendar year, (2) 98.2% of capital gain net income (both long-term and short-term) for the one-year period ending October 31 in that calendar year and (3) any income realized, but not distributed, in the preceding year. For this purpose, however, any ordinary income or capital gain net income retained by the Company that is subject to corporate income tax is considered to have been distributed. For the years ended December 31, 2025, 2024, and 2023, the Company incurred $1,906, $2,739 and $2,435 in excise tax expense, respectively. </span></div>The Company evaluates tax positions taken or expected to be taken in the course of preparing its consolidated financial statements to determine whether the tax positions are “more likely than not” to be sustained by the applicable tax authority. The SPV, CSL III SPV, Credit Fund II and the 2015-1 Issuer are disregarded entities for tax purposes and are consolidated with the tax return of the Company. All penalties and interest associated with income taxes, if any, are included in income tax expense.",c-1,,,,,,False,IncomeTaxPolicyTextBlock,,,2025-12-31
CGBD,2026-02-24,income_statement,income_statement,ManagementAndIncentiveFeesExpense,ManagementAndIncentiveFeesExpense,55720000,c-1,,,,,,False,ManagementAndIncentiveFeesExpense,,,2025-12-31
CGBD,2026-02-24,income_statement,income_statement,ManagementAndIncentiveFeesExpense,ManagementAndIncentiveFeesExpense,48555000,c-75,,,,,,False,ManagementAndIncentiveFeesExpense,,,2025-12-31
CGBD,2026-02-24,income_statement,income_statement,ManagementAndIncentiveFeesExpense,ManagementAndIncentiveFeesExpense,51137000,c-76,,,,,,False,ManagementAndIncentiveFeesExpense,,,2025-12-31
CGBD,2026-02-24,income_statement,income_statement,IncentiveFeeExpense,IncentiveFeeExpense,0,c-1328,,,,,,False,IncentiveFeeExpense,,,2025-12-31
CGBD,2026-02-24,income_statement,income_statement,IncentiveFeeExpense,IncentiveFeeExpense,0,c-1329,,,,,,False,IncentiveFeeExpense,,,2025-12-31
CGBD,2026-02-24,income_statement,income_statement,IncentiveFeeExpense,IncentiveFeeExpense,0,c-1330,,,,,,False,IncentiveFeeExpense,,,2025-12-31
CGBD,2026-02-24,income_statement,income_statement,OtherGeneralAndAdministrativeExpense,OtherGeneralAndAdministrativeExpense,782000,c-1334,,,,,,False,OtherGeneralAndAdministrativeExpense,,,2025-12-31
CGBD,2026-02-24,income_statement,income_statement,OtherGeneralAndAdministrativeExpense,OtherGeneralAndAdministrativeExpense,682000,c-1335,,,,,,False,OtherGeneralAndAdministrativeExpense,,,2025-12-31
CGBD,2026-02-24,income_statement,income_statement,OtherGeneralAndAdministrativeExpense,OtherGeneralAndAdministrativeExpense,669000,c-1336,,,,,,False,OtherGeneralAndAdministrativeExpense,,,2025-12-31
CGBD,2026-02-24,income_statement,income_statement,PreferredStockDividendsIncomeStatementImpact,PreferredStockDividendsIncomeStatementImpact,826000,c-1349,,,,,,False,PreferredStockDividendsIncomeStatementImpact,,,2025-12-31
CGBD,2026-02-24,income_statement,income_statement,IncentiveFeeExpense,IncentiveFeeExpense,1413000,c-1353,,,,,,False,IncentiveFeeExpense,,,2025-12-31
CGBD,2026-02-24,income_statement,income_statement,InvestmentCompanyExcessExpenseReimbursable,InvestmentCompanyExcessExpenseReimbursable,1998000,c-1353,,,,,,False,InvestmentCompanyExcessExpenseReimbursable,,,2025-12-31
CGBD,2026-02-24,income_statement,income_statement,GrossInvestmentIncomeOperating,GrossInvestmentIncomeOperating,66324000,c-1359,,,,,,False,GrossInvestmentIncomeOperating,,,2025-12-31
CGBD,2026-02-24,income_statement,income_statement,GrossInvestmentIncomeOperating,GrossInvestmentIncomeOperating,72407000,c-1375,,,,,,False,GrossInvestmentIncomeOperating,,,2025-12-31
CGBD,2026-02-24,income_statement,income_statement,GrossInvestmentIncomeOperating,GrossInvestmentIncomeOperating,90448000,c-1376,,,,,,False,GrossInvestmentIncomeOperating,,,2025-12-31
CGBD,2026-02-24,income_statement,income_statement,OtherExpenses,OtherExpenses,2123000,c-1359,,,,,,False,OtherExpenses,,,2025-12-31
CGBD,2026-02-24,income_statement,income_statement,OtherExpenses,OtherExpenses,1676000,c-1375,,,,,,False,OtherExpenses,,,2025-12-31
CGBD,2026-02-24,income_statement,income_statement,OtherExpenses,OtherExpenses,1939000,c-1376,,,,,,False,OtherExpenses,,,2025-12-31
CGBD,2026-02-24,income_statement,income_statement,InvestmentIncomeInvestmentExpense,InvestmentIncomeInvestmentExpense,30962000,c-1359,,,,,,False,InvestmentIncomeInvestmentExpense,,,2025-12-31
CGBD,2026-02-24,income_statement,income_statement,InvestmentIncomeInvestmentExpense,InvestmentIncomeInvestmentExpense,31330000,c-1375,,,,,,False,InvestmentIncomeInvestmentExpense,,,2025-12-31
CGBD,2026-02-24,income_statement,income_statement,InvestmentIncomeInvestmentExpense,InvestmentIncomeInvestmentExpense,43396000,c-1376,,,,,,False,InvestmentIncomeInvestmentExpense,,,2025-12-31
CGBD,2026-02-24,income_statement,income_statement,InvestmentIncomeOperatingAfterExpenseAndTax,InvestmentIncomeOperatingAfterExpenseAndTax,35362000,c-1359,,,,,,False,InvestmentIncomeOperatingAfterExpenseAndTax,,,2025-12-31
CGBD,2026-02-24,income_statement,income_statement,InvestmentIncomeOperatingAfterExpenseAndTax,InvestmentIncomeOperatingAfterExpenseAndTax,41077000,c-1375,,,,,,False,InvestmentIncomeOperatingAfterExpenseAndTax,,,2025-12-31
CGBD,2026-02-24,income_statement,income_statement,InvestmentIncomeOperatingAfterExpenseAndTax,InvestmentIncomeOperatingAfterExpenseAndTax,47052000,c-1376,,,,,,False,InvestmentIncomeOperatingAfterExpenseAndTax,,,2025-12-31
CGBD,2026-02-24,income_statement,income_statement,NetIncomeLoss,NetIncomeLoss,32518000,c-1359,,,,,,False,NetIncomeLoss,,net_income,2025-12-31
CGBD,2026-02-24,income_statement,income_statement,NetIncomeLoss,NetIncomeLoss,58102000,c-1375,,,,,,False,NetIncomeLoss,,net_income,2025-12-31
CGBD,2026-02-24,income_statement,income_statement,NetIncomeLoss,NetIncomeLoss,38393000,c-1376,,,,,,False,NetIncomeLoss,,net_income,2025-12-31
CGBD,2026-02-24,income_statement,income_statement,InvestmentIncomeOperatingAfterExpenseAndTax,InvestmentIncomeOperatingAfterExpenseAndTax,100746000,c-1693,,,,,,False,InvestmentIncomeOperatingAfterExpenseAndTax,,,2025-12-31
CGBD,2026-02-24,income_statement,income_statement,InvestmentIncomeOperatingAfterExpenseAndTax,InvestmentIncomeOperatingAfterExpenseAndTax,105252000,c-1711,,,,,,False,InvestmentIncomeOperatingAfterExpenseAndTax,,,2025-12-31
CGBD,2026-02-24,income_statement,income_statement,InvestmentIncomeOperatingAfterExpenseAndTax,InvestmentIncomeOperatingAfterExpenseAndTax,109971000,c-1723,,,,,,False,InvestmentIncomeOperatingAfterExpenseAndTax,,,2025-12-31
CGBD,2026-02-24,income_statement,income_statement,InvestmentCompanyInvestmentIncomeLossPerShare,InvestmentCompanyInvestmentIncomeLossPerShare,1.48,c-1,,,,,,False,InvestmentCompanyInvestmentIncomeLossPerShare,,,2025-12-31
CGBD,2026-02-24,income_statement,income_statement,InvestmentCompanyInvestmentIncomeLossPerShare,InvestmentCompanyInvestmentIncomeLossPerShare,2.00,c-75,,,,,,False,InvestmentCompanyInvestmentIncomeLossPerShare,,,2025-12-31
CGBD,2026-02-24,income_statement,income_statement,InvestmentCompanyInvestmentIncomeLossPerShare,InvestmentCompanyInvestmentIncomeLossPerShare,2.10,c-76,,,,,,False,InvestmentCompanyInvestmentIncomeLossPerShare,,,2025-12-31
CGBD,2026-02-24,income_statement,income_statement,InvestmentCompanyInvestmentIncomeLossPerShare,InvestmentCompanyInvestmentIncomeLossPerShare,1.93,c-1746,,,,,,False,InvestmentCompanyInvestmentIncomeLossPerShare,,,2025-12-31
CGBD,2026-02-24,income_statement,income_statement,InvestmentCompanyInvestmentIncomeLossPerShare,InvestmentCompanyInvestmentIncomeLossPerShare,1.53,c-1747,,,,,,False,InvestmentCompanyInvestmentIncomeLossPerShare,,,2025-12-31
CGBD,2026-02-24,income_statement,income_statement,InvestmentCompanyInvestmentIncomeLossFromOperationsPerShare,InvestmentCompanyInvestmentIncomeLossFromOperationsPerShare,1.02,c-1,,,,,,False,InvestmentCompanyInvestmentIncomeLossFromOperationsPerShare,,,2025-12-31
CGBD,2026-02-24,income_statement,income_statement,InvestmentCompanyInvestmentIncomeLossFromOperationsPerShare,InvestmentCompanyInvestmentIncomeLossFromOperationsPerShare,1.68,c-75,,,,,,False,InvestmentCompanyInvestmentIncomeLossFromOperationsPerShare,,,2025-12-31
CGBD,2026-02-24,income_statement,income_statement,InvestmentCompanyInvestmentIncomeLossFromOperationsPerShare,InvestmentCompanyInvestmentIncomeLossFromOperationsPerShare,1.75,c-76,,,,,,False,InvestmentCompanyInvestmentIncomeLossFromOperationsPerShare,,,2025-12-31
CGBD,2026-02-24,income_statement,income_statement,InvestmentCompanyInvestmentIncomeLossFromOperationsPerShare,InvestmentCompanyInvestmentIncomeLossFromOperationsPerShare,1.58,c-1746,,,,,,False,InvestmentCompanyInvestmentIncomeLossFromOperationsPerShare,,,2025-12-31
CGBD,2026-02-24,income_statement,income_statement,InvestmentCompanyInvestmentIncomeLossFromOperationsPerShare,InvestmentCompanyInvestmentIncomeLossFromOperationsPerShare,2.89,c-1747,,,,,,False,InvestmentCompanyInvestmentIncomeLossFromOperationsPerShare,,,2025-12-31
CGBD,2026-02-24,income_statement,income_statement,InvestmentCompanyExpenseRatioExcludingIncentiveFee,InvestmentCompanyExpenseRatioExcludingIncentiveFee,0.1189,c-1,,,,,,False,InvestmentCompanyExpenseRatioExcludingIncentiveFee,,,2025-12-31
CGBD,2026-02-24,income_statement,income_statement,InvestmentCompanyExpenseRatioExcludingIncentiveFee,InvestmentCompanyExpenseRatioExcludingIncentiveFee,0.1228,c-75,,,,,,False,InvestmentCompanyExpenseRatioExcludingIncentiveFee,,,2025-12-31
CGBD,2026-02-24,income_statement,income_statement,InvestmentCompanyExpenseRatioExcludingIncentiveFee,InvestmentCompanyExpenseRatioExcludingIncentiveFee,0.1266,c-76,,,,,,False,InvestmentCompanyExpenseRatioExcludingIncentiveFee,,,2025-12-31
CGBD,2026-02-24,income_statement,income_statement,InvestmentCompanyExpenseRatioExcludingIncentiveFee,InvestmentCompanyExpenseRatioExcludingIncentiveFee,0.0923,c-1746,,,,,,False,InvestmentCompanyExpenseRatioExcludingIncentiveFee,,,2025-12-31
CGBD,2026-02-24,income_statement,income_statement,InvestmentCompanyExpenseRatioExcludingIncentiveFee,InvestmentCompanyExpenseRatioExcludingIncentiveFee,0.0762,c-1747,,,,,,False,InvestmentCompanyExpenseRatioExcludingIncentiveFee,,,2025-12-31
CGBD,2026-02-24,income_statement,income_statement,InvestmentCompanyExpenseRatioIncludingIncentiveFee,InvestmentCompanyExpenseRatioIncludingIncentiveFee,0.1376,c-1,,,,,,False,InvestmentCompanyExpenseRatioIncludingIncentiveFee,,,2025-12-31
CGBD,2026-02-24,income_statement,income_statement,InvestmentCompanyExpenseRatioIncludingIncentiveFee,InvestmentCompanyExpenseRatioIncludingIncentiveFee,0.1480,c-75,,,,,,False,InvestmentCompanyExpenseRatioIncludingIncentiveFee,,,2025-12-31
CGBD,2026-02-24,income_statement,income_statement,InvestmentCompanyExpenseRatioIncludingIncentiveFee,InvestmentCompanyExpenseRatioIncludingIncentiveFee,0.1529,c-76,,,,,,False,InvestmentCompanyExpenseRatioIncludingIncentiveFee,,,2025-12-31
CGBD,2026-02-24,income_statement,income_statement,InvestmentCompanyExpenseRatioIncludingIncentiveFee,InvestmentCompanyExpenseRatioIncludingIncentiveFee,0.1165,c-1746,,,,,,False,InvestmentCompanyExpenseRatioIncludingIncentiveFee,,,2025-12-31
CGBD,2026-02-24,income_statement,income_statement,InvestmentCompanyExpenseRatioIncludingIncentiveFee,InvestmentCompanyExpenseRatioIncludingIncentiveFee,0.0963,c-1747,,,,,,False,InvestmentCompanyExpenseRatioIncludingIncentiveFee,,,2025-12-31
CGBD,2026-02-24,income_statement,income_statement,InvestmentCompanyExpenseRatioAfterIncentiveAllocation,InvestmentCompanyExpenseRatioAfterIncentiveAllocation,0.1376,c-1,,,,,,False,InvestmentCompanyExpenseRatioAfterIncentiveAllocation,,,2025-12-31
CGBD,2026-02-24,income_statement,income_statement,InvestmentCompanyExpenseRatioAfterIncentiveAllocation,InvestmentCompanyExpenseRatioAfterIncentiveAllocation,0.1480,c-75,,,,,,False,InvestmentCompanyExpenseRatioAfterIncentiveAllocation,,,2025-12-31
CGBD,2026-02-24,income_statement,income_statement,InvestmentCompanyExpenseRatioAfterIncentiveAllocation,InvestmentCompanyExpenseRatioAfterIncentiveAllocation,0.1529,c-76,,,,,,False,InvestmentCompanyExpenseRatioAfterIncentiveAllocation,,,2025-12-31
CGBD,2026-02-24,income_statement,income_statement,InvestmentCompanyExpenseRatioAfterIncentiveAllocation,InvestmentCompanyExpenseRatioAfterIncentiveAllocation,0.1165,c-1746,,,,,,False,InvestmentCompanyExpenseRatioAfterIncentiveAllocation,,,2025-12-31
CGBD,2026-02-24,income_statement,income_statement,InvestmentCompanyExpenseRatioAfterIncentiveAllocation,InvestmentCompanyExpenseRatioAfterIncentiveAllocation,0.0963,c-1747,,,,,,False,InvestmentCompanyExpenseRatioAfterIncentiveAllocation,,,2025-12-31
CGBD,2026-02-24,income_statement,income_statement,InvestmentCompanyInvestmentIncomeLossRatio,InvestmentCompanyInvestmentIncomeLossRatio,0.0895,c-1,,,,,,False,InvestmentCompanyInvestmentIncomeLossRatio,,,2025-12-31
CGBD,2026-02-24,income_statement,income_statement,InvestmentCompanyInvestmentIncomeLossRatio,InvestmentCompanyInvestmentIncomeLossRatio,0.1223,c-75,,,,,,False,InvestmentCompanyInvestmentIncomeLossRatio,,,2025-12-31
CGBD,2026-02-24,income_statement,income_statement,InvestmentCompanyInvestmentIncomeLossRatio,InvestmentCompanyInvestmentIncomeLossRatio,0.1277,c-76,,,,,,False,InvestmentCompanyInvestmentIncomeLossRatio,,,2025-12-31
CGBD,2026-02-24,income_statement,income_statement,InvestmentCompanyInvestmentIncomeLossRatio,InvestmentCompanyInvestmentIncomeLossRatio,0.1175,c-1746,,,,,,False,InvestmentCompanyInvestmentIncomeLossRatio,,,2025-12-31
CGBD,2026-02-24,income_statement,income_statement,InvestmentCompanyInvestmentIncomeLossRatio,InvestmentCompanyInvestmentIncomeLossRatio,0.0991,c-1747,,,,,,False,InvestmentCompanyInvestmentIncomeLossRatio,,,2025-12-31
CGBD,2026-02-24,income_statement,income_statement,InvestmentCompanyInterestExpenseRatioIncludingLineOfCreditFacilityCommitmentFee,InvestmentCompanyInterestExpenseRatioIncludingLineOfCreditFacilityCommitmentFee,0.0783,c-1,,,,,,False,InvestmentCompanyInterestExpenseRatioIncludingLineOfCreditFacilityCommitmentFee,,,2025-12-31
CGBD,2026-02-24,income_statement,income_statement,InvestmentCompanyInterestExpenseRatioIncludingLineOfCreditFacilityCommitmentFee,InvestmentCompanyInterestExpenseRatioIncludingLineOfCreditFacilityCommitmentFee,0.0796,c-75,,,,,,False,InvestmentCompanyInterestExpenseRatioIncludingLineOfCreditFacilityCommitmentFee,,,2025-12-31
CGBD,2026-02-24,income_statement,income_statement,InvestmentCompanyInterestExpenseRatioIncludingLineOfCreditFacilityCommitmentFee,InvestmentCompanyInterestExpenseRatioIncludingLineOfCreditFacilityCommitmentFee,0.0833,c-76,,,,,,False,InvestmentCompanyInterestExpenseRatioIncludingLineOfCreditFacilityCommitmentFee,,,2025-12-31
CGBD,2026-02-24,income_statement,income_statement,InvestmentCompanyInterestExpenseRatioIncludingLineOfCreditFacilityCommitmentFee,InvestmentCompanyInterestExpenseRatioIncludingLineOfCreditFacilityCommitmentFee,0.0496,c-1746,,,,,,False,InvestmentCompanyInterestExpenseRatioIncludingLineOfCreditFacilityCommitmentFee,,,2025-12-31
CGBD,2026-02-24,income_statement,income_statement,InvestmentCompanyInterestExpenseRatioIncludingLineOfCreditFacilityCommitmentFee,InvestmentCompanyInterestExpenseRatioIncludingLineOfCreditFacilityCommitmentFee,0.0351,c-1747,,,,,,False,InvestmentCompanyInterestExpenseRatioIncludingLineOfCreditFacilityCommitmentFee,,,2025-12-31
CGBD,2026-02-24,income_statement,income_statement,InvestmentCompanyInvestmentIncomeLossPerShare,InvestmentCompanyInvestmentIncomeLossPerShare,1.54,c-1753,,,,,,False,InvestmentCompanyInvestmentIncomeLossPerShare,,,2025-12-31
CGBD,2026-02-24,income_statement,income_statement,InvestmentCompanyInvestmentIncomeLossPerShare,InvestmentCompanyInvestmentIncomeLossPerShare,1.79,c-1754,,,,,,False,InvestmentCompanyInvestmentIncomeLossPerShare,,,2025-12-31
CGBD,2026-02-24,income_statement,income_statement,InvestmentCompanyInvestmentIncomeLossPerShare,InvestmentCompanyInvestmentIncomeLossPerShare,1.73,c-1755,,,,,,False,InvestmentCompanyInvestmentIncomeLossPerShare,,,2025-12-31
CGBD,2026-02-24,income_statement,income_statement,InvestmentCompanyInvestmentIncomeLossPerShare,InvestmentCompanyInvestmentIncomeLossPerShare,1.74,c-1756,,,,,,False,InvestmentCompanyInvestmentIncomeLossPerShare,,,2025-12-31
CGBD,2026-02-24,income_statement,income_statement,InvestmentCompanyInvestmentIncomeLossPerShare,InvestmentCompanyInvestmentIncomeLossPerShare,1.65,c-1757,,,,,,False,InvestmentCompanyInvestmentIncomeLossPerShare,,,2025-12-31
CGBD,2026-02-24,income_statement,income_statement,InvestmentCompanyInvestmentIncomeLossFromOperationsPerShare,InvestmentCompanyInvestmentIncomeLossFromOperationsPerShare,0.08,c-1753,,,,,,False,InvestmentCompanyInvestmentIncomeLossFromOperationsPerShare,,,2025-12-31
CGBD,2026-02-24,income_statement,income_statement,InvestmentCompanyInvestmentIncomeLossFromOperationsPerShare,InvestmentCompanyInvestmentIncomeLossFromOperationsPerShare,1.04,c-1754,,,,,,False,InvestmentCompanyInvestmentIncomeLossFromOperationsPerShare,,,2025-12-31
CGBD,2026-02-24,income_statement,income_statement,InvestmentCompanyInvestmentIncomeLossFromOperationsPerShare,InvestmentCompanyInvestmentIncomeLossFromOperationsPerShare,0.63,c-1755,,,,,,False,InvestmentCompanyInvestmentIncomeLossFromOperationsPerShare,,,2025-12-31
CGBD,2026-02-24,income_statement,income_statement,InvestmentCompanyInvestmentIncomeLossFromOperationsPerShare,InvestmentCompanyInvestmentIncomeLossFromOperationsPerShare,1.55,c-1756,,,,,,False,InvestmentCompanyInvestmentIncomeLossFromOperationsPerShare,,,2025-12-31
CGBD,2026-02-24,income_statement,income_statement,InvestmentCompanyInvestmentIncomeLossFromOperationsPerShare,InvestmentCompanyInvestmentIncomeLossFromOperationsPerShare,1.85,c-1757,,,,,,False,InvestmentCompanyInvestmentIncomeLossFromOperationsPerShare,,,2025-12-31
CGBD,2026-02-24,income_statement,income_statement,InvestmentCompanyExpenseRatioExcludingIncentiveFee,InvestmentCompanyExpenseRatioExcludingIncentiveFee,0.0848,c-1753,,,,,,False,InvestmentCompanyExpenseRatioExcludingIncentiveFee,,,2025-12-31
CGBD,2026-02-24,income_statement,income_statement,InvestmentCompanyExpenseRatioExcludingIncentiveFee,InvestmentCompanyExpenseRatioExcludingIncentiveFee,0.0879,c-1754,,,,,,False,InvestmentCompanyExpenseRatioExcludingIncentiveFee,,,2025-12-31
CGBD,2026-02-24,income_statement,income_statement,InvestmentCompanyExpenseRatioExcludingIncentiveFee,InvestmentCompanyExpenseRatioExcludingIncentiveFee,0.0677,c-1755,,,,,,False,InvestmentCompanyExpenseRatioExcludingIncentiveFee,,,2025-12-31
CGBD,2026-02-24,income_statement,income_statement,InvestmentCompanyExpenseRatioExcludingIncentiveFee,InvestmentCompanyExpenseRatioExcludingIncentiveFee,0.0525,c-1756,,,,,,False,InvestmentCompanyExpenseRatioExcludingIncentiveFee,,,2025-12-31
CGBD,2026-02-24,income_statement,income_statement,InvestmentCompanyExpenseRatioExcludingIncentiveFee,InvestmentCompanyExpenseRatioExcludingIncentiveFee,0.0546,c-1757,,,,,,False,InvestmentCompanyExpenseRatioExcludingIncentiveFee,,,2025-12-31
CGBD,2026-02-24,income_statement,income_statement,InvestmentCompanyExpenseRatioIncludingIncentiveFee,InvestmentCompanyExpenseRatioIncludingIncentiveFee,0.1059,c-1753,,,,,,False,InvestmentCompanyExpenseRatioIncludingIncentiveFee,,,2025-12-31
CGBD,2026-02-24,income_statement,income_statement,InvestmentCompanyExpenseRatioIncludingIncentiveFee,InvestmentCompanyExpenseRatioIncludingIncentiveFee,0.1105,c-1754,,,,,,False,InvestmentCompanyExpenseRatioIncludingIncentiveFee,,,2025-12-31
CGBD,2026-02-24,income_statement,income_statement,InvestmentCompanyExpenseRatioIncludingIncentiveFee,InvestmentCompanyExpenseRatioIncludingIncentiveFee,0.0881,c-1755,,,,,,False,InvestmentCompanyExpenseRatioIncludingIncentiveFee,,,2025-12-31
CGBD,2026-02-24,income_statement,income_statement,InvestmentCompanyExpenseRatioIncludingIncentiveFee,InvestmentCompanyExpenseRatioIncludingIncentiveFee,0.0739,c-1756,,,,,,False,InvestmentCompanyExpenseRatioIncludingIncentiveFee,,,2025-12-31
CGBD,2026-02-24,income_statement,income_statement,InvestmentCompanyExpenseRatioIncludingIncentiveFee,InvestmentCompanyExpenseRatioIncludingIncentiveFee,0.0769,c-1757,,,,,,False,InvestmentCompanyExpenseRatioIncludingIncentiveFee,,,2025-12-31
CGBD,2026-02-24,income_statement,income_statement,InvestmentCompanyExpenseRatioAfterIncentiveAllocation,InvestmentCompanyExpenseRatioAfterIncentiveAllocation,0.1059,c-1753,,,,,,False,InvestmentCompanyExpenseRatioAfterIncentiveAllocation,,,2025-12-31
CGBD,2026-02-24,income_statement,income_statement,InvestmentCompanyExpenseRatioAfterIncentiveAllocation,InvestmentCompanyExpenseRatioAfterIncentiveAllocation,0.1105,c-1754,,,,,,False,InvestmentCompanyExpenseRatioAfterIncentiveAllocation,,,2025-12-31
CGBD,2026-02-24,income_statement,income_statement,InvestmentCompanyExpenseRatioAfterIncentiveAllocation,InvestmentCompanyExpenseRatioAfterIncentiveAllocation,0.0881,c-1755,,,,,,False,InvestmentCompanyExpenseRatioAfterIncentiveAllocation,,,2025-12-31
CGBD,2026-02-24,income_statement,income_statement,InvestmentCompanyExpenseRatioAfterIncentiveAllocation,InvestmentCompanyExpenseRatioAfterIncentiveAllocation,0.0797,c-1756,,,,,,False,InvestmentCompanyExpenseRatioAfterIncentiveAllocation,,,2025-12-31
CGBD,2026-02-24,income_statement,income_statement,InvestmentCompanyExpenseRatioAfterIncentiveAllocation,InvestmentCompanyExpenseRatioAfterIncentiveAllocation,0.0862,c-1757,,,,,,False,InvestmentCompanyExpenseRatioAfterIncentiveAllocation,,,2025-12-31
CGBD,2026-02-24,income_statement,income_statement,InvestmentCompanyInvestmentIncomeLossRatio,InvestmentCompanyInvestmentIncomeLossRatio,0.1008,c-1753,,,,,,False,InvestmentCompanyInvestmentIncomeLossRatio,,,2025-12-31
CGBD,2026-02-24,income_statement,income_statement,InvestmentCompanyInvestmentIncomeLossRatio,InvestmentCompanyInvestmentIncomeLossRatio,0.1047,c-1754,,,,,,False,InvestmentCompanyInvestmentIncomeLossRatio,,,2025-12-31
CGBD,2026-02-24,income_statement,income_statement,InvestmentCompanyInvestmentIncomeLossRatio,InvestmentCompanyInvestmentIncomeLossRatio,0.0964,c-1755,,,,,,False,InvestmentCompanyInvestmentIncomeLossRatio,,,2025-12-31
CGBD,2026-02-24,income_statement,income_statement,InvestmentCompanyInvestmentIncomeLossRatio,InvestmentCompanyInvestmentIncomeLossRatio,0.0935,c-1756,,,,,,False,InvestmentCompanyInvestmentIncomeLossRatio,,,2025-12-31
CGBD,2026-02-24,income_statement,income_statement,InvestmentCompanyInvestmentIncomeLossRatio,InvestmentCompanyInvestmentIncomeLossRatio,0.0893,c-1757,,,,,,False,InvestmentCompanyInvestmentIncomeLossRatio,,,2025-12-31
CGBD,2026-02-24,income_statement,income_statement,InvestmentCompanyInterestExpenseRatioIncludingLineOfCreditFacilityCommitmentFee,InvestmentCompanyInterestExpenseRatioIncludingLineOfCreditFacilityCommitmentFee,0.0449,c-1753,,,,,,False,InvestmentCompanyInterestExpenseRatioIncludingLineOfCreditFacilityCommitmentFee,,,2025-12-31
CGBD,2026-02-24,income_statement,income_statement,InvestmentCompanyInterestExpenseRatioIncludingLineOfCreditFacilityCommitmentFee,InvestmentCompanyInterestExpenseRatioIncludingLineOfCreditFacilityCommitmentFee,0.0522,c-1754,,,,,,False,InvestmentCompanyInterestExpenseRatioIncludingLineOfCreditFacilityCommitmentFee,,,2025-12-31
CGBD,2026-02-24,income_statement,income_statement,InvestmentCompanyInterestExpenseRatioIncludingLineOfCreditFacilityCommitmentFee,InvestmentCompanyInterestExpenseRatioIncludingLineOfCreditFacilityCommitmentFee,0.0357,c-1755,,,,,,False,InvestmentCompanyInterestExpenseRatioIncludingLineOfCreditFacilityCommitmentFee,,,2025-12-31
CGBD,2026-02-24,income_statement,income_statement,InvestmentCompanyInterestExpenseRatioIncludingLineOfCreditFacilityCommitmentFee,InvestmentCompanyInterestExpenseRatioIncludingLineOfCreditFacilityCommitmentFee,0.0269,c-1756,,,,,,False,InvestmentCompanyInterestExpenseRatioIncludingLineOfCreditFacilityCommitmentFee,,,2025-12-31
CGBD,2026-02-24,income_statement,income_statement,InvestmentCompanyInterestExpenseRatioIncludingLineOfCreditFacilityCommitmentFee,InvestmentCompanyInterestExpenseRatioIncludingLineOfCreditFacilityCommitmentFee,0.0285,c-1757,,,,,,False,InvestmentCompanyInterestExpenseRatioIncludingLineOfCreditFacilityCommitmentFee,,,2025-12-31
CGBD,2026-02-24,income_statement,income_statement,IncomeTaxDisclosureTextBlock,IncomeTaxDisclosureTextBlock,"<div style=""margin-top:18pt""><span style=""color:#000000;font-family:'Times New Roman',serif;font-size:10pt;font-weight:700;line-height:120%"">15. TAX</span></div><div style=""margin-top:6pt;text-indent:36pt""><span style=""color:#000000;font-family:'Times New Roman',serif;font-size:10pt;font-weight:400;line-height:120%"">The Company has not recorded a liability for any uncertain tax positions pursuant to the provisions of ASC 740, </span><span style=""color:#000000;font-family:'Times New Roman',serif;font-size:10pt;font-style:italic;font-weight:400;line-height:120%"">Income Taxes</span><span style=""color:#000000;font-family:'Times New Roman',serif;font-size:10pt;font-weight:400;line-height:120%"">, as of December 31, 2025 and 2024.</span></div><div style=""margin-top:12pt;text-indent:36pt""><span style=""color:#000000;font-family:'Times New Roman',serif;font-size:10pt;font-weight:400;line-height:120%"">In the normal course of business, the Company is subject to examination by federal and certain state, local and foreign tax regulators. As of December 31, 2025 and 2024, the Company had filed tax returns. The Company’s federal tax returns are generally subject to examination by the Internal Revenue Service for a period of three years after they are filed.</span></div><div style=""margin-top:12pt;text-indent:36pt""><span style=""color:#000000;font-family:'Times New Roman',serif;font-size:10pt;font-weight:400;line-height:120%"">Book and tax basis differences relating to stockholder dividends and distributions and other permanent book and tax differences are reclassified among the Company’s capital accounts. In addition, the character of income and gains to be distributed is determined in accordance with income tax regulations that may differ from U.S. GAAP. As of December 31, 2025 and 2024, permanent differences primarily due to non-deductible excise tax, non-deductible offering costs, and the tax treatment of partnership investments resulted in a net increase in distributable earnings (loss) by $3,115 and $3,375, respectively, and net decrease in additional paid-in capital in excess of par by $3,115 and $3,375, respectively, on the Consolidated Statements of Assets and Liabilities. Total earnings and NAV were not affected.</span></div><div style=""margin-top:12pt;text-indent:40.5pt""><span style=""color:#000000;font-family:'Times New Roman',serif;font-size:10pt;font-weight:400;line-height:120%"">The tax character of the distributions paid for the fiscal years ended December 31, 2025, 2024, and 2023 was as follows:</span></div><div style=""margin-top:6pt;text-align:center""><table style=""border-collapse:collapse;display:inline-table;margin-bottom:5pt;vertical-align:text-bottom;width:100.000%""><tr><td style=""width:1.0%""></td><td style=""width:46.122%""></td><td style=""width:0.1%""></td><td style=""width:1.0%""></td><td style=""width:16.005%""></td><td style=""width:0.1%""></td><td style=""width:0.1%""></td><td style=""width:0.530%""></td><td style=""width:0.1%""></td><td style=""width:1.0%""></td><td style=""width:16.005%""></td><td style=""width:0.1%""></td><td style=""width:0.1%""></td><td style=""width:0.530%""></td><td style=""width:0.1%""></td><td style=""width:1.0%""></td><td style=""width:16.008%""></td><td style=""width:0.1%""></td></tr><tr><td colspan=""3"" style=""padding:2px 1pt;text-align:left;vertical-align:bottom""><span style=""color:#000000;font-family:'Times New Roman',serif;font-size:9pt;font-weight:400;line-height:100%""> </span></td><td colspan=""15"" style=""padding:2px 1pt;text-align:center;vertical-align:bottom""><span style=""color:#000000;font-family:'Times New Roman',serif;font-size:9pt;font-weight:700;line-height:100%"">Year Ended December 31,</span></td></tr><tr><td colspan=""3"" style=""padding:2px 1pt;text-align:left;vertical-align:bottom""><span style=""color:#000000;font-family:'Times New Roman',serif;font-size:9pt;font-weight:400;line-height:100%""> </span></td><td colspan=""3"" style=""border-top:1pt solid #000000;padding:2px 1pt;text-align:center;vertical-align:bottom""><span style=""color:#000000;font-family:'Times New Roman',serif;font-size:9pt;font-weight:700;line-height:100%"">2025</span></td><td colspan=""3"" style=""border-top:1pt solid #000000;padding:0 1pt""></td><td colspan=""3"" style=""border-top:1pt solid #000000;padding:2px 1pt;text-align:center;vertical-align:bottom""><span style=""color:#000000;font-family:'Times New Roman',serif;font-size:9pt;font-weight:700;line-height:100%"">2024</span></td><td colspan=""3"" style=""border-top:1pt solid #000000;padding:0 1pt""></td><td colspan=""3"" style=""border-top:1pt solid #000000;padding:2px 1pt;text-align:center;vertical-align:bottom""><span style=""color:#000000;font-family:'Times New Roman',serif;font-size:9pt;font-weight:700;line-height:100%"">2023</span></td></tr><tr><td colspan=""3"" style=""background-color:#cceeff;padding:2px 1pt;text-align:left;vertical-align:top""><span style=""color:#000000;font-family:'Times New Roman',serif;font-size:9pt;font-weight:400;line-height:100%"">Ordinary income</span></td><td style=""background-color:#cceeff;border-top:1pt solid #000000;padding:2px 0 2px 1pt;text-align:left;vertical-align:bottom""><span style=""color:#000000;font-family:'Times New Roman',serif;font-size:9pt;font-weight:400;line-height:100%"">$</span></td><td style=""background-color:#cceeff;border-top:1pt solid #000000;padding:2px 0;text-align:right;vertical-align:bottom""><span style=""color:#000000;font-family:'Times New Roman',serif;font-size:9pt;font-weight:400;line-height:100%"">110,802 </span></td><td style=""background-color:#cceeff;border-top:1pt solid #000000;padding:2px 1pt 2px 0;text-align:right;vertical-align:bottom""></td><td colspan=""3"" style=""background-color:#cceeff;padding:0 1pt""></td><td style=""background-color:#cceeff;border-top:1pt solid #000000;padding:2px 0 2px 1pt;text-align:left;vertical-align:bottom""><span style=""color:#000000;font-family:'Times New Roman',serif;font-size:9pt;font-weight:400;line-height:100%"">$</span></td><td style=""background-color:#cceeff;border-top:1pt solid #000000;padding:2px 0;text-align:right;vertical-align:bottom""><span style=""color:#000000;font-family:'Times New Roman',serif;font-size:9pt;font-weight:400;line-height:100%"">98,589 </span></td><td style=""background-color:#cceeff;border-top:1pt solid #000000;padding:2px 1pt 2px 0;text-align:right;vertical-align:bottom""></td><td colspan=""3"" style=""background-color:#cceeff;padding:0 1pt""></td><td style=""background-color:#cceeff;border-top:1pt solid #000000;padding:2px 0 2px 1pt;text-align:left;vertical-align:bottom""><span style=""color:#000000;font-family:'Times New Roman',serif;font-size:9pt;font-weight:400;line-height:100%"">$</span></td><td style=""background-color:#cceeff;border-top:1pt solid #000000;padding:2px 0;text-align:right;vertical-align:bottom""><span style=""color:#000000;font-family:'Times New Roman',serif;font-size:9pt;font-weight:400;line-height:100%"">92,898 </span></td><td style=""background-color:#cceeff;border-top:1pt solid #000000;padding:2px 1pt 2px 0;text-align:right;vertical-align:bottom""></td></tr><tr><td colspan=""3"" style=""padding:2px 1pt;text-align:left;vertical-align:top""><span style=""color:#000000;font-family:'Times New Roman',serif;font-size:9pt;font-weight:400;line-height:100%"">Tax return of capital</span></td><td style=""padding:2px 0 2px 1pt;text-align:left;vertical-align:bottom""><span style=""color:#000000;font-family:'Times New Roman',serif;font-size:9pt;font-weight:400;line-height:100%"">$</span></td><td style=""padding:2px 0;text-align:right;vertical-align:bottom""><span style=""color:#000000;font-family:'Times New Roman',serif;font-size:9pt;font-weight:400;line-height:100%"">— </span></td><td style=""padding:2px 1pt 2px 0;text-align:right;vertical-align:bottom""></td><td colspan=""3"" style=""padding:0 1pt""></td><td style=""padding:2px 0 2px 1pt;text-align:left;vertical-align:bottom""><span style=""color:#000000;font-family:'Times New Roman',serif;font-size:9pt;font-weight:400;line-height:100%"">$</span></td><td style=""padding:2px 0;text-align:right;vertical-align:bottom""><span style=""color:#000000;font-family:'Times New Roman',serif;font-size:9pt;font-weight:400;line-height:100%"">— </span></td><td style=""padding:2px 1pt 2px 0;text-align:right;vertical-align:bottom""></td><td colspan=""3"" style=""padding:0 1pt""></td><td style=""padding:2px 0 2px 1pt;text-align:left;vertical-align:bottom""><span style=""color:#000000;font-family:'Times New Roman',serif;font-size:9pt;font-weight:400;line-height:100%"">$</span></td><td style=""padding:2px 0;text-align:right;vertical-align:bottom""><span style=""color:#000000;font-family:'Times New Roman',serif;font-size:9pt;font-weight:400;line-height:100%"">— </span></td><td style=""padding:2px 1pt 2px 0;text-align:right;vertical-align:bottom""></td></tr></table></div><div style=""margin-top:12pt""><span style=""color:#000000;font-family:'Times New Roman',serif;font-size:10pt;font-style:italic;font-weight:700;line-height:120%"">Income Tax Information and Distributions to Stockholders</span></div><div style=""margin-top:6pt;text-indent:36pt""><span style=""color:#000000;font-family:'Times New Roman',serif;font-size:10pt;font-weight:400;line-height:120%"">As of December 31, 2025 and 2024, the components of accumulated earnings (deficit) on a tax basis were as follows:</span></div><div style=""margin-top:6pt;text-align:center""><table style=""border-collapse:collapse;display:inline-table;margin-bottom:5pt;vertical-align:text-bottom;width:100.000%""><tr><td style=""width:1.0%""></td><td style=""width:63.958%""></td><td style=""width:0.1%""></td><td style=""width:1.0%""></td><td style=""width:16.005%""></td><td style=""width:0.1%""></td><td style=""width:0.1%""></td><td style=""width:0.530%""></td><td style=""width:0.1%""></td><td style=""width:1.0%""></td><td style=""width:16.007%""></td><td style=""width:0.1%""></td></tr><tr><td colspan=""3"" style=""padding:0 1pt""></td><td colspan=""9"" style=""padding:2px 1pt;text-align:center;vertical-align:bottom""><span style=""color:#000000;font-family:'Times New Roman',serif;font-size:9pt;font-weight:700;line-height:100%"">As of December 31,</span></td></tr><tr><td colspan=""3"" style=""padding:0 1pt""></td><td colspan=""3"" style=""border-top:1pt solid #000000;padding:2px 1pt;text-align:center;vertical-align:bottom""><span style=""color:#000000;font-family:'Times New Roman',serif;font-size:9pt;font-weight:700;line-height:100%"">2025</span></td><td colspan=""3"" style=""border-top:1pt solid #000000;padding:0 1pt""></td><td colspan=""3"" style=""border-top:1pt solid #000000;padding:2px 1pt;text-align:center;vertical-align:bottom""><span style=""color:#000000;font-family:'Times New Roman',serif;font-size:9pt;font-weight:700;line-height:100%"">2024</span></td></tr><tr><td colspan=""3"" style=""background-color:#cceeff;padding:2px 1pt;text-align:left;vertical-align:top""><span style=""color:#000000;font-family:'Times New Roman',serif;font-size:9pt;font-weight:400;line-height:100%"">Undistributed ordinary income</span></td><td style=""background-color:#cceeff;border-top:1pt solid #000000;padding:2px 0 2px 1pt;text-align:left;vertical-align:bottom""><span style=""color:#000000;font-family:'Times New Roman',serif;font-size:9pt;font-weight:400;line-height:100%"">$</span></td><td style=""background-color:#cceeff;border-top:1pt solid #000000;padding:2px 0;text-align:right;vertical-align:bottom""><span style=""color:#000000;font-family:'Times New Roman',serif;font-size:9pt;font-weight:400;line-height:100%"">53,410 </span></td><td style=""background-color:#cceeff;border-top:1pt solid #000000;padding:2px 1pt 2px 0;text-align:right;vertical-align:bottom""></td><td colspan=""3"" style=""background-color:#cceeff;padding:0 1pt""></td><td style=""background-color:#cceeff;border-top:1pt solid #000000;padding:2px 0 2px 1pt;text-align:left;vertical-align:bottom""><span style=""color:#000000;font-family:'Times New Roman',serif;font-size:9pt;font-weight:400;line-height:100%"">$</span></td><td style=""background-color:#cceeff;border-top:1pt solid #000000;padding:2px 0;text-align:right;vertical-align:bottom""><span style=""color:#000000;font-family:'Times New Roman',serif;font-size:9pt;font-weight:400;line-height:100%"">72,785 </span></td><td style=""background-color:#cceeff;border-top:1pt solid #000000;padding:2px 1pt 2px 0;text-align:right;vertical-align:bottom""></td></tr><tr><td colspan=""3"" style=""padding:2px 1pt;text-align:left;vertical-align:bottom""><div><span style=""color:#000000;font-family:'Times New Roman',serif;font-size:9pt;font-weight:400;line-height:100%"">Other book/tax temporary differences</span><span style=""color:#000000;font-family:'Times New Roman',serif;font-size:5.85pt;font-weight:400;line-height:100%;position:relative;top:-3.15pt;vertical-align:baseline"">(1)</span></div></td><td colspan=""2"" style=""padding:2px 0 2px 1pt;text-align:right;vertical-align:bottom""><span style=""color:#000000;font-family:'Times New Roman',serif;font-size:9pt;font-weight:400;line-height:100%"">58 </span></td><td style=""padding:2px 1pt 2px 0;text-align:right;vertical-align:bottom""></td><td colspan=""3"" style=""padding:0 1pt""></td><td colspan=""2"" style=""padding:2px 0 2px 1pt;text-align:right;vertical-align:bottom""><span style=""color:#000000;font-family:'Times New Roman',serif;font-size:9pt;font-weight:400;line-height:100%"">(10)</span></td><td style=""padding:2px 1pt 2px 0;text-align:right;vertical-align:bottom""></td></tr><tr><td colspan=""3"" style=""background-color:#cceeff;padding:2px 1pt;text-align:left;vertical-align:top""><span style=""color:#000000;font-family:'Times New Roman',serif;font-size:9pt;font-weight:400;line-height:100%"">Capital loss carryforwards</span></td><td colspan=""2"" style=""background-color:#cceeff;padding:2px 0 2px 1pt;text-align:right;vertical-align:bottom""><span style=""color:#000000;font-family:'Times New Roman',serif;font-size:9pt;font-weight:400;line-height:100%"">(252,003)</span></td><td style=""background-color:#cceeff;padding:2px 1pt 2px 0;text-align:right;vertical-align:bottom""></td><td colspan=""3"" style=""background-color:#cceeff;padding:0 1pt""></td><td colspan=""2"" style=""background-color:#cceeff;padding:2px 0 2px 1pt;text-align:right;vertical-align:bottom""><span style=""color:#000000;font-family:'Times New Roman',serif;font-size:9pt;font-weight:400;line-height:100%"">(199,701)</span></td><td style=""background-color:#cceeff;padding:2px 1pt 2px 0;text-align:right;vertical-align:bottom""></td></tr><tr><td colspan=""3"" style=""padding:2px 1pt;text-align:left;vertical-align:bottom""><div><span style=""color:#000000;font-family:'Times New Roman',serif;font-size:9pt;font-weight:400;line-height:100%"">Net unrealized appreciation (depreciation) on investments and currency unrealized appreciation (depreciation) on non-investment assets and liabilities</span><span style=""color:#000000;font-family:'Times New Roman',serif;font-size:5.85pt;font-weight:400;line-height:100%;position:relative;top:-3.15pt;vertical-align:baseline"">(2)</span></div></td><td colspan=""2"" style=""padding:2px 0 2px 1pt;text-align:right;vertical-align:bottom""><span style=""color:#000000;font-family:'Times New Roman',serif;font-size:9pt;font-weight:400;line-height:100%"">2,840 </span></td><td style=""padding:2px 1pt 2px 0;text-align:right;vertical-align:bottom""></td><td colspan=""3"" style=""padding:0 1pt""></td><td colspan=""2"" style=""padding:2px 0 2px 1pt;text-align:right;vertical-align:bottom""><span style=""color:#000000;font-family:'Times New Roman',serif;font-size:9pt;font-weight:400;line-height:100%"">(31,054)</span></td><td style=""padding:2px 1pt 2px 0;text-align:right;vertical-align:bottom""></td></tr><tr><td colspan=""3"" style=""background-color:#cceeff;padding:2px 1pt;text-align:left;vertical-align:top""><span style=""color:#000000;font-family:'Times New Roman',serif;font-size:9pt;font-weight:400;line-height:100%"">Total accumulated earnings (deficit)</span></td><td style=""background-color:#cceeff;border-bottom:3pt double #000000;border-top:1pt solid #000000;padding:2px 0 2px 1pt;text-align:left;vertical-align:bottom""><span style=""color:#000000;font-family:'Times New Roman',serif;font-size:9pt;font-weight:400;line-height:100%"">$</span></td><td style=""background-color:#cceeff;border-bottom:3pt double #000000;border-top:1pt solid #000000;padding:2px 0;text-align:right;vertical-align:bottom""><span style=""color:#000000;font-family:'Times New Roman',serif;font-size:9pt;font-weight:400;line-height:100%"">(195,695)</span></td><td style=""background-color:#cceeff;border-bottom:3pt double #000000;border-top:1pt solid #000000;padding:2px 1pt 2px 0;text-align:right;vertical-align:bottom""></td><td colspan=""3"" style=""background-color:#cceeff;padding:0 1pt""></td><td style=""background-color:#cceeff;border-bottom:3pt double #000000;border-top:1pt solid #000000;padding:2px 0 2px 1pt;text-align:left;vertical-align:bottom""><span style=""color:#000000;font-family:'Times New Roman',serif;font-size:9pt;font-weight:400;line-height:100%"">$</span></td><td style=""background-color:#cceeff;border-bottom:3pt double #000000;border-top:1pt solid #000000;padding:2px 0;text-align:right;vertical-align:bottom""><span style=""color:#000000;font-family:'Times New Roman',serif;font-size:9pt;font-weight:400;line-height:100%"">(157,980)</span></td><td style=""background-color:#cceeff;border-bottom:3pt double #000000;border-top:1pt solid #000000;padding:2px 1pt 2px 0;text-align:right;vertical-align:bottom""></td></tr></table></div><div style=""margin-top:6pt;padding-left:18pt;text-indent:-18pt""><span style=""color:#000000;font-family:'Times New Roman',serif;font-size:8pt;font-weight:400;line-height:120%"">(1)</span><span style=""color:#000000;font-family:'Times New Roman',serif;font-size:8pt;font-weight:400;line-height:120%;padding-left:8.68pt"">Consists of the unamortized portion of organization costs as of December 31, 2025 and 2024, respectively.</span></div><div style=""padding-left:18pt;text-indent:-18pt""><span style=""color:#000000;font-family:'Times New Roman',serif;font-size:8pt;font-weight:400;line-height:120%"">(2)</span><span style=""color:#000000;font-family:'Times New Roman',serif;font-size:8pt;font-weight:400;line-height:120%;padding-left:8.68pt"">The difference between the book-basis and tax-basis unrealized appreciation (depreciation) on investments is attributable primarily to the tax treatment of partnership investments, the tax treatment of material modifications, and the tax treatment of corporate restructuring.</span></div><div style=""margin-top:12pt;text-indent:36pt""><span style=""color:#000000;font-family:'Times New Roman',serif;font-size:10pt;font-weight:400;line-height:120%"">As of December 31, 2025 and 2024, the cost of investments for federal income tax purposes and gross unrealized appreciation and depreciation on investments and currency unrealized appreciation (depreciation) on non-investment</span></div><div><span style=""color:#000000;font-family:'Times New Roman',serif;font-size:10pt;font-weight:400;line-height:120%"">assets and liabilities were as follows:</span></div><div style=""margin-top:5pt;text-align:center""><table style=""border-collapse:collapse;display:inline-table;margin-bottom:5pt;vertical-align:text-bottom;width:99.707%""><tr><td style=""width:1.0%""></td><td style=""width:63.562%""></td><td style=""width:0.1%""></td><td style=""width:1.0%""></td><td style=""width:16.055%""></td><td style=""width:0.1%""></td><td style=""width:0.1%""></td><td style=""width:0.533%""></td><td style=""width:0.1%""></td><td style=""width:1.0%""></td><td style=""width:16.350%""></td><td style=""width:0.1%""></td></tr><tr><td colspan=""3"" style=""padding:0 1pt""></td><td colspan=""9"" style=""padding:2px 1pt;text-align:center;vertical-align:bottom""><span style=""color:#000000;font-family:'Times New Roman',serif;font-size:9pt;font-weight:700;line-height:100%"">As of December 31,</span></td></tr><tr><td colspan=""3"" style=""padding:0 1pt""></td><td colspan=""3"" style=""border-top:1pt solid #000000;padding:2px 1pt;text-align:center;vertical-align:bottom""><span style=""color:#000000;font-family:'Times New Roman',serif;font-size:8pt;font-weight:700;line-height:100%"">2025</span></td><td colspan=""3"" style=""border-top:1pt solid #000000;padding:0 1pt""></td><td colspan=""3"" style=""border-top:1pt solid #000000;padding:2px 1pt;text-align:center;vertical-align:bottom""><span style=""color:#000000;font-family:'Times New Roman',serif;font-size:8pt;font-weight:700;line-height:100%"">2024</span></td></tr><tr><td colspan=""3"" style=""background-color:#cceeff;padding:2px 1pt;text-align:left;vertical-align:top""><span style=""color:#000000;font-family:'Times New Roman',serif;font-size:9pt;font-weight:400;line-height:100%"">Cost of investments</span></td><td style=""background-color:#cceeff;border-top:1pt solid #000000;padding:2px 0 2px 1pt;text-align:left;vertical-align:bottom""><span style=""color:#000000;font-family:'Times New Roman',serif;font-size:9pt;font-weight:400;line-height:100%"">$</span></td><td style=""background-color:#cceeff;border-top:1pt solid #000000;padding:2px 0;text-align:right;vertical-align:bottom""><span style=""color:#000000;font-family:'Times New Roman',serif;font-size:9pt;font-weight:400;line-height:100%"">2,453,300 </span></td><td style=""background-color:#cceeff;border-top:1pt solid #000000;padding:2px 1pt 2px 0;text-align:right;vertical-align:bottom""></td><td colspan=""3"" style=""background-color:#cceeff;padding:0 1pt""></td><td style=""background-color:#cceeff;border-top:1pt solid #000000;padding:2px 0 2px 1pt;text-align:left;vertical-align:bottom""><span style=""color:#000000;font-family:'Times New Roman',serif;font-size:9pt;font-weight:400;line-height:100%"">$</span></td><td style=""background-color:#cceeff;border-top:1pt solid #000000;padding:2px 0;text-align:right;vertical-align:bottom""><span style=""color:#000000;font-family:'Times New Roman',serif;font-size:9pt;font-weight:400;line-height:100%"">1,839,769 </span></td><td style=""background-color:#cceeff;border-top:1pt solid #000000;padding:2px 1pt 2px 0;text-align:right;vertical-align:bottom""></td></tr><tr><td colspan=""3"" style=""padding:2px 1pt;text-align:left;vertical-align:top""><span style=""color:#000000;font-family:'Times New Roman',serif;font-size:9pt;font-weight:400;line-height:100%"">Gross unrealized appreciation</span></td><td colspan=""2"" style=""padding:2px 0 2px 1pt;text-align:right;vertical-align:bottom""><span style=""color:#000000;font-family:'Times New Roman',serif;font-size:9pt;font-weight:400;line-height:100%"">112,647 </span></td><td style=""padding:2px 1pt 2px 0;text-align:right;vertical-align:bottom""></td><td colspan=""3"" style=""padding:0 1pt""></td><td colspan=""2"" style=""padding:2px 0 2px 1pt;text-align:right;vertical-align:bottom""><span style=""color:#000000;font-family:'Times New Roman',serif;font-size:9pt;font-weight:400;line-height:100%"">35,757 </span></td><td style=""padding:2px 1pt 2px 0;text-align:right;vertical-align:bottom""></td></tr><tr><td colspan=""3"" style=""background-color:#cceeff;padding:2px 1pt;text-align:left;vertical-align:top""><span style=""color:#000000;font-family:'Times New Roman',serif;font-size:9pt;font-weight:400;line-height:100%"">Gross unrealized (depreciation)</span></td><td colspan=""2"" style=""background-color:#cceeff;padding:2px 0 2px 1pt;text-align:right;vertical-align:bottom""><span style=""color:#000000;font-family:'Times New Roman',serif;font-size:9pt;font-weight:400;line-height:100%"">(109,807)</span></td><td style=""background-color:#cceeff;padding:2px 1pt 2px 0;text-align:right;vertical-align:bottom""></td><td colspan=""3"" style=""background-color:#cceeff;padding:0 1pt""></td><td colspan=""2"" style=""background-color:#cceeff;padding:2px 0 2px 1pt;text-align:right;vertical-align:bottom""><span style=""color:#000000;font-family:'Times New Roman',serif;font-size:9pt;font-weight:400;line-height:100%"">(66,811)</span></td><td style=""background-color:#cceeff;padding:2px 1pt 2px 0;text-align:right;vertical-align:bottom""></td></tr><tr><td colspan=""3"" style=""padding:2px 1pt;text-align:left;vertical-align:top""><span style=""color:#000000;font-family:'Times New Roman',serif;font-size:9pt;font-weight:400;line-height:100%"">Net unrealized appreciation (depreciation)</span></td><td style=""border-bottom:3pt double #000000;border-top:1pt solid #000000;padding:2px 0 2px 1pt;text-align:left;vertical-align:bottom""><span style=""color:#000000;font-family:'Times New Roman',serif;font-size:9pt;font-weight:400;line-height:100%"">$</span></td><td style=""border-bottom:3pt double #000000;border-top:1pt solid #000000;padding:2px 0;text-align:right;vertical-align:bottom""><span style=""color:#000000;font-family:'Times New Roman',serif;font-size:9pt;font-weight:400;line-height:100%"">2,840 </span></td><td style=""border-bottom:3pt double #000000;border-top:1pt solid #000000;padding:2px 1pt 2px 0;text-align:right;vertical-align:bottom""></td><td colspan=""3"" style=""padding:0 1pt""></td><td style=""border-bottom:3pt double #000000;border-top:1pt solid #000000;padding:2px 0 2px 1pt;text-align:left;vertical-align:bottom""><span style=""color:#000000;font-family:'Times New Roman',serif;font-size:9pt;font-weight:400;line-height:100%"">$</span></td><td style=""border-bottom:3pt double #000000;border-top:1pt solid #000000;padding:2px 0;text-align:right;vertical-align:bottom""><span style=""color:#000000;font-family:'Times New Roman',serif;font-size:9pt;font-weight:400;line-height:100%"">(31,054)</span></td><td style=""border-bottom:3pt double #000000;border-top:1pt solid #000000;padding:2px 1pt 2px 0;text-align:right;vertical-align:bottom""></td></tr></table></div><div style=""margin-top:12pt;text-indent:36pt""><span style=""color:#000000;font-family:'Times New Roman',serif;font-size:10pt;font-weight:400;line-height:120%"">For tax purposes, net realized capital losses may be carried over to offset future capital gains, if any. Funds are permitted to carry forward capital losses for an indefinite period, and such losses will retain their character as either short-term or long-term capital losses. As of December 31, 2025 and 2024, the Company had $252,003 and $199,701, of capital loss carryforwards, respectively, of which $66,883 and $52,879 were short-term capital loss carryforwards and $185,120 and $146,822 were long-term capital loss carryforwards.</span></div>",c-1,,,,,,False,IncomeTaxDisclosureTextBlock,,,2025-12-31
CGBD,2026-02-24,income_statement,income_statement,InvestmentCompanyDistributionOrdinaryIncome,InvestmentCompanyDistributionOrdinaryIncome,110802000,c-1,,,,,,False,InvestmentCompanyDistributionOrdinaryIncome,,,2025-12-31
CGBD,2026-02-24,income_statement,income_statement,InvestmentCompanyDistributionOrdinaryIncome,InvestmentCompanyDistributionOrdinaryIncome,98589000,c-75,,,,,,False,InvestmentCompanyDistributionOrdinaryIncome,,,2025-12-31
CGBD,2026-02-24,income_statement,income_statement,InvestmentCompanyDistributionOrdinaryIncome,InvestmentCompanyDistributionOrdinaryIncome,92898000,c-76,,,,,,False,InvestmentCompanyDistributionOrdinaryIncome,,,2025-12-31
CGBD,2026-02-24,income_statement,income_statement,InvestmentCompanyDistributableEarningsLossAccumulatedOrdinaryIncomeLoss,InvestmentCompanyDistributableEarningsLossAccumulatedOrdinaryIncomeLoss,53410000,c-64,,,,,,False,InvestmentCompanyDistributableEarningsLossAccumulatedOrdinaryIncomeLoss,,,2025-12-31
CGBD,2026-02-24,income_statement,income_statement,InvestmentCompanyDistributableEarningsLossAccumulatedOrdinaryIncomeLoss,InvestmentCompanyDistributableEarningsLossAccumulatedOrdinaryIncomeLoss,72785000,c-65,,,,,,False,InvestmentCompanyDistributableEarningsLossAccumulatedOrdinaryIncomeLoss,,,2025-12-31
CGBD,2026-02-24,income_statement,income_statement,FederalIncomeTaxNoteTextBlock,FederalIncomeTaxNoteTextBlock,"<div style=""margin-top:12pt;text-indent:36pt""><span style=""color:#000000;font-family:'Times New Roman',serif;font-size:10pt;font-weight:400;line-height:120%"">As of December 31, 2025 and 2024, the cost of investments for federal income tax purposes and gross unrealized appreciation and depreciation on investments and currency unrealized appreciation (depreciation) on non-investment</span></div><div><span style=""color:#000000;font-family:'Times New Roman',serif;font-size:10pt;font-weight:400;line-height:120%"">assets and liabilities were as follows:</span></div><div style=""margin-top:5pt;text-align:center""><table style=""border-collapse:collapse;display:inline-table;margin-bottom:5pt;vertical-align:text-bottom;width:99.707%""><tr><td style=""width:1.0%""></td><td style=""width:63.562%""></td><td style=""width:0.1%""></td><td style=""width:1.0%""></td><td style=""width:16.055%""></td><td style=""width:0.1%""></td><td style=""width:0.1%""></td><td style=""width:0.533%""></td><td style=""width:0.1%""></td><td style=""width:1.0%""></td><td style=""width:16.350%""></td><td style=""width:0.1%""></td></tr><tr><td colspan=""3"" style=""padding:0 1pt""></td><td colspan=""9"" style=""padding:2px 1pt;text-align:center;vertical-align:bottom""><span style=""color:#000000;font-family:'Times New Roman',serif;font-size:9pt;font-weight:700;line-height:100%"">As of December 31,</span></td></tr><tr><td colspan=""3"" style=""padding:0 1pt""></td><td colspan=""3"" style=""border-top:1pt solid #000000;padding:2px 1pt;text-align:center;vertical-align:bottom""><span style=""color:#000000;font-family:'Times New Roman',serif;font-size:8pt;font-weight:700;line-height:100%"">2025</span></td><td colspan=""3"" style=""border-top:1pt solid #000000;padding:0 1pt""></td><td colspan=""3"" style=""border-top:1pt solid #000000;padding:2px 1pt;text-align:center;vertical-align:bottom""><span style=""color:#000000;font-family:'Times New Roman',serif;font-size:8pt;font-weight:700;line-height:100%"">2024</span></td></tr><tr><td colspan=""3"" style=""background-color:#cceeff;padding:2px 1pt;text-align:left;vertical-align:top""><span style=""color:#000000;font-family:'Times New Roman',serif;font-size:9pt;font-weight:400;line-height:100%"">Cost of investments</span></td><td style=""background-color:#cceeff;border-top:1pt solid #000000;padding:2px 0 2px 1pt;text-align:left;vertical-align:bottom""><span style=""color:#000000;font-family:'Times New Roman',serif;font-size:9pt;font-weight:400;line-height:100%"">$</span></td><td style=""background-color:#cceeff;border-top:1pt solid #000000;padding:2px 0;text-align:right;vertical-align:bottom""><span style=""color:#000000;font-family:'Times New Roman',serif;font-size:9pt;font-weight:400;line-height:100%"">2,453,300 </span></td><td style=""background-color:#cceeff;border-top:1pt solid #000000;padding:2px 1pt 2px 0;text-align:right;vertical-align:bottom""></td><td colspan=""3"" style=""background-color:#cceeff;padding:0 1pt""></td><td style=""background-color:#cceeff;border-top:1pt solid #000000;padding:2px 0 2px 1pt;text-align:left;vertical-align:bottom""><span style=""color:#000000;font-family:'Times New Roman',serif;font-size:9pt;font-weight:400;line-height:100%"">$</span></td><td style=""background-color:#cceeff;border-top:1pt solid #000000;padding:2px 0;text-align:right;vertical-align:bottom""><span style=""color:#000000;font-family:'Times New Roman',serif;font-size:9pt;font-weight:400;line-height:100%"">1,839,769 </span></td><td style=""background-color:#cceeff;border-top:1pt solid #000000;padding:2px 1pt 2px 0;text-align:right;vertical-align:bottom""></td></tr><tr><td colspan=""3"" style=""padding:2px 1pt;text-align:left;vertical-align:top""><span style=""color:#000000;font-family:'Times New Roman',serif;font-size:9pt;font-weight:400;line-height:100%"">Gross unrealized appreciation</span></td><td colspan=""2"" style=""padding:2px 0 2px 1pt;text-align:right;vertical-align:bottom""><span style=""color:#000000;font-family:'Times New Roman',serif;font-size:9pt;font-weight:400;line-height:100%"">112,647 </span></td><td style=""padding:2px 1pt 2px 0;text-align:right;vertical-align:bottom""></td><td colspan=""3"" style=""padding:0 1pt""></td><td colspan=""2"" style=""padding:2px 0 2px 1pt;text-align:right;vertical-align:bottom""><span style=""color:#000000;font-family:'Times New Roman',serif;font-size:9pt;font-weight:400;line-height:100%"">35,757 </span></td><td style=""padding:2px 1pt 2px 0;text-align:right;vertical-align:bottom""></td></tr><tr><td colspan=""3"" style=""background-color:#cceeff;padding:2px 1pt;text-align:left;vertical-align:top""><span style=""color:#000000;font-family:'Times New Roman',serif;font-size:9pt;font-weight:400;line-height:100%"">Gross unrealized (depreciation)</span></td><td colspan=""2"" style=""background-color:#cceeff;padding:2px 0 2px 1pt;text-align:right;vertical-align:bottom""><span style=""color:#000000;font-family:'Times New Roman',serif;font-size:9pt;font-weight:400;line-height:100%"">(109,807)</span></td><td style=""background-color:#cceeff;padding:2px 1pt 2px 0;text-align:right;vertical-align:bottom""></td><td colspan=""3"" style=""background-color:#cceeff;padding:0 1pt""></td><td colspan=""2"" style=""background-color:#cceeff;padding:2px 0 2px 1pt;text-align:right;vertical-align:bottom""><span style=""color:#000000;font-family:'Times New Roman',serif;font-size:9pt;font-weight:400;line-height:100%"">(66,811)</span></td><td style=""background-color:#cceeff;padding:2px 1pt 2px 0;text-align:right;vertical-align:bottom""></td></tr><tr><td colspan=""3"" style=""padding:2px 1pt;text-align:left;vertical-align:top""><span style=""color:#000000;font-family:'Times New Roman',serif;font-size:9pt;font-weight:400;line-height:100%"">Net unrealized appreciation (depreciation)</span></td><td style=""border-bottom:3pt double #000000;border-top:1pt solid #000000;padding:2px 0 2px 1pt;text-align:left;vertical-align:bottom""><span style=""color:#000000;font-family:'Times New Roman',serif;font-size:9pt;font-weight:400;line-height:100%"">$</span></td><td style=""border-bottom:3pt double #000000;border-top:1pt solid #000000;padding:2px 0;text-align:right;vertical-align:bottom""><span style=""color:#000000;font-family:'Times New Roman',serif;font-size:9pt;font-weight:400;line-height:100%"">2,840 </span></td><td style=""border-bottom:3pt double #000000;border-top:1pt solid #000000;padding:2px 1pt 2px 0;text-align:right;vertical-align:bottom""></td><td colspan=""3"" style=""padding:0 1pt""></td><td style=""border-bottom:3pt double #000000;border-top:1pt solid #000000;padding:2px 0 2px 1pt;text-align:left;vertical-align:bottom""><span style=""color:#000000;font-family:'Times New Roman',serif;font-size:9pt;font-weight:400;line-height:100%"">$</span></td><td style=""border-bottom:3pt double #000000;border-top:1pt solid #000000;padding:2px 0;text-align:right;vertical-align:bottom""><span style=""color:#000000;font-family:'Times New Roman',serif;font-size:9pt;font-weight:400;line-height:100%"">(31,054)</span></td><td style=""border-bottom:3pt double #000000;border-top:1pt solid #000000;padding:2px 1pt 2px 0;text-align:right;vertical-align:bottom""></td></tr></table></div>",c-1,,,,,,False,FederalIncomeTaxNoteTextBlock,,,2025-12-31
CGBD,2026-02-24,income_statement,income_statement,TaxBasisOfInvestmentsCostForIncomeTaxPurposes,TaxBasisOfInvestmentsCostForIncomeTaxPurposes,2453300000,c-64,,,,,,False,TaxBasisOfInvestmentsCostForIncomeTaxPurposes,,,2025-12-31
CGBD,2026-02-24,income_statement,income_statement,TaxBasisOfInvestmentsCostForIncomeTaxPurposes,TaxBasisOfInvestmentsCostForIncomeTaxPurposes,1839769000,c-65,,,,,,False,TaxBasisOfInvestmentsCostForIncomeTaxPurposes,,,2025-12-31
