ticker,filing_date,statement_label,statement_type,line_item,concept,value,context_key,start_date,end_date,instant_date,duration_days,level,is_abstract,preferred_label,order_index
MSIF,2025-05-13,income_statement,income_statement,InterestAndDividendReceivable,InterestAndDividendReceivable,12578000,c-9,,,,,,False,InterestAndDividendReceivable,
MSIF,2025-05-13,income_statement,income_statement,InterestAndDividendReceivable,InterestAndDividendReceivable,11925000,c-10,,,,,,False,InterestAndDividendReceivable,
MSIF,2025-05-13,income_statement,income_statement,GrossInvestmentIncomeOperating,GrossInvestmentIncomeOperating,1442000,c-15,,,,,,False,GrossInvestmentIncomeOperating,
MSIF,2025-05-13,income_statement,income_statement,GrossInvestmentIncomeOperating,GrossInvestmentIncomeOperating,811000,c-16,,,,,,False,GrossInvestmentIncomeOperating,
MSIF,2025-05-13,income_statement,income_statement,GrossInvestmentIncomeOperating,GrossInvestmentIncomeOperating,9335000,c-17,,,,,,False,GrossInvestmentIncomeOperating,
MSIF,2025-05-13,income_statement,income_statement,GrossInvestmentIncomeOperating,GrossInvestmentIncomeOperating,6929000,c-18,,,,,,False,GrossInvestmentIncomeOperating,
MSIF,2025-05-13,income_statement,income_statement,GrossInvestmentIncomeOperating,GrossInvestmentIncomeOperating,22450000,c-19,,,,,,False,GrossInvestmentIncomeOperating,
MSIF,2025-05-13,income_statement,income_statement,GrossInvestmentIncomeOperating,GrossInvestmentIncomeOperating,26210000,c-20,,,,,,False,GrossInvestmentIncomeOperating,
MSIF,2025-05-13,income_statement,income_statement,GrossInvestmentIncomeOperating,GrossInvestmentIncomeOperating,33227000,c-1,,,,,,False,GrossInvestmentIncomeOperating,
MSIF,2025-05-13,income_statement,income_statement,GrossInvestmentIncomeOperating,GrossInvestmentIncomeOperating,33950000,c-21,,,,,,False,GrossInvestmentIncomeOperating,
MSIF,2025-05-13,income_statement,income_statement,InterestExpenseOperating,InterestExpenseOperating,8243000,c-1,,,,,,False,InterestExpenseOperating,
MSIF,2025-05-13,income_statement,income_statement,InterestExpenseOperating,InterestExpenseOperating,9549000,c-21,,,,,,False,InterestExpenseOperating,
MSIF,2025-05-13,income_statement,income_statement,ManagementFeeExpense,ManagementFeeExpense,4972000,c-1,,,,,,False,ManagementFeeExpense,
MSIF,2025-05-13,income_statement,income_statement,ManagementFeeExpense,ManagementFeeExpense,5028000,c-21,,,,,,False,ManagementFeeExpense,
MSIF,2025-05-13,income_statement,income_statement,IncentiveFeeExpense,IncentiveFeeExpense,2023000,c-1,,,,,,False,IncentiveFeeExpense,
MSIF,2025-05-13,income_statement,income_statement,IncentiveFeeExpense,IncentiveFeeExpense,3637000,c-21,,,,,,False,IncentiveFeeExpense,
MSIF,2025-05-13,income_statement,income_statement,AdministrativeFeesExpense,AdministrativeFeesExpense,174000,c-1,,,,,,False,AdministrativeFeesExpense,
MSIF,2025-05-13,income_statement,income_statement,AdministrativeFeesExpense,AdministrativeFeesExpense,2267000,c-21,,,,,,False,AdministrativeFeesExpense,
MSIF,2025-05-13,income_statement,income_statement,GeneralAndAdministrativeExpense,GeneralAndAdministrativeExpense,1027000,c-1,,,,,,False,GeneralAndAdministrativeExpense,
MSIF,2025-05-13,income_statement,income_statement,GeneralAndAdministrativeExpense,GeneralAndAdministrativeExpense,1034000,c-21,,,,,,False,GeneralAndAdministrativeExpense,
MSIF,2025-05-13,income_statement,income_statement,InvestmentIncomeInvestmentExpense,InvestmentIncomeInvestmentExpense,16439000,c-1,,,,,,False,InvestmentIncomeInvestmentExpense,
MSIF,2025-05-13,income_statement,income_statement,InvestmentIncomeInvestmentExpense,InvestmentIncomeInvestmentExpense,21515000,c-21,,,,,,False,InvestmentIncomeInvestmentExpense,
MSIF,2025-05-13,income_statement,income_statement,InvestmentCompanyExpenseAfterReductionOfFeeWaiverAndReimbursement,InvestmentCompanyExpenseAfterReductionOfFeeWaiverAndReimbursement,16439000,c-1,,,,,,False,InvestmentCompanyExpenseAfterReductionOfFeeWaiverAndReimbursement,
MSIF,2025-05-13,income_statement,income_statement,InvestmentCompanyExpenseAfterReductionOfFeeWaiverAndReimbursement,InvestmentCompanyExpenseAfterReductionOfFeeWaiverAndReimbursement,19404000,c-21,,,,,,False,InvestmentCompanyExpenseAfterReductionOfFeeWaiverAndReimbursement,
MSIF,2025-05-13,income_statement,income_statement,NetInvestmentIncome,NetInvestmentIncome,16788000,c-1,,,,,,False,NetInvestmentIncome,
MSIF,2025-05-13,income_statement,income_statement,NetInvestmentIncome,NetInvestmentIncome,14546000,c-21,,,,,,False,NetInvestmentIncome,
MSIF,2025-05-13,income_statement,income_statement,CurrentIncomeTaxExpenseBenefit,CurrentIncomeTaxExpenseBenefit,483000,c-1,,,,,,False,CurrentIncomeTaxExpenseBenefit,
MSIF,2025-05-13,income_statement,income_statement,CurrentIncomeTaxExpenseBenefit,CurrentIncomeTaxExpenseBenefit,329000,c-21,,,,,,False,CurrentIncomeTaxExpenseBenefit,
MSIF,2025-05-13,income_statement,income_statement,DeferredIncomeTaxExpenseBenefit,DeferredIncomeTaxExpenseBenefit,-1853000,c-1,,,,,,False,DeferredIncomeTaxExpenseBenefit,
MSIF,2025-05-13,income_statement,income_statement,DeferredIncomeTaxExpenseBenefit,DeferredIncomeTaxExpenseBenefit,611000,c-21,,,,,,False,DeferredIncomeTaxExpenseBenefit,
MSIF,2025-05-13,income_statement,income_statement,IncomeTaxExpenseBenefit,IncomeTaxExpenseBenefit,-1370000,c-1,,,,,,False,IncomeTaxExpenseBenefit,
MSIF,2025-05-13,income_statement,income_statement,IncomeTaxExpenseBenefit,IncomeTaxExpenseBenefit,940000,c-21,,,,,,False,IncomeTaxExpenseBenefit,
MSIF,2025-05-13,income_statement,income_statement,NetIncomeLoss,NetIncomeLoss,15875000,c-1,,,,,,False,NetIncomeLoss,
MSIF,2025-05-13,income_statement,income_statement,NetIncomeLoss,NetIncomeLoss,10589000,c-21,,,,,,False,NetIncomeLoss,
MSIF,2025-05-13,income_statement,income_statement,InvestmentCompanyInvestmentIncomeLossFromOperationsPerSharePerDilutedShare,InvestmentCompanyInvestmentIncomeLossFromOperationsPerSharePerDilutedShare,0.36,c-1,,,,,,False,InvestmentCompanyInvestmentIncomeLossFromOperationsPerSharePerDilutedShare,
MSIF,2025-05-13,income_statement,income_statement,InvestmentCompanyInvestmentIncomeLossFromOperationsPerSharePerBasicShare,InvestmentCompanyInvestmentIncomeLossFromOperationsPerSharePerBasicShare,0.36,c-1,,,,,,False,InvestmentCompanyInvestmentIncomeLossFromOperationsPerSharePerBasicShare,
MSIF,2025-05-13,income_statement,income_statement,InvestmentCompanyInvestmentIncomeLossFromOperationsPerSharePerBasicShare,InvestmentCompanyInvestmentIncomeLossFromOperationsPerSharePerBasicShare,0.26,c-21,,,,,,False,InvestmentCompanyInvestmentIncomeLossFromOperationsPerSharePerBasicShare,
MSIF,2025-05-13,income_statement,income_statement,InvestmentCompanyInvestmentIncomeLossFromOperationsPerSharePerDilutedShare,InvestmentCompanyInvestmentIncomeLossFromOperationsPerSharePerDilutedShare,0.26,c-21,,,,,,False,InvestmentCompanyInvestmentIncomeLossFromOperationsPerSharePerDilutedShare,
MSIF,2025-05-13,income_statement,income_statement,NetIncomeLoss,NetIncomeLoss,10589000,c-29,,,,,,False,NetIncomeLoss,
MSIF,2025-05-13,income_statement,income_statement,NetIncomeLoss,NetIncomeLoss,15875000,c-39,,,,,,False,NetIncomeLoss,
MSIF,2025-05-13,income_statement,income_statement,AccretionOfUnearnedIncome,AccretionOfUnearnedIncome,1750000,c-1,,,,,,False,AccretionOfUnearnedIncome,
MSIF,2025-05-13,income_statement,income_statement,AccretionOfUnearnedIncome,AccretionOfUnearnedIncome,1611000,c-21,,,,,,False,AccretionOfUnearnedIncome,
MSIF,2025-05-13,income_statement,income_statement,IncreaseDecreaseInInterestAndDividendReceivable,IncreaseDecreaseInInterestAndDividendReceivable,803000,c-1,,,,,,False,IncreaseDecreaseInInterestAndDividendReceivable,
MSIF,2025-05-13,income_statement,income_statement,IncreaseDecreaseInInterestAndDividendReceivable,IncreaseDecreaseInInterestAndDividendReceivable,1283000,c-21,,,,,,False,IncreaseDecreaseInInterestAndDividendReceivable,
MSIF,2025-05-13,income_statement,income_statement,IncomeTaxesPaid,IncomeTaxesPaid,4120000,c-1,,,,,,False,IncomeTaxesPaid,
MSIF,2025-05-13,income_statement,income_statement,IncomeTaxesPaid,IncomeTaxesPaid,384000,c-21,,,,,,False,IncomeTaxesPaid,
MSIF,2025-05-13,income_statement,income_statement,RevenueRecognitionInterest,RevenueRecognitionInterest,"<span style=""color:#000000;font-family:'Times New Roman',sans-serif;font-size:10pt;font-weight:700;line-height:120%;padding-left:28.5pt"">Interest, Dividend and Fee Income</span><div style=""margin-bottom:10pt;text-indent:36pt""><span style=""color:#000000;font-family:'Times New Roman',sans-serif;font-size:10pt;font-weight:400;line-height:120%"">MSC Income records interest and dividend income on the accrual basis to the extent amounts are expected to be collected. Dividend income is recorded when dividends are declared by the portfolio company or at such other time that an obligation exists for the portfolio company to make a distribution. MSC Income evaluates accrued interest and dividend income periodically for collectability. When a loan or debt security becomes 90 days or more past due, and if MSC Income otherwise does not expect the debtor to be able to service its debt obligation, MSC Income will generally place the loan or debt security on non-accrual status and cease recognizing interest income on that loan or debt security until the borrower has demonstrated the ability and intent to pay contractual amounts due. If a loan or debt security’s status significantly </span></div><div style=""margin-bottom:10pt""><span style=""color:#000000;font-family:'Times New Roman',sans-serif;font-size:10pt;font-weight:400;line-height:120%"">improves regarding the debtor’s ability to service the debt obligation, or if a loan or debt security is sold or written off, MSC Income removes it from non-accrual status.</span></div>",c-1,,,,,,False,RevenueRecognitionInterest,
MSIF,2025-05-13,income_statement,income_statement,RevenueRecognitionDividends,RevenueRecognitionDividends,"<span style=""color:#000000;font-family:'Times New Roman',sans-serif;font-size:10pt;font-weight:400;line-height:120%"">MSC Income holds certain debt and preferred equity instruments in its Investment Portfolio that contain PIK interest and cumulative dividend provisions. The PIK interest, computed at the contractual rate specified in each debt agreement, is periodically added to the principal balance of the debt and is recorded as interest income. Thus, the actual collection of this interest may be deferred until the time of debt principal repayment. Cumulative dividends are recorded as dividend income, and any dividends in arrears are added to the balance of the preferred equity investment. The actual collection of these dividends in arrears may be deferred until such time as the preferred equity is redeemed or sold. To maintain RIC tax treatment (as discussed in </span><span style=""color:#000000;font-family:'Times New Roman',sans-serif;font-size:10pt;font-style:italic;font-weight:400;line-height:120%"">Note B.8. — Summary of Significant Accounting Policies — Income Taxes</span> below), these non-cash sources of income may need to be paid out to stockholders in the form of distributions, even though MSC Income may not have collected the PIK interest and cumulative dividends in cash. MSC Income stops accruing PIK interest and cumulative dividends and writes off any accrued and uncollected interest and dividends in arrears when it determines that such PIK interest and dividends in arrears are no longer collectible.",c-1,,,,,,False,RevenueRecognitionDividends,
MSIF,2025-05-13,income_statement,income_statement,InvestmentIncomeTextBlock,InvestmentIncomeTextBlock,"<div style=""margin-bottom:10pt;text-indent:36pt""><span style=""color:#000000;font-family:'Times New Roman',sans-serif;font-size:10pt;font-weight:400;line-height:120%"">A presentation of total investment income MSC Income received from its Investment Portfolio in each of the periods presented is as follows:</span></div><div style=""margin-bottom:10pt""><table style=""border-collapse:collapse;display:inline-table;margin-bottom:5pt;vertical-align:text-bottom;width:100.000%""><tr><td style=""width:1.0%""></td><td style=""width:72.233%""></td><td style=""width:0.1%""></td><td style=""width:1.0%""></td><td style=""width:11.930%""></td><td style=""width:0.1%""></td><td style=""width:0.1%""></td><td style=""width:0.406%""></td><td style=""width:0.1%""></td><td style=""width:1.0%""></td><td style=""width:11.931%""></td><td style=""width:0.1%""></td><td colspan=""3"" style=""display:none""></td><td colspan=""3"" style=""display:none""></td><td colspan=""3"" style=""display:none""></td><td colspan=""3"" style=""display:none""></td></tr><tr><td colspan=""3"" style=""padding:0 1pt""></td><td colspan=""9"" style=""padding:2px 1pt;text-align:center;vertical-align:bottom""><span style=""color:#000000;font-family:'Times New Roman',sans-serif;font-size:8pt;font-weight:700;line-height:100%"">Three Months Ended<br/>March 31,</span></td><td colspan=""3"" style=""display:none""></td><td colspan=""3"" style=""display:none""></td></tr><tr><td colspan=""3"" style=""padding:0 1pt""></td><td colspan=""3"" style=""border-top:1pt solid #000;padding:2px 1pt;text-align:center;vertical-align:bottom""><span style=""color:#000000;font-family:'Times New Roman',sans-serif;font-size:8pt;font-weight:700;line-height:100%"">2025</span></td><td colspan=""3"" style=""border-top:1pt solid #000;padding:0 1pt""></td><td colspan=""3"" style=""border-bottom:1pt solid #000;border-top:1pt solid #000;padding:2px 1pt;text-align:center;vertical-align:bottom""><span style=""color:#000000;font-family:'Times New Roman',sans-serif;font-size:8pt;font-weight:700;line-height:100%"">2024</span></td><td colspan=""3"" style=""display:none""></td><td colspan=""3"" style=""display:none""></td><td colspan=""3"" style=""display:none""></td><td colspan=""3"" style=""display:none""></td></tr><tr><td colspan=""3"" style=""padding:0 1pt""></td><td colspan=""9"" style=""border-top:1pt solid #000;padding:2px 1pt;text-align:center;vertical-align:bottom""><span style=""color:#000000;font-family:'Times New Roman',sans-serif;font-size:8pt;font-weight:700;line-height:100%"">(dollars in thousands)</span></td></tr><tr><td colspan=""3"" style=""background-color:#cceeff;padding:2px 1pt;text-align:left;vertical-align:bottom""><span style=""color:#000000;font-family:'Times New Roman',sans-serif;font-size:10pt;font-weight:400;line-height:100%"">Interest, fee and dividend income:</span></td><td colspan=""3"" style=""background-color:#cceeff;padding:0 1pt""></td><td colspan=""3"" style=""background-color:#cceeff;padding:0 1pt""></td><td colspan=""3"" style=""background-color:#cceeff;padding:0 1pt""></td><td colspan=""3"" style=""display:none""></td><td colspan=""3"" style=""display:none""></td><td colspan=""3"" style=""display:none""></td><td colspan=""3"" style=""display:none""></td></tr><tr><td colspan=""3"" style=""background-color:#ffffff;padding:2px 1pt 2px 10pt;text-align:left;vertical-align:bottom""><span style=""color:#000000;font-family:'Times New Roman',sans-serif;font-size:10pt;font-weight:400;line-height:100%"">Interest income</span></td><td style=""background-color:#ffffff;padding:2px 0 2px 1pt;text-align:left;vertical-align:bottom""><span style=""color:#000000;font-family:'Times New Roman',sans-serif;font-size:10pt;font-weight:400;line-height:100%"">$</span></td><td style=""background-color:#ffffff;padding:2px 0;text-align:right;vertical-align:bottom""><span style=""color:#000000;font-family:'Times New Roman',sans-serif;font-size:10pt;font-weight:400;line-height:100%"">27,424 </span></td><td style=""background-color:#ffffff;padding:2px 1pt 2px 0;text-align:right;vertical-align:bottom""></td><td colspan=""3"" style=""background-color:#ffffff;padding:0 1pt""></td><td style=""background-color:#ffffff;padding:2px 0 2px 1pt;text-align:left;vertical-align:bottom""><span style=""color:#000000;font-family:'Times New Roman',sans-serif;font-size:10pt;font-weight:400;line-height:100%"">$</span></td><td style=""background-color:#ffffff;padding:2px 0;text-align:right;vertical-align:bottom""><span style=""color:#000000;font-family:'Times New Roman',sans-serif;font-size:10pt;font-weight:400;line-height:100%"">29,059 </span></td><td style=""background-color:#ffffff;padding:2px 1pt 2px 0;text-align:right;vertical-align:bottom""></td><td colspan=""3"" style=""display:none""></td><td colspan=""3"" style=""display:none""></td><td colspan=""3"" style=""display:none""></td><td colspan=""3"" style=""display:none""></td></tr><tr><td colspan=""3"" style=""background-color:#cceeff;padding:2px 1pt 2px 10pt;text-align:left;vertical-align:bottom""><span style=""color:#000000;font-family:'Times New Roman',sans-serif;font-size:10pt;font-weight:400;line-height:100%"">Dividend income</span></td><td colspan=""2"" style=""background-color:#cceeff;padding:2px 0 2px 1pt;text-align:right;vertical-align:bottom""><span style=""color:#000000;font-family:'Times New Roman',sans-serif;font-size:10pt;font-weight:400;line-height:100%"">5,142 </span></td><td style=""background-color:#cceeff;padding:2px 1pt 2px 0;text-align:right;vertical-align:bottom""></td><td colspan=""3"" style=""background-color:#cceeff;padding:0 1pt""></td><td colspan=""2"" style=""background-color:#cceeff;padding:2px 0 2px 1pt;text-align:right;vertical-align:bottom""><span style=""color:#000000;font-family:'Times New Roman',sans-serif;font-size:10pt;font-weight:400;line-height:100%"">2,472 </span></td><td style=""background-color:#cceeff;padding:2px 1pt 2px 0;text-align:right;vertical-align:bottom""></td><td colspan=""3"" style=""display:none""></td><td colspan=""3"" style=""display:none""></td><td colspan=""3"" style=""display:none""></td><td colspan=""3"" style=""display:none""></td></tr><tr><td colspan=""3"" style=""background-color:#ffffff;padding:2px 1pt 2px 10pt;text-align:left;vertical-align:bottom""><span style=""color:#000000;font-family:'Times New Roman',sans-serif;font-size:10pt;font-weight:400;line-height:100%"">Fee income</span></td><td colspan=""2"" style=""background-color:#ffffff;padding:2px 0 2px 1pt;text-align:right;vertical-align:bottom""><span style=""color:#000000;font-family:'Times New Roman',sans-serif;font-size:10pt;font-weight:400;line-height:100%"">661 </span></td><td style=""background-color:#ffffff;padding:2px 1pt 2px 0;text-align:right;vertical-align:bottom""></td><td colspan=""3"" style=""background-color:#ffffff;padding:0 1pt""></td><td colspan=""2"" style=""background-color:#ffffff;padding:2px 0 2px 1pt;text-align:right;vertical-align:bottom""><span style=""color:#000000;font-family:'Times New Roman',sans-serif;font-size:10pt;font-weight:400;line-height:100%"">2,419 </span></td><td style=""background-color:#ffffff;padding:2px 1pt 2px 0;text-align:right;vertical-align:bottom""></td><td colspan=""3"" style=""display:none""></td><td colspan=""3"" style=""display:none""></td><td colspan=""3"" style=""display:none""></td><td colspan=""3"" style=""display:none""></td></tr><tr><td colspan=""3"" style=""background-color:#cceeff;padding:2px 1pt;text-align:left;vertical-align:bottom""><span style=""color:#000000;font-family:'Times New Roman',sans-serif;font-size:10pt;font-weight:400;line-height:100%"">Total investment income</span></td><td style=""background-color:#cceeff;border-bottom:3pt double #000;border-top:1pt solid #000;padding:2px 0 2px 1pt;text-align:left;vertical-align:bottom""><span style=""color:#000000;font-family:'Times New Roman',sans-serif;font-size:10pt;font-weight:400;line-height:100%"">$</span></td><td style=""background-color:#cceeff;border-bottom:3pt double #000;border-top:1pt solid #000;padding:2px 0;text-align:right;vertical-align:bottom""><span style=""color:#000000;font-family:'Times New Roman',sans-serif;font-size:10pt;font-weight:400;line-height:100%"">33,227 </span></td><td style=""background-color:#cceeff;border-bottom:3pt double #000;border-top:1pt solid #000;padding:2px 1pt 2px 0;text-align:right;vertical-align:bottom""></td><td colspan=""3"" style=""background-color:#cceeff;padding:0 1pt""></td><td style=""background-color:#cceeff;border-bottom:3pt double #000;border-top:1pt solid #000;padding:2px 0 2px 1pt;text-align:left;vertical-align:bottom""><span style=""color:#000000;font-family:'Times New Roman',sans-serif;font-size:10pt;font-weight:400;line-height:100%"">$</span></td><td style=""background-color:#cceeff;border-bottom:3pt double #000;border-top:1pt solid #000;padding:2px 0;text-align:right;vertical-align:bottom""><span style=""color:#000000;font-family:'Times New Roman',sans-serif;font-size:10pt;font-weight:400;line-height:100%"">33,950 </span></td><td style=""background-color:#cceeff;border-bottom:3pt double #000;border-top:1pt solid #000;padding:2px 1pt 2px 0;text-align:right;vertical-align:bottom""></td><td colspan=""3"" style=""display:none""></td><td colspan=""3"" style=""display:none""></td><td colspan=""3"" style=""display:none""></td><td colspan=""3"" style=""display:none""></td></tr></table></div>",c-1,,,,,,False,InvestmentIncomeTextBlock,
MSIF,2025-05-13,income_statement,income_statement,InvestmentIncomeInterest,InvestmentIncomeInterest,27424000,c-1,,,,,,False,InvestmentIncomeInterest,
MSIF,2025-05-13,income_statement,income_statement,InvestmentIncomeInterest,InvestmentIncomeInterest,29059000,c-21,,,,,,False,InvestmentIncomeInterest,
MSIF,2025-05-13,income_statement,income_statement,InvestmentIncomeDividend,InvestmentIncomeDividend,5142000,c-1,,,,,,False,InvestmentIncomeDividend,
MSIF,2025-05-13,income_statement,income_statement,InvestmentIncomeDividend,InvestmentIncomeDividend,2472000,c-21,,,,,,False,InvestmentIncomeDividend,
MSIF,2025-05-13,income_statement,income_statement,FeeIncome,FeeIncome,661000,c-1,,,,,,False,FeeIncome,
MSIF,2025-05-13,income_statement,income_statement,FeeIncome,FeeIncome,2419000,c-21,,,,,,False,FeeIncome,
MSIF,2025-05-13,income_statement,income_statement,UnearnedIncomePolicyTextBlock,UnearnedIncomePolicyTextBlock,"<span style=""color:#000000;font-family:'Times New Roman',sans-serif;font-size:10pt;font-weight:700;line-height:120%;padding-left:28.5pt"">Unearned Income—Debt Origination Fees and Original Issue Discount and Discounts / Premiums to Par Value</span><div style=""margin-bottom:10pt;text-indent:36pt""><span style=""color:#000000;font-family:'Times New Roman',sans-serif;font-size:10pt;font-weight:400;line-height:120%"">MSC Income capitalizes debt origination fees received in connection with financings and reflects such fees as unearned income netted against the applicable debt investments. The unearned income from the fees is accreted into income over the life of the financing.</span></div><div style=""margin-bottom:10pt;text-indent:36pt""><span style=""color:#000000;font-family:'Times New Roman',sans-serif;font-size:10pt;font-weight:400;line-height:120%"">In connection with its portfolio debt investments, MSC Income sometimes receives nominal cost warrants or warrants with an exercise price below the fair value of the underlying equity (together, “nominal cost equity”) that are valued as part of the negotiation process with the particular portfolio company. When MSC Income receives nominal cost equity, it allocates its cost basis in its investment between its debt security and its nominal cost equity at the time of origination based on amounts negotiated with the particular portfolio company. The allocated amounts are based upon the fair value of the nominal cost equity, which is then used to determine the allocation of cost to the debt security. Any discount recorded on a debt investment resulting from this allocation is reflected as unearned income, which is netted against the applicable debt investment, and accreted into interest income over the life of the debt investment. The actual collection of this interest is deferred until the time of debt principal repayment.</span></div><div style=""margin-bottom:10pt;text-indent:36pt""><span style=""color:#000000;font-family:'Times New Roman',sans-serif;font-size:10pt;font-weight:400;line-height:120%"">MSC Income may also purchase debt securities at a discount or at a premium to the par value of the debt security. In the case of a purchase at a discount, MSC Income records the investment at the par value of the debt security net of the discount, and the discount is accreted into interest income over the life of the debt investment. In the case of a purchase at a premium, MSC Income records the investment at the par value of the debt security plus the premium, and the premium is amortized as a reduction to interest income over the life of the debt investment.</span></div><span style=""color:#000000;font-family:'Times New Roman',sans-serif;font-size:10pt;font-weight:400;line-height:120%"">To maintain RIC tax treatment (as discussed in </span><span style=""color:#000000;font-family:'Times New Roman',sans-serif;font-size:10pt;font-style:italic;font-weight:400;line-height:120%"">Note B.8. — Summary of Significant Accounting Policies — Income Taxes</span> below), these non-cash sources of income may need to be paid out to stockholders in the form of distributions, even though MSC Income may not have collected the interest income. For the three months ended March 31, 2025 and 2024, 2.3% and 2.5%, respectively, of MSC Income’s total investment income was attributable to interest income from the accretion of discounts associated with debt investments, net of any premium amortization.",c-1,,,,,,False,UnearnedIncomePolicyTextBlock,
MSIF,2025-05-13,income_statement,income_statement,IncomeTaxPolicyTextBlock,IncomeTaxPolicyTextBlock,"<span style=""color:#000000;font-family:'Times New Roman',sans-serif;font-size:10pt;font-weight:700;line-height:120%;padding-left:28.5pt"">Income Taxes</span><div style=""margin-bottom:10pt;text-indent:36pt""><span style=""color:#000000;font-family:'Times New Roman',sans-serif;font-size:10pt;font-weight:400;line-height:120%"">MSIF has elected to be treated for U.S. federal income tax purposes as a RIC. MSIF’s taxable income includes the taxable income generated by MSIF and certain of its subsidiaries, including the Structured Subsidiaries, which are treated as disregarded entities for tax purposes. As a RIC, MSIF generally will not pay corporate-level U.S. federal income taxes on any net ordinary taxable income or capital gains that MSIF distributes to its stockholders. MSIF must generally distribute at least 90% of its “investment company taxable income” (which is generally its net ordinary taxable income and realized net short-term capital gains in excess of realized net long-term capital losses) and 90% of its tax-exempt income to maintain its RIC status (pass-through tax treatment for amounts distributed). As part of maintaining RIC status, undistributed taxable income (subject to a 4% non-deductible U.S. federal excise tax) pertaining to a given fiscal year may be distributed up to twelve months subsequent to the end of that fiscal year, provided such dividends are declared on or prior to the later of (i) the filing of the U.S. federal income tax return for the applicable fiscal year or (ii) the fifteenth day of the ninth month following the close of the year in which such taxable income was generated.</span></div><div style=""margin-bottom:10pt;text-indent:36pt""><span style=""color:#000000;font-family:'Times New Roman',sans-serif;font-size:10pt;font-weight:400;line-height:120%"">The Taxable Subsidiaries primarily hold certain equity investments for MSC Income. The Taxable Subsidiaries permit MSC Income to hold equity investments in portfolio companies which are “pass-through” entities for tax purposes and to continue to comply with the “source-of-income” requirements contained in the RIC tax provisions of the Code. The Taxable Subsidiaries are consolidated with MSC Income for U.S. GAAP financial reporting purposes, and the portfolio investments held by the Taxable Subsidiaries are included in MSC Income’s consolidated financial statements as portfolio investments and recorded at fair value. The Taxable Subsidiaries are not consolidated with MSIF for income tax purposes and may generate income tax expense, or benefit, and tax assets and liabilities, as a result of their ownership of certain portfolio investments. The taxable income, or loss, of the Taxable Subsidiaries may differ from their book income, or loss, </span></div><div style=""margin-bottom:10pt""><span style=""color:#000000;font-family:'Times New Roman',sans-serif;font-size:10pt;font-weight:400;line-height:120%"">due to temporary book and tax timing differences and permanent differences. The Taxable Subsidiaries are each taxed at corporate income tax rates based on their taxable income. The income tax expense, or benefit, if any, and the related tax assets and liabilities, of the Taxable Subsidiaries are reflected in MSC Income’s consolidated financial statements.</span></div><div style=""margin-bottom:10pt;text-indent:36pt""><span style=""color:#000000;font-family:'Times New Roman',sans-serif;font-size:10pt;font-weight:400;line-height:120%"">The Taxable Subsidiaries use the liability method in accounting for income taxes. Deferred tax assets and liabilities are recorded for temporary differences between the tax basis of assets and liabilities and their reported amounts in the consolidated financial statements, using statutory tax rates in effect for the year in which the temporary differences are expected to reverse. A valuation allowance is provided, if necessary, against deferred tax assets when it is more likely than not that some portion or all of the deferred tax asset will not be realized. MSC Income’s net assets as included on the Consolidated Balance Sheets and Consolidated Statements of Changes in Net Assets include an adjustment to classification as a result of permanent book-to-tax differences, which include differences in the book and tax treatment of income and expenses.</span></div><div style=""margin-bottom:10pt;text-indent:36pt""><span style=""color:#000000;font-family:'Times New Roman',sans-serif;font-size:10pt;font-weight:400;line-height:120%"">Taxable income generally differs from net income for financial reporting purposes due to temporary and permanent differences in the recognition of income and expenses. Taxable income generally excludes net unrealized appreciation or depreciation, as investment gains or losses are not included in taxable income until they are realized.</span></div>",c-1,,,,,,False,IncomeTaxPolicyTextBlock,
MSIF,2025-05-13,income_statement,income_statement,InvestmentsAnnualRevenuesPerCompany,InvestmentsAnnualRevenuesPerCompany,25000000,c-1363,,,,,,False,InvestmentsAnnualRevenuesPerCompany,
MSIF,2025-05-13,income_statement,income_statement,InvestmentsAnnualRevenuesPerCompany,InvestmentsAnnualRevenuesPerCompany,500000000,c-1364,,,,,,False,InvestmentsAnnualRevenuesPerCompany,
MSIF,2025-05-13,income_statement,income_statement,InvestmentsAnnualRevenuesPerCompany,InvestmentsAnnualRevenuesPerCompany,10000000,c-1369,,,,,,False,InvestmentsAnnualRevenuesPerCompany,
MSIF,2025-05-13,income_statement,income_statement,InvestmentsAnnualRevenuesPerCompany,InvestmentsAnnualRevenuesPerCompany,150000000,c-1370,,,,,,False,InvestmentsAnnualRevenuesPerCompany,
MSIF,2025-05-13,income_statement,income_statement,InterestIncomeAndInterestExpenseDisclosureTableTextBlock,InterestIncomeAndInterestExpenseDisclosureTableTextBlock,"<div style=""margin-bottom:6pt;text-indent:36pt""><span style=""color:#000000;font-family:'Times New Roman',sans-serif;font-size:10pt;font-weight:400;line-height:120%"">Summarized interest expense for the three months ended March 31, 2025 and 2024 is as follows:</span></div><div style=""margin-bottom:10pt""><table style=""border-collapse:collapse;display:inline-table;margin-bottom:5pt;vertical-align:text-bottom;width:100.000%""><tr><td style=""width:1.0%""></td><td style=""width:71.930%""></td><td style=""width:0.1%""></td><td style=""width:1.0%""></td><td style=""width:12.081%""></td><td style=""width:0.1%""></td><td style=""width:0.1%""></td><td style=""width:0.406%""></td><td style=""width:0.1%""></td><td style=""width:1.0%""></td><td style=""width:12.083%""></td><td style=""width:0.1%""></td><td colspan=""3"" style=""display:none""></td><td colspan=""3"" style=""display:none""></td><td colspan=""3"" style=""display:none""></td><td colspan=""3"" style=""display:none""></td></tr><tr><td colspan=""3"" style=""padding:0 1pt""></td><td colspan=""9"" style=""padding:2px 1pt;text-align:center;vertical-align:bottom""><span style=""color:#000000;font-family:'Times New Roman',sans-serif;font-size:8pt;font-weight:700;line-height:100%"">Three Months Ended March 31,</span></td><td colspan=""3"" style=""display:none""></td><td colspan=""3"" style=""display:none""></td></tr><tr><td colspan=""3"" style=""padding:0 1pt""></td><td colspan=""3"" style=""border-top:1pt solid #000;padding:2px 1pt;text-align:center;vertical-align:bottom""><span style=""color:#000000;font-family:'Times New Roman',sans-serif;font-size:8pt;font-weight:700;line-height:100%"">2025</span></td><td colspan=""3"" style=""border-top:1pt solid #000;padding:0 1pt""></td><td colspan=""3"" style=""border-bottom:1pt solid #000;border-top:1pt solid #000;padding:2px 1pt;text-align:center;vertical-align:bottom""><span style=""color:#000000;font-family:'Times New Roman',sans-serif;font-size:8pt;font-weight:700;line-height:100%"">2024</span></td><td colspan=""3"" style=""display:none""></td><td colspan=""3"" style=""display:none""></td><td colspan=""3"" style=""display:none""></td><td colspan=""3"" style=""display:none""></td></tr><tr><td colspan=""3"" style=""padding:0 1pt""></td><td colspan=""9"" style=""border-top:1pt solid #000;padding:2px 1pt;text-align:center;vertical-align:bottom""><span style=""color:#000000;font-family:'Times New Roman',sans-serif;font-size:8pt;font-weight:700;line-height:100%"">(in thousands)</span></td></tr><tr><td colspan=""3"" style=""background-color:#cceeff;padding:2px 1pt;text-align:left;vertical-align:bottom""><span style=""color:#000000;font-family:'Times New Roman',sans-serif;font-size:10pt;font-weight:400;line-height:100%"">SPV Facility</span></td><td style=""background-color:#cceeff;padding:2px 0 2px 1pt;text-align:left;vertical-align:bottom""><span style=""color:#000000;font-family:'Times New Roman',sans-serif;font-size:10pt;font-weight:400;line-height:100%"">$</span></td><td style=""background-color:#cceeff;padding:2px 0;text-align:right;vertical-align:bottom""><span style=""color:#000000;font-family:'Times New Roman',sans-serif;font-size:10pt;font-weight:400;line-height:100%"">4,796 </span></td><td style=""background-color:#cceeff;padding:2px 1pt 2px 0;text-align:right;vertical-align:bottom""></td><td colspan=""3"" style=""background-color:#cceeff;padding:0 1pt""></td><td style=""background-color:#cceeff;padding:2px 0 2px 1pt;text-align:left;vertical-align:bottom""><span style=""color:#000000;font-family:'Times New Roman',sans-serif;font-size:10pt;font-weight:400;line-height:100%"">$</span></td><td style=""background-color:#cceeff;padding:2px 0;text-align:right;vertical-align:bottom""><span style=""color:#000000;font-family:'Times New Roman',sans-serif;font-size:10pt;font-weight:400;line-height:100%"">6,046 </span></td><td style=""background-color:#cceeff;padding:2px 1pt 2px 0;text-align:right;vertical-align:bottom""></td><td colspan=""3"" style=""display:none""></td><td colspan=""3"" style=""display:none""></td><td colspan=""3"" style=""display:none""></td><td colspan=""3"" style=""display:none""></td></tr><tr><td colspan=""3"" style=""background-color:#ffffff;padding:2px 1pt;text-align:left;vertical-align:bottom""><span style=""color:#000000;font-family:'Times New Roman',sans-serif;font-size:10pt;font-weight:400;line-height:100%"">Corporate Facility</span></td><td colspan=""2"" style=""background-color:#ffffff;padding:2px 0 2px 1pt;text-align:right;vertical-align:bottom""><span style=""color:#000000;font-family:'Times New Roman',sans-serif;font-size:10pt;font-weight:400;line-height:100%"">1,857 </span></td><td style=""background-color:#ffffff;padding:2px 1pt 2px 0;text-align:right;vertical-align:bottom""></td><td colspan=""3"" style=""background-color:#ffffff;padding:0 1pt""></td><td colspan=""2"" style=""background-color:#ffffff;padding:2px 0 2px 1pt;text-align:right;vertical-align:bottom""><span style=""color:#000000;font-family:'Times New Roman',sans-serif;font-size:10pt;font-weight:400;line-height:100%"">1,913 </span></td><td style=""background-color:#ffffff;padding:2px 1pt 2px 0;text-align:right;vertical-align:bottom""></td><td colspan=""3"" style=""display:none""></td><td colspan=""3"" style=""display:none""></td><td colspan=""3"" style=""display:none""></td><td colspan=""3"" style=""display:none""></td></tr><tr><td colspan=""3"" style=""background-color:#cceeff;padding:2px 1pt;text-align:left;vertical-align:bottom""><span style=""color:#000000;font-family:'Times New Roman',sans-serif;font-size:10pt;font-weight:400;line-height:100%"">Series A Notes</span></td><td colspan=""2"" style=""background-color:#cceeff;padding:2px 0 2px 1pt;text-align:right;vertical-align:bottom""><span style=""color:#000000;font-family:'Times New Roman',sans-serif;font-size:10pt;font-weight:400;line-height:100%"">1,590 </span></td><td style=""background-color:#cceeff;padding:2px 1pt 2px 0;text-align:right;vertical-align:bottom""></td><td colspan=""3"" style=""background-color:#cceeff;padding:0 1pt""></td><td colspan=""2"" style=""background-color:#cceeff;padding:2px 0 2px 1pt;text-align:right;vertical-align:bottom""><span style=""color:#000000;font-family:'Times New Roman',sans-serif;font-size:10pt;font-weight:400;line-height:100%"">1,590 </span></td><td style=""background-color:#cceeff;padding:2px 1pt 2px 0;text-align:right;vertical-align:bottom""></td><td colspan=""3"" style=""display:none""></td><td colspan=""3"" style=""display:none""></td><td colspan=""3"" style=""display:none""></td><td colspan=""3"" style=""display:none""></td></tr><tr><td colspan=""3"" style=""display:none""></td><td colspan=""3"" style=""display:none""></td><td colspan=""3"" style=""display:none""></td><td colspan=""3"" style=""display:none""></td><td colspan=""3"" style=""display:none""></td><td colspan=""3"" style=""display:none""></td><td colspan=""3"" style=""display:none""></td><td colspan=""3"" style=""display:none""></td></tr><tr><td colspan=""3"" style=""display:none""></td><td colspan=""3"" style=""display:none""></td><td colspan=""3"" style=""display:none""></td><td colspan=""3"" style=""display:none""></td><td colspan=""3"" style=""display:none""></td><td colspan=""3"" style=""display:none""></td><td colspan=""3"" style=""display:none""></td><td colspan=""3"" style=""display:none""></td></tr><tr><td colspan=""3"" style=""background-color:#ffffff;padding:2px 1pt 2px 14.5pt;text-align:left;vertical-align:bottom""><span style=""color:#000000;font-family:'Times New Roman',sans-serif;font-size:10pt;font-weight:400;line-height:100%"">Total Interest Expense</span></td><td style=""background-color:#ffffff;border-bottom:3pt double #000;border-top:1pt solid #000;padding:2px 0 2px 1pt;text-align:left;vertical-align:bottom""><span style=""color:#000000;font-family:'Times New Roman',sans-serif;font-size:10pt;font-weight:400;line-height:100%"">$</span></td><td style=""background-color:#ffffff;border-bottom:3pt double #000;border-top:1pt solid #000;padding:2px 0;text-align:right;vertical-align:bottom""><span style=""color:#000000;font-family:'Times New Roman',sans-serif;font-size:10pt;font-weight:400;line-height:100%"">8,243 </span></td><td style=""background-color:#ffffff;border-bottom:3pt double #000;border-top:1pt solid #000;padding:2px 1pt 2px 0;text-align:right;vertical-align:bottom""></td><td colspan=""3"" style=""background-color:#ffffff;padding:0 1pt""></td><td style=""background-color:#ffffff;border-bottom:3pt double #000;border-top:1pt solid #000;padding:2px 0 2px 1pt;text-align:left;vertical-align:bottom""><span style=""color:#000000;font-family:'Times New Roman',sans-serif;font-size:10pt;font-weight:400;line-height:100%"">$</span></td><td style=""background-color:#ffffff;border-bottom:3pt double #000;border-top:1pt solid #000;padding:2px 0;text-align:right;vertical-align:bottom""><span style=""color:#000000;font-family:'Times New Roman',sans-serif;font-size:10pt;font-weight:400;line-height:100%"">9,549 </span></td><td style=""background-color:#ffffff;border-bottom:3pt double #000;border-top:1pt solid #000;padding:2px 1pt 2px 0;text-align:right;vertical-align:bottom""></td><td colspan=""3"" style=""display:none""></td><td colspan=""3"" style=""display:none""></td><td colspan=""3"" style=""display:none""></td><td colspan=""3"" style=""display:none""></td></tr></table></div>",c-1,,,,,,False,InterestIncomeAndInterestExpenseDisclosureTableTextBlock,
MSIF,2025-05-13,income_statement,income_statement,InvestmentCompanyInvestmentIncomeLossPerShare,InvestmentCompanyInvestmentIncomeLossPerShare,0.38,c-1,,,,,,False,InvestmentCompanyInvestmentIncomeLossPerShare,
MSIF,2025-05-13,income_statement,income_statement,InvestmentCompanyInvestmentIncomeLossPerShare,InvestmentCompanyInvestmentIncomeLossPerShare,0.36,c-21,,,,,,False,InvestmentCompanyInvestmentIncomeLossPerShare,
MSIF,2025-05-13,income_statement,income_statement,InvestmentCompanyIncomeTaxBenefitProvisionPerShare,InvestmentCompanyIncomeTaxBenefitProvisionPerShare,0.03,c-1,,,,,,False,InvestmentCompanyIncomeTaxBenefitProvisionPerShare,
MSIF,2025-05-13,income_statement,income_statement,InvestmentCompanyIncomeTaxBenefitProvisionPerShare,InvestmentCompanyIncomeTaxBenefitProvisionPerShare,-0.02,c-21,,,,,,False,InvestmentCompanyIncomeTaxBenefitProvisionPerShare,
MSIF,2025-05-13,income_statement,income_statement,InvestmentCompanyInvestmentIncomeLossFromOperationsPerShare,InvestmentCompanyInvestmentIncomeLossFromOperationsPerShare,0.36,c-1,,,,,,False,InvestmentCompanyInvestmentIncomeLossFromOperationsPerShare,
MSIF,2025-05-13,income_statement,income_statement,InvestmentCompanyInvestmentIncomeLossFromOperationsPerShare,InvestmentCompanyInvestmentIncomeLossFromOperationsPerShare,0.26,c-21,,,,,,False,InvestmentCompanyInvestmentIncomeLossFromOperationsPerShare,
MSIF,2025-05-13,income_statement,income_statement,InvestmentCompanyExpenseRatioIncludingIncomeTaxExpense,InvestmentCompanyExpenseRatioIncludingIncomeTaxExpense,0.0224,c-1,,,,,,False,InvestmentCompanyExpenseRatioIncludingIncomeTaxExpense,
MSIF,2025-05-13,income_statement,income_statement,InvestmentCompanyExpenseRatioIncludingIncomeTaxExpense,InvestmentCompanyExpenseRatioIncludingIncomeTaxExpense,0.0362,c-21,,,,,,False,InvestmentCompanyExpenseRatioIncludingIncomeTaxExpense,
MSIF,2025-05-13,income_statement,income_statement,InvestmentCompanyOperatingExpensesRatio,InvestmentCompanyOperatingExpensesRatio,0.0245,c-1,,,,,,False,InvestmentCompanyOperatingExpensesRatio,
MSIF,2025-05-13,income_statement,income_statement,InvestmentCompanyOperatingExpensesRatio,InvestmentCompanyOperatingExpensesRatio,0.0347,c-21,,,,,,False,InvestmentCompanyOperatingExpensesRatio,
MSIF,2025-05-13,income_statement,income_statement,InvestmentCompanyOperatingExpensesRatioExcludingInterestExpense,InvestmentCompanyOperatingExpensesRatioExcludingInterestExpense,0.0122,c-1,,,,,,False,InvestmentCompanyOperatingExpensesRatioExcludingInterestExpense,
MSIF,2025-05-13,income_statement,income_statement,InvestmentCompanyOperatingExpensesRatioExcludingInterestExpense,InvestmentCompanyOperatingExpensesRatioExcludingInterestExpense,0.0193,c-21,,,,,,False,InvestmentCompanyOperatingExpensesRatioExcludingInterestExpense,
MSIF,2025-05-13,income_statement,income_statement,InvestmentCompanyOperatingExpensesRatioExcludingInterestExpenseAndIncentiveFees,InvestmentCompanyOperatingExpensesRatioExcludingInterestExpenseAndIncentiveFees,0.0092,c-1,,,,,,False,InvestmentCompanyOperatingExpensesRatioExcludingInterestExpenseAndIncentiveFees,
MSIF,2025-05-13,income_statement,income_statement,InvestmentCompanyOperatingExpensesRatioExcludingInterestExpenseAndIncentiveFees,InvestmentCompanyOperatingExpensesRatioExcludingInterestExpenseAndIncentiveFees,0.0134,c-21,,,,,,False,InvestmentCompanyOperatingExpensesRatioExcludingInterestExpenseAndIncentiveFees,
MSIF,2025-05-13,income_statement,income_statement,InvestmentCompanyInvestmentIncomeLossRatio,InvestmentCompanyInvestmentIncomeLossRatio,0.0250,c-1,,,,,,False,InvestmentCompanyInvestmentIncomeLossRatio,
MSIF,2025-05-13,income_statement,income_statement,InvestmentCompanyInvestmentIncomeLossRatio,InvestmentCompanyInvestmentIncomeLossRatio,0.0234,c-21,,,,,,False,InvestmentCompanyInvestmentIncomeLossRatio,
MSIF,2025-05-13,income_statement,income_statement,InvestmentCompanyFeeWaivedExpense,InvestmentCompanyFeeWaivedExpense,2100000,c-21,,,,,,False,InvestmentCompanyFeeWaivedExpense,
MSIF,2025-05-13,income_statement,income_statement,InvestmentCompanyFeeWaivedExpense,InvestmentCompanyFeeWaivedExpense,0,c-1,,,,,,False,InvestmentCompanyFeeWaivedExpense,
MSIF,2025-05-13,income_statement,income_statement,InvestmentCompanyExpenseRatioIncludingIncomeTaxExpenseExcludingExpenseWaivers,InvestmentCompanyExpenseRatioIncludingIncomeTaxExpenseExcludingExpenseWaivers,0.0397,c-21,,,,,,False,InvestmentCompanyExpenseRatioIncludingIncomeTaxExpenseExcludingExpenseWaivers,
MSIF,2025-05-13,income_statement,income_statement,InvestmentCompanyOperatingExpensesRatioExcludingExpenseWaivers,InvestmentCompanyOperatingExpensesRatioExcludingExpenseWaivers,0.0381,c-21,,,,,,False,InvestmentCompanyOperatingExpensesRatioExcludingExpenseWaivers,
MSIF,2025-05-13,income_statement,income_statement,InvestmentCompanyOperatingExpensesRatioExcludingInterestExpenseAndExpenseWaivers,InvestmentCompanyOperatingExpensesRatioExcludingInterestExpenseAndExpenseWaivers,0.0227,c-21,,,,,,False,InvestmentCompanyOperatingExpensesRatioExcludingInterestExpenseAndExpenseWaivers,
MSIF,2025-05-13,income_statement,income_statement,InvestmentCompanyOperatingExpensesRatioExcludingInterestExpenseIncentiveFeesAndExpenseWaivers,InvestmentCompanyOperatingExpensesRatioExcludingInterestExpenseIncentiveFeesAndExpenseWaivers,0.0169,c-21,,,,,,False,InvestmentCompanyOperatingExpensesRatioExcludingInterestExpenseIncentiveFeesAndExpenseWaivers,
MSIF,2025-05-13,income_statement,income_statement,InvestmentCompanyInvestmentIncomeLossRatioExcludingExpenseWaivers,InvestmentCompanyInvestmentIncomeLossRatioExcludingExpenseWaivers,0.0201,c-21,,,,,,False,InvestmentCompanyInvestmentIncomeLossRatioExcludingExpenseWaivers,
MSIF,2025-05-13,income_statement,income_statement,DividendDistributionsIncomeTaxDisclosureTextBlock,DividendDistributionsIncomeTaxDisclosureTextBlock,"DIVIDENDS, DISTRIBUTIONS AND TAXABLE INCOME<div style=""margin-bottom:10pt;text-indent:36pt""><span style=""color:#000000;font-family:'Times New Roman',sans-serif;font-size:10pt;font-weight:400;line-height:120%"">MSC Income currently accrues and pays regular quarterly dividends to its stockholders and expects to periodically accrue and pay supplemental quarterly dividends to its stockholders. Future dividends, if any, will be determined by its Board of Directors on a quarterly basis. </span></div><div style=""margin-bottom:6pt;text-indent:36pt""><span style=""color:#000000;font-family:'Times New Roman',sans-serif;font-size:10pt;font-weight:400;line-height:120%"">Summarized dividend information for the three months ended March 31, 2025 and 2024 is as follows:</span></div><div style=""margin-bottom:10pt""><table style=""border-collapse:collapse;display:inline-table;margin-bottom:5pt;vertical-align:text-bottom;width:100.000%""><tr><td style=""width:1.0%""></td><td style=""width:67.990%""></td><td style=""width:0.1%""></td><td style=""width:0.1%""></td><td style=""width:0.406%""></td><td style=""width:0.1%""></td><td style=""width:1.0%""></td><td style=""width:13.748%""></td><td style=""width:0.1%""></td><td style=""width:0.1%""></td><td style=""width:0.406%""></td><td style=""width:0.1%""></td><td style=""width:1.0%""></td><td style=""width:13.750%""></td><td style=""width:0.1%""></td><td colspan=""3"" style=""display:none""></td><td colspan=""3"" style=""display:none""></td><td colspan=""3"" style=""display:none""></td><td colspan=""3"" style=""display:none""></td></tr><tr><td colspan=""3"" style=""padding:0 1pt""></td><td colspan=""3"" style=""padding:0 1pt""></td><td colspan=""9"" style=""padding:2px 1pt;text-align:center;vertical-align:bottom""><span style=""color:#000000;font-family:'Times New Roman',sans-serif;font-size:8pt;font-weight:700;line-height:100%"">Three Months Ended March 31,</span></td><td colspan=""3"" style=""display:none""></td><td colspan=""3"" style=""display:none""></td></tr><tr><td colspan=""3"" style=""padding:0 1pt""></td><td colspan=""3"" style=""padding:0 1pt""></td><td colspan=""3"" style=""border-top:1pt solid #000;padding:2px 1pt;text-align:center;vertical-align:bottom""><span style=""color:#000000;font-family:'Times New Roman',sans-serif;font-size:8pt;font-weight:700;line-height:100%"">2025</span></td><td colspan=""3"" style=""border-top:1pt solid #000;padding:0 1pt""></td><td colspan=""3"" style=""border-bottom:1pt solid #000;border-top:1pt solid #000;padding:2px 1pt;text-align:center;vertical-align:bottom""><span style=""color:#000000;font-family:'Times New Roman',sans-serif;font-size:8pt;font-weight:700;line-height:100%"">2024</span></td><td colspan=""3"" style=""display:none""></td><td colspan=""3"" style=""display:none""></td><td colspan=""3"" style=""display:none""></td><td colspan=""3"" style=""display:none""></td></tr><tr><td colspan=""3"" style=""padding:0 1pt""></td><td colspan=""3"" style=""padding:0 1pt""></td><td colspan=""9"" style=""border-top:1pt solid #000;padding:2px 1pt;text-align:center;vertical-align:bottom""><span style=""color:#000000;font-family:'Times New Roman',sans-serif;font-size:8pt;font-weight:700;line-height:100%"">(in thousands, except per share amounts)</span></td><td colspan=""3"" style=""display:none""></td><td colspan=""3"" style=""display:none""></td><td colspan=""3"" style=""display:none""></td><td colspan=""3"" style=""display:none""></td></tr><tr><td colspan=""3"" style=""background-color:#cceeff;padding:2px 1pt;text-align:left;vertical-align:bottom""><span style=""color:#000000;font-family:'Times New Roman',sans-serif;font-size:10pt;font-weight:400;line-height:100%"">Regular quarterly dividends per share</span></td><td colspan=""3"" style=""background-color:#cceeff;padding:0 1pt""></td><td style=""background-color:#cceeff;padding:2px 0 2px 1pt;text-align:left;vertical-align:bottom""><span style=""color:#000000;font-family:'Times New Roman',sans-serif;font-size:10pt;font-weight:400;line-height:100%"">$</span></td><td style=""background-color:#cceeff;padding:2px 0;text-align:right;vertical-align:bottom""><span style=""color:#000000;font-family:'Times New Roman',sans-serif;font-size:10pt;font-weight:400;line-height:100%"">0.35 </span></td><td style=""background-color:#cceeff;padding:2px 1pt 2px 0;text-align:right;vertical-align:bottom""></td><td colspan=""3"" style=""background-color:#cceeff;padding:0 1pt""></td><td style=""background-color:#cceeff;padding:2px 0 2px 1pt;text-align:left;vertical-align:bottom""><span style=""color:#000000;font-family:'Times New Roman',sans-serif;font-size:10pt;font-weight:400;line-height:100%"">$</span></td><td style=""background-color:#cceeff;padding:2px 0;text-align:right;vertical-align:bottom""><span style=""color:#000000;font-family:'Times New Roman',sans-serif;font-size:10pt;font-weight:400;line-height:100%"">0.37 </span></td><td style=""background-color:#cceeff;padding:2px 1pt 2px 0;text-align:right;vertical-align:bottom""></td><td colspan=""3"" style=""display:none""></td><td colspan=""3"" style=""display:none""></td><td colspan=""3"" style=""display:none""></td><td colspan=""3"" style=""display:none""></td></tr><tr><td colspan=""3"" style=""background-color:#ffffff;padding:2px 1pt;text-align:left;vertical-align:bottom""><span style=""color:#000000;font-family:'Times New Roman',sans-serif;font-size:10pt;font-weight:400;line-height:100%"">Supplemental quarterly dividends per share</span></td><td colspan=""3"" style=""background-color:#ffffff;padding:0 1pt""></td><td colspan=""2"" style=""background-color:#ffffff;padding:2px 0 2px 1pt;text-align:right;vertical-align:bottom""><span style=""color:#000000;font-family:'Times New Roman',sans-serif;font-size:10pt;font-weight:400;line-height:100%"">0.01 </span></td><td style=""background-color:#ffffff;padding:2px 1pt 2px 0;text-align:right;vertical-align:bottom""></td><td colspan=""3"" style=""background-color:#ffffff;padding:0 1pt""></td><td colspan=""2"" style=""background-color:#ffffff;padding:2px 0 2px 1pt;text-align:right;vertical-align:bottom""><span style=""color:#000000;font-family:'Times New Roman',sans-serif;font-size:10pt;font-weight:400;line-height:100%"">— </span></td><td style=""background-color:#ffffff;padding:2px 1pt 2px 0;text-align:right;vertical-align:bottom""></td><td colspan=""3"" style=""display:none""></td><td colspan=""3"" style=""display:none""></td><td colspan=""3"" style=""display:none""></td><td colspan=""3"" style=""display:none""></td></tr><tr><td colspan=""3"" style=""background-color:#cceeff;padding:2px 1pt 2px 7pt;text-align:left;vertical-align:bottom""><span style=""color:#000000;font-family:'Times New Roman',sans-serif;font-size:10pt;font-weight:400;line-height:100%"">Total dividends per share</span></td><td colspan=""3"" style=""background-color:#cceeff;padding:0 1pt""></td><td style=""background-color:#cceeff;border-top:1pt solid #000;padding:2px 0 2px 1pt;text-align:left;vertical-align:bottom""><span style=""color:#000000;font-family:'Times New Roman',sans-serif;font-size:10pt;font-weight:400;line-height:100%"">$</span></td><td style=""background-color:#cceeff;border-top:1pt solid #000;padding:2px 0;text-align:right;vertical-align:bottom""><span style=""color:#000000;font-family:'Times New Roman',sans-serif;font-size:10pt;font-weight:400;line-height:100%"">0.36 </span></td><td style=""background-color:#cceeff;border-top:1pt solid #000;padding:2px 1pt 2px 0;text-align:right;vertical-align:bottom""></td><td colspan=""3"" style=""background-color:#cceeff;padding:0 1pt""></td><td style=""background-color:#cceeff;border-top:1pt solid #000;padding:2px 0 2px 1pt;text-align:left;vertical-align:bottom""><span style=""color:#000000;font-family:'Times New Roman',sans-serif;font-size:10pt;font-weight:400;line-height:100%"">$</span></td><td style=""background-color:#cceeff;border-top:1pt solid #000;padding:2px 0;text-align:right;vertical-align:bottom""><span style=""color:#000000;font-family:'Times New Roman',sans-serif;font-size:10pt;font-weight:400;line-height:100%"">0.37 </span></td><td style=""background-color:#cceeff;border-top:1pt solid #000;padding:2px 1pt 2px 0;text-align:right;vertical-align:bottom""></td><td colspan=""3"" style=""display:none""></td><td colspan=""3"" style=""display:none""></td><td colspan=""3"" style=""display:none""></td><td colspan=""3"" style=""display:none""></td></tr><tr style=""height:14pt""><td colspan=""3"" style=""background-color:#ffffff;padding:0 1pt""></td><td colspan=""3"" style=""background-color:#ffffff;padding:0 1pt""></td><td colspan=""3"" style=""background-color:#ffffff;border-top:3pt double #000;padding:0 1pt""></td><td colspan=""3"" style=""background-color:#ffffff;padding:0 1pt""></td><td colspan=""3"" style=""background-color:#ffffff;border-top:3pt double #000;padding:0 1pt""></td><td colspan=""3"" style=""display:none""></td><td colspan=""3"" style=""display:none""></td><td colspan=""3"" style=""display:none""></td><td colspan=""3"" style=""display:none""></td></tr><tr><td colspan=""3"" style=""background-color:#cceeff;padding:2px 1pt;text-align:left;vertical-align:bottom""><span style=""color:#000000;font-family:'Times New Roman',sans-serif;font-size:10pt;font-weight:400;line-height:100%"">Total regular quarterly dividends accrued</span></td><td colspan=""3"" style=""background-color:#cceeff;padding:0 1pt""></td><td style=""background-color:#cceeff;padding:2px 0 2px 1pt;text-align:left;vertical-align:bottom""><span style=""color:#000000;font-family:'Times New Roman',sans-serif;font-size:10pt;font-weight:400;line-height:100%"">$</span></td><td style=""background-color:#cceeff;padding:2px 0;text-align:right;vertical-align:bottom""><span style=""color:#000000;font-family:'Times New Roman',sans-serif;font-size:10pt;font-weight:400;line-height:100%"">16,397 </span></td><td style=""background-color:#cceeff;padding:2px 1pt 2px 0;text-align:right;vertical-align:bottom""></td><td colspan=""3"" style=""background-color:#cceeff;padding:0 1pt""></td><td style=""background-color:#cceeff;padding:2px 0 2px 1pt;text-align:left;vertical-align:bottom""><span style=""color:#000000;font-family:'Times New Roman',sans-serif;font-size:10pt;font-weight:400;line-height:100%"">$</span></td><td style=""background-color:#cceeff;padding:2px 0;text-align:right;vertical-align:bottom""><span style=""color:#000000;font-family:'Times New Roman',sans-serif;font-size:10pt;font-weight:400;line-height:100%"">14,821 </span></td><td style=""background-color:#cceeff;padding:2px 1pt 2px 0;text-align:right;vertical-align:bottom""></td><td colspan=""3"" style=""display:none""></td><td colspan=""3"" style=""display:none""></td><td colspan=""3"" style=""display:none""></td><td colspan=""3"" style=""display:none""></td></tr><tr><td colspan=""3"" style=""background-color:#ffffff;padding:2px 1pt;text-align:left;vertical-align:bottom""><span style=""color:#000000;font-family:'Times New Roman',sans-serif;font-size:10pt;font-weight:400;line-height:100%"">Total supplemental quarterly dividends accrued</span></td><td colspan=""3"" style=""background-color:#ffffff;padding:0 1pt""></td><td colspan=""2"" style=""background-color:#ffffff;padding:2px 0 2px 1pt;text-align:right;vertical-align:bottom""><span style=""color:#000000;font-family:'Times New Roman',sans-serif;font-size:10pt;font-weight:400;line-height:100%"">468 </span></td><td style=""background-color:#ffffff;padding:2px 1pt 2px 0;text-align:right;vertical-align:bottom""></td><td colspan=""3"" style=""background-color:#ffffff;padding:0 1pt""></td><td colspan=""2"" style=""background-color:#ffffff;padding:2px 0 2px 1pt;text-align:right;vertical-align:bottom""><span style=""color:#000000;font-family:'Times New Roman',sans-serif;font-size:10pt;font-weight:400;line-height:100%"">— </span></td><td style=""background-color:#ffffff;padding:2px 1pt 2px 0;text-align:right;vertical-align:bottom""></td><td colspan=""3"" style=""display:none""></td><td colspan=""3"" style=""display:none""></td><td colspan=""3"" style=""display:none""></td><td colspan=""3"" style=""display:none""></td></tr><tr><td colspan=""3"" style=""background-color:#cceeff;padding:2px 1pt 2px 7pt;text-align:left;vertical-align:bottom""><span style=""color:#000000;font-family:'Times New Roman',sans-serif;font-size:10pt;font-weight:400;line-height:100%"">Total dividends accrued</span></td><td colspan=""3"" style=""background-color:#cceeff;padding:0 1pt""></td><td style=""background-color:#cceeff;border-bottom:3pt double #000;border-top:1pt solid #000;padding:2px 0 2px 1pt;text-align:left;vertical-align:bottom""><span style=""color:#000000;font-family:'Times New Roman',sans-serif;font-size:10pt;font-weight:400;line-height:100%"">$</span></td><td style=""background-color:#cceeff;border-bottom:3pt double #000;border-top:1pt solid #000;padding:2px 0;text-align:right;vertical-align:bottom""><span style=""color:#000000;font-family:'Times New Roman',sans-serif;font-size:10pt;font-weight:400;line-height:100%"">16,866 </span></td><td style=""background-color:#cceeff;border-bottom:3pt double #000;border-top:1pt solid #000;padding:2px 1pt 2px 0;text-align:right;vertical-align:bottom""></td><td colspan=""3"" style=""background-color:#cceeff;padding:0 1pt""></td><td style=""background-color:#cceeff;border-bottom:3pt double #000;border-top:1pt solid #000;padding:2px 0 2px 1pt;text-align:left;vertical-align:bottom""><span style=""color:#000000;font-family:'Times New Roman',sans-serif;font-size:10pt;font-weight:400;line-height:100%"">$</span></td><td style=""background-color:#cceeff;border-bottom:3pt double #000;border-top:1pt solid #000;padding:2px 0;text-align:right;vertical-align:bottom""><span style=""color:#000000;font-family:'Times New Roman',sans-serif;font-size:10pt;font-weight:400;line-height:100%"">14,821 </span></td><td style=""background-color:#cceeff;border-bottom:3pt double #000;border-top:1pt solid #000;padding:2px 1pt 2px 0;text-align:right;vertical-align:bottom""></td><td colspan=""3"" style=""display:none""></td><td colspan=""3"" style=""display:none""></td><td colspan=""3"" style=""display:none""></td><td colspan=""3"" style=""display:none""></td></tr></table></div><div style=""margin-bottom:10pt;text-indent:36pt""><span style=""color:#000000;font-family:'Times New Roman',sans-serif;font-size:10pt;font-weight:400;line-height:120%"">MSIF has elected to be treated for U.S. federal income tax purposes as a RIC. MSIF’s taxable income includes the taxable income generated by MSIF and certain of its subsidiaries, including the Structured Subsidiaries, which are treated as disregarded entities for tax purposes. As a RIC, MSIF generally will not pay corporate-level U.S. federal income taxes on any net ordinary taxable income or capital gains that MSIF distributes to its stockholders. MSIF must generally distribute at least 90% of its “investment company taxable income” (which is generally its net ordinary taxable income and realized net short-term capital gains in excess of realized net long-term capital losses) and 90% of its tax-exempt income to maintain its RIC status (pass-through tax treatment for amounts distributed). As part of maintaining RIC status, undistributed taxable income (subject to a 4% non-deductible U.S. federal excise tax) pertaining to a given fiscal year may be distributed up to twelve months subsequent to the end of that fiscal year, provided such dividends are declared on or prior to the later of (i) filing of the U.S. federal income tax return for the applicable fiscal year or (ii) the fifteenth day of the ninth month following the close of the year in which such taxable income was generated.</span></div><div style=""margin-bottom:10pt;text-indent:36pt""><span style=""color:#000000;font-family:'Times New Roman',sans-serif;font-size:10pt;font-weight:400;line-height:120%"">The determination of the tax attributes for MSC Income’s distributions is made annually, based upon its taxable income for the full year and distributions paid for the full year. Therefore, a determination made on an interim basis may not be representative of the actual tax attributes of distributions for a full year. Ordinary dividend distributions from a RIC do not qualify for the 20% maximum tax rate (plus a 3.8% Medicare surtax, if applicable) on dividend income from domestic corporations and qualified foreign corporations, except to the extent that the RIC received the income in the form of qualifying dividends from domestic corporations and qualified foreign corporations. The tax attributes for distributions will generally include both ordinary income and qualified dividends, but may also include either one or both of capital gains and return of capital.</span></div><div style=""margin-bottom:6pt;text-indent:36pt""><span style=""color:#000000;font-family:'Times New Roman',sans-serif;font-size:10pt;font-weight:400;line-height:120%"">Listed below is a reconciliation of “Net increase in net assets resulting from operations” to taxable income and to total distributions declared to common stockholders for the three months ended March 31, 2025 and 2024.</span></div><div style=""margin-bottom:10pt""><table style=""border-collapse:collapse;display:inline-table;margin-bottom:5pt;vertical-align:text-bottom;width:100.000%""><tr><td style=""width:1.0%""></td><td style=""width:71.930%""></td><td style=""width:0.1%""></td><td style=""width:1.0%""></td><td style=""width:12.081%""></td><td style=""width:0.1%""></td><td style=""width:0.1%""></td><td style=""width:0.406%""></td><td style=""width:0.1%""></td><td style=""width:1.0%""></td><td style=""width:12.083%""></td><td style=""width:0.1%""></td></tr><tr><td colspan=""3"" style=""padding:0 1pt""></td><td colspan=""9"" style=""padding:2px 1pt;text-align:center;vertical-align:bottom""><span style=""color:#000000;font-family:'Times New Roman',sans-serif;font-size:8pt;font-weight:700;line-height:100%"">Three Months Ended March 31,</span></td></tr><tr><td colspan=""3"" style=""padding:0 1pt""></td><td colspan=""3"" style=""border-top:1pt solid #000;padding:2px 1pt;text-align:center;vertical-align:bottom""><span style=""color:#000000;font-family:'Times New Roman',sans-serif;font-size:8pt;font-weight:700;line-height:100%"">2025</span></td><td colspan=""3"" style=""border-top:1pt solid #000;padding:0 1pt""></td><td colspan=""3"" style=""border-bottom:1pt solid #000;border-top:1pt solid #000;padding:2px 1pt;text-align:center;vertical-align:bottom""><span style=""color:#000000;font-family:'Times New Roman',sans-serif;font-size:8pt;font-weight:700;line-height:100%"">2024</span></td></tr><tr><td colspan=""3"" style=""padding:0 1pt""></td><td colspan=""9"" style=""border-top:1pt solid #000;padding:2px 1pt;text-align:center;vertical-align:bottom""><span style=""color:#000000;font-family:'Times New Roman',sans-serif;font-size:8pt;font-weight:700;line-height:100%"">(estimated, in thousands)</span></td></tr><tr><td colspan=""3"" style=""background-color:#cceeff;padding:2px 1pt;text-align:left;vertical-align:bottom""><span style=""color:#000000;font-family:'Times New Roman',sans-serif;font-size:10pt;font-weight:400;line-height:100%"">Net increase in net assets resulting from operations</span></td><td style=""background-color:#cceeff;padding:2px 0 2px 1pt;text-align:left;vertical-align:bottom""><span style=""color:#000000;font-family:'Times New Roman',sans-serif;font-size:10pt;font-weight:400;line-height:100%"">$</span></td><td style=""background-color:#cceeff;padding:2px 0;text-align:right;vertical-align:bottom""><span style=""color:#000000;font-family:'Times New Roman',sans-serif;font-size:10pt;font-weight:400;line-height:100%"">15,875 </span></td><td style=""background-color:#cceeff;padding:2px 1pt 2px 0;text-align:right;vertical-align:bottom""></td><td colspan=""3"" style=""background-color:#cceeff;padding:0 1pt""></td><td style=""background-color:#cceeff;padding:2px 0 2px 1pt;text-align:left;vertical-align:bottom""><span style=""color:#000000;font-family:'Times New Roman',sans-serif;font-size:10pt;font-weight:400;line-height:100%"">$</span></td><td style=""background-color:#cceeff;padding:2px 0;text-align:right;vertical-align:bottom""><span style=""color:#000000;font-family:'Times New Roman',sans-serif;font-size:10pt;font-weight:400;line-height:100%"">10,589 </span></td><td style=""background-color:#cceeff;padding:2px 1pt 2px 0;text-align:right;vertical-align:bottom""></td></tr><tr><td colspan=""3"" style=""background-color:#ffffff;padding:2px 1pt;text-align:left;vertical-align:bottom""><span style=""color:#000000;font-family:'Times New Roman',sans-serif;font-size:10pt;font-weight:400;line-height:100%"">Net unrealized (appreciation) depreciation</span></td><td colspan=""2"" style=""background-color:#ffffff;padding:2px 0 2px 1pt;text-align:right;vertical-align:bottom""><span style=""color:#000000;font-family:'Times New Roman',sans-serif;font-size:10pt;font-weight:400;line-height:100%"">(18,783)</span></td><td style=""background-color:#ffffff;padding:2px 1pt 2px 0;text-align:right;vertical-align:bottom""></td><td colspan=""3"" style=""background-color:#ffffff;padding:0 1pt""></td><td colspan=""2"" style=""background-color:#ffffff;padding:2px 0 2px 1pt;text-align:right;vertical-align:bottom""><span style=""color:#000000;font-family:'Times New Roman',sans-serif;font-size:10pt;font-weight:400;line-height:100%"">1,133 </span></td><td style=""background-color:#ffffff;padding:2px 1pt 2px 0;text-align:right;vertical-align:bottom""></td></tr><tr><td colspan=""3"" style=""background-color:#cceeff;padding:2px 1pt;text-align:left;vertical-align:bottom""><span style=""color:#000000;font-family:'Times New Roman',sans-serif;font-size:10pt;font-weight:400;line-height:100%"">Income tax provision (benefit)</span></td><td colspan=""2"" style=""background-color:#cceeff;padding:2px 0 2px 1pt;text-align:right;vertical-align:bottom""><span style=""color:#000000;font-family:'Times New Roman',sans-serif;font-size:10pt;font-weight:400;line-height:100%"">(1,370)</span></td><td style=""background-color:#cceeff;padding:2px 1pt 2px 0;text-align:right;vertical-align:bottom""></td><td colspan=""3"" style=""background-color:#cceeff;padding:0 1pt""></td><td colspan=""2"" style=""background-color:#cceeff;padding:2px 0 2px 1pt;text-align:right;vertical-align:bottom""><span style=""color:#000000;font-family:'Times New Roman',sans-serif;font-size:10pt;font-weight:400;line-height:100%"">940 </span></td><td style=""background-color:#cceeff;padding:2px 1pt 2px 0;text-align:right;vertical-align:bottom""></td></tr><tr><td colspan=""3"" style=""background-color:#ffffff;padding:2px 1pt;text-align:left;vertical-align:bottom""><span style=""color:#000000;font-family:'Times New Roman',sans-serif;font-size:10pt;font-weight:400;line-height:100%"">Pre-tax book (income) loss not consolidated for tax purposes</span></td><td colspan=""2"" style=""background-color:#ffffff;padding:2px 0 2px 1pt;text-align:right;vertical-align:bottom""><span style=""color:#000000;font-family:'Times New Roman',sans-serif;font-size:10pt;font-weight:400;line-height:100%"">275 </span></td><td style=""background-color:#ffffff;padding:2px 1pt 2px 0;text-align:right;vertical-align:bottom""></td><td colspan=""3"" style=""background-color:#ffffff;padding:0 1pt""></td><td colspan=""2"" style=""background-color:#ffffff;padding:2px 0 2px 1pt;text-align:right;vertical-align:bottom""><span style=""color:#000000;font-family:'Times New Roman',sans-serif;font-size:10pt;font-weight:400;line-height:100%"">(1,261)</span></td><td style=""background-color:#ffffff;padding:2px 1pt 2px 0;text-align:right;vertical-align:bottom""></td></tr><tr><td colspan=""3"" style=""background-color:#cceeff;padding:2px 1pt;text-align:left;vertical-align:bottom""><span style=""color:#000000;font-family:'Times New Roman',sans-serif;font-size:10pt;font-weight:400;line-height:120%"">Book income and tax income differences, including debt origination, structuring fees, dividends, realized gains and changes in estimates</span></td><td colspan=""2"" style=""background-color:#cceeff;padding:2px 0 2px 1pt;text-align:right;vertical-align:bottom""><span style=""color:#000000;font-family:'Times New Roman',sans-serif;font-size:10pt;font-weight:400;line-height:100%"">19,424 </span></td><td style=""background-color:#cceeff;padding:2px 1pt 2px 0;text-align:right;vertical-align:bottom""></td><td colspan=""3"" style=""background-color:#cceeff;padding:0 1pt""></td><td colspan=""2"" style=""background-color:#cceeff;padding:2px 0 2px 1pt;text-align:right;vertical-align:bottom""><span style=""color:#000000;font-family:'Times New Roman',sans-serif;font-size:10pt;font-weight:400;line-height:100%"">1,481 </span></td><td style=""background-color:#cceeff;padding:2px 1pt 2px 0;text-align:right;vertical-align:bottom""></td></tr><tr><td colspan=""3"" style=""background-color:#ffffff;padding:2px 1pt;text-align:left;vertical-align:bottom""><span style=""color:#000000;font-family:'Times New Roman',sans-serif;font-size:10pt;font-weight:400;line-height:100%"">Estimated taxable income (1)</span></td><td colspan=""2"" style=""background-color:#ffffff;border-top:1pt solid #000;padding:2px 0 2px 1pt;text-align:right;vertical-align:bottom""><span style=""color:#000000;font-family:'Times New Roman',sans-serif;font-size:10pt;font-weight:400;line-height:100%"">15,421 </span></td><td style=""background-color:#ffffff;border-top:1pt solid #000;padding:2px 1pt 2px 0;text-align:right;vertical-align:bottom""></td><td colspan=""3"" style=""background-color:#ffffff;padding:0 1pt""></td><td colspan=""2"" style=""background-color:#ffffff;border-top:1pt solid #000;padding:2px 0 2px 1pt;text-align:right;vertical-align:bottom""><span style=""color:#000000;font-family:'Times New Roman',sans-serif;font-size:10pt;font-weight:400;line-height:100%"">12,882 </span></td><td style=""background-color:#ffffff;border-top:1pt solid #000;padding:2px 1pt 2px 0;text-align:right;vertical-align:bottom""></td></tr><tr><td colspan=""3"" style=""background-color:#cceeff;padding:2px 1pt;text-align:left;vertical-align:bottom""><span style=""color:#000000;font-family:'Times New Roman',sans-serif;font-size:10pt;font-weight:400;line-height:100%"">Taxable income earned in prior year and carried forward for distribution in current year</span></td><td colspan=""2"" style=""background-color:#cceeff;padding:2px 0 2px 1pt;text-align:right;vertical-align:bottom""><span style=""color:#000000;font-family:'Times New Roman',sans-serif;font-size:10pt;font-weight:400;line-height:100%"">20,348 </span></td><td style=""background-color:#cceeff;padding:2px 1pt 2px 0;text-align:right;vertical-align:bottom""></td><td colspan=""3"" style=""background-color:#cceeff;padding:0 1pt""></td><td colspan=""2"" style=""background-color:#cceeff;padding:2px 0 2px 1pt;text-align:right;vertical-align:bottom""><span style=""color:#000000;font-family:'Times New Roman',sans-serif;font-size:10pt;font-weight:400;line-height:100%"">14,745 </span></td><td style=""background-color:#cceeff;padding:2px 1pt 2px 0;text-align:right;vertical-align:bottom""></td></tr><tr><td colspan=""3"" style=""background-color:#ffffff;padding:2px 1pt;text-align:left;vertical-align:bottom""><span style=""color:#000000;font-family:'Times New Roman',sans-serif;font-size:10pt;font-weight:400;line-height:100%"">Taxable income earned prior to period end and carried forward for distribution next period</span></td><td colspan=""2"" style=""background-color:#ffffff;padding:2px 0 2px 1pt;text-align:right;vertical-align:bottom""><span style=""color:#000000;font-family:'Times New Roman',sans-serif;font-size:10pt;font-weight:400;line-height:100%"">(35,769)</span></td><td style=""background-color:#ffffff;padding:2px 1pt 2px 0;text-align:right;vertical-align:bottom""></td><td colspan=""3"" style=""background-color:#ffffff;padding:0 1pt""></td><td colspan=""2"" style=""background-color:#ffffff;padding:2px 0 2px 1pt;text-align:right;vertical-align:bottom""><span style=""color:#000000;font-family:'Times New Roman',sans-serif;font-size:10pt;font-weight:400;line-height:100%"">(27,627)</span></td><td style=""background-color:#ffffff;padding:2px 1pt 2px 0;text-align:right;vertical-align:bottom""></td></tr><tr><td colspan=""3"" style=""background-color:#cceeff;padding:2px 1pt;text-align:left;vertical-align:bottom""><span style=""color:#000000;font-family:'Times New Roman',sans-serif;font-size:10pt;font-weight:400;line-height:100%"">Dividend payable as of period end and paid in the following period</span></td><td colspan=""2"" style=""background-color:#cceeff;padding:2px 0 2px 1pt;text-align:right;vertical-align:bottom""><span style=""color:#000000;font-family:'Times New Roman',sans-serif;font-size:10pt;font-weight:400;line-height:100%"">16,866 </span></td><td style=""background-color:#cceeff;padding:2px 1pt 2px 0;text-align:right;vertical-align:bottom""></td><td colspan=""3"" style=""background-color:#cceeff;padding:0 1pt""></td><td colspan=""2"" style=""background-color:#cceeff;padding:2px 0 2px 1pt;text-align:right;vertical-align:bottom""><span style=""color:#000000;font-family:'Times New Roman',sans-serif;font-size:10pt;font-weight:400;line-height:100%"">14,821 </span></td><td style=""background-color:#cceeff;padding:2px 1pt 2px 0;text-align:right;vertical-align:bottom""></td></tr><tr><td colspan=""3"" style=""background-color:#ffffff;padding:2px 1pt;text-align:left;vertical-align:bottom""><span style=""color:#000000;font-family:'Times New Roman',sans-serif;font-size:10pt;font-weight:400;line-height:100%"">Total distributions accrued or paid to common stockholders</span></td><td style=""background-color:#ffffff;border-bottom:3pt double #000;border-top:1pt solid #000;padding:2px 0 2px 1pt;text-align:left;vertical-align:bottom""><span style=""color:#000000;font-family:'Times New Roman',sans-serif;font-size:10pt;font-weight:400;line-height:100%"">$</span></td><td style=""background-color:#ffffff;border-bottom:3pt double #000;border-top:1pt solid #000;padding:2px 0;text-align:right;vertical-align:bottom""><span style=""color:#000000;font-family:'Times New Roman',sans-serif;font-size:10pt;font-weight:400;line-height:100%"">16,866 </span></td><td style=""background-color:#ffffff;border-bottom:3pt double #000;border-top:1pt solid #000;padding:2px 1pt 2px 0;text-align:right;vertical-align:bottom""></td><td colspan=""3"" style=""background-color:#ffffff;padding:0 1pt""></td><td style=""background-color:#ffffff;border-bottom:3pt double #000;border-top:1pt solid #000;padding:2px 0 2px 1pt;text-align:left;vertical-align:bottom""><span style=""color:#000000;font-family:'Times New Roman',sans-serif;font-size:10pt;font-weight:400;line-height:100%"">$</span></td><td style=""background-color:#ffffff;border-bottom:3pt double #000;border-top:1pt solid #000;padding:2px 0;text-align:right;vertical-align:bottom""><span style=""color:#000000;font-family:'Times New Roman',sans-serif;font-size:10pt;font-weight:400;line-height:100%"">14,821 </span></td><td style=""background-color:#ffffff;border-bottom:3pt double #000;border-top:1pt solid #000;padding:2px 1pt 2px 0;text-align:right;vertical-align:bottom""></td></tr></table><span style=""color:#000000;font-family:'Times New Roman',sans-serif;font-size:10pt;font-weight:400;line-height:120%"">________________</span></div><div style=""margin-bottom:10pt;padding-left:18pt;text-indent:-18pt""><span style=""color:#000000;font-family:'Times New Roman',sans-serif;font-size:10pt;font-weight:400;line-height:120%"">(1)</span><span style=""color:#000000;font-family:'Times New Roman',sans-serif;font-size:10pt;font-weight:400;line-height:120%;padding-left:6.34pt"">MSIF’s taxable income for each period is an estimate and will not be finally determined until MSIF files its tax return for each year. Therefore, the final taxable income, and the taxable income earned in each period and carried forward for distribution in the following period, may be different than this estimate.</span></div><div style=""margin-bottom:10pt;text-indent:36pt""><span style=""color:#000000;font-family:'Times New Roman',sans-serif;font-size:10pt;font-weight:400;line-height:120%"">The Taxable Subsidiaries primarily hold certain equity investments for MSC Income. The Taxable Subsidiaries permit MSC Income to hold equity investments in portfolio companies which are “pass-through” entities for tax purposes and to continue to comply with the “source-of-income” requirements contained in the RIC tax provisions of the Code. The Taxable Subsidiaries are consolidated with MSIF for U.S. GAAP financial reporting purposes, and the portfolio investments held by the Taxable Subsidiaries are included in MSC Income’s consolidated financial statements as portfolio investments and recorded at fair value. The Taxable Subsidiaries are not consolidated with MSIF for income tax purposes and may generate income tax expense, or benefit, and tax assets and liabilities, as a result of their ownership of certain portfolio investments. The taxable income, or loss, of the Taxable Subsidiaries may differ from their book income, or loss, due to temporary book and tax timing differences and permanent differences. The Taxable Subsidiaries are each taxed at corporate income tax rates based on their taxable income. The income tax expense, or benefit, if any, and the related tax assets and liabilities, of the Taxable Subsidiaries are reflected in MSC Income’s consolidated financial statements.</span></div><div style=""margin-bottom:6pt;text-indent:36pt""><span style=""color:#000000;font-family:'Times New Roman',sans-serif;font-size:10pt;font-weight:400;line-height:120%"">The income tax provision for MSC Income is generally composed of (i) deferred tax expense (benefit), which is primarily the result of the net activity relating to the portfolio investments held in the Taxable Subsidiaries, including changes in loss carryforwards, changes in net unrealized appreciation or depreciation and other temporary book tax differences, and (ii) current tax expense, which is primarily the result of current U.S. federal income and state taxes and excise taxes on MSC Income’s estimated undistributed taxable income. The income tax expense, or benefit, and the related tax assets and liabilities generated by the Taxable Subsidiaries, if any, are reflected in MSC Income’s Consolidated Statements of Operations. MSC Income’s provision for income taxes was comprised of the following for the three months ended March 31, 2025 and 2024:</span></div><div style=""margin-bottom:10pt""><table style=""border-collapse:collapse;display:inline-table;margin-bottom:5pt;vertical-align:text-bottom;width:100.000%""><tr><td style=""width:1.0%""></td><td style=""width:71.930%""></td><td style=""width:0.1%""></td><td style=""width:1.0%""></td><td style=""width:12.081%""></td><td style=""width:0.1%""></td><td style=""width:0.1%""></td><td style=""width:0.406%""></td><td style=""width:0.1%""></td><td style=""width:1.0%""></td><td style=""width:12.083%""></td><td style=""width:0.1%""></td><td colspan=""3"" style=""display:none""></td><td colspan=""3"" style=""display:none""></td><td colspan=""3"" style=""display:none""></td><td colspan=""3"" style=""display:none""></td></tr><tr><td colspan=""3"" style=""padding:0 1pt""></td><td colspan=""9"" style=""padding:2px 1pt;text-align:center;vertical-align:bottom""><span style=""color:#000000;font-family:'Times New Roman',sans-serif;font-size:8pt;font-weight:700;line-height:100%"">Three Months Ended March 31,</span></td><td colspan=""3"" style=""display:none""></td><td colspan=""3"" style=""display:none""></td></tr><tr><td colspan=""3"" style=""padding:0 1pt""></td><td colspan=""3"" style=""border-top:1pt solid #000;padding:2px 1pt;text-align:center;vertical-align:bottom""><span style=""color:#000000;font-family:'Times New Roman',sans-serif;font-size:8pt;font-weight:700;line-height:100%"">2025</span></td><td colspan=""3"" style=""border-top:1pt solid #000;padding:0 1pt""></td><td colspan=""3"" style=""border-bottom:1pt solid #000;border-top:1pt solid #000;padding:2px 1pt;text-align:center;vertical-align:bottom""><span style=""color:#000000;font-family:'Times New Roman',sans-serif;font-size:8pt;font-weight:700;line-height:100%"">2024</span></td><td colspan=""3"" style=""display:none""></td><td colspan=""3"" style=""display:none""></td><td colspan=""3"" style=""display:none""></td><td colspan=""3"" style=""display:none""></td></tr><tr><td colspan=""3"" style=""padding:0 1pt""></td><td colspan=""9"" style=""border-top:1pt solid #000;padding:2px 1pt;text-align:center;vertical-align:bottom""><span style=""color:#000000;font-family:'Times New Roman',sans-serif;font-size:8pt;font-weight:700;line-height:100%"">(dollars in thousands)</span></td></tr><tr><td colspan=""3"" style=""background-color:#cceeff;padding:2px 1pt;text-align:left;vertical-align:bottom""><span style=""color:#000000;font-family:'Times New Roman',sans-serif;font-size:10pt;font-weight:700;line-height:100%"">Current tax expense:</span></td><td colspan=""3"" style=""background-color:#cceeff;padding:0 1pt""></td><td colspan=""3"" style=""background-color:#cceeff;padding:0 1pt""></td><td colspan=""3"" style=""background-color:#cceeff;padding:0 1pt""></td><td colspan=""3"" style=""display:none""></td><td colspan=""3"" style=""display:none""></td><td colspan=""3"" style=""display:none""></td><td colspan=""3"" style=""display:none""></td></tr><tr><td colspan=""3"" style=""background-color:#ffffff;padding:2px 1pt;text-align:left;vertical-align:bottom""><span style=""color:#000000;font-family:'Times New Roman',sans-serif;font-size:10pt;font-weight:400;line-height:100%"">Federal</span></td><td style=""background-color:#ffffff;padding:2px 0 2px 1pt;text-align:left;vertical-align:bottom""><span style=""color:#000000;font-family:'Times New Roman',sans-serif;font-size:10pt;font-weight:400;line-height:100%"">$</span></td><td style=""background-color:#ffffff;padding:2px 0;text-align:right;vertical-align:bottom""><span style=""color:#000000;font-family:'Times New Roman',sans-serif;font-size:10pt;font-weight:400;line-height:100%"">53 </span></td><td style=""background-color:#ffffff;padding:2px 1pt 2px 0;text-align:right;vertical-align:bottom""></td><td colspan=""3"" style=""background-color:#ffffff;padding:0 1pt""></td><td style=""background-color:#ffffff;padding:2px 0 2px 1pt;text-align:left;vertical-align:bottom""><span style=""color:#000000;font-family:'Times New Roman',sans-serif;font-size:10pt;font-weight:400;line-height:100%"">$</span></td><td style=""background-color:#ffffff;padding:2px 0;text-align:right;vertical-align:bottom""><span style=""color:#000000;font-family:'Times New Roman',sans-serif;font-size:10pt;font-weight:400;line-height:100%"">53 </span></td><td style=""background-color:#ffffff;padding:2px 1pt 2px 0;text-align:right;vertical-align:bottom""></td><td colspan=""3"" style=""display:none""></td><td colspan=""3"" style=""display:none""></td><td colspan=""3"" style=""display:none""></td><td colspan=""3"" style=""display:none""></td></tr><tr><td colspan=""3"" style=""background-color:#cceeff;padding:2px 1pt;text-align:left;vertical-align:bottom""><span style=""color:#000000;font-family:'Times New Roman',sans-serif;font-size:10pt;font-weight:400;line-height:100%"">State</span></td><td colspan=""2"" style=""background-color:#cceeff;padding:2px 0 2px 1pt;text-align:right;vertical-align:bottom""><span style=""color:#000000;font-family:'Times New Roman',sans-serif;font-size:10pt;font-weight:400;line-height:100%"">238 </span></td><td style=""background-color:#cceeff;padding:2px 1pt 2px 0;text-align:right;vertical-align:bottom""></td><td colspan=""3"" style=""background-color:#cceeff;padding:0 1pt""></td><td colspan=""2"" style=""background-color:#cceeff;padding:2px 0 2px 1pt;text-align:right;vertical-align:bottom""><span style=""color:#000000;font-family:'Times New Roman',sans-serif;font-size:10pt;font-weight:400;line-height:100%"">200 </span></td><td style=""background-color:#cceeff;padding:2px 1pt 2px 0;text-align:right;vertical-align:bottom""></td><td colspan=""3"" style=""display:none""></td><td colspan=""3"" style=""display:none""></td><td colspan=""3"" style=""display:none""></td><td colspan=""3"" style=""display:none""></td></tr><tr><td colspan=""3"" style=""background-color:#ffffff;padding:2px 1pt;text-align:left;vertical-align:bottom""><span style=""color:#000000;font-family:'Times New Roman',sans-serif;font-size:10pt;font-weight:400;line-height:100%"">Excise</span></td><td colspan=""2"" style=""background-color:#ffffff;padding:2px 0 2px 1pt;text-align:right;vertical-align:bottom""><span style=""color:#000000;font-family:'Times New Roman',sans-serif;font-size:10pt;font-weight:400;line-height:100%"">192 </span></td><td style=""background-color:#ffffff;padding:2px 1pt 2px 0;text-align:right;vertical-align:bottom""></td><td colspan=""3"" style=""background-color:#ffffff;padding:0 1pt""></td><td colspan=""2"" style=""background-color:#ffffff;padding:2px 0 2px 1pt;text-align:right;vertical-align:bottom""><span style=""color:#000000;font-family:'Times New Roman',sans-serif;font-size:10pt;font-weight:400;line-height:100%"">76 </span></td><td style=""background-color:#ffffff;padding:2px 1pt 2px 0;text-align:right;vertical-align:bottom""></td><td colspan=""3"" style=""display:none""></td><td colspan=""3"" style=""display:none""></td><td colspan=""3"" style=""display:none""></td><td colspan=""3"" style=""display:none""></td></tr><tr><td colspan=""3"" style=""background-color:#cceeff;padding:2px 1pt 2px 10pt;text-align:left;vertical-align:bottom""><span style=""color:#000000;font-family:'Times New Roman',sans-serif;font-size:10pt;font-weight:400;line-height:100%"">Total current tax expense</span></td><td colspan=""2"" style=""background-color:#cceeff;border-top:1pt solid #000;padding:2px 0 2px 1pt;text-align:right;vertical-align:bottom""><span style=""color:#000000;font-family:'Times New Roman',sans-serif;font-size:10pt;font-weight:400;line-height:100%"">483 </span></td><td style=""background-color:#cceeff;border-top:1pt solid #000;padding:2px 1pt 2px 0;text-align:right;vertical-align:bottom""></td><td colspan=""3"" style=""background-color:#cceeff;padding:0 1pt""></td><td colspan=""2"" style=""background-color:#cceeff;border-top:1pt solid #000;padding:2px 0 2px 1pt;text-align:right;vertical-align:bottom""><span style=""color:#000000;font-family:'Times New Roman',sans-serif;font-size:10pt;font-weight:400;line-height:100%"">329 </span></td><td style=""background-color:#cceeff;border-top:1pt solid #000;padding:2px 1pt 2px 0;text-align:right;vertical-align:bottom""></td><td colspan=""3"" style=""display:none""></td><td colspan=""3"" style=""display:none""></td><td colspan=""3"" style=""display:none""></td><td colspan=""3"" style=""display:none""></td></tr><tr><td colspan=""3"" style=""background-color:#ffffff;padding:2px 1pt;text-align:left;vertical-align:bottom""><span style=""color:#000000;font-family:'Times New Roman',sans-serif;font-size:10pt;font-weight:700;line-height:100%"">Deferred tax expense (benefit):</span></td><td colspan=""3"" style=""background-color:#ffffff;padding:0 1pt""></td><td colspan=""3"" style=""background-color:#ffffff;padding:0 1pt""></td><td colspan=""3"" style=""background-color:#ffffff;padding:0 1pt""></td><td colspan=""3"" style=""display:none""></td><td colspan=""3"" style=""display:none""></td><td colspan=""3"" style=""display:none""></td><td colspan=""3"" style=""display:none""></td></tr><tr><td colspan=""3"" style=""background-color:#cceeff;padding:2px 1pt;text-align:left;vertical-align:bottom""><span style=""color:#000000;font-family:'Times New Roman',sans-serif;font-size:10pt;font-weight:400;line-height:100%"">Federal</span></td><td colspan=""2"" style=""background-color:#cceeff;padding:2px 0 2px 1pt;text-align:right;vertical-align:bottom""><span style=""color:#000000;font-family:'Times New Roman',sans-serif;font-size:10pt;font-weight:400;line-height:100%"">(1,613)</span></td><td style=""background-color:#cceeff;padding:2px 1pt 2px 0;text-align:right;vertical-align:bottom""></td><td colspan=""3"" style=""background-color:#cceeff;padding:0 1pt""></td><td colspan=""2"" style=""background-color:#cceeff;padding:2px 0 2px 1pt;text-align:right;vertical-align:bottom""><span style=""color:#000000;font-family:'Times New Roman',sans-serif;font-size:10pt;font-weight:400;line-height:100%"">656 </span></td><td style=""background-color:#cceeff;padding:2px 1pt 2px 0;text-align:right;vertical-align:bottom""></td><td colspan=""3"" style=""display:none""></td><td colspan=""3"" style=""display:none""></td><td colspan=""3"" style=""display:none""></td><td colspan=""3"" style=""display:none""></td></tr><tr><td colspan=""3"" style=""background-color:#ffffff;padding:2px 1pt;text-align:left;vertical-align:bottom""><span style=""color:#000000;font-family:'Times New Roman',sans-serif;font-size:10pt;font-weight:400;line-height:100%"">State</span></td><td colspan=""2"" style=""background-color:#ffffff;padding:2px 0 2px 1pt;text-align:right;vertical-align:bottom""><span style=""color:#000000;font-family:'Times New Roman',sans-serif;font-size:10pt;font-weight:400;line-height:100%"">(240)</span></td><td style=""background-color:#ffffff;padding:2px 1pt 2px 0;text-align:right;vertical-align:bottom""></td><td colspan=""3"" style=""background-color:#ffffff;padding:0 1pt""></td><td colspan=""2"" style=""background-color:#ffffff;padding:2px 0 2px 1pt;text-align:right;vertical-align:bottom""><span style=""color:#000000;font-family:'Times New Roman',sans-serif;font-size:10pt;font-weight:400;line-height:100%"">(45)</span></td><td style=""background-color:#ffffff;padding:2px 1pt 2px 0;text-align:right;vertical-align:bottom""></td><td colspan=""3"" style=""display:none""></td><td colspan=""3"" style=""display:none""></td><td colspan=""3"" style=""display:none""></td><td colspan=""3"" style=""display:none""></td></tr><tr><td colspan=""3"" style=""background-color:#cceeff;padding:2px 1pt 2px 10pt;text-align:left;vertical-align:bottom""><span style=""color:#000000;font-family:'Times New Roman',sans-serif;font-size:10pt;font-weight:400;line-height:100%"">Total deferred tax expense (benefit)</span></td><td colspan=""2"" style=""background-color:#cceeff;border-top:1pt solid #000;padding:2px 0 2px 1pt;text-align:right;vertical-align:bottom""><span style=""color:#000000;font-family:'Times New Roman',sans-serif;font-size:10pt;font-weight:400;line-height:100%"">(1,853)</span></td><td style=""background-color:#cceeff;border-top:1pt solid #000;padding:2px 1pt 2px 0;text-align:right;vertical-align:bottom""></td><td colspan=""3"" style=""background-color:#cceeff;padding:0 1pt""></td><td colspan=""2"" style=""background-color:#cceeff;border-top:1pt solid #000;padding:2px 0 2px 1pt;text-align:right;vertical-align:bottom""><span style=""color:#000000;font-family:'Times New Roman',sans-serif;font-size:10pt;font-weight:400;line-height:100%"">611 </span></td><td style=""background-color:#cceeff;border-top:1pt solid #000;padding:2px 1pt 2px 0;text-align:right;vertical-align:bottom""></td><td colspan=""3"" style=""display:none""></td><td colspan=""3"" style=""display:none""></td><td colspan=""3"" style=""display:none""></td><td colspan=""3"" style=""display:none""></td></tr><tr style=""height:14pt""><td colspan=""3"" style=""background-color:#ffffff;padding:0 1pt""></td><td colspan=""3"" style=""background-color:#ffffff;padding:0 1pt""></td><td colspan=""3"" style=""background-color:#ffffff;padding:0 1pt""></td><td colspan=""3"" style=""background-color:#ffffff;padding:0 1pt""></td><td colspan=""3"" style=""display:none""></td><td colspan=""3"" style=""display:none""></td><td colspan=""3"" style=""display:none""></td><td colspan=""3"" style=""display:none""></td></tr><tr><td colspan=""3"" style=""background-color:#cceeff;padding:2px 1pt 2px 10pt;text-align:left;vertical-align:bottom""><span style=""color:#000000;font-family:'Times New Roman',sans-serif;font-size:10pt;font-weight:400;line-height:100%"">Total income tax provision (benefit)</span></td><td style=""background-color:#cceeff;border-bottom:3pt double #000;border-top:1pt solid #000;padding:2px 0 2px 1pt;text-align:left;vertical-align:bottom""><span style=""color:#000000;font-family:'Times New Roman',sans-serif;font-size:10pt;font-weight:400;line-height:100%"">$</span></td><td style=""background-color:#cceeff;border-bottom:3pt double #000;border-top:1pt solid #000;padding:2px 0;text-align:right;vertical-align:bottom""><span style=""color:#000000;font-family:'Times New Roman',sans-serif;font-size:10pt;font-weight:400;line-height:100%"">(1,370)</span></td><td style=""background-color:#cceeff;border-bottom:3pt double #000;border-top:1pt solid #000;padding:2px 1pt 2px 0;text-align:right;vertical-align:bottom""></td><td colspan=""3"" style=""background-color:#cceeff;padding:0 1pt""></td><td style=""background-color:#cceeff;border-bottom:3pt double #000;border-top:1pt solid #000;padding:2px 0 2px 1pt;text-align:left;vertical-align:bottom""><span style=""color:#000000;font-family:'Times New Roman',sans-serif;font-size:10pt;font-weight:400;line-height:100%"">$</span></td><td style=""background-color:#cceeff;border-bottom:3pt double #000;border-top:1pt solid #000;padding:2px 0;text-align:right;vertical-align:bottom""><span style=""color:#000000;font-family:'Times New Roman',sans-serif;font-size:10pt;font-weight:400;line-height:100%"">940 </span></td><td style=""background-color:#cceeff;border-bottom:3pt double #000;border-top:1pt solid #000;padding:2px 1pt 2px 0;text-align:right;vertical-align:bottom""></td><td colspan=""3"" style=""display:none""></td><td colspan=""3"" style=""display:none""></td><td colspan=""3"" style=""display:none""></td><td colspan=""3"" style=""display:none""></td></tr></table></div><div style=""margin-bottom:10pt;text-indent:36pt""><span style=""color:#000000;font-family:'Times New Roman',sans-serif;font-size:10pt;font-weight:400;line-height:120%"">The net deferred tax asset as of March 31, 2025 and December 31, 2024 was $2.5 million and $0.6 million, respectively, with the change primarily related to changes in net unrealized appreciation or depreciation, changes in loss carryforwards and other temporary book-tax differences relating to portfolio investments held by the Taxable Subsidiaries.</span></div>As of March 31, 2025, for U.S. federal income tax purposes, the Taxable Subsidiaries did not have any net operating loss carryforwards. The Taxable Subsidiaries have net capital loss carryforwards from prior years which, if unused, will expire in various taxable years 2025 through 2030. Additionally, the Taxable Subsidiaries have interest expense limitation carryforwards which have an indefinite carryforward period.",c-1,,,,,,False,DividendDistributionsIncomeTaxDisclosureTextBlock,
MSIF,2025-05-13,income_statement,income_statement,FederalIncomeTaxNoteTextBlock,FederalIncomeTaxNoteTextBlock,"<div style=""margin-bottom:6pt;text-indent:36pt""><span style=""color:#000000;font-family:'Times New Roman',sans-serif;font-size:10pt;font-weight:400;line-height:120%"">Listed below is a reconciliation of “Net increase in net assets resulting from operations” to taxable income and to total distributions declared to common stockholders for the three months ended March 31, 2025 and 2024.</span></div><div style=""margin-bottom:10pt""><table style=""border-collapse:collapse;display:inline-table;margin-bottom:5pt;vertical-align:text-bottom;width:100.000%""><tr><td style=""width:1.0%""></td><td style=""width:71.930%""></td><td style=""width:0.1%""></td><td style=""width:1.0%""></td><td style=""width:12.081%""></td><td style=""width:0.1%""></td><td style=""width:0.1%""></td><td style=""width:0.406%""></td><td style=""width:0.1%""></td><td style=""width:1.0%""></td><td style=""width:12.083%""></td><td style=""width:0.1%""></td></tr><tr><td colspan=""3"" style=""padding:0 1pt""></td><td colspan=""9"" style=""padding:2px 1pt;text-align:center;vertical-align:bottom""><span style=""color:#000000;font-family:'Times New Roman',sans-serif;font-size:8pt;font-weight:700;line-height:100%"">Three Months Ended March 31,</span></td></tr><tr><td colspan=""3"" style=""padding:0 1pt""></td><td colspan=""3"" style=""border-top:1pt solid #000;padding:2px 1pt;text-align:center;vertical-align:bottom""><span style=""color:#000000;font-family:'Times New Roman',sans-serif;font-size:8pt;font-weight:700;line-height:100%"">2025</span></td><td colspan=""3"" style=""border-top:1pt solid #000;padding:0 1pt""></td><td colspan=""3"" style=""border-bottom:1pt solid #000;border-top:1pt solid #000;padding:2px 1pt;text-align:center;vertical-align:bottom""><span style=""color:#000000;font-family:'Times New Roman',sans-serif;font-size:8pt;font-weight:700;line-height:100%"">2024</span></td></tr><tr><td colspan=""3"" style=""padding:0 1pt""></td><td colspan=""9"" style=""border-top:1pt solid #000;padding:2px 1pt;text-align:center;vertical-align:bottom""><span style=""color:#000000;font-family:'Times New Roman',sans-serif;font-size:8pt;font-weight:700;line-height:100%"">(estimated, in thousands)</span></td></tr><tr><td colspan=""3"" style=""background-color:#cceeff;padding:2px 1pt;text-align:left;vertical-align:bottom""><span style=""color:#000000;font-family:'Times New Roman',sans-serif;font-size:10pt;font-weight:400;line-height:100%"">Net increase in net assets resulting from operations</span></td><td style=""background-color:#cceeff;padding:2px 0 2px 1pt;text-align:left;vertical-align:bottom""><span style=""color:#000000;font-family:'Times New Roman',sans-serif;font-size:10pt;font-weight:400;line-height:100%"">$</span></td><td style=""background-color:#cceeff;padding:2px 0;text-align:right;vertical-align:bottom""><span style=""color:#000000;font-family:'Times New Roman',sans-serif;font-size:10pt;font-weight:400;line-height:100%"">15,875 </span></td><td style=""background-color:#cceeff;padding:2px 1pt 2px 0;text-align:right;vertical-align:bottom""></td><td colspan=""3"" style=""background-color:#cceeff;padding:0 1pt""></td><td style=""background-color:#cceeff;padding:2px 0 2px 1pt;text-align:left;vertical-align:bottom""><span style=""color:#000000;font-family:'Times New Roman',sans-serif;font-size:10pt;font-weight:400;line-height:100%"">$</span></td><td style=""background-color:#cceeff;padding:2px 0;text-align:right;vertical-align:bottom""><span style=""color:#000000;font-family:'Times New Roman',sans-serif;font-size:10pt;font-weight:400;line-height:100%"">10,589 </span></td><td style=""background-color:#cceeff;padding:2px 1pt 2px 0;text-align:right;vertical-align:bottom""></td></tr><tr><td colspan=""3"" style=""background-color:#ffffff;padding:2px 1pt;text-align:left;vertical-align:bottom""><span style=""color:#000000;font-family:'Times New Roman',sans-serif;font-size:10pt;font-weight:400;line-height:100%"">Net unrealized (appreciation) depreciation</span></td><td colspan=""2"" style=""background-color:#ffffff;padding:2px 0 2px 1pt;text-align:right;vertical-align:bottom""><span style=""color:#000000;font-family:'Times New Roman',sans-serif;font-size:10pt;font-weight:400;line-height:100%"">(18,783)</span></td><td style=""background-color:#ffffff;padding:2px 1pt 2px 0;text-align:right;vertical-align:bottom""></td><td colspan=""3"" style=""background-color:#ffffff;padding:0 1pt""></td><td colspan=""2"" style=""background-color:#ffffff;padding:2px 0 2px 1pt;text-align:right;vertical-align:bottom""><span style=""color:#000000;font-family:'Times New Roman',sans-serif;font-size:10pt;font-weight:400;line-height:100%"">1,133 </span></td><td style=""background-color:#ffffff;padding:2px 1pt 2px 0;text-align:right;vertical-align:bottom""></td></tr><tr><td colspan=""3"" style=""background-color:#cceeff;padding:2px 1pt;text-align:left;vertical-align:bottom""><span style=""color:#000000;font-family:'Times New Roman',sans-serif;font-size:10pt;font-weight:400;line-height:100%"">Income tax provision (benefit)</span></td><td colspan=""2"" style=""background-color:#cceeff;padding:2px 0 2px 1pt;text-align:right;vertical-align:bottom""><span style=""color:#000000;font-family:'Times New Roman',sans-serif;font-size:10pt;font-weight:400;line-height:100%"">(1,370)</span></td><td style=""background-color:#cceeff;padding:2px 1pt 2px 0;text-align:right;vertical-align:bottom""></td><td colspan=""3"" style=""background-color:#cceeff;padding:0 1pt""></td><td colspan=""2"" style=""background-color:#cceeff;padding:2px 0 2px 1pt;text-align:right;vertical-align:bottom""><span style=""color:#000000;font-family:'Times New Roman',sans-serif;font-size:10pt;font-weight:400;line-height:100%"">940 </span></td><td style=""background-color:#cceeff;padding:2px 1pt 2px 0;text-align:right;vertical-align:bottom""></td></tr><tr><td colspan=""3"" style=""background-color:#ffffff;padding:2px 1pt;text-align:left;vertical-align:bottom""><span style=""color:#000000;font-family:'Times New Roman',sans-serif;font-size:10pt;font-weight:400;line-height:100%"">Pre-tax book (income) loss not consolidated for tax purposes</span></td><td colspan=""2"" style=""background-color:#ffffff;padding:2px 0 2px 1pt;text-align:right;vertical-align:bottom""><span style=""color:#000000;font-family:'Times New Roman',sans-serif;font-size:10pt;font-weight:400;line-height:100%"">275 </span></td><td style=""background-color:#ffffff;padding:2px 1pt 2px 0;text-align:right;vertical-align:bottom""></td><td colspan=""3"" style=""background-color:#ffffff;padding:0 1pt""></td><td colspan=""2"" style=""background-color:#ffffff;padding:2px 0 2px 1pt;text-align:right;vertical-align:bottom""><span style=""color:#000000;font-family:'Times New Roman',sans-serif;font-size:10pt;font-weight:400;line-height:100%"">(1,261)</span></td><td style=""background-color:#ffffff;padding:2px 1pt 2px 0;text-align:right;vertical-align:bottom""></td></tr><tr><td colspan=""3"" style=""background-color:#cceeff;padding:2px 1pt;text-align:left;vertical-align:bottom""><span style=""color:#000000;font-family:'Times New Roman',sans-serif;font-size:10pt;font-weight:400;line-height:120%"">Book income and tax income differences, including debt origination, structuring fees, dividends, realized gains and changes in estimates</span></td><td colspan=""2"" style=""background-color:#cceeff;padding:2px 0 2px 1pt;text-align:right;vertical-align:bottom""><span style=""color:#000000;font-family:'Times New Roman',sans-serif;font-size:10pt;font-weight:400;line-height:100%"">19,424 </span></td><td style=""background-color:#cceeff;padding:2px 1pt 2px 0;text-align:right;vertical-align:bottom""></td><td colspan=""3"" style=""background-color:#cceeff;padding:0 1pt""></td><td colspan=""2"" style=""background-color:#cceeff;padding:2px 0 2px 1pt;text-align:right;vertical-align:bottom""><span style=""color:#000000;font-family:'Times New Roman',sans-serif;font-size:10pt;font-weight:400;line-height:100%"">1,481 </span></td><td style=""background-color:#cceeff;padding:2px 1pt 2px 0;text-align:right;vertical-align:bottom""></td></tr><tr><td colspan=""3"" style=""background-color:#ffffff;padding:2px 1pt;text-align:left;vertical-align:bottom""><span style=""color:#000000;font-family:'Times New Roman',sans-serif;font-size:10pt;font-weight:400;line-height:100%"">Estimated taxable income (1)</span></td><td colspan=""2"" style=""background-color:#ffffff;border-top:1pt solid #000;padding:2px 0 2px 1pt;text-align:right;vertical-align:bottom""><span style=""color:#000000;font-family:'Times New Roman',sans-serif;font-size:10pt;font-weight:400;line-height:100%"">15,421 </span></td><td style=""background-color:#ffffff;border-top:1pt solid #000;padding:2px 1pt 2px 0;text-align:right;vertical-align:bottom""></td><td colspan=""3"" style=""background-color:#ffffff;padding:0 1pt""></td><td colspan=""2"" style=""background-color:#ffffff;border-top:1pt solid #000;padding:2px 0 2px 1pt;text-align:right;vertical-align:bottom""><span style=""color:#000000;font-family:'Times New Roman',sans-serif;font-size:10pt;font-weight:400;line-height:100%"">12,882 </span></td><td style=""background-color:#ffffff;border-top:1pt solid #000;padding:2px 1pt 2px 0;text-align:right;vertical-align:bottom""></td></tr><tr><td colspan=""3"" style=""background-color:#cceeff;padding:2px 1pt;text-align:left;vertical-align:bottom""><span style=""color:#000000;font-family:'Times New Roman',sans-serif;font-size:10pt;font-weight:400;line-height:100%"">Taxable income earned in prior year and carried forward for distribution in current year</span></td><td colspan=""2"" style=""background-color:#cceeff;padding:2px 0 2px 1pt;text-align:right;vertical-align:bottom""><span style=""color:#000000;font-family:'Times New Roman',sans-serif;font-size:10pt;font-weight:400;line-height:100%"">20,348 </span></td><td style=""background-color:#cceeff;padding:2px 1pt 2px 0;text-align:right;vertical-align:bottom""></td><td colspan=""3"" style=""background-color:#cceeff;padding:0 1pt""></td><td colspan=""2"" style=""background-color:#cceeff;padding:2px 0 2px 1pt;text-align:right;vertical-align:bottom""><span style=""color:#000000;font-family:'Times New Roman',sans-serif;font-size:10pt;font-weight:400;line-height:100%"">14,745 </span></td><td style=""background-color:#cceeff;padding:2px 1pt 2px 0;text-align:right;vertical-align:bottom""></td></tr><tr><td colspan=""3"" style=""background-color:#ffffff;padding:2px 1pt;text-align:left;vertical-align:bottom""><span style=""color:#000000;font-family:'Times New Roman',sans-serif;font-size:10pt;font-weight:400;line-height:100%"">Taxable income earned prior to period end and carried forward for distribution next period</span></td><td colspan=""2"" style=""background-color:#ffffff;padding:2px 0 2px 1pt;text-align:right;vertical-align:bottom""><span style=""color:#000000;font-family:'Times New Roman',sans-serif;font-size:10pt;font-weight:400;line-height:100%"">(35,769)</span></td><td style=""background-color:#ffffff;padding:2px 1pt 2px 0;text-align:right;vertical-align:bottom""></td><td colspan=""3"" style=""background-color:#ffffff;padding:0 1pt""></td><td colspan=""2"" style=""background-color:#ffffff;padding:2px 0 2px 1pt;text-align:right;vertical-align:bottom""><span style=""color:#000000;font-family:'Times New Roman',sans-serif;font-size:10pt;font-weight:400;line-height:100%"">(27,627)</span></td><td style=""background-color:#ffffff;padding:2px 1pt 2px 0;text-align:right;vertical-align:bottom""></td></tr><tr><td colspan=""3"" style=""background-color:#cceeff;padding:2px 1pt;text-align:left;vertical-align:bottom""><span style=""color:#000000;font-family:'Times New Roman',sans-serif;font-size:10pt;font-weight:400;line-height:100%"">Dividend payable as of period end and paid in the following period</span></td><td colspan=""2"" style=""background-color:#cceeff;padding:2px 0 2px 1pt;text-align:right;vertical-align:bottom""><span style=""color:#000000;font-family:'Times New Roman',sans-serif;font-size:10pt;font-weight:400;line-height:100%"">16,866 </span></td><td style=""background-color:#cceeff;padding:2px 1pt 2px 0;text-align:right;vertical-align:bottom""></td><td colspan=""3"" style=""background-color:#cceeff;padding:0 1pt""></td><td colspan=""2"" style=""background-color:#cceeff;padding:2px 0 2px 1pt;text-align:right;vertical-align:bottom""><span style=""color:#000000;font-family:'Times New Roman',sans-serif;font-size:10pt;font-weight:400;line-height:100%"">14,821 </span></td><td style=""background-color:#cceeff;padding:2px 1pt 2px 0;text-align:right;vertical-align:bottom""></td></tr><tr><td colspan=""3"" style=""background-color:#ffffff;padding:2px 1pt;text-align:left;vertical-align:bottom""><span style=""color:#000000;font-family:'Times New Roman',sans-serif;font-size:10pt;font-weight:400;line-height:100%"">Total distributions accrued or paid to common stockholders</span></td><td style=""background-color:#ffffff;border-bottom:3pt double #000;border-top:1pt solid #000;padding:2px 0 2px 1pt;text-align:left;vertical-align:bottom""><span style=""color:#000000;font-family:'Times New Roman',sans-serif;font-size:10pt;font-weight:400;line-height:100%"">$</span></td><td style=""background-color:#ffffff;border-bottom:3pt double #000;border-top:1pt solid #000;padding:2px 0;text-align:right;vertical-align:bottom""><span style=""color:#000000;font-family:'Times New Roman',sans-serif;font-size:10pt;font-weight:400;line-height:100%"">16,866 </span></td><td style=""background-color:#ffffff;border-bottom:3pt double #000;border-top:1pt solid #000;padding:2px 1pt 2px 0;text-align:right;vertical-align:bottom""></td><td colspan=""3"" style=""background-color:#ffffff;padding:0 1pt""></td><td style=""background-color:#ffffff;border-bottom:3pt double #000;border-top:1pt solid #000;padding:2px 0 2px 1pt;text-align:left;vertical-align:bottom""><span style=""color:#000000;font-family:'Times New Roman',sans-serif;font-size:10pt;font-weight:400;line-height:100%"">$</span></td><td style=""background-color:#ffffff;border-bottom:3pt double #000;border-top:1pt solid #000;padding:2px 0;text-align:right;vertical-align:bottom""><span style=""color:#000000;font-family:'Times New Roman',sans-serif;font-size:10pt;font-weight:400;line-height:100%"">14,821 </span></td><td style=""background-color:#ffffff;border-bottom:3pt double #000;border-top:1pt solid #000;padding:2px 1pt 2px 0;text-align:right;vertical-align:bottom""></td></tr></table><span style=""color:#000000;font-family:'Times New Roman',sans-serif;font-size:10pt;font-weight:400;line-height:120%"">________________</span></div><div style=""margin-bottom:10pt;padding-left:18pt;text-indent:-18pt""><span style=""color:#000000;font-family:'Times New Roman',sans-serif;font-size:10pt;font-weight:400;line-height:120%"">(1)</span><span style=""color:#000000;font-family:'Times New Roman',sans-serif;font-size:10pt;font-weight:400;line-height:120%;padding-left:6.34pt"">MSIF’s taxable income for each period is an estimate and will not be finally determined until MSIF files its tax return for each year. Therefore, the final taxable income, and the taxable income earned in each period and carried forward for distribution in the following period, may be different than this estimate.</span></div>",c-1,,,,,,False,FederalIncomeTaxNoteTextBlock,
MSIF,2025-05-13,income_statement,income_statement,InvestmentCompanyTaxBasisPreTaxBookIncomeLossNotConsolidatedForTaxPurposesIncreaseDecreaseInTaxableIncome,InvestmentCompanyTaxBasisPreTaxBookIncomeLossNotConsolidatedForTaxPurposesIncreaseDecreaseInTaxableIncome,275000,c-1,,,,,,False,InvestmentCompanyTaxBasisPreTaxBookIncomeLossNotConsolidatedForTaxPurposesIncreaseDecreaseInTaxableIncome,
MSIF,2025-05-13,income_statement,income_statement,InvestmentCompanyTaxBasisPreTaxBookIncomeLossNotConsolidatedForTaxPurposesIncreaseDecreaseInTaxableIncome,InvestmentCompanyTaxBasisPreTaxBookIncomeLossNotConsolidatedForTaxPurposesIncreaseDecreaseInTaxableIncome,-1261000,c-21,,,,,,False,InvestmentCompanyTaxBasisPreTaxBookIncomeLossNotConsolidatedForTaxPurposesIncreaseDecreaseInTaxableIncome,
MSIF,2025-05-13,income_statement,income_statement,InvestmentCompanyTaxBasisBookIncomeAndTaxIncomeDifferencesIncreaseDecreaseInTaxableIncome,InvestmentCompanyTaxBasisBookIncomeAndTaxIncomeDifferencesIncreaseDecreaseInTaxableIncome,19424000,c-1,,,,,,False,InvestmentCompanyTaxBasisBookIncomeAndTaxIncomeDifferencesIncreaseDecreaseInTaxableIncome,
MSIF,2025-05-13,income_statement,income_statement,InvestmentCompanyTaxBasisBookIncomeAndTaxIncomeDifferencesIncreaseDecreaseInTaxableIncome,InvestmentCompanyTaxBasisBookIncomeAndTaxIncomeDifferencesIncreaseDecreaseInTaxableIncome,1481000,c-21,,,,,,False,InvestmentCompanyTaxBasisBookIncomeAndTaxIncomeDifferencesIncreaseDecreaseInTaxableIncome,
MSIF,2025-05-13,income_statement,income_statement,InvestmentCompanyTaxBasisNetIncomeLossAttributableToParentEstimated,InvestmentCompanyTaxBasisNetIncomeLossAttributableToParentEstimated,15421000,c-1,,,,,,False,InvestmentCompanyTaxBasisNetIncomeLossAttributableToParentEstimated,
MSIF,2025-05-13,income_statement,income_statement,InvestmentCompanyTaxBasisNetIncomeLossAttributableToParentEstimated,InvestmentCompanyTaxBasisNetIncomeLossAttributableToParentEstimated,12882000,c-21,,,,,,False,InvestmentCompanyTaxBasisNetIncomeLossAttributableToParentEstimated,
MSIF,2025-05-13,income_statement,income_statement,InvestmentCompanyTaxBasisTaxableIncomeEarnedInPriorYearAndCarriedForwardForDistributionInCurrentYear,InvestmentCompanyTaxBasisTaxableIncomeEarnedInPriorYearAndCarriedForwardForDistributionInCurrentYear,20348000,c-1,,,,,,False,InvestmentCompanyTaxBasisTaxableIncomeEarnedInPriorYearAndCarriedForwardForDistributionInCurrentYear,
MSIF,2025-05-13,income_statement,income_statement,InvestmentCompanyTaxBasisTaxableIncomeEarnedInPriorYearAndCarriedForwardForDistributionInCurrentYear,InvestmentCompanyTaxBasisTaxableIncomeEarnedInPriorYearAndCarriedForwardForDistributionInCurrentYear,14745000,c-21,,,,,,False,InvestmentCompanyTaxBasisTaxableIncomeEarnedInPriorYearAndCarriedForwardForDistributionInCurrentYear,
MSIF,2025-05-13,income_statement,income_statement,InvestmentCompanyTaxBasisTaxableIncomeEarnedPriorToPeriodEndAndCarriedForwardForDistributionNextPeriod,InvestmentCompanyTaxBasisTaxableIncomeEarnedPriorToPeriodEndAndCarriedForwardForDistributionNextPeriod,-35769000,c-1,,,,,,False,InvestmentCompanyTaxBasisTaxableIncomeEarnedPriorToPeriodEndAndCarriedForwardForDistributionNextPeriod,
MSIF,2025-05-13,income_statement,income_statement,InvestmentCompanyTaxBasisTaxableIncomeEarnedPriorToPeriodEndAndCarriedForwardForDistributionNextPeriod,InvestmentCompanyTaxBasisTaxableIncomeEarnedPriorToPeriodEndAndCarriedForwardForDistributionNextPeriod,-27627000,c-21,,,,,,False,InvestmentCompanyTaxBasisTaxableIncomeEarnedPriorToPeriodEndAndCarriedForwardForDistributionNextPeriod,
MSIF,2025-05-13,income_statement,income_statement,ScheduleOfComponentsOfIncomeTaxExpenseBenefitTableTextBlock,ScheduleOfComponentsOfIncomeTaxExpenseBenefitTableTextBlock,"MSC Income’s provision for income taxes was comprised of the following for the three months ended March 31, 2025 and 2024:<div style=""margin-bottom:10pt""><table style=""border-collapse:collapse;display:inline-table;margin-bottom:5pt;vertical-align:text-bottom;width:100.000%""><tr><td style=""width:1.0%""></td><td style=""width:71.930%""></td><td style=""width:0.1%""></td><td style=""width:1.0%""></td><td style=""width:12.081%""></td><td style=""width:0.1%""></td><td style=""width:0.1%""></td><td style=""width:0.406%""></td><td style=""width:0.1%""></td><td style=""width:1.0%""></td><td style=""width:12.083%""></td><td style=""width:0.1%""></td><td colspan=""3"" style=""display:none""></td><td colspan=""3"" style=""display:none""></td><td colspan=""3"" style=""display:none""></td><td colspan=""3"" style=""display:none""></td></tr><tr><td colspan=""3"" style=""padding:0 1pt""></td><td colspan=""9"" style=""padding:2px 1pt;text-align:center;vertical-align:bottom""><span style=""color:#000000;font-family:'Times New Roman',sans-serif;font-size:8pt;font-weight:700;line-height:100%"">Three Months Ended March 31,</span></td><td colspan=""3"" style=""display:none""></td><td colspan=""3"" style=""display:none""></td></tr><tr><td colspan=""3"" style=""padding:0 1pt""></td><td colspan=""3"" style=""border-top:1pt solid #000;padding:2px 1pt;text-align:center;vertical-align:bottom""><span style=""color:#000000;font-family:'Times New Roman',sans-serif;font-size:8pt;font-weight:700;line-height:100%"">2025</span></td><td colspan=""3"" style=""border-top:1pt solid #000;padding:0 1pt""></td><td colspan=""3"" style=""border-bottom:1pt solid #000;border-top:1pt solid #000;padding:2px 1pt;text-align:center;vertical-align:bottom""><span style=""color:#000000;font-family:'Times New Roman',sans-serif;font-size:8pt;font-weight:700;line-height:100%"">2024</span></td><td colspan=""3"" style=""display:none""></td><td colspan=""3"" style=""display:none""></td><td colspan=""3"" style=""display:none""></td><td colspan=""3"" style=""display:none""></td></tr><tr><td colspan=""3"" style=""padding:0 1pt""></td><td colspan=""9"" style=""border-top:1pt solid #000;padding:2px 1pt;text-align:center;vertical-align:bottom""><span style=""color:#000000;font-family:'Times New Roman',sans-serif;font-size:8pt;font-weight:700;line-height:100%"">(dollars in thousands)</span></td></tr><tr><td colspan=""3"" style=""background-color:#cceeff;padding:2px 1pt;text-align:left;vertical-align:bottom""><span style=""color:#000000;font-family:'Times New Roman',sans-serif;font-size:10pt;font-weight:700;line-height:100%"">Current tax expense:</span></td><td colspan=""3"" style=""background-color:#cceeff;padding:0 1pt""></td><td colspan=""3"" style=""background-color:#cceeff;padding:0 1pt""></td><td colspan=""3"" style=""background-color:#cceeff;padding:0 1pt""></td><td colspan=""3"" style=""display:none""></td><td colspan=""3"" style=""display:none""></td><td colspan=""3"" style=""display:none""></td><td colspan=""3"" style=""display:none""></td></tr><tr><td colspan=""3"" style=""background-color:#ffffff;padding:2px 1pt;text-align:left;vertical-align:bottom""><span style=""color:#000000;font-family:'Times New Roman',sans-serif;font-size:10pt;font-weight:400;line-height:100%"">Federal</span></td><td style=""background-color:#ffffff;padding:2px 0 2px 1pt;text-align:left;vertical-align:bottom""><span style=""color:#000000;font-family:'Times New Roman',sans-serif;font-size:10pt;font-weight:400;line-height:100%"">$</span></td><td style=""background-color:#ffffff;padding:2px 0;text-align:right;vertical-align:bottom""><span style=""color:#000000;font-family:'Times New Roman',sans-serif;font-size:10pt;font-weight:400;line-height:100%"">53 </span></td><td style=""background-color:#ffffff;padding:2px 1pt 2px 0;text-align:right;vertical-align:bottom""></td><td colspan=""3"" style=""background-color:#ffffff;padding:0 1pt""></td><td style=""background-color:#ffffff;padding:2px 0 2px 1pt;text-align:left;vertical-align:bottom""><span style=""color:#000000;font-family:'Times New Roman',sans-serif;font-size:10pt;font-weight:400;line-height:100%"">$</span></td><td style=""background-color:#ffffff;padding:2px 0;text-align:right;vertical-align:bottom""><span style=""color:#000000;font-family:'Times New Roman',sans-serif;font-size:10pt;font-weight:400;line-height:100%"">53 </span></td><td style=""background-color:#ffffff;padding:2px 1pt 2px 0;text-align:right;vertical-align:bottom""></td><td colspan=""3"" style=""display:none""></td><td colspan=""3"" style=""display:none""></td><td colspan=""3"" style=""display:none""></td><td colspan=""3"" style=""display:none""></td></tr><tr><td colspan=""3"" style=""background-color:#cceeff;padding:2px 1pt;text-align:left;vertical-align:bottom""><span style=""color:#000000;font-family:'Times New Roman',sans-serif;font-size:10pt;font-weight:400;line-height:100%"">State</span></td><td colspan=""2"" style=""background-color:#cceeff;padding:2px 0 2px 1pt;text-align:right;vertical-align:bottom""><span style=""color:#000000;font-family:'Times New Roman',sans-serif;font-size:10pt;font-weight:400;line-height:100%"">238 </span></td><td style=""background-color:#cceeff;padding:2px 1pt 2px 0;text-align:right;vertical-align:bottom""></td><td colspan=""3"" style=""background-color:#cceeff;padding:0 1pt""></td><td colspan=""2"" style=""background-color:#cceeff;padding:2px 0 2px 1pt;text-align:right;vertical-align:bottom""><span style=""color:#000000;font-family:'Times New Roman',sans-serif;font-size:10pt;font-weight:400;line-height:100%"">200 </span></td><td style=""background-color:#cceeff;padding:2px 1pt 2px 0;text-align:right;vertical-align:bottom""></td><td colspan=""3"" style=""display:none""></td><td colspan=""3"" style=""display:none""></td><td colspan=""3"" style=""display:none""></td><td colspan=""3"" style=""display:none""></td></tr><tr><td colspan=""3"" style=""background-color:#ffffff;padding:2px 1pt;text-align:left;vertical-align:bottom""><span style=""color:#000000;font-family:'Times New Roman',sans-serif;font-size:10pt;font-weight:400;line-height:100%"">Excise</span></td><td colspan=""2"" style=""background-color:#ffffff;padding:2px 0 2px 1pt;text-align:right;vertical-align:bottom""><span style=""color:#000000;font-family:'Times New Roman',sans-serif;font-size:10pt;font-weight:400;line-height:100%"">192 </span></td><td style=""background-color:#ffffff;padding:2px 1pt 2px 0;text-align:right;vertical-align:bottom""></td><td colspan=""3"" style=""background-color:#ffffff;padding:0 1pt""></td><td colspan=""2"" style=""background-color:#ffffff;padding:2px 0 2px 1pt;text-align:right;vertical-align:bottom""><span style=""color:#000000;font-family:'Times New Roman',sans-serif;font-size:10pt;font-weight:400;line-height:100%"">76 </span></td><td style=""background-color:#ffffff;padding:2px 1pt 2px 0;text-align:right;vertical-align:bottom""></td><td colspan=""3"" style=""display:none""></td><td colspan=""3"" style=""display:none""></td><td colspan=""3"" style=""display:none""></td><td colspan=""3"" style=""display:none""></td></tr><tr><td colspan=""3"" style=""background-color:#cceeff;padding:2px 1pt 2px 10pt;text-align:left;vertical-align:bottom""><span style=""color:#000000;font-family:'Times New Roman',sans-serif;font-size:10pt;font-weight:400;line-height:100%"">Total current tax expense</span></td><td colspan=""2"" style=""background-color:#cceeff;border-top:1pt solid #000;padding:2px 0 2px 1pt;text-align:right;vertical-align:bottom""><span style=""color:#000000;font-family:'Times New Roman',sans-serif;font-size:10pt;font-weight:400;line-height:100%"">483 </span></td><td style=""background-color:#cceeff;border-top:1pt solid #000;padding:2px 1pt 2px 0;text-align:right;vertical-align:bottom""></td><td colspan=""3"" style=""background-color:#cceeff;padding:0 1pt""></td><td colspan=""2"" style=""background-color:#cceeff;border-top:1pt solid #000;padding:2px 0 2px 1pt;text-align:right;vertical-align:bottom""><span style=""color:#000000;font-family:'Times New Roman',sans-serif;font-size:10pt;font-weight:400;line-height:100%"">329 </span></td><td style=""background-color:#cceeff;border-top:1pt solid #000;padding:2px 1pt 2px 0;text-align:right;vertical-align:bottom""></td><td colspan=""3"" style=""display:none""></td><td colspan=""3"" style=""display:none""></td><td colspan=""3"" style=""display:none""></td><td colspan=""3"" style=""display:none""></td></tr><tr><td colspan=""3"" style=""background-color:#ffffff;padding:2px 1pt;text-align:left;vertical-align:bottom""><span style=""color:#000000;font-family:'Times New Roman',sans-serif;font-size:10pt;font-weight:700;line-height:100%"">Deferred tax expense (benefit):</span></td><td colspan=""3"" style=""background-color:#ffffff;padding:0 1pt""></td><td colspan=""3"" style=""background-color:#ffffff;padding:0 1pt""></td><td colspan=""3"" style=""background-color:#ffffff;padding:0 1pt""></td><td colspan=""3"" style=""display:none""></td><td colspan=""3"" style=""display:none""></td><td colspan=""3"" style=""display:none""></td><td colspan=""3"" style=""display:none""></td></tr><tr><td colspan=""3"" style=""background-color:#cceeff;padding:2px 1pt;text-align:left;vertical-align:bottom""><span style=""color:#000000;font-family:'Times New Roman',sans-serif;font-size:10pt;font-weight:400;line-height:100%"">Federal</span></td><td colspan=""2"" style=""background-color:#cceeff;padding:2px 0 2px 1pt;text-align:right;vertical-align:bottom""><span style=""color:#000000;font-family:'Times New Roman',sans-serif;font-size:10pt;font-weight:400;line-height:100%"">(1,613)</span></td><td style=""background-color:#cceeff;padding:2px 1pt 2px 0;text-align:right;vertical-align:bottom""></td><td colspan=""3"" style=""background-color:#cceeff;padding:0 1pt""></td><td colspan=""2"" style=""background-color:#cceeff;padding:2px 0 2px 1pt;text-align:right;vertical-align:bottom""><span style=""color:#000000;font-family:'Times New Roman',sans-serif;font-size:10pt;font-weight:400;line-height:100%"">656 </span></td><td style=""background-color:#cceeff;padding:2px 1pt 2px 0;text-align:right;vertical-align:bottom""></td><td colspan=""3"" style=""display:none""></td><td colspan=""3"" style=""display:none""></td><td colspan=""3"" style=""display:none""></td><td colspan=""3"" style=""display:none""></td></tr><tr><td colspan=""3"" style=""background-color:#ffffff;padding:2px 1pt;text-align:left;vertical-align:bottom""><span style=""color:#000000;font-family:'Times New Roman',sans-serif;font-size:10pt;font-weight:400;line-height:100%"">State</span></td><td colspan=""2"" style=""background-color:#ffffff;padding:2px 0 2px 1pt;text-align:right;vertical-align:bottom""><span style=""color:#000000;font-family:'Times New Roman',sans-serif;font-size:10pt;font-weight:400;line-height:100%"">(240)</span></td><td style=""background-color:#ffffff;padding:2px 1pt 2px 0;text-align:right;vertical-align:bottom""></td><td colspan=""3"" style=""background-color:#ffffff;padding:0 1pt""></td><td colspan=""2"" style=""background-color:#ffffff;padding:2px 0 2px 1pt;text-align:right;vertical-align:bottom""><span style=""color:#000000;font-family:'Times New Roman',sans-serif;font-size:10pt;font-weight:400;line-height:100%"">(45)</span></td><td style=""background-color:#ffffff;padding:2px 1pt 2px 0;text-align:right;vertical-align:bottom""></td><td colspan=""3"" style=""display:none""></td><td colspan=""3"" style=""display:none""></td><td colspan=""3"" style=""display:none""></td><td colspan=""3"" style=""display:none""></td></tr><tr><td colspan=""3"" style=""background-color:#cceeff;padding:2px 1pt 2px 10pt;text-align:left;vertical-align:bottom""><span style=""color:#000000;font-family:'Times New Roman',sans-serif;font-size:10pt;font-weight:400;line-height:100%"">Total deferred tax expense (benefit)</span></td><td colspan=""2"" style=""background-color:#cceeff;border-top:1pt solid #000;padding:2px 0 2px 1pt;text-align:right;vertical-align:bottom""><span style=""color:#000000;font-family:'Times New Roman',sans-serif;font-size:10pt;font-weight:400;line-height:100%"">(1,853)</span></td><td style=""background-color:#cceeff;border-top:1pt solid #000;padding:2px 1pt 2px 0;text-align:right;vertical-align:bottom""></td><td colspan=""3"" style=""background-color:#cceeff;padding:0 1pt""></td><td colspan=""2"" style=""background-color:#cceeff;border-top:1pt solid #000;padding:2px 0 2px 1pt;text-align:right;vertical-align:bottom""><span style=""color:#000000;font-family:'Times New Roman',sans-serif;font-size:10pt;font-weight:400;line-height:100%"">611 </span></td><td style=""background-color:#cceeff;border-top:1pt solid #000;padding:2px 1pt 2px 0;text-align:right;vertical-align:bottom""></td><td colspan=""3"" style=""display:none""></td><td colspan=""3"" style=""display:none""></td><td colspan=""3"" style=""display:none""></td><td colspan=""3"" style=""display:none""></td></tr><tr style=""height:14pt""><td colspan=""3"" style=""background-color:#ffffff;padding:0 1pt""></td><td colspan=""3"" style=""background-color:#ffffff;padding:0 1pt""></td><td colspan=""3"" style=""background-color:#ffffff;padding:0 1pt""></td><td colspan=""3"" style=""background-color:#ffffff;padding:0 1pt""></td><td colspan=""3"" style=""display:none""></td><td colspan=""3"" style=""display:none""></td><td colspan=""3"" style=""display:none""></td><td colspan=""3"" style=""display:none""></td></tr><tr><td colspan=""3"" style=""background-color:#cceeff;padding:2px 1pt 2px 10pt;text-align:left;vertical-align:bottom""><span style=""color:#000000;font-family:'Times New Roman',sans-serif;font-size:10pt;font-weight:400;line-height:100%"">Total income tax provision (benefit)</span></td><td style=""background-color:#cceeff;border-bottom:3pt double #000;border-top:1pt solid #000;padding:2px 0 2px 1pt;text-align:left;vertical-align:bottom""><span style=""color:#000000;font-family:'Times New Roman',sans-serif;font-size:10pt;font-weight:400;line-height:100%"">$</span></td><td style=""background-color:#cceeff;border-bottom:3pt double #000;border-top:1pt solid #000;padding:2px 0;text-align:right;vertical-align:bottom""><span style=""color:#000000;font-family:'Times New Roman',sans-serif;font-size:10pt;font-weight:400;line-height:100%"">(1,370)</span></td><td style=""background-color:#cceeff;border-bottom:3pt double #000;border-top:1pt solid #000;padding:2px 1pt 2px 0;text-align:right;vertical-align:bottom""></td><td colspan=""3"" style=""background-color:#cceeff;padding:0 1pt""></td><td style=""background-color:#cceeff;border-bottom:3pt double #000;border-top:1pt solid #000;padding:2px 0 2px 1pt;text-align:left;vertical-align:bottom""><span style=""color:#000000;font-family:'Times New Roman',sans-serif;font-size:10pt;font-weight:400;line-height:100%"">$</span></td><td style=""background-color:#cceeff;border-bottom:3pt double #000;border-top:1pt solid #000;padding:2px 0;text-align:right;vertical-align:bottom""><span style=""color:#000000;font-family:'Times New Roman',sans-serif;font-size:10pt;font-weight:400;line-height:100%"">940 </span></td><td style=""background-color:#cceeff;border-bottom:3pt double #000;border-top:1pt solid #000;padding:2px 1pt 2px 0;text-align:right;vertical-align:bottom""></td><td colspan=""3"" style=""display:none""></td><td colspan=""3"" style=""display:none""></td><td colspan=""3"" style=""display:none""></td><td colspan=""3"" style=""display:none""></td></tr></table></div>",c-1,,,,,,False,ScheduleOfComponentsOfIncomeTaxExpenseBenefitTableTextBlock,
MSIF,2025-05-13,income_statement,income_statement,CurrentFederalTaxExpenseBenefit,CurrentFederalTaxExpenseBenefit,53000,c-1,,,,,,False,CurrentFederalTaxExpenseBenefit,
MSIF,2025-05-13,income_statement,income_statement,CurrentFederalTaxExpenseBenefit,CurrentFederalTaxExpenseBenefit,53000,c-21,,,,,,False,CurrentFederalTaxExpenseBenefit,
MSIF,2025-05-13,income_statement,income_statement,CurrentStateAndLocalTaxExpenseBenefit,CurrentStateAndLocalTaxExpenseBenefit,238000,c-1,,,,,,False,CurrentStateAndLocalTaxExpenseBenefit,
MSIF,2025-05-13,income_statement,income_statement,CurrentStateAndLocalTaxExpenseBenefit,CurrentStateAndLocalTaxExpenseBenefit,200000,c-21,,,,,,False,CurrentStateAndLocalTaxExpenseBenefit,
MSIF,2025-05-13,income_statement,income_statement,CurrentExciseTaxExpenseBenefit,CurrentExciseTaxExpenseBenefit,192000,c-1,,,,,,False,CurrentExciseTaxExpenseBenefit,
MSIF,2025-05-13,income_statement,income_statement,CurrentExciseTaxExpenseBenefit,CurrentExciseTaxExpenseBenefit,76000,c-21,,,,,,False,CurrentExciseTaxExpenseBenefit,
MSIF,2025-05-13,income_statement,income_statement,DeferredFederalIncomeTaxExpenseBenefit,DeferredFederalIncomeTaxExpenseBenefit,-1613000,c-1,,,,,,False,DeferredFederalIncomeTaxExpenseBenefit,
MSIF,2025-05-13,income_statement,income_statement,DeferredFederalIncomeTaxExpenseBenefit,DeferredFederalIncomeTaxExpenseBenefit,656000,c-21,,,,,,False,DeferredFederalIncomeTaxExpenseBenefit,
MSIF,2025-05-13,income_statement,income_statement,DeferredStateAndLocalIncomeTaxExpenseBenefit,DeferredStateAndLocalIncomeTaxExpenseBenefit,-240000,c-1,,,,,,False,DeferredStateAndLocalIncomeTaxExpenseBenefit,
MSIF,2025-05-13,income_statement,income_statement,DeferredStateAndLocalIncomeTaxExpenseBenefit,DeferredStateAndLocalIncomeTaxExpenseBenefit,-45000,c-21,,,,,,False,DeferredStateAndLocalIncomeTaxExpenseBenefit,
MSIF,2025-05-13,income_statement,income_statement,InvestmentCompanyNumberOfAdditionalInvestmentsCommitmentsRestrictedForFundExpensesOrFollowOnInvestmentsInExistingPortfolio,InvestmentCompanyNumberOfAdditionalInvestmentsCommitmentsRestrictedForFundExpensesOrFollowOnInvestmentsInExistingPortfolio,1,c-1407,,,,,,False,InvestmentCompanyNumberOfAdditionalInvestmentsCommitmentsRestrictedForFundExpensesOrFollowOnInvestmentsInExistingPortfolio,
MSIF,2025-05-13,income_statement,income_statement,ManagementFeeExpense,ManagementFeeExpense,4972000,c-1721,,,,,,False,ManagementFeeExpense,
MSIF,2025-05-13,income_statement,income_statement,ManagementFeeExpense,ManagementFeeExpense,5028000,c-1722,,,,,,False,ManagementFeeExpense,
MSIF,2025-05-13,income_statement,income_statement,ManagementFeeExpense,ManagementFeeExpense,2023000,c-1723,,,,,,False,ManagementFeeExpense,
MSIF,2025-05-13,income_statement,income_statement,ManagementFeeExpense,ManagementFeeExpense,3637000,c-1724,,,,,,False,ManagementFeeExpense,
MSIF,2025-05-13,income_statement,income_statement,ManagementFeeExpense,ManagementFeeExpense,0,c-1725,,,,,,False,ManagementFeeExpense,
MSIF,2025-05-13,income_statement,income_statement,ManagementFeeExpense,ManagementFeeExpense,0,c-1726,,,,,,False,ManagementFeeExpense,
MSIF,2025-05-13,income_statement,income_statement,ManagementFeeExpense,ManagementFeeExpense,174000,c-1730,,,,,,False,ManagementFeeExpense,
MSIF,2025-05-13,income_statement,income_statement,ManagementFeeExpense,ManagementFeeExpense,2267000,c-1731,,,,,,False,ManagementFeeExpense,
MSIF,2025-05-13,income_statement,income_statement,InterestFeesAndDividendIncomeSecuritiesOperating,InterestFeesAndDividendIncomeSecuritiesOperating,0,c-1740,,,,,,False,InterestFeesAndDividendIncomeSecuritiesOperating,
MSIF,2025-05-13,income_statement,income_statement,InterestFeesAndDividendIncomeSecuritiesOperating,InterestFeesAndDividendIncomeSecuritiesOperating,3000,c-1742,,,,,,False,InterestFeesAndDividendIncomeSecuritiesOperating,
MSIF,2025-05-13,income_statement,income_statement,InterestFeesAndDividendIncomeSecuritiesOperating,InterestFeesAndDividendIncomeSecuritiesOperating,0,c-1744,,,,,,False,InterestFeesAndDividendIncomeSecuritiesOperating,
MSIF,2025-05-13,income_statement,income_statement,InterestFeesAndDividendIncomeSecuritiesOperating,InterestFeesAndDividendIncomeSecuritiesOperating,42000,c-1746,,,,,,False,InterestFeesAndDividendIncomeSecuritiesOperating,
MSIF,2025-05-13,income_statement,income_statement,InterestFeesAndDividendIncomeSecuritiesOperating,InterestFeesAndDividendIncomeSecuritiesOperating,632000,c-1748,,,,,,False,InterestFeesAndDividendIncomeSecuritiesOperating,
MSIF,2025-05-13,income_statement,income_statement,InterestFeesAndDividendIncomeSecuritiesOperating,InterestFeesAndDividendIncomeSecuritiesOperating,742000,c-1749,,,,,,False,InterestFeesAndDividendIncomeSecuritiesOperating,
MSIF,2025-05-13,income_statement,income_statement,InterestFeesAndDividendIncomeSecuritiesOperating,InterestFeesAndDividendIncomeSecuritiesOperating,0,c-1750,,,,,,False,InterestFeesAndDividendIncomeSecuritiesOperating,
MSIF,2025-05-13,income_statement,income_statement,InterestFeesAndDividendIncomeSecuritiesOperating,InterestFeesAndDividendIncomeSecuritiesOperating,23000,c-1752,,,,,,False,InterestFeesAndDividendIncomeSecuritiesOperating,
MSIF,2025-05-13,income_statement,income_statement,InterestFeesAndDividendIncomeSecuritiesOperating,InterestFeesAndDividendIncomeSecuritiesOperating,0,c-1753,,,,,,False,InterestFeesAndDividendIncomeSecuritiesOperating,
MSIF,2025-05-13,income_statement,income_statement,InterestFeesAndDividendIncomeSecuritiesOperating,InterestFeesAndDividendIncomeSecuritiesOperating,0,c-1756,,,,,,False,InterestFeesAndDividendIncomeSecuritiesOperating,
MSIF,2025-05-13,income_statement,income_statement,InterestFeesAndDividendIncomeSecuritiesOperating,InterestFeesAndDividendIncomeSecuritiesOperating,0,c-1759,,,,,,False,InterestFeesAndDividendIncomeSecuritiesOperating,
MSIF,2025-05-13,income_statement,income_statement,InterestFeesAndDividendIncomeSecuritiesOperating,InterestFeesAndDividendIncomeSecuritiesOperating,0,c-1761,,,,,,False,InterestFeesAndDividendIncomeSecuritiesOperating,
MSIF,2025-05-13,income_statement,income_statement,InterestFeesAndDividendIncomeSecuritiesOperating,InterestFeesAndDividendIncomeSecuritiesOperating,0,c-1763,,,,,,False,InterestFeesAndDividendIncomeSecuritiesOperating,
MSIF,2025-05-13,income_statement,income_statement,InterestFeesAndDividendIncomeSecuritiesOperating,InterestFeesAndDividendIncomeSecuritiesOperating,1442000,c-15,,,,,,False,InterestFeesAndDividendIncomeSecuritiesOperating,
MSIF,2025-05-13,income_statement,income_statement,InterestFeesAndDividendIncomeSecuritiesOperating,InterestFeesAndDividendIncomeSecuritiesOperating,0,c-1766,,,,,,False,InterestFeesAndDividendIncomeSecuritiesOperating,
MSIF,2025-05-13,income_statement,income_statement,InterestFeesAndDividendIncomeSecuritiesOperating,InterestFeesAndDividendIncomeSecuritiesOperating,3000,c-1770,,,,,,False,InterestFeesAndDividendIncomeSecuritiesOperating,
MSIF,2025-05-13,income_statement,income_statement,InterestFeesAndDividendIncomeSecuritiesOperating,InterestFeesAndDividendIncomeSecuritiesOperating,3000,c-1773,,,,,,False,InterestFeesAndDividendIncomeSecuritiesOperating,
MSIF,2025-05-13,income_statement,income_statement,InterestFeesAndDividendIncomeSecuritiesOperating,InterestFeesAndDividendIncomeSecuritiesOperating,0,c-1775,,,,,,False,InterestFeesAndDividendIncomeSecuritiesOperating,
MSIF,2025-05-13,income_statement,income_statement,InterestFeesAndDividendIncomeSecuritiesOperating,InterestFeesAndDividendIncomeSecuritiesOperating,45000,c-1778,,,,,,False,InterestFeesAndDividendIncomeSecuritiesOperating,
MSIF,2025-05-13,income_statement,income_statement,InterestFeesAndDividendIncomeSecuritiesOperating,InterestFeesAndDividendIncomeSecuritiesOperating,0,c-1779,,,,,,False,InterestFeesAndDividendIncomeSecuritiesOperating,
MSIF,2025-05-13,income_statement,income_statement,InterestFeesAndDividendIncomeSecuritiesOperating,InterestFeesAndDividendIncomeSecuritiesOperating,0,c-1782,,,,,,False,InterestFeesAndDividendIncomeSecuritiesOperating,
MSIF,2025-05-13,income_statement,income_statement,InterestFeesAndDividendIncomeSecuritiesOperating,InterestFeesAndDividendIncomeSecuritiesOperating,0,c-617,,,,,,False,InterestFeesAndDividendIncomeSecuritiesOperating,
MSIF,2025-05-13,income_statement,income_statement,InterestFeesAndDividendIncomeSecuritiesOperating,InterestFeesAndDividendIncomeSecuritiesOperating,368000,c-1785,,,,,,False,InterestFeesAndDividendIncomeSecuritiesOperating,
MSIF,2025-05-13,income_statement,income_statement,InterestFeesAndDividendIncomeSecuritiesOperating,InterestFeesAndDividendIncomeSecuritiesOperating,1000,c-1788,,,,,,False,InterestFeesAndDividendIncomeSecuritiesOperating,
MSIF,2025-05-13,income_statement,income_statement,InterestFeesAndDividendIncomeSecuritiesOperating,InterestFeesAndDividendIncomeSecuritiesOperating,1000,c-1790,,,,,,False,InterestFeesAndDividendIncomeSecuritiesOperating,
MSIF,2025-05-13,income_statement,income_statement,InterestFeesAndDividendIncomeSecuritiesOperating,InterestFeesAndDividendIncomeSecuritiesOperating,32000,c-1792,,,,,,False,InterestFeesAndDividendIncomeSecuritiesOperating,
MSIF,2025-05-13,income_statement,income_statement,InterestFeesAndDividendIncomeSecuritiesOperating,InterestFeesAndDividendIncomeSecuritiesOperating,21000,c-1793,,,,,,False,InterestFeesAndDividendIncomeSecuritiesOperating,
MSIF,2025-05-13,income_statement,income_statement,InterestFeesAndDividendIncomeSecuritiesOperating,InterestFeesAndDividendIncomeSecuritiesOperating,45000,c-1796,,,,,,False,InterestFeesAndDividendIncomeSecuritiesOperating,
MSIF,2025-05-13,income_statement,income_statement,InterestFeesAndDividendIncomeSecuritiesOperating,InterestFeesAndDividendIncomeSecuritiesOperating,8000,c-1798,,,,,,False,InterestFeesAndDividendIncomeSecuritiesOperating,
MSIF,2025-05-13,income_statement,income_statement,InterestFeesAndDividendIncomeSecuritiesOperating,InterestFeesAndDividendIncomeSecuritiesOperating,1000,c-1801,,,,,,False,InterestFeesAndDividendIncomeSecuritiesOperating,
MSIF,2025-05-13,income_statement,income_statement,InterestFeesAndDividendIncomeSecuritiesOperating,InterestFeesAndDividendIncomeSecuritiesOperating,225000,c-1803,,,,,,False,InterestFeesAndDividendIncomeSecuritiesOperating,
MSIF,2025-05-13,income_statement,income_statement,InterestFeesAndDividendIncomeSecuritiesOperating,InterestFeesAndDividendIncomeSecuritiesOperating,8000,c-1805,,,,,,False,InterestFeesAndDividendIncomeSecuritiesOperating,
MSIF,2025-05-13,income_statement,income_statement,InterestFeesAndDividendIncomeSecuritiesOperating,InterestFeesAndDividendIncomeSecuritiesOperating,6000,c-1809,,,,,,False,InterestFeesAndDividendIncomeSecuritiesOperating,
MSIF,2025-05-13,income_statement,income_statement,InterestFeesAndDividendIncomeSecuritiesOperating,InterestFeesAndDividendIncomeSecuritiesOperating,125000,c-1812,,,,,,False,InterestFeesAndDividendIncomeSecuritiesOperating,
MSIF,2025-05-13,income_statement,income_statement,InterestFeesAndDividendIncomeSecuritiesOperating,InterestFeesAndDividendIncomeSecuritiesOperating,698000,c-1814,,,,,,False,InterestFeesAndDividendIncomeSecuritiesOperating,
MSIF,2025-05-13,income_statement,income_statement,InterestFeesAndDividendIncomeSecuritiesOperating,InterestFeesAndDividendIncomeSecuritiesOperating,6000,c-1816,,,,,,False,InterestFeesAndDividendIncomeSecuritiesOperating,
MSIF,2025-05-13,income_statement,income_statement,InterestFeesAndDividendIncomeSecuritiesOperating,InterestFeesAndDividendIncomeSecuritiesOperating,82000,c-1818,,,,,,False,InterestFeesAndDividendIncomeSecuritiesOperating,
MSIF,2025-05-13,income_statement,income_statement,InterestFeesAndDividendIncomeSecuritiesOperating,InterestFeesAndDividendIncomeSecuritiesOperating,0,c-1820,,,,,,False,InterestFeesAndDividendIncomeSecuritiesOperating,
MSIF,2025-05-13,income_statement,income_statement,InterestFeesAndDividendIncomeSecuritiesOperating,InterestFeesAndDividendIncomeSecuritiesOperating,40000,c-1824,,,,,,False,InterestFeesAndDividendIncomeSecuritiesOperating,
MSIF,2025-05-13,income_statement,income_statement,InterestFeesAndDividendIncomeSecuritiesOperating,InterestFeesAndDividendIncomeSecuritiesOperating,6000,c-1827,,,,,,False,InterestFeesAndDividendIncomeSecuritiesOperating,
MSIF,2025-05-13,income_statement,income_statement,InterestFeesAndDividendIncomeSecuritiesOperating,InterestFeesAndDividendIncomeSecuritiesOperating,111000,c-1828,,,,,,False,InterestFeesAndDividendIncomeSecuritiesOperating,
MSIF,2025-05-13,income_statement,income_statement,InterestFeesAndDividendIncomeSecuritiesOperating,InterestFeesAndDividendIncomeSecuritiesOperating,0,c-1830,,,,,,False,InterestFeesAndDividendIncomeSecuritiesOperating,
MSIF,2025-05-13,income_statement,income_statement,InterestFeesAndDividendIncomeSecuritiesOperating,InterestFeesAndDividendIncomeSecuritiesOperating,1000,c-1832,,,,,,False,InterestFeesAndDividendIncomeSecuritiesOperating,
MSIF,2025-05-13,income_statement,income_statement,InterestFeesAndDividendIncomeSecuritiesOperating,InterestFeesAndDividendIncomeSecuritiesOperating,203000,c-1833,,,,,,False,InterestFeesAndDividendIncomeSecuritiesOperating,
MSIF,2025-05-13,income_statement,income_statement,InterestFeesAndDividendIncomeSecuritiesOperating,InterestFeesAndDividendIncomeSecuritiesOperating,321000,c-1834,,,,,,False,InterestFeesAndDividendIncomeSecuritiesOperating,
MSIF,2025-05-13,income_statement,income_statement,InterestFeesAndDividendIncomeSecuritiesOperating,InterestFeesAndDividendIncomeSecuritiesOperating,1000,c-1836,,,,,,False,InterestFeesAndDividendIncomeSecuritiesOperating,
MSIF,2025-05-13,income_statement,income_statement,InterestFeesAndDividendIncomeSecuritiesOperating,InterestFeesAndDividendIncomeSecuritiesOperating,110000,c-1839,,,,,,False,InterestFeesAndDividendIncomeSecuritiesOperating,
MSIF,2025-05-13,income_statement,income_statement,InterestFeesAndDividendIncomeSecuritiesOperating,InterestFeesAndDividendIncomeSecuritiesOperating,104000,c-1840,,,,,,False,InterestFeesAndDividendIncomeSecuritiesOperating,
MSIF,2025-05-13,income_statement,income_statement,InterestFeesAndDividendIncomeSecuritiesOperating,InterestFeesAndDividendIncomeSecuritiesOperating,1000,c-1843,,,,,,False,InterestFeesAndDividendIncomeSecuritiesOperating,
MSIF,2025-05-13,income_statement,income_statement,InterestFeesAndDividendIncomeSecuritiesOperating,InterestFeesAndDividendIncomeSecuritiesOperating,151000,c-1846,,,,,,False,InterestFeesAndDividendIncomeSecuritiesOperating,
MSIF,2025-05-13,income_statement,income_statement,InterestFeesAndDividendIncomeSecuritiesOperating,InterestFeesAndDividendIncomeSecuritiesOperating,15000,c-1847,,,,,,False,InterestFeesAndDividendIncomeSecuritiesOperating,
MSIF,2025-05-13,income_statement,income_statement,InterestFeesAndDividendIncomeSecuritiesOperating,InterestFeesAndDividendIncomeSecuritiesOperating,1000,c-1849,,,,,,False,InterestFeesAndDividendIncomeSecuritiesOperating,
MSIF,2025-05-13,income_statement,income_statement,InterestFeesAndDividendIncomeSecuritiesOperating,InterestFeesAndDividendIncomeSecuritiesOperating,27000,c-1851,,,,,,False,InterestFeesAndDividendIncomeSecuritiesOperating,
MSIF,2025-05-13,income_statement,income_statement,InterestFeesAndDividendIncomeSecuritiesOperating,InterestFeesAndDividendIncomeSecuritiesOperating,0,c-1852,,,,,,False,InterestFeesAndDividendIncomeSecuritiesOperating,
MSIF,2025-05-13,income_statement,income_statement,InterestFeesAndDividendIncomeSecuritiesOperating,InterestFeesAndDividendIncomeSecuritiesOperating,113000,c-1855,,,,,,False,InterestFeesAndDividendIncomeSecuritiesOperating,
MSIF,2025-05-13,income_statement,income_statement,InterestFeesAndDividendIncomeSecuritiesOperating,InterestFeesAndDividendIncomeSecuritiesOperating,13000,c-1856,,,,,,False,InterestFeesAndDividendIncomeSecuritiesOperating,
MSIF,2025-05-13,income_statement,income_statement,InterestFeesAndDividendIncomeSecuritiesOperating,InterestFeesAndDividendIncomeSecuritiesOperating,1000,c-1858,,,,,,False,InterestFeesAndDividendIncomeSecuritiesOperating,
MSIF,2025-05-13,income_statement,income_statement,InterestFeesAndDividendIncomeSecuritiesOperating,InterestFeesAndDividendIncomeSecuritiesOperating,165000,c-1859,,,,,,False,InterestFeesAndDividendIncomeSecuritiesOperating,
MSIF,2025-05-13,income_statement,income_statement,InterestFeesAndDividendIncomeSecuritiesOperating,InterestFeesAndDividendIncomeSecuritiesOperating,0,c-1860,,,,,,False,InterestFeesAndDividendIncomeSecuritiesOperating,
MSIF,2025-05-13,income_statement,income_statement,InterestFeesAndDividendIncomeSecuritiesOperating,InterestFeesAndDividendIncomeSecuritiesOperating,4000,c-1863,,,,,,False,InterestFeesAndDividendIncomeSecuritiesOperating,
MSIF,2025-05-13,income_statement,income_statement,InterestFeesAndDividendIncomeSecuritiesOperating,InterestFeesAndDividendIncomeSecuritiesOperating,128000,c-1865,,,,,,False,InterestFeesAndDividendIncomeSecuritiesOperating,
MSIF,2025-05-13,income_statement,income_statement,InterestFeesAndDividendIncomeSecuritiesOperating,InterestFeesAndDividendIncomeSecuritiesOperating,0,c-1866,,,,,,False,InterestFeesAndDividendIncomeSecuritiesOperating,
MSIF,2025-05-13,income_statement,income_statement,InterestFeesAndDividendIncomeSecuritiesOperating,InterestFeesAndDividendIncomeSecuritiesOperating,30000,c-1869,,,,,,False,InterestFeesAndDividendIncomeSecuritiesOperating,
MSIF,2025-05-13,income_statement,income_statement,InterestFeesAndDividendIncomeSecuritiesOperating,InterestFeesAndDividendIncomeSecuritiesOperating,574000,c-1870,,,,,,False,InterestFeesAndDividendIncomeSecuritiesOperating,
MSIF,2025-05-13,income_statement,income_statement,InterestFeesAndDividendIncomeSecuritiesOperating,InterestFeesAndDividendIncomeSecuritiesOperating,0,c-1871,,,,,,False,InterestFeesAndDividendIncomeSecuritiesOperating,
MSIF,2025-05-13,income_statement,income_statement,InterestFeesAndDividendIncomeSecuritiesOperating,InterestFeesAndDividendIncomeSecuritiesOperating,0,c-1873,,,,,,False,InterestFeesAndDividendIncomeSecuritiesOperating,
MSIF,2025-05-13,income_statement,income_statement,InterestFeesAndDividendIncomeSecuritiesOperating,InterestFeesAndDividendIncomeSecuritiesOperating,535000,c-1875,,,,,,False,InterestFeesAndDividendIncomeSecuritiesOperating,
MSIF,2025-05-13,income_statement,income_statement,InterestFeesAndDividendIncomeSecuritiesOperating,InterestFeesAndDividendIncomeSecuritiesOperating,414000,c-1877,,,,,,False,InterestFeesAndDividendIncomeSecuritiesOperating,
MSIF,2025-05-13,income_statement,income_statement,InterestFeesAndDividendIncomeSecuritiesOperating,InterestFeesAndDividendIncomeSecuritiesOperating,44000,c-1880,,,,,,False,InterestFeesAndDividendIncomeSecuritiesOperating,
MSIF,2025-05-13,income_statement,income_statement,InterestFeesAndDividendIncomeSecuritiesOperating,InterestFeesAndDividendIncomeSecuritiesOperating,109000,c-1881,,,,,,False,InterestFeesAndDividendIncomeSecuritiesOperating,
MSIF,2025-05-13,income_statement,income_statement,InterestFeesAndDividendIncomeSecuritiesOperating,InterestFeesAndDividendIncomeSecuritiesOperating,0,c-1884,,,,,,False,InterestFeesAndDividendIncomeSecuritiesOperating,
MSIF,2025-05-13,income_statement,income_statement,InterestFeesAndDividendIncomeSecuritiesOperating,InterestFeesAndDividendIncomeSecuritiesOperating,0,c-1886,,,,,,False,InterestFeesAndDividendIncomeSecuritiesOperating,
MSIF,2025-05-13,income_statement,income_statement,InterestFeesAndDividendIncomeSecuritiesOperating,InterestFeesAndDividendIncomeSecuritiesOperating,0,c-1888,,,,,,False,InterestFeesAndDividendIncomeSecuritiesOperating,
MSIF,2025-05-13,income_statement,income_statement,InterestFeesAndDividendIncomeSecuritiesOperating,InterestFeesAndDividendIncomeSecuritiesOperating,0,c-1890,,,,,,False,InterestFeesAndDividendIncomeSecuritiesOperating,
MSIF,2025-05-13,income_statement,income_statement,InterestFeesAndDividendIncomeSecuritiesOperating,InterestFeesAndDividendIncomeSecuritiesOperating,0,c-1892,,,,,,False,InterestFeesAndDividendIncomeSecuritiesOperating,
MSIF,2025-05-13,income_statement,income_statement,InterestFeesAndDividendIncomeSecuritiesOperating,InterestFeesAndDividendIncomeSecuritiesOperating,15000,c-1896,,,,,,False,InterestFeesAndDividendIncomeSecuritiesOperating,
MSIF,2025-05-13,income_statement,income_statement,InterestFeesAndDividendIncomeSecuritiesOperating,InterestFeesAndDividendIncomeSecuritiesOperating,300000,c-1897,,,,,,False,InterestFeesAndDividendIncomeSecuritiesOperating,
MSIF,2025-05-13,income_statement,income_statement,InterestFeesAndDividendIncomeSecuritiesOperating,InterestFeesAndDividendIncomeSecuritiesOperating,0,c-1898,,,,,,False,InterestFeesAndDividendIncomeSecuritiesOperating,
MSIF,2025-05-13,income_statement,income_statement,InterestFeesAndDividendIncomeSecuritiesOperating,InterestFeesAndDividendIncomeSecuritiesOperating,0,c-1900,,,,,,False,InterestFeesAndDividendIncomeSecuritiesOperating,
MSIF,2025-05-13,income_statement,income_statement,InterestFeesAndDividendIncomeSecuritiesOperating,InterestFeesAndDividendIncomeSecuritiesOperating,471000,c-1903,,,,,,False,InterestFeesAndDividendIncomeSecuritiesOperating,
MSIF,2025-05-13,income_statement,income_statement,InterestFeesAndDividendIncomeSecuritiesOperating,InterestFeesAndDividendIncomeSecuritiesOperating,7000,c-1904,,,,,,False,InterestFeesAndDividendIncomeSecuritiesOperating,
MSIF,2025-05-13,income_statement,income_statement,InterestFeesAndDividendIncomeSecuritiesOperating,InterestFeesAndDividendIncomeSecuritiesOperating,0,c-1905,,,,,,False,InterestFeesAndDividendIncomeSecuritiesOperating,
MSIF,2025-05-13,income_statement,income_statement,InterestFeesAndDividendIncomeSecuritiesOperating,InterestFeesAndDividendIncomeSecuritiesOperating,107000,c-1907,,,,,,False,InterestFeesAndDividendIncomeSecuritiesOperating,
MSIF,2025-05-13,income_statement,income_statement,InterestFeesAndDividendIncomeSecuritiesOperating,InterestFeesAndDividendIncomeSecuritiesOperating,22000,c-1908,,,,,,False,InterestFeesAndDividendIncomeSecuritiesOperating,
MSIF,2025-05-13,income_statement,income_statement,InterestFeesAndDividendIncomeSecuritiesOperating,InterestFeesAndDividendIncomeSecuritiesOperating,0,c-1909,,,,,,False,InterestFeesAndDividendIncomeSecuritiesOperating,
MSIF,2025-05-13,income_statement,income_statement,InterestFeesAndDividendIncomeSecuritiesOperating,InterestFeesAndDividendIncomeSecuritiesOperating,7000,c-1911,,,,,,False,InterestFeesAndDividendIncomeSecuritiesOperating,
MSIF,2025-05-13,income_statement,income_statement,InterestFeesAndDividendIncomeSecuritiesOperating,InterestFeesAndDividendIncomeSecuritiesOperating,0,c-1913,,,,,,False,InterestFeesAndDividendIncomeSecuritiesOperating,
MSIF,2025-05-13,income_statement,income_statement,InterestFeesAndDividendIncomeSecuritiesOperating,InterestFeesAndDividendIncomeSecuritiesOperating,0,c-1916,,,,,,False,InterestFeesAndDividendIncomeSecuritiesOperating,
MSIF,2025-05-13,income_statement,income_statement,InterestFeesAndDividendIncomeSecuritiesOperating,InterestFeesAndDividendIncomeSecuritiesOperating,9000,c-1919,,,,,,False,InterestFeesAndDividendIncomeSecuritiesOperating,
MSIF,2025-05-13,income_statement,income_statement,InterestFeesAndDividendIncomeSecuritiesOperating,InterestFeesAndDividendIncomeSecuritiesOperating,9000,c-1922,,,,,,False,InterestFeesAndDividendIncomeSecuritiesOperating,
MSIF,2025-05-13,income_statement,income_statement,InterestFeesAndDividendIncomeSecuritiesOperating,InterestFeesAndDividendIncomeSecuritiesOperating,4000,c-1925,,,,,,False,InterestFeesAndDividendIncomeSecuritiesOperating,
MSIF,2025-05-13,income_statement,income_statement,InterestFeesAndDividendIncomeSecuritiesOperating,InterestFeesAndDividendIncomeSecuritiesOperating,26000,c-1928,,,,,,False,InterestFeesAndDividendIncomeSecuritiesOperating,
MSIF,2025-05-13,income_statement,income_statement,InterestFeesAndDividendIncomeSecuritiesOperating,InterestFeesAndDividendIncomeSecuritiesOperating,25000,c-1931,,,,,,False,InterestFeesAndDividendIncomeSecuritiesOperating,
MSIF,2025-05-13,income_statement,income_statement,InterestFeesAndDividendIncomeSecuritiesOperating,InterestFeesAndDividendIncomeSecuritiesOperating,0,c-1933,,,,,,False,InterestFeesAndDividendIncomeSecuritiesOperating,
MSIF,2025-05-13,income_statement,income_statement,InterestFeesAndDividendIncomeSecuritiesOperating,InterestFeesAndDividendIncomeSecuritiesOperating,0,c-1936,,,,,,False,InterestFeesAndDividendIncomeSecuritiesOperating,
MSIF,2025-05-13,income_statement,income_statement,InterestFeesAndDividendIncomeSecuritiesOperating,InterestFeesAndDividendIncomeSecuritiesOperating,35000,c-1939,,,,,,False,InterestFeesAndDividendIncomeSecuritiesOperating,
MSIF,2025-05-13,income_statement,income_statement,InterestFeesAndDividendIncomeSecuritiesOperating,InterestFeesAndDividendIncomeSecuritiesOperating,0,c-1942,,,,,,False,InterestFeesAndDividendIncomeSecuritiesOperating,
MSIF,2025-05-13,income_statement,income_statement,InterestFeesAndDividendIncomeSecuritiesOperating,InterestFeesAndDividendIncomeSecuritiesOperating,36000,c-1945,,,,,,False,InterestFeesAndDividendIncomeSecuritiesOperating,
MSIF,2025-05-13,income_statement,income_statement,InterestFeesAndDividendIncomeSecuritiesOperating,InterestFeesAndDividendIncomeSecuritiesOperating,236000,c-1946,,,,,,False,InterestFeesAndDividendIncomeSecuritiesOperating,
MSIF,2025-05-13,income_statement,income_statement,InterestFeesAndDividendIncomeSecuritiesOperating,InterestFeesAndDividendIncomeSecuritiesOperating,12000,c-1949,,,,,,False,InterestFeesAndDividendIncomeSecuritiesOperating,
MSIF,2025-05-13,income_statement,income_statement,InterestFeesAndDividendIncomeSecuritiesOperating,InterestFeesAndDividendIncomeSecuritiesOperating,240000,c-1951,,,,,,False,InterestFeesAndDividendIncomeSecuritiesOperating,
MSIF,2025-05-13,income_statement,income_statement,InterestFeesAndDividendIncomeSecuritiesOperating,InterestFeesAndDividendIncomeSecuritiesOperating,43000,c-1953,,,,,,False,InterestFeesAndDividendIncomeSecuritiesOperating,
MSIF,2025-05-13,income_statement,income_statement,InterestFeesAndDividendIncomeSecuritiesOperating,InterestFeesAndDividendIncomeSecuritiesOperating,0,c-1955,,,,,,False,InterestFeesAndDividendIncomeSecuritiesOperating,
MSIF,2025-05-13,income_statement,income_statement,InterestFeesAndDividendIncomeSecuritiesOperating,InterestFeesAndDividendIncomeSecuritiesOperating,38000,c-1957,,,,,,False,InterestFeesAndDividendIncomeSecuritiesOperating,
MSIF,2025-05-13,income_statement,income_statement,InterestFeesAndDividendIncomeSecuritiesOperating,InterestFeesAndDividendIncomeSecuritiesOperating,103000,c-1959,,,,,,False,InterestFeesAndDividendIncomeSecuritiesOperating,
MSIF,2025-05-13,income_statement,income_statement,InterestFeesAndDividendIncomeSecuritiesOperating,InterestFeesAndDividendIncomeSecuritiesOperating,25000,c-1962,,,,,,False,InterestFeesAndDividendIncomeSecuritiesOperating,
MSIF,2025-05-13,income_statement,income_statement,InterestFeesAndDividendIncomeSecuritiesOperating,InterestFeesAndDividendIncomeSecuritiesOperating,139000,c-1964,,,,,,False,InterestFeesAndDividendIncomeSecuritiesOperating,
MSIF,2025-05-13,income_statement,income_statement,InterestFeesAndDividendIncomeSecuritiesOperating,InterestFeesAndDividendIncomeSecuritiesOperating,0,c-1965,,,,,,False,InterestFeesAndDividendIncomeSecuritiesOperating,
MSIF,2025-05-13,income_statement,income_statement,InterestFeesAndDividendIncomeSecuritiesOperating,InterestFeesAndDividendIncomeSecuritiesOperating,0,c-1968,,,,,,False,InterestFeesAndDividendIncomeSecuritiesOperating,
MSIF,2025-05-13,income_statement,income_statement,InterestFeesAndDividendIncomeSecuritiesOperating,InterestFeesAndDividendIncomeSecuritiesOperating,13000,c-1971,,,,,,False,InterestFeesAndDividendIncomeSecuritiesOperating,
MSIF,2025-05-13,income_statement,income_statement,InterestFeesAndDividendIncomeSecuritiesOperating,InterestFeesAndDividendIncomeSecuritiesOperating,0,c-1975,,,,,,False,InterestFeesAndDividendIncomeSecuritiesOperating,
MSIF,2025-05-13,income_statement,income_statement,InterestFeesAndDividendIncomeSecuritiesOperating,InterestFeesAndDividendIncomeSecuritiesOperating,215000,c-1977,,,,,,False,InterestFeesAndDividendIncomeSecuritiesOperating,
MSIF,2025-05-13,income_statement,income_statement,InterestFeesAndDividendIncomeSecuritiesOperating,InterestFeesAndDividendIncomeSecuritiesOperating,15000,c-1978,,,,,,False,InterestFeesAndDividendIncomeSecuritiesOperating,
MSIF,2025-05-13,income_statement,income_statement,InterestFeesAndDividendIncomeSecuritiesOperating,InterestFeesAndDividendIncomeSecuritiesOperating,1000,c-1980,,,,,,False,InterestFeesAndDividendIncomeSecuritiesOperating,
MSIF,2025-05-13,income_statement,income_statement,InterestFeesAndDividendIncomeSecuritiesOperating,InterestFeesAndDividendIncomeSecuritiesOperating,242000,c-1983,,,,,,False,InterestFeesAndDividendIncomeSecuritiesOperating,
MSIF,2025-05-13,income_statement,income_statement,InterestFeesAndDividendIncomeSecuritiesOperating,InterestFeesAndDividendIncomeSecuritiesOperating,195000,c-1984,,,,,,False,InterestFeesAndDividendIncomeSecuritiesOperating,
MSIF,2025-05-13,income_statement,income_statement,InterestFeesAndDividendIncomeSecuritiesOperating,InterestFeesAndDividendIncomeSecuritiesOperating,38000,c-1987,,,,,,False,InterestFeesAndDividendIncomeSecuritiesOperating,
MSIF,2025-05-13,income_statement,income_statement,InterestFeesAndDividendIncomeSecuritiesOperating,InterestFeesAndDividendIncomeSecuritiesOperating,394000,c-1989,,,,,,False,InterestFeesAndDividendIncomeSecuritiesOperating,
MSIF,2025-05-13,income_statement,income_statement,InterestFeesAndDividendIncomeSecuritiesOperating,InterestFeesAndDividendIncomeSecuritiesOperating,0,c-1990,,,,,,False,InterestFeesAndDividendIncomeSecuritiesOperating,
MSIF,2025-05-13,income_statement,income_statement,InterestFeesAndDividendIncomeSecuritiesOperating,InterestFeesAndDividendIncomeSecuritiesOperating,0,c-1992,,,,,,False,InterestFeesAndDividendIncomeSecuritiesOperating,
MSIF,2025-05-13,income_statement,income_statement,InterestFeesAndDividendIncomeSecuritiesOperating,InterestFeesAndDividendIncomeSecuritiesOperating,0,c-1993,,,,,,False,InterestFeesAndDividendIncomeSecuritiesOperating,
MSIF,2025-05-13,income_statement,income_statement,InterestFeesAndDividendIncomeSecuritiesOperating,InterestFeesAndDividendIncomeSecuritiesOperating,0,c-1994,,,,,,False,InterestFeesAndDividendIncomeSecuritiesOperating,
MSIF,2025-05-13,income_statement,income_statement,InterestFeesAndDividendIncomeSecuritiesOperating,InterestFeesAndDividendIncomeSecuritiesOperating,24000,c-1997,,,,,,False,InterestFeesAndDividendIncomeSecuritiesOperating,
MSIF,2025-05-13,income_statement,income_statement,InterestFeesAndDividendIncomeSecuritiesOperating,InterestFeesAndDividendIncomeSecuritiesOperating,724000,c-1999,,,,,,False,InterestFeesAndDividendIncomeSecuritiesOperating,
MSIF,2025-05-13,income_statement,income_statement,InterestFeesAndDividendIncomeSecuritiesOperating,InterestFeesAndDividendIncomeSecuritiesOperating,0,c-2002,,,,,,False,InterestFeesAndDividendIncomeSecuritiesOperating,
MSIF,2025-05-13,income_statement,income_statement,InterestFeesAndDividendIncomeSecuritiesOperating,InterestFeesAndDividendIncomeSecuritiesOperating,0,c-2005,,,,,,False,InterestFeesAndDividendIncomeSecuritiesOperating,
MSIF,2025-05-13,income_statement,income_statement,InterestFeesAndDividendIncomeSecuritiesOperating,InterestFeesAndDividendIncomeSecuritiesOperating,0,c-2007,,,,,,False,InterestFeesAndDividendIncomeSecuritiesOperating,
MSIF,2025-05-13,income_statement,income_statement,InterestFeesAndDividendIncomeSecuritiesOperating,InterestFeesAndDividendIncomeSecuritiesOperating,5000,c-2010,,,,,,False,InterestFeesAndDividendIncomeSecuritiesOperating,
MSIF,2025-05-13,income_statement,income_statement,InterestFeesAndDividendIncomeSecuritiesOperating,InterestFeesAndDividendIncomeSecuritiesOperating,0,c-2013,,,,,,False,InterestFeesAndDividendIncomeSecuritiesOperating,
MSIF,2025-05-13,income_statement,income_statement,InterestFeesAndDividendIncomeSecuritiesOperating,InterestFeesAndDividendIncomeSecuritiesOperating,0,c-2015,,,,,,False,InterestFeesAndDividendIncomeSecuritiesOperating,
MSIF,2025-05-13,income_statement,income_statement,InterestFeesAndDividendIncomeSecuritiesOperating,InterestFeesAndDividendIncomeSecuritiesOperating,0,c-2016,,,,,,False,InterestFeesAndDividendIncomeSecuritiesOperating,
MSIF,2025-05-13,income_statement,income_statement,InterestFeesAndDividendIncomeSecuritiesOperating,InterestFeesAndDividendIncomeSecuritiesOperating,0,c-2018,,,,,,False,InterestFeesAndDividendIncomeSecuritiesOperating,
MSIF,2025-05-13,income_statement,income_statement,InterestFeesAndDividendIncomeSecuritiesOperating,InterestFeesAndDividendIncomeSecuritiesOperating,0,c-2020,,,,,,False,InterestFeesAndDividendIncomeSecuritiesOperating,
MSIF,2025-05-13,income_statement,income_statement,InterestFeesAndDividendIncomeSecuritiesOperating,InterestFeesAndDividendIncomeSecuritiesOperating,0,c-2022,,,,,,False,InterestFeesAndDividendIncomeSecuritiesOperating,
MSIF,2025-05-13,income_statement,income_statement,InterestFeesAndDividendIncomeSecuritiesOperating,InterestFeesAndDividendIncomeSecuritiesOperating,69000,c-2023,,,,,,False,InterestFeesAndDividendIncomeSecuritiesOperating,
MSIF,2025-05-13,income_statement,income_statement,InterestFeesAndDividendIncomeSecuritiesOperating,InterestFeesAndDividendIncomeSecuritiesOperating,7000,c-2024,,,,,,False,InterestFeesAndDividendIncomeSecuritiesOperating,
MSIF,2025-05-13,income_statement,income_statement,InterestFeesAndDividendIncomeSecuritiesOperating,InterestFeesAndDividendIncomeSecuritiesOperating,78000,c-2025,,,,,,False,InterestFeesAndDividendIncomeSecuritiesOperating,
MSIF,2025-05-13,income_statement,income_statement,InterestFeesAndDividendIncomeSecuritiesOperating,InterestFeesAndDividendIncomeSecuritiesOperating,24000,c-2026,,,,,,False,InterestFeesAndDividendIncomeSecuritiesOperating,
MSIF,2025-05-13,income_statement,income_statement,InterestFeesAndDividendIncomeSecuritiesOperating,InterestFeesAndDividendIncomeSecuritiesOperating,1000,c-2027,,,,,,False,InterestFeesAndDividendIncomeSecuritiesOperating,
MSIF,2025-05-13,income_statement,income_statement,InterestFeesAndDividendIncomeSecuritiesOperating,InterestFeesAndDividendIncomeSecuritiesOperating,263000,c-2028,,,,,,False,InterestFeesAndDividendIncomeSecuritiesOperating,
MSIF,2025-05-13,income_statement,income_statement,InterestFeesAndDividendIncomeSecuritiesOperating,InterestFeesAndDividendIncomeSecuritiesOperating,19000,c-2029,,,,,,False,InterestFeesAndDividendIncomeSecuritiesOperating,
MSIF,2025-05-13,income_statement,income_statement,InterestFeesAndDividendIncomeSecuritiesOperating,InterestFeesAndDividendIncomeSecuritiesOperating,1000,c-2030,,,,,,False,InterestFeesAndDividendIncomeSecuritiesOperating,
MSIF,2025-05-13,income_statement,income_statement,InterestFeesAndDividendIncomeSecuritiesOperating,InterestFeesAndDividendIncomeSecuritiesOperating,195000,c-2031,,,,,,False,InterestFeesAndDividendIncomeSecuritiesOperating,
MSIF,2025-05-13,income_statement,income_statement,InterestFeesAndDividendIncomeSecuritiesOperating,InterestFeesAndDividendIncomeSecuritiesOperating,25000,c-2032,,,,,,False,InterestFeesAndDividendIncomeSecuritiesOperating,
MSIF,2025-05-13,income_statement,income_statement,InterestFeesAndDividendIncomeSecuritiesOperating,InterestFeesAndDividendIncomeSecuritiesOperating,-22000,c-2033,,,,,,False,InterestFeesAndDividendIncomeSecuritiesOperating,
MSIF,2025-05-13,income_statement,income_statement,InterestFeesAndDividendIncomeSecuritiesOperating,InterestFeesAndDividendIncomeSecuritiesOperating,9335000,c-17,,,,,,False,InterestFeesAndDividendIncomeSecuritiesOperating,
MSIF,2025-05-13,income_statement,income_statement,InterestFeesAndDividendIncomeSecuritiesOperating,InterestFeesAndDividendIncomeSecuritiesOperating,0,c-2043,,,,,,False,InterestFeesAndDividendIncomeSecuritiesOperating,
MSIF,2025-05-13,income_statement,income_statement,InterestFeesAndDividendIncomeSecuritiesOperating,InterestFeesAndDividendIncomeSecuritiesOperating,35000,c-2047,,,,,,False,InterestFeesAndDividendIncomeSecuritiesOperating,
MSIF,2025-05-13,income_statement,income_statement,InterestFeesAndDividendIncomeSecuritiesOperating,InterestFeesAndDividendIncomeSecuritiesOperating,692000,c-2050,,,,,,False,InterestFeesAndDividendIncomeSecuritiesOperating,
MSIF,2025-05-13,income_statement,income_statement,InterestFeesAndDividendIncomeSecuritiesOperating,InterestFeesAndDividendIncomeSecuritiesOperating,21000,c-2052,,,,,,False,InterestFeesAndDividendIncomeSecuritiesOperating,
MSIF,2025-05-13,income_statement,income_statement,InterestFeesAndDividendIncomeSecuritiesOperating,InterestFeesAndDividendIncomeSecuritiesOperating,40000,c-2055,,,,,,False,InterestFeesAndDividendIncomeSecuritiesOperating,
MSIF,2025-05-13,income_statement,income_statement,InterestFeesAndDividendIncomeSecuritiesOperating,InterestFeesAndDividendIncomeSecuritiesOperating,23000,c-2059,,,,,,False,InterestFeesAndDividendIncomeSecuritiesOperating,
MSIF,2025-05-13,income_statement,income_statement,InterestFeesAndDividendIncomeSecuritiesOperating,InterestFeesAndDividendIncomeSecuritiesOperating,0,c-2061,,,,,,False,InterestFeesAndDividendIncomeSecuritiesOperating,
MSIF,2025-05-13,income_statement,income_statement,InterestFeesAndDividendIncomeSecuritiesOperating,InterestFeesAndDividendIncomeSecuritiesOperating,0,c-2064,,,,,,False,InterestFeesAndDividendIncomeSecuritiesOperating,
MSIF,2025-05-13,income_statement,income_statement,InterestFeesAndDividendIncomeSecuritiesOperating,InterestFeesAndDividendIncomeSecuritiesOperating,0,c-2067,,,,,,False,InterestFeesAndDividendIncomeSecuritiesOperating,
MSIF,2025-05-13,income_statement,income_statement,InterestFeesAndDividendIncomeSecuritiesOperating,InterestFeesAndDividendIncomeSecuritiesOperating,0,c-2070,,,,,,False,InterestFeesAndDividendIncomeSecuritiesOperating,
MSIF,2025-05-13,income_statement,income_statement,InterestFeesAndDividendIncomeSecuritiesOperating,InterestFeesAndDividendIncomeSecuritiesOperating,0,c-2073,,,,,,False,InterestFeesAndDividendIncomeSecuritiesOperating,
MSIF,2025-05-13,income_statement,income_statement,InterestFeesAndDividendIncomeSecuritiesOperating,InterestFeesAndDividendIncomeSecuritiesOperating,811000,c-16,,,,,,False,InterestFeesAndDividendIncomeSecuritiesOperating,
MSIF,2025-05-13,income_statement,income_statement,InterestFeesAndDividendIncomeSecuritiesOperating,InterestFeesAndDividendIncomeSecuritiesOperating,1000,c-2079,,,,,,False,InterestFeesAndDividendIncomeSecuritiesOperating,
MSIF,2025-05-13,income_statement,income_statement,InterestFeesAndDividendIncomeSecuritiesOperating,InterestFeesAndDividendIncomeSecuritiesOperating,44000,c-2082,,,,,,False,InterestFeesAndDividendIncomeSecuritiesOperating,
MSIF,2025-05-13,income_statement,income_statement,InterestFeesAndDividendIncomeSecuritiesOperating,InterestFeesAndDividendIncomeSecuritiesOperating,0,c-2085,,,,,,False,InterestFeesAndDividendIncomeSecuritiesOperating,
MSIF,2025-05-13,income_statement,income_statement,InterestFeesAndDividendIncomeSecuritiesOperating,InterestFeesAndDividendIncomeSecuritiesOperating,0,c-2087,,,,,,False,InterestFeesAndDividendIncomeSecuritiesOperating,
MSIF,2025-05-13,income_statement,income_statement,InterestFeesAndDividendIncomeSecuritiesOperating,InterestFeesAndDividendIncomeSecuritiesOperating,0,c-2090,,,,,,False,InterestFeesAndDividendIncomeSecuritiesOperating,
MSIF,2025-05-13,income_statement,income_statement,InterestFeesAndDividendIncomeSecuritiesOperating,InterestFeesAndDividendIncomeSecuritiesOperating,0,c-2093,,,,,,False,InterestFeesAndDividendIncomeSecuritiesOperating,
MSIF,2025-05-13,income_statement,income_statement,InterestFeesAndDividendIncomeSecuritiesOperating,InterestFeesAndDividendIncomeSecuritiesOperating,1000,c-2097,,,,,,False,InterestFeesAndDividendIncomeSecuritiesOperating,
MSIF,2025-05-13,income_statement,income_statement,InterestFeesAndDividendIncomeSecuritiesOperating,InterestFeesAndDividendIncomeSecuritiesOperating,1000,c-2100,,,,,,False,InterestFeesAndDividendIncomeSecuritiesOperating,
MSIF,2025-05-13,income_statement,income_statement,InterestFeesAndDividendIncomeSecuritiesOperating,InterestFeesAndDividendIncomeSecuritiesOperating,31000,c-2103,,,,,,False,InterestFeesAndDividendIncomeSecuritiesOperating,
MSIF,2025-05-13,income_statement,income_statement,InterestFeesAndDividendIncomeSecuritiesOperating,InterestFeesAndDividendIncomeSecuritiesOperating,39000,c-2105,,,,,,False,InterestFeesAndDividendIncomeSecuritiesOperating,
MSIF,2025-05-13,income_statement,income_statement,InterestFeesAndDividendIncomeSecuritiesOperating,InterestFeesAndDividendIncomeSecuritiesOperating,52000,c-2108,,,,,,False,InterestFeesAndDividendIncomeSecuritiesOperating,
MSIF,2025-05-13,income_statement,income_statement,InterestFeesAndDividendIncomeSecuritiesOperating,InterestFeesAndDividendIncomeSecuritiesOperating,8000,c-2111,,,,,,False,InterestFeesAndDividendIncomeSecuritiesOperating,
MSIF,2025-05-13,income_statement,income_statement,InterestFeesAndDividendIncomeSecuritiesOperating,InterestFeesAndDividendIncomeSecuritiesOperating,1000,c-2115,,,,,,False,InterestFeesAndDividendIncomeSecuritiesOperating,
MSIF,2025-05-13,income_statement,income_statement,InterestFeesAndDividendIncomeSecuritiesOperating,InterestFeesAndDividendIncomeSecuritiesOperating,128000,c-2118,,,,,,False,InterestFeesAndDividendIncomeSecuritiesOperating,
MSIF,2025-05-13,income_statement,income_statement,InterestFeesAndDividendIncomeSecuritiesOperating,InterestFeesAndDividendIncomeSecuritiesOperating,84000,c-2121,,,,,,False,InterestFeesAndDividendIncomeSecuritiesOperating,
MSIF,2025-05-13,income_statement,income_statement,InterestFeesAndDividendIncomeSecuritiesOperating,InterestFeesAndDividendIncomeSecuritiesOperating,8000,c-2123,,,,,,False,InterestFeesAndDividendIncomeSecuritiesOperating,
MSIF,2025-05-13,income_statement,income_statement,InterestFeesAndDividendIncomeSecuritiesOperating,InterestFeesAndDividendIncomeSecuritiesOperating,6000,c-2128,,,,,,False,InterestFeesAndDividendIncomeSecuritiesOperating,
MSIF,2025-05-13,income_statement,income_statement,InterestFeesAndDividendIncomeSecuritiesOperating,InterestFeesAndDividendIncomeSecuritiesOperating,133000,c-2132,,,,,,False,InterestFeesAndDividendIncomeSecuritiesOperating,
MSIF,2025-05-13,income_statement,income_statement,InterestFeesAndDividendIncomeSecuritiesOperating,InterestFeesAndDividendIncomeSecuritiesOperating,366000,c-2134,,,,,,False,InterestFeesAndDividendIncomeSecuritiesOperating,
MSIF,2025-05-13,income_statement,income_statement,InterestFeesAndDividendIncomeSecuritiesOperating,InterestFeesAndDividendIncomeSecuritiesOperating,6000,c-2137,,,,,,False,InterestFeesAndDividendIncomeSecuritiesOperating,
MSIF,2025-05-13,income_statement,income_statement,InterestFeesAndDividendIncomeSecuritiesOperating,InterestFeesAndDividendIncomeSecuritiesOperating,0,c-2140,,,,,,False,InterestFeesAndDividendIncomeSecuritiesOperating,
MSIF,2025-05-13,income_statement,income_statement,InterestFeesAndDividendIncomeSecuritiesOperating,InterestFeesAndDividendIncomeSecuritiesOperating,0,c-2144,,,,,,False,InterestFeesAndDividendIncomeSecuritiesOperating,
MSIF,2025-05-13,income_statement,income_statement,InterestFeesAndDividendIncomeSecuritiesOperating,InterestFeesAndDividendIncomeSecuritiesOperating,64000,c-2147,,,,,,False,InterestFeesAndDividendIncomeSecuritiesOperating,
MSIF,2025-05-13,income_statement,income_statement,InterestFeesAndDividendIncomeSecuritiesOperating,InterestFeesAndDividendIncomeSecuritiesOperating,6000,c-2150,,,,,,False,InterestFeesAndDividendIncomeSecuritiesOperating,
MSIF,2025-05-13,income_statement,income_statement,InterestFeesAndDividendIncomeSecuritiesOperating,InterestFeesAndDividendIncomeSecuritiesOperating,0,c-2152,,,,,,False,InterestFeesAndDividendIncomeSecuritiesOperating,
MSIF,2025-05-13,income_statement,income_statement,InterestFeesAndDividendIncomeSecuritiesOperating,InterestFeesAndDividendIncomeSecuritiesOperating,0,c-2155,,,,,,False,InterestFeesAndDividendIncomeSecuritiesOperating,
MSIF,2025-05-13,income_statement,income_statement,InterestFeesAndDividendIncomeSecuritiesOperating,InterestFeesAndDividendIncomeSecuritiesOperating,3000,c-2159,,,,,,False,InterestFeesAndDividendIncomeSecuritiesOperating,
MSIF,2025-05-13,income_statement,income_statement,InterestFeesAndDividendIncomeSecuritiesOperating,InterestFeesAndDividendIncomeSecuritiesOperating,223000,c-2162,,,,,,False,InterestFeesAndDividendIncomeSecuritiesOperating,
MSIF,2025-05-13,income_statement,income_statement,InterestFeesAndDividendIncomeSecuritiesOperating,InterestFeesAndDividendIncomeSecuritiesOperating,153000,c-2164,,,,,,False,InterestFeesAndDividendIncomeSecuritiesOperating,
MSIF,2025-05-13,income_statement,income_statement,InterestFeesAndDividendIncomeSecuritiesOperating,InterestFeesAndDividendIncomeSecuritiesOperating,1000,c-2168,,,,,,False,InterestFeesAndDividendIncomeSecuritiesOperating,
MSIF,2025-05-13,income_statement,income_statement,InterestFeesAndDividendIncomeSecuritiesOperating,InterestFeesAndDividendIncomeSecuritiesOperating,173000,c-2171,,,,,,False,InterestFeesAndDividendIncomeSecuritiesOperating,
MSIF,2025-05-13,income_statement,income_statement,InterestFeesAndDividendIncomeSecuritiesOperating,InterestFeesAndDividendIncomeSecuritiesOperating,0,c-2173,,,,,,False,InterestFeesAndDividendIncomeSecuritiesOperating,
MSIF,2025-05-13,income_statement,income_statement,InterestFeesAndDividendIncomeSecuritiesOperating,InterestFeesAndDividendIncomeSecuritiesOperating,24000,c-2176,,,,,,False,InterestFeesAndDividendIncomeSecuritiesOperating,
MSIF,2025-05-13,income_statement,income_statement,InterestFeesAndDividendIncomeSecuritiesOperating,InterestFeesAndDividendIncomeSecuritiesOperating,0,c-2180,,,,,,False,InterestFeesAndDividendIncomeSecuritiesOperating,
MSIF,2025-05-13,income_statement,income_statement,InterestFeesAndDividendIncomeSecuritiesOperating,InterestFeesAndDividendIncomeSecuritiesOperating,153000,c-2183,,,,,,False,InterestFeesAndDividendIncomeSecuritiesOperating,
MSIF,2025-05-13,income_statement,income_statement,InterestFeesAndDividendIncomeSecuritiesOperating,InterestFeesAndDividendIncomeSecuritiesOperating,15000,c-2185,,,,,,False,InterestFeesAndDividendIncomeSecuritiesOperating,
MSIF,2025-05-13,income_statement,income_statement,InterestFeesAndDividendIncomeSecuritiesOperating,InterestFeesAndDividendIncomeSecuritiesOperating,1000,c-2189,,,,,,False,InterestFeesAndDividendIncomeSecuritiesOperating,
MSIF,2025-05-13,income_statement,income_statement,InterestFeesAndDividendIncomeSecuritiesOperating,InterestFeesAndDividendIncomeSecuritiesOperating,29000,c-2192,,,,,,False,InterestFeesAndDividendIncomeSecuritiesOperating,
MSIF,2025-05-13,income_statement,income_statement,InterestFeesAndDividendIncomeSecuritiesOperating,InterestFeesAndDividendIncomeSecuritiesOperating,0,c-2194,,,,,,False,InterestFeesAndDividendIncomeSecuritiesOperating,
MSIF,2025-05-13,income_statement,income_statement,InterestFeesAndDividendIncomeSecuritiesOperating,InterestFeesAndDividendIncomeSecuritiesOperating,146000,c-2198,,,,,,False,InterestFeesAndDividendIncomeSecuritiesOperating,
MSIF,2025-05-13,income_statement,income_statement,InterestFeesAndDividendIncomeSecuritiesOperating,InterestFeesAndDividendIncomeSecuritiesOperating,13000,c-2200,,,,,,False,InterestFeesAndDividendIncomeSecuritiesOperating,
MSIF,2025-05-13,income_statement,income_statement,InterestFeesAndDividendIncomeSecuritiesOperating,InterestFeesAndDividendIncomeSecuritiesOperating,6000,c-2204,,,,,,False,InterestFeesAndDividendIncomeSecuritiesOperating,
MSIF,2025-05-13,income_statement,income_statement,InterestFeesAndDividendIncomeSecuritiesOperating,InterestFeesAndDividendIncomeSecuritiesOperating,179000,c-2207,,,,,,False,InterestFeesAndDividendIncomeSecuritiesOperating,
MSIF,2025-05-13,income_statement,income_statement,InterestFeesAndDividendIncomeSecuritiesOperating,InterestFeesAndDividendIncomeSecuritiesOperating,0,c-2209,,,,,,False,InterestFeesAndDividendIncomeSecuritiesOperating,
MSIF,2025-05-13,income_statement,income_statement,InterestFeesAndDividendIncomeSecuritiesOperating,InterestFeesAndDividendIncomeSecuritiesOperating,170000,c-2212,,,,,,False,InterestFeesAndDividendIncomeSecuritiesOperating,
MSIF,2025-05-13,income_statement,income_statement,InterestFeesAndDividendIncomeSecuritiesOperating,InterestFeesAndDividendIncomeSecuritiesOperating,138000,c-2215,,,,,,False,InterestFeesAndDividendIncomeSecuritiesOperating,
MSIF,2025-05-13,income_statement,income_statement,InterestFeesAndDividendIncomeSecuritiesOperating,InterestFeesAndDividendIncomeSecuritiesOperating,0,c-2219,,,,,,False,InterestFeesAndDividendIncomeSecuritiesOperating,
MSIF,2025-05-13,income_statement,income_statement,InterestFeesAndDividendIncomeSecuritiesOperating,InterestFeesAndDividendIncomeSecuritiesOperating,353000,c-2222,,,,,,False,InterestFeesAndDividendIncomeSecuritiesOperating,
MSIF,2025-05-13,income_statement,income_statement,InterestFeesAndDividendIncomeSecuritiesOperating,InterestFeesAndDividendIncomeSecuritiesOperating,372000,c-2224,,,,,,False,InterestFeesAndDividendIncomeSecuritiesOperating,
MSIF,2025-05-13,income_statement,income_statement,InterestFeesAndDividendIncomeSecuritiesOperating,InterestFeesAndDividendIncomeSecuritiesOperating,51000,c-2228,,,,,,False,InterestFeesAndDividendIncomeSecuritiesOperating,
MSIF,2025-05-13,income_statement,income_statement,InterestFeesAndDividendIncomeSecuritiesOperating,InterestFeesAndDividendIncomeSecuritiesOperating,164000,c-2230,,,,,,False,InterestFeesAndDividendIncomeSecuritiesOperating,
MSIF,2025-05-13,income_statement,income_statement,InterestFeesAndDividendIncomeSecuritiesOperating,InterestFeesAndDividendIncomeSecuritiesOperating,0,c-2234,,,,,,False,InterestFeesAndDividendIncomeSecuritiesOperating,
MSIF,2025-05-13,income_statement,income_statement,InterestFeesAndDividendIncomeSecuritiesOperating,InterestFeesAndDividendIncomeSecuritiesOperating,19000,c-2237,,,,,,False,InterestFeesAndDividendIncomeSecuritiesOperating,
MSIF,2025-05-13,income_statement,income_statement,InterestFeesAndDividendIncomeSecuritiesOperating,InterestFeesAndDividendIncomeSecuritiesOperating,0,c-2239,,,,,,False,InterestFeesAndDividendIncomeSecuritiesOperating,
MSIF,2025-05-13,income_statement,income_statement,InterestFeesAndDividendIncomeSecuritiesOperating,InterestFeesAndDividendIncomeSecuritiesOperating,0,c-2242,,,,,,False,InterestFeesAndDividendIncomeSecuritiesOperating,
MSIF,2025-05-13,income_statement,income_statement,InterestFeesAndDividendIncomeSecuritiesOperating,InterestFeesAndDividendIncomeSecuritiesOperating,0,c-2245,,,,,,False,InterestFeesAndDividendIncomeSecuritiesOperating,
MSIF,2025-05-13,income_statement,income_statement,InterestFeesAndDividendIncomeSecuritiesOperating,InterestFeesAndDividendIncomeSecuritiesOperating,2000,c-2249,,,,,,False,InterestFeesAndDividendIncomeSecuritiesOperating,
MSIF,2025-05-13,income_statement,income_statement,InterestFeesAndDividendIncomeSecuritiesOperating,InterestFeesAndDividendIncomeSecuritiesOperating,319000,c-2252,,,,,,False,InterestFeesAndDividendIncomeSecuritiesOperating,
MSIF,2025-05-13,income_statement,income_statement,InterestFeesAndDividendIncomeSecuritiesOperating,InterestFeesAndDividendIncomeSecuritiesOperating,0,c-2254,,,,,,False,InterestFeesAndDividendIncomeSecuritiesOperating,
MSIF,2025-05-13,income_statement,income_statement,InterestFeesAndDividendIncomeSecuritiesOperating,InterestFeesAndDividendIncomeSecuritiesOperating,0,c-2257,,,,,,False,InterestFeesAndDividendIncomeSecuritiesOperating,
MSIF,2025-05-13,income_statement,income_statement,InterestFeesAndDividendIncomeSecuritiesOperating,InterestFeesAndDividendIncomeSecuritiesOperating,595000,c-2261,,,,,,False,InterestFeesAndDividendIncomeSecuritiesOperating,
MSIF,2025-05-13,income_statement,income_statement,InterestFeesAndDividendIncomeSecuritiesOperating,InterestFeesAndDividendIncomeSecuritiesOperating,10000,c-2264,,,,,,False,InterestFeesAndDividendIncomeSecuritiesOperating,
MSIF,2025-05-13,income_statement,income_statement,InterestFeesAndDividendIncomeSecuritiesOperating,InterestFeesAndDividendIncomeSecuritiesOperating,13000,c-2266,,,,,,False,InterestFeesAndDividendIncomeSecuritiesOperating,
MSIF,2025-05-13,income_statement,income_statement,InterestFeesAndDividendIncomeSecuritiesOperating,InterestFeesAndDividendIncomeSecuritiesOperating,152000,c-2270,,,,,,False,InterestFeesAndDividendIncomeSecuritiesOperating,
MSIF,2025-05-13,income_statement,income_statement,InterestFeesAndDividendIncomeSecuritiesOperating,InterestFeesAndDividendIncomeSecuritiesOperating,22000,c-2273,,,,,,False,InterestFeesAndDividendIncomeSecuritiesOperating,
MSIF,2025-05-13,income_statement,income_statement,InterestFeesAndDividendIncomeSecuritiesOperating,InterestFeesAndDividendIncomeSecuritiesOperating,0,c-2275,,,,,,False,InterestFeesAndDividendIncomeSecuritiesOperating,
MSIF,2025-05-13,income_statement,income_statement,InterestFeesAndDividendIncomeSecuritiesOperating,InterestFeesAndDividendIncomeSecuritiesOperating,8000,c-2278,,,,,,False,InterestFeesAndDividendIncomeSecuritiesOperating,
MSIF,2025-05-13,income_statement,income_statement,InterestFeesAndDividendIncomeSecuritiesOperating,InterestFeesAndDividendIncomeSecuritiesOperating,46000,c-2282,,,,,,False,InterestFeesAndDividendIncomeSecuritiesOperating,
MSIF,2025-05-13,income_statement,income_statement,InterestFeesAndDividendIncomeSecuritiesOperating,InterestFeesAndDividendIncomeSecuritiesOperating,0,c-2284,,,,,,False,InterestFeesAndDividendIncomeSecuritiesOperating,
MSIF,2025-05-13,income_statement,income_statement,InterestFeesAndDividendIncomeSecuritiesOperating,InterestFeesAndDividendIncomeSecuritiesOperating,0,c-2287,,,,,,False,InterestFeesAndDividendIncomeSecuritiesOperating,
MSIF,2025-05-13,income_statement,income_statement,InterestFeesAndDividendIncomeSecuritiesOperating,InterestFeesAndDividendIncomeSecuritiesOperating,0,c-2291,,,,,,False,InterestFeesAndDividendIncomeSecuritiesOperating,
MSIF,2025-05-13,income_statement,income_statement,InterestFeesAndDividendIncomeSecuritiesOperating,InterestFeesAndDividendIncomeSecuritiesOperating,36000,c-2294,,,,,,False,InterestFeesAndDividendIncomeSecuritiesOperating,
MSIF,2025-05-13,income_statement,income_statement,InterestFeesAndDividendIncomeSecuritiesOperating,InterestFeesAndDividendIncomeSecuritiesOperating,248000,c-2296,,,,,,False,InterestFeesAndDividendIncomeSecuritiesOperating,
MSIF,2025-05-13,income_statement,income_statement,InterestFeesAndDividendIncomeSecuritiesOperating,InterestFeesAndDividendIncomeSecuritiesOperating,0,c-2300,,,,,,False,InterestFeesAndDividendIncomeSecuritiesOperating,
MSIF,2025-05-13,income_statement,income_statement,InterestFeesAndDividendIncomeSecuritiesOperating,InterestFeesAndDividendIncomeSecuritiesOperating,66000,c-2303,,,,,,False,InterestFeesAndDividendIncomeSecuritiesOperating,
MSIF,2025-05-13,income_statement,income_statement,InterestFeesAndDividendIncomeSecuritiesOperating,InterestFeesAndDividendIncomeSecuritiesOperating,26000,c-2305,,,,,,False,InterestFeesAndDividendIncomeSecuritiesOperating,
MSIF,2025-05-13,income_statement,income_statement,InterestFeesAndDividendIncomeSecuritiesOperating,InterestFeesAndDividendIncomeSecuritiesOperating,28000,c-2309,,,,,,False,InterestFeesAndDividendIncomeSecuritiesOperating,
MSIF,2025-05-13,income_statement,income_statement,InterestFeesAndDividendIncomeSecuritiesOperating,InterestFeesAndDividendIncomeSecuritiesOperating,141000,c-2312,,,,,,False,InterestFeesAndDividendIncomeSecuritiesOperating,
MSIF,2025-05-13,income_statement,income_statement,InterestFeesAndDividendIncomeSecuritiesOperating,InterestFeesAndDividendIncomeSecuritiesOperating,0,c-2314,,,,,,False,InterestFeesAndDividendIncomeSecuritiesOperating,
MSIF,2025-05-13,income_statement,income_statement,InterestFeesAndDividendIncomeSecuritiesOperating,InterestFeesAndDividendIncomeSecuritiesOperating,0,c-2317,,,,,,False,InterestFeesAndDividendIncomeSecuritiesOperating,
MSIF,2025-05-13,income_statement,income_statement,InterestFeesAndDividendIncomeSecuritiesOperating,InterestFeesAndDividendIncomeSecuritiesOperating,58000,c-2321,,,,,,False,InterestFeesAndDividendIncomeSecuritiesOperating,
MSIF,2025-05-13,income_statement,income_statement,InterestFeesAndDividendIncomeSecuritiesOperating,InterestFeesAndDividendIncomeSecuritiesOperating,0,c-2323,,,,,,False,InterestFeesAndDividendIncomeSecuritiesOperating,
MSIF,2025-05-13,income_statement,income_statement,InterestFeesAndDividendIncomeSecuritiesOperating,InterestFeesAndDividendIncomeSecuritiesOperating,0,c-2327,,,,,,False,InterestFeesAndDividendIncomeSecuritiesOperating,
MSIF,2025-05-13,income_statement,income_statement,InterestFeesAndDividendIncomeSecuritiesOperating,InterestFeesAndDividendIncomeSecuritiesOperating,235000,c-2330,,,,,,False,InterestFeesAndDividendIncomeSecuritiesOperating,
MSIF,2025-05-13,income_statement,income_statement,InterestFeesAndDividendIncomeSecuritiesOperating,InterestFeesAndDividendIncomeSecuritiesOperating,15000,c-2332,,,,,,False,InterestFeesAndDividendIncomeSecuritiesOperating,
MSIF,2025-05-13,income_statement,income_statement,InterestFeesAndDividendIncomeSecuritiesOperating,InterestFeesAndDividendIncomeSecuritiesOperating,2000,c-2336,,,,,,False,InterestFeesAndDividendIncomeSecuritiesOperating,
MSIF,2025-05-13,income_statement,income_statement,InterestFeesAndDividendIncomeSecuritiesOperating,InterestFeesAndDividendIncomeSecuritiesOperating,261000,c-2339,,,,,,False,InterestFeesAndDividendIncomeSecuritiesOperating,
MSIF,2025-05-13,income_statement,income_statement,InterestFeesAndDividendIncomeSecuritiesOperating,InterestFeesAndDividendIncomeSecuritiesOperating,79000,c-2341,,,,,,False,InterestFeesAndDividendIncomeSecuritiesOperating,
MSIF,2025-05-13,income_statement,income_statement,InterestFeesAndDividendIncomeSecuritiesOperating,InterestFeesAndDividendIncomeSecuritiesOperating,1000,c-2345,,,,,,False,InterestFeesAndDividendIncomeSecuritiesOperating,
MSIF,2025-05-13,income_statement,income_statement,InterestFeesAndDividendIncomeSecuritiesOperating,InterestFeesAndDividendIncomeSecuritiesOperating,123000,c-2348,,,,,,False,InterestFeesAndDividendIncomeSecuritiesOperating,
MSIF,2025-05-13,income_statement,income_statement,InterestFeesAndDividendIncomeSecuritiesOperating,InterestFeesAndDividendIncomeSecuritiesOperating,0,c-2350,,,,,,False,InterestFeesAndDividendIncomeSecuritiesOperating,
MSIF,2025-05-13,income_statement,income_statement,InterestFeesAndDividendIncomeSecuritiesOperating,InterestFeesAndDividendIncomeSecuritiesOperating,13000,c-2354,,,,,,False,InterestFeesAndDividendIncomeSecuritiesOperating,
MSIF,2025-05-13,income_statement,income_statement,InterestFeesAndDividendIncomeSecuritiesOperating,InterestFeesAndDividendIncomeSecuritiesOperating,584000,c-2357,,,,,,False,InterestFeesAndDividendIncomeSecuritiesOperating,
MSIF,2025-05-13,income_statement,income_statement,InterestFeesAndDividendIncomeSecuritiesOperating,InterestFeesAndDividendIncomeSecuritiesOperating,39000,c-2359,,,,,,False,InterestFeesAndDividendIncomeSecuritiesOperating,
MSIF,2025-05-13,income_statement,income_statement,InterestFeesAndDividendIncomeSecuritiesOperating,InterestFeesAndDividendIncomeSecuritiesOperating,0,c-2363,,,,,,False,InterestFeesAndDividendIncomeSecuritiesOperating,
MSIF,2025-05-13,income_statement,income_statement,InterestFeesAndDividendIncomeSecuritiesOperating,InterestFeesAndDividendIncomeSecuritiesOperating,0,c-2365,,,,,,False,InterestFeesAndDividendIncomeSecuritiesOperating,
MSIF,2025-05-13,income_statement,income_statement,InterestFeesAndDividendIncomeSecuritiesOperating,InterestFeesAndDividendIncomeSecuritiesOperating,14000,c-2369,,,,,,False,InterestFeesAndDividendIncomeSecuritiesOperating,
MSIF,2025-05-13,income_statement,income_statement,InterestFeesAndDividendIncomeSecuritiesOperating,InterestFeesAndDividendIncomeSecuritiesOperating,115000,c-2372,,,,,,False,InterestFeesAndDividendIncomeSecuritiesOperating,
MSIF,2025-05-13,income_statement,income_statement,InterestFeesAndDividendIncomeSecuritiesOperating,InterestFeesAndDividendIncomeSecuritiesOperating,0,c-2374,,,,,,False,InterestFeesAndDividendIncomeSecuritiesOperating,
MSIF,2025-05-13,income_statement,income_statement,InterestFeesAndDividendIncomeSecuritiesOperating,InterestFeesAndDividendIncomeSecuritiesOperating,0,c-2377,,,,,,False,InterestFeesAndDividendIncomeSecuritiesOperating,
MSIF,2025-05-13,income_statement,income_statement,InterestFeesAndDividendIncomeSecuritiesOperating,InterestFeesAndDividendIncomeSecuritiesOperating,0,c-2380,,,,,,False,InterestFeesAndDividendIncomeSecuritiesOperating,
MSIF,2025-05-13,income_statement,income_statement,InterestFeesAndDividendIncomeSecuritiesOperating,InterestFeesAndDividendIncomeSecuritiesOperating,0,c-2384,,,,,,False,InterestFeesAndDividendIncomeSecuritiesOperating,
MSIF,2025-05-13,income_statement,income_statement,InterestFeesAndDividendIncomeSecuritiesOperating,InterestFeesAndDividendIncomeSecuritiesOperating,64000,c-2387,,,,,,False,InterestFeesAndDividendIncomeSecuritiesOperating,
MSIF,2025-05-13,income_statement,income_statement,InterestFeesAndDividendIncomeSecuritiesOperating,InterestFeesAndDividendIncomeSecuritiesOperating,7000,c-2389,,,,,,False,InterestFeesAndDividendIncomeSecuritiesOperating,
MSIF,2025-05-13,income_statement,income_statement,InterestFeesAndDividendIncomeSecuritiesOperating,InterestFeesAndDividendIncomeSecuritiesOperating,1000,c-2393,,,,,,False,InterestFeesAndDividendIncomeSecuritiesOperating,
MSIF,2025-05-13,income_statement,income_statement,InterestFeesAndDividendIncomeSecuritiesOperating,InterestFeesAndDividendIncomeSecuritiesOperating,216000,c-2396,,,,,,False,InterestFeesAndDividendIncomeSecuritiesOperating,
MSIF,2025-05-13,income_statement,income_statement,InterestFeesAndDividendIncomeSecuritiesOperating,InterestFeesAndDividendIncomeSecuritiesOperating,25000,c-2398,,,,,,False,InterestFeesAndDividendIncomeSecuritiesOperating,
MSIF,2025-05-13,income_statement,income_statement,InterestFeesAndDividendIncomeSecuritiesOperating,InterestFeesAndDividendIncomeSecuritiesOperating,0,c-2401,,,,,,False,InterestFeesAndDividendIncomeSecuritiesOperating,
MSIF,2025-05-13,income_statement,income_statement,InterestFeesAndDividendIncomeSecuritiesOperating,InterestFeesAndDividendIncomeSecuritiesOperating,6929000,c-18,,,,,,False,InterestFeesAndDividendIncomeSecuritiesOperating,
MSIF,2025-08-14,income_statement,income_statement,InterestAndDividendReceivable,InterestAndDividendReceivable,11668000,c-9,,,,,,False,InterestAndDividendReceivable,
MSIF,2025-08-14,income_statement,income_statement,InterestAndDividendReceivable,InterestAndDividendReceivable,11925000,c-10,,,,,,False,InterestAndDividendReceivable,
MSIF,2025-08-14,income_statement,income_statement,GrossInvestmentIncomeOperating,GrossInvestmentIncomeOperating,1514000,c-15,,,,,,False,GrossInvestmentIncomeOperating,
MSIF,2025-08-14,income_statement,income_statement,GrossInvestmentIncomeOperating,GrossInvestmentIncomeOperating,1014000,c-16,,,,,,False,GrossInvestmentIncomeOperating,
MSIF,2025-08-14,income_statement,income_statement,GrossInvestmentIncomeOperating,GrossInvestmentIncomeOperating,2956000,c-17,,,,,,False,GrossInvestmentIncomeOperating,
MSIF,2025-08-14,income_statement,income_statement,GrossInvestmentIncomeOperating,GrossInvestmentIncomeOperating,1824000,c-18,,,,,,False,GrossInvestmentIncomeOperating,
MSIF,2025-08-14,income_statement,income_statement,GrossInvestmentIncomeOperating,GrossInvestmentIncomeOperating,9617000,c-19,,,,,,False,GrossInvestmentIncomeOperating,
MSIF,2025-08-14,income_statement,income_statement,GrossInvestmentIncomeOperating,GrossInvestmentIncomeOperating,8243000,c-20,,,,,,False,GrossInvestmentIncomeOperating,
MSIF,2025-08-14,income_statement,income_statement,GrossInvestmentIncomeOperating,GrossInvestmentIncomeOperating,18952000,c-21,,,,,,False,GrossInvestmentIncomeOperating,
MSIF,2025-08-14,income_statement,income_statement,GrossInvestmentIncomeOperating,GrossInvestmentIncomeOperating,15171000,c-22,,,,,,False,GrossInvestmentIncomeOperating,
MSIF,2025-08-14,income_statement,income_statement,GrossInvestmentIncomeOperating,GrossInvestmentIncomeOperating,24512000,c-23,,,,,,False,GrossInvestmentIncomeOperating,
MSIF,2025-08-14,income_statement,income_statement,GrossInvestmentIncomeOperating,GrossInvestmentIncomeOperating,24689000,c-24,,,,,,False,GrossInvestmentIncomeOperating,
MSIF,2025-08-14,income_statement,income_statement,GrossInvestmentIncomeOperating,GrossInvestmentIncomeOperating,46962000,c-25,,,,,,False,GrossInvestmentIncomeOperating,
MSIF,2025-08-14,income_statement,income_statement,GrossInvestmentIncomeOperating,GrossInvestmentIncomeOperating,50900000,c-26,,,,,,False,GrossInvestmentIncomeOperating,
MSIF,2025-08-14,income_statement,income_statement,GrossInvestmentIncomeOperating,GrossInvestmentIncomeOperating,35643000,c-27,,,,,,False,GrossInvestmentIncomeOperating,
MSIF,2025-08-14,income_statement,income_statement,GrossInvestmentIncomeOperating,GrossInvestmentIncomeOperating,33946000,c-28,,,,,,False,GrossInvestmentIncomeOperating,
MSIF,2025-08-14,income_statement,income_statement,GrossInvestmentIncomeOperating,GrossInvestmentIncomeOperating,68870000,c-1,,,,,,False,GrossInvestmentIncomeOperating,
MSIF,2025-08-14,income_statement,income_statement,GrossInvestmentIncomeOperating,GrossInvestmentIncomeOperating,67895000,c-29,,,,,,False,GrossInvestmentIncomeOperating,
MSIF,2025-08-14,income_statement,income_statement,InterestExpenseOperating,InterestExpenseOperating,8678000,c-27,,,,,,False,InterestExpenseOperating,
MSIF,2025-08-14,income_statement,income_statement,InterestExpenseOperating,InterestExpenseOperating,9546000,c-28,,,,,,False,InterestExpenseOperating,
MSIF,2025-08-14,income_statement,income_statement,InterestExpenseOperating,InterestExpenseOperating,16921000,c-1,,,,,,False,InterestExpenseOperating,
MSIF,2025-08-14,income_statement,income_statement,InterestExpenseOperating,InterestExpenseOperating,19095000,c-29,,,,,,False,InterestExpenseOperating,
MSIF,2025-08-14,income_statement,income_statement,ManagementFeeExpense,ManagementFeeExpense,4907000,c-27,,,,,,False,ManagementFeeExpense,
MSIF,2025-08-14,income_statement,income_statement,ManagementFeeExpense,ManagementFeeExpense,5179000,c-28,,,,,,False,ManagementFeeExpense,
MSIF,2025-08-14,income_statement,income_statement,ManagementFeeExpense,ManagementFeeExpense,9879000,c-1,,,,,,False,ManagementFeeExpense,
MSIF,2025-08-14,income_statement,income_statement,ManagementFeeExpense,ManagementFeeExpense,10207000,c-29,,,,,,False,ManagementFeeExpense,
MSIF,2025-08-14,income_statement,income_statement,IncentiveFeeExpense,IncentiveFeeExpense,3431000,c-27,,,,,,False,IncentiveFeeExpense,
MSIF,2025-08-14,income_statement,income_statement,IncentiveFeeExpense,IncentiveFeeExpense,3591000,c-28,,,,,,False,IncentiveFeeExpense,
MSIF,2025-08-14,income_statement,income_statement,IncentiveFeeExpense,IncentiveFeeExpense,5454000,c-1,,,,,,False,IncentiveFeeExpense,
MSIF,2025-08-14,income_statement,income_statement,IncentiveFeeExpense,IncentiveFeeExpense,7228000,c-29,,,,,,False,IncentiveFeeExpense,
MSIF,2025-08-14,income_statement,income_statement,AdministrativeFeesExpense,AdministrativeFeesExpense,172000,c-27,,,,,,False,AdministrativeFeesExpense,
MSIF,2025-08-14,income_statement,income_statement,AdministrativeFeesExpense,AdministrativeFeesExpense,2520000,c-28,,,,,,False,AdministrativeFeesExpense,
MSIF,2025-08-14,income_statement,income_statement,AdministrativeFeesExpense,AdministrativeFeesExpense,346000,c-1,,,,,,False,AdministrativeFeesExpense,
MSIF,2025-08-14,income_statement,income_statement,AdministrativeFeesExpense,AdministrativeFeesExpense,4787000,c-29,,,,,,False,AdministrativeFeesExpense,
MSIF,2025-08-14,income_statement,income_statement,GeneralAndAdministrativeExpense,GeneralAndAdministrativeExpense,1149000,c-27,,,,,,False,GeneralAndAdministrativeExpense,
MSIF,2025-08-14,income_statement,income_statement,GeneralAndAdministrativeExpense,GeneralAndAdministrativeExpense,1106000,c-28,,,,,,False,GeneralAndAdministrativeExpense,
MSIF,2025-08-14,income_statement,income_statement,GeneralAndAdministrativeExpense,GeneralAndAdministrativeExpense,2176000,c-1,,,,,,False,GeneralAndAdministrativeExpense,
MSIF,2025-08-14,income_statement,income_statement,GeneralAndAdministrativeExpense,GeneralAndAdministrativeExpense,2139000,c-29,,,,,,False,GeneralAndAdministrativeExpense,
MSIF,2025-08-14,income_statement,income_statement,InvestmentIncomeInvestmentExpense,InvestmentIncomeInvestmentExpense,18337000,c-27,,,,,,False,InvestmentIncomeInvestmentExpense,
MSIF,2025-08-14,income_statement,income_statement,InvestmentIncomeInvestmentExpense,InvestmentIncomeInvestmentExpense,21942000,c-28,,,,,,False,InvestmentIncomeInvestmentExpense,
MSIF,2025-08-14,income_statement,income_statement,InvestmentIncomeInvestmentExpense,InvestmentIncomeInvestmentExpense,34776000,c-1,,,,,,False,InvestmentIncomeInvestmentExpense,
MSIF,2025-08-14,income_statement,income_statement,InvestmentIncomeInvestmentExpense,InvestmentIncomeInvestmentExpense,43456000,c-29,,,,,,False,InvestmentIncomeInvestmentExpense,
MSIF,2025-08-14,income_statement,income_statement,InvestmentCompanyExpenseAfterReductionOfFeeWaiverAndReimbursement,InvestmentCompanyExpenseAfterReductionOfFeeWaiverAndReimbursement,18337000,c-27,,,,,,False,InvestmentCompanyExpenseAfterReductionOfFeeWaiverAndReimbursement,
MSIF,2025-08-14,income_statement,income_statement,InvestmentCompanyExpenseAfterReductionOfFeeWaiverAndReimbursement,InvestmentCompanyExpenseAfterReductionOfFeeWaiverAndReimbursement,19581000,c-28,,,,,,False,InvestmentCompanyExpenseAfterReductionOfFeeWaiverAndReimbursement,
MSIF,2025-08-14,income_statement,income_statement,InvestmentCompanyExpenseAfterReductionOfFeeWaiverAndReimbursement,InvestmentCompanyExpenseAfterReductionOfFeeWaiverAndReimbursement,34776000,c-1,,,,,,False,InvestmentCompanyExpenseAfterReductionOfFeeWaiverAndReimbursement,
MSIF,2025-08-14,income_statement,income_statement,InvestmentCompanyExpenseAfterReductionOfFeeWaiverAndReimbursement,InvestmentCompanyExpenseAfterReductionOfFeeWaiverAndReimbursement,38984000,c-29,,,,,,False,InvestmentCompanyExpenseAfterReductionOfFeeWaiverAndReimbursement,
MSIF,2025-08-14,income_statement,income_statement,NetInvestmentIncome,NetInvestmentIncome,17306000,c-27,,,,,,False,NetInvestmentIncome,
MSIF,2025-08-14,income_statement,income_statement,NetInvestmentIncome,NetInvestmentIncome,14365000,c-28,,,,,,False,NetInvestmentIncome,
MSIF,2025-08-14,income_statement,income_statement,NetInvestmentIncome,NetInvestmentIncome,34094000,c-1,,,,,,False,NetInvestmentIncome,
MSIF,2025-08-14,income_statement,income_statement,NetInvestmentIncome,NetInvestmentIncome,28911000,c-29,,,,,,False,NetInvestmentIncome,
MSIF,2025-08-14,income_statement,income_statement,InvestmentCompanyExciseTaxExpense,InvestmentCompanyExciseTaxExpense,87000,c-27,,,,,,False,InvestmentCompanyExciseTaxExpense,
MSIF,2025-08-14,income_statement,income_statement,InvestmentCompanyExciseTaxExpense,InvestmentCompanyExciseTaxExpense,4000,c-28,,,,,,False,InvestmentCompanyExciseTaxExpense,
MSIF,2025-08-14,income_statement,income_statement,InvestmentCompanyExciseTaxExpense,InvestmentCompanyExciseTaxExpense,279000,c-1,,,,,,False,InvestmentCompanyExciseTaxExpense,
MSIF,2025-08-14,income_statement,income_statement,InvestmentCompanyExciseTaxExpense,InvestmentCompanyExciseTaxExpense,80000,c-29,,,,,,False,InvestmentCompanyExciseTaxExpense,
MSIF,2025-08-14,income_statement,income_statement,InvestmentCompanyFederalAndStateIncomeAndOtherTaxExpense,InvestmentCompanyFederalAndStateIncomeAndOtherTaxExpense,912000,c-27,,,,,,False,InvestmentCompanyFederalAndStateIncomeAndOtherTaxExpense,
MSIF,2025-08-14,income_statement,income_statement,InvestmentCompanyFederalAndStateIncomeAndOtherTaxExpense,InvestmentCompanyFederalAndStateIncomeAndOtherTaxExpense,942000,c-28,,,,,,False,InvestmentCompanyFederalAndStateIncomeAndOtherTaxExpense,
MSIF,2025-08-14,income_statement,income_statement,InvestmentCompanyFederalAndStateIncomeAndOtherTaxExpense,InvestmentCompanyFederalAndStateIncomeAndOtherTaxExpense,1761000,c-1,,,,,,False,InvestmentCompanyFederalAndStateIncomeAndOtherTaxExpense,
MSIF,2025-08-14,income_statement,income_statement,InvestmentCompanyFederalAndStateIncomeAndOtherTaxExpense,InvestmentCompanyFederalAndStateIncomeAndOtherTaxExpense,1425000,c-29,,,,,,False,InvestmentCompanyFederalAndStateIncomeAndOtherTaxExpense,
MSIF,2025-08-14,income_statement,income_statement,InvestmentIncomeOperatingAfterExpenseAndTax,InvestmentIncomeOperatingAfterExpenseAndTax,16307000,c-27,,,,,,False,InvestmentIncomeOperatingAfterExpenseAndTax,
MSIF,2025-08-14,income_statement,income_statement,InvestmentIncomeOperatingAfterExpenseAndTax,InvestmentIncomeOperatingAfterExpenseAndTax,13419000,c-28,,,,,,False,InvestmentIncomeOperatingAfterExpenseAndTax,
MSIF,2025-08-14,income_statement,income_statement,InvestmentIncomeOperatingAfterExpenseAndTax,InvestmentIncomeOperatingAfterExpenseAndTax,32054000,c-1,,,,,,False,InvestmentIncomeOperatingAfterExpenseAndTax,
MSIF,2025-08-14,income_statement,income_statement,InvestmentIncomeOperatingAfterExpenseAndTax,InvestmentIncomeOperatingAfterExpenseAndTax,27406000,c-29,,,,,,False,InvestmentIncomeOperatingAfterExpenseAndTax,
MSIF,2025-08-14,income_statement,income_statement,RealizedGainLossInvestmentAndDerivativeOperatingTaxExpenseBenefit,RealizedGainLossInvestmentAndDerivativeOperatingTaxExpenseBenefit,893000,c-27,,,,,,False,RealizedGainLossInvestmentAndDerivativeOperatingTaxExpenseBenefit,
MSIF,2025-08-14,income_statement,income_statement,RealizedGainLossInvestmentAndDerivativeOperatingTaxExpenseBenefit,RealizedGainLossInvestmentAndDerivativeOperatingTaxExpenseBenefit,1830000,c-28,,,,,,False,RealizedGainLossInvestmentAndDerivativeOperatingTaxExpenseBenefit,
MSIF,2025-08-14,income_statement,income_statement,RealizedGainLossInvestmentAndDerivativeOperatingTaxExpenseBenefit,RealizedGainLossInvestmentAndDerivativeOperatingTaxExpenseBenefit,-1518000,c-1,,,,,,False,RealizedGainLossInvestmentAndDerivativeOperatingTaxExpenseBenefit,
MSIF,2025-08-14,income_statement,income_statement,RealizedGainLossInvestmentAndDerivativeOperatingTaxExpenseBenefit,RealizedGainLossInvestmentAndDerivativeOperatingTaxExpenseBenefit,2212000,c-29,,,,,,False,RealizedGainLossInvestmentAndDerivativeOperatingTaxExpenseBenefit,
MSIF,2025-08-14,income_statement,income_statement,NetIncomeLoss,NetIncomeLoss,16289000,c-27,,,,,,False,NetIncomeLoss,
MSIF,2025-08-14,income_statement,income_statement,NetIncomeLoss,NetIncomeLoss,18129000,c-28,,,,,,False,NetIncomeLoss,
MSIF,2025-08-14,income_statement,income_statement,NetIncomeLoss,NetIncomeLoss,32164000,c-1,,,,,,False,NetIncomeLoss,
MSIF,2025-08-14,income_statement,income_statement,NetIncomeLoss,NetIncomeLoss,28717000,c-29,,,,,,False,NetIncomeLoss,
MSIF,2025-08-14,income_statement,income_statement,InvestmentCompanyInvestmentIncomeLossFromOperationsPerSharePerDilutedShare,InvestmentCompanyInvestmentIncomeLossFromOperationsPerSharePerDilutedShare,0.35,c-27,,,,,,False,InvestmentCompanyInvestmentIncomeLossFromOperationsPerSharePerDilutedShare,
MSIF,2025-08-14,income_statement,income_statement,InvestmentCompanyInvestmentIncomeLossFromOperationsPerSharePerBasicShare,InvestmentCompanyInvestmentIncomeLossFromOperationsPerSharePerBasicShare,0.35,c-27,,,,,,False,InvestmentCompanyInvestmentIncomeLossFromOperationsPerSharePerBasicShare,
MSIF,2025-08-14,income_statement,income_statement,InvestmentCompanyInvestmentIncomeLossFromOperationsPerSharePerBasicShare,InvestmentCompanyInvestmentIncomeLossFromOperationsPerSharePerBasicShare,0.45,c-28,,,,,,False,InvestmentCompanyInvestmentIncomeLossFromOperationsPerSharePerBasicShare,
MSIF,2025-08-14,income_statement,income_statement,InvestmentCompanyInvestmentIncomeLossFromOperationsPerSharePerDilutedShare,InvestmentCompanyInvestmentIncomeLossFromOperationsPerSharePerDilutedShare,0.45,c-28,,,,,,False,InvestmentCompanyInvestmentIncomeLossFromOperationsPerSharePerDilutedShare,
MSIF,2025-08-14,income_statement,income_statement,InvestmentCompanyInvestmentIncomeLossFromOperationsPerSharePerBasicShare,InvestmentCompanyInvestmentIncomeLossFromOperationsPerSharePerBasicShare,0.70,c-1,,,,,,False,InvestmentCompanyInvestmentIncomeLossFromOperationsPerSharePerBasicShare,
MSIF,2025-08-14,income_statement,income_statement,InvestmentCompanyInvestmentIncomeLossFromOperationsPerSharePerDilutedShare,InvestmentCompanyInvestmentIncomeLossFromOperationsPerSharePerDilutedShare,0.70,c-1,,,,,,False,InvestmentCompanyInvestmentIncomeLossFromOperationsPerSharePerDilutedShare,
MSIF,2025-08-14,income_statement,income_statement,InvestmentCompanyInvestmentIncomeLossFromOperationsPerSharePerBasicShare,InvestmentCompanyInvestmentIncomeLossFromOperationsPerSharePerBasicShare,0.72,c-29,,,,,,False,InvestmentCompanyInvestmentIncomeLossFromOperationsPerSharePerBasicShare,
MSIF,2025-08-14,income_statement,income_statement,InvestmentCompanyInvestmentIncomeLossFromOperationsPerSharePerDilutedShare,InvestmentCompanyInvestmentIncomeLossFromOperationsPerSharePerDilutedShare,0.72,c-29,,,,,,False,InvestmentCompanyInvestmentIncomeLossFromOperationsPerSharePerDilutedShare,
MSIF,2025-08-14,income_statement,income_statement,NetIncomeLoss,NetIncomeLoss,10589000,c-38,,,,,,False,NetIncomeLoss,
MSIF,2025-08-14,income_statement,income_statement,NetIncomeLoss,NetIncomeLoss,10589000,c-37,,,,,,False,NetIncomeLoss,
MSIF,2025-08-14,income_statement,income_statement,NetIncomeLoss,NetIncomeLoss,18129000,c-45,,,,,,False,NetIncomeLoss,
MSIF,2025-08-14,income_statement,income_statement,NetIncomeLoss,NetIncomeLoss,15875000,c-56,,,,,,False,NetIncomeLoss,
MSIF,2025-08-14,income_statement,income_statement,NetIncomeLoss,NetIncomeLoss,15875000,c-55,,,,,,False,NetIncomeLoss,
MSIF,2025-08-14,income_statement,income_statement,NetIncomeLoss,NetIncomeLoss,16289000,c-63,,,,,,False,NetIncomeLoss,
MSIF,2025-08-14,income_statement,income_statement,AccretionOfUnearnedIncome,AccretionOfUnearnedIncome,3672000,c-1,,,,,,False,AccretionOfUnearnedIncome,
MSIF,2025-08-14,income_statement,income_statement,AccretionOfUnearnedIncome,AccretionOfUnearnedIncome,3908000,c-29,,,,,,False,AccretionOfUnearnedIncome,
MSIF,2025-08-14,income_statement,income_statement,DeferredIncomeTaxExpenseBenefit,DeferredIncomeTaxExpenseBenefit,-217000,c-1,,,,,,False,DeferredIncomeTaxExpenseBenefit,
MSIF,2025-08-14,income_statement,income_statement,DeferredIncomeTaxExpenseBenefit,DeferredIncomeTaxExpenseBenefit,2840000,c-29,,,,,,False,DeferredIncomeTaxExpenseBenefit,
MSIF,2025-08-14,income_statement,income_statement,IncreaseDecreaseInInterestAndDividendReceivable,IncreaseDecreaseInInterestAndDividendReceivable,1205000,c-1,,,,,,False,IncreaseDecreaseInInterestAndDividendReceivable,
MSIF,2025-08-14,income_statement,income_statement,IncreaseDecreaseInInterestAndDividendReceivable,IncreaseDecreaseInInterestAndDividendReceivable,4000,c-29,,,,,,False,IncreaseDecreaseInInterestAndDividendReceivable,
MSIF,2025-08-14,income_statement,income_statement,IncomeTaxesPaid,IncomeTaxesPaid,5292000,c-1,,,,,,False,IncomeTaxesPaid,
MSIF,2025-08-14,income_statement,income_statement,IncomeTaxesPaid,IncomeTaxesPaid,438000,c-29,,,,,,False,IncomeTaxesPaid,
MSIF,2025-08-14,income_statement,income_statement,NetInvestmentIncome,NetInvestmentIncome,14546000,c-1239,,,,,,False,NetInvestmentIncome,
MSIF,2025-08-14,income_statement,income_statement,NetInvestmentIncome,NetInvestmentIncome,0,c-1240,,,,,,False,NetInvestmentIncome,
MSIF,2025-08-14,income_statement,income_statement,NetInvestmentIncome,NetInvestmentIncome,14546000,c-37,,,,,,False,NetInvestmentIncome,
MSIF,2025-08-14,income_statement,income_statement,InvestmentCompanyExciseTaxExpense,InvestmentCompanyExciseTaxExpense,0,c-1239,,,,,,False,InvestmentCompanyExciseTaxExpense,
MSIF,2025-08-14,income_statement,income_statement,InvestmentCompanyExciseTaxExpense,InvestmentCompanyExciseTaxExpense,76000,c-1240,,,,,,False,InvestmentCompanyExciseTaxExpense,
MSIF,2025-08-14,income_statement,income_statement,InvestmentCompanyExciseTaxExpense,InvestmentCompanyExciseTaxExpense,76000,c-37,,,,,,False,InvestmentCompanyExciseTaxExpense,
MSIF,2025-08-14,income_statement,income_statement,InvestmentCompanyFederalAndStateIncomeAndOtherTaxExpense,InvestmentCompanyFederalAndStateIncomeAndOtherTaxExpense,0,c-1239,,,,,,False,InvestmentCompanyFederalAndStateIncomeAndOtherTaxExpense,
MSIF,2025-08-14,income_statement,income_statement,InvestmentCompanyFederalAndStateIncomeAndOtherTaxExpense,InvestmentCompanyFederalAndStateIncomeAndOtherTaxExpense,482000,c-1240,,,,,,False,InvestmentCompanyFederalAndStateIncomeAndOtherTaxExpense,
MSIF,2025-08-14,income_statement,income_statement,InvestmentCompanyFederalAndStateIncomeAndOtherTaxExpense,InvestmentCompanyFederalAndStateIncomeAndOtherTaxExpense,482000,c-37,,,,,,False,InvestmentCompanyFederalAndStateIncomeAndOtherTaxExpense,
MSIF,2025-08-14,income_statement,income_statement,InvestmentIncomeOperatingAfterExpenseAndTax,InvestmentIncomeOperatingAfterExpenseAndTax,14546000,c-1239,,,,,,False,InvestmentIncomeOperatingAfterExpenseAndTax,
MSIF,2025-08-14,income_statement,income_statement,InvestmentIncomeOperatingAfterExpenseAndTax,InvestmentIncomeOperatingAfterExpenseAndTax,-558000,c-1240,,,,,,False,InvestmentIncomeOperatingAfterExpenseAndTax,
MSIF,2025-08-14,income_statement,income_statement,InvestmentIncomeOperatingAfterExpenseAndTax,InvestmentIncomeOperatingAfterExpenseAndTax,13988000,c-37,,,,,,False,InvestmentIncomeOperatingAfterExpenseAndTax,
MSIF,2025-08-14,income_statement,income_statement,RealizedGainLossInvestmentAndDerivativeOperatingTaxExpenseBenefit,RealizedGainLossInvestmentAndDerivativeOperatingTaxExpenseBenefit,0,c-1239,,,,,,False,RealizedGainLossInvestmentAndDerivativeOperatingTaxExpenseBenefit,
MSIF,2025-08-14,income_statement,income_statement,RealizedGainLossInvestmentAndDerivativeOperatingTaxExpenseBenefit,RealizedGainLossInvestmentAndDerivativeOperatingTaxExpenseBenefit,382000,c-1240,,,,,,False,RealizedGainLossInvestmentAndDerivativeOperatingTaxExpenseBenefit,
MSIF,2025-08-14,income_statement,income_statement,RealizedGainLossInvestmentAndDerivativeOperatingTaxExpenseBenefit,RealizedGainLossInvestmentAndDerivativeOperatingTaxExpenseBenefit,382000,c-37,,,,,,False,RealizedGainLossInvestmentAndDerivativeOperatingTaxExpenseBenefit,
MSIF,2025-08-14,income_statement,income_statement,IncomeTaxExpenseBenefit,IncomeTaxExpenseBenefit,-940000,c-1239,,,,,,False,IncomeTaxExpenseBenefit,
MSIF,2025-08-14,income_statement,income_statement,IncomeTaxExpenseBenefit,IncomeTaxExpenseBenefit,940000,c-1240,,,,,,False,IncomeTaxExpenseBenefit,
MSIF,2025-08-14,income_statement,income_statement,IncomeTaxExpenseBenefit,IncomeTaxExpenseBenefit,0,c-37,,,,,,False,IncomeTaxExpenseBenefit,
MSIF,2025-08-14,income_statement,income_statement,NetInvestmentIncome,NetInvestmentIncome,14365000,c-1241,,,,,,False,NetInvestmentIncome,
MSIF,2025-08-14,income_statement,income_statement,NetInvestmentIncome,NetInvestmentIncome,0,c-1242,,,,,,False,NetInvestmentIncome,
MSIF,2025-08-14,income_statement,income_statement,InvestmentCompanyExciseTaxExpense,InvestmentCompanyExciseTaxExpense,0,c-1241,,,,,,False,InvestmentCompanyExciseTaxExpense,
MSIF,2025-08-14,income_statement,income_statement,InvestmentCompanyExciseTaxExpense,InvestmentCompanyExciseTaxExpense,4000,c-1242,,,,,,False,InvestmentCompanyExciseTaxExpense,
MSIF,2025-08-14,income_statement,income_statement,InvestmentCompanyFederalAndStateIncomeAndOtherTaxExpense,InvestmentCompanyFederalAndStateIncomeAndOtherTaxExpense,0,c-1241,,,,,,False,InvestmentCompanyFederalAndStateIncomeAndOtherTaxExpense,
MSIF,2025-08-14,income_statement,income_statement,InvestmentCompanyFederalAndStateIncomeAndOtherTaxExpense,InvestmentCompanyFederalAndStateIncomeAndOtherTaxExpense,942000,c-1242,,,,,,False,InvestmentCompanyFederalAndStateIncomeAndOtherTaxExpense,
MSIF,2025-08-14,income_statement,income_statement,InvestmentIncomeOperatingAfterExpenseAndTax,InvestmentIncomeOperatingAfterExpenseAndTax,14365000,c-1241,,,,,,False,InvestmentIncomeOperatingAfterExpenseAndTax,
MSIF,2025-08-14,income_statement,income_statement,InvestmentIncomeOperatingAfterExpenseAndTax,InvestmentIncomeOperatingAfterExpenseAndTax,-946000,c-1242,,,,,,False,InvestmentIncomeOperatingAfterExpenseAndTax,
MSIF,2025-08-14,income_statement,income_statement,RealizedGainLossInvestmentAndDerivativeOperatingTaxExpenseBenefit,RealizedGainLossInvestmentAndDerivativeOperatingTaxExpenseBenefit,0,c-1241,,,,,,False,RealizedGainLossInvestmentAndDerivativeOperatingTaxExpenseBenefit,
MSIF,2025-08-14,income_statement,income_statement,RealizedGainLossInvestmentAndDerivativeOperatingTaxExpenseBenefit,RealizedGainLossInvestmentAndDerivativeOperatingTaxExpenseBenefit,1830000,c-1242,,,,,,False,RealizedGainLossInvestmentAndDerivativeOperatingTaxExpenseBenefit,
MSIF,2025-08-14,income_statement,income_statement,IncomeTaxExpenseBenefit,IncomeTaxExpenseBenefit,-2776000,c-1241,,,,,,False,IncomeTaxExpenseBenefit,
MSIF,2025-08-14,income_statement,income_statement,IncomeTaxExpenseBenefit,IncomeTaxExpenseBenefit,2776000,c-1242,,,,,,False,IncomeTaxExpenseBenefit,
MSIF,2025-08-14,income_statement,income_statement,IncomeTaxExpenseBenefit,IncomeTaxExpenseBenefit,0,c-28,,,,,,False,IncomeTaxExpenseBenefit,
MSIF,2025-08-14,income_statement,income_statement,NetInvestmentIncome,NetInvestmentIncome,16788000,c-1243,,,,,,False,NetInvestmentIncome,
MSIF,2025-08-14,income_statement,income_statement,NetInvestmentIncome,NetInvestmentIncome,0,c-1244,,,,,,False,NetInvestmentIncome,
MSIF,2025-08-14,income_statement,income_statement,NetInvestmentIncome,NetInvestmentIncome,16788000,c-55,,,,,,False,NetInvestmentIncome,
MSIF,2025-08-14,income_statement,income_statement,InvestmentCompanyExciseTaxExpense,InvestmentCompanyExciseTaxExpense,0,c-1243,,,,,,False,InvestmentCompanyExciseTaxExpense,
MSIF,2025-08-14,income_statement,income_statement,InvestmentCompanyExciseTaxExpense,InvestmentCompanyExciseTaxExpense,192000,c-1244,,,,,,False,InvestmentCompanyExciseTaxExpense,
MSIF,2025-08-14,income_statement,income_statement,InvestmentCompanyExciseTaxExpense,InvestmentCompanyExciseTaxExpense,192000,c-55,,,,,,False,InvestmentCompanyExciseTaxExpense,
MSIF,2025-08-14,income_statement,income_statement,InvestmentCompanyFederalAndStateIncomeAndOtherTaxExpense,InvestmentCompanyFederalAndStateIncomeAndOtherTaxExpense,0,c-1243,,,,,,False,InvestmentCompanyFederalAndStateIncomeAndOtherTaxExpense,
MSIF,2025-08-14,income_statement,income_statement,InvestmentCompanyFederalAndStateIncomeAndOtherTaxExpense,InvestmentCompanyFederalAndStateIncomeAndOtherTaxExpense,850000,c-1244,,,,,,False,InvestmentCompanyFederalAndStateIncomeAndOtherTaxExpense,
MSIF,2025-08-14,income_statement,income_statement,InvestmentCompanyFederalAndStateIncomeAndOtherTaxExpense,InvestmentCompanyFederalAndStateIncomeAndOtherTaxExpense,850000,c-55,,,,,,False,InvestmentCompanyFederalAndStateIncomeAndOtherTaxExpense,
MSIF,2025-08-14,income_statement,income_statement,InvestmentIncomeOperatingAfterExpenseAndTax,InvestmentIncomeOperatingAfterExpenseAndTax,16788000,c-1243,,,,,,False,InvestmentIncomeOperatingAfterExpenseAndTax,
MSIF,2025-08-14,income_statement,income_statement,InvestmentIncomeOperatingAfterExpenseAndTax,InvestmentIncomeOperatingAfterExpenseAndTax,-1042000,c-1244,,,,,,False,InvestmentIncomeOperatingAfterExpenseAndTax,
MSIF,2025-08-14,income_statement,income_statement,InvestmentIncomeOperatingAfterExpenseAndTax,InvestmentIncomeOperatingAfterExpenseAndTax,15746000,c-55,,,,,,False,InvestmentIncomeOperatingAfterExpenseAndTax,
MSIF,2025-08-14,income_statement,income_statement,RealizedGainLossInvestmentAndDerivativeOperatingTaxExpenseBenefit,RealizedGainLossInvestmentAndDerivativeOperatingTaxExpenseBenefit,0,c-1243,,,,,,False,RealizedGainLossInvestmentAndDerivativeOperatingTaxExpenseBenefit,
MSIF,2025-08-14,income_statement,income_statement,RealizedGainLossInvestmentAndDerivativeOperatingTaxExpenseBenefit,RealizedGainLossInvestmentAndDerivativeOperatingTaxExpenseBenefit,-2412000,c-1244,,,,,,False,RealizedGainLossInvestmentAndDerivativeOperatingTaxExpenseBenefit,
MSIF,2025-08-14,income_statement,income_statement,RealizedGainLossInvestmentAndDerivativeOperatingTaxExpenseBenefit,RealizedGainLossInvestmentAndDerivativeOperatingTaxExpenseBenefit,-2412000,c-55,,,,,,False,RealizedGainLossInvestmentAndDerivativeOperatingTaxExpenseBenefit,
MSIF,2025-08-14,income_statement,income_statement,IncomeTaxExpenseBenefit,IncomeTaxExpenseBenefit,1370000,c-1243,,,,,,False,IncomeTaxExpenseBenefit,
MSIF,2025-08-14,income_statement,income_statement,IncomeTaxExpenseBenefit,IncomeTaxExpenseBenefit,-1370000,c-1244,,,,,,False,IncomeTaxExpenseBenefit,
MSIF,2025-08-14,income_statement,income_statement,IncomeTaxExpenseBenefit,IncomeTaxExpenseBenefit,0,c-55,,,,,,False,IncomeTaxExpenseBenefit,
MSIF,2025-08-14,income_statement,income_statement,RevenueRecognitionInterest,RevenueRecognitionInterest,"<span style=""color:#000000;font-family:'Times New Roman',serif;font-size:10pt;font-weight:700;line-height:120%;padding-left:28.5pt"">Interest, Dividend and Fee Income</span><div style=""margin-bottom:10pt;text-indent:36pt""><span style=""color:#000000;font-family:'Times New Roman',serif;font-size:10pt;font-weight:400;line-height:120%"">MSC Income records interest and dividend income on the accrual basis to the extent amounts are expected to be collected. Dividend income is recorded when dividends are declared by the portfolio company or at such other time that an obligation exists for the portfolio company to make a distribution. MSC Income evaluates accrued interest and dividend income periodically for collectability. When a loan or debt security becomes 90 days or more past due, and if MSC Income otherwise does not expect the debtor to be able to service its debt obligation, MSC Income will generally place the loan or debt security on non-accrual status and cease recognizing interest income on that loan or debt security until the borrower has demonstrated the ability and intent to pay contractual amounts due. If a loan or debt security’s status significantly improves regarding the debtor’s ability to service the debt obligation, or if a loan or debt security is sold or written off, MSC Income removes it from non-accrual status.</span></div>",c-1,,,,,,False,RevenueRecognitionInterest,
MSIF,2025-08-14,income_statement,income_statement,RevenueRecognitionDividends,RevenueRecognitionDividends,"<span style=""color:#000000;font-family:'Times New Roman',serif;font-size:10pt;font-weight:400;line-height:120%"">MSC Income holds certain debt and preferred equity instruments in its Investment Portfolio that contain PIK interest and cumulative dividend provisions. The PIK interest, computed at the contractual rate specified in each debt agreement, is periodically added to the principal balance of the debt and is recorded as interest income. Thus, the actual collection of this interest may be deferred until the time of debt principal repayment. Cumulative dividends are recorded as dividend income, and any dividends in arrears are added to the balance of the preferred equity investment. The actual collection of these dividends in arrears may be deferred until such time as the preferred equity is redeemed or sold. To maintain RIC tax treatment (as discussed in </span><span style=""color:#000000;font-family:'Times New Roman',serif;font-size:10pt;font-style:italic;font-weight:400;line-height:120%"">Note B.8. — Summary of Significant Accounting Policies — Income Taxes</span> below), these non-cash sources of income may need to be paid out to stockholders in the form of distributions, even though MSC Income may not have collected the PIK interest and cumulative dividends in cash. MSC Income stops accruing PIK interest and cumulative dividends and writes off any accrued and uncollected interest and dividends in arrears when it determines that such PIK interest and dividends in arrears are no longer collectible.",c-1,,,,,,False,RevenueRecognitionDividends,
MSIF,2025-08-14,income_statement,income_statement,InvestmentIncomeTextBlock,InvestmentIncomeTextBlock,"<div style=""margin-bottom:10pt;text-indent:36pt""><span style=""color:#000000;font-family:'Times New Roman',serif;font-size:10pt;font-weight:400;line-height:120%"">A presentation of total investment income MSC Income earned from its Investment Portfolio in each of the periods presented is as follows:</span></div><div style=""margin-bottom:10pt""><table style=""border-collapse:collapse;display:inline-table;margin-bottom:5pt;vertical-align:text-bottom;width:100.000%""><tr><td style=""width:1.0%""></td><td style=""width:44.960%""></td><td style=""width:0.1%""></td><td style=""width:1.0%""></td><td style=""width:11.930%""></td><td style=""width:0.1%""></td><td style=""width:0.1%""></td><td style=""width:0.406%""></td><td style=""width:0.1%""></td><td style=""width:1.0%""></td><td style=""width:11.930%""></td><td style=""width:0.1%""></td><td style=""width:0.1%""></td><td style=""width:0.406%""></td><td style=""width:0.1%""></td><td style=""width:1.0%""></td><td style=""width:11.930%""></td><td style=""width:0.1%""></td><td style=""width:0.1%""></td><td style=""width:0.406%""></td><td style=""width:0.1%""></td><td style=""width:1.0%""></td><td style=""width:11.932%""></td><td style=""width:0.1%""></td></tr><tr><td colspan=""3"" style=""padding:0 1pt""></td><td colspan=""9"" style=""padding:2px 1pt;text-align:center;vertical-align:bottom""><span style=""color:#000000;font-family:'Times New Roman',serif;font-size:8pt;font-weight:700;line-height:100%"">Three Months Ended<br/>June 30,</span></td><td colspan=""3"" style=""padding:0 1pt""></td><td colspan=""9"" style=""padding:2px 1pt;text-align:center;vertical-align:bottom""><span style=""color:#000000;font-family:'Times New Roman',serif;font-size:8pt;font-weight:700;line-height:100%"">Six Months Ended<br/>June 30,</span></td></tr><tr><td colspan=""3"" style=""padding:0 1pt""></td><td colspan=""3"" style=""border-top:1pt solid #000;padding:2px 1pt;text-align:center;vertical-align:bottom""><span style=""color:#000000;font-family:'Times New Roman',serif;font-size:8pt;font-weight:700;line-height:100%"">2025</span></td><td colspan=""3"" style=""border-top:1pt solid #000;padding:0 1pt""></td><td colspan=""3"" style=""border-bottom:1pt solid #000;border-top:1pt solid #000;padding:2px 1pt;text-align:center;vertical-align:bottom""><span style=""color:#000000;font-family:'Times New Roman',serif;font-size:8pt;font-weight:700;line-height:100%"">2024</span></td><td colspan=""3"" style=""padding:0 1pt""></td><td colspan=""3"" style=""border-bottom:1pt solid #000;border-top:1pt solid #000;padding:2px 1pt;text-align:center;vertical-align:bottom""><span style=""color:#000000;font-family:'Times New Roman',serif;font-size:8pt;font-weight:700;line-height:100%"">2025</span></td><td colspan=""3"" style=""border-top:1pt solid #000;padding:0 1pt""></td><td colspan=""3"" style=""border-bottom:1pt solid #000;border-top:1pt solid #000;padding:2px 1pt;text-align:center;vertical-align:bottom""><span style=""color:#000000;font-family:'Times New Roman',serif;font-size:8pt;font-weight:700;line-height:100%"">2024</span></td></tr><tr><td colspan=""3"" style=""padding:0 1pt""></td><td colspan=""21"" style=""border-top:1pt solid #000;padding:2px 1pt;text-align:center;vertical-align:bottom""><span style=""color:#000000;font-family:'Times New Roman',serif;font-size:8pt;font-weight:700;line-height:100%"">(dollars in thousands)</span></td></tr><tr><td colspan=""3"" style=""background-color:#cceeff;padding:2px 1pt;text-align:left;vertical-align:bottom""><span style=""color:#000000;font-family:'Times New Roman',serif;font-size:10pt;font-weight:400;line-height:100%"">Interest, fee and dividend income:</span></td><td colspan=""3"" style=""background-color:#cceeff;padding:0 1pt""></td><td colspan=""3"" style=""background-color:#cceeff;padding:0 1pt""></td><td colspan=""3"" style=""background-color:#cceeff;padding:0 1pt""></td><td colspan=""3"" style=""background-color:#cceeff;padding:0 1pt""></td><td colspan=""3"" style=""background-color:#cceeff;padding:0 1pt""></td><td colspan=""3"" style=""background-color:#cceeff;padding:0 1pt""></td><td colspan=""3"" style=""background-color:#cceeff;padding:0 1pt""></td></tr><tr><td colspan=""3"" style=""background-color:#ffffff;padding:2px 1pt 2px 10pt;text-align:left;vertical-align:bottom""><span style=""color:#000000;font-family:'Times New Roman',serif;font-size:10pt;font-weight:400;line-height:100%"">Interest income</span></td><td style=""background-color:#ffffff;padding:2px 0 2px 1pt;text-align:left;vertical-align:bottom""><span style=""color:#000000;font-family:'Times New Roman',serif;font-size:10pt;font-weight:400;line-height:100%"">$</span></td><td style=""background-color:#ffffff;padding:2px 0;text-align:right;vertical-align:bottom""><span style=""color:#000000;font-family:'Times New Roman',serif;font-size:10pt;font-weight:400;line-height:100%"">29,349 </span></td><td style=""background-color:#ffffff;padding:2px 1pt 2px 0;text-align:right;vertical-align:bottom""></td><td colspan=""3"" style=""background-color:#ffffff;padding:0 1pt""></td><td style=""background-color:#ffffff;padding:2px 0 2px 1pt;text-align:left;vertical-align:bottom""><span style=""color:#000000;font-family:'Times New Roman',serif;font-size:10pt;font-weight:400;line-height:100%"">$</span></td><td style=""background-color:#ffffff;padding:2px 0;text-align:right;vertical-align:bottom""><span style=""color:#000000;font-family:'Times New Roman',serif;font-size:10pt;font-weight:400;line-height:100%"">28,859 </span></td><td style=""background-color:#ffffff;padding:2px 1pt 2px 0;text-align:right;vertical-align:bottom""></td><td colspan=""3"" style=""background-color:#ffffff;padding:0 1pt""></td><td style=""background-color:#ffffff;padding:2px 0 2px 1pt;text-align:left;vertical-align:bottom""><span style=""color:#000000;font-family:'Times New Roman',serif;font-size:10pt;font-weight:400;line-height:100%"">$</span></td><td style=""background-color:#ffffff;padding:2px 0;text-align:right;vertical-align:bottom""><span style=""color:#000000;font-family:'Times New Roman',serif;font-size:10pt;font-weight:400;line-height:100%"">56,773 </span></td><td style=""background-color:#ffffff;padding:2px 1pt 2px 0;text-align:right;vertical-align:bottom""></td><td colspan=""3"" style=""background-color:#ffffff;padding:0 1pt""></td><td style=""background-color:#ffffff;padding:2px 0 2px 1pt;text-align:left;vertical-align:bottom""><span style=""color:#000000;font-family:'Times New Roman',serif;font-size:10pt;font-weight:400;line-height:100%"">$</span></td><td style=""background-color:#ffffff;padding:2px 0;text-align:right;vertical-align:bottom""><span style=""color:#000000;font-family:'Times New Roman',serif;font-size:10pt;font-weight:400;line-height:100%"">57,918 </span></td><td style=""background-color:#ffffff;padding:2px 1pt 2px 0;text-align:right;vertical-align:bottom""></td></tr><tr><td colspan=""3"" style=""background-color:#cceeff;padding:2px 1pt 2px 10pt;text-align:left;vertical-align:bottom""><span style=""color:#000000;font-family:'Times New Roman',serif;font-size:10pt;font-weight:400;line-height:100%"">Dividend income</span></td><td colspan=""2"" style=""background-color:#cceeff;padding:2px 0 2px 1pt;text-align:right;vertical-align:bottom""><span style=""color:#000000;font-family:'Times New Roman',serif;font-size:10pt;font-weight:400;line-height:100%"">4,956 </span></td><td style=""background-color:#cceeff;padding:2px 1pt 2px 0;text-align:right;vertical-align:bottom""></td><td colspan=""3"" style=""background-color:#cceeff;padding:0 1pt""></td><td colspan=""2"" style=""background-color:#cceeff;padding:2px 0 2px 1pt;text-align:right;vertical-align:bottom""><span style=""color:#000000;font-family:'Times New Roman',serif;font-size:10pt;font-weight:400;line-height:100%"">4,007 </span></td><td style=""background-color:#cceeff;padding:2px 1pt 2px 0;text-align:right;vertical-align:bottom""></td><td colspan=""3"" style=""background-color:#cceeff;padding:0 1pt""></td><td colspan=""2"" style=""background-color:#cceeff;padding:2px 0 2px 1pt;text-align:right;vertical-align:bottom""><span style=""color:#000000;font-family:'Times New Roman',serif;font-size:10pt;font-weight:400;line-height:100%"">10,098 </span></td><td style=""background-color:#cceeff;padding:2px 1pt 2px 0;text-align:right;vertical-align:bottom""></td><td colspan=""3"" style=""background-color:#cceeff;padding:0 1pt""></td><td colspan=""2"" style=""background-color:#cceeff;padding:2px 0 2px 1pt;text-align:right;vertical-align:bottom""><span style=""color:#000000;font-family:'Times New Roman',serif;font-size:10pt;font-weight:400;line-height:100%"">6,479 </span></td><td style=""background-color:#cceeff;padding:2px 1pt 2px 0;text-align:right;vertical-align:bottom""></td></tr><tr><td colspan=""3"" style=""background-color:#ffffff;padding:2px 1pt 2px 10pt;text-align:left;vertical-align:bottom""><span style=""color:#000000;font-family:'Times New Roman',serif;font-size:10pt;font-weight:400;line-height:100%"">Fee income</span></td><td colspan=""2"" style=""background-color:#ffffff;padding:2px 0 2px 1pt;text-align:right;vertical-align:bottom""><span style=""color:#000000;font-family:'Times New Roman',serif;font-size:10pt;font-weight:400;line-height:100%"">1,338 </span></td><td style=""background-color:#ffffff;padding:2px 1pt 2px 0;text-align:right;vertical-align:bottom""></td><td colspan=""3"" style=""background-color:#ffffff;padding:0 1pt""></td><td colspan=""2"" style=""background-color:#ffffff;padding:2px 0 2px 1pt;text-align:right;vertical-align:bottom""><span style=""color:#000000;font-family:'Times New Roman',serif;font-size:10pt;font-weight:400;line-height:100%"">1,080 </span></td><td style=""background-color:#ffffff;padding:2px 1pt 2px 0;text-align:right;vertical-align:bottom""></td><td colspan=""3"" style=""background-color:#ffffff;padding:0 1pt""></td><td colspan=""2"" style=""background-color:#ffffff;padding:2px 0 2px 1pt;text-align:right;vertical-align:bottom""><span style=""color:#000000;font-family:'Times New Roman',serif;font-size:10pt;font-weight:400;line-height:100%"">1,999 </span></td><td style=""background-color:#ffffff;padding:2px 1pt 2px 0;text-align:right;vertical-align:bottom""></td><td colspan=""3"" style=""background-color:#ffffff;padding:0 1pt""></td><td colspan=""2"" style=""background-color:#ffffff;padding:2px 0 2px 1pt;text-align:right;vertical-align:bottom""><span style=""color:#000000;font-family:'Times New Roman',serif;font-size:10pt;font-weight:400;line-height:100%"">3,498 </span></td><td style=""background-color:#ffffff;padding:2px 1pt 2px 0;text-align:right;vertical-align:bottom""></td></tr><tr><td colspan=""3"" style=""background-color:#cceeff;padding:2px 1pt;text-align:left;vertical-align:bottom""><span style=""color:#000000;font-family:'Times New Roman',serif;font-size:10pt;font-weight:400;line-height:100%"">Total investment income</span></td><td style=""background-color:#cceeff;border-bottom:3pt double #000;border-top:1pt solid #000;padding:2px 0 2px 1pt;text-align:left;vertical-align:bottom""><span style=""color:#000000;font-family:'Times New Roman',serif;font-size:10pt;font-weight:400;line-height:100%"">$</span></td><td style=""background-color:#cceeff;border-bottom:3pt double #000;border-top:1pt solid #000;padding:2px 0;text-align:right;vertical-align:bottom""><span style=""color:#000000;font-family:'Times New Roman',serif;font-size:10pt;font-weight:400;line-height:100%"">35,643 </span></td><td style=""background-color:#cceeff;border-bottom:3pt double #000;border-top:1pt solid #000;padding:2px 1pt 2px 0;text-align:right;vertical-align:bottom""></td><td colspan=""3"" style=""background-color:#cceeff;padding:0 1pt""></td><td style=""background-color:#cceeff;border-bottom:3pt double #000;border-top:1pt solid #000;padding:2px 0 2px 1pt;text-align:left;vertical-align:bottom""><span style=""color:#000000;font-family:'Times New Roman',serif;font-size:10pt;font-weight:400;line-height:100%"">$</span></td><td style=""background-color:#cceeff;border-bottom:3pt double #000;border-top:1pt solid #000;padding:2px 0;text-align:right;vertical-align:bottom""><span style=""color:#000000;font-family:'Times New Roman',serif;font-size:10pt;font-weight:400;line-height:100%"">33,946 </span></td><td style=""background-color:#cceeff;border-bottom:3pt double #000;border-top:1pt solid #000;padding:2px 1pt 2px 0;text-align:right;vertical-align:bottom""></td><td colspan=""3"" style=""background-color:#cceeff;padding:0 1pt""></td><td style=""background-color:#cceeff;border-bottom:3pt double #000;border-top:1pt solid #000;padding:2px 0 2px 1pt;text-align:left;vertical-align:bottom""><span style=""color:#000000;font-family:'Times New Roman',serif;font-size:10pt;font-weight:400;line-height:100%"">$</span></td><td style=""background-color:#cceeff;border-bottom:3pt double #000;border-top:1pt solid #000;padding:2px 0;text-align:right;vertical-align:bottom""><span style=""color:#000000;font-family:'Times New Roman',serif;font-size:10pt;font-weight:400;line-height:100%"">68,870 </span></td><td style=""background-color:#cceeff;border-bottom:3pt double #000;border-top:1pt solid #000;padding:2px 1pt 2px 0;text-align:right;vertical-align:bottom""></td><td colspan=""3"" style=""background-color:#cceeff;padding:0 1pt""></td><td style=""background-color:#cceeff;border-bottom:3pt double #000;border-top:1pt solid #000;padding:2px 0 2px 1pt;text-align:left;vertical-align:bottom""><span style=""color:#000000;font-family:'Times New Roman',serif;font-size:10pt;font-weight:400;line-height:100%"">$</span></td><td style=""background-color:#cceeff;border-bottom:3pt double #000;border-top:1pt solid #000;padding:2px 0;text-align:right;vertical-align:bottom""><span style=""color:#000000;font-family:'Times New Roman',serif;font-size:10pt;font-weight:400;line-height:100%"">67,895 </span></td><td style=""background-color:#cceeff;border-bottom:3pt double #000;border-top:1pt solid #000;padding:2px 1pt 2px 0;text-align:right;vertical-align:bottom""></td></tr></table></div>",c-1,,,,,,False,InvestmentIncomeTextBlock,
MSIF,2025-08-14,income_statement,income_statement,InvestmentIncomeInterest,InvestmentIncomeInterest,29349000,c-27,,,,,,False,InvestmentIncomeInterest,
MSIF,2025-08-14,income_statement,income_statement,InvestmentIncomeInterest,InvestmentIncomeInterest,28859000,c-28,,,,,,False,InvestmentIncomeInterest,
MSIF,2025-08-14,income_statement,income_statement,InvestmentIncomeInterest,InvestmentIncomeInterest,56773000,c-1,,,,,,False,InvestmentIncomeInterest,
MSIF,2025-08-14,income_statement,income_statement,InvestmentIncomeInterest,InvestmentIncomeInterest,57918000,c-29,,,,,,False,InvestmentIncomeInterest,
MSIF,2025-08-14,income_statement,income_statement,InvestmentIncomeDividend,InvestmentIncomeDividend,4956000,c-27,,,,,,False,InvestmentIncomeDividend,
MSIF,2025-08-14,income_statement,income_statement,InvestmentIncomeDividend,InvestmentIncomeDividend,4007000,c-28,,,,,,False,InvestmentIncomeDividend,
MSIF,2025-08-14,income_statement,income_statement,InvestmentIncomeDividend,InvestmentIncomeDividend,10098000,c-1,,,,,,False,InvestmentIncomeDividend,
MSIF,2025-08-14,income_statement,income_statement,InvestmentIncomeDividend,InvestmentIncomeDividend,6479000,c-29,,,,,,False,InvestmentIncomeDividend,
MSIF,2025-08-14,income_statement,income_statement,FeeIncome,FeeIncome,1338000,c-27,,,,,,False,FeeIncome,
MSIF,2025-08-14,income_statement,income_statement,FeeIncome,FeeIncome,1080000,c-28,,,,,,False,FeeIncome,
MSIF,2025-08-14,income_statement,income_statement,FeeIncome,FeeIncome,1999000,c-1,,,,,,False,FeeIncome,
MSIF,2025-08-14,income_statement,income_statement,FeeIncome,FeeIncome,3498000,c-29,,,,,,False,FeeIncome,
MSIF,2025-08-14,income_statement,income_statement,UnearnedIncomePolicyTextBlock,UnearnedIncomePolicyTextBlock,"<span style=""color:#000000;font-family:'Times New Roman',serif;font-size:10pt;font-weight:700;line-height:120%;padding-left:28.5pt"">Unearned Income — Debt Origination Fees and Original Issue Discount and Discounts / Premiums to Par Value</span><div style=""margin-bottom:10pt;text-indent:36pt""><span style=""color:#000000;font-family:'Times New Roman',serif;font-size:10pt;font-weight:400;line-height:120%"">MSC Income capitalizes debt origination fees received in connection with financings and reflects such fees as unearned income netted against the applicable debt investments. The unearned income from the fees is accreted into income over the life of the financing.</span></div><div style=""margin-bottom:10pt;text-indent:36pt""><span style=""color:#000000;font-family:'Times New Roman',serif;font-size:10pt;font-weight:400;line-height:120%"">In connection with its portfolio debt investments, MSC Income sometimes receives nominal cost warrants or warrants with an exercise price below the fair value of the underlying equity (together, “nominal cost equity”) that are valued as part of the negotiation process with the particular portfolio company. When MSC Income receives nominal cost equity, it allocates its cost basis in its investment between its debt security and its nominal cost equity at the time of origination based on amounts negotiated with the particular portfolio company. The allocated amounts are based upon the fair value of the nominal cost equity, which is then used to determine the allocation of cost to the debt security. Any discount recorded on a debt investment resulting from this allocation is reflected as unearned income, which is netted against the applicable debt investment, and accreted into interest income over the life of the debt investment. The actual collection of this interest is deferred until the time of debt principal repayment.</span></div><div style=""margin-bottom:10pt;text-indent:36pt""><span style=""color:#000000;font-family:'Times New Roman',serif;font-size:10pt;font-weight:400;line-height:120%"">MSC Income may also purchase debt securities at a discount or at a premium to the par value of the debt security. In the case of a purchase at a discount, MSC Income records the investment at the par value of the debt security net of the discount, and the discount is accreted into interest income over the life of the debt investment. In the case of a purchase at a premium, MSC Income records the investment at the par value of the debt security plus the premium, and the premium is amortized as a reduction to interest income over the life of the debt investment.</span></div><span style=""color:#000000;font-family:'Times New Roman',serif;font-size:10pt;font-weight:400;line-height:120%"">To maintain RIC tax treatment (as discussed in </span><span style=""color:#000000;font-family:'Times New Roman',serif;font-size:10pt;font-style:italic;font-weight:400;line-height:120%"">Note B.8. — Summary of Significant Accounting Policies — Income Taxes</span> below), these non-cash sources of income may need to be paid out to stockholders in the form of distributions, even though MSC Income may not have collected the interest income. For the three months ended June 30, 2025 and 2024, 2.3% and 2.8%, respectively, of MSC Income’s total investment income was attributable to interest income from the accretion of discounts associated with debt investments, net of any premium amortization. For the six months ended June 30, 2025 and 2024, 2.3% and 2.7%, respectively, of MSC Income’s total investment income was attributable to interest income from the accretion of discounts associated with debt investments, net of any premium amortization.",c-1,,,,,,False,UnearnedIncomePolicyTextBlock,
MSIF,2025-08-14,income_statement,income_statement,IncomeTaxPolicyTextBlock,IncomeTaxPolicyTextBlock,"<span style=""color:#000000;font-family:'Times New Roman',serif;font-size:10pt;font-weight:700;line-height:120%;padding-left:28.5pt"">Income Taxes</span><div style=""margin-bottom:10pt;text-indent:36pt""><span style=""color:#000000;font-family:'Times New Roman',serif;font-size:10pt;font-weight:400;line-height:120%"">MSIF has elected to be treated for U.S. federal income tax purposes as a RIC. MSIF’s taxable income includes the taxable income generated by MSIF and certain of its subsidiaries, including the Structured Subsidiaries, which are treated as disregarded entities for tax purposes. As a RIC, MSIF generally will not pay corporate-level U.S. federal income taxes on any net ordinary taxable income or capital gains that MSIF distributes to its stockholders. MSIF must generally distribute at least 90% of its “investment company taxable income” (which is generally its net ordinary taxable income and realized net short-term capital gains in excess of realized net long-term capital losses) and 90% of its tax-exempt income to maintain its RIC status (pass-through tax treatment for amounts distributed). As part of maintaining RIC status, undistributed taxable income (subject to a 4% non-deductible U.S. federal excise tax) pertaining to a given fiscal year may be distributed up to twelve months subsequent to the end of that fiscal year, provided such dividends are declared on or prior to the later of (i) the filing of the U.S. federal income tax return for the applicable fiscal year or (ii) the fifteenth day of the ninth month following the close of the year in which such taxable income was generated.</span></div><div style=""margin-bottom:10pt;text-indent:36pt""><span style=""color:#000000;font-family:'Times New Roman',serif;font-size:10pt;font-weight:400;line-height:120%"">The Taxable Subsidiaries primarily hold certain equity investments for MSC Income. The Taxable Subsidiaries permit MSC Income to hold equity investments in portfolio companies which are “pass-through” entities for tax purposes and to continue to comply with the “source-of-income” requirements contained in the RIC tax provisions of the Code. The Taxable Subsidiaries are consolidated with MSC Income for U.S. GAAP financial reporting purposes, and the portfolio investments held by the Taxable Subsidiaries are included in MSC Income’s consolidated financial statements as portfolio investments and recorded at fair value. The Taxable Subsidiaries are not consolidated with MSIF for income tax purposes and may generate income tax expense, or benefit, and tax assets and liabilities, as a result of their ownership of certain portfolio investments. The taxable income, or loss, of the Taxable Subsidiaries may differ from their book income, or loss, due to temporary book and tax timing differences and permanent differences. The Taxable Subsidiaries are each taxed at corporate income tax rates based on their taxable income. The income tax expense, or benefit, if any, and the related tax assets and liabilities, of the Taxable Subsidiaries are reflected in MSC Income’s consolidated financial statements.</span></div><div style=""margin-bottom:10pt;text-indent:36pt""><span style=""color:#000000;font-family:'Times New Roman',serif;font-size:10pt;font-weight:400;line-height:120%"">The Taxable Subsidiaries use the liability method in accounting for income taxes. Deferred tax assets and liabilities are recorded for temporary differences between the tax basis of assets and liabilities and their reported amounts in the consolidated financial statements, using statutory tax rates in effect for the year in which the temporary differences are expected to reverse. A valuation allowance is provided, if necessary, against deferred tax assets when it is more likely than not that some portion or all of the deferred tax asset will not be realized. MSC Income’s net assets as included on the Consolidated Balance Sheets and Consolidated Statements of Changes in Net Assets include an adjustment to classification as a result of permanent book-to-tax differences, which include differences in the book and tax treatment of income and expenses.</span></div><div style=""margin-bottom:10pt;text-indent:36pt""><span style=""color:#000000;font-family:'Times New Roman',serif;font-size:10pt;font-weight:400;line-height:120%"">Taxable income generally differs from net income for financial reporting purposes due to temporary and permanent differences in the recognition of income and expenses. Taxable income generally excludes net unrealized appreciation or depreciation, as investment gains or losses are not included in taxable income until they are realized.</span></div>",c-1,,,,,,False,IncomeTaxPolicyTextBlock,
MSIF,2025-08-14,income_statement,income_statement,InvestmentsAnnualRevenuesPerCompany,InvestmentsAnnualRevenuesPerCompany,25000000,c-1399,,,,,,False,InvestmentsAnnualRevenuesPerCompany,
MSIF,2025-08-14,income_statement,income_statement,InvestmentsAnnualRevenuesPerCompany,InvestmentsAnnualRevenuesPerCompany,500000000,c-1400,,,,,,False,InvestmentsAnnualRevenuesPerCompany,
MSIF,2025-08-14,income_statement,income_statement,InvestmentsAnnualRevenuesPerCompany,InvestmentsAnnualRevenuesPerCompany,10000000,c-1405,,,,,,False,InvestmentsAnnualRevenuesPerCompany,
MSIF,2025-08-14,income_statement,income_statement,InvestmentsAnnualRevenuesPerCompany,InvestmentsAnnualRevenuesPerCompany,150000000,c-1406,,,,,,False,InvestmentsAnnualRevenuesPerCompany,
MSIF,2025-08-14,income_statement,income_statement,InterestIncomeAndInterestExpenseDisclosureTableTextBlock,InterestIncomeAndInterestExpenseDisclosureTableTextBlock,"<div style=""margin-bottom:6pt;text-indent:36pt""><span style=""color:#000000;font-family:'Times New Roman',serif;font-size:10pt;font-weight:400;line-height:120%"">Summarized interest expense for the three and six months ended June 30, 2025 and 2024 is as follows:</span></div><div style=""margin-bottom:10pt""><table style=""border-collapse:collapse;display:inline-table;margin-bottom:5pt;vertical-align:text-bottom;width:100.000%""><tr><td style=""width:1.0%""></td><td style=""width:44.354%""></td><td style=""width:0.1%""></td><td style=""width:1.0%""></td><td style=""width:12.081%""></td><td style=""width:0.1%""></td><td style=""width:0.1%""></td><td style=""width:0.406%""></td><td style=""width:0.1%""></td><td style=""width:1.0%""></td><td style=""width:12.081%""></td><td style=""width:0.1%""></td><td style=""width:0.1%""></td><td style=""width:0.406%""></td><td style=""width:0.1%""></td><td style=""width:1.0%""></td><td style=""width:12.081%""></td><td style=""width:0.1%""></td><td style=""width:0.1%""></td><td style=""width:0.406%""></td><td style=""width:0.1%""></td><td style=""width:1.0%""></td><td style=""width:12.085%""></td><td style=""width:0.1%""></td></tr><tr><td colspan=""3"" style=""padding:0 1pt""></td><td colspan=""9"" style=""padding:2px 1pt;text-align:center;vertical-align:bottom""><span style=""color:#000000;font-family:'Times New Roman',serif;font-size:8pt;font-weight:700;line-height:100%"">Three Months Ended June 30,</span></td><td colspan=""3"" style=""padding:0 1pt""></td><td colspan=""9"" style=""padding:2px 1pt;text-align:center;vertical-align:bottom""><span style=""color:#000000;font-family:'Times New Roman',serif;font-size:8pt;font-weight:700;line-height:100%"">Six Months Ended June 30,</span></td></tr><tr><td colspan=""3"" style=""padding:0 1pt""></td><td colspan=""3"" style=""border-top:1pt solid #000;padding:2px 1pt;text-align:center;vertical-align:bottom""><span style=""color:#000000;font-family:'Times New Roman',serif;font-size:8pt;font-weight:700;line-height:100%"">2025</span></td><td colspan=""3"" style=""border-top:1pt solid #000;padding:0 1pt""></td><td colspan=""3"" style=""border-bottom:1pt solid #000;border-top:1pt solid #000;padding:2px 1pt;text-align:center;vertical-align:bottom""><span style=""color:#000000;font-family:'Times New Roman',serif;font-size:8pt;font-weight:700;line-height:100%"">2024</span></td><td colspan=""3"" style=""padding:0 1pt""></td><td colspan=""3"" style=""border-bottom:1pt solid #000;border-top:1pt solid #000;padding:2px 1pt;text-align:center;vertical-align:bottom""><span style=""color:#000000;font-family:'Times New Roman',serif;font-size:8pt;font-weight:700;line-height:100%"">2025</span></td><td colspan=""3"" style=""border-top:1pt solid #000;padding:0 1pt""></td><td colspan=""3"" style=""border-bottom:1pt solid #000;border-top:1pt solid #000;padding:2px 1pt;text-align:center;vertical-align:bottom""><span style=""color:#000000;font-family:'Times New Roman',serif;font-size:8pt;font-weight:700;line-height:100%"">2024</span></td></tr><tr><td colspan=""3"" style=""padding:0 1pt""></td><td colspan=""21"" style=""border-top:1pt solid #000;padding:2px 1pt;text-align:center;vertical-align:bottom""><span style=""color:#000000;font-family:'Times New Roman',serif;font-size:8pt;font-weight:700;line-height:100%"">(in thousands)</span></td></tr><tr><td colspan=""3"" style=""background-color:#cceeff;padding:2px 1pt;text-align:left;vertical-align:bottom""><span style=""color:#000000;font-family:'Times New Roman',serif;font-size:10pt;font-weight:400;line-height:100%"">SPV Facility</span></td><td style=""background-color:#cceeff;padding:2px 0 2px 1pt;text-align:left;vertical-align:bottom""><span style=""color:#000000;font-family:'Times New Roman',serif;font-size:10pt;font-weight:400;line-height:100%"">$</span></td><td style=""background-color:#cceeff;padding:2px 0;text-align:right;vertical-align:bottom""><span style=""color:#000000;font-family:'Times New Roman',serif;font-size:10pt;font-weight:400;line-height:100%"">4,217 </span></td><td style=""background-color:#cceeff;padding:2px 1pt 2px 0;text-align:right;vertical-align:bottom""></td><td colspan=""3"" style=""background-color:#cceeff;padding:0 1pt""></td><td style=""background-color:#cceeff;padding:2px 0 2px 1pt;text-align:left;vertical-align:bottom""><span style=""color:#000000;font-family:'Times New Roman',serif;font-size:10pt;font-weight:400;line-height:100%"">$</span></td><td style=""background-color:#cceeff;padding:2px 0;text-align:right;vertical-align:bottom""><span style=""color:#000000;font-family:'Times New Roman',serif;font-size:10pt;font-weight:400;line-height:100%"">5,950 </span></td><td style=""background-color:#cceeff;padding:2px 1pt 2px 0;text-align:right;vertical-align:bottom""></td><td colspan=""3"" style=""background-color:#cceeff;padding:0 1pt""></td><td style=""background-color:#cceeff;padding:2px 0 2px 1pt;text-align:left;vertical-align:bottom""><span style=""color:#000000;font-family:'Times New Roman',serif;font-size:10pt;font-weight:400;line-height:100%"">$</span></td><td style=""background-color:#cceeff;padding:2px 0;text-align:right;vertical-align:bottom""><span style=""color:#000000;font-family:'Times New Roman',serif;font-size:10pt;font-weight:400;line-height:100%"">9,014 </span></td><td style=""background-color:#cceeff;padding:2px 1pt 2px 0;text-align:right;vertical-align:bottom""></td><td colspan=""3"" style=""background-color:#cceeff;padding:0 1pt""></td><td style=""background-color:#cceeff;padding:2px 0 2px 1pt;text-align:left;vertical-align:bottom""><span style=""color:#000000;font-family:'Times New Roman',serif;font-size:10pt;font-weight:400;line-height:100%"">$</span></td><td style=""background-color:#cceeff;padding:2px 0;text-align:right;vertical-align:bottom""><span style=""color:#000000;font-family:'Times New Roman',serif;font-size:10pt;font-weight:400;line-height:100%"">11,996 </span></td><td style=""background-color:#cceeff;padding:2px 1pt 2px 0;text-align:right;vertical-align:bottom""></td></tr><tr><td colspan=""3"" style=""background-color:#ffffff;padding:2px 1pt;text-align:left;vertical-align:bottom""><span style=""color:#000000;font-family:'Times New Roman',serif;font-size:10pt;font-weight:400;line-height:100%"">Corporate Facility</span></td><td colspan=""2"" style=""background-color:#ffffff;padding:2px 0 2px 1pt;text-align:right;vertical-align:bottom""><span style=""color:#000000;font-family:'Times New Roman',serif;font-size:10pt;font-weight:400;line-height:100%"">2,871 </span></td><td style=""background-color:#ffffff;padding:2px 1pt 2px 0;text-align:right;vertical-align:bottom""></td><td colspan=""3"" style=""background-color:#ffffff;padding:0 1pt""></td><td colspan=""2"" style=""background-color:#ffffff;padding:2px 0 2px 1pt;text-align:right;vertical-align:bottom""><span style=""color:#000000;font-family:'Times New Roman',serif;font-size:10pt;font-weight:400;line-height:100%"">2,006 </span></td><td style=""background-color:#ffffff;padding:2px 1pt 2px 0;text-align:right;vertical-align:bottom""></td><td colspan=""3"" style=""background-color:#ffffff;padding:0 1pt""></td><td colspan=""2"" style=""background-color:#ffffff;padding:2px 0 2px 1pt;text-align:right;vertical-align:bottom""><span style=""color:#000000;font-family:'Times New Roman',serif;font-size:10pt;font-weight:400;line-height:100%"">4,728 </span></td><td style=""background-color:#ffffff;padding:2px 1pt 2px 0;text-align:right;vertical-align:bottom""></td><td colspan=""3"" style=""background-color:#ffffff;padding:0 1pt""></td><td colspan=""2"" style=""background-color:#ffffff;padding:2px 0 2px 1pt;text-align:right;vertical-align:bottom""><span style=""color:#000000;font-family:'Times New Roman',serif;font-size:10pt;font-weight:400;line-height:100%"">3,920 </span></td><td style=""background-color:#ffffff;padding:2px 1pt 2px 0;text-align:right;vertical-align:bottom""></td></tr><tr><td colspan=""3"" style=""background-color:#cceeff;padding:2px 1pt;text-align:left;vertical-align:bottom""><span style=""color:#000000;font-family:'Times New Roman',serif;font-size:10pt;font-weight:400;line-height:100%"">Series A Notes</span></td><td colspan=""2"" style=""background-color:#cceeff;padding:2px 0 2px 1pt;text-align:right;vertical-align:bottom""><span style=""color:#000000;font-family:'Times New Roman',serif;font-size:10pt;font-weight:400;line-height:100%"">1,590 </span></td><td style=""background-color:#cceeff;padding:2px 1pt 2px 0;text-align:right;vertical-align:bottom""></td><td colspan=""3"" style=""background-color:#cceeff;padding:0 1pt""></td><td colspan=""2"" style=""background-color:#cceeff;padding:2px 0 2px 1pt;text-align:right;vertical-align:bottom""><span style=""color:#000000;font-family:'Times New Roman',serif;font-size:10pt;font-weight:400;line-height:100%"">1,590 </span></td><td style=""background-color:#cceeff;padding:2px 1pt 2px 0;text-align:right;vertical-align:bottom""></td><td colspan=""3"" style=""background-color:#cceeff;padding:0 1pt""></td><td colspan=""2"" style=""background-color:#cceeff;padding:2px 0 2px 1pt;text-align:right;vertical-align:bottom""><span style=""color:#000000;font-family:'Times New Roman',serif;font-size:10pt;font-weight:400;line-height:100%"">3,179 </span></td><td style=""background-color:#cceeff;padding:2px 1pt 2px 0;text-align:right;vertical-align:bottom""></td><td colspan=""3"" style=""background-color:#cceeff;padding:0 1pt""></td><td colspan=""2"" style=""background-color:#cceeff;padding:2px 0 2px 1pt;text-align:right;vertical-align:bottom""><span style=""color:#000000;font-family:'Times New Roman',serif;font-size:10pt;font-weight:400;line-height:100%"">3,179 </span></td><td style=""background-color:#cceeff;padding:2px 1pt 2px 0;text-align:right;vertical-align:bottom""></td></tr><tr><td colspan=""3"" style=""display:none""></td><td colspan=""3"" style=""display:none""></td><td colspan=""3"" style=""display:none""></td><td colspan=""3"" style=""display:none""></td><td colspan=""3"" style=""display:none""></td><td colspan=""3"" style=""display:none""></td><td colspan=""3"" style=""display:none""></td><td colspan=""3"" style=""display:none""></td></tr><tr><td colspan=""3"" style=""display:none""></td><td colspan=""3"" style=""display:none""></td><td colspan=""3"" style=""display:none""></td><td colspan=""3"" style=""display:none""></td><td colspan=""3"" style=""display:none""></td><td colspan=""3"" style=""display:none""></td><td colspan=""3"" style=""display:none""></td><td colspan=""3"" style=""display:none""></td></tr><tr><td colspan=""3"" style=""background-color:#ffffff;padding:2px 1pt 2px 14.5pt;text-align:left;vertical-align:bottom""><span style=""color:#000000;font-family:'Times New Roman',serif;font-size:10pt;font-weight:400;line-height:100%"">Total Interest Expense</span></td><td style=""background-color:#ffffff;border-bottom:3pt double #000;border-top:1pt solid #000;padding:2px 0 2px 1pt;text-align:left;vertical-align:bottom""><span style=""color:#000000;font-family:'Times New Roman',serif;font-size:10pt;font-weight:400;line-height:100%"">$</span></td><td style=""background-color:#ffffff;border-bottom:3pt double #000;border-top:1pt solid #000;padding:2px 0;text-align:right;vertical-align:bottom""><span style=""color:#000000;font-family:'Times New Roman',serif;font-size:10pt;font-weight:400;line-height:100%"">8,678 </span></td><td style=""background-color:#ffffff;border-bottom:3pt double #000;border-top:1pt solid #000;padding:2px 1pt 2px 0;text-align:right;vertical-align:bottom""></td><td colspan=""3"" style=""background-color:#ffffff;padding:0 1pt""></td><td style=""background-color:#ffffff;border-bottom:3pt double #000;border-top:1pt solid #000;padding:2px 0 2px 1pt;text-align:left;vertical-align:bottom""><span style=""color:#000000;font-family:'Times New Roman',serif;font-size:10pt;font-weight:400;line-height:100%"">$</span></td><td style=""background-color:#ffffff;border-bottom:3pt double #000;border-top:1pt solid #000;padding:2px 0;text-align:right;vertical-align:bottom""><span style=""color:#000000;font-family:'Times New Roman',serif;font-size:10pt;font-weight:400;line-height:100%"">9,546 </span></td><td style=""background-color:#ffffff;border-bottom:3pt double #000;border-top:1pt solid #000;padding:2px 1pt 2px 0;text-align:right;vertical-align:bottom""></td><td colspan=""3"" style=""background-color:#ffffff;padding:0 1pt""></td><td style=""background-color:#ffffff;border-bottom:3pt double #000;border-top:1pt solid #000;padding:2px 0 2px 1pt;text-align:left;vertical-align:bottom""><span style=""color:#000000;font-family:'Times New Roman',serif;font-size:10pt;font-weight:400;line-height:100%"">$</span></td><td style=""background-color:#ffffff;border-bottom:3pt double #000;border-top:1pt solid #000;padding:2px 0;text-align:right;vertical-align:bottom""><span style=""color:#000000;font-family:'Times New Roman',serif;font-size:10pt;font-weight:400;line-height:100%"">16,921 </span></td><td style=""background-color:#ffffff;border-bottom:3pt double #000;border-top:1pt solid #000;padding:2px 1pt 2px 0;text-align:right;vertical-align:bottom""></td><td colspan=""3"" style=""background-color:#ffffff;padding:0 1pt""></td><td style=""background-color:#ffffff;border-bottom:3pt double #000;border-top:1pt solid #000;padding:2px 0 2px 1pt;text-align:left;vertical-align:bottom""><span style=""color:#000000;font-family:'Times New Roman',serif;font-size:10pt;font-weight:400;line-height:100%"">$</span></td><td style=""background-color:#ffffff;border-bottom:3pt double #000;border-top:1pt solid #000;padding:2px 0;text-align:right;vertical-align:bottom""><span style=""color:#000000;font-family:'Times New Roman',serif;font-size:10pt;font-weight:400;line-height:100%"">19,095 </span></td><td style=""background-color:#ffffff;border-bottom:3pt double #000;border-top:1pt solid #000;padding:2px 1pt 2px 0;text-align:right;vertical-align:bottom""></td></tr></table></div>",c-1,,,,,,False,InterestIncomeAndInterestExpenseDisclosureTableTextBlock,
MSIF,2025-08-14,income_statement,income_statement,InvestmentCompanyInvestmentIncomeLossPerShare,InvestmentCompanyInvestmentIncomeLossPerShare,0.70,c-1,,,,,,False,InvestmentCompanyInvestmentIncomeLossPerShare,
MSIF,2025-08-14,income_statement,income_statement,InvestmentCompanyInvestmentIncomeLossPerShare,InvestmentCompanyInvestmentIncomeLossPerShare,0.68,c-29,,,,,,False,InvestmentCompanyInvestmentIncomeLossPerShare,
MSIF,2025-08-14,income_statement,income_statement,InvestmentCompanyIncomeTaxBenefitProvisionPerShare,InvestmentCompanyIncomeTaxBenefitProvisionPerShare,0.03,c-1,,,,,,False,InvestmentCompanyIncomeTaxBenefitProvisionPerShare,
MSIF,2025-08-14,income_statement,income_statement,InvestmentCompanyIncomeTaxBenefitProvisionPerShare,InvestmentCompanyIncomeTaxBenefitProvisionPerShare,-0.06,c-29,,,,,,False,InvestmentCompanyIncomeTaxBenefitProvisionPerShare,
MSIF,2025-08-14,income_statement,income_statement,InvestmentCompanyInvestmentIncomeLossFromOperationsPerShare,InvestmentCompanyInvestmentIncomeLossFromOperationsPerShare,0.70,c-1,,,,,,False,InvestmentCompanyInvestmentIncomeLossFromOperationsPerShare,
MSIF,2025-08-14,income_statement,income_statement,InvestmentCompanyInvestmentIncomeLossFromOperationsPerShare,InvestmentCompanyInvestmentIncomeLossFromOperationsPerShare,0.72,c-29,,,,,,False,InvestmentCompanyInvestmentIncomeLossFromOperationsPerShare,
MSIF,2025-08-14,income_statement,income_statement,InvestmentCompanyExpenseRatioIncludingIncomeTaxExpense,InvestmentCompanyExpenseRatioIncludingIncomeTaxExpense,0.0512,c-1,,,,,,False,InvestmentCompanyExpenseRatioIncludingIncomeTaxExpense,
MSIF,2025-08-14,income_statement,income_statement,InvestmentCompanyExpenseRatioIncludingIncomeTaxExpense,InvestmentCompanyExpenseRatioIncludingIncomeTaxExpense,0.0759,c-29,,,,,,False,InvestmentCompanyExpenseRatioIncludingIncomeTaxExpense,
MSIF,2025-08-14,income_statement,income_statement,InvestmentCompanyOperatingExpensesRatio,InvestmentCompanyOperatingExpensesRatio,0.0505,c-1,,,,,,False,InvestmentCompanyOperatingExpensesRatio,
MSIF,2025-08-14,income_statement,income_statement,InvestmentCompanyOperatingExpensesRatio,InvestmentCompanyOperatingExpensesRatio,0.0699,c-29,,,,,,False,InvestmentCompanyOperatingExpensesRatio,
MSIF,2025-08-14,income_statement,income_statement,InvestmentCompanyOperatingExpensesRatioExcludingInterestExpense,InvestmentCompanyOperatingExpensesRatioExcludingInterestExpense,0.0259,c-1,,,,,,False,InvestmentCompanyOperatingExpensesRatioExcludingInterestExpense,
MSIF,2025-08-14,income_statement,income_statement,InvestmentCompanyOperatingExpensesRatioExcludingInterestExpense,InvestmentCompanyOperatingExpensesRatioExcludingInterestExpense,0.0392,c-29,,,,,,False,InvestmentCompanyOperatingExpensesRatioExcludingInterestExpense,
MSIF,2025-08-14,income_statement,income_statement,InvestmentCompanyOperatingExpensesRatioExcludingInterestExpenseAndIncentiveFees,InvestmentCompanyOperatingExpensesRatioExcludingInterestExpenseAndIncentiveFees,0.0180,c-1,,,,,,False,InvestmentCompanyOperatingExpensesRatioExcludingInterestExpenseAndIncentiveFees,
MSIF,2025-08-14,income_statement,income_statement,InvestmentCompanyOperatingExpensesRatioExcludingInterestExpenseAndIncentiveFees,InvestmentCompanyOperatingExpensesRatioExcludingInterestExpenseAndIncentiveFees,0.0276,c-29,,,,,,False,InvestmentCompanyOperatingExpensesRatioExcludingInterestExpenseAndIncentiveFees,
MSIF,2025-08-14,income_statement,income_statement,InvestmentCompanyInvestmentIncomeLossRatio,InvestmentCompanyInvestmentIncomeLossRatio,0.0465,c-1,,,,,,False,InvestmentCompanyInvestmentIncomeLossRatio,
MSIF,2025-08-14,income_statement,income_statement,InvestmentCompanyInvestmentIncomeLossRatio,InvestmentCompanyInvestmentIncomeLossRatio,0.0441,c-29,,,,,,False,InvestmentCompanyInvestmentIncomeLossRatio,
MSIF,2025-08-14,income_statement,income_statement,InvestmentCompanyFeeWaivedExpense,InvestmentCompanyFeeWaivedExpense,4500000,c-29,,,,,,False,InvestmentCompanyFeeWaivedExpense,
MSIF,2025-08-14,income_statement,income_statement,InvestmentCompanyFeeWaivedExpense,InvestmentCompanyFeeWaivedExpense,0,c-1,,,,,,False,InvestmentCompanyFeeWaivedExpense,
MSIF,2025-08-14,income_statement,income_statement,InvestmentCompanyExpenseRatioIncludingIncomeTaxExpenseExcludingExpenseWaivers,InvestmentCompanyExpenseRatioIncludingIncomeTaxExpenseExcludingExpenseWaivers,0.0833,c-29,,,,,,False,InvestmentCompanyExpenseRatioIncludingIncomeTaxExpenseExcludingExpenseWaivers,
MSIF,2025-08-14,income_statement,income_statement,InvestmentCompanyOperatingExpensesRatioExcludingExpenseWaivers,InvestmentCompanyOperatingExpensesRatioExcludingExpenseWaivers,0.0773,c-29,,,,,,False,InvestmentCompanyOperatingExpensesRatioExcludingExpenseWaivers,
MSIF,2025-08-14,income_statement,income_statement,InvestmentCompanyOperatingExpensesRatioExcludingInterestExpenseAndExpenseWaivers,InvestmentCompanyOperatingExpensesRatioExcludingInterestExpenseAndExpenseWaivers,0.0465,c-29,,,,,,False,InvestmentCompanyOperatingExpensesRatioExcludingInterestExpenseAndExpenseWaivers,
MSIF,2025-08-14,income_statement,income_statement,InvestmentCompanyOperatingExpensesRatioExcludingInterestExpenseIncentiveFeesAndExpenseWaivers,InvestmentCompanyOperatingExpensesRatioExcludingInterestExpenseIncentiveFeesAndExpenseWaivers,0.0349,c-29,,,,,,False,InvestmentCompanyOperatingExpensesRatioExcludingInterestExpenseIncentiveFeesAndExpenseWaivers,
MSIF,2025-08-14,income_statement,income_statement,InvestmentCompanyInvestmentIncomeLossRatioExcludingExpenseWaivers,InvestmentCompanyInvestmentIncomeLossRatioExcludingExpenseWaivers,0.0394,c-29,,,,,,False,InvestmentCompanyInvestmentIncomeLossRatioExcludingExpenseWaivers,
MSIF,2025-08-14,income_statement,income_statement,DividendDistributionsIncomeTaxDisclosureTextBlock,DividendDistributionsIncomeTaxDisclosureTextBlock,"DIVIDENDS, DISTRIBUTIONS AND TAXABLE INCOME<div style=""margin-bottom:10pt;text-indent:36pt""><span style=""color:#000000;font-family:'Times New Roman',serif;font-size:10pt;font-weight:400;line-height:120%"">MSC Income currently accrues and pays regular quarterly dividends to its stockholders and expects to periodically accrue and pay supplemental quarterly dividends to its stockholders. Future dividends, if any, will be determined by its Board of Directors on a quarterly basis. </span></div><div style=""margin-bottom:6pt;text-indent:36pt""><span style=""color:#000000;font-family:'Times New Roman',serif;font-size:10pt;font-weight:400;line-height:120%"">Summarized dividend information for the three and six months ended June 30, 2025 and 2024 is as follows:</span></div><div style=""margin-bottom:10pt""><table style=""border-collapse:collapse;display:inline-table;margin-bottom:5pt;vertical-align:text-bottom;width:100.000%""><tr><td style=""width:1.0%""></td><td style=""width:46.172%""></td><td style=""width:0.1%""></td><td style=""width:0.1%""></td><td style=""width:0.406%""></td><td style=""width:0.1%""></td><td style=""width:1.0%""></td><td style=""width:11.475%""></td><td style=""width:0.1%""></td><td style=""width:0.1%""></td><td style=""width:0.406%""></td><td style=""width:0.1%""></td><td style=""width:1.0%""></td><td style=""width:11.475%""></td><td style=""width:0.1%""></td><td style=""width:0.1%""></td><td style=""width:0.406%""></td><td style=""width:0.1%""></td><td style=""width:1.0%""></td><td style=""width:11.475%""></td><td style=""width:0.1%""></td><td style=""width:0.1%""></td><td style=""width:0.406%""></td><td style=""width:0.1%""></td><td style=""width:1.0%""></td><td style=""width:11.479%""></td><td style=""width:0.1%""></td></tr><tr><td colspan=""3"" style=""padding:0 1pt""></td><td colspan=""3"" style=""padding:0 1pt""></td><td colspan=""9"" style=""padding:2px 1pt;text-align:center;vertical-align:bottom""><span style=""color:#000000;font-family:'Times New Roman',serif;font-size:8pt;font-weight:700;line-height:100%"">Three Months Ended June 30,</span></td><td colspan=""3"" style=""padding:0 1pt""></td><td colspan=""9"" style=""padding:2px 1pt;text-align:center;vertical-align:bottom""><span style=""color:#000000;font-family:'Times New Roman',serif;font-size:8pt;font-weight:700;line-height:100%"">Six Months Ended June 30,</span></td></tr><tr><td colspan=""3"" style=""padding:0 1pt""></td><td colspan=""3"" style=""padding:0 1pt""></td><td colspan=""3"" style=""border-top:1pt solid #000;padding:2px 1pt;text-align:center;vertical-align:bottom""><span style=""color:#000000;font-family:'Times New Roman',serif;font-size:8pt;font-weight:700;line-height:100%"">2025</span></td><td colspan=""3"" style=""border-top:1pt solid #000;padding:0 1pt""></td><td colspan=""3"" style=""border-bottom:1pt solid #000;border-top:1pt solid #000;padding:2px 1pt;text-align:center;vertical-align:bottom""><span style=""color:#000000;font-family:'Times New Roman',serif;font-size:8pt;font-weight:700;line-height:100%"">2024</span></td><td colspan=""3"" style=""padding:0 1pt""></td><td colspan=""3"" style=""border-bottom:1pt solid #000;border-top:1pt solid #000;padding:2px 1pt;text-align:center;vertical-align:bottom""><span style=""color:#000000;font-family:'Times New Roman',serif;font-size:8pt;font-weight:700;line-height:100%"">2025</span></td><td colspan=""3"" style=""border-top:1pt solid #000;padding:0 1pt""></td><td colspan=""3"" style=""border-bottom:1pt solid #000;border-top:1pt solid #000;padding:2px 1pt;text-align:center;vertical-align:bottom""><span style=""color:#000000;font-family:'Times New Roman',serif;font-size:8pt;font-weight:700;line-height:100%"">2024</span></td></tr><tr><td colspan=""3"" style=""padding:0 1pt""></td><td colspan=""3"" style=""padding:0 1pt""></td><td colspan=""21"" style=""border-top:1pt solid #000;padding:2px 1pt;text-align:center;vertical-align:bottom""><span style=""color:#000000;font-family:'Times New Roman',serif;font-size:8pt;font-weight:700;line-height:100%"">(in thousands, except per share amounts)</span></td></tr><tr><td colspan=""3"" style=""background-color:#cceeff;padding:2px 1pt;text-align:left;vertical-align:bottom""><span style=""color:#000000;font-family:'Times New Roman',serif;font-size:10pt;font-weight:400;line-height:100%"">Regular quarterly dividends per share</span></td><td colspan=""3"" style=""background-color:#cceeff;padding:0 1pt""></td><td style=""background-color:#cceeff;padding:2px 0 2px 1pt;text-align:left;vertical-align:bottom""><span style=""color:#000000;font-family:'Times New Roman',serif;font-size:10pt;font-weight:400;line-height:100%"">$</span></td><td style=""background-color:#cceeff;padding:2px 0;text-align:right;vertical-align:bottom""><span style=""color:#000000;font-family:'Times New Roman',serif;font-size:10pt;font-weight:400;line-height:100%"">0.35 </span></td><td style=""background-color:#cceeff;padding:2px 1pt 2px 0;text-align:right;vertical-align:bottom""></td><td colspan=""3"" style=""background-color:#cceeff;padding:0 1pt""></td><td style=""background-color:#cceeff;padding:2px 0 2px 1pt;text-align:left;vertical-align:bottom""><span style=""color:#000000;font-family:'Times New Roman',serif;font-size:10pt;font-weight:400;line-height:100%"">$</span></td><td style=""background-color:#cceeff;padding:2px 0;text-align:right;vertical-align:bottom""><span style=""color:#000000;font-family:'Times New Roman',serif;font-size:10pt;font-weight:400;line-height:100%"">0.36 </span></td><td style=""background-color:#cceeff;padding:2px 1pt 2px 0;text-align:right;vertical-align:bottom""></td><td colspan=""3"" style=""background-color:#cceeff;padding:0 1pt""></td><td style=""background-color:#cceeff;padding:2px 0 2px 1pt;text-align:left;vertical-align:bottom""><span style=""color:#000000;font-family:'Times New Roman',serif;font-size:10pt;font-weight:400;line-height:100%"">$</span></td><td style=""background-color:#cceeff;padding:2px 0;text-align:right;vertical-align:bottom""><span style=""color:#000000;font-family:'Times New Roman',serif;font-size:10pt;font-weight:400;line-height:100%"">0.70 </span></td><td style=""background-color:#cceeff;padding:2px 1pt 2px 0;text-align:right;vertical-align:bottom""></td><td colspan=""3"" style=""background-color:#cceeff;padding:0 1pt""></td><td style=""background-color:#cceeff;padding:2px 0 2px 1pt;text-align:left;vertical-align:bottom""><span style=""color:#000000;font-family:'Times New Roman',serif;font-size:10pt;font-weight:400;line-height:100%"">$</span></td><td style=""background-color:#cceeff;padding:2px 0;text-align:right;vertical-align:bottom""><span style=""color:#000000;font-family:'Times New Roman',serif;font-size:10pt;font-weight:400;line-height:100%"">0.73 </span></td><td style=""background-color:#cceeff;padding:2px 1pt 2px 0;text-align:right;vertical-align:bottom""></td></tr><tr><td colspan=""3"" style=""background-color:#ffffff;padding:2px 1pt;text-align:left;vertical-align:bottom""><span style=""color:#000000;font-family:'Times New Roman',serif;font-size:10pt;font-weight:400;line-height:100%"">Supplemental quarterly dividends per share</span></td><td colspan=""3"" style=""background-color:#ffffff;padding:0 1pt""></td><td colspan=""2"" style=""background-color:#ffffff;padding:2px 0 2px 1pt;text-align:right;vertical-align:bottom""><span style=""color:#000000;font-family:'Times New Roman',serif;font-size:10pt;font-weight:400;line-height:100%"">0.01 </span></td><td style=""background-color:#ffffff;padding:2px 1pt 2px 0;text-align:right;vertical-align:bottom""></td><td colspan=""3"" style=""background-color:#ffffff;padding:0 1pt""></td><td colspan=""2"" style=""background-color:#ffffff;padding:2px 0 2px 1pt;text-align:right;vertical-align:bottom""><span style=""color:#000000;font-family:'Times New Roman',serif;font-size:10pt;font-weight:400;line-height:100%"">— </span></td><td style=""background-color:#ffffff;padding:2px 1pt 2px 0;text-align:right;vertical-align:bottom""></td><td colspan=""3"" style=""background-color:#ffffff;padding:0 1pt""></td><td colspan=""2"" style=""background-color:#ffffff;padding:2px 0 2px 1pt;text-align:right;vertical-align:bottom""><span style=""color:#000000;font-family:'Times New Roman',serif;font-size:10pt;font-weight:400;line-height:100%"">0.02 </span></td><td style=""background-color:#ffffff;padding:2px 1pt 2px 0;text-align:right;vertical-align:bottom""></td><td colspan=""3"" style=""background-color:#ffffff;padding:0 1pt""></td><td colspan=""2"" style=""background-color:#ffffff;padding:2px 0 2px 1pt;text-align:right;vertical-align:bottom""><span style=""color:#000000;font-family:'Times New Roman',serif;font-size:10pt;font-weight:400;line-height:100%"">— </span></td><td style=""background-color:#ffffff;padding:2px 1pt 2px 0;text-align:right;vertical-align:bottom""></td></tr><tr><td colspan=""3"" style=""background-color:#cceeff;padding:2px 1pt 2px 7pt;text-align:left;vertical-align:bottom""><span style=""color:#000000;font-family:'Times New Roman',serif;font-size:10pt;font-weight:400;line-height:100%"">Total dividends per share</span></td><td colspan=""3"" style=""background-color:#cceeff;padding:0 1pt""></td><td style=""background-color:#cceeff;border-top:1pt solid #000;padding:2px 0 2px 1pt;text-align:left;vertical-align:bottom""><span style=""color:#000000;font-family:'Times New Roman',serif;font-size:10pt;font-weight:400;line-height:100%"">$</span></td><td style=""background-color:#cceeff;border-top:1pt solid #000;padding:2px 0;text-align:right;vertical-align:bottom""><span style=""color:#000000;font-family:'Times New Roman',serif;font-size:10pt;font-weight:400;line-height:100%"">0.36 </span></td><td style=""background-color:#cceeff;border-top:1pt solid #000;padding:2px 1pt 2px 0;text-align:right;vertical-align:bottom""></td><td colspan=""3"" style=""background-color:#cceeff;padding:0 1pt""></td><td style=""background-color:#cceeff;border-top:1pt solid #000;padding:2px 0 2px 1pt;text-align:left;vertical-align:bottom""><span style=""color:#000000;font-family:'Times New Roman',serif;font-size:10pt;font-weight:400;line-height:100%"">$</span></td><td style=""background-color:#cceeff;border-top:1pt solid #000;padding:2px 0;text-align:right;vertical-align:bottom""><span style=""color:#000000;font-family:'Times New Roman',serif;font-size:10pt;font-weight:400;line-height:100%"">0.36 </span></td><td style=""background-color:#cceeff;border-top:1pt solid #000;padding:2px 1pt 2px 0;text-align:right;vertical-align:bottom""></td><td colspan=""3"" style=""background-color:#cceeff;padding:0 1pt""></td><td style=""background-color:#cceeff;border-top:1pt solid #000;padding:2px 0 2px 1pt;text-align:left;vertical-align:bottom""><span style=""color:#000000;font-family:'Times New Roman',serif;font-size:10pt;font-weight:400;line-height:100%"">$</span></td><td style=""background-color:#cceeff;border-top:1pt solid #000;padding:2px 0;text-align:right;vertical-align:bottom""><span style=""color:#000000;font-family:'Times New Roman',serif;font-size:10pt;font-weight:400;line-height:100%"">0.72 </span></td><td style=""background-color:#cceeff;border-top:1pt solid #000;padding:2px 1pt 2px 0;text-align:right;vertical-align:bottom""></td><td colspan=""3"" style=""background-color:#cceeff;padding:0 1pt""></td><td style=""background-color:#cceeff;border-top:1pt solid #000;padding:2px 0 2px 1pt;text-align:left;vertical-align:bottom""><span style=""color:#000000;font-family:'Times New Roman',serif;font-size:10pt;font-weight:400;line-height:100%"">$</span></td><td style=""background-color:#cceeff;border-top:1pt solid #000;padding:2px 0;text-align:right;vertical-align:bottom""><span style=""color:#000000;font-family:'Times New Roman',serif;font-size:10pt;font-weight:400;line-height:100%"">0.73 </span></td><td style=""background-color:#cceeff;border-top:1pt solid #000;padding:2px 1pt 2px 0;text-align:right;vertical-align:bottom""></td></tr><tr style=""height:14pt""><td colspan=""3"" style=""background-color:#ffffff;padding:0 1pt""></td><td colspan=""3"" style=""background-color:#ffffff;padding:0 1pt""></td><td colspan=""3"" style=""background-color:#ffffff;border-top:3pt double #000;padding:0 1pt""></td><td colspan=""3"" style=""background-color:#ffffff;padding:0 1pt""></td><td colspan=""3"" style=""background-color:#ffffff;border-top:3pt double #000;padding:0 1pt""></td><td colspan=""3"" style=""background-color:#ffffff;padding:0 1pt""></td><td colspan=""3"" style=""background-color:#ffffff;border-top:3pt double #000;padding:0 1pt""></td><td colspan=""3"" style=""background-color:#ffffff;padding:0 1pt""></td><td colspan=""3"" style=""background-color:#ffffff;border-top:3pt double #000;padding:0 1pt""></td></tr><tr><td colspan=""3"" style=""background-color:#cceeff;padding:2px 1pt;text-align:left;vertical-align:bottom""><span style=""color:#000000;font-family:'Times New Roman',serif;font-size:10pt;font-weight:400;line-height:100%"">Total regular quarterly dividends</span></td><td colspan=""3"" style=""background-color:#cceeff;padding:0 1pt""></td><td style=""background-color:#cceeff;padding:2px 0 2px 1pt;text-align:left;vertical-align:bottom""><span style=""color:#000000;font-family:'Times New Roman',serif;font-size:10pt;font-weight:400;line-height:100%"">$</span></td><td style=""background-color:#cceeff;padding:2px 0;text-align:right;vertical-align:bottom""><span style=""color:#000000;font-family:'Times New Roman',serif;font-size:10pt;font-weight:400;line-height:100%"">16,502 </span></td><td style=""background-color:#cceeff;padding:2px 1pt 2px 0;text-align:right;vertical-align:bottom""></td><td colspan=""3"" style=""background-color:#cceeff;padding:0 1pt""></td><td style=""background-color:#cceeff;padding:2px 0 2px 1pt;text-align:left;vertical-align:bottom""><span style=""color:#000000;font-family:'Times New Roman',serif;font-size:10pt;font-weight:400;line-height:100%"">$</span></td><td style=""background-color:#cceeff;padding:2px 0;text-align:right;vertical-align:bottom""><span style=""color:#000000;font-family:'Times New Roman',serif;font-size:10pt;font-weight:400;line-height:100%"">14,425 </span></td><td style=""background-color:#cceeff;padding:2px 1pt 2px 0;text-align:right;vertical-align:bottom""></td><td colspan=""3"" style=""background-color:#cceeff;padding:0 1pt""></td><td style=""background-color:#cceeff;padding:2px 0 2px 1pt;text-align:left;vertical-align:bottom""><span style=""color:#000000;font-family:'Times New Roman',serif;font-size:10pt;font-weight:400;line-height:100%"">$</span></td><td style=""background-color:#cceeff;padding:2px 0;text-align:right;vertical-align:bottom""><span style=""color:#000000;font-family:'Times New Roman',serif;font-size:10pt;font-weight:400;line-height:100%"">32,900 </span></td><td style=""background-color:#cceeff;padding:2px 1pt 2px 0;text-align:right;vertical-align:bottom""></td><td colspan=""3"" style=""background-color:#cceeff;padding:0 1pt""></td><td style=""background-color:#cceeff;padding:2px 0 2px 1pt;text-align:left;vertical-align:bottom""><span style=""color:#000000;font-family:'Times New Roman',serif;font-size:10pt;font-weight:400;line-height:100%"">$</span></td><td style=""background-color:#cceeff;padding:2px 0;text-align:right;vertical-align:bottom""><span style=""color:#000000;font-family:'Times New Roman',serif;font-size:10pt;font-weight:400;line-height:100%"">29,246 </span></td><td style=""background-color:#cceeff;padding:2px 1pt 2px 0;text-align:right;vertical-align:bottom""></td></tr><tr><td colspan=""3"" style=""background-color:#ffffff;padding:2px 1pt;text-align:left;vertical-align:bottom""><span style=""color:#000000;font-family:'Times New Roman',serif;font-size:10pt;font-weight:400;line-height:100%"">Total supplemental quarterly dividends</span></td><td colspan=""3"" style=""background-color:#ffffff;padding:0 1pt""></td><td colspan=""2"" style=""background-color:#ffffff;padding:2px 0 2px 1pt;text-align:right;vertical-align:bottom""><span style=""color:#000000;font-family:'Times New Roman',serif;font-size:10pt;font-weight:400;line-height:100%"">472 </span></td><td style=""background-color:#ffffff;padding:2px 1pt 2px 0;text-align:right;vertical-align:bottom""></td><td colspan=""3"" style=""background-color:#ffffff;padding:0 1pt""></td><td colspan=""2"" style=""background-color:#ffffff;padding:2px 0 2px 1pt;text-align:right;vertical-align:bottom""><span style=""color:#000000;font-family:'Times New Roman',serif;font-size:10pt;font-weight:400;line-height:100%"">— </span></td><td style=""background-color:#ffffff;padding:2px 1pt 2px 0;text-align:right;vertical-align:bottom""></td><td colspan=""3"" style=""background-color:#ffffff;padding:0 1pt""></td><td colspan=""2"" style=""background-color:#ffffff;padding:2px 0 2px 1pt;text-align:right;vertical-align:bottom""><span style=""color:#000000;font-family:'Times New Roman',serif;font-size:10pt;font-weight:400;line-height:100%"">940 </span></td><td style=""background-color:#ffffff;padding:2px 1pt 2px 0;text-align:right;vertical-align:bottom""></td><td colspan=""3"" style=""background-color:#ffffff;padding:0 1pt""></td><td colspan=""2"" style=""background-color:#ffffff;padding:2px 0 2px 1pt;text-align:right;vertical-align:bottom""><span style=""color:#000000;font-family:'Times New Roman',serif;font-size:10pt;font-weight:400;line-height:100%"">— </span></td><td style=""background-color:#ffffff;padding:2px 1pt 2px 0;text-align:right;vertical-align:bottom""></td></tr><tr><td colspan=""3"" style=""background-color:#cceeff;padding:2px 1pt;text-align:left;vertical-align:bottom""><div style=""padding-left:6pt""><span style=""color:#000000;font-family:'Times New Roman',serif;font-size:10pt;font-weight:400;line-height:100%"">Total dividends</span></div></td><td colspan=""3"" style=""background-color:#cceeff;padding:0 1pt""></td><td style=""background-color:#cceeff;border-bottom:3pt double #000;border-top:1pt solid #000;padding:2px 0 2px 1pt;text-align:left;vertical-align:bottom""><span style=""color:#000000;font-family:'Times New Roman',serif;font-size:10pt;font-weight:400;line-height:100%"">$</span></td><td style=""background-color:#cceeff;border-bottom:3pt double #000;border-top:1pt solid #000;padding:2px 0;text-align:right;vertical-align:bottom""><span style=""color:#000000;font-family:'Times New Roman',serif;font-size:10pt;font-weight:400;line-height:100%"">16,974 </span></td><td style=""background-color:#cceeff;border-bottom:3pt double #000;border-top:1pt solid #000;padding:2px 1pt 2px 0;text-align:right;vertical-align:bottom""></td><td colspan=""3"" style=""background-color:#cceeff;padding:0 1pt""></td><td style=""background-color:#cceeff;border-bottom:3pt double #000;border-top:1pt solid #000;padding:2px 0 2px 1pt;text-align:left;vertical-align:bottom""><span style=""color:#000000;font-family:'Times New Roman',serif;font-size:10pt;font-weight:400;line-height:100%"">$</span></td><td style=""background-color:#cceeff;border-bottom:3pt double #000;border-top:1pt solid #000;padding:2px 0;text-align:right;vertical-align:bottom""><span style=""color:#000000;font-family:'Times New Roman',serif;font-size:10pt;font-weight:400;line-height:100%"">14,425 </span></td><td style=""background-color:#cceeff;border-bottom:3pt double #000;border-top:1pt solid #000;padding:2px 1pt 2px 0;text-align:right;vertical-align:bottom""></td><td colspan=""3"" style=""background-color:#cceeff;padding:0 1pt""></td><td style=""background-color:#cceeff;border-bottom:3pt double #000;border-top:1pt solid #000;padding:2px 0 2px 1pt;text-align:left;vertical-align:bottom""><span style=""color:#000000;font-family:'Times New Roman',serif;font-size:10pt;font-weight:400;line-height:100%"">$</span></td><td style=""background-color:#cceeff;border-bottom:3pt double #000;border-top:1pt solid #000;padding:2px 0;text-align:right;vertical-align:bottom""><span style=""color:#000000;font-family:'Times New Roman',serif;font-size:10pt;font-weight:400;line-height:100%"">33,840 </span></td><td style=""background-color:#cceeff;border-bottom:3pt double #000;border-top:1pt solid #000;padding:2px 1pt 2px 0;text-align:right;vertical-align:bottom""></td><td colspan=""3"" style=""background-color:#cceeff;padding:0 1pt""></td><td style=""background-color:#cceeff;border-bottom:3pt double #000;border-top:1pt solid #000;padding:2px 0 2px 1pt;text-align:left;vertical-align:bottom""><span style=""color:#000000;font-family:'Times New Roman',serif;font-size:10pt;font-weight:400;line-height:100%"">$</span></td><td style=""background-color:#cceeff;border-bottom:3pt double #000;border-top:1pt solid #000;padding:2px 0;text-align:right;vertical-align:bottom""><span style=""color:#000000;font-family:'Times New Roman',serif;font-size:10pt;font-weight:400;line-height:100%"">29,246 </span></td><td style=""background-color:#cceeff;border-bottom:3pt double #000;border-top:1pt solid #000;padding:2px 1pt 2px 0;text-align:right;vertical-align:bottom""></td></tr></table></div><div style=""margin-bottom:10pt;text-indent:36pt""><span style=""color:#000000;font-family:'Times New Roman',serif;font-size:10pt;font-weight:400;line-height:120%"">MSIF has elected to be treated for U.S. federal income tax purposes as a RIC. MSIF’s taxable income includes the taxable income generated by MSIF and certain of its subsidiaries, including the Structured Subsidiaries, which are treated as disregarded entities for tax purposes. As a RIC, MSIF generally will not pay corporate-level U.S. federal income taxes on any net ordinary taxable income or capital gains that MSIF distributes to its stockholders. MSIF must generally distribute at least 90% of its “investment company taxable income” (which is generally its net ordinary taxable income and realized net short-term capital gains in excess of realized net long-term capital losses) and 90% of its tax-exempt income to maintain its RIC status (pass-through tax treatment for amounts distributed). As part of maintaining RIC status, undistributed taxable income (subject to a 4% non-deductible U.S. federal excise tax) pertaining to a given fiscal year may be distributed up to twelve months subsequent to the end of that fiscal year, provided such dividends are declared on or prior to the later of (i) filing of the U.S. federal income tax return for the applicable fiscal year or (ii) the fifteenth day of the ninth month following the close of the year in which such taxable income was generated.</span></div><div style=""margin-bottom:10pt;text-indent:36pt""><span style=""color:#000000;font-family:'Times New Roman',serif;font-size:10pt;font-weight:400;line-height:120%"">The determination of the tax attributes for MSC Income’s distributions is made annually, based upon its taxable income for the full year and distributions paid for the full year. Therefore, a determination made on an interim basis may not be representative of the actual tax attributes of distributions for a full year. Ordinary dividend distributions from a RIC do not qualify for the 20% maximum tax rate (plus a 3.8% Medicare surtax, if applicable) on dividend income from domestic corporations and qualified foreign corporations, except to the extent that the RIC received the income in the form </span></div><div style=""margin-bottom:10pt""><span style=""color:#000000;font-family:'Times New Roman',serif;font-size:10pt;font-weight:400;line-height:120%"">of qualifying dividends from domestic corporations and qualified foreign corporations. The tax attributes for distributions will generally include both ordinary income and qualified dividends, but may also include either one or both of capital gains and return of capital.</span></div><div style=""margin-bottom:6pt;text-indent:36pt""><span style=""color:#000000;font-family:'Times New Roman',serif;font-size:10pt;font-weight:400;line-height:120%"">Listed below is a reconciliation of “Net increase in net assets resulting from operations” to taxable income and to total distributions declared to common stockholders for the six months ended June 30, 2025 and 2024.</span></div><div style=""margin-bottom:10pt""><table style=""border-collapse:collapse;display:inline-table;margin-bottom:5pt;vertical-align:text-bottom;width:100.000%""><tr><td style=""width:1.0%""></td><td style=""width:71.930%""></td><td style=""width:0.1%""></td><td style=""width:1.0%""></td><td style=""width:12.081%""></td><td style=""width:0.1%""></td><td style=""width:0.1%""></td><td style=""width:0.406%""></td><td style=""width:0.1%""></td><td style=""width:1.0%""></td><td style=""width:12.083%""></td><td style=""width:0.1%""></td></tr><tr><td colspan=""3"" style=""padding:0 1pt""></td><td colspan=""9"" style=""padding:2px 1pt;text-align:center;vertical-align:bottom""><span style=""color:#000000;font-family:'Times New Roman',serif;font-size:8pt;font-weight:700;line-height:100%"">Six Months Ended June 30,</span></td></tr><tr><td colspan=""3"" style=""padding:0 1pt""></td><td colspan=""3"" style=""border-top:1pt solid #000;padding:2px 1pt;text-align:center;vertical-align:bottom""><span style=""color:#000000;font-family:'Times New Roman',serif;font-size:8pt;font-weight:700;line-height:100%"">2025</span></td><td colspan=""3"" style=""border-top:1pt solid #000;padding:0 1pt""></td><td colspan=""3"" style=""border-bottom:1pt solid #000;border-top:1pt solid #000;padding:2px 1pt;text-align:center;vertical-align:bottom""><span style=""color:#000000;font-family:'Times New Roman',serif;font-size:8pt;font-weight:700;line-height:100%"">2024</span></td></tr><tr><td colspan=""3"" style=""padding:0 1pt""></td><td colspan=""9"" style=""border-top:1pt solid #000;padding:2px 1pt;text-align:center;vertical-align:bottom""><span style=""color:#000000;font-family:'Times New Roman',serif;font-size:8pt;font-weight:700;line-height:100%"">(estimated, in thousands)</span></td></tr><tr><td colspan=""3"" style=""background-color:#cceeff;padding:2px 1pt;text-align:left;vertical-align:bottom""><span style=""color:#000000;font-family:'Times New Roman',serif;font-size:10pt;font-weight:400;line-height:100%"">Net increase in net assets resulting from operations</span></td><td style=""background-color:#cceeff;padding:2px 0 2px 1pt;text-align:left;vertical-align:bottom""><span style=""color:#000000;font-family:'Times New Roman',serif;font-size:10pt;font-weight:400;line-height:100%"">$</span></td><td style=""background-color:#cceeff;padding:2px 0;text-align:right;vertical-align:bottom""><span style=""color:#000000;font-family:'Times New Roman',serif;font-size:10pt;font-weight:400;line-height:100%"">32,164 </span></td><td style=""background-color:#cceeff;padding:2px 1pt 2px 0;text-align:right;vertical-align:bottom""></td><td colspan=""3"" style=""background-color:#cceeff;padding:0 1pt""></td><td style=""background-color:#cceeff;padding:2px 0 2px 1pt;text-align:left;vertical-align:bottom""><span style=""color:#000000;font-family:'Times New Roman',serif;font-size:10pt;font-weight:400;line-height:100%"">$</span></td><td style=""background-color:#cceeff;padding:2px 0;text-align:right;vertical-align:bottom""><span style=""color:#000000;font-family:'Times New Roman',serif;font-size:10pt;font-weight:400;line-height:100%"">28,717 </span></td><td style=""background-color:#cceeff;padding:2px 1pt 2px 0;text-align:right;vertical-align:bottom""></td></tr><tr><td colspan=""3"" style=""background-color:#ffffff;padding:2px 1pt;text-align:left;vertical-align:bottom""><span style=""color:#000000;font-family:'Times New Roman',serif;font-size:10pt;font-weight:400;line-height:100%"">Net unrealized appreciation</span></td><td colspan=""2"" style=""background-color:#ffffff;padding:2px 0 2px 1pt;text-align:right;vertical-align:bottom""><span style=""color:#000000;font-family:'Times New Roman',serif;font-size:10pt;font-weight:400;line-height:100%"">(14,879)</span></td><td style=""background-color:#ffffff;padding:2px 1pt 2px 0;text-align:right;vertical-align:bottom""></td><td colspan=""3"" style=""background-color:#ffffff;padding:0 1pt""></td><td colspan=""2"" style=""background-color:#ffffff;padding:2px 0 2px 1pt;text-align:right;vertical-align:bottom""><span style=""color:#000000;font-family:'Times New Roman',serif;font-size:10pt;font-weight:400;line-height:100%"">(5,093)</span></td><td style=""background-color:#ffffff;padding:2px 1pt 2px 0;text-align:right;vertical-align:bottom""></td></tr><tr><td colspan=""3"" style=""background-color:#cceeff;padding:2px 1pt;text-align:left;vertical-align:bottom""><span style=""color:#000000;font-family:'Times New Roman',serif;font-size:10pt;font-weight:400;line-height:100%"">Income tax provision</span></td><td colspan=""2"" style=""background-color:#cceeff;padding:2px 0 2px 1pt;text-align:right;vertical-align:bottom""><span style=""color:#000000;font-family:'Times New Roman',serif;font-size:10pt;font-weight:400;line-height:100%"">522 </span></td><td style=""background-color:#cceeff;padding:2px 1pt 2px 0;text-align:right;vertical-align:bottom""></td><td colspan=""3"" style=""background-color:#cceeff;padding:0 1pt""></td><td colspan=""2"" style=""background-color:#cceeff;padding:2px 0 2px 1pt;text-align:right;vertical-align:bottom""><span style=""color:#000000;font-family:'Times New Roman',serif;font-size:10pt;font-weight:400;line-height:100%"">3,717 </span></td><td style=""background-color:#cceeff;padding:2px 1pt 2px 0;text-align:right;vertical-align:bottom""></td></tr><tr><td colspan=""3"" style=""background-color:#ffffff;padding:2px 1pt;text-align:left;vertical-align:bottom""><span style=""color:#000000;font-family:'Times New Roman',serif;font-size:10pt;font-weight:400;line-height:100%"">Pre-tax book income not consolidated for tax purposes</span></td><td colspan=""2"" style=""background-color:#ffffff;padding:2px 0 2px 1pt;text-align:right;vertical-align:bottom""><span style=""color:#000000;font-family:'Times New Roman',serif;font-size:10pt;font-weight:400;line-height:100%"">(9,747)</span></td><td style=""background-color:#ffffff;padding:2px 1pt 2px 0;text-align:right;vertical-align:bottom""></td><td colspan=""3"" style=""background-color:#ffffff;padding:0 1pt""></td><td colspan=""2"" style=""background-color:#ffffff;padding:2px 0 2px 1pt;text-align:right;vertical-align:bottom""><span style=""color:#000000;font-family:'Times New Roman',serif;font-size:10pt;font-weight:400;line-height:100%"">(7,543)</span></td><td style=""background-color:#ffffff;padding:2px 1pt 2px 0;text-align:right;vertical-align:bottom""></td></tr><tr><td colspan=""3"" style=""background-color:#cceeff;padding:2px 1pt;text-align:left;vertical-align:bottom""><span style=""color:#000000;font-family:'Times New Roman',serif;font-size:10pt;font-weight:400;line-height:120%"">Book income and tax income differences, including debt origination, structuring fees, dividends, realized gains and changes in estimates</span></td><td colspan=""2"" style=""background-color:#cceeff;padding:2px 0 2px 1pt;text-align:right;vertical-align:bottom""><span style=""color:#000000;font-family:'Times New Roman',serif;font-size:10pt;font-weight:400;line-height:100%"">19,901 </span></td><td style=""background-color:#cceeff;padding:2px 1pt 2px 0;text-align:right;vertical-align:bottom""></td><td colspan=""3"" style=""background-color:#cceeff;padding:0 1pt""></td><td colspan=""2"" style=""background-color:#cceeff;padding:2px 0 2px 1pt;text-align:right;vertical-align:bottom""><span style=""color:#000000;font-family:'Times New Roman',serif;font-size:10pt;font-weight:400;line-height:100%"">3,523 </span></td><td style=""background-color:#cceeff;padding:2px 1pt 2px 0;text-align:right;vertical-align:bottom""></td></tr><tr><td colspan=""3"" style=""background-color:#ffffff;padding:2px 1pt;text-align:left;vertical-align:bottom""><span style=""color:#000000;font-family:'Times New Roman',serif;font-size:10pt;font-weight:400;line-height:100%"">Estimated taxable income (1)</span></td><td colspan=""2"" style=""background-color:#ffffff;border-top:1pt solid #000;padding:2px 0 2px 1pt;text-align:right;vertical-align:bottom""><span style=""color:#000000;font-family:'Times New Roman',serif;font-size:10pt;font-weight:400;line-height:100%"">27,961 </span></td><td style=""background-color:#ffffff;border-top:1pt solid #000;padding:2px 1pt 2px 0;text-align:right;vertical-align:bottom""></td><td colspan=""3"" style=""background-color:#ffffff;padding:0 1pt""></td><td colspan=""2"" style=""background-color:#ffffff;border-top:1pt solid #000;padding:2px 0 2px 1pt;text-align:right;vertical-align:bottom""><span style=""color:#000000;font-family:'Times New Roman',serif;font-size:10pt;font-weight:400;line-height:100%"">23,321 </span></td><td style=""background-color:#ffffff;border-top:1pt solid #000;padding:2px 1pt 2px 0;text-align:right;vertical-align:bottom""></td></tr><tr><td colspan=""3"" style=""background-color:#cceeff;padding:2px 1pt;text-align:left;vertical-align:bottom""><span style=""color:#000000;font-family:'Times New Roman',serif;font-size:10pt;font-weight:400;line-height:100%"">Taxable income earned in prior year and carried forward for distribution in current year</span></td><td colspan=""2"" style=""background-color:#cceeff;padding:2px 0 2px 1pt;text-align:right;vertical-align:bottom""><span style=""color:#000000;font-family:'Times New Roman',serif;font-size:10pt;font-weight:400;line-height:100%"">20,348 </span></td><td style=""background-color:#cceeff;padding:2px 1pt 2px 0;text-align:right;vertical-align:bottom""></td><td colspan=""3"" style=""background-color:#cceeff;padding:0 1pt""></td><td colspan=""2"" style=""background-color:#cceeff;padding:2px 0 2px 1pt;text-align:right;vertical-align:bottom""><span style=""color:#000000;font-family:'Times New Roman',serif;font-size:10pt;font-weight:400;line-height:100%"">14,745 </span></td><td style=""background-color:#cceeff;padding:2px 1pt 2px 0;text-align:right;vertical-align:bottom""></td></tr><tr><td colspan=""3"" style=""background-color:#ffffff;padding:2px 1pt;text-align:left;vertical-align:bottom""><span style=""color:#000000;font-family:'Times New Roman',serif;font-size:10pt;font-weight:400;line-height:100%"">Taxable income earned prior to period end and carried forward for distribution next period</span></td><td colspan=""2"" style=""background-color:#ffffff;padding:2px 0 2px 1pt;text-align:right;vertical-align:bottom""><span style=""color:#000000;font-family:'Times New Roman',serif;font-size:10pt;font-weight:400;line-height:100%"">(31,443)</span></td><td style=""background-color:#ffffff;padding:2px 1pt 2px 0;text-align:right;vertical-align:bottom""></td><td colspan=""3"" style=""background-color:#ffffff;padding:0 1pt""></td><td colspan=""2"" style=""background-color:#ffffff;padding:2px 0 2px 1pt;text-align:right;vertical-align:bottom""><span style=""color:#000000;font-family:'Times New Roman',serif;font-size:10pt;font-weight:400;line-height:100%"">(23,245)</span></td><td style=""background-color:#ffffff;padding:2px 1pt 2px 0;text-align:right;vertical-align:bottom""></td></tr><tr><td colspan=""3"" style=""background-color:#cceeff;padding:2px 1pt;text-align:left;vertical-align:bottom""><span style=""color:#000000;font-family:'Times New Roman',serif;font-size:10pt;font-weight:400;line-height:100%"">Dividend payable as of period end and paid in the following period</span></td><td colspan=""2"" style=""background-color:#cceeff;padding:2px 0 2px 1pt;text-align:right;vertical-align:bottom""><span style=""color:#000000;font-family:'Times New Roman',serif;font-size:10pt;font-weight:400;line-height:100%"">16,974 </span></td><td style=""background-color:#cceeff;padding:2px 1pt 2px 0;text-align:right;vertical-align:bottom""></td><td colspan=""3"" style=""background-color:#cceeff;padding:0 1pt""></td><td colspan=""2"" style=""background-color:#cceeff;padding:2px 0 2px 1pt;text-align:right;vertical-align:bottom""><span style=""color:#000000;font-family:'Times New Roman',serif;font-size:10pt;font-weight:400;line-height:100%"">14,425 </span></td><td style=""background-color:#cceeff;padding:2px 1pt 2px 0;text-align:right;vertical-align:bottom""></td></tr><tr><td colspan=""3"" style=""background-color:#ffffff;padding:2px 1pt;text-align:left;vertical-align:bottom""><span style=""color:#000000;font-family:'Times New Roman',serif;font-size:10pt;font-weight:400;line-height:100%"">Total distributions accrued or paid to common stockholders</span></td><td style=""background-color:#ffffff;border-bottom:3pt double #000;border-top:1pt solid #000;padding:2px 0 2px 1pt;text-align:left;vertical-align:bottom""><span style=""color:#000000;font-family:'Times New Roman',serif;font-size:10pt;font-weight:400;line-height:100%"">$</span></td><td style=""background-color:#ffffff;border-bottom:3pt double #000;border-top:1pt solid #000;padding:2px 0;text-align:right;vertical-align:bottom""><span style=""color:#000000;font-family:'Times New Roman',serif;font-size:10pt;font-weight:400;line-height:100%"">33,840 </span></td><td style=""background-color:#ffffff;border-bottom:3pt double #000;border-top:1pt solid #000;padding:2px 1pt 2px 0;text-align:right;vertical-align:bottom""></td><td colspan=""3"" style=""background-color:#ffffff;padding:0 1pt""></td><td style=""background-color:#ffffff;border-bottom:3pt double #000;border-top:1pt solid #000;padding:2px 0 2px 1pt;text-align:left;vertical-align:bottom""><span style=""color:#000000;font-family:'Times New Roman',serif;font-size:10pt;font-weight:400;line-height:100%"">$</span></td><td style=""background-color:#ffffff;border-bottom:3pt double #000;border-top:1pt solid #000;padding:2px 0;text-align:right;vertical-align:bottom""><span style=""color:#000000;font-family:'Times New Roman',serif;font-size:10pt;font-weight:400;line-height:100%"">29,246 </span></td><td style=""background-color:#ffffff;border-bottom:3pt double #000;border-top:1pt solid #000;padding:2px 1pt 2px 0;text-align:right;vertical-align:bottom""></td></tr></table><span style=""color:#000000;font-family:'Times New Roman',serif;font-size:10pt;font-weight:400;line-height:120%"">________________</span></div><div style=""margin-bottom:10pt;padding-left:18pt;text-indent:-18pt""><span style=""color:#000000;font-family:'Times New Roman',serif;font-size:10pt;font-weight:400;line-height:120%"">(1)</span><span style=""color:#000000;font-family:'Times New Roman',serif;font-size:10pt;font-weight:400;line-height:120%;padding-left:6.34pt"">MSIF’s taxable income for each period is an estimate and will not be finally determined until MSIF files its tax return for each year. Therefore, the final taxable income, and the taxable income earned in each period and carried forward for distribution in the following period, may be different than this estimate.</span></div><div style=""margin-bottom:10pt;text-indent:36pt""><span style=""color:#000000;font-family:'Times New Roman',serif;font-size:10pt;font-weight:400;line-height:120%"">The Taxable Subsidiaries primarily hold certain equity investments for MSC Income. The Taxable Subsidiaries permit MSC Income to hold equity investments in portfolio companies which are “pass-through” entities for tax purposes and to continue to comply with the “source-of-income” requirements contained in the RIC tax provisions of the Code. The Taxable Subsidiaries are consolidated with MSIF for U.S. GAAP financial reporting purposes, and the portfolio investments held by the Taxable Subsidiaries are included in MSC Income’s consolidated financial statements as portfolio investments and recorded at fair value. The Taxable Subsidiaries are not consolidated with MSIF for income tax purposes and may generate income tax expense, or benefit, and tax assets and liabilities, as a result of their ownership of certain portfolio investments. The taxable income, or loss, of the Taxable Subsidiaries may differ from their book income, or loss, due to temporary book and tax timing differences and permanent differences. The Taxable Subsidiaries are each taxed at corporate income tax rates based on their taxable income. The income tax expense, or benefit, if any, and the related tax assets and liabilities, of the Taxable Subsidiaries are reflected in MSC Income’s consolidated financial statements.</span></div><div style=""margin-bottom:6pt;text-indent:36pt""><span style=""color:#000000;font-family:'Times New Roman',serif;font-size:10pt;font-weight:400;line-height:120%"">The income tax provision for MSC Income is generally composed of (i) deferred tax expense (benefit), which is primarily the result of the net activity relating to the portfolio investments held in the Taxable Subsidiaries, including changes in loss carryforwards, changes in net unrealized appreciation or depreciation and other temporary book tax differences, and (ii) current tax expense, which is primarily the result of current U.S. federal income and state taxes relating to net currently taxable activity relating to the portfolio investments held in the Taxable Subsidiaries and excise taxes on MSC Income’s estimated undistributed taxable income. The income tax expense, or benefit, and the related tax assets and liabilities generated by the Taxable Subsidiaries, if any, are reflected in MSC Income’s Consolidated Statements of Operations. MSC Income’s net investment income related taxes were comprised of the following for the three and six months ended June 30, 2025 and 2024:</span></div><div style=""margin-bottom:10pt""><table style=""border-collapse:collapse;display:inline-table;margin-bottom:5pt;vertical-align:text-bottom;width:100.000%""><tr><td style=""width:1.0%""></td><td style=""width:44.354%""></td><td style=""width:0.1%""></td><td style=""width:1.0%""></td><td style=""width:12.081%""></td><td style=""width:0.1%""></td><td style=""width:0.1%""></td><td style=""width:0.406%""></td><td style=""width:0.1%""></td><td style=""width:1.0%""></td><td style=""width:12.081%""></td><td style=""width:0.1%""></td><td style=""width:0.1%""></td><td style=""width:0.406%""></td><td style=""width:0.1%""></td><td style=""width:1.0%""></td><td style=""width:12.081%""></td><td style=""width:0.1%""></td><td style=""width:0.1%""></td><td style=""width:0.406%""></td><td style=""width:0.1%""></td><td style=""width:1.0%""></td><td style=""width:12.085%""></td><td style=""width:0.1%""></td></tr><tr><td colspan=""3"" style=""padding:0 1pt""></td><td colspan=""9"" style=""padding:2px 1pt;text-align:center;vertical-align:bottom""><span style=""color:#000000;font-family:'Times New Roman',serif;font-size:8pt;font-weight:700;line-height:100%"">Three Months Ended June 30,</span></td><td colspan=""3"" style=""padding:0 1pt""></td><td colspan=""9"" style=""padding:2px 1pt;text-align:center;vertical-align:bottom""><span style=""color:#000000;font-family:'Times New Roman',serif;font-size:8pt;font-weight:700;line-height:100%"">Six Months Ended June 30,</span></td></tr><tr><td colspan=""3"" style=""padding:0 1pt""></td><td colspan=""3"" style=""border-top:1pt solid #000;padding:2px 1pt;text-align:center;vertical-align:bottom""><span style=""color:#000000;font-family:'Times New Roman',serif;font-size:8pt;font-weight:700;line-height:100%"">2025</span></td><td colspan=""3"" style=""border-top:1pt solid #000;padding:0 1pt""></td><td colspan=""3"" style=""border-bottom:1pt solid #000;border-top:1pt solid #000;padding:2px 1pt;text-align:center;vertical-align:bottom""><span style=""color:#000000;font-family:'Times New Roman',serif;font-size:8pt;font-weight:700;line-height:100%"">2024</span></td><td colspan=""3"" style=""padding:0 1pt""></td><td colspan=""3"" style=""border-bottom:1pt solid #000;border-top:1pt solid #000;padding:2px 1pt;text-align:center;vertical-align:bottom""><span style=""color:#000000;font-family:'Times New Roman',serif;font-size:8pt;font-weight:700;line-height:100%"">2025</span></td><td colspan=""3"" style=""border-top:1pt solid #000;padding:0 1pt""></td><td colspan=""3"" style=""border-bottom:1pt solid #000;border-top:1pt solid #000;padding:2px 1pt;text-align:center;vertical-align:bottom""><span style=""color:#000000;font-family:'Times New Roman',serif;font-size:8pt;font-weight:700;line-height:100%"">2024</span></td></tr><tr><td colspan=""3"" style=""padding:0 1pt""></td><td colspan=""21"" style=""border-top:1pt solid #000;padding:2px 1pt;text-align:center;vertical-align:bottom""><span style=""color:#000000;font-family:'Times New Roman',serif;font-size:8pt;font-weight:700;line-height:100%"">(in thousands)</span></td></tr><tr><td colspan=""3"" style=""background-color:#cceeff;padding:2px 1pt;text-align:left;vertical-align:bottom""><span style=""color:#000000;font-family:'Times New Roman',serif;font-size:10pt;font-weight:700;line-height:100%"">Net investment income taxes</span></td><td colspan=""3"" style=""background-color:#cceeff;padding:0 1pt""></td><td colspan=""3"" style=""background-color:#cceeff;padding:0 1pt""></td><td colspan=""3"" style=""background-color:#cceeff;padding:0 1pt""></td><td colspan=""3"" style=""background-color:#cceeff;padding:0 1pt""></td><td colspan=""3"" style=""background-color:#cceeff;padding:0 1pt""></td><td colspan=""3"" style=""background-color:#cceeff;padding:0 1pt""></td><td colspan=""3"" style=""background-color:#cceeff;padding:0 1pt""></td></tr><tr><td colspan=""3"" style=""background-color:#ffffff;padding:2px 1pt;text-align:left;vertical-align:bottom""><span style=""color:#000000;font-family:'Times New Roman',serif;font-size:10pt;font-style:italic;font-weight:400;line-height:100%"">Current tax expense:</span></td><td colspan=""3"" style=""background-color:#ffffff;padding:0 1pt""></td><td colspan=""3"" style=""background-color:#ffffff;padding:0 1pt""></td><td colspan=""3"" style=""background-color:#ffffff;padding:0 1pt""></td><td colspan=""3"" style=""background-color:#ffffff;padding:0 1pt""></td><td colspan=""3"" style=""background-color:#ffffff;padding:0 1pt""></td><td colspan=""3"" style=""background-color:#ffffff;padding:0 1pt""></td><td colspan=""3"" style=""background-color:#ffffff;padding:0 1pt""></td></tr><tr><td colspan=""3"" style=""background-color:#cceeff;padding:2px 1pt;text-align:left;vertical-align:bottom""><span style=""color:#000000;font-family:'Times New Roman',serif;font-size:10pt;font-weight:400;line-height:100%"">Federal</span></td><td style=""background-color:#cceeff;padding:2px 0 2px 1pt;text-align:left;vertical-align:bottom""><span style=""color:#000000;font-family:'Times New Roman',serif;font-size:10pt;font-weight:400;line-height:100%"">$</span></td><td style=""background-color:#cceeff;padding:2px 0;text-align:right;vertical-align:bottom""><span style=""color:#000000;font-family:'Times New Roman',serif;font-size:10pt;font-weight:400;line-height:100%"">65 </span></td><td style=""background-color:#cceeff;padding:2px 1pt 2px 0;text-align:right;vertical-align:bottom""></td><td colspan=""3"" style=""background-color:#cceeff;padding:0 1pt""></td><td style=""background-color:#cceeff;padding:2px 0 2px 1pt;text-align:left;vertical-align:bottom""><span style=""color:#000000;font-family:'Times New Roman',serif;font-size:10pt;font-weight:400;line-height:100%"">$</span></td><td style=""background-color:#cceeff;padding:2px 0;text-align:right;vertical-align:bottom""><span style=""color:#000000;font-family:'Times New Roman',serif;font-size:10pt;font-weight:400;line-height:100%"">125 </span></td><td style=""background-color:#cceeff;padding:2px 1pt 2px 0;text-align:right;vertical-align:bottom""></td><td colspan=""3"" style=""background-color:#cceeff;padding:0 1pt""></td><td style=""background-color:#cceeff;padding:2px 0 2px 1pt;text-align:left;vertical-align:bottom""><span style=""color:#000000;font-family:'Times New Roman',serif;font-size:10pt;font-weight:400;line-height:100%"">$</span></td><td style=""background-color:#cceeff;padding:2px 0;text-align:right;vertical-align:bottom""><span style=""color:#000000;font-family:'Times New Roman',serif;font-size:10pt;font-weight:400;line-height:100%"">118 </span></td><td style=""background-color:#cceeff;padding:2px 1pt 2px 0;text-align:right;vertical-align:bottom""></td><td colspan=""3"" style=""background-color:#cceeff;padding:0 1pt""></td><td style=""background-color:#cceeff;padding:2px 0 2px 1pt;text-align:left;vertical-align:bottom""><span style=""color:#000000;font-family:'Times New Roman',serif;font-size:10pt;font-weight:400;line-height:100%"">$</span></td><td style=""background-color:#cceeff;padding:2px 0;text-align:right;vertical-align:bottom""><span style=""color:#000000;font-family:'Times New Roman',serif;font-size:10pt;font-weight:400;line-height:100%"">178 </span></td><td style=""background-color:#cceeff;padding:2px 1pt 2px 0;text-align:right;vertical-align:bottom""></td></tr><tr><td colspan=""3"" style=""background-color:#ffffff;padding:2px 1pt;text-align:left;vertical-align:bottom""><div><span style=""color:#000000;font-family:'Times New Roman',serif;font-size:10pt;font-weight:400;line-height:100%"">State and other</span></div></td><td colspan=""2"" style=""background-color:#ffffff;padding:2px 0 2px 1pt;text-align:right;vertical-align:bottom""><span style=""color:#000000;font-family:'Times New Roman',serif;font-size:10pt;font-weight:400;line-height:100%"">103 </span></td><td style=""background-color:#ffffff;padding:2px 1pt 2px 0;text-align:right;vertical-align:bottom""></td><td colspan=""3"" style=""background-color:#ffffff;padding:0 1pt""></td><td colspan=""2"" style=""background-color:#ffffff;padding:2px 0 2px 1pt;text-align:right;vertical-align:bottom""><span style=""color:#000000;font-family:'Times New Roman',serif;font-size:10pt;font-weight:400;line-height:100%"">212 </span></td><td style=""background-color:#ffffff;padding:2px 1pt 2px 0;text-align:right;vertical-align:bottom""></td><td colspan=""3"" style=""background-color:#ffffff;padding:0 1pt""></td><td colspan=""2"" style=""background-color:#ffffff;padding:2px 0 2px 1pt;text-align:right;vertical-align:bottom""><span style=""color:#000000;font-family:'Times New Roman',serif;font-size:10pt;font-weight:400;line-height:100%"">342 </span></td><td style=""background-color:#ffffff;padding:2px 1pt 2px 0;text-align:right;vertical-align:bottom""></td><td colspan=""3"" style=""background-color:#ffffff;padding:0 1pt""></td><td colspan=""2"" style=""background-color:#ffffff;padding:2px 0 2px 1pt;text-align:right;vertical-align:bottom""><span style=""color:#000000;font-family:'Times New Roman',serif;font-size:10pt;font-weight:400;line-height:100%"">414 </span></td><td style=""background-color:#ffffff;padding:2px 1pt 2px 0;text-align:right;vertical-align:bottom""></td></tr><tr><td colspan=""3"" style=""background-color:#cceeff;padding:2px 1pt;text-align:left;vertical-align:bottom""><span style=""color:#000000;font-family:'Times New Roman',serif;font-size:10pt;font-weight:400;line-height:100%"">Excise</span></td><td colspan=""2"" style=""background-color:#cceeff;padding:2px 0 2px 1pt;text-align:right;vertical-align:bottom""><span style=""color:#000000;font-family:'Times New Roman',serif;font-size:10pt;font-weight:400;line-height:100%"">87 </span></td><td style=""background-color:#cceeff;padding:2px 1pt 2px 0;text-align:right;vertical-align:bottom""></td><td colspan=""3"" style=""background-color:#cceeff;padding:0 1pt""></td><td colspan=""2"" style=""background-color:#cceeff;padding:2px 0 2px 1pt;text-align:right;vertical-align:bottom""><span style=""color:#000000;font-family:'Times New Roman',serif;font-size:10pt;font-weight:400;line-height:100%"">4 </span></td><td style=""background-color:#cceeff;padding:2px 1pt 2px 0;text-align:right;vertical-align:bottom""></td><td colspan=""3"" style=""background-color:#cceeff;padding:0 1pt""></td><td colspan=""2"" style=""background-color:#cceeff;padding:2px 0 2px 1pt;text-align:right;vertical-align:bottom""><span style=""color:#000000;font-family:'Times New Roman',serif;font-size:10pt;font-weight:400;line-height:100%"">279 </span></td><td style=""background-color:#cceeff;padding:2px 1pt 2px 0;text-align:right;vertical-align:bottom""></td><td colspan=""3"" style=""background-color:#cceeff;padding:0 1pt""></td><td colspan=""2"" style=""background-color:#cceeff;padding:2px 0 2px 1pt;text-align:right;vertical-align:bottom""><span style=""color:#000000;font-family:'Times New Roman',serif;font-size:10pt;font-weight:400;line-height:100%"">80 </span></td><td style=""background-color:#cceeff;padding:2px 1pt 2px 0;text-align:right;vertical-align:bottom""></td></tr><tr><td colspan=""3"" style=""background-color:#ffffff;padding:2px 1pt 2px 13pt;text-align:left;vertical-align:bottom""><span style=""color:#000000;font-family:'Times New Roman',serif;font-size:10pt;font-weight:400;line-height:100%"">Total current tax expense</span></td><td colspan=""2"" style=""background-color:#ffffff;border-top:1pt solid #000;padding:2px 0 2px 1pt;text-align:right;vertical-align:bottom""><span style=""color:#000000;font-family:'Times New Roman',serif;font-size:10pt;font-weight:400;line-height:100%"">255 </span></td><td style=""background-color:#ffffff;border-top:1pt solid #000;padding:2px 1pt 2px 0;text-align:right;vertical-align:bottom""></td><td colspan=""3"" style=""background-color:#ffffff;padding:0 1pt""></td><td colspan=""2"" style=""background-color:#ffffff;border-top:1pt solid #000;padding:2px 0 2px 1pt;text-align:right;vertical-align:bottom""><span style=""color:#000000;font-family:'Times New Roman',serif;font-size:10pt;font-weight:400;line-height:100%"">341 </span></td><td style=""background-color:#ffffff;border-top:1pt solid #000;padding:2px 1pt 2px 0;text-align:right;vertical-align:bottom""></td><td colspan=""3"" style=""background-color:#ffffff;padding:0 1pt""></td><td colspan=""2"" style=""background-color:#ffffff;border-top:1pt solid #000;padding:2px 0 2px 1pt;text-align:right;vertical-align:bottom""><span style=""color:#000000;font-family:'Times New Roman',serif;font-size:10pt;font-weight:400;line-height:100%"">739 </span></td><td style=""background-color:#ffffff;border-top:1pt solid #000;padding:2px 1pt 2px 0;text-align:right;vertical-align:bottom""></td><td colspan=""3"" style=""background-color:#ffffff;padding:0 1pt""></td><td colspan=""2"" style=""background-color:#ffffff;border-top:1pt solid #000;padding:2px 0 2px 1pt;text-align:right;vertical-align:bottom""><span style=""color:#000000;font-family:'Times New Roman',serif;font-size:10pt;font-weight:400;line-height:100%"">672 </span></td><td style=""background-color:#ffffff;border-top:1pt solid #000;padding:2px 1pt 2px 0;text-align:right;vertical-align:bottom""></td></tr><tr style=""height:14pt""><td colspan=""3"" style=""background-color:#cceeff;padding:0 1pt""></td><td colspan=""3"" style=""background-color:#cceeff;padding:0 1pt""></td><td colspan=""3"" style=""background-color:#cceeff;padding:0 1pt""></td><td colspan=""3"" style=""background-color:#cceeff;padding:0 1pt""></td><td colspan=""3"" style=""background-color:#cceeff;padding:0 1pt""></td><td colspan=""3"" style=""background-color:#cceeff;padding:0 1pt""></td><td colspan=""3"" style=""background-color:#cceeff;padding:0 1pt""></td><td colspan=""3"" style=""background-color:#cceeff;padding:0 1pt""></td></tr><tr><td colspan=""3"" style=""background-color:#ffffff;padding:2px 1pt;text-align:left;vertical-align:bottom""><span style=""color:#000000;font-family:'Times New Roman',serif;font-size:10pt;font-style:italic;font-weight:400;line-height:100%"">Deferred tax expense (benefit):</span></td><td colspan=""3"" style=""background-color:#ffffff;padding:0 1pt""></td><td colspan=""3"" style=""background-color:#ffffff;padding:0 1pt""></td><td colspan=""3"" style=""background-color:#ffffff;padding:0 1pt""></td><td colspan=""3"" style=""background-color:#ffffff;padding:0 1pt""></td><td colspan=""3"" style=""background-color:#ffffff;padding:0 1pt""></td><td colspan=""3"" style=""background-color:#ffffff;padding:0 1pt""></td><td colspan=""3"" style=""background-color:#ffffff;padding:0 1pt""></td></tr><tr><td colspan=""3"" style=""background-color:#cceeff;padding:2px 1pt;text-align:left;vertical-align:bottom""><span style=""color:#000000;font-family:'Times New Roman',serif;font-size:10pt;font-weight:400;line-height:100%"">Federal</span></td><td colspan=""2"" style=""background-color:#cceeff;padding:2px 0 2px 1pt;text-align:right;vertical-align:bottom""><span style=""color:#000000;font-family:'Times New Roman',serif;font-size:10pt;font-weight:400;line-height:100%"">894 </span></td><td style=""background-color:#cceeff;padding:2px 1pt 2px 0;text-align:right;vertical-align:bottom""></td><td colspan=""3"" style=""background-color:#cceeff;padding:0 1pt""></td><td colspan=""2"" style=""background-color:#cceeff;padding:2px 0 2px 1pt;text-align:right;vertical-align:bottom""><span style=""color:#000000;font-family:'Times New Roman',serif;font-size:10pt;font-weight:400;line-height:100%"">574 </span></td><td style=""background-color:#cceeff;padding:2px 1pt 2px 0;text-align:right;vertical-align:bottom""></td><td colspan=""3"" style=""background-color:#cceeff;padding:0 1pt""></td><td colspan=""2"" style=""background-color:#cceeff;padding:2px 0 2px 1pt;text-align:right;vertical-align:bottom""><span style=""color:#000000;font-family:'Times New Roman',serif;font-size:10pt;font-weight:400;line-height:100%"">1,242 </span></td><td style=""background-color:#cceeff;padding:2px 1pt 2px 0;text-align:right;vertical-align:bottom""></td><td colspan=""3"" style=""background-color:#cceeff;padding:0 1pt""></td><td colspan=""2"" style=""background-color:#cceeff;padding:2px 0 2px 1pt;text-align:right;vertical-align:bottom""><span style=""color:#000000;font-family:'Times New Roman',serif;font-size:10pt;font-weight:400;line-height:100%"">745 </span></td><td style=""background-color:#cceeff;padding:2px 1pt 2px 0;text-align:right;vertical-align:bottom""></td></tr><tr><td colspan=""3"" style=""background-color:#ffffff;padding:2px 1pt;text-align:left;vertical-align:bottom""><div><span style=""color:#000000;font-family:'Times New Roman',serif;font-size:10pt;font-weight:400;line-height:100%"">State and other</span></div></td><td colspan=""2"" style=""background-color:#ffffff;padding:2px 0 2px 1pt;text-align:right;vertical-align:bottom""><span style=""color:#000000;font-family:'Times New Roman',serif;font-size:10pt;font-weight:400;line-height:100%"">(150)</span></td><td style=""background-color:#ffffff;padding:2px 1pt 2px 0;text-align:right;vertical-align:bottom""></td><td colspan=""3"" style=""background-color:#ffffff;padding:0 1pt""></td><td colspan=""2"" style=""background-color:#ffffff;padding:2px 0 2px 1pt;text-align:right;vertical-align:bottom""><span style=""color:#000000;font-family:'Times New Roman',serif;font-size:10pt;font-weight:400;line-height:100%"">31 </span></td><td style=""background-color:#ffffff;padding:2px 1pt 2px 0;text-align:right;vertical-align:bottom""></td><td colspan=""3"" style=""background-color:#ffffff;padding:0 1pt""></td><td colspan=""2"" style=""background-color:#ffffff;padding:2px 0 2px 1pt;text-align:right;vertical-align:bottom""><span style=""color:#000000;font-family:'Times New Roman',serif;font-size:10pt;font-weight:400;line-height:100%"">59 </span></td><td style=""background-color:#ffffff;padding:2px 1pt 2px 0;text-align:right;vertical-align:bottom""></td><td colspan=""3"" style=""background-color:#ffffff;padding:0 1pt""></td><td colspan=""2"" style=""background-color:#ffffff;padding:2px 0 2px 1pt;text-align:right;vertical-align:bottom""><span style=""color:#000000;font-family:'Times New Roman',serif;font-size:10pt;font-weight:400;line-height:100%"">88 </span></td><td style=""background-color:#ffffff;padding:2px 1pt 2px 0;text-align:right;vertical-align:bottom""></td></tr><tr><td colspan=""3"" style=""background-color:#cceeff;padding:2px 1pt 2px 13pt;text-align:left;vertical-align:bottom""><span style=""color:#000000;font-family:'Times New Roman',serif;font-size:10pt;font-weight:400;line-height:100%"">Total deferred tax expense</span></td><td colspan=""2"" style=""background-color:#cceeff;border-top:1pt solid #000;padding:2px 0 2px 1pt;text-align:right;vertical-align:bottom""><span style=""color:#000000;font-family:'Times New Roman',serif;font-size:10pt;font-weight:400;line-height:100%"">744 </span></td><td style=""background-color:#cceeff;border-top:1pt solid #000;padding:2px 1pt 2px 0;text-align:right;vertical-align:bottom""></td><td colspan=""3"" style=""background-color:#cceeff;padding:0 1pt""></td><td colspan=""2"" style=""background-color:#cceeff;border-top:1pt solid #000;padding:2px 0 2px 1pt;text-align:right;vertical-align:bottom""><span style=""color:#000000;font-family:'Times New Roman',serif;font-size:10pt;font-weight:400;line-height:100%"">605 </span></td><td style=""background-color:#cceeff;border-top:1pt solid #000;padding:2px 1pt 2px 0;text-align:right;vertical-align:bottom""></td><td colspan=""3"" style=""background-color:#cceeff;padding:0 1pt""></td><td colspan=""2"" style=""background-color:#cceeff;border-top:1pt solid #000;padding:2px 0 2px 1pt;text-align:right;vertical-align:bottom""><span style=""color:#000000;font-family:'Times New Roman',serif;font-size:10pt;font-weight:400;line-height:100%"">1,301 </span></td><td style=""background-color:#cceeff;border-top:1pt solid #000;padding:2px 1pt 2px 0;text-align:right;vertical-align:bottom""></td><td colspan=""3"" style=""background-color:#cceeff;padding:0 1pt""></td><td colspan=""2"" style=""background-color:#cceeff;border-top:1pt solid #000;padding:2px 0 2px 1pt;text-align:right;vertical-align:bottom""><span style=""color:#000000;font-family:'Times New Roman',serif;font-size:10pt;font-weight:400;line-height:100%"">833 </span></td><td style=""background-color:#cceeff;border-top:1pt solid #000;padding:2px 1pt 2px 0;text-align:right;vertical-align:bottom""></td></tr><tr style=""height:14pt""><td colspan=""3"" style=""background-color:#ffffff;padding:0 1pt""></td><td colspan=""3"" style=""background-color:#ffffff;padding:0 1pt""></td><td colspan=""3"" style=""background-color:#ffffff;padding:0 1pt""></td><td colspan=""3"" style=""background-color:#ffffff;padding:0 1pt""></td><td colspan=""3"" style=""background-color:#ffffff;padding:0 1pt""></td><td colspan=""3"" style=""background-color:#ffffff;padding:0 1pt""></td><td colspan=""3"" style=""background-color:#ffffff;padding:0 1pt""></td><td colspan=""3"" style=""background-color:#ffffff;padding:0 1pt""></td></tr><tr><td colspan=""3"" style=""background-color:#cceeff;padding:2px 1pt 2px 13pt;text-align:left;vertical-align:bottom""><span style=""color:#000000;font-family:'Times New Roman',serif;font-size:10pt;font-weight:400;line-height:100%"">Total net investment income tax provision</span></td><td style=""background-color:#cceeff;border-top:1pt solid #000;padding:2px 0 2px 1pt;text-align:left;vertical-align:bottom""><span style=""color:#000000;font-family:'Times New Roman',serif;font-size:10pt;font-weight:400;line-height:100%"">$</span></td><td style=""background-color:#cceeff;border-top:1pt solid #000;padding:2px 0;text-align:right;vertical-align:bottom""><span style=""color:#000000;font-family:'Times New Roman',serif;font-size:10pt;font-weight:400;line-height:100%"">999 </span></td><td style=""background-color:#cceeff;border-top:1pt solid #000;padding:2px 1pt 2px 0;text-align:right;vertical-align:bottom""></td><td colspan=""3"" style=""background-color:#cceeff;padding:0 1pt""></td><td style=""background-color:#cceeff;border-top:1pt solid #000;padding:2px 0 2px 1pt;text-align:left;vertical-align:bottom""><span style=""color:#000000;font-family:'Times New Roman',serif;font-size:10pt;font-weight:400;line-height:100%"">$</span></td><td style=""background-color:#cceeff;border-top:1pt solid #000;padding:2px 0;text-align:right;vertical-align:bottom""><span style=""color:#000000;font-family:'Times New Roman',serif;font-size:10pt;font-weight:400;line-height:100%"">946 </span></td><td style=""background-color:#cceeff;border-top:1pt solid #000;padding:2px 1pt 2px 0;text-align:right;vertical-align:bottom""></td><td colspan=""3"" style=""background-color:#cceeff;padding:0 1pt""></td><td style=""background-color:#cceeff;border-top:1pt solid #000;padding:2px 0 2px 1pt;text-align:left;vertical-align:bottom""><span style=""color:#000000;font-family:'Times New Roman',serif;font-size:10pt;font-weight:400;line-height:100%"">$</span></td><td style=""background-color:#cceeff;border-top:1pt solid #000;padding:2px 0;text-align:right;vertical-align:bottom""><span style=""color:#000000;font-family:'Times New Roman',serif;font-size:10pt;font-weight:400;line-height:100%"">2,040 </span></td><td style=""background-color:#cceeff;border-top:1pt solid #000;padding:2px 1pt 2px 0;text-align:right;vertical-align:bottom""></td><td colspan=""3"" style=""background-color:#cceeff;padding:0 1pt""></td><td style=""background-color:#cceeff;border-top:1pt solid #000;padding:2px 0 2px 1pt;text-align:left;vertical-align:bottom""><span style=""color:#000000;font-family:'Times New Roman',serif;font-size:10pt;font-weight:400;line-height:100%"">$</span></td><td style=""background-color:#cceeff;border-top:1pt solid #000;padding:2px 0;text-align:right;vertical-align:bottom""><span style=""color:#000000;font-family:'Times New Roman',serif;font-size:10pt;font-weight:400;line-height:100%"">1,505 </span></td><td style=""background-color:#cceeff;border-top:1pt solid #000;padding:2px 1pt 2px 0;text-align:right;vertical-align:bottom""></td></tr><tr style=""height:14pt""><td colspan=""3"" style=""background-color:#ffffff;padding:0 1pt""></td><td colspan=""3"" style=""background-color:#ffffff;border-top:3pt double #000;padding:0 1pt""></td><td colspan=""3"" style=""background-color:#ffffff;padding:0 1pt""></td><td colspan=""3"" style=""background-color:#ffffff;border-top:3pt double #000;padding:0 1pt""></td><td colspan=""3"" style=""background-color:#ffffff;padding:0 1pt""></td><td colspan=""3"" style=""background-color:#ffffff;border-top:3pt double #000;padding:0 1pt""></td><td colspan=""3"" style=""background-color:#ffffff;padding:0 1pt""></td><td colspan=""3"" style=""background-color:#ffffff;border-top:3pt double #000;padding:0 1pt""></td></tr><tr><td colspan=""3"" style=""background-color:#cceeff;padding:2px 1pt;text-align:left;vertical-align:bottom""><span style=""color:#000000;font-family:'Times New Roman',serif;font-size:10pt;font-weight:700;line-height:100%"">Investment valuation related taxes</span></td><td colspan=""3"" style=""background-color:#cceeff;padding:0 1pt""></td><td colspan=""3"" style=""background-color:#cceeff;padding:0 1pt""></td><td colspan=""3"" style=""background-color:#cceeff;padding:0 1pt""></td><td colspan=""3"" style=""background-color:#cceeff;padding:0 1pt""></td><td colspan=""3"" style=""background-color:#cceeff;padding:0 1pt""></td><td colspan=""3"" style=""background-color:#cceeff;padding:0 1pt""></td><td colspan=""3"" style=""background-color:#cceeff;padding:0 1pt""></td></tr><tr><td colspan=""3"" style=""background-color:#ffffff;padding:2px 1pt;text-align:left;vertical-align:bottom""><span style=""color:#000000;font-family:'Times New Roman',serif;font-size:10pt;font-style:italic;font-weight:400;line-height:100%"">Current tax expense:</span></td><td colspan=""3"" style=""background-color:#ffffff;padding:0 1pt""></td><td colspan=""3"" style=""background-color:#ffffff;padding:0 1pt""></td><td colspan=""3"" style=""background-color:#ffffff;padding:0 1pt""></td><td colspan=""3"" style=""background-color:#ffffff;padding:0 1pt""></td><td colspan=""3"" style=""background-color:#ffffff;padding:0 1pt""></td><td colspan=""3"" style=""background-color:#ffffff;padding:0 1pt""></td><td colspan=""3"" style=""background-color:#ffffff;padding:0 1pt""></td></tr><tr><td colspan=""3"" style=""background-color:#cceeff;padding:2px 1pt;text-align:left;vertical-align:bottom""><span style=""color:#000000;font-family:'Times New Roman',serif;font-size:10pt;font-weight:400;line-height:100%"">Federal</span></td><td style=""background-color:#cceeff;padding:2px 0 2px 1pt;text-align:left;vertical-align:bottom""><span style=""color:#000000;font-family:'Times New Roman',serif;font-size:10pt;font-weight:400;line-height:100%"">$</span></td><td style=""background-color:#cceeff;padding:2px 0;text-align:right;vertical-align:bottom""><span style=""color:#000000;font-family:'Times New Roman',serif;font-size:10pt;font-weight:400;line-height:100%"">— </span></td><td style=""background-color:#cceeff;padding:2px 1pt 2px 0;text-align:right;vertical-align:bottom""></td><td colspan=""3"" style=""background-color:#cceeff;padding:0 1pt""></td><td style=""background-color:#cceeff;padding:2px 0 2px 1pt;text-align:left;vertical-align:bottom""><span style=""color:#000000;font-family:'Times New Roman',serif;font-size:10pt;font-weight:400;line-height:100%"">$</span></td><td style=""background-color:#cceeff;padding:2px 0;text-align:right;vertical-align:bottom""><span style=""color:#000000;font-family:'Times New Roman',serif;font-size:10pt;font-weight:400;line-height:100%"">205 </span></td><td style=""background-color:#cceeff;padding:2px 1pt 2px 0;text-align:right;vertical-align:bottom""></td><td colspan=""3"" style=""background-color:#cceeff;padding:0 1pt""></td><td style=""background-color:#cceeff;padding:2px 0 2px 1pt;text-align:left;vertical-align:bottom""><span style=""color:#000000;font-family:'Times New Roman',serif;font-size:10pt;font-weight:400;line-height:100%"">$</span></td><td style=""background-color:#cceeff;padding:2px 0;text-align:right;vertical-align:bottom""><span style=""color:#000000;font-family:'Times New Roman',serif;font-size:10pt;font-weight:400;line-height:100%"">— </span></td><td style=""background-color:#cceeff;padding:2px 1pt 2px 0;text-align:right;vertical-align:bottom""></td><td colspan=""3"" style=""background-color:#cceeff;padding:0 1pt""></td><td style=""background-color:#cceeff;padding:2px 0 2px 1pt;text-align:left;vertical-align:bottom""><span style=""color:#000000;font-family:'Times New Roman',serif;font-size:10pt;font-weight:400;line-height:100%"">$</span></td><td style=""background-color:#cceeff;padding:2px 0;text-align:right;vertical-align:bottom""><span style=""color:#000000;font-family:'Times New Roman',serif;font-size:10pt;font-weight:400;line-height:100%"">205 </span></td><td style=""background-color:#cceeff;padding:2px 1pt 2px 0;text-align:right;vertical-align:bottom""></td></tr><tr><td colspan=""3"" style=""display:none""></td><td colspan=""3"" style=""display:none""></td><td colspan=""3"" style=""display:none""></td><td colspan=""3"" style=""display:none""></td><td colspan=""3"" style=""display:none""></td><td colspan=""3"" style=""display:none""></td><td colspan=""3"" style=""display:none""></td><td colspan=""3"" style=""display:none""></td></tr><tr><td colspan=""3"" style=""display:none""></td><td colspan=""3"" style=""display:none""></td><td colspan=""3"" style=""display:none""></td><td colspan=""3"" style=""display:none""></td><td colspan=""3"" style=""display:none""></td><td colspan=""3"" style=""display:none""></td><td colspan=""3"" style=""display:none""></td><td colspan=""3"" style=""display:none""></td></tr><tr><td colspan=""3"" style=""background-color:#ffffff;padding:2px 1pt 2px 10pt;text-align:left;vertical-align:bottom""><span style=""color:#000000;font-family:'Times New Roman',serif;font-size:10pt;font-weight:400;line-height:100%"">Total current tax expense</span></td><td colspan=""2"" style=""background-color:#ffffff;border-top:1pt solid #000;padding:2px 0 2px 1pt;text-align:right;vertical-align:bottom""><span style=""color:#000000;font-family:'Times New Roman',serif;font-size:10pt;font-weight:400;line-height:100%"">— </span></td><td style=""background-color:#ffffff;border-top:1pt solid #000;padding:2px 1pt 2px 0;text-align:right;vertical-align:bottom""></td><td colspan=""3"" style=""background-color:#ffffff;padding:0 1pt""></td><td colspan=""2"" style=""background-color:#ffffff;border-top:1pt solid #000;padding:2px 0 2px 1pt;text-align:right;vertical-align:bottom""><span style=""color:#000000;font-family:'Times New Roman',serif;font-size:10pt;font-weight:400;line-height:100%"">205 </span></td><td style=""background-color:#ffffff;border-top:1pt solid #000;padding:2px 1pt 2px 0;text-align:right;vertical-align:bottom""></td><td colspan=""3"" style=""background-color:#ffffff;padding:0 1pt""></td><td colspan=""2"" style=""background-color:#ffffff;border-top:1pt solid #000;padding:2px 0 2px 1pt;text-align:right;vertical-align:bottom""><span style=""color:#000000;font-family:'Times New Roman',serif;font-size:10pt;font-weight:400;line-height:100%"">— </span></td><td style=""background-color:#ffffff;border-top:1pt solid #000;padding:2px 1pt 2px 0;text-align:right;vertical-align:bottom""></td><td colspan=""3"" style=""background-color:#ffffff;border-top:1pt solid #000;padding:0 1pt""></td><td colspan=""2"" style=""background-color:#ffffff;border-top:1pt solid #000;padding:2px 0 2px 1pt;text-align:right;vertical-align:bottom""><span style=""color:#000000;font-family:'Times New Roman',serif;font-size:10pt;font-weight:400;line-height:100%"">205 </span></td><td style=""background-color:#ffffff;border-top:1pt solid #000;padding:2px 1pt 2px 0;text-align:right;vertical-align:bottom""></td></tr><tr style=""height:14pt""><td colspan=""3"" style=""background-color:#cceeff;padding:0 1pt""></td><td colspan=""3"" style=""background-color:#cceeff;padding:0 1pt""></td><td colspan=""3"" style=""background-color:#cceeff;padding:0 1pt""></td><td colspan=""3"" style=""background-color:#cceeff;padding:0 1pt""></td><td colspan=""3"" style=""background-color:#cceeff;padding:0 1pt""></td><td colspan=""3"" style=""background-color:#cceeff;padding:0 1pt""></td><td colspan=""3"" style=""background-color:#cceeff;padding:0 1pt""></td><td colspan=""3"" style=""background-color:#cceeff;padding:0 1pt""></td></tr><tr><td colspan=""3"" style=""background-color:#ffffff;padding:2px 1pt;text-align:left;vertical-align:bottom""><span style=""color:#000000;font-family:'Times New Roman',serif;font-size:10pt;font-style:italic;font-weight:400;line-height:100%"">Deferred tax expense (benefit):</span></td><td colspan=""3"" style=""background-color:#ffffff;padding:0 1pt""></td><td colspan=""3"" style=""background-color:#ffffff;padding:0 1pt""></td><td colspan=""3"" style=""background-color:#ffffff;padding:0 1pt""></td><td colspan=""3"" style=""background-color:#ffffff;padding:0 1pt""></td><td colspan=""3"" style=""background-color:#ffffff;padding:0 1pt""></td><td colspan=""3"" style=""background-color:#ffffff;padding:0 1pt""></td><td colspan=""3"" style=""background-color:#ffffff;padding:0 1pt""></td></tr><tr><td colspan=""3"" style=""background-color:#cceeff;padding:2px 1pt;text-align:left;vertical-align:bottom""><span style=""color:#000000;font-family:'Times New Roman',serif;font-size:10pt;font-weight:400;line-height:100%"">Federal</span></td><td colspan=""2"" style=""background-color:#cceeff;padding:2px 0 2px 1pt;text-align:right;vertical-align:bottom""><span style=""color:#000000;font-family:'Times New Roman',serif;font-size:10pt;font-weight:400;line-height:100%"">549 </span></td><td style=""background-color:#cceeff;padding:2px 1pt 2px 0;text-align:right;vertical-align:bottom""></td><td colspan=""3"" style=""background-color:#cceeff;padding:0 1pt""></td><td colspan=""2"" style=""background-color:#cceeff;padding:2px 0 2px 1pt;text-align:right;vertical-align:bottom""><span style=""color:#000000;font-family:'Times New Roman',serif;font-size:10pt;font-weight:400;line-height:100%"">1,513 </span></td><td style=""background-color:#cceeff;padding:2px 1pt 2px 0;text-align:right;vertical-align:bottom""></td><td colspan=""3"" style=""background-color:#cceeff;padding:0 1pt""></td><td colspan=""2"" style=""background-color:#cceeff;padding:2px 0 2px 1pt;text-align:right;vertical-align:bottom""><span style=""color:#000000;font-family:'Times New Roman',serif;font-size:10pt;font-weight:400;line-height:100%"">(1,413)</span></td><td style=""background-color:#cceeff;padding:2px 1pt 2px 0;text-align:right;vertical-align:bottom""></td><td colspan=""3"" style=""background-color:#cceeff;padding:0 1pt""></td><td colspan=""2"" style=""background-color:#cceeff;padding:2px 0 2px 1pt;text-align:right;vertical-align:bottom""><span style=""color:#000000;font-family:'Times New Roman',serif;font-size:10pt;font-weight:400;line-height:100%"">1,997 </span></td><td style=""background-color:#cceeff;padding:2px 1pt 2px 0;text-align:right;vertical-align:bottom""></td></tr><tr><td colspan=""3"" style=""background-color:#ffffff;padding:2px 1pt;text-align:left;vertical-align:bottom""><span style=""color:#000000;font-family:'Times New Roman',serif;font-size:10pt;font-weight:400;line-height:100%"">State and other</span></td><td colspan=""2"" style=""background-color:#ffffff;padding:2px 0 2px 1pt;text-align:right;vertical-align:bottom""><span style=""color:#000000;font-family:'Times New Roman',serif;font-size:10pt;font-weight:400;line-height:100%"">344 </span></td><td style=""background-color:#ffffff;padding:2px 1pt 2px 0;text-align:right;vertical-align:bottom""></td><td colspan=""3"" style=""background-color:#ffffff;padding:0 1pt""></td><td colspan=""2"" style=""background-color:#ffffff;padding:2px 0 2px 1pt;text-align:right;vertical-align:bottom""><span style=""color:#000000;font-family:'Times New Roman',serif;font-size:10pt;font-weight:400;line-height:100%"">112 </span></td><td style=""background-color:#ffffff;padding:2px 1pt 2px 0;text-align:right;vertical-align:bottom""></td><td colspan=""3"" style=""background-color:#ffffff;padding:0 1pt""></td><td colspan=""2"" style=""background-color:#ffffff;padding:2px 0 2px 1pt;text-align:right;vertical-align:bottom""><span style=""color:#000000;font-family:'Times New Roman',serif;font-size:10pt;font-weight:400;line-height:100%"">(105)</span></td><td style=""background-color:#ffffff;padding:2px 1pt 2px 0;text-align:right;vertical-align:bottom""></td><td colspan=""3"" style=""background-color:#ffffff;padding:0 1pt""></td><td colspan=""2"" style=""background-color:#ffffff;padding:2px 0 2px 1pt;text-align:right;vertical-align:bottom""><span style=""color:#000000;font-family:'Times New Roman',serif;font-size:10pt;font-weight:400;line-height:100%"">10 </span></td><td style=""background-color:#ffffff;padding:2px 1pt 2px 0;text-align:right;vertical-align:bottom""></td></tr><tr><td colspan=""3"" style=""background-color:#cceeff;padding:2px 1pt 2px 10pt;text-align:left;vertical-align:bottom""><span style=""color:#000000;font-family:'Times New Roman',serif;font-size:10pt;font-weight:400;line-height:100%"">Total deferred tax expense (benefit)</span></td><td colspan=""2"" style=""background-color:#cceeff;border-top:1pt solid #000;padding:2px 0 2px 1pt;text-align:right;vertical-align:bottom""><span style=""color:#000000;font-family:'Times New Roman',serif;font-size:10pt;font-weight:400;line-height:100%"">893 </span></td><td style=""background-color:#cceeff;border-top:1pt solid #000;padding:2px 1pt 2px 0;text-align:right;vertical-align:bottom""></td><td colspan=""3"" style=""background-color:#cceeff;padding:0 1pt""></td><td colspan=""2"" style=""background-color:#cceeff;border-top:1pt solid #000;padding:2px 0 2px 1pt;text-align:right;vertical-align:bottom""><span style=""color:#000000;font-family:'Times New Roman',serif;font-size:10pt;font-weight:400;line-height:100%"">1,625 </span></td><td style=""background-color:#cceeff;border-top:1pt solid #000;padding:2px 1pt 2px 0;text-align:right;vertical-align:bottom""></td><td colspan=""3"" style=""background-color:#cceeff;padding:0 1pt""></td><td colspan=""2"" style=""background-color:#cceeff;border-top:1pt solid #000;padding:2px 0 2px 1pt;text-align:right;vertical-align:bottom""><span style=""color:#000000;font-family:'Times New Roman',serif;font-size:10pt;font-weight:400;line-height:100%"">(1,518)</span></td><td style=""background-color:#cceeff;border-top:1pt solid #000;padding:2px 1pt 2px 0;text-align:right;vertical-align:bottom""></td><td colspan=""3"" style=""background-color:#cceeff;padding:0 1pt""></td><td colspan=""2"" style=""background-color:#cceeff;border-top:1pt solid #000;padding:2px 0 2px 1pt;text-align:right;vertical-align:bottom""><span style=""color:#000000;font-family:'Times New Roman',serif;font-size:10pt;font-weight:400;line-height:100%"">2,007 </span></td><td style=""background-color:#cceeff;border-top:1pt solid #000;padding:2px 1pt 2px 0;text-align:right;vertical-align:bottom""></td></tr><tr style=""height:14pt""><td colspan=""3"" style=""background-color:#ffffff;padding:0 1pt""></td><td colspan=""3"" style=""background-color:#ffffff;padding:0 1pt""></td><td colspan=""3"" style=""background-color:#ffffff;padding:0 1pt""></td><td colspan=""3"" style=""background-color:#ffffff;padding:0 1pt""></td><td colspan=""3"" style=""background-color:#ffffff;padding:0 1pt""></td><td colspan=""3"" style=""background-color:#ffffff;padding:0 1pt""></td><td colspan=""3"" style=""background-color:#ffffff;padding:0 1pt""></td><td colspan=""3"" style=""background-color:#ffffff;padding:0 1pt""></td></tr><tr><td colspan=""3"" style=""background-color:#cceeff;padding:2px 1pt 2px 10pt;text-align:left;vertical-align:bottom""><span style=""color:#000000;font-family:'Times New Roman',serif;font-size:10pt;font-weight:400;line-height:100%"">Total investment valuation related income tax provision (benefit)</span></td><td style=""background-color:#cceeff;border-top:1pt solid #000;padding:2px 0 2px 1pt;text-align:left;vertical-align:bottom""><span style=""color:#000000;font-family:'Times New Roman',serif;font-size:10pt;font-weight:400;line-height:100%"">$</span></td><td style=""background-color:#cceeff;border-top:1pt solid #000;padding:2px 0;text-align:right;vertical-align:bottom""><span style=""color:#000000;font-family:'Times New Roman',serif;font-size:10pt;font-weight:400;line-height:100%"">893 </span></td><td style=""background-color:#cceeff;border-top:1pt solid #000;padding:2px 1pt 2px 0;text-align:right;vertical-align:bottom""></td><td colspan=""3"" style=""background-color:#cceeff;padding:0 1pt""></td><td style=""background-color:#cceeff;border-top:1pt solid #000;padding:2px 0 2px 1pt;text-align:left;vertical-align:bottom""><span style=""color:#000000;font-family:'Times New Roman',serif;font-size:10pt;font-weight:400;line-height:100%"">$</span></td><td style=""background-color:#cceeff;border-top:1pt solid #000;padding:2px 0;text-align:right;vertical-align:bottom""><span style=""color:#000000;font-family:'Times New Roman',serif;font-size:10pt;font-weight:400;line-height:100%"">1,830 </span></td><td style=""background-color:#cceeff;border-top:1pt solid #000;padding:2px 1pt 2px 0;text-align:right;vertical-align:bottom""></td><td colspan=""3"" style=""background-color:#cceeff;padding:0 1pt""></td><td style=""background-color:#cceeff;border-top:1pt solid #000;padding:2px 0 2px 1pt;text-align:left;vertical-align:bottom""><span style=""color:#000000;font-family:'Times New Roman',serif;font-size:10pt;font-weight:400;line-height:100%"">$</span></td><td style=""background-color:#cceeff;border-top:1pt solid #000;padding:2px 0;text-align:right;vertical-align:bottom""><span style=""color:#000000;font-family:'Times New Roman',serif;font-size:10pt;font-weight:400;line-height:100%"">(1,518)</span></td><td style=""background-color:#cceeff;border-top:1pt solid #000;padding:2px 1pt 2px 0;text-align:right;vertical-align:bottom""></td><td colspan=""3"" style=""background-color:#cceeff;padding:0 1pt""></td><td style=""background-color:#cceeff;border-top:1pt solid #000;padding:2px 0 2px 1pt;text-align:left;vertical-align:bottom""><span style=""color:#000000;font-family:'Times New Roman',serif;font-size:10pt;font-weight:400;line-height:100%"">$</span></td><td style=""background-color:#cceeff;border-top:1pt solid #000;padding:2px 0;text-align:right;vertical-align:bottom""><span style=""color:#000000;font-family:'Times New Roman',serif;font-size:10pt;font-weight:400;line-height:100%"">2,212 </span></td><td style=""background-color:#cceeff;border-top:1pt solid #000;padding:2px 1pt 2px 0;text-align:right;vertical-align:bottom""></td></tr><tr style=""height:14pt""><td colspan=""3"" style=""background-color:#ffffff;padding:0 1pt 0 10pt""></td><td colspan=""3"" style=""background-color:#ffffff;border-top:1pt solid #000;padding:0 1pt""></td><td colspan=""3"" style=""background-color:#ffffff;padding:0 1pt""></td><td colspan=""3"" style=""background-color:#ffffff;border-top:1pt solid #000;padding:0 1pt""></td><td colspan=""3"" style=""background-color:#ffffff;padding:0 1pt""></td><td colspan=""3"" style=""background-color:#ffffff;border-top:1pt solid #000;padding:0 1pt""></td><td colspan=""3"" style=""background-color:#ffffff;padding:0 1pt""></td><td colspan=""3"" style=""background-color:#ffffff;border-top:1pt solid #000;padding:0 1pt""></td></tr><tr><td colspan=""3"" style=""background-color:#cceeff;padding:2px 1pt;text-align:left;vertical-align:bottom""><span style=""color:#000000;font-family:'Times New Roman',serif;font-size:10pt;font-weight:700;line-height:100%"">Total income tax provision</span></td><td style=""background-color:#cceeff;border-bottom:3pt double #000;border-top:1pt solid #000;padding:2px 0 2px 1pt;text-align:left;vertical-align:bottom""><span style=""color:#000000;font-family:'Times New Roman',serif;font-size:10pt;font-weight:400;line-height:100%"">$</span></td><td style=""background-color:#cceeff;border-bottom:3pt double #000;border-top:1pt solid #000;padding:2px 0;text-align:right;vertical-align:bottom""><span style=""color:#000000;font-family:'Times New Roman',serif;font-size:10pt;font-weight:400;line-height:100%"">1,892 </span></td><td style=""background-color:#cceeff;border-bottom:3pt double #000;border-top:1pt solid #000;padding:2px 1pt 2px 0;text-align:right;vertical-align:bottom""></td><td colspan=""3"" style=""background-color:#cceeff;padding:0 1pt""></td><td style=""background-color:#cceeff;border-bottom:3pt double #000;border-top:1pt solid #000;padding:2px 0 2px 1pt;text-align:left;vertical-align:bottom""><span style=""color:#000000;font-family:'Times New Roman',serif;font-size:10pt;font-weight:400;line-height:100%"">$</span></td><td style=""background-color:#cceeff;border-bottom:3pt double #000;border-top:1pt solid #000;padding:2px 0;text-align:right;vertical-align:bottom""><span style=""color:#000000;font-family:'Times New Roman',serif;font-size:10pt;font-weight:400;line-height:100%"">2,776 </span></td><td style=""background-color:#cceeff;border-bottom:3pt double #000;border-top:1pt solid #000;padding:2px 1pt 2px 0;text-align:right;vertical-align:bottom""></td><td colspan=""3"" style=""background-color:#cceeff;padding:0 1pt""></td><td style=""background-color:#cceeff;border-bottom:3pt double #000;border-top:1pt solid #000;padding:2px 0 2px 1pt;text-align:left;vertical-align:bottom""><span style=""color:#000000;font-family:'Times New Roman',serif;font-size:10pt;font-weight:400;line-height:100%"">$</span></td><td style=""background-color:#cceeff;border-bottom:3pt double #000;border-top:1pt solid #000;padding:2px 0;text-align:right;vertical-align:bottom""><span style=""color:#000000;font-family:'Times New Roman',serif;font-size:10pt;font-weight:400;line-height:100%"">522 </span></td><td style=""background-color:#cceeff;border-bottom:3pt double #000;border-top:1pt solid #000;padding:2px 1pt 2px 0;text-align:right;vertical-align:bottom""></td><td colspan=""3"" style=""background-color:#cceeff;padding:0 1pt""></td><td style=""background-color:#cceeff;border-bottom:3pt double #000;border-top:1pt solid #000;padding:2px 0 2px 1pt;text-align:left;vertical-align:bottom""><span style=""color:#000000;font-family:'Times New Roman',serif;font-size:10pt;font-weight:400;line-height:100%"">$</span></td><td style=""background-color:#cceeff;border-bottom:3pt double #000;border-top:1pt solid #000;padding:2px 0;text-align:right;vertical-align:bottom""><span style=""color:#000000;font-family:'Times New Roman',serif;font-size:10pt;font-weight:400;line-height:100%"">3,717 </span></td><td style=""background-color:#cceeff;border-bottom:3pt double #000;border-top:1pt solid #000;padding:2px 1pt 2px 0;text-align:right;vertical-align:bottom""></td></tr></table></div>The net deferred tax asset as of June 30, 2025 and December 31, 2024 was $0.8 million and $0.6 million, respectively, with the change primarily related to changes in net unrealized appreciation or depreciation, changes in loss carryforwards and other temporary book-tax differences relating to portfolio investments held by the Taxable Subsidiaries. As of June 30, 2025, for U.S. federal income tax purposes, the Taxable Subsidiaries did not have any net operating loss carryforwards. The Taxable Subsidiaries have net capital loss carryforwards from prior years which, if unused, will expire in various taxable years 2025 through 2029. Additionally, the Taxable Subsidiaries have interest expense limitation carryforwards which have an indefinite carryforward period.",c-1,,,,,,False,DividendDistributionsIncomeTaxDisclosureTextBlock,
MSIF,2025-08-14,income_statement,income_statement,FederalIncomeTaxNoteTextBlock,FederalIncomeTaxNoteTextBlock,"<div style=""margin-bottom:6pt;text-indent:36pt""><span style=""color:#000000;font-family:'Times New Roman',serif;font-size:10pt;font-weight:400;line-height:120%"">Listed below is a reconciliation of “Net increase in net assets resulting from operations” to taxable income and to total distributions declared to common stockholders for the six months ended June 30, 2025 and 2024.</span></div><div style=""margin-bottom:10pt""><table style=""border-collapse:collapse;display:inline-table;margin-bottom:5pt;vertical-align:text-bottom;width:100.000%""><tr><td style=""width:1.0%""></td><td style=""width:71.930%""></td><td style=""width:0.1%""></td><td style=""width:1.0%""></td><td style=""width:12.081%""></td><td style=""width:0.1%""></td><td style=""width:0.1%""></td><td style=""width:0.406%""></td><td style=""width:0.1%""></td><td style=""width:1.0%""></td><td style=""width:12.083%""></td><td style=""width:0.1%""></td></tr><tr><td colspan=""3"" style=""padding:0 1pt""></td><td colspan=""9"" style=""padding:2px 1pt;text-align:center;vertical-align:bottom""><span style=""color:#000000;font-family:'Times New Roman',serif;font-size:8pt;font-weight:700;line-height:100%"">Six Months Ended June 30,</span></td></tr><tr><td colspan=""3"" style=""padding:0 1pt""></td><td colspan=""3"" style=""border-top:1pt solid #000;padding:2px 1pt;text-align:center;vertical-align:bottom""><span style=""color:#000000;font-family:'Times New Roman',serif;font-size:8pt;font-weight:700;line-height:100%"">2025</span></td><td colspan=""3"" style=""border-top:1pt solid #000;padding:0 1pt""></td><td colspan=""3"" style=""border-bottom:1pt solid #000;border-top:1pt solid #000;padding:2px 1pt;text-align:center;vertical-align:bottom""><span style=""color:#000000;font-family:'Times New Roman',serif;font-size:8pt;font-weight:700;line-height:100%"">2024</span></td></tr><tr><td colspan=""3"" style=""padding:0 1pt""></td><td colspan=""9"" style=""border-top:1pt solid #000;padding:2px 1pt;text-align:center;vertical-align:bottom""><span style=""color:#000000;font-family:'Times New Roman',serif;font-size:8pt;font-weight:700;line-height:100%"">(estimated, in thousands)</span></td></tr><tr><td colspan=""3"" style=""background-color:#cceeff;padding:2px 1pt;text-align:left;vertical-align:bottom""><span style=""color:#000000;font-family:'Times New Roman',serif;font-size:10pt;font-weight:400;line-height:100%"">Net increase in net assets resulting from operations</span></td><td style=""background-color:#cceeff;padding:2px 0 2px 1pt;text-align:left;vertical-align:bottom""><span style=""color:#000000;font-family:'Times New Roman',serif;font-size:10pt;font-weight:400;line-height:100%"">$</span></td><td style=""background-color:#cceeff;padding:2px 0;text-align:right;vertical-align:bottom""><span style=""color:#000000;font-family:'Times New Roman',serif;font-size:10pt;font-weight:400;line-height:100%"">32,164 </span></td><td style=""background-color:#cceeff;padding:2px 1pt 2px 0;text-align:right;vertical-align:bottom""></td><td colspan=""3"" style=""background-color:#cceeff;padding:0 1pt""></td><td style=""background-color:#cceeff;padding:2px 0 2px 1pt;text-align:left;vertical-align:bottom""><span style=""color:#000000;font-family:'Times New Roman',serif;font-size:10pt;font-weight:400;line-height:100%"">$</span></td><td style=""background-color:#cceeff;padding:2px 0;text-align:right;vertical-align:bottom""><span style=""color:#000000;font-family:'Times New Roman',serif;font-size:10pt;font-weight:400;line-height:100%"">28,717 </span></td><td style=""background-color:#cceeff;padding:2px 1pt 2px 0;text-align:right;vertical-align:bottom""></td></tr><tr><td colspan=""3"" style=""background-color:#ffffff;padding:2px 1pt;text-align:left;vertical-align:bottom""><span style=""color:#000000;font-family:'Times New Roman',serif;font-size:10pt;font-weight:400;line-height:100%"">Net unrealized appreciation</span></td><td colspan=""2"" style=""background-color:#ffffff;padding:2px 0 2px 1pt;text-align:right;vertical-align:bottom""><span style=""color:#000000;font-family:'Times New Roman',serif;font-size:10pt;font-weight:400;line-height:100%"">(14,879)</span></td><td style=""background-color:#ffffff;padding:2px 1pt 2px 0;text-align:right;vertical-align:bottom""></td><td colspan=""3"" style=""background-color:#ffffff;padding:0 1pt""></td><td colspan=""2"" style=""background-color:#ffffff;padding:2px 0 2px 1pt;text-align:right;vertical-align:bottom""><span style=""color:#000000;font-family:'Times New Roman',serif;font-size:10pt;font-weight:400;line-height:100%"">(5,093)</span></td><td style=""background-color:#ffffff;padding:2px 1pt 2px 0;text-align:right;vertical-align:bottom""></td></tr><tr><td colspan=""3"" style=""background-color:#cceeff;padding:2px 1pt;text-align:left;vertical-align:bottom""><span style=""color:#000000;font-family:'Times New Roman',serif;font-size:10pt;font-weight:400;line-height:100%"">Income tax provision</span></td><td colspan=""2"" style=""background-color:#cceeff;padding:2px 0 2px 1pt;text-align:right;vertical-align:bottom""><span style=""color:#000000;font-family:'Times New Roman',serif;font-size:10pt;font-weight:400;line-height:100%"">522 </span></td><td style=""background-color:#cceeff;padding:2px 1pt 2px 0;text-align:right;vertical-align:bottom""></td><td colspan=""3"" style=""background-color:#cceeff;padding:0 1pt""></td><td colspan=""2"" style=""background-color:#cceeff;padding:2px 0 2px 1pt;text-align:right;vertical-align:bottom""><span style=""color:#000000;font-family:'Times New Roman',serif;font-size:10pt;font-weight:400;line-height:100%"">3,717 </span></td><td style=""background-color:#cceeff;padding:2px 1pt 2px 0;text-align:right;vertical-align:bottom""></td></tr><tr><td colspan=""3"" style=""background-color:#ffffff;padding:2px 1pt;text-align:left;vertical-align:bottom""><span style=""color:#000000;font-family:'Times New Roman',serif;font-size:10pt;font-weight:400;line-height:100%"">Pre-tax book income not consolidated for tax purposes</span></td><td colspan=""2"" style=""background-color:#ffffff;padding:2px 0 2px 1pt;text-align:right;vertical-align:bottom""><span style=""color:#000000;font-family:'Times New Roman',serif;font-size:10pt;font-weight:400;line-height:100%"">(9,747)</span></td><td style=""background-color:#ffffff;padding:2px 1pt 2px 0;text-align:right;vertical-align:bottom""></td><td colspan=""3"" style=""background-color:#ffffff;padding:0 1pt""></td><td colspan=""2"" style=""background-color:#ffffff;padding:2px 0 2px 1pt;text-align:right;vertical-align:bottom""><span style=""color:#000000;font-family:'Times New Roman',serif;font-size:10pt;font-weight:400;line-height:100%"">(7,543)</span></td><td style=""background-color:#ffffff;padding:2px 1pt 2px 0;text-align:right;vertical-align:bottom""></td></tr><tr><td colspan=""3"" style=""background-color:#cceeff;padding:2px 1pt;text-align:left;vertical-align:bottom""><span style=""color:#000000;font-family:'Times New Roman',serif;font-size:10pt;font-weight:400;line-height:120%"">Book income and tax income differences, including debt origination, structuring fees, dividends, realized gains and changes in estimates</span></td><td colspan=""2"" style=""background-color:#cceeff;padding:2px 0 2px 1pt;text-align:right;vertical-align:bottom""><span style=""color:#000000;font-family:'Times New Roman',serif;font-size:10pt;font-weight:400;line-height:100%"">19,901 </span></td><td style=""background-color:#cceeff;padding:2px 1pt 2px 0;text-align:right;vertical-align:bottom""></td><td colspan=""3"" style=""background-color:#cceeff;padding:0 1pt""></td><td colspan=""2"" style=""background-color:#cceeff;padding:2px 0 2px 1pt;text-align:right;vertical-align:bottom""><span style=""color:#000000;font-family:'Times New Roman',serif;font-size:10pt;font-weight:400;line-height:100%"">3,523 </span></td><td style=""background-color:#cceeff;padding:2px 1pt 2px 0;text-align:right;vertical-align:bottom""></td></tr><tr><td colspan=""3"" style=""background-color:#ffffff;padding:2px 1pt;text-align:left;vertical-align:bottom""><span style=""color:#000000;font-family:'Times New Roman',serif;font-size:10pt;font-weight:400;line-height:100%"">Estimated taxable income (1)</span></td><td colspan=""2"" style=""background-color:#ffffff;border-top:1pt solid #000;padding:2px 0 2px 1pt;text-align:right;vertical-align:bottom""><span style=""color:#000000;font-family:'Times New Roman',serif;font-size:10pt;font-weight:400;line-height:100%"">27,961 </span></td><td style=""background-color:#ffffff;border-top:1pt solid #000;padding:2px 1pt 2px 0;text-align:right;vertical-align:bottom""></td><td colspan=""3"" style=""background-color:#ffffff;padding:0 1pt""></td><td colspan=""2"" style=""background-color:#ffffff;border-top:1pt solid #000;padding:2px 0 2px 1pt;text-align:right;vertical-align:bottom""><span style=""color:#000000;font-family:'Times New Roman',serif;font-size:10pt;font-weight:400;line-height:100%"">23,321 </span></td><td style=""background-color:#ffffff;border-top:1pt solid #000;padding:2px 1pt 2px 0;text-align:right;vertical-align:bottom""></td></tr><tr><td colspan=""3"" style=""background-color:#cceeff;padding:2px 1pt;text-align:left;vertical-align:bottom""><span style=""color:#000000;font-family:'Times New Roman',serif;font-size:10pt;font-weight:400;line-height:100%"">Taxable income earned in prior year and carried forward for distribution in current year</span></td><td colspan=""2"" style=""background-color:#cceeff;padding:2px 0 2px 1pt;text-align:right;vertical-align:bottom""><span style=""color:#000000;font-family:'Times New Roman',serif;font-size:10pt;font-weight:400;line-height:100%"">20,348 </span></td><td style=""background-color:#cceeff;padding:2px 1pt 2px 0;text-align:right;vertical-align:bottom""></td><td colspan=""3"" style=""background-color:#cceeff;padding:0 1pt""></td><td colspan=""2"" style=""background-color:#cceeff;padding:2px 0 2px 1pt;text-align:right;vertical-align:bottom""><span style=""color:#000000;font-family:'Times New Roman',serif;font-size:10pt;font-weight:400;line-height:100%"">14,745 </span></td><td style=""background-color:#cceeff;padding:2px 1pt 2px 0;text-align:right;vertical-align:bottom""></td></tr><tr><td colspan=""3"" style=""background-color:#ffffff;padding:2px 1pt;text-align:left;vertical-align:bottom""><span style=""color:#000000;font-family:'Times New Roman',serif;font-size:10pt;font-weight:400;line-height:100%"">Taxable income earned prior to period end and carried forward for distribution next period</span></td><td colspan=""2"" style=""background-color:#ffffff;padding:2px 0 2px 1pt;text-align:right;vertical-align:bottom""><span style=""color:#000000;font-family:'Times New Roman',serif;font-size:10pt;font-weight:400;line-height:100%"">(31,443)</span></td><td style=""background-color:#ffffff;padding:2px 1pt 2px 0;text-align:right;vertical-align:bottom""></td><td colspan=""3"" style=""background-color:#ffffff;padding:0 1pt""></td><td colspan=""2"" style=""background-color:#ffffff;padding:2px 0 2px 1pt;text-align:right;vertical-align:bottom""><span style=""color:#000000;font-family:'Times New Roman',serif;font-size:10pt;font-weight:400;line-height:100%"">(23,245)</span></td><td style=""background-color:#ffffff;padding:2px 1pt 2px 0;text-align:right;vertical-align:bottom""></td></tr><tr><td colspan=""3"" style=""background-color:#cceeff;padding:2px 1pt;text-align:left;vertical-align:bottom""><span style=""color:#000000;font-family:'Times New Roman',serif;font-size:10pt;font-weight:400;line-height:100%"">Dividend payable as of period end and paid in the following period</span></td><td colspan=""2"" style=""background-color:#cceeff;padding:2px 0 2px 1pt;text-align:right;vertical-align:bottom""><span style=""color:#000000;font-family:'Times New Roman',serif;font-size:10pt;font-weight:400;line-height:100%"">16,974 </span></td><td style=""background-color:#cceeff;padding:2px 1pt 2px 0;text-align:right;vertical-align:bottom""></td><td colspan=""3"" style=""background-color:#cceeff;padding:0 1pt""></td><td colspan=""2"" style=""background-color:#cceeff;padding:2px 0 2px 1pt;text-align:right;vertical-align:bottom""><span style=""color:#000000;font-family:'Times New Roman',serif;font-size:10pt;font-weight:400;line-height:100%"">14,425 </span></td><td style=""background-color:#cceeff;padding:2px 1pt 2px 0;text-align:right;vertical-align:bottom""></td></tr><tr><td colspan=""3"" style=""background-color:#ffffff;padding:2px 1pt;text-align:left;vertical-align:bottom""><span style=""color:#000000;font-family:'Times New Roman',serif;font-size:10pt;font-weight:400;line-height:100%"">Total distributions accrued or paid to common stockholders</span></td><td style=""background-color:#ffffff;border-bottom:3pt double #000;border-top:1pt solid #000;padding:2px 0 2px 1pt;text-align:left;vertical-align:bottom""><span style=""color:#000000;font-family:'Times New Roman',serif;font-size:10pt;font-weight:400;line-height:100%"">$</span></td><td style=""background-color:#ffffff;border-bottom:3pt double #000;border-top:1pt solid #000;padding:2px 0;text-align:right;vertical-align:bottom""><span style=""color:#000000;font-family:'Times New Roman',serif;font-size:10pt;font-weight:400;line-height:100%"">33,840 </span></td><td style=""background-color:#ffffff;border-bottom:3pt double #000;border-top:1pt solid #000;padding:2px 1pt 2px 0;text-align:right;vertical-align:bottom""></td><td colspan=""3"" style=""background-color:#ffffff;padding:0 1pt""></td><td style=""background-color:#ffffff;border-bottom:3pt double #000;border-top:1pt solid #000;padding:2px 0 2px 1pt;text-align:left;vertical-align:bottom""><span style=""color:#000000;font-family:'Times New Roman',serif;font-size:10pt;font-weight:400;line-height:100%"">$</span></td><td style=""background-color:#ffffff;border-bottom:3pt double #000;border-top:1pt solid #000;padding:2px 0;text-align:right;vertical-align:bottom""><span style=""color:#000000;font-family:'Times New Roman',serif;font-size:10pt;font-weight:400;line-height:100%"">29,246 </span></td><td style=""background-color:#ffffff;border-bottom:3pt double #000;border-top:1pt solid #000;padding:2px 1pt 2px 0;text-align:right;vertical-align:bottom""></td></tr></table><span style=""color:#000000;font-family:'Times New Roman',serif;font-size:10pt;font-weight:400;line-height:120%"">________________</span></div><div style=""margin-bottom:10pt;padding-left:18pt;text-indent:-18pt""><span style=""color:#000000;font-family:'Times New Roman',serif;font-size:10pt;font-weight:400;line-height:120%"">(1)</span><span style=""color:#000000;font-family:'Times New Roman',serif;font-size:10pt;font-weight:400;line-height:120%;padding-left:6.34pt"">MSIF’s taxable income for each period is an estimate and will not be finally determined until MSIF files its tax return for each year. Therefore, the final taxable income, and the taxable income earned in each period and carried forward for distribution in the following period, may be different than this estimate.</span></div>",c-1,,,,,,False,FederalIncomeTaxNoteTextBlock,
MSIF,2025-08-14,income_statement,income_statement,InvestmentCompanyTaxBasisIncomeTaxProvision,InvestmentCompanyTaxBasisIncomeTaxProvision,522000,c-1,,,,,,False,InvestmentCompanyTaxBasisIncomeTaxProvision,
MSIF,2025-08-14,income_statement,income_statement,InvestmentCompanyTaxBasisIncomeTaxProvision,InvestmentCompanyTaxBasisIncomeTaxProvision,3717000,c-29,,,,,,False,InvestmentCompanyTaxBasisIncomeTaxProvision,
MSIF,2025-08-14,income_statement,income_statement,InvestmentCompanyTaxBasisPreTaxBookIncomeLossNotConsolidatedForTaxPurposesIncreaseDecreaseInTaxableIncome,InvestmentCompanyTaxBasisPreTaxBookIncomeLossNotConsolidatedForTaxPurposesIncreaseDecreaseInTaxableIncome,-9747000,c-1,,,,,,False,InvestmentCompanyTaxBasisPreTaxBookIncomeLossNotConsolidatedForTaxPurposesIncreaseDecreaseInTaxableIncome,
MSIF,2025-08-14,income_statement,income_statement,InvestmentCompanyTaxBasisPreTaxBookIncomeLossNotConsolidatedForTaxPurposesIncreaseDecreaseInTaxableIncome,InvestmentCompanyTaxBasisPreTaxBookIncomeLossNotConsolidatedForTaxPurposesIncreaseDecreaseInTaxableIncome,-7543000,c-29,,,,,,False,InvestmentCompanyTaxBasisPreTaxBookIncomeLossNotConsolidatedForTaxPurposesIncreaseDecreaseInTaxableIncome,
MSIF,2025-08-14,income_statement,income_statement,InvestmentCompanyTaxBasisBookIncomeAndTaxIncomeDifferencesIncreaseDecreaseInTaxableIncome,InvestmentCompanyTaxBasisBookIncomeAndTaxIncomeDifferencesIncreaseDecreaseInTaxableIncome,19901000,c-1,,,,,,False,InvestmentCompanyTaxBasisBookIncomeAndTaxIncomeDifferencesIncreaseDecreaseInTaxableIncome,
MSIF,2025-08-14,income_statement,income_statement,InvestmentCompanyTaxBasisBookIncomeAndTaxIncomeDifferencesIncreaseDecreaseInTaxableIncome,InvestmentCompanyTaxBasisBookIncomeAndTaxIncomeDifferencesIncreaseDecreaseInTaxableIncome,3523000,c-29,,,,,,False,InvestmentCompanyTaxBasisBookIncomeAndTaxIncomeDifferencesIncreaseDecreaseInTaxableIncome,
MSIF,2025-08-14,income_statement,income_statement,InvestmentCompanyTaxBasisNetIncomeLossAttributableToParentEstimated,InvestmentCompanyTaxBasisNetIncomeLossAttributableToParentEstimated,27961000,c-1,,,,,,False,InvestmentCompanyTaxBasisNetIncomeLossAttributableToParentEstimated,
MSIF,2025-08-14,income_statement,income_statement,InvestmentCompanyTaxBasisNetIncomeLossAttributableToParentEstimated,InvestmentCompanyTaxBasisNetIncomeLossAttributableToParentEstimated,23321000,c-29,,,,,,False,InvestmentCompanyTaxBasisNetIncomeLossAttributableToParentEstimated,
MSIF,2025-08-14,income_statement,income_statement,InvestmentCompanyTaxBasisTaxableIncomeEarnedInPriorYearAndCarriedForwardForDistributionInCurrentYear,InvestmentCompanyTaxBasisTaxableIncomeEarnedInPriorYearAndCarriedForwardForDistributionInCurrentYear,20348000,c-1,,,,,,False,InvestmentCompanyTaxBasisTaxableIncomeEarnedInPriorYearAndCarriedForwardForDistributionInCurrentYear,
MSIF,2025-08-14,income_statement,income_statement,InvestmentCompanyTaxBasisTaxableIncomeEarnedInPriorYearAndCarriedForwardForDistributionInCurrentYear,InvestmentCompanyTaxBasisTaxableIncomeEarnedInPriorYearAndCarriedForwardForDistributionInCurrentYear,14745000,c-29,,,,,,False,InvestmentCompanyTaxBasisTaxableIncomeEarnedInPriorYearAndCarriedForwardForDistributionInCurrentYear,
MSIF,2025-08-14,income_statement,income_statement,InvestmentCompanyTaxBasisTaxableIncomeEarnedPriorToPeriodEndAndCarriedForwardForDistributionNextPeriod,InvestmentCompanyTaxBasisTaxableIncomeEarnedPriorToPeriodEndAndCarriedForwardForDistributionNextPeriod,-31443000,c-1,,,,,,False,InvestmentCompanyTaxBasisTaxableIncomeEarnedPriorToPeriodEndAndCarriedForwardForDistributionNextPeriod,
MSIF,2025-08-14,income_statement,income_statement,InvestmentCompanyTaxBasisTaxableIncomeEarnedPriorToPeriodEndAndCarriedForwardForDistributionNextPeriod,InvestmentCompanyTaxBasisTaxableIncomeEarnedPriorToPeriodEndAndCarriedForwardForDistributionNextPeriod,-23245000,c-29,,,,,,False,InvestmentCompanyTaxBasisTaxableIncomeEarnedPriorToPeriodEndAndCarriedForwardForDistributionNextPeriod,
MSIF,2025-08-14,income_statement,income_statement,ScheduleOfComponentsOfIncomeTaxExpenseBenefitTableTextBlock,ScheduleOfComponentsOfIncomeTaxExpenseBenefitTableTextBlock,"MSC Income’s net investment income related taxes were comprised of the following for the three and six months ended June 30, 2025 and 2024:<div style=""margin-bottom:10pt""><table style=""border-collapse:collapse;display:inline-table;margin-bottom:5pt;vertical-align:text-bottom;width:100.000%""><tr><td style=""width:1.0%""></td><td style=""width:44.354%""></td><td style=""width:0.1%""></td><td style=""width:1.0%""></td><td style=""width:12.081%""></td><td style=""width:0.1%""></td><td style=""width:0.1%""></td><td style=""width:0.406%""></td><td style=""width:0.1%""></td><td style=""width:1.0%""></td><td style=""width:12.081%""></td><td style=""width:0.1%""></td><td style=""width:0.1%""></td><td style=""width:0.406%""></td><td style=""width:0.1%""></td><td style=""width:1.0%""></td><td style=""width:12.081%""></td><td style=""width:0.1%""></td><td style=""width:0.1%""></td><td style=""width:0.406%""></td><td style=""width:0.1%""></td><td style=""width:1.0%""></td><td style=""width:12.085%""></td><td style=""width:0.1%""></td></tr><tr><td colspan=""3"" style=""padding:0 1pt""></td><td colspan=""9"" style=""padding:2px 1pt;text-align:center;vertical-align:bottom""><span style=""color:#000000;font-family:'Times New Roman',serif;font-size:8pt;font-weight:700;line-height:100%"">Three Months Ended June 30,</span></td><td colspan=""3"" style=""padding:0 1pt""></td><td colspan=""9"" style=""padding:2px 1pt;text-align:center;vertical-align:bottom""><span style=""color:#000000;font-family:'Times New Roman',serif;font-size:8pt;font-weight:700;line-height:100%"">Six Months Ended June 30,</span></td></tr><tr><td colspan=""3"" style=""padding:0 1pt""></td><td colspan=""3"" style=""border-top:1pt solid #000;padding:2px 1pt;text-align:center;vertical-align:bottom""><span style=""color:#000000;font-family:'Times New Roman',serif;font-size:8pt;font-weight:700;line-height:100%"">2025</span></td><td colspan=""3"" style=""border-top:1pt solid #000;padding:0 1pt""></td><td colspan=""3"" style=""border-bottom:1pt solid #000;border-top:1pt solid #000;padding:2px 1pt;text-align:center;vertical-align:bottom""><span style=""color:#000000;font-family:'Times New Roman',serif;font-size:8pt;font-weight:700;line-height:100%"">2024</span></td><td colspan=""3"" style=""padding:0 1pt""></td><td colspan=""3"" style=""border-bottom:1pt solid #000;border-top:1pt solid #000;padding:2px 1pt;text-align:center;vertical-align:bottom""><span style=""color:#000000;font-family:'Times New Roman',serif;font-size:8pt;font-weight:700;line-height:100%"">2025</span></td><td colspan=""3"" style=""border-top:1pt solid #000;padding:0 1pt""></td><td colspan=""3"" style=""border-bottom:1pt solid #000;border-top:1pt solid #000;padding:2px 1pt;text-align:center;vertical-align:bottom""><span style=""color:#000000;font-family:'Times New Roman',serif;font-size:8pt;font-weight:700;line-height:100%"">2024</span></td></tr><tr><td colspan=""3"" style=""padding:0 1pt""></td><td colspan=""21"" style=""border-top:1pt solid #000;padding:2px 1pt;text-align:center;vertical-align:bottom""><span style=""color:#000000;font-family:'Times New Roman',serif;font-size:8pt;font-weight:700;line-height:100%"">(in thousands)</span></td></tr><tr><td colspan=""3"" style=""background-color:#cceeff;padding:2px 1pt;text-align:left;vertical-align:bottom""><span style=""color:#000000;font-family:'Times New Roman',serif;font-size:10pt;font-weight:700;line-height:100%"">Net investment income taxes</span></td><td colspan=""3"" style=""background-color:#cceeff;padding:0 1pt""></td><td colspan=""3"" style=""background-color:#cceeff;padding:0 1pt""></td><td colspan=""3"" style=""background-color:#cceeff;padding:0 1pt""></td><td colspan=""3"" style=""background-color:#cceeff;padding:0 1pt""></td><td colspan=""3"" style=""background-color:#cceeff;padding:0 1pt""></td><td colspan=""3"" style=""background-color:#cceeff;padding:0 1pt""></td><td colspan=""3"" style=""background-color:#cceeff;padding:0 1pt""></td></tr><tr><td colspan=""3"" style=""background-color:#ffffff;padding:2px 1pt;text-align:left;vertical-align:bottom""><span style=""color:#000000;font-family:'Times New Roman',serif;font-size:10pt;font-style:italic;font-weight:400;line-height:100%"">Current tax expense:</span></td><td colspan=""3"" style=""background-color:#ffffff;padding:0 1pt""></td><td colspan=""3"" style=""background-color:#ffffff;padding:0 1pt""></td><td colspan=""3"" style=""background-color:#ffffff;padding:0 1pt""></td><td colspan=""3"" style=""background-color:#ffffff;padding:0 1pt""></td><td colspan=""3"" style=""background-color:#ffffff;padding:0 1pt""></td><td colspan=""3"" style=""background-color:#ffffff;padding:0 1pt""></td><td colspan=""3"" style=""background-color:#ffffff;padding:0 1pt""></td></tr><tr><td colspan=""3"" style=""background-color:#cceeff;padding:2px 1pt;text-align:left;vertical-align:bottom""><span style=""color:#000000;font-family:'Times New Roman',serif;font-size:10pt;font-weight:400;line-height:100%"">Federal</span></td><td style=""background-color:#cceeff;padding:2px 0 2px 1pt;text-align:left;vertical-align:bottom""><span style=""color:#000000;font-family:'Times New Roman',serif;font-size:10pt;font-weight:400;line-height:100%"">$</span></td><td style=""background-color:#cceeff;padding:2px 0;text-align:right;vertical-align:bottom""><span style=""color:#000000;font-family:'Times New Roman',serif;font-size:10pt;font-weight:400;line-height:100%"">65 </span></td><td style=""background-color:#cceeff;padding:2px 1pt 2px 0;text-align:right;vertical-align:bottom""></td><td colspan=""3"" style=""background-color:#cceeff;padding:0 1pt""></td><td style=""background-color:#cceeff;padding:2px 0 2px 1pt;text-align:left;vertical-align:bottom""><span style=""color:#000000;font-family:'Times New Roman',serif;font-size:10pt;font-weight:400;line-height:100%"">$</span></td><td style=""background-color:#cceeff;padding:2px 0;text-align:right;vertical-align:bottom""><span style=""color:#000000;font-family:'Times New Roman',serif;font-size:10pt;font-weight:400;line-height:100%"">125 </span></td><td style=""background-color:#cceeff;padding:2px 1pt 2px 0;text-align:right;vertical-align:bottom""></td><td colspan=""3"" style=""background-color:#cceeff;padding:0 1pt""></td><td style=""background-color:#cceeff;padding:2px 0 2px 1pt;text-align:left;vertical-align:bottom""><span style=""color:#000000;font-family:'Times New Roman',serif;font-size:10pt;font-weight:400;line-height:100%"">$</span></td><td style=""background-color:#cceeff;padding:2px 0;text-align:right;vertical-align:bottom""><span style=""color:#000000;font-family:'Times New Roman',serif;font-size:10pt;font-weight:400;line-height:100%"">118 </span></td><td style=""background-color:#cceeff;padding:2px 1pt 2px 0;text-align:right;vertical-align:bottom""></td><td colspan=""3"" style=""background-color:#cceeff;padding:0 1pt""></td><td style=""background-color:#cceeff;padding:2px 0 2px 1pt;text-align:left;vertical-align:bottom""><span style=""color:#000000;font-family:'Times New Roman',serif;font-size:10pt;font-weight:400;line-height:100%"">$</span></td><td style=""background-color:#cceeff;padding:2px 0;text-align:right;vertical-align:bottom""><span style=""color:#000000;font-family:'Times New Roman',serif;font-size:10pt;font-weight:400;line-height:100%"">178 </span></td><td style=""background-color:#cceeff;padding:2px 1pt 2px 0;text-align:right;vertical-align:bottom""></td></tr><tr><td colspan=""3"" style=""background-color:#ffffff;padding:2px 1pt;text-align:left;vertical-align:bottom""><div><span style=""color:#000000;font-family:'Times New Roman',serif;font-size:10pt;font-weight:400;line-height:100%"">State and other</span></div></td><td colspan=""2"" style=""background-color:#ffffff;padding:2px 0 2px 1pt;text-align:right;vertical-align:bottom""><span style=""color:#000000;font-family:'Times New Roman',serif;font-size:10pt;font-weight:400;line-height:100%"">103 </span></td><td style=""background-color:#ffffff;padding:2px 1pt 2px 0;text-align:right;vertical-align:bottom""></td><td colspan=""3"" style=""background-color:#ffffff;padding:0 1pt""></td><td colspan=""2"" style=""background-color:#ffffff;padding:2px 0 2px 1pt;text-align:right;vertical-align:bottom""><span style=""color:#000000;font-family:'Times New Roman',serif;font-size:10pt;font-weight:400;line-height:100%"">212 </span></td><td style=""background-color:#ffffff;padding:2px 1pt 2px 0;text-align:right;vertical-align:bottom""></td><td colspan=""3"" style=""background-color:#ffffff;padding:0 1pt""></td><td colspan=""2"" style=""background-color:#ffffff;padding:2px 0 2px 1pt;text-align:right;vertical-align:bottom""><span style=""color:#000000;font-family:'Times New Roman',serif;font-size:10pt;font-weight:400;line-height:100%"">342 </span></td><td style=""background-color:#ffffff;padding:2px 1pt 2px 0;text-align:right;vertical-align:bottom""></td><td colspan=""3"" style=""background-color:#ffffff;padding:0 1pt""></td><td colspan=""2"" style=""background-color:#ffffff;padding:2px 0 2px 1pt;text-align:right;vertical-align:bottom""><span style=""color:#000000;font-family:'Times New Roman',serif;font-size:10pt;font-weight:400;line-height:100%"">414 </span></td><td style=""background-color:#ffffff;padding:2px 1pt 2px 0;text-align:right;vertical-align:bottom""></td></tr><tr><td colspan=""3"" style=""background-color:#cceeff;padding:2px 1pt;text-align:left;vertical-align:bottom""><span style=""color:#000000;font-family:'Times New Roman',serif;font-size:10pt;font-weight:400;line-height:100%"">Excise</span></td><td colspan=""2"" style=""background-color:#cceeff;padding:2px 0 2px 1pt;text-align:right;vertical-align:bottom""><span style=""color:#000000;font-family:'Times New Roman',serif;font-size:10pt;font-weight:400;line-height:100%"">87 </span></td><td style=""background-color:#cceeff;padding:2px 1pt 2px 0;text-align:right;vertical-align:bottom""></td><td colspan=""3"" style=""background-color:#cceeff;padding:0 1pt""></td><td colspan=""2"" style=""background-color:#cceeff;padding:2px 0 2px 1pt;text-align:right;vertical-align:bottom""><span style=""color:#000000;font-family:'Times New Roman',serif;font-size:10pt;font-weight:400;line-height:100%"">4 </span></td><td style=""background-color:#cceeff;padding:2px 1pt 2px 0;text-align:right;vertical-align:bottom""></td><td colspan=""3"" style=""background-color:#cceeff;padding:0 1pt""></td><td colspan=""2"" style=""background-color:#cceeff;padding:2px 0 2px 1pt;text-align:right;vertical-align:bottom""><span style=""color:#000000;font-family:'Times New Roman',serif;font-size:10pt;font-weight:400;line-height:100%"">279 </span></td><td style=""background-color:#cceeff;padding:2px 1pt 2px 0;text-align:right;vertical-align:bottom""></td><td colspan=""3"" style=""background-color:#cceeff;padding:0 1pt""></td><td colspan=""2"" style=""background-color:#cceeff;padding:2px 0 2px 1pt;text-align:right;vertical-align:bottom""><span style=""color:#000000;font-family:'Times New Roman',serif;font-size:10pt;font-weight:400;line-height:100%"">80 </span></td><td style=""background-color:#cceeff;padding:2px 1pt 2px 0;text-align:right;vertical-align:bottom""></td></tr><tr><td colspan=""3"" style=""background-color:#ffffff;padding:2px 1pt 2px 13pt;text-align:left;vertical-align:bottom""><span style=""color:#000000;font-family:'Times New Roman',serif;font-size:10pt;font-weight:400;line-height:100%"">Total current tax expense</span></td><td colspan=""2"" style=""background-color:#ffffff;border-top:1pt solid #000;padding:2px 0 2px 1pt;text-align:right;vertical-align:bottom""><span style=""color:#000000;font-family:'Times New Roman',serif;font-size:10pt;font-weight:400;line-height:100%"">255 </span></td><td style=""background-color:#ffffff;border-top:1pt solid #000;padding:2px 1pt 2px 0;text-align:right;vertical-align:bottom""></td><td colspan=""3"" style=""background-color:#ffffff;padding:0 1pt""></td><td colspan=""2"" style=""background-color:#ffffff;border-top:1pt solid #000;padding:2px 0 2px 1pt;text-align:right;vertical-align:bottom""><span style=""color:#000000;font-family:'Times New Roman',serif;font-size:10pt;font-weight:400;line-height:100%"">341 </span></td><td style=""background-color:#ffffff;border-top:1pt solid #000;padding:2px 1pt 2px 0;text-align:right;vertical-align:bottom""></td><td colspan=""3"" style=""background-color:#ffffff;padding:0 1pt""></td><td colspan=""2"" style=""background-color:#ffffff;border-top:1pt solid #000;padding:2px 0 2px 1pt;text-align:right;vertical-align:bottom""><span style=""color:#000000;font-family:'Times New Roman',serif;font-size:10pt;font-weight:400;line-height:100%"">739 </span></td><td style=""background-color:#ffffff;border-top:1pt solid #000;padding:2px 1pt 2px 0;text-align:right;vertical-align:bottom""></td><td colspan=""3"" style=""background-color:#ffffff;padding:0 1pt""></td><td colspan=""2"" style=""background-color:#ffffff;border-top:1pt solid #000;padding:2px 0 2px 1pt;text-align:right;vertical-align:bottom""><span style=""color:#000000;font-family:'Times New Roman',serif;font-size:10pt;font-weight:400;line-height:100%"">672 </span></td><td style=""background-color:#ffffff;border-top:1pt solid #000;padding:2px 1pt 2px 0;text-align:right;vertical-align:bottom""></td></tr><tr style=""height:14pt""><td colspan=""3"" style=""background-color:#cceeff;padding:0 1pt""></td><td colspan=""3"" style=""background-color:#cceeff;padding:0 1pt""></td><td colspan=""3"" style=""background-color:#cceeff;padding:0 1pt""></td><td colspan=""3"" style=""background-color:#cceeff;padding:0 1pt""></td><td colspan=""3"" style=""background-color:#cceeff;padding:0 1pt""></td><td colspan=""3"" style=""background-color:#cceeff;padding:0 1pt""></td><td colspan=""3"" style=""background-color:#cceeff;padding:0 1pt""></td><td colspan=""3"" style=""background-color:#cceeff;padding:0 1pt""></td></tr><tr><td colspan=""3"" style=""background-color:#ffffff;padding:2px 1pt;text-align:left;vertical-align:bottom""><span style=""color:#000000;font-family:'Times New Roman',serif;font-size:10pt;font-style:italic;font-weight:400;line-height:100%"">Deferred tax expense (benefit):</span></td><td colspan=""3"" style=""background-color:#ffffff;padding:0 1pt""></td><td colspan=""3"" style=""background-color:#ffffff;padding:0 1pt""></td><td colspan=""3"" style=""background-color:#ffffff;padding:0 1pt""></td><td colspan=""3"" style=""background-color:#ffffff;padding:0 1pt""></td><td colspan=""3"" style=""background-color:#ffffff;padding:0 1pt""></td><td colspan=""3"" style=""background-color:#ffffff;padding:0 1pt""></td><td colspan=""3"" style=""background-color:#ffffff;padding:0 1pt""></td></tr><tr><td colspan=""3"" style=""background-color:#cceeff;padding:2px 1pt;text-align:left;vertical-align:bottom""><span style=""color:#000000;font-family:'Times New Roman',serif;font-size:10pt;font-weight:400;line-height:100%"">Federal</span></td><td colspan=""2"" style=""background-color:#cceeff;padding:2px 0 2px 1pt;text-align:right;vertical-align:bottom""><span style=""color:#000000;font-family:'Times New Roman',serif;font-size:10pt;font-weight:400;line-height:100%"">894 </span></td><td style=""background-color:#cceeff;padding:2px 1pt 2px 0;text-align:right;vertical-align:bottom""></td><td colspan=""3"" style=""background-color:#cceeff;padding:0 1pt""></td><td colspan=""2"" style=""background-color:#cceeff;padding:2px 0 2px 1pt;text-align:right;vertical-align:bottom""><span style=""color:#000000;font-family:'Times New Roman',serif;font-size:10pt;font-weight:400;line-height:100%"">574 </span></td><td style=""background-color:#cceeff;padding:2px 1pt 2px 0;text-align:right;vertical-align:bottom""></td><td colspan=""3"" style=""background-color:#cceeff;padding:0 1pt""></td><td colspan=""2"" style=""background-color:#cceeff;padding:2px 0 2px 1pt;text-align:right;vertical-align:bottom""><span style=""color:#000000;font-family:'Times New Roman',serif;font-size:10pt;font-weight:400;line-height:100%"">1,242 </span></td><td style=""background-color:#cceeff;padding:2px 1pt 2px 0;text-align:right;vertical-align:bottom""></td><td colspan=""3"" style=""background-color:#cceeff;padding:0 1pt""></td><td colspan=""2"" style=""background-color:#cceeff;padding:2px 0 2px 1pt;text-align:right;vertical-align:bottom""><span style=""color:#000000;font-family:'Times New Roman',serif;font-size:10pt;font-weight:400;line-height:100%"">745 </span></td><td style=""background-color:#cceeff;padding:2px 1pt 2px 0;text-align:right;vertical-align:bottom""></td></tr><tr><td colspan=""3"" style=""background-color:#ffffff;padding:2px 1pt;text-align:left;vertical-align:bottom""><div><span style=""color:#000000;font-family:'Times New Roman',serif;font-size:10pt;font-weight:400;line-height:100%"">State and other</span></div></td><td colspan=""2"" style=""background-color:#ffffff;padding:2px 0 2px 1pt;text-align:right;vertical-align:bottom""><span style=""color:#000000;font-family:'Times New Roman',serif;font-size:10pt;font-weight:400;line-height:100%"">(150)</span></td><td style=""background-color:#ffffff;padding:2px 1pt 2px 0;text-align:right;vertical-align:bottom""></td><td colspan=""3"" style=""background-color:#ffffff;padding:0 1pt""></td><td colspan=""2"" style=""background-color:#ffffff;padding:2px 0 2px 1pt;text-align:right;vertical-align:bottom""><span style=""color:#000000;font-family:'Times New Roman',serif;font-size:10pt;font-weight:400;line-height:100%"">31 </span></td><td style=""background-color:#ffffff;padding:2px 1pt 2px 0;text-align:right;vertical-align:bottom""></td><td colspan=""3"" style=""background-color:#ffffff;padding:0 1pt""></td><td colspan=""2"" style=""background-color:#ffffff;padding:2px 0 2px 1pt;text-align:right;vertical-align:bottom""><span style=""color:#000000;font-family:'Times New Roman',serif;font-size:10pt;font-weight:400;line-height:100%"">59 </span></td><td style=""background-color:#ffffff;padding:2px 1pt 2px 0;text-align:right;vertical-align:bottom""></td><td colspan=""3"" style=""background-color:#ffffff;padding:0 1pt""></td><td colspan=""2"" style=""background-color:#ffffff;padding:2px 0 2px 1pt;text-align:right;vertical-align:bottom""><span style=""color:#000000;font-family:'Times New Roman',serif;font-size:10pt;font-weight:400;line-height:100%"">88 </span></td><td style=""background-color:#ffffff;padding:2px 1pt 2px 0;text-align:right;vertical-align:bottom""></td></tr><tr><td colspan=""3"" style=""background-color:#cceeff;padding:2px 1pt 2px 13pt;text-align:left;vertical-align:bottom""><span style=""color:#000000;font-family:'Times New Roman',serif;font-size:10pt;font-weight:400;line-height:100%"">Total deferred tax expense</span></td><td colspan=""2"" style=""background-color:#cceeff;border-top:1pt solid #000;padding:2px 0 2px 1pt;text-align:right;vertical-align:bottom""><span style=""color:#000000;font-family:'Times New Roman',serif;font-size:10pt;font-weight:400;line-height:100%"">744 </span></td><td style=""background-color:#cceeff;border-top:1pt solid #000;padding:2px 1pt 2px 0;text-align:right;vertical-align:bottom""></td><td colspan=""3"" style=""background-color:#cceeff;padding:0 1pt""></td><td colspan=""2"" style=""background-color:#cceeff;border-top:1pt solid #000;padding:2px 0 2px 1pt;text-align:right;vertical-align:bottom""><span style=""color:#000000;font-family:'Times New Roman',serif;font-size:10pt;font-weight:400;line-height:100%"">605 </span></td><td style=""background-color:#cceeff;border-top:1pt solid #000;padding:2px 1pt 2px 0;text-align:right;vertical-align:bottom""></td><td colspan=""3"" style=""background-color:#cceeff;padding:0 1pt""></td><td colspan=""2"" style=""background-color:#cceeff;border-top:1pt solid #000;padding:2px 0 2px 1pt;text-align:right;vertical-align:bottom""><span style=""color:#000000;font-family:'Times New Roman',serif;font-size:10pt;font-weight:400;line-height:100%"">1,301 </span></td><td style=""background-color:#cceeff;border-top:1pt solid #000;padding:2px 1pt 2px 0;text-align:right;vertical-align:bottom""></td><td colspan=""3"" style=""background-color:#cceeff;padding:0 1pt""></td><td colspan=""2"" style=""background-color:#cceeff;border-top:1pt solid #000;padding:2px 0 2px 1pt;text-align:right;vertical-align:bottom""><span style=""color:#000000;font-family:'Times New Roman',serif;font-size:10pt;font-weight:400;line-height:100%"">833 </span></td><td style=""background-color:#cceeff;border-top:1pt solid #000;padding:2px 1pt 2px 0;text-align:right;vertical-align:bottom""></td></tr><tr style=""height:14pt""><td colspan=""3"" style=""background-color:#ffffff;padding:0 1pt""></td><td colspan=""3"" style=""background-color:#ffffff;padding:0 1pt""></td><td colspan=""3"" style=""background-color:#ffffff;padding:0 1pt""></td><td colspan=""3"" style=""background-color:#ffffff;padding:0 1pt""></td><td colspan=""3"" style=""background-color:#ffffff;padding:0 1pt""></td><td colspan=""3"" style=""background-color:#ffffff;padding:0 1pt""></td><td colspan=""3"" style=""background-color:#ffffff;padding:0 1pt""></td><td colspan=""3"" style=""background-color:#ffffff;padding:0 1pt""></td></tr><tr><td colspan=""3"" style=""background-color:#cceeff;padding:2px 1pt 2px 13pt;text-align:left;vertical-align:bottom""><span style=""color:#000000;font-family:'Times New Roman',serif;font-size:10pt;font-weight:400;line-height:100%"">Total net investment income tax provision</span></td><td style=""background-color:#cceeff;border-top:1pt solid #000;padding:2px 0 2px 1pt;text-align:left;vertical-align:bottom""><span style=""color:#000000;font-family:'Times New Roman',serif;font-size:10pt;font-weight:400;line-height:100%"">$</span></td><td style=""background-color:#cceeff;border-top:1pt solid #000;padding:2px 0;text-align:right;vertical-align:bottom""><span style=""color:#000000;font-family:'Times New Roman',serif;font-size:10pt;font-weight:400;line-height:100%"">999 </span></td><td style=""background-color:#cceeff;border-top:1pt solid #000;padding:2px 1pt 2px 0;text-align:right;vertical-align:bottom""></td><td colspan=""3"" style=""background-color:#cceeff;padding:0 1pt""></td><td style=""background-color:#cceeff;border-top:1pt solid #000;padding:2px 0 2px 1pt;text-align:left;vertical-align:bottom""><span style=""color:#000000;font-family:'Times New Roman',serif;font-size:10pt;font-weight:400;line-height:100%"">$</span></td><td style=""background-color:#cceeff;border-top:1pt solid #000;padding:2px 0;text-align:right;vertical-align:bottom""><span style=""color:#000000;font-family:'Times New Roman',serif;font-size:10pt;font-weight:400;line-height:100%"">946 </span></td><td style=""background-color:#cceeff;border-top:1pt solid #000;padding:2px 1pt 2px 0;text-align:right;vertical-align:bottom""></td><td colspan=""3"" style=""background-color:#cceeff;padding:0 1pt""></td><td style=""background-color:#cceeff;border-top:1pt solid #000;padding:2px 0 2px 1pt;text-align:left;vertical-align:bottom""><span style=""color:#000000;font-family:'Times New Roman',serif;font-size:10pt;font-weight:400;line-height:100%"">$</span></td><td style=""background-color:#cceeff;border-top:1pt solid #000;padding:2px 0;text-align:right;vertical-align:bottom""><span style=""color:#000000;font-family:'Times New Roman',serif;font-size:10pt;font-weight:400;line-height:100%"">2,040 </span></td><td style=""background-color:#cceeff;border-top:1pt solid #000;padding:2px 1pt 2px 0;text-align:right;vertical-align:bottom""></td><td colspan=""3"" style=""background-color:#cceeff;padding:0 1pt""></td><td style=""background-color:#cceeff;border-top:1pt solid #000;padding:2px 0 2px 1pt;text-align:left;vertical-align:bottom""><span style=""color:#000000;font-family:'Times New Roman',serif;font-size:10pt;font-weight:400;line-height:100%"">$</span></td><td style=""background-color:#cceeff;border-top:1pt solid #000;padding:2px 0;text-align:right;vertical-align:bottom""><span style=""color:#000000;font-family:'Times New Roman',serif;font-size:10pt;font-weight:400;line-height:100%"">1,505 </span></td><td style=""background-color:#cceeff;border-top:1pt solid #000;padding:2px 1pt 2px 0;text-align:right;vertical-align:bottom""></td></tr><tr style=""height:14pt""><td colspan=""3"" style=""background-color:#ffffff;padding:0 1pt""></td><td colspan=""3"" style=""background-color:#ffffff;border-top:3pt double #000;padding:0 1pt""></td><td colspan=""3"" style=""background-color:#ffffff;padding:0 1pt""></td><td colspan=""3"" style=""background-color:#ffffff;border-top:3pt double #000;padding:0 1pt""></td><td colspan=""3"" style=""background-color:#ffffff;padding:0 1pt""></td><td colspan=""3"" style=""background-color:#ffffff;border-top:3pt double #000;padding:0 1pt""></td><td colspan=""3"" style=""background-color:#ffffff;padding:0 1pt""></td><td colspan=""3"" style=""background-color:#ffffff;border-top:3pt double #000;padding:0 1pt""></td></tr><tr><td colspan=""3"" style=""background-color:#cceeff;padding:2px 1pt;text-align:left;vertical-align:bottom""><span style=""color:#000000;font-family:'Times New Roman',serif;font-size:10pt;font-weight:700;line-height:100%"">Investment valuation related taxes</span></td><td colspan=""3"" style=""background-color:#cceeff;padding:0 1pt""></td><td colspan=""3"" style=""background-color:#cceeff;padding:0 1pt""></td><td colspan=""3"" style=""background-color:#cceeff;padding:0 1pt""></td><td colspan=""3"" style=""background-color:#cceeff;padding:0 1pt""></td><td colspan=""3"" style=""background-color:#cceeff;padding:0 1pt""></td><td colspan=""3"" style=""background-color:#cceeff;padding:0 1pt""></td><td colspan=""3"" style=""background-color:#cceeff;padding:0 1pt""></td></tr><tr><td colspan=""3"" style=""background-color:#ffffff;padding:2px 1pt;text-align:left;vertical-align:bottom""><span style=""color:#000000;font-family:'Times New Roman',serif;font-size:10pt;font-style:italic;font-weight:400;line-height:100%"">Current tax expense:</span></td><td colspan=""3"" style=""background-color:#ffffff;padding:0 1pt""></td><td colspan=""3"" style=""background-color:#ffffff;padding:0 1pt""></td><td colspan=""3"" style=""background-color:#ffffff;padding:0 1pt""></td><td colspan=""3"" style=""background-color:#ffffff;padding:0 1pt""></td><td colspan=""3"" style=""background-color:#ffffff;padding:0 1pt""></td><td colspan=""3"" style=""background-color:#ffffff;padding:0 1pt""></td><td colspan=""3"" style=""background-color:#ffffff;padding:0 1pt""></td></tr><tr><td colspan=""3"" style=""background-color:#cceeff;padding:2px 1pt;text-align:left;vertical-align:bottom""><span style=""color:#000000;font-family:'Times New Roman',serif;font-size:10pt;font-weight:400;line-height:100%"">Federal</span></td><td style=""background-color:#cceeff;padding:2px 0 2px 1pt;text-align:left;vertical-align:bottom""><span style=""color:#000000;font-family:'Times New Roman',serif;font-size:10pt;font-weight:400;line-height:100%"">$</span></td><td style=""background-color:#cceeff;padding:2px 0;text-align:right;vertical-align:bottom""><span style=""color:#000000;font-family:'Times New Roman',serif;font-size:10pt;font-weight:400;line-height:100%"">— </span></td><td style=""background-color:#cceeff;padding:2px 1pt 2px 0;text-align:right;vertical-align:bottom""></td><td colspan=""3"" style=""background-color:#cceeff;padding:0 1pt""></td><td style=""background-color:#cceeff;padding:2px 0 2px 1pt;text-align:left;vertical-align:bottom""><span style=""color:#000000;font-family:'Times New Roman',serif;font-size:10pt;font-weight:400;line-height:100%"">$</span></td><td style=""background-color:#cceeff;padding:2px 0;text-align:right;vertical-align:bottom""><span style=""color:#000000;font-family:'Times New Roman',serif;font-size:10pt;font-weight:400;line-height:100%"">205 </span></td><td style=""background-color:#cceeff;padding:2px 1pt 2px 0;text-align:right;vertical-align:bottom""></td><td colspan=""3"" style=""background-color:#cceeff;padding:0 1pt""></td><td style=""background-color:#cceeff;padding:2px 0 2px 1pt;text-align:left;vertical-align:bottom""><span style=""color:#000000;font-family:'Times New Roman',serif;font-size:10pt;font-weight:400;line-height:100%"">$</span></td><td style=""background-color:#cceeff;padding:2px 0;text-align:right;vertical-align:bottom""><span style=""color:#000000;font-family:'Times New Roman',serif;font-size:10pt;font-weight:400;line-height:100%"">— </span></td><td style=""background-color:#cceeff;padding:2px 1pt 2px 0;text-align:right;vertical-align:bottom""></td><td colspan=""3"" style=""background-color:#cceeff;padding:0 1pt""></td><td style=""background-color:#cceeff;padding:2px 0 2px 1pt;text-align:left;vertical-align:bottom""><span style=""color:#000000;font-family:'Times New Roman',serif;font-size:10pt;font-weight:400;line-height:100%"">$</span></td><td style=""background-color:#cceeff;padding:2px 0;text-align:right;vertical-align:bottom""><span style=""color:#000000;font-family:'Times New Roman',serif;font-size:10pt;font-weight:400;line-height:100%"">205 </span></td><td style=""background-color:#cceeff;padding:2px 1pt 2px 0;text-align:right;vertical-align:bottom""></td></tr><tr><td colspan=""3"" style=""display:none""></td><td colspan=""3"" style=""display:none""></td><td colspan=""3"" style=""display:none""></td><td colspan=""3"" style=""display:none""></td><td colspan=""3"" style=""display:none""></td><td colspan=""3"" style=""display:none""></td><td colspan=""3"" style=""display:none""></td><td colspan=""3"" style=""display:none""></td></tr><tr><td colspan=""3"" style=""display:none""></td><td colspan=""3"" style=""display:none""></td><td colspan=""3"" style=""display:none""></td><td colspan=""3"" style=""display:none""></td><td colspan=""3"" style=""display:none""></td><td colspan=""3"" style=""display:none""></td><td colspan=""3"" style=""display:none""></td><td colspan=""3"" style=""display:none""></td></tr><tr><td colspan=""3"" style=""background-color:#ffffff;padding:2px 1pt 2px 10pt;text-align:left;vertical-align:bottom""><span style=""color:#000000;font-family:'Times New Roman',serif;font-size:10pt;font-weight:400;line-height:100%"">Total current tax expense</span></td><td colspan=""2"" style=""background-color:#ffffff;border-top:1pt solid #000;padding:2px 0 2px 1pt;text-align:right;vertical-align:bottom""><span style=""color:#000000;font-family:'Times New Roman',serif;font-size:10pt;font-weight:400;line-height:100%"">— </span></td><td style=""background-color:#ffffff;border-top:1pt solid #000;padding:2px 1pt 2px 0;text-align:right;vertical-align:bottom""></td><td colspan=""3"" style=""background-color:#ffffff;padding:0 1pt""></td><td colspan=""2"" style=""background-color:#ffffff;border-top:1pt solid #000;padding:2px 0 2px 1pt;text-align:right;vertical-align:bottom""><span style=""color:#000000;font-family:'Times New Roman',serif;font-size:10pt;font-weight:400;line-height:100%"">205 </span></td><td style=""background-color:#ffffff;border-top:1pt solid #000;padding:2px 1pt 2px 0;text-align:right;vertical-align:bottom""></td><td colspan=""3"" style=""background-color:#ffffff;padding:0 1pt""></td><td colspan=""2"" style=""background-color:#ffffff;border-top:1pt solid #000;padding:2px 0 2px 1pt;text-align:right;vertical-align:bottom""><span style=""color:#000000;font-family:'Times New Roman',serif;font-size:10pt;font-weight:400;line-height:100%"">— </span></td><td style=""background-color:#ffffff;border-top:1pt solid #000;padding:2px 1pt 2px 0;text-align:right;vertical-align:bottom""></td><td colspan=""3"" style=""background-color:#ffffff;border-top:1pt solid #000;padding:0 1pt""></td><td colspan=""2"" style=""background-color:#ffffff;border-top:1pt solid #000;padding:2px 0 2px 1pt;text-align:right;vertical-align:bottom""><span style=""color:#000000;font-family:'Times New Roman',serif;font-size:10pt;font-weight:400;line-height:100%"">205 </span></td><td style=""background-color:#ffffff;border-top:1pt solid #000;padding:2px 1pt 2px 0;text-align:right;vertical-align:bottom""></td></tr><tr style=""height:14pt""><td colspan=""3"" style=""background-color:#cceeff;padding:0 1pt""></td><td colspan=""3"" style=""background-color:#cceeff;padding:0 1pt""></td><td colspan=""3"" style=""background-color:#cceeff;padding:0 1pt""></td><td colspan=""3"" style=""background-color:#cceeff;padding:0 1pt""></td><td colspan=""3"" style=""background-color:#cceeff;padding:0 1pt""></td><td colspan=""3"" style=""background-color:#cceeff;padding:0 1pt""></td><td colspan=""3"" style=""background-color:#cceeff;padding:0 1pt""></td><td colspan=""3"" style=""background-color:#cceeff;padding:0 1pt""></td></tr><tr><td colspan=""3"" style=""background-color:#ffffff;padding:2px 1pt;text-align:left;vertical-align:bottom""><span style=""color:#000000;font-family:'Times New Roman',serif;font-size:10pt;font-style:italic;font-weight:400;line-height:100%"">Deferred tax expense (benefit):</span></td><td colspan=""3"" style=""background-color:#ffffff;padding:0 1pt""></td><td colspan=""3"" style=""background-color:#ffffff;padding:0 1pt""></td><td colspan=""3"" style=""background-color:#ffffff;padding:0 1pt""></td><td colspan=""3"" style=""background-color:#ffffff;padding:0 1pt""></td><td colspan=""3"" style=""background-color:#ffffff;padding:0 1pt""></td><td colspan=""3"" style=""background-color:#ffffff;padding:0 1pt""></td><td colspan=""3"" style=""background-color:#ffffff;padding:0 1pt""></td></tr><tr><td colspan=""3"" style=""background-color:#cceeff;padding:2px 1pt;text-align:left;vertical-align:bottom""><span style=""color:#000000;font-family:'Times New Roman',serif;font-size:10pt;font-weight:400;line-height:100%"">Federal</span></td><td colspan=""2"" style=""background-color:#cceeff;padding:2px 0 2px 1pt;text-align:right;vertical-align:bottom""><span style=""color:#000000;font-family:'Times New Roman',serif;font-size:10pt;font-weight:400;line-height:100%"">549 </span></td><td style=""background-color:#cceeff;padding:2px 1pt 2px 0;text-align:right;vertical-align:bottom""></td><td colspan=""3"" style=""background-color:#cceeff;padding:0 1pt""></td><td colspan=""2"" style=""background-color:#cceeff;padding:2px 0 2px 1pt;text-align:right;vertical-align:bottom""><span style=""color:#000000;font-family:'Times New Roman',serif;font-size:10pt;font-weight:400;line-height:100%"">1,513 </span></td><td style=""background-color:#cceeff;padding:2px 1pt 2px 0;text-align:right;vertical-align:bottom""></td><td colspan=""3"" style=""background-color:#cceeff;padding:0 1pt""></td><td colspan=""2"" style=""background-color:#cceeff;padding:2px 0 2px 1pt;text-align:right;vertical-align:bottom""><span style=""color:#000000;font-family:'Times New Roman',serif;font-size:10pt;font-weight:400;line-height:100%"">(1,413)</span></td><td style=""background-color:#cceeff;padding:2px 1pt 2px 0;text-align:right;vertical-align:bottom""></td><td colspan=""3"" style=""background-color:#cceeff;padding:0 1pt""></td><td colspan=""2"" style=""background-color:#cceeff;padding:2px 0 2px 1pt;text-align:right;vertical-align:bottom""><span style=""color:#000000;font-family:'Times New Roman',serif;font-size:10pt;font-weight:400;line-height:100%"">1,997 </span></td><td style=""background-color:#cceeff;padding:2px 1pt 2px 0;text-align:right;vertical-align:bottom""></td></tr><tr><td colspan=""3"" style=""background-color:#ffffff;padding:2px 1pt;text-align:left;vertical-align:bottom""><span style=""color:#000000;font-family:'Times New Roman',serif;font-size:10pt;font-weight:400;line-height:100%"">State and other</span></td><td colspan=""2"" style=""background-color:#ffffff;padding:2px 0 2px 1pt;text-align:right;vertical-align:bottom""><span style=""color:#000000;font-family:'Times New Roman',serif;font-size:10pt;font-weight:400;line-height:100%"">344 </span></td><td style=""background-color:#ffffff;padding:2px 1pt 2px 0;text-align:right;vertical-align:bottom""></td><td colspan=""3"" style=""background-color:#ffffff;padding:0 1pt""></td><td colspan=""2"" style=""background-color:#ffffff;padding:2px 0 2px 1pt;text-align:right;vertical-align:bottom""><span style=""color:#000000;font-family:'Times New Roman',serif;font-size:10pt;font-weight:400;line-height:100%"">112 </span></td><td style=""background-color:#ffffff;padding:2px 1pt 2px 0;text-align:right;vertical-align:bottom""></td><td colspan=""3"" style=""background-color:#ffffff;padding:0 1pt""></td><td colspan=""2"" style=""background-color:#ffffff;padding:2px 0 2px 1pt;text-align:right;vertical-align:bottom""><span style=""color:#000000;font-family:'Times New Roman',serif;font-size:10pt;font-weight:400;line-height:100%"">(105)</span></td><td style=""background-color:#ffffff;padding:2px 1pt 2px 0;text-align:right;vertical-align:bottom""></td><td colspan=""3"" style=""background-color:#ffffff;padding:0 1pt""></td><td colspan=""2"" style=""background-color:#ffffff;padding:2px 0 2px 1pt;text-align:right;vertical-align:bottom""><span style=""color:#000000;font-family:'Times New Roman',serif;font-size:10pt;font-weight:400;line-height:100%"">10 </span></td><td style=""background-color:#ffffff;padding:2px 1pt 2px 0;text-align:right;vertical-align:bottom""></td></tr><tr><td colspan=""3"" style=""background-color:#cceeff;padding:2px 1pt 2px 10pt;text-align:left;vertical-align:bottom""><span style=""color:#000000;font-family:'Times New Roman',serif;font-size:10pt;font-weight:400;line-height:100%"">Total deferred tax expense (benefit)</span></td><td colspan=""2"" style=""background-color:#cceeff;border-top:1pt solid #000;padding:2px 0 2px 1pt;text-align:right;vertical-align:bottom""><span style=""color:#000000;font-family:'Times New Roman',serif;font-size:10pt;font-weight:400;line-height:100%"">893 </span></td><td style=""background-color:#cceeff;border-top:1pt solid #000;padding:2px 1pt 2px 0;text-align:right;vertical-align:bottom""></td><td colspan=""3"" style=""background-color:#cceeff;padding:0 1pt""></td><td colspan=""2"" style=""background-color:#cceeff;border-top:1pt solid #000;padding:2px 0 2px 1pt;text-align:right;vertical-align:bottom""><span style=""color:#000000;font-family:'Times New Roman',serif;font-size:10pt;font-weight:400;line-height:100%"">1,625 </span></td><td style=""background-color:#cceeff;border-top:1pt solid #000;padding:2px 1pt 2px 0;text-align:right;vertical-align:bottom""></td><td colspan=""3"" style=""background-color:#cceeff;padding:0 1pt""></td><td colspan=""2"" style=""background-color:#cceeff;border-top:1pt solid #000;padding:2px 0 2px 1pt;text-align:right;vertical-align:bottom""><span style=""color:#000000;font-family:'Times New Roman',serif;font-size:10pt;font-weight:400;line-height:100%"">(1,518)</span></td><td style=""background-color:#cceeff;border-top:1pt solid #000;padding:2px 1pt 2px 0;text-align:right;vertical-align:bottom""></td><td colspan=""3"" style=""background-color:#cceeff;padding:0 1pt""></td><td colspan=""2"" style=""background-color:#cceeff;border-top:1pt solid #000;padding:2px 0 2px 1pt;text-align:right;vertical-align:bottom""><span style=""color:#000000;font-family:'Times New Roman',serif;font-size:10pt;font-weight:400;line-height:100%"">2,007 </span></td><td style=""background-color:#cceeff;border-top:1pt solid #000;padding:2px 1pt 2px 0;text-align:right;vertical-align:bottom""></td></tr><tr style=""height:14pt""><td colspan=""3"" style=""background-color:#ffffff;padding:0 1pt""></td><td colspan=""3"" style=""background-color:#ffffff;padding:0 1pt""></td><td colspan=""3"" style=""background-color:#ffffff;padding:0 1pt""></td><td colspan=""3"" style=""background-color:#ffffff;padding:0 1pt""></td><td colspan=""3"" style=""background-color:#ffffff;padding:0 1pt""></td><td colspan=""3"" style=""background-color:#ffffff;padding:0 1pt""></td><td colspan=""3"" style=""background-color:#ffffff;padding:0 1pt""></td><td colspan=""3"" style=""background-color:#ffffff;padding:0 1pt""></td></tr><tr><td colspan=""3"" style=""background-color:#cceeff;padding:2px 1pt 2px 10pt;text-align:left;vertical-align:bottom""><span style=""color:#000000;font-family:'Times New Roman',serif;font-size:10pt;font-weight:400;line-height:100%"">Total investment valuation related income tax provision (benefit)</span></td><td style=""background-color:#cceeff;border-top:1pt solid #000;padding:2px 0 2px 1pt;text-align:left;vertical-align:bottom""><span style=""color:#000000;font-family:'Times New Roman',serif;font-size:10pt;font-weight:400;line-height:100%"">$</span></td><td style=""background-color:#cceeff;border-top:1pt solid #000;padding:2px 0;text-align:right;vertical-align:bottom""><span style=""color:#000000;font-family:'Times New Roman',serif;font-size:10pt;font-weight:400;line-height:100%"">893 </span></td><td style=""background-color:#cceeff;border-top:1pt solid #000;padding:2px 1pt 2px 0;text-align:right;vertical-align:bottom""></td><td colspan=""3"" style=""background-color:#cceeff;padding:0 1pt""></td><td style=""background-color:#cceeff;border-top:1pt solid #000;padding:2px 0 2px 1pt;text-align:left;vertical-align:bottom""><span style=""color:#000000;font-family:'Times New Roman',serif;font-size:10pt;font-weight:400;line-height:100%"">$</span></td><td style=""background-color:#cceeff;border-top:1pt solid #000;padding:2px 0;text-align:right;vertical-align:bottom""><span style=""color:#000000;font-family:'Times New Roman',serif;font-size:10pt;font-weight:400;line-height:100%"">1,830 </span></td><td style=""background-color:#cceeff;border-top:1pt solid #000;padding:2px 1pt 2px 0;text-align:right;vertical-align:bottom""></td><td colspan=""3"" style=""background-color:#cceeff;padding:0 1pt""></td><td style=""background-color:#cceeff;border-top:1pt solid #000;padding:2px 0 2px 1pt;text-align:left;vertical-align:bottom""><span style=""color:#000000;font-family:'Times New Roman',serif;font-size:10pt;font-weight:400;line-height:100%"">$</span></td><td style=""background-color:#cceeff;border-top:1pt solid #000;padding:2px 0;text-align:right;vertical-align:bottom""><span style=""color:#000000;font-family:'Times New Roman',serif;font-size:10pt;font-weight:400;line-height:100%"">(1,518)</span></td><td style=""background-color:#cceeff;border-top:1pt solid #000;padding:2px 1pt 2px 0;text-align:right;vertical-align:bottom""></td><td colspan=""3"" style=""background-color:#cceeff;padding:0 1pt""></td><td style=""background-color:#cceeff;border-top:1pt solid #000;padding:2px 0 2px 1pt;text-align:left;vertical-align:bottom""><span style=""color:#000000;font-family:'Times New Roman',serif;font-size:10pt;font-weight:400;line-height:100%"">$</span></td><td style=""background-color:#cceeff;border-top:1pt solid #000;padding:2px 0;text-align:right;vertical-align:bottom""><span style=""color:#000000;font-family:'Times New Roman',serif;font-size:10pt;font-weight:400;line-height:100%"">2,212 </span></td><td style=""background-color:#cceeff;border-top:1pt solid #000;padding:2px 1pt 2px 0;text-align:right;vertical-align:bottom""></td></tr><tr style=""height:14pt""><td colspan=""3"" style=""background-color:#ffffff;padding:0 1pt 0 10pt""></td><td colspan=""3"" style=""background-color:#ffffff;border-top:1pt solid #000;padding:0 1pt""></td><td colspan=""3"" style=""background-color:#ffffff;padding:0 1pt""></td><td colspan=""3"" style=""background-color:#ffffff;border-top:1pt solid #000;padding:0 1pt""></td><td colspan=""3"" style=""background-color:#ffffff;padding:0 1pt""></td><td colspan=""3"" style=""background-color:#ffffff;border-top:1pt solid #000;padding:0 1pt""></td><td colspan=""3"" style=""background-color:#ffffff;padding:0 1pt""></td><td colspan=""3"" style=""background-color:#ffffff;border-top:1pt solid #000;padding:0 1pt""></td></tr><tr><td colspan=""3"" style=""background-color:#cceeff;padding:2px 1pt;text-align:left;vertical-align:bottom""><span style=""color:#000000;font-family:'Times New Roman',serif;font-size:10pt;font-weight:700;line-height:100%"">Total income tax provision</span></td><td style=""background-color:#cceeff;border-bottom:3pt double #000;border-top:1pt solid #000;padding:2px 0 2px 1pt;text-align:left;vertical-align:bottom""><span style=""color:#000000;font-family:'Times New Roman',serif;font-size:10pt;font-weight:400;line-height:100%"">$</span></td><td style=""background-color:#cceeff;border-bottom:3pt double #000;border-top:1pt solid #000;padding:2px 0;text-align:right;vertical-align:bottom""><span style=""color:#000000;font-family:'Times New Roman',serif;font-size:10pt;font-weight:400;line-height:100%"">1,892 </span></td><td style=""background-color:#cceeff;border-bottom:3pt double #000;border-top:1pt solid #000;padding:2px 1pt 2px 0;text-align:right;vertical-align:bottom""></td><td colspan=""3"" style=""background-color:#cceeff;padding:0 1pt""></td><td style=""background-color:#cceeff;border-bottom:3pt double #000;border-top:1pt solid #000;padding:2px 0 2px 1pt;text-align:left;vertical-align:bottom""><span style=""color:#000000;font-family:'Times New Roman',serif;font-size:10pt;font-weight:400;line-height:100%"">$</span></td><td style=""background-color:#cceeff;border-bottom:3pt double #000;border-top:1pt solid #000;padding:2px 0;text-align:right;vertical-align:bottom""><span style=""color:#000000;font-family:'Times New Roman',serif;font-size:10pt;font-weight:400;line-height:100%"">2,776 </span></td><td style=""background-color:#cceeff;border-bottom:3pt double #000;border-top:1pt solid #000;padding:2px 1pt 2px 0;text-align:right;vertical-align:bottom""></td><td colspan=""3"" style=""background-color:#cceeff;padding:0 1pt""></td><td style=""background-color:#cceeff;border-bottom:3pt double #000;border-top:1pt solid #000;padding:2px 0 2px 1pt;text-align:left;vertical-align:bottom""><span style=""color:#000000;font-family:'Times New Roman',serif;font-size:10pt;font-weight:400;line-height:100%"">$</span></td><td style=""background-color:#cceeff;border-bottom:3pt double #000;border-top:1pt solid #000;padding:2px 0;text-align:right;vertical-align:bottom""><span style=""color:#000000;font-family:'Times New Roman',serif;font-size:10pt;font-weight:400;line-height:100%"">522 </span></td><td style=""background-color:#cceeff;border-bottom:3pt double #000;border-top:1pt solid #000;padding:2px 1pt 2px 0;text-align:right;vertical-align:bottom""></td><td colspan=""3"" style=""background-color:#cceeff;padding:0 1pt""></td><td style=""background-color:#cceeff;border-bottom:3pt double #000;border-top:1pt solid #000;padding:2px 0 2px 1pt;text-align:left;vertical-align:bottom""><span style=""color:#000000;font-family:'Times New Roman',serif;font-size:10pt;font-weight:400;line-height:100%"">$</span></td><td style=""background-color:#cceeff;border-bottom:3pt double #000;border-top:1pt solid #000;padding:2px 0;text-align:right;vertical-align:bottom""><span style=""color:#000000;font-family:'Times New Roman',serif;font-size:10pt;font-weight:400;line-height:100%"">3,717 </span></td><td style=""background-color:#cceeff;border-bottom:3pt double #000;border-top:1pt solid #000;padding:2px 1pt 2px 0;text-align:right;vertical-align:bottom""></td></tr></table></div>",c-1,,,,,,False,ScheduleOfComponentsOfIncomeTaxExpenseBenefitTableTextBlock,
MSIF,2025-08-14,income_statement,income_statement,InvestmentIncomeOperatingFederalTaxExpenseBenefitCurrent,InvestmentIncomeOperatingFederalTaxExpenseBenefitCurrent,65000,c-27,,,,,,False,InvestmentIncomeOperatingFederalTaxExpenseBenefitCurrent,
MSIF,2025-08-14,income_statement,income_statement,InvestmentIncomeOperatingFederalTaxExpenseBenefitCurrent,InvestmentIncomeOperatingFederalTaxExpenseBenefitCurrent,125000,c-28,,,,,,False,InvestmentIncomeOperatingFederalTaxExpenseBenefitCurrent,
MSIF,2025-08-14,income_statement,income_statement,InvestmentIncomeOperatingFederalTaxExpenseBenefitCurrent,InvestmentIncomeOperatingFederalTaxExpenseBenefitCurrent,118000,c-1,,,,,,False,InvestmentIncomeOperatingFederalTaxExpenseBenefitCurrent,
MSIF,2025-08-14,income_statement,income_statement,InvestmentIncomeOperatingFederalTaxExpenseBenefitCurrent,InvestmentIncomeOperatingFederalTaxExpenseBenefitCurrent,178000,c-29,,,,,,False,InvestmentIncomeOperatingFederalTaxExpenseBenefitCurrent,
MSIF,2025-08-14,income_statement,income_statement,InvestmentIncomeOperatingStateAndOtherTaxExpenseBenefitCurrent,InvestmentIncomeOperatingStateAndOtherTaxExpenseBenefitCurrent,103000,c-27,,,,,,False,InvestmentIncomeOperatingStateAndOtherTaxExpenseBenefitCurrent,
MSIF,2025-08-14,income_statement,income_statement,InvestmentIncomeOperatingStateAndOtherTaxExpenseBenefitCurrent,InvestmentIncomeOperatingStateAndOtherTaxExpenseBenefitCurrent,212000,c-28,,,,,,False,InvestmentIncomeOperatingStateAndOtherTaxExpenseBenefitCurrent,
MSIF,2025-08-14,income_statement,income_statement,InvestmentIncomeOperatingStateAndOtherTaxExpenseBenefitCurrent,InvestmentIncomeOperatingStateAndOtherTaxExpenseBenefitCurrent,342000,c-1,,,,,,False,InvestmentIncomeOperatingStateAndOtherTaxExpenseBenefitCurrent,
MSIF,2025-08-14,income_statement,income_statement,InvestmentIncomeOperatingStateAndOtherTaxExpenseBenefitCurrent,InvestmentIncomeOperatingStateAndOtherTaxExpenseBenefitCurrent,414000,c-29,,,,,,False,InvestmentIncomeOperatingStateAndOtherTaxExpenseBenefitCurrent,
MSIF,2025-08-14,income_statement,income_statement,InvestmentIncomeOperatingTaxExpenseBenefitCurrent,InvestmentIncomeOperatingTaxExpenseBenefitCurrent,255000,c-27,,,,,,False,InvestmentIncomeOperatingTaxExpenseBenefitCurrent,
MSIF,2025-08-14,income_statement,income_statement,InvestmentIncomeOperatingTaxExpenseBenefitCurrent,InvestmentIncomeOperatingTaxExpenseBenefitCurrent,341000,c-28,,,,,,False,InvestmentIncomeOperatingTaxExpenseBenefitCurrent,
MSIF,2025-08-14,income_statement,income_statement,InvestmentIncomeOperatingTaxExpenseBenefitCurrent,InvestmentIncomeOperatingTaxExpenseBenefitCurrent,739000,c-1,,,,,,False,InvestmentIncomeOperatingTaxExpenseBenefitCurrent,
MSIF,2025-08-14,income_statement,income_statement,InvestmentIncomeOperatingTaxExpenseBenefitCurrent,InvestmentIncomeOperatingTaxExpenseBenefitCurrent,672000,c-29,,,,,,False,InvestmentIncomeOperatingTaxExpenseBenefitCurrent,
MSIF,2025-08-14,income_statement,income_statement,InvestmentIncomeOperatingDeferredFederalTaxExpenseBenefit,InvestmentIncomeOperatingDeferredFederalTaxExpenseBenefit,894000,c-27,,,,,,False,InvestmentIncomeOperatingDeferredFederalTaxExpenseBenefit,
MSIF,2025-08-14,income_statement,income_statement,InvestmentIncomeOperatingDeferredFederalTaxExpenseBenefit,InvestmentIncomeOperatingDeferredFederalTaxExpenseBenefit,574000,c-28,,,,,,False,InvestmentIncomeOperatingDeferredFederalTaxExpenseBenefit,
MSIF,2025-08-14,income_statement,income_statement,InvestmentIncomeOperatingDeferredFederalTaxExpenseBenefit,InvestmentIncomeOperatingDeferredFederalTaxExpenseBenefit,1242000,c-1,,,,,,False,InvestmentIncomeOperatingDeferredFederalTaxExpenseBenefit,
MSIF,2025-08-14,income_statement,income_statement,InvestmentIncomeOperatingDeferredFederalTaxExpenseBenefit,InvestmentIncomeOperatingDeferredFederalTaxExpenseBenefit,745000,c-29,,,,,,False,InvestmentIncomeOperatingDeferredFederalTaxExpenseBenefit,
MSIF,2025-08-14,income_statement,income_statement,InvestmentIncomeOperatingDeferredStateAndOtherTaxExpenseBenefit,InvestmentIncomeOperatingDeferredStateAndOtherTaxExpenseBenefit,-150000,c-27,,,,,,False,InvestmentIncomeOperatingDeferredStateAndOtherTaxExpenseBenefit,
MSIF,2025-08-14,income_statement,income_statement,InvestmentIncomeOperatingDeferredStateAndOtherTaxExpenseBenefit,InvestmentIncomeOperatingDeferredStateAndOtherTaxExpenseBenefit,31000,c-28,,,,,,False,InvestmentIncomeOperatingDeferredStateAndOtherTaxExpenseBenefit,
MSIF,2025-08-14,income_statement,income_statement,InvestmentIncomeOperatingDeferredStateAndOtherTaxExpenseBenefit,InvestmentIncomeOperatingDeferredStateAndOtherTaxExpenseBenefit,59000,c-1,,,,,,False,InvestmentIncomeOperatingDeferredStateAndOtherTaxExpenseBenefit,
MSIF,2025-08-14,income_statement,income_statement,InvestmentIncomeOperatingDeferredStateAndOtherTaxExpenseBenefit,InvestmentIncomeOperatingDeferredStateAndOtherTaxExpenseBenefit,88000,c-29,,,,,,False,InvestmentIncomeOperatingDeferredStateAndOtherTaxExpenseBenefit,
MSIF,2025-08-14,income_statement,income_statement,InvestmentIncomeOperatingDeferredTaxExpenseBenefit,InvestmentIncomeOperatingDeferredTaxExpenseBenefit,744000,c-27,,,,,,False,InvestmentIncomeOperatingDeferredTaxExpenseBenefit,
MSIF,2025-08-14,income_statement,income_statement,InvestmentIncomeOperatingDeferredTaxExpenseBenefit,InvestmentIncomeOperatingDeferredTaxExpenseBenefit,605000,c-28,,,,,,False,InvestmentIncomeOperatingDeferredTaxExpenseBenefit,
MSIF,2025-08-14,income_statement,income_statement,InvestmentIncomeOperatingDeferredTaxExpenseBenefit,InvestmentIncomeOperatingDeferredTaxExpenseBenefit,1301000,c-1,,,,,,False,InvestmentIncomeOperatingDeferredTaxExpenseBenefit,
MSIF,2025-08-14,income_statement,income_statement,InvestmentIncomeOperatingDeferredTaxExpenseBenefit,InvestmentIncomeOperatingDeferredTaxExpenseBenefit,833000,c-29,,,,,,False,InvestmentIncomeOperatingDeferredTaxExpenseBenefit,
MSIF,2025-08-14,income_statement,income_statement,InvestmentIncomeOperatingTaxExpenseBenefit,InvestmentIncomeOperatingTaxExpenseBenefit,999000,c-27,,,,,,False,InvestmentIncomeOperatingTaxExpenseBenefit,
MSIF,2025-08-14,income_statement,income_statement,InvestmentIncomeOperatingTaxExpenseBenefit,InvestmentIncomeOperatingTaxExpenseBenefit,946000,c-28,,,,,,False,InvestmentIncomeOperatingTaxExpenseBenefit,
MSIF,2025-08-14,income_statement,income_statement,InvestmentIncomeOperatingTaxExpenseBenefit,InvestmentIncomeOperatingTaxExpenseBenefit,2040000,c-1,,,,,,False,InvestmentIncomeOperatingTaxExpenseBenefit,
MSIF,2025-08-14,income_statement,income_statement,InvestmentIncomeOperatingTaxExpenseBenefit,InvestmentIncomeOperatingTaxExpenseBenefit,1505000,c-29,,,,,,False,InvestmentIncomeOperatingTaxExpenseBenefit,
MSIF,2025-08-14,income_statement,income_statement,RealizedGainLossInvestmentAndDerivativeOperatingFederalTaxExpenseBenefitCurrent,RealizedGainLossInvestmentAndDerivativeOperatingFederalTaxExpenseBenefitCurrent,0,c-27,,,,,,False,RealizedGainLossInvestmentAndDerivativeOperatingFederalTaxExpenseBenefitCurrent,
MSIF,2025-08-14,income_statement,income_statement,RealizedGainLossInvestmentAndDerivativeOperatingFederalTaxExpenseBenefitCurrent,RealizedGainLossInvestmentAndDerivativeOperatingFederalTaxExpenseBenefitCurrent,205000,c-28,,,,,,False,RealizedGainLossInvestmentAndDerivativeOperatingFederalTaxExpenseBenefitCurrent,
MSIF,2025-08-14,income_statement,income_statement,RealizedGainLossInvestmentAndDerivativeOperatingFederalTaxExpenseBenefitCurrent,RealizedGainLossInvestmentAndDerivativeOperatingFederalTaxExpenseBenefitCurrent,0,c-1,,,,,,False,RealizedGainLossInvestmentAndDerivativeOperatingFederalTaxExpenseBenefitCurrent,
MSIF,2025-08-14,income_statement,income_statement,RealizedGainLossInvestmentAndDerivativeOperatingFederalTaxExpenseBenefitCurrent,RealizedGainLossInvestmentAndDerivativeOperatingFederalTaxExpenseBenefitCurrent,205000,c-29,,,,,,False,RealizedGainLossInvestmentAndDerivativeOperatingFederalTaxExpenseBenefitCurrent,
MSIF,2025-08-14,income_statement,income_statement,RealizedGainLossInvestmentAndDerivativeOperatingTaxExpenseBenefitCurrent,RealizedGainLossInvestmentAndDerivativeOperatingTaxExpenseBenefitCurrent,0,c-27,,,,,,False,RealizedGainLossInvestmentAndDerivativeOperatingTaxExpenseBenefitCurrent,
MSIF,2025-08-14,income_statement,income_statement,RealizedGainLossInvestmentAndDerivativeOperatingTaxExpenseBenefitCurrent,RealizedGainLossInvestmentAndDerivativeOperatingTaxExpenseBenefitCurrent,205000,c-28,,,,,,False,RealizedGainLossInvestmentAndDerivativeOperatingTaxExpenseBenefitCurrent,
MSIF,2025-08-14,income_statement,income_statement,RealizedGainLossInvestmentAndDerivativeOperatingTaxExpenseBenefitCurrent,RealizedGainLossInvestmentAndDerivativeOperatingTaxExpenseBenefitCurrent,0,c-1,,,,,,False,RealizedGainLossInvestmentAndDerivativeOperatingTaxExpenseBenefitCurrent,
MSIF,2025-08-14,income_statement,income_statement,RealizedGainLossInvestmentAndDerivativeOperatingTaxExpenseBenefitCurrent,RealizedGainLossInvestmentAndDerivativeOperatingTaxExpenseBenefitCurrent,205000,c-29,,,,,,False,RealizedGainLossInvestmentAndDerivativeOperatingTaxExpenseBenefitCurrent,
MSIF,2025-08-14,income_statement,income_statement,RealizedGainLossInvestmentAndDerivativeOperatingDeferredFederalTaxExpenseBenefit,RealizedGainLossInvestmentAndDerivativeOperatingDeferredFederalTaxExpenseBenefit,549000,c-27,,,,,,False,RealizedGainLossInvestmentAndDerivativeOperatingDeferredFederalTaxExpenseBenefit,
MSIF,2025-08-14,income_statement,income_statement,RealizedGainLossInvestmentAndDerivativeOperatingDeferredFederalTaxExpenseBenefit,RealizedGainLossInvestmentAndDerivativeOperatingDeferredFederalTaxExpenseBenefit,1513000,c-28,,,,,,False,RealizedGainLossInvestmentAndDerivativeOperatingDeferredFederalTaxExpenseBenefit,
MSIF,2025-08-14,income_statement,income_statement,RealizedGainLossInvestmentAndDerivativeOperatingDeferredFederalTaxExpenseBenefit,RealizedGainLossInvestmentAndDerivativeOperatingDeferredFederalTaxExpenseBenefit,-1413000,c-1,,,,,,False,RealizedGainLossInvestmentAndDerivativeOperatingDeferredFederalTaxExpenseBenefit,
MSIF,2025-08-14,income_statement,income_statement,RealizedGainLossInvestmentAndDerivativeOperatingDeferredFederalTaxExpenseBenefit,RealizedGainLossInvestmentAndDerivativeOperatingDeferredFederalTaxExpenseBenefit,1997000,c-29,,,,,,False,RealizedGainLossInvestmentAndDerivativeOperatingDeferredFederalTaxExpenseBenefit,
MSIF,2025-08-14,income_statement,income_statement,RealizedGainLossInvestmentAndDerivativeOperatingDeferredStateAndOtherTaxExpenseBenefit,RealizedGainLossInvestmentAndDerivativeOperatingDeferredStateAndOtherTaxExpenseBenefit,344000,c-27,,,,,,False,RealizedGainLossInvestmentAndDerivativeOperatingDeferredStateAndOtherTaxExpenseBenefit,
MSIF,2025-08-14,income_statement,income_statement,RealizedGainLossInvestmentAndDerivativeOperatingDeferredStateAndOtherTaxExpenseBenefit,RealizedGainLossInvestmentAndDerivativeOperatingDeferredStateAndOtherTaxExpenseBenefit,112000,c-28,,,,,,False,RealizedGainLossInvestmentAndDerivativeOperatingDeferredStateAndOtherTaxExpenseBenefit,
MSIF,2025-08-14,income_statement,income_statement,RealizedGainLossInvestmentAndDerivativeOperatingDeferredStateAndOtherTaxExpenseBenefit,RealizedGainLossInvestmentAndDerivativeOperatingDeferredStateAndOtherTaxExpenseBenefit,-105000,c-1,,,,,,False,RealizedGainLossInvestmentAndDerivativeOperatingDeferredStateAndOtherTaxExpenseBenefit,
MSIF,2025-08-14,income_statement,income_statement,RealizedGainLossInvestmentAndDerivativeOperatingDeferredStateAndOtherTaxExpenseBenefit,RealizedGainLossInvestmentAndDerivativeOperatingDeferredStateAndOtherTaxExpenseBenefit,10000,c-29,,,,,,False,RealizedGainLossInvestmentAndDerivativeOperatingDeferredStateAndOtherTaxExpenseBenefit,
MSIF,2025-08-14,income_statement,income_statement,RealizedGainLossInvestmentAndDerivativeOperatingDeferredTaxExpenseBenefit,RealizedGainLossInvestmentAndDerivativeOperatingDeferredTaxExpenseBenefit,893000,c-27,,,,,,False,RealizedGainLossInvestmentAndDerivativeOperatingDeferredTaxExpenseBenefit,
MSIF,2025-08-14,income_statement,income_statement,RealizedGainLossInvestmentAndDerivativeOperatingDeferredTaxExpenseBenefit,RealizedGainLossInvestmentAndDerivativeOperatingDeferredTaxExpenseBenefit,1625000,c-28,,,,,,False,RealizedGainLossInvestmentAndDerivativeOperatingDeferredTaxExpenseBenefit,
MSIF,2025-08-14,income_statement,income_statement,RealizedGainLossInvestmentAndDerivativeOperatingDeferredTaxExpenseBenefit,RealizedGainLossInvestmentAndDerivativeOperatingDeferredTaxExpenseBenefit,-1518000,c-1,,,,,,False,RealizedGainLossInvestmentAndDerivativeOperatingDeferredTaxExpenseBenefit,
MSIF,2025-08-14,income_statement,income_statement,RealizedGainLossInvestmentAndDerivativeOperatingDeferredTaxExpenseBenefit,RealizedGainLossInvestmentAndDerivativeOperatingDeferredTaxExpenseBenefit,2007000,c-29,,,,,,False,RealizedGainLossInvestmentAndDerivativeOperatingDeferredTaxExpenseBenefit,
MSIF,2025-08-14,income_statement,income_statement,InvestmentCompanyIncomeTaxExpenseBenefit,InvestmentCompanyIncomeTaxExpenseBenefit,1892000,c-27,,,,,,False,InvestmentCompanyIncomeTaxExpenseBenefit,
MSIF,2025-08-14,income_statement,income_statement,InvestmentCompanyIncomeTaxExpenseBenefit,InvestmentCompanyIncomeTaxExpenseBenefit,2776000,c-28,,,,,,False,InvestmentCompanyIncomeTaxExpenseBenefit,
MSIF,2025-08-14,income_statement,income_statement,InvestmentCompanyIncomeTaxExpenseBenefit,InvestmentCompanyIncomeTaxExpenseBenefit,522000,c-1,,,,,,False,InvestmentCompanyIncomeTaxExpenseBenefit,
MSIF,2025-08-14,income_statement,income_statement,InvestmentCompanyIncomeTaxExpenseBenefit,InvestmentCompanyIncomeTaxExpenseBenefit,3717000,c-29,,,,,,False,InvestmentCompanyIncomeTaxExpenseBenefit,
MSIF,2025-08-14,income_statement,income_statement,ManagementFeeExpense,ManagementFeeExpense,4907000,c-1774,,,,,,False,ManagementFeeExpense,
MSIF,2025-08-14,income_statement,income_statement,ManagementFeeExpense,ManagementFeeExpense,5179000,c-1775,,,,,,False,ManagementFeeExpense,
MSIF,2025-08-14,income_statement,income_statement,ManagementFeeExpense,ManagementFeeExpense,9879000,c-1776,,,,,,False,ManagementFeeExpense,
MSIF,2025-08-14,income_statement,income_statement,ManagementFeeExpense,ManagementFeeExpense,10207000,c-1777,,,,,,False,ManagementFeeExpense,
MSIF,2025-08-14,income_statement,income_statement,ManagementFeeExpense,ManagementFeeExpense,3431000,c-1778,,,,,,False,ManagementFeeExpense,
MSIF,2025-08-14,income_statement,income_statement,ManagementFeeExpense,ManagementFeeExpense,3591000,c-1779,,,,,,False,ManagementFeeExpense,
MSIF,2025-08-14,income_statement,income_statement,ManagementFeeExpense,ManagementFeeExpense,5454000,c-1780,,,,,,False,ManagementFeeExpense,
MSIF,2025-08-14,income_statement,income_statement,ManagementFeeExpense,ManagementFeeExpense,7228000,c-1781,,,,,,False,ManagementFeeExpense,
MSIF,2025-08-14,income_statement,income_statement,ManagementFeeExpense,ManagementFeeExpense,0,c-1782,,,,,,False,ManagementFeeExpense,
MSIF,2025-08-14,income_statement,income_statement,ManagementFeeExpense,ManagementFeeExpense,0,c-1783,,,,,,False,ManagementFeeExpense,
MSIF,2025-08-14,income_statement,income_statement,ManagementFeeExpense,ManagementFeeExpense,0,c-1784,,,,,,False,ManagementFeeExpense,
MSIF,2025-08-14,income_statement,income_statement,ManagementFeeExpense,ManagementFeeExpense,0,c-1785,,,,,,False,ManagementFeeExpense,
MSIF,2025-08-14,income_statement,income_statement,ManagementFeeExpense,ManagementFeeExpense,172000,c-1789,,,,,,False,ManagementFeeExpense,
MSIF,2025-08-14,income_statement,income_statement,ManagementFeeExpense,ManagementFeeExpense,2520000,c-1790,,,,,,False,ManagementFeeExpense,
MSIF,2025-08-14,income_statement,income_statement,ManagementFeeExpense,ManagementFeeExpense,346000,c-1791,,,,,,False,ManagementFeeExpense,
MSIF,2025-08-14,income_statement,income_statement,ManagementFeeExpense,ManagementFeeExpense,4787000,c-1792,,,,,,False,ManagementFeeExpense,
MSIF,2025-08-14,income_statement,income_statement,InterestFeesAndDividendIncomeSecuritiesOperating,InterestFeesAndDividendIncomeSecuritiesOperating,0,c-1803,,,,,,False,InterestFeesAndDividendIncomeSecuritiesOperating,
MSIF,2025-08-14,income_statement,income_statement,InterestFeesAndDividendIncomeSecuritiesOperating,InterestFeesAndDividendIncomeSecuritiesOperating,10000,c-1805,,,,,,False,InterestFeesAndDividendIncomeSecuritiesOperating,
MSIF,2025-08-14,income_statement,income_statement,InterestFeesAndDividendIncomeSecuritiesOperating,InterestFeesAndDividendIncomeSecuritiesOperating,0,c-1807,,,,,,False,InterestFeesAndDividendIncomeSecuritiesOperating,
MSIF,2025-08-14,income_statement,income_statement,InterestFeesAndDividendIncomeSecuritiesOperating,InterestFeesAndDividendIncomeSecuritiesOperating,85000,c-1809,,,,,,False,InterestFeesAndDividendIncomeSecuritiesOperating,
MSIF,2025-08-14,income_statement,income_statement,InterestFeesAndDividendIncomeSecuritiesOperating,InterestFeesAndDividendIncomeSecuritiesOperating,1275000,c-1811,,,,,,False,InterestFeesAndDividendIncomeSecuritiesOperating,
MSIF,2025-08-14,income_statement,income_statement,InterestFeesAndDividendIncomeSecuritiesOperating,InterestFeesAndDividendIncomeSecuritiesOperating,1541000,c-1812,,,,,,False,InterestFeesAndDividendIncomeSecuritiesOperating,
MSIF,2025-08-14,income_statement,income_statement,InterestFeesAndDividendIncomeSecuritiesOperating,InterestFeesAndDividendIncomeSecuritiesOperating,0,c-1813,,,,,,False,InterestFeesAndDividendIncomeSecuritiesOperating,
MSIF,2025-08-14,income_statement,income_statement,InterestFeesAndDividendIncomeSecuritiesOperating,InterestFeesAndDividendIncomeSecuritiesOperating,45000,c-1815,,,,,,False,InterestFeesAndDividendIncomeSecuritiesOperating,
MSIF,2025-08-14,income_statement,income_statement,InterestFeesAndDividendIncomeSecuritiesOperating,InterestFeesAndDividendIncomeSecuritiesOperating,0,c-1816,,,,,,False,InterestFeesAndDividendIncomeSecuritiesOperating,
MSIF,2025-08-14,income_statement,income_statement,InterestFeesAndDividendIncomeSecuritiesOperating,InterestFeesAndDividendIncomeSecuritiesOperating,0,c-1819,,,,,,False,InterestFeesAndDividendIncomeSecuritiesOperating,
MSIF,2025-08-14,income_statement,income_statement,InterestFeesAndDividendIncomeSecuritiesOperating,InterestFeesAndDividendIncomeSecuritiesOperating,0,c-1822,,,,,,False,InterestFeesAndDividendIncomeSecuritiesOperating,
MSIF,2025-08-14,income_statement,income_statement,InterestFeesAndDividendIncomeSecuritiesOperating,InterestFeesAndDividendIncomeSecuritiesOperating,0,c-1824,,,,,,False,InterestFeesAndDividendIncomeSecuritiesOperating,
MSIF,2025-08-14,income_statement,income_statement,InterestFeesAndDividendIncomeSecuritiesOperating,InterestFeesAndDividendIncomeSecuritiesOperating,0,c-1826,,,,,,False,InterestFeesAndDividendIncomeSecuritiesOperating,
MSIF,2025-08-14,income_statement,income_statement,InterestFeesAndDividendIncomeSecuritiesOperating,InterestFeesAndDividendIncomeSecuritiesOperating,2956000,c-17,,,,,,False,InterestFeesAndDividendIncomeSecuritiesOperating,
MSIF,2025-08-14,income_statement,income_statement,InterestFeesAndDividendIncomeSecuritiesOperating,InterestFeesAndDividendIncomeSecuritiesOperating,0,c-1829,,,,,,False,InterestFeesAndDividendIncomeSecuritiesOperating,
MSIF,2025-08-14,income_statement,income_statement,InterestFeesAndDividendIncomeSecuritiesOperating,InterestFeesAndDividendIncomeSecuritiesOperating,72000,c-1833,,,,,,False,InterestFeesAndDividendIncomeSecuritiesOperating,
MSIF,2025-08-14,income_statement,income_statement,InterestFeesAndDividendIncomeSecuritiesOperating,InterestFeesAndDividendIncomeSecuritiesOperating,72000,c-1836,,,,,,False,InterestFeesAndDividendIncomeSecuritiesOperating,
MSIF,2025-08-14,income_statement,income_statement,InterestFeesAndDividendIncomeSecuritiesOperating,InterestFeesAndDividendIncomeSecuritiesOperating,0,c-1838,,,,,,False,InterestFeesAndDividendIncomeSecuritiesOperating,
MSIF,2025-08-14,income_statement,income_statement,InterestFeesAndDividendIncomeSecuritiesOperating,InterestFeesAndDividendIncomeSecuritiesOperating,90000,c-1841,,,,,,False,InterestFeesAndDividendIncomeSecuritiesOperating,
MSIF,2025-08-14,income_statement,income_statement,InterestFeesAndDividendIncomeSecuritiesOperating,InterestFeesAndDividendIncomeSecuritiesOperating,0,c-1842,,,,,,False,InterestFeesAndDividendIncomeSecuritiesOperating,
MSIF,2025-08-14,income_statement,income_statement,InterestFeesAndDividendIncomeSecuritiesOperating,InterestFeesAndDividendIncomeSecuritiesOperating,0,c-1845,,,,,,False,InterestFeesAndDividendIncomeSecuritiesOperating,
MSIF,2025-08-14,income_statement,income_statement,InterestFeesAndDividendIncomeSecuritiesOperating,InterestFeesAndDividendIncomeSecuritiesOperating,0,c-647,,,,,,False,InterestFeesAndDividendIncomeSecuritiesOperating,
MSIF,2025-08-14,income_statement,income_statement,InterestFeesAndDividendIncomeSecuritiesOperating,InterestFeesAndDividendIncomeSecuritiesOperating,368000,c-1848,,,,,,False,InterestFeesAndDividendIncomeSecuritiesOperating,
MSIF,2025-08-14,income_statement,income_statement,InterestFeesAndDividendIncomeSecuritiesOperating,InterestFeesAndDividendIncomeSecuritiesOperating,1000,c-1850,,,,,,False,InterestFeesAndDividendIncomeSecuritiesOperating,
MSIF,2025-08-14,income_statement,income_statement,InterestFeesAndDividendIncomeSecuritiesOperating,InterestFeesAndDividendIncomeSecuritiesOperating,2000,c-1853,,,,,,False,InterestFeesAndDividendIncomeSecuritiesOperating,
MSIF,2025-08-14,income_statement,income_statement,InterestFeesAndDividendIncomeSecuritiesOperating,InterestFeesAndDividendIncomeSecuritiesOperating,64000,c-1855,,,,,,False,InterestFeesAndDividendIncomeSecuritiesOperating,
MSIF,2025-08-14,income_statement,income_statement,InterestFeesAndDividendIncomeSecuritiesOperating,InterestFeesAndDividendIncomeSecuritiesOperating,39000,c-1856,,,,,,False,InterestFeesAndDividendIncomeSecuritiesOperating,
MSIF,2025-08-14,income_statement,income_statement,InterestFeesAndDividendIncomeSecuritiesOperating,InterestFeesAndDividendIncomeSecuritiesOperating,91000,c-1859,,,,,,False,InterestFeesAndDividendIncomeSecuritiesOperating,
MSIF,2025-08-14,income_statement,income_statement,InterestFeesAndDividendIncomeSecuritiesOperating,InterestFeesAndDividendIncomeSecuritiesOperating,15000,c-1861,,,,,,False,InterestFeesAndDividendIncomeSecuritiesOperating,
MSIF,2025-08-14,income_statement,income_statement,InterestFeesAndDividendIncomeSecuritiesOperating,InterestFeesAndDividendIncomeSecuritiesOperating,2000,c-1864,,,,,,False,InterestFeesAndDividendIncomeSecuritiesOperating,
MSIF,2025-08-14,income_statement,income_statement,InterestFeesAndDividendIncomeSecuritiesOperating,InterestFeesAndDividendIncomeSecuritiesOperating,451000,c-1866,,,,,,False,InterestFeesAndDividendIncomeSecuritiesOperating,
MSIF,2025-08-14,income_statement,income_statement,InterestFeesAndDividendIncomeSecuritiesOperating,InterestFeesAndDividendIncomeSecuritiesOperating,15000,c-1868,,,,,,False,InterestFeesAndDividendIncomeSecuritiesOperating,
MSIF,2025-08-14,income_statement,income_statement,InterestFeesAndDividendIncomeSecuritiesOperating,InterestFeesAndDividendIncomeSecuritiesOperating,12000,c-1872,,,,,,False,InterestFeesAndDividendIncomeSecuritiesOperating,
MSIF,2025-08-14,income_statement,income_statement,InterestFeesAndDividendIncomeSecuritiesOperating,InterestFeesAndDividendIncomeSecuritiesOperating,264000,c-1875,,,,,,False,InterestFeesAndDividendIncomeSecuritiesOperating,
MSIF,2025-08-14,income_statement,income_statement,InterestFeesAndDividendIncomeSecuritiesOperating,InterestFeesAndDividendIncomeSecuritiesOperating,1189000,c-1877,,,,,,False,InterestFeesAndDividendIncomeSecuritiesOperating,
MSIF,2025-08-14,income_statement,income_statement,InterestFeesAndDividendIncomeSecuritiesOperating,InterestFeesAndDividendIncomeSecuritiesOperating,12000,c-1879,,,,,,False,InterestFeesAndDividendIncomeSecuritiesOperating,
MSIF,2025-08-14,income_statement,income_statement,InterestFeesAndDividendIncomeSecuritiesOperating,InterestFeesAndDividendIncomeSecuritiesOperating,134000,c-1881,,,,,,False,InterestFeesAndDividendIncomeSecuritiesOperating,
MSIF,2025-08-14,income_statement,income_statement,InterestFeesAndDividendIncomeSecuritiesOperating,InterestFeesAndDividendIncomeSecuritiesOperating,0,c-1883,,,,,,False,InterestFeesAndDividendIncomeSecuritiesOperating,
MSIF,2025-08-14,income_statement,income_statement,InterestFeesAndDividendIncomeSecuritiesOperating,InterestFeesAndDividendIncomeSecuritiesOperating,78000,c-1887,,,,,,False,InterestFeesAndDividendIncomeSecuritiesOperating,
MSIF,2025-08-14,income_statement,income_statement,InterestFeesAndDividendIncomeSecuritiesOperating,InterestFeesAndDividendIncomeSecuritiesOperating,12000,c-1890,,,,,,False,InterestFeesAndDividendIncomeSecuritiesOperating,
MSIF,2025-08-14,income_statement,income_statement,InterestFeesAndDividendIncomeSecuritiesOperating,InterestFeesAndDividendIncomeSecuritiesOperating,203000,c-1891,,,,,,False,InterestFeesAndDividendIncomeSecuritiesOperating,
MSIF,2025-08-14,income_statement,income_statement,InterestFeesAndDividendIncomeSecuritiesOperating,InterestFeesAndDividendIncomeSecuritiesOperating,0,c-1893,,,,,,False,InterestFeesAndDividendIncomeSecuritiesOperating,
MSIF,2025-08-14,income_statement,income_statement,InterestFeesAndDividendIncomeSecuritiesOperating,InterestFeesAndDividendIncomeSecuritiesOperating,19000,c-1895,,,,,,False,InterestFeesAndDividendIncomeSecuritiesOperating,
MSIF,2025-08-14,income_statement,income_statement,InterestFeesAndDividendIncomeSecuritiesOperating,InterestFeesAndDividendIncomeSecuritiesOperating,401000,c-1896,,,,,,False,InterestFeesAndDividendIncomeSecuritiesOperating,
MSIF,2025-08-14,income_statement,income_statement,InterestFeesAndDividendIncomeSecuritiesOperating,InterestFeesAndDividendIncomeSecuritiesOperating,336000,c-1897,,,,,,False,InterestFeesAndDividendIncomeSecuritiesOperating,
MSIF,2025-08-14,income_statement,income_statement,InterestFeesAndDividendIncomeSecuritiesOperating,InterestFeesAndDividendIncomeSecuritiesOperating,1000,c-1899,,,,,,False,InterestFeesAndDividendIncomeSecuritiesOperating,
MSIF,2025-08-14,income_statement,income_statement,InterestFeesAndDividendIncomeSecuritiesOperating,InterestFeesAndDividendIncomeSecuritiesOperating,215000,c-1902,,,,,,False,InterestFeesAndDividendIncomeSecuritiesOperating,
MSIF,2025-08-14,income_statement,income_statement,InterestFeesAndDividendIncomeSecuritiesOperating,InterestFeesAndDividendIncomeSecuritiesOperating,467000,c-1903,,,,,,False,InterestFeesAndDividendIncomeSecuritiesOperating,
MSIF,2025-08-14,income_statement,income_statement,InterestFeesAndDividendIncomeSecuritiesOperating,InterestFeesAndDividendIncomeSecuritiesOperating,2000,c-1906,,,,,,False,InterestFeesAndDividendIncomeSecuritiesOperating,
MSIF,2025-08-14,income_statement,income_statement,InterestFeesAndDividendIncomeSecuritiesOperating,InterestFeesAndDividendIncomeSecuritiesOperating,305000,c-1909,,,,,,False,InterestFeesAndDividendIncomeSecuritiesOperating,
MSIF,2025-08-14,income_statement,income_statement,InterestFeesAndDividendIncomeSecuritiesOperating,InterestFeesAndDividendIncomeSecuritiesOperating,30000,c-1910,,,,,,False,InterestFeesAndDividendIncomeSecuritiesOperating,
MSIF,2025-08-14,income_statement,income_statement,InterestFeesAndDividendIncomeSecuritiesOperating,InterestFeesAndDividendIncomeSecuritiesOperating,4000,c-1912,,,,,,False,InterestFeesAndDividendIncomeSecuritiesOperating,
MSIF,2025-08-14,income_statement,income_statement,InterestFeesAndDividendIncomeSecuritiesOperating,InterestFeesAndDividendIncomeSecuritiesOperating,55000,c-1914,,,,,,False,InterestFeesAndDividendIncomeSecuritiesOperating,
MSIF,2025-08-14,income_statement,income_statement,InterestFeesAndDividendIncomeSecuritiesOperating,InterestFeesAndDividendIncomeSecuritiesOperating,0,c-1915,,,,,,False,InterestFeesAndDividendIncomeSecuritiesOperating,
MSIF,2025-08-14,income_statement,income_statement,InterestFeesAndDividendIncomeSecuritiesOperating,InterestFeesAndDividendIncomeSecuritiesOperating,225000,c-1918,,,,,,False,InterestFeesAndDividendIncomeSecuritiesOperating,
MSIF,2025-08-14,income_statement,income_statement,InterestFeesAndDividendIncomeSecuritiesOperating,InterestFeesAndDividendIncomeSecuritiesOperating,25000,c-1919,,,,,,False,InterestFeesAndDividendIncomeSecuritiesOperating,
MSIF,2025-08-14,income_statement,income_statement,InterestFeesAndDividendIncomeSecuritiesOperating,InterestFeesAndDividendIncomeSecuritiesOperating,2000,c-1921,,,,,,False,InterestFeesAndDividendIncomeSecuritiesOperating,
MSIF,2025-08-14,income_statement,income_statement,InterestFeesAndDividendIncomeSecuritiesOperating,InterestFeesAndDividendIncomeSecuritiesOperating,328000,c-1922,,,,,,False,InterestFeesAndDividendIncomeSecuritiesOperating,
MSIF,2025-08-14,income_statement,income_statement,InterestFeesAndDividendIncomeSecuritiesOperating,InterestFeesAndDividendIncomeSecuritiesOperating,0,c-1923,,,,,,False,InterestFeesAndDividendIncomeSecuritiesOperating,
MSIF,2025-08-14,income_statement,income_statement,InterestFeesAndDividendIncomeSecuritiesOperating,InterestFeesAndDividendIncomeSecuritiesOperating,9000,c-1926,,,,,,False,InterestFeesAndDividendIncomeSecuritiesOperating,
MSIF,2025-08-14,income_statement,income_statement,InterestFeesAndDividendIncomeSecuritiesOperating,InterestFeesAndDividendIncomeSecuritiesOperating,258000,c-1928,,,,,,False,InterestFeesAndDividendIncomeSecuritiesOperating,
MSIF,2025-08-14,income_statement,income_statement,InterestFeesAndDividendIncomeSecuritiesOperating,InterestFeesAndDividendIncomeSecuritiesOperating,0,c-1929,,,,,,False,InterestFeesAndDividendIncomeSecuritiesOperating,
MSIF,2025-08-14,income_statement,income_statement,InterestFeesAndDividendIncomeSecuritiesOperating,InterestFeesAndDividendIncomeSecuritiesOperating,61000,c-1932,,,,,,False,InterestFeesAndDividendIncomeSecuritiesOperating,
MSIF,2025-08-14,income_statement,income_statement,InterestFeesAndDividendIncomeSecuritiesOperating,InterestFeesAndDividendIncomeSecuritiesOperating,1738000,c-1933,,,,,,False,InterestFeesAndDividendIncomeSecuritiesOperating,
MSIF,2025-08-14,income_statement,income_statement,InterestFeesAndDividendIncomeSecuritiesOperating,InterestFeesAndDividendIncomeSecuritiesOperating,5000,c-1937,,,,,,False,InterestFeesAndDividendIncomeSecuritiesOperating,
MSIF,2025-08-14,income_statement,income_statement,InterestFeesAndDividendIncomeSecuritiesOperating,InterestFeesAndDividendIncomeSecuritiesOperating,-23000,c-1939,,,,,,False,InterestFeesAndDividendIncomeSecuritiesOperating,
MSIF,2025-08-14,income_statement,income_statement,InterestFeesAndDividendIncomeSecuritiesOperating,InterestFeesAndDividendIncomeSecuritiesOperating,1000,c-1941,,,,,,False,InterestFeesAndDividendIncomeSecuritiesOperating,
MSIF,2025-08-14,income_statement,income_statement,InterestFeesAndDividendIncomeSecuritiesOperating,InterestFeesAndDividendIncomeSecuritiesOperating,1074000,c-1943,,,,,,False,InterestFeesAndDividendIncomeSecuritiesOperating,
MSIF,2025-08-14,income_statement,income_statement,InterestFeesAndDividendIncomeSecuritiesOperating,InterestFeesAndDividendIncomeSecuritiesOperating,810000,c-1945,,,,,,False,InterestFeesAndDividendIncomeSecuritiesOperating,
MSIF,2025-08-14,income_statement,income_statement,InterestFeesAndDividendIncomeSecuritiesOperating,InterestFeesAndDividendIncomeSecuritiesOperating,57000,c-1947,,,,,,False,InterestFeesAndDividendIncomeSecuritiesOperating,
MSIF,2025-08-14,income_statement,income_statement,InterestFeesAndDividendIncomeSecuritiesOperating,InterestFeesAndDividendIncomeSecuritiesOperating,145000,c-1950,,,,,,False,InterestFeesAndDividendIncomeSecuritiesOperating,
MSIF,2025-08-14,income_statement,income_statement,InterestFeesAndDividendIncomeSecuritiesOperating,InterestFeesAndDividendIncomeSecuritiesOperating,46000,c-1952,,,,,,False,InterestFeesAndDividendIncomeSecuritiesOperating,
MSIF,2025-08-14,income_statement,income_statement,InterestFeesAndDividendIncomeSecuritiesOperating,InterestFeesAndDividendIncomeSecuritiesOperating,0,c-1956,,,,,,False,InterestFeesAndDividendIncomeSecuritiesOperating,
MSIF,2025-08-14,income_statement,income_statement,InterestFeesAndDividendIncomeSecuritiesOperating,InterestFeesAndDividendIncomeSecuritiesOperating,0,c-1958,,,,,,False,InterestFeesAndDividendIncomeSecuritiesOperating,
MSIF,2025-08-14,income_statement,income_statement,InterestFeesAndDividendIncomeSecuritiesOperating,InterestFeesAndDividendIncomeSecuritiesOperating,0,c-1960,,,,,,False,InterestFeesAndDividendIncomeSecuritiesOperating,
MSIF,2025-08-14,income_statement,income_statement,InterestFeesAndDividendIncomeSecuritiesOperating,InterestFeesAndDividendIncomeSecuritiesOperating,0,c-1962,,,,,,False,InterestFeesAndDividendIncomeSecuritiesOperating,
MSIF,2025-08-14,income_statement,income_statement,InterestFeesAndDividendIncomeSecuritiesOperating,InterestFeesAndDividendIncomeSecuritiesOperating,0,c-1964,,,,,,False,InterestFeesAndDividendIncomeSecuritiesOperating,
MSIF,2025-08-14,income_statement,income_statement,InterestFeesAndDividendIncomeSecuritiesOperating,InterestFeesAndDividendIncomeSecuritiesOperating,31000,c-1968,,,,,,False,InterestFeesAndDividendIncomeSecuritiesOperating,
MSIF,2025-08-14,income_statement,income_statement,InterestFeesAndDividendIncomeSecuritiesOperating,InterestFeesAndDividendIncomeSecuritiesOperating,600000,c-1969,,,,,,False,InterestFeesAndDividendIncomeSecuritiesOperating,
MSIF,2025-08-14,income_statement,income_statement,InterestFeesAndDividendIncomeSecuritiesOperating,InterestFeesAndDividendIncomeSecuritiesOperating,0,c-1970,,,,,,False,InterestFeesAndDividendIncomeSecuritiesOperating,
MSIF,2025-08-14,income_statement,income_statement,InterestFeesAndDividendIncomeSecuritiesOperating,InterestFeesAndDividendIncomeSecuritiesOperating,0,c-1972,,,,,,False,InterestFeesAndDividendIncomeSecuritiesOperating,
MSIF,2025-08-14,income_statement,income_statement,InterestFeesAndDividendIncomeSecuritiesOperating,InterestFeesAndDividendIncomeSecuritiesOperating,979000,c-1974,,,,,,False,InterestFeesAndDividendIncomeSecuritiesOperating,
MSIF,2025-08-14,income_statement,income_statement,InterestFeesAndDividendIncomeSecuritiesOperating,InterestFeesAndDividendIncomeSecuritiesOperating,15000,c-1975,,,,,,False,InterestFeesAndDividendIncomeSecuritiesOperating,
MSIF,2025-08-14,income_statement,income_statement,InterestFeesAndDividendIncomeSecuritiesOperating,InterestFeesAndDividendIncomeSecuritiesOperating,0,c-1977,,,,,,False,InterestFeesAndDividendIncomeSecuritiesOperating,
MSIF,2025-08-14,income_statement,income_statement,InterestFeesAndDividendIncomeSecuritiesOperating,InterestFeesAndDividendIncomeSecuritiesOperating,0,c-1979,,,,,,False,InterestFeesAndDividendIncomeSecuritiesOperating,
MSIF,2025-08-14,income_statement,income_statement,InterestFeesAndDividendIncomeSecuritiesOperating,InterestFeesAndDividendIncomeSecuritiesOperating,211000,c-1981,,,,,,False,InterestFeesAndDividendIncomeSecuritiesOperating,
MSIF,2025-08-14,income_statement,income_statement,InterestFeesAndDividendIncomeSecuritiesOperating,InterestFeesAndDividendIncomeSecuritiesOperating,45000,c-1982,,,,,,False,InterestFeesAndDividendIncomeSecuritiesOperating,
MSIF,2025-08-14,income_statement,income_statement,InterestFeesAndDividendIncomeSecuritiesOperating,InterestFeesAndDividendIncomeSecuritiesOperating,0,c-1983,,,,,,False,InterestFeesAndDividendIncomeSecuritiesOperating,
MSIF,2025-08-14,income_statement,income_statement,InterestFeesAndDividendIncomeSecuritiesOperating,InterestFeesAndDividendIncomeSecuritiesOperating,15000,c-1985,,,,,,False,InterestFeesAndDividendIncomeSecuritiesOperating,
MSIF,2025-08-14,income_statement,income_statement,InterestFeesAndDividendIncomeSecuritiesOperating,InterestFeesAndDividendIncomeSecuritiesOperating,0,c-1987,,,,,,False,InterestFeesAndDividendIncomeSecuritiesOperating,
MSIF,2025-08-14,income_statement,income_statement,InterestFeesAndDividendIncomeSecuritiesOperating,InterestFeesAndDividendIncomeSecuritiesOperating,0,c-1990,,,,,,False,InterestFeesAndDividendIncomeSecuritiesOperating,
MSIF,2025-08-14,income_statement,income_statement,InterestFeesAndDividendIncomeSecuritiesOperating,InterestFeesAndDividendIncomeSecuritiesOperating,0,c-1993,,,,,,False,InterestFeesAndDividendIncomeSecuritiesOperating,
MSIF,2025-08-14,income_statement,income_statement,InterestFeesAndDividendIncomeSecuritiesOperating,InterestFeesAndDividendIncomeSecuritiesOperating,0,c-1996,,,,,,False,InterestFeesAndDividendIncomeSecuritiesOperating,
MSIF,2025-08-14,income_statement,income_statement,InterestFeesAndDividendIncomeSecuritiesOperating,InterestFeesAndDividendIncomeSecuritiesOperating,0,c-1999,,,,,,False,InterestFeesAndDividendIncomeSecuritiesOperating,
MSIF,2025-08-14,income_statement,income_statement,InterestFeesAndDividendIncomeSecuritiesOperating,InterestFeesAndDividendIncomeSecuritiesOperating,76000,c-2002,,,,,,False,InterestFeesAndDividendIncomeSecuritiesOperating,
MSIF,2025-08-14,income_statement,income_statement,InterestFeesAndDividendIncomeSecuritiesOperating,InterestFeesAndDividendIncomeSecuritiesOperating,70000,c-2005,,,,,,False,InterestFeesAndDividendIncomeSecuritiesOperating,
MSIF,2025-08-14,income_statement,income_statement,InterestFeesAndDividendIncomeSecuritiesOperating,InterestFeesAndDividendIncomeSecuritiesOperating,0,c-2007,,,,,,False,InterestFeesAndDividendIncomeSecuritiesOperating,
MSIF,2025-08-14,income_statement,income_statement,InterestFeesAndDividendIncomeSecuritiesOperating,InterestFeesAndDividendIncomeSecuritiesOperating,449000,c-2009,,,,,,False,InterestFeesAndDividendIncomeSecuritiesOperating,
MSIF,2025-08-14,income_statement,income_statement,InterestFeesAndDividendIncomeSecuritiesOperating,InterestFeesAndDividendIncomeSecuritiesOperating,93000,c-2013,,,,,,False,InterestFeesAndDividendIncomeSecuritiesOperating,
MSIF,2025-08-14,income_statement,income_statement,InterestFeesAndDividendIncomeSecuritiesOperating,InterestFeesAndDividendIncomeSecuritiesOperating,1000,c-2015,,,,,,False,InterestFeesAndDividendIncomeSecuritiesOperating,
MSIF,2025-08-14,income_statement,income_statement,InterestFeesAndDividendIncomeSecuritiesOperating,InterestFeesAndDividendIncomeSecuritiesOperating,73000,c-2018,,,,,,False,InterestFeesAndDividendIncomeSecuritiesOperating,
MSIF,2025-08-14,income_statement,income_statement,InterestFeesAndDividendIncomeSecuritiesOperating,InterestFeesAndDividendIncomeSecuritiesOperating,493000,c-2019,,,,,,False,InterestFeesAndDividendIncomeSecuritiesOperating,
MSIF,2025-08-14,income_statement,income_statement,InterestFeesAndDividendIncomeSecuritiesOperating,InterestFeesAndDividendIncomeSecuritiesOperating,12000,c-2022,,,,,,False,InterestFeesAndDividendIncomeSecuritiesOperating,
MSIF,2025-08-14,income_statement,income_statement,InterestFeesAndDividendIncomeSecuritiesOperating,InterestFeesAndDividendIncomeSecuritiesOperating,482000,c-2024,,,,,,False,InterestFeesAndDividendIncomeSecuritiesOperating,
MSIF,2025-08-14,income_statement,income_statement,InterestFeesAndDividendIncomeSecuritiesOperating,InterestFeesAndDividendIncomeSecuritiesOperating,100000,c-2026,,,,,,False,InterestFeesAndDividendIncomeSecuritiesOperating,
MSIF,2025-08-14,income_statement,income_statement,InterestFeesAndDividendIncomeSecuritiesOperating,InterestFeesAndDividendIncomeSecuritiesOperating,0,c-2029,,,,,,False,InterestFeesAndDividendIncomeSecuritiesOperating,
MSIF,2025-08-14,income_statement,income_statement,InterestFeesAndDividendIncomeSecuritiesOperating,InterestFeesAndDividendIncomeSecuritiesOperating,38000,c-2031,,,,,,False,InterestFeesAndDividendIncomeSecuritiesOperating,
MSIF,2025-08-14,income_statement,income_statement,InterestFeesAndDividendIncomeSecuritiesOperating,InterestFeesAndDividendIncomeSecuritiesOperating,108000,c-2033,,,,,,False,InterestFeesAndDividendIncomeSecuritiesOperating,
MSIF,2025-08-14,income_statement,income_statement,InterestFeesAndDividendIncomeSecuritiesOperating,InterestFeesAndDividendIncomeSecuritiesOperating,51000,c-2035,,,,,,False,InterestFeesAndDividendIncomeSecuritiesOperating,
MSIF,2025-08-14,income_statement,income_statement,InterestFeesAndDividendIncomeSecuritiesOperating,InterestFeesAndDividendIncomeSecuritiesOperating,278000,c-2037,,,,,,False,InterestFeesAndDividendIncomeSecuritiesOperating,
MSIF,2025-08-14,income_statement,income_statement,InterestFeesAndDividendIncomeSecuritiesOperating,InterestFeesAndDividendIncomeSecuritiesOperating,0,c-2038,,,,,,False,InterestFeesAndDividendIncomeSecuritiesOperating,
MSIF,2025-08-14,income_statement,income_statement,InterestFeesAndDividendIncomeSecuritiesOperating,InterestFeesAndDividendIncomeSecuritiesOperating,0,c-2041,,,,,,False,InterestFeesAndDividendIncomeSecuritiesOperating,
MSIF,2025-08-14,income_statement,income_statement,InterestFeesAndDividendIncomeSecuritiesOperating,InterestFeesAndDividendIncomeSecuritiesOperating,13000,c-2044,,,,,,False,InterestFeesAndDividendIncomeSecuritiesOperating,
MSIF,2025-08-14,income_statement,income_statement,InterestFeesAndDividendIncomeSecuritiesOperating,InterestFeesAndDividendIncomeSecuritiesOperating,0,c-2048,,,,,,False,InterestFeesAndDividendIncomeSecuritiesOperating,
MSIF,2025-08-14,income_statement,income_statement,InterestFeesAndDividendIncomeSecuritiesOperating,InterestFeesAndDividendIncomeSecuritiesOperating,431000,c-2050,,,,,,False,InterestFeesAndDividendIncomeSecuritiesOperating,
MSIF,2025-08-14,income_statement,income_statement,InterestFeesAndDividendIncomeSecuritiesOperating,InterestFeesAndDividendIncomeSecuritiesOperating,30000,c-2051,,,,,,False,InterestFeesAndDividendIncomeSecuritiesOperating,
MSIF,2025-08-14,income_statement,income_statement,InterestFeesAndDividendIncomeSecuritiesOperating,InterestFeesAndDividendIncomeSecuritiesOperating,2000,c-2053,,,,,,False,InterestFeesAndDividendIncomeSecuritiesOperating,
MSIF,2025-08-14,income_statement,income_statement,InterestFeesAndDividendIncomeSecuritiesOperating,InterestFeesAndDividendIncomeSecuritiesOperating,486000,c-2056,,,,,,False,InterestFeesAndDividendIncomeSecuritiesOperating,
MSIF,2025-08-14,income_statement,income_statement,InterestFeesAndDividendIncomeSecuritiesOperating,InterestFeesAndDividendIncomeSecuritiesOperating,255000,c-2057,,,,,,False,InterestFeesAndDividendIncomeSecuritiesOperating,
MSIF,2025-08-14,income_statement,income_statement,InterestFeesAndDividendIncomeSecuritiesOperating,InterestFeesAndDividendIncomeSecuritiesOperating,76000,c-2060,,,,,,False,InterestFeesAndDividendIncomeSecuritiesOperating,
MSIF,2025-08-14,income_statement,income_statement,InterestFeesAndDividendIncomeSecuritiesOperating,InterestFeesAndDividendIncomeSecuritiesOperating,796000,c-2062,,,,,,False,InterestFeesAndDividendIncomeSecuritiesOperating,
MSIF,2025-08-14,income_statement,income_statement,InterestFeesAndDividendIncomeSecuritiesOperating,InterestFeesAndDividendIncomeSecuritiesOperating,0,c-2064,,,,,,False,InterestFeesAndDividendIncomeSecuritiesOperating,
MSIF,2025-08-14,income_statement,income_statement,InterestFeesAndDividendIncomeSecuritiesOperating,InterestFeesAndDividendIncomeSecuritiesOperating,0,c-2066,,,,,,False,InterestFeesAndDividendIncomeSecuritiesOperating,
MSIF,2025-08-14,income_statement,income_statement,InterestFeesAndDividendIncomeSecuritiesOperating,InterestFeesAndDividendIncomeSecuritiesOperating,0,c-2068,,,,,,False,InterestFeesAndDividendIncomeSecuritiesOperating,
MSIF,2025-08-14,income_statement,income_statement,InterestFeesAndDividendIncomeSecuritiesOperating,InterestFeesAndDividendIncomeSecuritiesOperating,0,c-2069,,,,,,False,InterestFeesAndDividendIncomeSecuritiesOperating,
MSIF,2025-08-14,income_statement,income_statement,InterestFeesAndDividendIncomeSecuritiesOperating,InterestFeesAndDividendIncomeSecuritiesOperating,0,c-2070,,,,,,False,InterestFeesAndDividendIncomeSecuritiesOperating,
MSIF,2025-08-14,income_statement,income_statement,InterestFeesAndDividendIncomeSecuritiesOperating,InterestFeesAndDividendIncomeSecuritiesOperating,49000,c-2073,,,,,,False,InterestFeesAndDividendIncomeSecuritiesOperating,
MSIF,2025-08-14,income_statement,income_statement,InterestFeesAndDividendIncomeSecuritiesOperating,InterestFeesAndDividendIncomeSecuritiesOperating,1457000,c-2076,,,,,,False,InterestFeesAndDividendIncomeSecuritiesOperating,
MSIF,2025-08-14,income_statement,income_statement,InterestFeesAndDividendIncomeSecuritiesOperating,InterestFeesAndDividendIncomeSecuritiesOperating,0,c-2078,,,,,,False,InterestFeesAndDividendIncomeSecuritiesOperating,
MSIF,2025-08-14,income_statement,income_statement,InterestFeesAndDividendIncomeSecuritiesOperating,InterestFeesAndDividendIncomeSecuritiesOperating,0,c-2080,,,,,,False,InterestFeesAndDividendIncomeSecuritiesOperating,
MSIF,2025-08-14,income_statement,income_statement,InterestFeesAndDividendIncomeSecuritiesOperating,InterestFeesAndDividendIncomeSecuritiesOperating,0,c-2081,,,,,,False,InterestFeesAndDividendIncomeSecuritiesOperating,
MSIF,2025-08-14,income_statement,income_statement,InterestFeesAndDividendIncomeSecuritiesOperating,InterestFeesAndDividendIncomeSecuritiesOperating,9000,c-2083,,,,,,False,InterestFeesAndDividendIncomeSecuritiesOperating,
MSIF,2025-08-14,income_statement,income_statement,InterestFeesAndDividendIncomeSecuritiesOperating,InterestFeesAndDividendIncomeSecuritiesOperating,0,c-2085,,,,,,False,InterestFeesAndDividendIncomeSecuritiesOperating,
MSIF,2025-08-14,income_statement,income_statement,InterestFeesAndDividendIncomeSecuritiesOperating,InterestFeesAndDividendIncomeSecuritiesOperating,0,c-2087,,,,,,False,InterestFeesAndDividendIncomeSecuritiesOperating,
MSIF,2025-08-14,income_statement,income_statement,InterestFeesAndDividendIncomeSecuritiesOperating,InterestFeesAndDividendIncomeSecuritiesOperating,0,c-2088,,,,,,False,InterestFeesAndDividendIncomeSecuritiesOperating,
MSIF,2025-08-14,income_statement,income_statement,InterestFeesAndDividendIncomeSecuritiesOperating,InterestFeesAndDividendIncomeSecuritiesOperating,0,c-2090,,,,,,False,InterestFeesAndDividendIncomeSecuritiesOperating,
MSIF,2025-08-14,income_statement,income_statement,InterestFeesAndDividendIncomeSecuritiesOperating,InterestFeesAndDividendIncomeSecuritiesOperating,0,c-2092,,,,,,False,InterestFeesAndDividendIncomeSecuritiesOperating,
MSIF,2025-08-14,income_statement,income_statement,InterestFeesAndDividendIncomeSecuritiesOperating,InterestFeesAndDividendIncomeSecuritiesOperating,1000,c-2094,,,,,,False,InterestFeesAndDividendIncomeSecuritiesOperating,
MSIF,2025-08-14,income_statement,income_statement,InterestFeesAndDividendIncomeSecuritiesOperating,InterestFeesAndDividendIncomeSecuritiesOperating,138000,c-2095,,,,,,False,InterestFeesAndDividendIncomeSecuritiesOperating,
MSIF,2025-08-14,income_statement,income_statement,InterestFeesAndDividendIncomeSecuritiesOperating,InterestFeesAndDividendIncomeSecuritiesOperating,15000,c-2096,,,,,,False,InterestFeesAndDividendIncomeSecuritiesOperating,
MSIF,2025-08-14,income_statement,income_statement,InterestFeesAndDividendIncomeSecuritiesOperating,InterestFeesAndDividendIncomeSecuritiesOperating,156000,c-2097,,,,,,False,InterestFeesAndDividendIncomeSecuritiesOperating,
MSIF,2025-08-14,income_statement,income_statement,InterestFeesAndDividendIncomeSecuritiesOperating,InterestFeesAndDividendIncomeSecuritiesOperating,49000,c-2098,,,,,,False,InterestFeesAndDividendIncomeSecuritiesOperating,
MSIF,2025-08-14,income_statement,income_statement,InterestFeesAndDividendIncomeSecuritiesOperating,InterestFeesAndDividendIncomeSecuritiesOperating,6000,c-2099,,,,,,False,InterestFeesAndDividendIncomeSecuritiesOperating,
MSIF,2025-08-14,income_statement,income_statement,InterestFeesAndDividendIncomeSecuritiesOperating,InterestFeesAndDividendIncomeSecuritiesOperating,530000,c-2100,,,,,,False,InterestFeesAndDividendIncomeSecuritiesOperating,
MSIF,2025-08-14,income_statement,income_statement,InterestFeesAndDividendIncomeSecuritiesOperating,InterestFeesAndDividendIncomeSecuritiesOperating,37000,c-2101,,,,,,False,InterestFeesAndDividendIncomeSecuritiesOperating,
MSIF,2025-08-14,income_statement,income_statement,InterestFeesAndDividendIncomeSecuritiesOperating,InterestFeesAndDividendIncomeSecuritiesOperating,2000,c-2102,,,,,,False,InterestFeesAndDividendIncomeSecuritiesOperating,
MSIF,2025-08-14,income_statement,income_statement,InterestFeesAndDividendIncomeSecuritiesOperating,InterestFeesAndDividendIncomeSecuritiesOperating,387000,c-2103,,,,,,False,InterestFeesAndDividendIncomeSecuritiesOperating,
MSIF,2025-08-14,income_statement,income_statement,InterestFeesAndDividendIncomeSecuritiesOperating,InterestFeesAndDividendIncomeSecuritiesOperating,25000,c-2104,,,,,,False,InterestFeesAndDividendIncomeSecuritiesOperating,
MSIF,2025-08-14,income_statement,income_statement,InterestFeesAndDividendIncomeSecuritiesOperating,InterestFeesAndDividendIncomeSecuritiesOperating,0,c-2105,,,,,,False,InterestFeesAndDividendIncomeSecuritiesOperating,
MSIF,2025-08-14,income_statement,income_statement,InterestFeesAndDividendIncomeSecuritiesOperating,InterestFeesAndDividendIncomeSecuritiesOperating,18952000,c-21,,,,,,False,InterestFeesAndDividendIncomeSecuritiesOperating,
MSIF,2025-08-14,income_statement,income_statement,InterestFeesAndDividendIncomeSecuritiesOperating,InterestFeesAndDividendIncomeSecuritiesOperating,0,c-2116,,,,,,False,InterestFeesAndDividendIncomeSecuritiesOperating,
MSIF,2025-08-14,income_statement,income_statement,InterestFeesAndDividendIncomeSecuritiesOperating,InterestFeesAndDividendIncomeSecuritiesOperating,76000,c-2120,,,,,,False,InterestFeesAndDividendIncomeSecuritiesOperating,
MSIF,2025-08-14,income_statement,income_statement,InterestFeesAndDividendIncomeSecuritiesOperating,InterestFeesAndDividendIncomeSecuritiesOperating,1383000,c-2123,,,,,,False,InterestFeesAndDividendIncomeSecuritiesOperating,
MSIF,2025-08-14,income_statement,income_statement,InterestFeesAndDividendIncomeSecuritiesOperating,InterestFeesAndDividendIncomeSecuritiesOperating,41000,c-2125,,,,,,False,InterestFeesAndDividendIncomeSecuritiesOperating,
MSIF,2025-08-14,income_statement,income_statement,InterestFeesAndDividendIncomeSecuritiesOperating,InterestFeesAndDividendIncomeSecuritiesOperating,278000,c-2128,,,,,,False,InterestFeesAndDividendIncomeSecuritiesOperating,
MSIF,2025-08-14,income_statement,income_statement,InterestFeesAndDividendIncomeSecuritiesOperating,InterestFeesAndDividendIncomeSecuritiesOperating,46000,c-2132,,,,,,False,InterestFeesAndDividendIncomeSecuritiesOperating,
MSIF,2025-08-14,income_statement,income_statement,InterestFeesAndDividendIncomeSecuritiesOperating,InterestFeesAndDividendIncomeSecuritiesOperating,0,c-2134,,,,,,False,InterestFeesAndDividendIncomeSecuritiesOperating,
MSIF,2025-08-14,income_statement,income_statement,InterestFeesAndDividendIncomeSecuritiesOperating,InterestFeesAndDividendIncomeSecuritiesOperating,0,c-2137,,,,,,False,InterestFeesAndDividendIncomeSecuritiesOperating,
MSIF,2025-08-14,income_statement,income_statement,InterestFeesAndDividendIncomeSecuritiesOperating,InterestFeesAndDividendIncomeSecuritiesOperating,0,c-2140,,,,,,False,InterestFeesAndDividendIncomeSecuritiesOperating,
MSIF,2025-08-14,income_statement,income_statement,InterestFeesAndDividendIncomeSecuritiesOperating,InterestFeesAndDividendIncomeSecuritiesOperating,0,c-2143,,,,,,False,InterestFeesAndDividendIncomeSecuritiesOperating,
MSIF,2025-08-14,income_statement,income_statement,InterestFeesAndDividendIncomeSecuritiesOperating,InterestFeesAndDividendIncomeSecuritiesOperating,0,c-2146,,,,,,False,InterestFeesAndDividendIncomeSecuritiesOperating,
MSIF,2025-08-14,income_statement,income_statement,InterestFeesAndDividendIncomeSecuritiesOperating,InterestFeesAndDividendIncomeSecuritiesOperating,1824000,c-18,,,,,,False,InterestFeesAndDividendIncomeSecuritiesOperating,
MSIF,2025-08-14,income_statement,income_statement,InterestFeesAndDividendIncomeSecuritiesOperating,InterestFeesAndDividendIncomeSecuritiesOperating,3000,c-2152,,,,,,False,InterestFeesAndDividendIncomeSecuritiesOperating,
MSIF,2025-08-14,income_statement,income_statement,InterestFeesAndDividendIncomeSecuritiesOperating,InterestFeesAndDividendIncomeSecuritiesOperating,87000,c-2155,,,,,,False,InterestFeesAndDividendIncomeSecuritiesOperating,
MSIF,2025-08-14,income_statement,income_statement,InterestFeesAndDividendIncomeSecuritiesOperating,InterestFeesAndDividendIncomeSecuritiesOperating,0,c-2158,,,,,,False,InterestFeesAndDividendIncomeSecuritiesOperating,
MSIF,2025-08-14,income_statement,income_statement,InterestFeesAndDividendIncomeSecuritiesOperating,InterestFeesAndDividendIncomeSecuritiesOperating,0,c-2160,,,,,,False,InterestFeesAndDividendIncomeSecuritiesOperating,
MSIF,2025-08-14,income_statement,income_statement,InterestFeesAndDividendIncomeSecuritiesOperating,InterestFeesAndDividendIncomeSecuritiesOperating,0,c-2163,,,,,,False,InterestFeesAndDividendIncomeSecuritiesOperating,
MSIF,2025-08-14,income_statement,income_statement,InterestFeesAndDividendIncomeSecuritiesOperating,InterestFeesAndDividendIncomeSecuritiesOperating,0,c-2166,,,,,,False,InterestFeesAndDividendIncomeSecuritiesOperating,
MSIF,2025-08-14,income_statement,income_statement,InterestFeesAndDividendIncomeSecuritiesOperating,InterestFeesAndDividendIncomeSecuritiesOperating,2000,c-2170,,,,,,False,InterestFeesAndDividendIncomeSecuritiesOperating,
MSIF,2025-08-14,income_statement,income_statement,InterestFeesAndDividendIncomeSecuritiesOperating,InterestFeesAndDividendIncomeSecuritiesOperating,2000,c-2173,,,,,,False,InterestFeesAndDividendIncomeSecuritiesOperating,
MSIF,2025-08-14,income_statement,income_statement,InterestFeesAndDividendIncomeSecuritiesOperating,InterestFeesAndDividendIncomeSecuritiesOperating,62000,c-2176,,,,,,False,InterestFeesAndDividendIncomeSecuritiesOperating,
MSIF,2025-08-14,income_statement,income_statement,InterestFeesAndDividendIncomeSecuritiesOperating,InterestFeesAndDividendIncomeSecuritiesOperating,45000,c-2178,,,,,,False,InterestFeesAndDividendIncomeSecuritiesOperating,
MSIF,2025-08-14,income_statement,income_statement,InterestFeesAndDividendIncomeSecuritiesOperating,InterestFeesAndDividendIncomeSecuritiesOperating,107000,c-2182,,,,,,False,InterestFeesAndDividendIncomeSecuritiesOperating,
MSIF,2025-08-14,income_statement,income_statement,InterestFeesAndDividendIncomeSecuritiesOperating,InterestFeesAndDividendIncomeSecuritiesOperating,15000,c-2184,,,,,,False,InterestFeesAndDividendIncomeSecuritiesOperating,
MSIF,2025-08-14,income_statement,income_statement,InterestFeesAndDividendIncomeSecuritiesOperating,InterestFeesAndDividendIncomeSecuritiesOperating,2000,c-2188,,,,,,False,InterestFeesAndDividendIncomeSecuritiesOperating,
MSIF,2025-08-14,income_statement,income_statement,InterestFeesAndDividendIncomeSecuritiesOperating,InterestFeesAndDividendIncomeSecuritiesOperating,344000,c-2191,,,,,,False,InterestFeesAndDividendIncomeSecuritiesOperating,
MSIF,2025-08-14,income_statement,income_statement,InterestFeesAndDividendIncomeSecuritiesOperating,InterestFeesAndDividendIncomeSecuritiesOperating,84000,c-2193,,,,,,False,InterestFeesAndDividendIncomeSecuritiesOperating,
MSIF,2025-08-14,income_statement,income_statement,InterestFeesAndDividendIncomeSecuritiesOperating,InterestFeesAndDividendIncomeSecuritiesOperating,15000,c-2196,,,,,,False,InterestFeesAndDividendIncomeSecuritiesOperating,
MSIF,2025-08-14,income_statement,income_statement,InterestFeesAndDividendIncomeSecuritiesOperating,InterestFeesAndDividendIncomeSecuritiesOperating,12000,c-2200,,,,,,False,InterestFeesAndDividendIncomeSecuritiesOperating,
MSIF,2025-08-14,income_statement,income_statement,InterestFeesAndDividendIncomeSecuritiesOperating,InterestFeesAndDividendIncomeSecuritiesOperating,267000,c-2203,,,,,,False,InterestFeesAndDividendIncomeSecuritiesOperating,
MSIF,2025-08-14,income_statement,income_statement,InterestFeesAndDividendIncomeSecuritiesOperating,InterestFeesAndDividendIncomeSecuritiesOperating,849000,c-2205,,,,,,False,InterestFeesAndDividendIncomeSecuritiesOperating,
MSIF,2025-08-14,income_statement,income_statement,InterestFeesAndDividendIncomeSecuritiesOperating,InterestFeesAndDividendIncomeSecuritiesOperating,12000,c-2208,,,,,,False,InterestFeesAndDividendIncomeSecuritiesOperating,
MSIF,2025-08-14,income_statement,income_statement,InterestFeesAndDividendIncomeSecuritiesOperating,InterestFeesAndDividendIncomeSecuritiesOperating,39000,c-2211,,,,,,False,InterestFeesAndDividendIncomeSecuritiesOperating,
MSIF,2025-08-14,income_statement,income_statement,InterestFeesAndDividendIncomeSecuritiesOperating,InterestFeesAndDividendIncomeSecuritiesOperating,0,c-2214,,,,,,False,InterestFeesAndDividendIncomeSecuritiesOperating,
MSIF,2025-08-14,income_statement,income_statement,InterestFeesAndDividendIncomeSecuritiesOperating,InterestFeesAndDividendIncomeSecuritiesOperating,127000,c-2218,,,,,,False,InterestFeesAndDividendIncomeSecuritiesOperating,
MSIF,2025-08-14,income_statement,income_statement,InterestFeesAndDividendIncomeSecuritiesOperating,InterestFeesAndDividendIncomeSecuritiesOperating,13000,c-2221,,,,,,False,InterestFeesAndDividendIncomeSecuritiesOperating,
MSIF,2025-08-14,income_statement,income_statement,InterestFeesAndDividendIncomeSecuritiesOperating,InterestFeesAndDividendIncomeSecuritiesOperating,105000,c-2223,,,,,,False,InterestFeesAndDividendIncomeSecuritiesOperating,
MSIF,2025-08-14,income_statement,income_statement,InterestFeesAndDividendIncomeSecuritiesOperating,InterestFeesAndDividendIncomeSecuritiesOperating,0,c-2226,,,,,,False,InterestFeesAndDividendIncomeSecuritiesOperating,
MSIF,2025-08-14,income_statement,income_statement,InterestFeesAndDividendIncomeSecuritiesOperating,InterestFeesAndDividendIncomeSecuritiesOperating,5000,c-2229,,,,,,False,InterestFeesAndDividendIncomeSecuritiesOperating,
MSIF,2025-08-14,income_statement,income_statement,InterestFeesAndDividendIncomeSecuritiesOperating,InterestFeesAndDividendIncomeSecuritiesOperating,443000,c-2233,,,,,,False,InterestFeesAndDividendIncomeSecuritiesOperating,
MSIF,2025-08-14,income_statement,income_statement,InterestFeesAndDividendIncomeSecuritiesOperating,InterestFeesAndDividendIncomeSecuritiesOperating,377000,c-2235,,,,,,False,InterestFeesAndDividendIncomeSecuritiesOperating,
MSIF,2025-08-14,income_statement,income_statement,InterestFeesAndDividendIncomeSecuritiesOperating,InterestFeesAndDividendIncomeSecuritiesOperating,1000,c-2238,,,,,,False,InterestFeesAndDividendIncomeSecuritiesOperating,
MSIF,2025-08-14,income_statement,income_statement,InterestFeesAndDividendIncomeSecuritiesOperating,InterestFeesAndDividendIncomeSecuritiesOperating,326000,c-2242,,,,,,False,InterestFeesAndDividendIncomeSecuritiesOperating,
MSIF,2025-08-14,income_statement,income_statement,InterestFeesAndDividendIncomeSecuritiesOperating,InterestFeesAndDividendIncomeSecuritiesOperating,360000,c-2244,,,,,,False,InterestFeesAndDividendIncomeSecuritiesOperating,
MSIF,2025-08-14,income_statement,income_statement,InterestFeesAndDividendIncomeSecuritiesOperating,InterestFeesAndDividendIncomeSecuritiesOperating,139000,c-2247,,,,,,False,InterestFeesAndDividendIncomeSecuritiesOperating,
MSIF,2025-08-14,income_statement,income_statement,InterestFeesAndDividendIncomeSecuritiesOperating,InterestFeesAndDividendIncomeSecuritiesOperating,3000,c-2251,,,,,,False,InterestFeesAndDividendIncomeSecuritiesOperating,
MSIF,2025-08-14,income_statement,income_statement,InterestFeesAndDividendIncomeSecuritiesOperating,InterestFeesAndDividendIncomeSecuritiesOperating,306000,c-2254,,,,,,False,InterestFeesAndDividendIncomeSecuritiesOperating,
MSIF,2025-08-14,income_statement,income_statement,InterestFeesAndDividendIncomeSecuritiesOperating,InterestFeesAndDividendIncomeSecuritiesOperating,30000,c-2256,,,,,,False,InterestFeesAndDividendIncomeSecuritiesOperating,
MSIF,2025-08-14,income_statement,income_statement,InterestFeesAndDividendIncomeSecuritiesOperating,InterestFeesAndDividendIncomeSecuritiesOperating,2000,c-2260,,,,,,False,InterestFeesAndDividendIncomeSecuritiesOperating,
MSIF,2025-08-14,income_statement,income_statement,InterestFeesAndDividendIncomeSecuritiesOperating,InterestFeesAndDividendIncomeSecuritiesOperating,57000,c-2263,,,,,,False,InterestFeesAndDividendIncomeSecuritiesOperating,
MSIF,2025-08-14,income_statement,income_statement,InterestFeesAndDividendIncomeSecuritiesOperating,InterestFeesAndDividendIncomeSecuritiesOperating,0,c-2265,,,,,,False,InterestFeesAndDividendIncomeSecuritiesOperating,
MSIF,2025-08-14,income_statement,income_statement,InterestFeesAndDividendIncomeSecuritiesOperating,InterestFeesAndDividendIncomeSecuritiesOperating,279000,c-2269,,,,,,False,InterestFeesAndDividendIncomeSecuritiesOperating,
MSIF,2025-08-14,income_statement,income_statement,InterestFeesAndDividendIncomeSecuritiesOperating,InterestFeesAndDividendIncomeSecuritiesOperating,25000,c-2271,,,,,,False,InterestFeesAndDividendIncomeSecuritiesOperating,
MSIF,2025-08-14,income_statement,income_statement,InterestFeesAndDividendIncomeSecuritiesOperating,InterestFeesAndDividendIncomeSecuritiesOperating,7000,c-2274,,,,,,False,InterestFeesAndDividendIncomeSecuritiesOperating,
MSIF,2025-08-14,income_statement,income_statement,InterestFeesAndDividendIncomeSecuritiesOperating,InterestFeesAndDividendIncomeSecuritiesOperating,354000,c-2278,,,,,,False,InterestFeesAndDividendIncomeSecuritiesOperating,
MSIF,2025-08-14,income_statement,income_statement,InterestFeesAndDividendIncomeSecuritiesOperating,InterestFeesAndDividendIncomeSecuritiesOperating,0,c-2280,,,,,,False,InterestFeesAndDividendIncomeSecuritiesOperating,
MSIF,2025-08-14,income_statement,income_statement,InterestFeesAndDividendIncomeSecuritiesOperating,InterestFeesAndDividendIncomeSecuritiesOperating,393000,c-2283,,,,,,False,InterestFeesAndDividendIncomeSecuritiesOperating,
MSIF,2025-08-14,income_statement,income_statement,InterestFeesAndDividendIncomeSecuritiesOperating,InterestFeesAndDividendIncomeSecuritiesOperating,255000,c-2286,,,,,,False,InterestFeesAndDividendIncomeSecuritiesOperating,
MSIF,2025-08-14,income_statement,income_statement,InterestFeesAndDividendIncomeSecuritiesOperating,InterestFeesAndDividendIncomeSecuritiesOperating,1000,c-2290,,,,,,False,InterestFeesAndDividendIncomeSecuritiesOperating,
MSIF,2025-08-14,income_statement,income_statement,InterestFeesAndDividendIncomeSecuritiesOperating,InterestFeesAndDividendIncomeSecuritiesOperating,713000,c-2293,,,,,,False,InterestFeesAndDividendIncomeSecuritiesOperating,
MSIF,2025-08-14,income_statement,income_statement,InterestFeesAndDividendIncomeSecuritiesOperating,InterestFeesAndDividendIncomeSecuritiesOperating,751000,c-2295,,,,,,False,InterestFeesAndDividendIncomeSecuritiesOperating,
MSIF,2025-08-14,income_statement,income_statement,InterestFeesAndDividendIncomeSecuritiesOperating,InterestFeesAndDividendIncomeSecuritiesOperating,102000,c-2299,,,,,,False,InterestFeesAndDividendIncomeSecuritiesOperating,
MSIF,2025-08-14,income_statement,income_statement,InterestFeesAndDividendIncomeSecuritiesOperating,InterestFeesAndDividendIncomeSecuritiesOperating,195000,c-2301,,,,,,False,InterestFeesAndDividendIncomeSecuritiesOperating,
MSIF,2025-08-14,income_statement,income_statement,InterestFeesAndDividendIncomeSecuritiesOperating,InterestFeesAndDividendIncomeSecuritiesOperating,0,c-2305,,,,,,False,InterestFeesAndDividendIncomeSecuritiesOperating,
MSIF,2025-08-14,income_statement,income_statement,InterestFeesAndDividendIncomeSecuritiesOperating,InterestFeesAndDividendIncomeSecuritiesOperating,19000,c-2308,,,,,,False,InterestFeesAndDividendIncomeSecuritiesOperating,
MSIF,2025-08-14,income_statement,income_statement,InterestFeesAndDividendIncomeSecuritiesOperating,InterestFeesAndDividendIncomeSecuritiesOperating,0,c-2310,,,,,,False,InterestFeesAndDividendIncomeSecuritiesOperating,
MSIF,2025-08-14,income_statement,income_statement,InterestFeesAndDividendIncomeSecuritiesOperating,InterestFeesAndDividendIncomeSecuritiesOperating,0,c-2313,,,,,,False,InterestFeesAndDividendIncomeSecuritiesOperating,
MSIF,2025-08-14,income_statement,income_statement,InterestFeesAndDividendIncomeSecuritiesOperating,InterestFeesAndDividendIncomeSecuritiesOperating,0,c-2316,,,,,,False,InterestFeesAndDividendIncomeSecuritiesOperating,
MSIF,2025-08-14,income_statement,income_statement,InterestFeesAndDividendIncomeSecuritiesOperating,InterestFeesAndDividendIncomeSecuritiesOperating,5000,c-2319,,,,,,False,InterestFeesAndDividendIncomeSecuritiesOperating,
MSIF,2025-08-14,income_statement,income_statement,InterestFeesAndDividendIncomeSecuritiesOperating,InterestFeesAndDividendIncomeSecuritiesOperating,634000,c-2323,,,,,,False,InterestFeesAndDividendIncomeSecuritiesOperating,
MSIF,2025-08-14,income_statement,income_statement,InterestFeesAndDividendIncomeSecuritiesOperating,InterestFeesAndDividendIncomeSecuritiesOperating,0,c-2325,,,,,,False,InterestFeesAndDividendIncomeSecuritiesOperating,
MSIF,2025-08-14,income_statement,income_statement,InterestFeesAndDividendIncomeSecuritiesOperating,InterestFeesAndDividendIncomeSecuritiesOperating,0,c-2328,,,,,,False,InterestFeesAndDividendIncomeSecuritiesOperating,
MSIF,2025-08-14,income_statement,income_statement,InterestFeesAndDividendIncomeSecuritiesOperating,InterestFeesAndDividendIncomeSecuritiesOperating,1113000,c-2332,,,,,,False,InterestFeesAndDividendIncomeSecuritiesOperating,
MSIF,2025-08-14,income_statement,income_statement,InterestFeesAndDividendIncomeSecuritiesOperating,InterestFeesAndDividendIncomeSecuritiesOperating,17000,c-2335,,,,,,False,InterestFeesAndDividendIncomeSecuritiesOperating,
MSIF,2025-08-14,income_statement,income_statement,InterestFeesAndDividendIncomeSecuritiesOperating,InterestFeesAndDividendIncomeSecuritiesOperating,25000,c-2337,,,,,,False,InterestFeesAndDividendIncomeSecuritiesOperating,
MSIF,2025-08-14,income_statement,income_statement,InterestFeesAndDividendIncomeSecuritiesOperating,InterestFeesAndDividendIncomeSecuritiesOperating,294000,c-2341,,,,,,False,InterestFeesAndDividendIncomeSecuritiesOperating,
MSIF,2025-08-14,income_statement,income_statement,InterestFeesAndDividendIncomeSecuritiesOperating,InterestFeesAndDividendIncomeSecuritiesOperating,44000,c-2344,,,,,,False,InterestFeesAndDividendIncomeSecuritiesOperating,
MSIF,2025-08-14,income_statement,income_statement,InterestFeesAndDividendIncomeSecuritiesOperating,InterestFeesAndDividendIncomeSecuritiesOperating,0,c-2346,,,,,,False,InterestFeesAndDividendIncomeSecuritiesOperating,
MSIF,2025-08-14,income_statement,income_statement,InterestFeesAndDividendIncomeSecuritiesOperating,InterestFeesAndDividendIncomeSecuritiesOperating,16000,c-2349,,,,,,False,InterestFeesAndDividendIncomeSecuritiesOperating,
MSIF,2025-08-14,income_statement,income_statement,InterestFeesAndDividendIncomeSecuritiesOperating,InterestFeesAndDividendIncomeSecuritiesOperating,92000,c-2353,,,,,,False,InterestFeesAndDividendIncomeSecuritiesOperating,
MSIF,2025-08-14,income_statement,income_statement,InterestFeesAndDividendIncomeSecuritiesOperating,InterestFeesAndDividendIncomeSecuritiesOperating,0,c-2355,,,,,,False,InterestFeesAndDividendIncomeSecuritiesOperating,
MSIF,2025-08-14,income_statement,income_statement,InterestFeesAndDividendIncomeSecuritiesOperating,InterestFeesAndDividendIncomeSecuritiesOperating,0,c-2358,,,,,,False,InterestFeesAndDividendIncomeSecuritiesOperating,
MSIF,2025-08-14,income_statement,income_statement,InterestFeesAndDividendIncomeSecuritiesOperating,InterestFeesAndDividendIncomeSecuritiesOperating,1000,c-2361,,,,,,False,InterestFeesAndDividendIncomeSecuritiesOperating,
MSIF,2025-08-14,income_statement,income_statement,InterestFeesAndDividendIncomeSecuritiesOperating,InterestFeesAndDividendIncomeSecuritiesOperating,73000,c-2365,,,,,,False,InterestFeesAndDividendIncomeSecuritiesOperating,
MSIF,2025-08-14,income_statement,income_statement,InterestFeesAndDividendIncomeSecuritiesOperating,InterestFeesAndDividendIncomeSecuritiesOperating,481000,c-2367,,,,,,False,InterestFeesAndDividendIncomeSecuritiesOperating,
MSIF,2025-08-14,income_statement,income_statement,InterestFeesAndDividendIncomeSecuritiesOperating,InterestFeesAndDividendIncomeSecuritiesOperating,22000,c-2371,,,,,,False,InterestFeesAndDividendIncomeSecuritiesOperating,
MSIF,2025-08-14,income_statement,income_statement,InterestFeesAndDividendIncomeSecuritiesOperating,InterestFeesAndDividendIncomeSecuritiesOperating,66000,c-2374,,,,,,False,InterestFeesAndDividendIncomeSecuritiesOperating,
MSIF,2025-08-14,income_statement,income_statement,InterestFeesAndDividendIncomeSecuritiesOperating,InterestFeesAndDividendIncomeSecuritiesOperating,0,c-2376,,,,,,False,InterestFeesAndDividendIncomeSecuritiesOperating,
MSIF,2025-08-14,income_statement,income_statement,InterestFeesAndDividendIncomeSecuritiesOperating,InterestFeesAndDividendIncomeSecuritiesOperating,11000,c-2380,,,,,,False,InterestFeesAndDividendIncomeSecuritiesOperating,
MSIF,2025-08-14,income_statement,income_statement,InterestFeesAndDividendIncomeSecuritiesOperating,InterestFeesAndDividendIncomeSecuritiesOperating,132000,c-2383,,,,,,False,InterestFeesAndDividendIncomeSecuritiesOperating,
MSIF,2025-08-14,income_statement,income_statement,InterestFeesAndDividendIncomeSecuritiesOperating,InterestFeesAndDividendIncomeSecuritiesOperating,118000,c-2385,,,,,,False,InterestFeesAndDividendIncomeSecuritiesOperating,
MSIF,2025-08-14,income_statement,income_statement,InterestFeesAndDividendIncomeSecuritiesOperating,InterestFeesAndDividendIncomeSecuritiesOperating,55000,c-2389,,,,,,False,InterestFeesAndDividendIncomeSecuritiesOperating,
MSIF,2025-08-14,income_statement,income_statement,InterestFeesAndDividendIncomeSecuritiesOperating,InterestFeesAndDividendIncomeSecuritiesOperating,281000,c-2392,,,,,,False,InterestFeesAndDividendIncomeSecuritiesOperating,
MSIF,2025-08-14,income_statement,income_statement,InterestFeesAndDividendIncomeSecuritiesOperating,InterestFeesAndDividendIncomeSecuritiesOperating,0,c-2394,,,,,,False,InterestFeesAndDividendIncomeSecuritiesOperating,
MSIF,2025-08-14,income_statement,income_statement,InterestFeesAndDividendIncomeSecuritiesOperating,InterestFeesAndDividendIncomeSecuritiesOperating,0,c-2397,,,,,,False,InterestFeesAndDividendIncomeSecuritiesOperating,
MSIF,2025-08-14,income_statement,income_statement,InterestFeesAndDividendIncomeSecuritiesOperating,InterestFeesAndDividendIncomeSecuritiesOperating,111000,c-2401,,,,,,False,InterestFeesAndDividendIncomeSecuritiesOperating,
MSIF,2025-08-14,income_statement,income_statement,InterestFeesAndDividendIncomeSecuritiesOperating,InterestFeesAndDividendIncomeSecuritiesOperating,0,c-2403,,,,,,False,InterestFeesAndDividendIncomeSecuritiesOperating,
MSIF,2025-08-14,income_statement,income_statement,InterestFeesAndDividendIncomeSecuritiesOperating,InterestFeesAndDividendIncomeSecuritiesOperating,0,c-2407,,,,,,False,InterestFeesAndDividendIncomeSecuritiesOperating,
MSIF,2025-08-14,income_statement,income_statement,InterestFeesAndDividendIncomeSecuritiesOperating,InterestFeesAndDividendIncomeSecuritiesOperating,469000,c-2410,,,,,,False,InterestFeesAndDividendIncomeSecuritiesOperating,
MSIF,2025-08-14,income_statement,income_statement,InterestFeesAndDividendIncomeSecuritiesOperating,InterestFeesAndDividendIncomeSecuritiesOperating,66000,c-2412,,,,,,False,InterestFeesAndDividendIncomeSecuritiesOperating,
MSIF,2025-08-14,income_statement,income_statement,InterestFeesAndDividendIncomeSecuritiesOperating,InterestFeesAndDividendIncomeSecuritiesOperating,3000,c-2415,,,,,,False,InterestFeesAndDividendIncomeSecuritiesOperating,
MSIF,2025-08-14,income_statement,income_statement,InterestFeesAndDividendIncomeSecuritiesOperating,InterestFeesAndDividendIncomeSecuritiesOperating,522000,c-2419,,,,,,False,InterestFeesAndDividendIncomeSecuritiesOperating,
MSIF,2025-08-14,income_statement,income_statement,InterestFeesAndDividendIncomeSecuritiesOperating,InterestFeesAndDividendIncomeSecuritiesOperating,213000,c-2421,,,,,,False,InterestFeesAndDividendIncomeSecuritiesOperating,
MSIF,2025-08-14,income_statement,income_statement,InterestFeesAndDividendIncomeSecuritiesOperating,InterestFeesAndDividendIncomeSecuritiesOperating,1000,c-2425,,,,,,False,InterestFeesAndDividendIncomeSecuritiesOperating,
MSIF,2025-08-14,income_statement,income_statement,InterestFeesAndDividendIncomeSecuritiesOperating,InterestFeesAndDividendIncomeSecuritiesOperating,123000,c-2428,,,,,,False,InterestFeesAndDividendIncomeSecuritiesOperating,
MSIF,2025-08-14,income_statement,income_statement,InterestFeesAndDividendIncomeSecuritiesOperating,InterestFeesAndDividendIncomeSecuritiesOperating,0,c-2430,,,,,,False,InterestFeesAndDividendIncomeSecuritiesOperating,
MSIF,2025-08-14,income_statement,income_statement,InterestFeesAndDividendIncomeSecuritiesOperating,InterestFeesAndDividendIncomeSecuritiesOperating,39000,c-2434,,,,,,False,InterestFeesAndDividendIncomeSecuritiesOperating,
MSIF,2025-08-14,income_statement,income_statement,InterestFeesAndDividendIncomeSecuritiesOperating,InterestFeesAndDividendIncomeSecuritiesOperating,947000,c-2436,,,,,,False,InterestFeesAndDividendIncomeSecuritiesOperating,
MSIF,2025-08-14,income_statement,income_statement,InterestFeesAndDividendIncomeSecuritiesOperating,InterestFeesAndDividendIncomeSecuritiesOperating,483000,c-2440,,,,,,False,InterestFeesAndDividendIncomeSecuritiesOperating,
MSIF,2025-08-14,income_statement,income_statement,InterestFeesAndDividendIncomeSecuritiesOperating,InterestFeesAndDividendIncomeSecuritiesOperating,619000,c-2442,,,,,,False,InterestFeesAndDividendIncomeSecuritiesOperating,
MSIF,2025-08-14,income_statement,income_statement,InterestFeesAndDividendIncomeSecuritiesOperating,InterestFeesAndDividendIncomeSecuritiesOperating,0,c-2446,,,,,,False,InterestFeesAndDividendIncomeSecuritiesOperating,
MSIF,2025-08-14,income_statement,income_statement,InterestFeesAndDividendIncomeSecuritiesOperating,InterestFeesAndDividendIncomeSecuritiesOperating,0,c-2448,,,,,,False,InterestFeesAndDividendIncomeSecuritiesOperating,
MSIF,2025-08-14,income_statement,income_statement,InterestFeesAndDividendIncomeSecuritiesOperating,InterestFeesAndDividendIncomeSecuritiesOperating,14000,c-2452,,,,,,False,InterestFeesAndDividendIncomeSecuritiesOperating,
MSIF,2025-08-14,income_statement,income_statement,InterestFeesAndDividendIncomeSecuritiesOperating,InterestFeesAndDividendIncomeSecuritiesOperating,115000,c-2455,,,,,,False,InterestFeesAndDividendIncomeSecuritiesOperating,
MSIF,2025-08-14,income_statement,income_statement,InterestFeesAndDividendIncomeSecuritiesOperating,InterestFeesAndDividendIncomeSecuritiesOperating,0,c-2457,,,,,,False,InterestFeesAndDividendIncomeSecuritiesOperating,
MSIF,2025-08-14,income_statement,income_statement,InterestFeesAndDividendIncomeSecuritiesOperating,InterestFeesAndDividendIncomeSecuritiesOperating,0,c-2460,,,,,,False,InterestFeesAndDividendIncomeSecuritiesOperating,
MSIF,2025-08-14,income_statement,income_statement,InterestFeesAndDividendIncomeSecuritiesOperating,InterestFeesAndDividendIncomeSecuritiesOperating,0,c-2463,,,,,,False,InterestFeesAndDividendIncomeSecuritiesOperating,
MSIF,2025-08-14,income_statement,income_statement,InterestFeesAndDividendIncomeSecuritiesOperating,InterestFeesAndDividendIncomeSecuritiesOperating,1000,c-2466,,,,,,False,InterestFeesAndDividendIncomeSecuritiesOperating,
MSIF,2025-08-14,income_statement,income_statement,InterestFeesAndDividendIncomeSecuritiesOperating,InterestFeesAndDividendIncomeSecuritiesOperating,133000,c-2470,,,,,,False,InterestFeesAndDividendIncomeSecuritiesOperating,
MSIF,2025-08-14,income_statement,income_statement,InterestFeesAndDividendIncomeSecuritiesOperating,InterestFeesAndDividendIncomeSecuritiesOperating,15000,c-2472,,,,,,False,InterestFeesAndDividendIncomeSecuritiesOperating,
MSIF,2025-08-14,income_statement,income_statement,InterestFeesAndDividendIncomeSecuritiesOperating,InterestFeesAndDividendIncomeSecuritiesOperating,2000,c-2476,,,,,,False,InterestFeesAndDividendIncomeSecuritiesOperating,
MSIF,2025-08-14,income_statement,income_statement,InterestFeesAndDividendIncomeSecuritiesOperating,InterestFeesAndDividendIncomeSecuritiesOperating,429000,c-2479,,,,,,False,InterestFeesAndDividendIncomeSecuritiesOperating,
MSIF,2025-08-14,income_statement,income_statement,InterestFeesAndDividendIncomeSecuritiesOperating,InterestFeesAndDividendIncomeSecuritiesOperating,51000,c-2481,,,,,,False,InterestFeesAndDividendIncomeSecuritiesOperating,
MSIF,2025-08-14,income_statement,income_statement,InterestFeesAndDividendIncomeSecuritiesOperating,InterestFeesAndDividendIncomeSecuritiesOperating,0,c-2484,,,,,,False,InterestFeesAndDividendIncomeSecuritiesOperating,
MSIF,2025-08-14,income_statement,income_statement,InterestFeesAndDividendIncomeSecuritiesOperating,InterestFeesAndDividendIncomeSecuritiesOperating,15171000,c-22,,,,,,False,InterestFeesAndDividendIncomeSecuritiesOperating,
MSIF,2025-11-14,income_statement,income_statement,InterestAndDividendReceivable,InterestAndDividendReceivable,12245000,c-9,,,,,,False,InterestAndDividendReceivable,
MSIF,2025-11-14,income_statement,income_statement,InterestAndDividendReceivable,InterestAndDividendReceivable,11925000,c-10,,,,,,False,InterestAndDividendReceivable,
MSIF,2025-11-14,income_statement,income_statement,GrossInvestmentIncomeOperating,GrossInvestmentIncomeOperating,1293000,c-15,,,,,,False,GrossInvestmentIncomeOperating,
MSIF,2025-11-14,income_statement,income_statement,GrossInvestmentIncomeOperating,GrossInvestmentIncomeOperating,818000,c-16,,,,,,False,GrossInvestmentIncomeOperating,
MSIF,2025-11-14,income_statement,income_statement,GrossInvestmentIncomeOperating,GrossInvestmentIncomeOperating,4249000,c-17,,,,,,False,GrossInvestmentIncomeOperating,
MSIF,2025-11-14,income_statement,income_statement,GrossInvestmentIncomeOperating,GrossInvestmentIncomeOperating,2643000,c-18,,,,,,False,GrossInvestmentIncomeOperating,
MSIF,2025-11-14,income_statement,income_statement,GrossInvestmentIncomeOperating,GrossInvestmentIncomeOperating,9268000,c-19,,,,,,False,GrossInvestmentIncomeOperating,
MSIF,2025-11-14,income_statement,income_statement,GrossInvestmentIncomeOperating,GrossInvestmentIncomeOperating,7719000,c-20,,,,,,False,GrossInvestmentIncomeOperating,
MSIF,2025-11-14,income_statement,income_statement,GrossInvestmentIncomeOperating,GrossInvestmentIncomeOperating,28220000,c-21,,,,,,False,GrossInvestmentIncomeOperating,
MSIF,2025-11-14,income_statement,income_statement,GrossInvestmentIncomeOperating,GrossInvestmentIncomeOperating,22891000,c-22,,,,,,False,GrossInvestmentIncomeOperating,
MSIF,2025-11-14,income_statement,income_statement,GrossInvestmentIncomeOperating,GrossInvestmentIncomeOperating,24806000,c-23,,,,,,False,GrossInvestmentIncomeOperating,
MSIF,2025-11-14,income_statement,income_statement,GrossInvestmentIncomeOperating,GrossInvestmentIncomeOperating,24940000,c-24,,,,,,False,GrossInvestmentIncomeOperating,
MSIF,2025-11-14,income_statement,income_statement,GrossInvestmentIncomeOperating,GrossInvestmentIncomeOperating,71768000,c-25,,,,,,False,GrossInvestmentIncomeOperating,
MSIF,2025-11-14,income_statement,income_statement,GrossInvestmentIncomeOperating,GrossInvestmentIncomeOperating,75839000,c-26,,,,,,False,GrossInvestmentIncomeOperating,
MSIF,2025-11-14,income_statement,income_statement,GrossInvestmentIncomeOperating,GrossInvestmentIncomeOperating,35367000,c-27,,,,,,False,GrossInvestmentIncomeOperating,
MSIF,2025-11-14,income_statement,income_statement,GrossInvestmentIncomeOperating,GrossInvestmentIncomeOperating,33477000,c-28,,,,,,False,GrossInvestmentIncomeOperating,
MSIF,2025-11-14,income_statement,income_statement,GrossInvestmentIncomeOperating,GrossInvestmentIncomeOperating,104237000,c-1,,,,,,False,GrossInvestmentIncomeOperating,
MSIF,2025-11-14,income_statement,income_statement,GrossInvestmentIncomeOperating,GrossInvestmentIncomeOperating,101373000,c-29,,,,,,False,GrossInvestmentIncomeOperating,
MSIF,2025-11-14,income_statement,income_statement,InterestExpenseOperating,InterestExpenseOperating,8649000,c-27,,,,,,False,InterestExpenseOperating,
MSIF,2025-11-14,income_statement,income_statement,InterestExpenseOperating,InterestExpenseOperating,10374000,c-28,,,,,,False,InterestExpenseOperating,
MSIF,2025-11-14,income_statement,income_statement,InterestExpenseOperating,InterestExpenseOperating,25570000,c-1,,,,,,False,InterestExpenseOperating,
MSIF,2025-11-14,income_statement,income_statement,InterestExpenseOperating,InterestExpenseOperating,29470000,c-29,,,,,,False,InterestExpenseOperating,
MSIF,2025-11-14,income_statement,income_statement,ManagementFeeExpense,ManagementFeeExpense,4860000,c-27,,,,,,False,ManagementFeeExpense,
MSIF,2025-11-14,income_statement,income_statement,ManagementFeeExpense,ManagementFeeExpense,5338000,c-28,,,,,,False,ManagementFeeExpense,
MSIF,2025-11-14,income_statement,income_statement,ManagementFeeExpense,ManagementFeeExpense,14739000,c-1,,,,,,False,ManagementFeeExpense,
MSIF,2025-11-14,income_statement,income_statement,ManagementFeeExpense,ManagementFeeExpense,15545000,c-29,,,,,,False,ManagementFeeExpense,
MSIF,2025-11-14,income_statement,income_statement,IncentiveFeeExpense,IncentiveFeeExpense,3321000,c-27,,,,,,False,IncentiveFeeExpense,
MSIF,2025-11-14,income_statement,income_statement,IncentiveFeeExpense,IncentiveFeeExpense,2136000,c-28,,,,,,False,IncentiveFeeExpense,
MSIF,2025-11-14,income_statement,income_statement,IncentiveFeeExpense,IncentiveFeeExpense,8775000,c-1,,,,,,False,IncentiveFeeExpense,
MSIF,2025-11-14,income_statement,income_statement,IncentiveFeeExpense,IncentiveFeeExpense,9364000,c-29,,,,,,False,IncentiveFeeExpense,
MSIF,2025-11-14,income_statement,income_statement,AdministrativeFeesExpense,AdministrativeFeesExpense,173000,c-27,,,,,,False,AdministrativeFeesExpense,
MSIF,2025-11-14,income_statement,income_statement,AdministrativeFeesExpense,AdministrativeFeesExpense,2368000,c-28,,,,,,False,AdministrativeFeesExpense,
MSIF,2025-11-14,income_statement,income_statement,AdministrativeFeesExpense,AdministrativeFeesExpense,519000,c-1,,,,,,False,AdministrativeFeesExpense,
MSIF,2025-11-14,income_statement,income_statement,AdministrativeFeesExpense,AdministrativeFeesExpense,7155000,c-29,,,,,,False,AdministrativeFeesExpense,
MSIF,2025-11-14,income_statement,income_statement,GeneralAndAdministrativeExpense,GeneralAndAdministrativeExpense,1334000,c-27,,,,,,False,GeneralAndAdministrativeExpense,
MSIF,2025-11-14,income_statement,income_statement,GeneralAndAdministrativeExpense,GeneralAndAdministrativeExpense,1285000,c-28,,,,,,False,GeneralAndAdministrativeExpense,
MSIF,2025-11-14,income_statement,income_statement,GeneralAndAdministrativeExpense,GeneralAndAdministrativeExpense,3510000,c-1,,,,,,False,GeneralAndAdministrativeExpense,
MSIF,2025-11-14,income_statement,income_statement,GeneralAndAdministrativeExpense,GeneralAndAdministrativeExpense,3424000,c-29,,,,,,False,GeneralAndAdministrativeExpense,
MSIF,2025-11-14,income_statement,income_statement,InvestmentIncomeInvestmentExpense,InvestmentIncomeInvestmentExpense,18337000,c-27,,,,,,False,InvestmentIncomeInvestmentExpense,
MSIF,2025-11-14,income_statement,income_statement,InvestmentIncomeInvestmentExpense,InvestmentIncomeInvestmentExpense,21501000,c-28,,,,,,False,InvestmentIncomeInvestmentExpense,
MSIF,2025-11-14,income_statement,income_statement,InvestmentIncomeInvestmentExpense,InvestmentIncomeInvestmentExpense,53113000,c-1,,,,,,False,InvestmentIncomeInvestmentExpense,
MSIF,2025-11-14,income_statement,income_statement,InvestmentIncomeInvestmentExpense,InvestmentIncomeInvestmentExpense,64958000,c-29,,,,,,False,InvestmentIncomeInvestmentExpense,
MSIF,2025-11-14,income_statement,income_statement,InvestmentCompanyExpenseAfterReductionOfFeeWaiverAndReimbursement,InvestmentCompanyExpenseAfterReductionOfFeeWaiverAndReimbursement,18337000,c-27,,,,,,False,InvestmentCompanyExpenseAfterReductionOfFeeWaiverAndReimbursement,
MSIF,2025-11-14,income_statement,income_statement,InvestmentCompanyExpenseAfterReductionOfFeeWaiverAndReimbursement,InvestmentCompanyExpenseAfterReductionOfFeeWaiverAndReimbursement,19295000,c-28,,,,,,False,InvestmentCompanyExpenseAfterReductionOfFeeWaiverAndReimbursement,
MSIF,2025-11-14,income_statement,income_statement,InvestmentCompanyExpenseAfterReductionOfFeeWaiverAndReimbursement,InvestmentCompanyExpenseAfterReductionOfFeeWaiverAndReimbursement,53113000,c-1,,,,,,False,InvestmentCompanyExpenseAfterReductionOfFeeWaiverAndReimbursement,
MSIF,2025-11-14,income_statement,income_statement,InvestmentCompanyExpenseAfterReductionOfFeeWaiverAndReimbursement,InvestmentCompanyExpenseAfterReductionOfFeeWaiverAndReimbursement,58280000,c-29,,,,,,False,InvestmentCompanyExpenseAfterReductionOfFeeWaiverAndReimbursement,
MSIF,2025-11-14,income_statement,income_statement,NetInvestmentIncome,NetInvestmentIncome,17030000,c-27,,,,,,False,NetInvestmentIncome,
MSIF,2025-11-14,income_statement,income_statement,NetInvestmentIncome,NetInvestmentIncome,14182000,c-28,,,,,,False,NetInvestmentIncome,
MSIF,2025-11-14,income_statement,income_statement,NetInvestmentIncome,NetInvestmentIncome,51124000,c-1,,,,,,False,NetInvestmentIncome,
MSIF,2025-11-14,income_statement,income_statement,NetInvestmentIncome,NetInvestmentIncome,43093000,c-29,,,,,,False,NetInvestmentIncome,
MSIF,2025-11-14,income_statement,income_statement,InvestmentCompanyExciseTaxExpenseBenefit,InvestmentCompanyExciseTaxExpenseBenefit,-39000,c-27,,,,,,False,InvestmentCompanyExciseTaxExpenseBenefit,
MSIF,2025-11-14,income_statement,income_statement,InvestmentCompanyExciseTaxExpenseBenefit,InvestmentCompanyExciseTaxExpenseBenefit,491000,c-28,,,,,,False,InvestmentCompanyExciseTaxExpenseBenefit,
MSIF,2025-11-14,income_statement,income_statement,InvestmentCompanyExciseTaxExpenseBenefit,InvestmentCompanyExciseTaxExpenseBenefit,240000,c-1,,,,,,False,InvestmentCompanyExciseTaxExpenseBenefit,
MSIF,2025-11-14,income_statement,income_statement,InvestmentCompanyExciseTaxExpenseBenefit,InvestmentCompanyExciseTaxExpenseBenefit,570000,c-29,,,,,,False,InvestmentCompanyExciseTaxExpenseBenefit,
MSIF,2025-11-14,income_statement,income_statement,InvestmentCompanyFederalAndStateIncomeAndOtherTaxExpense,InvestmentCompanyFederalAndStateIncomeAndOtherTaxExpense,492000,c-27,,,,,,False,InvestmentCompanyFederalAndStateIncomeAndOtherTaxExpense,
MSIF,2025-11-14,income_statement,income_statement,InvestmentCompanyFederalAndStateIncomeAndOtherTaxExpense,InvestmentCompanyFederalAndStateIncomeAndOtherTaxExpense,775000,c-28,,,,,,False,InvestmentCompanyFederalAndStateIncomeAndOtherTaxExpense,
MSIF,2025-11-14,income_statement,income_statement,InvestmentCompanyFederalAndStateIncomeAndOtherTaxExpense,InvestmentCompanyFederalAndStateIncomeAndOtherTaxExpense,2253000,c-1,,,,,,False,InvestmentCompanyFederalAndStateIncomeAndOtherTaxExpense,
MSIF,2025-11-14,income_statement,income_statement,InvestmentCompanyFederalAndStateIncomeAndOtherTaxExpense,InvestmentCompanyFederalAndStateIncomeAndOtherTaxExpense,2201000,c-29,,,,,,False,InvestmentCompanyFederalAndStateIncomeAndOtherTaxExpense,
MSIF,2025-11-14,income_statement,income_statement,InvestmentIncomeOperatingAfterExpenseAndTax,InvestmentIncomeOperatingAfterExpenseAndTax,16577000,c-27,,,,,,False,InvestmentIncomeOperatingAfterExpenseAndTax,
MSIF,2025-11-14,income_statement,income_statement,InvestmentIncomeOperatingAfterExpenseAndTax,InvestmentIncomeOperatingAfterExpenseAndTax,12916000,c-28,,,,,,False,InvestmentIncomeOperatingAfterExpenseAndTax,
MSIF,2025-11-14,income_statement,income_statement,InvestmentIncomeOperatingAfterExpenseAndTax,InvestmentIncomeOperatingAfterExpenseAndTax,48631000,c-1,,,,,,False,InvestmentIncomeOperatingAfterExpenseAndTax,
MSIF,2025-11-14,income_statement,income_statement,InvestmentIncomeOperatingAfterExpenseAndTax,InvestmentIncomeOperatingAfterExpenseAndTax,40322000,c-29,,,,,,False,InvestmentIncomeOperatingAfterExpenseAndTax,
MSIF,2025-11-14,income_statement,income_statement,RealizedGainLossInvestmentAndDerivativeOperatingTaxExpenseBenefit,RealizedGainLossInvestmentAndDerivativeOperatingTaxExpenseBenefit,1201000,c-27,,,,,,False,RealizedGainLossInvestmentAndDerivativeOperatingTaxExpenseBenefit,
MSIF,2025-11-14,income_statement,income_statement,RealizedGainLossInvestmentAndDerivativeOperatingTaxExpenseBenefit,RealizedGainLossInvestmentAndDerivativeOperatingTaxExpenseBenefit,1168000,c-28,,,,,,False,RealizedGainLossInvestmentAndDerivativeOperatingTaxExpenseBenefit,
MSIF,2025-11-14,income_statement,income_statement,RealizedGainLossInvestmentAndDerivativeOperatingTaxExpenseBenefit,RealizedGainLossInvestmentAndDerivativeOperatingTaxExpenseBenefit,-317000,c-1,,,,,,False,RealizedGainLossInvestmentAndDerivativeOperatingTaxExpenseBenefit,
MSIF,2025-11-14,income_statement,income_statement,RealizedGainLossInvestmentAndDerivativeOperatingTaxExpenseBenefit,RealizedGainLossInvestmentAndDerivativeOperatingTaxExpenseBenefit,3379000,c-29,,,,,,False,RealizedGainLossInvestmentAndDerivativeOperatingTaxExpenseBenefit,
MSIF,2025-11-14,income_statement,income_statement,NetIncomeLoss,NetIncomeLoss,26529000,c-27,,,,,,False,NetIncomeLoss,
MSIF,2025-11-14,income_statement,income_statement,NetIncomeLoss,NetIncomeLoss,7371000,c-28,,,,,,False,NetIncomeLoss,
MSIF,2025-11-14,income_statement,income_statement,NetIncomeLoss,NetIncomeLoss,58693000,c-1,,,,,,False,NetIncomeLoss,
MSIF,2025-11-14,income_statement,income_statement,NetIncomeLoss,NetIncomeLoss,36089000,c-29,,,,,,False,NetIncomeLoss,
MSIF,2025-11-14,income_statement,income_statement,InvestmentCompanyInvestmentIncomeLossFromOperationsPerSharePerBasicShare,InvestmentCompanyInvestmentIncomeLossFromOperationsPerSharePerBasicShare,0.56,c-27,,,,,,False,InvestmentCompanyInvestmentIncomeLossFromOperationsPerSharePerBasicShare,
MSIF,2025-11-14,income_statement,income_statement,InvestmentCompanyInvestmentIncomeLossFromOperationsPerSharePerDilutedShare,InvestmentCompanyInvestmentIncomeLossFromOperationsPerSharePerDilutedShare,0.56,c-27,,,,,,False,InvestmentCompanyInvestmentIncomeLossFromOperationsPerSharePerDilutedShare,
MSIF,2025-11-14,income_statement,income_statement,InvestmentCompanyInvestmentIncomeLossFromOperationsPerSharePerBasicShare,InvestmentCompanyInvestmentIncomeLossFromOperationsPerSharePerBasicShare,0.18,c-28,,,,,,False,InvestmentCompanyInvestmentIncomeLossFromOperationsPerSharePerBasicShare,
MSIF,2025-11-14,income_statement,income_statement,InvestmentCompanyInvestmentIncomeLossFromOperationsPerSharePerDilutedShare,InvestmentCompanyInvestmentIncomeLossFromOperationsPerSharePerDilutedShare,0.18,c-28,,,,,,False,InvestmentCompanyInvestmentIncomeLossFromOperationsPerSharePerDilutedShare,
MSIF,2025-11-14,income_statement,income_statement,InvestmentCompanyInvestmentIncomeLossFromOperationsPerSharePerDilutedShare,InvestmentCompanyInvestmentIncomeLossFromOperationsPerSharePerDilutedShare,1.27,c-1,,,,,,False,InvestmentCompanyInvestmentIncomeLossFromOperationsPerSharePerDilutedShare,
MSIF,2025-11-14,income_statement,income_statement,InvestmentCompanyInvestmentIncomeLossFromOperationsPerSharePerBasicShare,InvestmentCompanyInvestmentIncomeLossFromOperationsPerSharePerBasicShare,1.27,c-1,,,,,,False,InvestmentCompanyInvestmentIncomeLossFromOperationsPerSharePerBasicShare,
MSIF,2025-11-14,income_statement,income_statement,InvestmentCompanyInvestmentIncomeLossFromOperationsPerSharePerDilutedShare,InvestmentCompanyInvestmentIncomeLossFromOperationsPerSharePerDilutedShare,0.90,c-29,,,,,,False,InvestmentCompanyInvestmentIncomeLossFromOperationsPerSharePerDilutedShare,
MSIF,2025-11-14,income_statement,income_statement,InvestmentCompanyInvestmentIncomeLossFromOperationsPerSharePerBasicShare,InvestmentCompanyInvestmentIncomeLossFromOperationsPerSharePerBasicShare,0.90,c-29,,,,,,False,InvestmentCompanyInvestmentIncomeLossFromOperationsPerSharePerBasicShare,
MSIF,2025-11-14,income_statement,income_statement,NetIncomeLoss,NetIncomeLoss,10589000,c-38,,,,,,False,NetIncomeLoss,
MSIF,2025-11-14,income_statement,income_statement,NetIncomeLoss,NetIncomeLoss,10589000,c-37,,,,,,False,NetIncomeLoss,
MSIF,2025-11-14,income_statement,income_statement,NetIncomeLoss,NetIncomeLoss,18129000,c-46,,,,,,False,NetIncomeLoss,
MSIF,2025-11-14,income_statement,income_statement,NetIncomeLoss,NetIncomeLoss,18129000,c-45,,,,,,False,NetIncomeLoss,
MSIF,2025-11-14,income_statement,income_statement,NetIncomeLoss,NetIncomeLoss,7371000,c-53,,,,,,False,NetIncomeLoss,
MSIF,2025-11-14,income_statement,income_statement,NetIncomeLoss,NetIncomeLoss,15875000,c-64,,,,,,False,NetIncomeLoss,
MSIF,2025-11-14,income_statement,income_statement,NetIncomeLoss,NetIncomeLoss,15875000,c-63,,,,,,False,NetIncomeLoss,
MSIF,2025-11-14,income_statement,income_statement,NetIncomeLoss,NetIncomeLoss,16289000,c-72,,,,,,False,NetIncomeLoss,
MSIF,2025-11-14,income_statement,income_statement,NetIncomeLoss,NetIncomeLoss,16289000,c-71,,,,,,False,NetIncomeLoss,
MSIF,2025-11-14,income_statement,income_statement,NetIncomeLoss,NetIncomeLoss,26529000,c-79,,,,,,False,NetIncomeLoss,
MSIF,2025-11-14,income_statement,income_statement,AccretionOfUnearnedIncome,AccretionOfUnearnedIncome,5702000,c-1,,,,,,False,AccretionOfUnearnedIncome,
MSIF,2025-11-14,income_statement,income_statement,AccretionOfUnearnedIncome,AccretionOfUnearnedIncome,5740000,c-29,,,,,,False,AccretionOfUnearnedIncome,
MSIF,2025-11-14,income_statement,income_statement,DeferredIncomeTaxExpenseBenefit,DeferredIncomeTaxExpenseBenefit,1407000,c-1,,,,,,False,DeferredIncomeTaxExpenseBenefit,
MSIF,2025-11-14,income_statement,income_statement,DeferredIncomeTaxExpenseBenefit,DeferredIncomeTaxExpenseBenefit,3625000,c-29,,,,,,False,DeferredIncomeTaxExpenseBenefit,
MSIF,2025-11-14,income_statement,income_statement,IncreaseDecreaseInInterestAndDividendReceivable,IncreaseDecreaseInInterestAndDividendReceivable,1725000,c-1,,,,,,False,IncreaseDecreaseInInterestAndDividendReceivable,
MSIF,2025-11-14,income_statement,income_statement,IncreaseDecreaseInInterestAndDividendReceivable,IncreaseDecreaseInInterestAndDividendReceivable,4650000,c-29,,,,,,False,IncreaseDecreaseInInterestAndDividendReceivable,
MSIF,2025-11-14,income_statement,income_statement,IncomeTaxesPaid,IncomeTaxesPaid,4504000,c-1,,,,,,False,IncomeTaxesPaid,
MSIF,2025-11-14,income_statement,income_statement,IncomeTaxesPaid,IncomeTaxesPaid,489000,c-29,,,,,,False,IncomeTaxesPaid,
MSIF,2025-11-14,income_statement,income_statement,NetInvestmentIncome,NetInvestmentIncome,14182000,c-1256,,,,,,False,NetInvestmentIncome,
MSIF,2025-11-14,income_statement,income_statement,NetInvestmentIncome,NetInvestmentIncome,0,c-1257,,,,,,False,NetInvestmentIncome,
MSIF,2025-11-14,income_statement,income_statement,InvestmentCompanyExciseTaxExpense,InvestmentCompanyExciseTaxExpense,0,c-1256,,,,,,False,InvestmentCompanyExciseTaxExpense,
MSIF,2025-11-14,income_statement,income_statement,InvestmentCompanyExciseTaxExpense,InvestmentCompanyExciseTaxExpense,491000,c-1257,,,,,,False,InvestmentCompanyExciseTaxExpense,
MSIF,2025-11-14,income_statement,income_statement,InvestmentCompanyExciseTaxExpense,InvestmentCompanyExciseTaxExpense,491000,c-28,,,,,,False,InvestmentCompanyExciseTaxExpense,
MSIF,2025-11-14,income_statement,income_statement,InvestmentCompanyFederalAndStateIncomeAndOtherTaxExpense,InvestmentCompanyFederalAndStateIncomeAndOtherTaxExpense,0,c-1256,,,,,,False,InvestmentCompanyFederalAndStateIncomeAndOtherTaxExpense,
MSIF,2025-11-14,income_statement,income_statement,InvestmentCompanyFederalAndStateIncomeAndOtherTaxExpense,InvestmentCompanyFederalAndStateIncomeAndOtherTaxExpense,775000,c-1257,,,,,,False,InvestmentCompanyFederalAndStateIncomeAndOtherTaxExpense,
MSIF,2025-11-14,income_statement,income_statement,InvestmentIncomeOperatingAfterExpenseAndTax,InvestmentIncomeOperatingAfterExpenseAndTax,14182000,c-1256,,,,,,False,InvestmentIncomeOperatingAfterExpenseAndTax,
MSIF,2025-11-14,income_statement,income_statement,InvestmentIncomeOperatingAfterExpenseAndTax,InvestmentIncomeOperatingAfterExpenseAndTax,-1266000,c-1257,,,,,,False,InvestmentIncomeOperatingAfterExpenseAndTax,
MSIF,2025-11-14,income_statement,income_statement,RealizedGainLossInvestmentAndDerivativeOperatingTaxExpenseBenefit,RealizedGainLossInvestmentAndDerivativeOperatingTaxExpenseBenefit,0,c-1256,,,,,,False,RealizedGainLossInvestmentAndDerivativeOperatingTaxExpenseBenefit,
MSIF,2025-11-14,income_statement,income_statement,RealizedGainLossInvestmentAndDerivativeOperatingTaxExpenseBenefit,RealizedGainLossInvestmentAndDerivativeOperatingTaxExpenseBenefit,1168000,c-1257,,,,,,False,RealizedGainLossInvestmentAndDerivativeOperatingTaxExpenseBenefit,
MSIF,2025-11-14,income_statement,income_statement,IncomeTaxExpenseBenefit,IncomeTaxExpenseBenefit,-2434000,c-1256,,,,,,False,IncomeTaxExpenseBenefit,
MSIF,2025-11-14,income_statement,income_statement,IncomeTaxExpenseBenefit,IncomeTaxExpenseBenefit,2434000,c-1257,,,,,,False,IncomeTaxExpenseBenefit,
MSIF,2025-11-14,income_statement,income_statement,IncomeTaxExpenseBenefit,IncomeTaxExpenseBenefit,0,c-28,,,,,,False,IncomeTaxExpenseBenefit,
MSIF,2025-11-14,income_statement,income_statement,NetInvestmentIncome,NetInvestmentIncome,43093000,c-1258,,,,,,False,NetInvestmentIncome,
MSIF,2025-11-14,income_statement,income_statement,NetInvestmentIncome,NetInvestmentIncome,0,c-1259,,,,,,False,NetInvestmentIncome,
MSIF,2025-11-14,income_statement,income_statement,InvestmentCompanyExciseTaxExpense,InvestmentCompanyExciseTaxExpense,0,c-1258,,,,,,False,InvestmentCompanyExciseTaxExpense,
MSIF,2025-11-14,income_statement,income_statement,InvestmentCompanyExciseTaxExpense,InvestmentCompanyExciseTaxExpense,570000,c-1259,,,,,,False,InvestmentCompanyExciseTaxExpense,
MSIF,2025-11-14,income_statement,income_statement,InvestmentCompanyExciseTaxExpense,InvestmentCompanyExciseTaxExpense,570000,c-29,,,,,,False,InvestmentCompanyExciseTaxExpense,
MSIF,2025-11-14,income_statement,income_statement,InvestmentCompanyFederalAndStateIncomeAndOtherTaxExpense,InvestmentCompanyFederalAndStateIncomeAndOtherTaxExpense,0,c-1258,,,,,,False,InvestmentCompanyFederalAndStateIncomeAndOtherTaxExpense,
MSIF,2025-11-14,income_statement,income_statement,InvestmentCompanyFederalAndStateIncomeAndOtherTaxExpense,InvestmentCompanyFederalAndStateIncomeAndOtherTaxExpense,2201000,c-1259,,,,,,False,InvestmentCompanyFederalAndStateIncomeAndOtherTaxExpense,
MSIF,2025-11-14,income_statement,income_statement,InvestmentIncomeOperatingAfterExpenseAndTax,InvestmentIncomeOperatingAfterExpenseAndTax,43093000,c-1258,,,,,,False,InvestmentIncomeOperatingAfterExpenseAndTax,
MSIF,2025-11-14,income_statement,income_statement,InvestmentIncomeOperatingAfterExpenseAndTax,InvestmentIncomeOperatingAfterExpenseAndTax,-2771000,c-1259,,,,,,False,InvestmentIncomeOperatingAfterExpenseAndTax,
MSIF,2025-11-14,income_statement,income_statement,RealizedGainLossInvestmentAndDerivativeOperatingTaxExpenseBenefit,RealizedGainLossInvestmentAndDerivativeOperatingTaxExpenseBenefit,0,c-1258,,,,,,False,RealizedGainLossInvestmentAndDerivativeOperatingTaxExpenseBenefit,
MSIF,2025-11-14,income_statement,income_statement,RealizedGainLossInvestmentAndDerivativeOperatingTaxExpenseBenefit,RealizedGainLossInvestmentAndDerivativeOperatingTaxExpenseBenefit,3379000,c-1259,,,,,,False,RealizedGainLossInvestmentAndDerivativeOperatingTaxExpenseBenefit,
MSIF,2025-11-14,income_statement,income_statement,IncomeTaxExpenseBenefit,IncomeTaxExpenseBenefit,-6150000,c-1258,,,,,,False,IncomeTaxExpenseBenefit,
MSIF,2025-11-14,income_statement,income_statement,IncomeTaxExpenseBenefit,IncomeTaxExpenseBenefit,6150000,c-1259,,,,,,False,IncomeTaxExpenseBenefit,
MSIF,2025-11-14,income_statement,income_statement,IncomeTaxExpenseBenefit,IncomeTaxExpenseBenefit,0,c-29,,,,,,False,IncomeTaxExpenseBenefit,
MSIF,2025-11-14,income_statement,income_statement,RevenueRecognitionInterest,RevenueRecognitionInterest,"<span style=""color:#000000;font-family:'Times New Roman',serif;font-size:10pt;font-weight:700;line-height:120%;padding-left:28.5pt"">Interest, Dividend and Fee Income</span><div style=""margin-bottom:10pt;text-indent:36pt""><span style=""color:#000000;font-family:'Times New Roman',serif;font-size:10pt;font-weight:400;line-height:120%"">MSC Income records interest and dividend income on the accrual basis to the extent amounts are expected to be collected. Dividend income is recorded when dividends are declared by the portfolio company or at such other time that an obligation exists for the portfolio company to make a distribution. MSC Income evaluates accrued interest and dividend income periodically for collectability. When a loan or debt security becomes 90 days or more past due, and if MSC Income otherwise does not expect the debtor to be able to service its debt obligation, MSC Income will generally place the loan or debt security on non-accrual status and cease recognizing interest income on that loan or debt security until the borrower has demonstrated the ability and intent to pay contractual amounts due. If a loan or debt security’s status significantly improves regarding the debtor’s ability to service the debt obligation, or if a loan or debt security is sold or written off, MSC Income removes it from non-accrual status.</span></div>",c-1,,,,,,False,RevenueRecognitionInterest,
MSIF,2025-11-14,income_statement,income_statement,RevenueRecognitionDividends,RevenueRecognitionDividends,"<span style=""color:#000000;font-family:'Times New Roman',serif;font-size:10pt;font-weight:400;line-height:120%"">MSC Income holds certain debt and preferred equity instruments in its Investment Portfolio that contain PIK interest and cumulative dividend provisions. The PIK interest, computed at the contractual rate specified in each debt agreement, is periodically added to the principal balance of the debt and is recorded as interest income. Thus, the actual collection of this interest may be deferred until the time of debt principal repayment. Cumulative dividends are recorded as dividend income, and any dividends in arrears are added to the balance of the preferred equity investment. The actual collection of these dividends in arrears may be deferred until such time as the preferred equity is redeemed or sold. To maintain RIC tax treatment (as discussed in </span><span style=""color:#000000;font-family:'Times New Roman',serif;font-size:10pt;font-style:italic;font-weight:400;line-height:120%"">Note B.8. — Summary of Significant Accounting Policies — Income Taxes</span> below), these non-cash sources of income may need to be paid out to stockholders in the form of distributions, even though MSC Income may not have collected the PIK interest and cumulative dividends in cash. MSC Income stops accruing PIK interest and cumulative dividends and writes off any accrued and uncollected interest and dividends in arrears when it determines that such PIK interest and dividends in arrears are no longer collectible.",c-1,,,,,,False,RevenueRecognitionDividends,
MSIF,2025-11-14,income_statement,income_statement,InvestmentIncomeTextBlock,InvestmentIncomeTextBlock,"<div style=""margin-bottom:10pt;text-indent:36pt""><span style=""color:#000000;font-family:'Times New Roman',serif;font-size:10pt;font-weight:400;line-height:120%"">A presentation of total investment income MSC Income earned from its Investment Portfolio in each of the periods presented is as follows:</span></div><div style=""margin-bottom:10pt""><table style=""border-collapse:collapse;display:inline-table;margin-bottom:5pt;vertical-align:text-bottom;width:100.000%""><tr><td style=""width:1.0%""></td><td style=""width:44.960%""></td><td style=""width:0.1%""></td><td style=""width:1.0%""></td><td style=""width:11.930%""></td><td style=""width:0.1%""></td><td style=""width:0.1%""></td><td style=""width:0.406%""></td><td style=""width:0.1%""></td><td style=""width:1.0%""></td><td style=""width:11.930%""></td><td style=""width:0.1%""></td><td style=""width:0.1%""></td><td style=""width:0.406%""></td><td style=""width:0.1%""></td><td style=""width:1.0%""></td><td style=""width:11.930%""></td><td style=""width:0.1%""></td><td style=""width:0.1%""></td><td style=""width:0.406%""></td><td style=""width:0.1%""></td><td style=""width:1.0%""></td><td style=""width:11.932%""></td><td style=""width:0.1%""></td></tr><tr><td colspan=""3"" style=""padding:0 1pt""></td><td colspan=""9"" style=""padding:2px 1pt;text-align:center;vertical-align:bottom""><span style=""color:#000000;font-family:'Times New Roman',serif;font-size:8pt;font-weight:700;line-height:100%"">Three Months Ended<br/>September 30,</span></td><td colspan=""3"" style=""padding:0 1pt""></td><td colspan=""9"" style=""padding:2px 1pt;text-align:center;vertical-align:bottom""><span style=""color:#000000;font-family:'Times New Roman',serif;font-size:8pt;font-weight:700;line-height:100%"">Nine Months Ended<br/>September 30,</span></td></tr><tr><td colspan=""3"" style=""padding:0 1pt""></td><td colspan=""3"" style=""border-top:1pt solid #000;padding:2px 1pt;text-align:center;vertical-align:bottom""><span style=""color:#000000;font-family:'Times New Roman',serif;font-size:8pt;font-weight:700;line-height:100%"">2025</span></td><td colspan=""3"" style=""border-top:1pt solid #000;padding:0 1pt""></td><td colspan=""3"" style=""border-bottom:1pt solid #000;border-top:1pt solid #000;padding:2px 1pt;text-align:center;vertical-align:bottom""><span style=""color:#000000;font-family:'Times New Roman',serif;font-size:8pt;font-weight:700;line-height:100%"">2024</span></td><td colspan=""3"" style=""padding:0 1pt""></td><td colspan=""3"" style=""border-bottom:1pt solid #000;border-top:1pt solid #000;padding:2px 1pt;text-align:center;vertical-align:bottom""><span style=""color:#000000;font-family:'Times New Roman',serif;font-size:8pt;font-weight:700;line-height:100%"">2025</span></td><td colspan=""3"" style=""border-top:1pt solid #000;padding:0 1pt""></td><td colspan=""3"" style=""border-bottom:1pt solid #000;border-top:1pt solid #000;padding:2px 1pt;text-align:center;vertical-align:bottom""><span style=""color:#000000;font-family:'Times New Roman',serif;font-size:8pt;font-weight:700;line-height:100%"">2024</span></td></tr><tr><td colspan=""3"" style=""padding:0 1pt""></td><td colspan=""21"" style=""border-top:1pt solid #000;padding:2px 1pt;text-align:center;vertical-align:bottom""><span style=""color:#000000;font-family:'Times New Roman',serif;font-size:8pt;font-weight:700;line-height:100%"">(dollars in thousands)</span></td></tr><tr><td colspan=""3"" style=""background-color:#cceeff;padding:2px 1pt;text-align:left;vertical-align:bottom""><span style=""color:#000000;font-family:'Times New Roman',serif;font-size:10pt;font-weight:400;line-height:100%"">Interest, dividend and fee income:</span></td><td colspan=""3"" style=""background-color:#cceeff;padding:0 1pt""></td><td colspan=""3"" style=""background-color:#cceeff;padding:0 1pt""></td><td colspan=""3"" style=""background-color:#cceeff;padding:0 1pt""></td><td colspan=""3"" style=""background-color:#cceeff;padding:0 1pt""></td><td colspan=""3"" style=""background-color:#cceeff;padding:0 1pt""></td><td colspan=""3"" style=""background-color:#cceeff;padding:0 1pt""></td><td colspan=""3"" style=""background-color:#cceeff;padding:0 1pt""></td></tr><tr><td colspan=""3"" style=""background-color:#ffffff;padding:2px 1pt 2px 10pt;text-align:left;vertical-align:bottom""><span style=""color:#000000;font-family:'Times New Roman',serif;font-size:10pt;font-weight:400;line-height:100%"">Interest income</span></td><td style=""background-color:#ffffff;padding:2px 0 2px 1pt;text-align:left;vertical-align:bottom""><span style=""color:#000000;font-family:'Times New Roman',serif;font-size:10pt;font-weight:400;line-height:100%"">$</span></td><td style=""background-color:#ffffff;padding:2px 0;text-align:right;vertical-align:bottom""><span style=""color:#000000;font-family:'Times New Roman',serif;font-size:10pt;font-weight:400;line-height:100%"">30,117 </span></td><td style=""background-color:#ffffff;padding:2px 1pt 2px 0;text-align:right;vertical-align:bottom""></td><td colspan=""3"" style=""background-color:#ffffff;padding:0 1pt""></td><td style=""background-color:#ffffff;padding:2px 0 2px 1pt;text-align:left;vertical-align:bottom""><span style=""color:#000000;font-family:'Times New Roman',serif;font-size:10pt;font-weight:400;line-height:100%"">$</span></td><td style=""background-color:#ffffff;padding:2px 0;text-align:right;vertical-align:bottom""><span style=""color:#000000;font-family:'Times New Roman',serif;font-size:10pt;font-weight:400;line-height:100%"">30,236 </span></td><td style=""background-color:#ffffff;padding:2px 1pt 2px 0;text-align:right;vertical-align:bottom""></td><td colspan=""3"" style=""background-color:#ffffff;padding:0 1pt""></td><td style=""background-color:#ffffff;padding:2px 0 2px 1pt;text-align:left;vertical-align:bottom""><span style=""color:#000000;font-family:'Times New Roman',serif;font-size:10pt;font-weight:400;line-height:100%"">$</span></td><td style=""background-color:#ffffff;padding:2px 0;text-align:right;vertical-align:bottom""><span style=""color:#000000;font-family:'Times New Roman',serif;font-size:10pt;font-weight:400;line-height:100%"">86,890 </span></td><td style=""background-color:#ffffff;padding:2px 1pt 2px 0;text-align:right;vertical-align:bottom""></td><td colspan=""3"" style=""background-color:#ffffff;padding:0 1pt""></td><td style=""background-color:#ffffff;padding:2px 0 2px 1pt;text-align:left;vertical-align:bottom""><span style=""color:#000000;font-family:'Times New Roman',serif;font-size:10pt;font-weight:400;line-height:100%"">$</span></td><td style=""background-color:#ffffff;padding:2px 0;text-align:right;vertical-align:bottom""><span style=""color:#000000;font-family:'Times New Roman',serif;font-size:10pt;font-weight:400;line-height:100%"">88,154 </span></td><td style=""background-color:#ffffff;padding:2px 1pt 2px 0;text-align:right;vertical-align:bottom""></td></tr><tr><td colspan=""3"" style=""background-color:#cceeff;padding:2px 1pt 2px 10pt;text-align:left;vertical-align:bottom""><span style=""color:#000000;font-family:'Times New Roman',serif;font-size:10pt;font-weight:400;line-height:100%"">Dividend income</span></td><td colspan=""2"" style=""background-color:#cceeff;padding:2px 0 2px 1pt;text-align:right;vertical-align:bottom""><span style=""color:#000000;font-family:'Times New Roman',serif;font-size:10pt;font-weight:400;line-height:100%"">3,652 </span></td><td style=""background-color:#cceeff;padding:2px 1pt 2px 0;text-align:right;vertical-align:bottom""></td><td colspan=""3"" style=""background-color:#cceeff;padding:0 1pt""></td><td colspan=""2"" style=""background-color:#cceeff;padding:2px 0 2px 1pt;text-align:right;vertical-align:bottom""><span style=""color:#000000;font-family:'Times New Roman',serif;font-size:10pt;font-weight:400;line-height:100%"">2,485 </span></td><td style=""background-color:#cceeff;padding:2px 1pt 2px 0;text-align:right;vertical-align:bottom""></td><td colspan=""3"" style=""background-color:#cceeff;padding:0 1pt""></td><td colspan=""2"" style=""background-color:#cceeff;padding:2px 0 2px 1pt;text-align:right;vertical-align:bottom""><span style=""color:#000000;font-family:'Times New Roman',serif;font-size:10pt;font-weight:400;line-height:100%"">13,750 </span></td><td style=""background-color:#cceeff;padding:2px 1pt 2px 0;text-align:right;vertical-align:bottom""></td><td colspan=""3"" style=""background-color:#cceeff;padding:0 1pt""></td><td colspan=""2"" style=""background-color:#cceeff;padding:2px 0 2px 1pt;text-align:right;vertical-align:bottom""><span style=""color:#000000;font-family:'Times New Roman',serif;font-size:10pt;font-weight:400;line-height:100%"">8,964 </span></td><td style=""background-color:#cceeff;padding:2px 1pt 2px 0;text-align:right;vertical-align:bottom""></td></tr><tr><td colspan=""3"" style=""background-color:#ffffff;padding:2px 1pt 2px 10pt;text-align:left;vertical-align:bottom""><span style=""color:#000000;font-family:'Times New Roman',serif;font-size:10pt;font-weight:400;line-height:100%"">Fee income</span></td><td colspan=""2"" style=""background-color:#ffffff;padding:2px 0 2px 1pt;text-align:right;vertical-align:bottom""><span style=""color:#000000;font-family:'Times New Roman',serif;font-size:10pt;font-weight:400;line-height:100%"">1,598 </span></td><td style=""background-color:#ffffff;padding:2px 1pt 2px 0;text-align:right;vertical-align:bottom""></td><td colspan=""3"" style=""background-color:#ffffff;padding:0 1pt""></td><td colspan=""2"" style=""background-color:#ffffff;padding:2px 0 2px 1pt;text-align:right;vertical-align:bottom""><span style=""color:#000000;font-family:'Times New Roman',serif;font-size:10pt;font-weight:400;line-height:100%"">756 </span></td><td style=""background-color:#ffffff;padding:2px 1pt 2px 0;text-align:right;vertical-align:bottom""></td><td colspan=""3"" style=""background-color:#ffffff;padding:0 1pt""></td><td colspan=""2"" style=""background-color:#ffffff;padding:2px 0 2px 1pt;text-align:right;vertical-align:bottom""><span style=""color:#000000;font-family:'Times New Roman',serif;font-size:10pt;font-weight:400;line-height:100%"">3,597 </span></td><td style=""background-color:#ffffff;padding:2px 1pt 2px 0;text-align:right;vertical-align:bottom""></td><td colspan=""3"" style=""background-color:#ffffff;padding:0 1pt""></td><td colspan=""2"" style=""background-color:#ffffff;padding:2px 0 2px 1pt;text-align:right;vertical-align:bottom""><span style=""color:#000000;font-family:'Times New Roman',serif;font-size:10pt;font-weight:400;line-height:100%"">4,255 </span></td><td style=""background-color:#ffffff;padding:2px 1pt 2px 0;text-align:right;vertical-align:bottom""></td></tr><tr><td colspan=""3"" style=""background-color:#cceeff;padding:2px 1pt;text-align:left;vertical-align:bottom""><span style=""color:#000000;font-family:'Times New Roman',serif;font-size:10pt;font-weight:400;line-height:100%"">Total investment income</span></td><td style=""background-color:#cceeff;border-bottom:3pt double #000;border-top:1pt solid #000;padding:2px 0 2px 1pt;text-align:left;vertical-align:bottom""><span style=""color:#000000;font-family:'Times New Roman',serif;font-size:10pt;font-weight:400;line-height:100%"">$</span></td><td style=""background-color:#cceeff;border-bottom:3pt double #000;border-top:1pt solid #000;padding:2px 0;text-align:right;vertical-align:bottom""><span style=""color:#000000;font-family:'Times New Roman',serif;font-size:10pt;font-weight:400;line-height:100%"">35,367 </span></td><td style=""background-color:#cceeff;border-bottom:3pt double #000;border-top:1pt solid #000;padding:2px 1pt 2px 0;text-align:right;vertical-align:bottom""></td><td colspan=""3"" style=""background-color:#cceeff;padding:0 1pt""></td><td style=""background-color:#cceeff;border-bottom:3pt double #000;border-top:1pt solid #000;padding:2px 0 2px 1pt;text-align:left;vertical-align:bottom""><span style=""color:#000000;font-family:'Times New Roman',serif;font-size:10pt;font-weight:400;line-height:100%"">$</span></td><td style=""background-color:#cceeff;border-bottom:3pt double #000;border-top:1pt solid #000;padding:2px 0;text-align:right;vertical-align:bottom""><span style=""color:#000000;font-family:'Times New Roman',serif;font-size:10pt;font-weight:400;line-height:100%"">33,477 </span></td><td style=""background-color:#cceeff;border-bottom:3pt double #000;border-top:1pt solid #000;padding:2px 1pt 2px 0;text-align:right;vertical-align:bottom""></td><td colspan=""3"" style=""background-color:#cceeff;padding:0 1pt""></td><td style=""background-color:#cceeff;border-bottom:3pt double #000;border-top:1pt solid #000;padding:2px 0 2px 1pt;text-align:left;vertical-align:bottom""><span style=""color:#000000;font-family:'Times New Roman',serif;font-size:10pt;font-weight:400;line-height:100%"">$</span></td><td style=""background-color:#cceeff;border-bottom:3pt double #000;border-top:1pt solid #000;padding:2px 0;text-align:right;vertical-align:bottom""><span style=""color:#000000;font-family:'Times New Roman',serif;font-size:10pt;font-weight:400;line-height:100%"">104,237 </span></td><td style=""background-color:#cceeff;border-bottom:3pt double #000;border-top:1pt solid #000;padding:2px 1pt 2px 0;text-align:right;vertical-align:bottom""></td><td colspan=""3"" style=""background-color:#cceeff;padding:0 1pt""></td><td style=""background-color:#cceeff;border-bottom:3pt double #000;border-top:1pt solid #000;padding:2px 0 2px 1pt;text-align:left;vertical-align:bottom""><span style=""color:#000000;font-family:'Times New Roman',serif;font-size:10pt;font-weight:400;line-height:100%"">$</span></td><td style=""background-color:#cceeff;border-bottom:3pt double #000;border-top:1pt solid #000;padding:2px 0;text-align:right;vertical-align:bottom""><span style=""color:#000000;font-family:'Times New Roman',serif;font-size:10pt;font-weight:400;line-height:100%"">101,373 </span></td><td style=""background-color:#cceeff;border-bottom:3pt double #000;border-top:1pt solid #000;padding:2px 1pt 2px 0;text-align:right;vertical-align:bottom""></td></tr></table></div>",c-1,,,,,,False,InvestmentIncomeTextBlock,
MSIF,2025-11-14,income_statement,income_statement,InvestmentIncomeInterest,InvestmentIncomeInterest,30117000,c-27,,,,,,False,InvestmentIncomeInterest,
MSIF,2025-11-14,income_statement,income_statement,InvestmentIncomeInterest,InvestmentIncomeInterest,30236000,c-28,,,,,,False,InvestmentIncomeInterest,
MSIF,2025-11-14,income_statement,income_statement,InvestmentIncomeInterest,InvestmentIncomeInterest,86890000,c-1,,,,,,False,InvestmentIncomeInterest,
MSIF,2025-11-14,income_statement,income_statement,InvestmentIncomeInterest,InvestmentIncomeInterest,88154000,c-29,,,,,,False,InvestmentIncomeInterest,
MSIF,2025-11-14,income_statement,income_statement,InvestmentIncomeDividend,InvestmentIncomeDividend,3652000,c-27,,,,,,False,InvestmentIncomeDividend,
MSIF,2025-11-14,income_statement,income_statement,InvestmentIncomeDividend,InvestmentIncomeDividend,2485000,c-28,,,,,,False,InvestmentIncomeDividend,
MSIF,2025-11-14,income_statement,income_statement,InvestmentIncomeDividend,InvestmentIncomeDividend,13750000,c-1,,,,,,False,InvestmentIncomeDividend,
MSIF,2025-11-14,income_statement,income_statement,InvestmentIncomeDividend,InvestmentIncomeDividend,8964000,c-29,,,,,,False,InvestmentIncomeDividend,
MSIF,2025-11-14,income_statement,income_statement,FeeIncome,FeeIncome,1598000,c-27,,,,,,False,FeeIncome,
MSIF,2025-11-14,income_statement,income_statement,FeeIncome,FeeIncome,756000,c-28,,,,,,False,FeeIncome,
MSIF,2025-11-14,income_statement,income_statement,FeeIncome,FeeIncome,3597000,c-1,,,,,,False,FeeIncome,
MSIF,2025-11-14,income_statement,income_statement,FeeIncome,FeeIncome,4255000,c-29,,,,,,False,FeeIncome,
MSIF,2025-11-14,income_statement,income_statement,UnearnedIncomePolicyTextBlock,UnearnedIncomePolicyTextBlock,"<span style=""color:#000000;font-family:'Times New Roman',serif;font-size:10pt;font-weight:700;line-height:120%;padding-left:28.5pt"">Unearned Income — Debt Origination Fees and Original Issue Discount and Discounts / Premiums to Par Value</span><div style=""margin-bottom:10pt;text-indent:36pt""><span style=""color:#000000;font-family:'Times New Roman',serif;font-size:10pt;font-weight:400;line-height:120%"">MSC Income capitalizes debt origination fees received in connection with financings and reflects such fees as unearned income netted against the applicable debt investments. The unearned income from the fees is accreted into income over the life of the financing.</span></div><div style=""margin-bottom:10pt;text-indent:36pt""><span style=""color:#000000;font-family:'Times New Roman',serif;font-size:10pt;font-weight:400;line-height:120%"">In connection with its portfolio debt investments, MSC Income sometimes receives nominal cost warrants or warrants with an exercise price below the fair value of the underlying equity (together, “nominal cost equity”) that are valued as part of the negotiation process with the particular portfolio company. When MSC Income receives nominal cost equity, it allocates its cost basis in its investment between its debt security and its nominal cost equity at the time of origination based on amounts negotiated with the particular portfolio company. The allocated amounts are based upon the fair value of the nominal cost equity, which is then used to determine the allocation of cost to the debt security. Any discount recorded on a debt investment resulting from this allocation is reflected as unearned income, which is netted against the applicable debt investment, and accreted into interest income over the life of the debt investment. The actual collection of this interest is deferred until the time of debt principal repayment.</span></div><div style=""margin-bottom:10pt;text-indent:36pt""><span style=""color:#000000;font-family:'Times New Roman',serif;font-size:10pt;font-weight:400;line-height:120%"">MSC Income may also purchase debt securities at a discount or at a premium to the par value of the debt security. In the case of a purchase at a discount, MSC Income records the investment at the par value of the debt security net of the discount, and the discount is accreted into interest income over the life of the debt investment. In the case of a purchase at a premium, MSC Income records the investment at the par value of the debt security plus the premium, and the premium is amortized as a reduction to interest income over the life of the debt investment.</span></div><span style=""color:#000000;font-family:'Times New Roman',serif;font-size:10pt;font-weight:400;line-height:120%"">To maintain RIC tax treatment (as discussed in </span><span style=""color:#000000;font-family:'Times New Roman',serif;font-size:10pt;font-style:italic;font-weight:400;line-height:120%"">Note B.8. — Summary of Significant Accounting Policies — Income Taxes</span> below), these non-cash sources of income may need to be paid out to stockholders in the form of distributions, even though MSC Income may not have collected the interest income. For the three months ended September 30, 2025 and 2024, 2.4% and 3.0%, respectively, of MSC Income’s total investment income was attributable to interest income from the accretion of discounts associated with debt investments, net of any premium amortization. For the nine months ended September 30, 2025 and 2024, 2.4% and 2.8%, respectively, of MSC Income’s total investment income was attributable to interest income from the accretion of discounts associated with debt investments, net of any premium amortization.",c-1,,,,,,False,UnearnedIncomePolicyTextBlock,
MSIF,2025-11-14,income_statement,income_statement,IncomeTaxPolicyTextBlock,IncomeTaxPolicyTextBlock,"<span style=""color:#000000;font-family:'Times New Roman',serif;font-size:10pt;font-weight:700;line-height:120%;padding-left:28.5pt"">Income Taxes</span><div style=""margin-bottom:10pt;text-indent:36pt""><span style=""color:#000000;font-family:'Times New Roman',serif;font-size:10pt;font-weight:400;line-height:120%"">MSIF has elected to be treated for U.S. federal income tax purposes as a RIC. MSIF’s taxable income includes the taxable income generated by MSIF and certain of its subsidiaries, including the Structured Subsidiaries, which are treated as disregarded entities for tax purposes. As a RIC, MSIF generally will not pay corporate-level U.S. federal income taxes on any net ordinary taxable income or capital gains that MSIF distributes to its stockholders. MSIF must generally distribute at least 90% of its “investment company taxable income” (which is generally its net ordinary taxable income and realized net short-term capital gains in excess of realized net long-term capital losses) and 90% of its tax-exempt income to maintain its RIC status (pass-through tax treatment for amounts distributed). As part of maintaining RIC status, undistributed taxable income (subject to a 4% non-deductible U.S. federal excise tax) pertaining to a given fiscal year may be distributed up to twelve months subsequent to the end of that fiscal year, provided such dividends are declared on or prior to the later of (i) the filing of the U.S. federal income tax return for the applicable fiscal year or (ii) the fifteenth day of the ninth month following the close of the year in which such taxable income was generated.</span></div><div style=""margin-bottom:10pt;text-indent:36pt""><span style=""color:#000000;font-family:'Times New Roman',serif;font-size:10pt;font-weight:400;line-height:120%"">The Taxable Subsidiaries primarily hold certain equity investments for MSC Income. The Taxable Subsidiaries permit MSC Income to hold equity investments in portfolio companies which are “pass-through” entities for tax purposes and to continue to comply with the “source-of-income” requirements contained in the RIC tax provisions of the Code. The Taxable Subsidiaries are consolidated with MSC Income for U.S. GAAP financial reporting purposes, and the portfolio investments held by the Taxable Subsidiaries are included in MSC Income’s consolidated financial statements as portfolio investments and recorded at fair value. The Taxable Subsidiaries are not consolidated with MSIF for income tax purposes and may generate income tax expense, or benefit, and tax assets and liabilities, as a result of their ownership of certain portfolio investments. The taxable income, or loss, of the Taxable Subsidiaries may differ from their book income, or loss, due to temporary book and tax timing differences and permanent differences. The Taxable Subsidiaries are each taxed at corporate income tax rates based on their taxable income. The income tax expense, or benefit, if any, and the related tax assets and liabilities, of the Taxable Subsidiaries are reflected in MSC Income’s consolidated financial statements.</span></div><div style=""margin-bottom:10pt;text-indent:36pt""><span style=""color:#000000;font-family:'Times New Roman',serif;font-size:10pt;font-weight:400;line-height:120%"">The Taxable Subsidiaries use the liability method in accounting for income taxes. Deferred tax assets and liabilities are recorded for temporary differences between the tax basis of assets and liabilities and their reported amounts in the consolidated financial statements, using statutory tax rates in effect for the year in which the temporary differences are expected to reverse. A valuation allowance is provided, if necessary, against deferred tax assets when it is more likely than not that some portion or all of the deferred tax asset will not be realized. MSC Income’s net assets as included on the Consolidated Balance Sheets and Consolidated Statements of Changes in Net Assets include an adjustment to classification as a result of permanent book-to-tax differences, which include differences in the book and tax treatment of income and expenses.</span></div><div style=""margin-bottom:10pt;text-indent:36pt""><span style=""color:#000000;font-family:'Times New Roman',serif;font-size:10pt;font-weight:400;line-height:120%"">Taxable income generally differs from net income for financial reporting purposes due to temporary and permanent differences in the recognition of income and expenses. Taxable income generally excludes net unrealized appreciation or depreciation, as investment gains or losses are not included in taxable income until they are realized.</span></div>",c-1,,,,,,False,IncomeTaxPolicyTextBlock,
MSIF,2025-11-14,income_statement,income_statement,InvestmentsAnnualRevenuesPerCompany,InvestmentsAnnualRevenuesPerCompany,25000000,c-1415,,,,,,False,InvestmentsAnnualRevenuesPerCompany,
MSIF,2025-11-14,income_statement,income_statement,InvestmentsAnnualRevenuesPerCompany,InvestmentsAnnualRevenuesPerCompany,500000000,c-1416,,,,,,False,InvestmentsAnnualRevenuesPerCompany,
MSIF,2025-11-14,income_statement,income_statement,InvestmentsAnnualRevenuesPerCompany,InvestmentsAnnualRevenuesPerCompany,10000000,c-1421,,,,,,False,InvestmentsAnnualRevenuesPerCompany,
MSIF,2025-11-14,income_statement,income_statement,InvestmentsAnnualRevenuesPerCompany,InvestmentsAnnualRevenuesPerCompany,150000000,c-1422,,,,,,False,InvestmentsAnnualRevenuesPerCompany,
MSIF,2025-11-14,income_statement,income_statement,InterestIncomeAndInterestExpenseDisclosureTableTextBlock,InterestIncomeAndInterestExpenseDisclosureTableTextBlock,"<div style=""margin-bottom:6pt;text-indent:36pt""><span style=""color:#000000;font-family:'Times New Roman',serif;font-size:10pt;font-weight:400;line-height:120%"">Summarized interest expense for the three and nine months ended September 30, 2025 and 2024 is as follows:</span></div><div style=""margin-bottom:10pt""><table style=""border-collapse:collapse;display:inline-table;margin-bottom:5pt;vertical-align:text-bottom;width:100.000%""><tr><td style=""width:1.0%""></td><td style=""width:44.354%""></td><td style=""width:0.1%""></td><td style=""width:1.0%""></td><td style=""width:12.081%""></td><td style=""width:0.1%""></td><td style=""width:0.1%""></td><td style=""width:0.406%""></td><td style=""width:0.1%""></td><td style=""width:1.0%""></td><td style=""width:12.081%""></td><td style=""width:0.1%""></td><td style=""width:0.1%""></td><td style=""width:0.406%""></td><td style=""width:0.1%""></td><td style=""width:1.0%""></td><td style=""width:12.081%""></td><td style=""width:0.1%""></td><td style=""width:0.1%""></td><td style=""width:0.406%""></td><td style=""width:0.1%""></td><td style=""width:1.0%""></td><td style=""width:12.085%""></td><td style=""width:0.1%""></td></tr><tr><td colspan=""3"" style=""padding:0 1pt""></td><td colspan=""9"" style=""padding:2px 1pt;text-align:center;vertical-align:bottom""><span style=""color:#000000;font-family:'Times New Roman',serif;font-size:8pt;font-weight:700;line-height:100%"">Three Months Ended September 30,</span></td><td colspan=""3"" style=""padding:0 1pt""></td><td colspan=""9"" style=""padding:2px 1pt;text-align:center;vertical-align:bottom""><span style=""color:#000000;font-family:'Times New Roman',serif;font-size:8pt;font-weight:700;line-height:100%"">Nine Months Ended September 30,</span></td></tr><tr><td colspan=""3"" style=""padding:0 1pt""></td><td colspan=""3"" style=""border-top:1pt solid #000;padding:2px 1pt;text-align:center;vertical-align:bottom""><span style=""color:#000000;font-family:'Times New Roman',serif;font-size:8pt;font-weight:700;line-height:100%"">2025</span></td><td colspan=""3"" style=""border-top:1pt solid #000;padding:0 1pt""></td><td colspan=""3"" style=""border-top:1pt solid #000;padding:2px 1pt;text-align:center;vertical-align:bottom""><span style=""color:#000000;font-family:'Times New Roman',serif;font-size:8pt;font-weight:700;line-height:100%"">2024</span></td><td colspan=""3"" style=""padding:0 1pt""></td><td colspan=""3"" style=""border-top:1pt solid #000;padding:2px 1pt;text-align:center;vertical-align:bottom""><span style=""color:#000000;font-family:'Times New Roman',serif;font-size:8pt;font-weight:700;line-height:100%"">2025</span></td><td colspan=""3"" style=""border-top:1pt solid #000;padding:0 1pt""></td><td colspan=""3"" style=""border-top:1pt solid #000;padding:2px 1pt;text-align:center;vertical-align:bottom""><span style=""color:#000000;font-family:'Times New Roman',serif;font-size:8pt;font-weight:700;line-height:100%"">2024</span></td></tr><tr style=""height:3pt""><td colspan=""3"" style=""padding:0 1pt""></td><td colspan=""3"" style=""border-top:1pt solid #000;padding:0 1pt""></td><td colspan=""3"" style=""padding:0 1pt""></td><td colspan=""3"" style=""border-top:1pt solid #000;padding:0 1pt""></td><td colspan=""3"" style=""padding:0 1pt""></td><td colspan=""3"" style=""border-top:1pt solid #000;padding:0 1pt""></td><td colspan=""3"" style=""padding:0 1pt""></td><td colspan=""3"" style=""border-top:1pt solid #000;padding:0 1pt""></td></tr><tr><td colspan=""3"" style=""padding:0 1pt""></td><td colspan=""21"" style=""padding:2px 1pt;text-align:center;vertical-align:middle""><span style=""color:#000000;font-family:'Times New Roman',serif;font-size:8pt;font-weight:700;line-height:100%"">(in thousands)</span></td></tr><tr><td colspan=""3"" style=""background-color:#cceeff;padding:2px 1pt;text-align:left;vertical-align:bottom""><span style=""color:#000000;font-family:'Times New Roman',serif;font-size:10pt;font-weight:400;line-height:100%"">SPV Facility</span></td><td style=""background-color:#cceeff;padding:2px 0 2px 1pt;text-align:left;vertical-align:bottom""><span style=""color:#000000;font-family:'Times New Roman',serif;font-size:10pt;font-weight:400;line-height:100%"">$</span></td><td style=""background-color:#cceeff;padding:2px 0;text-align:right;vertical-align:bottom""><span style=""color:#000000;font-family:'Times New Roman',serif;font-size:10pt;font-weight:400;line-height:100%"">4,220 </span></td><td style=""background-color:#cceeff;padding:2px 1pt 2px 0;text-align:right;vertical-align:bottom""></td><td colspan=""3"" style=""background-color:#cceeff;padding:0 1pt""></td><td style=""background-color:#cceeff;padding:2px 0 2px 1pt;text-align:left;vertical-align:bottom""><span style=""color:#000000;font-family:'Times New Roman',serif;font-size:10pt;font-weight:400;line-height:100%"">$</span></td><td style=""background-color:#cceeff;padding:2px 0;text-align:right;vertical-align:bottom""><span style=""color:#000000;font-family:'Times New Roman',serif;font-size:10pt;font-weight:400;line-height:100%"">5,904 </span></td><td style=""background-color:#cceeff;padding:2px 1pt 2px 0;text-align:right;vertical-align:bottom""></td><td colspan=""3"" style=""background-color:#cceeff;padding:0 1pt""></td><td style=""background-color:#cceeff;padding:2px 0 2px 1pt;text-align:left;vertical-align:bottom""><span style=""color:#000000;font-family:'Times New Roman',serif;font-size:10pt;font-weight:400;line-height:100%"">$</span></td><td style=""background-color:#cceeff;padding:2px 0;text-align:right;vertical-align:bottom""><span style=""color:#000000;font-family:'Times New Roman',serif;font-size:10pt;font-weight:400;line-height:100%"">13,234 </span></td><td style=""background-color:#cceeff;padding:2px 1pt 2px 0;text-align:right;vertical-align:bottom""></td><td colspan=""3"" style=""background-color:#cceeff;padding:0 1pt""></td><td style=""background-color:#cceeff;padding:2px 0 2px 1pt;text-align:left;vertical-align:bottom""><span style=""color:#000000;font-family:'Times New Roman',serif;font-size:10pt;font-weight:400;line-height:100%"">$</span></td><td style=""background-color:#cceeff;padding:2px 0;text-align:right;vertical-align:bottom""><span style=""color:#000000;font-family:'Times New Roman',serif;font-size:10pt;font-weight:400;line-height:100%"">17,902 </span></td><td style=""background-color:#cceeff;padding:2px 1pt 2px 0;text-align:right;vertical-align:bottom""></td></tr><tr><td colspan=""3"" style=""background-color:#ffffff;padding:2px 1pt;text-align:left;vertical-align:bottom""><span style=""color:#000000;font-family:'Times New Roman',serif;font-size:10pt;font-weight:400;line-height:100%"">Corporate Facility</span></td><td colspan=""2"" style=""background-color:#ffffff;padding:2px 0 2px 1pt;text-align:right;vertical-align:bottom""><span style=""color:#000000;font-family:'Times New Roman',serif;font-size:10pt;font-weight:400;line-height:100%"">2,839 </span></td><td style=""background-color:#ffffff;padding:2px 1pt 2px 0;text-align:right;vertical-align:bottom""></td><td colspan=""3"" style=""background-color:#ffffff;padding:0 1pt""></td><td colspan=""2"" style=""background-color:#ffffff;padding:2px 0 2px 1pt;text-align:right;vertical-align:bottom""><span style=""color:#000000;font-family:'Times New Roman',serif;font-size:10pt;font-weight:400;line-height:100%"">2,880 </span></td><td style=""background-color:#ffffff;padding:2px 1pt 2px 0;text-align:right;vertical-align:bottom""></td><td colspan=""3"" style=""background-color:#ffffff;padding:0 1pt""></td><td colspan=""2"" style=""background-color:#ffffff;padding:2px 0 2px 1pt;text-align:right;vertical-align:bottom""><span style=""color:#000000;font-family:'Times New Roman',serif;font-size:10pt;font-weight:400;line-height:100%"">7,567 </span></td><td style=""background-color:#ffffff;padding:2px 1pt 2px 0;text-align:right;vertical-align:bottom""></td><td colspan=""3"" style=""background-color:#ffffff;padding:0 1pt""></td><td colspan=""2"" style=""background-color:#ffffff;padding:2px 0 2px 1pt;text-align:right;vertical-align:bottom""><span style=""color:#000000;font-family:'Times New Roman',serif;font-size:10pt;font-weight:400;line-height:100%"">6,799 </span></td><td style=""background-color:#ffffff;padding:2px 1pt 2px 0;text-align:right;vertical-align:bottom""></td></tr><tr><td colspan=""3"" style=""background-color:#cceeff;padding:2px 1pt;text-align:left;vertical-align:bottom""><span style=""color:#000000;font-family:'Times New Roman',serif;font-size:10pt;font-weight:400;line-height:100%"">Series A Notes</span></td><td colspan=""2"" style=""background-color:#cceeff;padding:2px 0 2px 1pt;text-align:right;vertical-align:bottom""><span style=""color:#000000;font-family:'Times New Roman',serif;font-size:10pt;font-weight:400;line-height:100%"">1,590 </span></td><td style=""background-color:#cceeff;padding:2px 1pt 2px 0;text-align:right;vertical-align:bottom""></td><td colspan=""3"" style=""background-color:#cceeff;padding:0 1pt""></td><td colspan=""2"" style=""background-color:#cceeff;padding:2px 0 2px 1pt;text-align:right;vertical-align:bottom""><span style=""color:#000000;font-family:'Times New Roman',serif;font-size:10pt;font-weight:400;line-height:100%"">1,590 </span></td><td style=""background-color:#cceeff;padding:2px 1pt 2px 0;text-align:right;vertical-align:bottom""></td><td colspan=""3"" style=""background-color:#cceeff;padding:0 1pt""></td><td colspan=""2"" style=""background-color:#cceeff;padding:2px 0 2px 1pt;text-align:right;vertical-align:bottom""><span style=""color:#000000;font-family:'Times New Roman',serif;font-size:10pt;font-weight:400;line-height:100%"">4,769 </span></td><td style=""background-color:#cceeff;padding:2px 1pt 2px 0;text-align:right;vertical-align:bottom""></td><td colspan=""3"" style=""background-color:#cceeff;padding:0 1pt""></td><td colspan=""2"" style=""background-color:#cceeff;padding:2px 0 2px 1pt;text-align:right;vertical-align:bottom""><span style=""color:#000000;font-family:'Times New Roman',serif;font-size:10pt;font-weight:400;line-height:100%"">4,769 </span></td><td style=""background-color:#cceeff;padding:2px 1pt 2px 0;text-align:right;vertical-align:bottom""></td></tr><tr><td colspan=""3"" style=""display:none""></td><td colspan=""3"" style=""display:none""></td><td colspan=""3"" style=""display:none""></td><td colspan=""3"" style=""display:none""></td><td colspan=""3"" style=""display:none""></td><td colspan=""3"" style=""display:none""></td><td colspan=""3"" style=""display:none""></td><td colspan=""3"" style=""display:none""></td></tr><tr><td colspan=""3"" style=""display:none""></td><td colspan=""3"" style=""display:none""></td><td colspan=""3"" style=""display:none""></td><td colspan=""3"" style=""display:none""></td><td colspan=""3"" style=""display:none""></td><td colspan=""3"" style=""display:none""></td><td colspan=""3"" style=""display:none""></td><td colspan=""3"" style=""display:none""></td></tr><tr><td colspan=""3"" style=""background-color:#ffffff;padding:2px 1pt 2px 14.5pt;text-align:left;vertical-align:bottom""><span style=""color:#000000;font-family:'Times New Roman',serif;font-size:10pt;font-weight:400;line-height:100%"">Total Interest Expense</span></td><td style=""background-color:#ffffff;border-bottom:3pt double #000;border-top:1pt solid #000;padding:2px 0 2px 1pt;text-align:left;vertical-align:bottom""><span style=""color:#000000;font-family:'Times New Roman',serif;font-size:10pt;font-weight:400;line-height:100%"">$</span></td><td style=""background-color:#ffffff;border-bottom:3pt double #000;border-top:1pt solid #000;padding:2px 0;text-align:right;vertical-align:bottom""><span style=""color:#000000;font-family:'Times New Roman',serif;font-size:10pt;font-weight:400;line-height:100%"">8,649 </span></td><td style=""background-color:#ffffff;border-bottom:3pt double #000;border-top:1pt solid #000;padding:2px 1pt 2px 0;text-align:right;vertical-align:bottom""></td><td colspan=""3"" style=""background-color:#ffffff;padding:0 1pt""></td><td style=""background-color:#ffffff;border-bottom:3pt double #000;border-top:1pt solid #000;padding:2px 0 2px 1pt;text-align:left;vertical-align:bottom""><span style=""color:#000000;font-family:'Times New Roman',serif;font-size:10pt;font-weight:400;line-height:100%"">$</span></td><td style=""background-color:#ffffff;border-bottom:3pt double #000;border-top:1pt solid #000;padding:2px 0;text-align:right;vertical-align:bottom""><span style=""color:#000000;font-family:'Times New Roman',serif;font-size:10pt;font-weight:400;line-height:100%"">10,374 </span></td><td style=""background-color:#ffffff;border-bottom:3pt double #000;border-top:1pt solid #000;padding:2px 1pt 2px 0;text-align:right;vertical-align:bottom""></td><td colspan=""3"" style=""background-color:#ffffff;padding:0 1pt""></td><td style=""background-color:#ffffff;border-bottom:3pt double #000;border-top:1pt solid #000;padding:2px 0 2px 1pt;text-align:left;vertical-align:bottom""><span style=""color:#000000;font-family:'Times New Roman',serif;font-size:10pt;font-weight:400;line-height:100%"">$</span></td><td style=""background-color:#ffffff;border-bottom:3pt double #000;border-top:1pt solid #000;padding:2px 0;text-align:right;vertical-align:bottom""><span style=""color:#000000;font-family:'Times New Roman',serif;font-size:10pt;font-weight:400;line-height:100%"">25,570 </span></td><td style=""background-color:#ffffff;border-bottom:3pt double #000;border-top:1pt solid #000;padding:2px 1pt 2px 0;text-align:right;vertical-align:bottom""></td><td colspan=""3"" style=""background-color:#ffffff;padding:0 1pt""></td><td style=""background-color:#ffffff;border-bottom:3pt double #000;border-top:1pt solid #000;padding:2px 0 2px 1pt;text-align:left;vertical-align:bottom""><span style=""color:#000000;font-family:'Times New Roman',serif;font-size:10pt;font-weight:400;line-height:100%"">$</span></td><td style=""background-color:#ffffff;border-bottom:3pt double #000;border-top:1pt solid #000;padding:2px 0;text-align:right;vertical-align:bottom""><span style=""color:#000000;font-family:'Times New Roman',serif;font-size:10pt;font-weight:400;line-height:100%"">29,470 </span></td><td style=""background-color:#ffffff;border-bottom:3pt double #000;border-top:1pt solid #000;padding:2px 1pt 2px 0;text-align:right;vertical-align:bottom""></td></tr></table></div>",c-1,,,,,,False,InterestIncomeAndInterestExpenseDisclosureTableTextBlock,
MSIF,2025-11-14,income_statement,income_statement,InvestmentCompanyInvestmentIncomeLossPerShare,InvestmentCompanyInvestmentIncomeLossPerShare,1.05,c-1,,,,,,False,InvestmentCompanyInvestmentIncomeLossPerShare,
MSIF,2025-11-14,income_statement,income_statement,InvestmentCompanyInvestmentIncomeLossPerShare,InvestmentCompanyInvestmentIncomeLossPerShare,1.00,c-29,,,,,,False,InvestmentCompanyInvestmentIncomeLossPerShare,
MSIF,2025-11-14,income_statement,income_statement,InvestmentCompanyIncomeTaxBenefitProvisionPerShare,InvestmentCompanyIncomeTaxBenefitProvisionPerShare,0.01,c-1,,,,,,False,InvestmentCompanyIncomeTaxBenefitProvisionPerShare,
MSIF,2025-11-14,income_statement,income_statement,InvestmentCompanyIncomeTaxBenefitProvisionPerShare,InvestmentCompanyIncomeTaxBenefitProvisionPerShare,-0.08,c-29,,,,,,False,InvestmentCompanyIncomeTaxBenefitProvisionPerShare,
MSIF,2025-11-14,income_statement,income_statement,InvestmentCompanyInvestmentIncomeLossFromOperationsPerShare,InvestmentCompanyInvestmentIncomeLossFromOperationsPerShare,1.27,c-1,,,,,,False,InvestmentCompanyInvestmentIncomeLossFromOperationsPerShare,
MSIF,2025-11-14,income_statement,income_statement,InvestmentCompanyInvestmentIncomeLossFromOperationsPerShare,InvestmentCompanyInvestmentIncomeLossFromOperationsPerShare,0.90,c-29,,,,,,False,InvestmentCompanyInvestmentIncomeLossFromOperationsPerShare,
MSIF,2025-11-14,income_statement,income_statement,InvestmentCompanyExpenseRatioIncludingIncomeTaxExpense,InvestmentCompanyExpenseRatioIncludingIncomeTaxExpense,0.0790,c-1,,,,,,False,InvestmentCompanyExpenseRatioIncludingIncomeTaxExpense,
MSIF,2025-11-14,income_statement,income_statement,InvestmentCompanyExpenseRatioIncludingIncomeTaxExpense,InvestmentCompanyExpenseRatioIncludingIncomeTaxExpense,0.1038,c-29,,,,,,False,InvestmentCompanyExpenseRatioIncludingIncomeTaxExpense,
MSIF,2025-11-14,income_statement,income_statement,InvestmentCompanyOperatingExpensesRatio,InvestmentCompanyOperatingExpensesRatio,0.0758,c-1,,,,,,False,InvestmentCompanyOperatingExpensesRatio,
MSIF,2025-11-14,income_statement,income_statement,InvestmentCompanyOperatingExpensesRatio,InvestmentCompanyOperatingExpensesRatio,0.0939,c-29,,,,,,False,InvestmentCompanyOperatingExpensesRatio,
MSIF,2025-11-14,income_statement,income_statement,InvestmentCompanyOperatingExpensesRatioExcludingInterestExpense,InvestmentCompanyOperatingExpensesRatioExcludingInterestExpense,0.0393,c-1,,,,,,False,InvestmentCompanyOperatingExpensesRatioExcludingInterestExpense,
MSIF,2025-11-14,income_statement,income_statement,InvestmentCompanyOperatingExpensesRatioExcludingInterestExpense,InvestmentCompanyOperatingExpensesRatioExcludingInterestExpense,0.0464,c-29,,,,,,False,InvestmentCompanyOperatingExpensesRatioExcludingInterestExpense,
MSIF,2025-11-14,income_statement,income_statement,InvestmentCompanyOperatingExpensesRatioExcludingInterestExpenseAndIncentiveFees,InvestmentCompanyOperatingExpensesRatioExcludingInterestExpenseAndIncentiveFees,0.0268,c-1,,,,,,False,InvestmentCompanyOperatingExpensesRatioExcludingInterestExpenseAndIncentiveFees,
MSIF,2025-11-14,income_statement,income_statement,InvestmentCompanyOperatingExpensesRatioExcludingInterestExpenseAndIncentiveFees,InvestmentCompanyOperatingExpensesRatioExcludingInterestExpenseAndIncentiveFees,0.0313,c-29,,,,,,False,InvestmentCompanyOperatingExpensesRatioExcludingInterestExpenseAndIncentiveFees,
MSIF,2025-11-14,income_statement,income_statement,InvestmentCompanyInvestmentIncomeLossRatio,InvestmentCompanyInvestmentIncomeLossRatio,0.0694,c-1,,,,,,False,InvestmentCompanyInvestmentIncomeLossRatio,
MSIF,2025-11-14,income_statement,income_statement,InvestmentCompanyInvestmentIncomeLossRatio,InvestmentCompanyInvestmentIncomeLossRatio,0.0650,c-29,,,,,,False,InvestmentCompanyInvestmentIncomeLossRatio,
MSIF,2025-11-14,income_statement,income_statement,InvestmentCompanyFeeWaivedExpense,InvestmentCompanyFeeWaivedExpense,6700000,c-29,,,,,,False,InvestmentCompanyFeeWaivedExpense,
MSIF,2025-11-14,income_statement,income_statement,InvestmentCompanyInternalAdministrativeServicesWaivedExpense,InvestmentCompanyInternalAdministrativeServicesWaivedExpense,0,c-1,,,,,,False,InvestmentCompanyInternalAdministrativeServicesWaivedExpense,
MSIF,2025-11-14,income_statement,income_statement,InvestmentCompanyExpenseRatioIncludingIncomeTaxExpenseExcludingExpenseWaivers,InvestmentCompanyExpenseRatioIncludingIncomeTaxExpenseExcludingExpenseWaivers,0.1149,c-29,,,,,,False,InvestmentCompanyExpenseRatioIncludingIncomeTaxExpenseExcludingExpenseWaivers,
MSIF,2025-11-14,income_statement,income_statement,InvestmentCompanyOperatingExpensesRatioExcludingExpenseWaivers,InvestmentCompanyOperatingExpensesRatioExcludingExpenseWaivers,0.1049,c-29,,,,,,False,InvestmentCompanyOperatingExpensesRatioExcludingExpenseWaivers,
MSIF,2025-11-14,income_statement,income_statement,InvestmentCompanyOperatingExpensesRatioExcludingInterestExpenseAndExpenseWaivers,InvestmentCompanyOperatingExpensesRatioExcludingInterestExpenseAndExpenseWaivers,0.0573,c-29,,,,,,False,InvestmentCompanyOperatingExpensesRatioExcludingInterestExpenseAndExpenseWaivers,
MSIF,2025-11-14,income_statement,income_statement,InvestmentCompanyOperatingExpensesRatioExcludingInterestExpenseIncentiveFeesAndExpenseWaivers,InvestmentCompanyOperatingExpensesRatioExcludingInterestExpenseIncentiveFeesAndExpenseWaivers,0.0422,c-29,,,,,,False,InvestmentCompanyOperatingExpensesRatioExcludingInterestExpenseIncentiveFeesAndExpenseWaivers,
MSIF,2025-11-14,income_statement,income_statement,InvestmentCompanyInvestmentIncomeLossRatioExcludingExpenseWaivers,InvestmentCompanyInvestmentIncomeLossRatioExcludingExpenseWaivers,0.0544,c-29,,,,,,False,InvestmentCompanyInvestmentIncomeLossRatioExcludingExpenseWaivers,
MSIF,2025-11-14,income_statement,income_statement,DividendDistributionsIncomeTaxDisclosureTextBlock,DividendDistributionsIncomeTaxDisclosureTextBlock,"DIVIDENDS, DISTRIBUTIONS AND TAXABLE INCOME<div style=""margin-bottom:10pt;text-indent:36pt""><span style=""color:#000000;font-family:'Times New Roman',serif;font-size:10pt;font-weight:400;line-height:120%"">MSC Income currently pays regular quarterly dividends to its stockholders and periodically pays supplemental dividends to its stockholders. Future dividends, if any, will be determined by its Board of Directors on a quarterly basis. </span></div><div style=""margin-bottom:6pt;text-indent:36pt""><span style=""color:#000000;font-family:'Times New Roman',serif;font-size:10pt;font-weight:400;line-height:120%"">The following table provides a summary of dividends accrued during the three and nine months ended September 30, 2025 and 2024.</span></div><div style=""margin-bottom:10pt""><table style=""border-collapse:collapse;display:inline-table;margin-bottom:5pt;vertical-align:text-bottom;width:99.848%""><tr><td style=""width:1.0%""></td><td style=""width:43.664%""></td><td style=""width:0.1%""></td><td style=""width:0.1%""></td><td style=""width:0.406%""></td><td style=""width:0.1%""></td><td style=""width:1.0%""></td><td style=""width:12.101%""></td><td style=""width:0.1%""></td><td style=""width:0.1%""></td><td style=""width:0.406%""></td><td style=""width:0.1%""></td><td style=""width:1.0%""></td><td style=""width:12.101%""></td><td style=""width:0.1%""></td><td style=""width:0.1%""></td><td style=""width:0.406%""></td><td style=""width:0.1%""></td><td style=""width:1.0%""></td><td style=""width:12.101%""></td><td style=""width:0.1%""></td><td style=""width:0.1%""></td><td style=""width:0.406%""></td><td style=""width:0.1%""></td><td style=""width:1.0%""></td><td style=""width:12.109%""></td><td style=""width:0.1%""></td></tr><tr><td colspan=""3"" style=""padding:0 1pt""></td><td colspan=""3"" style=""padding:0 1pt""></td><td colspan=""9"" style=""padding:2px 1pt;text-align:center;vertical-align:bottom""><span style=""color:#000000;font-family:'Times New Roman',serif;font-size:8pt;font-weight:700;line-height:100%"">Three Months Ended September 30,</span></td><td colspan=""3"" style=""padding:0 1pt""></td><td colspan=""9"" style=""padding:2px 1pt;text-align:center;vertical-align:bottom""><span style=""color:#000000;font-family:'Times New Roman',serif;font-size:8pt;font-weight:700;line-height:100%"">Nine Months Ended September 30,</span></td></tr><tr><td colspan=""3"" style=""padding:0 1pt""></td><td colspan=""3"" style=""padding:0 1pt""></td><td colspan=""3"" style=""border-top:1pt solid #000;padding:2px 1pt;text-align:center;vertical-align:bottom""><span style=""color:#000000;font-family:'Times New Roman',serif;font-size:8pt;font-weight:700;line-height:100%"">2025</span></td><td colspan=""3"" style=""border-top:1pt solid #000;padding:0 1pt""></td><td colspan=""3"" style=""border-top:1pt solid #000;padding:2px 1pt;text-align:center;vertical-align:bottom""><span style=""color:#000000;font-family:'Times New Roman',serif;font-size:8pt;font-weight:700;line-height:100%"">2024</span></td><td colspan=""3"" style=""padding:0 1pt""></td><td colspan=""3"" style=""border-top:1pt solid #000;padding:2px 1pt;text-align:center;vertical-align:bottom""><span style=""color:#000000;font-family:'Times New Roman',serif;font-size:8pt;font-weight:700;line-height:100%"">2025</span></td><td colspan=""3"" style=""border-top:1pt solid #000;padding:0 1pt""></td><td colspan=""3"" style=""border-top:1pt solid #000;padding:2px 1pt;text-align:center;vertical-align:bottom""><span style=""color:#000000;font-family:'Times New Roman',serif;font-size:8pt;font-weight:700;line-height:100%"">2024</span></td></tr><tr style=""height:3pt""><td colspan=""3"" style=""padding:0 1pt""></td><td colspan=""3"" style=""padding:0 1pt""></td><td colspan=""3"" style=""border-top:1pt solid #000;padding:0 1pt""></td><td colspan=""3"" style=""padding:0 1pt""></td><td colspan=""3"" style=""border-top:1pt solid #000;padding:0 1pt""></td><td colspan=""3"" style=""padding:0 1pt""></td><td colspan=""3"" style=""border-top:1pt solid #000;padding:0 1pt""></td><td colspan=""3"" style=""padding:0 1pt""></td><td colspan=""3"" style=""border-top:1pt solid #000;padding:0 1pt""></td></tr><tr><td colspan=""3"" style=""padding:0 1pt""></td><td colspan=""3"" style=""padding:0 1pt""></td><td colspan=""21"" style=""padding:2px 1pt;text-align:center;vertical-align:middle""><span style=""color:#000000;font-family:'Times New Roman',serif;font-size:8pt;font-weight:700;line-height:100%"">(in thousands, except per share amounts)</span></td></tr><tr><td colspan=""3"" style=""background-color:#cceeff;padding:2px 1pt;text-align:left;vertical-align:bottom""><span style=""color:#000000;font-family:'Times New Roman',serif;font-size:10pt;font-weight:400;line-height:100%"">Regular quarterly dividends per share</span></td><td colspan=""3"" style=""background-color:#cceeff;padding:0 1pt""></td><td style=""background-color:#cceeff;padding:2px 0 2px 1pt;text-align:left;vertical-align:bottom""><span style=""color:#000000;font-family:'Times New Roman',serif;font-size:10pt;font-weight:400;line-height:100%"">$</span></td><td style=""background-color:#cceeff;padding:2px 0;text-align:right;vertical-align:bottom""><span style=""color:#000000;font-family:'Times New Roman',serif;font-size:10pt;font-weight:400;line-height:100%"">0.35 </span></td><td style=""background-color:#cceeff;padding:2px 1pt 2px 0;text-align:right;vertical-align:bottom""></td><td colspan=""3"" style=""background-color:#cceeff;padding:0 1pt""></td><td style=""background-color:#cceeff;padding:2px 0 2px 1pt;text-align:left;vertical-align:bottom""><span style=""color:#000000;font-family:'Times New Roman',serif;font-size:10pt;font-weight:400;line-height:100%"">$</span></td><td style=""background-color:#cceeff;padding:2px 0;text-align:right;vertical-align:bottom""><span style=""color:#000000;font-family:'Times New Roman',serif;font-size:10pt;font-weight:400;line-height:100%"">0.36 </span></td><td style=""background-color:#cceeff;padding:2px 1pt 2px 0;text-align:right;vertical-align:bottom""></td><td colspan=""3"" style=""background-color:#cceeff;padding:0 1pt""></td><td style=""background-color:#cceeff;padding:2px 0 2px 1pt;text-align:left;vertical-align:bottom""><span style=""color:#000000;font-family:'Times New Roman',serif;font-size:10pt;font-weight:400;line-height:100%"">$</span></td><td style=""background-color:#cceeff;padding:2px 0;text-align:right;vertical-align:bottom""><span style=""color:#000000;font-family:'Times New Roman',serif;font-size:10pt;font-weight:400;line-height:100%"">1.05 </span></td><td style=""background-color:#cceeff;padding:2px 1pt 2px 0;text-align:right;vertical-align:bottom""></td><td colspan=""3"" style=""background-color:#cceeff;padding:0 1pt""></td><td style=""background-color:#cceeff;padding:2px 0 2px 1pt;text-align:left;vertical-align:bottom""><span style=""color:#000000;font-family:'Times New Roman',serif;font-size:10pt;font-weight:400;line-height:100%"">$</span></td><td style=""background-color:#cceeff;padding:2px 0;text-align:right;vertical-align:bottom""><span style=""color:#000000;font-family:'Times New Roman',serif;font-size:10pt;font-weight:400;line-height:100%"">1.09 </span></td><td style=""background-color:#cceeff;padding:2px 1pt 2px 0;text-align:right;vertical-align:bottom""></td></tr><tr><td colspan=""3"" style=""background-color:#ffffff;padding:2px 1pt;text-align:left;vertical-align:bottom""><span style=""color:#000000;font-family:'Times New Roman',serif;font-size:10pt;font-weight:400;line-height:100%"">Supplemental quarterly dividends per share</span></td><td colspan=""3"" style=""background-color:#ffffff;padding:0 1pt""></td><td colspan=""2"" style=""background-color:#ffffff;padding:2px 0 2px 1pt;text-align:right;vertical-align:bottom""><span style=""color:#000000;font-family:'Times New Roman',serif;font-size:10pt;font-weight:400;line-height:100%"">0.01 </span></td><td style=""background-color:#ffffff;padding:2px 1pt 2px 0;text-align:right;vertical-align:bottom""></td><td colspan=""3"" style=""background-color:#ffffff;padding:0 1pt""></td><td colspan=""2"" style=""background-color:#ffffff;padding:2px 0 2px 1pt;text-align:right;vertical-align:bottom""><span style=""color:#000000;font-family:'Times New Roman',serif;font-size:10pt;font-weight:400;line-height:100%"">— </span></td><td style=""background-color:#ffffff;padding:2px 1pt 2px 0;text-align:right;vertical-align:bottom""></td><td colspan=""3"" style=""background-color:#ffffff;padding:0 1pt""></td><td colspan=""2"" style=""background-color:#ffffff;padding:2px 0 2px 1pt;text-align:right;vertical-align:bottom""><span style=""color:#000000;font-family:'Times New Roman',serif;font-size:10pt;font-weight:400;line-height:100%"">0.03 </span></td><td style=""background-color:#ffffff;padding:2px 1pt 2px 0;text-align:right;vertical-align:bottom""></td><td colspan=""3"" style=""background-color:#ffffff;padding:0 1pt""></td><td colspan=""2"" style=""background-color:#ffffff;padding:2px 0 2px 1pt;text-align:right;vertical-align:bottom""><span style=""color:#000000;font-family:'Times New Roman',serif;font-size:10pt;font-weight:400;line-height:100%"">— </span></td><td style=""background-color:#ffffff;padding:2px 1pt 2px 0;text-align:right;vertical-align:bottom""></td></tr><tr><td colspan=""3"" style=""background-color:#cceeff;padding:2px 1pt 2px 7pt;text-align:left;vertical-align:bottom""><span style=""color:#000000;font-family:'Times New Roman',serif;font-size:10pt;font-weight:400;line-height:100%"">Total dividends per share</span></td><td colspan=""3"" style=""background-color:#cceeff;padding:0 1pt""></td><td style=""background-color:#cceeff;border-top:1pt solid #000;padding:2px 0 2px 1pt;text-align:left;vertical-align:bottom""><span style=""color:#000000;font-family:'Times New Roman',serif;font-size:10pt;font-weight:400;line-height:100%"">$</span></td><td style=""background-color:#cceeff;border-top:1pt solid #000;padding:2px 0;text-align:right;vertical-align:bottom""><span style=""color:#000000;font-family:'Times New Roman',serif;font-size:10pt;font-weight:400;line-height:100%"">0.36 </span></td><td style=""background-color:#cceeff;border-top:1pt solid #000;padding:2px 1pt 2px 0;text-align:right;vertical-align:bottom""></td><td colspan=""3"" style=""background-color:#cceeff;padding:0 1pt""></td><td style=""background-color:#cceeff;border-top:1pt solid #000;padding:2px 0 2px 1pt;text-align:left;vertical-align:bottom""><span style=""color:#000000;font-family:'Times New Roman',serif;font-size:10pt;font-weight:400;line-height:100%"">$</span></td><td style=""background-color:#cceeff;border-top:1pt solid #000;padding:2px 0;text-align:right;vertical-align:bottom""><span style=""color:#000000;font-family:'Times New Roman',serif;font-size:10pt;font-weight:400;line-height:100%"">0.36 </span></td><td style=""background-color:#cceeff;border-top:1pt solid #000;padding:2px 1pt 2px 0;text-align:right;vertical-align:bottom""></td><td colspan=""3"" style=""background-color:#cceeff;padding:0 1pt""></td><td style=""background-color:#cceeff;border-top:1pt solid #000;padding:2px 0 2px 1pt;text-align:left;vertical-align:bottom""><span style=""color:#000000;font-family:'Times New Roman',serif;font-size:10pt;font-weight:400;line-height:100%"">$</span></td><td style=""background-color:#cceeff;border-top:1pt solid #000;padding:2px 0;text-align:right;vertical-align:bottom""><span style=""color:#000000;font-family:'Times New Roman',serif;font-size:10pt;font-weight:400;line-height:100%"">1.08 </span></td><td style=""background-color:#cceeff;border-top:1pt solid #000;padding:2px 1pt 2px 0;text-align:right;vertical-align:bottom""></td><td colspan=""3"" style=""background-color:#cceeff;padding:0 1pt""></td><td style=""background-color:#cceeff;border-top:1pt solid #000;padding:2px 0 2px 1pt;text-align:left;vertical-align:bottom""><span style=""color:#000000;font-family:'Times New Roman',serif;font-size:10pt;font-weight:400;line-height:100%"">$</span></td><td style=""background-color:#cceeff;border-top:1pt solid #000;padding:2px 0;text-align:right;vertical-align:bottom""><span style=""color:#000000;font-family:'Times New Roman',serif;font-size:10pt;font-weight:400;line-height:100%"">1.09 </span></td><td style=""background-color:#cceeff;border-top:1pt solid #000;padding:2px 1pt 2px 0;text-align:right;vertical-align:bottom""></td></tr><tr style=""height:14pt""><td colspan=""3"" style=""background-color:#ffffff;padding:0 1pt""></td><td colspan=""3"" style=""background-color:#ffffff;padding:0 1pt""></td><td colspan=""3"" style=""background-color:#ffffff;border-top:3pt double #000;padding:0 1pt""></td><td colspan=""3"" style=""background-color:#ffffff;padding:0 1pt""></td><td colspan=""3"" style=""background-color:#ffffff;border-top:3pt double #000;padding:0 1pt""></td><td colspan=""3"" style=""background-color:#ffffff;padding:0 1pt""></td><td colspan=""3"" style=""background-color:#ffffff;border-top:3pt double #000;padding:0 1pt""></td><td colspan=""3"" style=""background-color:#ffffff;padding:0 1pt""></td><td colspan=""3"" style=""background-color:#ffffff;border-top:3pt double #000;padding:0 1pt""></td></tr><tr><td colspan=""3"" style=""background-color:#cceeff;padding:2px 1pt;text-align:left;vertical-align:bottom""><span style=""color:#000000;font-family:'Times New Roman',serif;font-size:10pt;font-weight:400;line-height:100%"">Total regular quarterly dividends</span></td><td colspan=""3"" style=""background-color:#cceeff;padding:0 1pt""></td><td style=""background-color:#cceeff;padding:2px 0 2px 1pt;text-align:left;vertical-align:bottom""><span style=""color:#000000;font-family:'Times New Roman',serif;font-size:10pt;font-weight:400;line-height:100%"">$</span></td><td style=""background-color:#cceeff;padding:2px 0;text-align:right;vertical-align:bottom""><span style=""color:#000000;font-family:'Times New Roman',serif;font-size:10pt;font-weight:400;line-height:100%"">16,544 </span></td><td style=""background-color:#cceeff;padding:2px 1pt 2px 0;text-align:right;vertical-align:bottom""></td><td colspan=""3"" style=""background-color:#cceeff;padding:0 1pt""></td><td style=""background-color:#cceeff;padding:2px 0 2px 1pt;text-align:left;vertical-align:bottom""><span style=""color:#000000;font-family:'Times New Roman',serif;font-size:10pt;font-weight:400;line-height:100%"">$</span></td><td style=""background-color:#cceeff;padding:2px 0;text-align:right;vertical-align:bottom""><span style=""color:#000000;font-family:'Times New Roman',serif;font-size:10pt;font-weight:400;line-height:100%"">14,478 </span></td><td style=""background-color:#cceeff;padding:2px 1pt 2px 0;text-align:right;vertical-align:bottom""></td><td colspan=""3"" style=""background-color:#cceeff;padding:0 1pt""></td><td style=""background-color:#cceeff;padding:2px 0 2px 1pt;text-align:left;vertical-align:bottom""><span style=""color:#000000;font-family:'Times New Roman',serif;font-size:10pt;font-weight:400;line-height:100%"">$</span></td><td style=""background-color:#cceeff;padding:2px 0;text-align:right;vertical-align:bottom""><span style=""color:#000000;font-family:'Times New Roman',serif;font-size:10pt;font-weight:400;line-height:100%"">49,444 </span></td><td style=""background-color:#cceeff;padding:2px 1pt 2px 0;text-align:right;vertical-align:bottom""></td><td colspan=""3"" style=""background-color:#cceeff;padding:0 1pt""></td><td style=""background-color:#cceeff;padding:2px 0 2px 1pt;text-align:left;vertical-align:bottom""><span style=""color:#000000;font-family:'Times New Roman',serif;font-size:10pt;font-weight:400;line-height:100%"">$</span></td><td style=""background-color:#cceeff;padding:2px 0;text-align:right;vertical-align:bottom""><span style=""color:#000000;font-family:'Times New Roman',serif;font-size:10pt;font-weight:400;line-height:100%"">43,724 </span></td><td style=""background-color:#cceeff;padding:2px 1pt 2px 0;text-align:right;vertical-align:bottom""></td></tr><tr><td colspan=""3"" style=""background-color:#ffffff;padding:2px 1pt;text-align:left;vertical-align:bottom""><span style=""color:#000000;font-family:'Times New Roman',serif;font-size:10pt;font-weight:400;line-height:100%"">Total supplemental quarterly dividends</span></td><td colspan=""3"" style=""background-color:#ffffff;padding:0 1pt""></td><td colspan=""2"" style=""background-color:#ffffff;padding:2px 0 2px 1pt;text-align:right;vertical-align:bottom""><span style=""color:#000000;font-family:'Times New Roman',serif;font-size:10pt;font-weight:400;line-height:100%"">472 </span></td><td style=""background-color:#ffffff;padding:2px 1pt 2px 0;text-align:right;vertical-align:bottom""></td><td colspan=""3"" style=""background-color:#ffffff;padding:0 1pt""></td><td colspan=""2"" style=""background-color:#ffffff;padding:2px 0 2px 1pt;text-align:right;vertical-align:bottom""><span style=""color:#000000;font-family:'Times New Roman',serif;font-size:10pt;font-weight:400;line-height:100%"">— </span></td><td style=""background-color:#ffffff;padding:2px 1pt 2px 0;text-align:right;vertical-align:bottom""></td><td colspan=""3"" style=""background-color:#ffffff;padding:0 1pt""></td><td colspan=""2"" style=""background-color:#ffffff;padding:2px 0 2px 1pt;text-align:right;vertical-align:bottom""><span style=""color:#000000;font-family:'Times New Roman',serif;font-size:10pt;font-weight:400;line-height:100%"">1,412 </span></td><td style=""background-color:#ffffff;padding:2px 1pt 2px 0;text-align:right;vertical-align:bottom""></td><td colspan=""3"" style=""background-color:#ffffff;padding:0 1pt""></td><td colspan=""2"" style=""background-color:#ffffff;padding:2px 0 2px 1pt;text-align:right;vertical-align:bottom""><span style=""color:#000000;font-family:'Times New Roman',serif;font-size:10pt;font-weight:400;line-height:100%"">— </span></td><td style=""background-color:#ffffff;padding:2px 1pt 2px 0;text-align:right;vertical-align:bottom""></td></tr><tr><td colspan=""3"" style=""background-color:#cceeff;padding:2px 1pt;text-align:left;vertical-align:bottom""><div style=""padding-left:6pt""><span style=""color:#000000;font-family:'Times New Roman',serif;font-size:10pt;font-weight:400;line-height:100%"">Total dividends</span></div></td><td colspan=""3"" style=""background-color:#cceeff;padding:0 1pt""></td><td style=""background-color:#cceeff;border-bottom:3pt double #000;border-top:1pt solid #000;padding:2px 0 2px 1pt;text-align:left;vertical-align:bottom""><span style=""color:#000000;font-family:'Times New Roman',serif;font-size:10pt;font-weight:400;line-height:100%"">$</span></td><td style=""background-color:#cceeff;border-bottom:3pt double #000;border-top:1pt solid #000;padding:2px 0;text-align:right;vertical-align:bottom""><span style=""color:#000000;font-family:'Times New Roman',serif;font-size:10pt;font-weight:400;line-height:100%"">17,016 </span></td><td style=""background-color:#cceeff;border-bottom:3pt double #000;border-top:1pt solid #000;padding:2px 1pt 2px 0;text-align:right;vertical-align:bottom""></td><td colspan=""3"" style=""background-color:#cceeff;padding:0 1pt""></td><td style=""background-color:#cceeff;border-bottom:3pt double #000;border-top:1pt solid #000;padding:2px 0 2px 1pt;text-align:left;vertical-align:bottom""><span style=""color:#000000;font-family:'Times New Roman',serif;font-size:10pt;font-weight:400;line-height:100%"">$</span></td><td style=""background-color:#cceeff;border-bottom:3pt double #000;border-top:1pt solid #000;padding:2px 0;text-align:right;vertical-align:bottom""><span style=""color:#000000;font-family:'Times New Roman',serif;font-size:10pt;font-weight:400;line-height:100%"">14,478 </span></td><td style=""background-color:#cceeff;border-bottom:3pt double #000;border-top:1pt solid #000;padding:2px 1pt 2px 0;text-align:right;vertical-align:bottom""></td><td colspan=""3"" style=""background-color:#cceeff;padding:0 1pt""></td><td style=""background-color:#cceeff;border-bottom:3pt double #000;border-top:1pt solid #000;padding:2px 0 2px 1pt;text-align:left;vertical-align:bottom""><span style=""color:#000000;font-family:'Times New Roman',serif;font-size:10pt;font-weight:400;line-height:100%"">$</span></td><td style=""background-color:#cceeff;border-bottom:3pt double #000;border-top:1pt solid #000;padding:2px 0;text-align:right;vertical-align:bottom""><span style=""color:#000000;font-family:'Times New Roman',serif;font-size:10pt;font-weight:400;line-height:100%"">50,856 </span></td><td style=""background-color:#cceeff;border-bottom:3pt double #000;border-top:1pt solid #000;padding:2px 1pt 2px 0;text-align:right;vertical-align:bottom""></td><td colspan=""3"" style=""background-color:#cceeff;padding:0 1pt""></td><td style=""background-color:#cceeff;border-bottom:3pt double #000;border-top:1pt solid #000;padding:2px 0 2px 1pt;text-align:left;vertical-align:bottom""><span style=""color:#000000;font-family:'Times New Roman',serif;font-size:10pt;font-weight:400;line-height:100%"">$</span></td><td style=""background-color:#cceeff;border-bottom:3pt double #000;border-top:1pt solid #000;padding:2px 0;text-align:right;vertical-align:bottom""><span style=""color:#000000;font-family:'Times New Roman',serif;font-size:10pt;font-weight:400;line-height:100%"">43,724 </span></td><td style=""background-color:#cceeff;border-bottom:3pt double #000;border-top:1pt solid #000;padding:2px 1pt 2px 0;text-align:right;vertical-align:bottom""></td></tr></table></div><div style=""margin-bottom:10pt;text-indent:36pt""><span style=""color:#000000;font-family:'Times New Roman',serif;font-size:10pt;font-weight:400;line-height:120%"">MSIF has elected to be treated for U.S. federal income tax purposes as a RIC. MSIF’s taxable income includes the taxable income generated by MSIF and certain of its subsidiaries, including the Structured Subsidiaries, which are treated as disregarded entities for tax purposes. As a RIC, MSIF generally will not pay corporate-level U.S. federal income taxes on any net ordinary taxable income or capital gains that MSIF distributes to its stockholders. MSIF must generally distribute at least 90% of its “investment company taxable income” (which is generally its net ordinary taxable income and realized net short-term capital gains in excess of realized net long-term capital losses) and 90% of its tax-exempt income to maintain its RIC status (pass-through tax treatment for amounts distributed). As part of maintaining RIC status, undistributed taxable income (subject to a 4% non-deductible U.S. federal excise tax) pertaining to a given fiscal year may be distributed up to twelve months subsequent to the end of that fiscal year, provided such dividends are declared on or prior to the later of (i) filing of the U.S. federal income tax return for the applicable fiscal year or (ii) the fifteenth day of the ninth month following the close of the year in which such taxable income was generated.</span></div><div style=""margin-bottom:10pt;text-indent:36pt""><span style=""color:#000000;font-family:'Times New Roman',serif;font-size:10pt;font-weight:400;line-height:120%"">The determination of the tax attributes for MSC Income’s distributions is made annually, based upon its taxable income for the full year and distributions paid for the full year. Therefore, a determination made on an interim basis may not be representative of the actual tax attributes of distributions for a full year. Ordinary dividend distributions from a RIC do not qualify for the 20% maximum tax rate (plus a 3.8% Medicare surtax, if applicable) on dividend income from domestic corporations and qualified foreign corporations, except to the extent that the RIC received the income in the form of qualifying dividends from domestic corporations and qualified foreign corporations. The tax attributes for distributions will generally include both ordinary income and qualified dividends, but may also include either one or both of capital gains and return of capital.</span></div><div style=""margin-bottom:6pt;text-indent:36pt""><span style=""color:#000000;font-family:'Times New Roman',serif;font-size:10pt;font-weight:400;line-height:120%"">Listed below is a reconciliation of “Net increase in net assets resulting from operations” to taxable income and to total distributions declared to common stockholders for the nine months ended September 30, 2025 and 2024.</span></div><div style=""margin-bottom:10pt""><table style=""border-collapse:collapse;display:inline-table;margin-bottom:5pt;vertical-align:text-bottom;width:100.000%""><tr><td style=""width:1.0%""></td><td style=""width:71.930%""></td><td style=""width:0.1%""></td><td style=""width:1.0%""></td><td style=""width:12.081%""></td><td style=""width:0.1%""></td><td style=""width:0.1%""></td><td style=""width:0.406%""></td><td style=""width:0.1%""></td><td style=""width:1.0%""></td><td style=""width:12.083%""></td><td style=""width:0.1%""></td></tr><tr><td colspan=""3"" style=""padding:0 1pt""></td><td colspan=""9"" style=""padding:2px 1pt;text-align:center;vertical-align:bottom""><span style=""color:#000000;font-family:'Times New Roman',serif;font-size:8pt;font-weight:700;line-height:100%"">Nine Months Ended September 30,</span></td></tr><tr><td colspan=""3"" style=""padding:0 1pt""></td><td colspan=""3"" style=""border-top:1pt solid #000;padding:2px 1pt;text-align:center;vertical-align:bottom""><span style=""color:#000000;font-family:'Times New Roman',serif;font-size:8pt;font-weight:700;line-height:100%"">2025</span></td><td colspan=""3"" style=""border-top:1pt solid #000;padding:0 1pt""></td><td colspan=""3"" style=""border-top:1pt solid #000;padding:2px 1pt;text-align:center;vertical-align:bottom""><span style=""color:#000000;font-family:'Times New Roman',serif;font-size:8pt;font-weight:700;line-height:100%"">2024</span></td></tr><tr style=""height:3pt""><td colspan=""3"" style=""padding:0 1pt""></td><td colspan=""3"" style=""border-top:1pt solid #000;padding:0 1pt""></td><td colspan=""3"" style=""padding:0 1pt""></td><td colspan=""3"" style=""border-top:1pt solid #000;padding:0 1pt""></td></tr><tr><td colspan=""3"" style=""padding:0 1pt""></td><td colspan=""9"" style=""padding:2px 1pt;text-align:center;vertical-align:middle""><span style=""color:#000000;font-family:'Times New Roman',serif;font-size:8pt;font-weight:700;line-height:100%"">(estimated, in thousands)</span></td></tr><tr><td colspan=""3"" style=""background-color:#cceeff;padding:2px 1pt;text-align:left;vertical-align:bottom""><span style=""color:#000000;font-family:'Times New Roman',serif;font-size:10pt;font-weight:400;line-height:100%"">Net increase in net assets resulting from operations</span></td><td style=""background-color:#cceeff;padding:2px 0 2px 1pt;text-align:left;vertical-align:bottom""><span style=""color:#000000;font-family:'Times New Roman',serif;font-size:10pt;font-weight:400;line-height:100%"">$</span></td><td style=""background-color:#cceeff;padding:2px 0;text-align:right;vertical-align:bottom""><span style=""color:#000000;font-family:'Times New Roman',serif;font-size:10pt;font-weight:400;line-height:100%"">58,693 </span></td><td style=""background-color:#cceeff;padding:2px 1pt 2px 0;text-align:right;vertical-align:bottom""></td><td colspan=""3"" style=""background-color:#cceeff;padding:0 1pt""></td><td style=""background-color:#cceeff;padding:2px 0 2px 1pt;text-align:left;vertical-align:bottom""><span style=""color:#000000;font-family:'Times New Roman',serif;font-size:10pt;font-weight:400;line-height:100%"">$</span></td><td style=""background-color:#cceeff;padding:2px 0;text-align:right;vertical-align:bottom""><span style=""color:#000000;font-family:'Times New Roman',serif;font-size:10pt;font-weight:400;line-height:100%"">36,089 </span></td><td style=""background-color:#cceeff;padding:2px 1pt 2px 0;text-align:right;vertical-align:bottom""></td></tr><tr><td colspan=""3"" style=""background-color:#ffffff;padding:2px 1pt;text-align:left;vertical-align:bottom""><span style=""color:#000000;font-family:'Times New Roman',serif;font-size:10pt;font-weight:400;line-height:100%"">Net unrealized (appreciation) depreciation</span></td><td colspan=""2"" style=""background-color:#ffffff;padding:2px 0 2px 1pt;text-align:right;vertical-align:bottom""><span style=""color:#000000;font-family:'Times New Roman',serif;font-size:10pt;font-weight:400;line-height:100%"">(35,886)</span></td><td style=""background-color:#ffffff;padding:2px 1pt 2px 0;text-align:right;vertical-align:bottom""></td><td colspan=""3"" style=""background-color:#ffffff;padding:0 1pt""></td><td colspan=""2"" style=""background-color:#ffffff;padding:2px 0 2px 1pt;text-align:right;vertical-align:bottom""><span style=""color:#000000;font-family:'Times New Roman',serif;font-size:10pt;font-weight:400;line-height:100%"">24,656 </span></td><td style=""background-color:#ffffff;padding:2px 1pt 2px 0;text-align:right;vertical-align:bottom""></td></tr><tr><td colspan=""3"" style=""background-color:#cceeff;padding:2px 1pt;text-align:left;vertical-align:bottom""><span style=""color:#000000;font-family:'Times New Roman',serif;font-size:10pt;font-weight:400;line-height:100%"">Income tax provision</span></td><td colspan=""2"" style=""background-color:#cceeff;padding:2px 0 2px 1pt;text-align:right;vertical-align:bottom""><span style=""color:#000000;font-family:'Times New Roman',serif;font-size:10pt;font-weight:400;line-height:100%"">2,176 </span></td><td style=""background-color:#cceeff;padding:2px 1pt 2px 0;text-align:right;vertical-align:bottom""></td><td colspan=""3"" style=""background-color:#cceeff;padding:0 1pt""></td><td colspan=""2"" style=""background-color:#cceeff;padding:2px 0 2px 1pt;text-align:right;vertical-align:bottom""><span style=""color:#000000;font-family:'Times New Roman',serif;font-size:10pt;font-weight:400;line-height:100%"">6,150 </span></td><td style=""background-color:#cceeff;padding:2px 1pt 2px 0;text-align:right;vertical-align:bottom""></td></tr><tr><td colspan=""3"" style=""background-color:#ffffff;padding:2px 1pt;text-align:left;vertical-align:bottom""><span style=""color:#000000;font-family:'Times New Roman',serif;font-size:10pt;font-weight:400;line-height:100%"">Pre-tax book income not consolidated for tax purposes</span></td><td colspan=""2"" style=""background-color:#ffffff;padding:2px 0 2px 1pt;text-align:right;vertical-align:bottom""><span style=""color:#000000;font-family:'Times New Roman',serif;font-size:10pt;font-weight:400;line-height:100%"">(11,924)</span></td><td style=""background-color:#ffffff;padding:2px 1pt 2px 0;text-align:right;vertical-align:bottom""></td><td colspan=""3"" style=""background-color:#ffffff;padding:0 1pt""></td><td colspan=""2"" style=""background-color:#ffffff;padding:2px 0 2px 1pt;text-align:right;vertical-align:bottom""><span style=""color:#000000;font-family:'Times New Roman',serif;font-size:10pt;font-weight:400;line-height:100%"">(9,867)</span></td><td style=""background-color:#ffffff;padding:2px 1pt 2px 0;text-align:right;vertical-align:bottom""></td></tr><tr><td colspan=""3"" style=""background-color:#cceeff;padding:2px 1pt;text-align:left;vertical-align:bottom""><span style=""color:#000000;font-family:'Times New Roman',serif;font-size:10pt;font-weight:400;line-height:120%"">Book income and tax income differences, including debt origination, structuring fees, dividends, realized gains and changes in estimates</span></td><td colspan=""2"" style=""background-color:#cceeff;padding:2px 0 2px 1pt;text-align:right;vertical-align:bottom""><span style=""color:#000000;font-family:'Times New Roman',serif;font-size:10pt;font-weight:400;line-height:100%"">27,980 </span></td><td style=""background-color:#cceeff;padding:2px 1pt 2px 0;text-align:right;vertical-align:bottom""></td><td colspan=""3"" style=""background-color:#cceeff;padding:0 1pt""></td><td colspan=""2"" style=""background-color:#cceeff;padding:2px 0 2px 1pt;text-align:right;vertical-align:bottom""><span style=""color:#000000;font-family:'Times New Roman',serif;font-size:10pt;font-weight:400;line-height:100%"">(9,989)</span></td><td style=""background-color:#cceeff;padding:2px 1pt 2px 0;text-align:right;vertical-align:bottom""></td></tr><tr><td colspan=""3"" style=""background-color:#ffffff;padding:2px 1pt;text-align:left;vertical-align:bottom""><span style=""color:#000000;font-family:'Times New Roman',serif;font-size:10pt;font-weight:400;line-height:100%"">Estimated taxable income (1)</span></td><td colspan=""2"" style=""background-color:#ffffff;border-top:1pt solid #000;padding:2px 0 2px 1pt;text-align:right;vertical-align:bottom""><span style=""color:#000000;font-family:'Times New Roman',serif;font-size:10pt;font-weight:400;line-height:100%"">41,039 </span></td><td style=""background-color:#ffffff;border-top:1pt solid #000;padding:2px 1pt 2px 0;text-align:right;vertical-align:bottom""></td><td colspan=""3"" style=""background-color:#ffffff;padding:0 1pt""></td><td colspan=""2"" style=""background-color:#ffffff;border-top:1pt solid #000;padding:2px 0 2px 1pt;text-align:right;vertical-align:bottom""><span style=""color:#000000;font-family:'Times New Roman',serif;font-size:10pt;font-weight:400;line-height:100%"">47,039 </span></td><td style=""background-color:#ffffff;border-top:1pt solid #000;padding:2px 1pt 2px 0;text-align:right;vertical-align:bottom""></td></tr><tr><td colspan=""3"" style=""background-color:#cceeff;padding:2px 1pt;text-align:left;vertical-align:bottom""><span style=""color:#000000;font-family:'Times New Roman',serif;font-size:10pt;font-weight:400;line-height:100%"">Taxable income earned in prior year and carried forward for distribution in current year</span></td><td colspan=""2"" style=""background-color:#cceeff;padding:2px 0 2px 1pt;text-align:right;vertical-align:bottom""><span style=""color:#000000;font-family:'Times New Roman',serif;font-size:10pt;font-weight:400;line-height:100%"">20,348 </span></td><td style=""background-color:#cceeff;padding:2px 1pt 2px 0;text-align:right;vertical-align:bottom""></td><td colspan=""3"" style=""background-color:#cceeff;padding:0 1pt""></td><td colspan=""2"" style=""background-color:#cceeff;padding:2px 0 2px 1pt;text-align:right;vertical-align:bottom""><span style=""color:#000000;font-family:'Times New Roman',serif;font-size:10pt;font-weight:400;line-height:100%"">14,745 </span></td><td style=""background-color:#cceeff;padding:2px 1pt 2px 0;text-align:right;vertical-align:bottom""></td></tr><tr><td colspan=""3"" style=""background-color:#ffffff;padding:2px 1pt;text-align:left;vertical-align:bottom""><span style=""color:#000000;font-family:'Times New Roman',serif;font-size:10pt;font-weight:400;line-height:100%"">Taxable income earned prior to period end and carried forward for distribution next period</span></td><td colspan=""2"" style=""background-color:#ffffff;padding:2px 0 2px 1pt;text-align:right;vertical-align:bottom""><span style=""color:#000000;font-family:'Times New Roman',serif;font-size:10pt;font-weight:400;line-height:100%"">(27,547)</span></td><td style=""background-color:#ffffff;padding:2px 1pt 2px 0;text-align:right;vertical-align:bottom""></td><td colspan=""3"" style=""background-color:#ffffff;padding:0 1pt""></td><td colspan=""2"" style=""background-color:#ffffff;padding:2px 0 2px 1pt;text-align:right;vertical-align:bottom""><span style=""color:#000000;font-family:'Times New Roman',serif;font-size:10pt;font-weight:400;line-height:100%"">(32,538)</span></td><td style=""background-color:#ffffff;padding:2px 1pt 2px 0;text-align:right;vertical-align:bottom""></td></tr><tr><td colspan=""3"" style=""background-color:#cceeff;padding:2px 1pt;text-align:left;vertical-align:bottom""><span style=""color:#000000;font-family:'Times New Roman',serif;font-size:10pt;font-weight:400;line-height:100%"">Dividend payable as of period end and paid in the following period</span></td><td colspan=""2"" style=""background-color:#cceeff;padding:2px 0 2px 1pt;text-align:right;vertical-align:bottom""><span style=""color:#000000;font-family:'Times New Roman',serif;font-size:10pt;font-weight:400;line-height:100%"">17,016 </span></td><td style=""background-color:#cceeff;padding:2px 1pt 2px 0;text-align:right;vertical-align:bottom""></td><td colspan=""3"" style=""background-color:#cceeff;padding:0 1pt""></td><td colspan=""2"" style=""background-color:#cceeff;padding:2px 0 2px 1pt;text-align:right;vertical-align:bottom""><span style=""color:#000000;font-family:'Times New Roman',serif;font-size:10pt;font-weight:400;line-height:100%"">14,478 </span></td><td style=""background-color:#cceeff;padding:2px 1pt 2px 0;text-align:right;vertical-align:bottom""></td></tr><tr><td colspan=""3"" style=""background-color:#ffffff;padding:2px 1pt;text-align:left;vertical-align:bottom""><span style=""color:#000000;font-family:'Times New Roman',serif;font-size:10pt;font-weight:400;line-height:100%"">Total distributions accrued or paid to common stockholders</span></td><td style=""background-color:#ffffff;border-bottom:3pt double #000;border-top:1pt solid #000;padding:2px 0 2px 1pt;text-align:left;vertical-align:bottom""><span style=""color:#000000;font-family:'Times New Roman',serif;font-size:10pt;font-weight:400;line-height:100%"">$</span></td><td style=""background-color:#ffffff;border-bottom:3pt double #000;border-top:1pt solid #000;padding:2px 0;text-align:right;vertical-align:bottom""><span style=""color:#000000;font-family:'Times New Roman',serif;font-size:10pt;font-weight:400;line-height:100%"">50,856 </span></td><td style=""background-color:#ffffff;border-bottom:3pt double #000;border-top:1pt solid #000;padding:2px 1pt 2px 0;text-align:right;vertical-align:bottom""></td><td colspan=""3"" style=""background-color:#ffffff;padding:0 1pt""></td><td style=""background-color:#ffffff;border-bottom:3pt double #000;border-top:1pt solid #000;padding:2px 0 2px 1pt;text-align:left;vertical-align:bottom""><span style=""color:#000000;font-family:'Times New Roman',serif;font-size:10pt;font-weight:400;line-height:100%"">$</span></td><td style=""background-color:#ffffff;border-bottom:3pt double #000;border-top:1pt solid #000;padding:2px 0;text-align:right;vertical-align:bottom""><span style=""color:#000000;font-family:'Times New Roman',serif;font-size:10pt;font-weight:400;line-height:100%"">43,724 </span></td><td style=""background-color:#ffffff;border-bottom:3pt double #000;border-top:1pt solid #000;padding:2px 1pt 2px 0;text-align:right;vertical-align:bottom""></td></tr></table><span style=""color:#000000;font-family:'Times New Roman',serif;font-size:10pt;font-weight:400;line-height:120%"">________________</span></div><div style=""margin-bottom:10pt;padding-left:18pt;text-indent:-18pt""><span style=""color:#000000;font-family:'Times New Roman',serif;font-size:10pt;font-weight:400;line-height:120%"">(1)</span><span style=""color:#000000;font-family:'Times New Roman',serif;font-size:10pt;font-weight:400;line-height:120%;padding-left:6.34pt"">MSIF’s taxable income for each period is an estimate and will not be finally determined until MSIF files its tax return for each year. Therefore, the final taxable income, and the taxable income earned in each period and carried forward for distribution in the following period, may be different than this estimate.</span></div><div style=""margin-bottom:10pt;text-indent:36pt""><span style=""color:#000000;font-family:'Times New Roman',serif;font-size:10pt;font-weight:400;line-height:120%"">The Taxable Subsidiaries primarily hold certain equity investments for MSC Income. The Taxable Subsidiaries permit MSC Income to hold equity investments in portfolio companies which are “pass-through” entities for tax purposes and to continue to comply with the “source-of-income” requirements contained in the RIC tax provisions of the Code. The Taxable Subsidiaries are consolidated with MSIF for U.S. GAAP financial reporting purposes, and the portfolio investments held by the Taxable Subsidiaries are included in MSC Income’s consolidated financial statements as portfolio investments and recorded at fair value. The Taxable Subsidiaries are not consolidated with MSIF for income tax purposes and may generate income tax expense, or benefit, and tax assets and liabilities, as a result of their ownership of certain portfolio investments. The taxable income, or loss, of the Taxable Subsidiaries may differ from their book income, or loss, due to temporary book and tax timing differences and permanent differences. The Taxable Subsidiaries are each taxed at corporate income tax rates based on their taxable income. The income tax expense, or benefit, if any, and the related tax assets and liabilities, of the Taxable Subsidiaries are reflected in MSC Income’s consolidated financial statements.</span></div><div style=""margin-bottom:6pt;text-indent:36pt""><span style=""color:#000000;font-family:'Times New Roman',serif;font-size:10pt;font-weight:400;line-height:120%"">The income tax provision for MSC Income is generally composed of (i) deferred tax expense (benefit), which is primarily the result of the net activity relating to the portfolio investments held in the Taxable Subsidiaries, including changes in loss carryforwards, changes in net unrealized appreciation or depreciation and other temporary book-tax differences, and (ii) current tax expense, which is primarily the result of current U.S. federal income and state taxes relating to net currently taxable activity relating to the portfolio investments held in the Taxable Subsidiaries and excise taxes on MSC Income’s estimated undistributed taxable income. The income tax expense, or benefit, and the related tax assets and liabilities generated by the Taxable Subsidiaries, if any, are reflected in MSC Income’s Consolidated Statements of Operations. MSC Income’s provision for income taxes was comprised of the following for the three and nine months ended September 30, 2025 and 2024:</span></div><div style=""margin-bottom:10pt""><table style=""border-collapse:collapse;display:inline-table;margin-bottom:5pt;vertical-align:text-bottom;width:100.000%""><tr><td style=""width:1.0%""></td><td style=""width:44.354%""></td><td style=""width:0.1%""></td><td style=""width:1.0%""></td><td style=""width:12.081%""></td><td style=""width:0.1%""></td><td style=""width:0.1%""></td><td style=""width:0.406%""></td><td style=""width:0.1%""></td><td style=""width:1.0%""></td><td style=""width:12.081%""></td><td style=""width:0.1%""></td><td style=""width:0.1%""></td><td style=""width:0.406%""></td><td style=""width:0.1%""></td><td style=""width:1.0%""></td><td style=""width:12.081%""></td><td style=""width:0.1%""></td><td style=""width:0.1%""></td><td style=""width:0.406%""></td><td style=""width:0.1%""></td><td style=""width:1.0%""></td><td style=""width:12.085%""></td><td style=""width:0.1%""></td></tr><tr><td colspan=""3"" style=""padding:0 1pt""></td><td colspan=""9"" style=""padding:2px 1pt;text-align:center;vertical-align:bottom""><span style=""color:#000000;font-family:'Times New Roman',serif;font-size:8pt;font-weight:700;line-height:100%"">Three Months Ended September 30,</span></td><td colspan=""3"" style=""padding:0 1pt""></td><td colspan=""9"" style=""padding:2px 1pt;text-align:center;vertical-align:bottom""><span style=""color:#000000;font-family:'Times New Roman',serif;font-size:8pt;font-weight:700;line-height:100%"">Nine Months Ended September 30,</span></td></tr><tr><td colspan=""3"" style=""padding:0 1pt""></td><td colspan=""3"" style=""border-top:1pt solid #000;padding:2px 1pt;text-align:center;vertical-align:bottom""><span style=""color:#000000;font-family:'Times New Roman',serif;font-size:8pt;font-weight:700;line-height:100%"">2025</span></td><td colspan=""3"" style=""border-top:1pt solid #000;padding:0 1pt""></td><td colspan=""3"" style=""border-top:1pt solid #000;padding:2px 1pt;text-align:center;vertical-align:bottom""><span style=""color:#000000;font-family:'Times New Roman',serif;font-size:8pt;font-weight:700;line-height:100%"">2024</span></td><td colspan=""3"" style=""padding:0 1pt""></td><td colspan=""3"" style=""border-top:1pt solid #000;padding:2px 1pt;text-align:center;vertical-align:bottom""><span style=""color:#000000;font-family:'Times New Roman',serif;font-size:8pt;font-weight:700;line-height:100%"">2025</span></td><td colspan=""3"" style=""border-top:1pt solid #000;padding:0 1pt""></td><td colspan=""3"" style=""border-top:1pt solid #000;padding:2px 1pt;text-align:center;vertical-align:bottom""><span style=""color:#000000;font-family:'Times New Roman',serif;font-size:8pt;font-weight:700;line-height:100%"">2024</span></td></tr><tr style=""height:3pt""><td colspan=""3"" style=""padding:0 1pt""></td><td colspan=""3"" style=""border-top:1pt solid #000;padding:0 1pt""></td><td colspan=""3"" style=""padding:0 1pt""></td><td colspan=""3"" style=""border-top:1pt solid #000;padding:0 1pt""></td><td colspan=""3"" style=""padding:0 1pt""></td><td colspan=""3"" style=""border-top:1pt solid #000;padding:0 1pt""></td><td colspan=""3"" style=""padding:0 1pt""></td><td colspan=""3"" style=""border-top:1pt solid #000;padding:0 1pt""></td></tr><tr><td colspan=""3"" style=""padding:0 1pt""></td><td colspan=""21"" style=""padding:2px 1pt;text-align:center;vertical-align:middle""><span style=""color:#000000;font-family:'Times New Roman',serif;font-size:8pt;font-weight:700;line-height:100%"">(in thousands)</span></td></tr><tr><td colspan=""3"" style=""background-color:#cceeff;padding:2px 1pt;text-align:left;vertical-align:top""><span style=""color:#000000;font-family:'Times New Roman',serif;font-size:10pt;font-weight:700;line-height:100%"">Net investment income taxes</span></td><td colspan=""3"" style=""background-color:#cceeff;padding:0 1pt""></td><td colspan=""3"" style=""background-color:#cceeff;padding:0 1pt""></td><td colspan=""3"" style=""background-color:#cceeff;padding:0 1pt""></td><td colspan=""3"" style=""background-color:#cceeff;padding:0 1pt""></td><td colspan=""3"" style=""background-color:#cceeff;padding:0 1pt""></td><td colspan=""3"" style=""background-color:#cceeff;padding:0 1pt""></td><td colspan=""3"" style=""background-color:#cceeff;padding:0 1pt""></td></tr><tr><td colspan=""3"" style=""background-color:#ffffff;padding:2px 1pt;text-align:left;vertical-align:top""><span style=""color:#000000;font-family:'Times New Roman',serif;font-size:10pt;font-style:italic;font-weight:400;line-height:100%"">Current tax expense (benefit):</span></td><td colspan=""3"" style=""background-color:#ffffff;padding:0 1pt""></td><td colspan=""3"" style=""background-color:#ffffff;padding:0 1pt""></td><td colspan=""3"" style=""background-color:#ffffff;padding:0 1pt""></td><td colspan=""3"" style=""background-color:#ffffff;padding:0 1pt""></td><td colspan=""3"" style=""background-color:#ffffff;padding:0 1pt""></td><td colspan=""3"" style=""background-color:#ffffff;padding:0 1pt""></td><td colspan=""3"" style=""background-color:#ffffff;padding:0 1pt""></td></tr><tr><td colspan=""3"" style=""background-color:#cceeff;padding:2px 1pt;text-align:left;vertical-align:top""><span style=""color:#000000;font-family:'Times New Roman',serif;font-size:10pt;font-weight:400;line-height:100%"">Federal</span></td><td style=""background-color:#cceeff;padding:2px 0 2px 1pt;text-align:left;vertical-align:top""><span style=""color:#000000;font-family:'Times New Roman',serif;font-size:10pt;font-weight:400;line-height:100%"">$</span></td><td style=""background-color:#cceeff;padding:2px 0;text-align:right;vertical-align:top""><span style=""color:#000000;font-family:'Times New Roman',serif;font-size:10pt;font-weight:400;line-height:100%"">(38)</span></td><td style=""background-color:#cceeff;padding:2px 1pt 2px 0;text-align:right;vertical-align:top""></td><td colspan=""3"" style=""background-color:#cceeff;padding:0 1pt""></td><td style=""background-color:#cceeff;padding:2px 0 2px 1pt;text-align:left;vertical-align:top""><span style=""color:#000000;font-family:'Times New Roman',serif;font-size:10pt;font-weight:400;line-height:100%"">$</span></td><td style=""background-color:#cceeff;padding:2px 0;text-align:right;vertical-align:top""><span style=""color:#000000;font-family:'Times New Roman',serif;font-size:10pt;font-weight:400;line-height:100%"">761 </span></td><td style=""background-color:#cceeff;padding:2px 1pt 2px 0;text-align:right;vertical-align:top""></td><td colspan=""3"" style=""background-color:#cceeff;padding:0 1pt""></td><td style=""background-color:#cceeff;padding:2px 0 2px 1pt;text-align:left;vertical-align:top""><span style=""color:#000000;font-family:'Times New Roman',serif;font-size:10pt;font-weight:400;line-height:100%"">$</span></td><td style=""background-color:#cceeff;padding:2px 0;text-align:right;vertical-align:top""><span style=""color:#000000;font-family:'Times New Roman',serif;font-size:10pt;font-weight:400;line-height:100%"">80 </span></td><td style=""background-color:#cceeff;padding:2px 1pt 2px 0;text-align:right;vertical-align:top""></td><td colspan=""3"" style=""background-color:#cceeff;padding:0 1pt""></td><td style=""background-color:#cceeff;padding:2px 0 2px 1pt;text-align:left;vertical-align:top""><span style=""color:#000000;font-family:'Times New Roman',serif;font-size:10pt;font-weight:400;line-height:100%"">$</span></td><td style=""background-color:#cceeff;padding:2px 0;text-align:right;vertical-align:top""><span style=""color:#000000;font-family:'Times New Roman',serif;font-size:10pt;font-weight:400;line-height:100%"">940 </span></td><td style=""background-color:#cceeff;padding:2px 1pt 2px 0;text-align:right;vertical-align:top""></td></tr><tr><td colspan=""3"" style=""background-color:#ffffff;padding:2px 1pt;text-align:left;vertical-align:top""><div><span style=""color:#000000;font-family:'Times New Roman',serif;font-size:10pt;font-weight:400;line-height:100%"">State and other</span></div></td><td colspan=""2"" style=""background-color:#ffffff;padding:2px 0 2px 1pt;text-align:right;vertical-align:top""><span style=""color:#000000;font-family:'Times New Roman',serif;font-size:10pt;font-weight:400;line-height:100%"">108 </span></td><td style=""background-color:#ffffff;padding:2px 1pt 2px 0;text-align:right;vertical-align:top""></td><td colspan=""3"" style=""background-color:#ffffff;padding:0 1pt""></td><td colspan=""2"" style=""background-color:#ffffff;padding:2px 0 2px 1pt;text-align:right;vertical-align:top""><span style=""color:#000000;font-family:'Times New Roman',serif;font-size:10pt;font-weight:400;line-height:100%"">396 </span></td><td style=""background-color:#ffffff;padding:2px 1pt 2px 0;text-align:right;vertical-align:top""></td><td colspan=""3"" style=""background-color:#ffffff;padding:0 1pt""></td><td colspan=""2"" style=""background-color:#ffffff;padding:2px 0 2px 1pt;text-align:right;vertical-align:top""><span style=""color:#000000;font-family:'Times New Roman',serif;font-size:10pt;font-weight:400;line-height:100%"">449 </span></td><td style=""background-color:#ffffff;padding:2px 1pt 2px 0;text-align:right;vertical-align:top""></td><td colspan=""3"" style=""background-color:#ffffff;padding:0 1pt""></td><td colspan=""2"" style=""background-color:#ffffff;padding:2px 0 2px 1pt;text-align:right;vertical-align:top""><span style=""color:#000000;font-family:'Times New Roman',serif;font-size:10pt;font-weight:400;line-height:100%"">810 </span></td><td style=""background-color:#ffffff;padding:2px 1pt 2px 0;text-align:right;vertical-align:top""></td></tr><tr><td colspan=""3"" style=""background-color:#cceeff;padding:2px 1pt;text-align:left;vertical-align:top""><span style=""color:#000000;font-family:'Times New Roman',serif;font-size:10pt;font-weight:400;line-height:100%"">Excise</span></td><td colspan=""2"" style=""background-color:#cceeff;padding:2px 0 2px 1pt;text-align:right;vertical-align:top""><span style=""color:#000000;font-family:'Times New Roman',serif;font-size:10pt;font-weight:400;line-height:100%"">(39)</span></td><td style=""background-color:#cceeff;padding:2px 1pt 2px 0;text-align:right;vertical-align:top""></td><td colspan=""3"" style=""background-color:#cceeff;padding:0 1pt""></td><td colspan=""2"" style=""background-color:#cceeff;padding:2px 0 2px 1pt;text-align:right;vertical-align:top""><span style=""color:#000000;font-family:'Times New Roman',serif;font-size:10pt;font-weight:400;line-height:100%"">491 </span></td><td style=""background-color:#cceeff;padding:2px 1pt 2px 0;text-align:right;vertical-align:top""></td><td colspan=""3"" style=""background-color:#cceeff;padding:0 1pt""></td><td colspan=""2"" style=""background-color:#cceeff;padding:2px 0 2px 1pt;text-align:right;vertical-align:top""><span style=""color:#000000;font-family:'Times New Roman',serif;font-size:10pt;font-weight:400;line-height:100%"">240 </span></td><td style=""background-color:#cceeff;padding:2px 1pt 2px 0;text-align:right;vertical-align:top""></td><td colspan=""3"" style=""background-color:#cceeff;padding:0 1pt""></td><td colspan=""2"" style=""background-color:#cceeff;padding:2px 0 2px 1pt;text-align:right;vertical-align:top""><span style=""color:#000000;font-family:'Times New Roman',serif;font-size:10pt;font-weight:400;line-height:100%"">570 </span></td><td style=""background-color:#cceeff;padding:2px 1pt 2px 0;text-align:right;vertical-align:top""></td></tr><tr><td colspan=""3"" style=""background-color:#ffffff;padding:2px 1pt 2px 13pt;text-align:left;vertical-align:top""><span style=""color:#000000;font-family:'Times New Roman',serif;font-size:10pt;font-weight:400;line-height:100%"">Total current tax expense</span></td><td colspan=""2"" style=""background-color:#ffffff;border-top:1pt solid #000;padding:2px 0 2px 1pt;text-align:right;vertical-align:top""><span style=""color:#000000;font-family:'Times New Roman',serif;font-size:10pt;font-weight:400;line-height:100%"">31 </span></td><td style=""background-color:#ffffff;border-top:1pt solid #000;padding:2px 1pt 2px 0;text-align:right;vertical-align:top""></td><td colspan=""3"" style=""background-color:#ffffff;padding:0 1pt""></td><td colspan=""2"" style=""background-color:#ffffff;border-top:1pt solid #000;padding:2px 0 2px 1pt;text-align:right;vertical-align:top""><span style=""color:#000000;font-family:'Times New Roman',serif;font-size:10pt;font-weight:400;line-height:100%"">1,648 </span></td><td style=""background-color:#ffffff;border-top:1pt solid #000;padding:2px 1pt 2px 0;text-align:right;vertical-align:top""></td><td colspan=""3"" style=""background-color:#ffffff;padding:0 1pt""></td><td colspan=""2"" style=""background-color:#ffffff;border-top:1pt solid #000;padding:2px 0 2px 1pt;text-align:right;vertical-align:top""><span style=""color:#000000;font-family:'Times New Roman',serif;font-size:10pt;font-weight:400;line-height:100%"">769 </span></td><td style=""background-color:#ffffff;border-top:1pt solid #000;padding:2px 1pt 2px 0;text-align:right;vertical-align:top""></td><td colspan=""3"" style=""background-color:#ffffff;padding:0 1pt""></td><td colspan=""2"" style=""background-color:#ffffff;border-top:1pt solid #000;padding:2px 0 2px 1pt;text-align:right;vertical-align:top""><span style=""color:#000000;font-family:'Times New Roman',serif;font-size:10pt;font-weight:400;line-height:100%"">2,320 </span></td><td style=""background-color:#ffffff;border-top:1pt solid #000;padding:2px 1pt 2px 0;text-align:right;vertical-align:top""></td></tr><tr style=""height:12pt""><td colspan=""3"" style=""background-color:#cceeff;padding:0 1pt""></td><td colspan=""3"" style=""background-color:#cceeff;padding:0 1pt""></td><td colspan=""3"" style=""background-color:#cceeff;padding:0 1pt""></td><td colspan=""3"" style=""background-color:#cceeff;padding:0 1pt""></td><td colspan=""3"" style=""background-color:#cceeff;padding:0 1pt""></td><td colspan=""3"" style=""background-color:#cceeff;padding:0 1pt""></td><td colspan=""3"" style=""background-color:#cceeff;padding:0 1pt""></td><td colspan=""3"" style=""background-color:#cceeff;padding:0 1pt""></td></tr><tr><td colspan=""3"" style=""background-color:#ffffff;padding:2px 1pt;text-align:left;vertical-align:top""><span style=""color:#000000;font-family:'Times New Roman',serif;font-size:10pt;font-style:italic;font-weight:400;line-height:100%"">Deferred tax expense (benefit):</span></td><td colspan=""3"" style=""background-color:#ffffff;padding:0 1pt""></td><td colspan=""3"" style=""background-color:#ffffff;padding:0 1pt""></td><td colspan=""3"" style=""background-color:#ffffff;padding:0 1pt""></td><td colspan=""3"" style=""background-color:#ffffff;padding:0 1pt""></td><td colspan=""3"" style=""background-color:#ffffff;padding:0 1pt""></td><td colspan=""3"" style=""background-color:#ffffff;padding:0 1pt""></td><td colspan=""3"" style=""background-color:#ffffff;padding:0 1pt""></td></tr><tr><td colspan=""3"" style=""background-color:#cceeff;padding:2px 1pt;text-align:left;vertical-align:top""><span style=""color:#000000;font-family:'Times New Roman',serif;font-size:10pt;font-weight:400;line-height:100%"">Federal</span></td><td colspan=""2"" style=""background-color:#cceeff;padding:2px 0 2px 1pt;text-align:right;vertical-align:top""><span style=""color:#000000;font-family:'Times New Roman',serif;font-size:10pt;font-weight:400;line-height:100%"">474 </span></td><td style=""background-color:#cceeff;padding:2px 1pt 2px 0;text-align:right;vertical-align:top""></td><td colspan=""3"" style=""background-color:#cceeff;padding:0 1pt""></td><td colspan=""2"" style=""background-color:#cceeff;padding:2px 0 2px 1pt;text-align:right;vertical-align:top""><span style=""color:#000000;font-family:'Times New Roman',serif;font-size:10pt;font-weight:400;line-height:100%"">(245)</span></td><td style=""background-color:#cceeff;padding:2px 1pt 2px 0;text-align:right;vertical-align:top""></td><td colspan=""3"" style=""background-color:#cceeff;padding:0 1pt""></td><td colspan=""2"" style=""background-color:#cceeff;padding:2px 0 2px 1pt;text-align:right;vertical-align:top""><span style=""color:#000000;font-family:'Times New Roman',serif;font-size:10pt;font-weight:400;line-height:100%"">1,716 </span></td><td style=""background-color:#cceeff;padding:2px 1pt 2px 0;text-align:right;vertical-align:top""></td><td colspan=""3"" style=""background-color:#cceeff;padding:0 1pt""></td><td colspan=""2"" style=""background-color:#cceeff;padding:2px 0 2px 1pt;text-align:right;vertical-align:top""><span style=""color:#000000;font-family:'Times New Roman',serif;font-size:10pt;font-weight:400;line-height:100%"">500 </span></td><td style=""background-color:#cceeff;padding:2px 1pt 2px 0;text-align:right;vertical-align:top""></td></tr><tr><td colspan=""3"" style=""background-color:#ffffff;padding:2px 1pt;text-align:left;vertical-align:top""><div><span style=""color:#000000;font-family:'Times New Roman',serif;font-size:10pt;font-weight:400;line-height:100%"">State and other</span></div></td><td colspan=""2"" style=""background-color:#ffffff;padding:2px 0 2px 1pt;text-align:right;vertical-align:top""><span style=""color:#000000;font-family:'Times New Roman',serif;font-size:10pt;font-weight:400;line-height:100%"">(52)</span></td><td style=""background-color:#ffffff;padding:2px 1pt 2px 0;text-align:right;vertical-align:top""></td><td colspan=""3"" style=""background-color:#ffffff;padding:0 1pt""></td><td colspan=""2"" style=""background-color:#ffffff;padding:2px 0 2px 1pt;text-align:right;vertical-align:top""><span style=""color:#000000;font-family:'Times New Roman',serif;font-size:10pt;font-weight:400;line-height:100%"">(137)</span></td><td style=""background-color:#ffffff;padding:2px 1pt 2px 0;text-align:right;vertical-align:top""></td><td colspan=""3"" style=""background-color:#ffffff;padding:0 1pt""></td><td colspan=""2"" style=""background-color:#ffffff;padding:2px 0 2px 1pt;text-align:right;vertical-align:top""><span style=""color:#000000;font-family:'Times New Roman',serif;font-size:10pt;font-weight:400;line-height:100%"">8 </span></td><td style=""background-color:#ffffff;padding:2px 1pt 2px 0;text-align:right;vertical-align:top""></td><td colspan=""3"" style=""background-color:#ffffff;padding:0 1pt""></td><td colspan=""2"" style=""background-color:#ffffff;padding:2px 0 2px 1pt;text-align:right;vertical-align:top""><span style=""color:#000000;font-family:'Times New Roman',serif;font-size:10pt;font-weight:400;line-height:100%"">(49)</span></td><td style=""background-color:#ffffff;padding:2px 1pt 2px 0;text-align:right;vertical-align:top""></td></tr><tr><td colspan=""3"" style=""background-color:#cceeff;padding:2px 1pt 2px 13pt;text-align:left;vertical-align:top""><span style=""color:#000000;font-family:'Times New Roman',serif;font-size:10pt;font-weight:400;line-height:100%"">Total deferred tax expense (benefit)</span></td><td colspan=""2"" style=""background-color:#cceeff;border-top:1pt solid #000;padding:2px 0 2px 1pt;text-align:right;vertical-align:top""><span style=""color:#000000;font-family:'Times New Roman',serif;font-size:10pt;font-weight:400;line-height:100%"">422 </span></td><td style=""background-color:#cceeff;border-top:1pt solid #000;padding:2px 1pt 2px 0;text-align:right;vertical-align:top""></td><td colspan=""3"" style=""background-color:#cceeff;padding:0 1pt""></td><td colspan=""2"" style=""background-color:#cceeff;border-top:1pt solid #000;padding:2px 0 2px 1pt;text-align:right;vertical-align:top""><span style=""color:#000000;font-family:'Times New Roman',serif;font-size:10pt;font-weight:400;line-height:100%"">(382)</span></td><td style=""background-color:#cceeff;border-top:1pt solid #000;padding:2px 1pt 2px 0;text-align:right;vertical-align:top""></td><td colspan=""3"" style=""background-color:#cceeff;padding:0 1pt""></td><td colspan=""2"" style=""background-color:#cceeff;border-top:1pt solid #000;padding:2px 0 2px 1pt;text-align:right;vertical-align:top""><span style=""color:#000000;font-family:'Times New Roman',serif;font-size:10pt;font-weight:400;line-height:100%"">1,724 </span></td><td style=""background-color:#cceeff;border-top:1pt solid #000;padding:2px 1pt 2px 0;text-align:right;vertical-align:top""></td><td colspan=""3"" style=""background-color:#cceeff;padding:0 1pt""></td><td colspan=""2"" style=""background-color:#cceeff;border-top:1pt solid #000;padding:2px 0 2px 1pt;text-align:right;vertical-align:top""><span style=""color:#000000;font-family:'Times New Roman',serif;font-size:10pt;font-weight:400;line-height:100%"">451 </span></td><td style=""background-color:#cceeff;border-top:1pt solid #000;padding:2px 1pt 2px 0;text-align:right;vertical-align:top""></td></tr><tr style=""height:12pt""><td colspan=""3"" style=""background-color:#ffffff;padding:0 1pt""></td><td colspan=""3"" style=""background-color:#ffffff;padding:0 1pt""></td><td colspan=""3"" style=""background-color:#ffffff;padding:0 1pt""></td><td colspan=""3"" style=""background-color:#ffffff;padding:0 1pt""></td><td colspan=""3"" style=""background-color:#ffffff;padding:0 1pt""></td><td colspan=""3"" style=""background-color:#ffffff;padding:0 1pt""></td><td colspan=""3"" style=""background-color:#ffffff;padding:0 1pt""></td><td colspan=""3"" style=""background-color:#ffffff;padding:0 1pt""></td></tr><tr><td colspan=""3"" style=""background-color:#cceeff;padding:2px 1pt 2px 13pt;text-align:left;vertical-align:top""><span style=""color:#000000;font-family:'Times New Roman',serif;font-size:10pt;font-weight:400;line-height:100%"">Total net investment income tax provision</span></td><td style=""background-color:#cceeff;border-top:1pt solid #000;padding:2px 0 2px 1pt;text-align:left;vertical-align:top""><span style=""color:#000000;font-family:'Times New Roman',serif;font-size:10pt;font-weight:400;line-height:100%"">$</span></td><td style=""background-color:#cceeff;border-top:1pt solid #000;padding:2px 0;text-align:right;vertical-align:top""><span style=""color:#000000;font-family:'Times New Roman',serif;font-size:10pt;font-weight:400;line-height:100%"">453 </span></td><td style=""background-color:#cceeff;border-top:1pt solid #000;padding:2px 1pt 2px 0;text-align:right;vertical-align:top""></td><td colspan=""3"" style=""background-color:#cceeff;padding:0 1pt""></td><td style=""background-color:#cceeff;border-top:1pt solid #000;padding:2px 0 2px 1pt;text-align:left;vertical-align:top""><span style=""color:#000000;font-family:'Times New Roman',serif;font-size:10pt;font-weight:400;line-height:100%"">$</span></td><td style=""background-color:#cceeff;border-top:1pt solid #000;padding:2px 0;text-align:right;vertical-align:top""><span style=""color:#000000;font-family:'Times New Roman',serif;font-size:10pt;font-weight:400;line-height:100%"">1,266 </span></td><td style=""background-color:#cceeff;border-top:1pt solid #000;padding:2px 1pt 2px 0;text-align:right;vertical-align:top""></td><td colspan=""3"" style=""background-color:#cceeff;padding:0 1pt""></td><td style=""background-color:#cceeff;border-top:1pt solid #000;padding:2px 0 2px 1pt;text-align:left;vertical-align:top""><span style=""color:#000000;font-family:'Times New Roman',serif;font-size:10pt;font-weight:400;line-height:100%"">$</span></td><td style=""background-color:#cceeff;border-top:1pt solid #000;padding:2px 0;text-align:right;vertical-align:top""><span style=""color:#000000;font-family:'Times New Roman',serif;font-size:10pt;font-weight:400;line-height:100%"">2,493 </span></td><td style=""background-color:#cceeff;border-top:1pt solid #000;padding:2px 1pt 2px 0;text-align:right;vertical-align:top""></td><td colspan=""3"" style=""background-color:#cceeff;padding:0 1pt""></td><td style=""background-color:#cceeff;border-top:1pt solid #000;padding:2px 0 2px 1pt;text-align:left;vertical-align:top""><span style=""color:#000000;font-family:'Times New Roman',serif;font-size:10pt;font-weight:400;line-height:100%"">$</span></td><td style=""background-color:#cceeff;border-top:1pt solid #000;padding:2px 0;text-align:right;vertical-align:top""><span style=""color:#000000;font-family:'Times New Roman',serif;font-size:10pt;font-weight:400;line-height:100%"">2,771 </span></td><td style=""background-color:#cceeff;border-top:1pt solid #000;padding:2px 1pt 2px 0;text-align:right;vertical-align:top""></td></tr><tr style=""height:12pt""><td colspan=""3"" style=""background-color:#ffffff;padding:0 1pt""></td><td colspan=""3"" style=""background-color:#ffffff;border-top:3pt double #000;padding:0 1pt""></td><td colspan=""3"" style=""background-color:#ffffff;padding:0 1pt""></td><td colspan=""3"" style=""background-color:#ffffff;border-top:3pt double #000;padding:0 1pt""></td><td colspan=""3"" style=""background-color:#ffffff;padding:0 1pt""></td><td colspan=""3"" style=""background-color:#ffffff;border-top:3pt double #000;padding:0 1pt""></td><td colspan=""3"" style=""background-color:#ffffff;padding:0 1pt""></td><td colspan=""3"" style=""background-color:#ffffff;border-top:3pt double #000;padding:0 1pt""></td></tr><tr><td colspan=""3"" style=""background-color:#cceeff;padding:2px 1pt;text-align:left;vertical-align:top""><span style=""color:#000000;font-family:'Times New Roman',serif;font-size:10pt;font-weight:700;line-height:100%"">Investment valuation related taxes</span></td><td colspan=""3"" style=""background-color:#cceeff;padding:0 1pt""></td><td colspan=""3"" style=""background-color:#cceeff;padding:0 1pt""></td><td colspan=""3"" style=""background-color:#cceeff;padding:0 1pt""></td><td colspan=""3"" style=""background-color:#cceeff;padding:0 1pt""></td><td colspan=""3"" style=""background-color:#cceeff;padding:0 1pt""></td><td colspan=""3"" style=""background-color:#cceeff;padding:0 1pt""></td><td colspan=""3"" style=""background-color:#cceeff;padding:0 1pt""></td></tr><tr><td colspan=""3"" style=""background-color:#ffffff;padding:2px 1pt;text-align:left;vertical-align:top""><span style=""color:#000000;font-family:'Times New Roman',serif;font-size:10pt;font-style:italic;font-weight:400;line-height:100%"">Current tax expense:</span></td><td colspan=""3"" style=""background-color:#ffffff;padding:0 1pt""></td><td colspan=""3"" style=""background-color:#ffffff;padding:0 1pt""></td><td colspan=""3"" style=""background-color:#ffffff;padding:0 1pt""></td><td colspan=""3"" style=""background-color:#ffffff;padding:0 1pt""></td><td colspan=""3"" style=""background-color:#ffffff;padding:0 1pt""></td><td colspan=""3"" style=""background-color:#ffffff;padding:0 1pt""></td><td colspan=""3"" style=""background-color:#ffffff;padding:0 1pt""></td></tr><tr><td colspan=""3"" style=""background-color:#cceeff;padding:2px 1pt;text-align:left;vertical-align:top""><span style=""color:#000000;font-family:'Times New Roman',serif;font-size:10pt;font-weight:400;line-height:100%"">Federal</span></td><td style=""background-color:#cceeff;padding:2px 0 2px 1pt;text-align:left;vertical-align:top""><span style=""color:#000000;font-family:'Times New Roman',serif;font-size:10pt;font-weight:400;line-height:100%"">$</span></td><td style=""background-color:#cceeff;padding:2px 0;text-align:right;vertical-align:top""><span style=""color:#000000;font-family:'Times New Roman',serif;font-size:10pt;font-weight:400;line-height:100%"">— </span></td><td style=""background-color:#cceeff;padding:2px 1pt 2px 0;text-align:right;vertical-align:top""></td><td colspan=""3"" style=""background-color:#cceeff;padding:0 1pt""></td><td style=""background-color:#cceeff;padding:2px 0 2px 1pt;text-align:left;vertical-align:top""><span style=""color:#000000;font-family:'Times New Roman',serif;font-size:10pt;font-weight:400;line-height:100%"">$</span></td><td style=""background-color:#cceeff;padding:2px 0;text-align:right;vertical-align:top""><span style=""color:#000000;font-family:'Times New Roman',serif;font-size:10pt;font-weight:400;line-height:100%"">— </span></td><td style=""background-color:#cceeff;padding:2px 1pt 2px 0;text-align:right;vertical-align:top""></td><td colspan=""3"" style=""background-color:#cceeff;padding:0 1pt""></td><td style=""background-color:#cceeff;padding:2px 0 2px 1pt;text-align:left;vertical-align:top""><span style=""color:#000000;font-family:'Times New Roman',serif;font-size:10pt;font-weight:400;line-height:100%"">$</span></td><td style=""background-color:#cceeff;padding:2px 0;text-align:right;vertical-align:top""><span style=""color:#000000;font-family:'Times New Roman',serif;font-size:10pt;font-weight:400;line-height:100%"">— </span></td><td style=""background-color:#cceeff;padding:2px 1pt 2px 0;text-align:right;vertical-align:top""></td><td colspan=""3"" style=""background-color:#cceeff;padding:0 1pt""></td><td style=""background-color:#cceeff;padding:2px 0 2px 1pt;text-align:left;vertical-align:top""><span style=""color:#000000;font-family:'Times New Roman',serif;font-size:10pt;font-weight:400;line-height:100%"">$</span></td><td style=""background-color:#cceeff;padding:2px 0;text-align:right;vertical-align:top""><span style=""color:#000000;font-family:'Times New Roman',serif;font-size:10pt;font-weight:400;line-height:100%"">205 </span></td><td style=""background-color:#cceeff;padding:2px 1pt 2px 0;text-align:right;vertical-align:top""></td></tr><tr><td colspan=""3"" style=""display:none""></td><td colspan=""3"" style=""display:none""></td><td colspan=""3"" style=""display:none""></td><td colspan=""3"" style=""display:none""></td><td colspan=""3"" style=""display:none""></td><td colspan=""3"" style=""display:none""></td><td colspan=""3"" style=""display:none""></td><td colspan=""3"" style=""display:none""></td></tr><tr><td colspan=""3"" style=""display:none""></td><td colspan=""3"" style=""display:none""></td><td colspan=""3"" style=""display:none""></td><td colspan=""3"" style=""display:none""></td><td colspan=""3"" style=""display:none""></td><td colspan=""3"" style=""display:none""></td><td colspan=""3"" style=""display:none""></td><td colspan=""3"" style=""display:none""></td></tr><tr><td colspan=""3"" style=""background-color:#ffffff;padding:2px 1pt 2px 10pt;text-align:left;vertical-align:top""><span style=""color:#000000;font-family:'Times New Roman',serif;font-size:10pt;font-weight:400;line-height:100%"">Total current tax expense</span></td><td colspan=""2"" style=""background-color:#ffffff;border-top:1pt solid #000;padding:2px 0 2px 1pt;text-align:right;vertical-align:top""><span style=""color:#000000;font-family:'Times New Roman',serif;font-size:10pt;font-weight:400;line-height:100%"">— </span></td><td style=""background-color:#ffffff;border-top:1pt solid #000;padding:2px 1pt 2px 0;text-align:right;vertical-align:top""></td><td colspan=""3"" style=""background-color:#ffffff;padding:0 1pt""></td><td colspan=""2"" style=""background-color:#ffffff;border-top:1pt solid #000;padding:2px 0 2px 1pt;text-align:right;vertical-align:top""><span style=""color:#000000;font-family:'Times New Roman',serif;font-size:10pt;font-weight:400;line-height:100%"">— </span></td><td style=""background-color:#ffffff;border-top:1pt solid #000;padding:2px 1pt 2px 0;text-align:right;vertical-align:top""></td><td colspan=""3"" style=""background-color:#ffffff;padding:0 1pt""></td><td colspan=""2"" style=""background-color:#ffffff;border-top:1pt solid #000;padding:2px 0 2px 1pt;text-align:right;vertical-align:top""><span style=""color:#000000;font-family:'Times New Roman',serif;font-size:10pt;font-weight:400;line-height:100%"">— </span></td><td style=""background-color:#ffffff;border-top:1pt solid #000;padding:2px 1pt 2px 0;text-align:right;vertical-align:top""></td><td colspan=""3"" style=""background-color:#ffffff;border-top:1pt solid #000;padding:0 1pt""></td><td colspan=""2"" style=""background-color:#ffffff;border-top:1pt solid #000;padding:2px 0 2px 1pt;text-align:right;vertical-align:top""><span style=""color:#000000;font-family:'Times New Roman',serif;font-size:10pt;font-weight:400;line-height:100%"">205 </span></td><td style=""background-color:#ffffff;border-top:1pt solid #000;padding:2px 1pt 2px 0;text-align:right;vertical-align:top""></td></tr><tr style=""height:12pt""><td colspan=""3"" style=""background-color:#cceeff;padding:0 1pt""></td><td colspan=""3"" style=""background-color:#cceeff;padding:0 1pt""></td><td colspan=""3"" style=""background-color:#cceeff;padding:0 1pt""></td><td colspan=""3"" style=""background-color:#cceeff;padding:0 1pt""></td><td colspan=""3"" style=""background-color:#cceeff;padding:0 1pt""></td><td colspan=""3"" style=""background-color:#cceeff;padding:0 1pt""></td><td colspan=""3"" style=""background-color:#cceeff;padding:0 1pt""></td><td colspan=""3"" style=""background-color:#cceeff;padding:0 1pt""></td></tr><tr><td colspan=""3"" style=""background-color:#ffffff;padding:2px 1pt;text-align:left;vertical-align:top""><span style=""color:#000000;font-family:'Times New Roman',serif;font-size:10pt;font-style:italic;font-weight:400;line-height:100%"">Deferred tax expense (benefit):</span></td><td colspan=""3"" style=""background-color:#ffffff;padding:0 1pt""></td><td colspan=""3"" style=""background-color:#ffffff;padding:0 1pt""></td><td colspan=""3"" style=""background-color:#ffffff;padding:0 1pt""></td><td colspan=""3"" style=""background-color:#ffffff;padding:0 1pt""></td><td colspan=""3"" style=""background-color:#ffffff;padding:0 1pt""></td><td colspan=""3"" style=""background-color:#ffffff;padding:0 1pt""></td><td colspan=""3"" style=""background-color:#ffffff;padding:0 1pt""></td></tr><tr><td colspan=""3"" style=""background-color:#cceeff;padding:2px 1pt;text-align:left;vertical-align:top""><span style=""color:#000000;font-family:'Times New Roman',serif;font-size:10pt;font-weight:400;line-height:100%"">Federal</span></td><td colspan=""2"" style=""background-color:#cceeff;padding:2px 0 2px 1pt;text-align:right;vertical-align:top""><span style=""color:#000000;font-family:'Times New Roman',serif;font-size:10pt;font-weight:400;line-height:100%"">1,051 </span></td><td style=""background-color:#cceeff;padding:2px 1pt 2px 0;text-align:right;vertical-align:top""></td><td colspan=""3"" style=""background-color:#cceeff;padding:0 1pt""></td><td colspan=""2"" style=""background-color:#cceeff;padding:2px 0 2px 1pt;text-align:right;vertical-align:top""><span style=""color:#000000;font-family:'Times New Roman',serif;font-size:10pt;font-weight:400;line-height:100%"">898 </span></td><td style=""background-color:#cceeff;padding:2px 1pt 2px 0;text-align:right;vertical-align:top""></td><td colspan=""3"" style=""background-color:#cceeff;padding:0 1pt""></td><td colspan=""2"" style=""background-color:#cceeff;padding:2px 0 2px 1pt;text-align:right;vertical-align:top""><span style=""color:#000000;font-family:'Times New Roman',serif;font-size:10pt;font-weight:400;line-height:100%"">(362)</span></td><td style=""background-color:#cceeff;padding:2px 1pt 2px 0;text-align:right;vertical-align:top""></td><td colspan=""3"" style=""background-color:#cceeff;padding:0 1pt""></td><td colspan=""2"" style=""background-color:#cceeff;padding:2px 0 2px 1pt;text-align:right;vertical-align:top""><span style=""color:#000000;font-family:'Times New Roman',serif;font-size:10pt;font-weight:400;line-height:100%"">2,895 </span></td><td style=""background-color:#cceeff;padding:2px 1pt 2px 0;text-align:right;vertical-align:top""></td></tr><tr><td colspan=""3"" style=""background-color:#ffffff;padding:2px 1pt;text-align:left;vertical-align:top""><span style=""color:#000000;font-family:'Times New Roman',serif;font-size:10pt;font-weight:400;line-height:100%"">State and other</span></td><td colspan=""2"" style=""background-color:#ffffff;padding:2px 0 2px 1pt;text-align:right;vertical-align:top""><span style=""color:#000000;font-family:'Times New Roman',serif;font-size:10pt;font-weight:400;line-height:100%"">150 </span></td><td style=""background-color:#ffffff;padding:2px 1pt 2px 0;text-align:right;vertical-align:top""></td><td colspan=""3"" style=""background-color:#ffffff;padding:0 1pt""></td><td colspan=""2"" style=""background-color:#ffffff;padding:2px 0 2px 1pt;text-align:right;vertical-align:top""><span style=""color:#000000;font-family:'Times New Roman',serif;font-size:10pt;font-weight:400;line-height:100%"">270 </span></td><td style=""background-color:#ffffff;padding:2px 1pt 2px 0;text-align:right;vertical-align:top""></td><td colspan=""3"" style=""background-color:#ffffff;padding:0 1pt""></td><td colspan=""2"" style=""background-color:#ffffff;padding:2px 0 2px 1pt;text-align:right;vertical-align:top""><span style=""color:#000000;font-family:'Times New Roman',serif;font-size:10pt;font-weight:400;line-height:100%"">45 </span></td><td style=""background-color:#ffffff;padding:2px 1pt 2px 0;text-align:right;vertical-align:top""></td><td colspan=""3"" style=""background-color:#ffffff;padding:0 1pt""></td><td colspan=""2"" style=""background-color:#ffffff;padding:2px 0 2px 1pt;text-align:right;vertical-align:top""><span style=""color:#000000;font-family:'Times New Roman',serif;font-size:10pt;font-weight:400;line-height:100%"">279 </span></td><td style=""background-color:#ffffff;padding:2px 1pt 2px 0;text-align:right;vertical-align:top""></td></tr><tr><td colspan=""3"" style=""background-color:#cceeff;padding:2px 1pt 2px 10pt;text-align:left;vertical-align:top""><span style=""color:#000000;font-family:'Times New Roman',serif;font-size:10pt;font-weight:400;line-height:100%"">Total deferred tax expense (benefit)</span></td><td colspan=""2"" style=""background-color:#cceeff;border-top:1pt solid #000;padding:2px 0 2px 1pt;text-align:right;vertical-align:top""><span style=""color:#000000;font-family:'Times New Roman',serif;font-size:10pt;font-weight:400;line-height:100%"">1,201 </span></td><td style=""background-color:#cceeff;border-top:1pt solid #000;padding:2px 1pt 2px 0;text-align:right;vertical-align:top""></td><td colspan=""3"" style=""background-color:#cceeff;padding:0 1pt""></td><td colspan=""2"" style=""background-color:#cceeff;border-top:1pt solid #000;padding:2px 0 2px 1pt;text-align:right;vertical-align:top""><span style=""color:#000000;font-family:'Times New Roman',serif;font-size:10pt;font-weight:400;line-height:100%"">1,168 </span></td><td style=""background-color:#cceeff;border-top:1pt solid #000;padding:2px 1pt 2px 0;text-align:right;vertical-align:top""></td><td colspan=""3"" style=""background-color:#cceeff;padding:0 1pt""></td><td colspan=""2"" style=""background-color:#cceeff;border-top:1pt solid #000;padding:2px 0 2px 1pt;text-align:right;vertical-align:top""><span style=""color:#000000;font-family:'Times New Roman',serif;font-size:10pt;font-weight:400;line-height:100%"">(317)</span></td><td style=""background-color:#cceeff;border-top:1pt solid #000;padding:2px 1pt 2px 0;text-align:right;vertical-align:top""></td><td colspan=""3"" style=""background-color:#cceeff;padding:0 1pt""></td><td colspan=""2"" style=""background-color:#cceeff;border-top:1pt solid #000;padding:2px 0 2px 1pt;text-align:right;vertical-align:top""><span style=""color:#000000;font-family:'Times New Roman',serif;font-size:10pt;font-weight:400;line-height:100%"">3,174 </span></td><td style=""background-color:#cceeff;border-top:1pt solid #000;padding:2px 1pt 2px 0;text-align:right;vertical-align:top""></td></tr><tr style=""height:12pt""><td colspan=""3"" style=""background-color:#ffffff;padding:0 1pt""></td><td colspan=""3"" style=""background-color:#ffffff;padding:0 1pt""></td><td colspan=""3"" style=""background-color:#ffffff;padding:0 1pt""></td><td colspan=""3"" style=""background-color:#ffffff;padding:0 1pt""></td><td colspan=""3"" style=""background-color:#ffffff;padding:0 1pt""></td><td colspan=""3"" style=""background-color:#ffffff;padding:0 1pt""></td><td colspan=""3"" style=""background-color:#ffffff;padding:0 1pt""></td><td colspan=""3"" style=""background-color:#ffffff;padding:0 1pt""></td></tr><tr><td colspan=""3"" style=""background-color:#cceeff;padding:2px 1pt 2px 10pt;text-align:left;vertical-align:top""><span style=""color:#000000;font-family:'Times New Roman',serif;font-size:10pt;font-weight:400;line-height:100%"">Total investment valuation related income tax provision (benefit)</span></td><td style=""background-color:#cceeff;border-top:1pt solid #000;padding:2px 0 2px 1pt;text-align:left;vertical-align:bottom""><span style=""color:#000000;font-family:'Times New Roman',serif;font-size:10pt;font-weight:400;line-height:100%"">$</span></td><td style=""background-color:#cceeff;border-top:1pt solid #000;padding:2px 0;text-align:right;vertical-align:bottom""><span style=""color:#000000;font-family:'Times New Roman',serif;font-size:10pt;font-weight:400;line-height:100%"">1,201 </span></td><td style=""background-color:#cceeff;border-top:1pt solid #000;padding:2px 1pt 2px 0;text-align:right;vertical-align:bottom""></td><td colspan=""3"" style=""background-color:#cceeff;padding:0 1pt""></td><td style=""background-color:#cceeff;border-top:1pt solid #000;padding:2px 0 2px 1pt;text-align:left;vertical-align:bottom""><span style=""color:#000000;font-family:'Times New Roman',serif;font-size:10pt;font-weight:400;line-height:100%"">$</span></td><td style=""background-color:#cceeff;border-top:1pt solid #000;padding:2px 0;text-align:right;vertical-align:bottom""><span style=""color:#000000;font-family:'Times New Roman',serif;font-size:10pt;font-weight:400;line-height:100%"">1,168 </span></td><td style=""background-color:#cceeff;border-top:1pt solid #000;padding:2px 1pt 2px 0;text-align:right;vertical-align:bottom""></td><td colspan=""3"" style=""background-color:#cceeff;padding:0 1pt""></td><td style=""background-color:#cceeff;border-top:1pt solid #000;padding:2px 0 2px 1pt;text-align:left;vertical-align:bottom""><span style=""color:#000000;font-family:'Times New Roman',serif;font-size:10pt;font-weight:400;line-height:100%"">$</span></td><td style=""background-color:#cceeff;border-top:1pt solid #000;padding:2px 0;text-align:right;vertical-align:bottom""><span style=""color:#000000;font-family:'Times New Roman',serif;font-size:10pt;font-weight:400;line-height:100%"">(317)</span></td><td style=""background-color:#cceeff;border-top:1pt solid #000;padding:2px 1pt 2px 0;text-align:right;vertical-align:bottom""></td><td colspan=""3"" style=""background-color:#cceeff;padding:0 1pt""></td><td style=""background-color:#cceeff;border-top:1pt solid #000;padding:2px 0 2px 1pt;text-align:left;vertical-align:bottom""><span style=""color:#000000;font-family:'Times New Roman',serif;font-size:10pt;font-weight:400;line-height:100%"">$</span></td><td style=""background-color:#cceeff;border-top:1pt solid #000;padding:2px 0;text-align:right;vertical-align:bottom""><span style=""color:#000000;font-family:'Times New Roman',serif;font-size:10pt;font-weight:400;line-height:100%"">3,379 </span></td><td style=""background-color:#cceeff;border-top:1pt solid #000;padding:2px 1pt 2px 0;text-align:right;vertical-align:bottom""></td></tr><tr style=""height:12pt""><td colspan=""3"" style=""background-color:#ffffff;padding:0 1pt""></td><td colspan=""3"" style=""background-color:#ffffff;border-top:1pt solid #000;padding:0 1pt""></td><td colspan=""3"" style=""background-color:#ffffff;padding:0 1pt""></td><td colspan=""3"" style=""background-color:#ffffff;border-top:1pt solid #000;padding:0 1pt""></td><td colspan=""3"" style=""background-color:#ffffff;padding:0 1pt""></td><td colspan=""3"" style=""background-color:#ffffff;border-top:1pt solid #000;padding:0 1pt""></td><td colspan=""3"" style=""background-color:#ffffff;padding:0 1pt""></td><td colspan=""3"" style=""background-color:#ffffff;border-top:1pt solid #000;padding:0 1pt""></td></tr><tr><td colspan=""3"" style=""background-color:#cceeff;padding:2px 1pt;text-align:left;vertical-align:top""><span style=""color:#000000;font-family:'Times New Roman',serif;font-size:10pt;font-weight:700;line-height:100%"">Total income tax provision</span></td><td style=""background-color:#cceeff;border-bottom:3pt double #000;border-top:1pt solid #000;padding:2px 0 2px 1pt;text-align:left;vertical-align:top""><span style=""color:#000000;font-family:'Times New Roman',serif;font-size:10pt;font-weight:400;line-height:100%"">$</span></td><td style=""background-color:#cceeff;border-bottom:3pt double #000;border-top:1pt solid #000;padding:2px 0;text-align:right;vertical-align:top""><span style=""color:#000000;font-family:'Times New Roman',serif;font-size:10pt;font-weight:400;line-height:100%"">1,654 </span></td><td style=""background-color:#cceeff;border-bottom:3pt double #000;border-top:1pt solid #000;padding:2px 1pt 2px 0;text-align:right;vertical-align:top""></td><td colspan=""3"" style=""background-color:#cceeff;padding:0 1pt""></td><td style=""background-color:#cceeff;border-bottom:3pt double #000;border-top:1pt solid #000;padding:2px 0 2px 1pt;text-align:left;vertical-align:top""><span style=""color:#000000;font-family:'Times New Roman',serif;font-size:10pt;font-weight:400;line-height:100%"">$</span></td><td style=""background-color:#cceeff;border-bottom:3pt double #000;border-top:1pt solid #000;padding:2px 0;text-align:right;vertical-align:top""><span style=""color:#000000;font-family:'Times New Roman',serif;font-size:10pt;font-weight:400;line-height:100%"">2,434 </span></td><td style=""background-color:#cceeff;border-bottom:3pt double #000;border-top:1pt solid #000;padding:2px 1pt 2px 0;text-align:right;vertical-align:top""></td><td colspan=""3"" style=""background-color:#cceeff;padding:0 1pt""></td><td style=""background-color:#cceeff;border-bottom:3pt double #000;border-top:1pt solid #000;padding:2px 0 2px 1pt;text-align:left;vertical-align:top""><span style=""color:#000000;font-family:'Times New Roman',serif;font-size:10pt;font-weight:400;line-height:100%"">$</span></td><td style=""background-color:#cceeff;border-bottom:3pt double #000;border-top:1pt solid #000;padding:2px 0;text-align:right;vertical-align:top""><span style=""color:#000000;font-family:'Times New Roman',serif;font-size:10pt;font-weight:400;line-height:100%"">2,176 </span></td><td style=""background-color:#cceeff;border-bottom:3pt double #000;border-top:1pt solid #000;padding:2px 1pt 2px 0;text-align:right;vertical-align:top""></td><td colspan=""3"" style=""background-color:#cceeff;padding:0 1pt""></td><td style=""background-color:#cceeff;border-bottom:3pt double #000;border-top:1pt solid #000;padding:2px 0 2px 1pt;text-align:left;vertical-align:top""><span style=""color:#000000;font-family:'Times New Roman',serif;font-size:10pt;font-weight:400;line-height:100%"">$</span></td><td style=""background-color:#cceeff;border-bottom:3pt double #000;border-top:1pt solid #000;padding:2px 0;text-align:right;vertical-align:top""><span style=""color:#000000;font-family:'Times New Roman',serif;font-size:10pt;font-weight:400;line-height:100%"">6,150 </span></td><td style=""background-color:#cceeff;border-bottom:3pt double #000;border-top:1pt solid #000;padding:2px 1pt 2px 0;text-align:right;vertical-align:top""></td></tr></table></div>The net deferred tax liability as of September 30, 2025 was $0.8 million and the net deferred tax asset as of December 31, 2024 was $0.6 million, with the change primarily related to changes in net unrealized appreciation or depreciation, changes in loss carryforwards and other temporary book-tax differences relating to portfolio investments held by the Taxable Subsidiaries. As of September 30, 2025, for U.S. federal income tax purposes, the Taxable Subsidiaries had a net operating loss carryforward, which is not subject to expiration and will carryforward indefinitely until utilized. The Taxable Subsidiaries have net capital loss carryforwards from prior years which, if unused, will expire in various taxable years 2025 through 2029. Additionally, the Taxable Subsidiaries have interest expense limitation carryforwards which have an indefinite carryforward period.",c-1,,,,,,False,DividendDistributionsIncomeTaxDisclosureTextBlock,
MSIF,2025-11-14,income_statement,income_statement,FederalIncomeTaxNoteTextBlock,FederalIncomeTaxNoteTextBlock,"<div style=""margin-bottom:6pt;text-indent:36pt""><span style=""color:#000000;font-family:'Times New Roman',serif;font-size:10pt;font-weight:400;line-height:120%"">Listed below is a reconciliation of “Net increase in net assets resulting from operations” to taxable income and to total distributions declared to common stockholders for the nine months ended September 30, 2025 and 2024.</span></div><div style=""margin-bottom:10pt""><table style=""border-collapse:collapse;display:inline-table;margin-bottom:5pt;vertical-align:text-bottom;width:100.000%""><tr><td style=""width:1.0%""></td><td style=""width:71.930%""></td><td style=""width:0.1%""></td><td style=""width:1.0%""></td><td style=""width:12.081%""></td><td style=""width:0.1%""></td><td style=""width:0.1%""></td><td style=""width:0.406%""></td><td style=""width:0.1%""></td><td style=""width:1.0%""></td><td style=""width:12.083%""></td><td style=""width:0.1%""></td></tr><tr><td colspan=""3"" style=""padding:0 1pt""></td><td colspan=""9"" style=""padding:2px 1pt;text-align:center;vertical-align:bottom""><span style=""color:#000000;font-family:'Times New Roman',serif;font-size:8pt;font-weight:700;line-height:100%"">Nine Months Ended September 30,</span></td></tr><tr><td colspan=""3"" style=""padding:0 1pt""></td><td colspan=""3"" style=""border-top:1pt solid #000;padding:2px 1pt;text-align:center;vertical-align:bottom""><span style=""color:#000000;font-family:'Times New Roman',serif;font-size:8pt;font-weight:700;line-height:100%"">2025</span></td><td colspan=""3"" style=""border-top:1pt solid #000;padding:0 1pt""></td><td colspan=""3"" style=""border-top:1pt solid #000;padding:2px 1pt;text-align:center;vertical-align:bottom""><span style=""color:#000000;font-family:'Times New Roman',serif;font-size:8pt;font-weight:700;line-height:100%"">2024</span></td></tr><tr style=""height:3pt""><td colspan=""3"" style=""padding:0 1pt""></td><td colspan=""3"" style=""border-top:1pt solid #000;padding:0 1pt""></td><td colspan=""3"" style=""padding:0 1pt""></td><td colspan=""3"" style=""border-top:1pt solid #000;padding:0 1pt""></td></tr><tr><td colspan=""3"" style=""padding:0 1pt""></td><td colspan=""9"" style=""padding:2px 1pt;text-align:center;vertical-align:middle""><span style=""color:#000000;font-family:'Times New Roman',serif;font-size:8pt;font-weight:700;line-height:100%"">(estimated, in thousands)</span></td></tr><tr><td colspan=""3"" style=""background-color:#cceeff;padding:2px 1pt;text-align:left;vertical-align:bottom""><span style=""color:#000000;font-family:'Times New Roman',serif;font-size:10pt;font-weight:400;line-height:100%"">Net increase in net assets resulting from operations</span></td><td style=""background-color:#cceeff;padding:2px 0 2px 1pt;text-align:left;vertical-align:bottom""><span style=""color:#000000;font-family:'Times New Roman',serif;font-size:10pt;font-weight:400;line-height:100%"">$</span></td><td style=""background-color:#cceeff;padding:2px 0;text-align:right;vertical-align:bottom""><span style=""color:#000000;font-family:'Times New Roman',serif;font-size:10pt;font-weight:400;line-height:100%"">58,693 </span></td><td style=""background-color:#cceeff;padding:2px 1pt 2px 0;text-align:right;vertical-align:bottom""></td><td colspan=""3"" style=""background-color:#cceeff;padding:0 1pt""></td><td style=""background-color:#cceeff;padding:2px 0 2px 1pt;text-align:left;vertical-align:bottom""><span style=""color:#000000;font-family:'Times New Roman',serif;font-size:10pt;font-weight:400;line-height:100%"">$</span></td><td style=""background-color:#cceeff;padding:2px 0;text-align:right;vertical-align:bottom""><span style=""color:#000000;font-family:'Times New Roman',serif;font-size:10pt;font-weight:400;line-height:100%"">36,089 </span></td><td style=""background-color:#cceeff;padding:2px 1pt 2px 0;text-align:right;vertical-align:bottom""></td></tr><tr><td colspan=""3"" style=""background-color:#ffffff;padding:2px 1pt;text-align:left;vertical-align:bottom""><span style=""color:#000000;font-family:'Times New Roman',serif;font-size:10pt;font-weight:400;line-height:100%"">Net unrealized (appreciation) depreciation</span></td><td colspan=""2"" style=""background-color:#ffffff;padding:2px 0 2px 1pt;text-align:right;vertical-align:bottom""><span style=""color:#000000;font-family:'Times New Roman',serif;font-size:10pt;font-weight:400;line-height:100%"">(35,886)</span></td><td style=""background-color:#ffffff;padding:2px 1pt 2px 0;text-align:right;vertical-align:bottom""></td><td colspan=""3"" style=""background-color:#ffffff;padding:0 1pt""></td><td colspan=""2"" style=""background-color:#ffffff;padding:2px 0 2px 1pt;text-align:right;vertical-align:bottom""><span style=""color:#000000;font-family:'Times New Roman',serif;font-size:10pt;font-weight:400;line-height:100%"">24,656 </span></td><td style=""background-color:#ffffff;padding:2px 1pt 2px 0;text-align:right;vertical-align:bottom""></td></tr><tr><td colspan=""3"" style=""background-color:#cceeff;padding:2px 1pt;text-align:left;vertical-align:bottom""><span style=""color:#000000;font-family:'Times New Roman',serif;font-size:10pt;font-weight:400;line-height:100%"">Income tax provision</span></td><td colspan=""2"" style=""background-color:#cceeff;padding:2px 0 2px 1pt;text-align:right;vertical-align:bottom""><span style=""color:#000000;font-family:'Times New Roman',serif;font-size:10pt;font-weight:400;line-height:100%"">2,176 </span></td><td style=""background-color:#cceeff;padding:2px 1pt 2px 0;text-align:right;vertical-align:bottom""></td><td colspan=""3"" style=""background-color:#cceeff;padding:0 1pt""></td><td colspan=""2"" style=""background-color:#cceeff;padding:2px 0 2px 1pt;text-align:right;vertical-align:bottom""><span style=""color:#000000;font-family:'Times New Roman',serif;font-size:10pt;font-weight:400;line-height:100%"">6,150 </span></td><td style=""background-color:#cceeff;padding:2px 1pt 2px 0;text-align:right;vertical-align:bottom""></td></tr><tr><td colspan=""3"" style=""background-color:#ffffff;padding:2px 1pt;text-align:left;vertical-align:bottom""><span style=""color:#000000;font-family:'Times New Roman',serif;font-size:10pt;font-weight:400;line-height:100%"">Pre-tax book income not consolidated for tax purposes</span></td><td colspan=""2"" style=""background-color:#ffffff;padding:2px 0 2px 1pt;text-align:right;vertical-align:bottom""><span style=""color:#000000;font-family:'Times New Roman',serif;font-size:10pt;font-weight:400;line-height:100%"">(11,924)</span></td><td style=""background-color:#ffffff;padding:2px 1pt 2px 0;text-align:right;vertical-align:bottom""></td><td colspan=""3"" style=""background-color:#ffffff;padding:0 1pt""></td><td colspan=""2"" style=""background-color:#ffffff;padding:2px 0 2px 1pt;text-align:right;vertical-align:bottom""><span style=""color:#000000;font-family:'Times New Roman',serif;font-size:10pt;font-weight:400;line-height:100%"">(9,867)</span></td><td style=""background-color:#ffffff;padding:2px 1pt 2px 0;text-align:right;vertical-align:bottom""></td></tr><tr><td colspan=""3"" style=""background-color:#cceeff;padding:2px 1pt;text-align:left;vertical-align:bottom""><span style=""color:#000000;font-family:'Times New Roman',serif;font-size:10pt;font-weight:400;line-height:120%"">Book income and tax income differences, including debt origination, structuring fees, dividends, realized gains and changes in estimates</span></td><td colspan=""2"" style=""background-color:#cceeff;padding:2px 0 2px 1pt;text-align:right;vertical-align:bottom""><span style=""color:#000000;font-family:'Times New Roman',serif;font-size:10pt;font-weight:400;line-height:100%"">27,980 </span></td><td style=""background-color:#cceeff;padding:2px 1pt 2px 0;text-align:right;vertical-align:bottom""></td><td colspan=""3"" style=""background-color:#cceeff;padding:0 1pt""></td><td colspan=""2"" style=""background-color:#cceeff;padding:2px 0 2px 1pt;text-align:right;vertical-align:bottom""><span style=""color:#000000;font-family:'Times New Roman',serif;font-size:10pt;font-weight:400;line-height:100%"">(9,989)</span></td><td style=""background-color:#cceeff;padding:2px 1pt 2px 0;text-align:right;vertical-align:bottom""></td></tr><tr><td colspan=""3"" style=""background-color:#ffffff;padding:2px 1pt;text-align:left;vertical-align:bottom""><span style=""color:#000000;font-family:'Times New Roman',serif;font-size:10pt;font-weight:400;line-height:100%"">Estimated taxable income (1)</span></td><td colspan=""2"" style=""background-color:#ffffff;border-top:1pt solid #000;padding:2px 0 2px 1pt;text-align:right;vertical-align:bottom""><span style=""color:#000000;font-family:'Times New Roman',serif;font-size:10pt;font-weight:400;line-height:100%"">41,039 </span></td><td style=""background-color:#ffffff;border-top:1pt solid #000;padding:2px 1pt 2px 0;text-align:right;vertical-align:bottom""></td><td colspan=""3"" style=""background-color:#ffffff;padding:0 1pt""></td><td colspan=""2"" style=""background-color:#ffffff;border-top:1pt solid #000;padding:2px 0 2px 1pt;text-align:right;vertical-align:bottom""><span style=""color:#000000;font-family:'Times New Roman',serif;font-size:10pt;font-weight:400;line-height:100%"">47,039 </span></td><td style=""background-color:#ffffff;border-top:1pt solid #000;padding:2px 1pt 2px 0;text-align:right;vertical-align:bottom""></td></tr><tr><td colspan=""3"" style=""background-color:#cceeff;padding:2px 1pt;text-align:left;vertical-align:bottom""><span style=""color:#000000;font-family:'Times New Roman',serif;font-size:10pt;font-weight:400;line-height:100%"">Taxable income earned in prior year and carried forward for distribution in current year</span></td><td colspan=""2"" style=""background-color:#cceeff;padding:2px 0 2px 1pt;text-align:right;vertical-align:bottom""><span style=""color:#000000;font-family:'Times New Roman',serif;font-size:10pt;font-weight:400;line-height:100%"">20,348 </span></td><td style=""background-color:#cceeff;padding:2px 1pt 2px 0;text-align:right;vertical-align:bottom""></td><td colspan=""3"" style=""background-color:#cceeff;padding:0 1pt""></td><td colspan=""2"" style=""background-color:#cceeff;padding:2px 0 2px 1pt;text-align:right;vertical-align:bottom""><span style=""color:#000000;font-family:'Times New Roman',serif;font-size:10pt;font-weight:400;line-height:100%"">14,745 </span></td><td style=""background-color:#cceeff;padding:2px 1pt 2px 0;text-align:right;vertical-align:bottom""></td></tr><tr><td colspan=""3"" style=""background-color:#ffffff;padding:2px 1pt;text-align:left;vertical-align:bottom""><span style=""color:#000000;font-family:'Times New Roman',serif;font-size:10pt;font-weight:400;line-height:100%"">Taxable income earned prior to period end and carried forward for distribution next period</span></td><td colspan=""2"" style=""background-color:#ffffff;padding:2px 0 2px 1pt;text-align:right;vertical-align:bottom""><span style=""color:#000000;font-family:'Times New Roman',serif;font-size:10pt;font-weight:400;line-height:100%"">(27,547)</span></td><td style=""background-color:#ffffff;padding:2px 1pt 2px 0;text-align:right;vertical-align:bottom""></td><td colspan=""3"" style=""background-color:#ffffff;padding:0 1pt""></td><td colspan=""2"" style=""background-color:#ffffff;padding:2px 0 2px 1pt;text-align:right;vertical-align:bottom""><span style=""color:#000000;font-family:'Times New Roman',serif;font-size:10pt;font-weight:400;line-height:100%"">(32,538)</span></td><td style=""background-color:#ffffff;padding:2px 1pt 2px 0;text-align:right;vertical-align:bottom""></td></tr><tr><td colspan=""3"" style=""background-color:#cceeff;padding:2px 1pt;text-align:left;vertical-align:bottom""><span style=""color:#000000;font-family:'Times New Roman',serif;font-size:10pt;font-weight:400;line-height:100%"">Dividend payable as of period end and paid in the following period</span></td><td colspan=""2"" style=""background-color:#cceeff;padding:2px 0 2px 1pt;text-align:right;vertical-align:bottom""><span style=""color:#000000;font-family:'Times New Roman',serif;font-size:10pt;font-weight:400;line-height:100%"">17,016 </span></td><td style=""background-color:#cceeff;padding:2px 1pt 2px 0;text-align:right;vertical-align:bottom""></td><td colspan=""3"" style=""background-color:#cceeff;padding:0 1pt""></td><td colspan=""2"" style=""background-color:#cceeff;padding:2px 0 2px 1pt;text-align:right;vertical-align:bottom""><span style=""color:#000000;font-family:'Times New Roman',serif;font-size:10pt;font-weight:400;line-height:100%"">14,478 </span></td><td style=""background-color:#cceeff;padding:2px 1pt 2px 0;text-align:right;vertical-align:bottom""></td></tr><tr><td colspan=""3"" style=""background-color:#ffffff;padding:2px 1pt;text-align:left;vertical-align:bottom""><span style=""color:#000000;font-family:'Times New Roman',serif;font-size:10pt;font-weight:400;line-height:100%"">Total distributions accrued or paid to common stockholders</span></td><td style=""background-color:#ffffff;border-bottom:3pt double #000;border-top:1pt solid #000;padding:2px 0 2px 1pt;text-align:left;vertical-align:bottom""><span style=""color:#000000;font-family:'Times New Roman',serif;font-size:10pt;font-weight:400;line-height:100%"">$</span></td><td style=""background-color:#ffffff;border-bottom:3pt double #000;border-top:1pt solid #000;padding:2px 0;text-align:right;vertical-align:bottom""><span style=""color:#000000;font-family:'Times New Roman',serif;font-size:10pt;font-weight:400;line-height:100%"">50,856 </span></td><td style=""background-color:#ffffff;border-bottom:3pt double #000;border-top:1pt solid #000;padding:2px 1pt 2px 0;text-align:right;vertical-align:bottom""></td><td colspan=""3"" style=""background-color:#ffffff;padding:0 1pt""></td><td style=""background-color:#ffffff;border-bottom:3pt double #000;border-top:1pt solid #000;padding:2px 0 2px 1pt;text-align:left;vertical-align:bottom""><span style=""color:#000000;font-family:'Times New Roman',serif;font-size:10pt;font-weight:400;line-height:100%"">$</span></td><td style=""background-color:#ffffff;border-bottom:3pt double #000;border-top:1pt solid #000;padding:2px 0;text-align:right;vertical-align:bottom""><span style=""color:#000000;font-family:'Times New Roman',serif;font-size:10pt;font-weight:400;line-height:100%"">43,724 </span></td><td style=""background-color:#ffffff;border-bottom:3pt double #000;border-top:1pt solid #000;padding:2px 1pt 2px 0;text-align:right;vertical-align:bottom""></td></tr></table><span style=""color:#000000;font-family:'Times New Roman',serif;font-size:10pt;font-weight:400;line-height:120%"">________________</span></div><div style=""margin-bottom:10pt;padding-left:18pt;text-indent:-18pt""><span style=""color:#000000;font-family:'Times New Roman',serif;font-size:10pt;font-weight:400;line-height:120%"">(1)</span><span style=""color:#000000;font-family:'Times New Roman',serif;font-size:10pt;font-weight:400;line-height:120%;padding-left:6.34pt"">MSIF’s taxable income for each period is an estimate and will not be finally determined until MSIF files its tax return for each year. Therefore, the final taxable income, and the taxable income earned in each period and carried forward for distribution in the following period, may be different than this estimate.</span></div>",c-1,,,,,,False,FederalIncomeTaxNoteTextBlock,
MSIF,2025-11-14,income_statement,income_statement,InvestmentCompanyTaxBasisIncomeTaxProvision,InvestmentCompanyTaxBasisIncomeTaxProvision,2176000,c-1,,,,,,False,InvestmentCompanyTaxBasisIncomeTaxProvision,
MSIF,2025-11-14,income_statement,income_statement,InvestmentCompanyTaxBasisIncomeTaxProvision,InvestmentCompanyTaxBasisIncomeTaxProvision,6150000,c-29,,,,,,False,InvestmentCompanyTaxBasisIncomeTaxProvision,
MSIF,2025-11-14,income_statement,income_statement,InvestmentCompanyTaxBasisPreTaxBookIncomeLossNotConsolidatedForTaxPurposesIncreaseDecreaseInTaxableIncome,InvestmentCompanyTaxBasisPreTaxBookIncomeLossNotConsolidatedForTaxPurposesIncreaseDecreaseInTaxableIncome,-11924000,c-1,,,,,,False,InvestmentCompanyTaxBasisPreTaxBookIncomeLossNotConsolidatedForTaxPurposesIncreaseDecreaseInTaxableIncome,
MSIF,2025-11-14,income_statement,income_statement,InvestmentCompanyTaxBasisPreTaxBookIncomeLossNotConsolidatedForTaxPurposesIncreaseDecreaseInTaxableIncome,InvestmentCompanyTaxBasisPreTaxBookIncomeLossNotConsolidatedForTaxPurposesIncreaseDecreaseInTaxableIncome,-9867000,c-29,,,,,,False,InvestmentCompanyTaxBasisPreTaxBookIncomeLossNotConsolidatedForTaxPurposesIncreaseDecreaseInTaxableIncome,
MSIF,2025-11-14,income_statement,income_statement,InvestmentCompanyTaxBasisBookIncomeAndTaxIncomeDifferencesIncreaseDecreaseInTaxableIncome,InvestmentCompanyTaxBasisBookIncomeAndTaxIncomeDifferencesIncreaseDecreaseInTaxableIncome,27980000,c-1,,,,,,False,InvestmentCompanyTaxBasisBookIncomeAndTaxIncomeDifferencesIncreaseDecreaseInTaxableIncome,
MSIF,2025-11-14,income_statement,income_statement,InvestmentCompanyTaxBasisBookIncomeAndTaxIncomeDifferencesIncreaseDecreaseInTaxableIncome,InvestmentCompanyTaxBasisBookIncomeAndTaxIncomeDifferencesIncreaseDecreaseInTaxableIncome,-9989000,c-29,,,,,,False,InvestmentCompanyTaxBasisBookIncomeAndTaxIncomeDifferencesIncreaseDecreaseInTaxableIncome,
MSIF,2025-11-14,income_statement,income_statement,InvestmentCompanyTaxBasisNetIncomeLossAttributableToParentEstimated,InvestmentCompanyTaxBasisNetIncomeLossAttributableToParentEstimated,41039000,c-1,,,,,,False,InvestmentCompanyTaxBasisNetIncomeLossAttributableToParentEstimated,
MSIF,2025-11-14,income_statement,income_statement,InvestmentCompanyTaxBasisNetIncomeLossAttributableToParentEstimated,InvestmentCompanyTaxBasisNetIncomeLossAttributableToParentEstimated,47039000,c-29,,,,,,False,InvestmentCompanyTaxBasisNetIncomeLossAttributableToParentEstimated,
MSIF,2025-11-14,income_statement,income_statement,InvestmentCompanyTaxBasisTaxableIncomeEarnedInPriorYearAndCarriedForwardForDistributionInCurrentYear,InvestmentCompanyTaxBasisTaxableIncomeEarnedInPriorYearAndCarriedForwardForDistributionInCurrentYear,20348000,c-1,,,,,,False,InvestmentCompanyTaxBasisTaxableIncomeEarnedInPriorYearAndCarriedForwardForDistributionInCurrentYear,
MSIF,2025-11-14,income_statement,income_statement,InvestmentCompanyTaxBasisTaxableIncomeEarnedInPriorYearAndCarriedForwardForDistributionInCurrentYear,InvestmentCompanyTaxBasisTaxableIncomeEarnedInPriorYearAndCarriedForwardForDistributionInCurrentYear,14745000,c-29,,,,,,False,InvestmentCompanyTaxBasisTaxableIncomeEarnedInPriorYearAndCarriedForwardForDistributionInCurrentYear,
MSIF,2025-11-14,income_statement,income_statement,InvestmentCompanyTaxBasisTaxableIncomeEarnedPriorToPeriodEndAndCarriedForwardForDistributionNextPeriod,InvestmentCompanyTaxBasisTaxableIncomeEarnedPriorToPeriodEndAndCarriedForwardForDistributionNextPeriod,-27547000,c-1,,,,,,False,InvestmentCompanyTaxBasisTaxableIncomeEarnedPriorToPeriodEndAndCarriedForwardForDistributionNextPeriod,
MSIF,2025-11-14,income_statement,income_statement,InvestmentCompanyTaxBasisTaxableIncomeEarnedPriorToPeriodEndAndCarriedForwardForDistributionNextPeriod,InvestmentCompanyTaxBasisTaxableIncomeEarnedPriorToPeriodEndAndCarriedForwardForDistributionNextPeriod,-32538000,c-29,,,,,,False,InvestmentCompanyTaxBasisTaxableIncomeEarnedPriorToPeriodEndAndCarriedForwardForDistributionNextPeriod,
MSIF,2025-11-14,income_statement,income_statement,ScheduleOfComponentsOfIncomeTaxExpenseBenefitTableTextBlock,ScheduleOfComponentsOfIncomeTaxExpenseBenefitTableTextBlock,"MSC Income’s provision for income taxes was comprised of the following for the three and nine months ended September 30, 2025 and 2024:<div style=""margin-bottom:10pt""><table style=""border-collapse:collapse;display:inline-table;margin-bottom:5pt;vertical-align:text-bottom;width:100.000%""><tr><td style=""width:1.0%""></td><td style=""width:44.354%""></td><td style=""width:0.1%""></td><td style=""width:1.0%""></td><td style=""width:12.081%""></td><td style=""width:0.1%""></td><td style=""width:0.1%""></td><td style=""width:0.406%""></td><td style=""width:0.1%""></td><td style=""width:1.0%""></td><td style=""width:12.081%""></td><td style=""width:0.1%""></td><td style=""width:0.1%""></td><td style=""width:0.406%""></td><td style=""width:0.1%""></td><td style=""width:1.0%""></td><td style=""width:12.081%""></td><td style=""width:0.1%""></td><td style=""width:0.1%""></td><td style=""width:0.406%""></td><td style=""width:0.1%""></td><td style=""width:1.0%""></td><td style=""width:12.085%""></td><td style=""width:0.1%""></td></tr><tr><td colspan=""3"" style=""padding:0 1pt""></td><td colspan=""9"" style=""padding:2px 1pt;text-align:center;vertical-align:bottom""><span style=""color:#000000;font-family:'Times New Roman',serif;font-size:8pt;font-weight:700;line-height:100%"">Three Months Ended September 30,</span></td><td colspan=""3"" style=""padding:0 1pt""></td><td colspan=""9"" style=""padding:2px 1pt;text-align:center;vertical-align:bottom""><span style=""color:#000000;font-family:'Times New Roman',serif;font-size:8pt;font-weight:700;line-height:100%"">Nine Months Ended September 30,</span></td></tr><tr><td colspan=""3"" style=""padding:0 1pt""></td><td colspan=""3"" style=""border-top:1pt solid #000;padding:2px 1pt;text-align:center;vertical-align:bottom""><span style=""color:#000000;font-family:'Times New Roman',serif;font-size:8pt;font-weight:700;line-height:100%"">2025</span></td><td colspan=""3"" style=""border-top:1pt solid #000;padding:0 1pt""></td><td colspan=""3"" style=""border-top:1pt solid #000;padding:2px 1pt;text-align:center;vertical-align:bottom""><span style=""color:#000000;font-family:'Times New Roman',serif;font-size:8pt;font-weight:700;line-height:100%"">2024</span></td><td colspan=""3"" style=""padding:0 1pt""></td><td colspan=""3"" style=""border-top:1pt solid #000;padding:2px 1pt;text-align:center;vertical-align:bottom""><span style=""color:#000000;font-family:'Times New Roman',serif;font-size:8pt;font-weight:700;line-height:100%"">2025</span></td><td colspan=""3"" style=""border-top:1pt solid #000;padding:0 1pt""></td><td colspan=""3"" style=""border-top:1pt solid #000;padding:2px 1pt;text-align:center;vertical-align:bottom""><span style=""color:#000000;font-family:'Times New Roman',serif;font-size:8pt;font-weight:700;line-height:100%"">2024</span></td></tr><tr style=""height:3pt""><td colspan=""3"" style=""padding:0 1pt""></td><td colspan=""3"" style=""border-top:1pt solid #000;padding:0 1pt""></td><td colspan=""3"" style=""padding:0 1pt""></td><td colspan=""3"" style=""border-top:1pt solid #000;padding:0 1pt""></td><td colspan=""3"" style=""padding:0 1pt""></td><td colspan=""3"" style=""border-top:1pt solid #000;padding:0 1pt""></td><td colspan=""3"" style=""padding:0 1pt""></td><td colspan=""3"" style=""border-top:1pt solid #000;padding:0 1pt""></td></tr><tr><td colspan=""3"" style=""padding:0 1pt""></td><td colspan=""21"" style=""padding:2px 1pt;text-align:center;vertical-align:middle""><span style=""color:#000000;font-family:'Times New Roman',serif;font-size:8pt;font-weight:700;line-height:100%"">(in thousands)</span></td></tr><tr><td colspan=""3"" style=""background-color:#cceeff;padding:2px 1pt;text-align:left;vertical-align:top""><span style=""color:#000000;font-family:'Times New Roman',serif;font-size:10pt;font-weight:700;line-height:100%"">Net investment income taxes</span></td><td colspan=""3"" style=""background-color:#cceeff;padding:0 1pt""></td><td colspan=""3"" style=""background-color:#cceeff;padding:0 1pt""></td><td colspan=""3"" style=""background-color:#cceeff;padding:0 1pt""></td><td colspan=""3"" style=""background-color:#cceeff;padding:0 1pt""></td><td colspan=""3"" style=""background-color:#cceeff;padding:0 1pt""></td><td colspan=""3"" style=""background-color:#cceeff;padding:0 1pt""></td><td colspan=""3"" style=""background-color:#cceeff;padding:0 1pt""></td></tr><tr><td colspan=""3"" style=""background-color:#ffffff;padding:2px 1pt;text-align:left;vertical-align:top""><span style=""color:#000000;font-family:'Times New Roman',serif;font-size:10pt;font-style:italic;font-weight:400;line-height:100%"">Current tax expense (benefit):</span></td><td colspan=""3"" style=""background-color:#ffffff;padding:0 1pt""></td><td colspan=""3"" style=""background-color:#ffffff;padding:0 1pt""></td><td colspan=""3"" style=""background-color:#ffffff;padding:0 1pt""></td><td colspan=""3"" style=""background-color:#ffffff;padding:0 1pt""></td><td colspan=""3"" style=""background-color:#ffffff;padding:0 1pt""></td><td colspan=""3"" style=""background-color:#ffffff;padding:0 1pt""></td><td colspan=""3"" style=""background-color:#ffffff;padding:0 1pt""></td></tr><tr><td colspan=""3"" style=""background-color:#cceeff;padding:2px 1pt;text-align:left;vertical-align:top""><span style=""color:#000000;font-family:'Times New Roman',serif;font-size:10pt;font-weight:400;line-height:100%"">Federal</span></td><td style=""background-color:#cceeff;padding:2px 0 2px 1pt;text-align:left;vertical-align:top""><span style=""color:#000000;font-family:'Times New Roman',serif;font-size:10pt;font-weight:400;line-height:100%"">$</span></td><td style=""background-color:#cceeff;padding:2px 0;text-align:right;vertical-align:top""><span style=""color:#000000;font-family:'Times New Roman',serif;font-size:10pt;font-weight:400;line-height:100%"">(38)</span></td><td style=""background-color:#cceeff;padding:2px 1pt 2px 0;text-align:right;vertical-align:top""></td><td colspan=""3"" style=""background-color:#cceeff;padding:0 1pt""></td><td style=""background-color:#cceeff;padding:2px 0 2px 1pt;text-align:left;vertical-align:top""><span style=""color:#000000;font-family:'Times New Roman',serif;font-size:10pt;font-weight:400;line-height:100%"">$</span></td><td style=""background-color:#cceeff;padding:2px 0;text-align:right;vertical-align:top""><span style=""color:#000000;font-family:'Times New Roman',serif;font-size:10pt;font-weight:400;line-height:100%"">761 </span></td><td style=""background-color:#cceeff;padding:2px 1pt 2px 0;text-align:right;vertical-align:top""></td><td colspan=""3"" style=""background-color:#cceeff;padding:0 1pt""></td><td style=""background-color:#cceeff;padding:2px 0 2px 1pt;text-align:left;vertical-align:top""><span style=""color:#000000;font-family:'Times New Roman',serif;font-size:10pt;font-weight:400;line-height:100%"">$</span></td><td style=""background-color:#cceeff;padding:2px 0;text-align:right;vertical-align:top""><span style=""color:#000000;font-family:'Times New Roman',serif;font-size:10pt;font-weight:400;line-height:100%"">80 </span></td><td style=""background-color:#cceeff;padding:2px 1pt 2px 0;text-align:right;vertical-align:top""></td><td colspan=""3"" style=""background-color:#cceeff;padding:0 1pt""></td><td style=""background-color:#cceeff;padding:2px 0 2px 1pt;text-align:left;vertical-align:top""><span style=""color:#000000;font-family:'Times New Roman',serif;font-size:10pt;font-weight:400;line-height:100%"">$</span></td><td style=""background-color:#cceeff;padding:2px 0;text-align:right;vertical-align:top""><span style=""color:#000000;font-family:'Times New Roman',serif;font-size:10pt;font-weight:400;line-height:100%"">940 </span></td><td style=""background-color:#cceeff;padding:2px 1pt 2px 0;text-align:right;vertical-align:top""></td></tr><tr><td colspan=""3"" style=""background-color:#ffffff;padding:2px 1pt;text-align:left;vertical-align:top""><div><span style=""color:#000000;font-family:'Times New Roman',serif;font-size:10pt;font-weight:400;line-height:100%"">State and other</span></div></td><td colspan=""2"" style=""background-color:#ffffff;padding:2px 0 2px 1pt;text-align:right;vertical-align:top""><span style=""color:#000000;font-family:'Times New Roman',serif;font-size:10pt;font-weight:400;line-height:100%"">108 </span></td><td style=""background-color:#ffffff;padding:2px 1pt 2px 0;text-align:right;vertical-align:top""></td><td colspan=""3"" style=""background-color:#ffffff;padding:0 1pt""></td><td colspan=""2"" style=""background-color:#ffffff;padding:2px 0 2px 1pt;text-align:right;vertical-align:top""><span style=""color:#000000;font-family:'Times New Roman',serif;font-size:10pt;font-weight:400;line-height:100%"">396 </span></td><td style=""background-color:#ffffff;padding:2px 1pt 2px 0;text-align:right;vertical-align:top""></td><td colspan=""3"" style=""background-color:#ffffff;padding:0 1pt""></td><td colspan=""2"" style=""background-color:#ffffff;padding:2px 0 2px 1pt;text-align:right;vertical-align:top""><span style=""color:#000000;font-family:'Times New Roman',serif;font-size:10pt;font-weight:400;line-height:100%"">449 </span></td><td style=""background-color:#ffffff;padding:2px 1pt 2px 0;text-align:right;vertical-align:top""></td><td colspan=""3"" style=""background-color:#ffffff;padding:0 1pt""></td><td colspan=""2"" style=""background-color:#ffffff;padding:2px 0 2px 1pt;text-align:right;vertical-align:top""><span style=""color:#000000;font-family:'Times New Roman',serif;font-size:10pt;font-weight:400;line-height:100%"">810 </span></td><td style=""background-color:#ffffff;padding:2px 1pt 2px 0;text-align:right;vertical-align:top""></td></tr><tr><td colspan=""3"" style=""background-color:#cceeff;padding:2px 1pt;text-align:left;vertical-align:top""><span style=""color:#000000;font-family:'Times New Roman',serif;font-size:10pt;font-weight:400;line-height:100%"">Excise</span></td><td colspan=""2"" style=""background-color:#cceeff;padding:2px 0 2px 1pt;text-align:right;vertical-align:top""><span style=""color:#000000;font-family:'Times New Roman',serif;font-size:10pt;font-weight:400;line-height:100%"">(39)</span></td><td style=""background-color:#cceeff;padding:2px 1pt 2px 0;text-align:right;vertical-align:top""></td><td colspan=""3"" style=""background-color:#cceeff;padding:0 1pt""></td><td colspan=""2"" style=""background-color:#cceeff;padding:2px 0 2px 1pt;text-align:right;vertical-align:top""><span style=""color:#000000;font-family:'Times New Roman',serif;font-size:10pt;font-weight:400;line-height:100%"">491 </span></td><td style=""background-color:#cceeff;padding:2px 1pt 2px 0;text-align:right;vertical-align:top""></td><td colspan=""3"" style=""background-color:#cceeff;padding:0 1pt""></td><td colspan=""2"" style=""background-color:#cceeff;padding:2px 0 2px 1pt;text-align:right;vertical-align:top""><span style=""color:#000000;font-family:'Times New Roman',serif;font-size:10pt;font-weight:400;line-height:100%"">240 </span></td><td style=""background-color:#cceeff;padding:2px 1pt 2px 0;text-align:right;vertical-align:top""></td><td colspan=""3"" style=""background-color:#cceeff;padding:0 1pt""></td><td colspan=""2"" style=""background-color:#cceeff;padding:2px 0 2px 1pt;text-align:right;vertical-align:top""><span style=""color:#000000;font-family:'Times New Roman',serif;font-size:10pt;font-weight:400;line-height:100%"">570 </span></td><td style=""background-color:#cceeff;padding:2px 1pt 2px 0;text-align:right;vertical-align:top""></td></tr><tr><td colspan=""3"" style=""background-color:#ffffff;padding:2px 1pt 2px 13pt;text-align:left;vertical-align:top""><span style=""color:#000000;font-family:'Times New Roman',serif;font-size:10pt;font-weight:400;line-height:100%"">Total current tax expense</span></td><td colspan=""2"" style=""background-color:#ffffff;border-top:1pt solid #000;padding:2px 0 2px 1pt;text-align:right;vertical-align:top""><span style=""color:#000000;font-family:'Times New Roman',serif;font-size:10pt;font-weight:400;line-height:100%"">31 </span></td><td style=""background-color:#ffffff;border-top:1pt solid #000;padding:2px 1pt 2px 0;text-align:right;vertical-align:top""></td><td colspan=""3"" style=""background-color:#ffffff;padding:0 1pt""></td><td colspan=""2"" style=""background-color:#ffffff;border-top:1pt solid #000;padding:2px 0 2px 1pt;text-align:right;vertical-align:top""><span style=""color:#000000;font-family:'Times New Roman',serif;font-size:10pt;font-weight:400;line-height:100%"">1,648 </span></td><td style=""background-color:#ffffff;border-top:1pt solid #000;padding:2px 1pt 2px 0;text-align:right;vertical-align:top""></td><td colspan=""3"" style=""background-color:#ffffff;padding:0 1pt""></td><td colspan=""2"" style=""background-color:#ffffff;border-top:1pt solid #000;padding:2px 0 2px 1pt;text-align:right;vertical-align:top""><span style=""color:#000000;font-family:'Times New Roman',serif;font-size:10pt;font-weight:400;line-height:100%"">769 </span></td><td style=""background-color:#ffffff;border-top:1pt solid #000;padding:2px 1pt 2px 0;text-align:right;vertical-align:top""></td><td colspan=""3"" style=""background-color:#ffffff;padding:0 1pt""></td><td colspan=""2"" style=""background-color:#ffffff;border-top:1pt solid #000;padding:2px 0 2px 1pt;text-align:right;vertical-align:top""><span style=""color:#000000;font-family:'Times New Roman',serif;font-size:10pt;font-weight:400;line-height:100%"">2,320 </span></td><td style=""background-color:#ffffff;border-top:1pt solid #000;padding:2px 1pt 2px 0;text-align:right;vertical-align:top""></td></tr><tr style=""height:12pt""><td colspan=""3"" style=""background-color:#cceeff;padding:0 1pt""></td><td colspan=""3"" style=""background-color:#cceeff;padding:0 1pt""></td><td colspan=""3"" style=""background-color:#cceeff;padding:0 1pt""></td><td colspan=""3"" style=""background-color:#cceeff;padding:0 1pt""></td><td colspan=""3"" style=""background-color:#cceeff;padding:0 1pt""></td><td colspan=""3"" style=""background-color:#cceeff;padding:0 1pt""></td><td colspan=""3"" style=""background-color:#cceeff;padding:0 1pt""></td><td colspan=""3"" style=""background-color:#cceeff;padding:0 1pt""></td></tr><tr><td colspan=""3"" style=""background-color:#ffffff;padding:2px 1pt;text-align:left;vertical-align:top""><span style=""color:#000000;font-family:'Times New Roman',serif;font-size:10pt;font-style:italic;font-weight:400;line-height:100%"">Deferred tax expense (benefit):</span></td><td colspan=""3"" style=""background-color:#ffffff;padding:0 1pt""></td><td colspan=""3"" style=""background-color:#ffffff;padding:0 1pt""></td><td colspan=""3"" style=""background-color:#ffffff;padding:0 1pt""></td><td colspan=""3"" style=""background-color:#ffffff;padding:0 1pt""></td><td colspan=""3"" style=""background-color:#ffffff;padding:0 1pt""></td><td colspan=""3"" style=""background-color:#ffffff;padding:0 1pt""></td><td colspan=""3"" style=""background-color:#ffffff;padding:0 1pt""></td></tr><tr><td colspan=""3"" style=""background-color:#cceeff;padding:2px 1pt;text-align:left;vertical-align:top""><span style=""color:#000000;font-family:'Times New Roman',serif;font-size:10pt;font-weight:400;line-height:100%"">Federal</span></td><td colspan=""2"" style=""background-color:#cceeff;padding:2px 0 2px 1pt;text-align:right;vertical-align:top""><span style=""color:#000000;font-family:'Times New Roman',serif;font-size:10pt;font-weight:400;line-height:100%"">474 </span></td><td style=""background-color:#cceeff;padding:2px 1pt 2px 0;text-align:right;vertical-align:top""></td><td colspan=""3"" style=""background-color:#cceeff;padding:0 1pt""></td><td colspan=""2"" style=""background-color:#cceeff;padding:2px 0 2px 1pt;text-align:right;vertical-align:top""><span style=""color:#000000;font-family:'Times New Roman',serif;font-size:10pt;font-weight:400;line-height:100%"">(245)</span></td><td style=""background-color:#cceeff;padding:2px 1pt 2px 0;text-align:right;vertical-align:top""></td><td colspan=""3"" style=""background-color:#cceeff;padding:0 1pt""></td><td colspan=""2"" style=""background-color:#cceeff;padding:2px 0 2px 1pt;text-align:right;vertical-align:top""><span style=""color:#000000;font-family:'Times New Roman',serif;font-size:10pt;font-weight:400;line-height:100%"">1,716 </span></td><td style=""background-color:#cceeff;padding:2px 1pt 2px 0;text-align:right;vertical-align:top""></td><td colspan=""3"" style=""background-color:#cceeff;padding:0 1pt""></td><td colspan=""2"" style=""background-color:#cceeff;padding:2px 0 2px 1pt;text-align:right;vertical-align:top""><span style=""color:#000000;font-family:'Times New Roman',serif;font-size:10pt;font-weight:400;line-height:100%"">500 </span></td><td style=""background-color:#cceeff;padding:2px 1pt 2px 0;text-align:right;vertical-align:top""></td></tr><tr><td colspan=""3"" style=""background-color:#ffffff;padding:2px 1pt;text-align:left;vertical-align:top""><div><span style=""color:#000000;font-family:'Times New Roman',serif;font-size:10pt;font-weight:400;line-height:100%"">State and other</span></div></td><td colspan=""2"" style=""background-color:#ffffff;padding:2px 0 2px 1pt;text-align:right;vertical-align:top""><span style=""color:#000000;font-family:'Times New Roman',serif;font-size:10pt;font-weight:400;line-height:100%"">(52)</span></td><td style=""background-color:#ffffff;padding:2px 1pt 2px 0;text-align:right;vertical-align:top""></td><td colspan=""3"" style=""background-color:#ffffff;padding:0 1pt""></td><td colspan=""2"" style=""background-color:#ffffff;padding:2px 0 2px 1pt;text-align:right;vertical-align:top""><span style=""color:#000000;font-family:'Times New Roman',serif;font-size:10pt;font-weight:400;line-height:100%"">(137)</span></td><td style=""background-color:#ffffff;padding:2px 1pt 2px 0;text-align:right;vertical-align:top""></td><td colspan=""3"" style=""background-color:#ffffff;padding:0 1pt""></td><td colspan=""2"" style=""background-color:#ffffff;padding:2px 0 2px 1pt;text-align:right;vertical-align:top""><span style=""color:#000000;font-family:'Times New Roman',serif;font-size:10pt;font-weight:400;line-height:100%"">8 </span></td><td style=""background-color:#ffffff;padding:2px 1pt 2px 0;text-align:right;vertical-align:top""></td><td colspan=""3"" style=""background-color:#ffffff;padding:0 1pt""></td><td colspan=""2"" style=""background-color:#ffffff;padding:2px 0 2px 1pt;text-align:right;vertical-align:top""><span style=""color:#000000;font-family:'Times New Roman',serif;font-size:10pt;font-weight:400;line-height:100%"">(49)</span></td><td style=""background-color:#ffffff;padding:2px 1pt 2px 0;text-align:right;vertical-align:top""></td></tr><tr><td colspan=""3"" style=""background-color:#cceeff;padding:2px 1pt 2px 13pt;text-align:left;vertical-align:top""><span style=""color:#000000;font-family:'Times New Roman',serif;font-size:10pt;font-weight:400;line-height:100%"">Total deferred tax expense (benefit)</span></td><td colspan=""2"" style=""background-color:#cceeff;border-top:1pt solid #000;padding:2px 0 2px 1pt;text-align:right;vertical-align:top""><span style=""color:#000000;font-family:'Times New Roman',serif;font-size:10pt;font-weight:400;line-height:100%"">422 </span></td><td style=""background-color:#cceeff;border-top:1pt solid #000;padding:2px 1pt 2px 0;text-align:right;vertical-align:top""></td><td colspan=""3"" style=""background-color:#cceeff;padding:0 1pt""></td><td colspan=""2"" style=""background-color:#cceeff;border-top:1pt solid #000;padding:2px 0 2px 1pt;text-align:right;vertical-align:top""><span style=""color:#000000;font-family:'Times New Roman',serif;font-size:10pt;font-weight:400;line-height:100%"">(382)</span></td><td style=""background-color:#cceeff;border-top:1pt solid #000;padding:2px 1pt 2px 0;text-align:right;vertical-align:top""></td><td colspan=""3"" style=""background-color:#cceeff;padding:0 1pt""></td><td colspan=""2"" style=""background-color:#cceeff;border-top:1pt solid #000;padding:2px 0 2px 1pt;text-align:right;vertical-align:top""><span style=""color:#000000;font-family:'Times New Roman',serif;font-size:10pt;font-weight:400;line-height:100%"">1,724 </span></td><td style=""background-color:#cceeff;border-top:1pt solid #000;padding:2px 1pt 2px 0;text-align:right;vertical-align:top""></td><td colspan=""3"" style=""background-color:#cceeff;padding:0 1pt""></td><td colspan=""2"" style=""background-color:#cceeff;border-top:1pt solid #000;padding:2px 0 2px 1pt;text-align:right;vertical-align:top""><span style=""color:#000000;font-family:'Times New Roman',serif;font-size:10pt;font-weight:400;line-height:100%"">451 </span></td><td style=""background-color:#cceeff;border-top:1pt solid #000;padding:2px 1pt 2px 0;text-align:right;vertical-align:top""></td></tr><tr style=""height:12pt""><td colspan=""3"" style=""background-color:#ffffff;padding:0 1pt""></td><td colspan=""3"" style=""background-color:#ffffff;padding:0 1pt""></td><td colspan=""3"" style=""background-color:#ffffff;padding:0 1pt""></td><td colspan=""3"" style=""background-color:#ffffff;padding:0 1pt""></td><td colspan=""3"" style=""background-color:#ffffff;padding:0 1pt""></td><td colspan=""3"" style=""background-color:#ffffff;padding:0 1pt""></td><td colspan=""3"" style=""background-color:#ffffff;padding:0 1pt""></td><td colspan=""3"" style=""background-color:#ffffff;padding:0 1pt""></td></tr><tr><td colspan=""3"" style=""background-color:#cceeff;padding:2px 1pt 2px 13pt;text-align:left;vertical-align:top""><span style=""color:#000000;font-family:'Times New Roman',serif;font-size:10pt;font-weight:400;line-height:100%"">Total net investment income tax provision</span></td><td style=""background-color:#cceeff;border-top:1pt solid #000;padding:2px 0 2px 1pt;text-align:left;vertical-align:top""><span style=""color:#000000;font-family:'Times New Roman',serif;font-size:10pt;font-weight:400;line-height:100%"">$</span></td><td style=""background-color:#cceeff;border-top:1pt solid #000;padding:2px 0;text-align:right;vertical-align:top""><span style=""color:#000000;font-family:'Times New Roman',serif;font-size:10pt;font-weight:400;line-height:100%"">453 </span></td><td style=""background-color:#cceeff;border-top:1pt solid #000;padding:2px 1pt 2px 0;text-align:right;vertical-align:top""></td><td colspan=""3"" style=""background-color:#cceeff;padding:0 1pt""></td><td style=""background-color:#cceeff;border-top:1pt solid #000;padding:2px 0 2px 1pt;text-align:left;vertical-align:top""><span style=""color:#000000;font-family:'Times New Roman',serif;font-size:10pt;font-weight:400;line-height:100%"">$</span></td><td style=""background-color:#cceeff;border-top:1pt solid #000;padding:2px 0;text-align:right;vertical-align:top""><span style=""color:#000000;font-family:'Times New Roman',serif;font-size:10pt;font-weight:400;line-height:100%"">1,266 </span></td><td style=""background-color:#cceeff;border-top:1pt solid #000;padding:2px 1pt 2px 0;text-align:right;vertical-align:top""></td><td colspan=""3"" style=""background-color:#cceeff;padding:0 1pt""></td><td style=""background-color:#cceeff;border-top:1pt solid #000;padding:2px 0 2px 1pt;text-align:left;vertical-align:top""><span style=""color:#000000;font-family:'Times New Roman',serif;font-size:10pt;font-weight:400;line-height:100%"">$</span></td><td style=""background-color:#cceeff;border-top:1pt solid #000;padding:2px 0;text-align:right;vertical-align:top""><span style=""color:#000000;font-family:'Times New Roman',serif;font-size:10pt;font-weight:400;line-height:100%"">2,493 </span></td><td style=""background-color:#cceeff;border-top:1pt solid #000;padding:2px 1pt 2px 0;text-align:right;vertical-align:top""></td><td colspan=""3"" style=""background-color:#cceeff;padding:0 1pt""></td><td style=""background-color:#cceeff;border-top:1pt solid #000;padding:2px 0 2px 1pt;text-align:left;vertical-align:top""><span style=""color:#000000;font-family:'Times New Roman',serif;font-size:10pt;font-weight:400;line-height:100%"">$</span></td><td style=""background-color:#cceeff;border-top:1pt solid #000;padding:2px 0;text-align:right;vertical-align:top""><span style=""color:#000000;font-family:'Times New Roman',serif;font-size:10pt;font-weight:400;line-height:100%"">2,771 </span></td><td style=""background-color:#cceeff;border-top:1pt solid #000;padding:2px 1pt 2px 0;text-align:right;vertical-align:top""></td></tr><tr style=""height:12pt""><td colspan=""3"" style=""background-color:#ffffff;padding:0 1pt""></td><td colspan=""3"" style=""background-color:#ffffff;border-top:3pt double #000;padding:0 1pt""></td><td colspan=""3"" style=""background-color:#ffffff;padding:0 1pt""></td><td colspan=""3"" style=""background-color:#ffffff;border-top:3pt double #000;padding:0 1pt""></td><td colspan=""3"" style=""background-color:#ffffff;padding:0 1pt""></td><td colspan=""3"" style=""background-color:#ffffff;border-top:3pt double #000;padding:0 1pt""></td><td colspan=""3"" style=""background-color:#ffffff;padding:0 1pt""></td><td colspan=""3"" style=""background-color:#ffffff;border-top:3pt double #000;padding:0 1pt""></td></tr><tr><td colspan=""3"" style=""background-color:#cceeff;padding:2px 1pt;text-align:left;vertical-align:top""><span style=""color:#000000;font-family:'Times New Roman',serif;font-size:10pt;font-weight:700;line-height:100%"">Investment valuation related taxes</span></td><td colspan=""3"" style=""background-color:#cceeff;padding:0 1pt""></td><td colspan=""3"" style=""background-color:#cceeff;padding:0 1pt""></td><td colspan=""3"" style=""background-color:#cceeff;padding:0 1pt""></td><td colspan=""3"" style=""background-color:#cceeff;padding:0 1pt""></td><td colspan=""3"" style=""background-color:#cceeff;padding:0 1pt""></td><td colspan=""3"" style=""background-color:#cceeff;padding:0 1pt""></td><td colspan=""3"" style=""background-color:#cceeff;padding:0 1pt""></td></tr><tr><td colspan=""3"" style=""background-color:#ffffff;padding:2px 1pt;text-align:left;vertical-align:top""><span style=""color:#000000;font-family:'Times New Roman',serif;font-size:10pt;font-style:italic;font-weight:400;line-height:100%"">Current tax expense:</span></td><td colspan=""3"" style=""background-color:#ffffff;padding:0 1pt""></td><td colspan=""3"" style=""background-color:#ffffff;padding:0 1pt""></td><td colspan=""3"" style=""background-color:#ffffff;padding:0 1pt""></td><td colspan=""3"" style=""background-color:#ffffff;padding:0 1pt""></td><td colspan=""3"" style=""background-color:#ffffff;padding:0 1pt""></td><td colspan=""3"" style=""background-color:#ffffff;padding:0 1pt""></td><td colspan=""3"" style=""background-color:#ffffff;padding:0 1pt""></td></tr><tr><td colspan=""3"" style=""background-color:#cceeff;padding:2px 1pt;text-align:left;vertical-align:top""><span style=""color:#000000;font-family:'Times New Roman',serif;font-size:10pt;font-weight:400;line-height:100%"">Federal</span></td><td style=""background-color:#cceeff;padding:2px 0 2px 1pt;text-align:left;vertical-align:top""><span style=""color:#000000;font-family:'Times New Roman',serif;font-size:10pt;font-weight:400;line-height:100%"">$</span></td><td style=""background-color:#cceeff;padding:2px 0;text-align:right;vertical-align:top""><span style=""color:#000000;font-family:'Times New Roman',serif;font-size:10pt;font-weight:400;line-height:100%"">— </span></td><td style=""background-color:#cceeff;padding:2px 1pt 2px 0;text-align:right;vertical-align:top""></td><td colspan=""3"" style=""background-color:#cceeff;padding:0 1pt""></td><td style=""background-color:#cceeff;padding:2px 0 2px 1pt;text-align:left;vertical-align:top""><span style=""color:#000000;font-family:'Times New Roman',serif;font-size:10pt;font-weight:400;line-height:100%"">$</span></td><td style=""background-color:#cceeff;padding:2px 0;text-align:right;vertical-align:top""><span style=""color:#000000;font-family:'Times New Roman',serif;font-size:10pt;font-weight:400;line-height:100%"">— </span></td><td style=""background-color:#cceeff;padding:2px 1pt 2px 0;text-align:right;vertical-align:top""></td><td colspan=""3"" style=""background-color:#cceeff;padding:0 1pt""></td><td style=""background-color:#cceeff;padding:2px 0 2px 1pt;text-align:left;vertical-align:top""><span style=""color:#000000;font-family:'Times New Roman',serif;font-size:10pt;font-weight:400;line-height:100%"">$</span></td><td style=""background-color:#cceeff;padding:2px 0;text-align:right;vertical-align:top""><span style=""color:#000000;font-family:'Times New Roman',serif;font-size:10pt;font-weight:400;line-height:100%"">— </span></td><td style=""background-color:#cceeff;padding:2px 1pt 2px 0;text-align:right;vertical-align:top""></td><td colspan=""3"" style=""background-color:#cceeff;padding:0 1pt""></td><td style=""background-color:#cceeff;padding:2px 0 2px 1pt;text-align:left;vertical-align:top""><span style=""color:#000000;font-family:'Times New Roman',serif;font-size:10pt;font-weight:400;line-height:100%"">$</span></td><td style=""background-color:#cceeff;padding:2px 0;text-align:right;vertical-align:top""><span style=""color:#000000;font-family:'Times New Roman',serif;font-size:10pt;font-weight:400;line-height:100%"">205 </span></td><td style=""background-color:#cceeff;padding:2px 1pt 2px 0;text-align:right;vertical-align:top""></td></tr><tr><td colspan=""3"" style=""display:none""></td><td colspan=""3"" style=""display:none""></td><td colspan=""3"" style=""display:none""></td><td colspan=""3"" style=""display:none""></td><td colspan=""3"" style=""display:none""></td><td colspan=""3"" style=""display:none""></td><td colspan=""3"" style=""display:none""></td><td colspan=""3"" style=""display:none""></td></tr><tr><td colspan=""3"" style=""display:none""></td><td colspan=""3"" style=""display:none""></td><td colspan=""3"" style=""display:none""></td><td colspan=""3"" style=""display:none""></td><td colspan=""3"" style=""display:none""></td><td colspan=""3"" style=""display:none""></td><td colspan=""3"" style=""display:none""></td><td colspan=""3"" style=""display:none""></td></tr><tr><td colspan=""3"" style=""background-color:#ffffff;padding:2px 1pt 2px 10pt;text-align:left;vertical-align:top""><span style=""color:#000000;font-family:'Times New Roman',serif;font-size:10pt;font-weight:400;line-height:100%"">Total current tax expense</span></td><td colspan=""2"" style=""background-color:#ffffff;border-top:1pt solid #000;padding:2px 0 2px 1pt;text-align:right;vertical-align:top""><span style=""color:#000000;font-family:'Times New Roman',serif;font-size:10pt;font-weight:400;line-height:100%"">— </span></td><td style=""background-color:#ffffff;border-top:1pt solid #000;padding:2px 1pt 2px 0;text-align:right;vertical-align:top""></td><td colspan=""3"" style=""background-color:#ffffff;padding:0 1pt""></td><td colspan=""2"" style=""background-color:#ffffff;border-top:1pt solid #000;padding:2px 0 2px 1pt;text-align:right;vertical-align:top""><span style=""color:#000000;font-family:'Times New Roman',serif;font-size:10pt;font-weight:400;line-height:100%"">— </span></td><td style=""background-color:#ffffff;border-top:1pt solid #000;padding:2px 1pt 2px 0;text-align:right;vertical-align:top""></td><td colspan=""3"" style=""background-color:#ffffff;padding:0 1pt""></td><td colspan=""2"" style=""background-color:#ffffff;border-top:1pt solid #000;padding:2px 0 2px 1pt;text-align:right;vertical-align:top""><span style=""color:#000000;font-family:'Times New Roman',serif;font-size:10pt;font-weight:400;line-height:100%"">— </span></td><td style=""background-color:#ffffff;border-top:1pt solid #000;padding:2px 1pt 2px 0;text-align:right;vertical-align:top""></td><td colspan=""3"" style=""background-color:#ffffff;border-top:1pt solid #000;padding:0 1pt""></td><td colspan=""2"" style=""background-color:#ffffff;border-top:1pt solid #000;padding:2px 0 2px 1pt;text-align:right;vertical-align:top""><span style=""color:#000000;font-family:'Times New Roman',serif;font-size:10pt;font-weight:400;line-height:100%"">205 </span></td><td style=""background-color:#ffffff;border-top:1pt solid #000;padding:2px 1pt 2px 0;text-align:right;vertical-align:top""></td></tr><tr style=""height:12pt""><td colspan=""3"" style=""background-color:#cceeff;padding:0 1pt""></td><td colspan=""3"" style=""background-color:#cceeff;padding:0 1pt""></td><td colspan=""3"" style=""background-color:#cceeff;padding:0 1pt""></td><td colspan=""3"" style=""background-color:#cceeff;padding:0 1pt""></td><td colspan=""3"" style=""background-color:#cceeff;padding:0 1pt""></td><td colspan=""3"" style=""background-color:#cceeff;padding:0 1pt""></td><td colspan=""3"" style=""background-color:#cceeff;padding:0 1pt""></td><td colspan=""3"" style=""background-color:#cceeff;padding:0 1pt""></td></tr><tr><td colspan=""3"" style=""background-color:#ffffff;padding:2px 1pt;text-align:left;vertical-align:top""><span style=""color:#000000;font-family:'Times New Roman',serif;font-size:10pt;font-style:italic;font-weight:400;line-height:100%"">Deferred tax expense (benefit):</span></td><td colspan=""3"" style=""background-color:#ffffff;padding:0 1pt""></td><td colspan=""3"" style=""background-color:#ffffff;padding:0 1pt""></td><td colspan=""3"" style=""background-color:#ffffff;padding:0 1pt""></td><td colspan=""3"" style=""background-color:#ffffff;padding:0 1pt""></td><td colspan=""3"" style=""background-color:#ffffff;padding:0 1pt""></td><td colspan=""3"" style=""background-color:#ffffff;padding:0 1pt""></td><td colspan=""3"" style=""background-color:#ffffff;padding:0 1pt""></td></tr><tr><td colspan=""3"" style=""background-color:#cceeff;padding:2px 1pt;text-align:left;vertical-align:top""><span style=""color:#000000;font-family:'Times New Roman',serif;font-size:10pt;font-weight:400;line-height:100%"">Federal</span></td><td colspan=""2"" style=""background-color:#cceeff;padding:2px 0 2px 1pt;text-align:right;vertical-align:top""><span style=""color:#000000;font-family:'Times New Roman',serif;font-size:10pt;font-weight:400;line-height:100%"">1,051 </span></td><td style=""background-color:#cceeff;padding:2px 1pt 2px 0;text-align:right;vertical-align:top""></td><td colspan=""3"" style=""background-color:#cceeff;padding:0 1pt""></td><td colspan=""2"" style=""background-color:#cceeff;padding:2px 0 2px 1pt;text-align:right;vertical-align:top""><span style=""color:#000000;font-family:'Times New Roman',serif;font-size:10pt;font-weight:400;line-height:100%"">898 </span></td><td style=""background-color:#cceeff;padding:2px 1pt 2px 0;text-align:right;vertical-align:top""></td><td colspan=""3"" style=""background-color:#cceeff;padding:0 1pt""></td><td colspan=""2"" style=""background-color:#cceeff;padding:2px 0 2px 1pt;text-align:right;vertical-align:top""><span style=""color:#000000;font-family:'Times New Roman',serif;font-size:10pt;font-weight:400;line-height:100%"">(362)</span></td><td style=""background-color:#cceeff;padding:2px 1pt 2px 0;text-align:right;vertical-align:top""></td><td colspan=""3"" style=""background-color:#cceeff;padding:0 1pt""></td><td colspan=""2"" style=""background-color:#cceeff;padding:2px 0 2px 1pt;text-align:right;vertical-align:top""><span style=""color:#000000;font-family:'Times New Roman',serif;font-size:10pt;font-weight:400;line-height:100%"">2,895 </span></td><td style=""background-color:#cceeff;padding:2px 1pt 2px 0;text-align:right;vertical-align:top""></td></tr><tr><td colspan=""3"" style=""background-color:#ffffff;padding:2px 1pt;text-align:left;vertical-align:top""><span style=""color:#000000;font-family:'Times New Roman',serif;font-size:10pt;font-weight:400;line-height:100%"">State and other</span></td><td colspan=""2"" style=""background-color:#ffffff;padding:2px 0 2px 1pt;text-align:right;vertical-align:top""><span style=""color:#000000;font-family:'Times New Roman',serif;font-size:10pt;font-weight:400;line-height:100%"">150 </span></td><td style=""background-color:#ffffff;padding:2px 1pt 2px 0;text-align:right;vertical-align:top""></td><td colspan=""3"" style=""background-color:#ffffff;padding:0 1pt""></td><td colspan=""2"" style=""background-color:#ffffff;padding:2px 0 2px 1pt;text-align:right;vertical-align:top""><span style=""color:#000000;font-family:'Times New Roman',serif;font-size:10pt;font-weight:400;line-height:100%"">270 </span></td><td style=""background-color:#ffffff;padding:2px 1pt 2px 0;text-align:right;vertical-align:top""></td><td colspan=""3"" style=""background-color:#ffffff;padding:0 1pt""></td><td colspan=""2"" style=""background-color:#ffffff;padding:2px 0 2px 1pt;text-align:right;vertical-align:top""><span style=""color:#000000;font-family:'Times New Roman',serif;font-size:10pt;font-weight:400;line-height:100%"">45 </span></td><td style=""background-color:#ffffff;padding:2px 1pt 2px 0;text-align:right;vertical-align:top""></td><td colspan=""3"" style=""background-color:#ffffff;padding:0 1pt""></td><td colspan=""2"" style=""background-color:#ffffff;padding:2px 0 2px 1pt;text-align:right;vertical-align:top""><span style=""color:#000000;font-family:'Times New Roman',serif;font-size:10pt;font-weight:400;line-height:100%"">279 </span></td><td style=""background-color:#ffffff;padding:2px 1pt 2px 0;text-align:right;vertical-align:top""></td></tr><tr><td colspan=""3"" style=""background-color:#cceeff;padding:2px 1pt 2px 10pt;text-align:left;vertical-align:top""><span style=""color:#000000;font-family:'Times New Roman',serif;font-size:10pt;font-weight:400;line-height:100%"">Total deferred tax expense (benefit)</span></td><td colspan=""2"" style=""background-color:#cceeff;border-top:1pt solid #000;padding:2px 0 2px 1pt;text-align:right;vertical-align:top""><span style=""color:#000000;font-family:'Times New Roman',serif;font-size:10pt;font-weight:400;line-height:100%"">1,201 </span></td><td style=""background-color:#cceeff;border-top:1pt solid #000;padding:2px 1pt 2px 0;text-align:right;vertical-align:top""></td><td colspan=""3"" style=""background-color:#cceeff;padding:0 1pt""></td><td colspan=""2"" style=""background-color:#cceeff;border-top:1pt solid #000;padding:2px 0 2px 1pt;text-align:right;vertical-align:top""><span style=""color:#000000;font-family:'Times New Roman',serif;font-size:10pt;font-weight:400;line-height:100%"">1,168 </span></td><td style=""background-color:#cceeff;border-top:1pt solid #000;padding:2px 1pt 2px 0;text-align:right;vertical-align:top""></td><td colspan=""3"" style=""background-color:#cceeff;padding:0 1pt""></td><td colspan=""2"" style=""background-color:#cceeff;border-top:1pt solid #000;padding:2px 0 2px 1pt;text-align:right;vertical-align:top""><span style=""color:#000000;font-family:'Times New Roman',serif;font-size:10pt;font-weight:400;line-height:100%"">(317)</span></td><td style=""background-color:#cceeff;border-top:1pt solid #000;padding:2px 1pt 2px 0;text-align:right;vertical-align:top""></td><td colspan=""3"" style=""background-color:#cceeff;padding:0 1pt""></td><td colspan=""2"" style=""background-color:#cceeff;border-top:1pt solid #000;padding:2px 0 2px 1pt;text-align:right;vertical-align:top""><span style=""color:#000000;font-family:'Times New Roman',serif;font-size:10pt;font-weight:400;line-height:100%"">3,174 </span></td><td style=""background-color:#cceeff;border-top:1pt solid #000;padding:2px 1pt 2px 0;text-align:right;vertical-align:top""></td></tr><tr style=""height:12pt""><td colspan=""3"" style=""background-color:#ffffff;padding:0 1pt""></td><td colspan=""3"" style=""background-color:#ffffff;padding:0 1pt""></td><td colspan=""3"" style=""background-color:#ffffff;padding:0 1pt""></td><td colspan=""3"" style=""background-color:#ffffff;padding:0 1pt""></td><td colspan=""3"" style=""background-color:#ffffff;padding:0 1pt""></td><td colspan=""3"" style=""background-color:#ffffff;padding:0 1pt""></td><td colspan=""3"" style=""background-color:#ffffff;padding:0 1pt""></td><td colspan=""3"" style=""background-color:#ffffff;padding:0 1pt""></td></tr><tr><td colspan=""3"" style=""background-color:#cceeff;padding:2px 1pt 2px 10pt;text-align:left;vertical-align:top""><span style=""color:#000000;font-family:'Times New Roman',serif;font-size:10pt;font-weight:400;line-height:100%"">Total investment valuation related income tax provision (benefit)</span></td><td style=""background-color:#cceeff;border-top:1pt solid #000;padding:2px 0 2px 1pt;text-align:left;vertical-align:bottom""><span style=""color:#000000;font-family:'Times New Roman',serif;font-size:10pt;font-weight:400;line-height:100%"">$</span></td><td style=""background-color:#cceeff;border-top:1pt solid #000;padding:2px 0;text-align:right;vertical-align:bottom""><span style=""color:#000000;font-family:'Times New Roman',serif;font-size:10pt;font-weight:400;line-height:100%"">1,201 </span></td><td style=""background-color:#cceeff;border-top:1pt solid #000;padding:2px 1pt 2px 0;text-align:right;vertical-align:bottom""></td><td colspan=""3"" style=""background-color:#cceeff;padding:0 1pt""></td><td style=""background-color:#cceeff;border-top:1pt solid #000;padding:2px 0 2px 1pt;text-align:left;vertical-align:bottom""><span style=""color:#000000;font-family:'Times New Roman',serif;font-size:10pt;font-weight:400;line-height:100%"">$</span></td><td style=""background-color:#cceeff;border-top:1pt solid #000;padding:2px 0;text-align:right;vertical-align:bottom""><span style=""color:#000000;font-family:'Times New Roman',serif;font-size:10pt;font-weight:400;line-height:100%"">1,168 </span></td><td style=""background-color:#cceeff;border-top:1pt solid #000;padding:2px 1pt 2px 0;text-align:right;vertical-align:bottom""></td><td colspan=""3"" style=""background-color:#cceeff;padding:0 1pt""></td><td style=""background-color:#cceeff;border-top:1pt solid #000;padding:2px 0 2px 1pt;text-align:left;vertical-align:bottom""><span style=""color:#000000;font-family:'Times New Roman',serif;font-size:10pt;font-weight:400;line-height:100%"">$</span></td><td style=""background-color:#cceeff;border-top:1pt solid #000;padding:2px 0;text-align:right;vertical-align:bottom""><span style=""color:#000000;font-family:'Times New Roman',serif;font-size:10pt;font-weight:400;line-height:100%"">(317)</span></td><td style=""background-color:#cceeff;border-top:1pt solid #000;padding:2px 1pt 2px 0;text-align:right;vertical-align:bottom""></td><td colspan=""3"" style=""background-color:#cceeff;padding:0 1pt""></td><td style=""background-color:#cceeff;border-top:1pt solid #000;padding:2px 0 2px 1pt;text-align:left;vertical-align:bottom""><span style=""color:#000000;font-family:'Times New Roman',serif;font-size:10pt;font-weight:400;line-height:100%"">$</span></td><td style=""background-color:#cceeff;border-top:1pt solid #000;padding:2px 0;text-align:right;vertical-align:bottom""><span style=""color:#000000;font-family:'Times New Roman',serif;font-size:10pt;font-weight:400;line-height:100%"">3,379 </span></td><td style=""background-color:#cceeff;border-top:1pt solid #000;padding:2px 1pt 2px 0;text-align:right;vertical-align:bottom""></td></tr><tr style=""height:12pt""><td colspan=""3"" style=""background-color:#ffffff;padding:0 1pt""></td><td colspan=""3"" style=""background-color:#ffffff;border-top:1pt solid #000;padding:0 1pt""></td><td colspan=""3"" style=""background-color:#ffffff;padding:0 1pt""></td><td colspan=""3"" style=""background-color:#ffffff;border-top:1pt solid #000;padding:0 1pt""></td><td colspan=""3"" style=""background-color:#ffffff;padding:0 1pt""></td><td colspan=""3"" style=""background-color:#ffffff;border-top:1pt solid #000;padding:0 1pt""></td><td colspan=""3"" style=""background-color:#ffffff;padding:0 1pt""></td><td colspan=""3"" style=""background-color:#ffffff;border-top:1pt solid #000;padding:0 1pt""></td></tr><tr><td colspan=""3"" style=""background-color:#cceeff;padding:2px 1pt;text-align:left;vertical-align:top""><span style=""color:#000000;font-family:'Times New Roman',serif;font-size:10pt;font-weight:700;line-height:100%"">Total income tax provision</span></td><td style=""background-color:#cceeff;border-bottom:3pt double #000;border-top:1pt solid #000;padding:2px 0 2px 1pt;text-align:left;vertical-align:top""><span style=""color:#000000;font-family:'Times New Roman',serif;font-size:10pt;font-weight:400;line-height:100%"">$</span></td><td style=""background-color:#cceeff;border-bottom:3pt double #000;border-top:1pt solid #000;padding:2px 0;text-align:right;vertical-align:top""><span style=""color:#000000;font-family:'Times New Roman',serif;font-size:10pt;font-weight:400;line-height:100%"">1,654 </span></td><td style=""background-color:#cceeff;border-bottom:3pt double #000;border-top:1pt solid #000;padding:2px 1pt 2px 0;text-align:right;vertical-align:top""></td><td colspan=""3"" style=""background-color:#cceeff;padding:0 1pt""></td><td style=""background-color:#cceeff;border-bottom:3pt double #000;border-top:1pt solid #000;padding:2px 0 2px 1pt;text-align:left;vertical-align:top""><span style=""color:#000000;font-family:'Times New Roman',serif;font-size:10pt;font-weight:400;line-height:100%"">$</span></td><td style=""background-color:#cceeff;border-bottom:3pt double #000;border-top:1pt solid #000;padding:2px 0;text-align:right;vertical-align:top""><span style=""color:#000000;font-family:'Times New Roman',serif;font-size:10pt;font-weight:400;line-height:100%"">2,434 </span></td><td style=""background-color:#cceeff;border-bottom:3pt double #000;border-top:1pt solid #000;padding:2px 1pt 2px 0;text-align:right;vertical-align:top""></td><td colspan=""3"" style=""background-color:#cceeff;padding:0 1pt""></td><td style=""background-color:#cceeff;border-bottom:3pt double #000;border-top:1pt solid #000;padding:2px 0 2px 1pt;text-align:left;vertical-align:top""><span style=""color:#000000;font-family:'Times New Roman',serif;font-size:10pt;font-weight:400;line-height:100%"">$</span></td><td style=""background-color:#cceeff;border-bottom:3pt double #000;border-top:1pt solid #000;padding:2px 0;text-align:right;vertical-align:top""><span style=""color:#000000;font-family:'Times New Roman',serif;font-size:10pt;font-weight:400;line-height:100%"">2,176 </span></td><td style=""background-color:#cceeff;border-bottom:3pt double #000;border-top:1pt solid #000;padding:2px 1pt 2px 0;text-align:right;vertical-align:top""></td><td colspan=""3"" style=""background-color:#cceeff;padding:0 1pt""></td><td style=""background-color:#cceeff;border-bottom:3pt double #000;border-top:1pt solid #000;padding:2px 0 2px 1pt;text-align:left;vertical-align:top""><span style=""color:#000000;font-family:'Times New Roman',serif;font-size:10pt;font-weight:400;line-height:100%"">$</span></td><td style=""background-color:#cceeff;border-bottom:3pt double #000;border-top:1pt solid #000;padding:2px 0;text-align:right;vertical-align:top""><span style=""color:#000000;font-family:'Times New Roman',serif;font-size:10pt;font-weight:400;line-height:100%"">6,150 </span></td><td style=""background-color:#cceeff;border-bottom:3pt double #000;border-top:1pt solid #000;padding:2px 1pt 2px 0;text-align:right;vertical-align:top""></td></tr></table></div>",c-1,,,,,,False,ScheduleOfComponentsOfIncomeTaxExpenseBenefitTableTextBlock,
MSIF,2025-11-14,income_statement,income_statement,InvestmentIncomeOperatingFederalTaxExpenseBenefitCurrent,InvestmentIncomeOperatingFederalTaxExpenseBenefitCurrent,-38000,c-27,,,,,,False,InvestmentIncomeOperatingFederalTaxExpenseBenefitCurrent,
MSIF,2025-11-14,income_statement,income_statement,InvestmentIncomeOperatingFederalTaxExpenseBenefitCurrent,InvestmentIncomeOperatingFederalTaxExpenseBenefitCurrent,761000,c-28,,,,,,False,InvestmentIncomeOperatingFederalTaxExpenseBenefitCurrent,
MSIF,2025-11-14,income_statement,income_statement,InvestmentIncomeOperatingFederalTaxExpenseBenefitCurrent,InvestmentIncomeOperatingFederalTaxExpenseBenefitCurrent,80000,c-1,,,,,,False,InvestmentIncomeOperatingFederalTaxExpenseBenefitCurrent,
MSIF,2025-11-14,income_statement,income_statement,InvestmentIncomeOperatingFederalTaxExpenseBenefitCurrent,InvestmentIncomeOperatingFederalTaxExpenseBenefitCurrent,940000,c-29,,,,,,False,InvestmentIncomeOperatingFederalTaxExpenseBenefitCurrent,
MSIF,2025-11-14,income_statement,income_statement,InvestmentIncomeOperatingStateAndOtherTaxExpenseBenefitCurrent,InvestmentIncomeOperatingStateAndOtherTaxExpenseBenefitCurrent,108000,c-27,,,,,,False,InvestmentIncomeOperatingStateAndOtherTaxExpenseBenefitCurrent,
MSIF,2025-11-14,income_statement,income_statement,InvestmentIncomeOperatingStateAndOtherTaxExpenseBenefitCurrent,InvestmentIncomeOperatingStateAndOtherTaxExpenseBenefitCurrent,396000,c-28,,,,,,False,InvestmentIncomeOperatingStateAndOtherTaxExpenseBenefitCurrent,
MSIF,2025-11-14,income_statement,income_statement,InvestmentIncomeOperatingStateAndOtherTaxExpenseBenefitCurrent,InvestmentIncomeOperatingStateAndOtherTaxExpenseBenefitCurrent,449000,c-1,,,,,,False,InvestmentIncomeOperatingStateAndOtherTaxExpenseBenefitCurrent,
MSIF,2025-11-14,income_statement,income_statement,InvestmentIncomeOperatingStateAndOtherTaxExpenseBenefitCurrent,InvestmentIncomeOperatingStateAndOtherTaxExpenseBenefitCurrent,810000,c-29,,,,,,False,InvestmentIncomeOperatingStateAndOtherTaxExpenseBenefitCurrent,
MSIF,2025-11-14,income_statement,income_statement,InvestmentIncomeOperatingTaxExpenseBenefitCurrent,InvestmentIncomeOperatingTaxExpenseBenefitCurrent,31000,c-27,,,,,,False,InvestmentIncomeOperatingTaxExpenseBenefitCurrent,
MSIF,2025-11-14,income_statement,income_statement,InvestmentIncomeOperatingTaxExpenseBenefitCurrent,InvestmentIncomeOperatingTaxExpenseBenefitCurrent,1648000,c-28,,,,,,False,InvestmentIncomeOperatingTaxExpenseBenefitCurrent,
MSIF,2025-11-14,income_statement,income_statement,InvestmentIncomeOperatingTaxExpenseBenefitCurrent,InvestmentIncomeOperatingTaxExpenseBenefitCurrent,769000,c-1,,,,,,False,InvestmentIncomeOperatingTaxExpenseBenefitCurrent,
MSIF,2025-11-14,income_statement,income_statement,InvestmentIncomeOperatingTaxExpenseBenefitCurrent,InvestmentIncomeOperatingTaxExpenseBenefitCurrent,2320000,c-29,,,,,,False,InvestmentIncomeOperatingTaxExpenseBenefitCurrent,
MSIF,2025-11-14,income_statement,income_statement,InvestmentIncomeOperatingDeferredFederalTaxExpenseBenefit,InvestmentIncomeOperatingDeferredFederalTaxExpenseBenefit,474000,c-27,,,,,,False,InvestmentIncomeOperatingDeferredFederalTaxExpenseBenefit,
MSIF,2025-11-14,income_statement,income_statement,InvestmentIncomeOperatingDeferredFederalTaxExpenseBenefit,InvestmentIncomeOperatingDeferredFederalTaxExpenseBenefit,-245000,c-28,,,,,,False,InvestmentIncomeOperatingDeferredFederalTaxExpenseBenefit,
MSIF,2025-11-14,income_statement,income_statement,InvestmentIncomeOperatingDeferredFederalTaxExpenseBenefit,InvestmentIncomeOperatingDeferredFederalTaxExpenseBenefit,1716000,c-1,,,,,,False,InvestmentIncomeOperatingDeferredFederalTaxExpenseBenefit,
MSIF,2025-11-14,income_statement,income_statement,InvestmentIncomeOperatingDeferredFederalTaxExpenseBenefit,InvestmentIncomeOperatingDeferredFederalTaxExpenseBenefit,500000,c-29,,,,,,False,InvestmentIncomeOperatingDeferredFederalTaxExpenseBenefit,
MSIF,2025-11-14,income_statement,income_statement,InvestmentIncomeOperatingDeferredStateAndOtherTaxExpenseBenefit,InvestmentIncomeOperatingDeferredStateAndOtherTaxExpenseBenefit,-52000,c-27,,,,,,False,InvestmentIncomeOperatingDeferredStateAndOtherTaxExpenseBenefit,
MSIF,2025-11-14,income_statement,income_statement,InvestmentIncomeOperatingDeferredStateAndOtherTaxExpenseBenefit,InvestmentIncomeOperatingDeferredStateAndOtherTaxExpenseBenefit,-137000,c-28,,,,,,False,InvestmentIncomeOperatingDeferredStateAndOtherTaxExpenseBenefit,
MSIF,2025-11-14,income_statement,income_statement,InvestmentIncomeOperatingDeferredStateAndOtherTaxExpenseBenefit,InvestmentIncomeOperatingDeferredStateAndOtherTaxExpenseBenefit,8000,c-1,,,,,,False,InvestmentIncomeOperatingDeferredStateAndOtherTaxExpenseBenefit,
MSIF,2025-11-14,income_statement,income_statement,InvestmentIncomeOperatingDeferredStateAndOtherTaxExpenseBenefit,InvestmentIncomeOperatingDeferredStateAndOtherTaxExpenseBenefit,-49000,c-29,,,,,,False,InvestmentIncomeOperatingDeferredStateAndOtherTaxExpenseBenefit,
MSIF,2025-11-14,income_statement,income_statement,InvestmentIncomeOperatingDeferredTaxExpenseBenefit,InvestmentIncomeOperatingDeferredTaxExpenseBenefit,422000,c-27,,,,,,False,InvestmentIncomeOperatingDeferredTaxExpenseBenefit,
MSIF,2025-11-14,income_statement,income_statement,InvestmentIncomeOperatingDeferredTaxExpenseBenefit,InvestmentIncomeOperatingDeferredTaxExpenseBenefit,-382000,c-28,,,,,,False,InvestmentIncomeOperatingDeferredTaxExpenseBenefit,
MSIF,2025-11-14,income_statement,income_statement,InvestmentIncomeOperatingDeferredTaxExpenseBenefit,InvestmentIncomeOperatingDeferredTaxExpenseBenefit,1724000,c-1,,,,,,False,InvestmentIncomeOperatingDeferredTaxExpenseBenefit,
MSIF,2025-11-14,income_statement,income_statement,InvestmentIncomeOperatingDeferredTaxExpenseBenefit,InvestmentIncomeOperatingDeferredTaxExpenseBenefit,451000,c-29,,,,,,False,InvestmentIncomeOperatingDeferredTaxExpenseBenefit,
MSIF,2025-11-14,income_statement,income_statement,InvestmentIncomeOperatingTaxExpenseBenefit,InvestmentIncomeOperatingTaxExpenseBenefit,453000,c-27,,,,,,False,InvestmentIncomeOperatingTaxExpenseBenefit,
MSIF,2025-11-14,income_statement,income_statement,InvestmentIncomeOperatingTaxExpenseBenefit,InvestmentIncomeOperatingTaxExpenseBenefit,1266000,c-28,,,,,,False,InvestmentIncomeOperatingTaxExpenseBenefit,
MSIF,2025-11-14,income_statement,income_statement,InvestmentIncomeOperatingTaxExpenseBenefit,InvestmentIncomeOperatingTaxExpenseBenefit,2493000,c-1,,,,,,False,InvestmentIncomeOperatingTaxExpenseBenefit,
MSIF,2025-11-14,income_statement,income_statement,InvestmentIncomeOperatingTaxExpenseBenefit,InvestmentIncomeOperatingTaxExpenseBenefit,2771000,c-29,,,,,,False,InvestmentIncomeOperatingTaxExpenseBenefit,
MSIF,2025-11-14,income_statement,income_statement,RealizedGainLossInvestmentAndDerivativeOperatingFederalTaxExpenseBenefitCurrent,RealizedGainLossInvestmentAndDerivativeOperatingFederalTaxExpenseBenefitCurrent,0,c-27,,,,,,False,RealizedGainLossInvestmentAndDerivativeOperatingFederalTaxExpenseBenefitCurrent,
MSIF,2025-11-14,income_statement,income_statement,RealizedGainLossInvestmentAndDerivativeOperatingFederalTaxExpenseBenefitCurrent,RealizedGainLossInvestmentAndDerivativeOperatingFederalTaxExpenseBenefitCurrent,0,c-28,,,,,,False,RealizedGainLossInvestmentAndDerivativeOperatingFederalTaxExpenseBenefitCurrent,
MSIF,2025-11-14,income_statement,income_statement,RealizedGainLossInvestmentAndDerivativeOperatingFederalTaxExpenseBenefitCurrent,RealizedGainLossInvestmentAndDerivativeOperatingFederalTaxExpenseBenefitCurrent,0,c-1,,,,,,False,RealizedGainLossInvestmentAndDerivativeOperatingFederalTaxExpenseBenefitCurrent,
MSIF,2025-11-14,income_statement,income_statement,RealizedGainLossInvestmentAndDerivativeOperatingFederalTaxExpenseBenefitCurrent,RealizedGainLossInvestmentAndDerivativeOperatingFederalTaxExpenseBenefitCurrent,205000,c-29,,,,,,False,RealizedGainLossInvestmentAndDerivativeOperatingFederalTaxExpenseBenefitCurrent,
MSIF,2025-11-14,income_statement,income_statement,RealizedGainLossInvestmentAndDerivativeOperatingTaxExpenseBenefitCurrent,RealizedGainLossInvestmentAndDerivativeOperatingTaxExpenseBenefitCurrent,0,c-27,,,,,,False,RealizedGainLossInvestmentAndDerivativeOperatingTaxExpenseBenefitCurrent,
MSIF,2025-11-14,income_statement,income_statement,RealizedGainLossInvestmentAndDerivativeOperatingTaxExpenseBenefitCurrent,RealizedGainLossInvestmentAndDerivativeOperatingTaxExpenseBenefitCurrent,0,c-28,,,,,,False,RealizedGainLossInvestmentAndDerivativeOperatingTaxExpenseBenefitCurrent,
MSIF,2025-11-14,income_statement,income_statement,RealizedGainLossInvestmentAndDerivativeOperatingTaxExpenseBenefitCurrent,RealizedGainLossInvestmentAndDerivativeOperatingTaxExpenseBenefitCurrent,0,c-1,,,,,,False,RealizedGainLossInvestmentAndDerivativeOperatingTaxExpenseBenefitCurrent,
MSIF,2025-11-14,income_statement,income_statement,RealizedGainLossInvestmentAndDerivativeOperatingTaxExpenseBenefitCurrent,RealizedGainLossInvestmentAndDerivativeOperatingTaxExpenseBenefitCurrent,205000,c-29,,,,,,False,RealizedGainLossInvestmentAndDerivativeOperatingTaxExpenseBenefitCurrent,
MSIF,2025-11-14,income_statement,income_statement,RealizedGainLossInvestmentAndDerivativeOperatingDeferredFederalTaxExpenseBenefit,RealizedGainLossInvestmentAndDerivativeOperatingDeferredFederalTaxExpenseBenefit,1051000,c-27,,,,,,False,RealizedGainLossInvestmentAndDerivativeOperatingDeferredFederalTaxExpenseBenefit,
MSIF,2025-11-14,income_statement,income_statement,RealizedGainLossInvestmentAndDerivativeOperatingDeferredFederalTaxExpenseBenefit,RealizedGainLossInvestmentAndDerivativeOperatingDeferredFederalTaxExpenseBenefit,898000,c-28,,,,,,False,RealizedGainLossInvestmentAndDerivativeOperatingDeferredFederalTaxExpenseBenefit,
MSIF,2025-11-14,income_statement,income_statement,RealizedGainLossInvestmentAndDerivativeOperatingDeferredFederalTaxExpenseBenefit,RealizedGainLossInvestmentAndDerivativeOperatingDeferredFederalTaxExpenseBenefit,-362000,c-1,,,,,,False,RealizedGainLossInvestmentAndDerivativeOperatingDeferredFederalTaxExpenseBenefit,
MSIF,2025-11-14,income_statement,income_statement,RealizedGainLossInvestmentAndDerivativeOperatingDeferredFederalTaxExpenseBenefit,RealizedGainLossInvestmentAndDerivativeOperatingDeferredFederalTaxExpenseBenefit,2895000,c-29,,,,,,False,RealizedGainLossInvestmentAndDerivativeOperatingDeferredFederalTaxExpenseBenefit,
MSIF,2025-11-14,income_statement,income_statement,RealizedGainLossInvestmentAndDerivativeOperatingDeferredStateAndOtherTaxExpenseBenefit,RealizedGainLossInvestmentAndDerivativeOperatingDeferredStateAndOtherTaxExpenseBenefit,150000,c-27,,,,,,False,RealizedGainLossInvestmentAndDerivativeOperatingDeferredStateAndOtherTaxExpenseBenefit,
MSIF,2025-11-14,income_statement,income_statement,RealizedGainLossInvestmentAndDerivativeOperatingDeferredStateAndOtherTaxExpenseBenefit,RealizedGainLossInvestmentAndDerivativeOperatingDeferredStateAndOtherTaxExpenseBenefit,270000,c-28,,,,,,False,RealizedGainLossInvestmentAndDerivativeOperatingDeferredStateAndOtherTaxExpenseBenefit,
MSIF,2025-11-14,income_statement,income_statement,RealizedGainLossInvestmentAndDerivativeOperatingDeferredStateAndOtherTaxExpenseBenefit,RealizedGainLossInvestmentAndDerivativeOperatingDeferredStateAndOtherTaxExpenseBenefit,45000,c-1,,,,,,False,RealizedGainLossInvestmentAndDerivativeOperatingDeferredStateAndOtherTaxExpenseBenefit,
MSIF,2025-11-14,income_statement,income_statement,RealizedGainLossInvestmentAndDerivativeOperatingDeferredStateAndOtherTaxExpenseBenefit,RealizedGainLossInvestmentAndDerivativeOperatingDeferredStateAndOtherTaxExpenseBenefit,279000,c-29,,,,,,False,RealizedGainLossInvestmentAndDerivativeOperatingDeferredStateAndOtherTaxExpenseBenefit,
MSIF,2025-11-14,income_statement,income_statement,RealizedGainLossInvestmentAndDerivativeOperatingDeferredTaxExpenseBenefit,RealizedGainLossInvestmentAndDerivativeOperatingDeferredTaxExpenseBenefit,1201000,c-27,,,,,,False,RealizedGainLossInvestmentAndDerivativeOperatingDeferredTaxExpenseBenefit,
MSIF,2025-11-14,income_statement,income_statement,RealizedGainLossInvestmentAndDerivativeOperatingDeferredTaxExpenseBenefit,RealizedGainLossInvestmentAndDerivativeOperatingDeferredTaxExpenseBenefit,1168000,c-28,,,,,,False,RealizedGainLossInvestmentAndDerivativeOperatingDeferredTaxExpenseBenefit,
MSIF,2025-11-14,income_statement,income_statement,RealizedGainLossInvestmentAndDerivativeOperatingDeferredTaxExpenseBenefit,RealizedGainLossInvestmentAndDerivativeOperatingDeferredTaxExpenseBenefit,-317000,c-1,,,,,,False,RealizedGainLossInvestmentAndDerivativeOperatingDeferredTaxExpenseBenefit,
MSIF,2025-11-14,income_statement,income_statement,RealizedGainLossInvestmentAndDerivativeOperatingDeferredTaxExpenseBenefit,RealizedGainLossInvestmentAndDerivativeOperatingDeferredTaxExpenseBenefit,3174000,c-29,,,,,,False,RealizedGainLossInvestmentAndDerivativeOperatingDeferredTaxExpenseBenefit,
MSIF,2025-11-14,income_statement,income_statement,InvestmentCompanyIncomeTaxExpenseBenefit,InvestmentCompanyIncomeTaxExpenseBenefit,1654000,c-27,,,,,,False,InvestmentCompanyIncomeTaxExpenseBenefit,
MSIF,2025-11-14,income_statement,income_statement,InvestmentCompanyIncomeTaxExpenseBenefit,InvestmentCompanyIncomeTaxExpenseBenefit,2434000,c-28,,,,,,False,InvestmentCompanyIncomeTaxExpenseBenefit,
MSIF,2025-11-14,income_statement,income_statement,InvestmentCompanyIncomeTaxExpenseBenefit,InvestmentCompanyIncomeTaxExpenseBenefit,2176000,c-1,,,,,,False,InvestmentCompanyIncomeTaxExpenseBenefit,
MSIF,2025-11-14,income_statement,income_statement,InvestmentCompanyIncomeTaxExpenseBenefit,InvestmentCompanyIncomeTaxExpenseBenefit,6150000,c-29,,,,,,False,InvestmentCompanyIncomeTaxExpenseBenefit,
MSIF,2025-11-14,income_statement,income_statement,InvestmentCompanyNumberOfAdditionalInvestmentsCommitmentsRestrictedForFundExpensesOrFollowOnInvestmentsInExistingPortfolio,InvestmentCompanyNumberOfAdditionalInvestmentsCommitmentsRestrictedForFundExpensesOrFollowOnInvestmentsInExistingPortfolio,1,c-1460,,,,,,False,InvestmentCompanyNumberOfAdditionalInvestmentsCommitmentsRestrictedForFundExpensesOrFollowOnInvestmentsInExistingPortfolio,
MSIF,2025-11-14,income_statement,income_statement,ManagementFeeExpense,ManagementFeeExpense,4860000,c-1785,,,,,,False,ManagementFeeExpense,
MSIF,2025-11-14,income_statement,income_statement,ManagementFeeExpense,ManagementFeeExpense,5338000,c-1786,,,,,,False,ManagementFeeExpense,
MSIF,2025-11-14,income_statement,income_statement,ManagementFeeExpense,ManagementFeeExpense,14739000,c-1787,,,,,,False,ManagementFeeExpense,
MSIF,2025-11-14,income_statement,income_statement,ManagementFeeExpense,ManagementFeeExpense,15545000,c-1788,,,,,,False,ManagementFeeExpense,
MSIF,2025-11-14,income_statement,income_statement,ManagementFeeExpense,ManagementFeeExpense,3321000,c-1789,,,,,,False,ManagementFeeExpense,
MSIF,2025-11-14,income_statement,income_statement,ManagementFeeExpense,ManagementFeeExpense,2136000,c-1790,,,,,,False,ManagementFeeExpense,
MSIF,2025-11-14,income_statement,income_statement,ManagementFeeExpense,ManagementFeeExpense,8775000,c-1791,,,,,,False,ManagementFeeExpense,
MSIF,2025-11-14,income_statement,income_statement,ManagementFeeExpense,ManagementFeeExpense,9364000,c-1792,,,,,,False,ManagementFeeExpense,
MSIF,2025-11-14,income_statement,income_statement,ManagementFeeExpense,ManagementFeeExpense,0,c-1793,,,,,,False,ManagementFeeExpense,
MSIF,2025-11-14,income_statement,income_statement,ManagementFeeExpense,ManagementFeeExpense,0,c-1794,,,,,,False,ManagementFeeExpense,
MSIF,2025-11-14,income_statement,income_statement,ManagementFeeExpense,ManagementFeeExpense,0,c-1795,,,,,,False,ManagementFeeExpense,
MSIF,2025-11-14,income_statement,income_statement,ManagementFeeExpense,ManagementFeeExpense,0,c-1796,,,,,,False,ManagementFeeExpense,
MSIF,2025-11-14,income_statement,income_statement,ManagementFeeExpense,ManagementFeeExpense,173000,c-1801,,,,,,False,ManagementFeeExpense,
MSIF,2025-11-14,income_statement,income_statement,ManagementFeeExpense,ManagementFeeExpense,2368000,c-1802,,,,,,False,ManagementFeeExpense,
MSIF,2025-11-14,income_statement,income_statement,ManagementFeeExpense,ManagementFeeExpense,519000,c-1803,,,,,,False,ManagementFeeExpense,
MSIF,2025-11-14,income_statement,income_statement,ManagementFeeExpense,ManagementFeeExpense,7155000,c-1804,,,,,,False,ManagementFeeExpense,
MSIF,2025-11-14,income_statement,income_statement,InterestFeesAndDividendIncomeSecuritiesOperating,InterestFeesAndDividendIncomeSecuritiesOperating,0,c-1815,,,,,,False,InterestFeesAndDividendIncomeSecuritiesOperating,
MSIF,2025-11-14,income_statement,income_statement,InterestFeesAndDividendIncomeSecuritiesOperating,InterestFeesAndDividendIncomeSecuritiesOperating,24000,c-1817,,,,,,False,InterestFeesAndDividendIncomeSecuritiesOperating,
MSIF,2025-11-14,income_statement,income_statement,InterestFeesAndDividendIncomeSecuritiesOperating,InterestFeesAndDividendIncomeSecuritiesOperating,0,c-1819,,,,,,False,InterestFeesAndDividendIncomeSecuritiesOperating,
MSIF,2025-11-14,income_statement,income_statement,InterestFeesAndDividendIncomeSecuritiesOperating,InterestFeesAndDividendIncomeSecuritiesOperating,127000,c-1821,,,,,,False,InterestFeesAndDividendIncomeSecuritiesOperating,
MSIF,2025-11-14,income_statement,income_statement,InterestFeesAndDividendIncomeSecuritiesOperating,InterestFeesAndDividendIncomeSecuritiesOperating,1922000,c-1823,,,,,,False,InterestFeesAndDividendIncomeSecuritiesOperating,
MSIF,2025-11-14,income_statement,income_statement,InterestFeesAndDividendIncomeSecuritiesOperating,InterestFeesAndDividendIncomeSecuritiesOperating,2108000,c-1824,,,,,,False,InterestFeesAndDividendIncomeSecuritiesOperating,
MSIF,2025-11-14,income_statement,income_statement,InterestFeesAndDividendIncomeSecuritiesOperating,InterestFeesAndDividendIncomeSecuritiesOperating,0,c-1825,,,,,,False,InterestFeesAndDividendIncomeSecuritiesOperating,
MSIF,2025-11-14,income_statement,income_statement,InterestFeesAndDividendIncomeSecuritiesOperating,InterestFeesAndDividendIncomeSecuritiesOperating,68000,c-1827,,,,,,False,InterestFeesAndDividendIncomeSecuritiesOperating,
MSIF,2025-11-14,income_statement,income_statement,InterestFeesAndDividendIncomeSecuritiesOperating,InterestFeesAndDividendIncomeSecuritiesOperating,0,c-1828,,,,,,False,InterestFeesAndDividendIncomeSecuritiesOperating,
MSIF,2025-11-14,income_statement,income_statement,InterestFeesAndDividendIncomeSecuritiesOperating,InterestFeesAndDividendIncomeSecuritiesOperating,0,c-1831,,,,,,False,InterestFeesAndDividendIncomeSecuritiesOperating,
MSIF,2025-11-14,income_statement,income_statement,InterestFeesAndDividendIncomeSecuritiesOperating,InterestFeesAndDividendIncomeSecuritiesOperating,0,c-1834,,,,,,False,InterestFeesAndDividendIncomeSecuritiesOperating,
MSIF,2025-11-14,income_statement,income_statement,InterestFeesAndDividendIncomeSecuritiesOperating,InterestFeesAndDividendIncomeSecuritiesOperating,0,c-1836,,,,,,False,InterestFeesAndDividendIncomeSecuritiesOperating,
MSIF,2025-11-14,income_statement,income_statement,InterestFeesAndDividendIncomeSecuritiesOperating,InterestFeesAndDividendIncomeSecuritiesOperating,0,c-1838,,,,,,False,InterestFeesAndDividendIncomeSecuritiesOperating,
MSIF,2025-11-14,income_statement,income_statement,InterestFeesAndDividendIncomeSecuritiesOperating,InterestFeesAndDividendIncomeSecuritiesOperating,4249000,c-17,,,,,,False,InterestFeesAndDividendIncomeSecuritiesOperating,
MSIF,2025-11-14,income_statement,income_statement,InterestFeesAndDividendIncomeSecuritiesOperating,InterestFeesAndDividendIncomeSecuritiesOperating,0,c-1841,,,,,,False,InterestFeesAndDividendIncomeSecuritiesOperating,
MSIF,2025-11-14,income_statement,income_statement,InterestFeesAndDividendIncomeSecuritiesOperating,InterestFeesAndDividendIncomeSecuritiesOperating,144000,c-1845,,,,,,False,InterestFeesAndDividendIncomeSecuritiesOperating,
MSIF,2025-11-14,income_statement,income_statement,InterestFeesAndDividendIncomeSecuritiesOperating,InterestFeesAndDividendIncomeSecuritiesOperating,144000,c-1847,,,,,,False,InterestFeesAndDividendIncomeSecuritiesOperating,
MSIF,2025-11-14,income_statement,income_statement,InterestFeesAndDividendIncomeSecuritiesOperating,InterestFeesAndDividendIncomeSecuritiesOperating,0,c-1849,,,,,,False,InterestFeesAndDividendIncomeSecuritiesOperating,
MSIF,2025-11-14,income_statement,income_statement,InterestFeesAndDividendIncomeSecuritiesOperating,InterestFeesAndDividendIncomeSecuritiesOperating,127000,c-1852,,,,,,False,InterestFeesAndDividendIncomeSecuritiesOperating,
MSIF,2025-11-14,income_statement,income_statement,InterestFeesAndDividendIncomeSecuritiesOperating,InterestFeesAndDividendIncomeSecuritiesOperating,0,c-1853,,,,,,False,InterestFeesAndDividendIncomeSecuritiesOperating,
MSIF,2025-11-14,income_statement,income_statement,InterestFeesAndDividendIncomeSecuritiesOperating,InterestFeesAndDividendIncomeSecuritiesOperating,0,c-1856,,,,,,False,InterestFeesAndDividendIncomeSecuritiesOperating,
MSIF,2025-11-14,income_statement,income_statement,InterestFeesAndDividendIncomeSecuritiesOperating,InterestFeesAndDividendIncomeSecuritiesOperating,0,c-665,,,,,,False,InterestFeesAndDividendIncomeSecuritiesOperating,
MSIF,2025-11-14,income_statement,income_statement,InterestFeesAndDividendIncomeSecuritiesOperating,InterestFeesAndDividendIncomeSecuritiesOperating,368000,c-1859,,,,,,False,InterestFeesAndDividendIncomeSecuritiesOperating,
MSIF,2025-11-14,income_statement,income_statement,InterestFeesAndDividendIncomeSecuritiesOperating,InterestFeesAndDividendIncomeSecuritiesOperating,1000,c-1860,,,,,,False,InterestFeesAndDividendIncomeSecuritiesOperating,
MSIF,2025-11-14,income_statement,income_statement,InterestFeesAndDividendIncomeSecuritiesOperating,InterestFeesAndDividendIncomeSecuritiesOperating,2000,c-1862,,,,,,False,InterestFeesAndDividendIncomeSecuritiesOperating,
MSIF,2025-11-14,income_statement,income_statement,InterestFeesAndDividendIncomeSecuritiesOperating,InterestFeesAndDividendIncomeSecuritiesOperating,95000,c-1865,,,,,,False,InterestFeesAndDividendIncomeSecuritiesOperating,
MSIF,2025-11-14,income_statement,income_statement,InterestFeesAndDividendIncomeSecuritiesOperating,InterestFeesAndDividendIncomeSecuritiesOperating,65000,c-1866,,,,,,False,InterestFeesAndDividendIncomeSecuritiesOperating,
MSIF,2025-11-14,income_statement,income_statement,InterestFeesAndDividendIncomeSecuritiesOperating,InterestFeesAndDividendIncomeSecuritiesOperating,137000,c-1869,,,,,,False,InterestFeesAndDividendIncomeSecuritiesOperating,
MSIF,2025-11-14,income_statement,income_statement,InterestFeesAndDividendIncomeSecuritiesOperating,InterestFeesAndDividendIncomeSecuritiesOperating,23000,c-1871,,,,,,False,InterestFeesAndDividendIncomeSecuritiesOperating,
MSIF,2025-11-14,income_statement,income_statement,InterestFeesAndDividendIncomeSecuritiesOperating,InterestFeesAndDividendIncomeSecuritiesOperating,3000,c-1874,,,,,,False,InterestFeesAndDividendIncomeSecuritiesOperating,
MSIF,2025-11-14,income_statement,income_statement,InterestFeesAndDividendIncomeSecuritiesOperating,InterestFeesAndDividendIncomeSecuritiesOperating,2000,c-1877,,,,,,False,InterestFeesAndDividendIncomeSecuritiesOperating,
MSIF,2025-11-14,income_statement,income_statement,InterestFeesAndDividendIncomeSecuritiesOperating,InterestFeesAndDividendIncomeSecuritiesOperating,659000,c-1879,,,,,,False,InterestFeesAndDividendIncomeSecuritiesOperating,
MSIF,2025-11-14,income_statement,income_statement,InterestFeesAndDividendIncomeSecuritiesOperating,InterestFeesAndDividendIncomeSecuritiesOperating,23000,c-1881,,,,,,False,InterestFeesAndDividendIncomeSecuritiesOperating,
MSIF,2025-11-14,income_statement,income_statement,InterestFeesAndDividendIncomeSecuritiesOperating,InterestFeesAndDividendIncomeSecuritiesOperating,18000,c-1885,,,,,,False,InterestFeesAndDividendIncomeSecuritiesOperating,
MSIF,2025-11-14,income_statement,income_statement,InterestFeesAndDividendIncomeSecuritiesOperating,InterestFeesAndDividendIncomeSecuritiesOperating,419000,c-1888,,,,,,False,InterestFeesAndDividendIncomeSecuritiesOperating,
MSIF,2025-11-14,income_statement,income_statement,InterestFeesAndDividendIncomeSecuritiesOperating,InterestFeesAndDividendIncomeSecuritiesOperating,1471000,c-1890,,,,,,False,InterestFeesAndDividendIncomeSecuritiesOperating,
MSIF,2025-11-14,income_statement,income_statement,InterestFeesAndDividendIncomeSecuritiesOperating,InterestFeesAndDividendIncomeSecuritiesOperating,17000,c-1892,,,,,,False,InterestFeesAndDividendIncomeSecuritiesOperating,
MSIF,2025-11-14,income_statement,income_statement,InterestFeesAndDividendIncomeSecuritiesOperating,InterestFeesAndDividendIncomeSecuritiesOperating,134000,c-1894,,,,,,False,InterestFeesAndDividendIncomeSecuritiesOperating,
MSIF,2025-11-14,income_statement,income_statement,InterestFeesAndDividendIncomeSecuritiesOperating,InterestFeesAndDividendIncomeSecuritiesOperating,0,c-1895,,,,,,False,InterestFeesAndDividendIncomeSecuritiesOperating,
MSIF,2025-11-14,income_statement,income_statement,InterestFeesAndDividendIncomeSecuritiesOperating,InterestFeesAndDividendIncomeSecuritiesOperating,98000,c-1898,,,,,,False,InterestFeesAndDividendIncomeSecuritiesOperating,
MSIF,2025-11-14,income_statement,income_statement,InterestFeesAndDividendIncomeSecuritiesOperating,InterestFeesAndDividendIncomeSecuritiesOperating,45000,c-1902,,,,,,False,InterestFeesAndDividendIncomeSecuritiesOperating,
MSIF,2025-11-14,income_statement,income_statement,InterestFeesAndDividendIncomeSecuritiesOperating,InterestFeesAndDividendIncomeSecuritiesOperating,18000,c-1905,,,,,,False,InterestFeesAndDividendIncomeSecuritiesOperating,
MSIF,2025-11-14,income_statement,income_statement,InterestFeesAndDividendIncomeSecuritiesOperating,InterestFeesAndDividendIncomeSecuritiesOperating,289000,c-1906,,,,,,False,InterestFeesAndDividendIncomeSecuritiesOperating,
MSIF,2025-11-14,income_statement,income_statement,InterestFeesAndDividendIncomeSecuritiesOperating,InterestFeesAndDividendIncomeSecuritiesOperating,0,c-1908,,,,,,False,InterestFeesAndDividendIncomeSecuritiesOperating,
MSIF,2025-11-14,income_statement,income_statement,InterestFeesAndDividendIncomeSecuritiesOperating,InterestFeesAndDividendIncomeSecuritiesOperating,37000,c-1911,,,,,,False,InterestFeesAndDividendIncomeSecuritiesOperating,
MSIF,2025-11-14,income_statement,income_statement,InterestFeesAndDividendIncomeSecuritiesOperating,InterestFeesAndDividendIncomeSecuritiesOperating,604000,c-1912,,,,,,False,InterestFeesAndDividendIncomeSecuritiesOperating,
MSIF,2025-11-14,income_statement,income_statement,InterestFeesAndDividendIncomeSecuritiesOperating,InterestFeesAndDividendIncomeSecuritiesOperating,428000,c-1913,,,,,,False,InterestFeesAndDividendIncomeSecuritiesOperating,
MSIF,2025-11-14,income_statement,income_statement,InterestFeesAndDividendIncomeSecuritiesOperating,InterestFeesAndDividendIncomeSecuritiesOperating,2000,c-1915,,,,,,False,InterestFeesAndDividendIncomeSecuritiesOperating,
MSIF,2025-11-14,income_statement,income_statement,InterestFeesAndDividendIncomeSecuritiesOperating,InterestFeesAndDividendIncomeSecuritiesOperating,293000,c-1918,,,,,,False,InterestFeesAndDividendIncomeSecuritiesOperating,
MSIF,2025-11-14,income_statement,income_statement,InterestFeesAndDividendIncomeSecuritiesOperating,InterestFeesAndDividendIncomeSecuritiesOperating,818000,c-1919,,,,,,False,InterestFeesAndDividendIncomeSecuritiesOperating,
MSIF,2025-11-14,income_statement,income_statement,InterestFeesAndDividendIncomeSecuritiesOperating,InterestFeesAndDividendIncomeSecuritiesOperating,3000,c-1922,,,,,,False,InterestFeesAndDividendIncomeSecuritiesOperating,
MSIF,2025-11-14,income_statement,income_statement,InterestFeesAndDividendIncomeSecuritiesOperating,InterestFeesAndDividendIncomeSecuritiesOperating,459000,c-1925,,,,,,False,InterestFeesAndDividendIncomeSecuritiesOperating,
MSIF,2025-11-14,income_statement,income_statement,InterestFeesAndDividendIncomeSecuritiesOperating,InterestFeesAndDividendIncomeSecuritiesOperating,45000,c-1926,,,,,,False,InterestFeesAndDividendIncomeSecuritiesOperating,
MSIF,2025-11-14,income_statement,income_statement,InterestFeesAndDividendIncomeSecuritiesOperating,InterestFeesAndDividendIncomeSecuritiesOperating,6000,c-1928,,,,,,False,InterestFeesAndDividendIncomeSecuritiesOperating,
MSIF,2025-11-14,income_statement,income_statement,InterestFeesAndDividendIncomeSecuritiesOperating,InterestFeesAndDividendIncomeSecuritiesOperating,82000,c-1930,,,,,,False,InterestFeesAndDividendIncomeSecuritiesOperating,
MSIF,2025-11-14,income_statement,income_statement,InterestFeesAndDividendIncomeSecuritiesOperating,InterestFeesAndDividendIncomeSecuritiesOperating,0,c-1931,,,,,,False,InterestFeesAndDividendIncomeSecuritiesOperating,
MSIF,2025-11-14,income_statement,income_statement,InterestFeesAndDividendIncomeSecuritiesOperating,InterestFeesAndDividendIncomeSecuritiesOperating,337000,c-1934,,,,,,False,InterestFeesAndDividendIncomeSecuritiesOperating,
MSIF,2025-11-14,income_statement,income_statement,InterestFeesAndDividendIncomeSecuritiesOperating,InterestFeesAndDividendIncomeSecuritiesOperating,38000,c-1935,,,,,,False,InterestFeesAndDividendIncomeSecuritiesOperating,
MSIF,2025-11-14,income_statement,income_statement,InterestFeesAndDividendIncomeSecuritiesOperating,InterestFeesAndDividendIncomeSecuritiesOperating,7000,c-1937,,,,,,False,InterestFeesAndDividendIncomeSecuritiesOperating,
MSIF,2025-11-14,income_statement,income_statement,InterestFeesAndDividendIncomeSecuritiesOperating,InterestFeesAndDividendIncomeSecuritiesOperating,492000,c-1938,,,,,,False,InterestFeesAndDividendIncomeSecuritiesOperating,
MSIF,2025-11-14,income_statement,income_statement,InterestFeesAndDividendIncomeSecuritiesOperating,InterestFeesAndDividendIncomeSecuritiesOperating,0,c-1939,,,,,,False,InterestFeesAndDividendIncomeSecuritiesOperating,
MSIF,2025-11-14,income_statement,income_statement,InterestFeesAndDividendIncomeSecuritiesOperating,InterestFeesAndDividendIncomeSecuritiesOperating,13000,c-1942,,,,,,False,InterestFeesAndDividendIncomeSecuritiesOperating,
MSIF,2025-11-14,income_statement,income_statement,InterestFeesAndDividendIncomeSecuritiesOperating,InterestFeesAndDividendIncomeSecuritiesOperating,384000,c-1944,,,,,,False,InterestFeesAndDividendIncomeSecuritiesOperating,
MSIF,2025-11-14,income_statement,income_statement,InterestFeesAndDividendIncomeSecuritiesOperating,InterestFeesAndDividendIncomeSecuritiesOperating,0,c-1945,,,,,,False,InterestFeesAndDividendIncomeSecuritiesOperating,
MSIF,2025-11-14,income_statement,income_statement,InterestFeesAndDividendIncomeSecuritiesOperating,InterestFeesAndDividendIncomeSecuritiesOperating,94000,c-1948,,,,,,False,InterestFeesAndDividendIncomeSecuritiesOperating,
MSIF,2025-11-14,income_statement,income_statement,InterestFeesAndDividendIncomeSecuritiesOperating,InterestFeesAndDividendIncomeSecuritiesOperating,1968000,c-1949,,,,,,False,InterestFeesAndDividendIncomeSecuritiesOperating,
MSIF,2025-11-14,income_statement,income_statement,InterestFeesAndDividendIncomeSecuritiesOperating,InterestFeesAndDividendIncomeSecuritiesOperating,533000,c-1952,,,,,,False,InterestFeesAndDividendIncomeSecuritiesOperating,
MSIF,2025-11-14,income_statement,income_statement,InterestFeesAndDividendIncomeSecuritiesOperating,InterestFeesAndDividendIncomeSecuritiesOperating,3000,c-1954,,,,,,False,InterestFeesAndDividendIncomeSecuritiesOperating,
MSIF,2025-11-14,income_statement,income_statement,InterestFeesAndDividendIncomeSecuritiesOperating,InterestFeesAndDividendIncomeSecuritiesOperating,0,c-1956,,,,,,False,InterestFeesAndDividendIncomeSecuritiesOperating,
MSIF,2025-11-14,income_statement,income_statement,InterestFeesAndDividendIncomeSecuritiesOperating,InterestFeesAndDividendIncomeSecuritiesOperating,1000,c-1957,,,,,,False,InterestFeesAndDividendIncomeSecuritiesOperating,
MSIF,2025-11-14,income_statement,income_statement,InterestFeesAndDividendIncomeSecuritiesOperating,InterestFeesAndDividendIncomeSecuritiesOperating,1617000,c-1959,,,,,,False,InterestFeesAndDividendIncomeSecuritiesOperating,
MSIF,2025-11-14,income_statement,income_statement,InterestFeesAndDividendIncomeSecuritiesOperating,InterestFeesAndDividendIncomeSecuritiesOperating,1286000,c-1961,,,,,,False,InterestFeesAndDividendIncomeSecuritiesOperating,
MSIF,2025-11-14,income_statement,income_statement,InterestFeesAndDividendIncomeSecuritiesOperating,InterestFeesAndDividendIncomeSecuritiesOperating,57000,c-1963,,,,,,False,InterestFeesAndDividendIncomeSecuritiesOperating,
MSIF,2025-11-14,income_statement,income_statement,InterestFeesAndDividendIncomeSecuritiesOperating,InterestFeesAndDividendIncomeSecuritiesOperating,46000,c-1966,,,,,,False,InterestFeesAndDividendIncomeSecuritiesOperating,
MSIF,2025-11-14,income_statement,income_statement,InterestFeesAndDividendIncomeSecuritiesOperating,InterestFeesAndDividendIncomeSecuritiesOperating,74000,c-1970,,,,,,False,InterestFeesAndDividendIncomeSecuritiesOperating,
MSIF,2025-11-14,income_statement,income_statement,InterestFeesAndDividendIncomeSecuritiesOperating,InterestFeesAndDividendIncomeSecuritiesOperating,182000,c-1972,,,,,,False,InterestFeesAndDividendIncomeSecuritiesOperating,
MSIF,2025-11-14,income_statement,income_statement,InterestFeesAndDividendIncomeSecuritiesOperating,InterestFeesAndDividendIncomeSecuritiesOperating,0,c-1974,,,,,,False,InterestFeesAndDividendIncomeSecuritiesOperating,
MSIF,2025-11-14,income_statement,income_statement,InterestFeesAndDividendIncomeSecuritiesOperating,InterestFeesAndDividendIncomeSecuritiesOperating,0,c-1976,,,,,,False,InterestFeesAndDividendIncomeSecuritiesOperating,
MSIF,2025-11-14,income_statement,income_statement,InterestFeesAndDividendIncomeSecuritiesOperating,InterestFeesAndDividendIncomeSecuritiesOperating,0,c-1979,,,,,,False,InterestFeesAndDividendIncomeSecuritiesOperating,
MSIF,2025-11-14,income_statement,income_statement,InterestFeesAndDividendIncomeSecuritiesOperating,InterestFeesAndDividendIncomeSecuritiesOperating,0,c-1981,,,,,,False,InterestFeesAndDividendIncomeSecuritiesOperating,
MSIF,2025-11-14,income_statement,income_statement,InterestFeesAndDividendIncomeSecuritiesOperating,InterestFeesAndDividendIncomeSecuritiesOperating,0,c-1983,,,,,,False,InterestFeesAndDividendIncomeSecuritiesOperating,
MSIF,2025-11-14,income_statement,income_statement,InterestFeesAndDividendIncomeSecuritiesOperating,InterestFeesAndDividendIncomeSecuritiesOperating,46000,c-1986,,,,,,False,InterestFeesAndDividendIncomeSecuritiesOperating,
MSIF,2025-11-14,income_statement,income_statement,InterestFeesAndDividendIncomeSecuritiesOperating,InterestFeesAndDividendIncomeSecuritiesOperating,905000,c-1987,,,,,,False,InterestFeesAndDividendIncomeSecuritiesOperating,
MSIF,2025-11-14,income_statement,income_statement,InterestFeesAndDividendIncomeSecuritiesOperating,InterestFeesAndDividendIncomeSecuritiesOperating,0,c-1988,,,,,,False,InterestFeesAndDividendIncomeSecuritiesOperating,
MSIF,2025-11-14,income_statement,income_statement,InterestFeesAndDividendIncomeSecuritiesOperating,InterestFeesAndDividendIncomeSecuritiesOperating,0,c-1989,,,,,,False,InterestFeesAndDividendIncomeSecuritiesOperating,
MSIF,2025-11-14,income_statement,income_statement,InterestFeesAndDividendIncomeSecuritiesOperating,InterestFeesAndDividendIncomeSecuritiesOperating,1436000,c-1990,,,,,,False,InterestFeesAndDividendIncomeSecuritiesOperating,
MSIF,2025-11-14,income_statement,income_statement,InterestFeesAndDividendIncomeSecuritiesOperating,InterestFeesAndDividendIncomeSecuritiesOperating,23000,c-1991,,,,,,False,InterestFeesAndDividendIncomeSecuritiesOperating,
MSIF,2025-11-14,income_statement,income_statement,InterestFeesAndDividendIncomeSecuritiesOperating,InterestFeesAndDividendIncomeSecuritiesOperating,0,c-1993,,,,,,False,InterestFeesAndDividendIncomeSecuritiesOperating,
MSIF,2025-11-14,income_statement,income_statement,InterestFeesAndDividendIncomeSecuritiesOperating,InterestFeesAndDividendIncomeSecuritiesOperating,0,c-1994,,,,,,False,InterestFeesAndDividendIncomeSecuritiesOperating,
MSIF,2025-11-14,income_statement,income_statement,InterestFeesAndDividendIncomeSecuritiesOperating,InterestFeesAndDividendIncomeSecuritiesOperating,315000,c-1996,,,,,,False,InterestFeesAndDividendIncomeSecuritiesOperating,
MSIF,2025-11-14,income_statement,income_statement,InterestFeesAndDividendIncomeSecuritiesOperating,InterestFeesAndDividendIncomeSecuritiesOperating,67000,c-1997,,,,,,False,InterestFeesAndDividendIncomeSecuritiesOperating,
MSIF,2025-11-14,income_statement,income_statement,InterestFeesAndDividendIncomeSecuritiesOperating,InterestFeesAndDividendIncomeSecuritiesOperating,0,c-1998,,,,,,False,InterestFeesAndDividendIncomeSecuritiesOperating,
MSIF,2025-11-14,income_statement,income_statement,InterestFeesAndDividendIncomeSecuritiesOperating,InterestFeesAndDividendIncomeSecuritiesOperating,19000,c-1999,,,,,,False,InterestFeesAndDividendIncomeSecuritiesOperating,
MSIF,2025-11-14,income_statement,income_statement,InterestFeesAndDividendIncomeSecuritiesOperating,InterestFeesAndDividendIncomeSecuritiesOperating,0,c-2001,,,,,,False,InterestFeesAndDividendIncomeSecuritiesOperating,
MSIF,2025-11-14,income_statement,income_statement,InterestFeesAndDividendIncomeSecuritiesOperating,InterestFeesAndDividendIncomeSecuritiesOperating,0,c-2004,,,,,,False,InterestFeesAndDividendIncomeSecuritiesOperating,
MSIF,2025-11-14,income_statement,income_statement,InterestFeesAndDividendIncomeSecuritiesOperating,InterestFeesAndDividendIncomeSecuritiesOperating,9000,c-2007,,,,,,False,InterestFeesAndDividendIncomeSecuritiesOperating,
MSIF,2025-11-14,income_statement,income_statement,InterestFeesAndDividendIncomeSecuritiesOperating,InterestFeesAndDividendIncomeSecuritiesOperating,9000,c-2010,,,,,,False,InterestFeesAndDividendIncomeSecuritiesOperating,
MSIF,2025-11-14,income_statement,income_statement,InterestFeesAndDividendIncomeSecuritiesOperating,InterestFeesAndDividendIncomeSecuritiesOperating,4000,c-2013,,,,,,False,InterestFeesAndDividendIncomeSecuritiesOperating,
MSIF,2025-11-14,income_statement,income_statement,InterestFeesAndDividendIncomeSecuritiesOperating,InterestFeesAndDividendIncomeSecuritiesOperating,132000,c-2016,,,,,,False,InterestFeesAndDividendIncomeSecuritiesOperating,
MSIF,2025-11-14,income_statement,income_statement,InterestFeesAndDividendIncomeSecuritiesOperating,InterestFeesAndDividendIncomeSecuritiesOperating,115000,c-2019,,,,,,False,InterestFeesAndDividendIncomeSecuritiesOperating,
MSIF,2025-11-14,income_statement,income_statement,InterestFeesAndDividendIncomeSecuritiesOperating,InterestFeesAndDividendIncomeSecuritiesOperating,0,c-2021,,,,,,False,InterestFeesAndDividendIncomeSecuritiesOperating,
MSIF,2025-11-14,income_statement,income_statement,InterestFeesAndDividendIncomeSecuritiesOperating,InterestFeesAndDividendIncomeSecuritiesOperating,665000,c-2023,,,,,,False,InterestFeesAndDividendIncomeSecuritiesOperating,
MSIF,2025-11-14,income_statement,income_statement,InterestFeesAndDividendIncomeSecuritiesOperating,InterestFeesAndDividendIncomeSecuritiesOperating,150000,c-2025,,,,,,False,InterestFeesAndDividendIncomeSecuritiesOperating,
MSIF,2025-11-14,income_statement,income_statement,InterestFeesAndDividendIncomeSecuritiesOperating,InterestFeesAndDividendIncomeSecuritiesOperating,17000,c-2027,,,,,,False,InterestFeesAndDividendIncomeSecuritiesOperating,
MSIF,2025-11-14,income_statement,income_statement,InterestFeesAndDividendIncomeSecuritiesOperating,InterestFeesAndDividendIncomeSecuritiesOperating,1000,c-2029,,,,,,False,InterestFeesAndDividendIncomeSecuritiesOperating,
MSIF,2025-11-14,income_statement,income_statement,InterestFeesAndDividendIncomeSecuritiesOperating,InterestFeesAndDividendIncomeSecuritiesOperating,110000,c-2030,,,,,,False,InterestFeesAndDividendIncomeSecuritiesOperating,
MSIF,2025-11-14,income_statement,income_statement,InterestFeesAndDividendIncomeSecuritiesOperating,InterestFeesAndDividendIncomeSecuritiesOperating,716000,c-2031,,,,,,False,InterestFeesAndDividendIncomeSecuritiesOperating,
MSIF,2025-11-14,income_statement,income_statement,InterestFeesAndDividendIncomeSecuritiesOperating,InterestFeesAndDividendIncomeSecuritiesOperating,12000,c-2033,,,,,,False,InterestFeesAndDividendIncomeSecuritiesOperating,
MSIF,2025-11-14,income_statement,income_statement,InterestFeesAndDividendIncomeSecuritiesOperating,InterestFeesAndDividendIncomeSecuritiesOperating,722000,c-2035,,,,,,False,InterestFeesAndDividendIncomeSecuritiesOperating,
MSIF,2025-11-14,income_statement,income_statement,InterestFeesAndDividendIncomeSecuritiesOperating,InterestFeesAndDividendIncomeSecuritiesOperating,438000,c-2037,,,,,,False,InterestFeesAndDividendIncomeSecuritiesOperating,
MSIF,2025-11-14,income_statement,income_statement,InterestFeesAndDividendIncomeSecuritiesOperating,InterestFeesAndDividendIncomeSecuritiesOperating,0,c-2040,,,,,,False,InterestFeesAndDividendIncomeSecuritiesOperating,
MSIF,2025-11-14,income_statement,income_statement,InterestFeesAndDividendIncomeSecuritiesOperating,InterestFeesAndDividendIncomeSecuritiesOperating,38000,c-2042,,,,,,False,InterestFeesAndDividendIncomeSecuritiesOperating,
MSIF,2025-11-14,income_statement,income_statement,InterestFeesAndDividendIncomeSecuritiesOperating,InterestFeesAndDividendIncomeSecuritiesOperating,113000,c-2044,,,,,,False,InterestFeesAndDividendIncomeSecuritiesOperating,
MSIF,2025-11-14,income_statement,income_statement,InterestFeesAndDividendIncomeSecuritiesOperating,InterestFeesAndDividendIncomeSecuritiesOperating,70000,c-2045,,,,,,False,InterestFeesAndDividendIncomeSecuritiesOperating,
MSIF,2025-11-14,income_statement,income_statement,InterestFeesAndDividendIncomeSecuritiesOperating,InterestFeesAndDividendIncomeSecuritiesOperating,420000,c-2046,,,,,,False,InterestFeesAndDividendIncomeSecuritiesOperating,
MSIF,2025-11-14,income_statement,income_statement,InterestFeesAndDividendIncomeSecuritiesOperating,InterestFeesAndDividendIncomeSecuritiesOperating,0,c-2047,,,,,,False,InterestFeesAndDividendIncomeSecuritiesOperating,
MSIF,2025-11-14,income_statement,income_statement,InterestFeesAndDividendIncomeSecuritiesOperating,InterestFeesAndDividendIncomeSecuritiesOperating,0,c-2050,,,,,,False,InterestFeesAndDividendIncomeSecuritiesOperating,
MSIF,2025-11-14,income_statement,income_statement,InterestFeesAndDividendIncomeSecuritiesOperating,InterestFeesAndDividendIncomeSecuritiesOperating,14000,c-2053,,,,,,False,InterestFeesAndDividendIncomeSecuritiesOperating,
MSIF,2025-11-14,income_statement,income_statement,InterestFeesAndDividendIncomeSecuritiesOperating,InterestFeesAndDividendIncomeSecuritiesOperating,1000,c-2054,,,,,,False,InterestFeesAndDividendIncomeSecuritiesOperating,
MSIF,2025-11-14,income_statement,income_statement,InterestFeesAndDividendIncomeSecuritiesOperating,InterestFeesAndDividendIncomeSecuritiesOperating,643000,c-2055,,,,,,False,InterestFeesAndDividendIncomeSecuritiesOperating,
MSIF,2025-11-14,income_statement,income_statement,InterestFeesAndDividendIncomeSecuritiesOperating,InterestFeesAndDividendIncomeSecuritiesOperating,45000,c-2056,,,,,,False,InterestFeesAndDividendIncomeSecuritiesOperating,
MSIF,2025-11-14,income_statement,income_statement,InterestFeesAndDividendIncomeSecuritiesOperating,InterestFeesAndDividendIncomeSecuritiesOperating,3000,c-2057,,,,,,False,InterestFeesAndDividendIncomeSecuritiesOperating,
MSIF,2025-11-14,income_statement,income_statement,InterestFeesAndDividendIncomeSecuritiesOperating,InterestFeesAndDividendIncomeSecuritiesOperating,725000,c-2058,,,,,,False,InterestFeesAndDividendIncomeSecuritiesOperating,
MSIF,2025-11-14,income_statement,income_statement,InterestFeesAndDividendIncomeSecuritiesOperating,InterestFeesAndDividendIncomeSecuritiesOperating,348000,c-2059,,,,,,False,InterestFeesAndDividendIncomeSecuritiesOperating,
MSIF,2025-11-14,income_statement,income_statement,InterestFeesAndDividendIncomeSecuritiesOperating,InterestFeesAndDividendIncomeSecuritiesOperating,114000,c-2060,,,,,,False,InterestFeesAndDividendIncomeSecuritiesOperating,
MSIF,2025-11-14,income_statement,income_statement,InterestFeesAndDividendIncomeSecuritiesOperating,InterestFeesAndDividendIncomeSecuritiesOperating,1199000,c-2061,,,,,,False,InterestFeesAndDividendIncomeSecuritiesOperating,
MSIF,2025-11-14,income_statement,income_statement,InterestFeesAndDividendIncomeSecuritiesOperating,InterestFeesAndDividendIncomeSecuritiesOperating,0,c-2063,,,,,,False,InterestFeesAndDividendIncomeSecuritiesOperating,
MSIF,2025-11-14,income_statement,income_statement,InterestFeesAndDividendIncomeSecuritiesOperating,InterestFeesAndDividendIncomeSecuritiesOperating,0,c-2065,,,,,,False,InterestFeesAndDividendIncomeSecuritiesOperating,
MSIF,2025-11-14,income_statement,income_statement,InterestFeesAndDividendIncomeSecuritiesOperating,InterestFeesAndDividendIncomeSecuritiesOperating,3000,c-2066,,,,,,False,InterestFeesAndDividendIncomeSecuritiesOperating,
MSIF,2025-11-14,income_statement,income_statement,InterestFeesAndDividendIncomeSecuritiesOperating,InterestFeesAndDividendIncomeSecuritiesOperating,0,c-2067,,,,,,False,InterestFeesAndDividendIncomeSecuritiesOperating,
MSIF,2025-11-14,income_statement,income_statement,InterestFeesAndDividendIncomeSecuritiesOperating,InterestFeesAndDividendIncomeSecuritiesOperating,0,c-2068,,,,,,False,InterestFeesAndDividendIncomeSecuritiesOperating,
MSIF,2025-11-14,income_statement,income_statement,InterestFeesAndDividendIncomeSecuritiesOperating,InterestFeesAndDividendIncomeSecuritiesOperating,73000,c-2070,,,,,,False,InterestFeesAndDividendIncomeSecuritiesOperating,
MSIF,2025-11-14,income_statement,income_statement,InterestFeesAndDividendIncomeSecuritiesOperating,InterestFeesAndDividendIncomeSecuritiesOperating,2193000,c-2073,,,,,,False,InterestFeesAndDividendIncomeSecuritiesOperating,
MSIF,2025-11-14,income_statement,income_statement,InterestFeesAndDividendIncomeSecuritiesOperating,InterestFeesAndDividendIncomeSecuritiesOperating,104000,c-2075,,,,,,False,InterestFeesAndDividendIncomeSecuritiesOperating,
MSIF,2025-11-14,income_statement,income_statement,InterestFeesAndDividendIncomeSecuritiesOperating,InterestFeesAndDividendIncomeSecuritiesOperating,0,c-2077,,,,,,False,InterestFeesAndDividendIncomeSecuritiesOperating,
MSIF,2025-11-14,income_statement,income_statement,InterestFeesAndDividendIncomeSecuritiesOperating,InterestFeesAndDividendIncomeSecuritiesOperating,0,c-2078,,,,,,False,InterestFeesAndDividendIncomeSecuritiesOperating,
MSIF,2025-11-14,income_statement,income_statement,InterestFeesAndDividendIncomeSecuritiesOperating,InterestFeesAndDividendIncomeSecuritiesOperating,14000,c-2080,,,,,,False,InterestFeesAndDividendIncomeSecuritiesOperating,
MSIF,2025-11-14,income_statement,income_statement,InterestFeesAndDividendIncomeSecuritiesOperating,InterestFeesAndDividendIncomeSecuritiesOperating,0,c-2082,,,,,,False,InterestFeesAndDividendIncomeSecuritiesOperating,
MSIF,2025-11-14,income_statement,income_statement,InterestFeesAndDividendIncomeSecuritiesOperating,InterestFeesAndDividendIncomeSecuritiesOperating,0,c-2084,,,,,,False,InterestFeesAndDividendIncomeSecuritiesOperating,
MSIF,2025-11-14,income_statement,income_statement,InterestFeesAndDividendIncomeSecuritiesOperating,InterestFeesAndDividendIncomeSecuritiesOperating,0,c-2085,,,,,,False,InterestFeesAndDividendIncomeSecuritiesOperating,
MSIF,2025-11-14,income_statement,income_statement,InterestFeesAndDividendIncomeSecuritiesOperating,InterestFeesAndDividendIncomeSecuritiesOperating,0,c-2087,,,,,,False,InterestFeesAndDividendIncomeSecuritiesOperating,
MSIF,2025-11-14,income_statement,income_statement,InterestFeesAndDividendIncomeSecuritiesOperating,InterestFeesAndDividendIncomeSecuritiesOperating,0,c-2089,,,,,,False,InterestFeesAndDividendIncomeSecuritiesOperating,
MSIF,2025-11-14,income_statement,income_statement,InterestFeesAndDividendIncomeSecuritiesOperating,InterestFeesAndDividendIncomeSecuritiesOperating,0,c-2091,,,,,,False,InterestFeesAndDividendIncomeSecuritiesOperating,
MSIF,2025-11-14,income_statement,income_statement,InterestFeesAndDividendIncomeSecuritiesOperating,InterestFeesAndDividendIncomeSecuritiesOperating,208000,c-2094,,,,,,False,InterestFeesAndDividendIncomeSecuritiesOperating,
MSIF,2025-11-14,income_statement,income_statement,InterestFeesAndDividendIncomeSecuritiesOperating,InterestFeesAndDividendIncomeSecuritiesOperating,22000,c-2095,,,,,,False,InterestFeesAndDividendIncomeSecuritiesOperating,
MSIF,2025-11-14,income_statement,income_statement,InterestFeesAndDividendIncomeSecuritiesOperating,InterestFeesAndDividendIncomeSecuritiesOperating,235000,c-2096,,,,,,False,InterestFeesAndDividendIncomeSecuritiesOperating,
MSIF,2025-11-14,income_statement,income_statement,InterestFeesAndDividendIncomeSecuritiesOperating,InterestFeesAndDividendIncomeSecuritiesOperating,74000,c-2097,,,,,,False,InterestFeesAndDividendIncomeSecuritiesOperating,
MSIF,2025-11-14,income_statement,income_statement,InterestFeesAndDividendIncomeSecuritiesOperating,InterestFeesAndDividendIncomeSecuritiesOperating,10000,c-2098,,,,,,False,InterestFeesAndDividendIncomeSecuritiesOperating,
MSIF,2025-11-14,income_statement,income_statement,InterestFeesAndDividendIncomeSecuritiesOperating,InterestFeesAndDividendIncomeSecuritiesOperating,799000,c-2099,,,,,,False,InterestFeesAndDividendIncomeSecuritiesOperating,
MSIF,2025-11-14,income_statement,income_statement,InterestFeesAndDividendIncomeSecuritiesOperating,InterestFeesAndDividendIncomeSecuritiesOperating,69000,c-2100,,,,,,False,InterestFeesAndDividendIncomeSecuritiesOperating,
MSIF,2025-11-14,income_statement,income_statement,InterestFeesAndDividendIncomeSecuritiesOperating,InterestFeesAndDividendIncomeSecuritiesOperating,3000,c-2101,,,,,,False,InterestFeesAndDividendIncomeSecuritiesOperating,
MSIF,2025-11-14,income_statement,income_statement,InterestFeesAndDividendIncomeSecuritiesOperating,InterestFeesAndDividendIncomeSecuritiesOperating,577000,c-2102,,,,,,False,InterestFeesAndDividendIncomeSecuritiesOperating,
MSIF,2025-11-14,income_statement,income_statement,InterestFeesAndDividendIncomeSecuritiesOperating,InterestFeesAndDividendIncomeSecuritiesOperating,25000,c-2103,,,,,,False,InterestFeesAndDividendIncomeSecuritiesOperating,
MSIF,2025-11-14,income_statement,income_statement,InterestFeesAndDividendIncomeSecuritiesOperating,InterestFeesAndDividendIncomeSecuritiesOperating,-44000,c-2104,,,,,,False,InterestFeesAndDividendIncomeSecuritiesOperating,
MSIF,2025-11-14,income_statement,income_statement,InterestFeesAndDividendIncomeSecuritiesOperating,InterestFeesAndDividendIncomeSecuritiesOperating,28220000,c-21,,,,,,False,InterestFeesAndDividendIncomeSecuritiesOperating,
MSIF,2025-11-14,income_statement,income_statement,InterestFeesAndDividendIncomeSecuritiesOperating,InterestFeesAndDividendIncomeSecuritiesOperating,0,c-2115,,,,,,False,InterestFeesAndDividendIncomeSecuritiesOperating,
MSIF,2025-11-14,income_statement,income_statement,InterestFeesAndDividendIncomeSecuritiesOperating,InterestFeesAndDividendIncomeSecuritiesOperating,123000,c-2119,,,,,,False,InterestFeesAndDividendIncomeSecuritiesOperating,
MSIF,2025-11-14,income_statement,income_statement,InterestFeesAndDividendIncomeSecuritiesOperating,InterestFeesAndDividendIncomeSecuritiesOperating,2080000,c-2122,,,,,,False,InterestFeesAndDividendIncomeSecuritiesOperating,
MSIF,2025-11-14,income_statement,income_statement,InterestFeesAndDividendIncomeSecuritiesOperating,InterestFeesAndDividendIncomeSecuritiesOperating,93000,c-2124,,,,,,False,InterestFeesAndDividendIncomeSecuritiesOperating,
MSIF,2025-11-14,income_statement,income_statement,InterestFeesAndDividendIncomeSecuritiesOperating,InterestFeesAndDividendIncomeSecuritiesOperating,278000,c-2127,,,,,,False,InterestFeesAndDividendIncomeSecuritiesOperating,
MSIF,2025-11-14,income_statement,income_statement,InterestFeesAndDividendIncomeSecuritiesOperating,InterestFeesAndDividendIncomeSecuritiesOperating,69000,c-2131,,,,,,False,InterestFeesAndDividendIncomeSecuritiesOperating,
MSIF,2025-11-14,income_statement,income_statement,InterestFeesAndDividendIncomeSecuritiesOperating,InterestFeesAndDividendIncomeSecuritiesOperating,0,c-2133,,,,,,False,InterestFeesAndDividendIncomeSecuritiesOperating,
MSIF,2025-11-14,income_statement,income_statement,InterestFeesAndDividendIncomeSecuritiesOperating,InterestFeesAndDividendIncomeSecuritiesOperating,0,c-2136,,,,,,False,InterestFeesAndDividendIncomeSecuritiesOperating,
MSIF,2025-11-14,income_statement,income_statement,InterestFeesAndDividendIncomeSecuritiesOperating,InterestFeesAndDividendIncomeSecuritiesOperating,0,c-2139,,,,,,False,InterestFeesAndDividendIncomeSecuritiesOperating,
MSIF,2025-11-14,income_statement,income_statement,InterestFeesAndDividendIncomeSecuritiesOperating,InterestFeesAndDividendIncomeSecuritiesOperating,0,c-2142,,,,,,False,InterestFeesAndDividendIncomeSecuritiesOperating,
MSIF,2025-11-14,income_statement,income_statement,InterestFeesAndDividendIncomeSecuritiesOperating,InterestFeesAndDividendIncomeSecuritiesOperating,0,c-2145,,,,,,False,InterestFeesAndDividendIncomeSecuritiesOperating,
MSIF,2025-11-14,income_statement,income_statement,InterestFeesAndDividendIncomeSecuritiesOperating,InterestFeesAndDividendIncomeSecuritiesOperating,2643000,c-18,,,,,,False,InterestFeesAndDividendIncomeSecuritiesOperating,
MSIF,2025-11-14,income_statement,income_statement,InterestFeesAndDividendIncomeSecuritiesOperating,InterestFeesAndDividendIncomeSecuritiesOperating,4000,c-2150,,,,,,False,InterestFeesAndDividendIncomeSecuritiesOperating,
MSIF,2025-11-14,income_statement,income_statement,InterestFeesAndDividendIncomeSecuritiesOperating,InterestFeesAndDividendIncomeSecuritiesOperating,138000,c-2154,,,,,,False,InterestFeesAndDividendIncomeSecuritiesOperating,
MSIF,2025-11-14,income_statement,income_statement,InterestFeesAndDividendIncomeSecuritiesOperating,InterestFeesAndDividendIncomeSecuritiesOperating,0,c-2156,,,,,,False,InterestFeesAndDividendIncomeSecuritiesOperating,
MSIF,2025-11-14,income_statement,income_statement,InterestFeesAndDividendIncomeSecuritiesOperating,InterestFeesAndDividendIncomeSecuritiesOperating,0,c-2159,,,,,,False,InterestFeesAndDividendIncomeSecuritiesOperating,
MSIF,2025-11-14,income_statement,income_statement,InterestFeesAndDividendIncomeSecuritiesOperating,InterestFeesAndDividendIncomeSecuritiesOperating,0,c-2162,,,,,,False,InterestFeesAndDividendIncomeSecuritiesOperating,
MSIF,2025-11-14,income_statement,income_statement,InterestFeesAndDividendIncomeSecuritiesOperating,InterestFeesAndDividendIncomeSecuritiesOperating,0,c-2165,,,,,,False,InterestFeesAndDividendIncomeSecuritiesOperating,
MSIF,2025-11-14,income_statement,income_statement,InterestFeesAndDividendIncomeSecuritiesOperating,InterestFeesAndDividendIncomeSecuritiesOperating,3000,c-2169,,,,,,False,InterestFeesAndDividendIncomeSecuritiesOperating,
MSIF,2025-11-14,income_statement,income_statement,InterestFeesAndDividendIncomeSecuritiesOperating,InterestFeesAndDividendIncomeSecuritiesOperating,2000,c-2172,,,,,,False,InterestFeesAndDividendIncomeSecuritiesOperating,
MSIF,2025-11-14,income_statement,income_statement,InterestFeesAndDividendIncomeSecuritiesOperating,InterestFeesAndDividendIncomeSecuritiesOperating,93000,c-2175,,,,,,False,InterestFeesAndDividendIncomeSecuritiesOperating,
MSIF,2025-11-14,income_statement,income_statement,InterestFeesAndDividendIncomeSecuritiesOperating,InterestFeesAndDividendIncomeSecuritiesOperating,71000,c-2177,,,,,,False,InterestFeesAndDividendIncomeSecuritiesOperating,
MSIF,2025-11-14,income_statement,income_statement,InterestFeesAndDividendIncomeSecuritiesOperating,InterestFeesAndDividendIncomeSecuritiesOperating,158000,c-2181,,,,,,False,InterestFeesAndDividendIncomeSecuritiesOperating,
MSIF,2025-11-14,income_statement,income_statement,InterestFeesAndDividendIncomeSecuritiesOperating,InterestFeesAndDividendIncomeSecuritiesOperating,23000,c-2183,,,,,,False,InterestFeesAndDividendIncomeSecuritiesOperating,
MSIF,2025-11-14,income_statement,income_statement,InterestFeesAndDividendIncomeSecuritiesOperating,InterestFeesAndDividendIncomeSecuritiesOperating,2000,c-2187,,,,,,False,InterestFeesAndDividendIncomeSecuritiesOperating,
MSIF,2025-11-14,income_statement,income_statement,InterestFeesAndDividendIncomeSecuritiesOperating,InterestFeesAndDividendIncomeSecuritiesOperating,550000,c-2190,,,,,,False,InterestFeesAndDividendIncomeSecuritiesOperating,
MSIF,2025-11-14,income_statement,income_statement,InterestFeesAndDividendIncomeSecuritiesOperating,InterestFeesAndDividendIncomeSecuritiesOperating,84000,c-2192,,,,,,False,InterestFeesAndDividendIncomeSecuritiesOperating,
MSIF,2025-11-14,income_statement,income_statement,InterestFeesAndDividendIncomeSecuritiesOperating,InterestFeesAndDividendIncomeSecuritiesOperating,23000,c-2195,,,,,,False,InterestFeesAndDividendIncomeSecuritiesOperating,
MSIF,2025-11-14,income_statement,income_statement,InterestFeesAndDividendIncomeSecuritiesOperating,InterestFeesAndDividendIncomeSecuritiesOperating,18000,c-2199,,,,,,False,InterestFeesAndDividendIncomeSecuritiesOperating,
MSIF,2025-11-14,income_statement,income_statement,InterestFeesAndDividendIncomeSecuritiesOperating,InterestFeesAndDividendIncomeSecuritiesOperating,401000,c-2202,,,,,,False,InterestFeesAndDividendIncomeSecuritiesOperating,
MSIF,2025-11-14,income_statement,income_statement,InterestFeesAndDividendIncomeSecuritiesOperating,InterestFeesAndDividendIncomeSecuritiesOperating,969000,c-2204,,,,,,False,InterestFeesAndDividendIncomeSecuritiesOperating,
MSIF,2025-11-14,income_statement,income_statement,InterestFeesAndDividendIncomeSecuritiesOperating,InterestFeesAndDividendIncomeSecuritiesOperating,17000,c-2207,,,,,,False,InterestFeesAndDividendIncomeSecuritiesOperating,
MSIF,2025-11-14,income_statement,income_statement,InterestFeesAndDividendIncomeSecuritiesOperating,InterestFeesAndDividendIncomeSecuritiesOperating,121000,c-2210,,,,,,False,InterestFeesAndDividendIncomeSecuritiesOperating,
MSIF,2025-11-14,income_statement,income_statement,InterestFeesAndDividendIncomeSecuritiesOperating,InterestFeesAndDividendIncomeSecuritiesOperating,1000,c-2213,,,,,,False,InterestFeesAndDividendIncomeSecuritiesOperating,
MSIF,2025-11-14,income_statement,income_statement,InterestFeesAndDividendIncomeSecuritiesOperating,InterestFeesAndDividendIncomeSecuritiesOperating,176000,c-2217,,,,,,False,InterestFeesAndDividendIncomeSecuritiesOperating,
MSIF,2025-11-14,income_statement,income_statement,InterestFeesAndDividendIncomeSecuritiesOperating,InterestFeesAndDividendIncomeSecuritiesOperating,19000,c-2220,,,,,,False,InterestFeesAndDividendIncomeSecuritiesOperating,
MSIF,2025-11-14,income_statement,income_statement,InterestFeesAndDividendIncomeSecuritiesOperating,InterestFeesAndDividendIncomeSecuritiesOperating,146000,c-2222,,,,,,False,InterestFeesAndDividendIncomeSecuritiesOperating,
MSIF,2025-11-14,income_statement,income_statement,InterestFeesAndDividendIncomeSecuritiesOperating,InterestFeesAndDividendIncomeSecuritiesOperating,0,c-2225,,,,,,False,InterestFeesAndDividendIncomeSecuritiesOperating,
MSIF,2025-11-14,income_statement,income_statement,InterestFeesAndDividendIncomeSecuritiesOperating,InterestFeesAndDividendIncomeSecuritiesOperating,6000,c-2228,,,,,,False,InterestFeesAndDividendIncomeSecuritiesOperating,
MSIF,2025-11-14,income_statement,income_statement,InterestFeesAndDividendIncomeSecuritiesOperating,InterestFeesAndDividendIncomeSecuritiesOperating,660000,c-2232,,,,,,False,InterestFeesAndDividendIncomeSecuritiesOperating,
MSIF,2025-11-14,income_statement,income_statement,InterestFeesAndDividendIncomeSecuritiesOperating,InterestFeesAndDividendIncomeSecuritiesOperating,392000,c-2234,,,,,,False,InterestFeesAndDividendIncomeSecuritiesOperating,
MSIF,2025-11-14,income_statement,income_statement,InterestFeesAndDividendIncomeSecuritiesOperating,InterestFeesAndDividendIncomeSecuritiesOperating,2000,c-2237,,,,,,False,InterestFeesAndDividendIncomeSecuritiesOperating,
MSIF,2025-11-14,income_statement,income_statement,InterestFeesAndDividendIncomeSecuritiesOperating,InterestFeesAndDividendIncomeSecuritiesOperating,469000,c-2241,,,,,,False,InterestFeesAndDividendIncomeSecuritiesOperating,
MSIF,2025-11-14,income_statement,income_statement,InterestFeesAndDividendIncomeSecuritiesOperating,InterestFeesAndDividendIncomeSecuritiesOperating,360000,c-2243,,,,,,False,InterestFeesAndDividendIncomeSecuritiesOperating,
MSIF,2025-11-14,income_statement,income_statement,InterestFeesAndDividendIncomeSecuritiesOperating,InterestFeesAndDividendIncomeSecuritiesOperating,560000,c-2246,,,,,,False,InterestFeesAndDividendIncomeSecuritiesOperating,
MSIF,2025-11-14,income_statement,income_statement,InterestFeesAndDividendIncomeSecuritiesOperating,InterestFeesAndDividendIncomeSecuritiesOperating,18000,c-2249,,,,,,False,InterestFeesAndDividendIncomeSecuritiesOperating,
MSIF,2025-11-14,income_statement,income_statement,InterestFeesAndDividendIncomeSecuritiesOperating,InterestFeesAndDividendIncomeSecuritiesOperating,461000,c-2253,,,,,,False,InterestFeesAndDividendIncomeSecuritiesOperating,
MSIF,2025-11-14,income_statement,income_statement,InterestFeesAndDividendIncomeSecuritiesOperating,InterestFeesAndDividendIncomeSecuritiesOperating,45000,c-2255,,,,,,False,InterestFeesAndDividendIncomeSecuritiesOperating,
MSIF,2025-11-14,income_statement,income_statement,InterestFeesAndDividendIncomeSecuritiesOperating,InterestFeesAndDividendIncomeSecuritiesOperating,3000,c-2259,,,,,,False,InterestFeesAndDividendIncomeSecuritiesOperating,
MSIF,2025-11-14,income_statement,income_statement,InterestFeesAndDividendIncomeSecuritiesOperating,InterestFeesAndDividendIncomeSecuritiesOperating,86000,c-2262,,,,,,False,InterestFeesAndDividendIncomeSecuritiesOperating,
MSIF,2025-11-14,income_statement,income_statement,InterestFeesAndDividendIncomeSecuritiesOperating,InterestFeesAndDividendIncomeSecuritiesOperating,0,c-2264,,,,,,False,InterestFeesAndDividendIncomeSecuritiesOperating,
MSIF,2025-11-14,income_statement,income_statement,InterestFeesAndDividendIncomeSecuritiesOperating,InterestFeesAndDividendIncomeSecuritiesOperating,410000,c-2268,,,,,,False,InterestFeesAndDividendIncomeSecuritiesOperating,
MSIF,2025-11-14,income_statement,income_statement,InterestFeesAndDividendIncomeSecuritiesOperating,InterestFeesAndDividendIncomeSecuritiesOperating,38000,c-2270,,,,,,False,InterestFeesAndDividendIncomeSecuritiesOperating,
MSIF,2025-11-14,income_statement,income_statement,InterestFeesAndDividendIncomeSecuritiesOperating,InterestFeesAndDividendIncomeSecuritiesOperating,10000,c-2273,,,,,,False,InterestFeesAndDividendIncomeSecuritiesOperating,
MSIF,2025-11-14,income_statement,income_statement,InterestFeesAndDividendIncomeSecuritiesOperating,InterestFeesAndDividendIncomeSecuritiesOperating,529000,c-2277,,,,,,False,InterestFeesAndDividendIncomeSecuritiesOperating,
MSIF,2025-11-14,income_statement,income_statement,InterestFeesAndDividendIncomeSecuritiesOperating,InterestFeesAndDividendIncomeSecuritiesOperating,0,c-2279,,,,,,False,InterestFeesAndDividendIncomeSecuritiesOperating,
MSIF,2025-11-14,income_statement,income_statement,InterestFeesAndDividendIncomeSecuritiesOperating,InterestFeesAndDividendIncomeSecuritiesOperating,808000,c-2282,,,,,,False,InterestFeesAndDividendIncomeSecuritiesOperating,
MSIF,2025-11-14,income_statement,income_statement,InterestFeesAndDividendIncomeSecuritiesOperating,InterestFeesAndDividendIncomeSecuritiesOperating,38000,c-2285,,,,,,False,InterestFeesAndDividendIncomeSecuritiesOperating,
MSIF,2025-11-14,income_statement,income_statement,InterestFeesAndDividendIncomeSecuritiesOperating,InterestFeesAndDividendIncomeSecuritiesOperating,1000,c-2289,,,,,,False,InterestFeesAndDividendIncomeSecuritiesOperating,
MSIF,2025-11-14,income_statement,income_statement,InterestFeesAndDividendIncomeSecuritiesOperating,InterestFeesAndDividendIncomeSecuritiesOperating,1036000,c-2292,,,,,,False,InterestFeesAndDividendIncomeSecuritiesOperating,
MSIF,2025-11-14,income_statement,income_statement,InterestFeesAndDividendIncomeSecuritiesOperating,InterestFeesAndDividendIncomeSecuritiesOperating,1352000,c-2294,,,,,,False,InterestFeesAndDividendIncomeSecuritiesOperating,
MSIF,2025-11-14,income_statement,income_statement,InterestFeesAndDividendIncomeSecuritiesOperating,InterestFeesAndDividendIncomeSecuritiesOperating,153000,c-2298,,,,,,False,InterestFeesAndDividendIncomeSecuritiesOperating,
MSIF,2025-11-14,income_statement,income_statement,InterestFeesAndDividendIncomeSecuritiesOperating,InterestFeesAndDividendIncomeSecuritiesOperating,323000,c-2300,,,,,,False,InterestFeesAndDividendIncomeSecuritiesOperating,
MSIF,2025-11-14,income_statement,income_statement,InterestFeesAndDividendIncomeSecuritiesOperating,InterestFeesAndDividendIncomeSecuritiesOperating,0,c-2304,,,,,,False,InterestFeesAndDividendIncomeSecuritiesOperating,
MSIF,2025-11-14,income_statement,income_statement,InterestFeesAndDividendIncomeSecuritiesOperating,InterestFeesAndDividendIncomeSecuritiesOperating,19000,c-2307,,,,,,False,InterestFeesAndDividendIncomeSecuritiesOperating,
MSIF,2025-11-14,income_statement,income_statement,InterestFeesAndDividendIncomeSecuritiesOperating,InterestFeesAndDividendIncomeSecuritiesOperating,0,c-2309,,,,,,False,InterestFeesAndDividendIncomeSecuritiesOperating,
MSIF,2025-11-14,income_statement,income_statement,InterestFeesAndDividendIncomeSecuritiesOperating,InterestFeesAndDividendIncomeSecuritiesOperating,0,c-2312,,,,,,False,InterestFeesAndDividendIncomeSecuritiesOperating,
MSIF,2025-11-14,income_statement,income_statement,InterestFeesAndDividendIncomeSecuritiesOperating,InterestFeesAndDividendIncomeSecuritiesOperating,0,c-2315,,,,,,False,InterestFeesAndDividendIncomeSecuritiesOperating,
MSIF,2025-11-14,income_statement,income_statement,InterestFeesAndDividendIncomeSecuritiesOperating,InterestFeesAndDividendIncomeSecuritiesOperating,17000,c-2319,,,,,,False,InterestFeesAndDividendIncomeSecuritiesOperating,
MSIF,2025-11-14,income_statement,income_statement,InterestFeesAndDividendIncomeSecuritiesOperating,InterestFeesAndDividendIncomeSecuritiesOperating,948000,c-2322,,,,,,False,InterestFeesAndDividendIncomeSecuritiesOperating,
MSIF,2025-11-14,income_statement,income_statement,InterestFeesAndDividendIncomeSecuritiesOperating,InterestFeesAndDividendIncomeSecuritiesOperating,0,c-2324,,,,,,False,InterestFeesAndDividendIncomeSecuritiesOperating,
MSIF,2025-11-14,income_statement,income_statement,InterestFeesAndDividendIncomeSecuritiesOperating,InterestFeesAndDividendIncomeSecuritiesOperating,0,c-2327,,,,,,False,InterestFeesAndDividendIncomeSecuritiesOperating,
MSIF,2025-11-14,income_statement,income_statement,InterestFeesAndDividendIncomeSecuritiesOperating,InterestFeesAndDividendIncomeSecuritiesOperating,1633000,c-2331,,,,,,False,InterestFeesAndDividendIncomeSecuritiesOperating,
MSIF,2025-11-14,income_statement,income_statement,InterestFeesAndDividendIncomeSecuritiesOperating,InterestFeesAndDividendIncomeSecuritiesOperating,24000,c-2334,,,,,,False,InterestFeesAndDividendIncomeSecuritiesOperating,
MSIF,2025-11-14,income_statement,income_statement,InterestFeesAndDividendIncomeSecuritiesOperating,InterestFeesAndDividendIncomeSecuritiesOperating,38000,c-2336,,,,,,False,InterestFeesAndDividendIncomeSecuritiesOperating,
MSIF,2025-11-14,income_statement,income_statement,InterestFeesAndDividendIncomeSecuritiesOperating,InterestFeesAndDividendIncomeSecuritiesOperating,429000,c-2340,,,,,,False,InterestFeesAndDividendIncomeSecuritiesOperating,
MSIF,2025-11-14,income_statement,income_statement,InterestFeesAndDividendIncomeSecuritiesOperating,InterestFeesAndDividendIncomeSecuritiesOperating,66000,c-2343,,,,,,False,InterestFeesAndDividendIncomeSecuritiesOperating,
MSIF,2025-11-14,income_statement,income_statement,InterestFeesAndDividendIncomeSecuritiesOperating,InterestFeesAndDividendIncomeSecuritiesOperating,0,c-2345,,,,,,False,InterestFeesAndDividendIncomeSecuritiesOperating,
MSIF,2025-11-14,income_statement,income_statement,InterestFeesAndDividendIncomeSecuritiesOperating,InterestFeesAndDividendIncomeSecuritiesOperating,24000,c-2348,,,,,,False,InterestFeesAndDividendIncomeSecuritiesOperating,
MSIF,2025-11-14,income_statement,income_statement,InterestFeesAndDividendIncomeSecuritiesOperating,InterestFeesAndDividendIncomeSecuritiesOperating,139000,c-2352,,,,,,False,InterestFeesAndDividendIncomeSecuritiesOperating,
MSIF,2025-11-14,income_statement,income_statement,InterestFeesAndDividendIncomeSecuritiesOperating,InterestFeesAndDividendIncomeSecuritiesOperating,0,c-2354,,,,,,False,InterestFeesAndDividendIncomeSecuritiesOperating,
MSIF,2025-11-14,income_statement,income_statement,InterestFeesAndDividendIncomeSecuritiesOperating,InterestFeesAndDividendIncomeSecuritiesOperating,0,c-2357,,,,,,False,InterestFeesAndDividendIncomeSecuritiesOperating,
MSIF,2025-11-14,income_statement,income_statement,InterestFeesAndDividendIncomeSecuritiesOperating,InterestFeesAndDividendIncomeSecuritiesOperating,1000,c-2360,,,,,,False,InterestFeesAndDividendIncomeSecuritiesOperating,
MSIF,2025-11-14,income_statement,income_statement,InterestFeesAndDividendIncomeSecuritiesOperating,InterestFeesAndDividendIncomeSecuritiesOperating,110000,c-2364,,,,,,False,InterestFeesAndDividendIncomeSecuritiesOperating,
MSIF,2025-11-14,income_statement,income_statement,InterestFeesAndDividendIncomeSecuritiesOperating,InterestFeesAndDividendIncomeSecuritiesOperating,735000,c-2366,,,,,,False,InterestFeesAndDividendIncomeSecuritiesOperating,
MSIF,2025-11-14,income_statement,income_statement,InterestFeesAndDividendIncomeSecuritiesOperating,InterestFeesAndDividendIncomeSecuritiesOperating,126000,c-2370,,,,,,False,InterestFeesAndDividendIncomeSecuritiesOperating,
MSIF,2025-11-14,income_statement,income_statement,InterestFeesAndDividendIncomeSecuritiesOperating,InterestFeesAndDividendIncomeSecuritiesOperating,293000,c-2373,,,,,,False,InterestFeesAndDividendIncomeSecuritiesOperating,
MSIF,2025-11-14,income_statement,income_statement,InterestFeesAndDividendIncomeSecuritiesOperating,InterestFeesAndDividendIncomeSecuritiesOperating,55000,c-2375,,,,,,False,InterestFeesAndDividendIncomeSecuritiesOperating,
MSIF,2025-11-14,income_statement,income_statement,InterestFeesAndDividendIncomeSecuritiesOperating,InterestFeesAndDividendIncomeSecuritiesOperating,25000,c-2379,,,,,,False,InterestFeesAndDividendIncomeSecuritiesOperating,
MSIF,2025-11-14,income_statement,income_statement,InterestFeesAndDividendIncomeSecuritiesOperating,InterestFeesAndDividendIncomeSecuritiesOperating,198000,c-2382,,,,,,False,InterestFeesAndDividendIncomeSecuritiesOperating,
MSIF,2025-11-14,income_statement,income_statement,InterestFeesAndDividendIncomeSecuritiesOperating,InterestFeesAndDividendIncomeSecuritiesOperating,161000,c-2384,,,,,,False,InterestFeesAndDividendIncomeSecuritiesOperating,
MSIF,2025-11-14,income_statement,income_statement,InterestFeesAndDividendIncomeSecuritiesOperating,InterestFeesAndDividendIncomeSecuritiesOperating,83000,c-2388,,,,,,False,InterestFeesAndDividendIncomeSecuritiesOperating,
MSIF,2025-11-14,income_statement,income_statement,InterestFeesAndDividendIncomeSecuritiesOperating,InterestFeesAndDividendIncomeSecuritiesOperating,424000,c-2391,,,,,,False,InterestFeesAndDividendIncomeSecuritiesOperating,
MSIF,2025-11-14,income_statement,income_statement,InterestFeesAndDividendIncomeSecuritiesOperating,InterestFeesAndDividendIncomeSecuritiesOperating,0,c-2393,,,,,,False,InterestFeesAndDividendIncomeSecuritiesOperating,
MSIF,2025-11-14,income_statement,income_statement,InterestFeesAndDividendIncomeSecuritiesOperating,InterestFeesAndDividendIncomeSecuritiesOperating,0,c-2396,,,,,,False,InterestFeesAndDividendIncomeSecuritiesOperating,
MSIF,2025-11-14,income_statement,income_statement,InterestFeesAndDividendIncomeSecuritiesOperating,InterestFeesAndDividendIncomeSecuritiesOperating,142000,c-2400,,,,,,False,InterestFeesAndDividendIncomeSecuritiesOperating,
MSIF,2025-11-14,income_statement,income_statement,InterestFeesAndDividendIncomeSecuritiesOperating,InterestFeesAndDividendIncomeSecuritiesOperating,0,c-2402,,,,,,False,InterestFeesAndDividendIncomeSecuritiesOperating,
MSIF,2025-11-14,income_statement,income_statement,InterestFeesAndDividendIncomeSecuritiesOperating,InterestFeesAndDividendIncomeSecuritiesOperating,1000,c-2406,,,,,,False,InterestFeesAndDividendIncomeSecuritiesOperating,
MSIF,2025-11-14,income_statement,income_statement,InterestFeesAndDividendIncomeSecuritiesOperating,InterestFeesAndDividendIncomeSecuritiesOperating,705000,c-2409,,,,,,False,InterestFeesAndDividendIncomeSecuritiesOperating,
MSIF,2025-11-14,income_statement,income_statement,InterestFeesAndDividendIncomeSecuritiesOperating,InterestFeesAndDividendIncomeSecuritiesOperating,97000,c-2411,,,,,,False,InterestFeesAndDividendIncomeSecuritiesOperating,
MSIF,2025-11-14,income_statement,income_statement,InterestFeesAndDividendIncomeSecuritiesOperating,InterestFeesAndDividendIncomeSecuritiesOperating,4000,c-2414,,,,,,False,InterestFeesAndDividendIncomeSecuritiesOperating,
MSIF,2025-11-14,income_statement,income_statement,InterestFeesAndDividendIncomeSecuritiesOperating,InterestFeesAndDividendIncomeSecuritiesOperating,783000,c-2418,,,,,,False,InterestFeesAndDividendIncomeSecuritiesOperating,
MSIF,2025-11-14,income_statement,income_statement,InterestFeesAndDividendIncomeSecuritiesOperating,InterestFeesAndDividendIncomeSecuritiesOperating,430000,c-2420,,,,,,False,InterestFeesAndDividendIncomeSecuritiesOperating,
MSIF,2025-11-14,income_statement,income_statement,InterestFeesAndDividendIncomeSecuritiesOperating,InterestFeesAndDividendIncomeSecuritiesOperating,27000,c-2424,,,,,,False,InterestFeesAndDividendIncomeSecuritiesOperating,
MSIF,2025-11-14,income_statement,income_statement,InterestFeesAndDividendIncomeSecuritiesOperating,InterestFeesAndDividendIncomeSecuritiesOperating,284000,c-2427,,,,,,False,InterestFeesAndDividendIncomeSecuritiesOperating,
MSIF,2025-11-14,income_statement,income_statement,InterestFeesAndDividendIncomeSecuritiesOperating,InterestFeesAndDividendIncomeSecuritiesOperating,0,c-2429,,,,,,False,InterestFeesAndDividendIncomeSecuritiesOperating,
MSIF,2025-11-14,income_statement,income_statement,InterestFeesAndDividendIncomeSecuritiesOperating,InterestFeesAndDividendIncomeSecuritiesOperating,1000,c-2433,,,,,,False,InterestFeesAndDividendIncomeSecuritiesOperating,
MSIF,2025-11-14,income_statement,income_statement,InterestFeesAndDividendIncomeSecuritiesOperating,InterestFeesAndDividendIncomeSecuritiesOperating,123000,c-2436,,,,,,False,InterestFeesAndDividendIncomeSecuritiesOperating,
MSIF,2025-11-14,income_statement,income_statement,InterestFeesAndDividendIncomeSecuritiesOperating,InterestFeesAndDividendIncomeSecuritiesOperating,0,c-2438,,,,,,False,InterestFeesAndDividendIncomeSecuritiesOperating,
MSIF,2025-11-14,income_statement,income_statement,InterestFeesAndDividendIncomeSecuritiesOperating,InterestFeesAndDividendIncomeSecuritiesOperating,64000,c-2442,,,,,,False,InterestFeesAndDividendIncomeSecuritiesOperating,
MSIF,2025-11-14,income_statement,income_statement,InterestFeesAndDividendIncomeSecuritiesOperating,InterestFeesAndDividendIncomeSecuritiesOperating,947000,c-2444,,,,,,False,InterestFeesAndDividendIncomeSecuritiesOperating,
MSIF,2025-11-14,income_statement,income_statement,InterestFeesAndDividendIncomeSecuritiesOperating,InterestFeesAndDividendIncomeSecuritiesOperating,1213000,c-2448,,,,,,False,InterestFeesAndDividendIncomeSecuritiesOperating,
MSIF,2025-11-14,income_statement,income_statement,InterestFeesAndDividendIncomeSecuritiesOperating,InterestFeesAndDividendIncomeSecuritiesOperating,665000,c-2450,,,,,,False,InterestFeesAndDividendIncomeSecuritiesOperating,
MSIF,2025-11-14,income_statement,income_statement,InterestFeesAndDividendIncomeSecuritiesOperating,InterestFeesAndDividendIncomeSecuritiesOperating,0,c-2454,,,,,,False,InterestFeesAndDividendIncomeSecuritiesOperating,
MSIF,2025-11-14,income_statement,income_statement,InterestFeesAndDividendIncomeSecuritiesOperating,InterestFeesAndDividendIncomeSecuritiesOperating,0,c-2456,,,,,,False,InterestFeesAndDividendIncomeSecuritiesOperating,
MSIF,2025-11-14,income_statement,income_statement,InterestFeesAndDividendIncomeSecuritiesOperating,InterestFeesAndDividendIncomeSecuritiesOperating,1000,c-2460,,,,,,False,InterestFeesAndDividendIncomeSecuritiesOperating,
MSIF,2025-11-14,income_statement,income_statement,InterestFeesAndDividendIncomeSecuritiesOperating,InterestFeesAndDividendIncomeSecuritiesOperating,14000,c-2463,,,,,,False,InterestFeesAndDividendIncomeSecuritiesOperating,
MSIF,2025-11-14,income_statement,income_statement,InterestFeesAndDividendIncomeSecuritiesOperating,InterestFeesAndDividendIncomeSecuritiesOperating,115000,c-2466,,,,,,False,InterestFeesAndDividendIncomeSecuritiesOperating,
MSIF,2025-11-14,income_statement,income_statement,InterestFeesAndDividendIncomeSecuritiesOperating,InterestFeesAndDividendIncomeSecuritiesOperating,0,c-2468,,,,,,False,InterestFeesAndDividendIncomeSecuritiesOperating,
MSIF,2025-11-14,income_statement,income_statement,InterestFeesAndDividendIncomeSecuritiesOperating,InterestFeesAndDividendIncomeSecuritiesOperating,0,c-2471,,,,,,False,InterestFeesAndDividendIncomeSecuritiesOperating,
MSIF,2025-11-14,income_statement,income_statement,InterestFeesAndDividendIncomeSecuritiesOperating,InterestFeesAndDividendIncomeSecuritiesOperating,0,c-2474,,,,,,False,InterestFeesAndDividendIncomeSecuritiesOperating,
MSIF,2025-11-14,income_statement,income_statement,InterestFeesAndDividendIncomeSecuritiesOperating,InterestFeesAndDividendIncomeSecuritiesOperating,1000,c-2477,,,,,,False,InterestFeesAndDividendIncomeSecuritiesOperating,
MSIF,2025-11-14,income_statement,income_statement,InterestFeesAndDividendIncomeSecuritiesOperating,InterestFeesAndDividendIncomeSecuritiesOperating,204000,c-2481,,,,,,False,InterestFeesAndDividendIncomeSecuritiesOperating,
MSIF,2025-11-14,income_statement,income_statement,InterestFeesAndDividendIncomeSecuritiesOperating,InterestFeesAndDividendIncomeSecuritiesOperating,22000,c-2483,,,,,,False,InterestFeesAndDividendIncomeSecuritiesOperating,
MSIF,2025-11-14,income_statement,income_statement,InterestFeesAndDividendIncomeSecuritiesOperating,InterestFeesAndDividendIncomeSecuritiesOperating,3000,c-2487,,,,,,False,InterestFeesAndDividendIncomeSecuritiesOperating,
MSIF,2025-11-14,income_statement,income_statement,InterestFeesAndDividendIncomeSecuritiesOperating,InterestFeesAndDividendIncomeSecuritiesOperating,638000,c-2490,,,,,,False,InterestFeesAndDividendIncomeSecuritiesOperating,
MSIF,2025-11-14,income_statement,income_statement,InterestFeesAndDividendIncomeSecuritiesOperating,InterestFeesAndDividendIncomeSecuritiesOperating,80000,c-2492,,,,,,False,InterestFeesAndDividendIncomeSecuritiesOperating,
MSIF,2025-11-14,income_statement,income_statement,InterestFeesAndDividendIncomeSecuritiesOperating,InterestFeesAndDividendIncomeSecuritiesOperating,0,c-2495,,,,,,False,InterestFeesAndDividendIncomeSecuritiesOperating,
MSIF,2025-11-14,income_statement,income_statement,InterestFeesAndDividendIncomeSecuritiesOperating,InterestFeesAndDividendIncomeSecuritiesOperating,22891000,c-22,,,,,,False,InterestFeesAndDividendIncomeSecuritiesOperating,
