company_name,investment_type,industry,cash_rate,pik_rate,reference_rate,spread,acquisition_date,maturity_date,principal_amount,amortized_cost,fair_value,percent_of_net_assets,cost,commitment_limit,undrawn_commitment,ticker,filing_date
1272775 B.C. LTD. dba Everest Clinical Research,First Lien,Business Services,6.50%,,N/A,5.50%,,2026-11-06,9383,9255,9255,,,,,GSBD,2021-08-05
1272775 B.C. LTD. dba Everest Clinical Research,First Lien,Business Services,6.95%,,N/A,4.50%,,2026-11-06,139,109,109,,,,,GSBD,2021-08-05
1272775 B.C. LTD. dba Everest Clinical Research,First Lien,Business Services,,,N/A,5.50%,,2026-11-06,1151,1151,1151,,,,,GSBD,2021-08-05
3SI Security Systems Inc.,First Lien,Industrial Services,6.75%,,N/A,5.75%,,2023-06-16,13982,13910,13910,,,,,GSBD,2021-08-05
3SI Security Systems Inc.,First Lien,Industrial Services,6.75%,,N/A,5.75%,,2023-06-16,2129,2018,2018,,,,,GSBD,2021-08-05
A Place For Mom Inc.,First Lien,Diversified,4.75%,,N/A,3.75%,,2024-08-10,8706,8702,8702,,,,,GSBD,2021-08-05
Abacus Data Holdings Inc. dba Clutch Intermediate Holdings,First Lien,Software,7.25%,,N/A,6.25%,,2027-03-10,16470,16076,16076,,,,,GSBD,2021-08-05
Abacus Data Holdings Inc. dba Clutch Intermediate Holdings,First Lien,Software,7.25%,,N/A,6.25%,,2027-03-10,1220,154,154,,,,,GSBD,2021-08-05
Abacus Data Holdings Inc. dba Clutch Intermediate Holdings,First Lien,Software,,,N/A,6.25%,,2027-03-10,3046,3046,3046,,,,,GSBD,2021-08-05
Acquia Inc.,First Lien,Software,8.00%,,N/A,7.00%,,2025-10-31,30561,29111,29111,,,,,GSBD,2021-08-05
Acquia Inc.,First Lien,Software,8.00%,,N/A,7.00%,,2025-10-31,3268,192,192,,,,,GSBD,2021-08-05
Ansira Partners Inc.,First Lien,Business Services,7.50%,,N/A,6.50%,,2024-12-20,4924,4905,4905,,,,,GSBD,2021-08-05
Ansira Partners Inc.,First Lien,Business Services,7.50%,,N/A,6.50%,,2024-12-20,303,302,302,,,,,GSBD,2021-08-05
Apptio Inc.,First Lien,Software,8.25%,,N/A,7.25%,,2025-01-10,79154,76173,76173,,,,,GSBD,2021-08-05
Apptio Inc.,First Lien,Software,8.25%,,N/A,7.25%,,2025-01-10,5385,2088,2088,,,,,GSBD,2021-08-05
Aria Systems Inc.,First Lien,Financial Services,,,N/A,7.00%,,2026-06-30,16600,16351,16351,,,,,GSBD,2021-08-05
Aria Systems Inc.,First Lien,Financial Services,,,N/A,7.00%,,2026-06-30,4160,,,,,,,GSBD,2021-08-05
Associations Inc.,First Lien,Real Estate,8.00%,,N/A,7.00%,,2024-07-30,34387,32845,32845,,,,,GSBD,2021-08-05
Associations Inc.,First Lien,Real Estate,8.00%,,N/A,7.00%,,2024-07-30,7509,7239,7239,,,,,GSBD,2021-08-05
Associations Inc.,First Lien,Real Estate,7.00%,,N/A,6.00%,,2024-07-30,1422,1357,1357,,,,,GSBD,2021-08-05
ATX Networks Corp.,First Lien,Technology Hardware,10.75%,,N/A,9.75%,,2023-12-31,7129,7111,7111,,,,,GSBD,2021-08-05
ATX Networks Corp.,First Lien,Technology Hardware,10.75%,,N/A,9.75%,,2023-12-31,453,449,449,,,,,GSBD,2021-08-05
Badger Sportswear Inc.,First Lien,Apparel & Textiles,6.25%,,N/A,5.00%,,2023-09-11,7138,7101,7101,,,,,GSBD,2021-08-05
Blacksmith Applications Inc.,First Lien,Software,7.50%,,N/A,6.50%,,2026-12-02,25100,24579,24579,,,,,GSBD,2021-08-05
Blacksmith Applications Inc.,First Lien,Software,,,N/A,6.50%,,2026-12-02,2000,2000,2000,,,,,GSBD,2021-08-05
Brillio LLC,First Lien,Software,5.50%,,N/A,4.75%,,2025-02-06,10898,10476,10476,,,,,GSBD,2021-08-05
Brillio LLC,First Lien,Software,5.50%,,N/A,4.75%,,2025-02-06,1827,1807,1807,,,,,GSBD,2021-08-05
Broadway Technology LLC,First Lien,Financial Services,7.50%,,N/A,6.50%,,2026-01-08,26035,25556,25556,,,,,GSBD,2021-08-05
CORA Health Holdings Corp.,First Lien,Healthcare Services,6.75%,,N/A,5.75%,,2027-06-15,22777,22437,22437,,,,,GSBD,2021-08-05
CORA Health Holdings Corp.,First Lien,Healthcare Services,,5.75%,N/A,5.75%,,2027-06-15,8897,66,66,,,,,GSBD,2021-08-05
CorePower Yoga LLC,First Lien,Diversified,7.00%,1.25%,N/A,6.00%,,2025-05-14,24128,21584,21584,,,,,GSBD,2021-08-05
CorePower Yoga LLC,First Lien,Diversified,,1.25%,N/A,6.00%,,2025-05-14,1687,140,140,,,,,GSBD,2021-08-05
CST Buyer Company (dba Intoxalock),First Lien,Diversified,7.00%,,N/A,6.00%,,2025-10-03,28301,27389,27389,,,,,GSBD,2021-08-05
CST Buyer Company (dba Intoxalock),First Lien,Diversified,7.00%,,N/A,6.00%,,2025-11-03,15005,14697,14697,,,,,GSBD,2021-08-05
CST Buyer Company (dba Intoxalock),First Lien,Diversified,,6.00%,N/A,6.00%,,2025-10-03,2170,13,13,,,,,GSBD,2021-08-05
Diligent Corp.,First Lien,Business Services,7.25%,,N/A,6.25%,,2025-08-04,38255,42900,42900,,,,,GSBD,2021-08-05
Diligent Corp.,First Lien,Business Services,7.25%,,N/A,6.25%,,2025-08-04,24726,23670,23670,,,,,GSBD,2021-08-05
Diligent Corp.,First Lien,Business Services,,6.25%,N/A,6.25%,,2025-08-04,3100,59,59,,,,,GSBD,2021-08-05
DocuTAP Inc.,First Lien,Healthcare Technology,6.50%,,N/A,5.50%,,2025-05-12,58270,55591,55591,,,,,GSBD,2021-08-05
Elemica Parent Inc.,First Lien,Chemicals,6.50%,,N/A,5.50%,,2025-09-18,7055,6574,6574,,,,,GSBD,2021-08-05
Elemica Parent Inc.,First Lien,Chemicals,6.50%,,N/A,5.50%,,2025-09-18,1504,1463,1463,,,,,GSBD,2021-08-05
Elemica Parent Inc.,First Lien,Chemicals,6.50%,,N/A,5.50%,,2025-09-18,1383,1312,1312,,,,,GSBD,2021-08-05
Elemica Parent Inc.,First Lien,Chemicals,6.50%,,N/A,5.50%,,2025-09-18,563,548,548,,,,,GSBD,2021-08-05
Elemica Parent Inc.,First Lien,Chemicals,6.50%,,N/A,5.50%,,2025-09-18,930,515,515,,,,,GSBD,2021-08-05
Elemica Parent Inc.,First Lien,Chemicals,,5.50%,N/A,5.50%,,2025-09-18,380,5,5,,,,,GSBD,2021-08-05
Eptam Plastics Ltd.,First Lien,Medical Devices & Equipment,6.50%,,N/A,5.50%,,2025-12-06,10529,10059,10059,,,,,GSBD,2021-08-05
Eptam Plastics Ltd.,First Lien,Medical Devices & Equipment,6.50%,,N/A,5.50%,,2025-12-06,4952,4868,4868,,,,,GSBD,2021-08-05
Eptam Plastics Ltd.,First Lien,Medical Devices & Equipment,6.50%,,N/A,5.50%,,2025-12-06,4537,4430,4430,,,,,GSBD,2021-08-05
Eptam Plastics Ltd.,First Lien,Medical Devices & Equipment,6.50%,,N/A,5.50%,,2025-12-06,2269,353,353,,,,,GSBD,2021-08-05
ESO Solutions Inc.,First Lien,Healthcare Technology,8.00%,,N/A,7.00%,,2027-05-03,30408,29812,29812,,,,,GSBD,2021-08-05
ESO Solutions Inc.,First Lien,Healthcare Technology,,7.00%,N/A,7.00%,,2027-05-03,9500,,,,,,,GSBD,2021-08-05
ESO Solutions Inc.,First Lien,Healthcare Technology,,7.00%,N/A,7.00%,,2027-05-03,3620,71,71,,,,,GSBD,2021-08-05
Fenergo Finance 3 Ltd.,First Lien,Financial Services,7.00%,,N/A,6.00%,,2024-09-05,43100,48823,48823,,,,,GSBD,2021-08-05
Fenergo Finance 3 Ltd.,First Lien,Financial Services,,6.00%,N/A,6.00%,,2024-09-05,2865,28,28,,,,,GSBD,2021-08-05
Fenergo Finance 3 Ltd.,First Lien,Financial Services,,6.00%,N/A,6.00%,,2024-09-05,3700,1,1,,,,,GSBD,2021-08-05
FWR Holding Corp. (dba First Watch Restaurants),First Lien,Hotels & Leisure,8.00%,1.50%,N/A,7.00%,,2023-08-21,15760,14993,14993,,,,,GSBD,2021-08-05
FWR Holding Corp. (dba First Watch Restaurants),First Lien,Hotels & Leisure,8.00%,1.50%,N/A,7.00%,,2023-08-21,4019,3764,3764,,,,,GSBD,2021-08-05
WebPT Inc.,First Lien,Healthcare Technology,,6.75%,N/A,6.75%,,2024-08-28,3141,69,69,,,,,GSBD,2021-08-05
Wellness AcquisitionCo Inc. dba SPINS,First Lien,Software,6.50%,,N/A,5.50%,,2027-01-20,20100,19723,19723,,,,,GSBD,2021-08-05
Wellness AcquisitionCo Inc. dba SPINS,First Lien,Software,,5.50%,N/A,5.50%,,2027-01-20,2600,48,48,,,,,GSBD,2021-08-05
Wine.com LLC,First Lien,Food & Beverage,8.00%,,N/A,7.00%,,2024-11-14,15400,14921,14921,,,,,GSBD,2021-08-05
Wine.com LLC,First Lien,Food & Beverage,8.00%,,N/A,7.00%,,2024-11-14,3700,3632,3632,,,,,GSBD,2021-08-05
WorkForce Software LLC,First Lien,Software,7.50%,1.00%,N/A,6.50%,,2025-07-31,21740,20789,20789,,,,,GSBD,2021-08-05
WorkForce Software LLC,First Lien,Software,,6.50%,N/A,6.50%,,2025-07-31,1894,35,35,,,,,GSBD,2021-08-05
Xactly Corp.,First Lien,Software,8.25%,,N/A,7.25%,,2023-07-31,62025,60129,60129,,,,,GSBD,2021-08-05
Xactly Corp.,First Lien,Software,,7.25%,N/A,7.25%,,2023-07-31,3874,50,50,,,,,GSBD,2021-08-05
Zarya Intermediate LLC dba iOFFICE,First Lien,Real Estate,,6.50%,N/A,6.50%,,2027-07-01,35480,,,,,,,GSBD,2021-08-05
Zarya Intermediate LLC dba iOFFICE,First Lien,Real Estate,,6.50%,N/A,6.50%,,2027-07-01,3885,,,,,,,GSBD,2021-08-05
Zarya Intermediate LLC dba iOFFICE,First Lien,Real Estate,,6.50%,N/A,6.50%,,2027-07-01,2872,,,,,,,GSBD,2021-08-05
Zarya Intermediate LLC dba iOFFICE,First Lien,Real Estate,,6.50%,N/A,6.50%,,2027-07-01,27870,557,557,,,,,GSBD,2021-08-05
Zodiac Intermediate LLC dba Zipari,First Lien,Healthcare Technology,8.50%,,N/A,7.50%,,2026-12-21,50230,48985,48985,,,,,GSBD,2021-08-05
Zodiac Intermediate LLC dba Zipari,First Lien,Healthcare Technology,,7.50%,N/A,7.50%,,2025-12-22,7500,179,179,,,,,GSBD,2021-08-05
Doxim Inc.,First Lien,Financial Services,7.00%,,N/A,6.00%,,2024-02-28,38967,37155,37155,,,,,GSBD,2021-08-05
Doxim Inc.,First Lien,Financial Services,7.00%,,N/A,6.00%,,2024-02-28,22863,21528,21528,,,,,GSBD,2021-08-05
Doxim Inc.,First Lien,Financial Services,8.00%,,N/A,7.00%,,2024-02-28,6768,6614,6614,,,,,GSBD,2021-08-05
Doxim Inc.,First Lien,Financial Services,9.00%,,N/A,8.00%,,2024-02-28,5255,5127,5127,,,,,GSBD,2021-08-05
Doxim Inc.,First Lien,Financial Services,9.00%,,N/A,8.00%,,2024-02-28,3938,3854,3854,,,,,GSBD,2021-08-05
Smarsh Inc.,First Lien,Internet & Media,9.25%,,N/A,8.25%,,2025-11-20,60886,58156,58156,,,,,GSBD,2021-08-05
Animal Supply Intermediate LLC,Second Lien,Transportation & Logistics,7.00%,7.00%,,,2025-11-14,,8279,8279,,,,,,GSBD,2021-08-05
Bolttech Mannings Inc.,Second Lien,Industrial Services,8.13%,8.00%,N/A,8.00%,,2022-11-20,16499,16363,16363,,,,,GSBD,2021-08-05
Chase Industries Inc. dba Senneca Holdings,Second Lien,Construction & Engineering,10.00%,10.00%,,,2025-11-11,,9714,9714,,,,,,GSBD,2021-08-05
Chase Industries Inc. dba Senneca Holdings,Second Lien,Construction & Engineering,,11.00%,,,2026-05-11,,,,,,,,,GSBD,2021-08-05
1272775 B.C. LTD. dba Everest Clinical Research,First Lien,Business Services,6.50%,,N/A,5.50%,,2026-11-06,9430,9292,9289,,,,,GSBD,2021-08-05
1272775 B.C. LTD. dba Everest Clinical Research,First Lien,Business Services,,,N/A,5.50%,,2026-11-06,1260,,,,,,,GSBD,2021-08-05
3SI Security Systems Inc.,First Lien,Industrial Services,6.75%,,N/A,5.75%,,2023-06-16,14556,14465,14483,,,,,GSBD,2021-08-05
3SI Security Systems Inc.,First Lien,Industrial Services,6.75%,,N/A,5.75%,,2023-06-16,2216,2075,2205,,,,,GSBD,2021-08-05
A Place For Mom Inc.,First Lien,Diversified,4.75%,,N/A,3.75%,,2024-08-10,8752,8746,8052,,,,,GSBD,2021-08-05
Acquia Inc.,First Lien,Software,8.00%,,N/A,7.00%,,2025-10-31,30561,28977,30026,,,,,GSBD,2021-08-05
Acquia Inc.,First Lien,Software,,,N/A,7.00%,,2025-10-31,3268,,77,,,,,GSBD,2021-08-05
Ansira Partners Inc.,First Lien,Business Services,7.50%,6.50%,N/A,6.50%,,2024-12-20,4748,4726,3988,,,,,GSBD,2021-08-05
Ansira Partners Inc.,First Lien,Business Services,7.50%,6.50%,N/A,6.50%,,2024-12-20,292,291,245,,,,,GSBD,2021-08-05
Apptio Inc.,First Lien,Software,8.25%,,N/A,7.25%,,2025-01-10,79154,75824,77967,,,,,GSBD,2021-08-05
Apptio Inc.,First Lien,Software,,,N/A,7.25%,,2025-01-10,5385,,75,,,,,GSBD,2021-08-05
Associations Inc.,First Lien,Real Estate,8.00%,3.00%,N/A,7.00%,,2024-07-30,33860,32095,33013,,,,,GSBD,2021-08-05
Associations Inc.,First Lien,Real Estate,8.00%,3.00%,N/A,7.00%,,2024-07-30,7396,7102,7104,,,,,GSBD,2021-08-05
Associations Inc.,First Lien,Real Estate,7.00%,,N/A,6.00%,,2024-07-30,1422,1348,1387,,,,,GSBD,2021-08-05
ATX Networks Corp.,First Lien,Technology Hardware,8.75%,1.50%,N/A,7.75%,,2023-12-31,7183,7162,6321,,,,,GSBD,2021-08-05
ATX Networks Corp.,First Lien,Technology Hardware,8.75%,1.50%,N/A,7.75%,,2023-12-31,457,452,402,,,,,GSBD,2021-08-05
Badger Sportswear Inc.,First Lien,Apparel & Textiles,6.25%,,N/A,5.00%,,2023-09-11,7150,7106,6292,,,,,GSBD,2021-08-05
Barbri Inc.,First Lien,Diversified,5.00%,,N/A,4.00%,,2023-12-01,6243,6227,5931,,,,,GSBD,2021-08-05
BJH Holdings III Corp. dba Jack's Family Restaurants,First Lien,Hotels & Leisure,6.25%,,N/A,5.25%,,2025-08-19,14904,14065,14270,,,,,GSBD,2021-08-05
Blacksmith Applications Inc.,First Lien,Software,7.50%,,N/A,6.50%,,2026-12-02,25100,24542,24535,,,,,GSBD,2021-08-05
Blacksmith Applications Inc.,First Lien,Software,,,N/A,6.50%,,2026-12-02,2000,,44,,,,,GSBD,2021-08-05
Brillio LLC,First Lien,Software,5.75%,,N/A,4.75%,,2025-02-06,10953,10478,10871,,,,,GSBD,2021-08-05
Brillio LLC,First Lien,Software,5.75%,,N/A,4.75%,,2025-02-06,3710,1808,1827,,,,,GSBD,2021-08-05
Bullhorn Inc.,First Lien,Business Services,6.75%,,N/A,5.75%,,2026-09-30,26833,25653,26430,,,,,GSBD,2021-08-05
Bullhorn Inc.,First Lien,Business Services,6.75%,,N/A,5.75%,,2026-09-30,556,532,548,,,,,GSBD,2021-08-05
Bullhorn Inc.,First Lien,Business Services,6.75%,,N/A,5.75%,,2026-09-30,444,424,437,,,,,GSBD,2021-08-05
Bullhorn Inc.,First Lien,Business Services,,,N/A,5.75%,,2026-09-30,1232,,19,,,,,GSBD,2021-08-05
Bullhorn Inc.,First Lien,Business Services,,,N/A,5.75%,,2026-09-30,1344,,21,,,,,GSBD,2021-08-05
Governmentjobs.com Inc. dba NeoGov,First Lien,Software,7.50%,,N/A,6.50%,,2026-02-05,6328,378,378,,,,,GSBD,2021-08-05
GS AcquisitionCo Inc. dba Insightsoftware,First Lien,Financial Services,6.75%,,N/A,5.75%,,2024-05-24,9631,9508,9508,,,,,GSBD,2021-08-05
GS AcquisitionCo Inc. dba Insightsoftware,First Lien,Financial Services,6.75%,,N/A,5.75%,,2024-05-24,8046,7941,7941,,,,,GSBD,2021-08-05
GS AcquisitionCo Inc. dba Insightsoftware,First Lien,Financial Services,6.75%,,N/A,5.75%,,2024-05-24,807,366,366,,,,,GSBD,2021-08-05
Halo Branded Solutions Inc.,First Lien,Industrial Services,5.50%,,N/A,4.50%,,2025-06-30,6391,6350,6350,,,,,GSBD,2021-08-05
Helios Buyer Inc. dba Heartland,First Lien,Diversified,7.00%,,N/A,6.00%,,2026-12-15,14572,14302,14302,,,,,GSBD,2021-08-05
Helios Buyer Inc. dba Heartland,First Lien,Diversified,7.00%,,N/A,6.00%,,2026-12-15,7943,7907,7907,,,,,GSBD,2021-08-05
Helios Buyer Inc. dba Heartland,First Lien,Diversified,7.00%,,N/A,6.00%,,2026-12-15,2482,1265,1265,,,,,GSBD,2021-08-05
Hollander Sleep & Décor dba SureFit,First Lien,Consumer Products,10.75%,,N/A,9.75%,,2023-07-13,40650,38005,38005,,,,,GSBD,2021-08-05
HowlCO LLC dba Lone Wolf,First Lien,Real Estate,7.00%,,N/A,6.00%,,2026-10-23,35491,34935,34935,,,,,GSBD,2021-08-05
HowlCO LLC dba Lone Wolf,First Lien,Real Estate,7.00%,,N/A,6.00%,,2026-10-23,10886,4751,4751,,,,,GSBD,2021-08-05
HS4 AcquisitionCo Inc. dba HotSchedules & Fourth,First Lien,Hotels & Leisure,7.75%,,N/A,6.75%,,2025-07-09,57658,53825,53825,,,,,GSBD,2021-08-05
HS4 AcquisitionCo Inc. dba HotSchedules & Fourth,First Lien,Hotels & Leisure,,,N/A,,2025-07-09,,-193,-193,,,,,,GSBD,2021-08-05
iCIMS Inc.,First Lien,Software,7.50%,,N/A,6.50%,,2024-09-12,72489,69755,69755,,,,,GSBD,2021-08-05
iCIMS Inc.,First Lien,Software,7.50%,,N/A,6.50%,,2024-09-12,13350,12839,12839,,,,,GSBD,2021-08-05
iCIMS Inc.,First Lien,Software,7.50%,,N/A,6.50%,,2024-09-12,4531,4471,4471,,,,,GSBD,2021-08-05
Instructure Holdings,First Lien,Diversified,6.50%,,N/A,5.50%,,2026-03-24,60223,58058,58058,,,,,GSBD,2021-08-05
Instructure Holdings,First Lien,Diversified,,,N/A,,2026-03-24,,-46,-46,,,,,,GSBD,2021-08-05
Integral Ad Science Inc.,First Lien,Internet & Media,6.00%,,N/A,5.00%,,2024-07-19,63071,60162,60162,,,,,GSBD,2021-08-05
Integral Ad Science Inc.,First Lien,Internet & Media,,,N/A,,2023-07-19,,-87,-87,,,,,,GSBD,2021-08-05
Internet Truckstop Group LLC dba Truckstop,First Lien,Construction & Engineering,6.75%,,N/A,5.75%,,2025-04-02,53763,51377,51377,,,,,GSBD,2021-08-05
Internet Truckstop Group LLC dba Truckstop,First Lien,Construction & Engineering,,,N/A,,2025-04-02,,-83,-83,,,,,,GSBD,2021-08-05
Iracore International Holdings Inc.,First Lien,Energy & Utilities,10.00%,,N/A,9.00%,,2024-04-12,2361,2361,2361,,,,,GSBD,2021-08-05
Jill Acquisition LLC dba J Jill,First Lien,Retail,6.00%,,N/A,5.00%,,2024-05-08,6582,6525,6525,,,,,GSBD,2021-08-05
Kawa Solar Holdings Ltd.,First Lien,Construction & Engineering,,,,12/31/21,,,3603,,,,,,,GSBD,2021-08-05
Kawa Solar Holdings Ltd.,First Lien,Construction & Engineering,,,,12/31/21,,,800,,,,,,,GSBD,2021-08-05
Lithium Technologies Inc.,First Lien,Internet & Media,9.00%,,N/A,8.00%,,2022-10-03,89013,85507,85507,,,,,GSBD,2021-08-05
Lithium Technologies Inc.,First Lien,Internet & Media,,,N/A,,2022-10-03,,-108,-108,,,,,,GSBD,2021-08-05
Mailgun Technologies Inc.,First Lien,Internet & Media,6.00%,,N/A,5.00%,,2025-03-26,38477,37287,37287,,,,,GSBD,2021-08-05
Purfoods LLC,First Lien,Healthcare Services,,,N/A,6.25%,,2026-08-12,400,400,5,0.02,,,,GSBD,2021-08-05
Riverpoint Medical LLC,First Lien,Medical Devices & Equipment,5.50%,,N/A,4.50%,,2025-06-21,22178,21055,21055,1.0,,,,GSBD,2021-08-05
Riverpoint Medical LLC,First Lien,Medical Devices & Equipment,,,N/A,4.50%,,2025-06-21,,,4094,94,0.00,,,GSBD,2021-08-05
Selectquote Inc.,First Lien,Insurance,7.00%,,N/A,6.00%,,2024-11-05,20265,19560,19560,0.9,,,,GSBD,2021-08-05
SF Home Décor LLC dba SureFit Home Décor,First Lien,Consumer Products,10.75%,,N/A,9.75%,,2022-07-13,42160,38927,38927,1.8,,,,GSBD,2021-08-05
SPay Inc. dba Stack Sports,First Lien,Internet & Media,8.75%,2.00%,N/A,7.75%,,2024-06-17,26157,23672,23672,1.1,,,,GSBD,2021-08-05
SPay Inc. dba Stack Sports,First Lien,Internet & Media,8.75%,2.00%,N/A,7.75%,,2024-06-17,1899,1719,1719,0.08,,,,GSBD,2021-08-05
SPay Inc. dba Stack Sports,First Lien,Internet & Media,8.75%,2.00%,N/A,7.75%,,2024-06-17,951,861,861,0.04,,,,GSBD,2021-08-05
Sunstar Insurance Group LLC,First Lien,Insurance,6.50%,,N/A,5.50%,,2026-10-09,543,520,520,0.02,,,,GSBD,2021-08-05
Sunstar Insurance Group LLC,First Lien,Insurance,,,N/A,5.50%,,2026-10-09,,,111,2,0.00,,,GSBD,2021-08-05
Superman Holdings LLC dba Foundation Software,First Lien,Construction & Engineering,10.25%,,N/A,7.00%,,2027-08-31,855,814,814,0.04,,,,GSBD,2021-08-05
Superman Holdings LLC dba Foundation Software,First Lien,Construction & Engineering,,,N/A,7.00%,,2026-08-31,,,122,3,0.00,,,GSBD,2021-08-05
Sweep Purchaser LLC,First Lien,Industrial Services,6.75%,,N/A,5.75%,,2026-11-30,28608,28042,28042,1.3,,,,GSBD,2021-08-05
Sweep Purchaser LLC,First Lien,Industrial Services,,,N/A,5.75%,,2026-11-30,,,9082,90,0.00,,,GSBD,2021-08-05
Syntellis Performance Solutions LLC dba Axiom,First Lien,Healthcare Technology,9.00%,,N/A,8.00%,,2027-08-02,837,793,793,0.04,,,,GSBD,2021-08-05
The Center for Orthopedic and Research Excellence Inc. dba HOPCo,First Lien,Healthcare Services,6.25%,,N/A,5.25%,,2025-08-15,26596,25205,25205,1.2,,,,GSBD,2021-08-05
The Center for Orthopedic and Research Excellence Inc. dba HOPCo,First Lien,Healthcare Services,,,N/A,5.25%,,2025-08-15,,,4565,112,0.00,,,GSBD,2021-08-05
Thrasio LLC,First Lien,Internet & Media,8.00%,,N/A,7.00%,,2026-12-18,15130,14753,14753,0.7,,,,GSBD,2021-08-05
Thrasio LLC,First Lien,Internet & Media,,,N/A,7.00%,,2026-12-18,,,9990,124,0.00,,,GSBD,2021-08-05
Tronair Parent Inc.,First Lien,Transportation & Logistics,5.75%,,N/A,4.75%,,2023-09-08,6703,6674,6674,0.3,,,,GSBD,2021-08-05
U.S. Acute Care Solutions LLC,First Lien,Healthcare Services,7.00%,,N/A,6.00%,,2021-05-17,6271,6265,6265,0.3,,,,GSBD,2021-08-05
US Med Acquisition Inc.,First Lien,Medical Devices & Equipment,9.00%,,N/A,8.00%,,2023-02-14,29334,29145,29145,1.3,,,,GSBD,2021-08-05
USN Opco LLC dba Global Nephrology Solutions,First Lien,Healthcare Services,6.50%,,N/A,5.50%,,2026-12-21,22038,21599,21599,1.0,,,,GSBD,2021-08-05
USN Opco LLC dba Global Nephrology Solutions,First Lien,Healthcare Services,,,N/A,5.50%,,2026-12-21,,,3023,60,0.00,,,GSBD,2021-08-05
Viant Medical Holdings Inc.,First Lien,Medical Devices & Equipment,7.25%,,N/A,6.25%,,2025-07-02,31785,29831,29831,1.4,,,,GSBD,2021-08-05
Villa Bidco Inc. dba Authority Brands,First Lien,Diversified,6.75%,,N/A,5.75%,,2025-03-21,26754,25488,25488,1.2,,,,GSBD,2021-08-05
CorePower Yoga LLC,First Lien,Diversified,7.00%,1.25%,N/A,6.00%,,2025-05-14,24108,21328,21328,,,,,GSBD,2021-08-05
CorePower Yoga LLC,First Lien,Diversified,7.00%,1.25%,N/A,6.00%,,2025-05-14,1687,1534,1534,,,,,GSBD,2021-08-05
CST Buyer Company dba Intoxalock,First Lien,Diversified,7.00%,,N/A,6.00%,,2025-10-03,28301,27301,27301,,,,,GSBD,2021-08-05
CST Buyer Company dba Intoxalock,First Lien,Diversified,7.00%,,N/A,6.00%,,2025-11-03,15080,14747,14747,,,,,GSBD,2021-08-05
CST Buyer Company dba Intoxalock,First Lien,Diversified,,,N/A,6.00%,,2025-10-03,2170,,,,,,,GSBD,2021-08-05
DDS USA Holding Inc.,First Lien,Medical Devices & Equipment,6.75%,,N/A,5.75%,,2022-06-30,9116,8829,8829,,,,,GSBD,2021-08-05
DDS USA Holding Inc.,First Lien,Medical Devices & Equipment,7.06%,,N/A,5.75%,,2022-06-30,7807,7561,7561,,,,,GSBD,2021-08-05
DDS USA Holding Inc.,First Lien,Medical Devices & Equipment,,,N/A,5.75%,,2022-06-30,2612,,,,,,,GSBD,2021-08-05
Diligent Corp.,First Lien,Business Services,7.25%,,N/A,6.25%,,2025-08-04,38448,42915,42915,,,,,GSBD,2021-08-05
Diligent Corp.,First Lien,Business Services,7.25%,,N/A,6.25%,,2025-08-04,24851,23683,23683,,,,,GSBD,2021-08-05
Diligent Corp.,First Lien,Business Services,,,N/A,6.25%,,2025-08-04,3100,,,,,,,GSBD,2021-08-05
DocuTAP Inc.,First Lien,Healthcare Technology,6.50%,,N/A,5.50%,,2025-05-12,58566,55580,55580,,,,,GSBD,2021-08-05
E2open LLC,First Lien,Software,6.75%,,N/A,5.75%,,2024-11-26,40093,37959,37959,,,,,GSBD,2021-08-05
Elemica Parent Inc.,First Lien,Chemicals,7.00%,,N/A,6.00%,,2025-09-18,7091,6561,6561,,,,,GSBD,2021-08-05
Elemica Parent Inc.,First Lien,Chemicals,7.00%,,N/A,6.00%,,2025-09-18,1390,1311,1311,,,,,GSBD,2021-08-05
Elemica Parent Inc.,First Lien,Chemicals,7.00%,,N/A,6.00%,,2025-09-18,930,720,720,,,,,GSBD,2021-08-05
Elemica Parent Inc.,First Lien,Chemicals,7.00%,,N/A,6.00%,,2025-09-18,566,549,549,,,,,GSBD,2021-08-05
Elemica Parent Inc.,First Lien,Chemicals,,,N/A,6.00%,,2025-09-18,380,,,,,,,GSBD,2021-08-05
Elemica Parent Inc.,First Lien,Chemicals,,,N/A,6.00%,,2025-09-18,1508,,,,,,,GSBD,2021-08-05
Empirix Inc.,First Lien,Telecommunications,7.25%,,N/A,6.25%,,2024-09-25,53053,50468,50468,,,,,GSBD,2021-08-05
Empirix Inc.,First Lien,Telecommunications,,,N/A,6.25%,,2023-09-25,3100,,,,,,,GSBD,2021-08-05
Eptam Plastics Ltd.,First Lien,Medical Devices & Equipment,6.50%,,N/A,5.50%,,2025-12-06,10582,10065,10065,,,,,GSBD,2021-08-05
Eptam Plastics Ltd.,First Lien,Medical Devices & Equipment,6.50%,,N/A,5.50%,,2025-12-06,2269,1931,1931,,,,,GSBD,2021-08-05
Eptam Plastics Ltd.,First Lien,Medical Devices & Equipment,,,N/A,5.50%,,2025-12-06,4537,,,,,,,GSBD,2021-08-05
Fenergo Finance 3 Ltd.,First Lien,Financial Services,7.00%,,N/A,6.00%,,2024-09-05,43100,48582,48582,,,,,GSBD,2021-08-05
Fenergo Finance 3 Ltd.,First Lien,Financial Services,,,N/A,6.00%,,2024-09-05,2865,,,,,,,GSBD,2021-08-05
Fenergo Finance 3 Ltd.,First Lien,Financial Services,,,N/A,6.00%,,2024-09-05,3700,,,,,,,GSBD,2021-08-05
FWR Holding Corp. dba First Watch Restaurants,First Lien,Hotels & Leisure,8.00%,1.50%,N/A,7.00%,,2023-08-21,15721,14793,14793,,,,,GSBD,2021-08-05
FWR Holding Corp. dba First Watch Restaurants,First Lien,Hotels & Leisure,8.00%,1.50%,N/A,7.00%,,2023-08-21,4009,3700,3700,,,,,GSBD,2021-08-05
Pluralsight Inc.,First Lien,Business Services,9.00%,,N/A,8.00%,,2027-04-06,59700,58542,58542,,,,,GSBD,2021-08-05
Pluralsight Inc.,First Lien,Business Services,,,N/A,8.00%,,2027-04-06,5100,,,,98,,,GSBD,2021-08-05
Power Stop LLC,First Lien,Automotive,4.60%,,N/A,4.50%,,2025-10-19,18038,17122,17122,,,,,GSBD,2021-08-05
Premier Imaging LLC dba Lucid Health,First Lien,Healthcare Services,6.75%,,N/A,5.75%,,2025-01-02,27277,25880,25880,,,,,GSBD,2021-08-05
Premier Imaging LLC dba Lucid Health,First Lien,Healthcare Services,6.75%,,N/A,5.75%,,2025-01-02,7616,7509,7509,,,,,GSBD,2021-08-05
Professional Physical Therapy,First Lien,Healthcare Services,9.00%,2.00%,N/A,8.00%,,2022-12-16,5919,5568,5568,,,,,GSBD,2021-08-05
Project Eagle Holdings LLC dba Exostar,First Lien,Aerospace & Defense,9.25%,,N/A,8.25%,,2026-07-06,898,858,858,,,,,GSBD,2021-08-05
Project Eagle Holdings LLC dba Exostar,First Lien,Aerospace & Defense,,,N/A,8.25%,,2026-07-06,75,,,,2,,,GSBD,2021-08-05
Prophix Software Inc. dba Pound Bidco,First Lien,Financial Services,7.50%,,N/A,6.50%,,2026-01-30,18948,18595,18595,,,,,GSBD,2021-08-05
Prophix Software Inc. dba Pound Bidco,First Lien,Financial Services,,,N/A,6.50%,,2026-01-30,3445,,,,63,,,GSBD,2021-08-05
PT Intermediate Holdings III LLC dba Parts Town,First Lien,Transportation & Logistics,6.50%,,N/A,5.50%,,2025-10-15,28644,26781,26781,,,,,GSBD,2021-08-05
PT Intermediate Holdings III LLC dba Parts Town,First Lien,Transportation & Logistics,,,N/A,5.50%,,2025-10-15,3693,,,,,,,GSBD,2021-08-05
Purfoods LLC,First Lien,Healthcare Services,7.00%,,N/A,6.00%,,2026-08-12,595,571,571,,,,,GSBD,2021-08-05
Riverpoint Medical LLC,First Lien,Medical Devices & Equipment,5.50%,,N/A,4.50%,,2025-06-21,22066,21057,21057,,,,,GSBD,2021-08-05
Riverpoint Medical LLC,First Lien,Medical Devices & Equipment,,,N/A,4.50%,,2025-06-21,4094,,,,84,,,GSBD,2021-08-05
Rodeo Buyer Company dba Absorb Software,First Lien,Business Services,7.25%,,N/A,6.25%,,2027-05-25,21167,20749,20749,,,,,GSBD,2021-08-05
Rodeo Buyer Company dba Absorb Software,First Lien,Business Services,,,N/A,6.25%,,2027-05-25,3387,,,,67,,,GSBD,2021-08-05
Software Luxembourg Acquisition SÀ R L dba Skillsoft,First Lien,Software,8.50%,,N/A,7.50%,,2024-12-27,2299,2299,2299,,,,,GSBD,2021-08-05
SPay Inc. dba Stack Sports,First Lien,Internet & Media,10.25%,3.50%,N/A,9.25%,,2024-06-17,27147,24968,24968,,,,,GSBD,2021-08-05
SPay Inc. dba Stack Sports,First Lien,Internet & Media,10.25%,3.50%,N/A,9.25%,,2024-06-17,1944,1785,1785,,,,,GSBD,2021-08-05
SPay Inc. dba Stack Sports,First Lien,Internet & Media,10.25%,3.50%,N/A,9.25%,,2024-06-17,972,894,894,,,,,GSBD,2021-08-05
StarCompliance Intermediate LLC,First Lien,Financial Services,7.75%,,N/A,6.75%,,2027-01-12,15600,15307,15307,,,,,GSBD,2021-08-05
StarCompliance Intermediate LLC,First Lien,Financial Services,,,N/A,6.75%,,2027-01-12,2500,,,,46,,,GSBD,2021-08-05
Sundance Group Holdings Inc. dba NetDocuments,First Lien,Software,,,N/A,6.75%,,2027-07-02,4925,,,,,,,GSBD,2021-08-05
Sundance Group Holdings Inc. dba NetDocuments,First Lien,Software,,,N/A,6.75%,,2027-07-02,41043,,,,,,,GSBD,2021-08-05
Sundance Group Holdings Inc. dba NetDocuments,First Lien,Software,,,N/A,6.75%,,2027-07-02,12313,,,,,,,GSBD,2021-08-05
Sunstar Insurance Group LLC,First Lien,Insurance,6.50%,,N/A,5.50%,,2026-10-09,4097,4041,4041,,,,,GSBD,2021-08-05
Sunstar Insurance Group LLC,First Lien,Insurance,6.50%,,N/A,5.50%,,2026-10-09,344,338,338,,,,,GSBD,2021-08-05
Doxim Inc.,First Lien,Financial Services,7.00%,,N/A,6.00%,,2024-02-28,39200,37078,37078,,,,,GSBD,2021-08-05
Doxim Inc.,First Lien,Financial Services,7.00%,,N/A,6.00%,,2024-02-28,23000,21435,21435,,,,,GSBD,2021-08-05
Doxim Inc.,First Lien,Financial Services,9.00%,,N/A,8.00%,,2024-02-28,5300,5150,5150,,,,,GSBD,2021-08-05
Doxim Inc.,First Lien,Financial Services,9.00%,,N/A,8.00%,,2024-02-28,3971,3873,3873,,,,,GSBD,2021-08-05
RugsUSA LLC,First Lien,Consumer Products,7.00%,,N/A,6.00%,,2023-04-30,13949,13507,13507,,,,,GSBD,2021-08-05
Smarsh Inc.,First Lien,Internet & Media,9.25%,,N/A,8.25%,,2025-11-20,60886,57917,57917,,,,,GSBD,2021-08-05
American Dental Partners Inc.,Second Lien,Healthcare Services,9.50%,,N/A,8.50%,,2023-09-25,11070,10370,10370,,,,,GSBD,2021-08-05
Animal Supply Intermediate LLC,Second Lien,Transportation & Logistics,,7.00%,,PIK,,2025-11-14,8471,7926,7926,,,,,GSBD,2021-08-05
Bolttech Mannings Inc.,Second Lien,Industrial Services,,,,,,,,13697,13515,13515,,,,GSBD,2021-08-05
Chase Industries Inc. dba Senneca Holdings,Second Lien,Construction & Engineering,,,,,,,,12150,9521,9521,,,,GSBD,2021-08-05
Chase Industries Inc. dba Senneca Holdings,Second Lien,Construction & Engineering,,,,,,,,12150,,,,,,GSBD,2021-08-05
ERC Finance LLC dba Eating Recovery Center,Second Lien,Healthcare Services,9.22%,,N/A,8.22%,,2025-09-22,45200,42860,42860,,,,,GSBD,2021-08-05
Genesis Acquisition Co dba ProCare Software,Second Lien,Financial Services,7.73%,,N/A,7.50%,,2025-07-31,17000,15523,15523,,,,,GSBD,2021-08-05
Genesis Acquisition Co dba ProCare Software,Second Lien,Financial Services,7.73%,,N/A,7.50%,,2025-07-31,4300,3927,3927,,,,,GSBD,2021-08-05
GK Holdings Inc. dba Global Knowledge,Second Lien,Software,,12.25%,N/A,12.25%,,2022-01-20,3000,2977,2977,,,,,GSBD,2021-08-05
Hygiena Borrower LLC,Second Lien,Pharmaceuticals & Biotechnology,8.75%,,N/A,7.75%,,2023-08-26,4510,4283,4283,,,,,GSBD,2021-08-05
Hygiena Borrower LLC,Second Lien,Pharmaceuticals & Biotechnology,8.75%,,N/A,7.75%,,2023-08-26,236,224,224,,,,,GSBD,2021-08-05
IHS Intermediate Inc. dba Interactive Health Solutions,Second Lien,Healthcare Services,,8.25%,N/A,8.25%,,2022-07-20,10000,9902,9902,,,,,GSBD,2021-08-05
Intelligent Medical Objects Inc.,Second Lien,Healthcare Technology,9.50%,,N/A,8.50%,,2024-12-22,21900,20307,20307,,,,,GSBD,2021-08-05
Market Track LLC,Second Lien,Media & Entertainment,8.75%,,N/A,7.75%,,2025-06-05,42200,39989,39989,,,,,GSBD,2021-08-05
MPI Engineered Technologies LLC,Second Lien,Automotive,,,,,,,,13996,13996,13996,,,,GSBD,2021-08-05
MPI Products LLC,Second Lien,Automotive,,,,,,2025-07-15,7412,7412,,,,,,GSBD,2021-08-05
National Spine and Pain Centers LLC,Second Lien,Healthcare Services,9.25%,,N/A,8.25%,,2024-12-02,36500,34647,34647,,,,,GSBD,2021-08-05
Odyssey Logistics & Technology Corp.,Second Lien,Other,9.00%,,N/A,8.00%,,2025-10-12,45348,39486,39486,,,,,GSBD,2021-08-05
SMB Shipping Logistics LLC dba Worldwide Express,Second Lien,Transportation & Logistics,9.00%,,N/A,8.00%,,2025-02-03,66667,63579,63579,,,,,GSBD,2021-08-05
Spectrum Plastics Group Inc.,Second Lien,Packaging,8.00%,,N/A,7.00%,,2026-01-31,12525,11176,11176,,,,,GSBD,2021-08-05
Iracore International Holdings Inc.,First Lien,Energy & Utilities,10.00%,,N/A,9.00%,,2021-04-12,2361,2361,2361,,,,,GSBD,2021-08-05
Jill Acquisition LLC dba J Jill,First Lien,Retail,6.00%,,N/A,5.00%,,2024-05-08,6622,6554,6554,,,,,GSBD,2021-08-05
Kawa Solar Holdings Ltd.,First Lien,Construction & Engineering,,,,,,2021-12-31,3917,3603,,,,,,GSBD,2021-08-05
Kawa Solar Holdings Ltd.,First Lien,Construction & Engineering,,,,,,2021-12-31,3318,800,,,,,,GSBD,2021-08-05
Lithium Technologies Inc.,First Lien,Internet & Media,9.00%,,N/A,8.00%,,2022-10-03,89013,84252,84252,,,,,GSBD,2021-08-05
Lithium Technologies Inc.,First Lien,Internet & Media,9.00%,,N/A,8.00%,,2022-10-03,5110,1896,,,,,,GSBD,2021-08-05
Mailgun Technologies Inc.,First Lien,Internet & Media,6.00%,,N/A,5.00%,,2025-03-26,38673,37340,37340,,,,,GSBD,2021-08-05
Mailgun Technologies Inc.,First Lien,Internet & Media,,5.00%,N/A,5.00%,,2025-03-26,2441,,,,,,,GSBD,2021-08-05
MedeAnalytics Inc.,First Lien,Healthcare Technology,7.50%,,N/A,6.50%,,2026-10-09,957,907,,,,,,GSBD,2021-08-05
Mervin Manufacturing Inc.,First Lien,Hotels & Leisure,8.50%,,N/A,7.50%,,2022-09-30,10777,10776,10776,,,,,GSBD,2021-08-05
MMIT Holdings LLC dba Managed Markets Insight & Technology,First Lien,Healthcare Technology,6.50%,,N/A,5.50%,,2024-11-15,49936,47843,47843,,,,,GSBD,2021-08-05
MMIT Holdings LLC dba Managed Markets Insight & Technology,First Lien,Healthcare Technology,6.50%,,N/A,5.50%,,2024-11-15,7713,4520,,,,,,GSBD,2021-08-05
MRI Software LLC,First Lien,Real Estate,6.50%,,N/A,5.50%,,2026-02-10,23030,21825,21825,,,,,GSBD,2021-08-05
MRI Software LLC,First Lien,Real Estate,,5.50%,N/A,5.50%,,2026-02-10,661,-17,,,,,,GSBD,2021-08-05
MRI Software LLC,First Lien,Software,,,N/A,7.5%,,2026-02-10,1612,1612,1612,0.8,,,,GSBD,2021-08-05
Netvoyage Corp. dba NetDocuments,First Lien,Software,8.00%,,N/A,7.00%,,2024-03-22,16284,15596,15596,,,,,GSBD,2021-08-05
Netvoyage Corp. dba NetDocuments,First Lien,Software,8.00%,,N/A,7.00%,,2024-03-22,9875,9362,9362,,,,,GSBD,2021-08-05
Netvoyage Corp. dba NetDocuments,First Lien,Software,8.00%,,N/A,7.00%,,2024-03-22,1672,1602,,,,,,GSBD,2021-08-05
Netvoyage Corp. dba NetDocuments,First Lien,Software,,7.00%,N/A,7.00%,,2022-03-24,1264,-20,,,,,,GSBD,2021-08-05
One GI LLC,First Lien,Healthcare Services,8.00%,,N/A,7.00%,,2025-12-22,9500,9311,9311,,,,,GSBD,2021-08-05
One GI LLC,First Lien,Healthcare Services,8.00%,,N/A,7.00%,,2025-12-22,23100,1262,,,,,,GSBD,2021-08-05
One GI LLC,First Lien,Healthcare Services,,7.00%,N/A,7.00%,,2025-12-22,2500,-50,,,,,,GSBD,2021-08-05
Output Services Group Inc.,First Lien,Diversified,5.50%,,N/A,4.50%,,2024-03-27,3902,3891,3891,,,,,GSBD,2021-08-05
Pharmalogic Holdings Corp.,First Lien,Medical Devices & Equipment,6.25%,,N/A,3.00%,,2023-06-11,3205,3201,,,,,,GSBD,2021-08-05
Pharmalogic Holdings Corp.,First Lien,Medical Devices & Equipment,6.25%,,N/A,3.00%,,2023-06-11,1742,1740,,,,,,GSBD,2021-08-05
Pharmalogic Holdings Corp.,First Lien,Medical Devices & Equipment,6.25%,,N/A,3.00%,,2023-06-11,1712,1706,,,,,,GSBD,2021-08-05
Pharmalogic Holdings Corp.,First Lien,Medical Devices & Equipment,6.25%,,N/A,3.00%,,2023-06-11,920,919,,,,,,GSBD,2021-08-05
Picture Head Midco LLC,First Lien,Media & Entertainment,8.25%,0.50%,N/A,7.25%,,2023-08-31,45848,42105,42105,,,,,GSBD,2021-08-05
PlanSource Holdings Inc.,First Lien,Healthcare Technology,7.25%,,N/A,6.25%,,2025-04-22,56720,53667,53667,,,,,GSBD,2021-08-05
Gastro Health Holdco LLC,First Lien,Healthcare Services,8.00%,,N/A,7.00%,,2024-09-04,23415,22104,22104,,,,,GSBD,2021-08-05
Gastro Health Holdco LLC,First Lien,Healthcare Services,8.00%,,N/A,7.00%,,2024-09-04,12138,11459,11459,,,,,GSBD,2021-08-05
Gastro Health Holdco LLC,First Lien,Healthcare Services,8.00%,,N/A,7.00%,,2024-09-04,11699,11053,11053,,,,,GSBD,2021-08-05
Gastro Health Holdco LLC,First Lien,Healthcare Services,9.25%,,N/A,7.00%,,2023-09-04,4900,1702,1702,,,,,GSBD,2021-08-05
GH Holding Company dba Grace Hill,First Lien,Real Estate,4.65%,,N/A,4.50%,,2023-02-28,7294,7277,7277,,,,,GSBD,2021-08-05
GHA Buyer Inc. dba Cedar Gate,First Lien,Healthcare Technology,8.00%,,N/A,6.00%,,2025-06-24,15000,14703,14703,,,,,GSBD,2021-08-05
GHA Buyer Inc. dba Cedar Gate,First Lien,Healthcare Technology,8.00%,,N/A,6.00%,,2025-06-24,2820,2604,2604,,,,,GSBD,2021-08-05
GHA Buyer Inc. dba Cedar Gate,First Lien,Healthcare Technology,,,N/A,,2025-06-24,,,-37,,,,,,GSBD,2021-08-05
GI Revelation Acquisition LLC dba Consilio,First Lien,Software,5.15%,,N/A,5.00%,,2025-04-16,4634,4619,4619,,,,,GSBD,2021-08-05
GK Holdings Inc. dba Global Knowledge,First Lien,Software,,,N/A,,2021-01-20,,8457,8457,,,,,,GSBD,2021-08-05
GlobalTranz Enterprises Inc.,First Lien,Other,5.15%,,N/A,5.00%,,2026-05-15,18933,16423,16423,,,,,GSBD,2021-08-05
Governmentjobs.com Inc. dba NeoGov,First Lien,Software,7.50%,,N/A,6.50%,,2026-02-05,47457,45262,45262,,,,,GSBD,2021-08-05
Governmentjobs.com Inc. dba NeoGov,First Lien,Software,8.00%,,N/A,7.00%,,2026-02-05,23975,23497,23497,,,,,GSBD,2021-08-05
Governmentjobs.com Inc. dba NeoGov,First Lien,Software,7.50%,,N/A,6.50%,,2026-02-05,6328,368,368,,,,,GSBD,2021-08-05
Granicus Inc.,First Lien,Software,8.00%,,N/A,7.00%,,2026-08-21,22763,21576,21576,,,,,GSBD,2021-08-05
Granicus Inc.,First Lien,Software,8.00%,,N/A,7.00%,,2026-08-21,1996,1947,1947,,,,,GSBD,2021-08-05
Granicus Inc.,First Lien,Software,,,N/A,,2026-08-21,,,-37,,,,,,GSBD,2021-08-05
GS AcquisitionCo Inc. dba Insightsoftware,First Lien,Financial Services,6.75%,,N/A,5.75%,,2024-05-24,9680,9537,9537,,,,,GSBD,2021-08-05
GS AcquisitionCo Inc. dba Insightsoftware,First Lien,Financial Services,6.75%,,N/A,5.75%,,2024-05-24,8066,3944,3944,,,,,GSBD,2021-08-05
GS AcquisitionCo Inc. dba Insightsoftware,First Lien,Financial Services,,,N/A,,2024-05-24,,,-12,,,,,,GSBD,2021-08-05
Halo Branded Solutions Inc.,First Lien,Industrial Services,5.50%,,N/A,4.50%,,2025-06-30,6424,6378,6378,,,,,GSBD,2021-08-05
Helios Buyer Inc. dba Heartland,First Lien,Diversified,7.00%,,N/A,6.00%,,2026-12-15,14645,14354,14354,,,,,GSBD,2021-08-05
Helios Buyer Inc. dba Heartland,First Lien,Diversified,7.00%,,N/A,6.00%,,2026-12-15,2482,179,179,,,,,GSBD,2021-08-05
Helios Buyer Inc. dba Heartland,First Lien,Diversified,,,N/A,,2026-12-15,,,-39,,,,,,GSBD,2021-08-05
HowlCO LLC dba Lone Wolf,First Lien,Real Estate,7.00%,,N/A,6.00%,,2026-10-23,28047,27499,27499,,,,,GSBD,2021-08-05
HowlCO LLC dba Lone Wolf,First Lien,Real Estate,7.00%,,N/A,6.00%,,2026-10-23,4808,4713,4713,,,,,GSBD,2021-08-05
HS4 AcquisitionCo Inc. dba HotSchedules & Fourth,First Lien,Hotels & Leisure,7.75%,,N/A,6.75%,,2025-07-09,57658,53441,53441,,,,,GSBD,2021-08-05
HS4 AcquisitionCo Inc. dba HotSchedules & Fourth,First Lien,Hotels & Leisure,,,N/A,,2025-07-09,,,-216,,,,,,GSBD,2021-08-05
Hygiena Borrower LLC,First Lien,Pharmaceuticals & Biotechnology,5.00%,,N/A,4.00%,,2022-08-26,17191,16822,16822,,,,,GSBD,2021-08-05
Associations Inc.,First Lien,Business Services,7.00%,,N/A,6.00%,,2026-10-23,107,107,107,0.1,,,,GSBD,2021-08-05
WebPT Inc.,First Lien,Software,7.75%,,N/A,6.75%,,2025-07-09,3141,3141,3141,1.5,,,,GSBD,2021-08-05
Bullhorn Inc.,First Lien,Software,7.75%,,N/A,6.75%,,2025-07-09,1232,1232,1232,0.6,,,,GSBD,2021-08-05
Zarya Intermediate LLC dba iOFFICE,First Lien,Software,7.75%,,N/A,6.75%,,2025-07-09,27870,27870,27870,13.5,,,,GSBD,2021-08-05
HowlCO LLC dba Lone Wolf,First Lien,Real Estate,7.00%,,N/A,6.00%,,2026-10-23,6090,6090,6090,3.0,,,,GSBD,2021-08-05
GHA Buyer Inc. dba Cedar Gate,First Lien,Healthcare Services,7.75%,,N/A,6.75%,,2025-07-09,188,188,188,0.1,,,,GSBD,2021-08-05
FWR Holding Corp. dba First Watch Restaurants,First Lien,Food & Beverage,7.75%,,N/A,6.75%,,2025-07-09,118,118,118,0.1,,,,GSBD,2021-08-05
Elemica Parent Inc.,First Lien,Software,7.75%,,N/A,6.75%,,2025-07-09,380,380,380,0.2,,,,GSBD,2021-08-05
MRI Software LLC,First Lien,Software,7.75%,,N/A,6.75%,,2022-08-26,661,661,661,0.3,,,,GSBD,2021-08-05
MRI Software LLC,First Lien,Software,7.75%,,N/A,6.75%,,2022-08-26,6600,6600,6600,3.2,,,,GSBD,2021-08-05
Netvoyage Corp. dba NetDocuments,First Lien,Software,7.75%,,N/A,6.75%,,2022-08-26,1264,1264,1264,0.6,,,,GSBD,2021-08-05
Chronicle Bidco Inc. dba Lexitas,First Lien,Legal Services,7.75%,,N/A,6.75%,,2022-08-26,4548,4548,4548,2.2,,,,GSBD,2021-08-05
Thrasio LLC,First Lien,Internet & Media,7.75%,,N/A,6.75%,,2022-08-26,6963,6963,6963,3.4,,,,GSBD,2021-08-05
Xactly Corp.,First Lien,Software,7.75%,,N/A,6.75%,,2022-08-26,3874,3874,3874,1.9,,,,GSBD,2021-08-05
Purfoods LLC,First Lien,Food & Beverage,7.75%,,N/A,6.75%,,2022-08-26,200,200,200,0.1,,,,GSBD,2021-08-05
Abacus Data Holdings Inc. dba Clutch Intermediate Holdings,First Lien,Software,7.75%,,N/A,6.75%,,2022-09-10,3046,3046,3046,1.5,,,,GSBD,2021-08-05
Lithium Technologies Inc.,First Lien,Software,7.75%,,N/A,6.75%,,2022-10-03,5110,5110,5110,2.5,,,,GSBD,2021-08-05
USN Opco LLC dba Global Nephrology Solutions,First Lien,Healthcare Services,7.75%,,N/A,6.75%,,2022-12-21,7600,7600,7600,3.7,,,,GSBD,2021-08-05
Aria Systems Inc.,First Lien,Software,7.75%,,N/A,6.75%,,2022-12-30,4160,4160,4160,2.0,,,,GSBD,2021-08-05
GovDelivery Holdings LLC dba Granicus Inc.,First Lien,Software,7.75%,,N/A,6.75%,,2023-01-27,1136,1136,1136,0.6,,,,GSBD,2021-08-05
Sweep Purchaser LLC,First Lien,Software,7.75%,,N/A,6.75%,,2023-02-12,5485,5485,5485,2.7,,,,GSBD,2021-08-05
Sunstar Insurance Group LLC,First Lien,Insurance,7.75%,,N/A,6.75%,,2023-03-31,20634,20634,20634,10.0,,,,GSBD,2021-08-05
GovDelivery Holdings LLC dba Granicus Inc.,First Lien,Software,7.75%,,N/A,6.75%,,2023-04-21,3800,3800,3800,1.8,,,,GSBD,2021-08-05
Businessolvercom Inc.,First Lien,Software,7.75%,,N/A,6.75%,,2023-05-15,5328,5328,5328,2.6,,,,GSBD,2021-08-05
CORA Health Holdings Corp.,First Lien,Healthcare Services,7.75%,,N/A,6.75%,,2023-06-15,8897,8897,8897,4.3,,,,GSBD,2021-08-05
PT Intermediate Holdings III LLC dba Parts Town,First Lien,Manufacturing,7.75%,,N/A,6.75%,,2023-06-29,3675,3675,3675,1.8,,,,GSBD,2021-08-05
Sundance Group Holdings Inc. dba NetDocuments,First Lien,Software,7.75%,,N/A,6.75%,,2023-07-02,12217,12217,12217,5.9,,,,GSBD,2021-08-05
Zodiac Intermediate LLC dba Zipari,First Lien,Software,,,N/A,7.5%,,2025-12-22,7500,7500,7500,3.6,,,,GSBD,2021-08-05
Prophix Software Inc. dba Pound Bidco,First Lien,Software,,,N/A,7.5%,,2026-01-30,3445,3445,3445,1.7,,,,GSBD,2021-08-05
Governmentjobs.com Inc. dba NeoGov,First Lien,Software,,,N/A,7.5%,,2026-02-05,5853,5853,5853,2.8,,,,GSBD,2021-08-05
Instructure Holdings,First Lien,Software,,,N/A,7.5%,,2026-03-24,5000,5000,5000,2.4,,,,GSBD,2021-08-05
Project Eagle Holdings LLC dba Exostar,First Lien,Software,,,N/A,7.5%,,2026-07-06,75,75,75,0.0,,,,GSBD,2021-08-05
Superman Holdings LLC dba Foundation Software,First Lien,Software,,,N/A,7.5%,,2026-08-31,122,122,122,0.1,,,,GSBD,2021-08-05
Bullhorn Inc.,First Lien,Software,,,N/A,7.5%,,2026-09-30,1344,1344,1344,0.6,,,,GSBD,2021-08-05
Sunstar Insurance Group LLC,First Lien,Insurance,,,N/A,7.5%,,2026-10-09,111,111,111,0.1,,,,GSBD,2021-08-05
1272775 B.C. LTD. dba Everest Clinical Research,First Lien,Healthcare Services,,,N/A,7.5%,,2026-11-06,1150,1150,1150,0.6,,,,GSBD,2021-08-05
Sweep Purchaser LLC,First Lien,Software,,,N/A,7.5%,,2026-11-30,4087,4087,4087,2.0,,,,GSBD,2021-08-05
Blacksmith Applications Inc.,First Lien,Software,,,N/A,7.5%,,2026-12-02,2000,2000,2000,1.0,,,,GSBD,2021-08-05
Helios Buyer Inc. dba Heartland,First Lien,Software,,,N/A,7.5%,,2026-12-15,1172,1172,1172,0.6,,,,GSBD,2021-08-05
USN Opco LLC dba Global Nephrology Solutions,First Lien,Healthcare Services,,,N/A,7.5%,,2026-12-21,3023,3023,3023,1.5,,,,GSBD,2021-08-05
StarCompliance Intermediate LLC,First Lien,Software,,,N/A,7.5%,,2027-01-12,2500,2500,2500,1.2,,,,GSBD,2021-08-05
Wellness AcquisitionCo Inc. dba SPINS,First Lien,Consumer Products,,,N/A,7.5%,,2027-01-20,2600,2600,2600,1.3,,,,GSBD,2021-08-05
GovDelivery Holdings LLC dba Granicus Inc.,First Lien,Software,,,N/A,7.5%,,2027-01-29,2582,2582,2582,1.2,,,,GSBD,2021-08-05
Abacus Data Holdings Inc. dba Clutch Intermediate Holdings,First Lien,Software,,,N/A,7.5%,,2027-03-10,1037,1037,1037,0.5,,,,GSBD,2021-08-05
Pluralsight Inc.,First Lien,Software,,,N/A,7.5%,,2027-04-06,5100,5100,5100,2.5,,,,GSBD,2021-08-05
ESO Solutions Inc.,First Lien,Software,,,N/A,7.5%,,2027-05-03,9310,9310,9310,4.5,,,,GSBD,2021-08-05
ESO Solutions Inc.,First Lien,Software,,,N/A,7.5%,,2027-05-03,3620,3620,3620,1.8,,,,GSBD,2021-08-05
Rodeo Buyer Company dba Absorb Software,First Lien,Software,,,N/A,7.5%,,2027-05-25,3387,3387,3387,1.6,,,,GSBD,2021-08-05
Zarya Intermediate LLC dba iOFFICE,First Lien,Software,,,N/A,7.5%,,2027-07-01,2872,2872,2872,1.4,,,,GSBD,2021-08-05
Zarya Intermediate LLC dba iOFFICE,First Lien,Software,,,N/A,7.5%,,2027-07-01,34770,34770,34770,16.8,,,,GSBD,2021-08-05
Zarya Intermediate LLC dba iOFFICE,First Lien,Software,,,N/A,7.5%,,2027-07-01,3808,3808,3808,1.8,,,,GSBD,2021-08-05
Sundance Group Holdings Inc. dba NetDocuments,First Lien,Software,,,N/A,7.5%,,2027-07-02,40407,40407,40407,19.5,,,,GSBD,2021-08-05
Sundance Group Holdings Inc. dba NetDocuments,First Lien,Software,,,N/A,7.5%,,2027-07-02,4849,4849,4849,2.3,,,,GSBD,2021-08-05
Brillio LLC,First Lien,Software,,,N/A,7.5%,2021-02-06,,,0,0,0,0,,,GSBD,2021-08-05
Broadway Parent LLC,Preferred Equity,Financial Services,,,N/A,,2021-01-25,,,4000000,4019,0,,,,GSBD,2021-08-05
CB-HDT Holdings Inc. dba Hunter Defense Technologies,Preferred Equity,Aerospace & Defense,,,N/A,,2016-07-01,,,1108333,10186,0,,,,GSBD,2021-08-05
Conergy Asia Holdings Ltd.,Preferred Equity,Construction & Engineering,,,N/A,,2017-08-23,,,600000,600,0,,,,GSBD,2021-08-05
Exostar LLC,Preferred Equity,Aerospace & Defense,,,N/A,,2020-07-06,,,20,20,0,,,,GSBD,2021-08-05
Foundation Software,Preferred Equity,Construction & Engineering,,,N/A,,2020-08-31,,,22,21,0,,,,GSBD,2021-08-05
Kawa Solar Holdings Ltd.,Preferred Equity,Construction & Engineering,8.00%,,N/A,,2016-10-25,,,71272,778,0,,,,GSBD,2021-08-05
MedeAnalytics Inc.,Preferred Equity,Healthcare Technology,,,N/A,,2020-10-09,,,42600,41,0,,,,GSBD,2021-08-05
Wine.com LLC,Preferred Equity,Food & Beverage,,,N/A,,2021-03-03,,,124040,3067,0,,,,GSBD,2021-08-05
Wine.com LLC,Preferred Equity,Food & Beverage,,,N/A,,2018-11-14,,,535226,8225,0,,,,GSBD,2021-08-05
Abacus Data Holdings Inc. dba Clutch Intermediate Holdings,Common Equity,Software,,,N/A,,2021-03-10,,,25400,2540,0,,,,GSBD,2021-08-05
Animal Supply Holdings LLC,Common Equity,Transportation & Logistics,,,N/A,,2020-08-14,,,37500,126,0,,,,GSBD,2021-08-05
Bolttech Mannings Inc.,Common Equity,Industrial Services,,,N/A,,2017-12-22,,,309142,14885,0,,,,GSBD,2021-08-05
CB-HDT Holdings Inc. dba Hunter Defense Technologies,Common Equity,Aerospace & Defense,,,N/A,,2016-07-01,,,453383,2393,0,,,,GSBD,2021-08-05
Collaborative Imaging Holdco LLC dba Texas Radiology Associates - Class B,Common Equity,Healthcare Services,,,N/A,,2018-03-30,,,20183,2916,0,,,,GSBD,2021-08-05
Collaborative Imaging Holdco LLC dba Texas Radiology Associates - Performance Units,Common Equity,Healthcare Services,,,N/A,,2018-03-30,,,19048,514,0,,,,GSBD,2021-08-05
Conergy Asia Holdings Ltd.,Common Equity,Construction & Engineering,,,N/A,,2017-07-31,,,2000,4700,0,,,,GSBD,2021-08-05
Country Fresh Holding Company Inc.,Common Equity,Food & Beverage,,,N/A,,2019-04-29,,,1514,888,0,,,,GSBD,2021-08-05
Elah Holdings Inc.,Common Equity,Financial Services,,,N/A,,2018-05-09,,,111650,5238,0,,,,GSBD,2021-08-05
Exostar LLC,Common Equity,Aerospace & Defense,,,N/A,,2020-07-06,,,31407,0,0,,,,GSBD,2021-08-05
Foundation Software - Class B,Common Equity,Construction & Engineering,,,N/A,,2020-08-31,,,11826,0,0,,,,GSBD,2021-08-05
Iracore International Holdings Inc.,Common Equity,Energy & Utilities,,,N/A,,2017-04-13,,,28898,7003,0,,,,GSBD,2021-08-05
Jill Acquisition LLC dba J. Jill,Common Equity,Retail,,,N/A,,2020-09-30,,,18869,56,0,,,,GSBD,2021-08-05
Kawa Solar Holdings Ltd.,Common Equity,Construction & Engineering,,,N/A,,2016-08-17,,,1399556,0,0,,,,GSBD,2021-08-05
National Spine and Pain Centers LLC,Common Equity,Healthcare Services,,,N/A,,2017-06-02,,,1100,883,0,,,,GSBD,2021-08-05
Prairie Provident Resources Inc.,Common Equity,Oil & Gas,,,N/A,,,,,,3579988,9237,0,,,GSBD,2021-08-05
Iracore International Holdings Inc.,Common Equity,Energy & Utilities,,,,,,2017-04-13,,,28898,7003,0,,,GSBD,2021-08-05
Jill Acquisition LLC dba J Jill,Common Equity,Retail,,,,,,2020-09-30,,,18869,56,0,,,GSBD,2021-08-05
Kawa Solar Holdings Ltd.,Common Equity,Construction & Engineering,,,,,,2016-08-17,,,1399556,0,0,,,GSBD,2021-08-05
National Spine and Pain Centers LLC,Common Equity,Healthcare Services,,,,,,2017-06-02,,,1100,883,0,,,GSBD,2021-08-05
Prairie Provident Resources Inc.,Common Equity,Oil & Gas,,,,,,,,,,3579988,9237,0,,GSBD,2021-08-05
A.M. Castle & Co.,First Lien,Manufacturing,8.5%,,SOFR,4.75%,2019-06-14,2024-06-14,25000,24875,24875,1.5,25000,,,GSBD,2021-08-05
A.M. Castle & Co.,Second Lien,Manufacturing,10.25%,,SOFR,7.0%,2019-06-14,2025-06-14,10000,9875,9875,0.6,10000,,,GSBD,2021-08-05
ABRA Auto Body & Glass,First Lien,Automotive,8.5%,,SOFR,4.75%,2019-06-14,2024-06-14,25000,24875,24875,1.5,25000,,,GSBD,2021-08-05
ABRA Auto Body & Glass,Second Lien,Automotive,10.25%,,SOFR,7.0%,2019-06-14,2025-06-14,10000,9875,9875,0.6,10000,,,GSBD,2021-08-05
Access Physical Therapy Holdings LLC,First Lien,Healthcare Services,8.5%,,SOFR,4.75%,2019-06-14,2024-06-14,25000,24875,24875,1.5,25000,,,GSBD,2021-08-05
Access Physical Therapy Holdings LLC,Second Lien,Healthcare Services,10.25%,,SOFR,7.0%,2019-06-14,2025-06-14,10000,9875,9875,0.6,10000,,,GSBD,2021-08-05
Acrisure LLC,Common Equity,Insurance,,,,,,2017-06-02,,,1100,883,0,,,GSBD,2021-08-05
Acrisure LLC,First Lien,Insurance,8.5%,,SOFR,4.75%,2019-06-14,2024-06-14,25000,24875,24875,1.5,25000,,,GSBD,2021-08-05
Acrisure LLC,Second Lien,Insurance,10.25%,,SOFR,7.0%,2019-06-14,2025-06-14,10000,9875,9875,0.6,10000,,,GSBD,2021-08-05
Active Day LLC,Common Equity,Healthcare Services,,,,,,2017-06-02,,,1100,883,0,,,GSBD,2021-08-05
Active Day LLC,First Lien,Healthcare Services,8.5%,,SOFR,4.75%,2019-06-14,2024-06-14,25000,24875,24875,1.5,25000,,,GSBD,2021-08-05
Active Day LLC,Second Lien,Healthcare Services,10.25%,,SOFR,7.0%,2019-06-14,2025-06-14,10000,9875,9875,0.6,10000,,,GSBD,2021-08-05
ADAMAS Pharmaceuticals Inc.,Common Equity,Pharmaceuticals & Biotechnology,,,,,,2017-06-02,,,1100,883,0,,,GSBD,2021-08-05
ADAMAS Pharmaceuticals Inc.,First Lien,Pharmaceuticals & Biotechnology,8.5%,,SOFR,4.75%,2019-06-14,2024-06-14,25000,24875,24875,1.5,25000,,,GSBD,2021-08-05
ADAMAS Pharmaceuticals Inc.,Second Lien,Pharmaceuticals & Biotechnology,10.25%,,SOFR,7.0%,2019-06-14,2025-06-14,10000,9875,9875,0.6,10000,,,GSBD,2021-08-05
Adtalem Global Education Inc.,Common Equity,Education,,,,,,2017-06-02,,,1100,883,0,,,GSBD,2021-08-05
Adtalem Global Education Inc.,First Lien,Education,8.5%,,SOFR,4.75%,2019-06-14,2024-06-14,25000,24875,24875,1.5,25000,,,GSBD,2021-08-05
Adtalem Global Education Inc.,Second Lien,Education,10.25%,,SOFR,7.0%,2019-06-14,2025-06-14,10000,9875,9875,0.6,10000,,,GSBD,2021-08-05
Advanced Disposal Services Inc.,Common Equity,Environmental Services,,,,,,2017-06-02,,,1100,883,0,,,GSBD,2021-08-05
Advanced Disposal Services Inc.,First Lien,Environmental Services,8.5%,,SOFR,4.75%,2019-06-14,2024-06-14,25000,24875,24875,1.5,25000,,,GSBD,2021-08-05
Advanced Disposal Services Inc.,Second Lien,Environmental Services,10.25%,,SOFR,7.0%,2019-06-14,2025-06-14,10000,9875,9875,0.6,10000,,,GSBD,2021-08-05
Aegion Corp.,First Lien,Construction & Engineering,8.5%,,SOFR,4.75%,2019-06-14,2024-06-14,25000,24875,24875,1.5,25000,,,GSBD,2021-08-05
Aegion Corp.,Second Lien,Construction & Engineering,10.25%,,SOFR,7.0%,2019-06-14,2025-06-14,10000,9875,9875,0.6,10000,,,GSBD,2021-08-05
Aeterna Zentaris Inc.,Common Equity,Pharmaceuticals & Biotechnology,,,,,,2017-06-02,,,1100,883,0,,,GSBD,2021-08-05
Aeterna Zentaris Inc.,First Lien,Pharmaceuticals & Biotechnology,8.5%,,SOFR,4.75%,2019-06-14,2024-06-14,25000,24875,24875,1.5,25000,,,GSBD,2021-08-05
Aeterna Zentaris Inc.,Second Lien,Pharmaceuticals & Biotechnology,10.25%,,SOFR,7.0%,2019-06-14,2025-06-14,10000,9875,9875,0.6,10000,,,GSBD,2021-08-05
Affirm Holdings Inc.,Common Equity,Software,,,,,,2020-09-30,,,18869,56,0,,,GSBD,2021-08-05
Affirm Holdings Inc.,First Lien,Software,8.5%,,SOFR,4.75%,2019-06-14,2024-06-14,25000,24875,24875,1.5,25000,,,GSBD,2021-08-05
Affirm Holdings Inc.,Second Lien,Software,10.25%,,SOFR,7.0%,2019-06-14,2025-06-14,10000,9875,9875,0.6,10000,,,GSBD,2021-08-05
AgroFresh Solutions Inc.,Common Equity,Chemicals,,,,,,2017-06-02,,,1100,883,0,,,GSBD,2021-08-05
AgroFresh Solutions Inc.,First Lien,Chemicals,8.5%,,SOFR,4.75%,2019-06-14,2024-06-14,25000,24875,24875,1.5,25000,,,GSBD,2021-08-05
AgroFresh Solutions Inc.,Second Lien,Chemicals,10.25%,,SOFR,7.0%,2019-06-14,2025-06-14,10000,9875,9875,0.6,10000,,,GSBD,2021-08-05
Air Lease Corp.,Common Equity,Aerospace & Defense,,,,,,2017-06-02,,,1100,883,0,,,GSBD,2021-08-05
Air Lease Corp.,First Lien,Aerospace & Defense,8.5%,,SOFR,4.75%,2019-06-14,2024-06-14,25000,24875,24875,1.5,25000,,,GSBD,2021-08-05
Air Lease Corp.,Second Lien,Aerospace & Defense,10.25%,,SOFR,7.0%,2019-06-14,2025-06-14,10000,9875,9875,0.6,10000,,,GSBD,2021-08-05
Akorn Inc.,Common Equity,Pharmaceuticals & Biotechnology,,,,,,2017-06-02,,,1100,883,0,,,GSBD,2021-08-05
Akorn Inc.,First Lien,Pharmaceuticals & Biotechnology,8.5%,,SOFR,4.75%,2019-06-14,2024-06-14,25000,24875,24875,1.5,25000,,,GSBD,2021-08-05
Akorn Inc.,Second Lien,Pharmaceuticals & Biotechnology,10.25%,,SOFR,7.0%,2019-06-14,2025-06-14,10000,9875,9875,0.6,10000,,,GSBD,2021-08-05
Albany Molecular Research Inc.,Common Equity,Pharmaceuticals & Biotechnology,,,,,,2017-06-02,,,1100,883,0,,,GSBD,2021-08-05
Albany Molecular Research Inc.,First Lien,Pharmaceuticals & Biotechnology,8.5%,,SOFR,4.75%,2019-06-14,2024-06-14,25000,24875,24875,1.5,25000,,,GSBD,2021-08-05
Albany Molecular Research Inc.,Second Lien,Pharmaceuticals & Biotechnology,10.25%,,SOFR,7.0%,2019-06-14,2025-06-14,10000,9875,9875,0.6,10000,,,GSBD,2021-08-05
Albertsons Companies Inc.,Common Equity,Food & Beverage,,,,,,2020-09-30,,,18869,56,0,,,GSBD,2021-08-05
Albertsons Companies Inc.,First Lien,Food & Beverage,8.5%,,SOFR,4.75%,2019-06-14,2024-06-14,25000,24875,24875,1.5,25000,,,GSBD,2021-08-05
Albertsons Companies Inc.,Second Lien,Food & Beverage,10.25%,,SOFR,7.0%,2019-06-14,2025-06-14,10000,9875,9875,0.6,10000,,,GSBD,2021-08-05
Alcoa Corp.,Common Equity,Chemicals,,,,,,2017-06-02,,,1100,883,0,,,GSBD,2021-08-05
Alcoa Corp.,First Lien,Chemicals,8.5%,,SOFR,4.75%,2019-06-14,2024-06-14,25000,24875,24875,1.5,25000,,,GSBD,2021-08-05
Alcoa Corp.,Second Lien,Chemicals,10.25%,,SOFR,7.0%,2019-06-14,2025-06-14,10000,9875,9875,0.6,10000,,,GSBD,2021-08-05
Alexion Pharmaceuticals Inc.,Common Equity,Pharmaceuticals & Biotechnology,,,,,,2017-06-02,,,1100,883,0,,,GSBD,2021-08-05
Alexion Pharmaceuticals Inc.,First Lien,Pharmaceuticals & Biotechnology,8.5%,,SOFR,4.75%,2019-06-14,2024-06-14,25000,24875,24875,1.5,25000,,,GSBD,2021-08-05
Alexion Pharmaceuticals Inc.,Second Lien,Pharmaceuticals & Biotechnology,10.25%,,SOFR,7.0%,2019-06-14,2025-06-14,10000,9875,9875,0.6,10000,,,GSBD,2021-08-05
Alight Inc.,Common Equity,Software,,,,,,2017-06-02,,,1100,883,0,,,GSBD,2021-08-05
Alight Inc.,First Lien,Software,8.5%,,SOFR,4.75%,2019-06-14,2024-06-14,25000,24875,24875,1.5,25000,,,GSBD,2021-08-05
Alight Inc.,Second Lien,Software,10.25%,,SOFR,7.0%,2019-06-14,2025-06-14,10000,9875,9875,0.6,10000,,,GSBD,2021-08-05
Alkermes Plc,Common Equity,Pharmaceuticals & Biotechnology,,,,,,2017-06-02,,,1100,883,0,,,GSBD,2021-08-05
Alkermes Plc,First Lien,Pharmaceuticals & Biotechnology,8.5%,,SOFR,4.75%,2019-06-14,2024-06-14,25000,24875,24875,1.5,25000,,,GSBD,2021-08-05
1st Lien/Senior Secured Debt,First Lien,Other,,,,,,,,2097217,1344,,,,,GSBD,2021-08-05
1st Lien/Last-Out Unitranche,First Lien,Other,,,,,,,,136986,,,,,,GSBD,2021-08-05
2nd Lien/Senior Secured Debt,Second Lien,Other,,,,,,,,341376,1650,12175,,,,GSBD,2021-08-05
Unsecured Debt,Unsecured Debt,Other,,,,,,,,518,,,,,,GSBD,2021-08-05
Preferred Stock,Preferred Equity,Other,,,,,,,,36090,18508,,,,,GSBD,2021-08-05
Common Stock,Common Equity,Other,,,,,,,,10603,30248,,,,,GSBD,2021-08-05
Warrants,Warrants,Other,,,,,,,,395,,,,,,GSBD,2021-08-05
Other net,Other Debt,Other,4.50,,,,,,,,,,,,,GSBD,2021-08-05
GK Holdings Inc. dba Global Knowledge,Other Debt,Other,1.58,,,,,,,,,,,,,GSBD,2021-08-05
Market Track LLC,Other Debt,Other,1.48,,,,,,,,,,,,,GSBD,2021-08-05
Hollander Sleep & Décor dba SureFit,Other Debt,Other,1.43,,,,,,,,,,,,,GSBD,2021-08-05
Jill Acquisition LLC dba J Jill,Other Debt,Other,1.36,,,,,,,,,,,,,GSBD,2021-08-05
SMB Shipping Logistics LLC dba Worldwide Express,Other Debt,Other,1.34,,,,,,,,,,,,,GSBD,2021-08-05
Odyssey Logistics & Technology Corp.,Other Debt,Other,0.91,,,,,,,,,,,,,GSBD,2021-08-05
Wrike Inc.,Other Debt,Other,,,,,,,,,,,1410,,,GSBD,2021-08-05
Bolttech Mannings Inc.,Other Debt,Other,,,,-0.80,,,,,,,,,,GSBD,2021-08-05
Convene 237 Park Avenue LLC dba Convene,Other Debt,Other,,,,-1.14,,,,,,,,,,GSBD,2021-08-05
CB-HDT Holdings Inc. dba Hunter Defense Technologies,Other Debt,Other,,,,-1.43,,,,,,,,,,GSBD,2021-08-05
ERC Finance LLC dba Eating Recovery Center,Other Debt,Other,,,,-2.02,,,,,,,,,,GSBD,2021-08-05
Xcellence Inc. dba Xact Data Discovery,Other Debt,Other,,,,-2.08,,,,,,,,,,GSBD,2021-08-05
Empirix Inc.,Other Debt,Other,,,,-2.21,,,,,,,,,,GSBD,2021-08-05
Animal Supply Holdings LLC,Other Debt,Other,,,,-3.66,,,,,,,,,,GSBD,2021-08-05
Zep Inc.,Other Debt,Other,,,,,,,,,,,5930,,,GSBD,2021-08-05
Wine.com LLC,Other Debt,Other,,,,,,,,,,,2400,,,GSBD,2021-08-05
Iracore International Holdings Inc.,Other Debt,Other,,,,,,,,,,,1860,,,GSBD,2021-08-05
IHS Intermediate Inc. dba Interactive Health Solutions,Other Debt,Other,,,,,,,,,,,-250,,,GSBD,2021-08-05
MPI Engineered Technologies LLC,Other Debt,Other,,,,,,,,,,,-600,,,GSBD,2021-08-05
Badger Sportswear Inc.,Other Debt,Other,,,,,,,,,,,-1220,,,GSBD,2021-08-05
CVS Health Corp.,Common Equity,Healthcare Services,,,,,,,,,,,1000000,1.5,1000000,GSBD,2021-08-05
UnitedHealth Group Inc.,Common Equity,Healthcare Services,,,,,,,,,,,2000000,3.0,2000000,GSBD,2021-08-05
Pfizer Inc.,Common Equity,Healthcare Services,,,,,,,,,,,1500000,2.2,1500000,GSBD,2021-08-05
Johnson & Johnson,Common Equity,Healthcare Services,,,,,,,,,,,1800000,2.7,1800000,GSBD,2021-08-05
AbbVie Inc.,Common Equity,Healthcare Services,,,,,,,,,,,1200000,1.8,1200000,GSBD,2021-08-05
Merck & Co Inc.,Common Equity,Healthcare Services,,,,,,,,,,,1300000,1.9,1300000,GSBD,2021-08-05
Bristol-Myers Squibb Company,Common Equity,Healthcare Services,,,,,,,,,,,1100000,1.6,1100000,GSBD,2021-08-05
Gilead Sciences Inc.,Common Equity,Healthcare Services,,,,,,,,,,,900000,1.3,900000,GSBD,2021-08-05
Amgen Inc.,Common Equity,Healthcare Services,,,,,,,,,,,1600000,2.4,1600000,GSBD,2021-08-05
Thermo Fisher Scientific Inc.,Common Equity,Healthcare Services,,,,,,,,,,,1700000,2.5,1700000,GSBD,2021-08-05
Medtronic plc,Common Equity,Healthcare Services,,,,,,,,,,,1400000,2.1,1400000,GSBD,2021-08-05
Danaher Corp.,Common Equity,Healthcare Services,,,,,,,,,,,1900000,2.8,1900000,GSBD,2021-08-05
Eli Lilly and Company,Common Equity,Healthcare Services,,,,,,,,,,,2100000,3.1,2100000,GSBD,2021-08-05
Becton Dickinson and Company,Common Equity,Healthcare Services,,,,,,,,,,,1050000,1.5,1050000,GSBD,2021-08-05
Quest Diagnostics Inc.,Common Equity,Healthcare Services,,,,,,,,,,,800000,1.2,800000,GSBD,2021-08-05
HCA Healthcare Inc.,Common Equity,Healthcare Services,,,,,,,,,,,2200000,3.3,2200000,GSBD,2021-08-05
Centene Corp.,Common Equity,Healthcare Services,,,,,,,,,,,950000,1.4,950000,GSBD,2021-08-05
Anthem Inc.,Common Equity,Healthcare Services,,,,,,,,,,,1350000,2.0,1350000,GSBD,2021-08-05
Cigna Corp.,Common Equity,Healthcare Services,,,,,,,,,,,1250000,1.8,1250000,GSBD,2021-08-05
Molina Healthcare Inc.,Common Equity,Healthcare Services,,,,,,,,,,,700000,1.0,700000,GSBD,2021-08-05
Activision Blizzard Inc.,Common Equity,Media & Entertainment,,,,,,,,,,,500000,0.7,500000,GSBD,2021-08-05
Electronic Arts Inc.,Common Equity,Media & Entertainment,,,,,,,,,,,600000,0.9,600000,GSBD,2021-08-05
Take-Two Interactive Software Inc.,Common Equity,Media & Entertainment,,,,,,,,,,,400000,0.6,400000,GSBD,2021-08-05
Netflix Inc.,Common Equity,Media & Entertainment,,,,,,,,,,,3000000,4.5,3000000,GSBD,2021-08-05
The Walt Disney Company,Common Equity,Media & Entertainment,,,,,,,,,,,2500000,3.7,2500000,GSBD,2021-08-05
Alphabet Inc. Class A,Common Equity,Software,,,,,,,,,,,4000000,6.0,4000000,GSBD,2021-08-05
Alphabet Inc. Class C,Common Equity,Software,,,,,,,,,,,3500000,5.2,3500000,GSBD,2021-08-05
Microsoft Corp.,Common Equity,Software,,,,,,,,,,,5000000,7.5,5000000,GSBD,2021-08-05
Apple Inc.,Common Equity,Software,,,,,,,,,,,6000000,9.0,6000000,GSBD,2021-08-05
Amazon.com Inc.,Common Equity,Software,,,,,,,,,,,4500000,6.7,4500000,GSBD,2021-08-05
NVIDIA Corp.,Common Equity,Software,,,,,,,,,,,3000000,4.5,3000000,GSBD,2021-08-05
Meta Platforms Inc.,Common Equity,Software,,,,,,,,,,,3200000,4.8,3200000,GSBD,2021-08-05
Broadcom Inc.,Common Equity,Software,,,,,,,,,,,2000000,3.0,2000000,GSBD,2021-08-05
Salesforce Inc.,Common Equity,Software,,,,,,,,,,,1800000,2.7,1800000,GSBD,2021-08-05
Oracle Corp.,Common Equity,Software,,,,,,,,,,,2200000,3.3,2200000,GSBD,2021-08-05
Intel Corp.,Common Equity,Software,,,,,,,,,,,1500000,2.2,1500000,GSBD,2021-08-05
Cisco Systems Inc.,Common Equity,Software,,,,,,,,,,,1700000,2.5,1700000,GSBD,2021-08-05
Qualcomm Inc.,Common Equity,Software,,,,,,,,,,,1600000,2.4,1600000,GSBD,2021-08-05
Advanced Micro Devices Inc.,Common Equity,Software,,,,,,,,,,,1400000,2.1,1400000,GSBD,2021-08-05
Texas Instruments Inc.,Common Equity,Software,,,,,,,,,,,1300000,1.9,1300000,GSBD,2021-08-05
Applied Materials Inc.,Common Equity,Software,,,,,,,,,,,1100000,1.6,1100000,GSBD,2021-08-05
Lam Research Corp.,Common Equity,Software,,,,,,,,,,,1000000,1.5,1000000,GSBD,2021-08-05
ASML Holding N.V.,Common Equity,Software,,,,,,,,,,,900000,1.3,900000,GSBD,2021-08-05
Accenture plc,Common Equity,Software,,,,,,,,,,,2300000,3.4,2300000,GSBD,2021-08-05
IBM,Common Equity,Software,,,,,,,,,,,1900000,2.8,1900000,GSBD,2021-08-05
Capgemini SE,Common Equity,Software,,,,,,,,,,,850000,1.2,850000,GSBD,2021-08-05
Infosys Ltd.,Common Equity,Software,,,,,,,,,,,700000,1.0,700000,GSBD,2021-08-05
Wipro Ltd.,Common Equity,Software,,,,,,,,,,,650000,0.9,650000,GSBD,2021-08-05
T-Mobile US Inc.,Common Equity,Telecommunications,,,,,,,,,,,2000000,3.0,2000000,GSBD,2021-08-05
Verizon Communications Inc.,Common Equity,Telecommunications,,,,,,,,,,,2500000,3.7,2500000,GSBD,2021-08-05
AT&T Inc.,Common Equity,Telecommunications,,,,,,,,,,,3000000,4.5,3000000,GSBD,2021-08-05
Comcast Corp.,Common Equity,Telecommunications,,,,,,,,,,,2800000,4.2,2800000,GSBD,2021-08-05
Charter Communications Inc.,Common Equity,Telecommunications,,,,,,,,,,,1500000,2.2,1500000,GSBD,2021-08-05
The Coca-Cola Company,Common Equity,Other,,,,,,,,,,,2000000,3.0,2000000,GSBD,2021-08-05
PepsiCo Inc.,Common Equity,Other,,,,,,,,,,,1800000,2.7,1800000,GSBD,2021-08-05
Procter & Gamble Company,Common Equity,Other,,,,,,,,,,,2200000,3.3,2200000,GSBD,2021-08-05
Walmart Inc.,Common Equity,Other,,,,,,,,,,,3500000,5.2,3500000,GSBD,2021-08-05
Costco Wholesale Corp.,Common Equity,Other,,,,,,,,,,,1600000,2.4,1600000,GSBD,2021-08-05
Home Depot Inc.,Common Equity,Other,,,,,,,,,,,2500000,3.7,2500000,GSBD,2021-08-05
Lowe's Companies Inc.,Common Equity,Other,,,,,,,,,,,1400000,2.1,1400000,GSBD,2021-08-05
McDonald's Corp.,Common Equity,Other,,,,,,,,,,,2300000,3.4,2300000,GSBD,2021-08-05
Starbucks Corp.,Common Equity,Other,,,,,,,,,,,1700000,2.5,1700000,GSBD,2021-08-05
Nike Inc.,Common Equity,Other,,,,,,,,,,,1900000,2.8,1900000,GSBD,2021-08-05
General Motors Company,Common Equity,Automotive,,,,,,,,,,,1500000,2.2,1500000,GSBD,2021-08-05
Ford Motor Company,Common Equity,Automotive,,,,,,,,,,,1200000,1.8,1200000,GSBD,2021-08-05
Tesla Inc.,Common Equity,Automotive,,,,,,,,,,,3000000,4.5,3000000,GSBD,2021-08-05
Toyota Motor Corp.,Common Equity,Automotive,,,,,,,,,,,2500000,3.7,2500000,GSBD,2021-08-05
JPMorgan Chase & Co,Common Equity,Financial Services,,,,,,,,,,,4000000,6.0,4000000,GSBD,2021-08-05
Bank of America Corp.,Common Equity,Financial Services,,,,,,,,,,,3500000,5.2,3500000,GSBD,2021-08-05
Wells Fargo & Company,Common Equity,Financial Services,,,,,,,,,,,2800000,4.2,2800000,GSBD,2021-08-05
Citigroup Inc.,Common Equity,Financial Services,,,,,,,,,,,2500000,3.7,2500000,GSBD,2021-08-05
Goldman Sachs Group Inc.,Common Equity,Financial Services,,,,,,,,,,,3000000,4.5,3000000,GSBD,2021-08-05
Morgan Stanley,Common Equity,Financial Services,,,,,,,,,,,2700000,4.0,2700000,GSBD,2021-08-05
BlackRock Inc.,Common Equity,Financial Services,,,,,,,,,,,2000000,3.0,2000000,GSBD,2021-08-05
Visa Inc.,Common Equity,Financial Services,,,,,,,,,,,2300000,3.4,2300000,GSBD,2021-08-05
Mastercard Inc.,Common Equity,Financial Services,,,,,,,,,,,2100000,3.1,2100000,GSBD,2021-08-05
American Express Company,Common Equity,Financial Services,,,,,,,,,,,1900000,2.8,1900000,GSBD,2021-08-05
Exxon Mobil Corp.,Common Equity,Energy & Utilities,,,,,,,,,,,2500000,3.7,2500000,GSBD,2021-08-05
Chevron Corp.,Common Equity,Energy & Utilities,,,,,,,,,,,2000000,3.0,2000000,GSBD,2021-08-05
ConocoPhillips,Common Equity,Energy & Utilities,,,,,,,,,,,1500000,2.2,1500000,GSBD,2021-08-05
EOG Resources Inc.,Common Equity,Energy & Utilities,,,,,,,,,,,1000000,1.5,1000000,GSBD,2021-08-05
Occidental Petroleum Corp.,Common Equity,Energy & Utilities,,,,,,,,,,,1200000,1.8,1200000,GSBD,2021-08-05
The Procter & Gamble Company,Common Equity,Other,,,,,,,,,,,2200000,3.3,2200000,GSBD,2021-08-05
The Home Depot Inc.,Common Equity,Other,,,,,,,,,,,2500000,3.7,2500000,GSBD,2021-08-05
Pioneer Natural Resources Company,Common Equity,Energy & Utilities,,,,,,,,,,,1100000,1.6,1100000,GSBD,2021-08-05
Eversource Energy Company,Common Equity,Energy & Utilities,,,,,,,,,,,1000000,1.5,1000000,GSBD,2021-08-05
NextEra Energy Inc.,Common Equity,Energy & Utilities,,,,,,,,,,,1500000,2.2,1500000,GSBD,2021-08-05
Duke Energy Corp.,Common Equity,Energy & Utilities,,,,,,,,,,,1300000,1.9,1300000,GSBD,2021-08-05
Southern Company,Common Equity,Energy & Utilities,,,,,,,,,,,1200000,1.8,1200000,GSBD,2021-08-05
American Electric Power Company Inc.,Common Equity,Energy & Utilities,,,,,,,,,,,1100000,1.6,1100000,GSBD,2021-08-05
Constellation Energy Corp.,Common Equity,Energy & Utilities,,,,,,,,,,,900000,1.3,900000,GSBD,2021-08-05
Xcel Energy Inc.,Common Equity,Energy & Utilities,,,,,,,,,,,1050000,,,GSBD,2021-08-05
Humana Inc.,Common Equity,Healthcare Services,,,,,,,,,,,900000,1.3,900000,GSBD,2021-08-05
Boston Scientific Corp.,Common Equity,Healthcare Services,,,,,,,,,,,1550000,2.3,1550000,GSBD,2021-08-05
Edwards Lifesciences Corp.,Common Equity,Healthcare Services,,,,,,,,,,,1050000,1.5,1050000,GSBD,2021-08-05
DexCom Inc.,Common Equity,Healthcare Services,,,,,,,,,,,950000,1.4,950000,GSBD,2021-08-05
Intuitive Surgical Inc.,Common Equity,Healthcare Services,,,,,,,,,,,1750000,2.6,1750000,GSBD,2021-08-05
Align Technology Inc.,Common Equity,Healthcare Services,,,,,,,,,,,850000,1.2,850000,GSBD,2021-08-05
Zimmer Biomet Holdings Inc.,Common Equity,Healthcare Services,,,,,,,,,,,1150000,1.7,1150000,GSBD,2021-08-05
Tenet Healthcare Corp.,Common Equity,Healthcare Services,,,,,,,,,,,800000,1.1,800000,GSBD,2021-08-05
Community Health Systems Inc.,Common Equity,Healthcare Services,,,,,,,,,,,700000,1.0,700000,GSBD,2021-08-05
Universal Health Services Inc.,Common Equity,Healthcare Services,,,,,,,,,,,1450000,2.1,1450000,GSBD,2021-08-05
Laboratory Corp. of America Holdings,Common Equity,Healthcare Services,,,,,,,,,,,1250000,1.8,1250000,GSBD,2021-08-05
Agilent Technologies Inc.,Common Equity,Healthcare Services,,,,,,,,,,,1100000,1.6,1100000,GSBD,2021-08-05
PerkinElmer Inc.,Common Equity,Healthcare Services,,,,,,,,,,,900000,1.3,900000,GSBD,2021-08-05
Bio-Rad Laboratories Inc.,Common Equity,Healthcare Services,,,,,,,,,,,850000,1.2,850000,GSBD,2021-08-05
Illumina Inc.,Common Equity,Healthcare Services,,,,,,,,,,,1350000,2.0,1350000,GSBD,2021-08-05
Regeneron Pharmaceuticals Inc.,Common Equity,Healthcare Services,,,,,,,,,,,2500000,3.7,2500000,GSBD,2021-08-05
Vertex Pharmaceuticals Inc.,Common Equity,Healthcare Services,,,,,,,,,,,1850000,2.7,1850000,GSBD,2021-08-05
Biogen Inc.,Common Equity,Healthcare Services,,,,,,,,,,,1700000,2.5,1700000,GSBD,2021-08-05
Alexion Pharmaceuticals Inc.,Common Equity,Healthcare Services,,,,,,,,,,,1200000,1.8,1200000,GSBD,2021-08-05
Moderna Inc.,Common Equity,Healthcare Services,,,,,,,,,,,1600000,2.4,1600000,GSBD,2021-08-05
BioNTech SE,Common Equity,Healthcare Services,,,,,,,,,,,1100000,1.6,1100000,GSBD,2021-08-05
Catalent Inc.,Common Equity,Healthcare Services,,,,,,,,,,,900000,1.3,900000,GSBD,2021-08-05
Avantor Inc.,Common Equity,Healthcare Services,,,,,,,,,,,1050000,1.5,1050000,GSBD,2021-08-05
QuidelOrtho Corp.,Common Equity,Healthcare Services,,,,,,,,,,,750000,1.1,750000,GSBD,2021-08-05
Viatris Inc.,Common Equity,Healthcare Services,,,,,,,,,,,800000,1.1,800000,GSBD,2021-08-05
Zoetis Inc.,Common Equity,Healthcare Services,,,,,,,,,,,1400000,2.1,1400000,GSBD,2021-08-05
IDEXX Laboratories Inc.,Common Equity,Healthcare Services,,,,,,,,,,,1000000,1.5,1000000,GSBD,2021-08-05
Henry Schein Inc.,Common Equity,Healthcare Services,,,,,,,,,,,950000,1.4,950000,GSBD,2021-08-05
McKesson Corp.,Common Equity,Healthcare Services,,,,,,,,,,,2300000,3.4,2300000,GSBD,2021-08-05
Cardinal Health Inc.,Common Equity,Healthcare Services,,,,,,,,,,,2000000,3.0,2000000,GSBD,2021-08-05
AmerisourceBergen Corp.,Common Equity,Healthcare Services,,,,,,,,,,,1900000,2.8,1900000,GSBD,2021-08-05
Perrigo Company plc,Common Equity,Healthcare Services,,,,,,,,,,,700000,1.0,700000,GSBD,2021-08-05
ResMed Inc.,Common Equity,Healthcare Services,,,,,,,,,,,1000000,1.5,1000000,GSBD,2021-08-05
Masimo Corp.,Common Equity,Healthcare Services,,,,,,,,,,,800000,1.1,800000,GSBD,2021-08-05
Omnicell Inc.,Common Equity,Healthcare Services,,,,,,,,,,,600000,0.9,600000,GSBD,2021-08-05
Cerner Corp.,Common Equity,Healthcare Services,,,,,,,,,,,1300000,1.9,1300000,GSBD,2021-08-05
Epic Systems Corp.,Common Equity,Healthcare Services,,,,,,,,,,,1100000,1.6,1100000,GSBD,2021-08-05
Allscripts Healthcare Solutions Inc.,Common Equity,Healthcare Services,,,,,,,,,,,700000,1.0,700000,GSBD,2021-08-05
Athenahealth Inc.,Common Equity,Healthcare Services,,,,,,,,,,,900000,1.3,900000,GSBD,2021-08-05
Verily Life Sciences LLC,Common Equity,Healthcare Services,,,,,,,,,,,500000,0.7,500000,GSBD,2021-08-05
23andMe Holding Co,Common Equity,Healthcare Services,,,,,,,,,,,400000,0.6,400000,GSBD,2021-08-05
Teladoc Health Inc.,Common Equity,Healthcare Services,,,,,,,,,,,1200000,1.8,1200000,GSBD,2021-08-05
Amwell Corp.,Common Equity,Healthcare Services,,,,,,,,,,,600000,0.9,600000,GSBD,2021-08-05
GoodRx Holdings Inc.,Common Equity,Healthcare Services,,,,,,,,,,,500000,0.7,500000,GSBD,2021-08-05
Oscar Health Inc.,Common Equity,Healthcare Services,,,,,,,,,,,400000,0.6,400000,GSBD,2021-08-05
Cerevel Therapeutics Holdings Inc.,Common Equity,Healthcare Services,,,,,,,,,,,700000,1.0,700000,GSBD,2021-08-05
Karuna Therapeutics Inc.,Common Equity,Healthcare Services,,,,,,,,,,,800000,1.1,800000,GSBD,2021-08-05
BridgeBio Pharma Inc.,Common Equity,Healthcare Services,,,,,,,,,,,900000,1.3,900000,GSBD,2021-08-05
Intellia Therapeutics Inc.,Common Equity,Healthcare Services,,,,,,,,,,,750000,1.1,750000,GSBD,2021-08-05
CRISPR Therapeutics AG,Common Equity,Healthcare Services,,,,,,,,,,,1000000,1.5,1000000,GSBD,2021-08-05
Editas Medicine Inc.,Common Equity,Healthcare Services,,,,,,,,,,,600000,0.9,600000,GSBD,2021-08-05
Beam Therapeutics Inc.,Common Equity,Healthcare Services,,,,,,,,,,,850000,1.2,850000,GSBD,2021-08-05
Sana Biotechnology Inc.,Common Equity,Healthcare Services,,,,,,,,,,,700000,1.0,700000,GSBD,2021-08-05
Recursion Pharmaceuticals Inc.,Common Equity,Healthcare Services,,,,,,,,,,,650000,1.0,650000,GSBD,2021-08-05
Tempest Therapeutics Inc.,Common Equity,Healthcare Services,,,,,,,,,,,300000,0.4,300000,GSBD,2021-08-05
Elysse Corp.,Common Equity,Healthcare Services,,,,,,,,,,,200000,0.3,200000,GSBD,2021-08-05
Acutus Medical Inc.,Common Equity,Healthcare Services,,,,,,,,,,,250000,0.4,250000,GSBD,2021-08-05
Cardiovascular Systems Inc.,Common Equity,Healthcare Services,,,,,,,,,,,350000,0.5,350000,GSBD,2021-08-05
Abiomed Inc.,Common Equity,Healthcare Services,,,,,,,,,,,1500000,2.2,1500000,GSBD,2021-08-05
Inspire Medical Systems Inc.,Common Equity,Healthcare Services,,,,,,,,,,,800000,1.1,800000,GSBD,2021-08-05
Axonics Inc.,Common Equity,Healthcare Services,,,,,,,,,,,700000,1.0,700000,GSBD,2021-08-05
Nevro Corp.,Common Equity,Healthcare Services,,,,,,,,,,,600000,0.9,600000,GSBD,2021-08-05
Elevance Health Inc.,Common Equity,Healthcare Services,,,,,,,,,,,1800000,2.7,1800000,GSBD,2021-08-05
WellCare Health Plans Inc.,Common Equity,Healthcare Services,,,,,,,,,,,900000,1.3,900000,GSBD,2021-08-05
Magellan Health Inc.,Common Equity,Healthcare Services,,,,,,,,,,,600000,0.9,600000,GSBD,2021-08-05
Genoa Healthcare Inc.,Common Equity,Healthcare Services,,,,,,,,,,,400000,0.6,400000,GSBD,2021-08-05
PharMerica Corp.,Common Equity,Healthcare Services,,,,,,,,,,,300000,0.4,300000,GSBD,2021-08-05
Omnicare Inc.,Common Equity,Healthcare Services,,,,,,,,,,,500000,0.7,500000,GSBD,2021-08-05
CVS Caremark Corp.,Common Equity,Healthcare Services,,,,,,,,,,,2000000,3.0,2000000,GSBD,2021-08-05
Express Scripts Holding Company,Common Equity,Healthcare Services,,,,,,,,,,,1800000,2.7,1800000,GSBD,2021-08-05
Optum Rx Inc.,Common Equity,Healthcare Services,,,,,,,,,,,1600000,2.4,1600000,GSBD,2021-08-05
MedImpact Healthcare Systems Inc.,Common Equity,Healthcare Services,,,,,,,,,,,700000,1.0,700000,GSBD,2021-08-05
Prime Therapeutics LLC,Common Equity,Healthcare Services,,,,,,,,,,,800000,1.1,800000,GSBD,2021-08-05
Envision Pharmaceutical Services Inc.,Common Equity,Healthcare Services,,,,,,,,,,,500000,0.7,500000,GSBD,2021-08-05
Caremark Rx Inc.,Common Equity,Healthcare Services,,,,,,,,,,,600000,0.9,600000,GSBD,2021-08-05
WellPoint Inc.,Common Equity,Healthcare Services,,,,,,,,,,,1700000,2.5,1700000,GSBD,2021-08-05
Anthem Blue Cross and Blue Shield,Common Equity,Healthcare Services,,,,,,,,,,,1500000,2.2,1500000,GSBD,2021-08-05
Blue Cross Blue Shield Association,Common Equity,Healthcare Services,,,,,,,,,,,1000000,1.5,1000000,GSBD,2021-08-05
Aetna Inc.,Common Equity,Healthcare Services,,,,,,,,,,,1900000,2.8,,GSBD,2021-08-05
Envision Healthcare Corp.,Common Equity,Healthcare Services,,,,,,,,,,,400000,0.6,400000,GSBD,2021-08-05
LabCorp Holdings Inc.,Common Equity,Healthcare Services,,,,,,,,,,,1300000,1.9,1300000,GSBD,2021-08-05
West Pharmaceutical Services Inc.,Common Equity,Healthcare Services,,,,,,,,,,,700000,1.0,700000,GSBD,2021-08-05
Stryker Corp.,Common Equity,Healthcare Services,,,,,,,,,,,1500000,2.2,1500000,GSBD,2021-08-05
Abbott Laboratories,Common Equity,Healthcare Services,,,,,,,,,,,2000000,3.0,2000000,GSBD,2021-08-05
Jazz Pharmaceuticals plc,Common Equity,Healthcare Services,,,,,,,,,,,700000,1.0,700000,GSBD,2021-08-05
Horizon Therapeutics plc,Common Equity,Healthcare Services,,,,,,,,,,,600000,0.9,600000,GSBD,2021-08-05
Veeva Systems Inc.,Common Equity,Software,,,,,,,,,,,1500000,2.2,1500000,GSBD,2021-08-05
International Business Machines Corp.,Common Equity,Software,,,,,,,,,,,1500000,2.2,1500000,GSBD,2021-08-05
SAP SE,Common Equity,Software,,,,,,,,,,,1200000,1.8,1200000,GSBD,2021-08-05
Adobe Inc.,Common Equity,Software,,,,,,,,,,,1100000,1.6,1100000,GSBD,2021-08-05
ServiceNow Inc.,Common Equity,Software,,,,,,,,,,,1000000,1.5,1000000,GSBD,2021-08-05
Workday Inc.,Common Equity,Software,,,,,,,,,,,800000,1.2,800000,GSBD,2021-08-05
Atlassian Corp. Plc,Common Equity,Software,,,,,,,,,,,700000,1.0,700000,GSBD,2021-08-05
Snowflake Inc.,Common Equity,Software,,,,,,,,,,,600000,0.9,600000,GSBD,2021-08-05
Datadog Inc.,Common Equity,Software,,,,,,,,,,,500000,0.7,500000,GSBD,2021-08-05
Zscaler Inc.,Common Equity,Software,,,,,,,,,,,400000,0.6,400000,GSBD,2021-08-05
Palo Alto Networks Inc.,Common Equity,Software,,,,,,,,,,,1300000,1.9,1300000,GSBD,2021-08-05
Fortinet Inc.,Common Equity,Software,,,,,,,,,,,1000000,1.5,1000000,GSBD,2021-08-05
CrowdStrike Holdings Inc.,Common Equity,Software,,,,,,,,,,,900000,1.3,900000,GSBD,2021-08-05
Okta Inc.,Common Equity,Software,,,,,,,,,,,700000,1.0,700000,GSBD,2021-08-05
Splunk Inc.,Common Equity,Software,,,,,,,,,,,600000,0.9,600000,GSBD,2021-08-05
DocuSign Inc.,Common Equity,Software,,,,,,,,,,,500000,0.7,500000,GSBD,2021-08-05
Twilio Inc.,Common Equity,Software,,,,,,,,,,,400000,0.6,400000,GSBD,2021-08-05
The Trade Desk Inc.,Common Equity,Marketing & Advertising,,,,,,,,,,,800000,1.2,800000,GSBD,2021-08-05
Etsy Inc.,Common Equity,Internet & Media,,,,,,,,,,,700000,1.0,700000,GSBD,2021-08-05
Shopify Inc.,Common Equity,Internet & Media,,,,,,,,,,,1200000,1.8,1200000,GSBD,2021-08-05
eBay Inc.,Common Equity,Internet & Media,,,,,,,,,,,1000000,1.5,1000000,GSBD,2021-08-05
Wayfair Inc.,Common Equity,Internet & Media,,,,,,,,,,,600000,0.9,600000,GSBD,2021-08-05
Chewy Inc.,Common Equity,Internet & Media,,,,,,,,,,,500000,0.7,500000,GSBD,2021-08-05
Carvana Co,Common Equity,Automotive,,,,,,,,,,,400000,0.6,400000,GSBD,2021-08-05
Stellantis N.V.,Common Equity,Automotive,,,,,,,,,,,1300000,1.9,1300000,GSBD,2021-08-05
Volkswagen AG,Common Equity,Automotive,,,,,,,,,,,1800000,2.7,1800000,GSBD,2021-08-05
BYD Company Ltd.,Common Equity,Automotive,,,,,,,,,,,1600000,2.4,1600000,GSBD,2021-08-05
Rivian Automotive Inc.,Common Equity,Automotive,,,,,,,,,,,1000000,1.5,1000000,GSBD,2021-08-05
Lucid Group Inc.,Common Equity,Automotive,,,,,,,,,,,800000,1.2,800000,GSBD,2021-08-05
Nucor Corp.,Common Equity,Manufacturing,,,,,,,,,,,1200000,1.8,1200000,GSBD,2021-08-05
Steel Dynamics Inc.,Common Equity,Manufacturing,,,,,,,,,,,1000000,1.5,1000000,GSBD,2021-08-05
U.S. Steel Corp.,Common Equity,Manufacturing,,,,,,,,,,,700000,1.0,700000,GSBD,2021-08-05
Cleveland-Cliffs Inc.,Common Equity,Manufacturing,,,,,,,,,,,600000,0.9,600000,GSBD,2021-08-05
Reliance Steel & Aluminum Co,Common Equity,Manufacturing,,,,,,,,,,,500000,0.7,500000,GSBD,2021-08-05
Avery Dennison Corp.,Common Equity,Manufacturing,,,,,,,,,,,800000,1.2,800000,GSBD,2021-08-05
3M Company,Common Equity,Manufacturing,,,,,,,,,,,1500000,2.2,1500000,GSBD,2021-08-05
Honeywell International Inc.,Common Equity,Manufacturing,,,,,,,,,,,1700000,2.5,1700000,GSBD,2021-08-05
General Electric Company,Common Equity,Manufacturing,,,,,,,,,,,1600000,2.4,1600000,GSBD,2021-08-05
Raytheon Technologies Corp.,Common Equity,Aerospace & Defense,,,,,,,,,,,1400000,2.1,1400000,GSBD,2021-08-05
Lockheed Martin Corp.,Common Equity,Aerospace & Defense,,,,,,,,,,,1300000,1.9,1300000,GSBD,2021-08-05
The Boeing Company,Common Equity,Aerospace & Defense,,,,,,,,,,,1200000,1.8,1200000,GSBD,2021-08-05
Northrop Grumman Corp.,Common Equity,Aerospace & Defense,,,,,,,,,,,1100000,1.6,1100000,GSBD,2021-08-05
General Dynamics Corp.,Common Equity,Aerospace & Defense,,,,,,,,,,,1000000,1.5,1000000,GSBD,2021-08-05
L3Harris Technologies Inc.,Common Equity,Aerospace & Defense,,,,,,,,,,,900000,1.3,900000,GSBD,2021-08-05
United Parcel Service Inc.,Common Equity,Transportation & Logistics,,,,,,,,,,,1800000,2.7,1800000,GSBD,2021-08-05
FedEx Corp.,Common Equity,Transportation & Logistics,,,,,,,,,,,1700000,2.5,1700000,GSBD,2021-08-05
XPO Logistics Inc.,Common Equity,Transportation & Logistics,,,,,,,,,,,600000,0.9,600000,GSBD,2021-08-05
Old Dominion Freight Line Inc.,Common Equity,Transportation & Logistics,,,,,,,,,,,700000,1.0,700000,GSBD,2021-08-05
J.B. Hunt Transport Services Inc.,Common Equity,Transportation & Logistics,,,,,,,,,,,800000,1.2,800000,GSBD,2021-08-05
Waste Management Inc.,Common Equity,Environmental Services,,,,,,,,,,,900000,1.3,900000,GSBD,2021-08-05
Republic Services Inc.,Common Equity,Environmental Services,,,,,,,,,,,700000,1.0,700000,GSBD,2021-08-05
S&P Global Inc.,Common Equity,Other,,,,,,,,,,,1000000,1.5,1000000,GSBD,2021-08-05
Moody's Corp.,Common Equity,Other,,,,,,,,,,,900000,1.3,900000,GSBD,2021-08-05
FactSet Research Systems Inc.,Common Equity,Other,,,,,,,,,,,600000,0.9,600000,GSBD,2021-08-05
Black Knight Inc.,Common Equity,Software,,,,,,,,,,,500000,0.7,500000,GSBD,2021-08-05
Fidelity National Information Services Inc.,Common Equity,Software,,,,,,,,,,,1200000,1.8,1200000,GSBD,2021-08-05
Global Payments Inc.,Common Equity,Software,,,,,,,,,,,1100000,1.6,1100000,GSBD,2021-08-05
Fiserv Inc.,Common Equity,Software,,,,,,,,,,,1300000,1.9,1300000,GSBD,2021-08-05
The Bank of New York Mellon Corp.,Common Equity,Financial Services,,,,,,,,,,,2000000,3.0,2000000,GSBD,2021-08-05
State Street Corp.,Common Equity,Financial Services,,,,,,,,,,,1800000,2.7,1800000,GSBD,2021-08-05
Encompass Health Corp.,Common Equity,Healthcare Services,,,,,,,,,,,700000,1.0,700000,GSBD,2021-08-05
QuidelOrtho Inc.,Common Equity,Healthcare Services,,,,,,,,,,,550000,0.8,550000,GSBD,2021-08-05
Hologic Inc.,Common Equity,Healthcare Services,,,,,,,,,,,750000,1.1,750000,GSBD,2021-08-05
Exact Sciences Corp.,Common Equity,Healthcare Services,,,,,,,,,,,1000000,1.5,1000000,GSBD,2021-08-05
Guardant Health Inc.,Common Equity,Healthcare Services,,,,,,,,,,,800000,1.2,800000,GSBD,2021-08-05
Adaptive Biotechnologies Corp.,Common Equity,Healthcare Services,,,,,,,,,,,500000,0.7,500000,GSBD,2021-08-05
Myriad Genetics Inc.,Common Equity,Healthcare Services,,,,,,,,,,,450000,0.6,450000,GSBD,2021-08-05
Genomic Health Inc.,Common Equity,Healthcare Services,,,,,,,,,,,400000,0.6,400000,GSBD,2021-08-05
Alnylam Pharmaceuticals Inc.,Common Equity,Healthcare Services,,,,,,,,,,,950000,1.4,950000,GSBD,2021-08-05
Novavax Inc.,Common Equity,Healthcare Services,,,,,,,,,,,700000,1.0,700000,GSBD,2021-08-05
AstraZeneca PLC,Common Equity,Healthcare Services,,,,,,,,,,,2800000,4.2,2800000,GSBD,2021-08-05
Sanofi,Common Equity,Healthcare Services,,,,,,,,,,,2600000,3.9,2600000,GSBD,2021-08-05
Roche Holding AG,Common Equity,Healthcare Services,,,,,,,,,,,3200000,4.8,3200000,GSBD,2021-08-05
Novartis AG,Common Equity,Healthcare Services,,,,,,,,,,,3000000,4.5,3000000,GSBD,2021-08-05
GlaxoSmithKline plc,Common Equity,Healthcare Services,,,,,,,,,,,2700000,4.0,2700000,GSBD,2021-08-05
Bayer AG,Common Equity,Healthcare Services,,,,,,,,,,,2500000,3.7,2500000,GSBD,2021-08-05
Takeda Pharmaceutical Company Ltd.,Common Equity,Healthcare Services,,,,,,,,,,,2000000,3.0,2000000,GSBD,2021-08-05
Sumitomo Dainippon Pharma Co Ltd.,Common Equity,Healthcare Services,,,,,,,,,,,600000,0.9,600000,GSBD,2021-08-05
Eisai Co Ltd.,Common Equity,Healthcare Services,,,,,,,,,,,550000,0.8,550000,GSBD,2021-08-05
Daiichi Sankyo Company Ltd.,Common Equity,Healthcare Services,,,,,,,,,,,700000,1.0,700000,GSBD,2021-08-05
Otsuka Holdings Co Ltd.,Common Equity,Healthcare Services,,,,,,,,,,,800000,1.2,800000,GSBD,2021-08-05
Astellas Pharma Inc.,Common Equity,Healthcare Services,,,,,,,,,,,900000,1.3,900000,GSBD,2021-08-05
Kyowa Kirin Co Ltd.,Common Equity,Healthcare Services,,,,,,,,,,,450000,0.6,450000,GSBD,2021-08-05
Chugai Pharmaceutical Co Ltd.,Common Equity,Healthcare Services,,,,,,,,,,,750000,1.1,750000,GSBD,2021-08-05
Mitsubishi Tanabe Pharma Corp.,Common Equity,Healthcare Services,,,,,,,,,,,500000,0.7,500000,GSBD,2021-08-05
Canon Medical Systems Corp.,Common Equity,Healthcare Services,,,,,,,,,,,650000,0.9,650000,GSBD,2021-08-05
Olympus Corp.,Common Equity,Healthcare Services,,,,,,,,,,,850000,1.2,850000,GSBD,2021-08-05
Konica Minolta Inc.,Common Equity,Healthcare Services,,,,,,,,,,,500000,0.7,500000,GSBD,2021-08-05
Fujifilm Holdings Corp.,Common Equity,Healthcare Services,,,,,,,,,,,1000000,1.5,1000000,GSBD,2021-08-05
Hitachi Ltd.,Common Equity,Healthcare Services,,,,,,,,,,,1500000,2.2,1500000,GSBD,2021-08-05
Toshiba Corp.,Common Equity,Healthcare Services,,,,,,,,,,,700000,1.0,700000,GSBD,2021-08-05
Panasonic Holdings Corp.,Common Equity,Healthcare Services,,,,,,,,,,,1200000,1.8,1200000,GSBD,2021-08-05
Sony Group Corp.,Common Equity,Healthcare Services,,,,,,,,,,,2500000,3.7,2500000,GSBD,2021-08-05
Sharp Corp.,Common Equity,Healthcare Services,,,,,,,,,,,400000,0.6,400000,GSBD,2021-08-05
JVCKENWOOD Corp.,Common Equity,Healthcare Services,,,,,,,,,,,300000,0.4,300000,GSBD,2021-08-05
Pioneer Corp.,Common Equity,Healthcare Services,,,,,,,,,,,250000,0.3,250000,GSBD,2021-08-05
Alps Alpine Co Ltd.,Common Equity,Healthcare Services,,,,,,,,,,,350000,0.5,350000,GSBD,2021-08-05
Murata Manufacturing Co Ltd.,Common Equity,Healthcare Services,,,,,,,,,,,900000,1.3,900000,GSBD,2021-08-05
TDK Corp.,Common Equity,Healthcare Services,,,,,,,,,,,800000,1.2,800000,GSBD,2021-08-05
Kyocera Corp.,Common Equity,Healthcare Services,,,,,,,,,,,1100000,1.6,1100000,GSBD,2021-08-05
Sumco Corp.,Common Equity,Healthcare Services,,,,,,,,,,,500000,0.7,500000,GSBD,2021-08-05
Shin-Etsu Chemical Co Ltd.,Common Equity,Healthcare Services,,,,,,,,,,,1300000,1.9,1300000,GSBD,2021-08-05
Asahi Kasei Corp.,Common Equity,Healthcare Services,,,,,,,,,,,700000,1.0,700000,GSBD,2021-08-05
Toray Industries Inc.,Common Equity,Healthcare Services,,,,,,,,,,,850000,1.2,850000,GSBD,2021-08-05
Teijin Ltd.,Common Equity,Healthcare Services,,,,,,,,,,,600000,0.9,600000,GSBD,2021-08-05
Mitsubishi Chemical Group Corp.,Common Equity,Healthcare Services,,,,,,,,,,,1000000,1.5,1000000,GSBD,2021-08-05
Sumitomo Chemical Co Ltd.,Common Equity,Healthcare Services,,,,,,,,,,,950000,1.4,950000,GSBD,2021-08-05
Mitsui Chemicals Inc.,Common Equity,Healthcare Services,,,,,,,,,,,750000,1.1,750000,GSBD,2021-08-05
Sekisui Chemical Co Ltd.,Common Equity,Healthcare Services,,,,,,,,,,,650000,0.9,650000,GSBD,2021-08-05
DIC Corp.,Common Equity,Healthcare Services,,,,,,,,,,,550000,0.8,550000,GSBD,2021-08-05
Tosoh Corp.,Common Equity,Healthcare Services,,,,,,,,,,,700000,1.0,700000,GSBD,2021-08-05
Nissan Chemical Corp.,Common Equity,Healthcare Services,,,,,,,,,,,500000,0.7,500000,GSBD,2021-08-05
JSR Corp.,Common Equity,Healthcare Services,,,,,,,,,,,450000,0.6,450000,GSBD,2021-08-05
AGC Inc.,Common Equity,Healthcare Services,,,,,,,,,,,800000,1.2,800000,GSBD,2021-08-05
Nippon Sheet Glass Co Ltd.,Common Equity,Healthcare Services,,,,,,,,,,,350000,0.5,350000,GSBD,2021-08-05
Central Glass Co Ltd.,Common Equity,Healthcare Services,,,,,,,,,,,300000,0.4,300000,GSBD,2021-08-05
Nippon Shokubai Co Ltd.,Common Equity,Healthcare Services,,,,,,,,,,,400000,0.6,400000,GSBD,2021-08-05
BASF SE,Common Equity,Healthcare Services,,,,,,,,,,,2000000,3.0,2000000,GSBD,2021-08-05
Lanxess AG,Common Equity,Healthcare Services,,,,,,,,,,,500000,0.7,500000,GSBD,2021-08-05
Covestro AG,Common Equity,Healthcare Services,,,,,,,,,,,600000,0.9,600000,GSBD,2021-08-05
Wacker Chemie AG,Common Equity,Healthcare Services,,,,,,,,,,,450000,0.6,450000,GSBD,2021-08-05
Solvay SA,Common Equity,Healthcare Services,,,,,,,,,,,700000,1.0,700000,GSBD,2021-08-05
Arkema SA,Common Equity,Healthcare Services,,,,,,,,,,,550000,0.8,550000,GSBD,2021-08-05
SABIC Agri-Nutrients Company,Common Equity,Healthcare Services,,,,,,,,,,,400000,0.6,400000,GSBD,2021-08-05
Saudi Basic Industries Corp.,Common Equity,Healthcare Services,,,,,,,,,,,1500000,2.2,1500000,GSBD,2021-08-05
Dow Inc.,Common Equity,Healthcare Services,,,,,,,,,,,2200000,3.3,2200000,GSBD,2021-08-05
DuPont de Nemours Inc.,Common Equity,Healthcare Services,,,,,,,,,,,1900000,2.8,1900000,GSBD,2021-08-05
Eastman Chemical Company,Common Equity,Healthcare Services,,,,,,,,,,,1100000,1.6,1100000,GSBD,2021-08-05
Celanese Corp.,Common Equity,Healthcare Services,,,,,,,,,,,950000,1.4,950000,GSBD,2021-08-05
Westlake Corp.,Common Equity,Healthcare Services,,,,,,,,,,,800000,1.2,800000,GSBD,2021-08-05
Huntsman Corp.,Common Equity,Healthcare Services,,,,,,,,,,,600000,0.9,600000,GSBD,2021-08-05
PPG Industries Inc.,Common Equity,Healthcare Services,,,,,,,,,,,1300000,1.9,1300000,GSBD,2021-08-05
Sherwin-Williams Company,Common Equity,Healthcare Services,,,,,,,,,,,1200000,1.8,1200000,GSBD,2021-08-05
RPM International Inc.,Common Equity,Healthcare Services,,,,,,,,,,,500000,0.7,500000,GSBD,2021-08-05
Axalta Coating Systems Ltd.,Common Equity,Healthcare Services,,,,,,,,,,,450000,0.6,450000,GSBD,2021-08-05
Valspar Corp.,Common Equity,Healthcare Services,,,,,,,,,,,400000,0.6,400000,GSBD,2021-08-05
Masco Corp.,Common Equity,Healthcare Services,,,,,,,,,,,750000,1.1,750000,GSBD,2021-08-05
Sealed Air Corp.,Common Equity,Healthcare Services,,,,,,,,,,,550000,0.8,550000,GSBD,2021-08-05
Berry Global Group Inc.,Common Equity,Healthcare Services,,,,,,,,,,,700000,1.0,700000,GSBD,2021-08-05
Amcor plc,Common Equity,Healthcare Services,,,,,,,,,,,850000,1.2,850000,GSBD,2021-08-05
International Paper Company,Common Equity,Healthcare Services,,,,,,,,,,,1000000,1.5,1000000,GSBD,2021-08-05
WestRock Company,Common Equity,Healthcare Services,,,,,,,,,,,900000,1.3,900000,GSBD,2021-08-05
Graphic Packaging Holding Company,Common Equity,Healthcare Services,,,,,,,,,,,700000,1.0,700000,GSBD,2021-08-05
Packaging Corp. of America,Common Equity,Healthcare Services,,,,,,,,,,,800000,1.2,800000,GSBD,2021-08-05
Domtar Corp.,Common Equity,Healthcare Services,,,,,,,,,,,500000,0.7,500000,GSBD,2021-08-05
Rayonier Inc.,Common Equity,Healthcare Services,,,,,,,,,,,400000,0.6,400000,GSBD,2021-08-05
Weyerhaeuser Company,Common Equity,Healthcare Services,,,,,,,,,,,1500000,2.2,1500000,GSBD,2021-08-05
Georgia-Pacific LLC,Common Equity,Healthcare Services,,,,,,,,,,,1200000,1.8,1200000,GSBD,2021-08-05
LifePoint Health Inc.,Common Equity,Healthcare Services,,,,,,,,,,,200000,0.3,200000,GSBD,2021-08-05
Acadia Healthcare Company Inc.,Common Equity,Healthcare Services,,,,,,,,,,,500000,0.7,500000,GSBD,2021-08-05
Doximity Inc.,Common Equity,Healthcare Services,,,,,,,,,,,400000,0.6,400000,GSBD,2021-08-05
Qiagen N.V.,Common Equity,Healthcare Services,,,,,,,,,,,600000,0.9,600000,GSBD,2021-08-05
Waters Corp.,Common Equity,Healthcare Services,,,,,,,,,,,800000,1.2,800000,GSBD,2021-08-05
Insulet Corp.,Common Equity,Healthcare Services,,,,,,,,,,,650000,1.0,650000,GSBD,2021-08-05
Smith & Nephew plc,Common Equity,Healthcare Services,,,,,,,,,,,400000,0.6,400000,GSBD,2021-08-05
Zogenix Inc.,Common Equity,Healthcare Services,,,,,,,,,,,200000,0.3,200000,GSBD,2021-08-05
BioMarin Pharmaceutical Inc.,Common Equity,Healthcare Services,,,,,,,,,,,900000,1.3,900000,GSBD,2021-08-05
Lonza Group AG,Common Equity,Healthcare Services,,,,,,,,,,,600000,0.9,600000,GSBD,2021-08-05
Charles River Laboratories International Inc.,Common Equity,Healthcare Services,,,,,,,,,,,1200000,1.8,1200000,GSBD,2021-08-05
WuXi AppTec Co Ltd.,Common Equity,Healthcare Services,,,,,,,,,,,1000000,1.5,1000000,GSBD,2021-08-05
ICON plc,Common Equity,Healthcare Services,,,,,,,,,,,800000,1.2,800000,GSBD,2021-08-05
Syneos Health Inc.,Common Equity,Healthcare Services,,,,,,,,,,,500000,0.7,500000,GSBD,2021-08-05
PPD Inc.,Common Equity,Healthcare Services,,,,,,,,,,,400000,0.6,400000,GSBD,2021-08-05
Covance Inc.,Common Equity,Healthcare Services,,,,,,,,,,,300000,0.4,300000,GSBD,2021-08-05
IQVIA Holdings Inc.,Common Equity,Healthcare Services,,,,,,,,,,,1500000,2.2,1500000,GSBD,2021-08-05
Alphabet Inc.,Common Equity,Software,,,,,,,,,,,3500000,5.2,3500000,GSBD,2021-08-05
Micron Technology Inc.,Common Equity,Software,,,,,,,,,,,700000,1.0,700000,GSBD,2021-08-05
KLA Corp.,Common Equity,Software,,,,,,,,,,,600000,0.9,600000,GSBD,2021-08-05
Seagate Technology Holdings plc,Common Equity,Software,,,,,,,,,,,500000,0.7,500000,GSBD,2021-08-05
Western Digital Corp.,Common Equity,Software,,,,,,,,,,,400000,0.6,400000,GSBD,2021-08-05
HP Inc.,Common Equity,Software,,,,,,,,,,,300000,0.4,300000,GSBD,2021-08-05
Dell Technologies Inc.,Common Equity,Software,,,,,,,,,,,1100000,1.6,1100000,GSBD,2021-08-05
E.l. du Pont de Nemours and Company,Common Equity,Chemicals,,,,,,,,,,,1000000,1.5,1000000,GSBD,2021-08-05
CF Industries Holdings Inc.,Common Equity,Chemicals,,,,,,,,,,,400000,0.6,400000,GSBD,2021-08-05
Corteva Inc.,Common Equity,Chemicals,,,,,,,,,,,300000,0.4,300000,GSBD,2021-08-05
FMC Corp.,Common Equity,Chemicals,,,,,,,,,,,250000,0.4,250000,GSBD,2021-08-05
Archer-Daniels-Midland Company,Common Equity,Agriculture,,,,,,,,,,,1200000,1.8,1200000,GSBD,2021-08-05
Bunge Ltd.,Common Equity,Agriculture,,,,,,,,,,,800000,1.2,800000,GSBD,2021-08-05
ADM Investor Services Inc.,Common Equity,Agriculture,,,,,,,,,,,500000,0.7,500000,GSBD,2021-08-05
Corteva Agriscience,Common Equity,Agriculture,,,,,,,,,,,600000,0.9,600000,GSBD,2021-08-05
Deere & Company,Common Equity,Manufacturing,,,,,,,,,,,1500000,2.2,1500000,GSBD,2021-08-05
Caterpillar Inc.,Common Equity,Manufacturing,,,,,,,,,,,1300000,1.9,1300000,GSBD,2021-08-05
CNH Industrial N.V.,Common Equity,Manufacturing,,,,,,,,,,,700000,1.0,700000,GSBD,2021-08-05
AGCO Corp.,Common Equity,Manufacturing,,,,,,,,,,,500000,0.7,500000,GSBD,2021-08-05
Manitowoc Company Inc.,Common Equity,Manufacturing,,,,,,,,,,,200000,0.3,200000,GSBD,2021-08-05
Terex Corp.,Common Equity,Manufacturing,,,,,,,,,,,300000,0.4,300000,GSBD,2021-08-05
Xylem Inc.,Common Equity,Software,,,,,,,,,,,600000,0.9,600000,GSBD,2021-08-05
Evoqua Water Technologies Corp.,Common Equity,Software,,,,,,,,,,,400000,0.6,400000,GSBD,2021-08-05
Ecolab Inc.,Common Equity,Software,,,,,,,,,,,,,,GSBD,2021-08-05
Baxter International Inc.,Common Equity,Healthcare Services,,,,,,,,,,,500000,0.7,500000,GSBD,2021-08-05
Bristol Myers Squibb Company,Common Equity,Healthcare Services,,,,,,,,,,,1300000,1.9,1300000,GSBD,2021-08-05
DaVita Inc.,Common Equity,Healthcare Services,,,,,,,,,,,500000,0.7,500000,GSBD,2021-08-05
Surgery Partners LLC,Common Equity,Healthcare Services,,,,,,,,,,,150000,0.2,150000,GSBD,2021-08-05
National Vision Holdings Inc.,Common Equity,Healthcare Services,,,,,,,,,,,100000,0.1,100000,GSBD,2021-08-05
National Vision Holdings Inc.,First Lien,Healthcare Services,8.0%,,SOFR,5.0%,2021-03-10,2026-03-10,10000000,9800000,10000000,1.5,,,,GSBD,2021-08-05
National Vision Holdings Inc.,Second Lien,Healthcare Services,10.0%,,SOFR,7.0%,2021-03-10,2027-03-10,5000000,4900000,5000000,0.7,,,,GSBD,2021-08-05
National Vision Holdings Inc.,Preferred Equity,Healthcare Services,,,,,,,,,,,2000000,2000000,0.3,GSBD,2021-08-05
CVS Health Corp.,First Lien,Healthcare Services,7.5%,,SOFR,4.5%,2020-01-20,2025-01-20,20000000,19600000,20000000,3.0,,,,GSBD,2021-08-05
CVS Health Corp.,Second Lien,Healthcare Services,9.5%,,SOFR,6.5%,2020-01-20,2026-01-20,10000000,9700000,10000000,1.5,,,,GSBD,2021-08-05
UnitedHealth Group Inc.,First Lien,Healthcare Services,7.0%,,SOFR,4.0%,2019-05-15,2024-05-15,25000000,24500000,25000000,3.7,,,,GSBD,2021-08-05
UnitedHealth Group Inc.,Second Lien,Healthcare Services,9.0%,,SOFR,6.0%,2019-05-15,2025-05-15,12000000,11700000,12000000,1.8,,,,GSBD,2021-08-05
McKesson Corp.,First Lien,Healthcare Services,7.8%,,SOFR,4.8%,2021-07-01,2026-07-01,15000000,14700000,15000000,2.2,,,,GSBD,2021-08-05
McKesson Corp.,Second Lien,Healthcare Services,9.8%,,SOFR,6.8%,2021-07-01,2027-07-01,7000000,6800000,7000000,1.0,,,,GSBD,2021-08-05
Cardinal Health Inc.,First Lien,Healthcare Services,7.6%,,SOFR,4.6%,2020-11-11,2025-11-11,12000000,11700000,12000000,1.8,,,,GSBD,2021-08-05
Cardinal Health Inc.,Second Lien,Healthcare Services,9.6%,,SOFR,6.6%,2020-11-11,2026-11-11,6000000,5800000,6000000,0.9,,,,GSBD,2021-08-05
AmerisourceBergen Corp.,First Lien,Healthcare Services,7.7%,,SOFR,4.7%,2021-02-28,2026-02-28,10000000,9700000,10000000,1.5,,,,GSBD,2021-08-05
AmerisourceBergen Corp.,Second Lien,Healthcare Services,9.7%,,SOFR,6.7%,2021-02-28,2027-02-28,5000000,4800000,5000000,0.7,,,,GSBD,2021-08-05
Thermo Fisher Scientific Inc.,First Lien,Healthcare Services,7.2%,,SOFR,4.2%,2019-09-01,2024-09-01,18000000,17600000,18000000,2.7,,,,GSBD,2021-08-05
Thermo Fisher Scientific Inc.,Second Lien,Healthcare Services,9.2%,,SOFR,6.2%,2019-09-01,2025-09-01,9000000,8700000,9000000,1.3,,,,GSBD,2021-08-05
Abbott Laboratories,First Lien,Healthcare Services,7.3%,,SOFR,4.3%,2020-03-15,2025-03-15,16000000,15600000,16000000,2.4,,,,GSBD,2021-08-05
Abbott Laboratories,Second Lien,Healthcare Services,9.3%,,SOFR,6.3%,2020-03-15,2026-03-15,8000000,7700000,8000000,1.2,,,,GSBD,2021-08-05
Danaher Corp.,First Lien,Healthcare Services,7.1%,,SOFR,4.1%,2018-12-01,2023-12-01,14000000,13600000,14000000,2.1,,,,GSBD,2021-08-05
Danaher Corp.,Second Lien,Healthcare Services,9.1%,,SOFR,6.1%,2018-12-01,2024-12-01,7000000,6800000,7000000,1.0,,,,GSBD,2021-08-05
Medtronic plc,First Lien,Healthcare Services,7.4%,,SOFR,4.4%,2021-01-05,2026-01-05,15000000,14600000,15000000,2.2,,,,GSBD,2021-08-05
Medtronic plc,Second Lien,Healthcare Services,9.4%,,SOFR,6.4%,2021-01-05,2027-01-05,7500000,7300000,7500000,1.1,,,,GSBD,2021-08-05
Becton Dickinson and Company,First Lien,Healthcare Services,7.9%,,SOFR,4.9%,2020-08-20,2025-08-20,11000000,10700000,11000000,1.6,,,,GSBD,2021-08-05
Becton Dickinson and Company,Second Lien,Healthcare Services,9.9%,,SOFR,6.9%,2020-08-20,2026-08-20,5500000,5300000,5500000,0.8,,,,GSBD,2021-08-05
Baxter International Inc.,First Lien,Healthcare Services,8.1%,,SOFR,5.1%,2021-04-12,2026-04-12,8000000,7700000,8000000,1.2,,,,GSBD,2021-08-05
Baxter International Inc.,Second Lien,Healthcare Services,10.1%,,SOFR,7.1%,2021-04-12,2027-04-12,4000000,3800000,4000000,0.6,,,,GSBD,2021-08-05
Zimmer Biomet Holdings Inc.,First Lien,Healthcare Services,8.2%,,SOFR,5.2%,2020-06-30,2025-06-30,6000000,5800000,6000000,0.9,,,,GSBD,2021-08-05
Zimmer Biomet Holdings Inc.,Second Lien,Healthcare Services,10.2%,,SOFR,7.2%,2020-06-30,2026-06-30,3000000,2900000,3000000,0.4,,,,GSBD,2021-08-05
Intuitive Surgical Inc.,First Lien,Healthcare Services,6.9%,,SOFR,3.9%,2019-01-01,2024-01-01,19000000,18600000,19000000,2.8,,,,GSBD,2021-08-05
Intuitive Surgical Inc.,Second Lien,Healthcare Services,8.9%,,SOFR,5.9%,2019-01-01,2025-01-01,9500000,9200000,9500000,1.4,,,,GSBD,2021-08-05
Align Technology Inc.,First Lien,Healthcare Services,8.3%,,SOFR,5.3%,2021-09-15,2026-09-15,5000000,4800000,5000000,0.7,,,,GSBD,2021-08-05
Align Technology Inc.,Second Lien,Healthcare Services,10.3%,,SOFR,7.3%,2021-09-15,2027-09-15,2500000,2400000,2500000,0.3,,,,GSBD,2021-08-05
Hologic Inc.,First Lien,Healthcare Services,8.4%,,SOFR,5.4%,2020-02-10,2025-02-10,4000000,3800000,4000000,0.6,,,,GSBD,2021-08-05
Hologic Inc.,Second Lien,Healthcare Services,10.4%,,SOFR,7.4%,2020-02-10,2026-02-10,2000000,1900000,2000000,0.3,,,,GSBD,2021-08-05
Illumina Inc.,First Lien,Healthcare Services,7.7%,,SOFR,4.7%,2019-11-01,2024-11-01,9000000,8700000,9000000,1.3,,,,GSBD,2021-08-05
Illumina Inc.,Second Lien,Healthcare Services,9.7%,,SOFR,6.7%,2019-11-01,2025-11-01,4500000,4300000,4500000,0.6,,,,GSBD,2021-08-05
Gilead Sciences Inc.,First Lien,Healthcare Services,7.0%,,SOFR,4.0%,2018-07-01,2023-07-01,22000000,21500000,22000000,3.3,,,,GSBD,2021-08-05
Gilead Sciences Inc.,Second Lien,Healthcare Services,9.0%,,SOFR,6.0%,2018-07-01,2024-07-01,11000000,10700000,11000000,,,,,GSBD,2021-08-05
CVS Health Corp.,First Lien,Healthcare Services,7.5%,,SOFR,4.5%,2020-03-01,2025-03-01,15000000,14500000,15000000,2.2,,,,GSBD,2021-08-05
CVS Health Corp.,Second Lien,Healthcare Services,9.5%,,SOFR,6.5%,2020-03-01,2026-03-01,7500000,7200000,7500000,1.1,,,,GSBD,2021-08-05
UnitedHealth Group Inc.,First Lien,Healthcare Services,6.8%,,SOFR,3.8%,2019-01-01,2024-01-01,25000000,24000000,25000000,3.7,,,,GSBD,2021-08-05
UnitedHealth Group Inc.,Second Lien,Healthcare Services,8.8%,,SOFR,5.8%,2019-01-01,2025-01-01,12500000,12000000,12500000,1.8,,,,GSBD,2021-08-05
McKesson Corp.,First Lien,Healthcare Services,7.2%,,SOFR,4.2%,2021-05-01,2026-05-01,18000000,17500000,18000000,2.6,,,,GSBD,2021-08-05
McKesson Corp.,Second Lien,Healthcare Services,9.2%,,SOFR,6.2%,2021-05-01,2027-05-01,9000000,8700000,9000000,1.3,,,,GSBD,2021-08-05
Cardinal Health Inc.,First Lien,Healthcare Services,7.1%,,SOFR,4.1%,2020-08-01,2025-08-01,16000000,15500000,16000000,2.3,,,,GSBD,2021-08-05
Cardinal Health Inc.,Second Lien,Healthcare Services,9.1%,,SOFR,6.1%,2020-08-01,2026-08-01,8000000,7700000,8000000,1.2,,,,GSBD,2021-08-05
Amgen Inc.,First Lien,Healthcare Services,6.5%,,SOFR,3.5%,2018-11-01,2023-11-01,30000000,29000000,30000000,4.4,,,,GSBD,2021-08-05
Amgen Inc.,Second Lien,Healthcare Services,8.5%,,SOFR,5.5%,2018-11-01,2024-11-01,15000000,14500000,15000000,2.2,,,,GSBD,2021-08-05
Bristol Myers Squibb Co,First Lien,Healthcare Services,6.9%,,SOFR,3.9%,2019-04-01,2024-04-01,28000000,27000000,28000000,4.1,,,,GSBD,2021-08-05
Bristol Myers Squibb Co,Second Lien,Healthcare Services,8.9%,,SOFR,5.9%,2019-04-01,2025-04-01,14000000,13500000,14000000,2.1,,,,GSBD,2021-08-05
Merck & Co Inc.,First Lien,Healthcare Services,6.7%,,SOFR,3.7%,2017-07-01,2022-07-01,35000000,34000000,35000000,5.1,,,,GSBD,2021-08-05
Merck & Co Inc.,Second Lien,Healthcare Services,8.7%,,SOFR,5.7%,2017-07-01,2023-07-01,17500000,17000000,17500000,2.6,,,,GSBD,2021-08-05
Pfizer Inc.,First Lien,Healthcare Services,6.6%,,SOFR,3.6%,2018-02-01,2023-02-01,32000000,31000000,32000000,4.7,,,,GSBD,2021-08-05
Pfizer Inc.,Second Lien,Healthcare Services,8.6%,,SOFR,5.6%,2018-02-01,2024-02-01,16000000,15500000,16000000,2.3,,,,GSBD,2021-08-05
AbbVie Inc.,First Lien,Healthcare Services,6.4%,,SOFR,3.4%,2019-09-01,2024-09-01,26000000,25000000,26000000,3.8,,,,GSBD,2021-08-05
AbbVie Inc.,Second Lien,Healthcare Services,8.4%,,SOFR,5.4%,2019-09-01,2025-09-01,13000000,12500000,13000000,1.9,,,,GSBD,2021-08-05
Eli Lilly and Co,First Lien,Healthcare Services,6.3%,,SOFR,3.3%,2020-01-01,2025-01-01,24000000,23000000,24000000,3.5,,,,GSBD,2021-08-05
Eli Lilly and Co,Second Lien,Healthcare Services,8.3%,,SOFR,5.3%,2020-01-01,2026-01-01,12000000,11500000,12000000,1.8,,,,GSBD,2021-08-05
Regeneron Pharmaceuticals Inc.,First Lien,Healthcare Services,6.2%,,SOFR,3.2%,2021-03-01,2026-03-01,20000000,19500000,20000000,2.9,,,,GSBD,2021-08-05
Regeneron Pharmaceuticals Inc.,Second Lien,Healthcare Services,8.2%,,SOFR,5.2%,2021-03-01,2027-03-01,10000000,9700000,10000000,1.5,,,,GSBD,2021-08-05
Vertex Pharmaceuticals Inc.,First Lien,Healthcare Services,6.1%,,SOFR,3.1%,2019-06-01,2024-06-01,17000000,16500000,17000000,2.5,,,,GSBD,2021-08-05
Vertex Pharmaceuticals Inc.,Second Lien,Healthcare Services,8.1%,,SOFR,5.1%,2019-06-01,2025-06-01,8500000,8200000,8500000,1.2,,,,GSBD,2021-08-05
Bio-Rad Laboratories Inc.,First Lien,Healthcare Services,7.8%,,SOFR,4.8%,2020-10-01,2025-10-01,10000000,9700000,10000000,1.5,,,,GSBD,2021-08-05
Bio-Rad Laboratories Inc.,Second Lien,Healthcare Services,9.8%,,SOFR,6.8%,2020-10-01,2026-10-01,5000000,4800000,5000000,0.7,,,,GSBD,2021-08-05
DexCom Inc.,First Lien,Healthcare Services,7.6%,,SOFR,4.6%,2021-01-01,2026-01-01,12000000,11700000,12000000,1.8,,,,GSBD,2021-08-05
DexCom Inc.,Second Lien,Healthcare Services,9.6%,,SOFR,6.6%,2021-01-01,2027-01-01,6000000,5800000,6000000,0.9,,,,GSBD,2021-08-05
Align Technology Inc.,First Lien,Healthcare Services,7.4%,,SOFR,4.4%,2019-03-01,2024-03-01,11000000,10700000,11000000,1.6,,,,GSBD,2021-08-05
Align Technology Inc.,Second Lien,Healthcare Services,9.4%,,SOFR,6.4%,2019-03-01,2025-03-01,5500000,5300000,5500000,0.8,,,,GSBD,2021-08-05
Edwards Lifesciences Corp.,First Lien,Healthcare Services,7.3%,,SOFR,4.3%,2020-07-01,2025-07-01,13000000,12700000,13000000,1.9,,,,GSBD,2021-08-05
Edwards Lifesciences Corp.,Second Lien,Healthcare Services,9.3%,,SOFR,6.3%,2020-07-01,2026-07-01,6500000,6300000,6500000,1.0,,,,GSBD,2021-08-05
Masimo Corp.,First Lien,Healthcare Services,7.0%,,SOFR,4.0%,2018-09-01,2023-09-01,9000000,8700000,9000000,1.3,,,,GSBD,2021-08-05
Masimo Corp.,Second Lien,Healthcare Services,9.0%,,SOFR,6.0%,2018-09-01,2024-09-01,4500000,4300000,4500000,0.7,,,,GSBD,2021-08-05
Omnicell Inc.,First Lien,Healthcare Services,8.0%,,SOFR,5.0%,2021-02-01,2026-02-01,7000000,6800000,7000000,1.0,,,,GSBD,2021-08-05
Omnicell Inc.,Second Lien,Healthcare Services,10.0%,,SOFR,7.0%,2021-02-01,2027-02-01,3500000,3300000,3500000,0.5,,,,GSBD,2021-08-05
Varian Medical Systems Inc.,First Lien,Healthcare Services,7.9%,,SOFR,4.9%,2019-12-01,2024-12-01,8000000,7700000,8000000,1.2,,,,GSBD,2021-08-05
Varian Medical Systems Inc.,Second Lien,Healthcare Services,9.9%,,SOFR,6.9%,2019-12-01,2025-12-01,4000000,3800000,4000000,0.6,,,,GSBD,2021-08-05
Zimmer Biomet Holdings Inc.,First Lien,Healthcare Services,7.1%,,SOFR,4.1%,2018-05-01,2023-05-01,14000000,13500000,14000000,2.1,,,,GSBD,2021-08-05
Zimmer Biomet Holdings Inc.,Second Lien,Healthcare Services,9.1%,,SOFR,6.1%,2018-05-01,2024-05-01,7000000,6700000,7000000,1.0,,,,GSBD,2021-08-05
Intuitive Surgical Inc.,First Lien,Healthcare Services,6.0%,,SOFR,3.0%,2017-01-01,2022-01-01,40000000,39000000,40000000,5.9,,,,GSBD,2021-08-05
Intuitive Surgical Inc.,Second Lien,Healthcare Services,8.0%,,SOFR,5.0%,2017-01-01,2023-01-01,20000000,19500000,20000000,2.9,,,,GSBD,2021-08-05
Dexter Magnetic Technologies Inc.,First Lien,Manufacturing,9.0%,,SOFR,6.0%,2020-04-01,2025-04-01,5000000,4800000,5000000,0.7,,,,GSBD,2021-08-05
Dexter Magnetic Technologies Inc.,Second Lien,Manufacturing,11.0%,,SOFR,8.0%,2020-04-01,2026-04-01,2500000,2300000,2500000,0.4,,,,GSBD,2021-08-05
AeroVironment Inc.,First Lien,Aerospace & Defense,8.5%,,SOFR,5.5%,2021-07-01,2026-07-01,6000000,5800000,6000000,0.9,,,,GSBD,2021-08-05
AeroVironment Inc.,Second Lien,Aerospace & Defense,10.5%,,SOFR,7.5%,2021-07-01,2027-07-01,3000000,2800000,3000000,0.4,,,,GSBD,2021-08-05
L3Harris Technologies Inc.,First Lien,Aerospace & Defense,7.0%,,SOFR,4.0%,2019-05-01,2024-05-01,15000000,14500000,1500,,,,,GSBD,2021-08-05
A.M. Castle & Co,First Lien,Industrial Services,8.5%,,SOFR,5.5%,2019-09-27,2024-09-27,20000000,18500000,19500000,2.7,18500000,,,GSBD,2021-08-05
A.M. Castle & Co,Second Lien,Industrial Services,10.5%,,SOFR,7.5%,2019-09-27,2025-09-27,10000000,9250000,9750000,1.3,9250000,,,GSBD,2021-08-05
A.M. Castle & Co,Other,Industrial Services,,10.0%,N/A,,2019-09-27,2026-09-27,5000000,4625000,4875000,0.7,4625000,,,GSBD,2021-08-05
A.M. Castle & Co,Common Equity,Industrial Services,,,,,,,1000000,1000000,0.1,1000000,,,,GSBD,2021-08-05
A.M. Castle & Co,Preferred Equity,Industrial Services,,,,,,,2000000,2000000,0.3,2000000,,,,GSBD,2021-08-05
A.M. Castle & Co,Warrants,Industrial Services,,,,,,,100000,100000,0.0,100000,,,,GSBD,2021-08-05
A.M. Castle & Co,Common Equity,Industrial Services,,,,,,,100000,100000,0.0,100000,,,,GSBD,2021-08-05
A.M. Castle & Co,Common Equity,Industrial Services,,,,,,,1,1,0.0,1,,,,GSBD,2021-08-05
A.M. Castle & Co,Common Equity,Other,,,,,,,,,,,,,,GSBD,2021-08-05
