company_name,company_id,investment_type,industry,cash_rate,pik_rate,reference_rate,spread,floor_rate,acquisition_date,maturity_date,principal_amount,amortized_cost,fair_value,percent_of_net_assets,cost,commitment_limit,undrawn_commitment,rate_cap,shares,data_quality_flags,ticker,filing_date,ticker,filing_date
AgroFresh Inc.,co_eb08af690702,Other,Chemicals & Materials,10.63%,,LIBOR,6.25%,7.25%,2021-03-31,2024-12-31,4402,,4303,,4387,,,,,dspy_extracted,GECC,2023-03-02,GECC,2023-03-02
American Tower Corp.,co_dc3e358a62c3,Other,Telecommunications,3.50%,,Fixed,,,2022-06-24,2023-01-31,3000,,2997,,3000,,,,,dspy_extracted,GECC,2023-03-02,GECC,2023-03-02
ANGUS Chemical Company,co_4b681bb45ba5,Other,Chemicals & Materials,12.07%,,LIBOR,7.75%,8.50%,2022-09-21,2028-11-24,1625,,1505,,1502,,,,,dspy_extracted,GECC,2023-03-02,GECC,2023-03-02
ANGUS Chemical Company,co_4b681bb45ba5,Other,Chemicals & Materials,12.14%,,SOFR,4.75%,5.50%,2022-11-04,2027-11-24,3000,,2810,,2795,,,,,dspy_extracted,GECC,2023-03-02,GECC,2023-03-02
APTIM Corp.,co_df1226a1b6a9,Other,Industrials,7.75%,,Fixed,,,2019-03-28,2025-06-15,5000,,3488,,4128,,,,,dspy_extracted,GECC,2023-03-02,GECC,2023-03-02
"Avanti Space Limited Cobham House 20 Black Friars Lane London, UK EC4V 6EB",co_71ea9801dfbd,Other,Telecommunications,12.50%,,Fixed,,,2022-04-13,2024-04-13,1292,,-,,1138,,,,,dspy_extracted,GECC,2023-03-02,GECC,2023-03-02
"Avanti Space Limited Cobham House 20 Black Friars Lane London, UK EC4V 6EB",co_71ea9801dfbd,Other,Telecommunications,12.50%,,Fixed,,,2022-04-13,2024-04-13,5119,,-,,4552,,,,,dspy_extracted,GECC,2023-03-02,GECC,2023-03-02
"Avanti Space Limited Cobham House 20 Black Friars Lane London, UK EC4V 6EB",co_71ea9801dfbd,Other,Telecommunications,12.50%,,Fixed,,,2022-04-13,2024-10-13,1506,,-,,1339,,,,,dspy_extracted,GECC,2023-03-02,GECC,2023-03-02
"Avanti Space Limited Cobham House 20 Black Friars Lane London, UK EC4V 6EB",co_71ea9801dfbd,Other,Telecommunications,,,N/A,,,2022-04-13,,1722,,-,,-,,,,,dspy_extracted,GECC,2023-03-02,GECC,2023-03-02
Avation Capital SA 65 Kampong Bahru Road #01-01 Singapore 169370,co_7bff369f0ac8,Other,Other,6.50%,2.50%,Fixed,,,2022-02-04,2026-10-31,4556,,3577,,3996,,,,,dspy_extracted,GECC,2023-03-02,GECC,2023-03-02
Blackstone Secured Lending,co_32e454a9dde3,Other,Financial Services,,,N/A,,,2022-08-18,,200000,,4470,,4647,,,,,cost_suspicious_vs_size|dspy_extracted|fair_value_suspicious_vs_size,GECC,2023-03-02,GECC,2023-03-02
Crestwood Equity Partners LP,co_a8574e013034,Other,Energy,9.25%,,Fixed,,,2020-06-19,,216178,,1872,,1288,,,,,cost_suspicious_vs_size|dspy_extracted|fair_value_suspicious_vs_size,GECC,2023-03-02,GECC,2023-03-02
Eagle Point Credit Company Inc.,co_7a912e541242,Other,Other,,,N/A,,,2022-08-18,,133844,,1355,,1509,,,,,cost_suspicious_vs_size|dspy_extracted|fair_value_suspicious_vs_size,GECC,2023-03-02,GECC,2023-03-02
ECL Entertainment LLC,co_27c703fce7ba,Other,Media & Entertainment,11.88%,,SOFR,7.50%,8.25%,2021-03-31,2028-04-30,4433,,4418,,4397,,,,,dspy_extracted,GECC,2023-03-02,GECC,2023-03-02
Enservco / Heat Waves,co_bbb5a4db78ed,Other,Financial Services,22.29%,,Fixed,,,2022-03-24,2026-06-24,1894,,1894,,1918,,,,,dspy_extracted,GECC,2023-03-02,GECC,2023-03-02
Equitrans Midstream Corp.,co_af8dbda86071,Other,Energy,9.75%,,Fixed,,,2021-07-01,,250000,,4982,,5275,,,,,cost_suspicious_vs_size|dspy_extracted|fair_value_suspicious_vs_size,GECC,2023-03-02,GECC,2023-03-02
First Brands Inc.,co_53cb28c1a725,Second Lien,Transportation & Logistics,11.87 %,,LIBOR,8.50 %,9.50 %,2021-03-24,2028-03-30,12545,12162,11800,,,,,,,dspy_extracted,GECC,2023-03-02,GECC,2023-03-02
Flexsys Holdings,co_fdf6c33899b5,First Lien,Chemicals & Materials,9.69 %,,SOFR,5.25 %,6.00 %,2022-11-04,2028-11-01,4987,3936,4052,,,,,,,dspy_extracted,GECC,2023-03-02,GECC,2023-03-02
Foresight Energy,co_780e4635a312,First Lien,Chemicals & Materials,12.73 %,,LIBOR,8.00 %,9.50 %,2021-07-29,2027-06-30,6046,6080,6046,,,,,,,dspy_extracted,GECC,2023-03-02,GECC,2023-03-02
"Forum Energy Technologies, Inc.",co_3b894c5dd188,First Lien,Energy,9.00 %,,Fixed,,,2022-05-09,2025-08-04,2705,2627,2877,,,,,,,dspy_extracted,GECC,2023-03-02,GECC,2023-03-02
FTAI Infrastructure Inc.,co_c4fc3be390dd,First Lien,Industrials,10.50 %,,Fixed,,,2022-06-29,2027-06-01,2000,1899,2010,,,,,,,dspy_extracted,GECC,2023-03-02,GECC,2023-03-02
GAC HoldCo Inc.,co_45485262f62f,First Lien,Energy,12.00 %,,Fixed,,,2021-07-27,2025-08-15,6850,7179,7278,,,,,,,dspy_extracted,GECC,2023-03-02,GECC,2023-03-02
"Great Elm Healthcare Finance, LLC",co_67aa07b1d0be,Subordinated Debt,Financial Services,12.00 %,,Fixed,,,2022-11-17,2027-11-09,4375,4375,4375,,,,,,,dspy_extracted,GECC,2023-03-02,GECC,2023-03-02
"Great Elm Healthcare Finance, LLC",co_67aa07b1d0be,Common Equity,Financial Services,,,N/A,,,2022-11-17,,88,4375,4375,87.50,,,,,,dspy_extracted,GECC,2023-03-02,GECC,2023-03-02
"Greenway Health, LLC",co_0947055800e7,Revolver,Software & Technology,8.52 %,,LIBOR,3.75 %,,2020-01-27,2023-11-17,-,( 34	),-,,,,,,,dspy_extracted,GECC,2023-03-02,GECC,2023-03-02
"Greenway Health, LLC",co_0947055800e7,Revolver,Software & Technology,0.50 %,,N/A,,,2020-01-27,2023-11-17,8026,-,-,,,,,,,dspy_extracted,GECC,2023-03-02,GECC,2023-03-02
Harvey Gulf Holdings LLC,co_673a6df69bc1,Other Debt,Transportation & Logistics,9.36 %,,SOFR,5.00 %,6.00 %,2022-08-10,2027-08-10,488,479,480,,,,,,,dspy_extracted,GECC,2023-03-02,GECC,2023-03-02
Harvey Gulf Holdings LLC,co_673a6df69bc1,Other Debt,Transportation & Logistics,14.40 %,,SOFR,10.04 %,11.04 %,2022-08-10,2027-08-10,6825,6631,6726,,,,,,,dspy_extracted,GECC,2023-03-02,GECC,2023-03-02
ITP Live Production Group,co_81e4c5074457,Other,Financial Services,19.71 %,,Fixed,,,2021-12-22,2026-05-22,1546,1564,1576,,,,,,,dspy_extracted,GECC,2023-03-02,GECC,2023-03-02
"Lenders Funding, LLC",co_b04626bd74e6,Subordinated Debt,Financial Services,8.44 %,,Fixed,,,2021-09-20,2026-09-20,10000,10000,10000,,,,,,,dspy_extracted,GECC,2023-03-02,GECC,2023-03-02
"Lenders Funding, LLC",co_b04626bd74e6,Revolver,Financial Services,8.75 %,,Prime,1.25 %,1.25 %,2021-09-20,2023-09-20,1555,1555,1555,,,,,,,dspy_extracted,GECC,2023-03-02,GECC,2023-03-02
"Lenders Funding, LLC",co_b04626bd74e6,Revolver,Financial Services,,,N/A,,,2021-09-20,2023-09-20,3445,-,-,,,,,,,dspy_extracted,GECC,2023-03-02,GECC,2023-03-02
"Lenders Funding, LLC",co_b04626bd74e6,Common Equity,Financial Services,,,N/A,,,2021-09-20,,6287,7250,2205,62.87,,,,,,dspy_extracted,GECC,2023-03-02,GECC,2023-03-02
Lummus Technology Holdings,co_f48e428ebed1,Unsecured Debt,Chemicals & Materials,9.00 %,,Fixed,,,2022-05-17,2028-07-01,4150,3549,3475,,,,,,,dspy_extracted,GECC,2023-03-02,GECC,2023-03-02
Mad Engine Global LLC,co_82f34b67b45f,First Lien,Consumer & Retail,11.73 %,,LIBOR,7.00 %,8.00 %,2021-06-30,2027-07-15,2906,2845,2371,,,,,,,dspy_extracted,GECC,2023-03-02,GECC,2023-03-02
Martin Midstream Partners LP,co_49f757987bc7,Second Lien,Energy,11.50 %,,Fixed,,,2020-12-09,2025-02-28,9584,9582,9536,,,,,,,dspy_extracted,GECC,2023-03-02,GECC,2023-03-02
Maverick Gaming LLC,co_28f75db82886,First Lien,Healthcare,12.23 %,,LIBOR,7.50 %,8.50 %,2021-11-16,2026-09-03,5919,5763,4883,,,,,,,dspy_extracted,GECC,2023-03-02,GECC,2023-03-02
Newfold Digital Inc.,co_e720db785129,Unsecured Debt,Media & Entertainment,6.00 %,,Fixed,,,2022-06-28,2029-02-15,2000,1508,1375,,,,,,,dspy_extracted,GECC,2023-03-02,GECC,2023-03-02
NICE-PAK Products Inc.,co_ac77d9d1a179,Other Debt,Consumer & Retail,18.08 %,8.00 %,SOFR,13.50 %,14.50 %,2022-09-30,2027-09-30,8672,8405,7781,,,,,,,dspy_extracted,GECC,2023-03-02,GECC,2023-03-02
NICE-PAK Products Inc.,co_ac77d9d1a179,Other Debt,Consumer & Retail,,,N/A,,,2022-09-30,2029-09-30,1449,,632,,,,,,,dspy_extracted,GECC,2023-03-02,GECC,2023-03-02
NICE-PAK Products Inc.,co_ac77d9d1a179,Warrants,Consumer & Retail,,,N/A,,,2022-09-30,,880909,,,2.56,,,,,,dspy_extracted,GECC,2023-03-02,GECC,2023-03-02
NuStar Energy LP,co_633ccb4f3aa1,Preferred Equity,Energy,11.41 %,,LIBOR,6.77 %,6.77 %,2022-12-22,,2500,55,57,,,,,,,dspy_extracted|fair_value_suspicious_vs_size,GECC,2023-03-02,GECC,2023-03-02
NuStar Energy LP,co_633ccb4f3aa1,Preferred Equity,Energy,11.52 %,,LIBOR,6.88 %,6.88 %,2022-12-12,,7500,166,177,,,,,,,dspy_extracted|fair_value_suspicious_vs_size,GECC,2023-03-02,GECC,2023-03-02
Par Petroleum LLC,co_fea0fd26645c,First Lien,Energy,7.75 %,,Fixed,,,2020-10-30,2025-12-15,3000,2696,2880,,,,,,,dspy_extracted,GECC,2023-03-02,GECC,2023-03-02
Par Petroleum LLC,co_fea0fd26645c,First Lien,Energy,12.88 %,,Fixed,,,2022-05-17,2026-01-15,2383,2610,2508,,,,,,,dspy_extracted,GECC,2023-03-02,GECC,2023-03-02
Perforce Software Inc.,co_8736d4f129ac,Revolver,Software & Technology,0.50 %,,Fixed,,,2020-01-24,2024-07-01,4375,,( 365	),,,,,,,dspy_extracted,GECC,2023-03-02,GECC,2023-03-02
PFS Holdings Corp.,co_53aae39dd10e,First Lien,Food & Beverage,11.35 %,,LIBOR,7.00 %,8.00 %,2020-11-13,2024-11-13,1055,1055,896,,,,,,,dspy_extracted,GECC,2023-03-02,GECC,2023-03-02
PFS Holdings Corp.,co_53aae39dd10e,Common Equity,Food & Beverage,,,N/A,,,2020-11-13,,5238,12378,408,5.24,,,,,,dspy_extracted,GECC,2023-03-02,GECC,2023-03-02
PIRS Capital LLC,co_a419103f68d5,Other Debt,Financial Services,14.00 %,,Prime,6.50 %,6.50 %,2021-11-22,2024-12-31,2000,2000,1997,,,,,,,dspy_extracted,GECC,2023-03-02,GECC,2023-03-02
Prestige Capital Finance LLC,co_b7c0720d83ea,Subordinated Debt,Financial Services,11.00 %,,Fixed,,,2021-06-15,2023-06-15,3000,3000,3000,,3000,,,,,dspy_extracted,GECC,2023-03-02,GECC,2023-03-02
Prestige Capital Finance LLC,co_b7c0720d83ea,Common Equity,Financial Services,,,N/A,,,2019-02-08,,100,7786,11638,80.00,7786,,,,,dspy_extracted,GECC,2023-03-02,GECC,2023-03-02
Research Now Group Inc.,co_f56b9233964e,Revolver,Media & Entertainment,,,Prime,3.50 %,3.50 %,2019-01-29,2024-06-14,5974,5967,5577,,5967,,,,,dspy_extracted,GECC,2023-03-02,GECC,2023-03-02
Research Now Group Inc.,co_f56b9233964e,Revolver,Media & Entertainment,0.50 %,,Fixed,,,2019-01-29,2024-06-14,4026,,-267,,,,,,,dspy_extracted,GECC,2023-03-02,GECC,2023-03-02
Research Now Group Inc.,co_f56b9233964e,Second Lien,Media & Entertainment,,,LIBOR,9.50 %,10.50 %,2019-05-20,2025-12-20,8000,7964,5561,,7964,,,,,dspy_extracted,GECC,2023-03-02,GECC,2023-03-02
Ruby Tuesday Operations LLC,co_1f7d49afa371,First Lien,Food & Beverage,,6.00 %,LIBOR,12.00 %,13.25 %,2021-02-24,2025-02-24,2272,2272,2187,,2272,,,,,dspy_extracted,GECC,2023-03-02,GECC,2023-03-02
Ruby Tuesday Operations LLC,co_1f7d49afa371,Warrants,Food & Beverage,,,N/A,,,2021-02-24,,311697,,923,2.81,,,,,,dspy_extracted|fair_value_suspicious_vs_size,GECC,2023-03-02,GECC,2023-03-02
SCIH Salt Holdings Inc.,co_b369f6da5ffe,Unsecured Debt,Food & Beverage,6.63 %,,Fixed,,,2022-06-24,2029-05-01,2000,1645,1611,,1645,,,,,dspy_extracted,GECC,2023-03-02,GECC,2023-03-02
Sprout Holdings LLC,co_f78963f249ba,Other Debt,Financial Services,11.50 %,,Fixed,,,2021-06-23,2023-06-23,873,873,873,,873,,,,,dspy_extracted,GECC,2023-03-02,GECC,2023-03-02
Sterling Commercial Credit LLC,co_4d26d622e6f0,Subordinated Debt,Financial Services,11.00 %,,Fixed,,,2022-02-03,2025-05-03,8500,8500,8500,,8500,,,,,dspy_extracted,GECC,2023-03-02,GECC,2023-03-02
Sterling Commercial Credit LLC,co_4d26d622e6f0,Common Equity,Financial Services,,,N/A,,,2022-02-03,,3280000,7843,6262,80.00,7843,,,,,cost_suspicious_vs_size|dspy_extracted|fair_value_suspicious_vs_size,GECC,2023-03-02,GECC,2023-03-02
Summit Midstream Holdings LLC,co_b0d60a3065a3,Unsecured Debt,Energy,5.75 %,,Fixed,,,2022-08-10,2025-04-15,1386,1180,1173,,1180,,,,,dspy_extracted,GECC,2023-03-02,GECC,2023-03-02
Summit Midstream Holdings LLC,co_b0d60a3065a3,Second Lien,Energy,8.50 %,,Fixed,,,2021-10-19,2026-10-15,5000,4800,4762,,4800,,,,,dspy_extracted,GECC,2023-03-02,GECC,2023-03-02
Target Hospitality Corp.,co_e6037c23edc2,Other Debt,Healthcare,9.50 %,,Fixed,,,2021-05-13,2024-03-15,5000,4985,4988,,4985,,,,,dspy_extracted,GECC,2023-03-02,GECC,2023-03-02
TRU Taj Trust,co_e9f013e18a36,Common Equity,Consumer & Retail,,,N/A,,,2017-07-21,,16000,611,5,2.75,611,,,,,cost_suspicious_vs_size|dspy_extracted|fair_value_suspicious_vs_size,GECC,2023-03-02,GECC,2023-03-02
United Insurance Holdings Corp.,co_380e913eb9a7,Unsecured Debt,Insurance,7.25 %,,Fixed,,,2022-12-20,2027-12-15,6000,2469,2340,,2469,,,,,dspy_extracted,GECC,2023-03-02,GECC,2023-03-02
Universal Fiber Systems,co_17de53ba34fb,Other Debt,Chemicals & Materials,,9.00 %,LIBOR,11.69 %,12.69 %,2021-09-30,2026-09-29,7172,7072,7192,,7072,,,,,dspy_extracted,GECC,2023-03-02,GECC,2023-03-02
Universal Fiber Systems,co_17de53ba34fb,Other Debt,Chemicals & Materials,,9.00 %,LIBOR,11.69 %,12.69 %,2021-09-30,2026-09-29,2766,2716,2576,,2716,,,,,dspy_extracted,GECC,2023-03-02,GECC,2023-03-02
Universal Fiber Systems,co_17de53ba34fb,Warrants,Chemicals & Materials,,,N/A,,,2021-09-30,,3383,,1246,1.50,,,,,,dspy_extracted,GECC,2023-03-02,GECC,2023-03-02
Vantage Specialty Chemicals Inc.,co_7a3d59fdd9e8,Second Lien,Chemicals & Materials,12.98 %,,LIBOR,8.25 %,9.25 %,2021-06-08,2025-10-26,4693,4582,4543,,,,,,,dspy_extracted,GECC,2023-03-02,GECC,2023-03-02
Vector Group Ltd.,co_d39e7e91a2fa,Unsecured Debt,Food & Beverage,10.50 %,,Fixed,,,2022-07-08,2026-11-01,750,714,745,,,,,,,dspy_extracted,GECC,2023-03-02,GECC,2023-03-02
W&T Offshore Inc.,co_2f9481e6cc6e,Second Lien,Energy,9.75 %,,Fixed,,,2021-05-05,2023-11-01,8000,7798,7858,,,,,,,dspy_extracted,GECC,2023-03-02,GECC,2023-03-02
AdTheorent Holding Company Inc.,co_bd39b8d9f303,Warrants,Media & Entertainment,,,N/A,,,2021-02-26,,4166,3,1,,,,,,,dspy_extracted|fair_value_suspicious_vs_size,GECC,2023-03-02,GECC,2023-03-02
Agile Growth Corp.,co_44a992ce107b,Warrants,Automotive,,,N/A,,,2021-03-10,,652,1,-,,,,,,,dspy_extracted,GECC,2023-03-02,GECC,2023-03-02
Allego N.V. Industriepark Kleefse Waard Westervoortsedijk 73 KB,co_e22b01cab191,Warrants,Transportation & Logistics,,,N/A,,,2021-03-17,,8000,9,1,,,,,,,dspy_extracted|fair_value_suspicious_vs_size,GECC,2023-03-02,GECC,2023-03-02
Apollo Strategic Growth Capital II 9 West 57th Street 43rd Floor New York NY 10019,co_c629d42164ad,Warrants,Automotive,,,N/A,,,2021-02-10,,500,1,-,,,,,,,dspy_extracted,GECC,2023-03-02,GECC,2023-03-02
Arctos NorthStar Acquisition Corp.,co_121edbf6a21a,Warrants,Automotive,,,N/A,,,2021-02-23,,125,-,-,,,,,,,dspy_extracted,GECC,2023-03-02,GECC,2023-03-02
Ares Acquisition Corp.,co_f56fc41eb073,Warrants,Automotive,,,N/A,,,2021-02-02,,20000,18,9,,,,,,,dspy_extracted|fair_value_suspicious_vs_size,GECC,2023-03-02,GECC,2023-03-02
BigBear.ai Holdings Inc.,co_fe39c39ed123,Warrants,Business Services,,,N/A,,,2021-02-09,,8333,6,-,,,,,,,dspy_extracted,GECC,2023-03-02,GECC,2023-03-02
Biote Corp.,co_ec4f005dfc3d,Warrants,Healthcare,,,N/A,,,2021-03-02,,400,-,-,,,,,,,dspy_extracted,GECC,2023-03-02,GECC,2023-03-02
Cartesian Growth Corp.,co_8ff952abd4ad,Warrants,Automotive,,,N/A,,,2021-02-24,,1666,1,1,,,,,,,dspy_extracted|fair_value_suspicious_vs_size,GECC,2023-03-02,GECC,2023-03-02
Catcha Investment Corp.,co_cd901cbb87bd,Warrants,Automotive,,,N/A,,,2021-02-12,,166,-,-,,,,,,,dspy_extracted,GECC,2023-03-02,GECC,2023-03-02
CC Neuberger Principal Holdings III,co_22089e8fdc6d,Warrants,Automotive,,,N/A,,,2021-02-03,,500,1,-,,,,,,,dspy_extracted,GECC,2023-03-02,GECC,2023-03-02
CF Acquisition Corp.,co_af2661c78968,Warrants,Automotive,,,N/A,,,2021-03-12,,1000,1,-,,,,,,,dspy_extracted,GECC,2023-03-02,GECC,2023-03-02
Climate Real Impact Solutions II Acquisition Corp.,co_31ff7e30c997,Warrants,Special Purpose Acquisition Company,,,N/A,,,2021-01-27,,1000,,-,,,,,,,dspy_extracted,GECC,2023-03-02,GECC,2023-03-02
Colonnade Acquisition Corp.,co_fcd5eaef67a0,Warrants,Special Purpose Acquisition Company,,,N/A,,,2021-03-10,,2000,,-,,,,,,,dspy_extracted,GECC,2023-03-02,GECC,2023-03-02
Compute Health Acquisition Corp.,co_5f48b372b3b1,Warrants,Special Purpose Acquisition Company,,,N/A,,,2021-02-05,,125,,-,,,,,,,dspy_extracted,GECC,2023-03-02,GECC,2023-03-02
Core Scientific Inc.,co_3a1f25366961,Warrants,Software & Technology,,,N/A,,,2021-02-10,,1250,,-,,,,,,,dspy_extracted,GECC,2023-03-02,GECC,2023-03-02
D & Z Media Acquisition Corp.,co_a58140f282c5,Warrants,Special Purpose Acquisition Company,,,N/A,,,2021-01-26,,166,,-,,,,,,,dspy_extracted,GECC,2023-03-02,GECC,2023-03-02
Dave Inc.,co_bbc09a7ad948,Warrants,Financial Services,,,N/A,,,2021-03-05,,10000,,-,,,,,,,dspy_extracted,GECC,2023-03-02,GECC,2023-03-02
Digital Transformation Opportunities Corp.,co_1b32734d29bc,Warrants,Special Purpose Acquisition Company,,,N/A,,,2021-03-10,,2500,,-,,,,,,,dspy_extracted,GECC,2023-03-02,GECC,2023-03-02
ESM Acquisition Corp.,co_73e810336104,Warrants,Special Purpose Acquisition Company,,,N/A,,,2021-03-10,,6630,,1,,,,,,,dspy_extracted|fair_value_suspicious_vs_size,GECC,2023-03-02,GECC,2023-03-02
FAST Acquisition Corp.,co_5fcc2c285f80,Warrants,Special Purpose Acquisition Company,,,N/A,,,2021-03-16,,5000,,3,,,,,,,dspy_extracted|fair_value_suspicious_vs_size,GECC,2023-03-02,GECC,2023-03-02
Fast Radius Inc.,co_d4000dc84057,Warrants,Industrials,,,N/A,,,2021-02-09,,625,,-,,,,,,,dspy_extracted,GECC,2023-03-02,GECC,2023-03-02
Fathom Digital Manufacturing Corp.,co_cc784a241358,Warrants,Industrials,,,N/A,,,2021-02-05,,125,,-,,,,,,,dspy_extracted,GECC,2023-03-02,GECC,2023-03-02
FinServ Acquisition Corp.,co_734c17e5a503,Warrants,Special Purpose Acquisition Company,,,N/A,,,2021-02-18,,125,,-,,,,,,,dspy_extracted,GECC,2023-03-02,GECC,2023-03-02
First Reserve Sustainable Growth Corp.,co_2dc59ea275b6,Warrants,Special Purpose Acquisition Company,,,N/A,,,2021-03-05,,5000,,-,,,,,,,dspy_extracted,GECC,2023-03-02,GECC,2023-03-02
Forest Road Acquisition Corp.,co_92ec352d7bf1,Warrants,Special Purpose Acquisition Company,,,N/A,,,2021-03-10,,80,,-,,,,,,,dspy_extracted,GECC,2023-03-02,GECC,2023-03-02
Forum Merger IV Corp.,co_38e074cad0f2,Warrants,Special Purpose Acquisition Company,,,N/A,,,2021-03-18,,5000,,-,,,,,,,dspy_extracted,GECC,2023-03-02,GECC,2023-03-02
Freedom Acquisition I Corp.,co_29702acfa17a,Warrants,Special Purpose Acquisition Company,,,N/A,,,2021-02-26,,625,,-,,,,,,,dspy_extracted,GECC,2023-03-02,GECC,2023-03-02
Frontier Acquisition Corp.,co_01bbdb221591,Warrants,Special Purpose Acquisition Company,,,N/A,,,2021-03-11,,2500,,-,,,,,,,dspy_extracted,GECC,2023-03-02,GECC,2023-03-02
FTAC Athena Acquisition Corp.,co_486f7e23e413,Warrants,Other,,,N/A,,,2021-02-23,,1250,,-,*,1,,,,,dspy_extracted,GECC,2023-03-02,GECC,2023-03-02
FTAC Hera Acquisition Corp.,co_a833372af608,Warrants,Other,,,N/A,,,2021-03-04,,100,,-,*,-,,,,,dspy_extracted,GECC,2023-03-02,GECC,2023-03-02
Fusion Acquisition Corp.,co_a39b406d3a5f,Warrants,Other,,,N/A,,,2021-02-26,,1666,,-,*,1,,,,,dspy_extracted,GECC,2023-03-02,GECC,2023-03-02
G Squared Ascend I Inc.,co_f6ece27edf97,Warrants,Other,,,N/A,,,2021-02-05,,1,,-,*,1,,,,,dspy_extracted|principal_scaled_down_1000x,GECC,2023-03-02,GECC,2023-03-02
Ginko Bioworks Holdings Inc.,co_0443451fc1a1,Warrants,Other,,,N/A,,,2021-02-24,,5000,,1,*,13,,,,,cost_suspicious_vs_size|dspy_extracted|fair_value_suspicious_vs_size,GECC,2023-03-02,GECC,2023-03-02
Grove Collaborative Holdings Inc.,co_3fcd91bd9360,Warrants,Other,,,N/A,,,2021-03-23,,5000,,1,*,7,,,,,cost_suspicious_vs_size|dspy_extracted|fair_value_suspicious_vs_size,GECC,2023-03-02,GECC,2023-03-02
Iris Acquisition Corp.,co_60351c9c2939,Warrants,Other,,,N/A,,,2021-03-05,,500,,-,*,1,,,,,dspy_extracted,GECC,2023-03-02,GECC,2023-03-02
Jaws Mustang Acquisition Corp.,co_a092dc59faa2,Warrants,Other,,,N/A,,,2021-02-02,,6.25,,1,*,7,,,,,dspy_extracted|principal_scaled_down_1000x,GECC,2023-03-02,GECC,2023-03-02
Kismet Acquisition Two Corp.,co_4b159074ad40,Warrants,Other,,,N/A,,,2021-02-18,,326,,-,*,-,,,,,dspy_extracted,GECC,2023-03-02,GECC,2023-03-02
Kismet Acquisition Three Corp.,co_4b159074ad40,Warrants,Other,,,N/A,,,2021-02-18,,4133,,-,*,3,,,,,dspy_extracted,GECC,2023-03-02,GECC,2023-03-02
L Catterton Asia Acquisition C 8 Marina View Asia Square Tower 1 No 41-03 Singapore 018960,co_3e2d7b0a3e3c,Warrants,Other,,,N/A,,,2021-03-11,,5.933,,-,*,6,,,,,dspy_extracted|principal_scaled_down_1000x,GECC,2023-03-02,GECC,2023-03-02
Lanvin Group Holdings Ltd.,co_dbc9597bb762,Warrants,Other,,,N/A,,,2021-03-19,,5,,2,*,6,,,,,dspy_extracted|principal_scaled_down_1000x,GECC,2023-03-02,GECC,2023-03-02
Lazard Growth Acquisition Corp.,co_1a1b3ae62720,Warrants,Other,,,N/A,,,2021-02-10,,500,,-,*,1,,,,,dspy_extracted,GECC,2023-03-02,GECC,2023-03-02
Live Oak Mobility Acquisition Corp.,co_d677f1348da5,Warrants,Other,,,N/A,,,2021-03-02,,400,,-,*,1,,,,,dspy_extracted,GECC,2023-03-02,GECC,2023-03-02
M3-Brigade Acquisition II Corp.,co_4f59438f5736,Warrants,Other,,,N/A,,,2021-03-04,,3.333,,-,*,4,,,,,dspy_extracted|principal_scaled_down_1000x,GECC,2023-03-02,GECC,2023-03-02
New Vista Acquisition Corp.,co_66b2d26ce1b6,Warrants,Other,,,N/A,,,2021-02-17,,166,,-,*,-,,,,,dspy_extracted,GECC,2023-03-02,GECC,2023-03-02
Northern Star Investment Corp.,co_8e0addec8eb1,Warrants,Financial Services,,,N/A,,,2021-01-26,,100,,-,*,-,,,,,dspy_extracted,GECC,2023-03-02,GECC,2023-03-02
Northern Star Investment Corp.,co_8e0addec8eb1,Warrants,Financial Services,,,N/A,,,2021-03-02,,66,,-,*,-,,,,,dspy_extracted,GECC,2023-03-02,GECC,2023-03-02
Pathfinder Acquisition Corp.,co_6d016efa6266,Warrants,Other,,,N/A,,,2021-02-17,,1,,-,*,1,,,,,dspy_extracted|principal_scaled_down_1000x,GECC,2023-03-02,GECC,2023-03-02
Pear Therapeutics Inc.,co_1a0ebca4b2bf,Warrants,Software & Technology,,,N/A,,,2021-02-02,,1.666,,-,*,2,,,,,dspy_extracted|principal_scaled_down_1000x,GECC,2023-03-02,GECC,2023-03-02
Peridot Acquisition Corp.,co_ca620ef39a41,Warrants,Other,,,N/A,,,2021-03-09,,2000,,-,*,3,,,,,dspy_extracted,GECC,2023-03-02,GECC,2023-03-02
Pivotal Investment Corp.,co_223ca541ed46,Warrants,Financial Services,,,N/A,,,2021-02-09,,100,,-,*,-,,,,,dspy_extracted,GECC,2023-03-02,GECC,2023-03-02
Planet Labs PBC,co_2487a46cc9c1,Warrants,Telecommunications,,,N/A,,,2021-03-05,,400,,-,*,-,,,,,dspy_extracted,GECC,2023-03-02,GECC,2023-03-02
Plum Acquisition Corp.,co_8c70846382ef,Warrants,Other,,,N/A,,,2021-03-16,,1.6,,-,*,2,,,,,dspy_extracted|principal_scaled_down_1000x,GECC,2023-03-02,GECC,2023-03-02
Polestar Automotive Holding UK PLC,co_f2813a6e31a5,Warrants,Automotive,,,N/A,,,2021-03-23,,2000,,2,*,5,,,,,cost_suspicious_vs_size|dspy_extracted|fair_value_suspicious_vs_size,GECC,2023-03-02,GECC,2023-03-02
RMG Acquisition Corp.,co_f03eb8692075,Warrants,Other,,,N/A,,,2021-02-05,,3333,,-,*,5,,,,,dspy_extracted,GECC,2023-03-02,GECC,2023-03-02
Ross Acquisition Corp.,co_66fb97d098ba,Warrants,Other,,,N/A,,,2021-03-12,,6.666,,-,*,7,,,,,dspy_extracted|principal_scaled_down_1000x,GECC,2023-03-02,GECC,2023-03-02
Rumble Inc.,co_6775417ca009,Warrants,Other,,,N/A,,,2021-05-10,,1250,,2,*,1,,,,,cost_suspicious_vs_size|dspy_extracted|fair_value_suspicious_vs_size,GECC,2023-03-02,GECC,2023-03-02
Sandbridge X2 Corp.,co_777a7b55088f,Warrants,Other,,,N/A,,,2021-03-10,,666,,-,*,1,,,,,dspy_extracted,GECC,2023-03-02,GECC,2023-03-02
ScION Tech Growth II 10 Queen St Place 2nd Floor London UK EC4R 1BE,co_183a18022a83,Warrants,Other,,,N/A,,,2021-02-10,,166,,-,*,-,,,,,dspy_extracted,GECC,2023-03-02,GECC,2023-03-02
Silver Spike Acquisition Corp.,co_208111256b48,Warrants,Other,,,N/A,,,2021-03-11,,5,,-,*,6,,,,,dspy_extracted|principal_scaled_down_1000x,GECC,2023-03-02,GECC,2023-03-02
Slam Corp.,co_7db67192984f,Warrants,Other,,,N/A,,,2021-04-26,,1250,,-,*,1,,,,,dspy_extracted,GECC,2023-03-02,GECC,2023-03-02
Sonder Holdings Inc.,co_aa26e82f8a4a,Warrants,Healthcare,,,N/A,,,2021-03-19,,500,,-,*,1,,,,,dspy_extracted,GECC,2023-03-02,GECC,2023-03-02
Supernova Partners Acquisition Company III Ltd.,co_207e45107dcf,Warrants,Other,,,N/A,,,2021-03-23,,,,-,*,,,,,,dspy_extracted,GECC,2023-03-02,GECC,2023-03-02
Sustainable Development Acquisition I Corp.,co_06d67bff0952,Warrants,Environmental Services,,,N/A,,,2021-02-05,,,,-,*,,,,,,dspy_extracted,GECC,2023-03-02,GECC,2023-03-02
Tailwind International Acquisition Corp.,co_a32ece37166f,Warrants,Other,,,N/A,,,2021-02-19,,,,-,*,,,,,,dspy_extracted,GECC,2023-03-02,GECC,2023-03-02
Tech and Energy Transition Corp.,co_ec522debe824,Warrants,Energy,,,N/A,,,2021-03-17,,,,-,*,,,,,,dspy_extracted,GECC,2023-03-02,GECC,2023-03-02
Terran Orbital Corp.,co_ff857f03a9a8,Warrants,Telecommunications,,,N/A,,,2021-02-19,,,,-,*,,,,,,dspy_extracted,GECC,2023-03-02,GECC,2023-03-02
TLG Acquisition One Corp.,co_e62cc4caa42c,Warrants,Other,,,N/A,,,2021-01-28,,,,-,*,,,,,,dspy_extracted,GECC,2023-03-02,GECC,2023-03-02
Tritium DCFC Ltd.,co_ee55480ab1df,Warrants,Automotive,,,N/A,,,2021-02-04,,,,2,*,,,,,,dspy_extracted,GECC,2023-03-02,GECC,2023-03-02
VPC Impact Acquisition Holdings II,co_deaaf7e7913a,Warrants,Other,,,N/A,,,2021-03-05,,,,-,*,,,,,,dspy_extracted,GECC,2023-03-02,GECC,2023-03-02
Warburg Pincus Capital Corp.,co_5944d3c0e2fe,Warrants,Other,,,N/A,,,2021-03-05,,,,-,*,,,,,,dspy_extracted,GECC,2023-03-02,GECC,2023-03-02
United States Treasury,co_a78bc95dd4a5,Other,Automotive,0.00 %,,Fixed,,,2022-12-30,2023-03-31,70000,,69785,,,,,,,dspy_extracted|principal_scaled_down_1000x,GECC,2023-03-02,GECC,2023-03-02
GS Financial Square Treasury Obligations Fund,co_6832b1ea0657,Other,Automotive,0.00 %,,Fixed,,,2022-06-30,,6341.888,,6342,,,,,,,dspy_extracted|principal_scaled_down_1000x,GECC,2023-03-02,GECC,2023-03-02
ABB/Con-Cise Optical Group LLC,co_29a51cd7e4e1,Other,Healthcare,6.00 %,,LIBOR,5.00 %,,2020-12-01,2023-06-15,2961,,2869,,2818,,,,,dspy_extracted,GECC,2023-03-02,GECC,2023-03-02
Altus Midstream LP,co_0947d2067e5a,Other,Energy,,,N/A,,,2021-11-24,,10571,,11970,1.60,11950,,,,,dspy_extracted,GECC,2023-03-02,GECC,2023-03-02
APTIM Corp.,co_df1226a1b6a9,Other,Industrials,7.75 %,,Fixed,,,2019-03-28,2025-06-15,3000,,2663,,2602,,,,,dspy_extracted,GECC,2023-03-02,GECC,2023-03-02
Avanti Communications Group PLC,co_d891d0b2ccc6,Other,Telecommunications,12.50 %,,Fixed,,,2021-02-16,2022-07-31,4410,,3622,,4410,,,,,dspy_extracted,GECC,2023-03-02,GECC,2023-03-02
Avanti Communications Group PLC,co_d891d0b2ccc6,Other,Telecommunications,12.50 %,,Fixed,,,2020-04-28,2022-07-31,1298,,649,,1298,,,,,dspy_extracted,GECC,2023-03-02,GECC,2023-03-02
Avanti Communications Group PLC,co_d891d0b2ccc6,Other,Telecommunications,12.50 %,,Fixed,,,2019-05-24,2022-07-31,10754,,3866,,10754,,,,,dspy_extracted,GECC,2023-03-02,GECC,2023-03-02
Avanti Communications Group PLC,co_d891d0b2ccc6,Other,Telecommunications,9.00 %,,Fixed,,,2016-11-03,2022-10-01,50643,,,,49370,,,,,dspy_extracted,GECC,2023-03-02,GECC,2023-03-02
Avanti Communications Group PLC,co_d891d0b2ccc6,Other,Telecommunications,,,N/A,,,2016-11-03,,196086410,,,9.06,50660,,,,,cost_suspicious_vs_size|dspy_extracted,GECC,2023-03-02,GECC,2023-03-02
California Pizza Kitchen Inc.,co_ca16bd5ac856,Other,Food & Beverage,,,N/A,,,2020-11-23,,100000,,4650,2.50,8817,,,,,dspy_extracted|fair_value_suspicious_vs_size,GECC,2023-03-02,GECC,2023-03-02
Cleaver-Brooks Inc.,co_d2935ab8f061,Other,Industrials,7.88 %,,Fixed,,,2021-05-05,2023-03-01,5000,,4888,,4975,,,,,dspy_extracted,GECC,2023-03-02,GECC,2023-03-02
Crestwood Equity Partners LP,co_a8574e013034,Other,Energy,,,N/A,,,2020-06-19,,925047,,9102,1.30,5533,,,,,cost_suspicious_vs_size|dspy_extracted|fair_value_suspicious_vs_size,GECC,2023-03-02,GECC,2023-03-02
ECL Entertainment LLC,co_27c703fce7ba,Other,Healthcare,8.25 %,,LIBOR,7.50 %,,2021-03-31,2028-04-30,2488,,2525,,2464,,,,,dspy_extracted,GECC,2023-03-02,GECC,2023-03-02
Finastra Group Holdings Ltd.,co_f0ff281e9b08,Other,Software & Technology,8.25 %,,LIBOR,7.25 %,,2017-12-14,2025-06-13,2000,,1994,,1957,,,,,dspy_extracted,GECC,2023-03-02,GECC,2023-03-02
"First Brands, Inc.",co_53cb28c1a725,Second Lien,Transportation & Logistics,9.50 %,,LIBOR,8.50 %,9.50 %,2021-03-24,2028-03-30,6000,5888,6030,,,,,,,dspy_extracted,GECC,2023-03-02,GECC,2023-03-02
GAC HoldCo Inc.,co_45485262f62f,First Lien,Energy,12.00 %,,Fixed,,,2021-07-27,2025-08-15,3250,3153,3510,,,,,,,dspy_extracted,GECC,2023-03-02,GECC,2023-03-02
GAC HoldCo Inc.,co_45485262f62f,Warrants,Energy,,,N/A,,,2021-10-18,,3250,-,609,0.26,,,,,,dspy_extracted,GECC,2023-03-02,GECC,2023-03-02
The GEO Group Inc.,co_688ccfcf1348,Unsecured Debt,Consumer & Retail,5.88 %,,Fixed,,,2021-03-09,2024-10-15,3000,2492,2640,,,,,,,dspy_extracted,GECC,2023-03-02,GECC,2023-03-02
Greenway Health LLC,co_0947055800e7,Revolver,Software & Technology,3.96 %,,LIBOR,3.75 %,3.96 %,2020-01-27,2023-11-17,-,( 73	),-,,,,,,,dspy_extracted,GECC,2023-03-02,GECC,2023-03-02
Greenway Health LLC,co_0947055800e7,Revolver,Software & Technology,0.50 %,,Fixed,,,2020-01-27,2022-02-17,8026,-,-,,,,,,,dspy_extracted,GECC,2023-03-02,GECC,2023-03-02
ITP Live Production Group,co_81e4c5074457,Other Debt,Other,18.21 %,,Fixed,,,2021-12-22,2026-05-22,1806,1832,1833,,,,,,,dspy_extracted,GECC,2023-03-02,GECC,2023-03-02
Lenders Funding LLC,co_b04626bd74e6,Subordinated Debt,Financial Services,11.00 %,,Fixed,,,2021-09-20,2026-09-20,10000,10000,10000,,,,,,,dspy_extracted,GECC,2023-03-02,GECC,2023-03-02
Lenders Funding LLC,co_b04626bd74e6,Revolver,Financial Services,4.50 %,,Prime,1.25 %,,2021-09-20,2026-09-20,1933,1933,1933,,,,,,,dspy_extracted,GECC,2023-03-02,GECC,2023-03-02
Lenders Funding LLC,co_b04626bd74e6,Revolver,Financial Services,0.25 %,,Fixed,,,2021-09-20,2026-09-20,3067,-,-,,,,,,,dspy_extracted,GECC,2023-03-02,GECC,2023-03-02
Lenders Funding LLC,co_b04626bd74e6,Common Equity,Financial Services,,,N/A,,,2021-09-20,,6287,7250,7309,62.87,,,,,,dspy_extracted,GECC,2023-03-02,GECC,2023-03-02
Levy/Stormer,co_b7f0df0b55e3,Other Debt,Financial Services,12.50 %,,Fixed,,,2021-05-13,2022-02-15,3500,3498,3500,,,,,,,dspy_extracted,GECC,2023-03-02,GECC,2023-03-02
Mad Engine Global LLC,co_82f34b67b45f,First Lien,Consumer & Retail,8.00 %,,LIBOR,7.00 %,8.00 %,2021-06-30,2027-06-30,2981,2910,2929,,,,,,,dspy_extracted,GECC,2023-03-02,GECC,2023-03-02
Martin Midstream Partners LP,co_49f757987bc7,Second Lien,Energy,11.50 %,,Fixed,,,2020-12-09,2025-02-28,3000,3089,3152,,,,,,,dspy_extracted,GECC,2023-03-02,GECC,2023-03-02
Maverick Gaming LLC,co_28f75db82886,First Lien,Media & Entertainment,8.50 %,,LIBOR,7.5 %,8.50 %,2021-11-16,2026-08-19,2743,2764,2766,,2764,,,,,dspy_extracted,GECC,2023-03-02,GECC,2023-03-02
Monitronics International Inc.,co_b5ab9dc920ff,First Lien,Business Services,7.75 %,,LIBOR,6.50 %,7.75,2021-06-24,2024-03-29,5962,5823,5590,,5823,,,,,dspy_extracted,GECC,2023-03-02,GECC,2023-03-02
Natural Resource Partners LP,co_1891dcc5af3f,Unsecured Debt,Chemicals & Materials,9.13 %,,Fixed,,,2020-06-12,2025-06-30,7462,6900,7574,,6900,,,,,dspy_extracted,GECC,2023-03-02,GECC,2023-03-02
Perforce Software Inc.,co_8736d4f129ac,Revolver,Software & Technology,4.40 %,,LIBOR,4.25 %,4.25 %,2020-01-24,2024-07-01,-,,-,,( 361	),,,,,dspy_extracted,GECC,2023-03-02,GECC,2023-03-02
PFS Holdings Corp.,co_53aae39dd10e,Common Equity,Food & Beverage,,,N/A,,,2020-11-13,,5231,12378,1802,5.23,5231,,,,,dspy_extracted,GECC,2023-03-02,GECC,2023-03-02
PIRS Capital LLC,co_a419103f68d5,Other,Financial Services,9.75 %,,Prime,6.50 %,,2021-11-22,2022-11-22,2000,2000,2000,,2000,,,,,dspy_extracted,GECC,2023-03-02,GECC,2023-03-02
Prestige Capital Finance LLC,co_b7c0720d83ea,Subordinated Debt,Financial Services,11.00 %,,Fixed,,,2021-06-15,2023-06-15,6000,6000,6000,,6000,,,,,dspy_extracted,GECC,2023-03-02,GECC,2023-03-02
Quad/Graphics Inc.,co_f82c4c9573bb,Unsecured Debt,Other,7.00 %,,Fixed,,,2021-03-31,2022-05-01,2000,1987,2025,,1987,,,,,dspy_extracted,GECC,2023-03-02,GECC,2023-03-02
Research Now Group Inc.,co_f56b9233964e,Revolver,Media & Entertainment,4.66 %,,LIBOR,4.50 %,4.84 %,2019-01-29,2022-12-20,-,,-,,( 212	),,,,,dspy_extracted,GECC,2023-03-02,GECC,2023-03-02
Research Now Group Inc.,co_f56b9233964e,Revolver,Media & Entertainment,0.50 %,,Fixed,,,2019-01-29,2022-12-20,10000,,( 130	),,-,,,,,dspy_extracted,GECC,2023-03-02,GECC,2023-03-02
Research Now Group Inc.,co_f56b9233964e,Second Lien,Media & Entertainment,10.50 %,,LIBOR,9.50 %,10.50 %,2019-05-20,2025-12-20,12000,11965,12000,,11965,,,,,dspy_extracted,GECC,2023-03-02,GECC,2023-03-02
Sprout Holdings LLC,co_f78963f249ba,Other,Financial Services,11.50 %,,Fixed,,,2021-06-23,2022-06-23,2000,2000,2000,,2000,,,,,dspy_extracted,GECC,2023-03-02,GECC,2023-03-02
Summit Midstream Holdings LLC,co_b0d60a3065a3,Second Lien,Energy,8.50 %,,Fixed,,,2021-10-19,2026-10-15,1000,985,1042,,985,,,,,dspy_extracted,GECC,2023-03-02,GECC,2023-03-02
Summit Midstream Partners LP,co_e80c9ff22f18,Preferred Equity,Energy,,,N/A,,,2021-06-03,,1500000,1067,1103,1.05,1067,,,,,cost_suspicious_vs_size|dspy_extracted|fair_value_suspicious_vs_size,GECC,2023-03-02,GECC,2023-03-02
Tensar Corp.,co_5c981d7d5153,Second Lien,Industrials,13.00 %,,LIBOR,12.00 %,13.00 %,2020-11-20,2026-02-20,10000,,10461,,9710,,,,,dspy_extracted,GECC,2023-03-02,GECC,2023-03-02
TRU (UK) Asia Limited Cannon Place 78 Cannon Street London EC4N 6AF,co_1b9496258963,Common Equity,Consumer & Retail,,,N/A,,,2017-07-21,,576954,,4046,1.63,19344,,,,,cost_suspicious_vs_size|dspy_extracted|fair_value_suspicious_vs_size,GECC,2023-03-02,GECC,2023-03-02
TRU (UK) Asia Limited Liquidating Trust Cannon Place 78 Cannon Street London EC4N 6AF,co_1b9496258963,Common Equity,Consumer & Retail,,,N/A,,,2017-07-21,,16000,,221,2.75,900,,,,,dspy_extracted|fair_value_suspicious_vs_size,GECC,2023-03-02,GECC,2023-03-02
Universal Fiber Systems,co_17de53ba34fb,Other Debt,Chemicals & Materials,13.90 %,,Fixed,,,2021-09-30,2026-09-29,1549,,1516,,1505,,,,,dspy_extracted,GECC,2023-03-02,GECC,2023-03-02
Universal Fiber Systems,co_17de53ba34fb,Warrants,Chemicals & Materials,,,N/A,,,2021-09-30,,1759,,320,1.50,-,,,,,dspy_extracted,GECC,2023-03-02,GECC,2023-03-02
Viasat Inc.,co_263bb8f6b702,Other,Telecommunications,,,N/A,,,2021-10-25,2022-03-15,402,,363,,361,,,,,dspy_extracted,GECC,2023-03-02,GECC,2023-03-02
Viasat Inc.,co_263bb8f6b702,Other,Telecommunications,,,N/A,,,2021-10-25,2022-06-15,402,,350,,348,,,,,dspy_extracted,GECC,2023-03-02,GECC,2023-03-02
Viasat Inc.,co_263bb8f6b702,Other,Telecommunications,,,N/A,,,2021-10-25,2022-09-15,402,,344,,342,,,,,dspy_extracted,GECC,2023-03-02,GECC,2023-03-02
Wynden Stark LLC,co_45232bbf1864,Other,Financial Services,11.00 %,,Fixed,,,2021-03-15,2022-03-15,1534,,1534,,1534,,,,,dspy_extracted,GECC,2023-03-02,GECC,2023-03-02
Wynden Stark LLC,co_45232bbf1864,Other,Financial Services,,,N/A,,,2021-03-15,2022-03-15,6466,,-,,-,,6466,,,dspy_extracted,GECC,2023-03-02,GECC,2023-03-02
Ares Acquisition Corp.,co_f56fc41eb073,Common Equity,Financial Services,,,N/A,,,2021-02-02,,74800,,729,0.07,734,,,,,cost_suspicious_vs_size|dspy_extracted|fair_value_suspicious_vs_size,GECC,2023-03-02,GECC,2023-03-02
Ares Acquisition Corp.,co_f56fc41eb073,Warrants,Financial Services,,,N/A,,,2021-02-02,,20,,18,0.10,18,,,,,dspy_extracted|principal_scaled_down_1000x,GECC,2023-03-02,GECC,2023-03-02
Austerlitz Acquisition Corp.,co_504d4165b694,Warrants,Financial Services,,,N/A,,,2021-02-26,,12.5,,13,0.07,12,,,,,dspy_extracted|principal_scaled_down_1000x,GECC,2023-03-02,GECC,2023-03-02
BigBear.ai,co_7370b8c4abe8,Warrants,Software & Technology,,,N/A,,,2021-02-09,,8.333,,7,0.07,6,,,,,dspy_extracted|principal_scaled_down_1000x,GECC,2023-03-02,GECC,2023-03-02
Ginko Bioworks Holdings Inc.,co_0443451fc1a1,Warrants,Healthcare,,,N/A,,,2021-02-24,,5000,,11,0.01,13,,,,,cost_suspicious_vs_size|dspy_extracted|fair_value_suspicious_vs_size,GECC,2023-03-02,GECC,2023-03-02
Jaws Mustang Acquisition Corp.,co_a092dc59faa2,Warrants,Special Purpose Acquisition Company,,,N/A,,,2021-02-02,,6.25,,6,0.02,7,,,,,dspy_extracted|principal_scaled_down_1000x,GECC,2023-03-02,GECC,2023-03-02
Oyster Enterprises Acquisition Corp.,co_ad28fa2f0f37,Common Equity,Special Purpose Acquisition Company,,,N/A,,,2021-01-20,,24790,,242,0.11,241,,,,,cost_suspicious_vs_size|dspy_extracted|fair_value_suspicious_vs_size,GECC,2023-03-02,GECC,2023-03-02
Oyster Enterprises Acquisition Corp.,co_ad28fa2f0f37,Warrants,Special Purpose Acquisition Company,,,N/A,,,2021-01-20,,12500,,6,0.07,7,,,,,cost_suspicious_vs_size|dspy_extracted|fair_value_suspicious_vs_size,GECC,2023-03-02,GECC,2023-03-02
Spartan Acquisition Corp.,co_42504b0ccfeb,Warrants,Special Purpose Acquisition Company,,,N/A,,,2021-02-09,,10000,,14,0.07,11,,,,,cost_suspicious_vs_size|dspy_extracted|fair_value_suspicious_vs_size,GECC,2023-03-02,GECC,2023-03-02
VPC Impact Acquisition Holdings II,co_deaaf7e7913a,Common Equity,Special Purpose Acquisition Company,,,N/A,,,2021-03-05,,13454,,132,0.05,132,,,,,cost_suspicious_vs_size|dspy_extracted|fair_value_suspicious_vs_size,GECC,2023-03-02,GECC,2023-03-02
VPC Impact Acquisition Holdings II,co_deaaf7e7913a,Warrants,Special Purpose Acquisition Company,,,N/A,,,2021-03-05,,10,,10,0.16,7,,,,,dspy_extracted|principal_scaled_down_1000x,GECC,2023-03-02,GECC,2023-03-02
VPC Impact Acquisition Holdings III,co_deaaf7e7913a,Warrants,Special Purpose Acquisition Company,,,N/A,,,2021-03-05,,10,,11,0.16,7,,,,,dspy_extracted|principal_scaled_down_1000x,GECC,2023-03-02,GECC,2023-03-02
Miscellaneous,co_bd21059c22fa,Other Equity,Special Purpose Acquisition Company,,,N/A,,,,,335621,,1851,,1879,,,,,cost_suspicious_vs_size|dspy_extracted|fair_value_suspicious_vs_size,GECC,2023-03-02,GECC,2023-03-02
ANGUS Chemical Company,co_4b681bb45ba5,Second Lien,Chemicals & Materials,12.59 %,,LIBOR,7.75 %,8.50 %,2022-09-21,2028-11-24,1625,,1543,,1506,,,,,dspy_extracted,GECC,2023-05-04,GECC,2023-05-04
APTIM Corp.,co_df1226a1b6a9,First Lien,Industrials,7.75 %,,Fixed,,,2019-03-28,2025-06-15,5000,,3500,,4200,,,,,dspy_extracted,GECC,2023-05-04,GECC,2023-05-04
Avanti Space Limited Cobham House 20 Black Friars Lane London UK EC4V 6EB,co_71ea9801dfbd,Other Debt,Telecommunications,12.50 %,,Fixed,,,2022-04-13,2024-04-13,1333,,,,1138,,,,,dspy_extracted,GECC,2023-05-04,GECC,2023-05-04
Avanti Space Limited Cobham House 20 Black Friars Lane London UK EC4V 6EB,co_71ea9801dfbd,Other Debt,Telecommunications,12.50 %,,Fixed,,,2022-04-13,2024-04-13,5282,,,,4552,,,,,dspy_extracted,GECC,2023-05-04,GECC,2023-05-04
Avanti Space Limited Cobham House 20 Black Friars Lane London UK EC4V 6EB,co_71ea9801dfbd,Other Debt,Telecommunications,12.50 %,,Fixed,,,2022-04-13,2024-10-13,1554,,,,1339,,,,,dspy_extracted,GECC,2023-05-04,GECC,2023-05-04
Avanti Space Limited Cobham House 20 Black Friars Lane London UK EC4V 6EB,co_71ea9801dfbd,Common Equity,Telecommunications,,,N/A,,,2022-04-13,,1722,,,1.39,,,,,,dspy_extracted,GECC,2023-05-04,GECC,2023-05-04
Avation Capital SA 65 Kampong Bahru Road #01-01 Singapore 169370,co_7bff369f0ac8,Second Lien,Aerospace & Defense,6.50 %,2.50 %,Fixed,9.00 %,,2022-02-04,2026-10-31,4556,,3939,,4025,,,,,dspy_extracted,GECC,2023-05-04,GECC,2023-05-04
Blackstone Secured Lending,co_32e454a9dde3,Common Equity,Automotive,,,N/A,,,2022-08-18,,190000,,4737,,4405,,,,,cost_suspicious_vs_size|dspy_extracted|fair_value_suspicious_vs_size,GECC,2023-05-04,GECC,2023-05-04
Blue Ribbon LLC,co_c4f2f6705335,First Lien,Food & Beverage,10.66 %,,LIBOR,6.00 %,6.75 %,2023-02-06,2028-05-08,1973,,1450,,1516,,,,,dspy_extracted,GECC,2023-05-04,GECC,2023-05-04
Eagle Point Credit Company Inc.,co_7a912e541242,Common Equity,Automotive,,,N/A,,,2022-08-18,,133844,,1495,,1509,,,,,cost_suspicious_vs_size|dspy_extracted|fair_value_suspicious_vs_size,GECC,2023-05-04,GECC,2023-05-04
ECL Entertainment LLC,co_27c703fce7ba,First Lien,Media & Entertainment,12.42 %,,LIBOR,7.50 %,8.25 %,2021-03-31,2028-04-30,4671,,4627,,4637,,,,,dspy_extracted,GECC,2023-05-04,GECC,2023-05-04
Enservco / Heat Waves,co_bbb5a4db78ed,Other Debt,Energy,29.44 %,,Fixed,,,2022-03-24,2026-06-24,1786,,1965,,1808,,,,,dspy_extracted,GECC,2023-05-04,GECC,2023-05-04
Equitrans Midstream Corp.,co_af8dbda86071,Preferred Equity,Energy,9.75 %,,Fixed,,,2021-07-01,,250000,,5068,,5275,,,,,cost_suspicious_vs_size|dspy_extracted|fair_value_suspicious_vs_size,GECC,2023-05-04,GECC,2023-05-04
First Brands Inc.,co_53cb28c1a725,Second Lien,Automotive,13.60 %,,LIBOR,8.50 %,9.50 %,2021-03-24,2028-03-30,12545,,11060,,12177,,,,,dspy_extracted,GECC,2023-05-04,GECC,2023-05-04
Flexsys Holdings,co_fdf6c33899b5,First Lien,Chemicals & Materials,10.17 %,,SOFR,5.25 %,6.00 %,2022-11-04,2028-11-01,4975,,4481,,3958,,,,,dspy_extracted,GECC,2023-05-04,GECC,2023-05-04
Florida Marine LLC,co_04b02011caf9,First Lien,Transportation & Logistics,14.88 %,,SOFR,10.02 %,12.02 %,2023-03-17,2028-03-17,5000,,4859,,4860,,,,,dspy_extracted,GECC,2023-05-04,GECC,2023-05-04
Foresight Energy,co_780e4635a312,First Lien,Chemicals & Materials,13.16 %,,LIBOR,8.00 %,9.50 %,2021-07-29,2027-06-30,6027,6061,6027,,6061,,,,,dspy_extracted,GECC,2023-05-04,GECC,2023-05-04
FTAI Infrastructure Inc.,co_c4fc3be390dd,First Lien,Industrials,10.50 %,,Fixed,,,2022-06-29,2027-06-01,2000,1904,1976,,1904,,,,,dspy_extracted,GECC,2023-05-04,GECC,2023-05-04
GAC HoldCo Inc.,co_45485262f62f,First Lien,Energy,12.00 %,,Fixed,,,2021-07-27,2025-08-15,6850,7152,7261,,7152,,,,,dspy_extracted,GECC,2023-05-04,GECC,2023-05-04
Great Elm Healthcare Finance LLC,co_67aa07b1d0be,Subordinated Debt,Financial Services,12.00 %,,Fixed,,,2022-11-17,2027-11-09,4375,4375,4375,,4375,,,,,dspy_extracted,GECC,2023-05-04,GECC,2023-05-04
Great Elm Healthcare Finance LLC,co_67aa07b1d0be,Common Equity,Financial Services,,,N/A,,,2022-11-17,,,4375,4375,87.50,4375,,,,,dspy_extracted,GECC,2023-05-04,GECC,2023-05-04
Greenway Health LLC,co_0947055800e7,Revolver,Software & Technology,8.91 %,,LIBOR,3.75 %,3.75 %,2020-01-27,2023-11-17,,( 25	),-,,( 25	),,,,,dspy_extracted,GECC,2023-05-04,GECC,2023-05-04
Greenway Health LLC,co_0947055800e7,Revolver,Software & Technology,0.50 %,,N/A,,,2020-01-27,2023-11-17,8026,-,-,,-,,,,,dspy_extracted,GECC,2023-05-04,GECC,2023-05-04
Harvey Gulf Holdings LLC,co_673a6df69bc1,Other Debt,Transportation & Logistics,9.94 %,,SOFR,5.00 %,6.00 %,2022-08-10,2027-08-10,441,434,436,,434,,,,,dspy_extracted,GECC,2023-05-04,GECC,2023-05-04
Harvey Gulf Holdings LLC,co_673a6df69bc1,Other Debt,Transportation & Logistics,14.98 %,,SOFR,10.04 %,11.04 %,2022-08-10,2027-08-10,6730,6549,6747,,6549,,,,,dspy_extracted,GECC,2023-05-04,GECC,2023-05-04
ITP Live Production Group,co_81e4c5074457,Other Debt,Financial Services,25.61 %,,Fixed,,,2021-12-22,2026-05-22,1456,1473,1595,,1473,,,,,dspy_extracted,GECC,2023-05-04,GECC,2023-05-04
Lenders Funding LLC,co_b04626bd74e6,Subordinated Debt,Financial Services,8.44 %,,Fixed,,,2021-09-20,2026-09-20,9549,9549,9549,,9549,,,,,dspy_extracted,GECC,2023-05-04,GECC,2023-05-04
Lenders Funding LLC,co_b04626bd74e6,Revolver,Financial Services,9.25 %,,Prime,1.25 %,1.25 %,2021-09-20,2023-09-20,446,446,446,,446,,,,,dspy_extracted,GECC,2023-05-04,GECC,2023-05-04
Lenders Funding LLC,co_b04626bd74e6,Revolver,Financial Services,,,N/A,,,2021-09-20,2023-09-20,4554,-,-,,-,,,,,dspy_extracted,GECC,2023-05-04,GECC,2023-05-04
Lenders Funding LLC,co_b04626bd74e6,Common Equity,Financial Services,,,N/A,,,2021-09-20,,,7250,1968,56.13,7250,,,,,dspy_extracted,GECC,2023-05-04,GECC,2023-05-04
Lummus Technology Holdings,co_f48e428ebed1,Unsecured Debt,Chemicals & Materials,9.00 %,,Fixed,,,2022-05-17,2028-07-01,4150,3568,3679,,3568,,,,,dspy_extracted,GECC,2023-05-04,GECC,2023-05-04
Mad Engine Global LLC,co_82f34b67b45f,First Lien,Consumer & Retail,12.16 %,,LIBOR,7.00 %,8.00 %,2021-06-30,2027-07-15,2888,2831,2168,,2831,,,,,dspy_extracted,GECC,2023-05-04,GECC,2023-05-04
Martin Midstream Partners LP,co_49f757987bc7,Second Lien,Energy,11.50 %,,Fixed,,,2023-01-31,2028-02-15,2000,1941,1915,,1941,,,,,dspy_extracted,GECC,2023-05-04,GECC,2023-05-04
Maverick Gaming LLC,co_28f75db82886,Other,Media & Entertainment,12.45 %,,,,,2021-11-16,2026-09-03,5902,,3974,,5755,,,,,dspy_extracted,GECC,2023-05-04,GECC,2023-05-04
Newfold Digital Inc.,co_e720db785129,Other,Media & Entertainment,6.00 %,,,,,2022-06-28,2029-02-15,2000,,1351,,1522,,,,,dspy_extracted,GECC,2023-05-04,GECC,2023-05-04
NICE-PAK Products Inc.,co_ac77d9d1a179,Other,Consumer & Retail,10.66 %,8.00 %,,,,2022-09-30,2027-09-30,8847,,7950,,8594,,,,,dspy_extracted,GECC,2023-05-04,GECC,2023-05-04
NICE-PAK Products Inc.,co_ac77d9d1a179,Other,Consumer & Retail,,,,,,2022-09-30,2029-09-30,1449,,537,,,,,,,dspy_extracted,GECC,2023-05-04,GECC,2023-05-04
NuStar Energy LP,co_633ccb4f3aa1,Other,Energy,11.50 %,,,,,2022-12-22,,2500,,58,,55,,,,,cost_suspicious_vs_size|dspy_extracted|fair_value_suspicious_vs_size,GECC,2023-05-04,GECC,2023-05-04
NuStar Energy LP,co_633ccb4f3aa1,Other,Energy,11.62 %,,,,,2022-12-12,,7500,,213,,166,,,,,cost_suspicious_vs_size|dspy_extracted|fair_value_suspicious_vs_size,GECC,2023-05-04,GECC,2023-05-04
Par Petroleum LLC,co_fea0fd26645c,Other,Energy,9.24 %,,,,,2023-02-14,2030-02-28,4000,,3920,,3940,,,,,dspy_extracted,GECC,2023-05-04,GECC,2023-05-04
Perforce Software Inc.,co_8736d4f129ac,Other,Software & Technology,0.50 %,,,,,2020-01-24,2024-07-01,4375,,( 313	),,,,4375,,,dspy_extracted,GECC,2023-05-04,GECC,2023-05-04
PFS Holdings Corp.,co_53aae39dd10e,Other,Food & Beverage,11.78 %,,,,,2020-11-13,2024-11-13,1052,,921,,1052,,,,,dspy_extracted,GECC,2023-05-04,GECC,2023-05-04
PFS Holdings Corp.,co_53aae39dd10e,Other,Food & Beverage,,,,,,2020-11-13,,5238,,543,,12378,,,,,dspy_extracted,GECC,2023-05-04,GECC,2023-05-04
PIRS Capital LLC,co_a419103f68d5,Other,Financial Services,14.50 %,,,,,2021-11-22,2024-12-31,2000,,1995,,2000,,,,,dspy_extracted,GECC,2023-05-04,GECC,2023-05-04
Prestige Capital Finance LLC,co_b7c0720d83ea,Other,Financial Services,11.00 %,,,,,2021-06-15,2023-06-15,5000,,3000,,3000,,,,,dspy_extracted,GECC,2023-05-04,GECC,2023-05-04
Prestige Capital Finance LLC,co_b7c0720d83ea,Other,Financial Services,,,,,,2019-02-08,,100,,12407,,7786,,,,,dspy_extracted,GECC,2023-05-04,GECC,2023-05-04
ProFrac Holdings II LLC,co_b0bc18c68ff8,Other,Energy,12.41 %,,,,,2023-02-01,2025-03-04,9875,,9764,,9691,,,,,dspy_extracted,GECC,2023-05-04,GECC,2023-05-04
Research Now Group Inc.,co_f56b9233964e,Other,Media & Entertainment,9.66 %,,,,,2019-01-29,2024-06-14,5974,,5583,,5969,,,,,dspy_extracted,GECC,2023-05-04,GECC,2023-05-04
Research Now Group Inc.,co_f56b9233964e,Revolver,Media & Entertainment,0.50 %,,,,,2019-01-29,2024-06-14,4026,,( 264	),,,,,,,dspy_extracted,GECC,2023-05-04,GECC,2023-05-04
Research Now Group Inc.,co_f56b9233964e,Second Lien,Media & Entertainment,14.31 %,,LIBOR,9.50 %,10.50 %,2019-05-20,2025-12-20,8000,7969,5545,,,,,,,dspy_extracted,GECC,2023-05-04,GECC,2023-05-04
Ruby Tuesday Operations LLC,co_1f7d49afa371,First Lien,Food & Beverage,16.73 %,6.00 %,SOFR,12.00 %,13.25 %,2021-02-24,2025-02-24,2244,2244,2164,,,,,,,dspy_extracted,GECC,2023-05-04,GECC,2023-05-04
Ruby Tuesday Operations LLC,co_1f7d49afa371,First Lien,Food & Beverage,20.73 %,,SOFR,16.00 %,17.25 %,2023-01-31,2025-02-24,508,508,508,,,,,,,dspy_extracted,GECC,2023-05-04,GECC,2023-05-04
Ruby Tuesday Operations LLC,co_1f7d49afa371,Warrants,Food & Beverage,,,N/A,,,2021-02-24,,,,775,2.81,,,,,,dspy_extracted,GECC,2023-05-04,GECC,2023-05-04
SCIH Salt Holdings Inc.,co_b369f6da5ffe,Unsecured Debt,Food & Beverage,6.63 %,,Fixed,,,2022-06-24,2029-05-01,2000,1655,1655,,,,,,,dspy_extracted,GECC,2023-05-04,GECC,2023-05-04
Sterling Commercial Credit LLC,co_4d26d622e6f0,Subordinated Debt,Financial Services,11.00 %,,Fixed,,,2022-02-03,2025-05-03,10152,8652,8652,,,,,,,dspy_extracted,GECC,2023-05-04,GECC,2023-05-04
Sterling Commercial Credit LLC,co_4d26d622e6f0,Common Equity,Financial Services,,,N/A,,,2022-02-03,,3280000,,6262,80.00,7843,,,,,cost_suspicious_vs_size|dspy_extracted|fair_value_suspicious_vs_size,GECC,2023-05-04,GECC,2023-05-04
Stone Ridge Opportunities Fund LP.,co_df6461654829,Partnership Interest,Insurance,,,N/A,,,2022-12-15,,3000,,3216,,3000,,,,,dspy_extracted|principal_scaled_down_1000x,GECC,2023-05-04,GECC,2023-05-04
Summit Midstream Holdings LLC,co_b0d60a3065a3,Unsecured Debt,Energy,5.75 %,,Fixed,,,2022-08-10,2025-04-15,1386,1199,1154,,,,,,,dspy_extracted,GECC,2023-05-04,GECC,2023-05-04
Summit Midstream Holdings LLC,co_b0d60a3065a3,Second Lien,Energy,8.50 %,,Fixed,,,2021-10-19,2026-10-15,4000,3822,3840,,,,,,,dspy_extracted,GECC,2023-05-04,GECC,2023-05-04
Target Hospitality Corp.,co_e6037c23edc2,Other Debt,Healthcare,9.50 %,,Fixed,,,2021-05-13,2024-03-15,3128,3114,3128,,,,,,,dspy_extracted,GECC,2023-05-04,GECC,2023-05-04
Traeger Inc.,co_5a3e5dc9a36d,First Lien,Consumer & Retail,8.08 %,,LIBOR,3.25 %,4.00 %,2023-03-30,2028-06-29,3241,2564,2555,,,,,,,dspy_extracted,GECC,2023-05-04,GECC,2023-05-04
TRU Taj Trust,co_e9f013e18a36,Common Equity,Consumer & Retail,,,N/A,,,2017-07-21,,16000,,44,,611,,,,,cost_suspicious_vs_size|dspy_extracted|fair_value_suspicious_vs_size,GECC,2023-05-04,GECC,2023-05-04
United Insurance Holdings Corp.,co_380e913eb9a7,Unsecured Debt,Insurance,7.25 %,,Fixed,,,2022-12-20,2027-12-15,17500,8456,11375,,,,,,,dspy_extracted,GECC,2023-05-04,GECC,2023-05-04
Universal Fiber Systems,co_17de53ba34fb,Other Debt,Chemicals & Materials,18.28 %,9.00 %,LIBOR,13.12 %,14.12 %,2021-09-30,2026-09-29,7321,7229,7393,,,,,,,dspy_extracted,GECC,2023-05-04,GECC,2023-05-04
Universal Fiber Systems,co_17de53ba34fb,Other Debt,Chemicals & Materials,18.28 %,9.00 %,LIBOR,13.12 %,14.12 %,2021-09-30,2026-09-29,2823,2777,2644,,,,,,,dspy_extracted,GECC,2023-05-04,GECC,2023-05-04
Universal Fiber Systems,co_17de53ba34fb,Warrants,Chemicals & Materials,,,N/A,,,2021-09-30,,3383,,1682,1.50,,,,,,dspy_extracted,GECC,2023-05-04,GECC,2023-05-04
Vantage Specialty Chemicals Inc.,co_7a3d59fdd9e8,First Lien,Chemicals & Materials,9.60 %,,SOFR,4.75 %,5.25 %,2023-03-03,2026-10-26,4988,4840,4782,,,,,,,dspy_extracted,GECC,2023-05-04,GECC,2023-05-04
Vector Group Ltd.,co_d39e7e91a2fa,Unsecured Debt,Food & Beverage,10.50 %,,Fixed,,,2022-07-08,2026-11-01,750,716,761,,,,,,,dspy_extracted,GECC,2023-05-04,GECC,2023-05-04
W&T Offshore Inc.,co_2f9481e6cc6e,Second Lien,Energy,11.75 %,,Fixed,,,2023-01-12,2026-02-01,6000,6000,5878,,6000,,,,,dspy_extracted,GECC,2023-05-04,GECC,2023-05-04
AdTheorent Holding Company Inc.,co_bd39b8d9f303,Warrants,Media & Entertainment,,,N/A,,,2021-02-26,,4166,,1,,3,,,,,cost_suspicious_vs_size|dspy_extracted|fair_value_suspicious_vs_size,GECC,2023-05-04,GECC,2023-05-04
Allego N.V. Industriepark Kleefse Waard Westervoortsedijk 73 KB,co_e22b01cab191,Warrants,Transportation & Logistics,,,N/A,,,2021-03-17,,8,,2,,9,,,,,dspy_extracted|principal_scaled_down_1000x,GECC,2023-05-04,GECC,2023-05-04
Apollo Strategic Growth Capital II 9 West 57th Street 43rd Floor New York NY 10019,co_c629d42164ad,Warrants,Automotive,,,N/A,,,2021-02-10,,500,,-,,1,,,,,dspy_extracted,GECC,2023-05-04,GECC,2023-05-04
Ares Acquisition Corp.,co_f56fc41eb073,Warrants,Automotive,,,N/A,,,2021-02-02,,20,,18,,18,,,,,dspy_extracted|principal_scaled_down_1000x,GECC,2023-05-04,GECC,2023-05-04
BigBear.ai Holdings Inc.,co_fe39c39ed123,Warrants,Business Services,,,N/A,,,2021-02-09,,8333,,2,,6,,,,,cost_suspicious_vs_size|dspy_extracted|fair_value_suspicious_vs_size,GECC,2023-05-04,GECC,2023-05-04
Biote Corp.,co_ec4f005dfc3d,Warrants,Healthcare,,,N/A,,,2021-03-02,,400,,-,,-,,,,,dspy_extracted,GECC,2023-05-04,GECC,2023-05-04
Cartesian Growth Corp.,co_8ff952abd4ad,Warrants,Automotive,,,N/A,,,2021-02-24,,1.666,,2,,1,,,,,dspy_extracted|principal_scaled_down_1000x,GECC,2023-05-04,GECC,2023-05-04
Catcha Investment Corp.,co_cd901cbb87bd,Warrants,Automotive,,,N/A,,,2021-02-12,,166,,-,,-,,,,,dspy_extracted,GECC,2023-05-04,GECC,2023-05-04
CC Neuberger Principal Holdings III,co_22089e8fdc6d,Warrants,Automotive,,,N/A,,,2021-02-03,,500,,-,,1,,,,,dspy_extracted,GECC,2023-05-04,GECC,2023-05-04
CF Acquisition Corp.,co_af2661c78968,Warrants,Automotive,,,N/A,,,2021-03-12,,1,,-,,1,,,,,dspy_extracted|principal_scaled_down_1000x,GECC,2023-05-04,GECC,2023-05-04
Compute Health Acquisition Corp.,co_5f48b372b3b1,Warrants,Automotive,,,N/A,,,2021-02-05,,125,,-,,-,,,,,dspy_extracted,GECC,2023-05-04,GECC,2023-05-04
Core Scientific Inc.,co_3a1f25366961,Warrants,Software & Technology,,,N/A,,,2021-02-10,,1250,,-,,2,,,,,dspy_extracted,GECC,2023-05-04,GECC,2023-05-04
Dave Inc.,co_bbc09a7ad948,Warrants,Financial Services,,,N/A,,,2021-03-05,,10000,,-,,7,,,,,dspy_extracted,GECC,2023-05-04,GECC,2023-05-04
Digital Transformation Opportunities Corp.,co_1b32734d29bc,Warrants,Special Purpose Acquisition Company,,,N/A,,,2021-03-10,,2500,,-,*,2,,,,,dspy_extracted,GECC,2023-05-04,GECC,2023-05-04
FAST Acquisition Corp.,co_5fcc2c285f80,Warrants,Special Purpose Acquisition Company,,,N/A,,,2021-03-16,,5000,,2,*,7,,,,,cost_suspicious_vs_size|dspy_extracted|fair_value_suspicious_vs_size,GECC,2023-05-04,GECC,2023-05-04
Fathom Digital Manufacturing Corp.,co_cc784a241358,Warrants,Industrials,,,N/A,,,2021-02-05,,125,,-,*,-,,,,,dspy_extracted,GECC,2023-05-04,GECC,2023-05-04
FinServ Acquisition Corp.,co_734c17e5a503,Warrants,Special Purpose Acquisition Company,,,N/A,,,2021-02-18,,125,,-,*,-,,,,,dspy_extracted,GECC,2023-05-04,GECC,2023-05-04
Forest Road Acquisition Corp.,co_92ec352d7bf1,Warrants,Special Purpose Acquisition Company,,,N/A,,,2021-03-10,,80,,-,*,-,,,,,dspy_extracted,GECC,2023-05-04,GECC,2023-05-04
Forum Merger IV Corp.,co_38e074cad0f2,Warrants,Special Purpose Acquisition Company,,,N/A,,,2021-03-18,,5000,,1,*,9,,,,,cost_suspicious_vs_size|dspy_extracted|fair_value_suspicious_vs_size,GECC,2023-05-04,GECC,2023-05-04
Freedom Acquisition I Corp.,co_29702acfa17a,Warrants,Special Purpose Acquisition Company,,,N/A,,,2021-02-26,,625,,-,*,1,,,,,dspy_extracted,GECC,2023-05-04,GECC,2023-05-04
Fusion Acquisition Corp.,co_a39b406d3a5f,Warrants,Special Purpose Acquisition Company,,,N/A,,,2021-02-26,,1666,,-,*,1,,,,,dspy_extracted,GECC,2023-05-04,GECC,2023-05-04
Ginko Bioworks Holdings Inc.,co_0443451fc1a1,Warrants,Healthcare,,,N/A,,,2021-02-24,,5000,,1,*,13,,,,,cost_suspicious_vs_size|dspy_extracted|fair_value_suspicious_vs_size,GECC,2023-05-04,GECC,2023-05-04
Grove Collaborative Holdings Inc.,co_3fcd91bd9360,Warrants,Consumer & Retail,,,N/A,,,2021-03-23,,5000,,-,*,7,,,,,dspy_extracted,GECC,2023-05-04,GECC,2023-05-04
Iris Acquisition Corp.,co_60351c9c2939,Warrants,Special Purpose Acquisition Company,,,N/A,,,2021-03-05,,500,,-,*,1,,,,,dspy_extracted,GECC,2023-05-04,GECC,2023-05-04
Jaws Mustang Acquisition Corp.,co_a092dc59faa2,Warrants,Special Purpose Acquisition Company,,,N/A,,,2021-02-02,,6.25,,1,*,7,,,,,dspy_extracted|principal_scaled_down_1000x,GECC,2023-05-04,GECC,2023-05-04
Kismet Acquisition Two Corp.,co_4b159074ad40,Warrants,Special Purpose Acquisition Company,,,N/A,,,2021-02-18,,326,,-,*,-,,,,,dspy_extracted,GECC,2023-05-04,GECC,2023-05-04
L Catterton Asia Acquisition C 8 Marina View Asia Square Tower 1 No 41-03 Singapore 018960,co_3e2d7b0a3e3c,Warrants,Special Purpose Acquisition Company,,,N/A,,,2021-03-11,,5.933,,3,*,6,,,,,dspy_extracted|principal_scaled_down_1000x,GECC,2023-05-04,GECC,2023-05-04
Lanvin Group Holdings Ltd.,co_dbc9597bb762,Warrants,Special Purpose Acquisition Company,,,N/A,,,2021-03-19,,5,,2,*,6,,,,,dspy_extracted|principal_scaled_down_1000x,GECC,2023-05-04,GECC,2023-05-04
M3-Brigade Acquisition II Corp.,co_4f59438f5736,Warrants,Special Purpose Acquisition Company,,,N/A,,,2021-03-04,,3.333,,-,*,4,,,,,dspy_extracted|principal_scaled_down_1000x,GECC,2023-05-04,GECC,2023-05-04
Movella Holdings Inc.,co_63446ec38492,Warrants,Special Purpose Acquisition Company,,,N/A,,,2021-02-17,,1,,-,*,1,,,,,dspy_extracted|principal_scaled_down_1000x,GECC,2023-05-04,GECC,2023-05-04
Northern Star Investment Corp.,co_8e0addec8eb1,Warrants,Special Purpose Acquisition Company,,,N/A,,,2021-01-26,,,,-,,,,,,,dspy_extracted,GECC,2023-05-04,GECC,2023-05-04
Northern Star Investment Corp.,co_8e0addec8eb1,Warrants,Special Purpose Acquisition Company,,,N/A,,,2021-03-02,,,,-,,,,,,,dspy_extracted,GECC,2023-05-04,GECC,2023-05-04
Pear Therapeutics Inc.,co_1a0ebca4b2bf,Warrants,Software & Technology,,,N/A,,,2021-02-02,,,,-,,,,,,,dspy_extracted,GECC,2023-05-04,GECC,2023-05-04
Pivotal Investment Corp.,co_223ca541ed46,Warrants,Special Purpose Acquisition Company,,,N/A,,,2021-02-09,,,,-,,,,,,,dspy_extracted,GECC,2023-05-04,GECC,2023-05-04
Planet Labs PBC,co_2487a46cc9c1,Warrants,Telecommunications,,,N/A,,,2021-03-05,,,,-,,,,,,,dspy_extracted,GECC,2023-05-04,GECC,2023-05-04
Plum Acquisition Corp.,co_8c70846382ef,Warrants,Special Purpose Acquisition Company,,,N/A,,,2021-03-16,,,,-,,,,,,,dspy_extracted,GECC,2023-05-04,GECC,2023-05-04
Polestar Automotive Holding UK PLC,co_f2813a6e31a5,Warrants,Industrials,,,N/A,,,2021-03-23,,,,2,,,,,,,dspy_extracted,GECC,2023-05-04,GECC,2023-05-04
RMG Acquisition Corp.,co_f03eb8692075,Warrants,Special Purpose Acquisition Company,,,N/A,,,2021-02-05,,,,1,,,,,,,dspy_extracted,GECC,2023-05-04,GECC,2023-05-04
Ross Acquisition Corp.,co_66fb97d098ba,Warrants,Special Purpose Acquisition Company,,,N/A,,,2021-03-12,,,,2,,,,,,,dspy_extracted,GECC,2023-05-04,GECC,2023-05-04
Rumble Inc.,co_6775417ca009,Warrants,Special Purpose Acquisition Company,,,N/A,,,2021-05-10,,,,3,,,,,,,dspy_extracted,GECC,2023-05-04,GECC,2023-05-04
Slam Corp.,co_7db67192984f,Warrants,Special Purpose Acquisition Company,,,N/A,,,2021-04-26,,,,-,,,,,,,dspy_extracted,GECC,2023-05-04,GECC,2023-05-04
Sonder Holdings Inc.,co_aa26e82f8a4a,Warrants,Healthcare,,,N/A,,,2021-03-19,,,,-,,,,,,,dspy_extracted,GECC,2023-05-04,GECC,2023-05-04
Sustainable Development Acquisition I Corp.,co_06d67bff0952,Warrants,Special Purpose Acquisition Company,,,N/A,,,2021-02-05,,,,-,,,,,,,dspy_extracted,GECC,2023-05-04,GECC,2023-05-04
Tailwind International Acquisition Corp.,co_a32ece37166f,Warrants,Special Purpose Acquisition Company,,,N/A,,,2021-02-19,,,,-,,,,,,,dspy_extracted,GECC,2023-05-04,GECC,2023-05-04
Terran Orbital Corp.,co_ff857f03a9a8,Warrants,Telecommunications,,,N/A,,,2021-02-19,,,,1,,,,,,,dspy_extracted,GECC,2023-05-04,GECC,2023-05-04
TLG Acquisition One Corp.,co_e62cc4caa42c,Warrants,Special Purpose Acquisition Company,,,N/A,,,2021-01-28,,,,-,,,,,,,dspy_extracted,GECC,2023-05-04,GECC,2023-05-04
Tritium DCFC Ltd.,co_ee55480ab1df,Warrants,Transportation & Logistics,,,N/A,,,2021-02-04,,,,6,*,5000,,,,,dspy_extracted|fair_value_suspicious_vs_size,GECC,2023-05-04,GECC,2023-05-04
Warburg Pincus Capital Corp.,co_5944d3c0e2fe,Warrants,Special Purpose Acquisition Company,,,N/A,,,2021-03-05,,,,-,*,80,,,,,dspy_extracted,GECC,2023-05-04,GECC,2023-05-04
United States Treasury,co_a78bc95dd4a5,Other,,0.00 %,,N/A,,,2023-03-31,2023-06-30,70000000,,69741,,70000000,,,,,dspy_extracted|fair_value_suspicious_vs_size,GECC,2023-05-04,GECC,2023-05-04
GS Financial Square Treasury Obligations Fund,co_6832b1ea0657,Other,Financial Services,0.00 %,,N/A,,,2022-06-30,,10819092,,10819,,10819092,,,,,dspy_extracted|fair_value_suspicious_vs_size,GECC,2023-05-04,GECC,2023-05-04
AgroFresh Inc.,co_eb08af690702,First Lien,Chemicals & Materials,10.63 %,,LIBOR,6.25 %,7.25 %,2021-03-31,2024-12-31,4402,,4303,,4387,,,,,dspy_extracted,GECC,2023-05-04,GECC,2023-05-04
American Tower Corp.,co_dc3e358a62c3,Other Debt,Telecommunications,3.50 %,,Fixed,,,2022-06-24,2023-01-31,3000,,2997,,3000,,,,,dspy_extracted,GECC,2023-05-04,GECC,2023-05-04
ANGUS Chemical Company,co_4b681bb45ba5,First Lien,Chemicals & Materials,12.14 %,,SOFR,4.75 %,5.50 %,2022-11-04,2027-11-24,3000,,2810,,2795,,,,,dspy_extracted,GECC,2023-05-04,GECC,2023-05-04
APTIM Corp.,co_df1226a1b6a9,Other Debt,Industrials,7.75 %,,Fixed,,,2019-03-28,2025-06-15,5000,,3488,,4128,,,,,dspy_extracted,GECC,2023-05-04,GECC,2023-05-04
Avanti Space Limited Cobham House 20 Black Friars Lane London UK EC4V 6EB,co_71ea9801dfbd,Common Equity,Telecommunications,n/a,,N/A,,,2022-04-13,,1722,,-,1.72,-,,,,,dspy_extracted,GECC,2023-05-04,GECC,2023-05-04
Avation Capital SA 65 Kampong Bahru Road #01-01 Singapore 169370,co_7bff369f0ac8,Other Debt,Other,6.50 %,2.50 %,Fixed,,,2022-02-04,2026-10-31,4556,,3577,,3996,,,,,dspy_extracted,GECC,2023-05-04,GECC,2023-05-04
Crestwood Equity Partners LP,co_a8574e013034,Preferred Equity,Energy,9.25 %,,Fixed,,,2020-06-19,,216178,,1872,*,1288,,,,,cost_suspicious_vs_size|dspy_extracted|fair_value_suspicious_vs_size,GECC,2023-05-04,GECC,2023-05-04
"First Brands, Inc.",co_53cb28c1a725,Second Lien,Transportation & Logistics,8.50 %,,LIBOR,8.50 %,9.50 %,2021-03-24,2028-03-30,12545,12162,11800,,,,,,,dspy_extracted,GECC,2023-05-04,GECC,2023-05-04
"Forum Energy Technologies, Inc.",co_3b894c5dd188,First Lien,Energy,9.00 %,,Fixed,,,2022-05-09,2025-08-04,2705,2627,2877,,,,,,,dspy_extracted,GECC,2023-05-04,GECC,2023-05-04
"Great Elm Healthcare Finance, LLC",co_67aa07b1d0be,Subordinated Debt,Financial Services,12.00 %,,Fixed,,,2022-11-17,2027-11-09,4375,4375,4375,,,,,,,dspy_extracted,GECC,2023-05-04,GECC,2023-05-04
"Great Elm Healthcare Finance, LLC",co_67aa07b1d0be,Common Equity,Financial Services,,,N/A,,,2022-11-17,,88,4375,4375,87.50,,,,,,dspy_extracted,GECC,2023-05-04,GECC,2023-05-04
"Greenway Health, LLC",co_0947055800e7,Revolver,Software & Technology,3.75 %,,LIBOR,3.75 %,,2020-01-27,2023-11-17,-,( 34	),-,,,,,,,dspy_extracted,GECC,2023-05-04,GECC,2023-05-04
"Greenway Health, LLC",co_0947055800e7,Revolver,Software & Technology,0.50 %,,N/A,,,2020-01-27,2023-11-17,8026,-,-,,,,,,,dspy_extracted,GECC,2023-05-04,GECC,2023-05-04
"Lenders Funding, LLC",co_b04626bd74e6,Subordinated Debt,Financial Services,8.44 %,,Fixed,,,2021-09-20,2026-09-20,10000,10000,10000,,,,,,,dspy_extracted,GECC,2023-05-04,GECC,2023-05-04
"Lenders Funding, LLC",co_b04626bd74e6,Revolver,Financial Services,1.25 %,,Prime,1.25 %,1.25 %,2021-09-20,2023-09-20,1555,1555,1555,,,,,,,dspy_extracted,GECC,2023-05-04,GECC,2023-05-04
"Lenders Funding, LLC",co_b04626bd74e6,Revolver,Financial Services,,,N/A,,,2021-09-20,2023-09-20,3445,-,-,,,,,,,dspy_extracted,GECC,2023-05-04,GECC,2023-05-04
"Lenders Funding, LLC",co_b04626bd74e6,Common Equity,Financial Services,,,N/A,,,2021-09-20,,6287,7250,2205,62.87,,,,,,dspy_extracted,GECC,2023-05-04,GECC,2023-05-04
Lummus Technology Holdings,co_f48e428ebed1,Other,Chemicals & Materials,9.00 %,,Fixed,,,2022-05-17,2028-07-01,4150,3549,3475,,,,,,,dspy_extracted,GECC,2023-05-04,GECC,2023-05-04
Mad Engine Global LLC,co_82f34b67b45f,Other,Consumer & Retail,11.73 %,,LIBOR,7.00 %,8.00 %,2021-06-30,2027-07-15,2906,2845,2371,,,,,,,dspy_extracted,GECC,2023-05-04,GECC,2023-05-04
Martin Midstream Partners LP,co_49f757987bc7,Other,Energy,11.50 %,,Fixed,,,2020-12-09,2025-02-28,9584,9582,9536,,,,,,,dspy_extracted,GECC,2023-05-04,GECC,2023-05-04
NICE-PAK Products Inc.,co_ac77d9d1a179,Other,Consumer & Retail,,,N/A,,,2022-09-30,,880909,,,,,,,,,dspy_extracted,GECC,2023-05-04,GECC,2023-05-04
Par Petroleum LLC,co_fea0fd26645c,Other,Energy,7.75 %,,Fixed,,,2020-10-30,2025-12-15,3000,2696,2880,,,,,,,dspy_extracted,GECC,2023-05-04,GECC,2023-05-04
Par Petroleum LLC,co_fea0fd26645c,Other,Energy,12.88 %,,Fixed,,,2022-05-17,2026-01-15,2383,2610,2508,,,,,,,dspy_extracted,GECC,2023-05-04,GECC,2023-05-04
Prestige Capital Finance LLC,co_b7c0720d83ea,Subordinated Debt,Financial Services,11.00 %,,Fixed,,,2021-06-15,2023-06-15,3000,3000,3000,,3000,,,,,dspy_extracted,GECC,2023-05-04,GECC,2023-05-04
Prestige Capital Finance LLC,co_b7c0720d83ea,Common Equity,Financial Services,,,N/A,,,2019-02-08,,100,7786,11638,80.00,,,,,,dspy_extracted,GECC,2023-05-04,GECC,2023-05-04
Research Now Group Inc.,co_f56b9233964e,Revolver,Media & Entertainment,11.00 %,,Prime,3.50 %,3.50 %,2019-01-29,2024-06-14,5974,5967,5577,,5974,,,,,dspy_extracted,GECC,2023-05-04,GECC,2023-05-04
Sprout Holdings LLC,co_f78963f249ba,Other Debt,Financial Services,11.50 %,,Fixed,,,2021-06-23,2023-06-23,873,873,873,,873,,,,,dspy_extracted,GECC,2023-05-04,GECC,2023-05-04
Target Hospitality Corp.,co_e6037c23edc2,Other Debt,Healthcare,9.50 %,,Fixed,,,2021-05-13,2024-03-15,5000,4985,4988,,5000,,,,,dspy_extracted,GECC,2023-05-04,GECC,2023-05-04
TRU Taj Trust,co_e9f013e18a36,Common Equity,Consumer & Retail,,,N/A,,,2017-07-21,,16000,611,5,2.75,16000,,,,,dspy_extracted|fair_value_suspicious_vs_size,GECC,2023-05-04,GECC,2023-05-04
United Insurance Holdings Corp.,co_380e913eb9a7,Unsecured Debt,Insurance,7.25 %,,Fixed,,,2022-12-20,2027-12-15,6000,2469,2340,,6000,,,,,dspy_extracted,GECC,2023-05-04,GECC,2023-05-04
Vantage Specialty Chemicals Inc.,co_7a3d59fdd9e8,Second Lien,Chemicals & Materials,12.98 %,,LIBOR,8.25 %,9.25 %,2021-06-08,2025-10-26,4693,4582,4543,,,,,,,dspy_extracted,GECC,2023-05-04,GECC,2023-05-04
W&T Offshore Inc.,co_2f9481e6cc6e,Second Lien,Energy,9.75 %,,Fixed,,,2021-05-05,2023-11-01,8000,7798,7858,,,,,,,dspy_extracted,GECC,2023-05-04,GECC,2023-05-04
Agile Growth Corp.,co_44a992ce107b,Warrants,Automotive,,,N/A,,,2021-03-10,,652,1,-,,,,,,,dspy_extracted,GECC,2023-05-04,GECC,2023-05-04
Allego N.V. Industriepark Kleefse Waard Westervoortsedijk 73 KB,co_e22b01cab191,Warrants,Transportation & Logistics,,,N/A,,,2021-03-17,,8000,9,1,,,,,,,dspy_extracted|fair_value_suspicious_vs_size,GECC,2023-05-04,GECC,2023-05-04
Apollo Strategic Growth Capital II 9 West 57th Street 43rd Floor New York NY 10019,co_c629d42164ad,Warrants,Automotive,,,N/A,,,2021-02-10,,500,1,-,,,,,,,dspy_extracted,GECC,2023-05-04,GECC,2023-05-04
Arctos NorthStar Acquisition Corp.,co_121edbf6a21a,Warrants,Automotive,,,N/A,,,2021-02-23,,125,-,-,,,,,,,dspy_extracted,GECC,2023-05-04,GECC,2023-05-04
Ares Acquisition Corp.,co_f56fc41eb073,Warrants,Automotive,,,N/A,,,2021-02-02,,20000,18,9,,,,,,,dspy_extracted|fair_value_suspicious_vs_size,GECC,2023-05-04,GECC,2023-05-04
BigBear.ai Holdings Inc.,co_fe39c39ed123,Warrants,Software & Technology,,,N/A,,,2021-02-09,,8333,6,-,,,,,,,dspy_extracted,GECC,2023-05-04,GECC,2023-05-04
Biote Corp.,co_ec4f005dfc3d,Warrants,Healthcare,,,N/A,,,2021-03-02,,400,-,-,,,,,,,dspy_extracted,GECC,2023-05-04,GECC,2023-05-04
Cartesian Growth Corp.,co_8ff952abd4ad,Warrants,Automotive,,,N/A,,,2021-02-24,,1666,1,1,,,,,,,dspy_extracted|fair_value_suspicious_vs_size,GECC,2023-05-04,GECC,2023-05-04
CC Neuberger Principal Holdings III,co_22089e8fdc6d,Warrants,Automotive,,,N/A,,,2021-02-03,,500,1,-,,,,,,,dspy_extracted,GECC,2023-05-04,GECC,2023-05-04
CF Acquisition Corp.,co_af2661c78968,Warrants,Automotive,,,N/A,,,2021-03-12,,1000,1,-,,,,,,,dspy_extracted,GECC,2023-05-04,GECC,2023-05-04
Climate Real Impact Solutions II Acquisition Corp.,co_31ff7e30c997,Warrants,Automotive,,,N/A,,,2021-01-27,,1000,,-,,2,,,,,dspy_extracted,GECC,2023-05-04,GECC,2023-05-04
Colonnade Acquisition Corp.,co_fcd5eaef67a0,Warrants,Automotive,,,N/A,,,2021-03-10,,2,,-,,2,,,,,dspy_extracted|principal_scaled_down_1000x,GECC,2023-05-04,GECC,2023-05-04
D & Z Media Acquisition Corp.,co_a58140f282c5,Warrants,Automotive,,,N/A,,,2021-01-26,,166,,-,,-,,,,,dspy_extracted,GECC,2023-05-04,GECC,2023-05-04
ESM Acquisition Corp.,co_73e810336104,Warrants,Automotive,,,N/A,,,2021-03-10,,6.63,,1,,7,,,,,dspy_extracted|principal_scaled_down_1000x,GECC,2023-05-04,GECC,2023-05-04
FAST Acquisition Corp.,co_5fcc2c285f80,Warrants,Automotive,,,N/A,,,2021-03-16,,5000,,3,,7,,,,,cost_suspicious_vs_size|dspy_extracted|fair_value_suspicious_vs_size,GECC,2023-05-04,GECC,2023-05-04
Fast Radius Inc.,co_d4000dc84057,Warrants,Industrials,,,N/A,,,2021-02-09,,625,,-,,1,,,,,dspy_extracted,GECC,2023-05-04,GECC,2023-05-04
First Reserve Sustainable Growth Corp.,co_2dc59ea275b6,Warrants,Automotive,,,N/A,,,2021-03-05,,5,,-,,6,,,,,dspy_extracted|principal_scaled_down_1000x,GECC,2023-05-04,GECC,2023-05-04
Forum Merger IV Corp.,co_38e074cad0f2,Warrants,Automotive,,,N/A,,,2021-03-18,,5000,,-,,9,,,,,dspy_extracted,GECC,2023-05-04,GECC,2023-05-04
Frontier Acquisition Corp.,co_01bbdb221591,Warrants,Automotive,,,N/A,,,2021-03-11,,2.5,,-,,3,,,,,dspy_extracted|principal_scaled_down_1000x,GECC,2023-05-04,GECC,2023-05-04
FTAC Athena Acquisition Corp.,co_486f7e23e413,Warrants,Other,,,N/A,,,2021-02-23,,1250,,-,*,1,,,,,dspy_extracted,GECC,2023-05-04,GECC,2023-05-04
FTAC Hera Acquisition Corp.,co_a833372af608,Warrants,Other,,,N/A,,,2021-03-04,,100,,-,*,-,,,,,dspy_extracted,GECC,2023-05-04,GECC,2023-05-04
G Squared Ascend I Inc.,co_f6ece27edf97,Warrants,Other,,,N/A,,,2021-02-05,,1,,-,*,1,,,,,dspy_extracted|principal_scaled_down_1000x,GECC,2023-05-04,GECC,2023-05-04
Grove Collaborative Holdings Inc.,co_3fcd91bd9360,Warrants,Consumer & Retail,,,N/A,,,2021-03-23,,5000,,1,*,7,,,,,cost_suspicious_vs_size|dspy_extracted|fair_value_suspicious_vs_size,GECC,2023-05-04,GECC,2023-05-04
Kismet Acquisition Three Corp.,co_4b159074ad40,Warrants,Other,,,N/A,,,2021-02-18,,4133,,-,*,3,,,,,dspy_extracted,GECC,2023-05-04,GECC,2023-05-04
L Catterton Asia Acquisition C 8 Marina View Asia Square Tower 1 No 41-03 Singapore 018960,co_3e2d7b0a3e3c,Warrants,Other,,,N/A,,,2021-03-11,,5.933,,-,*,6,,,,,dspy_extracted|principal_scaled_down_1000x,GECC,2023-05-04,GECC,2023-05-04
Lazard Growth Acquisition Corp.,co_1a1b3ae62720,Warrants,Other,,,N/A,,,2021-02-10,,500,,-,*,1,,,,,dspy_extracted,GECC,2023-05-04,GECC,2023-05-04
Live Oak Mobility Acquisition Corp.,co_d677f1348da5,Warrants,Other,,,N/A,,,2021-03-02,,400,,-,*,1,,,,,dspy_extracted,GECC,2023-05-04,GECC,2023-05-04
New Vista Acquisition Corp.,co_66b2d26ce1b6,Warrants,Other,,,N/A,,,2021-02-17,,166,,-,*,-,,,,,dspy_extracted,GECC,2023-05-04,GECC,2023-05-04
Northern Star Investment Corp.,co_8e0addec8eb1,Warrants,Financial Services,,,N/A,,,2021-01-26,,100,,-,*,-,,,,,dspy_extracted,GECC,2023-05-04,GECC,2023-05-04
Northern Star Investment Corp.,co_8e0addec8eb1,Warrants,Special Purpose Acquisition Company,,,N/A,,,2021-03-02,,66,,-,*,-,,,,,dspy_extracted,GECC,2023-05-04,GECC,2023-05-04
Pathfinder Acquisition Corp.,co_6d016efa6266,Warrants,Special Purpose Acquisition Company,,,N/A,,,2021-02-17,,1,,-,*,1,,,,,dspy_extracted|principal_scaled_down_1000x,GECC,2023-05-04,GECC,2023-05-04
Pear Therapeutics Inc.,co_1a0ebca4b2bf,Warrants,Software & Technology,,,N/A,,,2021-02-02,,1.666,,-,*,2,,,,,dspy_extracted|principal_scaled_down_1000x,GECC,2023-05-04,GECC,2023-05-04
Peridot Acquisition Corp.,co_ca620ef39a41,Warrants,Special Purpose Acquisition Company,,,N/A,,,2021-03-09,,2000,,-,*,3,,,,,dspy_extracted,GECC,2023-05-04,GECC,2023-05-04
Pivotal Investment Corp.,co_223ca541ed46,Warrants,Special Purpose Acquisition Company,,,N/A,,,2021-02-09,,100,,-,*,-,,,,,dspy_extracted,GECC,2023-05-04,GECC,2023-05-04
Planet Labs PBC,co_2487a46cc9c1,Warrants,Telecommunications,,,N/A,,,2021-03-05,,400,,-,*,-,,,,,dspy_extracted,GECC,2023-05-04,GECC,2023-05-04
Plum Acquisition Corp.,co_8c70846382ef,Warrants,Special Purpose Acquisition Company,,,N/A,,,2021-03-16,,1.6,,-,*,2,,,,,dspy_extracted|principal_scaled_down_1000x,GECC,2023-05-04,GECC,2023-05-04
RMG Acquisition Corp.,co_f03eb8692075,Warrants,Special Purpose Acquisition Company,,,N/A,,,2021-02-05,,3333,,-,*,5,,,,,dspy_extracted,GECC,2023-05-04,GECC,2023-05-04
Ross Acquisition Corp.,co_66fb97d098ba,Warrants,Special Purpose Acquisition Company,,,N/A,,,2021-03-12,,6.666,,-,*,7,,,,,dspy_extracted|principal_scaled_down_1000x,GECC,2023-05-04,GECC,2023-05-04
Rumble Inc.,co_6775417ca009,Warrants,Special Purpose Acquisition Company,,,N/A,,,2021-05-10,,1250,,2,*,1,,,,,cost_suspicious_vs_size|dspy_extracted|fair_value_suspicious_vs_size,GECC,2023-05-04,GECC,2023-05-04
Sandbridge X2 Corp.,co_777a7b55088f,Warrants,Special Purpose Acquisition Company,,,N/A,,,2021-03-10,,666,,-,*,1,,,,,dspy_extracted,GECC,2023-05-04,GECC,2023-05-04
ScION Tech Growth II 10 Queen St Place 2nd Floor London UK EC4R 1BE,co_183a18022a83,Warrants,Special Purpose Acquisition Company,,,N/A,,,2021-02-10,,166,,-,*,-,,,,,dspy_extracted,GECC,2023-05-04,GECC,2023-05-04
Silver Spike Acquisition Corp.,co_208111256b48,Warrants,Special Purpose Acquisition Company,,,N/A,,,2021-03-11,,5,,-,*,6,,,,,dspy_extracted|principal_scaled_down_1000x,GECC,2023-05-04,GECC,2023-05-04
Slam Corp.,co_7db67192984f,Warrants,Special Purpose Acquisition Company,,,N/A,,,2021-04-26,,1250,,-,*,1,,,,,dspy_extracted,GECC,2023-05-04,GECC,2023-05-04
Sonder Holdings Inc.,co_aa26e82f8a4a,Warrants,Healthcare,,,N/A,,,2021-03-19,,500,,-,*,1,,,,,dspy_extracted,GECC,2023-05-04,GECC,2023-05-04
Supernova Partners Acquisition Company III Ltd.,co_207e45107dcf,Warrants,Special Purpose Acquisition Company,,,N/A,,,2021-03-23,,80,,-,*,,,,,,dspy_extracted,GECC,2023-05-04,GECC,2023-05-04
Sustainable Development Acquisition I Corp.,co_06d67bff0952,Warrants,Special Purpose Acquisition Company,,,N/A,,,2021-02-05,,1250,,-,*,1,,,,,dspy_extracted,GECC,2023-05-04,GECC,2023-05-04
Tailwind International Acquisition Corp.,co_a32ece37166f,Warrants,Special Purpose Acquisition Company,,,N/A,,,2021-02-19,,4166,,-,*,3,,,,,dspy_extracted,GECC,2023-05-04,GECC,2023-05-04
Tech and Energy Transition Corp.,co_ec522debe824,Warrants,Special Purpose Acquisition Company,,,N/A,,,2021-03-17,,666,,-,*,1,,,,,dspy_extracted,GECC,2023-05-04,GECC,2023-05-04
Terran Orbital Corp.,co_ff857f03a9a8,Warrants,Telecommunications,,,N/A,,,2021-02-19,,3.333,,-,*,3,,,,,dspy_extracted|principal_scaled_down_1000x,GECC,2023-05-04,GECC,2023-05-04
TLG Acquisition One Corp.,co_e62cc4caa42c,Warrants,Special Purpose Acquisition Company,,,N/A,,,2021-01-28,,5000,,-,*,3,,,,,dspy_extracted,GECC,2023-05-04,GECC,2023-05-04
Tritium DCFC Ltd.,co_ee55480ab1df,Warrants,Transportation & Logistics,,,N/A,,,2021-02-04,,5,,2,*,6,,,,,dspy_extracted|principal_scaled_down_1000x,GECC,2023-05-04,GECC,2023-05-04
VPC Impact Acquisition Holdings II,co_deaaf7e7913a,Warrants,Special Purpose Acquisition Company,,,N/A,,,2021-03-05,,10000,,-,*,7,,,,,dspy_extracted,GECC,2023-05-04,GECC,2023-05-04
Warburg Pincus Capital Corp.,co_5944d3c0e2fe,Warrants,Special Purpose Acquisition Company,,,N/A,,,2021-03-05,,80,,-,*,,,,,,dspy_extracted,GECC,2023-05-04,GECC,2023-05-04
United States Treasury,co_a78bc95dd4a5,Other,Automotive,0.00 %,,N/A,,,2022-12-30,2023-03-31,70000,,69785,,69798,,,,,dspy_extracted|principal_scaled_down_1000x,GECC,2023-05-04,GECC,2023-05-04
GS Financial Square Treasury Obligations Fund,co_6832b1ea0657,Other,Automotive,0.00 %,,N/A,,,2022-06-30,,6341.888,,6342,,6342,,,,,dspy_extracted|principal_scaled_down_1000x,GECC,2023-05-04,GECC,2023-05-04
PFS Holdings Corp.,co_53aae39dd10e,Common Equity,,,,N/A,,,,,,,543,,,,,,,dspy_extracted,GECC,2023-05-04,GECC,2023-05-04
"Great Elm Healthcare Financing, LLC",co_b1327824cb48,Other Equity,Healthcare,,,N/A,,,,,,,4375,,,,,,,dspy_extracted,GECC,2023-05-04,GECC,2023-05-04
"Lenders' Funding, LLC",co_dfbe689f0587,Other Equity,,,,N/A,,,,,,,1968,,,,,,,dspy_extracted,GECC,2023-05-04,GECC,2023-05-04
"Prestige Capital Finance, LLC",co_b7c0720d83ea,Other Equity,Financial Services,,,N/A,,,,,,,12407,,,,,,,dspy_extracted,GECC,2023-05-04,GECC,2023-05-04
"Sterling Commercial Credit, LLC",co_4d26d622e6f0,Other Equity,Business Services,,,N/A,,,,,,,6262,,,,,,,dspy_extracted,GECC,2023-05-04,GECC,2023-05-04
Advancion,co_cecc5e9a9fd0,Other,Chemicals & Materials,12.94 %,,LIBOR,7.75 %,8.50 %,2021-09-21,2028-11-24,1625,1509,1430,,,,,,,dspy_extracted,GECC,2023-08-03,GECC,2023-08-03
APTIM Corp.,co_df1226a1b6a9,Other,Industrials,7.75 %,,Fixed,,,2019-03-28,2025-06-15,5000,4274,4050,,,,,,,dspy_extracted,GECC,2023-08-03,GECC,2023-08-03
"Avanti Space Limited Cobham House 20 Black Friars Lane London, UK EC4V 6EB",co_71ea9801dfbd,Other,Telecommunications,12.50 %,,Fixed,,,2022-04-13,2024-04-13,1373,1138,-,,,,,,,dspy_extracted,GECC,2023-08-03,GECC,2023-08-03
"Avanti Space Limited Cobham House 20 Black Friars Lane London, UK EC4V 6EB",co_71ea9801dfbd,Other,Telecommunications,12.50 %,,Fixed,,,2022-04-13,2024-04-13,5442,4552,-,,,,,,,dspy_extracted,GECC,2023-08-03,GECC,2023-08-03
"Avanti Space Limited Cobham House 20 Black Friars Lane London, UK EC4V 6EB",co_71ea9801dfbd,Other,Telecommunications,12.50 %,,Fixed,,,2022-04-13,2024-10-13,1601,1339,-,,,,,,,dspy_extracted,GECC,2023-08-03,GECC,2023-08-03
"Avanti Space Limited Cobham House 20 Black Friars Lane London, UK EC4V 6EB",co_71ea9801dfbd,Other,Telecommunications,n/a,,N/A,,,2022-04-13,n/a,1722,-,-,1.39,,,,,,dspy_extracted,GECC,2023-08-03,GECC,2023-08-03
Avation Capital SA 65 Kampong Bahru Road #01-01 Singapore 169370,co_7bff369f0ac8,Other,Aerospace & Defense,9.00 %,2.50 %,Fixed,,,2022-02-04,2026-10-31,4613,4111,4015,,,,,,,dspy_extracted,GECC,2023-08-03,GECC,2023-08-03
Blackstone Secured Lending,co_32e454a9dde3,Other,Automotive,n/a,,N/A,,,2022-08-18,n/a,190000,4405,5198,,,,,,,dspy_extracted|fair_value_suspicious_vs_size,GECC,2023-08-03,GECC,2023-08-03
"Blue Ribbon, LLC",co_c4f2f6705335,Other,Food & Beverage,11.17 %,,LIBOR,6.00 %,6.75 %,2023-02-06,2028-05-07,4954,3607,3495,,,,,,,dspy_extracted,GECC,2023-08-03,GECC,2023-08-03
Eagle Point Credit Company Inc.,co_7a912e541242,Other,Automotive,n/a,,N/A,,,2022-08-18,n/a,250000,2705,2540,,,,,,,dspy_extracted|fair_value_suspicious_vs_size,GECC,2023-08-03,GECC,2023-08-03
"ECL Entertainment, LLC",co_27c703fce7ba,Other,Media & Entertainment,12.72 %,,SOFR,7.50 %,8.25 %,2021-03-31,2028-04-30,4659,4626,4660,,,,,,,dspy_extracted,GECC,2023-08-03,GECC,2023-08-03
Enservco / Heat Waves,co_bbb5a4db78ed,Other,Energy,29.44 %,,Fixed,,,2022-03-24,2026-06-24,1674,1695,1872,,,,,,,dspy_extracted,GECC,2023-08-03,GECC,2023-08-03
"First Brands, Inc.",co_53cb28c1a725,Other,Industrials,13.6 %,,LIBOR,8.50 %,9.50 %,2021-03-24,2028-03-30,12545,12189,11165,,,,,,,dspy_extracted,GECC,2023-08-03,GECC,2023-08-03
"First Brands, Inc.",co_53cb28c1a725,Other,Industrials,10.25 %,,SOFR,5.00 %,6.00 %,2023-06-09,2027-03-30,4987,4848,4872,,,,,,,dspy_extracted,GECC,2023-08-03,GECC,2023-08-03
Flexsys Holdings,co_fdf6c33899b5,Other,Chemicals & Materials,10.75 %,,SOFR,5.25 %,6.00 %,2022-11-04,2028-11-01,4962,3977,4483,,,,,,,dspy_extracted,GECC,2023-08-03,GECC,2023-08-03
"Florida Marine, LLC",co_04b02011caf9,Other,Transportation & Logistics,15.51 %,,SOFR,10.30 %,12.30 %,2023-03-17,2028-03-17,7107,6916,6932,,,,,,,dspy_extracted,GECC,2023-08-03,GECC,2023-08-03
Foresight Energy,co_780e4635a312,First Lien,Chemicals & Materials,13.34 %,,SOFR,8.00 %,9.50 %,2021-07-29,2027-06-30,6009,6041,6009,,6041,,,,,dspy_extracted,GECC,2023-08-03,GECC,2023-08-03
FTAI Infrastructure Inc.,co_c4fc3be390dd,First Lien,Industrials,10.50 %,,Fixed,,,2022-06-29,2027-06-01,2000,1908,1964,,1908,,,,,dspy_extracted,GECC,2023-08-03,GECC,2023-08-03
GAC HoldCo Inc.,co_45485262f62f,First Lien,Energy,12.00 %,,Fixed,,,2021-07-27,2025-08-15,6850,7123,7278,,7123,,,,,dspy_extracted,GECC,2023-08-03,GECC,2023-08-03
"Great Elm Healthcare Finance, LLC",co_67aa07b1d0be,Subordinated Debt,Financial Services,12.00 %,,Fixed,,,2022-11-17,2027-11-09,4375,4375,4375,,4375,,,,,dspy_extracted,GECC,2023-08-03,GECC,2023-08-03
"Great Elm Healthcare Finance, LLC",co_67aa07b1d0be,Common Equity,Financial Services,,,N/A,,,2022-11-17,,,4375,4375,87.50,4375,,,,,dspy_extracted,GECC,2023-08-03,GECC,2023-08-03
"Greenway Health, LLC",co_0947055800e7,First Lien,Software & Technology,8.91 %,,SOFR,3.75 %,3.75 %,2020-01-27,2023-11-17,-,( 15	),-,,( 15	),,,,,dspy_extracted,GECC,2023-08-03,GECC,2023-08-03
"Greenway Health, LLC",co_0947055800e7,First Lien,Software & Technology,0.50 %,,Fixed,,,2020-01-27,2023-11-17,8026,-,-,,-,,,,,dspy_extracted,GECC,2023-08-03,GECC,2023-08-03
Harvey Gulf Holdings LLC,co_673a6df69bc1,Other Debt,Transportation & Logistics,9.81 %,,SOFR,4.50 %,5.50 %,2022-08-10,2027-08-10,434,428,433,,428,,,,,dspy_extracted,GECC,2023-08-03,GECC,2023-08-03
Harvey Gulf Holdings LLC,co_673a6df69bc1,Other Debt,Transportation & Logistics,13.93 %,,SOFR,8.62 %,9.62 %,2022-08-10,2027-08-10,6634,6463,6701,,6463,,,,,dspy_extracted,GECC,2023-08-03,GECC,2023-08-03
ITP Live Production Group,co_81e4c5074457,Other Debt,Financial Services,25.61 %,,Fixed,,,2021-12-22,2026-05-22,1364,1379,1451,,1379,,,,,dspy_extracted,GECC,2023-08-03,GECC,2023-08-03
"Lenders Funding, LLC",co_b04626bd74e6,Subordinated Debt,Financial Services,6.73 %,,Fixed,,,2021-09-20,2026-09-20,9521,9521,9521,,9521,,,,,dspy_extracted,GECC,2023-08-03,GECC,2023-08-03
"Lenders Funding, LLC",co_b04626bd74e6,First Lien,Financial Services,,,N/A,,,2021-09-20,2023-09-20,5000,-,-,,-,,,,,dspy_extracted,GECC,2023-08-03,GECC,2023-08-03
"Lenders Funding, LLC",co_b04626bd74e6,Common Equity,Financial Services,,,N/A,,,2021-09-20,,,7250,250,56.13,7250,,,,,dspy_extracted|fair_value_suspicious_vs_size,GECC,2023-08-03,GECC,2023-08-03
Lummus Technology Holdings,co_f48e428ebed1,Unsecured Debt,Chemicals & Materials,9.00 %,,Fixed,,,2022-05-17,2028-07-01,4150,3587,3616,,3587,,,,,dspy_extracted,GECC,2023-08-03,GECC,2023-08-03
"Mad Engine Global, LLC",co_82f34b67b45f,First Lien,Consumer & Retail,12.54 %,,LIBOR,7.00 %,8.00 %,2021-06-30,2027-07-15,2869,2815,2013,,2815,,,,,dspy_extracted,GECC,2023-08-03,GECC,2023-08-03
Martin Midstream Partners LP,co_49f757987bc7,Second Lien,Energy,11.50 %,,Fixed,,,2023-01-31,2028-02-15,2000,1944,1929,,1944,,,,,dspy_extracted,GECC,2023-08-03,GECC,2023-08-03
Maverick Gaming LLC,co_28f75db82886,First Lien,Media & Entertainment,12.98%,,LIBOR,7.50%,8.50%,2021-11-16,2026-09-03,5884,,4672,,5748,,,,,dspy_extracted,GECC,2023-08-03,GECC,2023-08-03
New Wilkie Energy Pty Limited 56 Pitt Street Sydney New South Wales,co_081b1162e945,First Lien,Chemicals & Materials,12.44%,5.00%,SOFR,12.50%,14.50%,2023-04-06,2026-04-06,5000,,4894,,4860,,,,,dspy_extracted,GECC,2023-08-03,GECC,2023-08-03
New Wilkie Energy Pty Limited 56 Pitt Street Sydney New South Wales,co_081b1162e945,Warrants,Chemicals & Materials,,,N/A,,,2023-04-06,,1078899,,35,,-,,,,,dspy_extracted,GECC,2023-08-03,GECC,2023-08-03
NICE-PAK Products Inc.,co_ac77d9d1a179,Other Debt,Consumer & Retail,11.00%,8.00%,SOFR,13.50%,14.50%,2022-09-30,2027-09-30,9026,,8189,,8783,,,,,dspy_extracted,GECC,2023-08-03,GECC,2023-08-03
NICE-PAK Products Inc.,co_ac77d9d1a179,Other,Consumer & Retail,,,N/A,,,2022-09-30,2029-09-30,1449,,1065,,-,,,,,dspy_extracted,GECC,2023-08-03,GECC,2023-08-03
NICE-PAK Products Inc.,co_ac77d9d1a179,Warrants,Consumer & Retail,,,N/A,,,2022-09-30,,880909,,-,2.56,-,,,,,dspy_extracted,GECC,2023-08-03,GECC,2023-08-03
NuStar Energy LP,co_633ccb4f3aa1,Preferred Equity,Energy,11.72%,,LIBOR,6.88%,6.88%,2022-12-12,,6406,,162,,142,,,,,cost_suspicious_vs_size|dspy_extracted|fair_value_suspicious_vs_size,GECC,2023-08-03,GECC,2023-08-03
Par Petroleum LLC,co_fea0fd26645c,First Lien,Energy,9.61%,,SOFR,4.25%,4.75%,2023-02-14,2030-02-28,3990,,3917,,3931,,,,,dspy_extracted,GECC,2023-08-03,GECC,2023-08-03
PFS Holdings Corp.,co_53aae39dd10e,First Lien,Food & Beverage,12.15%,,LIBOR,7.00%,8.00%,2020-11-13,2024-11-13,1049,,944,,1049,,,,,dspy_extracted,GECC,2023-08-03,GECC,2023-08-03
PFS Holdings Corp.,co_53aae39dd10e,Common Equity,Food & Beverage,,,N/A,,,2020-11-13,,5238,,506,5.20,12378,,,,,dspy_extracted,GECC,2023-08-03,GECC,2023-08-03
PIRS Capital LLC,co_a419103f68d5,Other Debt,Financial Services,14.75%,,Prime,6.50%,6.50%,2021-11-22,2024-12-31,2000,,1995,,2000,,,,,dspy_extracted,GECC,2023-08-03,GECC,2023-08-03
Prestige Capital Finance LLC,co_b7c0720d83ea,Subordinated Debt,Financial Services,13.74%,,SOFR,8.50%,10.50%,2021-06-15,2025-06-15,3000,,3000,,3000,,,,,dspy_extracted,GECC,2023-08-03,GECC,2023-08-03
Prestige Capital Finance LLC,co_b7c0720d83ea,Common Equity,Financial Services,,,N/A,,,2019-02-08,,100,,12792,80.00,7786,,,,,dspy_extracted,GECC,2023-08-03,GECC,2023-08-03
ProFrac Holdings II LLC,co_b0bc18c68ff8,First Lien,Energy,12.75%,,SOFR,7.25%,8.25%,2023-02-01,2025-03-04,9647,,9647,,9487,,,,,dspy_extracted,GECC,2023-08-03,GECC,2023-08-03
Research Now Group Inc.,co_f56b9233964e,Revolver,Media & Entertainment,10.00%,,SOFR,4.50%,4.50%,2019-01-29,2024-06-14,6093,,5411,,6090,,,,,dspy_extracted,GECC,2023-08-03,GECC,2023-08-03
Research Now Group Inc.,co_f56b9233964e,Revolver,Media & Entertainment,0.50 %,,,,,2019-01-29,2024-06-14,3907,,( 438,,,,,,,dspy_extracted,GECC,2023-08-03,GECC,2023-08-03
Research Now Group Inc.,co_f56b9233964e,Second Lien,Media & Entertainment,14.80 %,,SOFR,9.50 %,10.50 %,2019-05-20,2025-12-20,8000,7971,4897,,,,,,,dspy_extracted,GECC,2023-08-03,GECC,2023-08-03
Ruby Tuesday Operations LLC,co_1f7d49afa371,First Lien,Food & Beverage,17.26 %,6.00 %,SOFR,12.00 %,13.25 %,2021-02-24,2025-02-24,2180,2180,2114,,,,,,,dspy_extracted,GECC,2023-08-03,GECC,2023-08-03
Ruby Tuesday Operations LLC,co_1f7d49afa371,First Lien,Food & Beverage,21.26 %,,SOFR,16.00 %,17.25 %,2023-01-31,2025-02-24,537,537,537,,,,,,,dspy_extracted,GECC,2023-08-03,GECC,2023-08-03
Ruby Tuesday Operations LLC,co_1f7d49afa371,Warrants,Food & Beverage,,,N/A,,,2021-02-24,,311697,,832,2.81,,,,,,dspy_extracted|fair_value_suspicious_vs_size,GECC,2023-08-03,GECC,2023-08-03
SCIH Salt Holdings Inc.,co_b369f6da5ffe,First Lien,Food & Beverage,9.15 %,,LIBOR,4.00 %,4.75 %,2023-06-21,2027-03-16,1994,1959,1962,,,,,,,dspy_extracted,GECC,2023-08-03,GECC,2023-08-03
Sterling Commercial Credit LLC,co_4d26d622e6f0,Subordinated Debt,Financial Services,11.00 %,,Fixed,,,2022-02-03,2025-05-03,8733,8733,8733,,,,,,,dspy_extracted,GECC,2023-08-03,GECC,2023-08-03
Sterling Commercial Credit LLC,co_4d26d622e6f0,Common Equity,Financial Services,,,N/A,,,2022-02-03,,3280000,7842,5844,80.00,,,,,,dspy_extracted|fair_value_suspicious_vs_size,GECC,2023-08-03,GECC,2023-08-03
Stone Ridge Opportunities Fund LP. One Vanderbilt Ave. 65th Floor New York NY 10017,co_394bfcb28dc7,Partnership Interest,Insurance,,,N/A,,,2022-12-15,,3000,3000,3415,,,,,,,dspy_extracted|principal_scaled_down_1000x,GECC,2023-08-03,GECC,2023-08-03
Summit Midstream Holdings LLC,co_b0d60a3065a3,Unsecured Debt,Energy,5.75 %,,Fixed,,,2022-08-10,2025-04-15,386,340,351,,,,,,,dspy_extracted,GECC,2023-08-03,GECC,2023-08-03
Summit Midstream Holdings LLC,co_b0d60a3065a3,Second Lien,Energy,9.00 %,,Fixed,,,2021-10-19,2026-10-15,4000,3833,3885,,,,,,,dspy_extracted,GECC,2023-08-03,GECC,2023-08-03
Target Hospitality Corp.,co_e6037c23edc2,Other Debt,Healthcare,9.50 %,,Fixed,,,2021-05-13,2024-03-15,3331,3321,3338,,,,,,,dspy_extracted,GECC,2023-08-03,GECC,2023-08-03
Traeger Inc.,co_5a3e5dc9a36d,First Lien,Consumer & Retail,8.45 %,,LIBOR,3.25 %,4.00 %,2023-03-30,2028-06-29,3240,2579,2697,,,,,,,dspy_extracted,GECC,2023-08-03,GECC,2023-08-03
TRU Taj Trust,co_e9f013e18a36,Common Equity,Consumer & Retail,,,N/A,,,2017-07-21,,16000,611,44,2.75,,,,,,dspy_extracted|fair_value_suspicious_vs_size,GECC,2023-08-03,GECC,2023-08-03
United Insurance Holdings Corp.,co_380e913eb9a7,Unsecured Debt,Insurance,7.25 %,,Fixed,,,2022-12-20,2027-12-15,17500,8707,12950,,,,,,,dspy_extracted,GECC,2023-08-03,GECC,2023-08-03
Universal Fiber Systems,co_17de53ba34fb,Other Debt,Chemicals & Materials,18.28 %,9.00 %,SOFR,13.06 %,14.06 %,2021-09-30,2026-09-29,7472,7385,7547,,,,,,,dspy_extracted,GECC,2023-08-03,GECC,2023-08-03
Universal Fiber Systems,co_17de53ba34fb,Other Debt,Chemicals & Materials,18.28 %,9.00 %,SOFR,13.06 %,14.06 %,2021-09-30,2026-09-29,2881,2838,2694,,,,,,,dspy_extracted,GECC,2023-08-03,GECC,2023-08-03
Universal Fiber Systems,co_17de53ba34fb,Warrants,Chemicals & Materials,,,N/A,,,2021-09-30,,3383,,1579,1.50,,,,,,dspy_extracted,GECC,2023-08-03,GECC,2023-08-03
Vantage Specialty Chemicals Inc.,co_7a3d59fdd9e8,First Lien,Chemicals & Materials,9.90 %,,SOFR,4.75 %,5.25 %,2023-03-03,2026-10-26,4975,4836,4823,,,,,,,dspy_extracted,GECC,2023-08-03,GECC,2023-08-03
Vector Group Ltd.,co_d39e7e91a2fa,Unsecured Debt,Food & Beverage,10.50 %,,Fixed,,,2022-07-08,2026-11-01,750,718,750,,,,,,,dspy_extracted,GECC,2023-08-03,GECC,2023-08-03
W&T Offshore Inc.,co_2f9481e6cc6e,Second Lien,Energy,11.75 %,,Fixed,,,2023-01-12,2026-02-01,6000,6000,5984,,,,,,,dspy_extracted,GECC,2023-08-03,GECC,2023-08-03
AdTheorent Holding Company Inc.,co_bd39b8d9f303,Warrants,Media & Entertainment,,,N/A,,,2021-02-26,,4166,,-,,,,,,,dspy_extracted,GECC,2023-08-03,GECC,2023-08-03
Allego N.V. Industriepark Kleefse Waard Westervoortsedijk 73 KB,co_e22b01cab191,Warrants,Transportation & Logistics,,,N/A,,,2021-03-17,,8000,,2,,,,,,,dspy_extracted|fair_value_suspicious_vs_size,GECC,2023-08-03,GECC,2023-08-03
Apollo Strategic Growth Capital II 9 West 57th Street 43rd Floor New York NY 10019,co_c629d42164ad,Warrants,Automotive,,,N/A,,,2021-02-10,,500,,-,,,,,,,dspy_extracted,GECC,2023-08-03,GECC,2023-08-03
Ares Acquisition Corp.,co_f56fc41eb073,Warrants,Automotive,,,N/A,,,2021-02-02,,20000,,16,,,,,,,dspy_extracted|fair_value_suspicious_vs_size,GECC,2023-08-03,GECC,2023-08-03
BigBear.ai Holdings Inc.,co_fe39c39ed123,Warrants,Business Services,,,N/A,,,2021-02-09,,8333,,2,,,,,,,dspy_extracted|fair_value_suspicious_vs_size,GECC,2023-08-03,GECC,2023-08-03
Catcha Investment Corp.,co_cd901cbb87bd,Warrants,Automotive,,,N/A,,,2021-02-12,,166,,-,,,,,,,dspy_extracted,GECC,2023-08-03,GECC,2023-08-03
CC Neuberger Principal Holdings III,co_22089e8fdc6d,Warrants,Automotive,,,N/A,,,2021-02-03,,500,,-,,,,,,,dspy_extracted,GECC,2023-08-03,GECC,2023-08-03
CF Acquisition Corp.,co_af2661c78968,Warrants,Automotive,,,N/A,,,2021-03-12,,1000,,-,,,,,,,dspy_extracted,GECC,2023-08-03,GECC,2023-08-03
Compute Health Acquisition Corp.,co_5f48b372b3b1,Warrants,Automotive,,,N/A,,,2021-02-05,,125,,-,,,,,,,dspy_extracted,GECC,2023-08-03,GECC,2023-08-03
Core Scientific Inc.,co_3a1f25366961,Warrants,Software & Technology,,,N/A,,,2021-02-10,,1250,,-,,,,,,,dspy_extracted,GECC,2023-08-03,GECC,2023-08-03
Dave Inc.,co_bbc09a7ad948,Warrants,Financial Services,,,N/A,,,2021-03-05,,10000,,-,,,,,,,dspy_extracted,GECC,2023-08-03,GECC,2023-08-03
Digital Transformation Opportunities Corp.,co_1b32734d29bc,Warrants,Special Purpose Acquisition Company,,,N/A,,,2021-03-10,,,,-,,,,,,,dspy_extracted,GECC,2023-08-03,GECC,2023-08-03
FAST Acquisition Corp.,co_5fcc2c285f80,Warrants,Special Purpose Acquisition Company,,,N/A,,,2021-03-16,,,,3,,,,,,,dspy_extracted,GECC,2023-08-03,GECC,2023-08-03
Fathom Digital Manufacturing Corp.,co_cc784a241358,Warrants,Industrials,,,N/A,,,2021-02-05,,,,-,,,,,,,dspy_extracted,GECC,2023-08-03,GECC,2023-08-03
FinServ Acquisition Corp.,co_734c17e5a503,Warrants,Special Purpose Acquisition Company,,,N/A,,,2021-02-18,,,,-,,,,,,,dspy_extracted,GECC,2023-08-03,GECC,2023-08-03
Forest Road Acquisition Corp.,co_92ec352d7bf1,Warrants,Special Purpose Acquisition Company,,,N/A,,,2021-03-10,,,,-,,,,,,,dspy_extracted,GECC,2023-08-03,GECC,2023-08-03
Forum Merger IV Corp.,co_38e074cad0f2,Warrants,Special Purpose Acquisition Company,,,N/A,,,2021-03-18,,,,-,,,,,,,dspy_extracted,GECC,2023-08-03,GECC,2023-08-03
Freedom Acquisition I Corp.,co_29702acfa17a,Warrants,Special Purpose Acquisition Company,,,N/A,,,2021-02-26,,,,-,,,,,,,dspy_extracted,GECC,2023-08-03,GECC,2023-08-03
Fusion Acquisition Corp.,co_a39b406d3a5f,Warrants,Special Purpose Acquisition Company,,,N/A,,,2021-02-26,,,,-,,,,,,,dspy_extracted,GECC,2023-08-03,GECC,2023-08-03
Ginko Bioworks Holdings Inc.,co_0443451fc1a1,Warrants,Healthcare,,,N/A,,,2021-02-24,,,,1,,,,,,,dspy_extracted,GECC,2023-08-03,GECC,2023-08-03
Grove Collaborative Holdings Inc.,co_3fcd91bd9360,Warrants,Consumer & Retail,,,N/A,,,2021-03-23,,,,-,,,,,,,dspy_extracted,GECC,2023-08-03,GECC,2023-08-03
Iris Acquisition Corp.,co_60351c9c2939,Warrants,Special Purpose Acquisition Company,,,N/A,,,2021-03-05,,,,-,,,,,,,dspy_extracted,GECC,2023-08-03,GECC,2023-08-03
Jaws Mustang Acquisition Corp.,co_a092dc59faa2,Warrants,Special Purpose Acquisition Company,,,N/A,,,2021-02-02,,,,-,,,,,,,dspy_extracted,GECC,2023-08-03,GECC,2023-08-03
Kismet Acquisition Two Corp.,co_4b159074ad40,Warrants,Special Purpose Acquisition Company,,,N/A,,,2021-02-18,,,,-,,,,,,,dspy_extracted,GECC,2023-08-03,GECC,2023-08-03
L Catterton Asia Acquisition C 8 Marina View Asia Square Tower 1 No 41-03 Singapore 018960,co_3e2d7b0a3e3c,Warrants,Special Purpose Acquisition Company,,,N/A,,,2021-03-11,,,,3,,,,,,,dspy_extracted,GECC,2023-08-03,GECC,2023-08-03
Lanvin Group Holdings Ltd.,co_dbc9597bb762,Warrants,Special Purpose Acquisition Company,,,N/A,,,2021-03-19,,,,2,,,,,,,dspy_extracted,GECC,2023-08-03,GECC,2023-08-03
M3-Brigade Acquisition II Corp.,co_4f59438f5736,Warrants,Special Purpose Acquisition Company,,,N/A,,,2021-03-04,,,,-,,,,,,,dspy_extracted,GECC,2023-08-03,GECC,2023-08-03
Movella Holdings Inc.,co_63446ec38492,Warrants,Special Purpose Acquisition Company,,,N/A,,,2021-02-17,,,,-,,,,,,,dspy_extracted,GECC,2023-08-03,GECC,2023-08-03
Northern Star Investment Corp.,co_8e0addec8eb1,Warrants,Automotive,,,N/A,,,2021-01-26,,,,-,,,,,,,dspy_extracted,GECC,2023-08-03,GECC,2023-08-03
Northern Star Investment Corp.,co_8e0addec8eb1,Warrants,Automotive,,,N/A,,,2021-03-02,,,,-,,,,,,,dspy_extracted,GECC,2023-08-03,GECC,2023-08-03
Pear Therapeutics Inc.,co_1a0ebca4b2bf,Warrants,Software & Technology,,,N/A,,,2021-02-02,,,,-,,,,,,,dspy_extracted,GECC,2023-08-03,GECC,2023-08-03
Pivotal Investment Corp.,co_223ca541ed46,Warrants,Automotive,,,N/A,,,2021-02-09,,,,-,,,,,,,dspy_extracted,GECC,2023-08-03,GECC,2023-08-03
Planet Labs PBC,co_2487a46cc9c1,Warrants,Telecommunications,,,N/A,,,2021-03-05,,,,-,,,,,,,dspy_extracted,GECC,2023-08-03,GECC,2023-08-03
Plum Acquisition Corp.,co_8c70846382ef,Warrants,Automotive,,,N/A,,,2021-03-16,,,,-,,,,,,,dspy_extracted,GECC,2023-08-03,GECC,2023-08-03
Polestar Automotive Holding UK PLC,co_f2813a6e31a5,Warrants,Automotive,,,N/A,,,2021-03-23,,,,1,,,,,,,dspy_extracted,GECC,2023-08-03,GECC,2023-08-03
RMG Acquisition Corp.,co_f03eb8692075,Warrants,Automotive,,,N/A,,,2021-02-05,,,,-,,,,,,,dspy_extracted,GECC,2023-08-03,GECC,2023-08-03
Ross Acquisition Corp.,co_66fb97d098ba,Warrants,Automotive,,,N/A,,,2021-03-12,,,,1,,,,,,,dspy_extracted,GECC,2023-08-03,GECC,2023-08-03
Rumble Inc.,co_6775417ca009,Warrants,Automotive,,,N/A,,,2021-05-10,,,,3,,,,,,,dspy_extracted,GECC,2023-08-03,GECC,2023-08-03
Slam Corp.,co_7db67192984f,Warrants,Automotive,,,N/A,,,2021-04-26,,,,-,,,,,,,dspy_extracted,GECC,2023-08-03,GECC,2023-08-03
Sonder Holdings Inc.,co_aa26e82f8a4a,Warrants,Healthcare,,,N/A,,,2021-03-19,,,,-,,,,,,,dspy_extracted,GECC,2023-08-03,GECC,2023-08-03
Sustainable Development Acquisition I Corp.,co_06d67bff0952,Warrants,Automotive,,,N/A,,,2021-02-05,,,,-,,,,,,,dspy_extracted,GECC,2023-08-03,GECC,2023-08-03
Terran Orbital Corp.,co_ff857f03a9a8,Warrants,Telecommunications,,,N/A,,,2021-02-19,,,,1,,,,,,,dspy_extracted,GECC,2023-08-03,GECC,2023-08-03
TLG Acquisition One Corp.,co_e62cc4caa42c,Warrants,Automotive,,,N/A,,,2021-01-28,,,,-,,,,,,,dspy_extracted,GECC,2023-08-03,GECC,2023-08-03
Tritium DCFC Ltd.,co_ee55480ab1df,Warrants,Transportation & Logistics,n/a,,N/A,,,2021-02-04,N/A,5,,2,*,6,,,,,dspy_extracted|principal_scaled_down_1000x,GECC,2023-08-03,GECC,2023-08-03
United States Treasury,co_a78bc95dd4a5,Other,Financial Services,0.00 %,,N/A,,,2023-06-30,2023-08-01,70000,,69715,,69734,,,,,dspy_extracted|principal_scaled_down_1000x,GECC,2023-08-03,GECC,2023-08-03
GS Financial Square Treasury Obligations Fund,co_6832b1ea0657,Other,Financial Services,0.00 %,,N/A,,,2022-06-30,N/A,8424.039,,8424,,8424,,,,,dspy_extracted|principal_scaled_down_1000x,GECC,2023-08-03,GECC,2023-08-03
AgroFresh Inc.,co_eb08af690702,First Lien,Chemicals & Materials,10.63 %,,LIBOR,6.25 %,7.25 %,2021-03-31,2024-12-31,4402,,4303,,4387,,,,,dspy_extracted,GECC,2023-08-03,GECC,2023-08-03
American Tower Corp.,co_dc3e358a62c3,Other Debt,Telecommunications,3.50 %,,Fixed,,,2022-06-24,2023-01-31,3000,,2997,,3000,,,,,dspy_extracted,GECC,2023-08-03,GECC,2023-08-03
ANGUS Chemical Company,co_4b681bb45ba5,Second Lien,Chemicals & Materials,12.07 %,,LIBOR,7.75 %,8.50 %,2022-09-21,2028-11-24,1625,,1505,,1502,,,,,dspy_extracted,GECC,2023-08-03,GECC,2023-08-03
ANGUS Chemical Company,co_4b681bb45ba5,First Lien,Chemicals & Materials,12.14 %,,SOFR,4.75 %,5.50 %,2022-11-04,2027-11-24,3000,,2810,,2795,,,,,dspy_extracted,GECC,2023-08-03,GECC,2023-08-03
APTIM Corp.,co_df1226a1b6a9,Other Debt,Industrials,7.75 %,,Fixed,,,2019-03-28,2025-06-15,5000,,3488,,4128,,,,,dspy_extracted,GECC,2023-08-03,GECC,2023-08-03
Avanti Space Limited Cobham House 20 Black Friars Lane London UK EC4V 6EB,co_71ea9801dfbd,Other Debt,Telecommunications,12.50 %,,Fixed,,,2022-04-13,2024-04-13,1292,,-,,1138,,,,,dspy_extracted,GECC,2023-08-03,GECC,2023-08-03
Avanti Space Limited Cobham House 20 Black Friars Lane London UK EC4V 6EB,co_71ea9801dfbd,Other Debt,Telecommunications,12.50 %,,Fixed,,,2022-04-13,2024-04-13,5119,,-,,4552,,,,,dspy_extracted,GECC,2023-08-03,GECC,2023-08-03
Avanti Space Limited Cobham House 20 Black Friars Lane London UK EC4V 6EB,co_71ea9801dfbd,Other Debt,Telecommunications,12.50 %,,Fixed,,,2022-04-13,2024-10-13,1506,,-,,1339,,,,,dspy_extracted,GECC,2023-08-03,GECC,2023-08-03
Avanti Space Limited Cobham House 20 Black Friars Lane London UK EC4V 6EB,co_71ea9801dfbd,Common Equity,Telecommunications,,,N/A,,,2022-04-13,,,,-,1.72,-,,,,,dspy_extracted,GECC,2023-08-03,GECC,2023-08-03
Avation Capital SA 65 Kampong Bahru Road #01-01 Singapore 169370,co_7bff369f0ac8,Other Debt,Transportation & Logistics,6.50 %,2.50 %,Fixed,,,2022-02-04,2026-10-31,4556,,3577,,3996,,,,,dspy_extracted,GECC,2023-08-03,GECC,2023-08-03
Blackstone Secured Lending,co_32e454a9dde3,Common Equity,Financial Services,,,N/A,,,2022-08-18,,,,4470,,4647,,,,,dspy_extracted,GECC,2023-08-03,GECC,2023-08-03
Crestwood Equity Partners LP,co_a8574e013034,Preferred Equity,Energy,9.25 %,,Fixed,,,2020-06-19,,,,1872,,1288,,,,,dspy_extracted,GECC,2023-08-03,GECC,2023-08-03
Eagle Point Credit Company Inc.,co_7a912e541242,Common Equity,Financial Services,,,N/A,,,2022-08-18,,,,1355,,1509,,,,,dspy_extracted,GECC,2023-08-03,GECC,2023-08-03
ECL Entertainment LLC,co_27c703fce7ba,First Lien,Media & Entertainment,11.88 %,,SOFR,7.50 %,8.25 %,2021-03-31,2028-04-30,4433,,4418,,4397,,,,,dspy_extracted,GECC,2023-08-03,GECC,2023-08-03
Enservco / Heat Waves,co_bbb5a4db78ed,Other Debt,Energy,22.29 %,,Fixed,,,2022-03-24,2026-06-24,1894,,1894,,1918,,,,,dspy_extracted,GECC,2023-08-03,GECC,2023-08-03
Equitrans Midstream Corp.,co_af8dbda86071,Preferred Equity,Energy,9.75 %,,Fixed,,,2021-07-01,,,,4982,,5275,,,,,dspy_extracted,GECC,2023-08-03,GECC,2023-08-03
"First Brands, Inc.",co_53cb28c1a725,Second Lien,Transportation & Logistics,11.87 %,,LIBOR,8.50 %,9.50 %,2021-03-24,2028-03-30,12545,12162,11800,,,,,,,dspy_extracted,GECC,2023-08-03,GECC,2023-08-03
Flexsys Holdings,co_fdf6c33899b5,First Lien,Chemicals & Materials,9.69 %,,SOFR,5.25 %,6.00 %,2022-11-04,2028-11-01,4987,3936,4052,,,,,,,dspy_extracted,GECC,2023-08-03,GECC,2023-08-03
"Forum Energy Technologies, Inc.",co_3b894c5dd188,First Lien,Energy,9.00 %,,Fixed,,,2022-05-09,2025-08-04,2705,2627,2877,,,,,,,dspy_extracted,GECC,2023-08-03,GECC,2023-08-03
"Greenway Health, LLC",co_0947055800e7,Revolver,Software & Technology,8.52 %,,LIBOR,3.75 %,,2020-01-27,2023-11-17,,( 34	),-,,,,,,,dspy_extracted,GECC,2023-08-03,GECC,2023-08-03
"Greenway Health, LLC",co_0947055800e7,Revolver,Software & Technology,0.50 %,,Fixed,,,2020-01-27,2023-11-17,8026,-,-,,,,,,,dspy_extracted,GECC,2023-08-03,GECC,2023-08-03
"Lenders Funding, LLC",co_b04626bd74e6,Revolver,Financial Services,8.75 %,,Prime,1.25 %,1.25 %,2021-09-20,2023-09-20,1555,1555,1555,,,,,,,dspy_extracted,GECC,2023-08-03,GECC,2023-08-03
"Lenders Funding, LLC",co_b04626bd74e6,Revolver,Financial Services,,,N/A,,,2021-09-20,2023-09-20,3445,-,-,,,,,,,dspy_extracted,GECC,2023-08-03,GECC,2023-08-03
"Lenders Funding, LLC",co_b04626bd74e6,Common Equity,Financial Services,,,N/A,,,2021-09-20,,6287,7250,2205,62.87,,,,,,dspy_extracted,GECC,2023-08-03,GECC,2023-08-03
Mad Engine Global LLC,co_82f34b67b45f,First Lien,Consumer & Retail,11.73 %,,LIBOR,7.00 %,8.00 %,2021-06-30,2027-07-15,2906,2845,2371,,,,,,,dspy_extracted,GECC,2023-08-03,GECC,2023-08-03
Martin Midstream Partners LP,co_49f757987bc7,Second Lien,Energy,11.50 %,,Fixed,,,2020-12-09,2025-02-28,9584,9582,9536,,,,,,,dspy_extracted,GECC,2023-08-03,GECC,2023-08-03
Newfold Digital Inc.,co_e720db785129,Unsecured Debt,Media & Entertainment,6.00 %,,Fixed,,,2022-06-28,2029-02-15,2000,1508,1375,,,,,,,dspy_extracted,GECC,2023-08-03,GECC,2023-08-03
NICE-PAK Products Inc.,co_ac77d9d1a179,Other Debt,Consumer & Retail,,,N/A,,,2022-09-30,2029-09-30,1449,,632,,,,,,,dspy_extracted,GECC,2023-08-03,GECC,2023-08-03
NICE-PAK Products Inc.,co_ac77d9d1a179,Warrants,Consumer & Retail,,,N/A,,,2022-09-30,,880909,,,2.56,,,,,,dspy_extracted,GECC,2023-08-03,GECC,2023-08-03
NuStar Energy LP,co_633ccb4f3aa1,Preferred Equity,Energy,11.41 %,,LIBOR,6.77 %,6.77 %,2022-12-22,,2500,55,57,,,,,,,dspy_extracted|fair_value_suspicious_vs_size,GECC,2023-08-03,GECC,2023-08-03
Par Petroleum LLC,co_fea0fd26645c,First Lien,Energy,7.75 %,,Fixed,,,2020-10-30,2025-12-15,3000,2696,2880,,,,,,,dspy_extracted,GECC,2023-08-03,GECC,2023-08-03
Par Petroleum LLC,co_fea0fd26645c,First Lien,Energy,12.88 %,,Fixed,,,2022-05-17,2026-01-15,2383,2610,2508,,,,,,,dspy_extracted,GECC,2023-08-03,GECC,2023-08-03
Perforce Software Inc.,co_8736d4f129ac,Revolver,Software & Technology,0.50 %,,Fixed,,,2020-01-24,2024-07-01,4375,,-365,,,,,,,dspy_extracted,GECC,2023-08-03,GECC,2023-08-03
Prestige Capital Finance LLC,co_b7c0720d83ea,Subordinated Debt,Financial Services,11.00 %,,,,,2021-06-15,2023-06-15,3000,3000,3000,,3000,,,,,dspy_extracted,GECC,2023-08-03,GECC,2023-08-03
Research Now Group Inc.,co_f56b9233964e,First Lien,Media & Entertainment,3.50 %,,Prime,3.50 %,3.50 %,2019-01-29,2024-06-14,5974,5967,5577,,,,,,,dspy_extracted,GECC,2023-08-03,GECC,2023-08-03
Research Now Group Inc.,co_f56b9233964e,First Lien,Media & Entertainment,0.50 %,,,,,2019-01-29,2024-06-14,4026,-,( 267	),,,,,,,dspy_extracted,GECC,2023-08-03,GECC,2023-08-03
SCIH Salt Holdings Inc.,co_b369f6da5ffe,Unsecured Debt,Food & Beverage,6.63 %,,Fixed,,,2022-06-24,2029-05-01,2000,1645,1611,,,,,,,dspy_extracted,GECC,2023-08-03,GECC,2023-08-03
Sprout Holdings LLC,co_f78963f249ba,Other Debt,Financial Services,11.50 %,,Fixed,,,2021-06-23,2023-06-23,873,873,873,,873,,,,,dspy_extracted,GECC,2023-08-03,GECC,2023-08-03
Summit Midstream Holdings LLC,co_b0d60a3065a3,Unsecured Debt,Energy,5.75 %,,Fixed,,,2022-08-10,2025-04-15,1386,1180,1173,,,,,,,dspy_extracted,GECC,2023-08-03,GECC,2023-08-03
Target Hospitality Corp.,co_e6037c23edc2,Other Debt,Healthcare,9.50 %,,Fixed,,,2021-05-13,2024-03-15,5000,4985,4988,,,,,,,dspy_extracted,GECC,2023-08-03,GECC,2023-08-03
TRU Taj Trust,co_e9f013e18a36,Common Equity,Consumer & Retail,,,N/A,,,2017-07-21,,16000,611,5,2.75	%,,,,,,dspy_extracted|fair_value_suspicious_vs_size,GECC,2023-08-03,GECC,2023-08-03
United Insurance Holdings Corp.,co_380e913eb9a7,Unsecured Debt,Insurance,7.25 %,,Fixed,,,2022-12-20,2027-12-15,6000,2469,2340,,,,,,,dspy_extracted,GECC,2023-08-03,GECC,2023-08-03
Vantage Specialty Chemicals Inc.,co_7a3d59fdd9e8,Second Lien,Chemicals & Materials,12.98 %,,LIBOR,8.25 %,9.25 %,2021-06-08,2025-10-26,4693,4582,4543,,,,,,,dspy_extracted,GECC,2023-08-03,GECC,2023-08-03
W&T Offshore Inc.,co_2f9481e6cc6e,Second Lien,Energy,9.75 %,,Fixed,,,2021-05-05,2023-11-01,8000,7798,7858,,,,,,,dspy_extracted,GECC,2023-08-03,GECC,2023-08-03
AdTheorent Holding Company Inc.,co_bd39b8d9f303,Warrants,Media & Entertainment,,,N/A,,,2021-02-26,,4166,3,1,,,,,,,dspy_extracted|fair_value_suspicious_vs_size,GECC,2023-08-03,GECC,2023-08-03
Agile Growth Corp.,co_44a992ce107b,Warrants,Automotive,,,N/A,,,2021-03-10,,652,1,-,,,,,,,dspy_extracted,GECC,2023-08-03,GECC,2023-08-03
Allego N.V. Industriepark Kleefse Waard Westervoortsedijk 73 KB,co_e22b01cab191,Warrants,Transportation & Logistics,,,N/A,,,2021-03-17,,8000,9,1,,,,,,,dspy_extracted|fair_value_suspicious_vs_size,GECC,2023-08-03,GECC,2023-08-03
Apollo Strategic Growth Capital II 9 West 57th Street 43rd Floor New York NY 10019,co_c629d42164ad,Warrants,Automotive,,,N/A,,,2021-02-10,,500,1,-,,,,,,,dspy_extracted,GECC,2023-08-03,GECC,2023-08-03
Arctos NorthStar Acquisition Corp.,co_121edbf6a21a,Warrants,Automotive,,,N/A,,,2021-02-23,,125,-,-,,,,,,,dspy_extracted,GECC,2023-08-03,GECC,2023-08-03
Ares Acquisition Corp.,co_f56fc41eb073,Warrants,Automotive,,,N/A,,,2021-02-02,,20000,18,9,,,,,,,dspy_extracted|fair_value_suspicious_vs_size,GECC,2023-08-03,GECC,2023-08-03
BigBear.ai Holdings Inc.,co_fe39c39ed123,Warrants,Business Services,,,N/A,,,2021-02-09,,8333,6,-,,,,,,,dspy_extracted,GECC,2023-08-03,GECC,2023-08-03
Biote Corp.,co_ec4f005dfc3d,Warrants,Healthcare,,,N/A,,,2021-03-02,,400,-,-,,,,,,,dspy_extracted,GECC,2023-08-03,GECC,2023-08-03
Cartesian Growth Corp.,co_8ff952abd4ad,Warrants,Automotive,,,N/A,,,2021-02-24,,1666,1,1,,,,,,,dspy_extracted|fair_value_suspicious_vs_size,GECC,2023-08-03,GECC,2023-08-03
Catcha Investment Corp.,co_cd901cbb87bd,Warrants,Automotive,,,N/A,,,2021-02-12,,166,-,-,,,,,,,dspy_extracted,GECC,2023-08-03,GECC,2023-08-03
CC Neuberger Principal Holdings III,co_22089e8fdc6d,Warrants,Automotive,,,N/A,,,2021-02-03,,500,1,-,,,,,,,dspy_extracted,GECC,2023-08-03,GECC,2023-08-03
CF Acquisition Corp.,co_af2661c78968,Warrants,Automotive,,,N/A,,,2021-03-12,,1000,1,-,,,,,,,dspy_extracted,GECC,2023-08-03,GECC,2023-08-03
Climate Real Impact Solutions II Acquisition Corp.,co_31ff7e30c997,Warrants,Other,,,N/A,,,2021-01-27,,,,-,*,2,,,,,dspy_extracted,GECC,2023-08-03,GECC,2023-08-03
Colonnade Acquisition Corp.,co_fcd5eaef67a0,Warrants,Other,,,N/A,,,2021-03-10,,,,-,*,2,,,,,dspy_extracted,GECC,2023-08-03,GECC,2023-08-03
Compute Health Acquisition Corp.,co_5f48b372b3b1,Warrants,Other,,,N/A,,,2021-02-05,,,,-,*,-,,,,,dspy_extracted,GECC,2023-08-03,GECC,2023-08-03
Core Scientific Inc.,co_3a1f25366961,Warrants,Software & Technology,,,N/A,,,2021-02-10,,,,-,*,2,,,,,dspy_extracted,GECC,2023-08-03,GECC,2023-08-03
D & Z Media Acquisition Corp.,co_a58140f282c5,Warrants,Media & Entertainment,,,N/A,,,2021-01-26,,,,-,*,-,,,,,dspy_extracted,GECC,2023-08-03,GECC,2023-08-03
Dave Inc.,co_bbc09a7ad948,Warrants,Financial Services,,,N/A,,,2021-03-05,,,,-,*,7,,,,,dspy_extracted,GECC,2023-08-03,GECC,2023-08-03
ESM Acquisition Corp.,co_73e810336104,Warrants,Other,,,N/A,,,2021-03-10,,,,1,*,7,,,,,dspy_extracted,GECC,2023-08-03,GECC,2023-08-03
Fast Radius Inc.,co_d4000dc84057,Warrants,Industrials,,,N/A,,,2021-02-09,,,,-,*,1,,,,,dspy_extracted,GECC,2023-08-03,GECC,2023-08-03
First Reserve Sustainable Growth Corp.,co_2dc59ea275b6,Warrants,Environmental Services,,,N/A,,,2021-03-05,,,,-,*,6,,,,,dspy_extracted,GECC,2023-08-03,GECC,2023-08-03
Frontier Acquisition Corp.,co_01bbdb221591,Warrants,Other,,,N/A,,,2021-03-11,,,,-,*,3,,,,,dspy_extracted,GECC,2023-08-03,GECC,2023-08-03
FTAC Athena Acquisition Corp.,co_486f7e23e413,Warrants,Other,,,N/A,,,2021-02-23,,1250,,-,*,1,,,,,dspy_extracted,GECC,2023-08-03,GECC,2023-08-03
FTAC Hera Acquisition Corp.,co_a833372af608,Warrants,Other,,,N/A,,,2021-03-04,,100,,-,*,-,,,,,dspy_extracted,GECC,2023-08-03,GECC,2023-08-03
Fusion Acquisition Corp.,co_a39b406d3a5f,Warrants,Other,,,N/A,,,2021-02-26,,1666,,-,*,1,,,,,dspy_extracted,GECC,2023-08-03,GECC,2023-08-03
G Squared Ascend I Inc.,co_f6ece27edf97,Warrants,Other,,,N/A,,,2021-02-05,,1,,-,*,1,,,,,dspy_extracted|principal_scaled_down_1000x,GECC,2023-08-03,GECC,2023-08-03
Grove Collaborative Holdings Inc.,co_3fcd91bd9360,Warrants,Consumer & Retail,,,N/A,,,2021-03-23,,5000,,1,*,7,,,,,cost_suspicious_vs_size|dspy_extracted|fair_value_suspicious_vs_size,GECC,2023-08-03,GECC,2023-08-03
Iris Acquisition Corp.,co_60351c9c2939,Warrants,Other,,,N/A,,,2021-03-05,,500,,-,*,1,,,,,dspy_extracted,GECC,2023-08-03,GECC,2023-08-03
Jaws Mustang Acquisition Corp.,co_a092dc59faa2,Warrants,Other,,,N/A,,,2021-02-02,,6.25,,1,*,7,,,,,dspy_extracted|principal_scaled_down_1000x,GECC,2023-08-03,GECC,2023-08-03
Kismet Acquisition Two Corp.,co_4b159074ad40,Warrants,Other,,,N/A,,,2021-02-18,,326,,-,*,-,,,,,dspy_extracted,GECC,2023-08-03,GECC,2023-08-03
Kismet Acquisition Three Corp.,co_4b159074ad40,Warrants,Other,,,N/A,,,2021-02-18,,4133,,-,*,3,,,,,dspy_extracted,GECC,2023-08-03,GECC,2023-08-03
L Catterton Asia Acquisition C 8 Marina View Asia Square Tower 1 No 41-03 Singapore 018960,co_3e2d7b0a3e3c,Warrants,Other,,,N/A,,,2021-03-11,,5.933,,-,*,6,,,,,dspy_extracted|principal_scaled_down_1000x,GECC,2023-08-03,GECC,2023-08-03
Lazard Growth Acquisition Corp.,co_1a1b3ae62720,Warrants,Other,,,N/A,,,2021-02-10,,500,,-,*,1,,,,,dspy_extracted,GECC,2023-08-03,GECC,2023-08-03
Live Oak Mobility Acquisition Corp.,co_d677f1348da5,Warrants,Other,,,N/A,,,2021-03-02,,400,,-,*,1,,,,,dspy_extracted,GECC,2023-08-03,GECC,2023-08-03
M3-Brigade Acquisition II Corp.,co_4f59438f5736,Warrants,Other,,,N/A,,,2021-03-04,,3.333,,-,*,4,,,,,dspy_extracted|principal_scaled_down_1000x,GECC,2023-08-03,GECC,2023-08-03
New Vista Acquisition Corp.,co_66b2d26ce1b6,Warrants,Other,,,N/A,,,2021-02-17,,166,,-,*,-,,,,,dspy_extracted,GECC,2023-08-03,GECC,2023-08-03
Northern Star Investment Corp.,co_8e0addec8eb1,Warrants,Financial Services,,,N/A,,,2021-01-26,,100,,-,*,-,,,,,dspy_extracted,GECC,2023-08-03,GECC,2023-08-03
Northern Star Investment Corp.,co_8e0addec8eb1,Warrants,Financial Services,,,N/A,,,2021-03-02,,66,,-,*,-,,,,,dspy_extracted,GECC,2023-08-03,GECC,2023-08-03
Pathfinder Acquisition Corp.,co_6d016efa6266,Warrants,Other,,,N/A,,,2021-02-17,,1,,-,*,1,,,,,dspy_extracted|principal_scaled_down_1000x,GECC,2023-08-03,GECC,2023-08-03
Pear Therapeutics Inc.,co_1a0ebca4b2bf,Warrants,Software & Technology,,,N/A,,,2021-02-02,,1.666,,-,*,2,,,,,dspy_extracted|principal_scaled_down_1000x,GECC,2023-08-03,GECC,2023-08-03
Peridot Acquisition Corp.,co_ca620ef39a41,Warrants,Other,,,N/A,,,2021-03-09,,2000,,-,*,3,,,,,dspy_extracted,GECC,2023-08-03,GECC,2023-08-03
Pivotal Investment Corp.,co_223ca541ed46,Warrants,Financial Services,,,N/A,,,2021-02-09,,100,,-,*,-,,,,,dspy_extracted,GECC,2023-08-03,GECC,2023-08-03
Planet Labs PBC,co_2487a46cc9c1,Warrants,Telecommunications,,,N/A,,,2021-03-05,,400,,-,*,-,,,,,dspy_extracted,GECC,2023-08-03,GECC,2023-08-03
Plum Acquisition Corp.,co_8c70846382ef,Warrants,Other,,,N/A,,,2021-03-16,,1.6,,-,*,2,,,,,dspy_extracted|principal_scaled_down_1000x,GECC,2023-08-03,GECC,2023-08-03
Polestar Automotive Holding UK PLC,co_f2813a6e31a5,Warrants,Automotive,,,N/A,,,2021-03-23,,2000,,2,*,5,,,,,cost_suspicious_vs_size|dspy_extracted|fair_value_suspicious_vs_size,GECC,2023-08-03,GECC,2023-08-03
RMG Acquisition Corp.,co_f03eb8692075,Warrants,Other,,,N/A,,,2021-02-05,,3333,,-,*,5,,,,,dspy_extracted,GECC,2023-08-03,GECC,2023-08-03
Ross Acquisition Corp.,co_66fb97d098ba,Warrants,Other,,,N/A,,,2021-03-12,,6.666,,-,*,7,,,,,dspy_extracted|principal_scaled_down_1000x,GECC,2023-08-03,GECC,2023-08-03
Rumble Inc.,co_6775417ca009,Warrants,Other,,,N/A,,,2021-05-10,,1250,,2,*,1,,,,,cost_suspicious_vs_size|dspy_extracted|fair_value_suspicious_vs_size,GECC,2023-08-03,GECC,2023-08-03
Sandbridge X2 Corp.,co_777a7b55088f,Warrants,Other,,,N/A,,,2021-03-10,,666,,-,*,1,,,,,dspy_extracted,GECC,2023-08-03,GECC,2023-08-03
ScION Tech Growth II 10 Queen St Place 2nd Floor London UK EC4R 1BE,co_183a18022a83,Warrants,Other,,,N/A,,,2021-02-10,,166,,-,*,-,,,,,dspy_extracted,GECC,2023-08-03,GECC,2023-08-03
Silver Spike Acquisition Corp.,co_208111256b48,Warrants,Other,,,N/A,,,2021-03-11,,5,,-,*,6,,,,,dspy_extracted|principal_scaled_down_1000x,GECC,2023-08-03,GECC,2023-08-03
Slam Corp.,co_7db67192984f,Warrants,Other,,,N/A,,,2021-04-26,,1250,,-,*,1,,,,,dspy_extracted,GECC,2023-08-03,GECC,2023-08-03
Sonder Holdings Inc.,co_aa26e82f8a4a,Warrants,Healthcare,,,N/A,,,2021-03-19,,500,,-,*,1,,,,,dspy_extracted,GECC,2023-08-03,GECC,2023-08-03
Supernova Partners Acquisition Company III Ltd.,co_207e45107dcf,Warrants,Special Purpose Acquisition Company,,,N/A,,,2021-03-23,,80,,-,*,-,,,,,dspy_extracted,GECC,2023-08-03,GECC,2023-08-03
Sustainable Development Acquisition I Corp.,co_06d67bff0952,Warrants,Special Purpose Acquisition Company,,,N/A,,,2021-02-05,,1250,,-,*,1,,,,,dspy_extracted,GECC,2023-08-03,GECC,2023-08-03
Tailwind International Acquisition Corp.,co_a32ece37166f,Warrants,Special Purpose Acquisition Company,,,N/A,,,2021-02-19,,4166,,-,*,3,,,,,dspy_extracted,GECC,2023-08-03,GECC,2023-08-03
Tech and Energy Transition Corp.,co_ec522debe824,Warrants,Special Purpose Acquisition Company,,,N/A,,,2021-03-17,,666,,-,*,1,,,,,dspy_extracted,GECC,2023-08-03,GECC,2023-08-03
Terran Orbital Corp.,co_ff857f03a9a8,Warrants,Other,,,N/A,,,2021-02-19,,3.333,,-,*,3,,,,,dspy_extracted|principal_scaled_down_1000x,GECC,2023-08-03,GECC,2023-08-03
TLG Acquisition One Corp.,co_e62cc4caa42c,Warrants,Special Purpose Acquisition Company,,,N/A,,,2021-01-28,,5000,,-,*,3,,,,,dspy_extracted,GECC,2023-08-03,GECC,2023-08-03
Tritium DCFC Ltd.,co_ee55480ab1df,Warrants,Other,,,N/A,,,2021-02-04,,5,,2,*,6,,,,,dspy_extracted|principal_scaled_down_1000x,GECC,2023-08-03,GECC,2023-08-03
VPC Impact Acquisition Holdings II,co_deaaf7e7913a,Warrants,Special Purpose Acquisition Company,,,N/A,,,2021-03-05,,10000,,-,*,7,,,,,dspy_extracted,GECC,2023-08-03,GECC,2023-08-03
Warburg Pincus Capital Corp.,co_5944d3c0e2fe,Warrants,Special Purpose Acquisition Company,,,N/A,,,2021-03-05,,80,,-,*,-,,,,,dspy_extracted,GECC,2023-08-03,GECC,2023-08-03
United States Treasury,co_a78bc95dd4a5,Other,Automotive,0.00 %,,N/A,,,2022-12-30,2023-03-31,70000,,69785,,69798,,,,,dspy_extracted|principal_scaled_down_1000x,GECC,2023-08-03,GECC,2023-08-03
GS Financial Square Treasury Obligations Fund,co_6832b1ea0657,Other,Automotive,0.00 %,,N/A,,,2022-06-30,,6341.888,,6342,,6342,,,,,dspy_extracted|principal_scaled_down_1000x,GECC,2023-08-03,GECC,2023-08-03
Advancion,co_cecc5e9a9fd0,Second Lien,Chemicals & Materials,13.17 %,,SOFR,7.75 %,8.50 %,2021-09-22,2028-11-24,1625,1512,1511,,,,,,,dspy_extracted,GECC,2023-11-02,GECC,2023-11-02
American Coastal Insurance Corp.,co_aa016be18373,Unsecured Debt,Insurance,7.25 %,,Fixed,,,2022-12-20,2027-12-15,16500,8528,13448,,,,,,,dspy_extracted,GECC,2023-11-02,GECC,2023-11-02
APTIM Corp.,co_df1226a1b6a9,First Lien,Industrials,7.75 %,,Fixed,,,2019-03-28,2025-06-15,3950,3383,3654,,,,,,,dspy_extracted,GECC,2023-11-02,GECC,2023-11-02
"Avanti Space Limited Cobham House 20 Black Friars Lane London, UK EC4V 6EB",co_71ea9801dfbd,Other Debt,Telecommunications,12.50 %,,Fixed,,,2022-04-13,2024-04-13,1418,1138,,,,,,,,dspy_extracted,GECC,2023-11-02,GECC,2023-11-02
"Avanti Space Limited Cobham House 20 Black Friars Lane London, UK EC4V 6EB",co_71ea9801dfbd,Other Debt,Telecommunications,12.50 %,,Fixed,,,2022-04-13,2024-04-13,5619,4552,,,,,,,,dspy_extracted,GECC,2023-11-02,GECC,2023-11-02
"Avanti Space Limited Cobham House 20 Black Friars Lane London, UK EC4V 6EB",co_71ea9801dfbd,Other Debt,Telecommunications,12.50 %,,Fixed,,,2022-04-13,2024-10-13,1653,1339,,,,,,,,dspy_extracted,GECC,2023-11-02,GECC,2023-11-02
"Avanti Space Limited Cobham House 20 Black Friars Lane London, UK EC4V 6EB",co_71ea9801dfbd,Common Equity,Telecommunications,,,N/A,,,2022-04-13,,1722,,,1.39,,,,,,dspy_extracted,GECC,2023-11-02,GECC,2023-11-02
Avation Capital SA 65 Kampong Bahru Road #01-01 Singapore 169370,co_7bff369f0ac8,Second Lien,Aerospace & Defense,8.25 %,,Fixed,,,2022-02-04,2026-10-31,4613,4142,3944,,,,,,,dspy_extracted,GECC,2023-11-02,GECC,2023-11-02
Blackstone Secured Lending,co_32e454a9dde3,Common Equity,Automotive,,,N/A,,,2022-08-18,,169105,4007,4627,,,,,,,dspy_extracted|fair_value_suspicious_vs_size,GECC,2023-11-02,GECC,2023-11-02
Blue Ribbon LLC,co_c4f2f6705335,First Lien,Food & Beverage,11.44 %,,SOFR,6.00 %,6.75 %,2023-02-06,2028-05-07,4886,3598,4104,,,,,,,dspy_extracted,GECC,2023-11-02,GECC,2023-11-02
Coreweave Compute Acquisition Co. II LLC,co_0978cc636b37,First Lien,Software & Technology,14.13 %,,SOFR,8.75 %,8.75 %,2023-07-31,2028-07-31,553,544,544,,,,,,,dspy_extracted,GECC,2023-11-02,GECC,2023-11-02
CSC Serviceworks 35 Pinelawn Road Suite,co_59f560cce657,First Lien,Business Services,9.66 %,,SOFR,4.00 %,4.75 %,2023-09-26,2028-03-04,1995,1736,1720,,,,,,,dspy_extracted,GECC,2023-11-02,GECC,2023-11-02
Eagle Point Credit Company Inc.,co_7a912e541242,Common Equity,Automotive,,,N/A,,,2022-08-18,,255000,2755,2588,,,,,,,dspy_extracted|fair_value_suspicious_vs_size,GECC,2023-11-02,GECC,2023-11-02
EagleView Technology Corp.,co_5746bd093a65,First Lien,Software & Technology,9.15 %,,SOFR,3.50 %,3.50 %,2023-08-17,2025-08-14,1995,1794,1881,,,,,,,dspy_extracted,GECC,2023-11-02,GECC,2023-11-02
ECL Entertainment LLC,co_27c703fce7ba,Other,Healthcare,10.14 %,,SOFR,4.75 %,5.50 %,2023-08-17,2028-08-31,3000,,2991,,2940,,,,,dspy_extracted,GECC,2023-11-02,GECC,2023-11-02
First Brands Inc.,co_53cb28c1a725,Other,Transportation & Logistics,14.38 %,,SOFR,8.50 %,9.50 %,2021-03-24,2028-03-30,12545,,11771,,12205,,,,,dspy_extracted,GECC,2023-11-02,GECC,2023-11-02
First Brands Inc.,co_53cb28c1a725,Other,Transportation & Logistics,10.88 %,,SOFR,5.00 %,6.00 %,2023-06-09,2027-03-30,4974,,4900,,4841,,,,,dspy_extracted,GECC,2023-11-02,GECC,2023-11-02
Flexsys Holdings,co_fdf6c33899b5,Other,Chemicals & Materials,10.9 %,,SOFR,5.25 %,6.00 %,2022-11-04,2028-11-01,4950,,4628,,3997,,,,,dspy_extracted,GECC,2023-11-02,GECC,2023-11-02
Florida Marine LLC,co_04b02011caf9,Other,Transportation & Logistics,14.64 %,,SOFR,9.20 %,11.20 %,2023-03-17,2028-03-17,6927,,6846,,6745,,,,,dspy_extracted,GECC,2023-11-02,GECC,2023-11-02
Foresight Energy,co_780e4635a312,Other,Chemicals & Materials,13.49 %,,SOFR,8.00 %,9.50 %,2021-07-29,2027-06-30,5990,,5990,,6019,,,,,dspy_extracted,GECC,2023-11-02,GECC,2023-11-02
FTAI Infrastructure Inc.,co_c4fc3be390dd,Other,Industrials,10.50 %,,,,,2022-06-29,2027-06-01,2000,,1990,,1913,,,,,dspy_extracted,GECC,2023-11-02,GECC,2023-11-02
Great Elm Specialty Finance LLC,co_274440f466a4,Other,Financial Services,13.00 %,,,,,2023-09-01,2026-06-30,28733,,28733,,28733,,,,,dspy_extracted,GECC,2023-11-02,GECC,2023-11-02
Great Elm Specialty Finance LLC,co_274440f466a4,Other,Financial Services,,,N/A,,,2023-09-01,,87500,,17500,87.50	%,17567,,,,,dspy_extracted,GECC,2023-11-02,GECC,2023-11-02
Greenfire Resources Ltd.,co_aa54a5e0036e,Other,Energy,12.00 %,,,,,2023-09-13,2028-10-01,6500,,6395,,6371,,,,,dspy_extracted,GECC,2023-11-02,GECC,2023-11-02
Greenway Health LLC,co_0947055800e7,Other,Software & Technology,0.50 %,,N/A,,,2020-01-27,2023-11-17,8026,,,,,,,,,dspy_extracted,GECC,2023-11-02,GECC,2023-11-02
Harvey Gulf Holdings LLC,co_673a6df69bc1,Other,Transportation & Logistics,10.13 %,,SOFR,4.50 %,5.50 %,2022-08-10,2027-08-10,428,,428,,422,,,,,dspy_extracted,GECC,2023-11-02,GECC,2023-11-02
Harvey Gulf Holdings LLC,co_673a6df69bc1,Other,Transportation & Logistics,14.71 %,,SOFR,9.08 %,10.08 %,2022-08-10,2027-08-10,6535,,6545,,6373,,,,,dspy_extracted,GECC,2023-11-02,GECC,2023-11-02
Lenders Funding LLC,co_b04626bd74e6,Other,Financial Services,9.75 %,,Prime,1.25 %,1.25 %,2021-09-20,2023-12-31,5000,,5888,,5888,,,,,dspy_extracted,GECC,2023-11-02,GECC,2023-11-02
Lummus Technology Holdings,co_f48e428ebed1,Other,Chemicals & Materials,9.00 %,,,,,2022-05-17,2028-07-01,4150,,3919,,3608,,,,,dspy_extracted,GECC,2023-11-02,GECC,2023-11-02
Mad Engine Global LLC,co_82f34b67b45f,First Lien,Consumer & Retail,12.65 %,,SOFR,7.00 %,8.00 %,2021-06-30,2027-07-15,2850,,2004,,2798,,,,,dspy_extracted,GECC,2023-11-02,GECC,2023-11-02
Manchester Acquisition Sub LLC,co_19782064e0cc,First Lien,Chemicals & Materials,11.31 %,,SOFR,5.75 %,6.50 %,2023-09-26,2026-11-01,2948,,2691,,2656,,,,,dspy_extracted,GECC,2023-11-02,GECC,2023-11-02
Martin Midstream Partners LP,co_49f757987bc7,Second Lien,Energy,11.50 %,,Fixed,,,2023-01-31,2028-02-15,2000,,2033,,1946,,,,,dspy_extracted,GECC,2023-11-02,GECC,2023-11-02
Maverick Gaming LLC,co_28f75db82886,First Lien,Healthcare,13.18 %,,SOFR,7.50 %,8.50 %,2021-11-16,2026-09-03,5867,,4341,,5739,,,,,dspy_extracted,GECC,2023-11-02,GECC,2023-11-02
New Wilkie Energy Pty Ltd.,co_94d6ef1f3b62,First Lien,Chemicals & Materials,17.89 %,5.00 %,SOFR,12.50 %,14.50 %,2023-04-06,2026-04-06,4873,,4796,,4746,,,,,dspy_extracted,GECC,2023-11-02,GECC,2023-11-02
New Wilkie Energy Pty Ltd.,co_94d6ef1f3b62,Warrants,Chemicals & Materials,,,N/A,,,2023-04-06,,1078899,,8,,-,,,,,dspy_extracted,GECC,2023-11-02,GECC,2023-11-02
NICE-PAK Products Inc.,co_ac77d9d1a179,Other Debt,Consumer & Retail,19.15 %,8.00 %,SOFR,13.50 %,14.50 %,2022-09-30,2027-09-30,9209,,8523,,8971,,,,,dspy_extracted,GECC,2023-11-02,GECC,2023-11-02
NICE-PAK Products Inc.,co_ac77d9d1a179,Other,Consumer & Retail,,,N/A,,,2022-09-30,2029-09-30,1449,,1199,,-,,,,,dspy_extracted,GECC,2023-11-02,GECC,2023-11-02
NICE-PAK Products Inc.,co_ac77d9d1a179,Warrants,Consumer & Retail,,,N/A,,,2022-09-30,,880909,,-,,-,,,,,dspy_extracted,GECC,2023-11-02,GECC,2023-11-02
Par Petroleum LLC,co_fea0fd26645c,First Lien,Energy,9.77 %,,SOFR,4.25 %,4.75 %,2023-02-14,2030-02-28,3980,,3968,,3923,,,,,dspy_extracted,GECC,2023-11-02,GECC,2023-11-02
PFS Holdings Corp.,co_53aae39dd10e,First Lien,Food & Beverage,12.42 %,,SOFR,7.00 %,8.00 %,2020-11-13,2024-11-13,1046,,969,,1046,,,,,dspy_extracted,GECC,2023-11-02,GECC,2023-11-02
PFS Holdings Corp.,co_53aae39dd10e,Common Equity,Food & Beverage,,,N/A,,,2020-11-13,,5238,,503,,12379,,,,,dspy_extracted,GECC,2023-11-02,GECC,2023-11-02
ProFrac Holdings II LLC,co_b0bc18c68ff8,First Lien,Energy,12.9 %,,SOFR,7.25 %,8.25 %,2023-02-01,2025-03-04,9634,,9742,,9494,,,,,dspy_extracted,GECC,2023-11-02,GECC,2023-11-02
Research Now Group Inc.,co_f56b9233964e,Revolver,Media & Entertainment,10.15 %,,SOFR,4.50 %,4.50 %,2019-01-29,2024-06-14,9677,,8657,,9674,,,,,dspy_extracted,GECC,2023-11-02,GECC,2023-11-02
Research Now Group Inc.,co_f56b9233964e,Revolver,Media & Entertainment,0.50 %,,Fixed,,,2019-01-29,2024-06-14,323,,-34,,-,,,,,dspy_extracted,GECC,2023-11-02,GECC,2023-11-02
Research Now Group Inc.,co_f56b9233964e,Second Lien,Media & Entertainment,15.13 %,,SOFR,9.50 %,10.50 %,2019-05-20,2025-12-20,8000,,4867,,7972,,,,,dspy_extracted,GECC,2023-11-02,GECC,2023-11-02
Ruby Tuesday Operations LLC,co_1f7d49afa371,First Lien,Food & Beverage,11.44%,6.00%,SOFR,12.00%,13.25%,2021-02-24,2025-02-24,2153,2153,2097,,2153,,,,,dspy_extracted,GECC,2023-11-02,GECC,2023-11-02
Ruby Tuesday Operations LLC,co_1f7d49afa371,First Lien,Food & Beverage,,,SOFR,16.00%,17.25%,2023-01-31,2025-02-24,567,567,567,,567,,,,,dspy_extracted,GECC,2023-11-02,GECC,2023-11-02
Ruby Tuesday Operations LLC,co_1f7d49afa371,Warrants,Food & Beverage,,,N/A,,,2021-02-24,,311697,-,912,2.81,,,,,,dspy_extracted|fair_value_suspicious_vs_size,GECC,2023-11-02,GECC,2023-11-02
SCIH Salt Holdings Inc.,co_b369f6da5ffe,First Lien,Food & Beverage,,,SOFR,4.00%,4.75%,2023-06-21,2027-03-16,1988,1954,1974,,1954,,,,,dspy_extracted,GECC,2023-11-02,GECC,2023-11-02
Stone Ridge Opportunities Fund LP. One Vanderbilt Ave. 65th Floor New York NY 10017,co_394bfcb28dc7,Other,Insurance,,,N/A,,,2022-12-15,,3000,3000,3702,,3000,,,,,dspy_extracted|principal_scaled_down_1000x,GECC,2023-11-02,GECC,2023-11-02
Summit Midstream Holdings LLC,co_b0d60a3065a3,Second Lien,Energy,9.00%,,Fixed,,,2021-10-19,2026-10-15,4000,3844,3841,,3844,,,,,dspy_extracted,GECC,2023-11-02,GECC,2023-11-02
TRU Taj Trust,co_e9f013e18a36,Common Equity,Consumer & Retail,,,N/A,,,2017-07-21,,16000,611,54,2.75,611,,,,,cost_suspicious_vs_size|dspy_extracted|fair_value_suspicious_vs_size,GECC,2023-11-02,GECC,2023-11-02
Universal Fiber Systems,co_17de53ba34fb,Other Debt,Chemicals & Materials,9.41%,9.00%,SOFR,3.98%,4.98%,2021-09-30,2026-09-29,7627,7543,7657,,7543,,,,,dspy_extracted,GECC,2023-11-02,GECC,2023-11-02
Universal Fiber Systems,co_17de53ba34fb,Other Debt,Chemicals & Materials,9.41%,9.00%,SOFR,3.98%,4.98%,2021-09-30,2026-09-29,2941,2900,2746,,2900,,,,,dspy_extracted,GECC,2023-11-02,GECC,2023-11-02
Universal Fiber Systems,co_17de53ba34fb,Warrants,Chemicals & Materials,,,N/A,,,2021-09-30,,3383,-,1141,1.50,,,,,,dspy_extracted,GECC,2023-11-02,GECC,2023-11-02
Vantage Specialty Chemicals Inc.,co_7a3d59fdd9e8,First Lien,Chemicals & Materials,,,SOFR,4.75%,5.25%,2023-03-03,2026-10-26,2968,2889,2899,,2889,,,,,dspy_extracted,GECC,2023-11-02,GECC,2023-11-02
Vector Group Ltd.,co_d39e7e91a2fa,Unsecured Debt,Food & Beverage,10.50%,,Fixed,,,2022-07-08,2026-11-01,750,720,751,,720,,,,,dspy_extracted,GECC,2023-11-02,GECC,2023-11-02
W&T Offshore Inc.,co_2f9481e6cc6e,Second Lien,Energy,11.75%,,Fixed,,,2023-01-12,2026-02-01,6000,6000,6187,,6000,,,,,dspy_extracted,GECC,2023-11-02,GECC,2023-11-02
AdTheorent Holding Company Inc.,co_bd39b8d9f303,Warrants,Media & Entertainment,,,N/A,,,2021-02-26,,4166,,-,*,3,,,,,dspy_extracted,GECC,2023-11-02,GECC,2023-11-02
Allego N.V. Industriepark Kleefse Waard Westervoortsedijk 73 KB,co_e22b01cab191,Warrants,Transportation & Logistics,,,N/A,,,2021-03-17,,8,,3,*,9,,,,,dspy_extracted|principal_scaled_down_1000x,GECC,2023-11-02,GECC,2023-11-02
Allurion Technologies 14 Huron Drive Natick MA,co_df1f0660553b,Warrants,Healthcare,,,N/A,,,2023-08-02,,77,,-,*,-,,,,,dspy_extracted,GECC,2023-11-02,GECC,2023-11-02
Apollo Strategic Growth Capital II 9 West 57th Street 43rd Floor New York NY 10019,co_c629d42164ad,Warrants,Automotive,,,N/A,,,2021-02-10,,500,,-,*,1,,,,,dspy_extracted,GECC,2023-11-02,GECC,2023-11-02
Ares Acquisition Corp.,co_f56fc41eb073,Warrants,Automotive,,,N/A,,,2021-02-02,,20,,14,*,18,,,,,dspy_extracted|principal_scaled_down_1000x,GECC,2023-11-02,GECC,2023-11-02
BigBear.ai Holdings Inc.,co_fe39c39ed123,Warrants,Business Services,,,N/A,,,2021-02-09,,8333,,4,*,6,,,,,cost_suspicious_vs_size|dspy_extracted|fair_value_suspicious_vs_size,GECC,2023-11-02,GECC,2023-11-02
Catcha Investment Corp.,co_cd901cbb87bd,Warrants,Automotive,,,N/A,,,2021-02-12,,166,,-,*,-,,,,,dspy_extracted,GECC,2023-11-02,GECC,2023-11-02
CC Neuberger Principal Holdings III,co_22089e8fdc6d,Warrants,Automotive,,,N/A,,,2021-02-03,,500,,-,*,1,,,,,dspy_extracted,GECC,2023-11-02,GECC,2023-11-02
CF Acquisition Corp.,co_af2661c78968,Warrants,Automotive,,,N/A,,,2021-03-12,,1,,-,*,1,,,,,dspy_extracted|principal_scaled_down_1000x,GECC,2023-11-02,GECC,2023-11-02
Core Scientific Inc.,co_3a1f25366961,Warrants,Software & Technology,,,N/A,,,2021-02-10,,1250,,-,*,2,,,,,dspy_extracted,GECC,2023-11-02,GECC,2023-11-02
Dave Inc.,co_bbc09a7ad948,Warrants,Financial Services,,,N/A,,,2021-03-05,,10000,,-,*,7,,,,,dspy_extracted,GECC,2023-11-02,GECC,2023-11-02
Digital Transformation Opportunities Corp.,co_1b32734d29bc,Warrants,Automotive,,,N/A,,,2021-03-10,,2500,,1,*,2,,,,,cost_suspicious_vs_size|dspy_extracted|fair_value_suspicious_vs_size,GECC,2023-11-02,GECC,2023-11-02
FAST Acquisition Corp.,co_5fcc2c285f80,Warrants,Automotive,,,N/A,,,2021-03-16,,5000,,3,*,7,,,,,cost_suspicious_vs_size|dspy_extracted|fair_value_suspicious_vs_size,GECC,2023-11-02,GECC,2023-11-02
Fathom Digital Manufacturing Corp.,co_cc784a241358,Warrants,Industrials,,,N/A,,,2021-02-05,,,,-,,-,,,,,dspy_extracted,GECC,2023-11-02,GECC,2023-11-02
FinServ Acquisition Corp.,co_734c17e5a503,Warrants,Other,,,N/A,,,2021-02-18,,,,-,,-,,,,,dspy_extracted,GECC,2023-11-02,GECC,2023-11-02
Forest Road Acquisition Corp.,co_92ec352d7bf1,Warrants,Other,,,N/A,,,2021-03-10,,,,-,,-,,,,,dspy_extracted,GECC,2023-11-02,GECC,2023-11-02
Freedom Acquisition I Corp.,co_29702acfa17a,Warrants,Other,,,N/A,,,2021-02-26,,,,-,,1,,,,,dspy_extracted,GECC,2023-11-02,GECC,2023-11-02
Fusion Acquisition Corp.,co_a39b406d3a5f,Warrants,Other,,,N/A,,,2021-02-26,,,,-,,1,,,,,dspy_extracted,GECC,2023-11-02,GECC,2023-11-02
Ginko Bioworks Holdings Inc.,co_0443451fc1a1,Warrants,Healthcare,,,N/A,,,2021-02-24,,,,1,,13,,,,,dspy_extracted,GECC,2023-11-02,GECC,2023-11-02
Grove Collaborative Holdings Inc.,co_3fcd91bd9360,Warrants,Consumer & Retail,,,N/A,,,2021-03-23,,,,-,,7,,,,,dspy_extracted,GECC,2023-11-02,GECC,2023-11-02
Iris Acquisition Corp.,co_60351c9c2939,Warrants,Other,,,N/A,,,2021-03-05,,,,-,,1,,,,,dspy_extracted,GECC,2023-11-02,GECC,2023-11-02
Jaws Mustang Acquisition Corp.,co_a092dc59faa2,Warrants,Other,,,N/A,,,2021-02-02,,,,-,,7,,,,,dspy_extracted,GECC,2023-11-02,GECC,2023-11-02
Kismet Acquisition Two Corp.,co_4b159074ad40,Warrants,Other,,,N/A,,,2021-02-18,,,,-,,-,,,,,dspy_extracted,GECC,2023-11-02,GECC,2023-11-02
L Catterton Asia Acquisition C 8 Marina View Asia Square Tower 1 No 41-03 Singapore 018960,co_3e2d7b0a3e3c,Warrants,Other,,,N/A,,,2021-03-11,,,,3,,6,,,,,dspy_extracted,GECC,2023-11-02,GECC,2023-11-02
Lanvin Group Holdings Ltd.,co_dbc9597bb762,Warrants,Other,,,N/A,,,2021-03-19,,,,1,,6,,,,,dspy_extracted,GECC,2023-11-02,GECC,2023-11-02
M3-Brigade Acquisition II Corp.,co_4f59438f5736,Warrants,Other,,,N/A,,,2021-03-04,,,,-,,4,,,,,dspy_extracted,GECC,2023-11-02,GECC,2023-11-02
Movella Holdings Inc.,co_63446ec38492,Warrants,Other,,,N/A,,,2021-02-17,,,,-,,1,,,,,dspy_extracted,GECC,2023-11-02,GECC,2023-11-02
Northern Star Investment Corp.,co_8e0addec8eb1,Warrants,Special Purpose Acquisition Company,,,N/A,,,2021-01-26,,,,-,,,,,,,dspy_extracted,GECC,2023-11-02,GECC,2023-11-02
Northern Star Investment Corp.,co_8e0addec8eb1,Warrants,Special Purpose Acquisition Company,,,N/A,,,2021-03-02,,,,-,,,,,,,dspy_extracted,GECC,2023-11-02,GECC,2023-11-02
Pear Therapeutics Inc.,co_1a0ebca4b2bf,Warrants,Software & Technology,,,N/A,,,2021-02-02,,,,-,,,,,,,dspy_extracted,GECC,2023-11-02,GECC,2023-11-02
Pivotal Investment Corp.,co_223ca541ed46,Warrants,Special Purpose Acquisition Company,,,N/A,,,2021-02-09,,,,-,,,,,,,dspy_extracted,GECC,2023-11-02,GECC,2023-11-02
Planet Labs PBC,co_2487a46cc9c1,Warrants,Telecommunications,,,N/A,,,2021-03-05,,,,-,,,,,,,dspy_extracted,GECC,2023-11-02,GECC,2023-11-02
Plum Acquisition Corp.,co_8c70846382ef,Warrants,Special Purpose Acquisition Company,,,N/A,,,2021-03-16,,,,-,,,,,,,dspy_extracted,GECC,2023-11-02,GECC,2023-11-02
Polestar Automotive Holding UK PLC,co_f2813a6e31a5,Warrants,Industrials,,,N/A,,,2021-03-23,,,,1,,,,,,,dspy_extracted,GECC,2023-11-02,GECC,2023-11-02
RMG Acquisition Corp.,co_f03eb8692075,Warrants,Special Purpose Acquisition Company,,,N/A,,,2021-02-05,,,,-,,,,,,,dspy_extracted,GECC,2023-11-02,GECC,2023-11-02
Ross Acquisition Corp.,co_66fb97d098ba,Warrants,Special Purpose Acquisition Company,,,N/A,,,2021-03-12,,,,1,,,,,,,dspy_extracted,GECC,2023-11-02,GECC,2023-11-02
Rumble Inc.,co_6775417ca009,Warrants,Special Purpose Acquisition Company,,,N/A,,,2021-05-10,,,,1,,,,,,,dspy_extracted,GECC,2023-11-02,GECC,2023-11-02
Slam Corp.,co_7db67192984f,Warrants,Special Purpose Acquisition Company,,,N/A,,,2021-04-26,,,,-,,,,,,,dspy_extracted,GECC,2023-11-02,GECC,2023-11-02
Sonder Holdings Inc.,co_aa26e82f8a4a,Warrants,Healthcare,,,N/A,,,2021-03-19,,,,-,,,,,,,dspy_extracted,GECC,2023-11-02,GECC,2023-11-02
Terran Orbital Corp.,co_ff857f03a9a8,Warrants,Telecommunications,,,N/A,,,2021-02-19,,,,1,,,,,,,dspy_extracted,GECC,2023-11-02,GECC,2023-11-02
TLG Acquisition One Corp.,co_e62cc4caa42c,Warrants,Special Purpose Acquisition Company,,,N/A,,,2021-01-28,,,,-,,,,,,,dspy_extracted,GECC,2023-11-02,GECC,2023-11-02
Tritium DCFC Ltd.,co_ee55480ab1df,Warrants,Transportation & Logistics,n/a,,N/A,,,2021-02-04,N/A,5,,1,*,6,,,,,dspy_extracted|principal_scaled_down_1000x,GECC,2023-11-02,GECC,2023-11-02
AgroFresh Inc.,co_eb08af690702,First Lien,Chemicals & Materials,10.63%,,LIBOR,6.25%,7.25%,2021-03-31,2024-12-31,4402,,4303,,4387,,,,,dspy_extracted,GECC,2023-11-02,GECC,2023-11-02
American Tower Corp.,co_dc3e358a62c3,Other Debt,Telecommunications,3.50%,,Fixed,,,2022-06-24,2023-01-31,3000,,2997,,3000,,,,,dspy_extracted,GECC,2023-11-02,GECC,2023-11-02
ANGUS Chemical Company,co_4b681bb45ba5,Second Lien,Chemicals & Materials,12.07%,,LIBOR,7.75%,8.50%,2022-09-21,2028-11-24,1625,,1505,,1502,,,,,dspy_extracted,GECC,2023-11-02,GECC,2023-11-02
ANGUS Chemical Company,co_4b681bb45ba5,First Lien,Chemicals & Materials,12.14%,,SOFR,4.75%,5.50%,2022-11-04,2027-11-24,3000,,2810,,2795,,,,,dspy_extracted,GECC,2023-11-02,GECC,2023-11-02
APTIM Corp.,co_df1226a1b6a9,Other Debt,Industrials,7.75%,,Fixed,,,2019-03-28,2025-06-15,5000,,3488,,4128,,,,,dspy_extracted,GECC,2023-11-02,GECC,2023-11-02
Avanti Space Limited Cobham House 20 Black Friars Lane London UK EC4V 6EB,co_71ea9801dfbd,Other Debt,Telecommunications,12.50%,,Fixed,,,2022-04-13,2024-04-13,1292,,,,1138,,,,,dspy_extracted,GECC,2023-11-02,GECC,2023-11-02
Avanti Space Limited Cobham House 20 Black Friars Lane London UK EC4V 6EB,co_71ea9801dfbd,Other Debt,Telecommunications,12.50%,,Fixed,,,2022-04-13,2024-04-13,5119,,,,4552,,,,,dspy_extracted,GECC,2023-11-02,GECC,2023-11-02
Avanti Space Limited Cobham House 20 Black Friars Lane London UK EC4V 6EB,co_71ea9801dfbd,Other Debt,Telecommunications,12.50%,,Fixed,,,2022-04-13,2024-10-13,1506,,,,1339,,,,,dspy_extracted,GECC,2023-11-02,GECC,2023-11-02
Avanti Space Limited Cobham House 20 Black Friars Lane London UK EC4V 6EB,co_71ea9801dfbd,Common Equity,Telecommunications,,,N/A,,,2022-04-13,,1722,,,1.72,,,,,,dspy_extracted,GECC,2023-11-02,GECC,2023-11-02
Avation Capital SA 65 Kampong Bahru Road #01-01 Singapore 169370,co_7bff369f0ac8,Other Debt,Other,6.50%,2.50%,Fixed,,,2022-02-04,2026-10-31,4556,,3577,,3996,,,,,dspy_extracted,GECC,2023-11-02,GECC,2023-11-02
Crestwood Equity Partners LP,co_a8574e013034,Preferred Equity,Energy,9.25%,,Fixed,,,2020-06-19,,216178,,1872,,1288,,,,,cost_suspicious_vs_size|dspy_extracted|fair_value_suspicious_vs_size,GECC,2023-11-02,GECC,2023-11-02
Eagle Point Credit Company Inc.,co_7a912e541242,Common Equity,Automotive,,,N/A,,,2022-08-18,,133844,,1355,,1509,,,,,cost_suspicious_vs_size|dspy_extracted|fair_value_suspicious_vs_size,GECC,2023-11-02,GECC,2023-11-02
ECL Entertainment LLC,co_27c703fce7ba,First Lien,Media & Entertainment,11.88%,,SOFR,7.50%,8.25%,2021-03-31,2028-04-30,4433,,4418,,4397,,,,,dspy_extracted,GECC,2023-11-02,GECC,2023-11-02
Enservco / Heat Waves,co_bbb5a4db78ed,Other Debt,Financial Services,22.29%,,Fixed,,,2022-03-24,2026-06-24,1894,,1894,,1918,,,,,dspy_extracted,GECC,2023-11-02,GECC,2023-11-02
Equitrans Midstream Corp.,co_af8dbda86071,Preferred Equity,Energy,9.75%,,Fixed,,,2021-07-01,,250000,,4982,,5275,,,,,cost_suspicious_vs_size|dspy_extracted|fair_value_suspicious_vs_size,GECC,2023-11-02,GECC,2023-11-02
First Brands Inc.,co_53cb28c1a725,Second Lien,Transportation & Logistics,8.50 %,,LIBOR,8.50 %,9.50 %,2021-03-24,2028-03-30,12545,12162,11800,,,,,,,dspy_extracted,GECC,2023-11-02,GECC,2023-11-02
Flexsys Holdings,co_fdf6c33899b5,First Lien,Chemicals & Materials,5.25 %,,SOFR,5.25 %,6.00 %,2022-11-04,2028-11-01,4987,3936,4052,,,,,,,dspy_extracted,GECC,2023-11-02,GECC,2023-11-02
Foresight Energy,co_780e4635a312,First Lien,Chemicals & Materials,8.00 %,,LIBOR,8.00 %,9.50 %,2021-07-29,2027-06-30,6046,6080,6046,,,,,,,dspy_extracted,GECC,2023-11-02,GECC,2023-11-02
Forum Energy Technologies Inc.,co_3b894c5dd188,First Lien,Energy,9.00 %,,Fixed,,,2022-05-09,2025-08-04,2705,2627,2877,,,,,,,dspy_extracted,GECC,2023-11-02,GECC,2023-11-02
FTAI Infrastructure Inc.,co_c4fc3be390dd,First Lien,Industrials,10.50 %,,Fixed,,,2022-06-29,2027-06-01,2000,1899,2010,,,,,,,dspy_extracted,GECC,2023-11-02,GECC,2023-11-02
GAC HoldCo Inc.,co_45485262f62f,First Lien,Energy,12.00 %,,Fixed,,,2021-07-27,2025-08-15,6850,7179,7278,,,,,,,dspy_extracted,GECC,2023-11-02,GECC,2023-11-02
Great Elm Healthcare Finance LLC,co_67aa07b1d0be,Subordinated Debt,Financial Services,12.00 %,,Fixed,,,2022-11-17,2027-11-09,4375,4375,4375,,,,,,,dspy_extracted,GECC,2023-11-02,GECC,2023-11-02
Great Elm Healthcare Finance LLC,co_67aa07b1d0be,Common Equity,Financial Services,,,N/A,,,2022-11-17,,,4375,4375,87.50,,,,,,dspy_extracted,GECC,2023-11-02,GECC,2023-11-02
Greenway Health LLC,co_0947055800e7,Revolver,Software & Technology,0.50 %,,Fixed,,,2020-01-27,2023-11-17,8026,,,,,,,,,dspy_extracted,GECC,2023-11-02,GECC,2023-11-02
Harvey Gulf Holdings LLC,co_673a6df69bc1,Other Debt,Transportation & Logistics,5.00 %,,SOFR,5.00 %,6.00 %,2022-08-10,2027-08-10,488,479,480,,,,,,,dspy_extracted,GECC,2023-11-02,GECC,2023-11-02
Harvey Gulf Holdings LLC,co_673a6df69bc1,Other Debt,Transportation & Logistics,10.04 %,,SOFR,10.04 %,11.04 %,2022-08-10,2027-08-10,6825,6631,6726,,,,,,,dspy_extracted,GECC,2023-11-02,GECC,2023-11-02
ITP Live Production Group,co_81e4c5074457,Other Debt,Financial Services,19.71 %,,Fixed,,,2021-12-22,2026-05-22,1546,1564,1576,,,,,,,dspy_extracted,GECC,2023-11-02,GECC,2023-11-02
Lenders Funding LLC,co_b04626bd74e6,Subordinated Debt,Financial Services,8.44 %,,Fixed,,,2021-09-20,2026-09-20,10000,10000,10000,,,,,,,dspy_extracted,GECC,2023-11-02,GECC,2023-11-02
Lenders Funding LLC,co_b04626bd74e6,Revolver,Financial Services,1.25 %,,Prime,1.25 %,1.25 %,2021-09-20,2023-09-20,1555,1555,1555,,,,,,,dspy_extracted,GECC,2023-11-02,GECC,2023-11-02
Lenders Funding LLC,co_b04626bd74e6,Revolver,Financial Services,,,N/A,,,2021-09-20,2023-09-20,3445,,,,,,,,,dspy_extracted,GECC,2023-11-02,GECC,2023-11-02
Lenders Funding LLC,co_b04626bd74e6,Common Equity,Financial Services,,,N/A,,,2021-09-20,,,7250,2205,62.87,,,,,,dspy_extracted,GECC,2023-11-02,GECC,2023-11-02
Mad Engine Global LLC,co_82f34b67b45f,Other,Consumer & Retail,11.73 %,,LIBOR,7.00 %,8.00 %,2021-06-30,2027-07-15,2906,2845,2371,,,,,,,dspy_extracted,GECC,2023-11-02,GECC,2023-11-02
Martin Midstream Partners LP,co_49f757987bc7,Other,Energy,11.50 %,,Fixed,,,2020-12-09,2025-02-28,9584,9582,9536,,,,,,,dspy_extracted,GECC,2023-11-02,GECC,2023-11-02
Maverick Gaming LLC,co_28f75db82886,Other,Media & Entertainment,12.23 %,,LIBOR,7.50 %,8.50 %,2021-11-16,2026-09-03,5919,5763,4883,,,,,,,dspy_extracted,GECC,2023-11-02,GECC,2023-11-02
Newfold Digital Inc.,co_e720db785129,Other,Media & Entertainment,6.00 %,,Fixed,,,2022-06-28,2029-02-15,2000,1508,1375,,,,,,,dspy_extracted,GECC,2023-11-02,GECC,2023-11-02
NICE-PAK Products Inc.,co_ac77d9d1a179,Other,Consumer & Retail,18.08 %,8.00 %,SOFR,13.50 %,14.50 %,2022-09-30,2027-09-30,8672,8405,7781,,,,,,,dspy_extracted,GECC,2023-11-02,GECC,2023-11-02
NICE-PAK Products Inc.,co_ac77d9d1a179,Warrants,Consumer & Retail,,,N/A,,,2022-09-30,,880909,,,2.56,,,,,,dspy_extracted,GECC,2023-11-02,GECC,2023-11-02
NuStar Energy LP,co_633ccb4f3aa1,Preferred Equity,Energy,11.41 %,,LIBOR,6.77 %,6.77 %,2022-12-22,,2500,55,57,,,,,,,dspy_extracted|fair_value_suspicious_vs_size,GECC,2023-11-02,GECC,2023-11-02
NuStar Energy LP,co_633ccb4f3aa1,Preferred Equity,Energy,11.52 %,,LIBOR,6.88 %,6.88 %,2022-12-12,,7500,166,177,,,,,,,dspy_extracted|fair_value_suspicious_vs_size,GECC,2023-11-02,GECC,2023-11-02
Par Petroleum LLC,co_fea0fd26645c,Other,Energy,7.75 %,,Fixed,,,2020-10-30,2025-12-15,3000,2696,2880,,,,,,,dspy_extracted,GECC,2023-11-02,GECC,2023-11-02
Par Petroleum LLC,co_fea0fd26645c,Other,Energy,12.88 %,,Fixed,,,2022-05-17,2026-01-15,2383,2610,2508,,,,,,,dspy_extracted,GECC,2023-11-02,GECC,2023-11-02
Perforce Software Inc.,co_8736d4f129ac,Other,Software & Technology,0.50 %,,Fixed,,,2020-01-24,2024-07-01,4375,,,,,,,,,dspy_extracted,GECC,2023-11-02,GECC,2023-11-02
PFS Holdings Corp.,co_53aae39dd10e,Other,Food & Beverage,11.35 %,,LIBOR,7.00 %,8.00 %,2020-11-13,2024-11-13,1055,1055,896,,,,,,,dspy_extracted,GECC,2023-11-02,GECC,2023-11-02
PIRS Capital LLC,co_a419103f68d5,Other,Financial Services,14.00 %,,Prime,6.50 %,6.50 %,2021-11-22,2024-12-31,2000,2000,1997,,,,,,,dspy_extracted,GECC,2023-11-02,GECC,2023-11-02
Prestige Capital Finance LLC,co_b7c0720d83ea,Subordinated Debt,Financial Services,11.00 %,,Fixed,,,2021-06-15,2023-06-15,3000,3000,3000,,3000,,,,,dspy_extracted,GECC,2023-11-02,GECC,2023-11-02
Prestige Capital Finance LLC,co_b7c0720d83ea,Common Equity,Financial Services,,,N/A,,,2019-02-08,,,7786,11638,80.00	%,7786,,,,,dspy_extracted,GECC,2023-11-02,GECC,2023-11-02
Research Now Group Inc.,co_f56b9233964e,First Lien,Media & Entertainment,,,Prime,3.50 %,3.50 %,2019-01-29,2024-06-14,5974,5967,5577,,5967,,,,,dspy_extracted,GECC,2023-11-02,GECC,2023-11-02
Research Now Group Inc.,co_f56b9233964e,Revolver,Media & Entertainment,0.50 %,,Fixed,,,2019-01-29,2024-06-14,4026,,( 267	),,,,,,,dspy_extracted,GECC,2023-11-02,GECC,2023-11-02
SCIH Salt Holdings Inc.,co_b369f6da5ffe,Unsecured Debt,Food & Beverage,6.63 %,,Fixed,,,2022-06-24,2029-05-01,2000,1645,1611,,1645,,,,,dspy_extracted,GECC,2023-11-02,GECC,2023-11-02
Sprout Holdings LLC,co_f78963f249ba,Other Debt,Financial Services,11.50 %,,Fixed,,,2021-06-23,2023-06-23,873,873,873,,873,,,,,dspy_extracted,GECC,2023-11-02,GECC,2023-11-02
Sterling Commercial Credit LLC,co_4d26d622e6f0,Subordinated Debt,Financial Services,11.00 %,,Fixed,,,2022-02-03,2025-05-03,8500,8500,8500,,8500,,,,,dspy_extracted,GECC,2023-11-02,GECC,2023-11-02
Sterling Commercial Credit LLC,co_4d26d622e6f0,Common Equity,Financial Services,,,N/A,,,2022-02-03,,,7843,6262,80.00	%,7843,,,,,dspy_extracted,GECC,2023-11-02,GECC,2023-11-02
Summit Midstream Holdings LLC,co_b0d60a3065a3,Unsecured Debt,Energy,5.75 %,,Fixed,,,2022-08-10,2025-04-15,1386,1180,1173,,1180,,,,,dspy_extracted,GECC,2023-11-02,GECC,2023-11-02
Target Hospitality Corp.,co_e6037c23edc2,Other Debt,Healthcare,9.50 %,,Fixed,,,2021-05-13,2024-03-15,5000,4985,4988,,4985,,,,,dspy_extracted,GECC,2023-11-02,GECC,2023-11-02
TRU Taj Trust,co_e9f013e18a36,Common Equity,Consumer & Retail,,,N/A,,,2017-07-21,,,611,5,2.75	%,611,,,,,dspy_extracted,GECC,2023-11-02,GECC,2023-11-02
United Insurance Holdings Corp.,co_380e913eb9a7,Unsecured Debt,Insurance,7.25 %,,Fixed,,,2022-12-20,2027-12-15,6000,2469,2340,,2469,,,,,dspy_extracted,GECC,2023-11-02,GECC,2023-11-02
Vantage Specialty Chemicals Inc.,co_7a3d59fdd9e8,Second Lien,Chemicals & Materials,12.98 %,,LIBOR,8.25 %,9.25 %,2021-06-08,2025-10-26,4693,4582,4543,,,,,,,dspy_extracted,GECC,2023-11-02,GECC,2023-11-02
W&T Offshore Inc.,co_2f9481e6cc6e,Second Lien,Energy,9.75 %,,Fixed,,,2021-05-05,2023-11-01,8000,7798,7858,,,,,,,dspy_extracted,GECC,2023-11-02,GECC,2023-11-02
AdTheorent Holding Company Inc.,co_bd39b8d9f303,Warrants,Media & Entertainment,,,N/A,,,2021-02-26,,4166,3,1,,,,,,,dspy_extracted|fair_value_suspicious_vs_size,GECC,2023-11-02,GECC,2023-11-02
Agile Growth Corp.,co_44a992ce107b,Warrants,Other,,,N/A,,,2021-03-10,,652,1,-,,,,,,,dspy_extracted,GECC,2023-11-02,GECC,2023-11-02
Allego N.V. Industriepark Kleefse Waard Westervoortsedijk 73 KB,co_e22b01cab191,Warrants,Transportation & Logistics,,,N/A,,,2021-03-17,,8000,9,1,,,,,,,dspy_extracted|fair_value_suspicious_vs_size,GECC,2023-11-02,GECC,2023-11-02
Apollo Strategic Growth Capital II 9 West 57th Street 43rd Floor New York NY 10019,co_c629d42164ad,Warrants,Other,,,N/A,,,2021-02-10,,500,1,-,,,,,,,dspy_extracted,GECC,2023-11-02,GECC,2023-11-02
Arctos NorthStar Acquisition Corp.,co_121edbf6a21a,Warrants,Other,,,N/A,,,2021-02-23,,125,-,-,,,,,,,dspy_extracted,GECC,2023-11-02,GECC,2023-11-02
Ares Acquisition Corp.,co_f56fc41eb073,Warrants,Other,,,N/A,,,2021-02-02,,20000,18,9,,,,,,,dspy_extracted|fair_value_suspicious_vs_size,GECC,2023-11-02,GECC,2023-11-02
BigBear.ai Holdings Inc.,co_fe39c39ed123,Warrants,Other,,,N/A,,,2021-02-09,,8333,6,-,,,,,,,dspy_extracted,GECC,2023-11-02,GECC,2023-11-02
Biote Corp.,co_ec4f005dfc3d,Warrants,Healthcare,,,N/A,,,2021-03-02,,400,-,-,,,,,,,dspy_extracted,GECC,2023-11-02,GECC,2023-11-02
Cartesian Growth Corp.,co_8ff952abd4ad,Warrants,Other,,,N/A,,,2021-02-24,,1666,1,1,,,,,,,dspy_extracted|fair_value_suspicious_vs_size,GECC,2023-11-02,GECC,2023-11-02
Catcha Investment Corp.,co_cd901cbb87bd,Warrants,Financial Services,,,N/A,,,2021-02-12,,166,-,-,,,,,,,dspy_extracted,GECC,2023-11-02,GECC,2023-11-02
CC Neuberger Principal Holdings III,co_22089e8fdc6d,Warrants,Other,,,N/A,,,2021-02-03,,500,1,-,,,,,,,dspy_extracted,GECC,2023-11-02,GECC,2023-11-02
CF Acquisition Corp.,co_af2661c78968,Warrants,Other,,,N/A,,,2021-03-12,,1000,1,-,,,,,,,dspy_extracted,GECC,2023-11-02,GECC,2023-11-02
Climate Real Impact Solutions II Acquisition Corp.,co_31ff7e30c997,Warrants,Other,,,N/A,,,2021-01-27,,1000,,-,*,2,,,,,dspy_extracted,GECC,2023-11-02,GECC,2023-11-02
Colonnade Acquisition Corp.,co_fcd5eaef67a0,Warrants,Other,,,N/A,,,2021-03-10,,2,,-,*,2,,,,,dspy_extracted|principal_scaled_down_1000x,GECC,2023-11-02,GECC,2023-11-02
Compute Health Acquisition Corp.,co_5f48b372b3b1,Warrants,Other,,,N/A,,,2021-02-05,,125,,-,*,-,,,,,dspy_extracted,GECC,2023-11-02,GECC,2023-11-02
D & Z Media Acquisition Corp.,co_a58140f282c5,Warrants,Media & Entertainment,,,N/A,,,2021-01-26,,166,,-,*,-,,,,,dspy_extracted,GECC,2023-11-02,GECC,2023-11-02
Digital Transformation Opportunities Corp.,co_1b32734d29bc,Warrants,Other,,,N/A,,,2021-03-10,,2500,,-,*,2,,,,,dspy_extracted,GECC,2023-11-02,GECC,2023-11-02
ESM Acquisition Corp.,co_73e810336104,Warrants,Other,,,N/A,,,2021-03-10,,6.63,,1,*,7,,,,,dspy_extracted|principal_scaled_down_1000x,GECC,2023-11-02,GECC,2023-11-02
Fast Radius Inc.,co_d4000dc84057,Warrants,Industrials,,,N/A,,,2021-02-09,,625,,-,*,1,,,,,dspy_extracted,GECC,2023-11-02,GECC,2023-11-02
Fathom Digital Manufacturing Corp.,co_cc784a241358,Warrants,Industrials,,,N/A,,,2021-02-05,,125,,-,*,-,,,,,dspy_extracted,GECC,2023-11-02,GECC,2023-11-02
FinServ Acquisition Corp.,co_734c17e5a503,Warrants,Other,,,N/A,,,2021-02-18,,125,,-,*,-,,,,,dspy_extracted,GECC,2023-11-02,GECC,2023-11-02
First Reserve Sustainable Growth Corp.,co_2dc59ea275b6,Warrants,Environmental Services,,,N/A,,,2021-03-05,,5,,-,*,6,,,,,dspy_extracted|principal_scaled_down_1000x,GECC,2023-11-02,GECC,2023-11-02
Forest Road Acquisition Corp.,co_92ec352d7bf1,Warrants,Other,,,N/A,,,2021-03-10,,80,,-,*,-,,,,,dspy_extracted,GECC,2023-11-02,GECC,2023-11-02
Forum Merger IV Corp.,co_38e074cad0f2,Warrants,Other,,,N/A,,,2021-03-18,,5000,,-,*,9,,,,,dspy_extracted,GECC,2023-11-02,GECC,2023-11-02
Freedom Acquisition I Corp.,co_29702acfa17a,Warrants,Other,,,N/A,,,2021-02-26,,625,,-,*,1,,,,,dspy_extracted,GECC,2023-11-02,GECC,2023-11-02
Frontier Acquisition Corp.,co_01bbdb221591,Warrants,Other,,,N/A,,,2021-03-11,,2.5,,-,*,3,,,,,dspy_extracted|principal_scaled_down_1000x,GECC,2023-11-02,GECC,2023-11-02
FTAC Athena Acquisition Corp.,co_486f7e23e413,Warrants,Automotive,,,N/A,,,2021-02-23,,1250,,-,*,1,,,,,dspy_extracted,GECC,2023-11-02,GECC,2023-11-02
FTAC Hera Acquisition Corp.,co_a833372af608,Warrants,Automotive,,,N/A,,,2021-03-04,,100,,-,*,-,,,,,dspy_extracted,GECC,2023-11-02,GECC,2023-11-02
Fusion Acquisition Corp.,co_a39b406d3a5f,Warrants,Automotive,,,N/A,,,2021-02-26,,1666,,-,*,1,,,,,dspy_extracted,GECC,2023-11-02,GECC,2023-11-02
G Squared Ascend I Inc.,co_f6ece27edf97,Warrants,Automotive,,,N/A,,,2021-02-05,,1,,-,*,1,,,,,dspy_extracted|principal_scaled_down_1000x,GECC,2023-11-02,GECC,2023-11-02
Grove Collaborative Holdings Inc.,co_3fcd91bd9360,Warrants,Consumer & Retail,,,N/A,,,2021-03-23,,5000,,1,*,7,,,,,cost_suspicious_vs_size|dspy_extracted|fair_value_suspicious_vs_size,GECC,2023-11-02,GECC,2023-11-02
Iris Acquisition Corp.,co_60351c9c2939,Warrants,Automotive,,,N/A,,,2021-03-05,,500,,-,*,1,,,,,dspy_extracted,GECC,2023-11-02,GECC,2023-11-02
Jaws Mustang Acquisition Corp.,co_a092dc59faa2,Warrants,Automotive,,,N/A,,,2021-02-02,,6.25,,1,*,7,,,,,dspy_extracted|principal_scaled_down_1000x,GECC,2023-11-02,GECC,2023-11-02
Kismet Acquisition Two Corp.,co_4b159074ad40,Warrants,Automotive,,,N/A,,,2021-02-18,,326,,-,*,-,,,,,dspy_extracted,GECC,2023-11-02,GECC,2023-11-02
Kismet Acquisition Three Corp.,co_4b159074ad40,Warrants,Automotive,,,N/A,,,2021-02-18,,4133,,-,*,3,,,,,dspy_extracted,GECC,2023-11-02,GECC,2023-11-02
L Catterton Asia Acquisition C 8 Marina View Asia Square Tower 1 No 41-03 Singapore 018960,co_3e2d7b0a3e3c,Warrants,Automotive,,,N/A,,,2021-03-11,,5.933,,-,*,6,,,,,dspy_extracted|principal_scaled_down_1000x,GECC,2023-11-02,GECC,2023-11-02
Lanvin Group Holdings Ltd.,co_dbc9597bb762,Warrants,Automotive,,,N/A,,,2021-03-19,,5,,2,*,6,,,,,dspy_extracted|principal_scaled_down_1000x,GECC,2023-11-02,GECC,2023-11-02
Lazard Growth Acquisition Corp.,co_1a1b3ae62720,Warrants,Automotive,,,N/A,,,2021-02-10,,500,,-,*,1,,,,,dspy_extracted,GECC,2023-11-02,GECC,2023-11-02
Live Oak Mobility Acquisition Corp.,co_d677f1348da5,Warrants,Automotive,,,N/A,,,2021-03-02,,400,,-,*,1,,,,,dspy_extracted,GECC,2023-11-02,GECC,2023-11-02
M3-Brigade Acquisition II Corp.,co_4f59438f5736,Warrants,Automotive,,,N/A,,,2021-03-04,,3.333,,-,*,4,,,,,dspy_extracted|principal_scaled_down_1000x,GECC,2023-11-02,GECC,2023-11-02
New Vista Acquisition Corp.,co_66b2d26ce1b6,Warrants,Automotive,,,N/A,,,2021-02-17,,166,,-,*,-,,,,,dspy_extracted,GECC,2023-11-02,GECC,2023-11-02
Northern Star Investment Corp.,co_8e0addec8eb1,Warrants,Automotive,,,N/A,,,2021-01-26,,100,,-,*,-,,,,,dspy_extracted,GECC,2023-11-02,GECC,2023-11-02
Northern Star Investment Corp.,co_8e0addec8eb1,Warrants,Financial Services,,,N/A,,,2021-03-02,,66,,-,,-,,,,,dspy_extracted,GECC,2023-11-02,GECC,2023-11-02
Pathfinder Acquisition Corp.,co_6d016efa6266,Warrants,Other,,,N/A,,,2021-02-17,,1,,-,,1,,,,,dspy_extracted|principal_scaled_down_1000x,GECC,2023-11-02,GECC,2023-11-02
Pear Therapeutics Inc.,co_1a0ebca4b2bf,Warrants,Software & Technology,,,N/A,,,2021-02-02,,1.666,,-,,2,,,,,dspy_extracted|principal_scaled_down_1000x,GECC,2023-11-02,GECC,2023-11-02
Peridot Acquisition Corp.,co_ca620ef39a41,Warrants,Other,,,N/A,,,2021-03-09,,2000,,-,,3,,,,,dspy_extracted,GECC,2023-11-02,GECC,2023-11-02
Pivotal Investment Corp.,co_223ca541ed46,Warrants,Financial Services,,,N/A,,,2021-02-09,,100,,-,,-,,,,,dspy_extracted,GECC,2023-11-02,GECC,2023-11-02
Planet Labs PBC,co_2487a46cc9c1,Warrants,Telecommunications,,,N/A,,,2021-03-05,,400,,-,,-,,,,,dspy_extracted,GECC,2023-11-02,GECC,2023-11-02
Plum Acquisition Corp.,co_8c70846382ef,Warrants,Other,,,N/A,,,2021-03-16,,1.6,,-,,2,,,,,dspy_extracted|principal_scaled_down_1000x,GECC,2023-11-02,GECC,2023-11-02
Polestar Automotive Holding UK PLC,co_f2813a6e31a5,Warrants,Automotive,,,N/A,,,2021-03-23,,2000,,2,,5,,,,,cost_suspicious_vs_size|dspy_extracted|fair_value_suspicious_vs_size,GECC,2023-11-02,GECC,2023-11-02
RMG Acquisition Corp.,co_f03eb8692075,Warrants,Other,,,N/A,,,2021-02-05,,3333,,-,,5,,,,,dspy_extracted,GECC,2023-11-02,GECC,2023-11-02
Ross Acquisition Corp.,co_66fb97d098ba,Warrants,Other,,,N/A,,,2021-03-12,,6.666,,-,,7,,,,,dspy_extracted|principal_scaled_down_1000x,GECC,2023-11-02,GECC,2023-11-02
Rumble Inc.,co_6775417ca009,Warrants,Other,,,N/A,,,2021-05-10,,1250,,2,,1,,,,,cost_suspicious_vs_size|dspy_extracted|fair_value_suspicious_vs_size,GECC,2023-11-02,GECC,2023-11-02
Sandbridge X2 Corp.,co_777a7b55088f,Warrants,Other,,,N/A,,,2021-03-10,,666,,-,,1,,,,,dspy_extracted,GECC,2023-11-02,GECC,2023-11-02
ScION Tech Growth II 10 Queen St Place 2nd Floor London UK EC4R 1BE,co_183a18022a83,Warrants,Other,,,N/A,,,2021-02-10,,166,,-,,-,,,,,dspy_extracted,GECC,2023-11-02,GECC,2023-11-02
Silver Spike Acquisition Corp.,co_208111256b48,Warrants,Other,,,N/A,,,2021-03-11,,5,,-,,6,,,,,dspy_extracted|principal_scaled_down_1000x,GECC,2023-11-02,GECC,2023-11-02
Slam Corp.,co_7db67192984f,Warrants,Other,,,N/A,,,2021-04-26,,1250,,-,,1,,,,,dspy_extracted,GECC,2023-11-02,GECC,2023-11-02
Sonder Holdings Inc.,co_aa26e82f8a4a,Warrants,Healthcare,,,N/A,,,2021-03-19,,500,,-,,1,,,,,dspy_extracted,GECC,2023-11-02,GECC,2023-11-02
Supernova Partners Acquisition Company III Ltd.,co_207e45107dcf,Warrants,Other,,,N/A,,,2021-03-23,,80,,-,*,,,,,,dspy_extracted,GECC,2023-11-02,GECC,2023-11-02
Sustainable Development Acquisition I Corp.,co_06d67bff0952,Warrants,Environmental Services,,,N/A,,,2021-02-05,,1250,,-,*,,,,,,dspy_extracted,GECC,2023-11-02,GECC,2023-11-02
Tailwind International Acquisition Corp.,co_a32ece37166f,Warrants,Other,,,N/A,,,2021-02-19,,4166,,-,*,,,,,,dspy_extracted,GECC,2023-11-02,GECC,2023-11-02
Tech and Energy Transition Corp.,co_ec522debe824,Warrants,Energy,,,N/A,,,2021-03-17,,666,,-,*,,,,,,dspy_extracted,GECC,2023-11-02,GECC,2023-11-02
Terran Orbital Corp.,co_ff857f03a9a8,Warrants,Telecommunications,,,N/A,,,2021-02-19,,3333,,-,*,,,,,,dspy_extracted,GECC,2023-11-02,GECC,2023-11-02
TLG Acquisition One Corp.,co_e62cc4caa42c,Warrants,Other,,,N/A,,,2021-01-28,,5000,,-,*,,,,,,dspy_extracted,GECC,2023-11-02,GECC,2023-11-02
Tritium DCFC Ltd.,co_ee55480ab1df,Warrants,Automotive,,,N/A,,,2021-02-04,,5000,,2,*,,,,,,dspy_extracted|fair_value_suspicious_vs_size,GECC,2023-11-02,GECC,2023-11-02
VPC Impact Acquisition Holdings II,co_deaaf7e7913a,Warrants,Other,,,N/A,,,2021-03-05,,10000,,-,*,,,,,,dspy_extracted,GECC,2023-11-02,GECC,2023-11-02
Warburg Pincus Capital Corp.,co_5944d3c0e2fe,Warrants,Other,,,N/A,,,2021-03-05,,80,,-,*,,,,,,dspy_extracted,GECC,2023-11-02,GECC,2023-11-02
United States Treasury,co_a78bc95dd4a5,Other,Automotive,0.00 %,,N/A,,,2022-12-30,2023-03-31,70000,,69785,,,,,,,dspy_extracted|principal_scaled_down_1000x,GECC,2023-11-02,GECC,2023-11-02
GS Financial Square Treasury Obligations Fund,co_6832b1ea0657,Other,Automotive,0.00 %,,N/A,,,2022-06-30,,6341.888,,6342,,,,,,,dspy_extracted|principal_scaled_down_1000x,GECC,2023-11-02,GECC,2023-11-02
Advancion,co_cecc5e9a9fd0,Second Lien,Chemicals & Materials,7.75 %,,SOFR,7.75 %,8.50 %,2022-09-21,2028-11-24,1625,,1518,,,,,,,dspy_extracted,GECC,2024-02-29,GECC,2024-02-29
ADS Tactical Inc.,co_f6fe2bd14164,First Lien,Aerospace & Defense,5.75 %,,SOFR,5.75 %,6.75 %,2023-11-28,2026-03-19,1971,,1945,,,,,,,dspy_extracted,GECC,2024-02-29,GECC,2024-02-29
American Coastal Insurance Corp.,co_aa016be18373,Unsecured Debt,Insurance,7.25 %,,Fixed,,,2022-12-20,2027-12-15,15000,,12975,,,,,,,dspy_extracted,GECC,2024-02-29,GECC,2024-02-29
APTIM Corp.,co_df1226a1b6a9,First Lien,Industrials,7.75 %,,Fixed,,,2019-03-28,2025-06-15,3950,,3719,,,,,,,dspy_extracted,GECC,2024-02-29,GECC,2024-02-29
Avation Capital SA 65 Kampong Bahru Road #01-01 Singapore 169370,co_7bff369f0ac8,Second Lien,Transportation & Logistics,8.25 %,,Fixed,,,2022-02-04,2026-10-31,4671,,3958,,,,,,,dspy_extracted,GECC,2024-02-29,GECC,2024-02-29
Blackstone Secured Lending,co_32e454a9dde3,Common Equity,Automotive,,,N/A,,,2022-08-18,,140000,,3870,,,,,,,dspy_extracted|fair_value_suspicious_vs_size,GECC,2024-02-29,GECC,2024-02-29
Blue Ribbon LLC,co_c4f2f6705335,First Lien,Food & Beverage,6.00 %,,SOFR,6.00 %,6.75 %,2023-02-06,2028-05-07,4818,,4150,,,,,,,dspy_extracted,GECC,2024-02-29,GECC,2024-02-29
Coreweave Compute Acquisition Co. II LLC,co_0978cc636b37,First Lien,Software & Technology,8.75 %,,SOFR,8.75 %,8.75 %,2023-07-31,2028-07-31,7472,,7342,,,,,,,dspy_extracted,GECC,2024-02-29,GECC,2024-02-29
CSC Serviceworks 35 Pinelawn Road Suite,co_59f560cce657,First Lien,Business Services,4.00 %,,SOFR,4.00 %,4.75 %,2023-09-26,2028-03-04,1990,,1742,,,,,,,dspy_extracted,GECC,2024-02-29,GECC,2024-02-29
Eagle Point Credit Company Inc.,co_7a912e541242,Common Equity,Automotive,,,N/A,,,2022-08-18,,305315,,2900,,,,,,,dspy_extracted|fair_value_suspicious_vs_size,GECC,2024-02-29,GECC,2024-02-29
First Brands Inc.,co_53cb28c1a725,Second Lien,Automotive,8.50 %,,SOFR,8.50 %,9.50 %,2021-03-24,2028-03-30,12545,,12330,,,,,,,dspy_extracted,GECC,2024-02-29,GECC,2024-02-29
First Brands Inc.,co_53cb28c1a725,First Lien,Automotive,5.00 %,,SOFR,5.00 %,6.00 %,2023-06-09,2027-03-30,4962,,4931,,,,,,,dspy_extracted,GECC,2024-02-29,GECC,2024-02-29
Flexsys Holdings,co_fdf6c33899b5,First Lien,Chemicals & Materials,5.25 %,,SOFR,5.25 %,6.00 %,2022-11-04,2028-11-01,4937,,4817,,,,,,,dspy_extracted,GECC,2024-02-29,GECC,2024-02-29
Florida Marine LLC,co_04b02011caf9,First Lien,Transportation & Logistics,9.48 %,,SOFR,9.48 %,11.48 %,2023-03-17,2028-03-17,6415,,6371,,,,,,,dspy_extracted,GECC,2024-02-29,GECC,2024-02-29
Foresight Energy,co_780e4635a312,First Lien,Chemicals & Materials,8.00 %,,SOFR,8.00 %,9.50 %,2021-07-29,2027-06-30,5971,,5971,,,,,,,dspy_extracted,GECC,2024-02-29,GECC,2024-02-29
Great Elm Specialty Finance LLC,co_274440f466a4,Subordinated Debt,Financial Services,13.00 %,,Fixed,,,2023-09-01,2026-06-30,28733,,28733,,,,,,,dspy_extracted,GECC,2024-02-29,GECC,2024-02-29
Great Elm Specialty Finance LLC,co_274440f466a4,Common Equity,Financial Services,,,N/A,,,2023-09-01,,87500,,17477,87.50,,,,,,dspy_extracted,GECC,2024-02-29,GECC,2024-02-29
Greenfire Resources Ltd.,co_aa54a5e0036e,First Lien,Energy,12.00 %,,Fixed,,,2023-09-13,2028-10-01,6500,6375,6456,,,,,,,dspy_extracted,GECC,2024-02-29,GECC,2024-02-29
Harvey Gulf Holdings LLC,co_673a6df69bc1,Other Debt,Transportation & Logistics,10.14 %,,SOFR,4.50 %,5.50 %,2022-08-10,2027-08-10,323,319,324,,,,,,,dspy_extracted,GECC,2024-02-29,GECC,2024-02-29
Harvey Gulf Holdings LLC,co_673a6df69bc1,Other Debt,Transportation & Logistics,14.73 %,,SOFR,9.08 %,10.08 %,2022-08-10,2027-08-10,4931,4816,5029,,,,,,,dspy_extracted,GECC,2024-02-29,GECC,2024-02-29
Lenders Funding LLC,co_b04626bd74e6,Revolver,Financial Services,9.75 %,,Prime,1.25 %,1.25 %,2021-09-20,2024-01-31,,6112,6112,,,10000,,,,dspy_extracted,GECC,2024-02-29,GECC,2024-02-29
Lummus Technology Holdings,co_f48e428ebed1,Unsecured Debt,Chemicals & Materials,9.00 %,,Fixed,,,2022-05-17,2028-07-01,2500,2092,2390,,,,,,,dspy_extracted,GECC,2024-02-29,GECC,2024-02-29
Mad Engine Global LLC,co_82f34b67b45f,First Lien,Consumer & Retail,12.61 %,,SOFR,7.00 %,8.00 %,2021-06-30,2027-07-15,2831,2783,2007,,,,,,,dspy_extracted,GECC,2024-02-29,GECC,2024-02-29
Manchester Acquisition Sub LLC,co_19782064e0cc,First Lien,Chemicals & Materials,11.28 %,,SOFR,5.75 %,6.50 %,2023-09-26,2026-11-01,4436,4004,3970,,,,,,,dspy_extracted,GECC,2024-02-29,GECC,2024-02-29
Maverick Gaming LLC,co_28f75db82886,First Lien,Media & Entertainment,13.15 %,,SOFR,7.50 %,8.50 %,2021-11-16,2026-09-03,5849,5731,4252,,,,,,,dspy_extracted,GECC,2024-02-29,GECC,2024-02-29
New Wilkie Energy Pty Ltd.,co_94d6ef1f3b62,First Lien,Chemicals & Materials,17.84 %,5.00 %,SOFR,12.50 %,14.50 %,2023-04-06,2026-04-06,4935,4821,3567,,,,,,,dspy_extracted,GECC,2024-02-29,GECC,2024-02-29
New Wilkie Energy Pty Ltd.,co_94d6ef1f3b62,Warrants,Chemicals & Materials,,,N/A,,,2023-04-06,,1078899,-,-,,,,,,,dspy_extracted,GECC,2024-02-29,GECC,2024-02-29
NICE-PAK Products Inc.,co_ac77d9d1a179,Other Debt,Consumer & Retail,19.25 %,11.00 %,SOFR,13.50 %,14.50 %,2022-09-30,2027-09-30,9444,9222,9331,,,,,,,dspy_extracted,GECC,2024-02-29,GECC,2024-02-29
NICE-PAK Products Inc.,co_ac77d9d1a179,Other,Consumer & Retail,,,N/A,,,2022-09-30,2029-09-30,1449,-,1449,,,,,,,dspy_extracted,GECC,2024-02-29,GECC,2024-02-29
NICE-PAK Products Inc.,co_ac77d9d1a179,Warrants,Consumer & Retail,,,N/A,,,2022-09-30,,880909,-,701,2.56,,,,,,dspy_extracted|fair_value_suspicious_vs_size,GECC,2024-02-29,GECC,2024-02-29
PFS Holdings Corp.,co_53aae39dd10e,First Lien,Food & Beverage,12.46 %,,SOFR,7.00 %,8.00 %,2020-11-13,2024-11-13,1044,1044,979,,,,,,,dspy_extracted,GECC,2024-02-29,GECC,2024-02-29
PFS Holdings Corp.,co_53aae39dd10e,Common Equity,Food & Beverage,,,N/A,,,2020-11-13,,5238,12379,88,5.05,,,,,,dspy_extracted|fair_value_suspicious_vs_size,GECC,2024-02-29,GECC,2024-02-29
ProFrac Holdings II LLC,co_b0bc18c68ff8,First Lien,Energy,12.86 %,,SOFR,7.25 %,8.25 %,2023-12-27,2029-01-23,7000,6930,6930,,,,,,,dspy_extracted,GECC,2024-02-29,GECC,2024-02-29
Research Now Group Inc.,co_f56b9233964e,Revolver,Media & Entertainment,10.11%,,SOFR,4.50%,4.50%,2019-01-29,2024-06-14,10000,9998,9001,,,,,,,dspy_extracted,GECC,2024-02-29,GECC,2024-02-29
Research Now Group Inc.,co_f56b9233964e,Second Lien,Media & Entertainment,15.14%,,SOFR,9.50%,10.50%,2019-05-20,2025-12-20,8000,7976,4731,,,,,,,dspy_extracted,GECC,2024-02-29,GECC,2024-02-29
Ruby Tuesday Operations LLC,co_1f7d49afa371,First Lien,Food & Beverage,11.46%,6.00%,SOFR,13.50%,14.50%,2021-02-24,2025-02-24,1974,1974,1930,,,,,,,dspy_extracted,GECC,2024-02-29,GECC,2024-02-29
Ruby Tuesday Operations LLC,co_1f7d49afa371,First Lien,Food & Beverage,21.46%,,SOFR,16.00%,17.25%,2023-01-31,2025-02-24,598,598,598,,,,,,,dspy_extracted,GECC,2024-02-29,GECC,2024-02-29
Ruby Tuesday Operations LLC,co_1f7d49afa371,Warrants,Food & Beverage,,,N/A,,,2021-02-24,,311697,-,913,2.81,,,,,,dspy_extracted|fair_value_suspicious_vs_size,GECC,2024-02-29,GECC,2024-02-29
SCIH Salt Holdings Inc.,co_b369f6da5ffe,First Lien,Food & Beverage,9.47%,,SOFR,4.00%,4.75%,2023-06-21,2027-03-16,1981,1950,1982,,,,,,,dspy_extracted,GECC,2024-02-29,GECC,2024-02-29
Stone Ridge Opportunities Fund LP.,co_df6461654829,Partnership Interest,Insurance,,,N/A,,,2023-01-01,,2379875,2380,3051,,,,,,,dspy_extracted|fair_value_suspicious_vs_size,GECC,2024-02-29,GECC,2024-02-29
Summit Midstream Holdings LLC,co_b0d60a3065a3,Second Lien,Energy,9.00%,,Fixed,,,2021-10-19,2026-10-15,2000,1905,1996,,,,,,,dspy_extracted,GECC,2024-02-29,GECC,2024-02-29
TRU Taj Trust,co_e9f013e18a36,Common Equity,Consumer & Retail,,,N/A,,,2017-07-21,,16000,611,54,2.75,,,,,,dspy_extracted|fair_value_suspicious_vs_size,GECC,2024-02-29,GECC,2024-02-29
Universal Fiber Systems,co_17de53ba34fb,Other Debt,Chemicals & Materials,9.42%,9.00%,SOFR,12.95%,13.95%,2021-09-30,2026-09-29,7864,7788,7852,,,,,,,dspy_extracted,GECC,2024-02-29,GECC,2024-02-29
Universal Fiber Systems,co_17de53ba34fb,Other Debt,Chemicals & Materials,9.42%,9.00%,SOFR,12.95%,13.95%,2021-09-30,2026-09-29,3032,2995,2821,,,,,,,dspy_extracted,GECC,2024-02-29,GECC,2024-02-29
Universal Fiber Systems,co_17de53ba34fb,Warrants,Chemicals & Materials,,,N/A,,,2021-09-30,,3383,-,810,1.50,,,,,,dspy_extracted,GECC,2024-02-29,GECC,2024-02-29
Vantage Specialty Chemicals Inc.,co_7a3d59fdd9e8,First Lien,Chemicals & Materials,10.11%,,SOFR,4.75%,5.25%,2023-03-03,2026-10-26,2960,2888,2845,,,,,,,dspy_extracted,GECC,2024-02-29,GECC,2024-02-29
Vi-Jon,co_a4f69355e0dd,First Lien,Consumer & Retail,13.47%,,SOFR,8.00%,10.50%,2023-12-28,2028-12-28,9000,8730,8730,,,,,,,dspy_extracted,GECC,2024-02-29,GECC,2024-02-29
W&T Offshore Inc.,co_2f9481e6cc6e,Second Lien,Energy,11.75%,,Fixed,,,2023-01-12,2026-02-01,4816,4816,4964,,,,,,,dspy_extracted,GECC,2024-02-29,GECC,2024-02-29
MFB Northern Inst Funds Treas Portfolio Premier CL,co_d8481cbcb8ed,Other,,0.00%,,Fixed,,,2023-10-26,,10806.959,10807,10807,,,,,,,dspy_extracted|principal_scaled_down_1000x,GECC,2024-02-29,GECC,2024-02-29
AgroFresh Inc.,co_eb08af690702,First Lien,Chemicals & Materials,10.63%,,LIBOR,6.25%,7.25%,2021-03-31,2024-12-31,4402,,4303,,4387,,,,,dspy_extracted,GECC,2024-02-29,GECC,2024-02-29
American Tower Corp.,co_dc3e358a62c3,Other Debt,Telecommunications,3.50%,,Fixed,,,2022-06-24,2023-01-31,3000,,2997,,3000,,,,,dspy_extracted,GECC,2024-02-29,GECC,2024-02-29
ANGUS Chemical Company,co_4b681bb45ba5,Second Lien,Chemicals & Materials,12.07%,,LIBOR,7.75%,8.50%,2022-09-21,2028-11-24,1625,,1505,,1502,,,,,dspy_extracted,GECC,2024-02-29,GECC,2024-02-29
ANGUS Chemical Company,co_4b681bb45ba5,First Lien,Chemicals & Materials,12.14%,,SOFR,4.75%,5.50%,2022-11-04,2027-11-24,3000,,2810,,2795,,,,,dspy_extracted,GECC,2024-02-29,GECC,2024-02-29
APTIM Corp.,co_df1226a1b6a9,Other Debt,Industrials,7.75%,,Fixed,,,2019-03-28,2025-06-15,5000,,3488,,4128,,,,,dspy_extracted,GECC,2024-02-29,GECC,2024-02-29
Avanti Space Limited Cobham House 20 Black Friars Lane London UK EC4V 6EB,co_71ea9801dfbd,Other Debt,Telecommunications,12.50%,,Fixed,,,2022-04-13,2024-04-13,1292,,-,,1138,,,,,dspy_extracted,GECC,2024-02-29,GECC,2024-02-29
Avanti Space Limited Cobham House 20 Black Friars Lane London UK EC4V 6EB,co_71ea9801dfbd,Other Debt,Telecommunications,12.50%,,Fixed,,,2022-04-13,2024-04-13,5119,,-,,4552,,,,,dspy_extracted,GECC,2024-02-29,GECC,2024-02-29
Avanti Space Limited Cobham House 20 Black Friars Lane London UK EC4V 6EB,co_71ea9801dfbd,Other Debt,Telecommunications,12.50%,,Fixed,,,2022-04-13,2024-10-13,1506,,-,,1339,,,,,dspy_extracted,GECC,2024-02-29,GECC,2024-02-29
Avanti Space Limited Cobham House 20 Black Friars Lane London UK EC4V 6EB,co_71ea9801dfbd,Common Equity,Telecommunications,n/a,,N/A,,,2022-04-13,,,,-,1.72,-,,,,,dspy_extracted,GECC,2024-02-29,GECC,2024-02-29
Crestwood Equity Partners LP,co_a8574e013034,Preferred Equity,Energy,9.25%,,Fixed,,,2020-06-19,,216178,,1872,,1288,,,,,cost_suspicious_vs_size|dspy_extracted|fair_value_suspicious_vs_size,GECC,2024-02-29,GECC,2024-02-29
Eagle Point Credit Company Inc.,co_7a912e541242,Common Equity,Automotive,n/a,,N/A,,,2022-08-18,,,,1355,,1509,,,,,dspy_extracted,GECC,2024-02-29,GECC,2024-02-29
ECL Entertainment LLC,co_27c703fce7ba,First Lien,Media & Entertainment,11.88%,,SOFR,7.50%,8.25%,2021-03-31,2028-04-30,4433,,4418,,4397,,,,,dspy_extracted,GECC,2024-02-29,GECC,2024-02-29
Enservco / Heat Waves,co_bbb5a4db78ed,Other Debt,Energy,22.29%,,Fixed,,,2022-03-24,2026-06-24,1894,,1894,,1918,,,,,dspy_extracted,GECC,2024-02-29,GECC,2024-02-29
Equitrans Midstream Corp.,co_af8dbda86071,Preferred Equity,Energy,9.75%,,Fixed,,,2021-07-01,,250000,,4982,,5275,,,,,cost_suspicious_vs_size|dspy_extracted|fair_value_suspicious_vs_size,GECC,2024-02-29,GECC,2024-02-29
Forum Energy Technologies Inc.,co_3b894c5dd188,First Lien,Energy,9.00 %,,Fixed,,,2022-05-09,2025-08-04,2705,2627,2877,,,,,,,dspy_extracted,GECC,2024-02-29,GECC,2024-02-29
FTAI Infrastructure Inc.,co_c4fc3be390dd,First Lien,Industrials,10.50 %,,Fixed,,,2022-06-29,2027-06-01,2000,1899,2010,,,,,,,dspy_extracted,GECC,2024-02-29,GECC,2024-02-29
GAC HoldCo Inc.,co_45485262f62f,First Lien,Energy,12.00 %,,Fixed,,,2021-07-27,2025-08-15,6850,7179,7278,,,,,,,dspy_extracted,GECC,2024-02-29,GECC,2024-02-29
Great Elm Healthcare Finance LLC,co_67aa07b1d0be,Subordinated Debt,Financial Services,12.00 %,,Fixed,,,2022-11-17,2027-11-09,4375,4375,4375,,,,,,,dspy_extracted,GECC,2024-02-29,GECC,2024-02-29
Great Elm Healthcare Finance LLC,co_67aa07b1d0be,Common Equity,Financial Services,n/a,,N/A,,,2022-11-17,,,4375,4375,87.50,,,,,,dspy_extracted,GECC,2024-02-29,GECC,2024-02-29
Greenway Health LLC,co_0947055800e7,Revolver,Software & Technology,3M L + 3.75 %,,LIBOR,,,2020-01-27,2023-11-17,,( 34	),,,,,,,,dspy_extracted,GECC,2024-02-29,GECC,2024-02-29
Harvey Gulf Holdings LLC,co_673a6df69bc1,Other Debt,Transportation & Logistics,3M SOFR + 5.00 %,,SOFR,,6.00 %,2022-08-10,2027-08-10,488,479,480,,,,,,,dspy_extracted,GECC,2024-02-29,GECC,2024-02-29
ITP Live Production Group,co_81e4c5074457,Other Debt,Financial Services,19.71 %,,Fixed,,,2021-12-22,2026-05-22,1546,1564,1576,,,,,,,dspy_extracted,GECC,2024-02-29,GECC,2024-02-29
Lenders Funding LLC,co_b04626bd74e6,Subordinated Debt,Financial Services,8.44 %,,Fixed,,,2021-09-20,2026-09-20,10000,10000,10000,,,,,,,dspy_extracted,GECC,2024-02-29,GECC,2024-02-29
Lenders Funding LLC,co_b04626bd74e6,Revolver,Financial Services,Prime + 1.25 %,,Prime,,1.25 %,2021-09-20,2023-09-20,1555,1555,1555,,,,,,,dspy_extracted,GECC,2024-02-29,GECC,2024-02-29
Lenders Funding LLC,co_b04626bd74e6,Common Equity,Financial Services,n/a,,N/A,,,2021-09-20,,,7250,2205,62.87,6287,,,,,dspy_extracted,GECC,2024-02-29,GECC,2024-02-29
Lummus Technology Holdings,co_f48e428ebed1,Unsecured Debt,Chemicals & Materials,9.00 %,,Fixed,,,2022-05-17,2028-07-01,4150,3549,3475,,,,,,,dspy_extracted,GECC,2024-02-29,GECC,2024-02-29
Martin Midstream Partners LP,co_49f757987bc7,Second Lien,Energy,11.50 %,,Fixed,,,2020-12-09,2025-02-28,9584,9582,9536,,,,,,,dspy_extracted,GECC,2024-02-29,GECC,2024-02-29
Newfold Digital Inc.,co_e720db785129,Unsecured Debt,Media & Entertainment,6.00 %,,Fixed,,,2022-06-28,2029-02-15,2000,1508,1375,,,,,,,dspy_extracted,GECC,2024-02-29,GECC,2024-02-29
NICE-PAK Products Inc.,co_ac77d9d1a179,Other Debt,Consumer & Retail,,,N/A,,,2022-09-30,2029-09-30,1449,,632,,,,,,,dspy_extracted,GECC,2024-02-29,GECC,2024-02-29
NICE-PAK Products Inc.,co_ac77d9d1a179,Warrants,Consumer & Retail,,,N/A,,,2022-09-30,,880909,,,,,,,,,dspy_extracted,GECC,2024-02-29,GECC,2024-02-29
NuStar Energy LP,co_633ccb4f3aa1,Preferred Equity,Energy,11.41 %,,LIBOR,6.77 %,6.77 %,2022-12-22,,2500,55,57,,,,,,,dspy_extracted|fair_value_suspicious_vs_size,GECC,2024-02-29,GECC,2024-02-29
NuStar Energy LP,co_633ccb4f3aa1,Preferred Equity,Energy,11.52 %,,LIBOR,6.88 %,6.88 %,2022-12-12,,7500,166,177,,,,,,,dspy_extracted|fair_value_suspicious_vs_size,GECC,2024-02-29,GECC,2024-02-29
Par Petroleum LLC,co_fea0fd26645c,First Lien,Energy,7.75 %,,Fixed,,,2020-10-30,2025-12-15,3000,2696,2880,,,,,,,dspy_extracted,GECC,2024-02-29,GECC,2024-02-29
Par Petroleum LLC,co_fea0fd26645c,First Lien,Energy,12.88 %,,Fixed,,,2022-05-17,2026-01-15,2383,2610,2508,,,,,,,dspy_extracted,GECC,2024-02-29,GECC,2024-02-29
Perforce Software Inc.,co_8736d4f129ac,Revolver,Software & Technology,0.50 %,,Fixed,,,2020-01-24,2024-07-01,4375,,,,,,,,,dspy_extracted,GECC,2024-02-29,GECC,2024-02-29
PFS Holdings Corp.,co_53aae39dd10e,Common Equity,Food & Beverage,,,N/A,,,2020-11-13,,5238,12378,408,5.24,,,,,,dspy_extracted,GECC,2024-02-29,GECC,2024-02-29
PIRS Capital LLC,co_a419103f68d5,Other Debt,Financial Services,14.00 %,,Prime,6.50 %,6.50 %,2021-11-22,2024-12-31,2000,2000,1997,,,,,,,dspy_extracted,GECC,2024-02-29,GECC,2024-02-29
Prestige Capital Finance LLC,co_b7c0720d83ea,Subordinated Debt,Financial Services,11.00 %,,N/A,,,2021-06-15,2023-06-15,3000,,3000,,3000,,,,,dspy_extracted,GECC,2024-02-29,GECC,2024-02-29
Prestige Capital Finance LLC,co_b7c0720d83ea,Common Equity,Financial Services,,,N/A,,,2019-02-08,,100,,11638,80.00,7786,,,,,dspy_extracted,GECC,2024-02-29,GECC,2024-02-29
Research Now Group Inc.,co_f56b9233964e,Revolver,Media & Entertainment,,,Prime,3.50 %,3.50 %,2019-01-29,2024-06-14,5974,,5577,,5967,,,,,dspy_extracted,GECC,2024-02-29,GECC,2024-02-29
Research Now Group Inc.,co_f56b9233964e,Revolver,Media & Entertainment,0.50 %,,N/A,,,2019-01-29,2024-06-14,4026,,( 267	),,-,,,,,dspy_extracted,GECC,2024-02-29,GECC,2024-02-29
SCIH Salt Holdings Inc.,co_b369f6da5ffe,Unsecured Debt,Food & Beverage,6.63 %,,Fixed,,,2022-06-24,2029-05-01,2000,,1611,,1645,,,,,dspy_extracted,GECC,2024-02-29,GECC,2024-02-29
Sprout Holdings LLC,co_f78963f249ba,Other,Financial Services,11.50 %,,N/A,,,2021-06-23,2023-06-23,873,,873,,873,,,,,dspy_extracted,GECC,2024-02-29,GECC,2024-02-29
Sterling Commercial Credit LLC,co_4d26d622e6f0,Subordinated Debt,Financial Services,11.00 %,,N/A,,,2022-02-03,2025-05-03,8500,,8500,,8500,,,,,dspy_extracted,GECC,2024-02-29,GECC,2024-02-29
Sterling Commercial Credit LLC,co_4d26d622e6f0,Common Equity,Financial Services,,,N/A,,,2022-02-03,,3280000,,6262,80.00,7843,,,,,cost_suspicious_vs_size|dspy_extracted|fair_value_suspicious_vs_size,GECC,2024-02-29,GECC,2024-02-29
Summit Midstream Holdings LLC,co_b0d60a3065a3,Unsecured Debt,Energy,5.75 %,,Fixed,,,2022-08-10,2025-04-15,1386,,1173,,1180,,,,,dspy_extracted,GECC,2024-02-29,GECC,2024-02-29
Summit Midstream Holdings LLC,co_b0d60a3065a3,Second Lien,Energy,8.50 %,,Fixed,,,2021-10-19,2026-10-15,5000,,4762,,4800,,,,,dspy_extracted,GECC,2024-02-29,GECC,2024-02-29
Target Hospitality Corp.,co_e6037c23edc2,Other Debt,Healthcare,9.50 %,,Fixed,,,2021-05-13,2024-03-15,5000,,4988,,4985,,,,,dspy_extracted,GECC,2024-02-29,GECC,2024-02-29
TRU Taj Trust,co_e9f013e18a36,Common Equity,Consumer & Retail,,,N/A,,,2017-07-21,,16000,,5,2.75,611,,,,,cost_suspicious_vs_size|dspy_extracted|fair_value_suspicious_vs_size,GECC,2024-02-29,GECC,2024-02-29
United Insurance Holdings Corp.,co_380e913eb9a7,Unsecured Debt,Insurance,7.25 %,,Fixed,,,2022-12-20,2027-12-15,6000,,2340,,2469,,,,,dspy_extracted,GECC,2024-02-29,GECC,2024-02-29
Universal Fiber Systems,co_17de53ba34fb,Warrants,Chemicals & Materials,,,N/A,,,2021-09-30,,3383,,1246,1.50,,,,,,dspy_extracted,GECC,2024-02-29,GECC,2024-02-29
Vantage Specialty Chemicals Inc.,co_7a3d59fdd9e8,Second Lien,Chemicals & Materials,12.98 %,,LIBOR,8.25 %,9.25 %,2021-06-08,2025-10-26,4693,4582,4543,,,,,,,dspy_extracted,GECC,2024-02-29,GECC,2024-02-29
Vector Group Ltd.,co_d39e7e91a2fa,Unsecured Debt,Food & Beverage,10.50 %,,Fixed,,,2022-07-08,2026-11-01,750,714,745,,,,,,,dspy_extracted,GECC,2024-02-29,GECC,2024-02-29
W&T Offshore Inc.,co_2f9481e6cc6e,Second Lien,Energy,9.75 %,,Fixed,,,2021-05-05,2023-11-01,8000,7798,7858,,,,,,,dspy_extracted,GECC,2024-02-29,GECC,2024-02-29
AdTheorent Holding Company Inc.,co_bd39b8d9f303,Warrants,Media & Entertainment,,,N/A,,,2021-02-26,,4166,3,1,,,,,,,dspy_extracted|fair_value_suspicious_vs_size,GECC,2024-02-29,GECC,2024-02-29
Agile Growth Corp.,co_44a992ce107b,Warrants,Automotive,,,N/A,,,2021-03-10,,652,1,-,,,,,,,dspy_extracted,GECC,2024-02-29,GECC,2024-02-29
Allego N.V. Industriepark Kleefse Waard Westervoortsedijk 73 KB,co_e22b01cab191,Warrants,Transportation & Logistics,,,N/A,,,2021-03-17,,8000,9,1,,,,,,,dspy_extracted|fair_value_suspicious_vs_size,GECC,2024-02-29,GECC,2024-02-29
Apollo Strategic Growth Capital II 9 West 57th Street 43rd Floor New York NY 10019,co_c629d42164ad,Warrants,Automotive,,,N/A,,,2021-02-10,,500,1,-,,,,,,,dspy_extracted,GECC,2024-02-29,GECC,2024-02-29
Arctos NorthStar Acquisition Corp.,co_121edbf6a21a,Warrants,Automotive,,,N/A,,,2021-02-23,,125,-,-,,,,,,,dspy_extracted,GECC,2024-02-29,GECC,2024-02-29
Ares Acquisition Corp.,co_f56fc41eb073,Warrants,Automotive,,,N/A,,,2021-02-02,,20000,18,9,,,,,,,dspy_extracted|fair_value_suspicious_vs_size,GECC,2024-02-29,GECC,2024-02-29
BigBear.ai Holdings Inc.,co_fe39c39ed123,Warrants,Software & Technology,,,N/A,,,2021-02-09,,8333,6,-,,,,,,,dspy_extracted,GECC,2024-02-29,GECC,2024-02-29
Biote Corp.,co_ec4f005dfc3d,Warrants,Healthcare,,,N/A,,,2021-03-02,,400,-,-,,,,,,,dspy_extracted,GECC,2024-02-29,GECC,2024-02-29
Cartesian Growth Corp.,co_8ff952abd4ad,Warrants,Automotive,,,N/A,,,2021-02-24,,1666,1,1,,,,,,,dspy_extracted|fair_value_suspicious_vs_size,GECC,2024-02-29,GECC,2024-02-29
Catcha Investment Corp.,co_cd901cbb87bd,Warrants,Automotive,,,N/A,,,2021-02-12,,166,-,-,,,,,,,dspy_extracted,GECC,2024-02-29,GECC,2024-02-29
CC Neuberger Principal Holdings III,co_22089e8fdc6d,Warrants,Automotive,,,N/A,,,2021-02-03,,500,1,-,,,,,,,dspy_extracted,GECC,2024-02-29,GECC,2024-02-29
CF Acquisition Corp.,co_af2661c78968,Warrants,Automotive,,,N/A,,,2021-03-12,,1000,1,-,,,,,,,dspy_extracted,GECC,2024-02-29,GECC,2024-02-29
Climate Real Impact Solutions II Acquisition Corp.,co_31ff7e30c997,Warrants,Automotive,,,N/A,,,2021-01-27,,1000,,-,*,2,,,,,dspy_extracted,GECC,2024-02-29,GECC,2024-02-29
Colonnade Acquisition Corp.,co_fcd5eaef67a0,Warrants,Automotive,,,N/A,,,2021-03-10,,2,,-,*,2,,,,,dspy_extracted|principal_scaled_down_1000x,GECC,2024-02-29,GECC,2024-02-29
Compute Health Acquisition Corp.,co_5f48b372b3b1,Warrants,Automotive,,,N/A,,,2021-02-05,,125,,-,*,-,,,,,dspy_extracted,GECC,2024-02-29,GECC,2024-02-29
Core Scientific Inc.,co_3a1f25366961,Warrants,Software & Technology,,,N/A,,,2021-02-10,,1250,,-,*,2,,,,,dspy_extracted,GECC,2024-02-29,GECC,2024-02-29
D & Z Media Acquisition Corp.,co_a58140f282c5,Warrants,Automotive,,,N/A,,,2021-01-26,,166,,-,*,-,,,,,dspy_extracted,GECC,2024-02-29,GECC,2024-02-29
Dave Inc.,co_bbc09a7ad948,Warrants,Financial Services,,,N/A,,,2021-03-05,,10000,,-,*,7,,,,,dspy_extracted,GECC,2024-02-29,GECC,2024-02-29
Digital Transformation Opportunities Corp.,co_1b32734d29bc,Warrants,Automotive,,,N/A,,,2021-03-10,,2500,,-,*,2,,,,,dspy_extracted,GECC,2024-02-29,GECC,2024-02-29
ESM Acquisition Corp.,co_73e810336104,Warrants,Automotive,,,N/A,,,2021-03-10,,6.63,,1,*,7,,,,,dspy_extracted|principal_scaled_down_1000x,GECC,2024-02-29,GECC,2024-02-29
FAST Acquisition Corp.,co_5fcc2c285f80,Warrants,Automotive,,,N/A,,,2021-03-16,,5000,,3,*,7,,,,,cost_suspicious_vs_size|dspy_extracted|fair_value_suspicious_vs_size,GECC,2024-02-29,GECC,2024-02-29
Fast Radius Inc.,co_d4000dc84057,Warrants,Industrials,,,N/A,,,2021-02-09,,625,,-,*,1,,,,,dspy_extracted,GECC,2024-02-29,GECC,2024-02-29
Fathom Digital Manufacturing Corp.,co_cc784a241358,Warrants,Industrials,,,N/A,,,2021-02-05,,125,,-,*,-,,,,,dspy_extracted,GECC,2024-02-29,GECC,2024-02-29
FinServ Acquisition Corp.,co_734c17e5a503,Warrants,Automotive,,,N/A,,,2021-02-18,,125,,-,*,-,,,,,dspy_extracted,GECC,2024-02-29,GECC,2024-02-29
First Reserve Sustainable Growth Corp.,co_2dc59ea275b6,Warrants,Automotive,,,N/A,,,2021-03-05,,5,,-,*,6,,,,,dspy_extracted|principal_scaled_down_1000x,GECC,2024-02-29,GECC,2024-02-29
Forest Road Acquisition Corp.,co_92ec352d7bf1,Warrants,Automotive,,,N/A,,,2021-03-10,,80,,-,*,-,,,,,dspy_extracted,GECC,2024-02-29,GECC,2024-02-29
Forum Merger IV Corp.,co_38e074cad0f2,Warrants,Automotive,,,N/A,,,2021-03-18,,5000,,-,*,9,,,,,dspy_extracted,GECC,2024-02-29,GECC,2024-02-29
Freedom Acquisition I Corp.,co_29702acfa17a,Warrants,Automotive,,,N/A,,,2021-02-26,,625,,-,*,1,,,,,dspy_extracted,GECC,2024-02-29,GECC,2024-02-29
Frontier Acquisition Corp.,co_01bbdb221591,Warrants,Automotive,,,N/A,,,2021-03-11,,2.5,,-,*,3,,,,,dspy_extracted|principal_scaled_down_1000x,GECC,2024-02-29,GECC,2024-02-29
FTAC Athena Acquisition Corp.,co_486f7e23e413,Warrants,Automotive,,,N/A,,,2021-02-23,,1250,,-,,1,,,,,dspy_extracted,GECC,2024-02-29,GECC,2024-02-29
FTAC Hera Acquisition Corp.,co_a833372af608,Warrants,Automotive,,,N/A,,,2021-03-04,,100,,-,,-,,,,,dspy_extracted,GECC,2024-02-29,GECC,2024-02-29
Fusion Acquisition Corp.,co_a39b406d3a5f,Warrants,Automotive,,,N/A,,,2021-02-26,,1666,,-,,1,,,,,dspy_extracted,GECC,2024-02-29,GECC,2024-02-29
G Squared Ascend I Inc.,co_f6ece27edf97,Warrants,Automotive,,,N/A,,,2021-02-05,,1,,-,,1,,,,,dspy_extracted|principal_scaled_down_1000x,GECC,2024-02-29,GECC,2024-02-29
Ginko Bioworks Holdings Inc.,co_0443451fc1a1,Warrants,Healthcare,,,N/A,,,2021-02-24,,5000,,1,,13,,,,,cost_suspicious_vs_size|dspy_extracted|fair_value_suspicious_vs_size,GECC,2024-02-29,GECC,2024-02-29
Grove Collaborative Holdings Inc.,co_3fcd91bd9360,Warrants,Consumer & Retail,,,N/A,,,2021-03-23,,5000,,1,,7,,,,,cost_suspicious_vs_size|dspy_extracted|fair_value_suspicious_vs_size,GECC,2024-02-29,GECC,2024-02-29
Iris Acquisition Corp.,co_60351c9c2939,Warrants,Automotive,,,N/A,,,2021-03-05,,500,,-,,1,,,,,dspy_extracted,GECC,2024-02-29,GECC,2024-02-29
Jaws Mustang Acquisition Corp.,co_a092dc59faa2,Warrants,Automotive,,,N/A,,,2021-02-02,,6.25,,1,,7,,,,,dspy_extracted|principal_scaled_down_1000x,GECC,2024-02-29,GECC,2024-02-29
Kismet Acquisition Two Corp.,co_4b159074ad40,Warrants,Automotive,,,N/A,,,2021-02-18,,326,,-,,-,,,,,dspy_extracted,GECC,2024-02-29,GECC,2024-02-29
Kismet Acquisition Three Corp.,co_4b159074ad40,Warrants,Automotive,,,N/A,,,2021-02-18,,4133,,-,,3,,,,,dspy_extracted,GECC,2024-02-29,GECC,2024-02-29
L Catterton Asia Acquisition C 8 Marina View Asia Square Tower 1 No 41-03 Singapore 018960,co_3e2d7b0a3e3c,Warrants,Automotive,,,N/A,,,2021-03-11,,5.933,,-,,6,,,,,dspy_extracted|principal_scaled_down_1000x,GECC,2024-02-29,GECC,2024-02-29
Lanvin Group Holdings Ltd.,co_dbc9597bb762,Warrants,Automotive,,,N/A,,,2021-03-19,,5,,2,,6,,,,,dspy_extracted|principal_scaled_down_1000x,GECC,2024-02-29,GECC,2024-02-29
Lazard Growth Acquisition Corp.,co_1a1b3ae62720,Warrants,Automotive,,,N/A,,,2021-02-10,,500,,-,,1,,,,,dspy_extracted,GECC,2024-02-29,GECC,2024-02-29
Live Oak Mobility Acquisition Corp.,co_d677f1348da5,Warrants,Automotive,,,N/A,,,2021-03-02,,400,,-,,1,,,,,dspy_extracted,GECC,2024-02-29,GECC,2024-02-29
M3-Brigade Acquisition II Corp.,co_4f59438f5736,Warrants,Automotive,,,N/A,,,2021-03-04,,3.333,,-,,4,,,,,dspy_extracted|principal_scaled_down_1000x,GECC,2024-02-29,GECC,2024-02-29
New Vista Acquisition Corp.,co_66b2d26ce1b6,Warrants,Automotive,,,N/A,,,2021-02-17,,166,,-,,-,,,,,dspy_extracted,GECC,2024-02-29,GECC,2024-02-29
Northern Star Investment Corp.,co_8e0addec8eb1,Warrants,Automotive,,,N/A,,,2021-01-26,,100,,-,,-,,,,,dspy_extracted,GECC,2024-02-29,GECC,2024-02-29
Northern Star Investment Corp.,co_8e0addec8eb1,Warrants,Special Purpose Acquisition Company,,,N/A,,,2021-03-02,,66,,-,,-,,,,,dspy_extracted,GECC,2024-02-29,GECC,2024-02-29
Pathfinder Acquisition Corp.,co_6d016efa6266,Warrants,Special Purpose Acquisition Company,,,N/A,,,2021-02-17,,1,,-,,1,,,,,dspy_extracted|principal_scaled_down_1000x,GECC,2024-02-29,GECC,2024-02-29
Pear Therapeutics Inc.,co_1a0ebca4b2bf,Warrants,Software & Technology,,,N/A,,,2021-02-02,,1.666,,-,,2,,,,,dspy_extracted|principal_scaled_down_1000x,GECC,2024-02-29,GECC,2024-02-29
Peridot Acquisition Corp.,co_ca620ef39a41,Warrants,Special Purpose Acquisition Company,,,N/A,,,2021-03-09,,2000,,-,,3,,,,,dspy_extracted,GECC,2024-02-29,GECC,2024-02-29
Pivotal Investment Corp.,co_223ca541ed46,Warrants,Special Purpose Acquisition Company,,,N/A,,,2021-02-09,,100,,-,,-,,,,,dspy_extracted,GECC,2024-02-29,GECC,2024-02-29
Planet Labs PBC,co_2487a46cc9c1,Warrants,Telecommunications,,,N/A,,,2021-03-05,,400,,-,,-,,,,,dspy_extracted,GECC,2024-02-29,GECC,2024-02-29
Plum Acquisition Corp.,co_8c70846382ef,Warrants,Special Purpose Acquisition Company,,,N/A,,,2021-03-16,,1.6,,-,,2,,,,,dspy_extracted|principal_scaled_down_1000x,GECC,2024-02-29,GECC,2024-02-29
Polestar Automotive Holding UK PLC,co_f2813a6e31a5,Warrants,Automotive,,,N/A,,,2021-03-23,,2000,,2,,5,,,,,cost_suspicious_vs_size|dspy_extracted|fair_value_suspicious_vs_size,GECC,2024-02-29,GECC,2024-02-29
RMG Acquisition Corp.,co_f03eb8692075,Warrants,Special Purpose Acquisition Company,,,N/A,,,2021-02-05,,3333,,-,,5,,,,,dspy_extracted,GECC,2024-02-29,GECC,2024-02-29
Ross Acquisition Corp.,co_66fb97d098ba,Warrants,Special Purpose Acquisition Company,,,N/A,,,2021-03-12,,6.666,,-,,7,,,,,dspy_extracted|principal_scaled_down_1000x,GECC,2024-02-29,GECC,2024-02-29
Rumble Inc.,co_6775417ca009,Warrants,Special Purpose Acquisition Company,,,N/A,,,2021-05-10,,1250,,2,,1,,,,,cost_suspicious_vs_size|dspy_extracted|fair_value_suspicious_vs_size,GECC,2024-02-29,GECC,2024-02-29
Sandbridge X2 Corp.,co_777a7b55088f,Warrants,Special Purpose Acquisition Company,,,N/A,,,2021-03-10,,666,,-,,1,,,,,dspy_extracted,GECC,2024-02-29,GECC,2024-02-29
ScION Tech Growth II 10 Queen St Place 2nd Floor London UK EC4R 1BE,co_183a18022a83,Warrants,Special Purpose Acquisition Company,,,N/A,,,2021-02-10,,166,,-,,-,,,,,dspy_extracted,GECC,2024-02-29,GECC,2024-02-29
Silver Spike Acquisition Corp.,co_208111256b48,Warrants,Special Purpose Acquisition Company,,,N/A,,,2021-03-11,,5,,-,,6,,,,,dspy_extracted|principal_scaled_down_1000x,GECC,2024-02-29,GECC,2024-02-29
Slam Corp.,co_7db67192984f,Warrants,Special Purpose Acquisition Company,,,N/A,,,2021-04-26,,1250,,-,,1,,,,,dspy_extracted,GECC,2024-02-29,GECC,2024-02-29
Sonder Holdings Inc.,co_aa26e82f8a4a,Warrants,Healthcare,,,N/A,,,2021-03-19,,500,,-,,1,,,,,dspy_extracted,GECC,2024-02-29,GECC,2024-02-29
Supernova Partners Acquisition Company III Ltd.,co_207e45107dcf,Warrants,Other,,,N/A,,,2021-03-23,,80,,-,*,-,,,,,dspy_extracted,GECC,2024-02-29,GECC,2024-02-29
Sustainable Development Acquisition I Corp.,co_06d67bff0952,Warrants,Environmental Services,,,N/A,,,2021-02-05,,1250,,-,*,1,,,,,dspy_extracted,GECC,2024-02-29,GECC,2024-02-29
Tailwind International Acquisition Corp.,co_a32ece37166f,Warrants,Other,,,N/A,,,2021-02-19,,4166,,-,*,3,,,,,dspy_extracted,GECC,2024-02-29,GECC,2024-02-29
Tech and Energy Transition Corp.,co_ec522debe824,Warrants,Energy,,,N/A,,,2021-03-17,,666,,-,*,1,,,,,dspy_extracted,GECC,2024-02-29,GECC,2024-02-29
Terran Orbital Corp.,co_ff857f03a9a8,Warrants,Telecommunications,,,N/A,,,2021-02-19,,3.333,,-,*,3,,,,,dspy_extracted|principal_scaled_down_1000x,GECC,2024-02-29,GECC,2024-02-29
TLG Acquisition One Corp.,co_e62cc4caa42c,Warrants,Other,,,N/A,,,2021-01-28,,5000,,-,*,3,,,,,dspy_extracted,GECC,2024-02-29,GECC,2024-02-29
Tritium DCFC Ltd.,co_ee55480ab1df,Warrants,Automotive,,,N/A,,,2021-02-04,,5,,2,*,6,,,,,dspy_extracted|principal_scaled_down_1000x,GECC,2024-02-29,GECC,2024-02-29
VPC Impact Acquisition Holdings II,co_deaaf7e7913a,Warrants,Other,,,N/A,,,2021-03-05,,10000,,-,*,7,,,,,dspy_extracted,GECC,2024-02-29,GECC,2024-02-29
Warburg Pincus Capital Corp.,co_5944d3c0e2fe,Warrants,Other,,,N/A,,,2021-03-05,,80,,-,*,-,,,,,dspy_extracted,GECC,2024-02-29,GECC,2024-02-29
United States Treasury,co_a78bc95dd4a5,Other,Automotive,0.00 %,,N/A,,,2022-12-30,2023-03-31,70000,,69785,,69798,,,,,dspy_extracted|principal_scaled_down_1000x,GECC,2024-02-29,GECC,2024-02-29
GS Financial Square Treasury Obligations Fund,co_6832b1ea0657,Other,Automotive,0.00 %,,N/A,,,2022-06-30,,6341.888,,6342,,6342,,,,,dspy_extracted|principal_scaled_down_1000x,GECC,2024-02-29,GECC,2024-02-29
Advancion,co_cecc5e9a9fd0,Second Lien,Chemicals & Materials,8.50 %,,SOFR,7.75 %,8.50 %,2022-09-21,2028-11-24,1625,1520,1571,,,,,,,dspy_extracted,GECC,2024-05-02,GECC,2024-05-02
ADS Tactical Inc.,co_f6fe2bd14164,First Lien,Aerospace & Defense,6.75 %,,SOFR,5.75 %,6.75 %,2023-11-28,2026-03-19,3914,3905,3920,,,,,,,dspy_extracted,GECC,2024-05-02,GECC,2024-05-02
American Coastal Insurance Corp.,co_aa016be18373,Unsecured Debt,Insurance,7.25 %,,Fixed,,,2022-12-20,2027-12-15,13000,7360,11798,,,,,,,dspy_extracted,GECC,2024-05-02,GECC,2024-05-02
Apex Credit CLO 2024-1 Ltd.,co_c98a323f44a8,Other,Financial Services,,,N/A,,,2024-02-09,2036-04-20,12422,10829,10840,,,,,,,dspy_extracted,GECC,2024-05-02,GECC,2024-05-02
APTIM Corp.,co_df1226a1b6a9,First Lien,Industrials,7.75 %,,Fixed,,,2019-03-28,2025-06-15,2274,1937,2246,,,,,,,dspy_extracted,GECC,2024-05-02,GECC,2024-05-02
Arcline FM Holdings LLC,co_50538b3fe821,First Lien,Aerospace & Defense,5.50 %,,SOFR,4.75 %,5.50 %,2024-02-08,2028-06-23,1995,1995,1995,,,,,,,dspy_extracted,GECC,2024-05-02,GECC,2024-05-02
Avation Capital SA 65 Kampong Bahru Road #01-01 Singapore 169370,co_7bff369f0ac8,Second Lien,Transportation & Logistics,8.25 %,,Fixed,,,2022-02-04,2026-10-31,4671,4264,3994,,,,,,,dspy_extracted,GECC,2024-05-02,GECC,2024-05-02
Blackstone Secured Lending,co_32e454a9dde3,Common Equity,Automotive,,,N/A,,,2022-08-18,,236783,7374,7376,,,,,,,dspy_extracted|fair_value_suspicious_vs_size,GECC,2024-05-02,GECC,2024-05-02
Blue Ribbon LLC,co_c4f2f6705335,First Lien,Food & Beverage,6.75 %,,SOFR,6.00 %,6.75 %,2023-02-06,2028-05-07,5862,4477,5097,,,,,,,dspy_extracted,GECC,2024-05-02,GECC,2024-05-02
Coreweave Compute Acquisition Co II LLC,co_397287dfd2fc,First Lien,Software & Technology,8.75 %,,SOFR,8.75 %,8.75 %,2023-07-31,2028-07-31,12500,12290,12625,,,,,,,dspy_extracted,GECC,2024-05-02,GECC,2024-05-02
Creation Technologies Inc.,co_9d2a7f348cef,First Lien,Industrials,6.00 %,,SOFR,5.50 %,6.00 %,2024-02-12,2028-10-05,1000,972,974,,,,,,,dspy_extracted,GECC,2024-05-02,GECC,2024-05-02
Crown Subsea Communications Holding Inc.,co_f475b894e27c,First Lien,Telecommunications,4.75 %,,SOFR,4.75 %,4.75 %,2024-01-26,2031-01-27,1800,1782,1809,,,,,,,dspy_extracted,GECC,2024-05-02,GECC,2024-05-02
CSC Serviceworks 35 Pinelawn Road Suite,co_59f560cce657,First Lien,Business Services,4.75 %,,SOFR,4.00 %,4.75 %,2023-09-26,2028-03-04,1985,1741,1831,,,,,,,dspy_extracted,GECC,2024-05-02,GECC,2024-05-02
Del Monte Foods Inc.,co_a74139629788,First Lien,Food & Beverage,4.75 %,,SOFR,4.25 %,4.75 %,2024-02-21,2029-05-16,2800,2421,2361,,,,,,,dspy_extracted,GECC,2024-05-02,GECC,2024-05-02
Eagle Point Credit Company Inc.,co_7a912e541242,Common Equity,Automotive,,,N/A,,,2022-08-18,,300000,3173,3033,,,,,,,dspy_extracted|fair_value_suspicious_vs_size,GECC,2024-05-02,GECC,2024-05-02
EPIC Crude Services LP,co_1c14098d3b25,First Lien,Energy,6.00 %,,SOFR,5.00 %,6.00 %,2024-02-08,2026-03-02,2000,2002,2002,,,,,,,dspy_extracted,GECC,2024-05-02,GECC,2024-05-02
"First Brands, Inc.",co_53cb28c1a725,Second Lien,Transportation & Logistics,14.07%,,SOFR,8.50%,9.50%,2021-03-24,2028-03-30,12545,,12388,,12229,,,,,dspy_extracted,GECC,2024-05-02,GECC,2024-05-02
"First Brands, Inc.",co_53cb28c1a725,First Lien,Transportation & Logistics,10.57%,,SOFR,5.00%,6.00%,2023-06-09,2027-03-30,7642,,7646,,7529,,,,,dspy_extracted,GECC,2024-05-02,GECC,2024-05-02
"First Brands, Inc.",co_53cb28c1a725,First Lien,Transportation & Logistics,10.57%,,SOFR,5.00%,6.00%,2024-01-19,2027-03-30,1796,,1795,,1782,,,,,dspy_extracted,GECC,2024-05-02,GECC,2024-05-02
Flexsys Holdings,co_fdf6c33899b5,First Lien,Chemicals & Materials,10.82%,,SOFR,5.25%,6.00%,2022-11-04,2028-11-01,4925,,4804,,4039,,,,,dspy_extracted,GECC,2024-05-02,GECC,2024-05-02
"Florida Marine, LLC",co_04b02011caf9,First Lien,Transportation & Logistics,14.88%,,SOFR,9.44%,11.44%,2023-03-17,2028-03-17,6341,,6313,,6191,,,,,dspy_extracted,GECC,2024-05-02,GECC,2024-05-02
Foresight Energy,co_780e4635a312,First Lien,Chemicals & Materials,13.41%,,SOFR,8.00%,9.50%,2021-07-29,2027-06-30,5953,,5953,,5980,,,,,dspy_extracted,GECC,2024-05-02,GECC,2024-05-02
"Form Technologies, LLC",co_363a7a91702f,First Lien,Industrials,10.19%,,SOFR,4.50%,5.50%,2024-01-25,2025-07-22,997,,950,,949,,,,,dspy_extracted,GECC,2024-05-02,GECC,2024-05-02
GrafTech Global Enterprises Inc.,co_e19a7c8cdba9,First Lien,Industrials,9.88%,,Fixed,,,2024-01-18,2028-12-15,1000,,740,,744,,,,,dspy_extracted,GECC,2024-05-02,GECC,2024-05-02
"Great Elm Specialty Finance, LLC",co_274440f466a4,Subordinated Debt,Financial Services,13.00%,,Fixed,,,2023-09-01,2026-06-30,28733,,28733,,28733,,,,,dspy_extracted,GECC,2024-05-02,GECC,2024-05-02
"Great Elm Specialty Finance, LLC",co_274440f466a4,Common Equity,Financial Services,,,N/A,,,2023-09-01,,87500,,15853,87.50,17567,,,,,dspy_extracted,GECC,2024-05-02,GECC,2024-05-02
Greenfire Resources Ltd.,co_aa54a5e0036e,First Lien,Energy,12.00%,,Fixed,,,2023-09-13,2028-10-01,6500,,6918,,6380,,,,,dspy_extracted,GECC,2024-05-02,GECC,2024-05-02
Harvey Gulf Holdings LLC,co_673a6df69bc1,Other Debt,Transportation & Logistics,12.56%,,SOFR,7.25%,9.25%,2024-02-28,2029-01-19,6300,,6243,,6246,,,,,dspy_extracted,GECC,2024-05-02,GECC,2024-05-02
"LSF9 Atlantis Holdings, LLC",co_1753b6bc8f3c,First Lien,Consumer & Retail,11.83%,,SOFR,6.50%,7.25%,2024-02-12,2029-03-31,1000,,1006,,1001,,,,,dspy_extracted,GECC,2024-05-02,GECC,2024-05-02
Lummus Technology Holdings,co_f48e428ebed1,Unsecured Debt,Chemicals & Materials,9.00%,,Fixed,,,2022-05-17,2028-07-01,2500,,2467,,2109,,,,,dspy_extracted,GECC,2024-05-02,GECC,2024-05-02
"Mad Engine Global, LLC",co_82f34b67b45f,First Lien,Consumer & Retail,12.56%,,SOFR,7.00%,8.00%,2021-06-30,2027-07-15,2813,,2062,,2768,,,,,dspy_extracted,GECC,2024-05-02,GECC,2024-05-02
"Manchester Acquisition Sub, LLC",co_19782064e0cc,First Lien,Chemicals & Materials,11.24%,,SOFR,5.75%,6.50%,2023-09-26,2026-11-01,4380,,4096,,3980,,,,,dspy_extracted,GECC,2024-05-02,GECC,2024-05-02
Maverick Gaming LLC,co_28f75db82886,First Lien,Healthcare,13.1%,,SOFR,7.50%,8.50%,2021-11-16,2026-09-03,5832,,3893,,5723,,,,,dspy_extracted,GECC,2024-05-02,GECC,2024-05-02
New Wilkie Energy Pty Limited 56 Pitt Street Sydney New South Wales,co_081b1162e945,First Lien,Chemicals & Materials,,,N/A,,,2023-04-06,2026-04-06,4935,,3240,,4821,,,,,dspy_extracted,GECC,2024-05-02,GECC,2024-05-02
New Wilkie Energy Pty Limited 56 Pitt Street Sydney New South Wales,co_081b1162e945,Warrants,Chemicals & Materials,,,N/A,,,2023-04-06,,1078899,,-,,-,,,,,dspy_extracted,GECC,2024-05-02,GECC,2024-05-02
New Wilkie Energy Pty Limited 56 Pitt Street Sydney New South Wales,co_081b1162e945,Other,Chemicals & Materials,16.00 %,,N/A,,,2024-02-22,2024-08-16,1064,,1064,,1025,,,,,dspy_extracted,GECC,2024-05-02,GECC,2024-05-02
NICE-PAK Products Inc.,co_ac77d9d1a179,Other Debt,Consumer & Retail,8.12 %,11.00 %,SOFR,13.50 %,14.50 %,2022-09-30,2027-09-30,9024,,8952,,8830,,,,,dspy_extracted,GECC,2024-05-02,GECC,2024-05-02
NICE-PAK Products Inc.,co_ac77d9d1a179,Other Debt,Consumer & Retail,,,N/A,,,2022-09-30,2029-09-30,1449,,1449,,-,,,,,dspy_extracted,GECC,2024-05-02,GECC,2024-05-02
NICE-PAK Products Inc.,co_ac77d9d1a179,Warrants,Consumer & Retail,,,N/A,,,2022-09-30,,880909,,1464,2.56,-,,,,,dspy_extracted,GECC,2024-05-02,GECC,2024-05-02
PFS Holdings Corp.,co_53aae39dd10e,First Lien,Food & Beverage,12.43 %,,SOFR,7.00 %,8.00 %,2020-11-13,2024-11-13,1041,,214,,1041,,,,,dspy_extracted,GECC,2024-05-02,GECC,2024-05-02
PFS Holdings Corp.,co_53aae39dd10e,Common Equity,Food & Beverage,,,N/A,,,2020-11-13,,5238,,-,5.05,12379,,,,,dspy_extracted,GECC,2024-05-02,GECC,2024-05-02
PowerStop LLC,co_1f357e6106d5,First Lien,Automotive,10.19 %,,SOFR,4.75 %,5.25 %,2024-02-09,2029-01-26,997,,906,,920,,,,,dspy_extracted,GECC,2024-05-02,GECC,2024-05-02
ProFrac Holdings II LLC,co_b0bc18c68ff8,First Lien,Energy,12.84 %,,SOFR,7.25 %,9.25 %,2023-12-27,2029-01-23,6732,,6712,,6667,,,,,dspy_extracted,GECC,2024-05-02,GECC,2024-05-02
Research Now Group Inc.,co_f56b9233964e,Revolver,Media & Entertainment,10.07 %,,SOFR,4.50 %,4.50 %,2019-01-29,2024-06-14,10000,,8426,,9999,,,,,dspy_extracted,GECC,2024-05-02,GECC,2024-05-02
Research Now Group Inc.,co_f56b9233964e,Second Lien,Media & Entertainment,,,N/A,,,2019-05-20,2025-12-20,8000,,1426,,7977,,,,,dspy_extracted,GECC,2024-05-02,GECC,2024-05-02
Ruby Tuesday Operations LLC,co_1f7d49afa371,First Lien,Food & Beverage,11.44 %,6.00 %,SOFR,13.50 %,14.50 %,2021-02-24,2025-02-24,1947,,1912,,1947,,,,,dspy_extracted,GECC,2024-05-02,GECC,2024-05-02
Ruby Tuesday Operations LLC,co_1f7d49afa371,First Lien,Food & Beverage,21.44 %,,SOFR,16.00 %,17.25 %,2023-01-31,2025-02-24,631,,631,,631,,,,,dspy_extracted,GECC,2024-05-02,GECC,2024-05-02
Ruby Tuesday Operations LLC,co_1f7d49afa371,Warrants,Food & Beverage,,,N/A,,,2021-02-24,,311697,,922,2.81,-,,,,,dspy_extracted,GECC,2024-05-02,GECC,2024-05-02
SCIH Salt Holdings Inc.,co_b369f6da5ffe,First Lien,Food & Beverage,9.44 %,,SOFR,4.00 %,4.75 %,2023-06-21,2027-03-16,4966,,4973,,4935,,,,,dspy_extracted,GECC,2024-05-02,GECC,2024-05-02
Stone Ridge Opportunities Fund LP. One Vanderbilt Ave. 65th Floor New York NY 10017,co_394bfcb28dc7,Other,Insurance,,,N/A,,,2023-01-01,,2379875,,3214,,2380,,,,,cost_suspicious_vs_size|dspy_extracted|fair_value_suspicious_vs_size,GECC,2024-05-02,GECC,2024-05-02
Summit Midstream Holdings LLC,co_b0d60a3065a3,Second Lien,Energy,9.00 %,,Fixed,,,2021-10-19,2026-10-15,2000,1912,2023,,,,,,,dspy_extracted,GECC,2024-05-02,GECC,2024-05-02
Trouvaille Re Ltd.,co_76cecb8c8020,Preferred Equity,Insurance,,,N/A,,,2024-03-27,,100,5000,5000,,,,,,,dspy_extracted,GECC,2024-05-02,GECC,2024-05-02
TRU Taj Trust,co_e9f013e18a36,Common Equity,Consumer & Retail,,,N/A,,,2017-07-21,,16000,611,49,2.75,,,,,,dspy_extracted|fair_value_suspicious_vs_size,GECC,2024-05-02,GECC,2024-05-02
Universal Fiber Systems,co_17de53ba34fb,First Lien,Chemicals & Materials,9.33 %,9.00 %,SOFR,12.88 %,13.95 %,2021-09-30,2026-09-29,8026,7957,7936,,,,,,,dspy_extracted,GECC,2024-05-02,GECC,2024-05-02
Universal Fiber Systems,co_17de53ba34fb,First Lien,Chemicals & Materials,9.33 %,9.00 %,SOFR,12.88 %,13.95 %,2021-09-30,2026-09-29,3095,3060,2869,,,,,,,dspy_extracted,GECC,2024-05-02,GECC,2024-05-02
Universal Fiber Systems,co_17de53ba34fb,Warrants,Chemicals & Materials,,,N/A,,,2021-09-30,,3383,-,449,1.50,,,,,,dspy_extracted,GECC,2024-05-02,GECC,2024-05-02
Vi-Jon,co_a4f69355e0dd,First Lien,Consumer & Retail,13.57 %,2.00 %,SOFR,10 %,12.5 %,2023-12-28,2028-12-28,8961,8702,8709,,,,,,,dspy_extracted,GECC,2024-05-02,GECC,2024-05-02
W&T Offshore Inc.,co_2f9481e6cc6e,Second Lien,Energy,11.75 %,,Fixed,,,2023-01-12,2026-02-01,4816,4816,4988,,,,,,,dspy_extracted,GECC,2024-05-02,GECC,2024-05-02
"ADS Tactical, Inc.",co_f6fe2bd14164,First Lien,Aerospace & Defense,5.75 %,,SOFR,5.75 %,6.75 %,2023-11-28,2026-03-19,1971,,1945,,1957,,,,,dspy_extracted,GECC,2024-05-02,GECC,2024-05-02
APTIM Corp.,co_df1226a1b6a9,First Lien,Industrials,7.75 %,,Fixed,,,2019-03-28,2025-06-15,3950,,3719,,3453,,,,,dspy_extracted,GECC,2024-05-02,GECC,2024-05-02
"Avation Capital SA 65 Kampong Bahru Road, #01-01 Singapore 169370",co_7bff369f0ac8,Second Lien,Aircraft,8.25 %,,Fixed,,,2022-02-04,2026-10-31,4671,,3958,,4232,,,,,dspy_extracted,GECC,2024-05-02,GECC,2024-05-02
Blackstone Secured Lending,co_32e454a9dde3,Common Equity,Closed-End Fund,,,N/A,,,2022-08-18,,140000,,3870,,3337,,,,,cost_suspicious_vs_size|dspy_extracted|fair_value_suspicious_vs_size,GECC,2024-05-02,GECC,2024-05-02
"Blue Ribbon, LLC",co_c4f2f6705335,First Lien,Food & Beverage,6.00 %,,SOFR,6.00 %,6.75 %,2023-02-06,2028-05-07,4818,,4150,,3595,,,,,dspy_extracted,GECC,2024-05-02,GECC,2024-05-02
"Coreweave Compute Acquisition Co. II, LLC",co_0978cc636b37,First Lien,Software & Technology,8.75 %,,SOFR,8.75 %,8.75 %,2023-07-31,2028-07-31,7472,,7342,,7344,,,,,dspy_extracted,GECC,2024-05-02,GECC,2024-05-02
"CSC Serviceworks 35 Pinelawn Road, Suite",co_59f560cce657,First Lien,Business Services,4.00 %,,SOFR,4.00 %,4.75 %,2023-09-26,2028-03-04,1990,,1742,,1734,,,,,dspy_extracted,GECC,2024-05-02,GECC,2024-05-02
"First Brands, Inc.",co_53cb28c1a725,First Lien,Automotive,5.00 %,,SOFR,5.00 %,6.00 %,2023-06-09,2027-03-30,4962,,4931,,4837,,,,,dspy_extracted,GECC,2024-05-02,GECC,2024-05-02
Harvey Gulf Holdings LLC,co_673a6df69bc1,Other Debt,Energy,10.14 %,,SOFR,4.50 %,5.50 %,2022-08-10,2027-08-10,323,319,324,,,,,,,dspy_extracted,GECC,2024-05-02,GECC,2024-05-02
Harvey Gulf Holdings LLC,co_673a6df69bc1,Other Debt,Energy,14.73 %,,SOFR,9.08 %,10.08 %,2022-08-10,2027-08-10,4931,4816,5029,,,,,,,dspy_extracted,GECC,2024-05-02,GECC,2024-05-02
Lenders Funding LLC,co_b04626bd74e6,Revolver,Financial Services,9.75 %,,Prime,1.25 %,1.25 %,2021-09-20,2024-01-31,10000,6112,6112,,,10000,,,,dspy_extracted,GECC,2024-05-02,GECC,2024-05-02
Mad Engine Global LLC,co_82f34b67b45f,First Lien,Consumer & Retail,12.61 %,,SOFR,7.00 %,8.00 %,2021-06-30,2027-07-15,2831,2783,2007,,,,,,,dspy_extracted,GECC,2024-05-02,GECC,2024-05-02
Manchester Acquisition Sub LLC,co_19782064e0cc,First Lien,Chemicals & Materials,11.28 %,,SOFR,5.75 %,6.50 %,2023-09-26,2026-11-01,4436,4004,3970,,,,,,,dspy_extracted,GECC,2024-05-02,GECC,2024-05-02
New Wilkie Energy Pty Limited 56 Pitt Street Sydney New South Wales,co_081b1162e945,Warrants,Chemicals & Materials,,,N/A,,,2023-04-06,,1078899,,-,,,,,,,dspy_extracted,GECC,2024-05-02,GECC,2024-05-02
NICE-PAK Products Inc.,co_ac77d9d1a179,Other,Consumer & Retail,,,N/A,,,2022-09-30,2029-09-30,1449,,1449,,,,,,,dspy_extracted,GECC,2024-05-02,GECC,2024-05-02
NICE-PAK Products Inc.,co_ac77d9d1a179,Warrants,Consumer & Retail,,,N/A,,,2022-09-30,,880909,,701,2.56,,,,,,dspy_extracted|fair_value_suspicious_vs_size,GECC,2024-05-02,GECC,2024-05-02
PFS Holdings Corp.,co_53aae39dd10e,Common Equity,Food & Beverage,,,N/A,,,2020-11-13,,5238,12379,88,5.05,,,,,,dspy_extracted|fair_value_suspicious_vs_size,GECC,2024-05-02,GECC,2024-05-02
SCIH Salt Holdings Inc.,co_b369f6da5ffe,First Lien,Food & Beverage,9.47 %,,SOFR,4.00 %,4.75 %,2023-06-21,2027-03-16,1981,1950,1982,,1950,,,,,dspy_extracted,GECC,2024-05-02,GECC,2024-05-02
Stone Ridge Opportunities Fund LP.,co_df6461654829,Other,Insurance,,,N/A,,,2023-01-01,,2379875,2380,3051,,2380,,,,,cost_suspicious_vs_size|dspy_extracted|fair_value_suspicious_vs_size,GECC,2024-05-02,GECC,2024-05-02
Universal Fiber Systems,co_17de53ba34fb,Other Debt,Chemicals & Materials,18.42 %,9.00 %,SOFR,12.95 %,13.95 %,2021-09-30,2026-09-29,7864,7788,7852,,7788,,,,,dspy_extracted,GECC,2024-05-02,GECC,2024-05-02
Universal Fiber Systems,co_17de53ba34fb,Other Debt,Chemicals & Materials,18.42 %,9.00 %,SOFR,12.95 %,13.95 %,2021-09-30,2026-09-29,3032,2995,2821,,2995,,,,,dspy_extracted,GECC,2024-05-02,GECC,2024-05-02
Universal Fiber Systems,co_17de53ba34fb,Warrants,Chemicals & Materials,,,N/A,,,2021-09-30,,3383,-,810,1.50,-,,,,,dspy_extracted,GECC,2024-05-02,GECC,2024-05-02
Vantage Specialty Chemicals Inc.,co_7a3d59fdd9e8,First Lien,Chemicals & Materials,10.11 %,,SOFR,4.75 %,5.25 %,2023-03-03,2026-10-26,2960,2888,2845,,2888,,,,,dspy_extracted,GECC,2024-05-02,GECC,2024-05-02
MFB Northern Inst Funds Treas Portfolio Premier CL,co_d8481cbcb8ed,Other,Automotive,0.00 %,,Fixed,,,2023-10-26,,10806.959,10807,10807,,10807,,,,,dspy_extracted|principal_scaled_down_1000x,GECC,2024-05-02,GECC,2024-05-02
PFS Holdings Corp.,co_53aae39dd10e,Common Equity,,,,N/A,,,,,,,-,,,,,,,dspy_extracted,GECC,2024-05-02,GECC,2024-05-02
Great Elm Specialty Finance,co_274440f466a4,Common Equity,Financial Services,,,N/A,,,,,,,15853,,,,,,,dspy_extracted,GECC,2024-05-02,GECC,2024-05-02
Advancion,co_cecc5e9a9fd0,Second Lien,Chemicals & Materials,13.19 %,,SOFR,7.75 %,8.50 %,2022-09-21,2028-11-24,1625,,1543,,1524,,,,,dspy_extracted,GECC,2024-08-01,GECC,2024-08-01
"ADS Tactical, Inc.",co_f6fe2bd14164,First Lien,Aerospace & Defense,13.25 %,,Prime,4.75 %,5.75 %,2023-11-28,2026-03-19,3856,,3856,,3849,,,,,dspy_extracted,GECC,2024-08-01,GECC,2024-08-01
American Coastal Insurance Corp.,co_aa016be18373,Unsecured Debt,Insurance,7.25 %,,Fixed,,,2022-12-20,2027-12-15,13000,,12139,,7595,,,,,dspy_extracted,GECC,2024-08-01,GECC,2024-08-01
"Arcline FM Holdings, LLC",co_50538b3fe821,First Lien,Aerospace & Defense,10.35 %,,SOFR,4.75 %,5.50 %,2024-02-08,2028-06-23,1990,,1991,,1990,,,,,dspy_extracted,GECC,2024-08-01,GECC,2024-08-01
"Avation Capital SA 65 Kampong Bahru Road, #01-01 Singapore 169370",co_7bff369f0ac8,Second Lien,Aircraft,8.25 %,,Fixed,,,2022-02-04,2026-10-31,4671,,4239,,4298,,,,,dspy_extracted,GECC,2024-08-01,GECC,2024-08-01
Blackstone Secured Lending,co_32e454a9dde3,Common Equity,Closed-End Fund,,,N/A,,,2022-08-18,,313999,,9615,,9983,,,,,cost_suspicious_vs_size|dspy_extracted|fair_value_suspicious_vs_size,GECC,2024-08-01,GECC,2024-08-01
"Blue Ribbon, LLC",co_c4f2f6705335,First Lien,Food & Beverage,11.57 %,,SOFR,6.00 %,6.75 %,2023-02-06,2028-05-07,5778,,4363,,4467,,,,,dspy_extracted,GECC,2024-08-01,GECC,2024-08-01
"Coreweave Compute Acquisition Co. II, LLC",co_0978cc636b37,First Lien,Software & Technology,14.95 %,,SOFR,9.62 %,9.62 %,2023-07-31,2028-07-31,12375,,12622,,12176,,,,,dspy_extracted,GECC,2024-08-01,GECC,2024-08-01
"Coreweave Compute Acquisition Co. IV, LLC",co_a61906a17a1b,First Lien,Software & Technology,11.33 %,,SOFR,6.00 %,6.00 %,2024-05-29,2030-05-16,314,,309,,309,,,,,dspy_extracted,GECC,2024-08-01,GECC,2024-08-01
"Creation Technologies, Inc.",co_9d2a7f348cef,First Lien,Software & Technology,11.07 %,,SOFR,5.50 %,6.00 %,2024-02-12,2028-10-05,997,,951,,970,,,,,dspy_extracted,GECC,2024-08-01,GECC,2024-08-01
"Crown Subsea Communications Holding, Inc.",co_f475b894e27c,First Lien,Telecommunications,10.08 %,,SOFR,4.75 %,5.50 %,2024-01-26,2031-01-27,1800,,1801,,1783,,,,,dspy_extracted,GECC,2024-08-01,GECC,2024-08-01
"CSC Serviceworks 35 Pinelawn Road, Suite",co_59f560cce657,First Lien,Business Services,9.6 %,,SOFR,4.00 %,4.75 %,2023-09-26,2028-03-04,2977,,2523,,2600,,,,,dspy_extracted,GECC,2024-08-01,GECC,2024-08-01
CW Opportunity 2 LP,co_ddb092eb1049,Partnership Interest,Software & Technology,,,N/A,,,2024-05-14,,6000,,6066,,6000,,,,,dspy_extracted|principal_scaled_down_1000x,GECC,2024-08-01,GECC,2024-08-01
Eagle Point Credit Company Inc.,co_7a912e541242,Common Equity,Closed-End Fund,,,N/A,,,2022-08-18,,300000,,3015,,3090,,,,,cost_suspicious_vs_size|dspy_extracted|fair_value_suspicious_vs_size,GECC,2024-08-01,GECC,2024-08-01
"ECL Entertainment, LLC",co_27c703fce7ba,First Lien,Media & Entertainment,9.34 %,,SOFR,4.00 %,4.00 %,2024-04-11,2030-08-31,400,,401,,399,,,,,dspy_extracted,GECC,2024-08-01,GECC,2024-08-01
EPIC Crude Services LP,co_1c14098d3b25,First Lien,Energy,10.61 %,,SOFR,5.00 %,6.00 %,2024-02-08,2026-03-02,1995,1997,1996,,1997,,,,,dspy_extracted,GECC,2024-08-01,GECC,2024-08-01
First Brands Inc.,co_53cb28c1a725,Second Lien,Transportation & Logistics,14.14 %,,SOFR,8.50 %,9.50 %,2021-03-24,2028-03-30,12545,12243,12378,,12243,,,,,dspy_extracted,GECC,2024-08-01,GECC,2024-08-01
First Brands Inc.,co_53cb28c1a725,First Lien,Transportation & Logistics,10.59 %,,SOFR,5.00 %,6.00 %,2023-06-09,2027-03-30,7622,7517,7585,,7517,,,,,dspy_extracted,GECC,2024-08-01,GECC,2024-08-01
First Brands Inc.,co_53cb28c1a725,First Lien,Transportation & Logistics,10.59 %,,SOFR,5.00 %,6.00 %,2024-01-19,2027-03-30,1792,1779,1783,,1779,,,,,dspy_extracted,GECC,2024-08-01,GECC,2024-08-01
Flexsys Holdings,co_fdf6c33899b5,First Lien,Chemicals & Materials,10.85 %,,SOFR,5.25 %,6.00 %,2022-11-04,2028-11-01,4912,4061,4642,,4061,,,,,dspy_extracted,GECC,2024-08-01,GECC,2024-08-01
Florida Marine LLC,co_04b02011caf9,First Lien,Transportation & Logistics,13.86 %,,SOFR,8.40 %,10.40 %,2023-03-17,2028-03-17,5790,5659,5987,,5659,,,,,dspy_extracted,GECC,2024-08-01,GECC,2024-08-01
Foresight Energy,co_780e4635a312,First Lien,Chemicals & Materials,13.43 %,,SOFR,8.00 %,9.50 %,2021-07-29,2027-06-30,5934,5959,5934,,5959,,,,,dspy_extracted,GECC,2024-08-01,GECC,2024-08-01
Form Technologies LLC,co_363a7a91702f,First Lien,Industrials,10.2 %,,SOFR,4.75 %,5.75 %,2024-01-25,2025-07-22,995,955,950,,955,,,,,dspy_extracted,GECC,2024-08-01,GECC,2024-08-01
FS KKR Capital Corp.,co_4ee1e711995c,Common Equity,Automotive,,,N/A,,,2024-05-09,,150000,3041,2959,,3041,,,,,cost_suspicious_vs_size|dspy_extracted|fair_value_suspicious_vs_size,GECC,2024-08-01,GECC,2024-08-01
GrafTech Global Enterprises Inc.,co_e19a7c8cdba9,First Lien,Industrials,9.88 %,,Fixed,,,2024-01-18,2028-12-15,1000,754,737,,754,,,,,dspy_extracted,GECC,2024-08-01,GECC,2024-08-01
Great Elm Specialty Finance LLC,co_274440f466a4,Subordinated Debt,Financial Services,13.00 %,,Fixed,,,2023-09-01,2026-06-30,29733,29733,29733,,29733,,,,,dspy_extracted,GECC,2024-08-01,GECC,2024-08-01
Great Elm Specialty Finance LLC,co_274440f466a4,Common Equity,Financial Services,,,N/A,,,2023-09-01,,87500,17567,15028,87.50,17567,,,,,dspy_extracted,GECC,2024-08-01,GECC,2024-08-01
Greenfire Resources Ltd.,co_aa54a5e0036e,First Lien,Energy,12.00 %,,Fixed,,,2023-09-13,2028-10-01,6500,6385,6941,,6385,,,,,dspy_extracted,GECC,2024-08-01,GECC,2024-08-01
Harvey Gulf Holdings LLC,co_673a6df69bc1,Other Debt,Transportation & Logistics,12.4 %,,SOFR,7.06 %,9.06 %,2024-02-28,2029-01-19,8784,8712,8753,,8712,,,,,dspy_extracted,GECC,2024-08-01,GECC,2024-08-01
Loparex LLC,co_5e179b1706df,First Lien,Industrials,11.35 %,,SOFR,6.00 %,8.00 %,2024-04-24,2027-02-01,1790,1769,1769,,1769,,,,,dspy_extracted,GECC,2024-08-01,GECC,2024-08-01
LSF9 Atlantis Holdings LLC,co_1753b6bc8f3c,First Lien,Consumer & Retail,11.83 %,,SOFR,6.50 %,7.25 %,2024-02-12,2029-03-31,988,989,988,,989,,,,,dspy_extracted,GECC,2024-08-01,GECC,2024-08-01
Lummus Technology Holdings,co_f48e428ebed1,Unsecured Debt,Chemicals & Materials,9.00 %,,Fixed,,,2022-05-17,2028-07-01,2500,2126,2520,,2126,,,,,dspy_extracted,GECC,2024-08-01,GECC,2024-08-01
Mad Engine Global LLC,co_82f34b67b45f,First Lien,Consumer & Retail,12.6 %,,SOFR,7.00 %,8.00 %,2021-06-30,2027-07-15,4780,4305,3680,,4305,,,,,dspy_extracted,GECC,2024-08-01,GECC,2024-08-01
Manchester Acquisition Sub LLC,co_19782064e0cc,First Lien,Chemicals & Materials,11.25%,,SOFR,5.75%,6.50%,2023-09-26,2026-11-01,6100,5661,5665,,5661,,,,,dspy_extracted,GECC,2024-08-01,GECC,2024-08-01
Maverick Gaming LLC,co_28f75db82886,First Lien,Healthcare,12.8%,,SOFR,7.50%,8.50%,2021-11-16,2028-06-03,1476,1476,1476,,1476,,,,,dspy_extracted,GECC,2024-08-01,GECC,2024-08-01
Maverick Gaming LLC,co_28f75db82886,First Lien,Healthcare,12.8%,12.80%,SOFR,7.50%,8.50%,2024-04-03,2028-06-03,5223,5953,4294,,5953,,,,,dspy_extracted,GECC,2024-08-01,GECC,2024-08-01
New Wilkie Energy Pty Ltd.,co_94d6ef1f3b62,First Lien,Chemicals & Materials,,,N/A,,,2023-04-06,2026-04-06,4935,4821,1234,,4821,,,,,dspy_extracted,GECC,2024-08-01,GECC,2024-08-01
New Wilkie Energy Pty Ltd.,co_94d6ef1f3b62,Warrants,Chemicals & Materials,,,N/A,,,2023-04-06,,1078899,-,-,,-,,,,,dspy_extracted,GECC,2024-08-01,GECC,2024-08-01
New Wilkie Energy Pty Ltd.,co_94d6ef1f3b62,Other Debt,Chemicals & Materials,16.00%,,Fixed,,,2024-02-22,2024-08-16,1110,1096,1110,,1096,,,,,dspy_extracted,GECC,2024-08-01,GECC,2024-08-01
New Wilkie Energy Pty Ltd.,co_94d6ef1f3b62,Other Debt,Chemicals & Materials,15.00%,,Fixed,,,2024-05-29,2024-08-29,99,90,99,,90,,,,,dspy_extracted,GECC,2024-08-01,GECC,2024-08-01
NICE-PAK Products Inc.,co_ac77d9d1a179,Other Debt,Consumer & Retail,18.10%,10.00%,SOFR,12.50%,13.50%,2022-09-30,2027-09-30,9099,8919,9181,,8919,,,,,dspy_extracted,GECC,2024-08-01,GECC,2024-08-01
NICE-PAK Products Inc.,co_ac77d9d1a179,Other Debt,Consumer & Retail,,,N/A,,,2022-09-30,2029-09-30,1449,-,1449,,-,,,,,dspy_extracted,GECC,2024-08-01,GECC,2024-08-01
NICE-PAK Products Inc.,co_ac77d9d1a179,Warrants,Consumer & Retail,,,N/A,,,2022-09-30,,880909,-,2316,2.56,-,,,,,dspy_extracted,GECC,2024-08-01,GECC,2024-08-01
PFS Holdings Corp.,co_53aae39dd10e,Common Equity,Food & Beverage,,,N/A,,,2020-11-13,,5238,12378,-,5.05,12378,,,,,dspy_extracted,GECC,2024-08-01,GECC,2024-08-01
PowerStop LLC,co_1f357e6106d5,First Lien,Automotive,10.2%,,SOFR,4.75%,5.25%,2024-02-09,2029-01-26,2331,2144,2271,,2144,,,,,dspy_extracted,GECC,2024-08-01,GECC,2024-08-01
ProFrac Holdings II LLC,co_b0bc18c68ff8,First Lien,Energy,12.81%,,SOFR,7.25%,9.75%,2023-12-27,2029-01-23,6732,6670,6717,,6670,,,,,dspy_extracted,GECC,2024-08-01,GECC,2024-08-01
Research Now Group Inc.,co_f56b9233964e,Revolver,Media & Entertainment,10.07%,,SOFR,4.50%,4.50%,2019-01-29,2024-06-14,10000,10000,7844,,10000,,,,,dspy_extracted,GECC,2024-08-01,GECC,2024-08-01
Research Now Group Inc.,co_f56b9233964e,Second Lien,Media & Entertainment,0%,,SOFR,0.00%,0.00%,2019-05-20,2025-12-20,8000,7977,289,,7977,,,,,dspy_extracted|fair_value_suspicious_vs_size,GECC,2024-08-01,GECC,2024-08-01
Research Now Group Inc.,co_f56b9233964e,First Lien,Media & Entertainment,14.21%,,SOFR,8.75%,9.75%,2024-06-04,2024-08-17,308,302,308,,302,,,,,dspy_extracted,GECC,2024-08-01,GECC,2024-08-01
Ruby Tuesday Operations LLC,co_1f7d49afa371,Other,Food & Beverage,11.44%,6.00%,SOFR,13.50%,14.50%,2021-02-24,2025-02-24,1921,,1895,,1921,,,,,dspy_extracted,GECC,2024-08-01,GECC,2024-08-01
Ruby Tuesday Operations LLC,co_1f7d49afa371,Other,Food & Beverage,,21.44%,SOFR,16.00%,17.25%,2023-01-31,2025-02-24,666,,666,,666,,,,,dspy_extracted,GECC,2024-08-01,GECC,2024-08-01
Ruby Tuesday Operations LLC,co_1f7d49afa371,Other,Food & Beverage,,,N/A,,,2021-02-24,,311697,,906,2.81,-,,,,,dspy_extracted,GECC,2024-08-01,GECC,2024-08-01
Spencer Spirit Holdings Inc.,co_31b27ca706a9,Other,Consumer & Retail,,,SOFR,5.50%,5.50%,2024-06-25,2031-07-15,2700,,2680,,2680,,,,,dspy_extracted,GECC,2024-08-01,GECC,2024-08-01
Stone Ridge Opportunities Fund LP. One Vanderbilt Ave. 65th Floor New York NY 10017,co_394bfcb28dc7,Other,Insurance,,,N/A,,,2023-01-01,,2379875,,3320,,2380,,,,,cost_suspicious_vs_size|dspy_extracted|fair_value_suspicious_vs_size,GECC,2024-08-01,GECC,2024-08-01
Summit Midstream Holdings LLC,co_b0d60a3065a3,Other,Energy,9.50%,,Fixed,,,2021-10-19,2026-10-15,2000,,2056,,1920,,,,,dspy_extracted,GECC,2024-08-01,GECC,2024-08-01
Thryv Inc.,co_c152595e00c6,Other,Media & Entertainment,,,SOFR,6.75%,7.50%,2024-04-30,2029-05-01,1730,,1757,,1713,,,,,dspy_extracted,GECC,2024-08-01,GECC,2024-08-01
Trouvaille Re Ltd.,co_76cecb8c8020,Other,Insurance,,,N/A,,,2024-03-27,,100,,5000,,5000,,,,,dspy_extracted,GECC,2024-08-01,GECC,2024-08-01
TruGreen LP,co_2094298d8fe3,Other,Other,,,SOFR,4.00%,4.75%,2024-05-14,2027-11-02,1795,,1737,,1713,,,,,dspy_extracted,GECC,2024-08-01,GECC,2024-08-01
TruGreen LP,co_2094298d8fe3,Other,Other,,,SOFR,8.50%,9.25%,2024-05-14,2028-11-02,900,,701,,700,,,,,dspy_extracted,GECC,2024-08-01,GECC,2024-08-01
TRU Taj Trust,co_e9f013e18a36,Other,Consumer & Retail,,,N/A,,,2017-07-21,,16000,,49,2.75,611,,,,,cost_suspicious_vs_size|dspy_extracted|fair_value_suspicious_vs_size,GECC,2024-08-01,GECC,2024-08-01
Universal Fiber Systems,co_17de53ba34fb,Other,Chemicals & Materials,9.25%,9.00%,SOFR,12.79%,13.79%,2021-09-30,2026-09-29,8196,,8030,,8133,,,,,dspy_extracted,GECC,2024-08-01,GECC,2024-08-01
Universal Fiber Systems,co_17de53ba34fb,Other,Chemicals & Materials,9.25%,9.00%,SOFR,12.79%,13.79%,2021-09-30,2026-09-29,3160,,2921,,3129,,,,,dspy_extracted,GECC,2024-08-01,GECC,2024-08-01
Universal Fiber Systems,co_17de53ba34fb,Other,Chemicals & Materials,,,N/A,,,2021-09-30,,3383,,84,1.50,-,,,,,dspy_extracted,GECC,2024-08-01,GECC,2024-08-01
Vi-Jon,co_a4f69355e0dd,First Lien,Consumer & Retail,13.59%,2.00%,SOFR,10%,12.5%,2023-12-28,2028-12-28,8949,8702,8754,,8702,,,,,dspy_extracted,GECC,2024-08-01,GECC,2024-08-01
W&T Offshore Inc.,co_2f9481e6cc6e,Second Lien,Energy,11.75%,,Fixed,,,2023-01-12,2026-02-01,4816,4816,4953,,4816,,,,,dspy_extracted,GECC,2024-08-01,GECC,2024-08-01
"ADS Tactical, Inc.",co_f6fe2bd14164,First Lien,Aerospace & Defense,11.22 %,,SOFR,5.75 %,6.75 %,2023-11-28,2026-03-19,1971,1957,1945,,,,,,,dspy_extracted,GECC,2024-08-01,GECC,2024-08-01
APTIM Corp.,co_df1226a1b6a9,First Lien,Industrials,7.75 %,,Fixed,,,2019-03-28,2025-06-15,3950,3453,3719,,,,,,,dspy_extracted,GECC,2024-08-01,GECC,2024-08-01
Blackstone Secured Lending,co_32e454a9dde3,Common Equity,Automotive,,,N/A,,,2022-08-18,,140000,3337,3870,,,,,,,dspy_extracted|fair_value_suspicious_vs_size,GECC,2024-08-01,GECC,2024-08-01
"Coreweave Compute Acquisition Co. II, LLC",co_0978cc636b37,First Lien,Software & Technology,14.13 %,,SOFR,8.75 %,8.75 %,2023-07-31,2028-07-31,7472,7344,7342,,,,,,,dspy_extracted,GECC,2024-08-01,GECC,2024-08-01
"CSC Serviceworks 35 Pinelawn Road, Suite",co_59f560cce657,First Lien,Business Services,9.62 %,,SOFR,4.00 %,4.75 %,2023-09-26,2028-03-04,1990,1734,1742,,,,,,,dspy_extracted,GECC,2024-08-01,GECC,2024-08-01
"First Brands, Inc.",co_53cb28c1a725,Second Lien,Automotive,14.38 %,,SOFR,8.50 %,9.50 %,2021-03-24,2028-03-30,12545,12215,12330,,,,,,,dspy_extracted,GECC,2024-08-01,GECC,2024-08-01
"First Brands, Inc.",co_53cb28c1a725,First Lien,Automotive,10.88 %,,SOFR,5.00 %,6.00 %,2023-06-09,2027-03-30,4962,4837,4931,,,,,,,dspy_extracted,GECC,2024-08-01,GECC,2024-08-01
"Florida Marine, LLC",co_04b02011caf9,First Lien,Transportation & Logistics,14.95 %,,SOFR,9.48 %,11.48 %,2023-03-17,2028-03-17,6415,6256,6371,,,,,,,dspy_extracted,GECC,2024-08-01,GECC,2024-08-01
"Great Elm Specialty Finance, LLC",co_274440f466a4,Subordinated Debt,Financial Services,13.00 %,,Fixed,,,2023-09-01,2026-06-30,28733,28733,28733,,,,,,,dspy_extracted,GECC,2024-08-01,GECC,2024-08-01
"Great Elm Specialty Finance, LLC",co_274440f466a4,Common Equity,Financial Services,,,N/A,,,2023-09-01,,87500,17567,17477,87.50,,,,,,dspy_extracted,GECC,2024-08-01,GECC,2024-08-01
Harvey Gulf Holdings LLC,co_673a6df69bc1,First Lien,Transportation & Logistics,10.14 %,,SOFR,4.50 %,5.50 %,2022-08-10,2027-08-10,323,,324,,319,,,,,dspy_extracted,GECC,2024-08-01,GECC,2024-08-01
Harvey Gulf Holdings LLC,co_673a6df69bc1,Second Lien,Transportation & Logistics,14.73 %,,SOFR,9.08 %,10.08 %,2022-08-10,2027-08-10,4931,,5029,,4816,,,,,dspy_extracted,GECC,2024-08-01,GECC,2024-08-01
Lenders Funding LLC,co_b04626bd74e6,Revolver,Financial Services,9.75 %,,Prime,1.25 %,1.25 %,2021-09-20,2024-01-31,10000,,6112,,6112,,,,,dspy_extracted,GECC,2024-08-01,GECC,2024-08-01
Mad Engine Global LLC,co_82f34b67b45f,First Lien,Consumer & Retail,12.61 %,,SOFR,7.00 %,8.00 %,2021-06-30,2027-07-15,2831,,2007,,2783,,,,,dspy_extracted,GECC,2024-08-01,GECC,2024-08-01
Maverick Gaming LLC,co_28f75db82886,First Lien,Media & Entertainment,13.15 %,,SOFR,7.50 %,8.50 %,2021-11-16,2026-09-03,5849,,4252,,5731,,,,,dspy_extracted,GECC,2024-08-01,GECC,2024-08-01
New Wilkie Energy Pty Limited 56 Pitt Street Sydney New South Wales,co_081b1162e945,First Lien,Chemicals & Materials,17.84 %,5.00 %,SOFR,12.50 %,14.50 %,2023-04-06,2026-04-06,4935,,3567,,4821,,,,,dspy_extracted,GECC,2024-08-01,GECC,2024-08-01
New Wilkie Energy Pty Limited 56 Pitt Street Sydney New South Wales,co_081b1162e945,Warrants,Chemicals & Materials,,,N/A,,,2023-04-06,,1078899,,-,,-,,,,,dspy_extracted,GECC,2024-08-01,GECC,2024-08-01
NICE-PAK Products Inc.,co_ac77d9d1a179,Second Lien,Consumer & Retail,19.25 %,11.00 %,SOFR,13.50 %,14.50 %,2022-09-30,2027-09-30,9444,,9331,,9222,,,,,dspy_extracted,GECC,2024-08-01,GECC,2024-08-01
NICE-PAK Products Inc.,co_ac77d9d1a179,Warrants,Consumer & Retail,,,N/A,,,2022-09-30,,880909,,701,2.56,-,,,,,dspy_extracted,GECC,2024-08-01,GECC,2024-08-01
PFS Holdings Corp.,co_53aae39dd10e,First Lien,Food & Beverage,12.46 %,,SOFR,7.00 %,8.00 %,2020-11-13,2024-11-13,1044,,979,,1044,,,,,dspy_extracted,GECC,2024-08-01,GECC,2024-08-01
PFS Holdings Corp.,co_53aae39dd10e,Common Equity,Food & Beverage,,,N/A,,,2020-11-13,,5238,,88,5.05,12379,,,,,dspy_extracted|fair_value_suspicious_vs_size,GECC,2024-08-01,GECC,2024-08-01
Ruby Tuesday Operations LLC,co_1f7d49afa371,First Lien,Food & Beverage,11.46 %,6.00 %,SOFR,13.50 %,14.50 %,2021-02-24,2025-02-24,1974,1974,1930,,,,,,,dspy_extracted,GECC,2024-08-01,GECC,2024-08-01
Ruby Tuesday Operations LLC,co_1f7d49afa371,First Lien,Food & Beverage,21.46 %,,SOFR,16.00 %,17.25 %,2023-01-31,2025-02-24,598,598,598,,,,,,,dspy_extracted,GECC,2024-08-01,GECC,2024-08-01
Ruby Tuesday Operations LLC,co_1f7d49afa371,Warrants,Food & Beverage,,,N/A,,,2021-02-24,,,-,913,2.81,311697,,,,,dspy_extracted|fair_value_suspicious_vs_size,GECC,2024-08-01,GECC,2024-08-01
SCIH Salt Holdings Inc.,co_b369f6da5ffe,First Lien,Food & Beverage,9.47 %,,SOFR,4.00 %,4.75 %,2023-06-21,2027-03-16,1981,1950,1982,,,,,,,dspy_extracted,GECC,2024-08-01,GECC,2024-08-01
Stone Ridge Opportunities Fund LP.,co_df6461654829,Other,Insurance,,,N/A,,,2023-01-01,,,2380,3051,,2379875,,,,,dspy_extracted|fair_value_suspicious_vs_size,GECC,2024-08-01,GECC,2024-08-01
Summit Midstream Holdings LLC,co_b0d60a3065a3,Second Lien,Energy,9.00 %,,Fixed,,,2021-10-19,2026-10-15,2000,1905,1996,,,,,,,dspy_extracted,GECC,2024-08-01,GECC,2024-08-01
TRU Taj Trust,co_e9f013e18a36,Common Equity,Consumer & Retail,,,N/A,,,2017-07-21,,,611,54,2.75,16000,,,,,dspy_extracted|fair_value_suspicious_vs_size,GECC,2024-08-01,GECC,2024-08-01
Universal Fiber Systems,co_17de53ba34fb,Other Debt,Chemicals & Materials,9.42 %,9.00 %,SOFR,12.95 %,13.95 %,2021-09-30,2026-09-29,7864,7788,7852,,,,,,,dspy_extracted,GECC,2024-08-01,GECC,2024-08-01
Universal Fiber Systems,co_17de53ba34fb,Other Debt,Chemicals & Materials,9.42 %,9.00 %,SOFR,12.95 %,13.95 %,2021-09-30,2026-09-29,3032,2995,2821,,,,,,,dspy_extracted,GECC,2024-08-01,GECC,2024-08-01
Universal Fiber Systems,co_17de53ba34fb,Warrants,Chemicals & Materials,,,N/A,,,2021-09-30,,,-,810,1.50,3383,,,,,dspy_extracted,GECC,2024-08-01,GECC,2024-08-01
Vantage Specialty Chemicals Inc.,co_7a3d59fdd9e8,First Lien,Chemicals & Materials,10.11 %,,SOFR,4.75 %,5.25 %,2023-03-03,2026-10-26,2960,2888,2845,,,,,,,dspy_extracted,GECC,2024-08-01,GECC,2024-08-01
Great Elm Specialty Finance,co_274440f466a4,Other Equity,Financial Services,,,N/A,,,,,,,15028,,,,,,,dspy_extracted,GECC,2024-08-01,GECC,2024-08-01
Apex Credit CLO 2024-I Ltd.,co_c98a323f44a8,Other,,,,,,,2024-04-24,2026-04-20,14957,,12688,,13052,,,,,dspy_extracted,GECC,2024-08-01,GECC,2024-08-01
Apex Credit CLO 2024-II Ltd.,co_c98a323f44a8,Other,,,,,,,2024-04-24,2026-04-23,23848,,24219,,23848,,,,,dspy_extracted,GECC,2024-08-01,GECC,2024-08-01
Advancion,co_cecc5e9a9fd0,Second Lien,Chemicals & Materials,12.70 %,,SOFR,7.75 %,8.50 %,2022-09-21,2028-11-24,1625,,1538,,1527,,,,,dspy_extracted,GECC,2024-10-31,GECC,2024-10-31
AI Aqua Merger Sub Inc.,co_a978ef18408e,First Lien,Industrials,8.70 %,,SOFR,3.50 %,4.00 %,2024-09-17,2028-07-31,2000,,1997,,1998,,,,,dspy_extracted,GECC,2024-10-31,GECC,2024-10-31
American Coastal Insurance Corp.,co_aa016be18373,Unsecured Debt,Insurance,7.25 %,,Fixed,,,2022-12-20,2027-12-15,13000,,12238,,7845,,,,,dspy_extracted,GECC,2024-10-31,GECC,2024-10-31
Auction.com LLC,co_62fa282697bc,First Lien,Financial Services,10.74 %,,SOFR,6.00 %,7.00 %,2024-09-09,2028-05-26,2842,,2700,,2740,,,,,dspy_extracted,GECC,2024-10-31,GECC,2024-10-31
Avation Capital SA 65 Kampong Bahru Road #01-01 Singapore 169370,co_7bff369f0ac8,Second Lien,Aircraft,8.25 %,,Fixed,,,2022-02-04,2026-10-31,4671,,4356,,4333,,,,,dspy_extracted,GECC,2024-10-31,GECC,2024-10-31
Blackstone Secured Lending,co_32e454a9dde3,Common Equity,Closed-End Fund,,,N/A,,,2022-08-18,,325000,,9519,,10051,,,,,cost_suspicious_vs_size|dspy_extracted|fair_value_suspicious_vs_size,GECC,2024-10-31,GECC,2024-10-31
Blue Ribbon LLC,co_c4f2f6705335,First Lien,Food & Beverage,11.58 %,,SOFR,6.00 %,6.75 %,2023-02-06,2028-05-07,8503,,5917,,6395,,,,,dspy_extracted,GECC,2024-10-31,GECC,2024-10-31
Conuma Resources Ltd.,co_799947f29638,First Lien,Chemicals & Materials,13.13 %,,Fixed,,,2024-08-08,2028-05-01,2090,,2148,,2141,,,,,dspy_extracted,GECC,2024-10-31,GECC,2024-10-31
Coreweave Compute Acquisition Co. II LLC,co_0978cc636b37,First Lien,Software & Technology,14.65 %,,SOFR,9.62 %,9.62 %,2023-07-31,2028-07-31,13875,,14153,,13731,,,,,dspy_extracted,GECC,2024-10-31,GECC,2024-10-31
Coreweave Compute Acquisition Co. IV LLC,co_a61906a17a1b,First Lien,Software & Technology,11.05 %,,SOFR,6.00 %,6.00 %,2024-05-29,2030-05-16,1702,,1685,,1677,,,,,dspy_extracted,GECC,2024-10-31,GECC,2024-10-31
CW Opportunity 2 LP,co_ddb092eb1049,Other,Software & Technology,,,N/A,,,2024-05-14,,6000,,7119,,6000,,,,,dspy_extracted|principal_scaled_down_1000x,GECC,2024-10-31,GECC,2024-10-31
Creation Technologies Inc.,co_9d2a7f348cef,First Lien,Software & Technology,11.08 %,,SOFR,5.50 %,6.00 %,2024-02-12,2028-10-05,2462,,2382,,2340,,,,,dspy_extracted,GECC,2024-10-31,GECC,2024-10-31
CSC Serviceworks 35 Pinelawn Road Suite,co_59f560cce657,First Lien,Consumer & Retail,9.26 %,,SOFR,4.00 %,4.75 %,2023-09-26,2028-03-04,4964,,4327,,4256,,,,,dspy_extracted,GECC,2024-10-31,GECC,2024-10-31
Dynata LLC,co_388e12c6a10a,First Lien,Media & Entertainment,10.38 %,,SOFR,5.00 %,6.00 %,2024-07-15,2028-07-15,795,,795,,785,,,,,dspy_extracted,GECC,2024-10-31,GECC,2024-10-31
Dynata LLC,co_388e12c6a10a,First Lien,Media & Entertainment,10.88 %,,SOFR,5.50 %,6.50 %,2024-07-15,2028-10-15,4780,,4491,,4780,,,,,dspy_extracted,GECC,2024-10-31,GECC,2024-10-31
"Dynata, LLC",co_388e12c6a10a,Common Equity,Media & Entertainment,,,N/A,,,2024-07-15,,108405,,1753,1.08,11526,,,,,dspy_extracted|fair_value_suspicious_vs_size,GECC,2024-10-31,GECC,2024-10-31
"Dynata, LLC",co_388e12c6a10a,Warrants,Media & Entertainment,,,N/A,,,2024-07-15,,45714,,,3.20,,,,,,dspy_extracted,GECC,2024-10-31,GECC,2024-10-31
ECL Entertainment LLC,co_27c703fce7ba,First Lien,Media & Entertainment,8.85 %,,SOFR,4.00 %,4.75 %,2024-04-11,2030-08-31,399,398,400,,398,,,,,dspy_extracted,GECC,2024-10-31,GECC,2024-10-31
EPIC Crude Services LP,co_1c14098d3b25,First Lien,Energy,9.96 %,,SOFR,5.00 %,6.00 %,2024-02-08,2026-03-02,1995,1997,1997,,1997,,,,,dspy_extracted,GECC,2024-10-31,GECC,2024-10-31
Fairbanks Morse Defense (Arcline FM Holdings LLC) 655 3 St Suite,co_9a33578c69da,First Lien,Aerospace & Defense,9.74 %,,SOFR,4.50 %,5.15 %,2024-02-08,2028-06-23,3990,3987,3994,,3987,,,,,dspy_extracted,GECC,2024-10-31,GECC,2024-10-31
First Brands Inc.,co_53cb28c1a725,Second Lien,Automotive,14.01 %,,SOFR,8.50 %,9.50 %,2021-03-24,2028-03-30,12545,12254,12399,,12254,,,,,dspy_extracted,GECC,2024-10-31,GECC,2024-10-31
First Brands Inc.,co_53cb28c1a725,First Lien,Automotive,10.51 %,,SOFR,5.00 %,6.00 %,2023-06-09,2027-03-30,7603,7506,7535,,7506,,,,,dspy_extracted,GECC,2024-10-31,GECC,2024-10-31
First Brands Inc.,co_53cb28c1a725,First Lien,Automotive,10.51 %,,SOFR,5.00 %,6.00 %,2024-01-19,2027-03-30,1787,1776,1771,,1776,,,,,dspy_extracted,GECC,2024-10-31,GECC,2024-10-31
Flexsys Holdings,co_fdf6c33899b5,First Lien,Chemicals & Materials,10.12 %,,SOFR,5.25 %,6.00 %,2022-11-04,2028-11-01,4401,3641,3694,,3641,,,,,dspy_extracted,GECC,2024-10-31,GECC,2024-10-31
Foresight Energy,co_780e4635a312,First Lien,Chemicals & Materials,12.70 %,,SOFR,8.00 %,9.50 %,2021-07-29,2027-06-30,5915,5939,5848,,5939,,,,,dspy_extracted,GECC,2024-10-31,GECC,2024-10-31
Form Technologies LLC,co_363a7a91702f,First Lien,Industrials,9.91 %,,SOFR,4.75 %,5.75 %,2024-01-25,2025-07-22,3236,3149,3150,,3149,,,,,dspy_extracted,GECC,2024-10-31,GECC,2024-10-31
FS KKR Capital Corp.,co_4ee1e711995c,Common Equity,Financial Services,,,N/A,,,2024-05-09,,150000,,2960,,3042,,,,,cost_suspicious_vs_size|dspy_extracted|fair_value_suspicious_vs_size,GECC,2024-10-31,GECC,2024-10-31
Great Elm Specialty Finance LLC,co_274440f466a4,Subordinated Debt,Financial Services,13.00 %,,Fixed,,,2023-09-01,2026-06-30,29733,29733,29733,,29733,,,,,dspy_extracted,GECC,2024-10-31,GECC,2024-10-31
Great Elm Specialty Finance LLC,co_274440f466a4,Common Equity,Financial Services,,,N/A,,,2023-09-01,,87500,17567,13880,87.50,17567,,,,,dspy_extracted,GECC,2024-10-31,GECC,2024-10-31
Greenfire Resources Ltd.,co_aa54a5e0036e,First Lien,Energy,12.00 %,,Fixed,,,2023-09-13,2028-10-01,5178,5091,5601,,5091,,,,,dspy_extracted,GECC,2024-10-31,GECC,2024-10-31
Harvey Gulf Holdings LLC,co_673a6df69bc1,Other Debt,Transportation & Logistics,11.93 %,,SOFR,7.09 %,9.09 %,2024-02-28,2029-01-19,8784,8716,8808,,8716,,,,,dspy_extracted,GECC,2024-10-31,GECC,2024-10-31
Inmar Inc.,co_7f02d1f954a4,First Lien,Business Services,10.35 %,,SOFR,5.50 %,6.00 %,2024-07-31,2026-05-01,1995,2002,1995,,2002,,,,,dspy_extracted,GECC,2024-10-31,GECC,2024-10-31
Invesco Senior Loan ETF,co_9a535793c23d,Common Equity,Automotive,,,N/A,,,2024-09-18,,250000,,5253,,5287,,,,,cost_suspicious_vs_size|dspy_extracted|fair_value_suspicious_vs_size,GECC,2024-10-31,GECC,2024-10-31
Ipsen International Holding GmbH 1 Main St Cambridge MA 02142,co_e7a815d7ef7b,First Lien,Industrials,16.13%,,SOFR,11.28%,5.82%,2024-08-14,2029-07-31,5068,,4875,,4879,,,,,dspy_extracted,GECC,2024-10-31,GECC,2024-10-31
Janus Henderson AAA CLO ETF,co_0384463df4d0,Common Equity,Financial Services,,,N/A,,,2024-09-23,,64000,,3256,,3254,,,,,dspy_extracted,GECC,2024-10-31,GECC,2024-10-31
Janus Henderson B-BBB CLO ETF,co_57b8808b2e5e,Common Equity,Financial Services,,,N/A,,,2024-09-23,,68000,,3329,,3327,,,,,cost_suspicious_vs_size|dspy_extracted|fair_value_suspicious_vs_size,GECC,2024-10-31,GECC,2024-10-31
Loparex LLC,co_5e179b1706df,First Lien,Industrials,11.20%,,SOFR,6.00%,8.00%,2024-04-24,2027-02-01,1786,,1763,,1766,,,,,dspy_extracted,GECC,2024-10-31,GECC,2024-10-31
Lummus Technology Holdings,co_f48e428ebed1,Unsecured Debt,Chemicals & Materials,9.00%,,Fixed,,,2022-05-17,2028-07-01,2500,,2528,,2144,,,,,dspy_extracted,GECC,2024-10-31,GECC,2024-10-31
Mad Engine Global LLC,co_82f34b67b45f,First Lien,Consumer & Retail,12.13%,,SOFR,7.00%,8.00%,2021-06-30,2027-07-15,4748,,3830,,4301,,,,,dspy_extracted,GECC,2024-10-31,GECC,2024-10-31
Manchester Acquisition Sub LLC,co_19782064e0cc,First Lien,Chemicals & Materials,10.92%,,SOFR,5.75%,6.50%,2023-09-26,2026-11-01,6020,,5599,,5622,,,,,dspy_extracted,GECC,2024-10-31,GECC,2024-10-31
Maverick Gaming LLC,co_28f75db82886,First Lien,Media & Entertainment,12.82%,,SOFR,7.50%,8.50%,2024-04-03,2028-06-03,1476,,1476,,1476,,,,,dspy_extracted,GECC,2024-10-31,GECC,2024-10-31
Maverick Gaming LLC,co_28f75db82886,First Lien,Media & Entertainment,12.82%,12.82%,SOFR,7.50%,8.50%,2024-04-03,2028-06-03,5392,,4734,,6085,,,,,dspy_extracted,GECC,2024-10-31,GECC,2024-10-31
New Wilkie Energy Pty Limited 56 Pitt Street Sydney New South Wales,co_081b1162e945,First Lien,Chemicals & Materials,,,N/A,,,2023-04-06,2026-04-06,4935,,1319,,4821,,,,,dspy_extracted,GECC,2024-10-31,GECC,2024-10-31
New Wilkie Energy Pty Limited 56 Pitt Street Sydney New South Wales,co_081b1162e945,Warrants,Chemicals & Materials,,,N/A,,,2023-04-06,,1078899,,-,,-,,,,,dspy_extracted,GECC,2024-10-31,GECC,2024-10-31
New Wilkie Energy Pty Limited 56 Pitt Street Sydney New South Wales,co_081b1162e945,Other Debt,Chemicals & Materials,,16.00%,N/A,,,2024-02-22,2024-08-16,1138,,1138,,1138,,,,,dspy_extracted,GECC,2024-10-31,GECC,2024-10-31
New Wilkie Energy Pty Limited 56 Pitt Street Sydney New South Wales,co_081b1162e945,Other Debt,Chemicals & Materials,,15.00%,N/A,,,2024-05-29,2024-08-29,136,,136,,134,,,,,dspy_extracted,GECC,2024-10-31,GECC,2024-10-31
NICE-PAK Products Inc.,co_ac77d9d1a179,Other Debt,Consumer & Retail,16.37%,,SOFR,11.50%,12.50%,2022-09-30,2027-09-30,9234,,9340,,9065,,,,,dspy_extracted,GECC,2024-10-31,GECC,2024-10-31
NICE-PAK Products Inc.,co_ac77d9d1a179,Other Debt,Consumer & Retail,,,N/A,,,2022-09-30,2029-09-30,1448.864,,1449,,-,,,,,dspy_extracted|principal_scaled_down_1000x,GECC,2024-10-31,GECC,2024-10-31
NICE-PAK Products Inc.,co_ac77d9d1a179,Warrants,Consumer & Retail,,,N/A,,,2022-09-30,,880909,,2855,2.56,-,,,,,dspy_extracted,GECC,2024-10-31,GECC,2024-10-31
Northeast Grocery Inc.,co_9b0725b6236f,First Lien,Food & Beverage,12.60 %,,SOFR,7.50 %,8.50 %,2024-08-08,2028-12-13,2724,,2724,,2758,,,,,dspy_extracted,GECC,2024-10-31,GECC,2024-10-31
PFS Holdings Corp.,co_53aae39dd10e,Common Equity,Food & Beverage,,,N/A,,,2020-11-13,,5238,,,5.05,12379,,,,,dspy_extracted,GECC,2024-10-31,GECC,2024-10-31
PowerStop LLC,co_1f357e6106d5,First Lien,Industrials,9.91 %,,SOFR,4.75 %,5.25 %,2024-02-09,2029-01-26,2325,,2232,,2145,,,,,dspy_extracted,GECC,2024-10-31,GECC,2024-10-31
"ProFrac Holdings II, LLC",co_b0bc18c68ff8,First Lien,Energy,12.12 %,,SOFR,7.25 %,9.75 %,2023-12-27,2029-01-23,6474,,6496,,6416,,,,,dspy_extracted,GECC,2024-10-31,GECC,2024-10-31
Ruby Tuesday Operations LLC,co_1f7d49afa371,First Lien,Food & Beverage,17.31 %,6.00 %,SOFR,12.00 %,13.25 %,2021-02-24,2027-02-24,2617,,2558,,2591,,,,,dspy_extracted,GECC,2024-10-31,GECC,2024-10-31
Ruby Tuesday Operations LLC,co_1f7d49afa371,First Lien,Food & Beverage,21.32 %,21.32 %,SOFR,16.00 %,17.25 %,2023-01-31,2027-02-24,703,,701,,703,,,,,dspy_extracted,GECC,2024-10-31,GECC,2024-10-31
Ruby Tuesday Operations LLC,co_1f7d49afa371,Warrants,Food & Beverage,,,N/A,,,2021-02-24,,311697,,730,2.81,,,,,,dspy_extracted|fair_value_suspicious_vs_size,GECC,2024-10-31,GECC,2024-10-31
SCIH Salt Holdings Inc.,co_b369f6da5ffe,First Lien,Food & Beverage,8.76 %,,SOFR,3.50 %,4.50 %,2024-09-17,2027-03-16,2991,,2988,,2994,,,,,dspy_extracted,GECC,2024-10-31,GECC,2024-10-31
"SPDR Blackstone Senior Loan ETF One Lincoln Street Boston, MA 02211",co_0120ce0b9ac3,Common Equity,Automotive,,,N/A,,,2024-09-23,,117000,,4886,,4885,,,,,cost_suspicious_vs_size|dspy_extracted|fair_value_suspicious_vs_size,GECC,2024-10-31,GECC,2024-10-31
"Spencer Spirit Holdings, Inc.",co_31b27ca706a9,First Lien,Consumer & Retail,10.74 %,,SOFR,5.50 %,5.50 %,2024-06-25,2031-07-15,900,,899,,893,,,,,dspy_extracted,GECC,2024-10-31,GECC,2024-10-31
"Stone Ridge Opportunities Fund LP. One Vanderbilt Ave., 65th Floor New York, NY 10017",co_394bfcb28dc7,Other,Insurance,,,N/A,,,2023-01-01,,2379875,,3597,,2380,,,,,cost_suspicious_vs_size|dspy_extracted|fair_value_suspicious_vs_size,GECC,2024-10-31,GECC,2024-10-31
"Summit Midstream Holdings, LLC",co_b0d60a3065a3,Second Lien,Energy,9.50 %,,Fixed,,,2021-10-19,2026-10-15,2000,,2045,,1927,,,,,dspy_extracted,GECC,2024-10-31,GECC,2024-10-31
"Thryv, Inc.",co_c152595e00c6,First Lien,Media & Entertainment,11.60 %,,SOFR,6.75 %,7.50 %,2024-04-30,2029-05-01,1530,,1544,,1516,,,,,dspy_extracted,GECC,2024-10-31,GECC,2024-10-31
Trouvaille Re Ltd.,co_76cecb8c8020,Preferred Equity,Insurance,,,N/A,,,2024-03-27,,100,,5215,,5000,,,,,dspy_extracted,GECC,2024-10-31,GECC,2024-10-31
TRU Taj Trust,co_e9f013e18a36,Common Equity,Consumer & Retail,,,N/A,,,2017-07-21,,16000,,54,2.75,611,,,,,cost_suspicious_vs_size|dspy_extracted|fair_value_suspicious_vs_size,GECC,2024-10-31,GECC,2024-10-31
TruGreen LP,co_2094298d8fe3,First Lien,Consumer & Retail,8.95 %,,SOFR,4.00 %,4.75 %,2024-05-14,2027-11-02,1791,,1735,,1714,,,,,dspy_extracted,GECC,2024-10-31,GECC,2024-10-31
TruGreen LP,co_2094298d8fe3,Second Lien,Consumer & Retail,13.37 %,,SOFR,8.50 %,9.25 %,2024-05-14,2028-11-02,900,,731,,706,,,,,dspy_extracted,GECC,2024-10-31,GECC,2024-10-31
Universal Fiber Systems,co_17de53ba34fb,Other Debt,Chemicals & Materials,18.13 %,9.00 %,SOFR,12.88 %,13.88 %,2021-09-30,2026-09-29,8390,,8137,,8333,,,,,dspy_extracted,GECC,2024-10-31,GECC,2024-10-31
Universal Fiber Systems,co_17de53ba34fb,Other Debt,Chemicals & Materials,18.13 %,9.00 %,SOFR,12.88 %,13.88 %,2021-09-30,2026-09-29,3235,,3121,,3207,,,,,dspy_extracted,GECC,2024-10-31,GECC,2024-10-31
Universal Fiber Systems,co_17de53ba34fb,Warrants,Chemicals & Materials,,,N/A,,,2021-09-30,,3383,,39,1.50,-,,,,,dspy_extracted,GECC,2024-10-31,GECC,2024-10-31
Vector Group Ltd.,co_d39e7e91a2fa,Unsecured Debt,Food & Beverage,10.50 %,,Fixed,,,2024-07-11,2026-11-01,1350,,1365,,1363,,,,,dspy_extracted,GECC,2024-10-31,GECC,2024-10-31
Vi Jon,co_cf464f739660,First Lien,Consumer & Retail,15.51 %,2.00 %,SOFR,10 %,12.5 %,2023-12-28,2028-12-28,8856,,8687,,8624,,,,,dspy_extracted,GECC,2024-10-31,GECC,2024-10-31
Victra,co_0c06385124fc,First Lien,Consumer & Retail,9.85 %,,SOFR,5.25 %,6.00 %,2024-02-12,2029-03-31,1226,,1233,,1227,,,,,dspy_extracted,GECC,2024-10-31,GECC,2024-10-31
W&T Offshore Inc.,co_2f9481e6cc6e,Second Lien,Energy,11.75 %,,Fixed,,,2023-01-12,2026-02-01,4816,,4910,,4816,,,,,dspy_extracted,GECC,2024-10-31,GECC,2024-10-31
"ADS Tactical, Inc.",co_f6fe2bd14164,First Lien,Aerospace & Defense,5.75 %,,SOFR,5.75 %,6.75 %,2023-11-28,2026-03-19,1971,,1945,,1957,,,,,dspy_extracted,GECC,2024-10-31,GECC,2024-10-31
APTIM Corp.,co_df1226a1b6a9,First Lien,Industrials,7.75 %,,Fixed,,,2019-03-28,2025-06-15,3950,,3719,,3453,,,,,dspy_extracted,GECC,2024-10-31,GECC,2024-10-31
"Avation Capital SA 65 Kampong Bahru Road, #01-01 Singapore 169370",co_7bff369f0ac8,Second Lien,Aircraft,8.25 %,,Fixed,,,2022-02-04,2026-10-31,4671,,3958,,4232,,,,,dspy_extracted,GECC,2024-10-31,GECC,2024-10-31
Blackstone Secured Lending,co_32e454a9dde3,Common Equity,Closed-End Fund,,,N/A,,,2022-08-18,,140000,,3870,,3337,,,,,cost_suspicious_vs_size|dspy_extracted|fair_value_suspicious_vs_size,GECC,2024-10-31,GECC,2024-10-31
"Blue Ribbon, LLC",co_c4f2f6705335,First Lien,Food & Beverage,6.00 %,,SOFR,6.00 %,6.75 %,2023-02-06,2028-05-07,4818,,4150,,3595,,,,,dspy_extracted,GECC,2024-10-31,GECC,2024-10-31
"Coreweave Compute Acquisition Co. II, LLC",co_0978cc636b37,First Lien,Software & Technology,8.75 %,,SOFR,8.75 %,8.75 %,2023-07-31,2028-07-31,7472,,7342,,7344,,,,,dspy_extracted,GECC,2024-10-31,GECC,2024-10-31
"CSC Serviceworks 35 Pinelawn Road, Suite",co_59f560cce657,First Lien,Business Services,4.00 %,,SOFR,4.00 %,4.75 %,2023-09-26,2028-03-04,1990,,1742,,1734,,,,,dspy_extracted,GECC,2024-10-31,GECC,2024-10-31
Eagle Point Credit Company Inc.,co_7a912e541242,Common Equity,Closed-End Fund,,,N/A,,,2022-08-18,,305315,,2900,,3236,,,,,cost_suspicious_vs_size|dspy_extracted|fair_value_suspicious_vs_size,GECC,2024-10-31,GECC,2024-10-31
"First Brands, Inc.",co_53cb28c1a725,Second Lien,Industrials,8.50 %,,SOFR,8.50 %,9.50 %,2021-03-24,2028-03-30,12545,,12330,,12215,,,,,dspy_extracted,GECC,2024-10-31,GECC,2024-10-31
"First Brands, Inc.",co_53cb28c1a725,First Lien,Industrials,5.00 %,,SOFR,5.00 %,6.00 %,2023-06-09,2027-03-30,4962,,4931,,4837,,,,,dspy_extracted,GECC,2024-10-31,GECC,2024-10-31
"Florida Marine, LLC",co_04b02011caf9,First Lien,Transportation & Logistics,9.48 %,,SOFR,9.48 %,11.48 %,2023-03-17,2028-03-17,6415,,6371,,6256,,,,,dspy_extracted,GECC,2024-10-31,GECC,2024-10-31
"Great Elm Specialty Finance, LLC",co_274440f466a4,Subordinated Debt,Financial Services,13.00 %,,Fixed,,,2023-09-01,2026-06-30,28733,,28733,,28733,,,,,dspy_extracted,GECC,2024-10-31,GECC,2024-10-31
"Great Elm Specialty Finance, LLC",co_274440f466a4,Common Equity,Financial Services,,,N/A,,,2023-09-01,,87500,,17477,87.50,17567,,,,,dspy_extracted,GECC,2024-10-31,GECC,2024-10-31
Harvey Gulf Holdings LLC,co_673a6df69bc1,Other Debt,Transportation & Logistics,10.14 %,,SOFR,4.50 %,5.50 %,2022-08-10,2027-08-10,323,319,324,,,,,,,dspy_extracted,GECC,2024-10-31,GECC,2024-10-31
Harvey Gulf Holdings LLC,co_673a6df69bc1,Other Debt,Transportation & Logistics,14.73 %,,SOFR,9.08 %,10.08 %,2022-08-10,2027-08-10,4931,4816,5029,,,,,,,dspy_extracted,GECC,2024-10-31,GECC,2024-10-31
Lenders Funding LLC,co_b04626bd74e6,Revolver,Financial Services,9.75 %,,Prime,1.25 %,1.25 %,2021-09-20,2024-01-31,10000,6112,6112,,,,,,,dspy_extracted,GECC,2024-10-31,GECC,2024-10-31
Mad Engine Global LLC,co_82f34b67b45f,First Lien,Consumer & Retail,12.61 %,,SOFR,7.00 %,8.00 %,2021-06-30,2027-07-15,2831,2783,2007,,,,,,,dspy_extracted,GECC,2024-10-31,GECC,2024-10-31
Maverick Gaming LLC,co_28f75db82886,First Lien,Healthcare,13.15 %,,SOFR,7.50 %,8.50 %,2021-11-16,2026-09-03,5849,5731,4252,,,,,,,dspy_extracted,GECC,2024-10-31,GECC,2024-10-31
NICE-PAK Products Inc.,co_ac77d9d1a179,Other,Consumer & Retail,,,N/A,,,2022-09-30,2029-09-30,1449,,1449,,,,,,,dspy_extracted,GECC,2024-10-31,GECC,2024-10-31
NICE-PAK Products Inc.,co_ac77d9d1a179,Warrants,Consumer & Retail,,,N/A,,,2022-09-30,,,,701,,,,,,,dspy_extracted,GECC,2024-10-31,GECC,2024-10-31
PFS Holdings Corp.,co_53aae39dd10e,First Lien,Food & Beverage,12.46 %,,SOFR,7.00 %,8.00 %,2020-11-13,2024-11-13,1044,1044,979,,,,,,,dspy_extracted,GECC,2024-10-31,GECC,2024-10-31
PFS Holdings Corp.,co_53aae39dd10e,Common Equity,Food & Beverage,,,N/A,,,2020-11-13,,,12379,88,,,,,,,dspy_extracted,GECC,2024-10-31,GECC,2024-10-31
ProFrac Holdings II LLC,co_b0bc18c68ff8,First Lien,Energy,12.86 %,,SOFR,7.25 %,8.25 %,2023-12-27,2029-01-23,7000,6930,6930,,,,,,,dspy_extracted,GECC,2024-10-31,GECC,2024-10-31
Research Now Group Inc.,co_f56b9233964e,Revolver,Media & Entertainment,10.11 %,,SOFR,4.50 %,4.50 %,2019-01-29,2024-06-14,10000,9998,9001,,,,,,,dspy_extracted,GECC,2024-10-31,GECC,2024-10-31
Research Now Group Inc.,co_f56b9233964e,Second Lien,Media & Entertainment,15.14 %,,SOFR,9.50 %,10.50 %,2019-05-20,2025-12-20,8000,7976,4731,,,,,,,dspy_extracted,GECC,2024-10-31,GECC,2024-10-31
Ruby Tuesday Operations LLC,co_1f7d49afa371,First Lien,Consumer & Retail,11.46 %,6.00 %,SOFR,13.50 %,14.50 %,2021-02-24,2025-02-24,1974,1974,1930,,,,,,,dspy_extracted,GECC,2024-10-31,GECC,2024-10-31
Ruby Tuesday Operations LLC,co_1f7d49afa371,First Lien,Consumer & Retail,21.46 %,,SOFR,16.00 %,17.25 %,2023-01-31,2025-02-24,598,598,598,,,,,,,dspy_extracted,GECC,2024-10-31,GECC,2024-10-31
SCIH Salt Holdings Inc.,co_b369f6da5ffe,First Lien,Food & Beverage,9.47 %,,SOFR,4.00 %,4.75 %,2023-06-21,2027-03-16,1981,1950,1982,,,,,,,dspy_extracted,GECC,2024-10-31,GECC,2024-10-31
Stone Ridge Opportunities Fund LP.,co_df6461654829,Other,Insurance,,,N/A,,,2023-01-01,,,2380,3051,,2379875,,,,,dspy_extracted|fair_value_suspicious_vs_size,GECC,2024-10-31,GECC,2024-10-31
Summit Midstream Holdings LLC,co_b0d60a3065a3,Second Lien,Energy,9.00 %,,Fixed,,,2021-10-19,2026-10-15,2000,1905,1996,,1905,,,,,dspy_extracted,GECC,2024-10-31,GECC,2024-10-31
Universal Fiber Systems,co_17de53ba34fb,Warrants,Chemicals & Materials,,,N/A,,,2021-09-30,,,-,810,1.50,3383,,,,,dspy_extracted,GECC,2024-10-31,GECC,2024-10-31
Vantage Specialty Chemicals Inc.,co_7a3d59fdd9e8,First Lien,Chemicals & Materials,10.11 %,,SOFR,4.75 %,5.25 %,2023-03-03,2026-10-26,2960,2888,2845,,,,,,,dspy_extracted,GECC,2024-10-31,GECC,2024-10-31
Vi-Jon,co_a4f69355e0dd,First Lien,Consumer & Retail,13.47 %,,SOFR,8.00 %,10.50 %,2023-12-28,2028-12-28,9000,8730,8730,,,,,,,dspy_extracted,GECC,2024-10-31,GECC,2024-10-31
Great Elm Specialty Finance LLC,co_274440f466a4,Other Equity,Financial Services,,,N/A,,,,,,,13880,,,,,,,dspy_extracted,GECC,2024-10-31,GECC,2024-10-31
Apex Credit CLO 2024-I Ltd.,co_c98a323f44a8,Other,,,,N/A,,,2024-04-24,2026-04-20,14957,,12360,,10344,,,,,dspy_extracted,GECC,2024-10-31,GECC,2024-10-31
Apex Credit CLO 2024-II Ltd.,co_c98a323f44a8,Other,,,,N/A,,,2024-07-02,2026-04-23,34550,,31461,,31095,,,,,dspy_extracted,GECC,2024-10-31,GECC,2024-10-31
Blackrock Liquidity Funds FedFund Administration,co_e108499c86bb,Other,Financial Services,,,N/A,,,2024-07-25,,1246,,1246,,1246,,,,,dspy_extracted,GECC,2024-10-31,GECC,2024-10-31
Dreyfus Government Cash MGMT Admin SHS Fund,co_28a92e8d88c5,Other,Business Services,,,N/A,,,2024-07-25,,1136,,1136,,1136,,,,,dspy_extracted,GECC,2024-10-31,GECC,2024-10-31
Advancion,co_cecc5e9a9fd0,Second Lien,Chemicals & Materials,12.21 %,,SOFR,7.85 %,,2022-09-21,2028-11-24,1625,,1584,,1532,,,,,dspy_extracted,GECC,2025-03-10,GECC,2025-03-10
American Coastal Insurance Corp.,co_aa016be18373,Unsecured Debt,Insurance,7.25 %,,Fixed,,,2022-12-20,2027-12-15,13000,,12367,,8112,,,,,dspy_extracted,GECC,2025-03-10,GECC,2025-03-10
Auction.com,co_62fa282697bc,First Lien,Financial Services,10.27 %,,SOFR,6.00 %,,2024-09-09,2028-05-26,2835,,2532,,2739,,,,,dspy_extracted,GECC,2025-03-10,GECC,2025-03-10
Avation Capital SA,co_b220e73a9086,Second Lien,Aircraft,8.25 %,,Fixed,,,2022-02-04,2026-10-31,4671,,4566,,4369,,,,,dspy_extracted,GECC,2025-03-10,GECC,2025-03-10
Blackstone Secured Lending Fund,co_32e454a9dde3,Common Equity,Closed-End Fund,,,N/A,,,2024-09-25,,6000,,194,,182,,,,,cost_suspicious_vs_size|dspy_extracted|fair_value_suspicious_vs_size,GECC,2025-03-10,GECC,2025-03-10
"Blue Ribbon, LLC",co_c4f2f6705335,First Lien,Food & Beverage,10.85 %,,SOFR,6.26 %,,2024-09-05,2028-05-07,493,,330,,351,,,,,dspy_extracted,GECC,2025-03-10,GECC,2025-03-10
Conuma Resources Ltd.,co_799947f29638,First Lien,Chemicals & Materials,13.13 %,,Fixed,,,2024-08-08,2028-05-01,4900,,4974,,5014,,,,,dspy_extracted,GECC,2025-03-10,GECC,2025-03-10
"Coreweave Compute Acquisition Co. II, LLC",co_0978cc636b37,First Lien,Software & Technology,14.15 %,,SOFR,9.62 %,,2023-08-21,2028-07-31,12780,,13035,,12653,,,,,dspy_extracted,GECC,2025-03-10,GECC,2025-03-10
"Coreweave Compute Acquisition Co. IV, LLC",co_a61906a17a1b,First Lien,Software & Technology,10.53 %,,SOFR,6.00 %,,2024-05-29,2030-05-16,5058,,5058,,4985,,,,,dspy_extracted,GECC,2025-03-10,GECC,2025-03-10
CSC ServiceWorks,co_2ad1ba580535,First Lien,Consumer & Retail,8.71 %,,SOFR,4.26 %,,2023-09-26,2028-03-04,4951,,4158,,4286,,,,,dspy_extracted,GECC,2025-03-10,GECC,2025-03-10
CW Opportunity 2 LP,co_ddb092eb1049,Partnership Interest,Software & Technology,,,N/A,,,2024-05-14,,6000,,7246,,6000,,,,,dspy_extracted|principal_scaled_down_1000x,GECC,2025-03-10,GECC,2025-03-10
Del Monte Foods Corp.,co_a74139629788,First Lien,Food & Beverage,12.62 %,2.00 %,SOFR,10.15 %,,2024-10-16,2028-08-02,3853,,3830,,3803,,,,,dspy_extracted,GECC,2025-03-10,GECC,2025-03-10
"Dynata, LLC",co_388e12c6a10a,First Lien,Media & Entertainment,9.79 %,,SOFR,5.26 %,,2024-07-15,2028-07-15,793,,793,,783,,,,,dspy_extracted,GECC,2025-03-10,GECC,2025-03-10
"Dynata, LLC",co_388e12c6a10a,First Lien,Media & Entertainment,10.29 %,,SOFR,5.76 %,,2024-07-15,2028-10-15,4768,,4451,,4768,,,,,dspy_extracted,GECC,2025-03-10,GECC,2025-03-10
"Dynata, LLC",co_388e12c6a10a,Common Equity,Media & Entertainment,,,N/A,,,2024-07-15,,108405,,1753,1.08,11525,,,,,dspy_extracted|fair_value_suspicious_vs_size,GECC,2025-03-10,GECC,2025-03-10
"Dynata, LLC",co_388e12c6a10a,Warrants,Media & Entertainment,,,N/A,,,2024-07-15,,45714,,-,3.20,-,,,,,dspy_extracted,GECC,2025-03-10,GECC,2025-03-10
EagleView Technology Corp.,co_5746bd093a65,First Lien,Software & Technology,8.09 %,,SOFR,3.76 %,,2024-10-21,2025-08-14,4737,,4472,,4504,,,,,dspy_extracted,GECC,2025-03-10,GECC,2025-03-10
"Elevate Textiles, Inc.",co_2e1b4849e0fe,First Lien,Consumer & Retail,5.74 %,5.50 %,SOFR,6.65 %,,2024-11-07,2027-09-30,1642,,1285,,1265,,,,,dspy_extracted,GECC,2025-03-10,GECC,2025-03-10
Fairbanks Morse Defense,co_0ab50a9a685a,First Lien,Aerospace & Defense,9.31 %,,SOFR,4.50 %,,2024-07-19,2028-06-23,3980,,3999,,3978,,,,,dspy_extracted,GECC,2025-03-10,GECC,2025-03-10
"First Brands, Inc.",co_53cb28c1a725,First Lien,Automotive,9.85 %,,SOFR,5.26 %,,2023-06-09,2027-03-30,7583,,7141,,7495,,,,,dspy_extracted,GECC,2025-03-10,GECC,2025-03-10
"First Brands, Inc.",co_53cb28c1a725,First Lien,Automotive,9.85 %,,SOFR,5.26 %,,2024-03-08,2027-03-30,1783,,1679,,1773,,,,,dspy_extracted,GECC,2025-03-10,GECC,2025-03-10
"First Brands, Inc.",co_53cb28c1a725,Second Lien,Automotive,13.35 %,,SOFR,8.76 %,,2021-03-24,2028-03-30,16200,,15122,,15715,,,,,dspy_extracted,GECC,2025-03-10,GECC,2025-03-10
Flexsys Holdings,co_fdf6c33899b5,First Lien,Chemicals & Materials,9.84 %,,SOFR,5.51 %,,2022-10-27,2028-11-01,4389,,3347,,3665,,,,,dspy_extracted,GECC,2025-03-10,GECC,2025-03-10
Foresight Energy,co_780e4635a312,First Lien,Chemicals & Materials,12.43 %,,SOFR,8.10 %,,2021-07-29,2027-06-30,5896,5918,5429,,,,,,,dspy_extracted,GECC,2025-03-10,GECC,2025-03-10
Form Technologies LLC,co_363a7a91702f,First Lien,Industrials,9.36 %,,SOFR,4.85 %,,2024-01-25,2025-07-22,3228,3167,3223,,,,,,,dspy_extracted,GECC,2025-03-10,GECC,2025-03-10
Form Technologies LLC,co_363a7a91702f,First Lien,Industrials,10.08 %,,SOFR,5.75 %,,2024-11-01,2030-04-30,4750,4655,4655,,,,,,,dspy_extracted,GECC,2025-03-10,GECC,2025-03-10
FPL Food LLC,co_7b388909fe7d,First Lien,Food & Beverage,11.50 %,,Prime,3.25 %,,2024-10-02,2027-02-13,2500,2500,2512,,,,,,,dspy_extracted,GECC,2025-03-10,GECC,2025-03-10
FS KKR CAPITAL Corp.,co_4ee1e711995c,Common Equity,Automotive,,,N/A,,,2024-05-09,,,3022,3236,,,,,,,dspy_extracted,GECC,2025-03-10,GECC,2025-03-10
Great Elm Specialty Finance LLC,co_274440f466a4,Subordinated Debt,Financial Services,13.00 %,,Fixed,,,2023-09-01,2026-06-30,29733,29733,29733,,,,,,,dspy_extracted,GECC,2025-03-10,GECC,2025-03-10
Great Elm Specialty Finance LLC,co_274440f466a4,Common Equity,Financial Services,,,N/A,,,2023-09-01,,,17567,13482,87.50,,,,,,dspy_extracted,GECC,2025-03-10,GECC,2025-03-10
Greenfire Resources Ltd.,co_aa54a5e0036e,First Lien,Energy,12.00 %,,Fixed,,,2023-09-13,2028-10-01,5178,5095,5579,,,,,,,dspy_extracted,GECC,2025-03-10,GECC,2025-03-10
Harvey Gulf Holdings LLC,co_673a6df69bc1,Other Debt,Transportation & Logistics,11.39 %,,SOFR,7.03 %,,2024-02-28,2029-01-19,8784,8721,8872,,,,,,,dspy_extracted,GECC,2025-03-10,GECC,2025-03-10
Inmar Inc.,co_7f02d1f954a4,First Lien,Business Services,9.36 %,,SOFR,5.00 %,,2024-10-31,2031-10-24,1990,1980,1993,,,,,,,dspy_extracted,GECC,2025-03-10,GECC,2025-03-10
Ipsen US Holdings INC.,co_016157855c06,First Lien,Industrials,7.63 %,8.30 %,SOFR,11.57 %,,2024-08-14,2029-07-31,5162,4982,4996,,,,,,,dspy_extracted,GECC,2025-03-10,GECC,2025-03-10
Lummus Technology Holdings,co_f48e428ebed1,Unsecured Debt,Chemicals & Materials,9.00 %,,Fixed,,,2022-05-17,2028-07-01,1500,1278,1519,,,,,,,dspy_extracted,GECC,2025-03-10,GECC,2025-03-10
Mad Engine Global LLC,co_82f34b67b45f,First Lien,Consumer & Retail,11.59 %,,SOFR,7.00 %,,2021-06-30,2027-07-15,5709,5154,4911,,,,,,,dspy_extracted,GECC,2025-03-10,GECC,2025-03-10
Manchester Acquisition Sub LLC,co_19782064e0cc,First Lien,Chemicals & Materials,10.37 %,,SOFR,5.90 %,,2023-09-26,2026-11-01,6927,6522,6524,,,,,,,dspy_extracted,GECC,2025-03-10,GECC,2025-03-10
Maverick Gaming LLC,co_28f75db82886,First Lien,Media & Entertainment,12.11 %,,SOFR,7.50 %,,2024-04-03,2028-06-03,1476,1476,1476,,,,,,,dspy_extracted,GECC,2025-03-10,GECC,2025-03-10
Maverick Gaming LLC,co_28f75db82886,First Lien,Media & Entertainment,12.11 %,,SOFR,7.50 %,,2024-04-03,2028-06-03,5569,6221,4009,,,,,,,dspy_extracted,GECC,2025-03-10,GECC,2025-03-10
New Wilkie Energy,co_81be50868181,Other Debt,Chemicals & Materials,15.00 %,,Fixed,,,2024-06-03,2027-02-18,144,144,144,,,,,,,dspy_extracted,GECC,2025-03-10,GECC,2025-03-10
New Wilkie Energy,co_81be50868181,Other Debt,Chemicals & Materials,16.00 %,,Fixed,,,2024-02-16,2027-02-18,1202,1202,1202,,,,,,,dspy_extracted,GECC,2025-03-10,GECC,2025-03-10
New Wilkie Energy,co_81be50868181,First Lien,Chemicals & Materials,,,N/A,,,2023-04-03,2026-04-06,4935,4821,1322,,,,,,,dspy_extracted,GECC,2025-03-10,GECC,2025-03-10
New Wilkie Energy,co_81be50868181,Warrants,Chemicals & Materials,,,N/A,,,2023-04-06,,1078899,-,-,,,,,,,dspy_extracted,GECC,2025-03-10,GECC,2025-03-10
Nice-Pak Products Inc.,co_ac77d9d1a179,Other Debt,Consumer & Retail,10.09 %,6.00 %,SOFR,11.76 %,,2022-09-30,2027-09-30,9253,9098,9363,,,,,,,dspy_extracted,GECC,2025-03-10,GECC,2025-03-10
Nice-Pak Products Inc.,co_ac77d9d1a179,Other,Consumer & Retail,,,N/A,,,2022-09-30,,1448.864,-,1449,,,,,,,dspy_extracted|principal_scaled_down_1000x,GECC,2025-03-10,GECC,2025-03-10
Nice-Pak Products Inc.,co_ac77d9d1a179,Warrants,Consumer & Retail,,,N/A,,,2022-09-30,,880909,-,2744,2.56,,,,,,dspy_extracted|fair_value_suspicious_vs_size,GECC,2025-03-10,GECC,2025-03-10
Northeast Grocery Inc.,co_9b0725b6236f,First Lien,Food & Beverage,12.02 %,,SOFR,7.50 %,,2024-08-08,2028-12-13,2672,2704,2695,,,,,,,dspy_extracted,GECC,2025-03-10,GECC,2025-03-10
PFS Holdings Corp.,co_53aae39dd10e,Common Equity,Food & Beverage,,,N/A,,,2020-11-13,,5238,12379,-,5.05,,,,,,dspy_extracted,GECC,2025-03-10,GECC,2025-03-10
PowerStop LLC,co_1f357e6106d5,First Lien,Automotive,9.36 %,,SOFR,4.75 %,,2024-02-09,2029-01-26,2319,2148,2198,,,,,,,dspy_extracted,GECC,2025-03-10,GECC,2025-03-10
ProFrac Holdings II LLC,co_b0bc18c68ff8,First Lien,Energy,11.84 %,,SOFR,7.51 %,,2023-12-27,2029-01-23,6344,6290,6522,,,,,,,dspy_extracted,GECC,2025-03-10,GECC,2025-03-10
Ruby Tuesday Operations LLC,co_1f7d49afa371,First Lien,Healthcare,10.65 %,6.00 %,SOFR,12.11 %,,2024-09-03,2027-02-24,2657,2633,2595,,,,,,,dspy_extracted,GECC,2025-03-10,GECC,2025-03-10
Ruby Tuesday Operations LLC,co_1f7d49afa371,First Lien,Healthcare,0.00 %,20.65 %,SOFR,16.00 %,,2023-01-31,2027-02-24,741,741,738,,,,,,,dspy_extracted,GECC,2025-03-10,GECC,2025-03-10
Ruby Tuesday Operations LLC,co_1f7d49afa371,Warrants,Healthcare,,,N/A,,,2021-02-24,,311697,-,456,2.81,,,,,,dspy_extracted|fair_value_suspicious_vs_size,GECC,2025-03-10,GECC,2025-03-10
Runner Buyer Inc.,co_80c456057e4a,First Lien,Consumer & Retail,10.11 %,,SOFR,5.61 %,,2024-11-07,2028-10-23,1995,,921,,977,,,,,dspy_extracted,GECC,2025-03-10,GECC,2025-03-10
Spencer Spirit IH LLC,co_7a56dbd269b6,First Lien,Consumer & Retail,10.02 %,,SOFR,5.50 %,,2024-06-25,2031-07-15,898,,901,,891,,,,,dspy_extracted,GECC,2025-03-10,GECC,2025-03-10
Stone Ridge Opportunities Fund LP.,co_df6461654829,Partnership Interest,Insurance,,,N/A,,,2023-01-01,,2379875,,3842,,2379875,,,,,dspy_extracted|fair_value_suspicious_vs_size,GECC,2025-03-10,GECC,2025-03-10
"Thryv, Inc.",co_c152595e00c6,First Lien,Business Services,11.11 %,,SOFR,6.75 %,,2024-04-30,2029-05-01,1395,,1416,,1382,,,,,dspy_extracted,GECC,2025-03-10,GECC,2025-03-10
TPC Group Inc.,co_988714c3dd3d,First Lien,Chemicals & Materials,10.11 %,,SOFR,5.75 %,,2024-11-22,2031-11-22,950,,944,,936,,,,,dspy_extracted,GECC,2025-03-10,GECC,2025-03-10
Trouvaille Re Ltd.,co_76cecb8c8020,Preferred Equity,Insurance,,,N/A,,,2024-03-27,,100,,6155,,5000,,,,,dspy_extracted,GECC,2025-03-10,GECC,2025-03-10
TRU Taj Trust,co_e9f013e18a36,Common Equity,Consumer & Retail,,,N/A,,,2017-07-21,,16000,,54,2.75,611,,,,,cost_suspicious_vs_size|dspy_extracted|fair_value_suspicious_vs_size,GECC,2025-03-10,GECC,2025-03-10
TruGreen LP,co_2094298d8fe3,First Lien,Consumer & Retail,8.46 %,,SOFR,4.10 %,,2024-05-14,2027-11-02,1786,,1735,,1715,,,,,dspy_extracted,GECC,2025-03-10,GECC,2025-03-10
TruGreen LP,co_2094298d8fe3,Second Lien,Consumer & Retail,13.35 %,,SOFR,8.76 %,,2024-05-14,2028-11-02,900,,795,,713,,,,,dspy_extracted,GECC,2025-03-10,GECC,2025-03-10
Universal Fiber Systems,co_17de53ba34fb,First Lien,Chemicals & Materials,8.47 %,8.00 %,SOFR,12.11 %,,2024-10-16,2028-09-30,5451,,5369,,5442,,,,,dspy_extracted,GECC,2025-03-10,GECC,2025-03-10
Universal Fiber Systems,co_17de53ba34fb,Common Equity,Chemicals & Materials,,,N/A,,,2024-10-16,,41687,,6836,5.44,6809,,,,,dspy_extracted,GECC,2025-03-10,GECC,2025-03-10
Universal Fiber Systems,co_17de53ba34fb,Common Equity,Chemicals & Materials,,,N/A,,,2024-10-16,,371,,8,,-,,,,,dspy_extracted,GECC,2025-03-10,GECC,2025-03-10
Universal Fiber Systems,co_17de53ba34fb,Common Equity,Chemicals & Materials,,,N/A,,,2024-10-16,,976,,-,2.37,-,,,,,dspy_extracted,GECC,2025-03-10,GECC,2025-03-10
Victra,co_0c06385124fc,First Lien,Consumer & Retail,9.61 %,,SOFR,5.25 %,,2024-09-10,2029-03-31,1210,,1224,,1211,,,,,dspy_extracted,GECC,2025-03-10,GECC,2025-03-10
Vi-Jon,co_a4f69355e0dd,First Lien,Consumer & Retail,12.85 %,2.00 %,SOFR,10.26 %,,2023-12-28,2028-12-28,8837,,8691,,8616,,,,,dspy_extracted,GECC,2025-03-10,GECC,2025-03-10
Vi-Jon,co_a4f69355e0dd,First Lien,Consumer & Retail,12.87 %,2.00 %,SOFR,10.26 %,,2024-10-29,2028-12-28,2981,,2932,,2909,,,,,dspy_extracted,GECC,2025-03-10,GECC,2025-03-10
"W&T Offshore, Inc.",co_2f9481e6cc6e,Second Lien,Energy,11.75 %,,Fixed,,,2023-01-12,2026-02-01,4816,,4857,,4816,,,,,dspy_extracted,GECC,2025-03-10,GECC,2025-03-10
ADS Tactical Inc.,co_f6fe2bd14164,First Lien,Aerospace & Defense,6.75 %,,SOFR,5.75 %,6.75 %,2023-11-28,2026-03-19,1971,1957,1945,,,,,,,dspy_extracted,GECC,2025-03-10,GECC,2025-03-10
APTIM Corp.,co_df1226a1b6a9,First Lien,Industrials,7.75 %,,Fixed,,,2019-03-28,2025-06-15,3950,3453,3719,,,,,,,dspy_extracted,GECC,2025-03-10,GECC,2025-03-10
Avation Capital SA 65 Kampong Bahru Road #01-01 Singapore 169370,co_7bff369f0ac8,Second Lien,Other,8.25 %,,Fixed,,,2022-02-04,2026-10-31,4671,4232,3958,,,,,,,dspy_extracted,GECC,2025-03-10,GECC,2025-03-10
Blackstone Secured Lending,co_32e454a9dde3,Common Equity,Automotive,,,N/A,,,2022-08-18,,140000,3337,3870,,,,,,,dspy_extracted|fair_value_suspicious_vs_size,GECC,2025-03-10,GECC,2025-03-10
Blue Ribbon LLC,co_c4f2f6705335,First Lien,Food & Beverage,6.75 %,,SOFR,6.00 %,6.75 %,2023-02-06,2028-05-07,4818,3595,4150,,,,,,,dspy_extracted,GECC,2025-03-10,GECC,2025-03-10
Coreweave Compute Acquisition Co II LLC,co_397287dfd2fc,First Lien,Software & Technology,8.75 %,,SOFR,8.75 %,8.75 %,2023-07-31,2028-07-31,7472,7344,7342,,,,,,,dspy_extracted,GECC,2025-03-10,GECC,2025-03-10
CSC Serviceworks 35 Pinelawn Road Suite,co_59f560cce657,First Lien,Business Services,4.75 %,,SOFR,4.00 %,4.75 %,2023-09-26,2028-03-04,1990,1734,1742,,,,,,,dspy_extracted,GECC,2025-03-10,GECC,2025-03-10
Eagle Point Credit Company Inc.,co_7a912e541242,Common Equity,Automotive,,,N/A,,,2022-08-18,,305315,3236,2900,,,,,,,dspy_extracted|fair_value_suspicious_vs_size,GECC,2025-03-10,GECC,2025-03-10
First Brands Inc.,co_53cb28c1a725,Second Lien,Automotive,9.50 %,,SOFR,8.50 %,9.50 %,2021-03-24,2028-03-30,12545,12215,12330,,,,,,,dspy_extracted,GECC,2025-03-10,GECC,2025-03-10
First Brands Inc.,co_53cb28c1a725,First Lien,Automotive,6.00 %,,SOFR,5.00 %,6.00 %,2023-06-09,2027-03-30,4962,4837,4931,,,,,,,dspy_extracted,GECC,2025-03-10,GECC,2025-03-10
Florida Marine LLC,co_04b02011caf9,First Lien,Transportation & Logistics,11.48 %,,SOFR,9.48 %,11.48 %,2023-03-17,2028-03-17,6415,6256,6371,,,,,,,dspy_extracted,GECC,2025-03-10,GECC,2025-03-10
Harvey Gulf Holdings LLC,co_673a6df69bc1,First Lien,Transportation & Logistics,10.14 %,,SOFR,4.50 %,5.50 %,2022-08-10,2027-08-10,323,,324,,319,,,,,dspy_extracted,GECC,2025-03-10,GECC,2025-03-10
Harvey Gulf Holdings LLC,co_673a6df69bc1,First Lien,Transportation & Logistics,14.73 %,,SOFR,9.08 %,10.08 %,2022-08-10,2027-08-10,4931,,5029,,4816,,,,,dspy_extracted,GECC,2025-03-10,GECC,2025-03-10
Lenders Funding LLC,co_b04626bd74e6,Revolver,Financial Services,9.75 %,,Prime,1.25 %,1.25 %,2021-09-20,2024-01-31,,,6112,,6112,10000,,,,dspy_extracted,GECC,2025-03-10,GECC,2025-03-10
Lummus Technology Holdings,co_f48e428ebed1,Unsecured Debt,Chemicals & Materials,9.00 %,,Fixed,,,2022-05-17,2028-07-01,2500,,2390,,2092,,,,,dspy_extracted,GECC,2025-03-10,GECC,2025-03-10
Mad Engine Global LLC,co_82f34b67b45f,First Lien,Consumer & Retail,12.61 %,,SOFR,7.00 %,8.00 %,2021-06-30,2027-07-15,2831,,2007,,2783,,,,,dspy_extracted,GECC,2025-03-10,GECC,2025-03-10
Manchester Acquisition Sub LLC,co_19782064e0cc,First Lien,Chemicals & Materials,11.28 %,,SOFR,5.75 %,6.50 %,2023-09-26,2026-11-01,4436,,3970,,4004,,,,,dspy_extracted,GECC,2025-03-10,GECC,2025-03-10
Maverick Gaming LLC,co_28f75db82886,First Lien,Healthcare,13.15 %,,SOFR,7.50 %,8.50 %,2021-11-16,2026-09-03,5849,,4252,,5731,,,,,dspy_extracted,GECC,2025-03-10,GECC,2025-03-10
New Wilkie Energy Pty Ltd.,co_94d6ef1f3b62,First Lien,Chemicals & Materials,12.84 %,5.00 %,SOFR,12.50 %,14.50 %,2023-04-06,2026-04-06,4935,,3567,,4821,,,,,dspy_extracted,GECC,2025-03-10,GECC,2025-03-10
New Wilkie Energy Pty Ltd.,co_94d6ef1f3b62,Warrants,Chemicals & Materials,,,N/A,,,2023-04-06,,1078899,,-,,-,,,,,dspy_extracted,GECC,2025-03-10,GECC,2025-03-10
NICE-PAK Products Inc.,co_ac77d9d1a179,Second Lien,Consumer & Retail,8.25 %,11.00 %,SOFR,13.50 %,14.50 %,2022-09-30,2027-09-30,9444,,9331,,9222,,,,,dspy_extracted,GECC,2025-03-10,GECC,2025-03-10
NICE-PAK Products Inc.,co_ac77d9d1a179,Other,Consumer & Retail,,,N/A,,,2022-09-30,2029-09-30,1449,,1449,,-,,,,,dspy_extracted,GECC,2025-03-10,GECC,2025-03-10
NICE-PAK Products Inc.,co_ac77d9d1a179,Warrants,Consumer & Retail,,,N/A,,,2022-09-30,,880909,,701,2.56,-,,,,,dspy_extracted,GECC,2025-03-10,GECC,2025-03-10
PFS Holdings Corp.,co_53aae39dd10e,First Lien,Food & Beverage,12.46 %,,SOFR,7.00 %,8.00 %,2020-11-13,2024-11-13,1044,,979,,1044,,,,,dspy_extracted,GECC,2025-03-10,GECC,2025-03-10
PFS Holdings Corp.,co_53aae39dd10e,Common Equity,Food & Beverage,,,N/A,,,2020-11-13,,5238,,88,5.05,12379,,,,,dspy_extracted|fair_value_suspicious_vs_size,GECC,2025-03-10,GECC,2025-03-10
Research Now Group Inc.,co_f56b9233964e,Revolver,Media & Entertainment,10.11 %,,SOFR,4.50 %,4.50 %,2019-01-29,2024-06-14,,,9001,,9998,10000,,,,dspy_extracted,GECC,2025-03-10,GECC,2025-03-10
Research Now Group Inc.,co_f56b9233964e,Other,Media & Entertainment,15.14 %,,SOFR,9.50 %,10.50 %,2019-05-20,2025-12-20,8000,7976,4731,,,,,,,dspy_extracted,GECC,2025-03-10,GECC,2025-03-10
Ruby Tuesday Operations LLC,co_1f7d49afa371,Other,Food & Beverage,11.46 %,6.00 %,SOFR,13.50 %,14.50 %,2021-02-24,2025-02-24,1974,1974,1930,,,,,,,dspy_extracted,GECC,2025-03-10,GECC,2025-03-10
Ruby Tuesday Operations LLC,co_1f7d49afa371,Other,Food & Beverage,21.46 %,,SOFR,16.00 %,17.25 %,2023-01-31,2025-02-24,598,598,598,,,,,,,dspy_extracted,GECC,2025-03-10,GECC,2025-03-10
Ruby Tuesday Operations LLC,co_1f7d49afa371,Other,Food & Beverage,,,N/A,,,2021-02-24,,,-,913,2.81,311697,,,,,dspy_extracted|fair_value_suspicious_vs_size,GECC,2025-03-10,GECC,2025-03-10
SCIH Salt Holdings Inc.,co_b369f6da5ffe,Other,Food & Beverage,9.47 %,,SOFR,4.00 %,4.75 %,2023-06-21,2027-03-16,1981,1950,1982,,,,,,,dspy_extracted,GECC,2025-03-10,GECC,2025-03-10
Stone Ridge Opportunities Fund LP.,co_df6461654829,Other,Insurance,,,N/A,,,2023-01-01,,,2380,3051,,2379875,,,,,dspy_extracted|fair_value_suspicious_vs_size,GECC,2025-03-10,GECC,2025-03-10
Summit Midstream Holdings LLC,co_b0d60a3065a3,Other,Energy,9.00 %,,Fixed,,,2021-10-19,2026-10-15,2000,1905,1996,,1905,,,,,dspy_extracted,GECC,2025-03-10,GECC,2025-03-10
TRU Taj Trust,co_e9f013e18a36,Other,Consumer & Retail,,,N/A,,,2017-07-21,,,611,54,2.75,16000,,,,,dspy_extracted|fair_value_suspicious_vs_size,GECC,2025-03-10,GECC,2025-03-10
Universal Fiber Systems,co_17de53ba34fb,Other,Chemicals & Materials,9.42 %,9.00 %,SOFR,12.95 %,13.95 %,2021-09-30,2026-09-29,7864,7788,7852,,,,,,,dspy_extracted,GECC,2025-03-10,GECC,2025-03-10
Universal Fiber Systems,co_17de53ba34fb,Other,Chemicals & Materials,9.42 %,9.00 %,SOFR,12.95 %,13.95 %,2021-09-30,2026-09-29,3032,2995,2821,,,,,,,dspy_extracted,GECC,2025-03-10,GECC,2025-03-10
Universal Fiber Systems,co_17de53ba34fb,Other,Chemicals & Materials,,,N/A,,,2021-09-30,,,-,810,1.50,3383,,,,,dspy_extracted,GECC,2025-03-10,GECC,2025-03-10
Vantage Specialty Chemicals Inc.,co_7a3d59fdd9e8,Other,Chemicals & Materials,10.11 %,,SOFR,4.75 %,5.25 %,2023-03-03,2026-10-26,2960,2888,2845,,,,,,,dspy_extracted,GECC,2025-03-10,GECC,2025-03-10
Vi-Jon,co_a4f69355e0dd,Other,Consumer & Retail,13.47 %,,SOFR,8.00 %,10.50 %,2023-12-28,2028-12-28,9000,8730,8730,,,,,,,dspy_extracted,GECC,2025-03-10,GECC,2025-03-10
W&T Offshore Inc.,co_2f9481e6cc6e,Other,Energy,11.75 %,,Fixed,,,2023-01-12,2026-02-01,4816,4816,4964,,,,,,,dspy_extracted,GECC,2025-03-10,GECC,2025-03-10
"Great Elm Specialty Finance, LLC",co_274440f466a4,Other Equity,Financial Services,,,N/A,,,,,,,13482,,,,,,,dspy_extracted,GECC,2025-03-10,GECC,2025-03-10
American Coastal Insurance Corp.,co_aa016be18373,Unsecured Debt,Insurance,7.25 %,,Fixed,,,2022-12-20,2027-12-15,13000,8397,12610,,,,,,,dspy_extracted,GECC,2025-05-05,GECC,2025-05-05
Advancion,co_cecc5e9a9fd0,Second Lien,Chemicals & Materials,12.17 %,,SOFR,7.85 %,,2022-09-21,2028-11-24,1625,1536,1529,,,,,,,dspy_extracted,GECC,2025-05-05,GECC,2025-05-05
Auction.com,co_62fa282697bc,First Lien,Financial Services,10.25 %,,SOFR,6.00 %,,2024-09-09,2028-05-26,2827,2737,2573,,,,,,,dspy_extracted,GECC,2025-05-05,GECC,2025-05-05
Avation Capital SA,co_b220e73a9086,Second Lien,Aircraft,8.25 %,,Fixed,,,2022-02-04,2026-10-31,4671,4406,4542,,,,,,,dspy_extracted,GECC,2025-05-05,GECC,2025-05-05
Blackstone Secured Lending Fund,co_32e454a9dde3,Common Equity,Closed-End Fund,,,N/A,,,2024-09-25,,6000,182,194,,,,,,,dspy_extracted|fair_value_suspicious_vs_size,GECC,2025-05-05,GECC,2025-05-05
"Blue Ribbon, LLC",co_c4f2f6705335,First Lien,Food & Beverage,10.56 %,,SOFR,6.00 %,,2024-09-05,2028-05-07,485,353,359,,,,,,,dspy_extracted,GECC,2025-05-05,GECC,2025-05-05
"Blue Ribbon, LLC",co_c4f2f6705335,First Lien,Food & Beverage,12.29 %,,SOFR,8.00 %,,2025-01-16,2028-05-07,244,237,238,,,,,,,dspy_extracted,GECC,2025-05-05,GECC,2025-05-05
"Brightline East, LLC",co_b69833f6aa3d,First Lien,Transportation & Logistics,11.00 %,,Fixed,,,2025-03-10,2030-01-31,900,805,793,,,,,,,dspy_extracted,GECC,2025-05-05,GECC,2025-05-05
Confluence Technologies,co_bc5e84984f1e,First Lien,Software & Technology,8.20 %,,SOFR,3.90 %,,2025-03-04,2028-07-31,1104,987,977,,,,,,,dspy_extracted,GECC,2025-05-05,GECC,2025-05-05
Conuma Resources Ltd.,co_799947f29638,First Lien,Chemicals & Materials,13.13 %,,Fixed,,,2024-08-08,2028-05-01,4425,4521,4425,,,,,,,dspy_extracted,GECC,2025-05-05,GECC,2025-05-05
"Coreweave Compute Acquisition Co. II, LLC",co_0978cc636b37,First Lien,Software & Technology,13.92 %,,SOFR,9.62 %,,2023-08-21,2028-07-31,14438,14370,14727,,,,,,,dspy_extracted,GECC,2025-05-05,GECC,2025-05-05
"Coreweave Compute Acquisition Co. IV, LLC",co_a61906a17a1b,First Lien,Software & Technology,10.31 %,,SOFR,6.00 %,,2024-05-29,2030-05-16,2886,2845,2900,,,,,,,dspy_extracted,GECC,2025-05-05,GECC,2025-05-05
CSC ServiceWorks,co_2ad1ba580535,First Lien,Consumer & Retail,8.56 %,,SOFR,4.26 %,,2023-09-26,2028-03-04,4938,4316,4161,,,,,,,dspy_extracted,GECC,2025-05-05,GECC,2025-05-05
CW Opportunity 2 LP,co_ddb092eb1049,Partnership Interest,Software & Technology,,,N/A,,,2024-05-14,,6000,6000,6195,,,,,,,dspy_extracted|principal_scaled_down_1000x,GECC,2025-05-05,GECC,2025-05-05
Del Monte Foods Corp.,co_a74139629788,First Lien,Food & Beverage,13.47 %,2.00 %,SOFR,8.15 %,,2024-10-16,2028-08-02,5413,5358,5359,,,,,,,dspy_extracted,GECC,2025-05-05,GECC,2025-05-05
"Dynata, LLC",co_388e12c6a10a,Common Equity,Media & Entertainment,,,N/A,,,2024-07-15,,100000,11230,2273,1.00,,,,,,dspy_extracted|fair_value_suspicious_vs_size,GECC,2025-05-05,GECC,2025-05-05
"Dynata, LLC",co_388e12c6a10a,Warrants,Media & Entertainment,,,N/A,,,2024-07-15,,45714,-,-,3.20,,,,,,dspy_extracted,GECC,2025-05-05,GECC,2025-05-05
"Dynata, LLC",co_388e12c6a10a,First Lien,Media & Entertainment,9.58 %,,SOFR,5.26 %,,2024-07-15,2028-07-15,791,782,787,,,,,,,dspy_extracted,GECC,2025-05-05,GECC,2025-05-05
"Dynata, LLC",co_388e12c6a10a,First Lien,Media & Entertainment,10.08 %,,SOFR,5.76 %,,2024-07-15,2028-10-15,4756,4756,4396,,,,,,,dspy_extracted,GECC,2025-05-05,GECC,2025-05-05
EagleView Technology Corp.,co_5746bd093a65,First Lien,Software & Technology,10.80 %,,SOFR,5.50 %,,2025-03-27,2028-08-14,7133,6933,6931,,,,,,,dspy_extracted,GECC,2025-05-05,GECC,2025-05-05
"Elevate Textiles, Inc.",co_2e1b4849e0fe,First Lien,Consumer & Retail,5.46 %,5.50 %,SOFR,1.15 %,,2024-11-07,2027-09-30,2476,1973,2053,,,,,,,dspy_extracted,GECC,2025-05-05,GECC,2025-05-05
Fairbanks Morse Defense,co_0ab50a9a685a,First Lien,Aerospace & Defense,8.80 %,,SOFR,4.50 %,,2024-07-19,2028-06-23,3970,3968,3970,,,,,,,dspy_extracted,GECC,2025-05-05,GECC,2025-05-05
"First Brands, Inc.",co_53cb28c1a725,First Lien,Automotive,9.55 %,,SOFR,5.26 %,,2023-06-09,2027-03-30,7563,7484,7005,,,,,,,dspy_extracted,GECC,2025-05-05,GECC,2025-05-05
"First Brands, Inc.",co_53cb28c1a725,First Lien,Automotive,9.55 %,,SOFR,5.26 %,,2024-03-08,2027-03-30,1779,1770,1648,,,,,,,dspy_extracted,GECC,2025-05-05,GECC,2025-05-05
"First Brands, Inc.",co_53cb28c1a725,Second Lien,Automotive,13.05 %,,SOFR,8.76 %,,2021-03-24,2028-03-30,16200,15744,14826,,,,,,,dspy_extracted,GECC,2025-05-05,GECC,2025-05-05
Flexsys Holdings,co_fdf6c33899b5,First Lien,Chemicals & Materials,9.81 %,,SOFR,5.51 %,,2022-10-27,2028-11-01,4378,3690,2642,,,,,,,dspy_extracted,GECC,2025-05-05,GECC,2025-05-05
Foresight Energy,co_780e4635a312,First Lien,Chemicals & Materials,12.40 %,,SOFR,8.10 %,,2021-07-29,2027-06-30,5878,5898,5406,,,,,,,dspy_extracted,GECC,2025-05-05,GECC,2025-05-05
Form Technologies LLC,co_363a7a91702f,First Lien,Industrials,10.04 %,,SOFR,5.75 %,,2024-11-01,2030-04-30,4750,4657,4631,,,,,,,dspy_extracted,GECC,2025-05-05,GECC,2025-05-05
FPL Food LLC,co_7b388909fe7d,First Lien,Food & Beverage,11.50 %,,Prime,3.25 %,,2024-10-02,2027-02-13,5500,5500,5504,,,,,,,dspy_extracted,GECC,2025-05-05,GECC,2025-05-05
FS KKR CAPITAL Corp.,co_4ee1e711995c,Common Equity,Automotive,,,N/A,,,2024-05-09,,140000,2842,2933,*,,,,,,dspy_extracted|fair_value_suspicious_vs_size,GECC,2025-05-05,GECC,2025-05-05
Great Elm Specialty Finance LLC,co_274440f466a4,Subordinated Debt,Financial Services,13.00 %,,Fixed,,,2023-09-01,2026-06-30,29733,29733,29733,,,,,,,dspy_extracted,GECC,2025-05-05,GECC,2025-05-05
Great Elm Specialty Finance LLC,co_274440f466a4,Common Equity,Financial Services,,,N/A,,,2023-09-01,,87500,17567,13045,87.50,,,,,,dspy_extracted,GECC,2025-05-05,GECC,2025-05-05
Greenfire Resources Ltd.,co_aa54a5e0036e,First Lien,Energy,12.00 %,,Fixed,,,2023-09-13,2028-10-01,5178,5099,5477,,,,,,,dspy_extracted,GECC,2025-05-05,GECC,2025-05-05
Harvey Gulf Holdings LLC,co_673a6df69bc1,Other Debt,Transportation & Logistics,11.30 %,,SOFR,6.98 %,,2024-02-28,2029-01-19,8784,8726,8872,,,,,,,dspy_extracted,GECC,2025-05-05,GECC,2025-05-05
Inmar Inc.,co_7f02d1f954a4,First Lien,Business Services,9.31 %,,SOFR,5.00 %,,2024-10-31,2031-10-24,1985,1975,1981,,,,,,,dspy_extracted,GECC,2025-05-05,GECC,2025-05-05
Ipsen US Holdings INC.,co_016157855c06,First Lien,Industrials,16.18 %,0.00 %,SOFR,3.27 %,,2024-08-14,2029-07-31,5260,5088,5052,,,,,,,dspy_extracted,GECC,2025-05-05,GECC,2025-05-05
Lummus Technology Holdings,co_f48e428ebed1,Unsecured Debt,Chemicals & Materials,9.00 %,,Fixed,,,2022-05-17,2028-07-01,1500,1290,1491,,,,,,,dspy_extracted,GECC,2025-05-05,GECC,2025-05-05
Lyons Magnus Inc.,co_66a8bf110c2f,First Lien,Food & Beverage,10.54 %,,SOFR,6.25 %,,2025-02-25,2027-05-31,2248,2152,2090,,,,,,,dspy_extracted,GECC,2025-05-05,GECC,2025-05-05
Mad Engine Global LLC,co_82f34b67b45f,First Lien,Consumer & Retail,11.56 %,,SOFR,7.00 %,,2021-06-30,2027-07-15,5671,5161,4919,,,,,,,dspy_extracted,GECC,2025-05-05,GECC,2025-05-05
Main Street Sports Group LLC,co_cffa55edc795,First Lien,Media & Entertainment,15.00 %,,Fixed,,,2025-02-06,2028-01-03,104,96,94,,,,,,,dspy_extracted,GECC,2025-05-05,GECC,2025-05-05
Manchester Acquisition Sub LLC,co_19782064e0cc,First Lien,Chemicals & Materials,10.22 %,,SOFR,5.90 %,,2023-09-26,2026-11-01,6787,6436,6368,,,,,,,dspy_extracted,GECC,2025-05-05,GECC,2025-05-05
Maverick Gaming LLC,co_28f75db82886,First Lien,Media & Entertainment,3.31 %,8.50 %,SOFR,0.00 %,,2024-04-03,2028-06-03,5741,6353,3909,,,,,,,dspy_extracted,GECC,2025-05-05,GECC,2025-05-05
Maverick Gaming LLC,co_28f75db82886,First Lien,Media & Entertainment,11.81 %,,SOFR,7.50 %,,2024-04-03,2028-06-03,1476,1476,1476,,,,,,,dspy_extracted,GECC,2025-05-05,GECC,2025-05-05
NGC CLO 2 Ltd.,co_d976ec69d41c,Other,Financial Services,,,N/A,,,2025-03-07,,7410,6190,6190,,,,,,,dspy_extracted|principal_scaled_down_1000x,GECC,2025-05-05,GECC,2025-05-05
Nice-Pak Products Inc.,co_ac77d9d1a179,Other Debt,Consumer & Retail,10.06 %,6.00 %,SOFR,5.76 %,,2022-09-30,2027-09-30,9339,9196,9667,,,,,,,dspy_extracted,GECC,2025-05-05,GECC,2025-05-05
Nice-Pak Products Inc.,co_ac77d9d1a179,Other,Consumer & Retail,,,N/A,,,2022-09-30,,1448.864,,1449,,,,,,,dspy_extracted|principal_scaled_down_1000x,GECC,2025-05-05,GECC,2025-05-05
Nice-Pak Products Inc.,co_ac77d9d1a179,Warrants,Consumer & Retail,,,N/A,,,2022-09-30,,880909,,3048,2.56,,,,,,dspy_extracted|fair_value_suspicious_vs_size,GECC,2025-05-05,GECC,2025-05-05
Northeast Grocery Inc.,co_9b0725b6236f,First Lien,Food & Beverage,11.82 %,,SOFR,7.50 %,,2024-08-08,2028-12-13,2620,2650,2641,,,,,,,dspy_extracted,GECC,2025-05-05,GECC,2025-05-05
New Wilkie Energy Pty Ltd.,co_94d6ef1f3b62,First Lien,Chemicals & Materials,,,N/A,,,2025-02-20,2027-02-20,1268,1223,1268,,,,,,,dspy_extracted,GECC,2025-05-05,GECC,2025-05-05
New Wilkie Energy Pty Ltd.,co_94d6ef1f3b62,First Lien,Chemicals & Materials,,,N/A,,,2025-02-20,2027-02-20,126,121,126,,,,,,,dspy_extracted,GECC,2025-05-05,GECC,2025-05-05
New Wilkie Energy Pty Ltd.,co_94d6ef1f3b62,Second Lien,Chemicals & Materials,,,N/A,,,2025-02-20,,4153,4973,1369,,,,,,,dspy_extracted,GECC,2025-05-05,GECC,2025-05-05
PFS Holdings Corp.,co_53aae39dd10e,Common Equity,Food & Beverage,,,N/A,,,2020-11-13,,5238,12378,,5.05,,,,,,dspy_extracted,GECC,2025-05-05,GECC,2025-05-05
PowerStop LLC,co_1f357e6106d5,First Lien,Automotive,9.17 %,,SOFR,4.75 %,,2024-02-09,2029-01-26,2313,2150,2132,,,,,,,dspy_extracted,GECC,2025-05-05,GECC,2025-05-05
ProFrac Holdings II LLC,co_b0bc18c68ff8,First Lien,Energy,,,SOFR,7.51 %,,2023-12-27,2029-01-23,6150,6100,6317,,,,,,,dspy_extracted,GECC,2025-05-05,GECC,2025-05-05
Ruby Tuesday Operations LLC,co_1f7d49afa371,Warrants,Food & Beverage,,,N/A,,,2021-02-24,,311697,,443,2.81,,,,,,dspy_extracted|fair_value_suspicious_vs_size,GECC,2025-05-05,GECC,2025-05-05
Ruby Tuesday Operations LLC,co_1f7d49afa371,First Lien,Food & Beverage,3.19 %,17.25 %,SOFR,0.00 %,,2023-01-31,2027-02-24,780,780,776,,,,,,,dspy_extracted,GECC,2025-05-05,GECC,2025-05-05
Ruby Tuesday Operations LLC,co_1f7d49afa371,First Lien,Food & Beverage,10.44 %,6.00 %,SOFR,6.11 %,,2024-09-03,2027-02-24,2697,2676,2639,,,,,,,dspy_extracted,GECC,2025-05-05,GECC,2025-05-05
SIRVA Worldwide Inc.,co_d65f2d59da22,First Lien,Business Services,,,SOFR,8.00 %,,2025-02-06,2029-02-20,700,693,686,,,,,,,dspy_extracted,GECC,2025-05-05,GECC,2025-05-05
SIRVA Worldwide Inc.,co_d65f2d59da22,Delayed Draw,Business Services,,,SOFR,8.00 %,,2025-02-19,2029-02-20,80,78,77,,,,,,,dspy_extracted,GECC,2025-05-05,GECC,2025-05-05
Spencer Spirit IH LLC,co_7a56dbd269b6,First Lien,Consumer & Retail,,,SOFR,4.75 %,,2024-06-25,2031-07-15,896,889,901,,,,,,,dspy_extracted,GECC,2025-05-05,GECC,2025-05-05
Stone Ridge Opportunities Fund LP.,co_df6461654829,Other,Insurance,,,N/A,,,2023-01-01,,2379875,2384,3735,,,,,,,dspy_extracted|fair_value_suspicious_vs_size,GECC,2025-05-05,GECC,2025-05-05
Thryv Inc.,co_c152595e00c6,First Lien,Business Services,,,SOFR,6.75 %,,2024-04-30,2029-05-01,1395,1383,1409,,,,,,,dspy_extracted,GECC,2025-05-05,GECC,2025-05-05
TPC Group Inc.,co_988714c3dd3d,First Lien,Chemicals & Materials,,,SOFR,5.75 %,,2024-11-22,2031-11-22,950,936,929,,,,,,,dspy_extracted,GECC,2025-05-05,GECC,2025-05-05
Trouvaille Re Ltd.,co_76cecb8c8020,Preferred Equity,Insurance,,,N/A,,,2024-03-27,,100,5000,7004,,,,,,,dspy_extracted,GECC,2025-05-05,GECC,2025-05-05
TRU Taj Trust,co_e9f013e18a36,Common Equity,Consumer & Retail,,,N/A,,,2017-07-21,,16000,611,72,2.75,,,,,,dspy_extracted|fair_value_suspicious_vs_size,GECC,2025-05-05,GECC,2025-05-05
TruGreen LP,co_2094298d8fe3,First Lien,Consumer & Retail,,,SOFR,4.10 %,,2024-05-14,2027-11-02,1781,1716,1673,,,,,,,dspy_extracted,GECC,2025-05-05,GECC,2025-05-05
TruGreen LP,co_2094298d8fe3,Second Lien,Consumer & Retail,,,SOFR,8.76 %,,2024-05-14,2028-11-02,900,721,789,,,,,,,dspy_extracted,GECC,2025-05-05,GECC,2025-05-05
Universal Fiber Systems,co_17de53ba34fb,First Lien,Chemicals & Materials,8.44 %,8.00 %,SOFR,4.11 %,,2024-10-16,2028-09-30,5561,5553,5483,,,,,,,dspy_extracted,GECC,2025-05-05,GECC,2025-05-05
Universal Fiber Systems,co_17de53ba34fb,Common Equity,Chemicals & Materials,,,N/A,,,2024-10-16,,41687,6809,6385,5.44,,,,,,dspy_extracted,GECC,2025-05-05,GECC,2025-05-05
Universal Fiber Systems,co_17de53ba34fb,Common Equity,Chemicals & Materials,,,N/A,,,2024-10-16,,371,,3,,,,,,,dspy_extracted,GECC,2025-05-05,GECC,2025-05-05
Universal Fiber Systems,co_17de53ba34fb,Common Equity,Chemicals & Materials,,,N/A,,,2024-10-16,,976,,,2.37,,,,,,dspy_extracted,GECC,2025-05-05,GECC,2025-05-05
Victra Holdings LLC,co_8a6ba8ec0890,First Lien,Consumer & Retail,,,SOFR,4.25 %,,2024-09-10,2029-03-31,1195,1196,1190,,,,,,,dspy_extracted,GECC,2025-05-05,GECC,2025-05-05
Vi-Jon,co_a4f69355e0dd,First Lien,Consumer & Retail,12.55 %,2.00 %,SOFR,8.26 %,,2024-10-29,2028-12-28,2943,2876,2904,,,,,,,dspy_extracted,GECC,2025-05-05,GECC,2025-05-05
Vi-Jon,co_a4f69355e0dd,First Lien,Consumer & Retail,12.55 %,2.00 %,SOFR,8.26 %,,2023-12-28,2028-12-28,8723,8517,8607,,,,,,,dspy_extracted,GECC,2025-05-05,GECC,2025-05-05
W&T Offshore Inc.,co_2f9481e6cc6e,Second Lien,Energy,10.75 %,,Fixed,,,2025-01-14,2029-02-02,5050,5048,4884,,,,,,,dspy_extracted,GECC,2025-05-05,GECC,2025-05-05
"Coreweave Compute Acquisition Co. IV, LLC",co_a61906a17a1b,First Lien,Software & Technology,10.53 %,,SOFR,6.00 %,,2024-05-29,2030-05-16,5058,,5058,,4985,,,,,dspy_extracted,GECC,2025-05-05,GECC,2025-05-05
EagleView Technology Corp.,co_5746bd093a65,First Lien,Software & Technology,8.09 %,,SOFR,3.76 %,,2024-10-21,2025-08-14,4737,,4472,,4504,,,,,dspy_extracted,GECC,2025-05-05,GECC,2025-05-05
"Elevate Textiles, Inc.",co_2e1b4849e0fe,First Lien,Consumer & Retail,5.74 %,5.50 %,SOFR,6.65 %,,2024-11-07,2027-09-30,1642,,1285,,1265,,,,,dspy_extracted,GECC,2025-05-05,GECC,2025-05-05
Form Technologies LLC,co_363a7a91702f,First Lien,Industrials,9.36 %,,SOFR,4.85 %,,2024-01-25,2025-07-22,3228,3167,3223,,,,,,,dspy_extracted,GECC,2025-05-05,GECC,2025-05-05
FPL Food LLC,co_7b388909fe7d,First Lien,Food & Beverage,11.50 %,,Prime,3.25 %,,2024-10-02,2027-02-13,2500,2500,2512,,,,,,,dspy_extracted,GECC,2025-05-05,GECC,2025-05-05
New Wilkie Energy,co_81be50868181,Other Debt,Chemicals & Materials,15.00 %,,Fixed,,,2024-06-03,2027-02-18,144,144,144,,,,,,,dspy_extracted,GECC,2025-05-05,GECC,2025-05-05
New Wilkie Energy,co_81be50868181,Other Debt,Chemicals & Materials,16.00 %,,Fixed,,,2024-02-16,2027-02-18,1202,1202,1202,,,,,,,dspy_extracted,GECC,2025-05-05,GECC,2025-05-05
New Wilkie Energy,co_81be50868181,First Lien,Chemicals & Materials,,,N/A,,,2023-04-03,2026-04-06,4935,4821,1322,,,,,,,dspy_extracted,GECC,2025-05-05,GECC,2025-05-05
New Wilkie Energy,co_81be50868181,Warrants,Chemicals & Materials,,,N/A,,,2023-04-06,,1078899,-,-,,,,,,,dspy_extracted,GECC,2025-05-05,GECC,2025-05-05
PFS Holdings Corp.,co_53aae39dd10e,Common Equity,Food & Beverage,,,N/A,,,2020-11-13,,5238,12379,-,5.05,,,,,,dspy_extracted,GECC,2025-05-05,GECC,2025-05-05
Runner Buyer Inc.,co_80c456057e4a,First Lien,Consumer & Retail,10.11 %,,SOFR,5.61 %,,2024-11-07,2028-10-23,1995,977,921,,,,,,,dspy_extracted,GECC,2025-05-05,GECC,2025-05-05
"Thryv, Inc.",co_c152595e00c6,First Lien,Media & Entertainment,11.11 %,,SOFR,6.75 %,,2024-04-30,2029-05-01,1395,1382,1416,,,,,,,dspy_extracted,GECC,2025-05-05,GECC,2025-05-05
Universal Fiber Systems,co_17de53ba34fb,Common Equity,Chemicals & Materials,,,N/A,,,2024-10-16,,371,-,8,*,,,,,,dspy_extracted,GECC,2025-05-05,GECC,2025-05-05
Universal Fiber Systems,co_17de53ba34fb,Common Equity,Chemicals & Materials,,,N/A,,,2024-10-16,,976,-,-,2.37,,,,,,dspy_extracted,GECC,2025-05-05,GECC,2025-05-05
Victra,co_0c06385124fc,First Lien,Consumer & Retail,9.61 %,,SOFR,5.25 %,,2024-09-10,2029-03-31,1210,1211,1224,,,,,,,dspy_extracted,GECC,2025-05-05,GECC,2025-05-05
"W&T Offshore, Inc.",co_2f9481e6cc6e,Second Lien,Energy,11.75 %,,Fixed,,,2023-01-12,2026-02-01,4816,4816,4857,,,,,,,dspy_extracted,GECC,2025-05-05,GECC,2025-05-05
PFS Holdings Corp.,co_53aae39dd10e,Common Equity,,,,N/A,,,,,,,-,,,,,,,dspy_extracted,GECC,2025-05-05,GECC,2025-05-05
Great Elm Specialty Finance LLC,co_274440f466a4,Subordinated Debt,Financial Services,,,N/A,,,,,,,29733,,,,,,,dspy_extracted,GECC,2025-05-05,GECC,2025-05-05
Great Elm Specialty Finance LLC,co_274440f466a4,Other Equity,Financial Services,,,N/A,,,,,,,13045,,,,,,,dspy_extracted,GECC,2025-05-05,GECC,2025-05-05
Apex Credit CLO 2024-I Ltd.,co_c98a323f44a8,Subordinated Debt,,,,,,,2024-04-24,2036-04-20,14957,10486,11221,,,,,,,dspy_extracted,GECC,2025-05-05,GECC,2025-05-05
Apex Credit CLO 2024-II Ltd.,co_c98a323f44a8,Subordinated Debt,,,,,,,2024-07-02,2037-07-25,34550,28953,28719,,,,,,,dspy_extracted,GECC,2025-05-05,GECC,2025-05-05
Apex Credit CLO 2024-III Ltd.,co_c98a323f44a8,Other,,,,,,,2024-11-01,2026-05-23,22800,22800,23273,,,,,,,dspy_extracted,GECC,2025-05-05,GECC,2025-05-05
Advancion,co_cecc5e9a9fd0,Second Lien,Chemicals & Materials,12.18 %,,SOFR,7.75 %,,2022-09-21,2028-11-24,1625,,1520,,1541,,,,,dspy_extracted,GECC,2025-08-04,GECC,2025-08-04
American Coastal Insurance Corp.,co_aa016be18373,Unsecured Debt,Insurance,7.25 %,,Fixed,,,2022-12-20,2027-12-15,13000,,12594,,8701,,,,,dspy_extracted,GECC,2025-08-04,GECC,2025-08-04
Auction.com,co_62fa282697bc,First Lien,Financial Services,10.25 %,,SOFR,6.00 %,,2024-09-09,2028-05-26,3173,,2934,,3045,,,,,dspy_extracted,GECC,2025-08-04,GECC,2025-08-04
Avation Capital SA,co_b220e73a9086,Second Lien,Aircraft,8.25 %,,Fixed,,,2022-02-04,2026-10-31,4671,,4543,,4444,,,,,dspy_extracted,GECC,2025-08-04,GECC,2025-08-04
Blackstone Secured Lending Fund,co_32e454a9dde3,Common Equity,Closed-End Fund,,,N/A,,,2024-09-25,,6000,,185,*,182,,,,,cost_suspicious_vs_size|dspy_extracted|fair_value_suspicious_vs_size,GECC,2025-08-04,GECC,2025-08-04
"Blue Ribbon, LLC",co_c4f2f6705335,First Lien,Food & Beverage,8.26 %,4.00 %,SOFR,8.00 %,,2025-01-16,2028-05-08,246,,246,,240,,,,,dspy_extracted,GECC,2025-08-04,GECC,2025-08-04
"Brightline East, LLC",co_b69833f6aa3d,First Lien,Transportation & Logistics,11.00 %,,Fixed,,,2025-03-10,2030-01-31,1850,,1369,,1460,,,,,dspy_extracted,GECC,2025-08-04,GECC,2025-08-04
Confluence Technologies,co_bc5e84984f1e,First Lien,Software & Technology,8.20 %,,SOFR,3.75 %,,2025-03-04,2028-07-31,1101,,946,,989,,,,,dspy_extracted,GECC,2025-08-04,GECC,2025-08-04
Conuma Resources Ltd.,co_799947f29638,First Lien,Chemicals & Materials,13.13 %,,Fixed,,,2025-04-15,2028-05-01,1400,,1416,,1367,,,,,dspy_extracted,GECC,2025-08-04,GECC,2025-08-04
Conuma Resources Ltd.,co_799947f29638,First Lien,Chemicals & Materials,13.13 %,,Fixed,,,2024-08-08,2028-05-01,4245,,4049,,4331,,,,,dspy_extracted,GECC,2025-08-04,GECC,2025-08-04
"Coreweave Compute Acquisition Co. II, LLC",co_0978cc636b37,First Lien,Software & Technology,13.92 %,,SOFR,9.62 %,,2023-08-21,2028-07-31,13563,,13901,,13503,,,,,dspy_extracted,GECC,2025-08-04,GECC,2025-08-04
"Coreweave Compute Acquisition Co. IV, LLC",co_a61906a17a1b,First Lien,Software & Technology,10.29 %,,SOFR,6.00 %,,2024-05-29,2030-05-16,3259,,3324,,3215,,,,,dspy_extracted,GECC,2025-08-04,GECC,2025-08-04
CSC ServiceWorks,co_2ad1ba580535,First Lien,Consumer & Retail,8.58 %,,SOFR,4.00 %,,2023-09-26,2028-03-04,4926,,4310,,4348,,,,,dspy_extracted,GECC,2025-08-04,GECC,2025-08-04
CW Opportunity 2 LP,co_ddb092eb1049,Partnership Interest,Software & Technology,,,N/A,,,2024-05-14,,6000000,,19900,,6000,,,,,cost_suspicious_vs_size|dspy_extracted|fair_value_suspicious_vs_size,GECC,2025-08-04,GECC,2025-08-04
Del Monte Foods Corp.,co_a74139629788,First Lien,Food & Beverage,12.47 %,3.00 %,SOFR,11.00 %,,2024-10-16,2028-08-02,5454,,4895,,5403,,,,,dspy_extracted,GECC,2025-08-04,GECC,2025-08-04
Del Monte Foods Corp.,co_a74139629788,First Lien,Food & Beverage,12.41 %,3.00 %,SOFR,11.00 %,,2025-04-17,2028-08-02,707,,634,,681,,,,,dspy_extracted,GECC,2025-08-04,GECC,2025-08-04
"Dynata, LLC",co_388e12c6a10a,Common Equity,Media & Entertainment,,,N/A,,,2024-07-15,,100000,,2222,1.00,11230,,,,,dspy_extracted|fair_value_suspicious_vs_size,GECC,2025-08-04,GECC,2025-08-04
"Dynata, LLC",co_388e12c6a10a,Warrants,Media & Entertainment,,,N/A,,,2024-07-15,,45714,,-,3.20,-,,,,,dspy_extracted,GECC,2025-08-04,GECC,2025-08-04
"Dynata, LLC",co_388e12c6a10a,First Lien,Media & Entertainment,10.09 %,,SOFR,5.50 %,,2024-07-15,2028-10-15,4744,,4173,,4744,,,,,dspy_extracted,GECC,2025-08-04,GECC,2025-08-04
EagleView Technology Corp.,co_5746bd093a65,First Lien,Software & Technology,9.80 %,1.00 %,SOFR,6.50 %,,2025-03-27,2028-08-14,6199,,6021,,6037,,,,,dspy_extracted,GECC,2025-08-04,GECC,2025-08-04
"Elevate Textiles, Inc.",co_2e1b4849e0fe,First Lien,Consumer & Retail,5.45 %,5.50 %,SOFR,6.50 %,,2024-11-07,2027-09-30,2504,,2103,,2044,,,,,dspy_extracted,GECC,2025-08-04,GECC,2025-08-04
"First Brands, Inc.",co_53cb28c1a725,First Lien,Automotive,9.54 %,,SOFR,5.00 %,,2023-06-09,2027-03-30,7544,,7114,,7474,,,,,dspy_extracted,GECC,2025-08-04,GECC,2025-08-04
"First Brands, Inc.",co_53cb28c1a725,Second Lien,Automotive,13.04 %,,SOFR,8.50 %,,2021-03-24,2028-03-30,16200,,14498,,15774,,,,,dspy_extracted,GECC,2025-08-04,GECC,2025-08-04
"First Brands, Inc.",co_53cb28c1a725,First Lien,Automotive,9.54 %,,SOFR,5.00 %,,2024-03-08,2027-03-30,1773,,1669,,1765,,,,,dspy_extracted,GECC,2025-08-04,GECC,2025-08-04
"Flexsys Cayman Holdings, LP",co_332413d9baf8,First Lien,Chemicals & Materials,9.69 %,,SOFR,5.25 %,,2025-05-28,2029-08-01,5992,,3034,,5052,,,,,dspy_extracted,GECC,2025-08-04,GECC,2025-08-04
Flexsys Cayman Holdings LP,co_332413d9baf8,First Lien,Chemicals & Materials,10.58%,,SOFR,6.25%,,2025-05-23,2029-08-01,1820,,1711,,1784,,,,,dspy_extracted,GECC,2025-08-04,GECC,2025-08-04
Foresight Energy,co_780e4635a312,First Lien,Chemicals & Materials,12.40%,,SOFR,8.00%,,2021-07-29,2027-06-30,5859,,5534,,5877,,,,,dspy_extracted,GECC,2025-08-04,GECC,2025-08-04
Form Technologies LLC,co_363a7a91702f,First Lien,Industrials,10.02%,,SOFR,5.75%,,2024-11-01,2030-07-19,4750,,4483,,4661,,,,,dspy_extracted,GECC,2025-08-04,GECC,2025-08-04
FPL Food LLC,co_7b388909fe7d,First Lien,Food & Beverage,11.50%,,Prime,3.25%,,2024-10-02,2027-02-13,4000,,4000,,4000,,,,,dspy_extracted,GECC,2025-08-04,GECC,2025-08-04
FS KKR CAPITAL Corp.,co_4ee1e711995c,Common Equity,Automotive,,,N/A,,,2024-05-09,,,,2801,,2742,,,,,dspy_extracted,GECC,2025-08-04,GECC,2025-08-04
Graftech,co_65a8bc176b7e,Second Lien,Industrials,9.88%,,Fixed,,,2025-04-25,2029-12-23,900,,708,,650,,,,,dspy_extracted,GECC,2025-08-04,GECC,2025-08-04
Great Elm Specialty Finance LLC,co_274440f466a4,Common Equity,Financial Services,,,N/A,,,2023-09-01,,,,12426,87.50,17000,,,,,dspy_extracted,GECC,2025-08-04,GECC,2025-08-04
Great Elm Specialty Finance LLC,co_274440f466a4,Subordinated Debt,Financial Services,13.00%,,Fixed,,,2023-09-01,2026-06-30,23925,,23925,,23925,,,,,dspy_extracted,GECC,2025-08-04,GECC,2025-08-04
Greenfire Resources Ltd.,co_aa54a5e0036e,First Lien,Energy,12.00%,,Fixed,,,2023-09-13,2028-10-01,4178,,4400,,4118,,,,,dspy_extracted,GECC,2025-08-04,GECC,2025-08-04
Inmar Inc.,co_7f02d1f954a4,First Lien,Business Services,8.80%,,SOFR,4.50%,,2024-10-31,2031-10-30,1980,,1992,,1970,,,,,dspy_extracted,GECC,2025-08-04,GECC,2025-08-04
Ipsen US Holdings Inc.,co_016157855c06,First Lien,Industrials,7.61%,8.54%,SOFR,11.82%,,2024-08-14,2029-07-31,5362,,5068,,5198,,,,,dspy_extracted,GECC,2025-08-04,GECC,2025-08-04
Mad Engine Global LLC,co_82f34b67b45f,First Lien,Consumer & Retail,11.56%,,SOFR,7.00%,,2021-06-30,2027-07-15,5632,,4862,,5170,,,,,dspy_extracted,GECC,2025-08-04,GECC,2025-08-04
Main Street Sports Group LLC,co_cffa55edc795,First Lien,Media & Entertainment,15.00%,,Fixed,,,2025-02-06,2028-01-03,108,,97,,100,,,,,dspy_extracted,GECC,2025-08-04,GECC,2025-08-04
Manchester Acquisition Sub LLC,co_19782064e0cc,First Lien,Chemicals & Materials,10.22%,,SOFR,5.75%,,2023-09-26,2026-12-01,6648,,6308,,6350,,,,,dspy_extracted,GECC,2025-08-04,GECC,2025-08-04
Maverick Gaming LLC,co_28f75db82886,First Lien,Media & Entertainment,,,,,,2024-04-03,2028-06-03,5741,,2410,,6353,,,,,dspy_extracted,GECC,2025-08-04,GECC,2025-08-04
Maverick Gaming LLC,co_28f75db82886,First Lien,Media & Entertainment,,,,,,2024-04-03,2028-06-03,1476,,1476,,1476,,,,,dspy_extracted,GECC,2025-08-04,GECC,2025-08-04
New Wilkie Energy Pty Ltd.,co_94d6ef1f3b62,First Lien,Chemicals & Materials,,,,,,2025-02-20,2027-02-20,1268,,1268,,1229,,,,,dspy_extracted,GECC,2025-08-04,GECC,2025-08-04
New Wilkie Energy Pty Ltd.,co_94d6ef1f3b62,First Lien,Chemicals & Materials,,,,,,2025-02-20,2027-02-20,114,,114,,110,,,,,dspy_extracted,GECC,2025-08-04,GECC,2025-08-04
New Wilkie Energy Pty Ltd.,co_94d6ef1f3b62,Second Lien,Chemicals & Materials,,,,,,2025-02-20,,4153,,1393,,4973,,,,,dspy_extracted,GECC,2025-08-04,GECC,2025-08-04
NGC CLO 2 Ltd.,co_d976ec69d41c,Other,Financial Services,,,N/A,,,2025-03-07,,7410,,6824,,6190,,,,,dspy_extracted,GECC,2025-08-04,GECC,2025-08-04
Nice-Pak Products Inc.,co_ac77d9d1a179,Other Debt,Consumer & Retail,10.06%,6.00%,SOFR,11.50%,,2022-09-30,2027-09-30,10990,,11244,,10889,,,,,dspy_extracted,GECC,2025-08-04,GECC,2025-08-04
Nice-Pak Products Inc.,co_ac77d9d1a179,Other,Consumer & Retail,,,N/A,,,2022-09-30,,1448.864,,1449,,,,,,,dspy_extracted|principal_scaled_down_1000x,GECC,2025-08-04,GECC,2025-08-04
Nice-Pak Products Inc.,co_ac77d9d1a179,Warrants,Consumer & Retail,,,N/A,,,2022-09-30,,880909,,3173,2.56,,,,,,dspy_extracted|fair_value_suspicious_vs_size,GECC,2025-08-04,GECC,2025-08-04
Northeast Grocery Inc.,co_9b0725b6236f,First Lien,Food & Beverage,11.82%,,SOFR,7.50%,,2024-08-08,2028-12-13,2568,,2588,,2595,,,,,dspy_extracted,GECC,2025-08-04,GECC,2025-08-04
PowerStop LLC,co_1f357e6106d5,First Lien,Automotive,9.13%,,SOFR,4.75%,,2024-02-09,2029-01-26,2307,,1723,,2153,,,,,dspy_extracted,GECC,2025-08-04,GECC,2025-08-04
ProFrac Holdings II LLC,co_b0bc18c68ff8,First Lien,Energy,11.81%,,SOFR,7.25%,,2023-12-27,2029-01-23,5956,,6128,,5910,,,,,dspy_extracted,GECC,2025-08-04,GECC,2025-08-04
Ruby Tuesday Operations LLC,co_1f7d49afa371,First Lien,Food & Beverage,10.44%,6.00%,SOFR,12.00%,,2024-09-03,2027-02-24,2674,,2607,,2656,,,,,dspy_extracted,GECC,2025-08-04,GECC,2025-08-04
Ruby Tuesday Operations LLC,co_1f7d49afa371,First Lien,Food & Beverage,0.00 %,20.44 %,SOFR,16.00 %,,2023-01-31,2027-02-24,821,821,812,,821,,,,,dspy_extracted,GECC,2025-08-04,GECC,2025-08-04
Ruby Tuesday Operations LLC,co_1f7d49afa371,Warrants,Food & Beverage,,,N/A,,,2021-02-24,,311697,,395,2.81	%,-,,,,,dspy_extracted,GECC,2025-08-04,GECC,2025-08-04
SIRVA Worldwide Inc.,co_d65f2d59da22,First Lien,Business Services,12.32 %,,SOFR,8.00 %,,2025-02-06,2029-02-20,700,693,676,,700,,,,,dspy_extracted,GECC,2025-08-04,GECC,2025-08-04
SIRVA Worldwide Inc.,co_d65f2d59da22,Delayed Draw,Business Services,12.32 %,,SOFR,8.00 %,,2025-02-19,2029-02-20,80,78,76,,80,,,,,dspy_extracted,GECC,2025-08-04,GECC,2025-08-04
Stone Ridge Opportunities Fund LP.,co_df6461654829,Other,Insurance,,,N/A,,,2023-01-01,,2379875,2388,3942,,2379875,,,,,dspy_extracted|fair_value_suspicious_vs_size,GECC,2025-08-04,GECC,2025-08-04
"Thryv, Inc.",co_c152595e00c6,First Lien,Media & Entertainment,11.08 %,,SOFR,6.75 %,,2024-04-30,2029-05-01,1260,1250,1261,,1260,,,,,dspy_extracted,GECC,2025-08-04,GECC,2025-08-04
TPC Group Inc.,co_988714c3dd3d,First Lien,Chemicals & Materials,9.95 %,,SOFR,5.75 %,,2024-11-22,2031-12-16,948,934,912,,948,,,,,dspy_extracted,GECC,2025-08-04,GECC,2025-08-04
Trouvaille Re Ltd.,co_76cecb8c8020,Preferred Equity,Insurance,,,N/A,,,2024-03-27,,100,5000,5450,,100,,,,,dspy_extracted,GECC,2025-08-04,GECC,2025-08-04
TRU Taj Trust,co_e9f013e18a36,Common Equity,Consumer & Retail,,,N/A,,,2017-07-21,,16000,611,72,2.75	%,16000,,,,,dspy_extracted|fair_value_suspicious_vs_size,GECC,2025-08-04,GECC,2025-08-04
TruGreen LP,co_2094298d8fe3,First Lien,Consumer & Retail,8.43 %,,SOFR,4.00 %,,2024-05-14,2027-11-02,1777,1717,1682,,1777,,,,,dspy_extracted,GECC,2025-08-04,GECC,2025-08-04
TruGreen LP,co_2094298d8fe3,Second Lien,Consumer & Retail,13.04 %,,SOFR,8.50 %,,2024-05-14,2028-11-02,900,730,780,,900,,,,,dspy_extracted,GECC,2025-08-04,GECC,2025-08-04
Universal Fiber Systems,co_17de53ba34fb,First Lien,Chemicals & Materials,8.44 %,8.00 %,SOFR,12.00 %,,2024-10-16,2028-09-30,5674,5666,5629,,5674,,,,,dspy_extracted,GECC,2025-08-04,GECC,2025-08-04
Universal Fiber Systems,co_17de53ba34fb,Common Equity,Chemicals & Materials,,,N/A,,,2024-10-16,,41687,6809,6366,5.44	%,41687,,,,,dspy_extracted,GECC,2025-08-04,GECC,2025-08-04
Universal Fiber Systems,co_17de53ba34fb,Common Equity,Chemicals & Materials,,,N/A,,,2024-10-16,,371,-,3,*	,-,,,,,dspy_extracted,GECC,2025-08-04,GECC,2025-08-04
Universal Fiber Systems,co_17de53ba34fb,Common Equity,Chemicals & Materials,,,N/A,,,2024-10-16,,976,-,-,2.37	%,-,,,,,dspy_extracted,GECC,2025-08-04,GECC,2025-08-04
"Vantage Specialty Chemicals, Inc.",co_7a3d59fdd9e8,First Lien,Chemicals & Materials,9.03 %,,SOFR,4.75 %,,2025-05-29,2026-10-26,1511,1451,1457,,1511,,,,,dspy_extracted,GECC,2025-08-04,GECC,2025-08-04
Vi-Jon,co_a4f69355e0dd,First Lien,Consumer & Retail,12.54 %,2.00 %,SOFR,10.00 %,,2024-10-29,2028-12-28,2939,2876,2890,,2939,,,,,dspy_extracted,GECC,2025-08-04,GECC,2025-08-04
Vi-Jon,co_a4f69355e0dd,First Lien,Consumer & Retail,12.54 %,2.00 %,SOFR,10.00 %,,2023-12-28,2028-12-28,8710,8516,8565,,8710,,,,,dspy_extracted,GECC,2025-08-04,GECC,2025-08-04
"Walor North America, Inc.",co_aab35c52dbfd,First Lien,Industrials,10.07 %,,SOFR,5.75 %,,2025-06-17,2028-06-17,1500,1500,1500,,1500,,,,,dspy_extracted,GECC,2025-08-04,GECC,2025-08-04
"W&T Offshore, Inc.",co_2f9481e6cc6e,Second Lien,Energy,10.75 %,,Fixed,,,2025-01-14,2029-02-02,6450,6131,5670,,6450,,,,,dspy_extracted,GECC,2025-08-04,GECC,2025-08-04
Blue Ribbon LLC,co_c4f2f6705335,First Lien,Food & Beverage,,,SOFR,6.26 %,,2024-09-05,2028-05-07,493,351,330,,,,,,,dspy_extracted,GECC,2025-08-04,GECC,2025-08-04
Coreweave Compute Acquisition Co. II LLC,co_0978cc636b37,First Lien,Software & Technology,,,SOFR,9.62 %,,2023-08-21,2028-07-31,12780,12653,13035,,,,,,,dspy_extracted,GECC,2025-08-04,GECC,2025-08-04
Coreweave Compute Acquisition Co. IV LLC,co_a61906a17a1b,First Lien,Software & Technology,,,SOFR,6.00 %,,2024-05-29,2030-05-16,5058,4985,5058,,,,,,,dspy_extracted,GECC,2025-08-04,GECC,2025-08-04
CW Opportunity 2 LP,co_ddb092eb1049,Other,Software & Technology,,,N/A,,,2024-05-14,,6000,6000,7246,,,,,,,dspy_extracted|principal_scaled_down_1000x,GECC,2025-08-04,GECC,2025-08-04
Dynata LLC,co_388e12c6a10a,First Lien,Media & Entertainment,,,SOFR,5.26 %,,2024-07-15,2028-07-15,793,783,793,,,,,,,dspy_extracted,GECC,2025-08-04,GECC,2025-08-04
Dynata LLC,co_388e12c6a10a,First Lien,Media & Entertainment,,,SOFR,5.76 %,,2024-07-15,2028-10-15,4768,4768,4451,,,,,,,dspy_extracted,GECC,2025-08-04,GECC,2025-08-04
Dynata LLC,co_388e12c6a10a,Common Equity,Media & Entertainment,,,N/A,,,2024-07-15,,108405,11525,1753,,,,,,,dspy_extracted|fair_value_suspicious_vs_size,GECC,2025-08-04,GECC,2025-08-04
Dynata LLC,co_388e12c6a10a,Warrants,Media & Entertainment,,,N/A,,,2024-07-15,,45714,,,,,,,,,dspy_extracted,GECC,2025-08-04,GECC,2025-08-04
EagleView Technology Corp.,co_5746bd093a65,First Lien,Software & Technology,,,SOFR,3.76 %,,2024-10-21,2025-08-14,4737,4504,4472,,,,,,,dspy_extracted,GECC,2025-08-04,GECC,2025-08-04
Elevate Textiles Inc.,co_2e1b4849e0fe,First Lien,Consumer & Retail,,5.50 %,SOFR,6.65 %,,2024-11-07,2027-09-30,1642,1265,1285,,,,,,,dspy_extracted,GECC,2025-08-04,GECC,2025-08-04
Fairbanks Morse Defense,co_0ab50a9a685a,First Lien,Aerospace & Defense,,,SOFR,4.50 %,,2024-07-19,2028-06-23,3980,3978,3999,,,,,,,dspy_extracted,GECC,2025-08-04,GECC,2025-08-04
First Brands Inc.,co_53cb28c1a725,First Lien,Transportation & Logistics,,,SOFR,5.26 %,,2023-06-09,2027-03-30,7583,7495,7141,,,,,,,dspy_extracted,GECC,2025-08-04,GECC,2025-08-04
First Brands Inc.,co_53cb28c1a725,First Lien,Transportation & Logistics,,,SOFR,5.26 %,,2024-03-08,2027-03-30,1783,1773,1679,,,,,,,dspy_extracted,GECC,2025-08-04,GECC,2025-08-04
First Brands Inc.,co_53cb28c1a725,Second Lien,Transportation & Logistics,,,SOFR,8.76 %,,2021-03-24,2028-03-30,16200,15715,15122,,,,,,,dspy_extracted,GECC,2025-08-04,GECC,2025-08-04
Flexsys Holdings,co_fdf6c33899b5,First Lien,Chemicals & Materials,,,SOFR,5.51 %,,2022-10-27,2028-11-01,4389,3665,3347,,,,,,,dspy_extracted,GECC,2025-08-04,GECC,2025-08-04
Form Technologies LLC,co_363a7a91702f,First Lien,Industrials,9.36 %,,SOFR,4.85 %,,2024-01-25,2025-07-22,3228,3167,3223,,,,,,,dspy_extracted,GECC,2025-08-04,GECC,2025-08-04
Form Technologies LLC,co_363a7a91702f,First Lien,Industrials,10.08 %,,SOFR,5.75 %,,2024-11-01,2030-04-30,4750,4655,4655,,,,,,,dspy_extracted,GECC,2025-08-04,GECC,2025-08-04
FPL Food LLC,co_7b388909fe7d,First Lien,Food & Beverage,11.50 %,,Prime,3.25 %,,2024-10-02,2027-02-13,2500,2500,2512,,,,,,,dspy_extracted,GECC,2025-08-04,GECC,2025-08-04
Harvey Gulf Holdings LLC,co_673a6df69bc1,Other Debt,Transportation & Logistics,11.39 %,,SOFR,7.03 %,,2024-02-28,2029-01-19,8784,8721,8872,,,,,,,dspy_extracted,GECC,2025-08-04,GECC,2025-08-04
Lummus Technology Holdings,co_f48e428ebed1,Unsecured Debt,Chemicals & Materials,9.00 %,,Fixed,,,2022-05-17,2028-07-01,1500,1278,1519,,,,,,,dspy_extracted,GECC,2025-08-04,GECC,2025-08-04
Manchester Acquisition Sub LLC,co_19782064e0cc,First Lien,Chemicals & Materials,10.37 %,,SOFR,5.90 %,,2023-09-26,2026-11-01,6927,6522,6524,,,,,,,dspy_extracted,GECC,2025-08-04,GECC,2025-08-04
New Wilkie Energy,co_81be50868181,Other,Chemicals & Materials,15.00 %,,Fixed,,,2024-06-03,2027-02-18,144,144,144,,,,,,,dspy_extracted,GECC,2025-08-04,GECC,2025-08-04
New Wilkie Energy,co_81be50868181,Other,Chemicals & Materials,16.00 %,,Fixed,,,2024-02-16,2027-02-18,1202,1202,1202,,,,,,,dspy_extracted,GECC,2025-08-04,GECC,2025-08-04
New Wilkie Energy,co_81be50868181,First Lien,Chemicals & Materials,,,N/A,,,2023-04-03,2026-04-06,4935,4821,1322,,,,,,,dspy_extracted,GECC,2025-08-04,GECC,2025-08-04
PFS Holdings Corp.,co_53aae39dd10e,Common Equity,Food & Beverage,,,N/A,,,2020-11-13,,,12379,,5.05,,,,,,dspy_extracted,GECC,2025-08-04,GECC,2025-08-04
Runner Buyer Inc.,co_80c456057e4a,First Lien,Consumer & Retail,10.11 %,,SOFR,5.61 %,,2024-11-07,2028-10-23,1995,977,921,,,,,,,dspy_extracted,GECC,2025-08-04,GECC,2025-08-04
Spencer Spirit IH LLC,co_7a56dbd269b6,First Lien,Consumer & Retail,10.02 %,,SOFR,5.50 %,,2024-06-25,2031-07-15,898,891,901,,,,,,,dspy_extracted,GECC,2025-08-04,GECC,2025-08-04
TPC Group Inc.,co_988714c3dd3d,First Lien,Chemicals & Materials,10.11 %,,SOFR,5.75 %,,2024-11-22,2031-11-22,950,936,944,,,,,,,dspy_extracted,GECC,2025-08-04,GECC,2025-08-04
Universal Fiber Systems,co_17de53ba34fb,Common Equity,Chemicals & Materials,,,N/A,,,2024-10-16,,371,-,8,*,,,,,,dspy_extracted,GECC,2025-08-04,GECC,2025-08-04
Victra,co_0c06385124fc,First Lien,Consumer & Retail,9.61 %,,SOFR,5.25 %,,2024-09-10,2029-03-31,1210,1211,1224,,,,,,,dspy_extracted,GECC,2025-08-04,GECC,2025-08-04
"W&T Offshore, Inc.",co_2f9481e6cc6e,Second Lien,Energy,11.75 %,,Fixed,,,2023-01-12,2026-02-01,4816,4816,4857,,,,,,,dspy_extracted,GECC,2025-08-04,GECC,2025-08-04
"Great Elm Specialty Finance, LLC",co_274440f466a4,Subordinated Debt,Financial Services,,,N/A,,,,,,,23925,,,,,,,dspy_extracted,GECC,2025-08-04,GECC,2025-08-04
"Great Elm Specialty Finance, LLC",co_274440f466a4,Other Equity,Financial Services,,,N/A,,,,,,,12426,,,,,,,dspy_extracted,GECC,2025-08-04,GECC,2025-08-04
Apex Credit CLO 2024-I Ltd.,co_c98a323f44a8,Other,,,,,,,2024-04-24,2036-04-20,14957,10241,10805,,,,,,,dspy_extracted,GECC,2025-08-04,GECC,2025-08-04
Apex Credit CLO 2024-II Ltd.,co_c98a323f44a8,Other,,,,,,,2024-07-02,2037-07-25,34550,26650,25410,,,,,,,dspy_extracted,GECC,2025-08-04,GECC,2025-08-04
Apex Credit CLO 12 Ltd.,co_c98a323f44a8,Other,,,,,,,2024-11-01,2026-05-23,32932,30467,29645,,,,,,,dspy_extracted,GECC,2025-08-04,GECC,2025-08-04
Advancion,co_cecc5e9a9fd0,First Lien,Chemicals & Materials,8.26 %,,SOFR,4.00 %,,2025-08-26,2027-11-24,3990,,3872,,3931,,,,,dspy_extracted,GECC,2025-11-04,GECC,2025-11-04
Advancion,co_cecc5e9a9fd0,Second Lien,Chemicals & Materials,12.01 %,,SOFR,7.75 %,,2022-09-21,2028-11-24,1625,,1472,,1546,,,,,dspy_extracted,GECC,2025-11-04,GECC,2025-11-04
American Coastal Insurance Corp.,co_aa016be18373,Unsecured Debt,Insurance,7.25 %,,Fixed,,,2022-12-20,2027-12-15,13000,,13039,,9025,,,,,dspy_extracted,GECC,2025-11-04,GECC,2025-11-04
Auction.com,co_62fa282697bc,First Lien,Financial Services,10.04 %,,SOFR,6.00 %,,2024-09-09,2028-05-26,3164,,2893,,3046,,,,,dspy_extracted,GECC,2025-11-04,GECC,2025-11-04
Avation Capital SA,co_b220e73a9086,Second Lien,Aerospace & Defense,8.25 %,,Fixed,,,2022-02-04,2026-10-31,4671,,4654,,4483,,,,,dspy_extracted,GECC,2025-11-04,GECC,2025-11-04
Blackstone Secured Lending Fund,co_32e454a9dde3,Common Equity,Automotive,,,N/A,,,2024-09-25,,6000,,156,,182,,,,,cost_suspicious_vs_size|dspy_extracted|fair_value_suspicious_vs_size,GECC,2025-11-04,GECC,2025-11-04
"Blue Ribbon, LLC",co_c4f2f6705335,First Lien,Food & Beverage,8.28 %,4.00 %,SOFR,8.00 %,,2025-01-16,2028-05-08,249,,245,,243,,,,,dspy_extracted,GECC,2025-11-04,GECC,2025-11-04
"Brightline East, LLC",co_b69833f6aa3d,First Lien,Transportation & Logistics,11.00 %,,Fixed,,,2025-03-10,2030-01-31,925,,380,,644,,,,,dspy_extracted,GECC,2025-11-04,GECC,2025-11-04
"CMI Marketing, Inc.",co_eb6d5ce26890,First Lien,Media & Entertainment,8.53 %,,SOFR,4.25 %,,2025-09-05,2028-03-23,1895,,1881,,1881,,,,,dspy_extracted,GECC,2025-11-04,GECC,2025-11-04
"Commercial Vehicle Group, Inc.",co_0f169f2e70e9,First Lien,Automotive,14.01 %,,SOFR,9.75 %,,2025-07-31,2030-06-27,4988,,4838,,4841,,,,,dspy_extracted,GECC,2025-11-04,GECC,2025-11-04
"Commercial Vehicle Group, Inc.",co_0f169f2e70e9,Warrants,Automotive,,,N/A,,,2025-07-31,2030-06-25,103.547,,98,,-,,,,,dspy_extracted|principal_scaled_down_1000x,GECC,2025-11-04,GECC,2025-11-04
"Commercial Vehicle Group, Inc.",co_0f169f2e70e9,Warrants,Automotive,,,N/A,,,2025-07-31,2030-06-25,103547,,86,,-,,,,,dspy_extracted,GECC,2025-11-04,GECC,2025-11-04
Confluence Technologies,co_bc5e84984f1e,First Lien,Software & Technology,7.90 %,,SOFR,3.75 %,,2025-03-04,2028-07-31,1098,,901,,994,,,,,dspy_extracted,GECC,2025-11-04,GECC,2025-11-04
Conuma Resources Ltd.,co_799947f29638,First Lien,Chemicals & Materials,13.13 %,,Fixed,,,2024-08-08,2028-05-01,4055,,3614,,4131,,,,,dspy_extracted,GECC,2025-11-04,GECC,2025-11-04
Conuma Resources Ltd.,co_799947f29638,First Lien,Chemicals & Materials,13.13 %,,Fixed,,,2025-04-15,2028-05-01,1400,,1381,,1369,,,,,dspy_extracted,GECC,2025-11-04,GECC,2025-11-04
"Coreweave Compute Acquisition Co. II, LLC",co_0978cc636b37,First Lien,Software & Technology,13.77 %,,SOFR,9.62 %,,2023-08-21,2028-07-31,12688,,13005,,12636,,,,,dspy_extracted,GECC,2025-11-04,GECC,2025-11-04
"Coreweave Compute Acquisition Co. IV, LLC",co_a61906a17a1b,First Lien,Software & Technology,10.23 %,,SOFR,6.00 %,,2024-05-29,2030-05-16,3314,,3380,,3271,,,,,dspy_extracted,GECC,2025-11-04,GECC,2025-11-04
CSC ServiceWorks,co_2ad1ba580535,First Lien,Consumer & Retail,8.39 %,,SOFR,4.00 %,,2023-09-26,2028-03-04,4006,,3340,,3551,,,,,dspy_extracted,GECC,2025-11-04,GECC,2025-11-04
CW Opportunity 2 LP,co_ddb092eb1049,Partnership Interest,Software & Technology,,,N/A,,,2024-05-14,,5002186,,14756,,5002,,,,,cost_suspicious_vs_size|dspy_extracted|fair_value_suspicious_vs_size,GECC,2025-11-04,GECC,2025-11-04
Del Monte Foods Corp.,co_a74139629788,Other Debt,Food & Beverage,0.00 %,13.77 %,SOFR,9.50 %,,2025-07-14,2026-04-02,3945,,3945,,3942,,,,,dspy_extracted,GECC,2025-11-04,GECC,2025-11-04
Del Monte Foods Corp.,co_a74139629788,Other Debt,Food & Beverage,5.27 %,8.50 %,SOFR,9.50 %,,2025-07-14,2026-04-02,2709,,2709,,2631,,,,,dspy_extracted,GECC,2025-11-04,GECC,2025-11-04
Del Monte Foods Corp.,co_a74139629788,First Lien,Food & Beverage,,,N/A,,,2024-10-16,2028-08-02,2040,,1051,,2035,,,,,dspy_extracted,GECC,2025-11-04,GECC,2025-11-04
Del Monte Foods Corp.,co_a74139629788,First Lien,Food & Beverage,,,N/A,,,2025-04-17,2028-08-02,264,,136,,258,,,,,dspy_extracted,GECC,2025-11-04,GECC,2025-11-04
"DTI Holdco, Inc.",co_e0abc0b1b92b,First Lien,Business Services,8.16 %,,SOFR,4.00 %,,2025-09-04,2029-04-26,1895,,1681,,1774,,,,,dspy_extracted,GECC,2025-11-04,GECC,2025-11-04
"Dynata, LLC",co_388e12c6a10a,First Lien,Media & Entertainment,9.96 %,,SOFR,5.50 %,,2024-07-15,2028-10-15,4732,,3853,,4732,,,,,dspy_extracted,GECC,2025-11-04,GECC,2025-11-04
"Dynata, LLC",co_388e12c6a10a,Common Equity,Media & Entertainment,,,N/A,,,2024-07-15,,100000,,1611,1.00,11231,,,,,dspy_extracted|fair_value_suspicious_vs_size,GECC,2025-11-04,GECC,2025-11-04
"Dynata, LLC",co_388e12c6a10a,Warrants,Media & Entertainment,,,N/A,,,2024-07-15,2029-07-15,45714,,-,3.20,-,,,,,dspy_extracted,GECC,2025-11-04,GECC,2025-11-04
EagleView Technology Corp.,co_5746bd093a65,First Lien,Software & Technology,9.50 %,1.00 %,SOFR,6.50 %,,2025-03-27,2028-08-14,6216,,6095,,6065,,,,,dspy_extracted,GECC,2025-11-04,GECC,2025-11-04
"Elevate Textiles, Inc.",co_2e1b4849e0fe,First Lien,Consumer & Retail,5.44 %,5.50 %,SOFR,6.50 %,,2024-11-07,2027-09-30,2533,,2108,,2118,,,,,dspy_extracted,GECC,2025-11-04,GECC,2025-11-04
"First Brands, Inc.",co_53cb28c1a725,First Lien,Transportation & Logistics,,,N/A,,,2023-06-09,2027-03-30,4797,,1688,,4774,,,,,dspy_extracted,GECC,2025-11-04,GECC,2025-11-04
"First Brands, Inc.",co_53cb28c1a725,Second Lien,Transportation & Logistics,,,N/A,,,2021-03-24,2028-03-30,16200,,898,,15807,,,,,dspy_extracted,GECC,2025-11-04,GECC,2025-11-04
"Flexsys Cayman Holdings, LP",co_332413d9baf8,First Lien,Chemicals & Materials,10.45 %,,SOFR,6.25 %,,2025-05-23,2029-08-01,1820,,1548,,1786,,,,,dspy_extracted,GECC,2025-11-04,GECC,2025-11-04
"Flexsys Cayman Holdings, LP",co_332413d9baf8,First Lien,Chemicals & Materials,9.71 %,,SOFR,5.25 %,,2025-05-28,2029-08-01,5992,,1940,,5082,,,,,dspy_extracted,GECC,2025-11-04,GECC,2025-11-04
Foresight Energy,co_780e4635a312,First Lien,Chemicals & Materials,12.10 %,,SOFR,8.00 %,,2021-07-29,2027-06-30,5840,,5565,,5856,,,,,dspy_extracted,GECC,2025-11-04,GECC,2025-11-04
Form Technologies LLC,co_363a7a91702f,First Lien,Industrials,10.08 %,,SOFR,5.75 %,,2024-11-01,2030-07-19,4738,,4150,,4653,,,,,dspy_extracted,GECC,2025-11-04,GECC,2025-11-04
FPL Food LLC,co_7b388909fe7d,First Lien,Food & Beverage,11.50 %,,Prime,3.25 %,,2024-10-02,2027-02-13,4000,,4020,,4000,,,,,dspy_extracted,GECC,2025-11-04,GECC,2025-11-04
FS KKR CAPITAL Corp.,co_4ee1e711995c,Common Equity,Automotive,,,N/A,,,2024-05-09,,250000,,3733,,4445,,,,,cost_suspicious_vs_size|dspy_extracted|fair_value_suspicious_vs_size,GECC,2025-11-04,GECC,2025-11-04
Globoforce Ltd.,co_89dc4714d098,Other,Business Services,0.00 %,,N/A,,,2025-09-25,2026-06-24,6000,,6000,,6000,,,,,dspy_extracted,GECC,2025-11-04,GECC,2025-11-04
Graftech,co_65a8bc176b7e,Second Lien,Industrials,9.88 %,,Fixed,,,2025-04-25,2029-12-23,1470,,1255,,1123,,,,,dspy_extracted,GECC,2025-11-04,GECC,2025-11-04
Great Elm Specialty Finance LLC,co_274440f466a4,Common Equity,Financial Services,,,N/A,,,2023-09-01,,87500,,13370,,17000,,,,,dspy_extracted,GECC,2025-11-04,GECC,2025-11-04
Great Elm Specialty Finance LLC,co_274440f466a4,Subordinated Debt,Financial Services,13.00 %,,Fixed,,,2023-09-01,2026-06-30,25325,,25325,,25325,,,,,dspy_extracted,GECC,2025-11-04,GECC,2025-11-04
Greenfire Resources Ltd.,co_aa54a5e0036e,First Lien,Energy,12.00 %,,Fixed,,,2023-09-13,2028-10-01,4152,,4399,,4096,,,,,dspy_extracted,GECC,2025-11-04,GECC,2025-11-04
Inmar Inc.,co_7f02d1f954a4,First Lien,Consumer & Retail,8.66 %,,SOFR,4.50 %,,2024-10-31,2031-10-30,7187,,7156,,7174,,,,,dspy_extracted,GECC,2025-11-04,GECC,2025-11-04
Ipsen US Holdings Inc.,co_016157855c06,First Lien,Industrials,7.45 %,8.81 %,SOFR,12.09 %,,2024-08-14,2029-07-31,5469,,5186,,5315,,,,,dspy_extracted,GECC,2025-11-04,GECC,2025-11-04
Mad Engine Global LLC,co_82f34b67b45f,First Lien,Consumer & Retail,11.26 %,,SOFR,7.00 %,,2021-06-30,2027-07-15,6487,,5699,,5965,,,,,dspy_extracted,GECC,2025-11-04,GECC,2025-11-04
Main Street Sports Group LLC,co_cffa55edc795,First Lien,Media & Entertainment,15.00 %,,Fixed,,,2025-02-06,2028-01-03,112,,95,,105,,,,,dspy_extracted,GECC,2025-11-04,GECC,2025-11-04
Manchester Acquisition Sub LLC,co_19782064e0cc,First Lien,Chemicals & Materials,10.07%,,SOFR,5.75 %,,2023-09-26,2026-12-01,7487,,7178,,7223,,,,,dspy_extracted,GECC,2025-11-04,GECC,2025-11-04
Maverick Gaming LLC,co_28f75db82886,Other Debt,Media & Entertainment,5.16 %,11.50 %,SOFR,12.50 %,,2025-07-16,2026-04-16,1557,,1556,,1503,,,,,dspy_extracted,GECC,2025-11-04,GECC,2025-11-04
Maverick Gaming LLC,co_28f75db82886,First Lien,Media & Entertainment,16.66 %,,SOFR,12.50 %,,2025-07-31,2026-04-16,907,,907,,876,,,,,dspy_extracted,GECC,2025-11-04,GECC,2025-11-04
Maverick Gaming LLC,co_28f75db82886,First Lien,Media & Entertainment,,,N/A,,,2024-04-03,2028-06-03,5741,,1086,,6353,,,,,dspy_extracted,GECC,2025-11-04,GECC,2025-11-04
New Wilkie Energy Pty Ltd.,co_94d6ef1f3b62,First Lien,Chemicals & Materials,,,N/A,,,2025-02-20,2027-02-20,1268,,1268,,1235,,,,,dspy_extracted,GECC,2025-11-04,GECC,2025-11-04
New Wilkie Energy Pty Ltd.,co_94d6ef1f3b62,First Lien,Chemicals & Materials,,,N/A,,,2025-02-20,2027-02-20,114,,114,,111,,,,,dspy_extracted,GECC,2025-11-04,GECC,2025-11-04
New Wilkie Energy Pty Ltd.,co_94d6ef1f3b62,Second Lien,Chemicals & Materials,,,N/A,,,2025-02-20,2099-02-20,4153,,1246,,4973,,,,,dspy_extracted,GECC,2025-11-04,GECC,2025-11-04
NGC CLO 2 Ltd.,co_d976ec69d41c,Other,Financial Services,16.60 %,,Fixed,,,2025-03-07,2038-04-20,7410,,6907,,6190,,,,,dspy_extracted,GECC,2025-11-04,GECC,2025-11-04
Northeast Grocery Inc.,co_9b0725b6236f,First Lien,Food & Beverage,11.69 %,,SOFR,7.50 %,,2024-08-08,2028-12-13,2516,,2535,,2541,,,,,dspy_extracted,GECC,2025-11-04,GECC,2025-11-04
PFS Holdings Corp.,co_53aae39dd10e,Common Equity,Food & Beverage,,,N/A,,,2020-11-13,,5238,,-,5.05,12379,,,,,dspy_extracted,GECC,2025-11-04,GECC,2025-11-04
PowerStop LLC,co_1f357e6106d5,First Lien,Automotive,9.16 %,,SOFR,4.75 %,,2024-02-09,2029-01-26,1603,,1295,,1499,,,,,dspy_extracted,GECC,2025-11-04,GECC,2025-11-04
ProFrac Holdings II LLC,co_b0bc18c68ff8,First Lien,Energy,11.81 %,,SOFR,7.25 %,,2023-12-27,2029-01-23,5762,,5690,,5720,,,,,dspy_extracted,GECC,2025-11-04,GECC,2025-11-04
Quirch Foods Co.,co_7a1b333dbee3,First Lien,Food & Beverage,9.05 %,,SOFR,4.75 %,,2025-08-25,2027-10-27,1995,,1953,,1965,,,,,dspy_extracted,GECC,2025-11-04,GECC,2025-11-04
Ruby Tuesday Operations LLC,co_1f7d49afa371,First Lien,Food & Beverage,0.00 %,20.39 %,SOFR,16.00 %,,2023-01-31,2027-02-24,160,,159,,160,,,,,dspy_extracted,GECC,2025-11-04,GECC,2025-11-04
Ruby Tuesday Operations LLC,co_1f7d49afa371,First Lien,Food & Beverage,10.39 %,6.00 %,SOFR,12.00 %,,2024-09-03,2027-02-24,2651,2635,2593,,,,,,,dspy_extracted,GECC,2025-11-04,GECC,2025-11-04
Ruby Tuesday Operations LLC,co_1f7d49afa371,Warrants,Food & Beverage,,,N/A,,,2021-02-24,2027-02-24,311.697,,312,2.81,,,,,,dspy_extracted|principal_scaled_down_1000x,GECC,2025-11-04,GECC,2025-11-04
SIRVA Worldwide Inc.,co_d65f2d59da22,First Lien,Business Services,12.00 %,,SOFR,8.00 %,,2025-02-06,2029-02-20,700,693,651,,,,,,,dspy_extracted,GECC,2025-11-04,GECC,2025-11-04
SIRVA Worldwide Inc.,co_d65f2d59da22,Delayed Draw,Business Services,12.00 %,,SOFR,8.00 %,,2025-02-19,2029-02-20,80,79,71,,,,,,,dspy_extracted,GECC,2025-11-04,GECC,2025-11-04
Stone Ridge Opportunities Fund LP.,co_df6461654829,Partnership Interest,Insurance,,,N/A,,,2023-01-01,,2379875,2389,4451,,,,,,,dspy_extracted|fair_value_suspicious_vs_size,GECC,2025-11-04,GECC,2025-11-04
"Thryv, Inc.",co_c152595e00c6,First Lien,Media & Entertainment,10.91 %,,SOFR,6.75 %,,2024-04-30,2029-05-01,1215,1206,1202,,,,,,,dspy_extracted,GECC,2025-11-04,GECC,2025-11-04
TPC Group Inc.,co_988714c3dd3d,First Lien,Chemicals & Materials,9.77 %,,SOFR,5.75 %,,2024-11-22,2031-12-16,945,932,915,,,,,,,dspy_extracted,GECC,2025-11-04,GECC,2025-11-04
Trouvaille Re Ltd.,co_76cecb8c8020,Preferred Equity,Insurance,,,N/A,,,2024-03-27,,100,5000,6629,,,,,,,dspy_extracted,GECC,2025-11-04,GECC,2025-11-04
TRU Taj Trust,co_e9f013e18a36,Common Equity,Consumer & Retail,,,N/A,,,2017-07-21,,16000,611,85,2.75,,,,,,dspy_extracted|fair_value_suspicious_vs_size,GECC,2025-11-04,GECC,2025-11-04
TruGreen LP,co_2094298d8fe3,First Lien,Consumer & Retail,8.26 %,,SOFR,4.00 %,,2024-05-14,2027-11-02,1772,1718,1737,,,,,,,dspy_extracted,GECC,2025-11-04,GECC,2025-11-04
TruGreen LP,co_2094298d8fe3,Second Lien,Consumer & Retail,13.07 %,,SOFR,8.50 %,,2024-05-14,2028-11-02,900,739,793,,,,,,,dspy_extracted,GECC,2025-11-04,GECC,2025-11-04
Universal Fiber Systems,co_17de53ba34fb,First Lien,Chemicals & Materials,8.28 %,8.00 %,SOFR,12.00 %,,2024-10-16,2028-09-30,5791,5784,5743,,,,,,,dspy_extracted,GECC,2025-11-04,GECC,2025-11-04
Universal Fiber Systems,co_17de53ba34fb,Common Equity,Chemicals & Materials,,,N/A,,,2024-10-16,,41687,6809,6079,5.44,,,,,,dspy_extracted,GECC,2025-11-04,GECC,2025-11-04
Universal Fiber Systems,co_17de53ba34fb,Common Equity,Chemicals & Materials,,,N/A,,,2024-10-16,,371,,,,,,,,,dspy_extracted,GECC,2025-11-04,GECC,2025-11-04
Universal Fiber Systems,co_17de53ba34fb,Common Equity,Chemicals & Materials,,,N/A,,,2024-10-16,,976,,,2.37,,,,,,dspy_extracted,GECC,2025-11-04,GECC,2025-11-04
"Victra Holdings, LLC",co_8a6ba8ec0890,First Lien,Consumer & Retail,7.75 %,,SOFR,3.75 %,,2024-09-10,2029-03-31,1383,1383,1383,,,,,,,dspy_extracted,GECC,2025-11-04,GECC,2025-11-04
"Vivos Holdings, LLC",co_ae2f299d2fc3,First Lien,Consumer & Retail,10.15 %,,SOFR,6.00 %,,2025-08-13,2030-08-13,4750,4703,4710,,,,,,,dspy_extracted,GECC,2025-11-04,GECC,2025-11-04
"Vivos Holdings, LLC",co_ae2f299d2fc3,Second Lien,Consumer & Retail,0.00 %,14.16 %,SOFR,10.00 %,,2025-08-13,2031-02-13,9667,9667,9689,,,,,,,dspy_extracted,GECC,2025-11-04,GECC,2025-11-04
"Vivos Holdings, LLC",co_ae2f299d2fc3,Other Debt,Consumer & Retail,4.50 %,,Fixed,,,2025-08-13,2032-08-13,2045,2045,2045,,,,,,,dspy_extracted,GECC,2025-11-04,GECC,2025-11-04
"Vivos Holdings, LLC",co_ae2f299d2fc3,Other Debt,Consumer & Retail,0.00 %,9.00 %,Fixed,9.00 %,,2025-08-13,2032-08-13,131,131,131,,,,,,,dspy_extracted,GECC,2025-11-04,GECC,2025-11-04
"Vivos Holdings, LLC",co_ae2f299d2fc3,Warrants,Consumer & Retail,,,N/A,,,2025-08-13,2031-08-13,592,,769,,,,,,,dspy_extracted,GECC,2025-11-04,GECC,2025-11-04
"Walor North America, Inc.",co_aab35c52dbfd,First Lien,Industrials,10.03 %,,SOFR,5.75 %,,2025-06-17,2028-06-17,1500,1500,1500,,,,,,,dspy_extracted,GECC,2025-11-04,GECC,2025-11-04
"W&T Offshore, Inc.",co_2f9481e6cc6e,Second Lien,Energy,10.75 %,,Fixed,,,2025-01-14,2029-02-02,6450,6146,6175,,,,,,,dspy_extracted,GECC,2025-11-04,GECC,2025-11-04
x.AI LLC,co_0d81b4601e06,First Lien,Software & Technology,12.50 %,,Fixed,,,2025-08-29,2030-06-30,900,898,945,,,,,,,dspy_extracted,GECC,2025-11-04,GECC,2025-11-04
United States Treasury,co_a78bc95dd4a5,Other,Financial Services,0.00 %,,N/A,,,,,65000,,64362,,64362,,,,,dspy_extracted|principal_scaled_down_1000x,GECC,2025-11-04,GECC,2025-11-04
MFB Northern Inst Funds Treas Portfolio Premier CL,co_d8481cbcb8ed,Other,Financial Services,4.16 %,,N/A,,,,,24336.133,,24336,,24336,,,,,dspy_extracted|principal_scaled_down_1000x,GECC,2025-11-04,GECC,2025-11-04
"Blue Ribbon, LLC",co_c4f2f6705335,First Lien,Food & Beverage,10.85 %,,SOFR,6.26 %,,2024-09-05,2028-05-07,493,,330,,351,,,,,dspy_extracted,GECC,2025-11-04,GECC,2025-11-04
"Coreweave Compute Acquisition Co. IV, LLC",co_a61906a17a1b,First Lien,Software & Technology,10.53 %,,SOFR,6.00 %,,2024-05-29,2030-05-16,5058,,5058,,4985,,,,,dspy_extracted,GECC,2025-11-04,GECC,2025-11-04
CW Opportunity 2 LP,co_ddb092eb1049,Partnership Interest,Software & Technology,,,N/A,,,2024-05-14,,6000,,7246,,6000,,,,,dspy_extracted|principal_scaled_down_1000x,GECC,2025-11-04,GECC,2025-11-04
Del Monte Foods Corp.,co_a74139629788,First Lien,Food & Beverage,12.62 %,2.00 %,SOFR,10.15 %,,2024-10-16,2028-08-02,3853,,3830,,3803,,,,,dspy_extracted,GECC,2025-11-04,GECC,2025-11-04
"Dynata, LLC",co_388e12c6a10a,First Lien,Media & Entertainment,9.79 %,,SOFR,5.26 %,,2024-07-15,2028-07-15,793,,793,,783,,,,,dspy_extracted,GECC,2025-11-04,GECC,2025-11-04
EagleView Technology Corp.,co_5746bd093a65,First Lien,Software & Technology,8.09 %,,SOFR,3.76 %,,2024-10-21,2025-08-14,4737,,4472,,4504,,,,,dspy_extracted,GECC,2025-11-04,GECC,2025-11-04
"Elevate Textiles, Inc.",co_2e1b4849e0fe,First Lien,Consumer & Retail,5.74 %,5.50 %,SOFR,6.65 %,,2024-11-07,2027-09-30,1642,,1285,,1265,,,,,dspy_extracted,GECC,2025-11-04,GECC,2025-11-04
Fairbanks Morse Defense,co_0ab50a9a685a,First Lien,Aerospace & Defense,9.31 %,,SOFR,4.50 %,,2024-07-19,2028-06-23,3980,,3999,,3978,,,,,dspy_extracted,GECC,2025-11-04,GECC,2025-11-04
"First Brands, Inc.",co_53cb28c1a725,First Lien,Automotive,9.85 %,,SOFR,5.26 %,,2023-06-09,2027-03-30,7583,,7141,,7495,,,,,dspy_extracted,GECC,2025-11-04,GECC,2025-11-04
"First Brands, Inc.",co_53cb28c1a725,First Lien,Automotive,9.85 %,,SOFR,5.26 %,,2024-03-08,2027-03-30,1783,,1679,,1773,,,,,dspy_extracted,GECC,2025-11-04,GECC,2025-11-04
Flexsys Holdings,co_fdf6c33899b5,First Lien,Chemicals & Materials,9.84 %,,SOFR,5.51 %,,2022-10-27,2028-11-01,4389,,3347,,3665,,,,,dspy_extracted,GECC,2025-11-04,GECC,2025-11-04
Form Technologies LLC,co_363a7a91702f,First Lien,Industrials,9.36 %,,SOFR,4.85 %,,2024-01-25,2025-07-22,3228,,3223,,3167,,,,,dspy_extracted,GECC,2025-11-04,GECC,2025-11-04
Form Technologies LLC,co_363a7a91702f,First Lien,Industrials,10.08 %,,SOFR,5.75 %,,2024-11-01,2030-04-30,4750,,4655,,4655,,,,,dspy_extracted,GECC,2025-11-04,GECC,2025-11-04
FPL Food LLC,co_7b388909fe7d,First Lien,Food & Beverage,11.50 %,,Prime,3.25 %,,2024-10-02,2027-02-13,2500,,2512,,2500,,,,,dspy_extracted,GECC,2025-11-04,GECC,2025-11-04
Harvey Gulf Holdings LLC,co_673a6df69bc1,Other Debt,Transportation & Logistics,11.39 %,,SOFR,7.03 %,,2024-02-28,2029-01-19,8784,,8872,,8721,,,,,dspy_extracted,GECC,2025-11-04,GECC,2025-11-04
Inmar Inc.,co_7f02d1f954a4,First Lien,Business Services,9.36 %,,SOFR,5.00 %,,2024-10-31,2031-10-24,1990,,1993,,1980,,,,,dspy_extracted,GECC,2025-11-04,GECC,2025-11-04
Lummus Technology Holdings,co_f48e428ebed1,Unsecured Debt,Chemicals & Materials,9.00 %,,Fixed,,,2022-05-17,2028-07-01,1500,,1519,,1278,,,,,dspy_extracted,GECC,2025-11-04,GECC,2025-11-04
Manchester Acquisition Sub LLC,co_19782064e0cc,First Lien,Chemicals & Materials,10.37 %,,SOFR,5.90 %,,2023-09-26,2026-11-01,6927,,6524,,6522,,,,,dspy_extracted,GECC,2025-11-04,GECC,2025-11-04
Maverick Gaming LLC,co_28f75db82886,First Lien,Healthcare,12.11 %,,SOFR,7.50 %,,2024-04-03,2028-06-03,1476,,1476,,1476,,,,,dspy_extracted,GECC,2025-11-04,GECC,2025-11-04
New Wilkie Energy,co_81be50868181,First Lien,Chemicals & Materials,15.00 %,,Fixed,,,2024-06-03,2027-02-18,144,,144,,144,,,,,dspy_extracted,GECC,2025-11-04,GECC,2025-11-04
New Wilkie Energy,co_81be50868181,Other Debt,Chemicals & Materials,16.00 %,,Fixed,,,2024-02-16,2027-02-18,1202,,1202,,1202,,,,,dspy_extracted,GECC,2025-11-04,GECC,2025-11-04
New Wilkie Energy,co_81be50868181,First Lien,Chemicals & Materials,,,N/A,,,2023-04-03,2026-04-06,4935,,1322,,4821,,,,,dspy_extracted,GECC,2025-11-04,GECC,2025-11-04
New Wilkie Energy,co_81be50868181,Warrants,Chemicals & Materials,,,N/A,,,2023-04-06,,1078899,,-,,-,,,,,dspy_extracted,GECC,2025-11-04,GECC,2025-11-04
Nice-Pak Products Inc.,co_ac77d9d1a179,Other Debt,Consumer & Retail,10.09 %,6.00 %,SOFR,11.76 %,,2022-09-30,2027-09-30,9253,,9363,,9098,,,,,dspy_extracted,GECC,2025-11-04,GECC,2025-11-04
Nice-Pak Products Inc.,co_ac77d9d1a179,Other,Consumer & Retail,,,N/A,,,2022-09-30,,1448.864,,1449,,-,,,,,dspy_extracted|principal_scaled_down_1000x,GECC,2025-11-04,GECC,2025-11-04
Nice-Pak Products Inc.,co_ac77d9d1a179,Warrants,Consumer & Retail,,,N/A,,,2022-09-30,,880909,,2744,2.56,-,,,,,dspy_extracted,GECC,2025-11-04,GECC,2025-11-04
PowerStop LLC,co_1f357e6106d5,First Lien,Automotive,9.36 %,,SOFR,4.75 %,,2024-02-09,2029-01-26,2319,,2198,,2148,,,,,dspy_extracted,GECC,2025-11-04,GECC,2025-11-04
Ruby Tuesday Operations LLC,co_1f7d49afa371,First Lien,Food & Beverage,0.00 %,20.65 %,SOFR,16.00 %,,2023-01-31,2027-02-24,741,,738,,741,,,,,dspy_extracted,GECC,2025-11-04,GECC,2025-11-04
Ruby Tuesday Operations LLC,co_1f7d49afa371,Warrants,Food & Beverage,,,N/A,,,2021-02-24,,311697,,456,2.81,-,,,,,dspy_extracted,GECC,2025-11-04,GECC,2025-11-04
Runner Buyer Inc.,co_80c456057e4a,First Lien,Consumer & Retail,10.11 %,,SOFR,5.61 %,,2024-11-07,2028-10-23,1995,977,921,,,,,,,dspy_extracted,GECC,2025-11-04,GECC,2025-11-04
Spencer Spirit IH LLC,co_7a56dbd269b6,First Lien,Consumer & Retail,10.02 %,,SOFR,5.50 %,,2024-06-25,2031-07-15,898,891,901,,,,,,,dspy_extracted,GECC,2025-11-04,GECC,2025-11-04
Stone Ridge Opportunities Fund LP.,co_df6461654829,Other,Insurance,,,N/A,,,2023-01-01,,2379875,2380,3842,,,,,,,dspy_extracted|fair_value_suspicious_vs_size,GECC,2025-11-04,GECC,2025-11-04
TPC Group Inc.,co_988714c3dd3d,First Lien,Chemicals & Materials,10.11 %,,SOFR,5.75 %,,2024-11-22,2031-11-22,950,936,944,,,,,,,dspy_extracted,GECC,2025-11-04,GECC,2025-11-04
TRU Taj Trust,co_e9f013e18a36,Common Equity,Consumer & Retail,,,N/A,,,2017-07-21,,16000,611,54,2.75,,,,,,dspy_extracted|fair_value_suspicious_vs_size,GECC,2025-11-04,GECC,2025-11-04
Universal Fiber Systems,co_17de53ba34fb,Common Equity,Chemicals & Materials,,,N/A,,,2024-10-16,,371,-,8,*,,,,,,dspy_extracted,GECC,2025-11-04,GECC,2025-11-04
Universal Fiber Systems,co_17de53ba34fb,Common Equity,Chemicals & Materials,,,N/A,,,2024-10-16,,976,-,-,2.37,,,,,,dspy_extracted,GECC,2025-11-04,GECC,2025-11-04
Victra,co_0c06385124fc,First Lien,Consumer & Retail,9.61 %,,SOFR,5.25 %,,2024-09-10,2029-03-31,1210,1211,1224,,,,,,,dspy_extracted,GECC,2025-11-04,GECC,2025-11-04
Vi-Jon,co_a4f69355e0dd,First Lien,Consumer & Retail,12.85 %,2.00 %,SOFR,10.26 %,,2023-12-28,2028-12-28,8837,8616,8691,,,,,,,dspy_extracted,GECC,2025-11-04,GECC,2025-11-04
Vi-Jon,co_a4f69355e0dd,First Lien,Consumer & Retail,12.87 %,2.00 %,SOFR,10.26 %,,2024-10-29,2028-12-28,2981,2909,2932,,,,,,,dspy_extracted,GECC,2025-11-04,GECC,2025-11-04
"W&T Offshore, Inc.",co_2f9481e6cc6e,Second Lien,Energy,11.75 %,,Fixed,,,2023-01-12,2026-02-01,4816,4816,4857,,,,,,,dspy_extracted,GECC,2025-11-04,GECC,2025-11-04
Apex Credit CLO 2024-I Ltd.,co_c98a323f44a8,Other,,19.5%,,,,,2024-04-24,2036-04-20,14957,9782,9604,,,,,,,dspy_extracted,GECC,2025-11-04,GECC,2025-11-04
Apex Credit CLO 2024-II Ltd.,co_c98a323f44a8,Other,,18.1%,,,,,2024-07-02,2037-07-25,34550,26518,22906,,,,,,,dspy_extracted,GECC,2025-11-04,GECC,2025-11-04
Apex Credit CLO 12 Ltd.,co_c98a323f44a8,Other,,19.7%,,,,,2024-11-01,2038-04-20,32932,29994,27630,,,,,,,dspy_extracted,GECC,2025-11-04,GECC,2025-11-04
Apex Credit CLO 12 Ltd.,co_c98a323f44a8,Other,,,,,,,2024-11-01,2026-05-23,11300,11300,11502,,,,,,,dspy_extracted,GECC,2025-11-04,GECC,2025-11-04
Advancion,co_cecc5e9a9fd0,First Lien,Chemicals & Materials,7.82 %,,SOFR,4.00 %,,2025-08-26,2027-11-24,2982,,2717,,2947,,,,,dspy_extracted,GECC,2026-03-02,GECC,2026-03-02
American Coastal Insurance Corp.,co_aa016be18373,Unsecured Debt,Insurance,7.25 %,,Fixed,,,2022-12-20,2027-12-15,11000,,10980,,7982,,,,,dspy_extracted,GECC,2026-03-02,GECC,2026-03-02
Auction.com,co_62fa282697bc,First Lien,Financial Services,10.04 %,,SOFR,6.00 %,,2024-09-09,2028-05-26,3156,,2834,,3045,,,,,dspy_extracted,GECC,2026-03-02,GECC,2026-03-02
Blackstone Secured Lending Fund,co_32e454a9dde3,Common Equity,Automotive,,,N/A,,,2024-09-25,,6000,,158,,182,,,,,cost_suspicious_vs_size|dspy_extracted|fair_value_suspicious_vs_size,GECC,2026-03-02,GECC,2026-03-02
"Blue Ribbon, LLC",co_c4f2f6705335,First Lien,Food & Beverage,7.86 %,4.00 %,SOFR,8.00 %,,2025-01-16,2028-05-08,252,,247,,247,,,,,dspy_extracted,GECC,2026-03-02,GECC,2026-03-02
"CMI Marketing, Inc.",co_eb6d5ce26890,First Lien,Media & Entertainment,8.08 %,,SOFR,4.25 %,,2025-09-05,2028-03-23,1890,,1862,,1877,,,,,dspy_extracted,GECC,2026-03-02,GECC,2026-03-02
"Commercial Vehicle Group, Inc.",co_0f169f2e70e9,First Lien,Industrials,13.57 %,,SOFR,9.75 %,,2025-07-31,2030-06-27,4975,,4827,,4835,,,,,dspy_extracted,GECC,2026-03-02,GECC,2026-03-02
"Commercial Vehicle Group, Inc.",co_0f169f2e70e9,Warrants,Industrials,,,N/A,,,2025-07-31,,103547,,74,,-,,,,,dspy_extracted,GECC,2026-03-02,GECC,2026-03-02
Confluence Technologies,co_bc5e84984f1e,First Lien,Software & Technology,7.57 %,,SOFR,3.75 %,,2025-03-04,2028-07-31,1095,,909,,999,,,,,dspy_extracted,GECC,2026-03-02,GECC,2026-03-02
Conuma Resources Ltd.,co_799947f29638,First Lien,Chemicals & Materials,13.13 %,,Fixed,,,2024-08-08,2028-05-01,2929,,2720,,2980,,,,,dspy_extracted,GECC,2026-03-02,GECC,2026-03-02
Conuma Resources Ltd.,co_799947f29638,First Lien,Chemicals & Materials,13.13 %,,Fixed,,,2025-04-15,2028-05-01,1400,,1372,,1372,,,,,dspy_extracted,GECC,2026-03-02,GECC,2026-03-02
"Coreweave Compute Acquisition Co. II, LLC",co_0978cc636b37,First Lien,Software & Technology,13.41 %,,SOFR,9.62 %,,2023-08-21,2028-07-31,11813,,12049,,11775,,,,,dspy_extracted,GECC,2026-03-02,GECC,2026-03-02
"Coreweave Compute Acquisition Co. IV, LLC",co_a61906a17a1b,First Lien,Software & Technology,9.84 %,,SOFR,6.00 %,,2024-05-29,2030-05-16,3314,,3380,,3274,,,,,dspy_extracted,GECC,2026-03-02,GECC,2026-03-02
CW Opportunity 2 LP,co_ddb092eb1049,Partnership Interest,Software & Technology,,,N/A,,,2024-05-14,,4083246,,5798,,4083,,,,,cost_suspicious_vs_size|dspy_extracted|fair_value_suspicious_vs_size,GECC,2026-03-02,GECC,2026-03-02
Del Monte Foods Corp.,co_a74139629788,Other Debt,Food & Beverage,4.85 %,8.50 %,SOFR,9.50 %,,2025-07-14,2026-04-02,2769,,2769,,2727,,,,,dspy_extracted,GECC,2026-03-02,GECC,2026-03-02
Del Monte Foods Corp.,co_a74139629788,Subordinated Debt,Food & Beverage,,,N/A,,,2025-07-14,2026-04-02,4086,,1159,,4083,,,,,dspy_extracted,GECC,2026-03-02,GECC,2026-03-02
Del Monte Foods Corp.,co_a74139629788,First Lien,Food & Beverage,,,N/A,,,2024-10-16,2028-08-02,2040,,-,,2030,,,,,dspy_extracted,GECC,2026-03-02,GECC,2026-03-02
Del Monte Foods Corp.,co_a74139629788,First Lien,Food & Beverage,,,N/A,,,2025-04-17,2028-08-02,264,,-,,255,,,,,dspy_extracted,GECC,2026-03-02,GECC,2026-03-02
Dorel Industries Inc.,co_c891e019c786,First Lien,Consumer & Retail,6.72 %,4.54 %,SOFR,11.26 %,,2025-11-14,2030-09-30,6823,,6389,,6516,,,,,dspy_extracted,GECC,2026-03-02,GECC,2026-03-02
Dorel Industries Inc.,co_c891e019c786,Warrants,Consumer & Retail,,,N/A,,,2025-11-14,,95.122,,89,,-,,,,,dspy_extracted|principal_scaled_down_1000x,GECC,2026-03-02,GECC,2026-03-02
"DS Admiral Bidco, LLC",co_01687a8bb975,First Lien,Software & Technology,7.92 %,,SOFR,4.25 %,,2025-10-24,2031-06-26,2493,,2468,,2469,,,,,dspy_extracted,GECC,2026-03-02,GECC,2026-03-02
"DTI HOLDCO, INC.",co_e0abc0b1b92b,First Lien,Business Services,7.72 %,,SOFR,4.00 %,,2025-09-04,2029-04-26,2195,,2042,,2054,,,,,dspy_extracted,GECC,2026-03-02,GECC,2026-03-02
"Dynata, LLC",co_388e12c6a10a,Warrants,Media & Entertainment,,,N/A,,,2024-07-15,,45714,,-,,-,,,,,dspy_extracted,GECC,2026-03-02,GECC,2026-03-02
EagleView Technology Corp.,co_5746bd093a65,First Lien,Software & Technology,9.17 %,1.00 %,SOFR,6.50 %,,2024-10-21,2028-08-14,6231,,5986,,6083,,,,,dspy_extracted,GECC,2026-03-02,GECC,2026-03-02
"ECL Entertainment, LLC",co_27c703fce7ba,First Lien,Media & Entertainment,6.72 %,,SOFR,3.00 %,,2025-10-28,2030-08-31,1995,,1988,,1993,,,,,dspy_extracted,GECC,2026-03-02,GECC,2026-03-02
"Elevate Textiles, Inc.",co_2e1b4849e0fe,First Lien,Consumer & Retail,5.14 %,5.50 %,SOFR,6.50 %,,2024-11-07,2027-09-30,2563,,1954,,2185,,,,,dspy_extracted,GECC,2026-03-02,GECC,2026-03-02
First Brands Inc.,co_53cb28c1a725,First Lien,Transportation & Logistics,,,N/A,,,2023-06-09,2027-03-30,2174,,2175,,2175,,,,,dspy_extracted,GECC,2026-03-02,GECC,2026-03-02
First Brands Inc.,co_53cb28c1a725,Second Lien,Transportation & Logistics,,,N/A,,,2021-03-24,2028-03-30,16200,,15812,,15812,,,,,dspy_extracted,GECC,2026-03-02,GECC,2026-03-02
Flexsys Cayman Holdings LP,co_332413d9baf8,First Lien,Chemicals & Materials,9.08 %,,SOFR,5.25 %,,2025-05-28,2029-08-01,5992,,5148,,5148,,,,,dspy_extracted,GECC,2026-03-02,GECC,2026-03-02
Foresight Energy,co_780e4635a312,First Lien,Chemicals & Materials,11.77 %,,SOFR,8.00 %,,2021-07-29,2027-06-30,5822,,5561,,5834,,,,,dspy_extracted,GECC,2026-03-02,GECC,2026-03-02
Form Technologies LLC,co_363a7a91702f,First Lien,Industrials,9.62 %,,SOFR,5.75 %,,2024-11-01,2030-07-19,4726,,4236,,4645,,,,,dspy_extracted,GECC,2026-03-02,GECC,2026-03-02
FPL Food LLC,co_7b388909fe7d,First Lien,Food & Beverage,11.50 %,,Prime,3.25 %,,2024-10-02,2027-02-13,4000,,4000,,4000,,,,,dspy_extracted,GECC,2026-03-02,GECC,2026-03-02
FS KKR CAPITAL Corp.,co_4ee1e711995c,Common Equity,Automotive,,,N/A,,,2024-05-09,,,,741,,752,,,,,dspy_extracted,GECC,2026-03-02,GECC,2026-03-02
Goodnight Water Solutions LLC,co_9dd12b43cddd,First Lien,Energy,7.72 %,,SOFR,4.00 %,,2025-10-15,2029-06-04,2992,,2970,,2951,,,,,dspy_extracted,GECC,2026-03-02,GECC,2026-03-02
GPC Merger Sub Inc.,co_e224d1bded63,Unsecured Debt,Containers & Packaging,7.13 %,,Fixed,,,2025-10-15,2028-08-15,3000,,3001,,2993,,,,,dspy_extracted,GECC,2026-03-02,GECC,2026-03-02
Great Elm Specialty Finance LLC,co_274440f466a4,Subordinated Debt,Financial Services,13.00 %,,Fixed,,,2023-09-01,2026-06-30,25325,,25325,,25325,,,,,dspy_extracted,GECC,2026-03-02,GECC,2026-03-02
Great Elm Specialty Finance LLC,co_274440f466a4,Common Equity,Financial Services,,,N/A,,,2023-09-01,,,,13137,87.50,17000,,,,,dspy_extracted,GECC,2026-03-02,GECC,2026-03-02
Inmar Inc.,co_7f02d1f954a4,First Lien,Business Services,8.34 %,,SOFR,4.50 %,,2024-10-31,2031-10-30,7169,,7067,,7172,,,,,dspy_extracted,GECC,2026-03-02,GECC,2026-03-02
Invesco Senior Loan,co_9a535793c23d,Common Equity,Automotive,,,N/A,,,2025-11-21,,,,5040,,5023,,,,,dspy_extracted,GECC,2026-03-02,GECC,2026-03-02
Ipsen US Holdings Inc.,co_016157855c06,First Lien,Industrials,7.01 %,8.78 %,SOFR,12.07 %,,2024-08-14,2029-07-31,5581,,5343,,5427,,,,,dspy_extracted,GECC,2026-03-02,GECC,2026-03-02
ITG Communications LLC,co_947031282aa7,First Lien,Industrials,8.95 %,,SOFR,4.75 %,,2025-11-04,2031-07-09,2000,,1930,,1962,,,,,dspy_extracted,GECC,2026-03-02,GECC,2026-03-02
Mad Engine Global LLC,co_82f34b67b45f,First Lien,Consumer & Retail,10.93 %,,SOFR,7.00 %,,2021-06-30,2027-07-15,6442,,5572,,5986,,,,,dspy_extracted,GECC,2026-03-02,GECC,2026-03-02
Main Street Sports Group LLC,co_cffa55edc795,First Lien,Media & Entertainment,15.00 %,,Fixed,,,2025-02-06,2028-01-03,116,,40,,106,,,,,dspy_extracted,GECC,2026-03-02,GECC,2026-03-02
MajorDrive Holdings IV LLC,co_e28f1604f09f,Unsecured Debt,Consumer & Retail,6.38 %,,Fixed,,,2025-12-03,2029-06-01,1000,,723,,701,,,,,dspy_extracted,GECC,2026-03-02,GECC,2026-03-02
Manchester Acquisition Sub LLC,co_19782064e0cc,First Lien,Chemicals & Materials,9.67 %,,SOFR,5.75 %,,2023-09-26,2026-12-01,6256,,5996,,6083,,,,,dspy_extracted,GECC,2026-03-02,GECC,2026-03-02
Maverick Gaming LLC,co_28f75db82886,Other Debt,Healthcare,16.22 %,,SOFR,12.50 %,,2025-07-31,2026-04-16,907,,907,,891,,,,,dspy_extracted,GECC,2026-03-02,GECC,2026-03-02
Maverick Gaming LLC,co_28f75db82886,Other Debt,Healthcare,,,N/A,,,2025-07-16,2026-04-16,1603,,970,,1576,,,,,dspy_extracted,GECC,2026-03-02,GECC,2026-03-02
Maverick Gaming LLC,co_28f75db82886,First Lien,Healthcare,,,N/A,,,2024-04-03,2028-06-03,5741,,,,6349,,,,,dspy_extracted,GECC,2026-03-02,GECC,2026-03-02
NGC CLO 2 Ltd.,co_d976ec69d41c,Other,Automotive,,,N/A,,,2025-03-07,,,,6474,,6190,,,,,dspy_extracted,GECC,2026-03-02,GECC,2026-03-02
Natus Medical Inc.,co_f8b42777095c,First Lien,Healthcare,9.07 %,,SOFR,5.25 %,,2025-11-13,2029-07-20,1000,,995,,998,,,,,dspy_extracted,GECC,2026-03-02,GECC,2026-03-02
New Wilkie Energy Pty Ltd.,co_94d6ef1f3b62,First Lien,Chemicals & Materials,,,N/A,,,2025-02-20,2027-02-20,1268,,444,,1250,,,,,dspy_extracted,GECC,2026-03-02,GECC,2026-03-02
New Wilkie Energy Pty Ltd.,co_94d6ef1f3b62,First Lien,Chemicals & Materials,,,N/A,,,2025-02-20,2027-02-20,114,,92,,103,,,,,dspy_extracted,GECC,2026-03-02,GECC,2026-03-02
New Wilkie Energy Pty Ltd.,co_94d6ef1f3b62,Second Lien,Chemicals & Materials,,,N/A,,,2025-02-20,,4153,,,,4460,,,,,dspy_extracted,GECC,2026-03-02,GECC,2026-03-02
Northeast Grocery Inc.,co_9b0725b6236f,First Lien,Food & Beverage,11.38 %,,SOFR,7.50 %,,2024-08-08,2028-12-13,2714,,2721,,2740,,,,,dspy_extracted,GECC,2026-03-02,GECC,2026-03-02
PFI Lower Midco LLC,co_292895fc94ed,First Lien,Food & Beverage,7.87 %,,SOFR,4.00 %,,2025-11-14,2032-12-01,1000,,1006,,990,,,,,dspy_extracted,GECC,2026-03-02,GECC,2026-03-02
PowerStop LLC,co_1f357e6106d5,First Lien,Transportation & Logistics,8.55 %,,SOFR,4.75 %,,2024-02-09,2029-01-26,1599,,1327,,1502,,,,,dspy_extracted,GECC,2026-03-02,GECC,2026-03-02
ProFrac Holdings II LLC,co_b0bc18c68ff8,First Lien,Energy,,,SOFR,7.25 %,,2023-12-27,2029-01-23,5556,5519,5393,,,,,,,dspy_extracted,GECC,2026-03-02,GECC,2026-03-02
Ruby Tuesday Operations LLC,co_1f7d49afa371,First Lien,Food & Beverage,0.00 %,19.98 %,SOFR,16.00 %,,2023-01-31,2027-02-24,169,169,167,,,,,,,dspy_extracted,GECC,2026-03-02,GECC,2026-03-02
Ruby Tuesday Operations LLC,co_1f7d49afa371,First Lien,Food & Beverage,9.98 %,6.00 %,SOFR,12.00 %,,2024-09-03,2027-02-24,2629,2616,2575,,,,,,,dspy_extracted,GECC,2026-03-02,GECC,2026-03-02
Ruby Tuesday Operations LLC,co_1f7d49afa371,Warrants,Food & Beverage,,,N/A,,,2021-02-24,,,-,314,,,,,,,dspy_extracted,GECC,2026-03-02,GECC,2026-03-02
Ryan LLC,co_a7d2fa39fd84,First Lien,Business Services,,,SOFR,3.50 %,,2025-11-05,2032-11-05,5000,4975,4929,,,,,,,dspy_extracted,GECC,2026-03-02,GECC,2026-03-02
SCIH Salt Holdings Inc.,co_b369f6da5ffe,First Lien,Food & Beverage,,,SOFR,2.75 %,,2025-10-14,2029-01-31,4000,3997,4006,,,,,,,dspy_extracted,GECC,2026-03-02,GECC,2026-03-02
SIRVA Worldwide Inc.,co_d65f2d59da22,First Lien,Business Services,,,SOFR,8.00 %,,2025-02-06,2029-02-20,700,694,644,,,,,,,dspy_extracted,GECC,2026-03-02,GECC,2026-03-02
SIRVA Worldwide Inc.,co_d65f2d59da22,Delayed Draw,Business Services,,,SOFR,8.00 %,,2025-02-19,2029-02-20,126,125,115,,,,,,,dspy_extracted,GECC,2026-03-02,GECC,2026-03-02
State Street Blackstone Senior Loan ETF,co_134e2e6b98d9,Common Equity,Automotive,,,N/A,,,2025-11-21,,,5051,5056,,,,,,,dspy_extracted,GECC,2026-03-02,GECC,2026-03-02
Stone Ridge Opportunities Fund LP.,co_df6461654829,Partnership Interest,Insurance,,,N/A,,,2023-01-01,,,2380,4965,,,,,,,dspy_extracted,GECC,2026-03-02,GECC,2026-03-02
Thryv Inc.,co_c152595e00c6,First Lien,Media & Entertainment,,,SOFR,6.75 %,,2024-04-30,2029-05-01,1215,1206,1211,,,,,,,dspy_extracted,GECC,2026-03-02,GECC,2026-03-02
Trident TPI Holding Inc.,co_54b1901d82fc,Unsecured Debt,Containers & Packaging,,,Fixed,,,2025-11-26,2028-12-31,1000,1008,1024,,,,,,,dspy_extracted,GECC,2026-03-02,GECC,2026-03-02
Trouvaille Re Ltd.,co_76cecb8c8020,Preferred Equity,Insurance,,,N/A,,,2024-03-27,,,5000,6659,,,,,,,dspy_extracted,GECC,2026-03-02,GECC,2026-03-02
TRU Taj Trust,co_e9f013e18a36,Common Equity,Consumer & Retail,,,N/A,,,2017-07-21,,,611,85,,,,,,,dspy_extracted,GECC,2026-03-02,GECC,2026-03-02
TruGreen LP,co_2094298d8fe3,First Lien,Consumer & Retail,,,SOFR,4.00 %,,2024-05-14,2027-11-02,2266,2209,2216,,,,,,,dspy_extracted,GECC,2026-03-02,GECC,2026-03-02
TruGreen LP,co_2094298d8fe3,Second Lien,Consumer & Retail,,,SOFR,8.50 %,,2024-05-14,2028-11-02,900,751,830,,,,,,,dspy_extracted,GECC,2026-03-02,GECC,2026-03-02
Universal Fiber Systems,co_17de53ba34fb,Common Equity,Chemicals & Materials,,,N/A,,,2024-10-16,,,6807,4535,,,,,,,dspy_extracted,GECC,2026-03-02,GECC,2026-03-02
Universal Fiber Systems,co_17de53ba34fb,Common Equity,Chemicals & Materials,,,N/A,,,2024-10-16,,,-,-,,,,,,,dspy_extracted,GECC,2026-03-02,GECC,2026-03-02
Universal Fiber Systems,co_17de53ba34fb,First Lien,Chemicals & Materials,7.83 %,8.00 %,SOFR,12.00 %,,2024-10-16,2028-09-30,5910,5903,5781,,,,,,,dspy_extracted,GECC,2026-03-02,GECC,2026-03-02
Victra Holdings LLC,co_8a6ba8ec0890,First Lien,Consumer & Retail,,,SOFR,3.75 %,,2024-09-10,2029-03-31,1365,1365,1365,,,,,,,dspy_extracted,GECC,2026-03-02,GECC,2026-03-02
Vivos Holdings LLC,co_ae2f299d2fc3,Other Debt,Consumer & Retail,4.50 %,,Fixed,,,2025-08-13,2032-08-13,2045,2045,2045,,,,,,,dspy_extracted,GECC,2026-03-02,GECC,2026-03-02
Vivos Holdings LLC,co_ae2f299d2fc3,Other Debt,Consumer & Retail,9.00 %,,Fixed,,,2025-08-13,2032-08-13,131,131,131,,,,,,,dspy_extracted,GECC,2026-03-02,GECC,2026-03-02
Vivos Holdings LLC,co_ae2f299d2fc3,Warrants,Consumer & Retail,,,N/A,,,2025-08-13,,,-,145,,,,,,,dspy_extracted,GECC,2026-03-02,GECC,2026-03-02
Vivos Holdings LLC,co_ae2f299d2fc3,First Lien,Consumer & Retail,,,SOFR,6.00 %,,2025-08-13,2030-08-13,4750,4705,4655,,,,,,,dspy_extracted,GECC,2026-03-02,GECC,2026-03-02
Vivos Holdings LLC,co_ae2f299d2fc3,Second Lien,Consumer & Retail,0.00 %,13.72 %,SOFR,10.00 %,,2025-08-13,2031-02-13,10028,10028,9997,,,,,,,dspy_extracted,GECC,2026-03-02,GECC,2026-03-02
VT Topco Inc.,co_aa774bc379a5,First Lien,Business Services,,,SOFR,3.00 %,,2025-11-03,2030-08-09,997,985,982,,,,,,,dspy_extracted,GECC,2026-03-02,GECC,2026-03-02
W&T Offshore Inc.,co_2f9481e6cc6e,Second Lien,Energy,,,Fixed,,,2025-01-14,2029-02-02,4175,3889,3817,,,,,,,dspy_extracted,GECC,2026-03-02,GECC,2026-03-02
Walor North America Inc.,co_aab35c52dbfd,First Lien,Industrials,,,SOFR,5.75 %,,2025-06-17,2028-06-17,1434,1434,1434,,,,,,,dspy_extracted,GECC,2026-03-02,GECC,2026-03-02
x.AI LLC,co_0d81b4601e06,First Lien,Software & Technology,,,Fixed,,,2025-08-29,2030-06-30,900,898,960,,,,,,,dspy_extracted,GECC,2026-03-02,GECC,2026-03-02
United States Treasury,co_a78bc95dd4a5,Other,Financial Services,0.00%,,Fixed,,,,,30000,,29743,,29743,,,,,dspy_extracted|principal_scaled_down_1000x,GECC,2026-03-02,GECC,2026-03-02
MFB Northern Inst Funds Treas Portfolio Premier CL,co_d8481cbcb8ed,Other,Financial Services,4.16%,,Fixed,,,,,3060.059,,3060,,3060,,,,,dspy_extracted|principal_scaled_down_1000x,GECC,2026-03-02,GECC,2026-03-02
Advancion,co_cecc5e9a9fd0,Second Lien,Chemicals & Materials,12.21 %,,SOFR,7.85 %,,2022-09-21,2028-11-24,1625,,1584,,1532,,,,,dspy_extracted,GECC,2026-03-02,GECC,2026-03-02
Avation Capital SA,co_b220e73a9086,Second Lien,Other,8.25 %,,Fixed,,,2022-02-04,2026-10-31,4671,,4566,,4369,,,,,dspy_extracted,GECC,2026-03-02,GECC,2026-03-02
"Blue Ribbon, LLC",co_c4f2f6705335,First Lien,Food & Beverage,10.85 %,,SOFR,6.26 %,,2024-09-05,2028-05-07,493,,330,,351,,,,,dspy_extracted,GECC,2026-03-02,GECC,2026-03-02
Conuma Resources Ltd.,co_799947f29638,First Lien,Chemicals & Materials,13.13 %,,Fixed,,,2024-08-08,2028-05-01,4900,,4974,,5014,,,,,dspy_extracted,GECC,2026-03-02,GECC,2026-03-02
"Coreweave Compute Acquisition Co. IV, LLC",co_a61906a17a1b,First Lien,Software & Technology,10.53 %,,SOFR,6.00 %,,2024-05-29,2030-05-16,5058,,5058,,4985,,,,,dspy_extracted,GECC,2026-03-02,GECC,2026-03-02
CSC ServiceWorks,co_2ad1ba580535,First Lien,Business Services,8.71 %,,SOFR,4.26 %,,2023-09-26,2028-03-04,4951,,4158,,4286,,,,,dspy_extracted,GECC,2026-03-02,GECC,2026-03-02
Del Monte Foods Corp.,co_a74139629788,First Lien,Food & Beverage,12.62 %,2.00 %,SOFR,10.15 %,,2024-10-16,2028-08-02,3853,,3830,,3803,,,,,dspy_extracted,GECC,2026-03-02,GECC,2026-03-02
"Dynata, LLC",co_388e12c6a10a,First Lien,Media & Entertainment,9.79 %,,SOFR,5.26 %,,2024-07-15,2028-07-15,793,,793,,783,,,,,dspy_extracted,GECC,2026-03-02,GECC,2026-03-02
"Dynata, LLC",co_388e12c6a10a,First Lien,Media & Entertainment,10.29 %,,SOFR,5.76 %,,2024-07-15,2028-10-15,4768,,4451,,4768,,,,,dspy_extracted,GECC,2026-03-02,GECC,2026-03-02
"Dynata, LLC",co_388e12c6a10a,Common Equity,Media & Entertainment,,,N/A,,,2024-07-15,,108405,,1753,1.08,11525,,,,,dspy_extracted|fair_value_suspicious_vs_size,GECC,2026-03-02,GECC,2026-03-02
EagleView Technology Corp.,co_5746bd093a65,First Lien,Software & Technology,8.09 %,,SOFR,3.76 %,,2024-10-21,2025-08-14,4737,,4472,,4504,,,,,dspy_extracted,GECC,2026-03-02,GECC,2026-03-02
"Elevate Textiles, Inc.",co_2e1b4849e0fe,First Lien,Consumer & Retail,5.74 %,5.50 %,SOFR,6.65 %,,2024-11-07,2027-09-30,1642,,1285,,1265,,,,,dspy_extracted,GECC,2026-03-02,GECC,2026-03-02
Fairbanks Morse Defense,co_0ab50a9a685a,First Lien,Aerospace & Defense,9.31 %,,SOFR,4.50 %,,2024-07-19,2028-06-23,3980,,3999,,3978,,,,,dspy_extracted,GECC,2026-03-02,GECC,2026-03-02
"First Brands, Inc.",co_53cb28c1a725,First Lien,Automotive,9.85 %,,SOFR,5.26 %,,2023-06-09,2027-03-30,7583,,7141,,7495,,,,,dspy_extracted,GECC,2026-03-02,GECC,2026-03-02
"First Brands, Inc.",co_53cb28c1a725,First Lien,Automotive,9.85 %,,SOFR,5.26 %,,2024-03-08,2027-03-30,1783,,1679,,1773,,,,,dspy_extracted,GECC,2026-03-02,GECC,2026-03-02
"First Brands, Inc.",co_53cb28c1a725,Second Lien,Automotive,13.35 %,,SOFR,8.76 %,,2021-03-24,2028-03-30,16200,,15122,,15715,,,,,dspy_extracted,GECC,2026-03-02,GECC,2026-03-02
Flexsys Holdings,co_fdf6c33899b5,First Lien,Chemicals & Materials,9.84 %,,SOFR,5.51 %,,2022-10-27,2028-11-01,4389,,3347,,3665,,,,,dspy_extracted,GECC,2026-03-02,GECC,2026-03-02
Form Technologies LLC,co_363a7a91702f,First Lien,Industrials,9.36 %,,SOFR,4.85 %,,2024-01-25,2025-07-22,3228,3167,3223,,,,,,,dspy_extracted,GECC,2026-03-02,GECC,2026-03-02
Form Technologies LLC,co_363a7a91702f,First Lien,Industrials,10.08 %,,SOFR,5.75 %,,2024-11-01,2030-04-30,4750,4655,4655,,,,,,,dspy_extracted,GECC,2026-03-02,GECC,2026-03-02
FPL Food LLC,co_7b388909fe7d,First Lien,Food & Beverage,11.50 %,,Prime,3.25 %,,2024-10-02,2027-02-13,2500,2500,2512,,,,,,,dspy_extracted,GECC,2026-03-02,GECC,2026-03-02
FS KKR CAPITAL Corp.,co_4ee1e711995c,Common Equity,Automotive,,,N/A,,,2024-05-09,,,3022,3236,,,,,,,dspy_extracted,GECC,2026-03-02,GECC,2026-03-02
Greenfire Resources Ltd.,co_aa54a5e0036e,First Lien,Energy,12.00 %,,Fixed,,,2023-09-13,2028-10-01,5178,5095,5579,,,,,,,dspy_extracted,GECC,2026-03-02,GECC,2026-03-02
Harvey Gulf Holdings LLC,co_673a6df69bc1,Other,Transportation & Logistics,11.39 %,,SOFR,7.03 %,,2024-02-28,2029-01-19,8784,8721,8872,,,,,,,dspy_extracted,GECC,2026-03-02,GECC,2026-03-02
Inmar Inc.,co_7f02d1f954a4,First Lien,Other,9.36 %,,SOFR,5.00 %,,2024-10-31,2031-10-24,1990,1980,1993,,,,,,,dspy_extracted,GECC,2026-03-02,GECC,2026-03-02
Lummus Technology Holdings,co_f48e428ebed1,Unsecured Debt,Chemicals & Materials,9.00 %,,Fixed,,,2022-05-17,2028-07-01,1500,1278,1519,,,,,,,dspy_extracted,GECC,2026-03-02,GECC,2026-03-02
Manchester Acquisition Sub LLC,co_19782064e0cc,First Lien,Chemicals & Materials,10.37 %,,SOFR,5.90 %,,2023-09-26,2026-11-01,6927,6522,6524,,,,,,,dspy_extracted,GECC,2026-03-02,GECC,2026-03-02
Maverick Gaming LLC,co_28f75db82886,First Lien,Media & Entertainment,12.11 %,,SOFR,7.50 %,,2024-04-03,2028-06-03,1476,1476,1476,,,,,,,dspy_extracted,GECC,2026-03-02,GECC,2026-03-02
New Wilkie Energy,co_81be50868181,Other Debt,Chemicals & Materials,15.00 %,,Fixed,,,2024-06-03,2027-02-18,144,144,144,,,,,,,dspy_extracted,GECC,2026-03-02,GECC,2026-03-02
New Wilkie Energy,co_81be50868181,Other Debt,Chemicals & Materials,16.00 %,,Fixed,,,2024-02-16,2027-02-18,1202,1202,1202,,,,,,,dspy_extracted,GECC,2026-03-02,GECC,2026-03-02
New Wilkie Energy,co_81be50868181,First Lien,Chemicals & Materials,,,N/A,,,2023-04-03,2026-04-06,4935,4821,1322,,,,,,,dspy_extracted,GECC,2026-03-02,GECC,2026-03-02
New Wilkie Energy,co_81be50868181,Warrants,Chemicals & Materials,,,N/A,,,2023-04-06,,1078899,-,-,,,,,,,dspy_extracted,GECC,2026-03-02,GECC,2026-03-02
Nice-Pak Products Inc.,co_ac77d9d1a179,Other Debt,Consumer & Retail,10.09 %,6.00 %,SOFR,11.76 %,,2022-09-30,2027-09-30,9253,9098,9363,,,,,,,dspy_extracted,GECC,2026-03-02,GECC,2026-03-02
Nice-Pak Products Inc.,co_ac77d9d1a179,Other,Consumer & Retail,,,N/A,,,2022-09-30,,1448.864,-,1449,,,,,,,dspy_extracted|principal_scaled_down_1000x,GECC,2026-03-02,GECC,2026-03-02
Nice-Pak Products Inc.,co_ac77d9d1a179,Warrants,Consumer & Retail,,,N/A,,,2022-09-30,,880909,-,2744,2.56,,,,,,dspy_extracted|fair_value_suspicious_vs_size,GECC,2026-03-02,GECC,2026-03-02
PFS Holdings Corp.,co_53aae39dd10e,Common Equity,Food & Beverage,,,N/A,,,2020-11-13,,5238,12379,-,5.05,,,,,,dspy_extracted,GECC,2026-03-02,GECC,2026-03-02
PowerStop LLC,co_1f357e6106d5,First Lien,Automotive,9.36 %,,SOFR,4.75 %,,2024-02-09,2029-01-26,2319,2148,2198,,,,,,,dspy_extracted,GECC,2026-03-02,GECC,2026-03-02
Ruby Tuesday Operations LLC,co_1f7d49afa371,First Lien,Food & Beverage,0.00 %,20.65 %,SOFR,16.00 %,,2023-01-31,2027-02-24,741,741,738,,,,,,,dspy_extracted,GECC,2026-03-02,GECC,2026-03-02
Ruby Tuesday Operations LLC,co_1f7d49afa371,Warrants,Food & Beverage,,,N/A,,,2021-02-24,,311697,-,456,2.81,,,,,,dspy_extracted|fair_value_suspicious_vs_size,GECC,2026-03-02,GECC,2026-03-02
Runner Buyer Inc.,co_80c456057e4a,First Lien,Consumer & Retail,10.11 %,,SOFR,5.61 %,,2024-11-07,2028-10-23,1995,,921,,977,,,,,dspy_extracted,GECC,2026-03-02,GECC,2026-03-02
Spencer Spirit IH LLC,co_7a56dbd269b6,First Lien,Consumer & Retail,10.02 %,,SOFR,5.50 %,,2024-06-25,2031-07-15,898,,901,,891,,,,,dspy_extracted,GECC,2026-03-02,GECC,2026-03-02
Stone Ridge Opportunities Fund LP.,co_df6461654829,Other,Insurance,,,N/A,,,2023-01-01,,2379875,,3842,,2380,,,,,cost_suspicious_vs_size|dspy_extracted|fair_value_suspicious_vs_size,GECC,2026-03-02,GECC,2026-03-02
"Thryv, Inc.",co_c152595e00c6,First Lien,Media & Entertainment,11.11 %,,SOFR,6.75 %,,2024-04-30,2029-05-01,1395,,1416,,1382,,,,,dspy_extracted,GECC,2026-03-02,GECC,2026-03-02
TPC Group Inc.,co_988714c3dd3d,First Lien,Chemicals & Materials,10.11 %,,SOFR,5.75 %,,2024-11-22,2031-11-22,950,,944,,936,,,,,dspy_extracted,GECC,2026-03-02,GECC,2026-03-02
TRU Taj Trust,co_e9f013e18a36,Common Equity,Consumer & Retail,,,N/A,,,2017-07-21,,16000,,54,2.75,611,,,,,cost_suspicious_vs_size|dspy_extracted|fair_value_suspicious_vs_size,GECC,2026-03-02,GECC,2026-03-02
Universal Fiber Systems,co_17de53ba34fb,Common Equity,Chemicals & Materials,,,N/A,,,2024-10-16,,41687,,6836,5.44,6809,,,,,dspy_extracted,GECC,2026-03-02,GECC,2026-03-02
Universal Fiber Systems,co_17de53ba34fb,Common Equity,Chemicals & Materials,,,N/A,,,2024-10-16,,371,,8,*,-,,,,,dspy_extracted,GECC,2026-03-02,GECC,2026-03-02
Universal Fiber Systems,co_17de53ba34fb,Common Equity,Chemicals & Materials,,,N/A,,,2024-10-16,,976,,-,2.37,-,,,,,dspy_extracted,GECC,2026-03-02,GECC,2026-03-02
Victra,co_0c06385124fc,First Lien,Consumer & Retail,9.61 %,,SOFR,5.25 %,,2024-09-10,2029-03-31,1210,,1224,,1211,,,,,dspy_extracted,GECC,2026-03-02,GECC,2026-03-02
Vi-Jon,co_a4f69355e0dd,First Lien,Consumer & Retail,12.85 %,2.00 %,SOFR,10.26 %,,2023-12-28,2028-12-28,8837,,8691,,8616,,,,,dspy_extracted,GECC,2026-03-02,GECC,2026-03-02
Vi-Jon,co_a4f69355e0dd,First Lien,Consumer & Retail,12.87 %,2.00 %,SOFR,10.26 %,,2024-10-29,2028-12-28,2981,,2932,,2909,,,,,dspy_extracted,GECC,2026-03-02,GECC,2026-03-02
"W&T Offshore, Inc.",co_2f9481e6cc6e,Second Lien,Energy,11.75 %,,Fixed,,,2023-01-12,2026-02-01,4816,,4857,,4816,,,,,dspy_extracted,GECC,2026-03-02,GECC,2026-03-02
Great Elm Specialty Finance LLC,co_274440f466a4,Subordinated Debt,Financial Services,,,N/A,,,,,,,25325,,,,,,,dspy_extracted,GECC,2026-03-02,GECC,2026-03-02
Great Elm Specialty Finance LLC,co_274440f466a4,Other Equity,Financial Services,,,N/A,,,,,,,13137,,,,,,,dspy_extracted,GECC,2026-03-02,GECC,2026-03-02
