company_name,investment_type,industry,cash_rate,pik_rate,reference_rate,spread,floor_rate,acquisition_date,maturity_date,principal_amount,amortized_cost,fair_value,percent_of_net_assets,cost,commitment_limit,undrawn_commitment,rate_cap,shares,data_quality_flags,ticker,filing_date,ticker,filing_date
"1244311 B.C. Ltd., Common Stock",,,,,,,,,,,,339,,,,,,,,MFIC,2023-05-02,MFIC,2023-05-02
"1244311 B.C. Ltd., Term Loan",,,,,,,,,,,,3830,,,,,,,,MFIC,2023-05-02,MFIC,2023-05-02
"AIC SPV Holdings II, LLC, Preferred Equity",,,,,,,,,,,,74,,,,,,,type_hint_pref_equity_from_name,MFIC,2023-05-02,MFIC,2023-05-02
"Carbonfree Chemicals Holdings LLC, Common Stock",,Chemicals & Materials,,,,,,,,,,20202,,,,,,,,MFIC,2023-05-02,MFIC,2023-05-02
"FC2 LLC, Term Loan",,,,,,,,,,,,12500,,,,,,,,MFIC,2023-05-02,MFIC,2023-05-02
"FC2 LLC, Common Stock",,,,,,,,,,,,,,,,,,,,MFIC,2023-05-02,MFIC,2023-05-02
"Golden Bear 2016-R, LLC, Membership Interests",,,,,,,,,,,,9413,,,,,,,,MFIC,2023-05-02,MFIC,2023-05-02
"GSC Technologies Inc., Term Loan",,,7.0%,,,,,,,,,177,,,,,,,,MFIC,2023-05-02,MFIC,2023-05-02
"Pelican Energy, LLC, Common Stock",,Energy,,,,,,,,,,195,,,,,,,,MFIC,2023-05-02,MFIC,2023-05-02
Renew Financial LLC,,Financial Services,,,,,,,,,,,,,,,,,,MFIC,2023-05-02,MFIC,2023-05-02
Renew Financial LLC,,Financial Services,,,,,,,,,,1961,,,,,,,,MFIC,2023-05-02,MFIC,2023-05-02
"Renew JV LLC, Membership Interests",,,,,,,,,,,,449,,,,,,,,MFIC,2023-05-02,MFIC,2023-05-02
"ChyronHego Corp., Preferred Equity",,Other,,,,,,,,,,22500,,,,,,,type_hint_pref_equity_from_name,MFIC,2023-05-02,MFIC,2023-05-02
"ChyronHego Corp., Revolver",,Other,,,,,,,,,,8956,,,,,,,type_hint_revolver_from_name,MFIC,2023-05-02,MFIC,2023-05-02
"ChyronHego Corp., Term Loan",,Other,,,,,,,,,,91042,,,,,,,,MFIC,2023-05-02,MFIC,2023-05-02
"ChyronHego US Holding Corp., Term Loan",,Other,,,,,,,,,,,,,,,,,,MFIC,2023-05-02,MFIC,2023-05-02
"Merx Aviation Finance, LLC, Letter of Credit",,Transportation & Logistics,,,,,,,,,,,,,,,,,,MFIC,2023-05-02,MFIC,2023-05-02
"Merx Aviation Finance, LLC, Membership Interests",,Transportation & Logistics,,,,,,,,,,111446,,,,,,,,MFIC,2023-05-02,MFIC,2023-05-02
"Merx Aviation Finance, LLC, Revolver",,Transportation & Logistics,,,,,,,,,,150000,,,,,,,type_hint_revolver_from_name,MFIC,2023-05-02,MFIC,2023-05-02
"MSEA Tankers LLC, Class A Units",,Other,,,,,,,,,,4256,,,,,,,,MFIC,2023-05-02,MFIC,2023-05-02
Controlled Company,,Other,,,,,,,,,,,,,,,,,,MFIC,2023-05-02,MFIC,2023-05-02
"SHD Oil & Gas, LLC, Series C Units",,Energy,,,,,,,,,,580,,,,,,,,MFIC,2023-05-02,MFIC,2023-05-02
"SHD Oil & Gas, LLC, Series A Units",,Energy,,,,,,,,,,,,,,,,,,MFIC,2023-05-02,MFIC,2023-05-02
"A&V Holdings Midco, LLC",,,,,,,,,,,,,,,,,,,,MFIC,2023-05-02,MFIC,2023-05-02
AMI US Holdings Inc.,,,,,,,,,,,,,,,,,,,,MFIC,2023-05-02,MFIC,2023-05-02
"AQ Sunshine, Inc.",,,23.0%,,,,,,,,,,,,,,,,,MFIC,2023-05-02,MFIC,2023-05-02
"Activ Software Holdings, LLC",,Software & Technology,,,,,,,,,,,,,,,,,,MFIC,2023-05-02,MFIC,2023-05-02
"Akoya Biosciences, Inc.",,,,,,,,,,,,,,,,,,,,MFIC,2023-05-02,MFIC,2023-05-02
Alcami Corp.,,,,,,,,,,,,,,,,,,,,MFIC,2023-05-02,MFIC,2023-05-02
"Alpinex Opco, LLC",,,,,,,,,,,,,,,,,,,,MFIC,2023-05-02,MFIC,2023-05-02
Analogic Corp.,,,,,,,,,,,,,,,,,,,,MFIC,2023-05-02,MFIC,2023-05-02
"Banner Buyer, LLC",,,,,,,,,,,,,,,,,,,,MFIC,2023-05-02,MFIC,2023-05-02
Beacon Mobility Corp.,,,,,,,,,,,,,,,,,,,,MFIC,2023-05-02,MFIC,2023-05-02
"Berner Food & Beverage, LLC",,Food & Beverage,,,,,,,,,,,,,,,,,,MFIC,2023-05-02,MFIC,2023-05-02
"CNSI Holdings, LLC",,,,,,,,,,,,,,,,,,,,MFIC,2023-05-02,MFIC,2023-05-02
"Carbon6 Technologies, Inc.",,,,,,,,,,,,,,,,,,,,MFIC,2023-05-02,MFIC,2023-05-02
"Cave Enterprises Operations, LLC",,,,,,,,,,,,,,,,,,,,MFIC,2023-05-02,MFIC,2023-05-02
"Celerion Buyer, Inc.",,,,,,,,,,,,,,,,,,,,MFIC,2023-05-02,MFIC,2023-05-02
Cerus Corp.,,,,,,,,,,,,,,,,,,,,MFIC,2023-05-02,MFIC,2023-05-02
ChyronHego Corp.,,,,,,,,,,,,,,,,,,,,MFIC,2023-05-02,MFIC,2023-05-02
ChyronHego US Holding Corp.,,,,,,,,,,,,,,,,,,,,MFIC,2023-05-02,MFIC,2023-05-02
"Club Car Wash Operating, LLC",,Automotive,,,,,,,,,,,,,,,,,,MFIC,2023-05-02,MFIC,2023-05-02
Compu-Link Corp.,,,,,,,,,,,,,,,,,,,,MFIC,2023-05-02,MFIC,2023-05-02
"Digital.ai Software Holdings, Inc.",,Software & Technology,,,,,,,,,,,,,,,,,,MFIC,2023-05-02,MFIC,2023-05-02
"EHL Merger Sub, LLC",,,,,,,,,,,,,,,,,,,,MFIC,2023-05-02,MFIC,2023-05-02
"Eagle Purchaser, Inc.",,,,,,,,,,,,,,,,,,,,MFIC,2023-05-02,MFIC,2023-05-02
Eldrickco Limited*,,,,,,,,,,,,,,,,,,,,MFIC,2023-05-02,MFIC,2023-05-02
EmpiRx Health LLC,,,,,,,,,,,,,,,,,,,,MFIC,2023-05-02,MFIC,2023-05-02
"FPG Services, LLC",,Business Services,,,,,,,,,,,,,,,,,,MFIC,2023-05-02,MFIC,2023-05-02
"Forge Biologics, Inc.",,,,,,,,,,,,,,,,,,,,MFIC,2023-05-02,MFIC,2023-05-02
"GB001, Inc.",,,,,,,,,,,,,,,,,,,,MFIC,2023-05-02,MFIC,2023-05-02
"Gabriel Partners, LLC",,,,,,,,,,,,,,,,,,,,MFIC,2023-05-02,MFIC,2023-05-02
"Gateway US Holdings, Inc.",,,,,,,,,,,,,,,,,,,,MFIC,2023-05-02,MFIC,2023-05-02
Go Car Wash Management Corp.,,Automotive,,,,,,,,,,,,,,,,,,MFIC,2023-05-02,MFIC,2023-05-02
"Graffiti Buyer, Inc.",,,,,,,,,,,,,,,,,,,,MFIC,2023-05-02,MFIC,2023-05-02
Guernsey Holdings SDI LA LLC,,,,,,,,,,,,,,,,,,,,MFIC,2023-05-02,MFIC,2023-05-02
"Gutter Buyer, Inc.",,,,,,,,,,,,,,,,,,,,MFIC,2023-05-02,MFIC,2023-05-02
"HRO (Hero Digital) Holdings, LLC",,,,,,,,,,,,,,,,,,,,MFIC,2023-05-02,MFIC,2023-05-02
"HSI HALO Acquisition, Inc.",,,,,,,,,,,,,,,,,,,,MFIC,2023-05-02,MFIC,2023-05-02
"Health Management Associates Superholdings, Inc.",,Business Services,,,,,,,,,,,,,,,,,,MFIC,2023-05-02,MFIC,2023-05-02
"Heniff Holdco, LLC",,,,,,,,,,,,,,,,,,,,MFIC,2023-05-02,MFIC,2023-05-02
"High Street Buyer, Inc.",,,,,,,,,,,,,,,,,,,,MFIC,2023-05-02,MFIC,2023-05-02
"Hive Intermediate, LLC",,Media & Entertainment,,,,,,,,,,,,,,,,,,MFIC,2023-05-02,MFIC,2023-05-02
"HomeRenew Buyer, Inc.",,,,,,,,,,,,,,,,,,,,MFIC,2023-05-02,MFIC,2023-05-02
"IMA Group Management Company, LLC",,Business Services,,,,,,,,,,,,,,,,,,MFIC,2023-05-02,MFIC,2023-05-02
"JF Acquisition, LLC",,,,,,,,,,,,,,,,,,,,MFIC,2023-05-02,MFIC,2023-05-02
Jacent Strategic Merchandising,,,,,,,,,,,,,,,,,,,,MFIC,2023-05-02,MFIC,2023-05-02
KDC US Holdings,,,,,,,,,,,,,,,,,,,,MFIC,2023-05-02,MFIC,2023-05-02
KL Charlie Acquisition Company,,,,,,,,,,,,,,,,,,,,MFIC,2023-05-02,MFIC,2023-05-02
"Kauffman Intermediate, LLC",,Media & Entertainment,,,,,,,,,,,,,,,,,,MFIC,2023-05-02,MFIC,2023-05-02
"Kure Pain Holdings, Inc.",,,,,,,,,,,,,,,,,,,,MFIC,2023-05-02,MFIC,2023-05-02
"LS Clinical Services Holdings, Inc.",,Healthcare,,,,,,,,,,,,,,,,,,MFIC,2023-05-02,MFIC,2023-05-02
"Lash OpCo, LLC",,,,,,,,,,,,,,,,,,,,MFIC,2023-05-02,MFIC,2023-05-02
LendingPoint LLC,,Financial Services,,,,,,,,,,,,,,,,,,MFIC,2023-05-02,MFIC,2023-05-02
"Lifelong Learner Holdings, LLC",,,3.0%,,,,,,,,,,,,,,,,,MFIC,2023-05-02,MFIC,2023-05-02
Litify LLC,,,,,,,,,,,,,,,,,,,,MFIC,2023-05-02,MFIC,2023-05-02
"MEP-TS Midco, LLC",,,,,,,,,,,,,,,,,,,,MFIC,2023-05-02,MFIC,2023-05-02
Magnate Holding Corp.,,,,,,,,,,,,,,,,,,,,MFIC,2023-05-02,MFIC,2023-05-02
"Marlin DTC-LS Midco 2, LLC",,,,,,,,,,,,,,,,,,,,MFIC,2023-05-02,MFIC,2023-05-02
"Maxor National Pharmacy Services, LLC",,Healthcare,,,,,,,,,,,,,,,,,,MFIC,2023-05-02,MFIC,2023-05-02
"Medical Guardian, LLC",,Healthcare,,,,,,,,,,,,,,,,,,MFIC,2023-05-02,MFIC,2023-05-02
"Merx Aviation Finance, LLC",,Transportation & Logistics,,,,,,,,,,,,,,,,,,MFIC,2023-05-02,MFIC,2023-05-02
"Midwest Vision Partners Management, LLC",,Business Services,,,,,,,,,,,,,,,,,,MFIC,2023-05-02,MFIC,2023-05-02
Momentx Corp.,,,,,,,,,,,,,,,,,,,,MFIC,2023-05-02,MFIC,2023-05-02
Naviga Inc.,,,,,,,,,,,,,,,,,,,,MFIC,2023-05-02,MFIC,2023-05-02
"New Era Technology, Inc.",,Software & Technology,,,,,,,,,,,,,,,,,,MFIC,2023-05-02,MFIC,2023-05-02
"Norvax, LLC",,,,,,,,,,,,,,,,,,,,MFIC,2023-05-02,MFIC,2023-05-02
PARS Group LLC,,,,,,,,,,,,,,,,,,,,MFIC,2023-05-02,MFIC,2023-05-02
"PHS Buyer, Inc.",,,,,,,,,,,,,,,,,,,,MFIC,2023-05-02,MFIC,2023-05-02
"Pace Health Companies, LLC",,,,,,,,,,,,,,,,,,,,MFIC,2023-05-02,MFIC,2023-05-02
Paladone Group Bidco Ltd.,,,,,,,,,,,,,,,,,,,,MFIC,2023-05-02,MFIC,2023-05-02
Paladone Group Bidco Limited*,,,,,,,,,,,,,,,,,,,,MFIC,2023-05-02,MFIC,2023-05-02
"Paragon 28, Inc.",,,,,,,,,,,,,,,,,,,,MFIC,2023-05-02,MFIC,2023-05-02
"Pavement Partners Interco, LLC",,,,,,,,,,,,,,,,,,,,MFIC,2023-05-02,MFIC,2023-05-02
Precision Refrigeration & Air Conditioning LLC,,,,,,,,,,,,,,,,,,,,MFIC,2023-05-02,MFIC,2023-05-02
"Premier Imaging, LLC",,,,,,,,,,,,,,,,,,,,MFIC,2023-05-02,MFIC,2023-05-02
"Pro-Vigil Holding Company, LLC",,,,,,,,,,,,,,,,,,,,MFIC,2023-05-02,MFIC,2023-05-02
"Project Comfort Buyer, Inc.",,,,,,,,,,,,,,,,,,,,MFIC,2023-05-02,MFIC,2023-05-02
"Protein For Pets Opco, LLC",,,,,,,,,,,,,,,,,,,,MFIC,2023-05-02,MFIC,2023-05-02
"Purchasing Power Funding I, LLC",,,,,,,,,,,,,,,,,,,,MFIC,2023-05-02,MFIC,2023-05-02
RHI Acquisition LLC,,,,,,,,,,,,,,,,,,,,MFIC,2023-05-02,MFIC,2023-05-02
"Roscoe Medical, Inc.",,Healthcare,,,,,,,,,,,,,,,,,,MFIC,2023-05-02,MFIC,2023-05-02
"SI Holdings, Inc.",,,,,,,,,,,,,,,,,,,,MFIC,2023-05-02,MFIC,2023-05-02
Shelby 2021 Holdings Corp.,,,,,,,,,,,,,,,,,,,,MFIC,2023-05-02,MFIC,2023-05-02
Sigma Buyer LLC,,,,,,,,,,,,,,,,,,,,MFIC,2023-05-02,MFIC,2023-05-02
"Simeio Group Holdings, Inc.",,,,,,,,,,,,,,,,,,,,MFIC,2023-05-02,MFIC,2023-05-02
Sirsi Corp.,,,,,,,,,,,,,,,,,,,,MFIC,2023-05-02,MFIC,2023-05-02
"Sonar Entertainment, Inc.",,Media & Entertainment,,,,,,,,,,,,,,,,,,MFIC,2023-05-02,MFIC,2023-05-02
"Springbrook Holding Company, LLC",,,,,,,,,,,,,,,,,,,,MFIC,2023-05-02,MFIC,2023-05-02
"Surf Opco, LLC",,,,,,,,,,,,,,,,,,,,MFIC,2023-05-02,MFIC,2023-05-02
"TELA Bio, Inc.",,,,,,,,,,,,,,,,,,,,MFIC,2023-05-02,MFIC,2023-05-02
TGG TS Acquisition Company,,,,,,,,,,,,,,,,,,,,MFIC,2023-05-02,MFIC,2023-05-02
THLP CO. LLC,,,,,,,,,,,,,,,,,,,,MFIC,2023-05-02,MFIC,2023-05-02
"Telesoft Holdings, LLC",,,,,,,,,,,,,,,,,,,,MFIC,2023-05-02,MFIC,2023-05-02
"Thomas Scientific, LLC",,,,,,,,,,,,,,,,,,,,MFIC,2023-05-02,MFIC,2023-05-02
"TissueTech, Inc.",,,,,,,,,,,,,,,,,,,,MFIC,2023-05-02,MFIC,2023-05-02
"Treace Medical Concepts, Inc.",,Healthcare,,,,,,,,,,,,,,,,,,MFIC,2023-05-02,MFIC,2023-05-02
Trench Plate Rental Co.,,,,,,,,,,,,,,,,,,,,MFIC,2023-05-02,MFIC,2023-05-02
"Truck-Lite Co., LLC",,,,,,,,,,,,,,,,,,,,MFIC,2023-05-02,MFIC,2023-05-02
"Turbo Buyer, Inc.",,,,,,,,,,,,,,,,,,,,MFIC,2023-05-02,MFIC,2023-05-02
"U.S. Auto Finance, Inc.",,Financial Services,,,,,,,,,,,,,,,,,,MFIC,2023-05-02,MFIC,2023-05-02
"USLS Acquisition, Inc.",,,,,,,,,,,,,,,,,,,,MFIC,2023-05-02,MFIC,2023-05-02
Ultimate Baked Goods Midco LLC,,,,,,,,,,,,,,,,,,,,MFIC,2023-05-02,MFIC,2023-05-02
"Unchained Labs, LLC",,,,,,,,,,,,,,,,,,,,MFIC,2023-05-02,MFIC,2023-05-02
Upstack Holdco Inc.,,,,,,,,,,,,,,,,,,,,MFIC,2023-05-02,MFIC,2023-05-02
ViewRay Inc.,,,,,,,,,,,,,,,,,,,,MFIC,2023-05-02,MFIC,2023-05-02
"WelldyneRX, LLC",,,,,,,,,,,,,,,,,,,,MFIC,2023-05-02,MFIC,2023-05-02
"Westfall Technik, Inc.",,,,,,,,,,,,,,,,,,,,MFIC,2023-05-02,MFIC,2023-05-02
"Wildcat BuyerCo, Inc.",,,,,,,,,,,,,,,,,,,,MFIC,2023-05-02,MFIC,2023-05-02
Yak Access LLC,,,,,,,,,,,,,,,,,,,,MFIC,2023-05-02,MFIC,2023-05-02
1244311 B.C. Ltd.,Common Equity,,,,,,,,2020-09-30,,,,,,,,,,,MFIC,2023-05-02,MFIC,2023-05-02
"AIC SPV Holdings II, LLC",Preferred Equity,,,,,,,,2017-06-01,,,,,,,,,,,MFIC,2023-05-02,MFIC,2023-05-02
"Carbon6 Technologies, Inc.",Preferred Equity,,,,,,,,2022-08-22,,,,,,,,,,,MFIC,2023-05-02,MFIC,2023-05-02
Carbonfree Chemicals Holdings LLC,Common Equity,Chemicals & Materials,,,,,,,2019-11-19,,,,,,,,,,,MFIC,2023-05-02,MFIC,2023-05-02
ChyronHego Corp.,Preferred Equity,,,,,,,,2020-12-29,,,,,,,,,,,MFIC,2023-05-02,MFIC,2023-05-02
FC2 LLC,Common Equity,,,,,,,,2022-10-14,,,,,,,,,,,MFIC,2023-05-02,MFIC,2023-05-02
Greylock Holdings LLC,Common Equity,,,,,,,,2023-03-16,,,,,,,,,,,MFIC,2023-05-02,MFIC,2023-05-02
"HSI Halo Holdings, LLC",Common Equity,,,,,,,,2022-11-09,,,,,,,,,,,MFIC,2023-05-02,MFIC,2023-05-02
"K&N Holdco, LLC",Common Equity,,,,,,,,2023-02-14,,,,,,,,,,,MFIC,2023-05-02,MFIC,2023-05-02
Litify Holdings Inc.,Common Equity,,,,,,,,2023-02-03,,,,,,,,,,,MFIC,2023-05-02,MFIC,2023-05-02
"Maxor Topco, LP.",Preferred Equity,,,,,,,,2023-03-01,,,,,,,,,,,MFIC,2023-05-02,MFIC,2023-05-02
"Merx Aviation Finance, LLC",Common Equity,Transportation & Logistics,,,,,,,2013-05-22,,,,,,,,,,,MFIC,2023-05-02,MFIC,2023-05-02
MSEA Tankers LLC,Common Equity,,,,,,,,2014-12-12,,,,,,,,,,,MFIC,2023-05-02,MFIC,2023-05-02
"Pelican Energy, LLC",Common Equity,Energy,,,,,,,2012-03-28,,,,,,,,,,,MFIC,2023-05-02,MFIC,2023-05-02
"Project Comfort Buyer, Inc.",Preferred Equity,,,,,,,,2022-05-16,,,,,,,,,,,MFIC,2023-05-02,MFIC,2023-05-02
Renew Financial LLC,Preferred Equity,Financial Services,,,,,,,2022-07-12,,,,,,,,,,,MFIC,2023-05-02,MFIC,2023-05-02
Renew Financial LLC,Preferred Equity,Financial Services,,,,,,,2014-04-09,,,,,,,,,,,MFIC,2023-05-02,MFIC,2023-05-02
Renew Financial LLC,Preferred Equity,Financial Services,,,,,,,2015-10-01,,,,,,,,,,,MFIC,2023-05-02,MFIC,2023-05-02
Renew Financial LLC,Common Equity,Financial Services,,,,,,,2020-12-23,,,,,,,,,,,MFIC,2023-05-02,MFIC,2023-05-02
Renew JV LLC,Common Equity,,,,,,,,2017-03-20,,,,,,,,,,,MFIC,2023-05-02,MFIC,2023-05-02
"SHD Oil & Gas, LLC",Common Equity,Energy,,,,,,,2012-12-27,,,,,,,,,,,MFIC,2023-05-02,MFIC,2023-05-02
"SHD Oil & Gas, LLC",Common Equity,Energy,,,,,,,2016-11-18,,,,,,,,,,,MFIC,2023-05-02,MFIC,2023-05-02
"Trench Safety Solutions Holdings, LLC",Common Equity,,,,,,,,2022-04-29,,,,,,,,,,,MFIC,2023-05-02,MFIC,2023-05-02
"Wm. Bolthouse Farms, Inc.",Common Equity,Agriculture,,,,,,,2022-07-28,,,,,,,,,,,MFIC,2023-05-02,MFIC,2023-05-02
Erickson Inc.,,,,,,,,,,,,,,,,,,,,MFIC,2023-05-02,MFIC,2023-05-02
"Liqui-Box Holdings, Inc.",,,,,,,,,,,,,,,,,,,,MFIC,2023-05-02,MFIC,2023-05-02
Orchard Therapeutics PLC,,Healthcare,,,,,,,,,,,,,,,,,,MFIC,2023-05-02,MFIC,2023-05-02
"Partner Therapeutics, Inc.",,Healthcare,,,,,,,,,,,,,,,,,,MFIC,2023-05-02,MFIC,2023-05-02
"Owl Parent Holdings, LLC",Common Equity,,,,,,,,2022-02-04,,,,,,,,,,,MFIC,2023-05-02,MFIC,2023-05-02
"SMC IR Holdings, LLC",Common Equity,,,,,,,,2022-03-08,,,,,,,,,,,MFIC,2023-05-02,MFIC,2023-05-02
"1244311 B.C. Ltd., Common Stock",,,,,,,,,,,,339,,,,,,,,MFIC,2023-08-02,MFIC,2023-08-02
"1244311 B.C. Ltd., Term Loan",,,,,,,,,,,,3830,,,,,,,,MFIC,2023-08-02,MFIC,2023-08-02
"AIC SPV Holdings II, LLC, Preferred Equity",,,,,,,,,,,,74,,,,,,,type_hint_pref_equity_from_name,MFIC,2023-08-02,MFIC,2023-08-02
"Carbonfree Chemicals Holdings LLC, Common Stock",,Chemicals & Materials,,,,,,,,,,20202,,,,,,,,MFIC,2023-08-02,MFIC,2023-08-02
"FC2 LLC, Term Loan",,,,,,,,,,,,12500,,,,,,,,MFIC,2023-08-02,MFIC,2023-08-02
"FC2 LLC, Common Stock",,,,,,,,,,,,,,,,,,,,MFIC,2023-08-02,MFIC,2023-08-02
"Golden Bear 2016-R, LLC, Membership Interests",,,,,,,,,,,,9413,,,,,,,,MFIC,2023-08-02,MFIC,2023-08-02
"GSC Technologies Inc., Term Loan",,,13.0%,,,,,,,,,177,,,,,,,,MFIC,2023-08-02,MFIC,2023-08-02
"Pelican Energy, LLC, Common Stock",,Energy,,,,,,,,,,195,,,,,,,,MFIC,2023-08-02,MFIC,2023-08-02
Renew Financial LLC,,Financial Services,,,,,,,,,,,,,,,,,,MFIC,2023-08-02,MFIC,2023-08-02
Renew Financial LLC,,Financial Services,,,,,,,,,,1961,,,,,,,,MFIC,2023-08-02,MFIC,2023-08-02
"Renew JV LLC, Membership Interests",,,,,,,,,,,,449,,,,,,,,MFIC,2023-08-02,MFIC,2023-08-02
Auto Pool 2023 Trust,,,,,,,,,,,,,,,,,,,,MFIC,2023-08-02,MFIC,2023-08-02
"ChyronHego Corp., Preferred Equity",,Other,,,,,,,,,,22500,,,,,,,type_hint_pref_equity_from_name,MFIC,2023-08-02,MFIC,2023-08-02
"ChyronHego Corp., Revolver",,Other,,,,,,,,,,8956,,,,,,,type_hint_revolver_from_name,MFIC,2023-08-02,MFIC,2023-08-02
"ChyronHego Corp., Term Loan",,Other,,,,,,,,,,91042,,,,,,,,MFIC,2023-08-02,MFIC,2023-08-02
"ChyronHego US Holding Corp., Term Loan",,Other,,,,,,,,,,,,,,,,,,MFIC,2023-08-02,MFIC,2023-08-02
"ChyronHego US Holding Corp., Revolver",,Other,,,,,,,,,,,,,,,,,type_hint_revolver_from_name,MFIC,2023-08-02,MFIC,2023-08-02
"Merx Aviation Finance, LLC, Letter of Credit",,Transportation & Logistics,,,,,,,,,,,,,,,,,,MFIC,2023-08-02,MFIC,2023-08-02
"Merx Aviation Finance, LLC, Membership Interests",,Transportation & Logistics,,,,,,,,,,111446,,,,,,,,MFIC,2023-08-02,MFIC,2023-08-02
"Merx Aviation Finance, LLC, Revolver",,Transportation & Logistics,,,,,,,,,,150000,,,,,,,type_hint_revolver_from_name,MFIC,2023-08-02,MFIC,2023-08-02
"MSEA Tankers LLC, Class A Units",,Other,,,,,,,,,,4256,,,,,,,,MFIC,2023-08-02,MFIC,2023-08-02
"SHD Oil & Gas, LLC, Series C Units",,Energy,,,,,,,,,,580,,,,,,,,MFIC,2023-08-02,MFIC,2023-08-02
"SHD Oil & Gas, LLC, Series A Units",,Energy,,,,,,,,,,,,,,,,,,MFIC,2023-08-02,MFIC,2023-08-02
"A&V Holdings Midco, LLC",,,,,,,,,,,,,,,,,,,,MFIC,2023-08-02,MFIC,2023-08-02
AMI US Holdings Inc.,,,,,,,,,,,,,,,,,,,,MFIC,2023-08-02,MFIC,2023-08-02
"AQ Sunshine, Inc.",,,23.0%,,,,,,,,,,,,,,,,,MFIC,2023-08-02,MFIC,2023-08-02
"Activ Software Holdings, LLC",,Software & Technology,,,,,,,,,,,,,,,,,,MFIC,2023-08-02,MFIC,2023-08-02
"Akoya Biosciences, Inc.",,,,,,,,,,,,,,,,,,,,MFIC,2023-08-02,MFIC,2023-08-02
Alcami Corp.,,,,,,,,,,,,,,,,,,,,MFIC,2023-08-02,MFIC,2023-08-02
"Alpinex Opco, LLC",,,,,,,,,,,,,,,,,,,,MFIC,2023-08-02,MFIC,2023-08-02
Analogic Corp.,,,,,,,,,,,,,,,,,,,,MFIC,2023-08-02,MFIC,2023-08-02
"Athlete Buyer, LLC",,,,,,,,,,,,,,,,,,,,MFIC,2023-08-02,MFIC,2023-08-02
"Banner Buyer, LLC",,,,,,,,,,,,,,,,,,,,MFIC,2023-08-02,MFIC,2023-08-02
Beacon Mobility Corp.,,,,,,,,,,,,,,,,,,,,MFIC,2023-08-02,MFIC,2023-08-02
"Berner Food & Beverage, LLC",,Food & Beverage,,,,,,,,,,,,,,,,,,MFIC,2023-08-02,MFIC,2023-08-02
"CNSI Holdings, LLC",,,,,,,,,,,,,,,,,,,,MFIC,2023-08-02,MFIC,2023-08-02
"Carbon6 Technologies, Inc.",,,,,,,,,,,,,,,,,,,,MFIC,2023-08-02,MFIC,2023-08-02
"Cave Enterprises Operations, LLC",,,,,,,,,,,,,,,,,,,,MFIC,2023-08-02,MFIC,2023-08-02
"Celerion Buyer, Inc.",,,,,,,,,,,,,,,,,,,,MFIC,2023-08-02,MFIC,2023-08-02
Cerus Corp.,,,,,,,,,,,,,,,,,,,,MFIC,2023-08-02,MFIC,2023-08-02
ChyronHego US Holding Corp.,,,,,,,,,,,,,,,,,,,,MFIC,2023-08-02,MFIC,2023-08-02
"Club Car Wash Operating, LLC",,Automotive,,,,,,,,,,,,,,,,,,MFIC,2023-08-02,MFIC,2023-08-02
Compu-Link Corp.,,,,,,,,,,,,,,,,,,,,MFIC,2023-08-02,MFIC,2023-08-02
"Digital.ai Software Holdings, Inc.",,Software & Technology,,,,,,,,,,,,,,,,,,MFIC,2023-08-02,MFIC,2023-08-02
"Eagle Purchaser, Inc.",,,,,,,,,,,,,,,,,,,,MFIC,2023-08-02,MFIC,2023-08-02
Eldrickco Limited*,,,,,,,,,,,,,,,,,,,,MFIC,2023-08-02,MFIC,2023-08-02
EmpiRx Health LLC,,,,,,,,,,,,,,,,,,,,MFIC,2023-08-02,MFIC,2023-08-02
"Forge Biologics, Inc.",,,,,,,,,,,,,,,,,,,,MFIC,2023-08-02,MFIC,2023-08-02
G Treasury SS LLC,,,,,,,,,,,,,,,,,,,,MFIC,2023-08-02,MFIC,2023-08-02
"GB001, Inc.",,,,,,,,,,,,,,,,,,,,MFIC,2023-08-02,MFIC,2023-08-02
GI Apple Midco LLC,,,,,,,,,,,,,,,,,,,,MFIC,2023-08-02,MFIC,2023-08-02
GS SEER Group Borrower LLC,,,,,,,,,,,,,,,,,,,,MFIC,2023-08-02,MFIC,2023-08-02
"Gabriel Partners, LLC",,,,,,,,,,,,,,,,,,,,MFIC,2023-08-02,MFIC,2023-08-02
"Gateway US Holdings, Inc.",,,,,,,,,,,,,,,,,,,,MFIC,2023-08-02,MFIC,2023-08-02
Go Car Wash Management Corp.,,Automotive,,,,,,,,,,,,,,,,,,MFIC,2023-08-02,MFIC,2023-08-02
"Go Car Wash Management, Corp.",,Automotive,,,,,,,,,,,,,,,,,,MFIC,2023-08-02,MFIC,2023-08-02
"Graffiti Buyer, Inc.",,,,,,,,,,,,,,,,,,,,MFIC,2023-08-02,MFIC,2023-08-02
Guernsey Holdings SDI LA LLC,,,,,,,,,,,,,,,,,,,,MFIC,2023-08-02,MFIC,2023-08-02
"Gutter Buyer, Inc.",,,1.0%,,,,,,,,,,,,,,,,,MFIC,2023-08-02,MFIC,2023-08-02
"HRO (Hero Digital) Holdings, LLC",,,,,,,,,,,,,,,,,,,,MFIC,2023-08-02,MFIC,2023-08-02
"HSI HALO Acquisition, Inc.",,,,,,,,,,,,,,,,,,,,MFIC,2023-08-02,MFIC,2023-08-02
"Health Management Associates Superholdings, Inc.",,Business Services,9.0%,,,,,,,,,,,,,,,,,MFIC,2023-08-02,MFIC,2023-08-02
"Heniff Holdco, LLC",,,,,,,,,,,,,,,,,,,,MFIC,2023-08-02,MFIC,2023-08-02
"High Street Buyer, Inc.",,,,,,,,,,,,,,,,,,,,MFIC,2023-08-02,MFIC,2023-08-02
"Hive Intermediate, LLC",,Media & Entertainment,,,,,,,,,,,,,,,,,,MFIC,2023-08-02,MFIC,2023-08-02
"HomeRenew Buyer, Inc.",,,,,,,,,,,,,,,,,,,,MFIC,2023-08-02,MFIC,2023-08-02
IW Buyer LLC,,,28.0%,,,,,,,,,,,,,,,,,MFIC,2023-08-02,MFIC,2023-08-02
"JF Acquisition, LLC",,,,,,,,,,,,,,,,,,,,MFIC,2023-08-02,MFIC,2023-08-02
Jacent Strategic Merchandising,,,,,,,,,,,,,,,,,,,,MFIC,2023-08-02,MFIC,2023-08-02
KDC US Holdings,,,,,,,,,,,,,,,,,,,,MFIC,2023-08-02,MFIC,2023-08-02
KL Charlie Acquisition Company,,,,,,,,,,,,,,,,,,,,MFIC,2023-08-02,MFIC,2023-08-02
"Kauffman Intermediate, LLC",,Media & Entertainment,,,,,,,,,,,,,,,,,,MFIC,2023-08-02,MFIC,2023-08-02
"Kure Pain Holdings, Inc.",,,,,,,,,,,,,,,,,,,,MFIC,2023-08-02,MFIC,2023-08-02
"LS Clinical Services Holdings, Inc.",,Healthcare,,,,,,,,,,,,,,,,,,MFIC,2023-08-02,MFIC,2023-08-02
"Lash OpCo, LLC",,,,,,,,,,,,,,,,,,,,MFIC,2023-08-02,MFIC,2023-08-02
LendingPoint LLC,,Financial Services,,,,,,,,,,,,,,,,,,MFIC,2023-08-02,MFIC,2023-08-02
"Lifelong Learner Holdings, LLC",,,3.0%,,,,,,,,,,,,,,,,,MFIC,2023-08-02,MFIC,2023-08-02
Litify LLC,,,,,,,,,,,,,,,,,,,,MFIC,2023-08-02,MFIC,2023-08-02
"M&M OPCO, LLC",,,,,,,,,,,,,,,,,,,,MFIC,2023-08-02,MFIC,2023-08-02
"MEP-TS Midco, LLC",,,,,,,,,,,,,,,,,,,,MFIC,2023-08-02,MFIC,2023-08-02
Magnate Holding Corp.,,,,,,,,,,,,,,,,,,,,MFIC,2023-08-02,MFIC,2023-08-02
"Marlin DTC-LS Midco 2, LLC",,,,,,,,,,,,,,,,,,,,MFIC,2023-08-02,MFIC,2023-08-02
"Maxor National Pharmacy Services, LLC",,Healthcare,,,,,,,,,,,,,,,,,,MFIC,2023-08-02,MFIC,2023-08-02
"Medical Guardian, LLC",,Healthcare,,,,,,,,,,,,,,,,,,MFIC,2023-08-02,MFIC,2023-08-02
"Merx Aviation Finance, LLC",,Transportation & Logistics,,,,,,,,,,,,,,,,,,MFIC,2023-08-02,MFIC,2023-08-02
"Midwest Vision Partners Management, LLC",,Business Services,,,,,,,,,,,,,,,,,,MFIC,2023-08-02,MFIC,2023-08-02
Momentx Corp.,,,,,,,,,,,,,,,,,,,,MFIC,2023-08-02,MFIC,2023-08-02
Naviga Inc.,,,,,,,,,,,,,,,,,,,,MFIC,2023-08-02,MFIC,2023-08-02
"New Era Technology, Inc.",,Software & Technology,,,,,,,,,,,,,,,,,,MFIC,2023-08-02,MFIC,2023-08-02
"Norvax, LLC",,,,,,,,,,,,,,,,,,,,MFIC,2023-08-02,MFIC,2023-08-02
"Omada Health, Inc.",,,5.0%,,,,,,,,,,,,,,,,,MFIC,2023-08-02,MFIC,2023-08-02
PARS Group LLC,,,,,,,,,,,,,,,,,,,,MFIC,2023-08-02,MFIC,2023-08-02
"PHS Buyer, Inc.",,,,,,,,,,,,,,,,,,,,MFIC,2023-08-02,MFIC,2023-08-02
"Pace Health Companies, LLC",,,,,,,,,,,,,,,,,,,,MFIC,2023-08-02,MFIC,2023-08-02
Paladone Group Bidco Ltd.,,,,,,,,,,,,,,,,,,,,MFIC,2023-08-02,MFIC,2023-08-02
Paladone Group Bidco Limited*,,,,,,,,,,,,,,,,,,,,MFIC,2023-08-02,MFIC,2023-08-02
"Paragon 28, Inc.",,,,,,,,,,,,,,,,,,,,MFIC,2023-08-02,MFIC,2023-08-02
"Pavement Partners Interco, LLC",,,,,,,,,,,,,,,,,,,,MFIC,2023-08-02,MFIC,2023-08-02
Precision Refrigeration & Air Conditioning LLC,,,,,,,,,,,,,,,,,,,,MFIC,2023-08-02,MFIC,2023-08-02
"Premier Imaging, LLC",,,,,,,,,,,,,,,,,,,,MFIC,2023-08-02,MFIC,2023-08-02
"Pro-Vigil Holding Company, LLC",,,,,,,,,,,,,,,,,,,,MFIC,2023-08-02,MFIC,2023-08-02
"Project Comfort Buyer, Inc.",,,,,,,,,,,,,,,,,,,,MFIC,2023-08-02,MFIC,2023-08-02
"Protein For Pets Opco, LLC",,,,,,,,,,,,,,,,,,,,MFIC,2023-08-02,MFIC,2023-08-02
"Purchasing Power Funding I, LLC",,,,,,,,,,,,,,,,,,,,MFIC,2023-08-02,MFIC,2023-08-02
RHI Acquisition LLC,,,,,,,,,,,,,,,,,,,,MFIC,2023-08-02,MFIC,2023-08-02
"Roscoe Medical, Inc.",,Healthcare,,,,,,,,,,,,,,,,,,MFIC,2023-08-02,MFIC,2023-08-02
"SI Holdings, Inc.",,,,,,,,,,,,,,,,,,,,MFIC,2023-08-02,MFIC,2023-08-02
Shelby 2021 Holdings Corp.,,,,,,,,,,,,,,,,,,,,MFIC,2023-08-02,MFIC,2023-08-02
Sigma Buyer LLC,,,,,,,,,,,,,,,,,,,,MFIC,2023-08-02,MFIC,2023-08-02
"Simeio Group Holdings, Inc.",,,,,,,,,,,,,,,,,,,,MFIC,2023-08-02,MFIC,2023-08-02
Sirsi Corp.,,,,,,,,,,,,,,,,,,,,MFIC,2023-08-02,MFIC,2023-08-02
"Sonar Entertainment, Inc.",,Media & Entertainment,,,,,,,,,,,,,,,,,,MFIC,2023-08-02,MFIC,2023-08-02
"Springbrook Holding Company, LLC",,,,,,,,,,,,,,,,,,,,MFIC,2023-08-02,MFIC,2023-08-02
"Surf Opco, LLC",,,,,,,,,,,,,,,,,,,,MFIC,2023-08-02,MFIC,2023-08-02
"TELA Bio, Inc.",,,,,,,,,,,,,,,,,,,,MFIC,2023-08-02,MFIC,2023-08-02
TGG TS Acquisition Company,,,,,,,,,,,,,,,,,,,,MFIC,2023-08-02,MFIC,2023-08-02
THLP CO. LLC,,,,,,,,,,,,,,,,,,,,MFIC,2023-08-02,MFIC,2023-08-02
"TS Investors, LLC",,,,,,,,,,,,,,,,,,,,MFIC,2023-08-02,MFIC,2023-08-02
"Telesoft Holdings, LLC",,,,,,,,,,,,,,,,,,,,MFIC,2023-08-02,MFIC,2023-08-02
TerSera Therapeutics LLC,,Healthcare,,,,,,,,,,,,,,,,,,MFIC,2023-08-02,MFIC,2023-08-02
"Thomas Scientific, LLC",,,,,,,,,,,,,,,,,,,,MFIC,2023-08-02,MFIC,2023-08-02
"TissueTech, Inc.",,,,,,,,,,,,,,,,,,,,MFIC,2023-08-02,MFIC,2023-08-02
"Treace Medical Concepts, Inc.",,Healthcare,,,,,,,,,,,,,,,,,,MFIC,2023-08-02,MFIC,2023-08-02
Trench Plate Rental Co.,,,,,,,,,,,,,,,,,,,,MFIC,2023-08-02,MFIC,2023-08-02
"Truck-Lite Co., LLC",,,,,,,,,,,,,,,,,,,,MFIC,2023-08-02,MFIC,2023-08-02
"Turbo Buyer, Inc.",,,,,,,,,,,,,,,,,,,,MFIC,2023-08-02,MFIC,2023-08-02
"USLS Acquisition, Inc.",,,,,,,,,,,,,,,,,,,,MFIC,2023-08-02,MFIC,2023-08-02
Ultimate Baked Goods Midco LLC,,,,,,,,,,,,,,,,,,,,MFIC,2023-08-02,MFIC,2023-08-02
"Unchained Labs, LLC",,,,,,,,,,,,,,,,,,,,MFIC,2023-08-02,MFIC,2023-08-02
Upstack Holdco Inc.,,,,,,,,,,,,,,,,,,,,MFIC,2023-08-02,MFIC,2023-08-02
ViewRay Inc.,,,,,,,,,,,,,,,,,,,,MFIC,2023-08-02,MFIC,2023-08-02
"WelldyneRX, LLC",,,,,,,,,,,,,,,,,,,,MFIC,2023-08-02,MFIC,2023-08-02
"Westfall Technik, Inc.",,,,,,,,,,,,,,,,,,,,MFIC,2023-08-02,MFIC,2023-08-02
"Wildcat BuyerCo, Inc.",,,,,,,,,,,,,,,,,,,,MFIC,2023-08-02,MFIC,2023-08-02
Yak Access LLC,,,,,,,,,,,,,,,,,,,,MFIC,2023-08-02,MFIC,2023-08-02
1244311 B.C. Ltd.,Common Equity,,,,,,,,2020-09-30,,,,,,,,,,,MFIC,2023-08-02,MFIC,2023-08-02
"AIC SPV Holdings II, LLC",Preferred Equity,,,,,,,,2017-06-01,,,,,,,,,,,MFIC,2023-08-02,MFIC,2023-08-02
"Carbon6 Technologies, Inc.",Preferred Equity,,,,,,,,2022-08-22,,,,,,,,,,,MFIC,2023-08-02,MFIC,2023-08-02
Carbonfree Chemicals Holdings LLC,Common Equity,Chemicals & Materials,,,,,,,2019-11-19,,,,,,,,,,,MFIC,2023-08-02,MFIC,2023-08-02
ChyronHego Corp.,Preferred Equity,,,,,,,,2020-12-29,,,,,,,,,,,MFIC,2023-08-02,MFIC,2023-08-02
FC2 LLC,Common Equity,,,,,,,,2022-10-14,,,,,,,,,,,MFIC,2023-08-02,MFIC,2023-08-02
Greylock Holdings LLC,Common Equity,,,,,,,,2023-03-16,,,,,,,,,,,MFIC,2023-08-02,MFIC,2023-08-02
"GS SEER Group Holdings, LLC",Common Equity,,,,,,,,2023-04-28,,,,,,,,,,,MFIC,2023-08-02,MFIC,2023-08-02
"HSI Halo Holdings, LLC",Common Equity,,,,,,,,2022-11-09,,,,,,,,,,,MFIC,2023-08-02,MFIC,2023-08-02
Litify Holdings Inc.,Common Equity,,,,,,,,2023-02-03,,,,,,,,,,,MFIC,2023-08-02,MFIC,2023-08-02
"Maxor Topco, LP.",Preferred Equity,,,,,,,,2023-03-01,,,,,,,,,,,MFIC,2023-08-02,MFIC,2023-08-02
"Merx Aviation Finance, LLC",Common Equity,Transportation & Logistics,,,,,,,2013-05-22,,,,,,,,,,,MFIC,2023-08-02,MFIC,2023-08-02
MSEA Tankers LLC,Common Equity,,,,,,,,2014-12-12,,,,,,,,,,,MFIC,2023-08-02,MFIC,2023-08-02
"Pelican Energy, LLC",Common Equity,Energy,,,,,,,2012-03-28,,,,,,,,,,,MFIC,2023-08-02,MFIC,2023-08-02
Renew Financial LLC,Common Equity,Financial Services,,,,,,,2020-12-23,,,,,,,,,,,MFIC,2023-08-02,MFIC,2023-08-02
Renew Financial LLC,Preferred Equity,Financial Services,,,,,,,2014-04-09,,,,,,,,,,,MFIC,2023-08-02,MFIC,2023-08-02
Renew Financial LLC,Preferred Equity,Financial Services,,,,,,,2015-10-01,,,,,,,,,,,MFIC,2023-08-02,MFIC,2023-08-02
Renew Financial LLC,Preferred Equity,Financial Services,,,,,,,2022-07-12,,,,,,,,,,,MFIC,2023-08-02,MFIC,2023-08-02
Renew JV LLC,Common Equity,,,,,,,,2017-03-20,,,,,,,,,,,MFIC,2023-08-02,MFIC,2023-08-02
"SHD Oil & Gas, LLC",Common Equity,Energy,,,,,,,2012-12-27,,,,,,,,,,,MFIC,2023-08-02,MFIC,2023-08-02
"SHD Oil & Gas, LLC",Common Equity,Energy,,,,,,,2016-11-18,,,,,,,,,,,MFIC,2023-08-02,MFIC,2023-08-02
Silk Holdings I Corp.,Common Equity,,,,,,,,2023-05-01,,,,,,,,,,,MFIC,2023-08-02,MFIC,2023-08-02
ChyronHego Corp.,,,,,,,,,,,,,,,,,,,,MFIC,2023-08-02,MFIC,2023-08-02
"EHL Merger Sub, LLC",,,,,,,,,,,,,,,,,,,,MFIC,2023-08-02,MFIC,2023-08-02
Erickson Inc.,,,,,,,,,,,,,,,,,,,,MFIC,2023-08-02,MFIC,2023-08-02
"FPG Services, LLC",,Business Services,,,,,,,,,,,,,,,,,,MFIC,2023-08-02,MFIC,2023-08-02
"Gutter Buyer, Inc.",,,,,,,,,,,,,,,,,,,,MFIC,2023-08-02,MFIC,2023-08-02
"IMA Group Management Company, LLC",,Business Services,,,,,,,,,,,,,,,,,,MFIC,2023-08-02,MFIC,2023-08-02
"Liqui-Box Holdings, Inc.",,,,,,,,,,,,,,,,,,,,MFIC,2023-08-02,MFIC,2023-08-02
Orchard Therapeutics PLC,,Healthcare,,,,,,,,,,,,,,,,,,MFIC,2023-08-02,MFIC,2023-08-02
"Partner Therapeutics, Inc.",,Healthcare,,,,,,,,,,,,,,,,,,MFIC,2023-08-02,MFIC,2023-08-02
"U.S. Auto Finance, Inc.",,Financial Services,,,,,,,,,,,,,,,,,,MFIC,2023-08-02,MFIC,2023-08-02
"Owl Parent Holdings, LLC",Common Equity,,,,,,,,2022-02-04,,,,,,,,,,,MFIC,2023-08-02,MFIC,2023-08-02
"Project Comfort Buyer, Inc.",Preferred Equity,,,,,,,,2022-05-16,,,,,,,,,,,MFIC,2023-08-02,MFIC,2023-08-02
"SMC IR Holdings, LLC",Common Equity,,,,,,,,2022-03-08,,,,,,,,,,,MFIC,2023-08-02,MFIC,2023-08-02
"Trench Safety Solutions Holdings, LLC",Common Equity,,,,,,,,2022-04-29,,,,,,,,,,,MFIC,2023-08-02,MFIC,2023-08-02
"Wm. Bolthouse Farms, Inc.",Common Equity,Agriculture,,,,,,,2022-07-28,,,,,,,,,,,MFIC,2023-08-02,MFIC,2023-08-02
"1244311 B.C. Ltd., Common Stock",,,,,,,,,,,,339,,,,,,,,MFIC,2023-11-07,MFIC,2023-11-07
"1244311 B.C. Ltd., Term Loan",,,,,,,,,,,,3830,,,,,,,,MFIC,2023-11-07,MFIC,2023-11-07
"AIC SPV Holdings II, LLC, Preferred Equity*",,,,,,,,,,,,74,,,,,,,type_hint_pref_equity_from_name,MFIC,2023-11-07,MFIC,2023-11-07
"Carbonfree Chemicals Holdings LLC, Common Stock",,Chemicals & Materials,,,,,,,,,,20202,,,,,,,,MFIC,2023-11-07,MFIC,2023-11-07
"FC2 LLC, Term Loan",,,,,,,,,,,,12500,,,,,,,,MFIC,2023-11-07,MFIC,2023-11-07
"FC2 LLC, Common Stock",,,,,,,,,,,,,,,,,,,,MFIC,2023-11-07,MFIC,2023-11-07
"Golden Bear 2016-R, LLC, Membership Interests",,,,,,,,,,,,9413,,,,,,,,MFIC,2023-11-07,MFIC,2023-11-07
"GSC Technologies Inc., Term Loan",,,13.0%,,,,,,,,,177,,,,,,,,MFIC,2023-11-07,MFIC,2023-11-07
"Pelican Energy, LLC, Common Stock",,Energy,,,,,,,,,,195,,,,,,,,MFIC,2023-11-07,MFIC,2023-11-07
Renew Financial LLC,,Financial Services,,,,,,,,,,,,,,,,,,MFIC,2023-11-07,MFIC,2023-11-07
Renew Financial LLC,,Financial Services,,,,,,,,,,1961,,,,,,,,MFIC,2023-11-07,MFIC,2023-11-07
"Renew JV LLC, Membership Interests*",,,,,,,,,,,,449,,,,,,,,MFIC,2023-11-07,MFIC,2023-11-07
Auto Pool 2023 Trust,,,,,,,,,,,,,,,,,,,,MFIC,2023-11-07,MFIC,2023-11-07
"ChyronHego Corp., Preferred Equity",,Other,,,,,,,,,,22500,,,,,,,type_hint_pref_equity_from_name,MFIC,2023-11-07,MFIC,2023-11-07
"ChyronHego Corp., Revolver",,Other,,,,,,,,,,8956,,,,,,,type_hint_revolver_from_name,MFIC,2023-11-07,MFIC,2023-11-07
"ChyronHego Corp., Term Loan",,Other,,,,,,,,,,91042,,,,,,,,MFIC,2023-11-07,MFIC,2023-11-07
"ChyronHego US Holding Corp., Term Loan",,Other,,,,,,,,,,,,,,,,,,MFIC,2023-11-07,MFIC,2023-11-07
"ChyronHego US Holding Corp., Revolver",,Other,6.0%,,,,,,,,,,,,,,,,type_hint_revolver_from_name,MFIC,2023-11-07,MFIC,2023-11-07
"Merx Aviation Finance, LLC, Letter of Credit",,Transportation & Logistics,,,,,,,,,,,,,,,,,,MFIC,2023-11-07,MFIC,2023-11-07
"Merx Aviation Finance, LLC, Membership Interests",,Transportation & Logistics,,,,,,,,,,111446,,,,,,,,MFIC,2023-11-07,MFIC,2023-11-07
"Merx Aviation Finance, LLC, Revolver",,Transportation & Logistics,,,,,,,,,,150000,,,,,,,type_hint_revolver_from_name,MFIC,2023-11-07,MFIC,2023-11-07
"MSEA Tankers LLC, Class A Units",,Other,,,,,,,,,,4256,,,,,,,,MFIC,2023-11-07,MFIC,2023-11-07
"SHD Oil & Gas, LLC, Series C Units",,Energy,,,,,,,,,,580,,,,,,,,MFIC,2023-11-07,MFIC,2023-11-07
"SHD Oil & Gas, LLC, Series A Units",,Energy,,,,,,,,,,,,,,,,,,MFIC,2023-11-07,MFIC,2023-11-07
"A&V Holdings Midco, LLC",,,,,,,,,,,,,,,,,,,,MFIC,2023-11-07,MFIC,2023-11-07
AMI US Holdings Inc.,,,,,,,,,,,,,,,,,,,,MFIC,2023-11-07,MFIC,2023-11-07
"AQ Sunshine, Inc.",,,23.0%,,,,,,,,,,,,,,,,,MFIC,2023-11-07,MFIC,2023-11-07
"Activ Software Holdings, LLC",,Software & Technology,,,,,,,,,,,,,,,,,,MFIC,2023-11-07,MFIC,2023-11-07
"Akoya Biosciences, Inc.",,,,,,,,,,,,,,,,,,,,MFIC,2023-11-07,MFIC,2023-11-07
Alcami Corp.,,,,,,,,,,,,,,,,,,,,MFIC,2023-11-07,MFIC,2023-11-07
"Alpinex Opco, LLC",,,,,,,,,,,,,,,,,,,,MFIC,2023-11-07,MFIC,2023-11-07
"Athlete Buyer, LLC",,,,,,,,,,,,,,,,,,,,MFIC,2023-11-07,MFIC,2023-11-07
"Banner Buyer, LLC",,,,,,,,,,,,,,,,,,,,MFIC,2023-11-07,MFIC,2023-11-07
Beacon Mobility Corp.,,,,,,,,,,,,,,,,,,,,MFIC,2023-11-07,MFIC,2023-11-07
"Berner Food & Beverage, LLC",,Food & Beverage,,,,,,,,,,,,,,,,,,MFIC,2023-11-07,MFIC,2023-11-07
"CNSI Holdings, LLC",,,,,,,,,,,,,,,,,,,,MFIC,2023-11-07,MFIC,2023-11-07
"Carbon6 Technologies, Inc.",,,,,,,,,,,,,,,,,,,,MFIC,2023-11-07,MFIC,2023-11-07
"Cave Enterprises Operations, LLC",,,,,,,,,,,,,,,,,,,,MFIC,2023-11-07,MFIC,2023-11-07
"Celerion Buyer, Inc.",,,,,,,,,,,,,,,,,,,,MFIC,2023-11-07,MFIC,2023-11-07
Cerus Corp.,,,,,,,,,,,,,,,,,,,,MFIC,2023-11-07,MFIC,2023-11-07
ChyronHego US Holding Corp.,,,,,,,,,,,,,,,,,,,,MFIC,2023-11-07,MFIC,2023-11-07
CircusTrix Holdings LLC,,,,,,,,,,,,,,,,,,,,MFIC,2023-11-07,MFIC,2023-11-07
"Club Car Wash Operating, LLC",,Automotive,,,,,,,,,,,,,,,,,,MFIC,2023-11-07,MFIC,2023-11-07
Compu-Link Corp.,,,,,,,,,,,,,,,,,,,,MFIC,2023-11-07,MFIC,2023-11-07
"Digital.ai Software Holdings, Inc.",,Software & Technology,,,,,,,,,,,,,,,,,,MFIC,2023-11-07,MFIC,2023-11-07
"Eagle Purchaser, Inc.",,,,,,,,,,,,,,,,,,,,MFIC,2023-11-07,MFIC,2023-11-07
Eldrickco Limited*,,,,,,,,,,,,,,,,,,,,MFIC,2023-11-07,MFIC,2023-11-07
EmpiRx Health LLC,,,,,,,,,,,,,,,,,,,,MFIC,2023-11-07,MFIC,2023-11-07
"Forge Biologics, Inc.",,,,,,,,,,,,,,,,,,,,MFIC,2023-11-07,MFIC,2023-11-07
G Treasury SS LLC,,,,,,,,,,,,,,,,,,,,MFIC,2023-11-07,MFIC,2023-11-07
"GB001, Inc.",,,,,,,,,,,,,,,,,,,,MFIC,2023-11-07,MFIC,2023-11-07
GI Apple Midco LLC,,,,,,,,,,,,,,,,,,,,MFIC,2023-11-07,MFIC,2023-11-07
GS SEER Group Borrower LLC,,,,,,,,,,,,,,,,,,,,MFIC,2023-11-07,MFIC,2023-11-07
"Gabriel Partners, LLC",,,,,,,,,,,,,,,,,,,,MFIC,2023-11-07,MFIC,2023-11-07
"Gateway US Holdings, Inc.",,,,,,,,,,,,,,,,,,,,MFIC,2023-11-07,MFIC,2023-11-07
Go Car Wash Management Corp.,,Automotive,,,,,,,,,,,,,,,,,,MFIC,2023-11-07,MFIC,2023-11-07
"Graffiti Buyer, Inc.",,,,,,,,,,,,,,,,,,,,MFIC,2023-11-07,MFIC,2023-11-07
Guernsey Holdings SDI LA LLC,,,,,,,,,,,,,,,,,,,,MFIC,2023-11-07,MFIC,2023-11-07
"Gutter Buyer, Inc.",,,,,,,,,,,,,,,,,,,,MFIC,2023-11-07,MFIC,2023-11-07
"HRO (Hero Digital) Holdings, LLC",,,,,,,,,,,,,,,,,,,,MFIC,2023-11-07,MFIC,2023-11-07
"HSI HALO Acquisition, Inc.",,,,,,,,,,,,,,,,,,,,MFIC,2023-11-07,MFIC,2023-11-07
"Health Management Associates Superholdings, Inc.",,Business Services,8.0%,,,,,,,,,,,,,,,,,MFIC,2023-11-07,MFIC,2023-11-07
"Heniff Holdco, LLC",,,,,,,,,,,,,,,,,,,,MFIC,2023-11-07,MFIC,2023-11-07
"High Street Buyer, Inc.",,,,,,,,,,,,,,,,,,,,MFIC,2023-11-07,MFIC,2023-11-07
"Hive Intermediate, LLC",,Media & Entertainment,,,,,,,,,,,,,,,,,,MFIC,2023-11-07,MFIC,2023-11-07
"HomeRenew Buyer, Inc.",,,,,,,,,,,,,,,,,,,,MFIC,2023-11-07,MFIC,2023-11-07
IW Buyer LLC,,,,,,,,,,,,,,,,,,,,MFIC,2023-11-07,MFIC,2023-11-07
"JF Acquisition, LLC",,,,,,,,,,,,,,,,,,,,MFIC,2023-11-07,MFIC,2023-11-07
Jacent Strategic Merchandising,,,,,,,,,,,,,,,,,,,,MFIC,2023-11-07,MFIC,2023-11-07
"KDC/ONE Development Corp., Inc.",,,,,,,,,,,,,,,,,,,,MFIC,2023-11-07,MFIC,2023-11-07
KL Charlie Acquisition Company,,,,,,,,,,,,,,,,,,,,MFIC,2023-11-07,MFIC,2023-11-07
"Kauffman Intermediate, LLC",,Media & Entertainment,,,,,,,,,,,,,,,,,,MFIC,2023-11-07,MFIC,2023-11-07
"Kure Pain Holdings, Inc.",,,,,,,,,,,,,,,,,,,,MFIC,2023-11-07,MFIC,2023-11-07
"LS Clinical Services Holdings, Inc.",,Healthcare,,,,,,,,,,,,,,,,,,MFIC,2023-11-07,MFIC,2023-11-07
"Lash OpCo, LLC",,,,,,,,,,,,,,,,,,,,MFIC,2023-11-07,MFIC,2023-11-07
LendingPoint LLC,,Financial Services,,,,,,,,,,,,,,,,,,MFIC,2023-11-07,MFIC,2023-11-07
"Lifelong Learner Holdings, LLC",,,3.0%,,,,,,,,,,,,,,,,,MFIC,2023-11-07,MFIC,2023-11-07
Litify LLC,,,,,,,,,,,,,,,,,,,,MFIC,2023-11-07,MFIC,2023-11-07
"M&M OPCO, LLC",,,,,,,,,,,,,,,,,,,,MFIC,2023-11-07,MFIC,2023-11-07
Magnate Holding Corp.,,,,,,,,,,,,,,,,,,,,MFIC,2023-11-07,MFIC,2023-11-07
"Marlin DTC-LS Midco 2, LLC",,,,,,,,,,,,,,,,,,,,MFIC,2023-11-07,MFIC,2023-11-07
"Maxor National Pharmacy Services, LLC",,Healthcare,,,,,,,,,,,,,,,,,,MFIC,2023-11-07,MFIC,2023-11-07
"Medical Guardian, LLC",,Healthcare,,,,,,,,,,,,,,,,,,MFIC,2023-11-07,MFIC,2023-11-07
"Merx Aviation Finance, LLC",,Transportation & Logistics,,,,,,,,,,,,,,,,,,MFIC,2023-11-07,MFIC,2023-11-07
"Midwest Vision Partners Management, LLC",,Business Services,,,,,,,,,,,,,,,,,,MFIC,2023-11-07,MFIC,2023-11-07
Momentx Corp.,,,,,,,,,,,,,,,,,,,,MFIC,2023-11-07,MFIC,2023-11-07
Naviga Inc.,,,,,,,,,,,,,,,,,,,,MFIC,2023-11-07,MFIC,2023-11-07
"New Era Technology, Inc.",,Software & Technology,,,,,,,,,,,,,,,,,,MFIC,2023-11-07,MFIC,2023-11-07
"Norvax, LLC",,,,,,,,,,,,,,,,,,,,MFIC,2023-11-07,MFIC,2023-11-07
"Omada Health, Inc.",,,5.0%,,,,,,,,,,,,,,,,,MFIC,2023-11-07,MFIC,2023-11-07
PARS Group LLC,,,,,,,,,,,,,,,,,,,,MFIC,2023-11-07,MFIC,2023-11-07
"PHS Buyer, Inc.",,,,,,,,,,,,,,,,,,,,MFIC,2023-11-07,MFIC,2023-11-07
"Pace Health Companies, LLC",,,,,,,,,,,,,,,,,,,,MFIC,2023-11-07,MFIC,2023-11-07
Paladone Group Bidco Ltd.,,,,,,,,,,,,,,,,,,,,MFIC,2023-11-07,MFIC,2023-11-07
Paladone Group Bidco Limited*,,,,,,,,,,,,,,,,,,,,MFIC,2023-11-07,MFIC,2023-11-07
"Paragon 28, Inc.",,,,,,,,,,,,,,,,,,,,MFIC,2023-11-07,MFIC,2023-11-07
"Pave America Interco, LLC",,,,,,,,,,,,,,,,,,,,MFIC,2023-11-07,MFIC,2023-11-07
Precision Refrigeration & Air Conditioning LLC,,,,,,,,,,,,,,,,,,,,MFIC,2023-11-07,MFIC,2023-11-07
"PrimeFlight Acquisition, LLC",,,,,,,,,,,,,,,,,,,,MFIC,2023-11-07,MFIC,2023-11-07
"Pro-Vigil Holding Company, LLC",,,,,,,,,,,,,,,,,,,,MFIC,2023-11-07,MFIC,2023-11-07
"Project Comfort Buyer, Inc.",,,,,,,,,,,,,,,,,,,,MFIC,2023-11-07,MFIC,2023-11-07
"Protein For Pets Opco, LLC",,,,,,,,,,,,,,,,,,,,MFIC,2023-11-07,MFIC,2023-11-07
"Purchasing Power Funding I, LLC",,,,,,,,,,,,,,,,,,,,MFIC,2023-11-07,MFIC,2023-11-07
RHI Acquisition LLC,,,,,,,,,,,,,,,,,,,,MFIC,2023-11-07,MFIC,2023-11-07
"Roscoe Medical, Inc.",,Healthcare,,,,,,,,,,,,,,,,,,MFIC,2023-11-07,MFIC,2023-11-07
"SI Holdings, Inc.",,,,,,,,,,,,,,,,,,,,MFIC,2023-11-07,MFIC,2023-11-07
Shelby 2021 Holdings Corp.,,,,,,,,,,,,,,,,,,,,MFIC,2023-11-07,MFIC,2023-11-07
Sigma Buyer LLC,,,,,,,,,,,,,,,,,,,,MFIC,2023-11-07,MFIC,2023-11-07
"Simeio Group Holdings, Inc.",,,,,,,,,,,,,,,,,,,,MFIC,2023-11-07,MFIC,2023-11-07
Sirsi Corp.,,,,,,,,,,,,,,,,,,,,MFIC,2023-11-07,MFIC,2023-11-07
"Sonar Entertainment, Inc.",,Media & Entertainment,,,,,,,,,,,,,,,,,,MFIC,2023-11-07,MFIC,2023-11-07
"Springbrook Holding Company, LLC",,,,,,,,,,,,,,,,,,,,MFIC,2023-11-07,MFIC,2023-11-07
"Surf Opco, LLC",,,,,,,,,,,,,,,,,,,,MFIC,2023-11-07,MFIC,2023-11-07
"TELA Bio, Inc.",,,,,,,,,,,,,,,,,,,,MFIC,2023-11-07,MFIC,2023-11-07
THLP CO. LLC,,,,,,,,,,,,,,,,,,,,MFIC,2023-11-07,MFIC,2023-11-07
"TS Investors, LLC",,,,,,,,,,,,,,,,,,,,MFIC,2023-11-07,MFIC,2023-11-07
"Telesoft Holdings, LLC",,,,,,,,,,,,,,,,,,,,MFIC,2023-11-07,MFIC,2023-11-07
TerSera Therapeutics LLC,,Healthcare,,,,,,,,,,,,,,,,,,MFIC,2023-11-07,MFIC,2023-11-07
"Thomas Scientific, LLC",,,,,,,,,,,,,,,,,,,,MFIC,2023-11-07,MFIC,2023-11-07
"TissueTech, Inc.",,,,,,,,,,,,,,,,,,,,MFIC,2023-11-07,MFIC,2023-11-07
"Treace Medical Concepts, Inc.",,Healthcare,,,,,,,,,,,,,,,,,,MFIC,2023-11-07,MFIC,2023-11-07
Trench Plate Rental Co.,,,,,,,,,,,,,,,,,,,,MFIC,2023-11-07,MFIC,2023-11-07
"Truck-Lite Co., LLC",,,,,,,,,,,,,,,,,,,,MFIC,2023-11-07,MFIC,2023-11-07
"Turbo Buyer, Inc.",,,,,,,,,,,,,,,,,,,,MFIC,2023-11-07,MFIC,2023-11-07
"US Fertility Enterprises, LLC",,Healthcare,,,,,,,,,,,,,,,,,,MFIC,2023-11-07,MFIC,2023-11-07
"USLS Acquisition, Inc.",,,,,,,,,,,,,,,,,,,,MFIC,2023-11-07,MFIC,2023-11-07
Ultimate Baked Goods Midco LLC,,,,,,,,,,,,,,,,,,,,MFIC,2023-11-07,MFIC,2023-11-07
"Unchained Labs, LLC",,,,,,,,,,,,,,,,,,,,MFIC,2023-11-07,MFIC,2023-11-07
Upstack Holdco Inc.,,,,,,,,,,,,,,,,,,,,MFIC,2023-11-07,MFIC,2023-11-07
"Village Pet Care, LLC",,Consumer & Retail,,,,,,,,,,,,,,,,,,MFIC,2023-11-07,MFIC,2023-11-07
"WelldyneRX, LLC",,,,,,,,,,,,,,,,,,,,MFIC,2023-11-07,MFIC,2023-11-07
"Westfall Technik, Inc.",,,,,,,,,,,,,,,,,,,,MFIC,2023-11-07,MFIC,2023-11-07
"Wildcat BuyerCo, Inc.",,,,,,,,,,,,,,,,,,,,MFIC,2023-11-07,MFIC,2023-11-07
Yak Access LLC,,,,,,,,,,,,,,,,,,,,MFIC,2023-11-07,MFIC,2023-11-07
1244311 B.C. Ltd.,Common Equity,,,,,,,,2020-09-30,,,,,,,,,,,MFIC,2023-11-07,MFIC,2023-11-07
Carbonfree Chemicals Holdings LLC,Common Equity,Chemicals & Materials,,,,,,,2019-11-01,,,,,,,,,,,MFIC,2023-11-07,MFIC,2023-11-07
ChyronHego Corp.,Preferred Equity,,,,,,,,2020-12-29,,,,,,,,,,,MFIC,2023-11-07,MFIC,2023-11-07
FC2 LLC,Common Equity,,,,,,,,2022-10-14,,,,,,,,,,,MFIC,2023-11-07,MFIC,2023-11-07
Greylock Holdings LLC,Common Equity,,,,,,,,2023-03-16,,,,,,,,,,,MFIC,2023-11-07,MFIC,2023-11-07
"GS SEER Group Holdings, LLC",Common Equity,,,,,,,,2023-04-28,,,,,,,,,,,MFIC,2023-11-07,MFIC,2023-11-07
"HSI Halo Holdings, LLC",Common Equity,,,,,,,,2022-11-09,,,,,,,,,,,MFIC,2023-11-07,MFIC,2023-11-07
Litify Holdings Inc.,Common Equity,,,,,,,,2023-02-03,,,,,,,,,,,MFIC,2023-11-07,MFIC,2023-11-07
"Maxor Topco, LP.",Preferred Equity,,,,,,,,2023-03-01,,,,,,,,,,,MFIC,2023-11-07,MFIC,2023-11-07
"Merx Aviation Finance, LLC",Common Equity,Transportation & Logistics,,,,,,,2022-09-01,,,,,,,,,,,MFIC,2023-11-07,MFIC,2023-11-07
MSEA Tankers LLC,Common Equity,,,,,,,,2014-12-12,,,,,,,,,,,MFIC,2023-11-07,MFIC,2023-11-07
"Pelican Energy, LLC",Common Equity,Energy,,,,,,,2012-03-28,,,,,,,,,,,MFIC,2023-11-07,MFIC,2023-11-07
"SHD Oil & Gas, LLC",Common Equity,Energy,,,,,,,2016-11-18,,,,,,,,,,,MFIC,2023-11-07,MFIC,2023-11-07
"SHD Oil & Gas, LLC",Common Equity,Energy,,,,,,,2012-12-27,,,,,,,,,,,MFIC,2023-11-07,MFIC,2023-11-07
Silk Holdings I Corp.,Common Equity,,,,,,,,2023-05-01,,,,,,,,,,,MFIC,2023-11-07,MFIC,2023-11-07
Analogic Corp.,,,,,,,,,,,,,,,,,,,,MFIC,2023-11-07,MFIC,2023-11-07
ChyronHego Corp.,,,,,,,,,,,,,,,,,,,,MFIC,2023-11-07,MFIC,2023-11-07
"EHL Merger Sub, LLC",,,,,,,,,,,,,,,,,,,,MFIC,2023-11-07,MFIC,2023-11-07
Erickson Inc.,,,,,,,,,,,,,,,,,,,,MFIC,2023-11-07,MFIC,2023-11-07
"FPG Services, LLC",,Business Services,,,,,,,,,,,,,,,,,,MFIC,2023-11-07,MFIC,2023-11-07
"IMA Group Management Company, LLC",,Business Services,,,,,,,,,,,,,,,,,,MFIC,2023-11-07,MFIC,2023-11-07
KDC US Holdings,,,,,,,,,,,,,,,,,,,,MFIC,2023-11-07,MFIC,2023-11-07
"Liqui-Box Holdings, Inc.",,,,,,,,,,,,,,,,,,,,MFIC,2023-11-07,MFIC,2023-11-07
"MEP-TS Midco, LLC",,,,,,,,,,,,,,,,,,,,MFIC,2023-11-07,MFIC,2023-11-07
Orchard Therapeutics PLC,,Healthcare,,,,,,,,,,,,,,,,,,MFIC,2023-11-07,MFIC,2023-11-07
"Partner Therapeutics, Inc.",,Healthcare,,,,,,,,,,,,,,,,,,MFIC,2023-11-07,MFIC,2023-11-07
"Premier Imaging, LLC",,,,,,,,,,,,,,,,,,,,MFIC,2023-11-07,MFIC,2023-11-07
TGG TS Acquisition Company,,,,,,,,,,,,,,,,,,,,MFIC,2023-11-07,MFIC,2023-11-07
"U.S. Auto Finance, Inc.",,Financial Services,,,,,,,,,,,,,,,,,,MFIC,2023-11-07,MFIC,2023-11-07
ViewRay Inc.,,,,,,,,,,,,,,,,,,,,MFIC,2023-11-07,MFIC,2023-11-07
"AIC SPV Holdings II, LLC",Preferred Equity,,,,,,,,2017-06-01,,,,,,,,,,,MFIC,2023-11-07,MFIC,2023-11-07
"Carbon6 Technologies, Inc.",Preferred Equity,,,,,,,,2022-08-22,,,,,,,,,,,MFIC,2023-11-07,MFIC,2023-11-07
Carbonfree Chemicals Holdings LLC,Common Equity,Chemicals & Materials,,,,,,,2019-11-19,,,,,,,,,,,MFIC,2023-11-07,MFIC,2023-11-07
"Merx Aviation Finance, LLC",Common Equity,Transportation & Logistics,,,,,,,2013-05-22,,,,,,,,,,,MFIC,2023-11-07,MFIC,2023-11-07
"Owl Parent Holdings, LLC",Common Equity,,,,,,,,2022-02-04,,,,,,,,,,,MFIC,2023-11-07,MFIC,2023-11-07
"Project Comfort Buyer, Inc.",Preferred Equity,,,,,,,,2022-05-16,,,,,,,,,,,MFIC,2023-11-07,MFIC,2023-11-07
Renew Financial LLC,Common Equity,Financial Services,,,,,,,2020-12-23,,,,,,,,,,,MFIC,2023-11-07,MFIC,2023-11-07
Renew Financial LLC,Preferred Equity,Financial Services,,,,,,,2015-10-01,,,,,,,,,,,MFIC,2023-11-07,MFIC,2023-11-07
Renew Financial LLC,Preferred Equity,Financial Services,,,,,,,2014-04-09,,,,,,,,,,,MFIC,2023-11-07,MFIC,2023-11-07
Renew Financial LLC,Preferred Equity,Financial Services,,,,,,,2022-07-12,,,,,,,,,,,MFIC,2023-11-07,MFIC,2023-11-07
Renew JV LLC,Common Equity,,,,,,,,2017-03-20,,,,,,,,,,,MFIC,2023-11-07,MFIC,2023-11-07
"SMC IR Holdings, LLC",Common Equity,,,,,,,,2022-03-08,,,,,,,,,,,MFIC,2023-11-07,MFIC,2023-11-07
"Trench Safety Solutions Holdings, LLC",Common Equity,,,,,,,,2022-04-29,,,,,,,,,,,MFIC,2023-11-07,MFIC,2023-11-07
"Wm. Bolthouse Farms, Inc.",Common Equity,Agriculture,,,,,,,2022-07-28,,,,,,,,,,,MFIC,2023-11-07,MFIC,2023-11-07
"1244311 B.C. Ltd., Common Stock",,,,,,,,,,,,1087,,,,,,,,MFIC,2024-05-07,MFIC,2024-05-07
"1244311 B.C. Ltd., Term Loan",,,,,,,,,,,,3740,,,,,,,,MFIC,2024-05-07,MFIC,2024-05-07
Auto Pool 2023 Trust,,,,,,,,,,,,30621,,,,,,,,MFIC,2024-05-07,MFIC,2024-05-07
"Blue Jay Transit Inc., Term Loan",,,28.0%,,,,,,,,,,,,,,,,,MFIC,2024-05-07,MFIC,2024-05-07
Bird Scooter Acquisition Corp.,,,,,,,,,,,,,,,,,,,,MFIC,2024-05-07,MFIC,2024-05-07
"Carbonfree Chemicals Holdings LLC, Common Stock",,Chemicals & Materials,,,,,,,,,,18727,,,,,,,,MFIC,2024-05-07,MFIC,2024-05-07
"FC2 LLC, Term Loan",,,,,,,,,,,,12501,,,,,,,,MFIC,2024-05-07,MFIC,2024-05-07
"FC2 LLC, Common Stock",,,,,,,,,,,,,,,,,,,,MFIC,2024-05-07,MFIC,2024-05-07
"Golden Bear 2016-R, LLC, Membership Interests",,,,,,,,,,,,10712,,,,,,,,MFIC,2024-05-07,MFIC,2024-05-07
"Pelican Energy, LLC, Common Stock",,Energy,,,,,,,,,,140,,,,,,,,MFIC,2024-05-07,MFIC,2024-05-07
"ChyronHego Corp., Preferred Equity",,Other,,,,,,,,,,20628,,,,,,,type_hint_pref_equity_from_name,MFIC,2024-05-07,MFIC,2024-05-07
"ChyronHego US Holding Corp., Term Loan",,Other,,,,,,,,,,106906,,,,,,,,MFIC,2024-05-07,MFIC,2024-05-07
"ChyronHego US Holding Corp., Revolver",,Other,,,,,,,,,,1300,,,,,,,type_hint_revolver_from_name,MFIC,2024-05-07,MFIC,2024-05-07
"Merx Aviation Finance, LLC, Letter of Credit",,Transportation & Logistics,,,,,,,,,,,,,,,,,,MFIC,2024-05-07,MFIC,2024-05-07
"Merx Aviation Finance, LLC, Membership Interests",,Transportation & Logistics,,,,,,,,,,117043,,,,,,,,MFIC,2024-05-07,MFIC,2024-05-07
"Merx Aviation Finance, LLC, Revolver",,Transportation & Logistics,,,,,,,,,,74076,,,,,,,type_hint_revolver_from_name,MFIC,2024-05-07,MFIC,2024-05-07
"MSEA Tankers LLC, Class A Units",,Other,,,,,,,,,,45,,,,,,,,MFIC,2024-05-07,MFIC,2024-05-07
"SHD Oil & Gas, LLC, Series C Units",,Energy,,,,,,,,,,346,,,,,,,,MFIC,2024-05-07,MFIC,2024-05-07
"SHD Oil & Gas, LLC, Series A Units",,Energy,,,,,,,,,,,,,,,,,,MFIC,2024-05-07,MFIC,2024-05-07
"A&V Holdings Midco, LLC",,,,,,,,,,,,,,,,,,,,MFIC,2024-05-07,MFIC,2024-05-07
"ACP Avenu Buyer, LLC",,,,,,,,,,,,,,,,,,,,MFIC,2024-05-07,MFIC,2024-05-07
AMI US Holdings Inc.,,,,,,,,,,,,,,,,,,,,MFIC,2024-05-07,MFIC,2024-05-07
"Acentra Holdings, LLC",,,,,,,,,,,,,,,,,,,,MFIC,2024-05-07,MFIC,2024-05-07
"Activ Software Holdings, LLC",,Software & Technology,,,,,,,,,,,,,,,,,,MFIC,2024-05-07,MFIC,2024-05-07
Alcami Corp.,,,,,,,,,,,,,,,,,,,,MFIC,2024-05-07,MFIC,2024-05-07
Alcresta Therapeutics Inc.,,Healthcare,,,,,,,,,,,,,,,,,,MFIC,2024-05-07,MFIC,2024-05-07
"Alpinex Opco, LLC",,,,,,,,,,,,,,,,,,,,MFIC,2024-05-07,MFIC,2024-05-07
"Athlete Buyer, LLC",,,,,,,,,,,,,,,,,,,,MFIC,2024-05-07,MFIC,2024-05-07
"Banner Buyer, LLC",,,,,,,,,,,,,,,,,,,,MFIC,2024-05-07,MFIC,2024-05-07
Beacon Mobility Corp.,,,,,,,,,,,,,,,,,,,,MFIC,2024-05-07,MFIC,2024-05-07
"Berner Food & Beverage, LLC",,Food & Beverage,,,,,,,,,,,,,,,,,,MFIC,2024-05-07,MFIC,2024-05-07
Blue Jay Transit Inc.,,,,,,,,,,,,,,,,,,,,MFIC,2024-05-07,MFIC,2024-05-07
"Camin Cargo Control Holdings, Inc.",,Transportation & Logistics,,,,,,,,,,,,,,,,,,MFIC,2024-05-07,MFIC,2024-05-07
"Cave Enterprises Operations, LLC",,,,,,,,,,,,,,,,,,,,MFIC,2024-05-07,MFIC,2024-05-07
"Celerion Buyer, Inc.",,,,,,,,,,,,,,,,,,,,MFIC,2024-05-07,MFIC,2024-05-07
Cerus Corp.,,,,,,,,,,,,,,,,,,,,MFIC,2024-05-07,MFIC,2024-05-07
ChyronHego US Holding Corp.,,,,,,,,,,,,,,,,,,,,MFIC,2024-05-07,MFIC,2024-05-07
CircusTrix Holdings LLC,,,,,,,,,,,,,,,,,,,,MFIC,2024-05-07,MFIC,2024-05-07
"Club Car Wash Operating, LLC",,Automotive,,,,,,,,,,,,,,,,,,MFIC,2024-05-07,MFIC,2024-05-07
Colonnade Parent Inc.,,,,,,,,,,,,,,,,,,,,MFIC,2024-05-07,MFIC,2024-05-07
Compu-Link Corp.,,,,,,,,,,,,,,,,,,,,MFIC,2024-05-07,MFIC,2024-05-07
"Digital.ai Software Holdings, Inc.",,Software & Technology,,,,,,,,,,,,,,,,,,MFIC,2024-05-07,MFIC,2024-05-07
"Eagle Purchaser, Inc.",,,,,,,,,,,,,,,,,,,,MFIC,2024-05-07,MFIC,2024-05-07
Eldrickco Limited*,,,,,,,,,,,,,,,,,,,,MFIC,2024-05-07,MFIC,2024-05-07
EmpiRx Health LLC,,,,,,,,,,,,,,,,,,,,MFIC,2024-05-07,MFIC,2024-05-07
"ExactCare Parent, Inc.",,,,,,,,,,,,,,,,,,,,MFIC,2024-05-07,MFIC,2024-05-07
Excelligence Learning Corp.,,Education,,,,,,,,,,,,,,,,,,MFIC,2024-05-07,MFIC,2024-05-07
G Treasury SS LLC,,,,,,,,,,,,,,,,,,,,MFIC,2024-05-07,MFIC,2024-05-07
"G&A Partners Holding Company II, LLC",,,,,,,,,,,,,,,,,,,,MFIC,2024-05-07,MFIC,2024-05-07
"GB001, Inc.",,,,,,,,,,,,,,,,,,,,MFIC,2024-05-07,MFIC,2024-05-07
GI Apple Midco LLC,,,,,,,,,,,,,,,,,,,,MFIC,2024-05-07,MFIC,2024-05-07
GS SEER Group Borrower LLC,,,,,,,,,,,,,,,,,,,,MFIC,2024-05-07,MFIC,2024-05-07
"Gabriel Partners, LLC",,,,,,,,,,,,,,,,,,,,MFIC,2024-05-07,MFIC,2024-05-07
"Gateway US Holdings, Inc.",,,,,,,,,,,,,,,,,,,,MFIC,2024-05-07,MFIC,2024-05-07
Go Car Wash Management Corp.,,Automotive,,,,,,,,,,,,,,,,,,MFIC,2024-05-07,MFIC,2024-05-07
"Graffiti Buyer, Inc.",,,,,,,,,,,,,,,,,,,,MFIC,2024-05-07,MFIC,2024-05-07
"Green Grass Foods, Inc.",,Food & Beverage,,,,,,,,,,,,,,,,,,MFIC,2024-05-07,MFIC,2024-05-07
Guernsey Holdings SDI LA LLC,,,,,,,,,,,,,,,,,,,,MFIC,2024-05-07,MFIC,2024-05-07
"Gutter Buyer, Inc.",,,,,,,,,,,,,,,,,,,,MFIC,2024-05-07,MFIC,2024-05-07
"HEF Safety Ultimate Holdings, LLC",,,,,,,,,,,,,,,,,,,,MFIC,2024-05-07,MFIC,2024-05-07
"HRO (Hero Digital) Holdings, LLC",,,,,,,,,,,,,,,,,,,,MFIC,2024-05-07,MFIC,2024-05-07
"HSI HALO Acquisition, Inc.",,,,,,,,,,,,,,,,,,,,MFIC,2024-05-07,MFIC,2024-05-07
"Health Management Associates Superholdings, Inc.",,Business Services,5.0%,,,,,,,,,,,,,,,,,MFIC,2024-05-07,MFIC,2024-05-07
"Heniff Holdco, LLC",,,,,,,,,,,,,,,,,,,,MFIC,2024-05-07,MFIC,2024-05-07
"High Street Buyer, Inc.",,,,,,,,,,,,,,,,,,,,MFIC,2024-05-07,MFIC,2024-05-07
"Hive Intermediate, LLC",,Media & Entertainment,,,,,,,,,,,,,,,,,,MFIC,2024-05-07,MFIC,2024-05-07
"HomeRenew Buyer, Inc.",,,,,,,,,,,,,,,,,,,,MFIC,2024-05-07,MFIC,2024-05-07
IW Buyer LLC,,,9.0%,,,,,,,,,,,,,,,,,MFIC,2024-05-07,MFIC,2024-05-07
"Ironhorse Purchaser, LLC",,,13.0%,,,,,,,,,,,,,,,,,MFIC,2024-05-07,MFIC,2024-05-07
"JF Acquisition, LLC",,,,,,,,,,,,,,,,,,,,MFIC,2024-05-07,MFIC,2024-05-07
Jacent Strategic Merchandising,,,,,,,,,,,,,,,,,,,,MFIC,2024-05-07,MFIC,2024-05-07
KL Charlie Acquisition Company,,,,,,,,,,,,,,,,,,,,MFIC,2024-05-07,MFIC,2024-05-07
"Kauffman Intermediate, LLC",,Media & Entertainment,,,,,,,,,,,,,,,,,,MFIC,2024-05-07,MFIC,2024-05-07
"Kure Pain Holdings, Inc.",,,,,,,,,,,,,,,,,,,,MFIC,2024-05-07,MFIC,2024-05-07
"LS Clinical Services Holdings, Inc.",,Healthcare,,,,,,,,,,,,,,,,,,MFIC,2024-05-07,MFIC,2024-05-07
"Lash OpCo, LLC",,,2.0%,,,,,,,,,,,,,,,,,MFIC,2024-05-07,MFIC,2024-05-07
LendingPoint LLC,,Financial Services,,,,,,,,,,,,,,,,,,MFIC,2024-05-07,MFIC,2024-05-07
"Lifelong Learner Holdings, LLC",,,,,,,,,,,,,,,,,,,,MFIC,2024-05-07,MFIC,2024-05-07
Litify LLC,,,,,,,,,,,,,,,,,,,,MFIC,2024-05-07,MFIC,2024-05-07
"M&M OPCO, LLC",,,,,,,,,,,,,,,,,,,,MFIC,2024-05-07,MFIC,2024-05-07
MGP Holdings III Corp.,,,,,,,,,,,,,,,,,,,,MFIC,2024-05-07,MFIC,2024-05-07
"Marlin DTC-LS Midco 2, LLC",,,,,,,,,,,,,,,,,,,,MFIC,2024-05-07,MFIC,2024-05-07
"Maxor National Pharmacy Services, LLC",,Healthcare,,,,,,,,,,,,,,,,,,MFIC,2024-05-07,MFIC,2024-05-07
"Medical Guardian, LLC",,Healthcare,,,,,,,,,,,,,,,,,,MFIC,2024-05-07,MFIC,2024-05-07
"Merx Aviation Finance, LLC",,Transportation & Logistics,,,,,,,,,,,,,,,,,,MFIC,2024-05-07,MFIC,2024-05-07
"Midwest Vision Partners Management, LLC",,Business Services,,,,,,,,,,,,,,,,,,MFIC,2024-05-07,MFIC,2024-05-07
"Mobile Communications America, Inc.",,,,,,,,,,,,,,,,,,,,MFIC,2024-05-07,MFIC,2024-05-07
Momentx Corp.,,,,,,,,,,,,,,,,,,,,MFIC,2024-05-07,MFIC,2024-05-07
"New Era Technology, Inc.",,Software & Technology,,,,,,,,,,,,,,,,,,MFIC,2024-05-07,MFIC,2024-05-07
"Norvax, LLC",,,,,,,,,,,,,,,,,,,,MFIC,2024-05-07,MFIC,2024-05-07
"Omada Health, Inc.",,,5.0%,,,,,,,,,,,,,,,,,MFIC,2024-05-07,MFIC,2024-05-07
PARS Group LLC,,,,,,,,,,,,,,,,,,,,MFIC,2024-05-07,MFIC,2024-05-07
"PHS Buyer, Inc.",,,,,,,,,,,,,,,,,,,,MFIC,2024-05-07,MFIC,2024-05-07
"Pace Health Companies, LLC",,,,,,,,,,,,,,,,,,,,MFIC,2024-05-07,MFIC,2024-05-07
Paladone Group Bidco Ltd.,,,,,,,,,,,,,,,,,,,,MFIC,2024-05-07,MFIC,2024-05-07
Paladone Group Bidco Limited*,,,,,,,,,,,,,,,,,,,,MFIC,2024-05-07,MFIC,2024-05-07
"Patriot Foods Buyer, Inc.",,Food & Beverage,,,,,,,,,,,,,,,,,,MFIC,2024-05-07,MFIC,2024-05-07
"Pave America Interco, LLC",,,,,,,,,,,,,,,,,,,,MFIC,2024-05-07,MFIC,2024-05-07
Precision Refrigeration & Air Conditioning LLC,,,,,,,,,,,,,,,,,,,,MFIC,2024-05-07,MFIC,2024-05-07
"Pro-Vigil Holding Company, LLC",,,,,,,,,,,,,,,,,,,,MFIC,2024-05-07,MFIC,2024-05-07
"Project Comfort Buyer, Inc.",,,,,,,,,,,,,,,,,,,,MFIC,2024-05-07,MFIC,2024-05-07
"Protein For Pets Opco, LLC",,,,,,,,,,,,,,,,,,,,MFIC,2024-05-07,MFIC,2024-05-07
"Purchasing Power Funding I, LLC",,,,,,,,,,,,,,,,,,,,MFIC,2024-05-07,MFIC,2024-05-07
"R.F. Fager Company, LLC",,,,,,,,,,,,,,,,,,,,MFIC,2024-05-07,MFIC,2024-05-07
RHI Acquisition LLC,,,,,,,,,,,,,,,,,,,,MFIC,2024-05-07,MFIC,2024-05-07
RoC Holdco LLC,,,,,,,,,,,,,,,,,,,,MFIC,2024-05-07,MFIC,2024-05-07
"Roscoe Medical, Inc.",,Healthcare,,,,,,,,,,,,,,,,,,MFIC,2024-05-07,MFIC,2024-05-07
"SI Holdings, Inc.",,,,,,,,,,,,,,,,,,,,MFIC,2024-05-07,MFIC,2024-05-07
Shelby 2021 Holdings Corp.,,,,,,,,,,,,,,,,,,,,MFIC,2024-05-07,MFIC,2024-05-07
Sigma Buyer LLC,,,,,,,,,,,,,,,,,,,,MFIC,2024-05-07,MFIC,2024-05-07
Silk Holdings III Corp.,,,,,,,,,,,,,,,,,,,,MFIC,2024-05-07,MFIC,2024-05-07
"Simeio Group Holdings, Inc.",,,,,,,,,,,,,,,,,,,,MFIC,2024-05-07,MFIC,2024-05-07
Sirsi Corp.,,,,,,,,,,,,,,,,,,,,MFIC,2024-05-07,MFIC,2024-05-07
"Smith Topco, Inc.",,,,,,,,,,,,,,,,,,,,MFIC,2024-05-07,MFIC,2024-05-07
"Springbrook Holding Company, LLC",,,,,,,,,,,,,,,,,,,,MFIC,2024-05-07,MFIC,2024-05-07
"Surf Opco, LLC",,,,,,,,,,,,,,,,,,,,MFIC,2024-05-07,MFIC,2024-05-07
"TELA Bio, Inc.",,,,,,,,,,,,,,,,,,,,MFIC,2024-05-07,MFIC,2024-05-07
THLP CO. LLC,,,,,,,,,,,,,,,,,,,,MFIC,2024-05-07,MFIC,2024-05-07
"TS Investors, LLC",,,,,,,,,,,,,,,,,,,,MFIC,2024-05-07,MFIC,2024-05-07
"Telesoft Holdings, LLC",,,,,,,,,,,,,,,,,,,,MFIC,2024-05-07,MFIC,2024-05-07
TerSera Therapeutics LLC,,Healthcare,,,,,,,,,,,,,,,,,,MFIC,2024-05-07,MFIC,2024-05-07
"Thomas Scientific, LLC",,,,,,,,,,,,,,,,,,,,MFIC,2024-05-07,MFIC,2024-05-07
"TissueTech, Inc.",,,,,,,,,,,,,,,,,,,,MFIC,2024-05-07,MFIC,2024-05-07
"Treace Medical Concepts, Inc.",,Healthcare,,,,,,,,,,,,,,,,,,MFIC,2024-05-07,MFIC,2024-05-07
Trench Plate Rental Co.,,,,,,,,,,,,,,,,,,,,MFIC,2024-05-07,MFIC,2024-05-07
"Turbo Buyer, Inc.",,,,,,,,,,,,,,,,,,,,MFIC,2024-05-07,MFIC,2024-05-07
"US Fertility Enterprises, LLC",,Healthcare,15.0%,,,,,,,,,,,,,,,,,MFIC,2024-05-07,MFIC,2024-05-07
"USLS Acquisition, Inc.",,,,,,,,,,,,,,,,,,,,MFIC,2024-05-07,MFIC,2024-05-07
Ultimate Baked Goods Midco LLC,,,,,,,,,,,,,,,,,,,,MFIC,2024-05-07,MFIC,2024-05-07
"Unchained Labs, LLC",,,,,,,,,,,,,,,,,,,,MFIC,2024-05-07,MFIC,2024-05-07
Upstack Holdco Inc.,,,,,,,,,,,,,,,,,,,,MFIC,2024-05-07,MFIC,2024-05-07
"Village Pet Care, LLC",,Consumer & Retail,,,,,,,,,,,,,,,,,,MFIC,2024-05-07,MFIC,2024-05-07
"WelldyneRX, LLC",,,,,,,,,,,,,,,,,,,,MFIC,2024-05-07,MFIC,2024-05-07
"Westfall Technik, Inc.",,,,,,,,,,,,,,,,,,,,MFIC,2024-05-07,MFIC,2024-05-07
"Wildcat BuyerCo, Inc.",,,,,,,,,,,,,,,,,,,,MFIC,2024-05-07,MFIC,2024-05-07
"Zephyr Buyer, LP.",,,,,,,,,,,,,,,,,,,,MFIC,2024-05-07,MFIC,2024-05-07
1244311 B.C. Ltd.,Common Equity,,,,,,,,2020-09-30,,,,,,,,,,,MFIC,2024-05-07,MFIC,2024-05-07
"Alcresta Holdings, LP",Preferred Equity,,,,,,,,2024-03-12,,,,,,,,,,,MFIC,2024-05-07,MFIC,2024-05-07
Ambrosia Buyer Corp.,Common Equity,,,,,,,,2024-02-01,,,,,,,,,,,MFIC,2024-05-07,MFIC,2024-05-07
Bird Scooter Acquisition Corp.,Common Equity,,,,,,,,2024-03-22,,,,,,,,,,,MFIC,2024-05-07,MFIC,2024-05-07
"BSP-TS, LP",Preferred Equity,,,,,,,,2023-10-23,,,,,,,,,,,MFIC,2024-05-07,MFIC,2024-05-07
Carbonfree Chemicals Holdings LLC,Common Equity,Chemicals & Materials,,,,,,,2019-11-01,,,,,,,,,,,MFIC,2024-05-07,MFIC,2024-05-07
ChyronHego Corp.,Preferred Equity,,,,,,,,2020-12-29,,,,,,,,,,,MFIC,2024-05-07,MFIC,2024-05-07
FC2 LLC,Common Equity,,,,,,,,2022-10-14,,,,,,,,,,,MFIC,2024-05-07,MFIC,2024-05-07
"GS SEER Group Holdings, LLC",Common Equity,,,,,,,,2023-04-28,,,,,,,,,,,MFIC,2024-05-07,MFIC,2024-05-07
"Merx Aviation Finance, LLC",Common Equity,Transportation & Logistics,,,,,,,2022-09-01,,,,,,,,,,,MFIC,2024-05-07,MFIC,2024-05-07
MSEA Tankers LLC,Common Equity,,,,,,,,2014-12-12,,,,,,,,,,,MFIC,2024-05-07,MFIC,2024-05-07
"Nutpods Holdings, Inc.",Common Equity,,,,,,,,2023-12-26,,,,,,,,,,,MFIC,2024-05-07,MFIC,2024-05-07
"Pelican Energy, LLC",Common Equity,Energy,,,,,,,2012-03-28,,,,,,,,,,,MFIC,2024-05-07,MFIC,2024-05-07
Renew Financial LLC,Common Equity,Financial Services,,,,,,,2023-10-01,,,,,,,,,,,MFIC,2024-05-07,MFIC,2024-05-07
"SHD Oil & Gas, LLC",Common Equity,Energy,,,,,,,2016-11-18,,,,,,,,,,,MFIC,2024-05-07,MFIC,2024-05-07
"SHD Oil & Gas, LLC",Common Equity,Energy,,,,,,,2012-12-27,,,,,,,,,,,MFIC,2024-05-07,MFIC,2024-05-07
Silk Holdings I Corp.,Common Equity,,,,,,,,2023-05-01,,,,,,,,,,,MFIC,2024-05-07,MFIC,2024-05-07
"Sorenson Holdings, LLC",Common Equity,,,,,,,,2024-01-25,,,,,,,,,,,MFIC,2024-05-07,MFIC,2024-05-07
"Bird Rides, Inc.",,,,,,,,,,,,,,,,,,,,MFIC,2024-05-07,MFIC,2024-05-07
"Lash OpCo, LLC",,,,,,,,,,,,,,,,,,,,MFIC,2024-05-07,MFIC,2024-05-07
"Lifelong Learner Holdings, LLC",,,3.0%,,,,,,,,,,,,,,,,,MFIC,2024-05-07,MFIC,2024-05-07
Magnate Holding Corp.,,,,,,,,,,,,,,,,,,,,MFIC,2024-05-07,MFIC,2024-05-07
Naviga Inc.,,,,,,,,,,,,,,,,,,,,MFIC,2024-05-07,MFIC,2024-05-07
"Truck-Lite Co., LLC",,,,,,,,,,,,,,,,,,,,MFIC,2024-05-07,MFIC,2024-05-07
"US Fertility Enterprises, LLC",,Healthcare,28.0%,,,,,,,,,,,,,,,,,MFIC,2024-05-07,MFIC,2024-05-07
"USLS Acquisition, Inc.",,,27.0%,,,,,,,,,,,,,,,,,MFIC,2024-05-07,MFIC,2024-05-07
Yak Access LLC,,,,,,,,,,,,,,,,,,,,MFIC,2024-05-07,MFIC,2024-05-07
Greylock Holdings LLC,Common Equity,,,,,,,,2023-03-16,,,,,,,,,,,MFIC,2024-05-07,MFIC,2024-05-07
Litify Holdings Inc.,Common Equity,,,,,,,,2023-02-03,,,,,,,,,,,MFIC,2024-05-07,MFIC,2024-05-07
"Maxor Topco, LP.",Preferred Equity,,,,,,,,2023-03-01,,,,,,,,,,,MFIC,2024-05-07,MFIC,2024-05-07
"1244311 B.C. Ltd., Common Stock",,,,,,,,,,,,1087,,,,,,,,MFIC,2024-11-07,MFIC,2024-11-07
"1244311 B.C. Ltd., Term Loan",,,,,,,,,,,,3740,,,,,,,,MFIC,2024-11-07,MFIC,2024-11-07
Auto Pool 2023 Trust,,,,,,,,,,,,30621,,,,,,,,MFIC,2024-11-07,MFIC,2024-11-07
"Blue Jay Transit Inc., Term Loan",,,,,,,,,,,,,,,,,,,,MFIC,2024-11-07,MFIC,2024-11-07
Bird Scooter Acquisition Corp.,,,4.0%,,,,,,,,,,,,,,,,,MFIC,2024-11-07,MFIC,2024-11-07
"Carbonfree Chemicals Holdings LLC, Common Stock",,Chemicals & Materials,,,,,,,,,,18727,,,,,,,,MFIC,2024-11-07,MFIC,2024-11-07
"FC2 LLC, Term Loan",,,,,,,,,,,,12501,,,,,,,,MFIC,2024-11-07,MFIC,2024-11-07
"FC2 LLC, Common Stock",,,,,,,,,,,,,,,,,,,,MFIC,2024-11-07,MFIC,2024-11-07
"Golden Bear 2016-R, LLC, Membership Interests",,,,,,,,,,,,10712,,,,,,,,MFIC,2024-11-07,MFIC,2024-11-07
"Pelican Energy, LLC, Common Stock",,Energy,,,,,,,,,,140,,,,,,,,MFIC,2024-11-07,MFIC,2024-11-07
"ChyronHego Corp., Preferred Equity",,Other,,,,,,,,,,20628,,,,,,,type_hint_pref_equity_from_name,MFIC,2024-11-07,MFIC,2024-11-07
"ChyronHego US Holding Corp., Term Loan",,Other,,,,,,,,,,106906,,,,,,,,MFIC,2024-11-07,MFIC,2024-11-07
"ChyronHego US Holding Corp., Revolver",,Other,,,,,,,,,,1300,,,,,,,type_hint_revolver_from_name,MFIC,2024-11-07,MFIC,2024-11-07
"Merx Aviation Finance, LLC, Letter of Credit",,Transportation & Logistics,,,,,,,,,,,,,,,,,,MFIC,2024-11-07,MFIC,2024-11-07
"Merx Aviation Finance, LLC, Membership Interests",,Transportation & Logistics,,,,,,,,,,117043,,,,,,,,MFIC,2024-11-07,MFIC,2024-11-07
"Merx Aviation Finance, LLC, Revolver",,Transportation & Logistics,,,,,,,,,,74076,,,,,,,type_hint_revolver_from_name,MFIC,2024-11-07,MFIC,2024-11-07
"MSEA Tankers LLC, Class A Units",,Other,,,,,,,,,,45,,,,,,,,MFIC,2024-11-07,MFIC,2024-11-07
"SHD Oil & Gas, LLC, Series C Units",,Energy,,,,,,,,,,346,,,,,,,,MFIC,2024-11-07,MFIC,2024-11-07
"SHD Oil & Gas, LLC, Series A Units",,Energy,,,,,,,,,,,,,,,,,,MFIC,2024-11-07,MFIC,2024-11-07
"ACP Avenu Buyer, LLC",,,,,,,,,,,,,,,,,,,,MFIC,2024-11-07,MFIC,2024-11-07
"AGDATA Midco, LLC",,,,,,,,,,,,,,,,,,,,MFIC,2024-11-07,MFIC,2024-11-07
AHP Timberwolf Bidco Corp.,,,,,,,,,,,,,,,,,,,,MFIC,2024-11-07,MFIC,2024-11-07
AMI US Holdings Inc.,,,,,,,,,,,,,,,,,,,,MFIC,2024-11-07,MFIC,2024-11-07
"Accelerate360 Holdings, LLC",,,,,,,,,,,,,,,,,,,,MFIC,2024-11-07,MFIC,2024-11-07
"Acentra Holdings, LLC",,,,,,,,,,,,,,,,,,,,MFIC,2024-11-07,MFIC,2024-11-07
"Activ Software Holdings, LLC",,Software & Technology,,,,,,,,,,,,,,,,,,MFIC,2024-11-07,MFIC,2024-11-07
Alcami Corp.,,,,,,,,,,,,,,,,,,,,MFIC,2024-11-07,MFIC,2024-11-07
Alcresta Therapeutics Inc.,,Healthcare,,,,,,,,,,,,,,,,,,MFIC,2024-11-07,MFIC,2024-11-07
"All Star Recruiting Locums, LLC",,Business Services,,,,,,,,,,,,,,,,,,MFIC,2024-11-07,MFIC,2024-11-07
"Alpinex Opco, LLC",,,,,,,,,,,,,,,,,,,,MFIC,2024-11-07,MFIC,2024-11-07
"American Restoration Holdings, LLC",,,,,,,,,,,,,,,,,,,,MFIC,2024-11-07,MFIC,2024-11-07
"Anaplan, Inc.",,,,,,,,,,,,,,,,,,,,MFIC,2024-11-07,MFIC,2024-11-07
"Aspen Aerogels, Inc.",,,,,,,,,,,,,,,,,,,,MFIC,2024-11-07,MFIC,2024-11-07
"Athlete Buyer, LLC",,,,,,,,,,,,,,,,,,,,MFIC,2024-11-07,MFIC,2024-11-07
"August Bioservices, LLC",,Business Services,,,,,,,,,,,,,,,,,,MFIC,2024-11-07,MFIC,2024-11-07
"Avalara, Inc.",,,,,,,,,,,,,,,,,,,,MFIC,2024-11-07,MFIC,2024-11-07
"Banner Buyer, LLC",,,,,,,,,,,,,,,,,,,,MFIC,2024-11-07,MFIC,2024-11-07
Beacon Mobility Corp.,,,,,,,,,,,,,,,,,,,,MFIC,2024-11-07,MFIC,2024-11-07
"Berner Food & Beverage, LLC",,Food & Beverage,,,,,,,,,,,,,,,,,,MFIC,2024-11-07,MFIC,2024-11-07
Biamp,,,,,,,,,,,,,,,,,,,,MFIC,2024-11-07,MFIC,2024-11-07
"Bingo Group Buyer, Inc.",,,25.0%,,,,,,,,,,,,,,,,,MFIC,2024-11-07,MFIC,2024-11-07
Blue Jay Transit Inc.,,,,,,,,,,,,,,,,,,,,MFIC,2024-11-07,MFIC,2024-11-07
Bullcave Ltd.,,,,,,,,,,,,,,,,,,,,MFIC,2024-11-07,MFIC,2024-11-07
BusPatrol Holdco,,,,,,,,,,,,,,,,,,,,MFIC,2024-11-07,MFIC,2024-11-07
"CRS Holdings, Inc.",,,,,,,,,,,,,,,,,,,,MFIC,2024-11-07,MFIC,2024-11-07
"CSC Holdings, LLC",,,,,,,,,,,,,,,,,,,,MFIC,2024-11-07,MFIC,2024-11-07
"Camin Cargo Control Holdings, Inc.",,Transportation & Logistics,,,,,,,,,,,,,,,,,,MFIC,2024-11-07,MFIC,2024-11-07
"Cave Enterprises Operations, LLC",,,,,,,,,,,,,,,,,,,,MFIC,2024-11-07,MFIC,2024-11-07
"Celerion Buyer, Inc.",,,,,,,,,,,,,,,,,,,,MFIC,2024-11-07,MFIC,2024-11-07
Cerus Corp.,,,,,,,,,,,,,,,,,,,,MFIC,2024-11-07,MFIC,2024-11-07
"Channelside AcquisitionCo, Inc.",,,,,,,,,,,,,,,,,,,,MFIC,2024-11-07,MFIC,2024-11-07
ChyronHego US Holding Corp.,,,,,,,,,,,,,,,,,,,,MFIC,2024-11-07,MFIC,2024-11-07
CircusTrix Holdings LLC,,,,,,,,,,,,,,,,,,,,MFIC,2024-11-07,MFIC,2024-11-07
"Club Car Wash Operating, LLC",,Automotive,,,,,,,,,,,,,,,,,,MFIC,2024-11-07,MFIC,2024-11-07
Club Champion LLC,,,,,,,,,,,,,,,,,,,,MFIC,2024-11-07,MFIC,2024-11-07
Colonnade Parent Inc.,,,,,,,,,,,,,,,,,,,,MFIC,2024-11-07,MFIC,2024-11-07
Compu-Link Corp.,,,,,,,,,,,,,,,,,,,,MFIC,2024-11-07,MFIC,2024-11-07
Coretrust Purchasing Group LLC,,,,,,,,,,,,,,,,,,,,MFIC,2024-11-07,MFIC,2024-11-07
"Crewline Buyer, Inc.",,,,,,,,,,,,,,,,,,,,MFIC,2024-11-07,MFIC,2024-11-07
"Cube Industrials Buyer, Inc./Cube A&D Buyer Inc.",,Industrials,,,,,,,,,,,,,,,,,,MFIC,2024-11-07,MFIC,2024-11-07
"Digital.ai Software Holdings, Inc.",,Software & Technology,,,,,,,,,,,,,,,,,,MFIC,2024-11-07,MFIC,2024-11-07
Distinct Holdings Inc.,,,,,,,,,,,,,,,,,,,,MFIC,2024-11-07,MFIC,2024-11-07
"Eagle Purchaser, Inc.",,,,,,,,,,,,,,,,,,,,MFIC,2024-11-07,MFIC,2024-11-07
Eldrickco Limited*,,,,,,,,,,,,,,,,,,,,MFIC,2024-11-07,MFIC,2024-11-07
EmpiRx Health LLC,,,,,,,,,,,,,,,,,,,,MFIC,2024-11-07,MFIC,2024-11-07
"Evergreen IX Borrower 2023, LLC",,,,,,,,,,,,,,,,,,,,MFIC,2024-11-07,MFIC,2024-11-07
Evoriel*,,,,,,,,,,,,,,,,,,,,MFIC,2024-11-07,MFIC,2024-11-07
"ExactCare Parent, Inc.",,,,,,,,,,,,,,,,,,,,MFIC,2024-11-07,MFIC,2024-11-07
Excelligence Learning Corp.,,Education,,,,,,,,,,,,,,,,,,MFIC,2024-11-07,MFIC,2024-11-07
G Treasury SS LLC,,,,,,,,,,,,,,,,,,,,MFIC,2024-11-07,MFIC,2024-11-07
"G&A Partners Holding Company II, LLC",,,,,,,,,,,,,,,,,,,,MFIC,2024-11-07,MFIC,2024-11-07
GAT-Airline Ground Support Inc.,,Transportation & Logistics,,,,,,,,,,,,,,,,,,MFIC,2024-11-07,MFIC,2024-11-07
GI Apple Midco LLC,,,4.0%,,,,,,,,,,,,,,,,,MFIC,2024-11-07,MFIC,2024-11-07
GS SEER Group Borrower LLC,,,,,,,,,,,,,,,,,,,,MFIC,2024-11-07,MFIC,2024-11-07
"Gabriel Partners, LLC",,,,,,,,,,,,,,,,,,,,MFIC,2024-11-07,MFIC,2024-11-07
"Gateway US Holdings, Inc.",,,,,,,,,,,,,,,,,,,,MFIC,2024-11-07,MFIC,2024-11-07
"Generator Buyer, Inc.*",,,,,,,,,,,,,,,,,,,,MFIC,2024-11-07,MFIC,2024-11-07
Genius Bidco LLC,,,,,,,,,,,,,,,,,,,,MFIC,2024-11-07,MFIC,2024-11-07
Go Car Wash Management Corp.,,Automotive,,,,,,,,,,,,,,,,,,MFIC,2024-11-07,MFIC,2024-11-07
"Graffiti Buyer, Inc.",,,,,,,,,,,,,,,,,,,,MFIC,2024-11-07,MFIC,2024-11-07
"Green Grass Foods, Inc.",,Food & Beverage,,,,,,,,,,,,,,,,,,MFIC,2024-11-07,MFIC,2024-11-07
Guernsey Holdings SDI LA LLC,,,,,,,,,,,,,,,,,,,,MFIC,2024-11-07,MFIC,2024-11-07
"HEF Safety Ultimate Holdings, LLC",,,,,,,,,,,,,,,,,,,,MFIC,2024-11-07,MFIC,2024-11-07
"HRO (Hero Digital) Holdings, LLC",,,,,,,,,,,,,,,,,,,,MFIC,2024-11-07,MFIC,2024-11-07
"Health Management Associates Superholdings, Inc.",,Business Services,5.0%,,,,,,,,,,,,,,,,,MFIC,2024-11-07,MFIC,2024-11-07
"Heniff Holdco, LLC",,,,,,,,,,,,,,,,,,,,MFIC,2024-11-07,MFIC,2024-11-07
"Heritage Environmental Services, Inc.",,Environmental Services,4.0%,,,,,,,,,,,,,,,,,MFIC,2024-11-07,MFIC,2024-11-07
"High Street Buyer, Inc.",,,,,,,,,,,,,,,,,,,,MFIC,2024-11-07,MFIC,2024-11-07
"Hive Intermediate, LLC",,Media & Entertainment,,,,,,,,,,,,,,,,,,MFIC,2024-11-07,MFIC,2024-11-07
"HomeRenew Buyer, Inc.",,,,,,,,,,,,,,,,,,,,MFIC,2024-11-07,MFIC,2024-11-07
IQN Holding Corp.,,,,,,,,,,,,,,,,,,,,MFIC,2024-11-07,MFIC,2024-11-07
IW Buyer LLC,,,9.0%,,,,,,,,,,,,,,,,,MFIC,2024-11-07,MFIC,2024-11-07
"Ironhorse Purchaser, LLC",,,13.0%,,,,,,,,,,,,,,,,,MFIC,2024-11-07,MFIC,2024-11-07
"JF Acquisition, LLC",,,,,,,,,,,,,,,,,,,,MFIC,2024-11-07,MFIC,2024-11-07
Jacent Strategic Merchandising,,,,,,,,,,,,,,,,,,,,MFIC,2024-11-07,MFIC,2024-11-07
KL Charlie Acquisition Company,,,,,,,,,,,,,,,,,,,,MFIC,2024-11-07,MFIC,2024-11-07
"Kauffman Intermediate, LLC",,Media & Entertainment,8.0%,,,,,,,,,,,,,,,,,MFIC,2024-11-07,MFIC,2024-11-07
"Kure Pain Holdings, Inc.",,,,,,,,,,,,,,,,,,,,MFIC,2024-11-07,MFIC,2024-11-07
"LS Clinical Services Holdings, Inc.",,Healthcare,,,,,,,,,,,,,,,,,,MFIC,2024-11-07,MFIC,2024-11-07
"Lash OpCo, LLC",,,,,,,,,,,,,,,,,,,,MFIC,2024-11-07,MFIC,2024-11-07
LendingPoint LLC,,Financial Services,,,,,,,,,,,,,,,,,,MFIC,2024-11-07,MFIC,2024-11-07
"Lifelong Learner Holdings, LLC",,,,,,,,,,,,,,,,,,,,MFIC,2024-11-07,MFIC,2024-11-07
Litify LLC,,,,,,,,,,,,,,,,,,,,MFIC,2024-11-07,MFIC,2024-11-07
"Lookout, Inc.",,,,,,,,,,,,,,,,,,,,MFIC,2024-11-07,MFIC,2024-11-07
Lotus Topco Inc.,,,,,,,,,,,,,,,,,,,,MFIC,2024-11-07,MFIC,2024-11-07
"M&M OPCO, LLC",,,,,,,,,,,,,,,,,,,,MFIC,2024-11-07,MFIC,2024-11-07
MGP Holdings III Corp.,,,,,,,,,,,,,,,,,,,,MFIC,2024-11-07,MFIC,2024-11-07
"Marlin DTC-LS Midco 2, LLC",,,,,,,,,,,,,,,,,,,,MFIC,2024-11-07,MFIC,2024-11-07
"Maxor National Pharmacy Services, LLC",,Healthcare,,,,,,,,,,,,,,,,,,MFIC,2024-11-07,MFIC,2024-11-07
"Medical Guardian, LLC",,Healthcare,,,,,,,,,,,,,,,,,,MFIC,2024-11-07,MFIC,2024-11-07
"Merx Aviation Finance, LLC",,Transportation & Logistics,,,,,,,,,,,,,,,,,,MFIC,2024-11-07,MFIC,2024-11-07
"Midwest Vision Partners Management, LLC",,Business Services,,,,,,,,,,,,,,,,,,MFIC,2024-11-07,MFIC,2024-11-07
"Mobile Communications America, Inc.",,,,,,,,,,,,,,,,,,,,MFIC,2024-11-07,MFIC,2024-11-07
Momentx Corp.,,,,,,,,,,,,,,,,,,,,MFIC,2024-11-07,MFIC,2024-11-07
Munson Buffalo Restaurant Group LLC,,Food & Beverage,,,,,,,,,,,,,,,,,,MFIC,2024-11-07,MFIC,2024-11-07
"NPPI Buyer, LLC",,,,,,,,,,,,,,,,,,,,MFIC,2024-11-07,MFIC,2024-11-07
"New Era Technology, Inc.",,Software & Technology,,,,,,,,,,,,,,,,,,MFIC,2024-11-07,MFIC,2024-11-07
"Norvax, LLC",,,,,,,,,,,,,,,,,,,,MFIC,2024-11-07,MFIC,2024-11-07
"OMH-Healthedge Holdings, Inc.",,,,,,,,,,,,,,,,,,,,MFIC,2024-11-07,MFIC,2024-11-07
"Omada Health, Inc.",,,5.0%,,,,,,,,,,,,,,,,,MFIC,2024-11-07,MFIC,2024-11-07
"Orion Buyer, LLC",,,,,,,,,,,,,,,,,,,,MFIC,2024-11-07,MFIC,2024-11-07
PARS Group LLC,,,,,,,,,,,,,,,,,,,,MFIC,2024-11-07,MFIC,2024-11-07
"PHOENIX YW BUYER, INC.",,,,,,,,,,,,,,,,,,,,MFIC,2024-11-07,MFIC,2024-11-07
"PHS Buyer, Inc.",,,,,,,,,,,,,,,,,,,,MFIC,2024-11-07,MFIC,2024-11-07
"Pace Health Companies, LLC",,,,,,,,,,,,,,,,,,,,MFIC,2024-11-07,MFIC,2024-11-07
Paladone Group Bidco Ltd.,,,,,,,,,,,,,,,,,,,,MFIC,2024-11-07,MFIC,2024-11-07
Paladone Group Bidco Limited*,,,,,,,,,,,,,,,,,,,,MFIC,2024-11-07,MFIC,2024-11-07
"Patriot Foods Buyer, Inc.",,Food & Beverage,,,,,,,,,,,,,,,,,,MFIC,2024-11-07,MFIC,2024-11-07
"Pave America Interco, LLC",,,,,,,,,,,,,,,,,,,,MFIC,2024-11-07,MFIC,2024-11-07
"Pavement Preservation Acquisition, LLC",,,,,,,,,,,,,,,,,,,,MFIC,2024-11-07,MFIC,2024-11-07
"Poly-Wood, LLC",,,,,,,,,,,,,,,,,,,,MFIC,2024-11-07,MFIC,2024-11-07
Precision Refrigeration & Air Conditioning LLC,,,,,,,,,,,,,,,,,,,,MFIC,2024-11-07,MFIC,2024-11-07
"Pro-Vigil Holding Company, LLC",,,,,,,,,,,,,,,,,,,,MFIC,2024-11-07,MFIC,2024-11-07
"Project Comfort Buyer, Inc.",,,,,,,,,,,,,,,,,,,,MFIC,2024-11-07,MFIC,2024-11-07
"Protein For Pets Opco, LLC",,,,,,,,,,,,,,,,,,,,MFIC,2024-11-07,MFIC,2024-11-07
"Purchasing Power Funding I, LLC",,,,,,,,,,,,,,,,,,,,MFIC,2024-11-07,MFIC,2024-11-07
"R.F. Fager Company, LLC",,,23.0%,,,,,,,,,,,,,,,,,MFIC,2024-11-07,MFIC,2024-11-07
RHI Acquisition LLC,,,,,,,,,,,,,,,,,,,,MFIC,2024-11-07,MFIC,2024-11-07
"Rarebreed Veterinary Partners, Inc.",,Healthcare,,,,,,,,,,,,,,,,,,MFIC,2024-11-07,MFIC,2024-11-07
Regis Corp.,,,,,,,,,,,,,,,,,,,,MFIC,2024-11-07,MFIC,2024-11-07
"Riverbed Technology, Inc.",,Software & Technology,,,,,,,,,,,,,,,,,,MFIC,2024-11-07,MFIC,2024-11-07
RoC Holdco LLC,,,,,,,,,,,,,,,,,,,,MFIC,2024-11-07,MFIC,2024-11-07
"Roscoe Medical, Inc.",,Healthcare,,,,,,,,,,,,,,,,,,MFIC,2024-11-07,MFIC,2024-11-07
"SEV Intermediate Holdco, LLC",,Media & Entertainment,,,,,,,,,,,,,,,,,,MFIC,2024-11-07,MFIC,2024-11-07
"SI Holdings, Inc.",,,,,,,,,,,,,,,,,,,,MFIC,2024-11-07,MFIC,2024-11-07
Saffron Bidco Ltd*,,,,,,,,,,,,,,,,,,,,MFIC,2024-11-07,MFIC,2024-11-07
Shelby 2021 Holdings Corp.,,,,,,,,,,,,,,,,,,,,MFIC,2024-11-07,MFIC,2024-11-07
Sigma Buyer LLC,,,,,,,,,,,,,,,,,,,,MFIC,2024-11-07,MFIC,2024-11-07
"Simeio Group Holdings, Inc.",,,,,,,,,,,,,,,,,,,,MFIC,2024-11-07,MFIC,2024-11-07
"Smith Topco, Inc.",,,,,,,,,,,,,,,,,,,,MFIC,2024-11-07,MFIC,2024-11-07
"Surf Opco, LLC",,,,,,,,,,,,,,,,,,,,MFIC,2024-11-07,MFIC,2024-11-07
"TELA Bio, Inc.",,,,,,,,,,,,,,,,,,,,MFIC,2024-11-07,MFIC,2024-11-07
THLP CO. LLC,,,,,,,,,,,,,,,,,,,,MFIC,2024-11-07,MFIC,2024-11-07
"TS Investors, LLC",,,,,,,,,,,,,,,,,,,,MFIC,2024-11-07,MFIC,2024-11-07
Tasty Chick'n LLC,,,,,,,,,,,,,,,,,,,,MFIC,2024-11-07,MFIC,2024-11-07
"Telesoft Holdings, LLC",,,,,,,,,,,,,,,,,,,,MFIC,2024-11-07,MFIC,2024-11-07
TerSera Therapeutics LLC,,Healthcare,,,,,,,,,,,,,,,,,,MFIC,2024-11-07,MFIC,2024-11-07
Texada Software LLC,,Software & Technology,,,,,,,,,,,,,,,,,,MFIC,2024-11-07,MFIC,2024-11-07
"Thomas Scientific, LLC",,,,,,,,,,,,,,,,,,,,MFIC,2024-11-07,MFIC,2024-11-07
"Treace Medical Concepts, Inc.",,Healthcare,,,,,,,,,,,,,,,,,,MFIC,2024-11-07,MFIC,2024-11-07
Trench Plate Rental Co.,,,,,,,,,,,,,,,,,,,,MFIC,2024-11-07,MFIC,2024-11-07
"Truck-Lite Co., LLC",,,3.0%,,,,6.0%,,,,,,,,,,,,,MFIC,2024-11-07,MFIC,2024-11-07
"Turbo Buyer, Inc.",,,,,,,,,,,,,,,,,,,,MFIC,2024-11-07,MFIC,2024-11-07
"US Fertility Enterprises, LLC",,Healthcare,29.0%,,,,,,,,,,,,,,,,,MFIC,2024-11-07,MFIC,2024-11-07
US MetalCo Holdings LLC,,Industrials,,,,,,,,,,,,,,,,,,MFIC,2024-11-07,MFIC,2024-11-07
"USLS Acquisition, Inc.",,,,,,,,,,,,,,,,,,,,MFIC,2024-11-07,MFIC,2024-11-07
Ultimate Baked Goods Midco LLC,,,,,,,,,,,,,,,,,,,,MFIC,2024-11-07,MFIC,2024-11-07
Ultra Clean Holdco LLC,,,,,,,,,,,,,,,,,,,,MFIC,2024-11-07,MFIC,2024-11-07
"Unchained Labs, LLC",,,,,,,,,,,,,,,,,,,,MFIC,2024-11-07,MFIC,2024-11-07
"Uplight, Inc.",,,,,,,,,,,,,,,,,,,,MFIC,2024-11-07,MFIC,2024-11-07
"Village Pet Care, LLC",,Consumer & Retail,,,,,,,,,,,,,,,,,,MFIC,2024-11-07,MFIC,2024-11-07
Vixxo Corp.,,,,,,,,,,,,,,,,,,,,MFIC,2024-11-07,MFIC,2024-11-07
"WC ORS Buyer, Inc.",,,,,,,,,,,,,,,,,,,,MFIC,2024-11-07,MFIC,2024-11-07
"WH BorrowerCo, LLC",,,,,,,,,,,,,,,,,,,,MFIC,2024-11-07,MFIC,2024-11-07
"WelldyneRX, LLC",,,,,,,,,,,,,,,,,,,,MFIC,2024-11-07,MFIC,2024-11-07
WildBrain Ltd.,,,,,,,,,,,,,,,,,,,,MFIC,2024-11-07,MFIC,2024-11-07
"Wildcat BuyerCo, Inc.",,,,,,,,,,,,,,,,,,,,MFIC,2024-11-07,MFIC,2024-11-07
"Zendesk, Inc.",,,5.0%,,,,,,,,,,,,,,,,,MFIC,2024-11-07,MFIC,2024-11-07
"Zephyr Buyer, LP.",,,,,,,,,,,,,,,,,,,,MFIC,2024-11-07,MFIC,2024-11-07
"Zinnia Corporate Holdings, LLC",,,,,,,,,,,,,,,,,,,type_hint_corporate_from_name,MFIC,2024-11-07,MFIC,2024-11-07
1244311 B.C. Ltd.,Common Equity,,,,,,,,2020-09-30,,,,,,,,,,,MFIC,2024-11-07,MFIC,2024-11-07
Acosta Holdings Corp.*,Preferred Equity,,,,,,,,2024-07-22,,,,,,,,,,,MFIC,2024-11-07,MFIC,2024-11-07
"Alcresta Holdings, LP",Preferred Equity,,,,,,,,2024-03-12,,,,,,,,,,,MFIC,2024-11-07,MFIC,2024-11-07
Ambrosia Buyer Corp.,Common Equity,,,,,,,,2024-02-01,,,,,,,,,,,MFIC,2024-11-07,MFIC,2024-11-07
Anuvu Corp.,Common Equity,,,,,,,,2024-07-22,,,,,,,,,,,MFIC,2024-11-07,MFIC,2024-11-07
Bird Scooter Acquisition Corp.,Common Equity,,,,,,,,2024-03-22,,,,,,,,,,,MFIC,2024-11-07,MFIC,2024-11-07
"BSP-TS, LP",Preferred Equity,,,,,,,,2023-10-23,,,,,,,,,,,MFIC,2024-11-07,MFIC,2024-11-07
Carbonfree Chemicals Holdings LLC,Common Equity,Chemicals & Materials,,,,,,,2019-11-01,,,,,,,,,,,MFIC,2024-11-07,MFIC,2024-11-07
"Carestream Health Holdings, Inc.*",Common Equity,,,,,,,,2024-07-22,,,,,,,,,,,MFIC,2024-11-07,MFIC,2024-11-07
ChyronHego Corp.,Preferred Equity,,,,,,,,2020-12-29,,,,,,,,,,,MFIC,2024-11-07,MFIC,2024-11-07
FC2 LLC,Common Equity,,,,,,,,2022-10-14,,,,,,,,,,,MFIC,2024-11-07,MFIC,2024-11-07
Genius Bidco LLC,Common Equity,,,,,,,,2024-05-01,,,,,,,,,,,MFIC,2024-11-07,MFIC,2024-11-07
Litify Holdings Inc.,Common Equity,,,,,,,,2023-12-06,,,,,,,,,,,MFIC,2024-11-07,MFIC,2024-11-07
"Merx Aviation Finance, LLC",Common Equity,Transportation & Logistics,,,,,,,2022-09-01,,,,,,,,,,,MFIC,2024-11-07,MFIC,2024-11-07
"Nutpods Holdings, Inc.",Common Equity,,,,,,,,2023-12-26,,,,,,,,,,,MFIC,2024-11-07,MFIC,2024-11-07
"Pelican Energy, LLC",Common Equity,Energy,,,,,,,2012-03-28,,,,,,,,,,,MFIC,2024-11-07,MFIC,2024-11-07
"RDV Resources, Inc.*",Common Equity,,,,,,,,2024-07-22,,,,,,,,,,,MFIC,2024-11-07,MFIC,2024-11-07
"RMCF V CIV L, LP.",Common Equity,,,,,,,,2024-09-05,,,,,,,,,,,MFIC,2024-11-07,MFIC,2024-11-07
"SHD Oil & Gas, LLC",Common Equity,Energy,,,,,,,2016-11-18,,,,,,,,,,,MFIC,2024-11-07,MFIC,2024-11-07
"SHD Oil & Gas, LLC",Common Equity,Energy,,,,,,,2012-12-27,,,,,,,,,,,MFIC,2024-11-07,MFIC,2024-11-07
"Sorenson Holdings, LLC",Common Equity,,,,,,,,2024-01-25,,,,,,,,,,,MFIC,2024-11-07,MFIC,2024-11-07
"TVG Orion Blocker, Inc.",Common Equity,,,,,,,,2024-07-18,,,,,,,,,,,MFIC,2024-11-07,MFIC,2024-11-07
"WC ORS Holdings, LP.",Common Equity,,,,,,,,2024-08-07,,,,,,,,,,,MFIC,2024-11-07,MFIC,2024-11-07
"A&V Holdings Midco, LLC",,,,,,,,,,,,,,,,,,,,MFIC,2024-11-07,MFIC,2024-11-07
"Bird Rides, Inc.",,,,,,,,,,,,,,,,,,,,MFIC,2024-11-07,MFIC,2024-11-07
"GB001, Inc.",,,,,,,,,,,,,,,,,,,,MFIC,2024-11-07,MFIC,2024-11-07
GI Apple Midco LLC,,,,,,,,,,,,,,,,,,,,MFIC,2024-11-07,MFIC,2024-11-07
"Gutter Buyer, Inc.",,,,,,,,,,,,,,,,,,,,MFIC,2024-11-07,MFIC,2024-11-07
"HSI HALO Acquisition, Inc.",,,,,,,,,,,,,,,,,,,,MFIC,2024-11-07,MFIC,2024-11-07
"Kauffman Intermediate, LLC",,Media & Entertainment,,,,,,,,,,,,,,,,,,MFIC,2024-11-07,MFIC,2024-11-07
"Lifelong Learner Holdings, LLC",,,3.0%,,,,,,,,,,,,,,,,,MFIC,2024-11-07,MFIC,2024-11-07
Magnate Holding Corp.,,,,,,,,,,,,,,,,,,,,MFIC,2024-11-07,MFIC,2024-11-07
Naviga Inc.,,,,,,,,,,,,,,,,,,,,MFIC,2024-11-07,MFIC,2024-11-07
Silk Holdings III Corp.,,,,,,,,,,,,,,,,,,,,MFIC,2024-11-07,MFIC,2024-11-07
Sirsi Corp.,,,,,,,,,,,,,,,,,,,,MFIC,2024-11-07,MFIC,2024-11-07
"Springbrook Holding Company, LLC",,,,,,,,,,,,,,,,,,,,MFIC,2024-11-07,MFIC,2024-11-07
"TissueTech, Inc.",,,,,,,,,,,,,,,,,,,,MFIC,2024-11-07,MFIC,2024-11-07
"Truck-Lite Co., LLC",,,,,,,,,,,,,,,,,,,,MFIC,2024-11-07,MFIC,2024-11-07
"US Fertility Enterprises, LLC",,Healthcare,28.0%,,,,,,,,,,,,,,,,,MFIC,2024-11-07,MFIC,2024-11-07
"USLS Acquisition, Inc.",,,27.0%,,,,,,,,,,,,,,,,,MFIC,2024-11-07,MFIC,2024-11-07
Upstack Holdco Inc.,,,,,,,,,,,,,,,,,,,,MFIC,2024-11-07,MFIC,2024-11-07
"Westfall Technik, Inc.",,,,,,,,,,,,,,,,,,,,MFIC,2024-11-07,MFIC,2024-11-07
Yak Access LLC,,,,,,,,,,,,,,,,,,,,MFIC,2024-11-07,MFIC,2024-11-07
Greylock Holdings LLC,Common Equity,,,,,,,,2023-03-16,,,,,,,,,,,MFIC,2024-11-07,MFIC,2024-11-07
"GS SEER Group Holdings, LLC",Common Equity,,,,,,,,2023-04-28,,,,,,,,,,,MFIC,2024-11-07,MFIC,2024-11-07
Litify Holdings Inc.,Common Equity,,,,,,,,2023-02-03,,,,,,,,,,,MFIC,2024-11-07,MFIC,2024-11-07
"Maxor Topco, LP.",Preferred Equity,,,,,,,,2023-03-01,,,,,,,,,,,MFIC,2024-11-07,MFIC,2024-11-07
MSEA Tankers LLC,Common Equity,,,,,,,,2014-12-12,,,,,,,,,,,MFIC,2024-11-07,MFIC,2024-11-07
Silk Holdings I Corp.,Common Equity,,,,,,,,2023-05-01,,,,,,,,,,,MFIC,2024-11-07,MFIC,2024-11-07
Senior Secured Facility,,,,,,,,,2028-04-19,1705000,,991909,,,,,,,,MFIC,2024-11-07,MFIC,2024-11-07
MFIC Bethesda CLO I LLC,,,,,,,,,2035-10-23,232000,,232909,,,,,,,,MFIC,2024-11-07,MFIC,2024-11-07
2025 Notes,,,,,,,,,2025-03-03,350000,,346555,,,,,,,,MFIC,2024-11-07,MFIC,2024-11-07
2026 Notes,,,,,,,,,2026-07-16,125000,,117907,,,,,,,,MFIC,2024-11-07,MFIC,2024-11-07
2028 Notes,,,,,,,,,2028-12-15,80000,,80512,,,,,,,,MFIC,2024-11-07,MFIC,2024-11-07
Deferred Financing Costs and Debt Discount,,,,,,,,,,,,,,,,,,,,MFIC,2024-11-07,MFIC,2024-11-07
Accelerate360 Holdings,First Lien,Media & Entertainment,,,SOFR,6%,1%,,2027-02-11,3875,3875,3836,,3875,,,,,,MFIC,2025-02-25,MFIC,2025-02-25
Accelerate360 Holdings,Revolver,Media & Entertainment,,,SOFR,6%,1%,,2027-02-11,1382,1382,1356,,1382,,,,,,MFIC,2025-02-25,MFIC,2025-02-25
Accelerate360,Other,Media & Entertainment,,,,,,,,,5257,5192,,5257,,,,,,MFIC,2025-02-25,MFIC,2025-02-25
Acosta Holdings Corp.,Other Equity,Media & Entertainment,,,,,,,,,473,491,,473,,,,10213,,MFIC,2025-02-25,MFIC,2025-02-25
Acosta Holdings Corp.,Other Equity,Media & Entertainment,,,,,,,,,77,80,,77,,,,6266,,MFIC,2025-02-25,MFIC,2025-02-25
Acosta,Other,Media & Entertainment,,,,,,,,,550,571,,550,,,,,,MFIC,2025-02-25,MFIC,2025-02-25
FingerPaint Marketing KL Charlie Acquisition Company,First Lien,Media & Entertainment,,,SOFR,5.6%,1%,,2026-12-30,18185,18041,18003,,18041,,,,,,MFIC,2025-02-25,MFIC,2025-02-25
FingerPaint Marketing KL Charlie Acquisition Company,First Lien,Media & Entertainment,,,SOFR,5.6%,1%,,2026-12-30,5399,5360,5294,,5360,,,,,type_hint_delayed_draw_from_name,MFIC,2025-02-25,MFIC,2025-02-25
FingerPaint Marketing KL Charlie Acquisition Company,First Lien,Media & Entertainment,,,SOFR,5.6%,1%,,2026-12-30,,-17,-20,,-17,,,,,type_hint_revolver_from_name,MFIC,2025-02-25,MFIC,2025-02-25
FingerPaint KL Charlie Co-Invest,Common Equity,Media & Entertainment,,,,,,,,,220,320,,220,,,,218978,,MFIC,2025-02-25,MFIC,2025-02-25
FingerPaint Marketing,Other,Media & Entertainment,,,,,,,,,23604,23597,,23604,,,,,,MFIC,2025-02-25,MFIC,2025-02-25
Hero Digital HRO (Hero Digital) Holdings,First Lien,Media & Entertainment,,5%,SOFR,2.1%,1%,,2028-11-18,19182,18961,18365,,18961,,,,,,MFIC,2025-02-25,MFIC,2025-02-25
Hero Digital HRO (Hero Digital) Holdings,Delayed Draw,Media & Entertainment,,5%,SOFR,2.1%,1%,,2028-11-18,6980,6895,6683,,6895,,,,,,MFIC,2025-02-25,MFIC,2025-02-25
Hero Digital HRO (Hero Digital) Holdings,Revolver,Media & Entertainment,,5%,SOFR,2.1%,1%,,2026-11-18,2545,2523,2412,,2523,,,,,,MFIC,2025-02-25,MFIC,2025-02-25
Hero Digital HRO Holdings I LP,Other Equity,Media & Entertainment,,,,,,,,,213,269,,213,,,,213,,MFIC,2025-02-25,MFIC,2025-02-25
Hero Digital,Other,Media & Entertainment,,,,,,,,,28592,27729,,28592,,,,,,MFIC,2025-02-25,MFIC,2025-02-25
Houghton Mifflin Houghton Mifflin Harcourt Company,First Lien,Media & Entertainment,,,SOFR,5.25%,0.5%,,2029-04-09,6151,5863,6074,,5863,,,,,,MFIC,2025-02-25,MFIC,2025-02-25
Club Car Wash Club Car Wash Operating,First Lien,Automotive,,,SOFR,5.65%,1%,,2027-06-16,12463,12361,12353,,12361,,,,,,MFIC,2025-02-25,MFIC,2025-02-25
Club Car Wash Club Car Wash Operating,Delayed Draw,Automotive,,,SOFR,5.65%,1%,,2027-06-16,18065,17800,17851,,17800,,,,,,MFIC,2025-02-25,MFIC,2025-02-25
Club Car Wash Club Car Wash Operating,Revolver,Automotive,,,SOFR,5.6%,1%,,2027-06-16,,-14,-14,,-14,,,,,,MFIC,2025-02-25,MFIC,2025-02-25
Club Car Wash,Other,Automotive,,,,,,,,,30147,30190,,30147,,,,,,MFIC,2025-02-25,MFIC,2025-02-25
K&N Parent Inc.,Common Equity,Automotive,,,,,,,,,23718,252,,23718,,,,125967,fair_value_suspicious_vs_size,MFIC,2025-02-25,MFIC,2025-02-25
Truck-Lite Co. LLC,Common Equity,Automotive,,,,,,,,,350,828,,350,,,,350,,MFIC,2025-02-25,MFIC,2025-02-25
Truck-Lite Co.,First Lien,Automotive,,,SOFR,5.75%,0.75%,,2031-02-13,2448,2412,2426,,2412,,,,,,MFIC,2025-02-25,MFIC,2025-02-25
Truck-Lite Co.,Delayed Draw,Automotive,,,SOFR,5.75%,0.75%,,2031-02-13,,-4,-2,,-4,,,,,,MFIC,2025-02-25,MFIC,2025-02-25
Truck-Lite Co.,Revolver,Automotive,,,SOFR,5.75%,0.75%,,2030-02-13,,-4,-2,,-4,,,,,,MFIC,2025-02-25,MFIC,2025-02-25
Truck-Lite Co. LLC,Other,Automotive,,,,,,,,,2754,3250,,2754,,,,,,MFIC,2025-02-25,MFIC,2025-02-25
Ultra Clean Newco Ultra Clean Holdco LLC,First Lien,Automotive,,,SOFR,5%,1%,,2030-07-01,2488,2447,2450,,2447,,,,,,MFIC,2025-02-25,MFIC,2025-02-25
Ultra Clean Newco Ultra Clean Holdco LLC,First Lien,Automotive,,,SOFR,5%,1%,,2030-07-01,4423,4296,4257,,4296,,,,,,MFIC,2025-02-25,MFIC,2025-02-25
Ultra Clean Newco Ultra Clean Holdco LLC,First Lien,Automotive,,,SOFR,5%,1%,,2030-07-01,,-23,-21,,-23,,,,,,MFIC,2025-02-25,MFIC,2025-02-25
Ultra Clean Newco,Other,Automotive,,,,,,,,,6720,6686,,6720,,,,,,MFIC,2025-02-25,MFIC,2025-02-25
Aviation and Consumer Transport Bird Scooter Acquisition Corp.,Other Equity,Transportation & Logistics,,,,,,,,,366,373,,366,,,,4656670,,MFIC,2025-02-25,MFIC,2025-02-25
Aviation and Consumer Transport Bird Blue Jay Transit Inc.,First Lien,Transportation & Logistics,,,SOFR,3%,1%,,2028-03-22,19940,19676,19939,,19676,,,,,,MFIC,2025-02-25,MFIC,2025-02-25
Aviation and Consumer Transport Bird Blue Jay Transit Inc.,First Lien,Transportation & Logistics,,,SOFR,3%,1%,,2028-03-22,,,,,,,,,,,MFIC,2025-02-25,MFIC,2025-02-25
Aviation and Consumer Transport Bird,Other,Transportation & Logistics,,,,,,,,,20042,20312,,20042,,,,,,MFIC,2025-02-25,MFIC,2025-02-25
Aviation and Consumer Transport GAT-Airline Ground Support Inc.,First Lien,Transportation & Logistics,,,SOFR,5.5%,1%,,2029-05-09,15162,14956,15010,,14956,,,,,,MFIC,2025-02-25,MFIC,2025-02-25
Aviation and Consumer Transport GAT-Airline Ground Support Inc.,First Lien,Transportation & Logistics,,,SOFR,5.5%,1%,,2029-05-09,951,929,927,,929,,,,,,MFIC,2025-02-25,MFIC,2025-02-25
Aviation and Consumer Transport GAT-Airline Ground Support Inc.,First Lien,Transportation & Logistics,,,SOFR,5.5%,1%,,2029-05-09,,-31,-24,,-31,,,,,,MFIC,2025-02-25,MFIC,2025-02-25
Aviation and Consumer Transport GAT-Airline Ground Support Inc.,Other,Transportation & Logistics,,,,,,,,,15854,15913,,15854,,,,,,MFIC,2025-02-25,MFIC,2025-02-25
Aviation and Consumer Transport Merx Aviation Finance,Revolver,Transportation & Logistics,10%,,,,,,2025-10-31,59575,59575,59576,,59575,,,,,,MFIC,2025-02-25,MFIC,2025-02-25
Aviation and Consumer Transport Merx Aviation Finance,Common Equity,Transportation & Logistics,,,,,,,,,146500,123815,,146500,,,,,,MFIC,2025-02-25,MFIC,2025-02-25
Aviation and Consumer Transport Merx Aviation Finance LLC,Other,Transportation & Logistics,,,,,,,,,206075,183391,,206075,,,,,,MFIC,2025-02-25,MFIC,2025-02-25
Aviation and Consumer Transport Primeflight PrimeFlight Acquisition,First Lien,Transportation & Logistics,,,SOFR,5.5%,1%,,2029-05-01,10358,10142,10358,,10142,,,,,,MFIC,2025-02-25,MFIC,2025-02-25
Aviation and Consumer Transport Primeflight PrimeFlight Acquisition,First Lien,Transportation & Logistics,,,SOFR,5.25%,1%,,2029-05-01,3250,3206,3218,,3206,,,,,,MFIC,2025-02-25,MFIC,2025-02-25
Aviation and Consumer Transport Primeflight,Other,Transportation & Logistics,,,,,,,,,13348,13576,,13348,,,,,,MFIC,2025-02-25,MFIC,2025-02-25
Aviation and Consumer Transport,Other,Transportation & Logistics,,,,,,,,,255319,233192,,255319,,,,,,MFIC,2025-02-25,MFIC,2025-02-25
Berner Foods Berner Food & Beverage,First Lien,Food & Beverage,,,SOFR,5.65%,1%,,2027-07-30,34302,33923,33531,,33923,,,,,,MFIC,2025-02-25,MFIC,2025-02-25
Berner Foods Berner Food & Beverage,Revolver,Food & Beverage,,,SOFR,5.65%,1%,,2026-07-30,,-22,-50,,-22,,,,,,MFIC,2025-02-25,MFIC,2025-02-25
Berner Foods,Other,Food & Beverage,,,,,,,,,33901,33481,,33901,,,,,,MFIC,2025-02-25,MFIC,2025-02-25
Bolthouse Farms Wm. Bolthouse Farms,Common Equity,Food & Beverage,,,,,,,,,1147,1423,,1147,,,,1086122,,MFIC,2025-02-25,MFIC,2025-02-25
Cave Enterprises Operations,First Lien,Food & Beverage,,,SOFR,6.6%,1.5%,,2028-08-09,8551,8425,8551,,8425,,,,,,MFIC,2025-02-25,MFIC,2025-02-25
Cave Enterprises Operations,Delayed Draw,Food & Beverage,,,SOFR,6.6%,1.5%,,2028-08-09,,-1,,,-1,,,,,,MFIC,2025-02-25,MFIC,2025-02-25
Cave,Other,Food & Beverage,,,,,,,,,8424,8551,,8424,,,,,,MFIC,2025-02-25,MFIC,2025-02-25
Hive FCP-Hive Holdings,Preferred Equity,Food & Beverage,,,,,,,,,448,229,,448,,,,589,,MFIC,2025-02-25,MFIC,2025-02-25
Hive FCP-Hive Holdings,Common Equity,Food & Beverage,,,,,,,,,3,,,3,,,,589,,MFIC,2025-02-25,MFIC,2025-02-25
Hive Intermediate,First Lien,Food & Beverage,,2%,SOFR,6.1%,1%,,2027-09-22,14126,13988,13914,,13988,,,,,,MFIC,2025-02-25,MFIC,2025-02-25
Hive Intermediate,Revolver,Food & Beverage,,2%,SOFR,6.1%,1%,,2027-09-22,843,822,809,,822,,,,,,MFIC,2025-02-25,MFIC,2025-02-25
Hive,Other,Food & Beverage,,,,,,,,,15261,14952,,15261,,,,,,MFIC,2025-02-25,MFIC,2025-02-25
Nutpods Green Grass Foods,First Lien,Food & Beverage,,,SOFR,6.25%,1%,,2029-12-26,3713,3648,3703,,3648,,,,,,MFIC,2025-02-25,MFIC,2025-02-25
Nutpods Green Grass Foods,Revolver,Food & Beverage,,,SOFR,6.5%,1%,,2029-12-26,,-21,-3,,-21,,,,,,MFIC,2025-02-25,MFIC,2025-02-25
Nutpods Holdings,Common Equity,Food & Beverage,,,,,,,,,125,153,,125,,,,125,,MFIC,2025-02-25,MFIC,2025-02-25
Nutpods,Other,Food & Beverage,,,,,,,,,3752,3853,,3752,,,,,,MFIC,2025-02-25,MFIC,2025-02-25
Orgain Inc.,Common Equity,Food & Beverage,,,,,,,,,90,1999,,90,,,,490000,cost_suspicious_vs_size,MFIC,2025-02-25,MFIC,2025-02-25
Patriot Pickle Patriot Foods Buyer,First Lien,Food & Beverage,,,SOFR,5.75%,1%,,2029-12-24,248,243,245,,243,,,,,,MFIC,2025-02-25,MFIC,2025-02-25
Patriot Pickle Patriot Foods Buyer,Delayed Draw,Food & Beverage,,,SOFR,6%,1%,,2029-12-24,,-4,-5,,-4,,,,,,MFIC,2025-02-25,MFIC,2025-02-25
Patriot Pickle Patriot Foods Buyer,Revolver,Food & Beverage,,,SOFR,6%,1%,,2029-12-24,,-4,-2,,-4,,,,,,MFIC,2025-02-25,MFIC,2025-02-25
Patriot Pickle,Other,Food & Beverage,,,,,,,,,235,238,,235,,,,,,MFIC,2025-02-25,MFIC,2025-02-25
Beverage,Common Equity,Food & Beverage,,,,,,,,,169,,,169,,,,169,,MFIC,2025-02-25,MFIC,2025-02-25
Beverage,First Lien,Food & Beverage,,2%,SOFR,6%,1%,,2025-05-31,26172,26127,25911,,26127,,,,,,MFIC,2025-02-25,MFIC,2025-02-25
Beverage,First Lien,Food & Beverage,,6%,SOFR,6%,1%,,2025-05-31,1453,1449,1453,,1449,,,,,,MFIC,2025-02-25,MFIC,2025-02-25
Beverage,Revolver,Food & Beverage,,2%,SOFR,6%,1%,,2025-05-31,1921,1915,1876,,1915,,,,,,MFIC,2025-02-25,MFIC,2025-02-25
Turkey Hill,Other,Food & Beverage,,,,,,,,,29660,29240,,29660,,,,,,MFIC,2025-02-25,MFIC,2025-02-25
Accelerate Learning Eagle Purchaser,First Lien,Business Services,,,SOFR,6.75%,1%,,2030-03-22,3361,3281,3344,,3281,,,,,,MFIC,2025-02-25,MFIC,2025-02-25
Accelerate Learning Eagle Purchaser,Delayed Draw,Business Services,,,SOFR,6.75%,1%,,2030-03-22,469,455,464,,455,,,,,,MFIC,2025-02-25,MFIC,2025-02-25
Accelerate Learning Eagle Purchaser,Revolver,Business Services,,,SOFR,6.75%,1%,,2029-03-22,658,643,648,,643,,,,,,MFIC,2025-02-25,MFIC,2025-02-25
Accelerate Learning,Other,Business Services,,,,,,,,,4379,4456,,4379,,,,,,MFIC,2025-02-25,MFIC,2025-02-25
AlpineX Alpinex Opco,First Lien,Business Services,,,SOFR,6.26%,1%,,2027-12-27,17308,17069,17271,,17069,,,,,,MFIC,2025-02-25,MFIC,2025-02-25
AlpineX Alpinex Opco,Delayed Draw,Business Services,,,SOFR,6.26%,1%,,2027-12-27,4374,4323,4374,,4323,,,,,,MFIC,2025-02-25,MFIC,2025-02-25
AlpineX Alpinex Opco,Revolver,Business Services,,,SOFR,6.26%,1%,,2027-12-27,1102,1081,1103,,1081,,,,,,MFIC,2025-02-25,MFIC,2025-02-25
AlpineX,Other,Business Services,,,,,,,,,22473,22748,,22473,,,,,,MFIC,2025-02-25,MFIC,2025-02-25
AML Rightsource Gabriel Partners,First Lien,Business Services,,,SOFR,6.4%,1%,,2026-09-21,29956,29739,29503,,29739,,,,,,MFIC,2025-02-25,MFIC,2025-02-25
AML Rightsource Gabriel Partners,Delayed Draw,Business Services,,,SOFR,6.4%,1%,,2026-09-21,1270,1260,1251,,1260,,,,,,MFIC,2025-02-25,MFIC,2025-02-25
AML Rightsource Gabriel Partners,Revolver,Business Services,,,SOFR,6.4%,1%,,2026-09-21,338,332,328,,332,,,,,,MFIC,2025-02-25,MFIC,2025-02-25
AML Rightsource,Other,Business Services,,,,,,,,,31331,31082,,31331,,,,,,MFIC,2025-02-25,MFIC,2025-02-25
Atlas Technical Consultants GI Apple Midco LLC,First Lien,Business Services,,,SOFR,6.75%,1%,,2030-04-19,7556,7465,7556,,7465,,,,,,MFIC,2025-02-25,MFIC,2025-02-25
Atlas Technical Consultants GI Apple Midco LLC,First Lien,Business Services,,,SOFR,6.75%,1%,,2030-04-19,86,67,86,,67,,,,,,MFIC,2025-02-25,MFIC,2025-02-25
Atlas Technical Consultants GI Apple Midco LLC,First Lien,Business Services,,,SOFR,6.75%,1%,,2029-04-19,214,202,214,,202,,,,,,MFIC,2025-02-25,MFIC,2025-02-25
Atlas Technical Consultants,Other,Business Services,,,,,,,,,7734,7856,,7734,,,,,,MFIC,2025-02-25,MFIC,2025-02-25
Avenu ACP Avenu Buyer,First Lien,Business Services,,,SOFR,5.25%,1%,,2029-10-02,1238,1209,1219,,1209,,,,,,MFIC,2025-02-25,MFIC,2025-02-25
Avenu ACP Avenu Buyer,Delayed Draw,Business Services,,,SOFR,5.25%,1%,,2029-10-02,2240,2158,2158,,2158,,,,,,MFIC,2025-02-25,MFIC,2025-02-25
Avenu ACP Avenu Buyer,Revolver,Business Services,,,SOFR,5.25%,1%,,2029-10-02,167,150,156,,150,,,,,,MFIC,2025-02-25,MFIC,2025-02-25
Avenu,Other,Business Services,,,,,,,,,3517,3533,,3517,,,,,,MFIC,2025-02-25,MFIC,2025-02-25
BDO USA,First Lien,Business Services,,,SOFR,5%,2%,,2028-08-31,11850,11850,11850,,11850,,,,,,MFIC,2025-02-25,MFIC,2025-02-25
Best Trash Bingo Group Buyer,First Lien,Business Services,,,SOFR,5%,1%,,2031-07-10,7009,6926,6939,,6926,,,,,,MFIC,2025-02-25,MFIC,2025-02-25
Best Trash Bingo Group Buyer,Delayed Draw,Business Services,,,SOFR,5%,1%,,2031-07-10,,-13,-21,,-13,,,,,,MFIC,2025-02-25,MFIC,2025-02-25
Best Trash Bingo Group Buyer,Revolver,Business Services,,,SOFR,5%,1%,,2031-07-10,25,15,17,,15,,,,,,MFIC,2025-02-25,MFIC,2025-02-25
Best Trash,Other,Business Services,,,,,,,,,6928,6935,,6928,,,,,,MFIC,2025-02-25,MFIC,2025-02-25
Carestream Health Carestream Health Holdings,Common Equity,Business Services,,,,,,,,,1426,1443,,1426,,,,173887,,MFIC,2025-02-25,MFIC,2025-02-25
Carestream Health,First Lien,Business Services,,,SOFR,7.5%,1%,,2027-09-30,167,151,128,,151,,,,,,MFIC,2025-02-25,MFIC,2025-02-25
Carestream Health,Other,Business Services,,,,,,,,,1577,1571,,1577,,,,,,MFIC,2025-02-25,MFIC,2025-02-25
Core Roofing CRS Holdings,First Lien,Business Services,,,SOFR,5%,1%,,2030-06-06,1918,1882,1889,,1882,,,,,,MFIC,2025-02-25,MFIC,2025-02-25
Core Roofing CRS Holdings,Delayed Draw,Business Services,,,SOFR,5%,1%,,2030-06-06,,-65,-106,,-65,,,,,,MFIC,2025-02-25,MFIC,2025-02-25
Core Roofing CRS Holdings,Revolver,Business Services,,,SOFR,5%,1%,,2030-06-06,,-17,-14,,-17,,,,,,MFIC,2025-02-25,MFIC,2025-02-25
Core Roofing,Other,Business Services,,,,,,,,,1800,1769,,1800,,,,,,MFIC,2025-02-25,MFIC,2025-02-25
CoreTrust Coretrust Purchasing Group LLC,First Lien,Business Services,,,SOFR,5.25%,0.75%,,2029-10-01,5373,5323,5319,,5323,,,,,,MFIC,2025-02-25,MFIC,2025-02-25
CoreTrust Coretrust Purchasing Group LLC,First Lien,Business Services,,,SOFR,5.25%,0.75%,,2029-10-01,,-10,-12,,-10,,,,,,MFIC,2025-02-25,MFIC,2025-02-25
CoreTrust Coretrust Purchasing Group LLC,First Lien,Business Services,,,SOFR,5.25%,0.75%,,2029-10-01,,-6,-7,,-6,,,,,,MFIC,2025-02-25,MFIC,2025-02-25
CoreTrust,Other,Business Services,,,,,,,,,5307,5300,,5307,,,,,,MFIC,2025-02-25,MFIC,2025-02-25
Distinct Holdings Inc.,First Lien,Business Services,,,SOFR,5.75%,1%,,2029-07-18,13209,12994,12996,,12994,,,,,,MFIC,2025-02-25,MFIC,2025-02-25
Distinct Holdings Inc.,First Lien,Business Services,,,SOFR,5.75%,1%,,2029-07-18,,-28,-28,,-28,,,,,,MFIC,2025-02-25,MFIC,2025-02-25
Distinct,Other,Business Services,,,,,,,,,12966,12968,,12966,,,,,,MFIC,2025-02-25,MFIC,2025-02-25
Escalent M&M OPCO,First Lien,Business Services,,,SOFR,8.1%,1%,,2029-04-07,12226,11952,11982,,11952,,,,,,MFIC,2025-02-25,MFIC,2025-02-25
Escalent M&M OPCO,Revolver,Business Services,,,SOFR,8.1%,1%,,2029-04-07,,-5,-5,,-5,,,,,,MFIC,2025-02-25,MFIC,2025-02-25
Escalent,Other,Business Services,,,,,,,,,11947,11977,,11947,,,,,,MFIC,2025-02-25,MFIC,2025-02-25
G&A Partners Holding Company II,First Lien,Business Services,,,SOFR,5.5%,0.75%,,2031-03-01,3223,3165,3167,,3165,,,,,,MFIC,2025-02-25,MFIC,2025-02-25
G&A Partners Holding Company II,Delayed Draw,Business Services,,,SOFR,5.5%,0.75%,,2031-03-01,574,514,462,,514,,,,,,MFIC,2025-02-25,MFIC,2025-02-25
G&A Partners Holding Company II,Revolver,Business Services,,,SOFR,5.5%,0.75%,,2030-03-01,,-6,-6,,-6,,,,,,MFIC,2025-02-25,MFIC,2025-02-25
G&A,Other,Business Services,,,,,,,,,3673,3623,,3673,,,,,,MFIC,2025-02-25,MFIC,2025-02-25
Go1 Apiom,First Lien,Business Services,,,SOFR,7.45%,2%,,2028-05-02,2500,2485,2513,,2485,,,,,,MFIC,2025-02-25,MFIC,2025-02-25
Heritage Environmental Services,First Lien,Business Services,,,SOFR,5.25%,0.75%,,2031-01-31,1749,1745,1763,,1745,,,,,,MFIC,2025-02-25,MFIC,2025-02-25
Heritage Environmental Services,Revolver,Business Services,,,SOFR,5.5%,4.5%,,2030-01-31,,-1,,,-1,,,,,,MFIC,2025-02-25,MFIC,2025-02-25
Heritage Environmental Services,Other,Business Services,,,,,,,,,1744,1763,,1744,,,,,,MFIC,2025-02-25,MFIC,2025-02-25
HMA Health Management Associates Superholdings,First Lien,Business Services,,,SOFR,6.35%,1%,,2029-03-30,3897,3810,3877,,3810,,,,,,MFIC,2025-02-25,MFIC,2025-02-25
HMA Health Management Associates Superholdings,Delayed Draw,Business Services,,,SOFR,6.35%,1%,,2029-03-30,350,335,347,,335,,,,,,MFIC,2025-02-25,MFIC,2025-02-25
HMA Health Management Associates Superholdings,Revolver,Business Services,,,SOFR,0.1%,0%,,2029-03-30,135,129,134,,129,,,,,,MFIC,2025-02-25,MFIC,2025-02-25
HMA,Other,Business Services,,,,,,,,,4274,4358,,4274,,,,,,MFIC,2025-02-25,MFIC,2025-02-25
Ingenovis Health,First Lien,Business Services,,,SOFR,4.25%,0.75%,,2028-03-06,2880,2608,1711,,2608,,,,,,MFIC,2025-02-25,MFIC,2025-02-25
Ingenovis Health,First Lien,Business Services,,,SOFR,4.25%,0.5%,,2028-03-06,980,887,603,,887,,,,,,MFIC,2025-02-25,MFIC,2025-02-25
Ingenovis Health,Other,Business Services,,,,,,,,,3495,2314,,3495,,,,,,MFIC,2025-02-25,MFIC,2025-02-25
IRP Precision Refrigeration & Air Conditioning LLC,First Lien,Business Services,,,SOFR,6.9%,1%,,2028-03-08,10956,10804,10683,,10804,,,,,,MFIC,2025-02-25,MFIC,2025-02-25
IRP Precision Refrigeration & Air Conditioning LLC,First Lien,Business Services,,,SOFR,6.9%,1%,,2028-03-08,4950,4880,4826,,4880,,,,,,MFIC,2025-02-25,MFIC,2025-02-25
IRP Precision Refrigeration & Air Conditioning LLC,First Lien,Business Services,,,SOFR,6.9%,1%,,2028-03-08,1932,1912,1875,,1912,,,,,,MFIC,2025-02-25,MFIC,2025-02-25
IRP SMC IR Holdings,Common Equity,Business Services,,,,,,,,,179,270,,179,,,,153,,MFIC,2025-02-25,MFIC,2025-02-25
IRP,Other,Business Services,,,,,,,,,17775,17654,,17775,,,,,,MFIC,2025-02-25,MFIC,2025-02-25
Jacent Strategic Merchandising,First Lien,Business Services,,0.75%,SOFR,5.1%,1%,,2025-10-23,22207,22199,22050,,22199,,,,,,MFIC,2025-02-25,MFIC,2025-02-25
Jacent Strategic Merchandising,First Lien,Business Services,,,SOFR,6.6%,1%,,2025-10-23,1564,1559,1541,,1559,,,,,type_hint_revolver_from_name,MFIC,2025-02-25,MFIC,2025-02-25
Jacent Strategic Merchandising,Other Equity,Business Services,,,,,,,,,500,151,,500,,,,498,,MFIC,2025-02-25,MFIC,2025-02-25
Jacent JSM Equity Investors,Preferred Equity,Business Services,,,,,,,,,11,1,,11,,,,11,,MFIC,2025-02-25,MFIC,2025-02-25
Jacent,Other,Business Services,,,,,,,,,24269,23743,,24269,,,,,,MFIC,2025-02-25,MFIC,2025-02-25
Jones & Frank JF Acquisition,First Lien,Business Services,,,SOFR,5.6%,1%,,2026-07-31,7730,7705,7721,,7705,,,,,,MFIC,2025-02-25,MFIC,2025-02-25
Jones & Frank JF Acquisition,Delayed Draw,Business Services,,,SOFR,5.6%,1%,,2026-07-31,5101,5082,5094,,5082,,,,,,MFIC,2025-02-25,MFIC,2025-02-25
Jones & Frank JF Acquisition,Revolver,Business Services,,,SOFR,5.6%,1%,,2026-07-31,879,872,877,,872,,,,,,MFIC,2025-02-25,MFIC,2025-02-25
Jones & Frank,Other,Business Services,,,,,,,,,13659,13692,,13659,,,,,,MFIC,2025-02-25,MFIC,2025-02-25
North Highland The North Highland Company LLC,First Lien,Business Services,,,SOFR,4.75%,0.75%,,2031-12-22,3065,3034,3034,,3034,,,,,,MFIC,2025-02-25,MFIC,2025-02-25
North Highland The North Highland Company LLC,First Lien,Business Services,,,SOFR,4.75%,0.75%,,2031-12-22,,-6,-6,,-6,,,,,,MFIC,2025-02-25,MFIC,2025-02-25
North Highland The North Highland Company LLC,First Lien,Business Services,,,SOFR,4.75%,0.75%,,2030-12-20,161,153,153,,153,,,,,,MFIC,2025-02-25,MFIC,2025-02-25
North Highland,Other,Business Services,,,,,,,,,3181,3181,,3181,,,,,,MFIC,2025-02-25,MFIC,2025-02-25
PSI Services LLC,First Lien,Business Services,,,SOFR,7.9%,1%,,2025-10-20,4354,4305,4344,,4305,,,,,,MFIC,2025-02-25,MFIC,2025-02-25
PSI Services LLC,Delayed Draw,Business Services,,,SOFR,7.9%,1%,,2025-10-20,927,913,924,,913,,,,,,MFIC,2025-02-25,MFIC,2025-02-25
PSI Services LLC,Revolver,Business Services,,,SOFR,7.9%,1%,,2025-10-20,537,536,536,,536,,,,,,MFIC,2025-02-25,MFIC,2025-02-25
PSI Services LLC,Other,Business Services,,,,,,,,,5754,5804,,5754,,,,,,MFIC,2025-02-25,MFIC,2025-02-25
SafetyCo HEF Safety Ultimate Holdings,First Lien,Business Services,,,SOFR,5.25%,1%,,2029-11-19,7425,7265,7425,,7265,,,,,,MFIC,2025-02-25,MFIC,2025-02-25
SafetyCo HEF Safety Ultimate Holdings,Delayed Draw,Business Services,,,SOFR,5.75%,1%,,2029-11-19,,-56,,,-56,,,,,,MFIC,2025-02-25,MFIC,2025-02-25
SafetyCo HEF Safety Ultimate Holdings,Revolver,Business Services,,,SOFR,5.25%,1%,,2029-11-17,710,679,710,,679,,,,,,MFIC,2025-02-25,MFIC,2025-02-25
SafetyCo,Other,Business Services,,,,,,,,,7888,8135,,7888,,,,,,MFIC,2025-02-25,MFIC,2025-02-25
Schlesinger Group Schlesinger Global,First Lien,Business Services,,5.85%,SOFR,2.75%,1%,,2025-07-12,11942,11957,11705,,11957,,,,,,MFIC,2025-02-25,MFIC,2025-02-25
SEER GS SEER Group Borrower LLC,First Lien,Business Services,,,SOFR,6.75%,1%,,2030-04-29,3208,3128,3160,,3128,,,,,,MFIC,2025-02-25,MFIC,2025-02-25
SEER GS SEER Group Borrower LLC,First Lien,Business Services,,,SOFR,6.75%,1%,,2030-04-29,709,676,688,,676,,,,,,MFIC,2025-02-25,MFIC,2025-02-25
SEER GS SEER Group Borrower LLC,First Lien,Business Services,,,SOFR,6.75%,1%,,2029-04-30,,-8,-6,,-8,,,,,,MFIC,2025-02-25,MFIC,2025-02-25
SEER GS SEER Group Holdings,Common Equity,Business Services,,,,,,,,,42,43,,42,,,,42,,MFIC,2025-02-25,MFIC,2025-02-25
SEER,Other,Business Services,,,,,,,,,3838,3885,,3838,,,,,,MFIC,2025-02-25,MFIC,2025-02-25
Smith System Smith Topco,First Lien,Business Services,,,SOFR,5.5%,1%,,2029-11-06,8783,8616,8783,,8616,,,,,,MFIC,2025-02-25,MFIC,2025-02-25
Smith System Smith Topco,Revolver,Business Services,,,SOFR,6%,1%,,2029-11-06,,-21,,,-21,,,,,,MFIC,2025-02-25,MFIC,2025-02-25
Smith System,Other,Business Services,,,,,,,,,8595,8783,,8595,,,,,,MFIC,2025-02-25,MFIC,2025-02-25
Solera Polaris Newco,First Lien,Business Services,,,SOFR,4.26%,0.5%,,2028-06-02,6716,6733,6737,,6733,,,,,,MFIC,2025-02-25,MFIC,2025-02-25
Solera,Second Lien,Business Services,,,SOFR,9.1%,1%,,2029-06-04,5686,5636,5627,,5636,,,,,,MFIC,2025-02-25,MFIC,2025-02-25
Solera,Other,Business Services,,,,,,,,,12369,12364,,12369,,,,,,MFIC,2025-02-25,MFIC,2025-02-25
Trench Plate Trench Plate Rental Co.,First Lien,Business Services,,,SOFR,5.6%,1%,,2026-12-03,17727,17581,17417,,17581,,,,,,MFIC,2025-02-25,MFIC,2025-02-25
Trench Plate Trench Plate Rental Co.,First Lien,Business Services,,,SOFR,5.6%,1%,,2026-12-03,1427,1414,1395,,1414,,,,,type_hint_revolver_from_name,MFIC,2025-02-25,MFIC,2025-02-25
Trench Plate Trench Safety Solutions Holdings,Common Equity,Business Services,,,,,,,,,50,32,,50,,,,331,,MFIC,2025-02-25,MFIC,2025-02-25
Trench Plate,Other,Business Services,,,,,,,,,19045,18844,,19045,,,,,,MFIC,2025-02-25,MFIC,2025-02-25
US Legal Support US Legal Support Investment Holdings,Common Equity,Business Services,,,,,,,,,632,1055,,632,,,,631972,,MFIC,2025-02-25,MFIC,2025-02-25
US Legal Support USLS Acquisition,First Lien,Business Services,,,SOFR,5.9%,1%,,2026-06-01,28370,28225,28235,,28225,,,,,,MFIC,2025-02-25,MFIC,2025-02-25
US Legal Support USLS Acquisition,Delayed Draw,Business Services,,,SOFR,5.9%,1%,,2026-06-01,4428,4412,4411,,4412,,,,,,MFIC,2025-02-25,MFIC,2025-02-25
US Legal Support USLS Acquisition,Revolver,Business Services,,,SOFR,5.9%,1%,,2027-12-01,804,796,798,,796,,,,,,MFIC,2025-02-25,MFIC,2025-02-25
US Legal Support,Other,Business Services,,,,,,,,,34065,34499,,34065,,,,,,MFIC,2025-02-25,MFIC,2025-02-25
Vixxo Corp.,First Lien,Business Services,,,SOFR,5%,1%,,2030-08-01,3750,3697,3694,,3697,,,,,,MFIC,2025-02-25,MFIC,2025-02-25
Vixxo Corp.,First Lien,Business Services,,,SOFR,5%,1%,,2030-08-01,,-9,-19,,-9,,,,,,MFIC,2025-02-25,MFIC,2025-02-25
Vixxo,Other,Business Services,,,,,,,,,3688,3675,,3688,,,,,,MFIC,2025-02-25,MFIC,2025-02-25
Wilson Language Training Owl Acquisition,First Lien,Business Services,,,SOFR,5.35%,1%,,2028-02-04,9635,9515,9586,,9515,,,,,,MFIC,2025-02-25,MFIC,2025-02-25
Wilson Language Training Owl Parent Holdings,Common Equity,Business Services,,,,,,,,,100,172,,100,,,,100,,MFIC,2025-02-25,MFIC,2025-02-25
Wilson Language Training,Other,Business Services,,,,,,,,,9615,9758,,9615,,,,,,MFIC,2025-02-25,MFIC,2025-02-25
Aspen Aerogels Inc.,First Lien,Chemicals & Materials,,,SOFR,4.5%,4.5%,,2029-08-19,23605,23161,23133,,23161,,,,,,MFIC,2025-02-25,MFIC,2025-02-25
Aspen Aerogels Inc.,Revolver,Chemicals & Materials,,,SOFR,4.6%,2.5%,,2029-08-19,43,43,43,,43,,,,,,MFIC,2025-02-25,MFIC,2025-02-25
Aspen Aerogels Inc.,Other,Chemicals & Materials,,,,,,,,,23204,23176,,23204,,,,,,MFIC,2025-02-25,MFIC,2025-02-25
Chemicals,Common Equity,Chemicals & Materials,,,,,,,,,56505,18933,,56505,,,,1246,,MFIC,2025-02-25,MFIC,2025-02-25
Chemicals,First Lien,Chemicals & Materials,6.5%,,,,,,2027-10-14,12500,12501,12459,,12501,,,,,,MFIC,2025-02-25,MFIC,2025-02-25
Carbonfree Chemicals SPE I LLC,Other,Chemicals & Materials,,,,,,,,,69006,31392,,69006,,,,,,MFIC,2025-02-25,MFIC,2025-02-25
Chemicals,First Lien,Chemicals & Materials,10%,,,,,,2024-04-30,1631,383,815,,383,,,,,,MFIC,2025-02-25,MFIC,2025-02-25
Chemicals,First Lien,Chemicals & Materials,7%,,,,,,2029-01-03,9438,,,,,,,,,,MFIC,2025-02-25,MFIC,2025-02-25
Heubach,Other,Chemicals & Materials,,,,,,,,,383,815,,383,,,,,,MFIC,2025-02-25,MFIC,2025-02-25
IPS SI Holdings,First Lien,Chemicals & Materials,,,SOFR,5.85%,1%,,2027-12-31,34624,34495,34552,,34495,,,,,,MFIC,2025-02-25,MFIC,2025-02-25
IPS SI Holdings,Revolver,Chemicals & Materials,,,SOFR,5.85%,1%,,2027-12-31,,-12,-15,,-12,,,,,,MFIC,2025-02-25,MFIC,2025-02-25
IPS SI Holdings Inc.,Other,Chemicals & Materials,,,,,,,,,34483,34537,,34483,,,,,,MFIC,2025-02-25,MFIC,2025-02-25
Meristem Crop Performance Lunar Buyer,First Lien,Chemicals & Materials,,,SOFR,5.5%,0.75%,,2030-10-03,9091,8915,8909,,8915,,,,,,MFIC,2025-02-25,MFIC,2025-02-25
Meristem Crop Performance Lunar Buyer,Delayed Draw,Chemicals & Materials,,,SOFR,5.5%,0.75%,,2030-10-03,,-65,-68,,-65,,,,,,MFIC,2025-02-25,MFIC,2025-02-25
Meristem Crop Performance Lunar Buyer,Revolver,Chemicals & Materials,,,SOFR,5.5%,0.75%,,2030-10-03,455,376,373,,376,,,,,,MFIC,2025-02-25,MFIC,2025-02-25
Meristem Crop Performance Lunar Buyer LLC,Other,Chemicals & Materials,,,,,,,,,9226,9214,,9226,,,,,,MFIC,2025-02-25,MFIC,2025-02-25
Chemicals,First Lien,Chemicals & Materials,4.88%,,,,,,2027-06-15,2000,1943,1938,,1943,,,,,,MFIC,2025-02-25,MFIC,2025-02-25
Allstar Holdings Athlete Buyer,First Lien,Industrials,,,SOFR,5.85%,1%,,2029-04-26,1927,1890,1908,,1890,,,,,,MFIC,2025-02-25,MFIC,2025-02-25
Allstar Holdings Athlete Buyer,Delayed Draw,Industrials,,,SOFR,5.85%,1%,,2029-04-26,23681,23172,23442,,23172,,,,,,MFIC,2025-02-25,MFIC,2025-02-25
Allstar Holdings Athlete Buyer,Revolver,Industrials,,,SOFR,5.85%,1%,,2029-04-26,3292,3211,3240,,3211,,,,,,MFIC,2025-02-25,MFIC,2025-02-25
Allstar Holdings,Other,Industrials,,,,,,,,,28273,28590,,28273,,,,,,MFIC,2025-02-25,MFIC,2025-02-25
American Restoration American Restoration Holdings,First Lien,Industrials,,,SOFR,5.1%,1%,,2030-07-24,6463,6340,6350,,6340,,,,,,MFIC,2025-02-25,MFIC,2025-02-25
American Restoration American Restoration Holdings,Delayed Draw,Industrials,,,SOFR,5.1%,1%,,2030-07-24,5222,5109,5105,,5109,,,,,,MFIC,2025-02-25,MFIC,2025-02-25
American Restoration American Restoration Holdings,Revolver,Industrials,,,SOFR,5.1%,1%,,2030-07-24,389,356,358,,356,,,,,,MFIC,2025-02-25,MFIC,2025-02-25
American Restoration,Other,Industrials,,,,,,,,,11805,11813,,11805,,,,,,MFIC,2025-02-25,MFIC,2025-02-25
OmniMax International LLC,First Lien,Industrials,,,SOFR,5.75%,1%,,2030-12-06,15280,14977,14975,,14977,,,,,,MFIC,2025-02-25,MFIC,2025-02-25
OmniMax International LLC,Delayed Draw,Industrials,,,SOFR,5.75%,1%,,2030-12-06,,-47,-47,,-47,,,,,,MFIC,2025-02-25,MFIC,2025-02-25
OmniMax International LLC,Other,Industrials,,,,,,,,,14930,14928,,14930,,,,,,MFIC,2025-02-25,MFIC,2025-02-25
Pave America Pave America Interco,First Lien,Industrials,,,SOFR,6.9%,1%,,2028-02-07,14310,13993,14095,,13993,,,,,,MFIC,2025-02-25,MFIC,2025-02-25
Pave America Pave America Interco,Delayed Draw,Industrials,,,SOFR,6.9%,1%,,2028-02-07,1423,1394,1402,,1394,,,,,,MFIC,2025-02-25,MFIC,2025-02-25
Pave America Pave America Interco,Revolver,Industrials,,,SOFR,6.9%,1%,,2028-02-07,1371,1321,1332,,1321,,,,,,MFIC,2025-02-25,MFIC,2025-02-25
Pave America,Other,Industrials,,,,,,,,,16708,16829,,16708,,,,,,MFIC,2025-02-25,MFIC,2025-02-25
Pavement Preservation Pavement Preservation Acquisition,First Lien,Industrials,,,SOFR,5.25%,1%,,2030-08-09,8999,8826,8819,,8826,,,,,,MFIC,2025-02-25,MFIC,2025-02-25
Pavement Preservation Pavement Preservation Acquisition,Delayed Draw,Industrials,,,SOFR,5.25%,1%,,2030-08-09,2155,2114,2112,,2114,,,,,,MFIC,2025-02-25,MFIC,2025-02-25
Pavement Preservation Pavement Preservation Acquisition,Revolver,Industrials,,,SOFR,5.25%,1%,,2030-08-09,,-24,-26,,-24,,,,,,MFIC,2025-02-25,MFIC,2025-02-25
Pavement Preservation,Other,Industrials,,,,,,,,,10916,10905,,10916,,,,,,MFIC,2025-02-25,MFIC,2025-02-25
Renovo HomeRenew Buyer,First Lien,Industrials,8.65%,,,,,,2027-11-23,9073,8177,4900,,8177,,,,,,MFIC,2025-02-25,MFIC,2025-02-25
Renovo HomeRenew Buyer,First Lien,Industrials,,,SOFR,9%,2.5%,,2025-03-13,1276,1241,1244,,1241,,,,,,MFIC,2025-02-25,MFIC,2025-02-25
Renovo HomeRenew Buyer,Delayed Draw,Industrials,8.65%,,,,,,2027-11-23,7998,7198,4319,,7198,,,,,,MFIC,2025-02-25,MFIC,2025-02-25
Renovo HomeRenew Buyer,Revolver,Industrials,8.65%,,,,,,2027-11-23,2161,1975,1167,,1975,,,,,,MFIC,2025-02-25,MFIC,2025-02-25
Renovo,Other,Industrials,,,,,,,,,18591,11630,,18591,,,,,,MFIC,2025-02-25,MFIC,2025-02-25
RF Fager R.F. Fager Company,First Lien,Industrials,,,SOFR,5.25%,1%,,2030-03-04,930,911,914,,911,,,,,,MFIC,2025-02-25,MFIC,2025-02-25
RF Fager R.F. Fager Company,Delayed Draw,Industrials,,,SOFR,5.25%,1%,,2030-03-04,,-17,-32,,-17,,,,,,MFIC,2025-02-25,MFIC,2025-02-25
RF Fager R.F. Fager Company,Revolver,Industrials,,,SOFR,5.25%,1%,,2030-03-04,,-5,-4,,-5,,,,,,MFIC,2025-02-25,MFIC,2025-02-25
RF Fager,Other,Industrials,,,,,,,,,889,878,,889,,,,,,MFIC,2025-02-25,MFIC,2025-02-25
Traffic Management Solutions LLC,First Lien,Industrials,,,SOFR,5%,1%,,2030-11-26,7379,7269,7268,,7269,,,,,,MFIC,2025-02-25,MFIC,2025-02-25
Traffic Management Solutions LLC,Delayed Draw,Industrials,,,SOFR,5%,1%,,2030-11-26,,-45,-46,,-45,,,,,,MFIC,2025-02-25,MFIC,2025-02-25
Traffic Management Solutions LLC,Revolver,Industrials,,,SOFR,5%,1%,,2030-11-26,121,100,100,,100,,,,,,MFIC,2025-02-25,MFIC,2025-02-25
Traffic Management Solutions LLC,Other,Industrials,,,,,,,,,7324,7322,,7324,,,,,,MFIC,2025-02-25,MFIC,2025-02-25
Consumer Goods - Durable Club Champion Club Champion LLC,First Lien,Consumer & Retail,,,SOFR,5%,0.75%,,2029-06-14,8152,8039,8009,,8039,,,,,,MFIC,2025-02-25,MFIC,2025-02-25
Consumer Goods - Durable Club Champion Club Champion LLC,First Lien,Consumer & Retail,,,SOFR,5%,0.75%,,2029-06-14,663,638,631,,638,,,,,,MFIC,2025-02-25,MFIC,2025-02-25
Consumer Goods - Durable Club Champion,Other,Consumer & Retail,,,,,,,,,8677,8640,,8677,,,,,,MFIC,2025-02-25,MFIC,2025-02-25
Consumer Goods - Durable KLO Holdings,Common Equity,Consumer & Retail,,,,,,,,,1000,202,,1000,,,,1000032,,MFIC,2025-02-25,MFIC,2025-02-25
Consumer Goods - Durable Polywood Poly-Wood,First Lien,Consumer & Retail,,,SOFR,5.75%,1%,,2030-03-20,2165,2120,2165,,2120,,,,,,MFIC,2025-02-25,MFIC,2025-02-25
Consumer Goods - Durable Polywood Poly-Wood,Delayed Draw,Consumer & Retail,,,SOFR,5.75%,1%,,2030-03-20,,-13,,,-13,,,,,,MFIC,2025-02-25,MFIC,2025-02-25
Consumer Goods - Durable Polywood Poly-Wood,Revolver,Consumer & Retail,,,SOFR,5.75%,1%,,2030-03-20,,-8,,,-8,,,,,,MFIC,2025-02-25,MFIC,2025-02-25
Consumer Goods - Durable Polywood,Other,Consumer & Retail,,,,,,,,,2099,2165,,2099,,,,,,MFIC,2025-02-25,MFIC,2025-02-25
Consumer Goods - Durable Sorenson Holdings LLC,First Lien,Consumer & Retail,,8%,,,,,2030-04-01,247,197,203,,197,,,,,,MFIC,2025-02-25,MFIC,2025-02-25
Consumer Goods - Durable Sorenson Holdings LLC,First Lien,Consumer & Retail,,10%,,,,,2030-04-01,60,54,55,,54,,,,,,MFIC,2025-02-25,MFIC,2025-02-25
Consumer Goods - Durable Sorenson Holdings LLC,Common Equity,Consumer & Retail,,,,,,,,,108,119,,108,,,,279,,MFIC,2025-02-25,MFIC,2025-02-25
Consumer Goods - Durable Sorenson Holdings LLC,Other,Consumer & Retail,,,,,,,,,359,377,,359,,,,,,MFIC,2025-02-25,MFIC,2025-02-25
Consumer Goods - Durable,Other,Consumer & Retail,,,,,,,,,12135,11384,,12135,,,,,,MFIC,2025-02-25,MFIC,2025-02-25
Consumer Goods - Non-durable 3D Protein For Pets Opco,First Lien,Consumer & Retail,,,SOFR,5.25%,1%,,2030-09-20,8561,8410,8411,,8410,,,,,,MFIC,2025-02-25,MFIC,2025-02-25
Consumer Goods - Non-durable 3D Protein For Pets Opco,Revolver,Consumer & Retail,,,SOFR,5.25%,1%,,2030-09-20,,-15,-16,,-15,,,,,,MFIC,2025-02-25,MFIC,2025-02-25
Consumer Goods - Non-durable 3D Protein,Other,Consumer & Retail,,,,,,,,,8395,8395,,8395,,,,,,MFIC,2025-02-25,MFIC,2025-02-25
Consumer Goods - Non-durable Dan Dee Project Comfort Buyer,First Lien,Consumer & Retail,,,SOFR,7.1%,1%,,2026-02-01,17757,17716,17653,,17716,,,,,,MFIC,2025-02-25,MFIC,2025-02-25
Consumer Goods - Non-durable Dan Dee Project Comfort Buyer,Revolver,Consumer & Retail,,,SOFR,7.1%,1%,,2026-02-01,,-3,-9,,-3,,,,,,MFIC,2025-02-25,MFIC,2025-02-25
Consumer Goods - Non-durable Dan Dee Project Comfort Buyer,Preferred Equity,Consumer & Retail,,,,,,,,,493,246,,493,,,,491405,,MFIC,2025-02-25,MFIC,2025-02-25
Consumer Goods - Non-durable Dan Dee,Other,Consumer & Retail,,,,,,,,,18206,17890,,18206,,,,,,MFIC,2025-02-25,MFIC,2025-02-25
Consumer Goods - Non-durable Elida Beauty PHOENIX YW BUYER,First Lien,Consumer & Retail,,,SOFR,5%,1%,,2030-05-31,8137,7968,7975,,7968,,,,,,MFIC,2025-02-25,MFIC,2025-02-25
Consumer Goods - Non-durable Elida Beauty PHOENIX YW BUYER,Revolver,Consumer & Retail,,,SOFR,5%,1%,,2030-05-31,,-23,-23,,-23,,,,,,MFIC,2025-02-25,MFIC,2025-02-25
Consumer Goods - Non-durable Elida Beauty,Other,Consumer & Retail,,,,,,,,,7945,7952,,7945,,,,,,MFIC,2025-02-25,MFIC,2025-02-25
Consumer Goods - Non-durable Excelligence Learning Corp.,First Lien,Education,,,SOFR,5.75%,1%,,2030-01-18,15418,15123,15264,,15123,,,,,,MFIC,2025-02-25,MFIC,2025-02-25
Consumer Goods - Non-durable Excelligence Learning Corp.,First Lien,Education,,,SOFR,4.75%,,,2030-01-18,148,101,123,,101,,,,,,MFIC,2025-02-25,MFIC,2025-02-25
Consumer Goods - Non-durable Excelligence,Other,Consumer & Retail,,,,,,,,,15224,15387,,15224,,,,,,MFIC,2025-02-25,MFIC,2025-02-25
Consumer Goods - Non-durable Iconix Brand Group IBG Borrower LLC,First Lien,Consumer & Retail,,,SOFR,6%,1%,,2029-08-22,5953,5897,5894,,5897,,,,,,MFIC,2025-02-25,MFIC,2025-02-25
Consumer Goods - Non-durable LashCo Lash OpCo,First Lien,Consumer & Retail,,5.1%,SOFR,2.75%,1%,,2026-03-18,42662,42398,41794,,42398,,,,,,MFIC,2025-02-25,MFIC,2025-02-25
Consumer Goods - Non-durable LashCo Lash OpCo,Delayed Draw,Consumer & Retail,,5.1%,SOFR,2.75%,1%,,2026-03-18,2302,2293,2256,,2293,,,,,,MFIC,2025-02-25,MFIC,2025-02-25
Consumer Goods - Non-durable LashCo Lash OpCo,Revolver,Consumer & Retail,,5.1%,SOFR,2.75%,1%,,2026-03-18,1673,1658,1637,,1658,,,,,,MFIC,2025-02-25,MFIC,2025-02-25
Consumer Goods - Non-durable LashCo,Other,Consumer & Retail,,,,,,,,,46349,45687,,46349,,,,,,MFIC,2025-02-25,MFIC,2025-02-25
Consumer Goods - Non-durable Paladone Group Bidco Ltd.,First Lien,Consumer & Retail,,,SOFR,5.6%,1%,,2027-11-12,5936,5867,5913,,5867,,,,,,MFIC,2025-02-25,MFIC,2025-02-25
Consumer Goods - Non-durable Paladone Group Bidco Ltd.,First Lien,Consumer & Retail,,,SOFR,5.6%,1%,,2027-11-12,930,924,926,,924,,,,,type_hint_delayed_draw_from_name,MFIC,2025-02-25,MFIC,2025-02-25
Consumer Goods - Non-durable Paladone Group Bidco Ltd.,First Lien,Consumer & Retail,,,SOFR,5.6%,1%,,2027-11-12,659,645,653,,645,,,,,type_hint_revolver_from_name,MFIC,2025-02-25,MFIC,2025-02-25
Consumer Goods - Non-durable Paladone Group Bidco Ltd.,First Lien,Consumer & Retail,,,SOFR,5.5%,1%,,2027-11-12,353,469,439,,469,,,,,type_hint_revolver_from_name,MFIC,2025-02-25,MFIC,2025-02-25
Consumer Goods - Non-durable Paladone Group Holdings Ltd.,Other Equity,Consumer & Retail,,,,,,,,,92,121,,92,,,,94151,,MFIC,2025-02-25,MFIC,2025-02-25
Consumer Goods - Non-durable Paladone,Other,Consumer & Retail,,,,,,,,,7997,8052,,7997,,,,,,MFIC,2025-02-25,MFIC,2025-02-25
Consumer Goods - Non-durable RoC Skincare RoC Holdco LLC,First Lien,Consumer & Retail,,,SOFR,6%,1%,,2031-02-21,12709,12480,12486,,12480,,,,,,MFIC,2025-02-25,MFIC,2025-02-25
Consumer Goods - Non-durable RoC Skincare RoC Holdco LLC,First Lien,Consumer & Retail,,,SOFR,6%,1%,,2030-02-21,,-38,-38,,-38,,,,,,MFIC,2025-02-25,MFIC,2025-02-25
Consumer Goods - Non-durable RoC Skincare,Other,Consumer & Retail,,,,,,,,,12442,12448,,12442,,,,,,MFIC,2025-02-25,MFIC,2025-02-25
Consumer Goods - Non-durable Sequential Brands Group,Common Equity,Consumer & Retail,,,,,,,,,2041,106,,2041,,,,10854,,MFIC,2025-02-25,MFIC,2025-02-25
Consumer Goods - Non-durable Sequential Brands Group,First Lien,Consumer & Retail,,,SOFR,5.75%,1%,,2026-11-12,1241,1229,1237,,1229,,,,,,MFIC,2025-02-25,MFIC,2025-02-25
Consumer Goods - Non-durable Sequential Brands Group Inc.,First Lien,Consumer & Retail,,6%,,,,,2025-05-28,201,154,201,,154,,,,,,MFIC,2025-02-25,MFIC,2025-02-25
Consumer Goods - Non-durable Sequential Brands Group Inc.,Other,Consumer & Retail,,,,,,,,,3424,1544,,3424,,,,,,MFIC,2025-02-25,MFIC,2025-02-25
Consumer Goods - Non-durable Suave Silk Holdings I Corp.,Other Equity,Consumer & Retail,,,,,,,,,100,215,,100,,,,100,,MFIC,2025-02-25,MFIC,2025-02-25
Consumer Goods - Non-durable Suave Silk Holdings III Corp.,First Lien,Consumer & Retail,,,SOFR,5.5%,1%,,2029-05-01,29652,29046,29355,,29046,,,,,,MFIC,2025-02-25,MFIC,2025-02-25
Consumer Goods - Non-durable Suave,Other,Consumer & Retail,,,,,,,,,29146,29570,,29146,,,,,,MFIC,2025-02-25,MFIC,2025-02-25
Consumer Goods - Non-durable Tailored Brands The Men's Wearhouse,First Lien,Consumer & Retail,,,SOFR,6.5%,0%,,2029-02-26,1270,1268,1271,,1268,,,,,,MFIC,2025-02-25,MFIC,2025-02-25
Consumer Goods - Non-durable,Other,Consumer & Retail,,,,,,,,,156293,154090,,156293,,,,,,MFIC,2025-02-25,MFIC,2025-02-25
Clarus Commerce Marlin DTC-LS Midco 2,First Lien,Consumer & Retail,,,SOFR,6.6%,1%,,2025-07-01,21078,21012,21075,,21012,,,,,,MFIC,2025-02-25,MFIC,2025-02-25
Clarus Commerce Marlin DTC-LS Midco 2,Revolver,Consumer & Retail,,,SOFR,6.6%,1%,,2025-07-01,,-2,,,-2,,,,,,MFIC,2025-02-25,MFIC,2025-02-25
Clarus Commerce,Other,Consumer & Retail,,,,,,,,,21010,21075,,21010,,,,,,MFIC,2025-02-25,MFIC,2025-02-25
Gateway Services Gateway US Holdings,First Lien,Consumer & Retail,,,SOFR,4.75%,0.75%,,2028-09-22,10225,10184,10172,,10184,,,,,,MFIC,2025-02-25,MFIC,2025-02-25
Gateway Services Gateway US Holdings,First Lien,Consumer & Retail,,,SOFR,4.75%,0.75%,,2026-09-22,2349,2340,2337,,2340,,,,,,MFIC,2025-02-25,MFIC,2025-02-25
Gateway Services Gateway US Holdings,Delayed Draw,Consumer & Retail,,,SOFR,4.75%,0.75%,,2026-09-22,533,532,531,,532,,,,,,MFIC,2025-02-25,MFIC,2025-02-25
Gateway Services Gateway US Holdings,Delayed Draw,Consumer & Retail,,,SOFR,4.75%,0.75%,,2026-11-14,,-9,-5,,-9,,,,,,MFIC,2025-02-25,MFIC,2025-02-25
Gateway Services Gateway US Holdings,Revolver,Consumer & Retail,,,SOFR,6.5%,0.75%,,2026-09-22,,-1,-2,,-1,,,,,,MFIC,2025-02-25,MFIC,2025-02-25
Gateway Services Gateway US Holdings Inc.,Other,Consumer & Retail,,,,,,,,,13046,13033,,13046,,,,,,MFIC,2025-02-25,MFIC,2025-02-25
Go Car Wash Go Car Wash Management Corp.,First Lien,Consumer & Retail,,,SOFR,5.85%,1%,,2026-12-31,1600,1588,1557,,1588,,,,,,MFIC,2025-02-25,MFIC,2025-02-25
Go Car Wash Go Car Wash Management Corp.,First Lien,Consumer & Retail,,,SOFR,5.85%,1%,,2026-12-31,9318,9243,9080,,9243,,,,,,MFIC,2025-02-25,MFIC,2025-02-25
Go Car Wash Go Car Wash Management Corp.,First Lien,Consumer & Retail,,,SOFR,6.35%,1%,,2026-12-31,,,-11,,,,,,,,MFIC,2025-02-25,MFIC,2025-02-25
Go Car Wash,Other,Consumer & Retail,,,,,,,,,10831,10626,,10831,,,,,,MFIC,2025-02-25,MFIC,2025-02-25
Legacy.com Lotus Topco Inc.,First Lien,Consumer & Retail,,,SOFR,4.75%,1%,,2030-06-07,2926,2886,2883,,2886,,,,,,MFIC,2025-02-25,MFIC,2025-02-25
Legacy.com Lotus Topco Inc.,First Lien,Consumer & Retail,,,SOFR,4.75%,1%,,2030-06-07,,-10,-22,,-10,,,,,,MFIC,2025-02-25,MFIC,2025-02-25
Legacy.com Lotus Topco Inc.,First Lien,Consumer & Retail,,,SOFR,4.75%,1%,,2030-06-07,,-8,-9,,-8,,,,,,MFIC,2025-02-25,MFIC,2025-02-25
Legacy.com Lotus Topco Inc.,Other,Consumer & Retail,,,,,,,,,2868,2852,,2868,,,,,,MFIC,2025-02-25,MFIC,2025-02-25
Regis Corp.,First Lien,Consumer & Retail,,,SOFR,4.5%,2.5%,,2029-06-24,6942,6814,6802,,6814,,,,,,MFIC,2025-02-25,MFIC,2025-02-25
Regis Corp.,First Lien,Consumer & Retail,,,SOFR,4.5%,2.5%,,2029-06-24,721,646,638,,646,,,,,,MFIC,2025-02-25,MFIC,2025-02-25
Regis,Other,Consumer & Retail,,,,,,,,,7460,7440,,7460,,,,,,MFIC,2025-02-25,MFIC,2025-02-25
SEV Intermediate Holdco,First Lien,Consumer & Retail,,,SOFR,5.25%,0.75%,,2030-06-21,8292,8148,8147,,8148,,,,,,MFIC,2025-02-25,MFIC,2025-02-25
SEV Intermediate Holdco,Revolver,Consumer & Retail,,,SOFR,5.25%,0.75%,,2030-06-21,633,605,604,,605,,,,,,MFIC,2025-02-25,MFIC,2025-02-25
SEV,Other,Consumer & Retail,,,,,,,,,8753,8751,,8753,,,,,,MFIC,2025-02-25,MFIC,2025-02-25
Team Car Wash TCW Midco LLC,First Lien,Consumer & Retail,,,SOFR,5.75%,1%,,2029-10-22,5000,4952,4950,,4952,,,,,,MFIC,2025-02-25,MFIC,2025-02-25
Team Car Wash TCW Midco LLC,First Lien,Consumer & Retail,,,SOFR,5.75%,1%,,2029-10-22,,-40,-42,,-40,,,,,,MFIC,2025-02-25,MFIC,2025-02-25
Team Car Wash TCW Midco LLC,First Lien,Consumer & Retail,,,SOFR,5.75%,1%,,2029-10-22,,-8,-8,,-8,,,,,,MFIC,2025-02-25,MFIC,2025-02-25
Team Car Wash,Other,Consumer & Retail,,,,,,,,,4904,4900,,4904,,,,,,MFIC,2025-02-25,MFIC,2025-02-25
The Club Company Eldrickco Ltd.,First Lien,Consumer & Retail,,,SOFR,5.78%,0.5%,,2026-11-26,9057,11696,11038,,11696,,,,,,MFIC,2025-02-25,MFIC,2025-02-25
The Club Company Eldrickco Ltd.,First Lien,Consumer & Retail,,,SOFR,5.78%,0.5%,,2026-11-26,8497,10516,10275,,10516,,,,,type_hint_delayed_draw_from_name,MFIC,2025-02-25,MFIC,2025-02-25
The Club Company Eldrickco Ltd.,First Lien,Consumer & Retail,,,SOFR,5.78%,0.5%,,2026-11-26,356,416,433,,416,,,,,type_hint_revolver_from_name,MFIC,2025-02-25,MFIC,2025-02-25
The Club Company Eldrickco Ltd.,First Lien,Consumer & Retail,,,SOFR,5.53%,0.5%,,2026-05-26,,-1,-11,,-1,,,,,type_hint_revolver_from_name,MFIC,2025-02-25,MFIC,2025-02-25
The Club Company,Other,Consumer & Retail,,,,,,,,,22627,21735,,22627,,,,,,MFIC,2025-02-25,MFIC,2025-02-25
The Weather Company Zephyr Buyer,First Lien,Consumer & Retail,,,SOFR,6.5%,1%,,2030-01-31,30816,30134,30272,,30134,,,,,,MFIC,2025-02-25,MFIC,2025-02-25
The Weather Company Zephyr Buyer,Revolver,Consumer & Retail,,,SOFR,6.75%,1%,,2030-01-31,,-84,-69,,-84,,,,,,MFIC,2025-02-25,MFIC,2025-02-25
The Weather Company,Other,Consumer & Retail,,,,,,,,,30050,30203,,30050,,,,,,MFIC,2025-02-25,MFIC,2025-02-25
Village Pet Care,First Lien,Consumer & Retail,,,SOFR,6.5%,1%,,2029-09-22,1500,1475,1485,,1475,,,,,,MFIC,2025-02-25,MFIC,2025-02-25
Village Pet Care,Delayed Draw,Consumer & Retail,,,SOFR,6.5%,1%,,2029-09-22,750,708,700,,708,,,,,,MFIC,2025-02-25,MFIC,2025-02-25
Village Pet Care,Revolver,Consumer & Retail,,,SOFR,5.5%,,,2029-09-22,800,784,790,,784,,,,,,MFIC,2025-02-25,MFIC,2025-02-25
Village Pet Care,Other,Consumer & Retail,,,,,,,,,2967,2975,,2967,,,,,,MFIC,2025-02-25,MFIC,2025-02-25
Walters Wedding Estates WH BorrowerCo,First Lien,Consumer & Retail,,,SOFR,5%,1%,,2030-08-01,14348,14140,14129,,14140,,,,,,MFIC,2025-02-25,MFIC,2025-02-25
Walters Wedding Estates WH BorrowerCo,Delayed Draw,Consumer & Retail,,,SOFR,5%,1%,,2030-08-01,,-114,-122,,-114,,,,,,MFIC,2025-02-25,MFIC,2025-02-25
Walters Wedding Estates WH BorrowerCo,Revolver,Consumer & Retail,,,SOFR,5%,1%,,2030-08-01,1223,1188,1185,,1188,,,,,,MFIC,2025-02-25,MFIC,2025-02-25
Walters Wedding Estates,Other,Consumer & Retail,,,,,,,,,15214,15192,,15214,,,,,,MFIC,2025-02-25,MFIC,2025-02-25
Containers Packaging & Glass Truvant NPPI Buyer,First Lien,Containers & Packaging,,,SOFR,5%,1%,,2029-08-20,22050,21737,21719,,21737,,,,,,MFIC,2025-02-25,MFIC,2025-02-25
Containers Packaging & Glass Truvant NPPI Buyer,Delayed Draw,Containers & Packaging,,,SOFR,5.25%,1%,,2029-08-20,,-33,-71,,-33,,,,,,MFIC,2025-02-25,MFIC,2025-02-25
Containers Packaging & Glass Truvant NPPI Buyer,Revolver,Containers & Packaging,,,SOFR,5.25%,1%,,2029-08-20,,-44,-47,,-44,,,,,,MFIC,2025-02-25,MFIC,2025-02-25
Containers Packaging & Glass,Other,Containers & Packaging,,,,,,,,,21660,21601,,21660,,,,,,MFIC,2025-02-25,MFIC,2025-02-25
Investment Vehicles Banking Finance,First Lien,Diversified,,,,,,,2034-04-20,2000,2011,2003,,2011,,,,,,MFIC,2025-02-25,MFIC,2025-02-25
Investment Vehicles Banking Finance,First Lien,Diversified,,,SOFR,6.1%,1%,,2029-11-30,18076,17695,17819,,17695,,,,,,MFIC,2025-02-25,MFIC,2025-02-25
Investment Vehicles Banking Finance,Revolver,Diversified,,,SOFR,6.1%,1%,,2029-11-30,,-5,-41,,-5,,,,,,MFIC,2025-02-25,MFIC,2025-02-25
Investment Vehicles Banking Finance Real Estate Celink Peer Advisors,First Lien,Diversified,,,SOFR,6.1%,1%,,2029-11-30,4347,4340,4285,,4340,,,,,,MFIC,2025-02-25,MFIC,2025-02-25
Investment Vehicles Banking Finance Real Estate Celink,Other,Diversified,,,,,,,,,22030,22063,,22030,,,,,,MFIC,2025-02-25,MFIC,2025-02-25
Investment Vehicles Banking Finance,First Lien,Diversified,,,,,,,2033-10-24,4000,4000,4002,,4000,,,,,,MFIC,2025-02-25,MFIC,2025-02-25
Investment Vehicles Banking Finance,Common Equity,Diversified,,,,,,,,,100,96,,100,,,,100000,,MFIC,2025-02-25,MFIC,2025-02-25
Investment Vehicles Banking Finance,First Lien,Diversified,,,SOFR,5.75%,1%,,2029-03-16,5985,5843,5864,,5843,,,,,,MFIC,2025-02-25,MFIC,2025-02-25
Investment Vehicles Banking Finance,Delayed Draw,Diversified,,,SOFR,5.75%,1%,,2029-03-16,1302,1259,1240,,1259,,,,,,MFIC,2025-02-25,MFIC,2025-02-25
Investment Vehicles Banking Finance,Revolver,Diversified,,,SOFR,6.6%,1%,,2029-03-16,,-14,-13,,-14,,,,,,MFIC,2025-02-25,MFIC,2025-02-25
Investment Vehicles Banking Finance Real Estate Definiti LLC,Other,Diversified,,,,,,,,,7188,7187,,7188,,,,,,MFIC,2025-02-25,MFIC,2025-02-25
Investment Vehicles Banking Finance,First Lien,Diversified,,,,,,,2034-07-20,3000,3001,3005,,3001,,,,,,MFIC,2025-02-25,MFIC,2025-02-25
Investment Vehicles Banking Finance,Other Equity,Diversified,,,,,,,2037-01-15,4000,4000,4000,,4000,,,,,,MFIC,2025-02-25,MFIC,2025-02-25
Investment Vehicles Banking Finance Real Estate Generator Buyer Inc.,First Lien,Diversified,,,SOFR,5.25%,0.75%,,2030-07-22,16086,12536,12188,,12536,,,,,,MFIC,2025-02-25,MFIC,2025-02-25
Investment Vehicles Banking Finance Real Estate Generator Buyer Inc.,Delayed Draw,Diversified,,,SOFR,5.25%,0.75%,,2030-07-22,416,286,259,,286,,,,,,MFIC,2025-02-25,MFIC,2025-02-25
Investment Vehicles Banking Finance Real Estate Generator Buyer Inc.,Revolver,Diversified,,,SOFR,5.25%,0.75%,,2030-07-22,,-21,-15,,-21,,,,,,MFIC,2025-02-25,MFIC,2025-02-25
Investment Vehicles Banking Finance Real Estate Generator Buyer Inc.,Other,Diversified,,,,,,,,,12801,12432,,12801,,,,,,MFIC,2025-02-25,MFIC,2025-02-25
Investment Vehicles Banking Finance Real Estate Golden Bear Golden Bear 2016-R,Other Equity,Diversified,,,,,,,2042-09-20,,15451,9736,,15451,,,,,,MFIC,2025-02-25,MFIC,2025-02-25
Investment Vehicles Banking Finance Real Estate Golub Capital Partners CLO LT Golub Capital Partners CLO,First Lien,Diversified,,,,,,,2034-07-20,2000,2016,2013,,2016,,,,,,MFIC,2025-02-25,MFIC,2025-02-25
Investment Vehicles Banking Finance Real Estate Insight XI Aggregator LP. Insight XI Aggregator,First Lien,Diversified,,,SOFR,3.25%,0%,,2025-08-28,3041,3041,3041,,3041,,,,,,MFIC,2025-02-25,MFIC,2025-02-25
Investment Vehicles Banking Finance,First Lien,Diversified,,,SOFR,5%,1%,,2027-12-31,36294,35918,36109,,35918,,,,,,MFIC,2025-02-25,MFIC,2025-02-25
Investment Vehicles Banking Finance,First Lien,Diversified,0%,,,,,,2026-12-30,2197,2197,2192,,2197,,,,,,MFIC,2025-02-25,MFIC,2025-02-25
Investment Vehicles Banking Finance,Delayed Draw,Diversified,,,SOFR,3%,1%,,2027-12-31,6971,6971,6945,,6971,,,,,,MFIC,2025-02-25,MFIC,2025-02-25
Investment Vehicles Banking Finance,Delayed Draw,Diversified,,,SOFR,5%,1%,,2027-12-31,,,-8,,,,,,,,MFIC,2025-02-25,MFIC,2025-02-25
Investment Vehicles Banking Finance,Revolver,Diversified,,,SOFR,3%,1%,,2027-12-31,,,-21,,,,,,,,MFIC,2025-02-25,MFIC,2025-02-25
Investment Vehicles Banking Finance Real Estate Lending Point,Other,Diversified,,,,,,,,,45086,45217,,45086,,,,,,MFIC,2025-02-25,MFIC,2025-02-25
Investment Vehicles Banking Finance,First Lien,Diversified,,,SOFR,5.25%,0%,,2031-04-02,2283,2438,2335,,2438,,,,,,MFIC,2025-02-25,MFIC,2025-02-25
Investment Vehicles Banking Finance,Delayed Draw,Diversified,,,SOFR,5.25%,0%,,2031-04-02,391,402,390,,402,,,,,,MFIC,2025-02-25,MFIC,2025-02-25
Investment Vehicles Banking Finance Real Estate Nexity,Other,Diversified,,,,,,,,,2840,2725,,2840,,,,,,MFIC,2025-02-25,MFIC,2025-02-25
Investment Vehicles Banking Finance Real Estate Origami Opportunities Fund III Origami Opportunities Fund III,First Lien,Diversified,,,SOFR,6.25%,2%,,2027-10-25,6667,6572,6567,,6572,,,,,,MFIC,2025-02-25,MFIC,2025-02-25
Investment Vehicles Banking Finance Real Estate Origami Opportunities Fund III Origami Opportunities Fund III,Delayed Draw,Diversified,,,SOFR,6.25%,2%,,2027-10-25,,-47,-50,,-47,,,,,,MFIC,2025-02-25,MFIC,2025-02-25
Investment Vehicles Banking Finance,Other Equity,Diversified,,,,,,,,,6525,6517,,6525,,,,,,MFIC,2025-02-25,MFIC,2025-02-25
Investment Vehicles Banking Finance Real Estate PMA Parent Holdings,First Lien,Diversified,,,SOFR,5.25%,0.75%,,2031-01-31,14013,13869,13865,,13869,,,,,,MFIC,2025-02-25,MFIC,2025-02-25
Investment Vehicles Banking Finance Real Estate PMA Parent Holdings,Revolver,Diversified,,,SOFR,5.5%,0.75%,,2031-01-31,,-10,-10,,-10,,,,,,MFIC,2025-02-25,MFIC,2025-02-25
Investment Vehicles Banking Finance Real Estate PMA,Other,Diversified,,,,,,,,,13859,13855,,13859,,,,,,MFIC,2025-02-25,MFIC,2025-02-25
Investment Vehicles Banking Finance Real Estate Purchasing Power LLC,Revolver,Diversified,,,SOFR,7.1%,0%,,2027-02-26,2825,2825,2825,,2825,,,,,,MFIC,2025-02-25,MFIC,2025-02-25
Investment Vehicles Banking Finance,First Lien,Diversified,,,SOFR,5.75%,1.5%,,2028-10-20,3456,3385,3378,,3385,,,,,,MFIC,2025-02-25,MFIC,2025-02-25
Investment Vehicles Banking Finance,Delayed Draw,Diversified,,,SOFR,5.75%,1.5%,,2028-10-20,3474,3402,3396,,3402,,,,,,MFIC,2025-02-25,MFIC,2025-02-25
Investment Vehicles Banking Finance Real Estate Redfin,Other,Diversified,,,,,,,,,6787,6774,,6787,,,,,,MFIC,2025-02-25,MFIC,2025-02-25
Investment Vehicles Banking Finance Real Estate Renew Financial LLC,Preferred Equity,Diversified,,,,,,,,,534,193,,534,,,,142,,MFIC,2025-02-25,MFIC,2025-02-25
Investment Vehicles Banking Finance,Common Equity,Diversified,,,,,,,,,16813,69,,16813,,,,1368286,fair_value_suspicious_vs_size,MFIC,2025-02-25,MFIC,2025-02-25
Investment Vehicles Banking Finance,Common Equity,Diversified,,,,,,,,,233,400,,233,,,,233308,,MFIC,2025-02-25,MFIC,2025-02-25
Investment Vehicles Banking Finance Real Estate Renew Financial LLC,Other,Diversified,,,,,,,,,17580,662,,17580,,,,,fair_value_suspicious_vs_size,MFIC,2025-02-25,MFIC,2025-02-25
Investment Vehicles Banking Finance,First Lien,Diversified,,,SOFR,5.25%,0.75%,,2028-06-29,14109,13985,14039,,13985,,,,,,MFIC,2025-02-25,MFIC,2025-02-25
Investment Vehicles Banking Finance,Delayed Draw,Diversified,,,SOFR,5.25%,0.75%,,2028-06-29,412,357,393,,357,,,,,,MFIC,2025-02-25,MFIC,2025-02-25
Investment Vehicles Banking Finance,Revolver,Diversified,,,SOFR,5.75%,0.75%,,2027-06-29,,-3,-2,,-3,,,,,,MFIC,2025-02-25,MFIC,2025-02-25
Investment Vehicles Banking Finance Real Estate Spectrum Automotive,Other,Diversified,,,,,,,,,14339,14430,,14339,,,,,,MFIC,2025-02-25,MFIC,2025-02-25
Investment Vehicles Banking Finance Real Estate Stretto,First Lien,Diversified,,,SOFR,6%,1%,,2028-10-13,11194,11143,11138,,11143,,,,,,MFIC,2025-02-25,MFIC,2025-02-25
Investment Vehicles Banking Finance,Other Equity,Diversified,,,,,,,2029-02-28,,23192,16366,,23192,,,,,,MFIC,2025-02-25,MFIC,2025-02-25
Investment Vehicles Banking Finance,Other,Real Estate,,,,,,,,,219715,189991,,219715,,,,,,MFIC,2025-02-25,MFIC,2025-02-25
- Electricity Solarplicity Group Limited (f/k/a AMP Solar UK) Solarplicity UK Holdings Ltd.,First Lien,Energy,4%,,,,,,2023-03-08,5562,7231,1997,,7231,,,,,,MFIC,2025-02-25,MFIC,2025-02-25
- Electricity Solarplicity Group Limited (f/k/a AMP Solar UK) Solarplicity UK Holdings Limited Preferred Equity,Other Equity,Energy,,,,,,,,,5623,,,5623,,,,4286,type_hint_pref_equity_from_name,MFIC,2025-02-25,MFIC,2025-02-25
- Electricity Solarplicity Group Limited (f/k/a AMP Solar UK) Solarplicity UK Holdings Ltd.,Other Equity,Energy,,,,,,,,,4,,,4,,,,2825,,MFIC,2025-02-25,MFIC,2025-02-25
- Electricity,Other,Energy,,,,,,,,,12858,1997,,12858,,,,,,MFIC,2025-02-25,MFIC,2025-02-25
Environmental Industries Liberty Tire Recycling LTR Intermediate Holdings,First Lien,Environmental Services,,,SOFR,4.5%,1%,,2028-05-05,2067,2030,2036,,2030,,,,,,MFIC,2025-02-25,MFIC,2025-02-25
Environmental Industries,Other,Environmental Services,,,,,,,,,2030,2036,,2030,,,,,,MFIC,2025-02-25,MFIC,2025-02-25
& Pharmaceuticals Akoya Biosciences,First Lien,Healthcare,,,SOFR,6.91%,2.5%,,2027-11-01,13125,13142,13093,,13142,,,,,,MFIC,2025-02-25,MFIC,2025-02-25
& Pharmaceuticals Akoya Biosciences,Delayed Draw,Healthcare,,,SOFR,6.91%,2.5%,,2027-11-01,9375,9357,9353,,9357,,,,,,MFIC,2025-02-25,MFIC,2025-02-25
& Pharmaceuticals Akoya,Other,Healthcare,,,,,,,,,22499,22446,,22499,,,,,,MFIC,2025-02-25,MFIC,2025-02-25
& Pharmaceuticals Alcami Corp.,First Lien,Healthcare,,,SOFR,7.1%,1%,,2028-12-21,8055,7853,7874,,7853,,,,,,MFIC,2025-02-25,MFIC,2025-02-25
& Pharmaceuticals Alcami Corp.,First Lien,Healthcare,,,SOFR,7.1%,1%,,2028-12-21,593,578,579,,578,,,,,,MFIC,2025-02-25,MFIC,2025-02-25
& Pharmaceuticals Alcami Corp.,First Lien,Healthcare,,,SOFR,7.1%,1%,,2028-12-21,82,56,58,,56,,,,,,MFIC,2025-02-25,MFIC,2025-02-25
& Pharmaceuticals Alcami,Other,Healthcare,,,,,,,,,8487,8511,,8487,,,,,,MFIC,2025-02-25,MFIC,2025-02-25
& Pharmaceuticals Alcresta Therapeutics Inc.,Preferred Equity,Healthcare,,,,,,,,,116,124,,116,,,,116,,MFIC,2025-02-25,MFIC,2025-02-25
& Pharmaceuticals Alcresta Therapeutics Inc.,Common Equity,Healthcare,,,,,,,,,1,28,,1,,,,1176,,MFIC,2025-02-25,MFIC,2025-02-25
& Pharmaceuticals Alcresta Therapeutics Inc.,First Lien,Healthcare,,,SOFR,5.75%,1%,,2030-03-12,2276,2236,2242,,2236,,,,,,MFIC,2025-02-25,MFIC,2025-02-25
& Pharmaceuticals Alcresta Therapeutics Inc.,First Lien,Healthcare,,,SOFR,5.75%,1%,,2030-03-12,,-123,-106,,-123,,,,,,MFIC,2025-02-25,MFIC,2025-02-25
& Pharmaceuticals Alcresta Therapeutics Inc.,First Lien,Healthcare,,,SOFR,5.75%,1%,,2029-03-31,,-7,-7,,-7,,,,,,MFIC,2025-02-25,MFIC,2025-02-25
& Pharmaceuticals Alcresta Therapeutics Inc.,Other,Healthcare,,,,,,,,,2223,2281,,2223,,,,,,MFIC,2025-02-25,MFIC,2025-02-25
& Pharmaceuticals All Star All Star Recruiting Locums,First Lien,Healthcare,,,SOFR,5.5%,1%,,2030-05-01,6922,6793,6887,,6793,,,,,,MFIC,2025-02-25,MFIC,2025-02-25
& Pharmaceuticals All Star All Star Recruiting Locums,Delayed Draw,Healthcare,,,SOFR,5.5%,1%,,2030-05-01,,-15,-9,,-15,,,,,,MFIC,2025-02-25,MFIC,2025-02-25
& Pharmaceuticals All Star All Star Recruiting Locums,Revolver,Healthcare,,,SOFR,5.5%,1%,,2030-05-01,217,194,211,,194,,,,,,MFIC,2025-02-25,MFIC,2025-02-25
& Pharmaceuticals All Star,Other,Healthcare,,,,,,,,,6972,7089,,6972,,,,,,MFIC,2025-02-25,MFIC,2025-02-25
& Pharmaceuticals Allied Benefit Systems Allied Benefit Systems Intermediate LLC,First Lien,Healthcare,,,SOFR,5.25%,0.75%,,2030-10-31,5873,5873,5873,,5873,,,,,,MFIC,2025-02-25,MFIC,2025-02-25
& Pharmaceuticals Allied Benefit Systems Allied Benefit Systems Intermediate LLC,First Lien,Healthcare,,,SOFR,5.25%,0.75%,,2030-10-31,1077,1069,1077,,1069,,,,,,MFIC,2025-02-25,MFIC,2025-02-25
& Pharmaceuticals Allied Benefit Systems,Other,Healthcare,,,,,,,,,6942,6950,,6942,,,,,,MFIC,2025-02-25,MFIC,2025-02-25
& Pharmaceuticals August Bio August Bioservices,First Lien,Healthcare,,,SOFR,5.95%,2%,,2029-06-01,12000,11945,11850,,11945,,,,,,MFIC,2025-02-25,MFIC,2025-02-25
& Pharmaceuticals August Bio August Bioservices,Delayed Draw,Healthcare,,,SOFR,5.95%,2%,,2029-06-01,3000,2987,2963,,2987,,,,,,MFIC,2025-02-25,MFIC,2025-02-25
& Pharmaceuticals August Bio August Bioservices,Revolver,Healthcare,,,SOFR,4%,2%,,2029-06-01,,-2,-7,,-2,,,,,,MFIC,2025-02-25,MFIC,2025-02-25
& Pharmaceuticals August Bio,Other,Healthcare,,,,,,,,,14930,14806,,14930,,,,,,MFIC,2025-02-25,MFIC,2025-02-25
& Pharmaceuticals Azurity Pharmaceuticals Azurity Pharmaceuticals,First Lien,Healthcare,,,SOFR,6.62%,0.75%,,2027-09-20,4765,4729,4670,,4729,,,,,,MFIC,2025-02-25,MFIC,2025-02-25
& Pharmaceuticals Bausch Health Bausch Health Companies Inc.,First Lien,Healthcare,,,SOFR,5.25%,0.5%,,2027-02-01,7200,6747,7047,,6747,,,,,,MFIC,2025-02-25,MFIC,2025-02-25
& Pharmaceuticals Bausch Health Bausch Health Companies Inc.,First Lien,Healthcare,5.5%,,,,,,2025-11-01,1088,1048,1061,,1048,,,,,,MFIC,2025-02-25,MFIC,2025-02-25
& Pharmaceuticals Bausch Health,Other,Healthcare,,,,,,,,,7795,8108,,7795,,,,,,MFIC,2025-02-25,MFIC,2025-02-25
& Pharmaceuticals Cato Research LS Clinical Services Holdings,First Lien,Healthcare,,,SOFR,7.51%,1%,,2027-12-16,14782,14612,14227,,14612,,,,,,MFIC,2025-02-25,MFIC,2025-02-25
& Pharmaceuticals Cato Research LS Clinical Services Holdings,Revolver,Healthcare,,,SOFR,7.51%,1%,,2027-06-16,1609,1585,1544,,1585,,,,,,MFIC,2025-02-25,MFIC,2025-02-25
& Pharmaceuticals Cato Research,Other,Healthcare,,,,,,,,,16197,15771,,16197,,,,,,MFIC,2025-02-25,MFIC,2025-02-25
& Pharmaceuticals Celerion Buyer,First Lien,Healthcare,,,SOFR,5%,0.75%,,2029-11-05,11117,10908,11006,,10908,,,,,,MFIC,2025-02-25,MFIC,2025-02-25
& Pharmaceuticals Celerion Buyer,Delayed Draw,Healthcare,,,SOFR,5.5%,0.75%,,2029-11-05,,-27,-13,,-27,,,,,,MFIC,2025-02-25,MFIC,2025-02-25
& Pharmaceuticals Celerion Buyer,Revolver,Healthcare,,,SOFR,5.5%,0.75%,,2028-11-03,,-12,-6,,-12,,,,,,MFIC,2025-02-25,MFIC,2025-02-25
& Pharmaceuticals Celerion,Other,Healthcare,,,,,,,,,10869,10987,,10869,,,,,,MFIC,2025-02-25,MFIC,2025-02-25
& Pharmaceuticals Cerus Corp.,First Lien,Healthcare,,,SOFR,6.6%,1.8%,,2028-03-01,12000,11978,12000,,11978,,,,,,MFIC,2025-02-25,MFIC,2025-02-25
& Pharmaceuticals Cerus Corp.,First Lien,Healthcare,,,SOFR,6.6%,1.8%,,2028-03-01,4500,4492,4500,,4492,,,,,,MFIC,2025-02-25,MFIC,2025-02-25
& Pharmaceuticals Cerus Corp.,First Lien,Healthcare,,,SOFR,6.6%,1%,,2028-03-01,3000,2980,3000,,2980,,,,,,MFIC,2025-02-25,MFIC,2025-02-25
& Pharmaceuticals Cerus Corp.,First Lien,Healthcare,,,SOFR,3.85%,1%,,2028-03-01,415,414,415,,414,,,,,,MFIC,2025-02-25,MFIC,2025-02-25
& Pharmaceuticals Cerus,Other,Healthcare,,,,,,,,,19864,19915,,19864,,,,,,MFIC,2025-02-25,MFIC,2025-02-25
& Pharmaceuticals CNSI Acentra Holdings,First Lien,Healthcare,,,SOFR,5.5%,0.5%,,2029-12-17,17640,17167,17462,,17167,,,,,,MFIC,2025-02-25,MFIC,2025-02-25
& Pharmaceuticals CNSI Acentra Holdings,First Lien,Healthcare,,,SOFR,5.75%,0.5%,,2028-12-17,3960,3912,3940,,3912,,,,,,MFIC,2025-02-25,MFIC,2025-02-25
& Pharmaceuticals CNSI Acentra Holdings,Revolver,Healthcare,,,SOFR,5.5%,0.5%,,2029-12-17,213,163,193,,163,,,,,,MFIC,2025-02-25,MFIC,2025-02-25
& Pharmaceuticals CNSI,Other,Healthcare,,,,,,,,,21242,21595,,21242,,,,,,MFIC,2025-02-25,MFIC,2025-02-25
& Pharmaceuticals Compass Health Roscoe Medical,First Lien,Healthcare,,,SOFR,6.36%,1%,,2025-03-31,7391,7309,7354,,7309,,,,,,MFIC,2025-02-25,MFIC,2025-02-25
& Pharmaceuticals Compass Health Roscoe Medical,Revolver,Healthcare,,,SOFR,0.11%,0%,,2025-03-31,492,482,488,,482,,,,,,MFIC,2025-02-25,MFIC,2025-02-25
& Pharmaceuticals Compass Health,Other,Healthcare,,,,,,,,,7791,7842,,7791,,,,,,MFIC,2025-02-25,MFIC,2025-02-25
& Pharmaceuticals EmpiRx Health LLC,First Lien,Healthcare,,,SOFR,5.1%,1%,,2027-08-05,8818,8721,8818,,8721,,,,,,MFIC,2025-02-25,MFIC,2025-02-25
& Pharmaceuticals EmpiRx Health LLC,First Lien,Healthcare,,,SOFR,5.1%,1%,,2027-08-05,,-8,,,-8,,,,,,MFIC,2025-02-25,MFIC,2025-02-25
& Pharmaceuticals EmpiRx,Other,Healthcare,,,,,,,,,8713,8818,,8713,,,,,,MFIC,2025-02-25,MFIC,2025-02-25
& Pharmaceuticals ExactCare Parent,First Lien,Healthcare,,,SOFR,5.5%,1%,,2029-11-05,17898,17468,17808,,17468,,,,,,MFIC,2025-02-25,MFIC,2025-02-25
& Pharmaceuticals ExactCare Parent,Revolver,Healthcare,,,SOFR,6.5%,1%,,2029-11-05,,-44,-10,,-44,,,,,,MFIC,2025-02-25,MFIC,2025-02-25
& Pharmaceuticals ExactCare,Other,Healthcare,,,,,,,,,17424,17798,,17424,,,,,,MFIC,2025-02-25,MFIC,2025-02-25
& Pharmaceuticals Gainwell Acquisition Corp.,First Lien,Healthcare,,,SOFR,4%,0.75%,,2027-10-01,16778,15875,16293,,15875,,,,,,MFIC,2025-02-25,MFIC,2025-02-25
& Pharmaceuticals Health & Safety Institute HSI Halo Holdings,Common Equity,Healthcare,,,,,,,,,16,21,,16,,,,104,,MFIC,2025-02-25,MFIC,2025-02-25
& Pharmaceuticals Health & Safety Institute HSI HALO Acquisition,Common Equity,Healthcare,,,,,,,,,31,2026,,31,,,,500,cost_suspicious_vs_size,MFIC,2025-02-25,MFIC,2025-02-25
& Pharmaceuticals Health & Safety Institute,Other,Healthcare,,,,,,,,,47,2047,,47,,,,,cost_suspicious_vs_size,MFIC,2025-02-25,MFIC,2025-02-25
& Pharmaceuticals KureSmart Clearway Corp.,Other Equity,Healthcare,,,,,,,,,133,305,,133,,,,133,,MFIC,2025-02-25,MFIC,2025-02-25
& Pharmaceuticals KureSmart Kure Pain Holdings,First Lien,Healthcare,,,SOFR,6.1%,1%,,2027-08-27,21047,21006,21047,,21006,,,,,,MFIC,2025-02-25,MFIC,2025-02-25
& Pharmaceuticals KureSmart Kure Pain Holdings,Revolver,Healthcare,,,SOFR,5.1%,1%,,2027-08-27,,-6,,,-6,,,,,,MFIC,2025-02-25,MFIC,2025-02-25
& Pharmaceuticals KureSmart,Other,Healthcare,,,,,,,,,21133,21352,,21133,,,,,,MFIC,2025-02-25,MFIC,2025-02-25
& Pharmaceuticals LucidHealth Premier Imaging,First Lien,Healthcare,,2%,SOFR,4.26%,1%,,2026-03-31,7057,7025,5716,,7025,,,,,,MFIC,2025-02-25,MFIC,2025-02-25
& Pharmaceuticals LucidHealth Premier Imaging,Delayed Draw,Healthcare,,2%,SOFR,4.26%,1%,,2026-03-31,1911,1837,1548,,1837,,,,,,MFIC,2025-02-25,MFIC,2025-02-25
& Pharmaceuticals LucidHealth,Other,Healthcare,,,,,,,,,8862,7264,,8862,,,,,,MFIC,2025-02-25,MFIC,2025-02-25
& Pharmaceuticals Maxor National Pharmacy Service LLC,First Lien,Healthcare,,,SOFR,6.1%,1%,,2029-03-01,10000,9900,9900,,9900,,,,,,MFIC,2025-02-25,MFIC,2025-02-25
& Pharmaceuticals Maxor National Pharmacy Service LLC,First Lien,Healthcare,,,SOFR,6.1%,1%,,2029-03-01,13185,12882,13053,,12882,,,,,,MFIC,2025-02-25,MFIC,2025-02-25
& Pharmaceuticals Maxor National Pharmacy Service LLC,Revolver,Healthcare,,,SOFR,7%,1%,,2029-03-01,,-32,-15,,-32,,,,,,MFIC,2025-02-25,MFIC,2025-02-25
& Pharmaceuticals Maxor National Pharmacy Service LLC,Preferred Equity,Healthcare,,,,,,,,,50,75,,50,,,,50000,,MFIC,2025-02-25,MFIC,2025-02-25
& Pharmaceuticals Maxor National Pharmacy Service LLC,Other,Healthcare,,,,,,,,,22800,23013,,22800,,,,,,MFIC,2025-02-25,MFIC,2025-02-25
& Pharmaceuticals Medical Guardian Medical Guardian,First Lien,Healthcare,,,SOFR,5.85%,1%,,2028-04-26,31062,30844,30902,,30844,,,,,,MFIC,2025-02-25,MFIC,2025-02-25
& Pharmaceuticals Medical Guardian Medical Guardian,Delayed Draw,Healthcare,,,SOFR,5.85%,1%,,2028-04-26,4738,4690,4714,,4690,,,,,,MFIC,2025-02-25,MFIC,2025-02-25
& Pharmaceuticals Medical Guardian Medical Guardian,Revolver,Healthcare,,,SOFR,6.35%,1%,,2028-04-26,,-24,-19,,-24,,,,,,MFIC,2025-02-25,MFIC,2025-02-25
& Pharmaceuticals Medical Guardian,Other,Healthcare,,,,,,,,,35510,35597,,35510,,,,,,MFIC,2025-02-25,MFIC,2025-02-25
& Pharmaceuticals Midwest Vision Midwest Vision Partners Management,First Lien,Healthcare,4.5%,2%,,,1%,,2027-01-12,20776,20548,20517,,20548,,,,,,MFIC,2025-02-25,MFIC,2025-02-25
& Pharmaceuticals Midwest Vision Midwest Vision Partners Management,First Lien,Healthcare,,6.5%,,,1%,,2027-01-12,1127,1115,899,,1115,,,,,,MFIC,2025-02-25,MFIC,2025-02-25
& Pharmaceuticals Midwest Vision Midwest Vision Partners Management,Revolver,Healthcare,,,SOFR,6.5%,1%,,2027-01-12,612,606,595,,606,,,,,,MFIC,2025-02-25,MFIC,2025-02-25
& Pharmaceuticals Midwest Vision,Other,Healthcare,,,,,,,,,22269,22011,,22269,,,,,,MFIC,2025-02-25,MFIC,2025-02-25
& Pharmaceuticals Omega Healthcare OMH-Healthedge Holdings,First Lien,Healthcare,,,SOFR,6%,1%,,2029-10-08,9850,9804,9850,,9804,,,,,,MFIC,2025-02-25,MFIC,2025-02-25
& Pharmaceuticals Omega Healthcare OMH-Healthedge Holdings,Revolver,Healthcare,,,SOFR,6%,1%,,2029-10-08,,-5,,,-5,,,,,,MFIC,2025-02-25,MFIC,2025-02-25
& Pharmaceuticals Omega Healthcare,Other,Healthcare,,,,,,,,,9799,9850,,9799,,,,,,MFIC,2025-02-25,MFIC,2025-02-25
& Pharmaceuticals Ora LLC,First Lien,Healthcare,,,SOFR,5%,1%,,2030-07-18,6901,6771,6763,,6771,,,,,,MFIC,2025-02-25,MFIC,2025-02-25
& Pharmaceuticals Ora LLC,Delayed Draw,Healthcare,,,SOFR,5%,1%,,2030-07-18,,-15,-34,,-15,,,,,,MFIC,2025-02-25,MFIC,2025-02-25
& Pharmaceuticals Ora LLC,Revolver,Healthcare,,,SOFR,4%,,,2030-07-18,280,254,252,,254,,,,,,MFIC,2025-02-25,MFIC,2025-02-25
& Pharmaceuticals Ora LLC,Common Equity,Healthcare,,,,,,,,,110,103,,110,,,,2,,MFIC,2025-02-25,MFIC,2025-02-25
& Pharmaceuticals Ora LLC,Unsecured Debt,Healthcare,11.34%,,,,,,2030-07-18,21,21,21,,21,,,,,,MFIC,2025-02-25,MFIC,2025-02-25
& Pharmaceuticals Ora LLC,Other,Healthcare,,,,,,,,,7141,7105,,7141,,,,,,MFIC,2025-02-25,MFIC,2025-02-25
& Pharmaceuticals Partner Therapeutics Inc.,Preferred Equity,Healthcare,,,,,,,,,333,333,,333,,,,55556,,MFIC,2025-02-25,MFIC,2025-02-25
& Pharmaceuticals Partner Therapeutics Inc.,Warrants,Healthcare,,,,,,,,,389,136,,389,,,,73333,,MFIC,2025-02-25,MFIC,2025-02-25
& Pharmaceuticals Partner Therapeutics Inc.,Other,Healthcare,,,,,,,,,722,469,,722,,,,,,MFIC,2025-02-25,MFIC,2025-02-25
& Pharmaceuticals PHS Buyer,First Lien,Healthcare,,1%,SOFR,4.1%,1%,,2027-01-31,25785,25598,21853,,25598,,,,,,MFIC,2025-02-25,MFIC,2025-02-25
& Pharmaceuticals PHS Buyer,Revolver,Healthcare,,1%,SOFR,4.1%,1%,,2027-01-31,1441,1417,1136,,1417,,,,,,MFIC,2025-02-25,MFIC,2025-02-25
& Pharmaceuticals PHS,Other,Healthcare,,,,,,,,,27015,22989,,27015,,,,,,MFIC,2025-02-25,MFIC,2025-02-25
& Pharmaceuticals Rarebreed Veterinary Partners,First Lien,Healthcare,,,SOFR,5.25%,1%,,2030-04-18,4237,4160,4152,,4160,,,,,,MFIC,2025-02-25,MFIC,2025-02-25
& Pharmaceuticals Rarebreed Veterinary Partners,Delayed Draw,Healthcare,,,SOFR,5.25%,1%,,2030-04-18,6457,6286,6088,,6286,,,,,,MFIC,2025-02-25,MFIC,2025-02-25
& Pharmaceuticals Rarebreed Veterinary Partners,Revolver,Healthcare,,,SOFR,5.25%,1%,,2030-04-18,,-17,-19,,-17,,,,,,MFIC,2025-02-25,MFIC,2025-02-25
& Pharmaceuticals Rarebreed,Other,Healthcare,,,,,,,,,10429,10221,,10429,,,,,,MFIC,2025-02-25,MFIC,2025-02-25
& Pharmaceuticals RHA Health Services Pace Health Companies,First Lien,Healthcare,,,SOFR,5.65%,1%,,2025-08-02,1389,1381,1384,,1381,,,,,,MFIC,2025-02-25,MFIC,2025-02-25
& Pharmaceuticals RHA Health Services Pace Health Companies,First Lien,Healthcare,,,SOFR,5.4%,1%,,2025-08-02,464,463,461,,463,,,,,,MFIC,2025-02-25,MFIC,2025-02-25
& Pharmaceuticals RHA Health Services Pace Health Companies,Delayed Draw,Healthcare,,,SOFR,5.4%,1%,,2025-08-02,3231,3221,3209,,3221,,,,,,MFIC,2025-02-25,MFIC,2025-02-25
& Pharmaceuticals RHA Health Services Pace Health Companies,Delayed Draw,Healthcare,,,SOFR,5.65%,1%,,2025-08-02,195,190,191,,190,,,,,,MFIC,2025-02-25,MFIC,2025-02-25
& Pharmaceuticals RHA Health Services Pace Health Companies,Revolver,Healthcare,,,SOFR,5.4%,1%,,2025-08-02,,-30,-3,,-30,,,,,,MFIC,2025-02-25,MFIC,2025-02-25
& Pharmaceuticals RHA Health Services,Other,Healthcare,,,,,,,,,5225,5242,,5225,,,,,,MFIC,2025-02-25,MFIC,2025-02-25
& Pharmaceuticals Rigel Pharmaceuticals Rigel Pharmaceuticals,First Lien,Healthcare,,,SOFR,6.61%,1.5%,,2027-09-01,3000,3019,3000,,3019,,,,,,MFIC,2025-02-25,MFIC,2025-02-25
& Pharmaceuticals Rigel Pharmaceuticals Rigel Pharmaceuticals,Delayed Draw,Healthcare,,,SOFR,6.61%,1.5%,,2027-09-01,15000,14981,15000,,14981,,,,,,MFIC,2025-02-25,MFIC,2025-02-25
& Pharmaceuticals Rigel Pharmaceuticals,Other,Healthcare,,,,,,,,,18000,18000,,18000,,,,,,MFIC,2025-02-25,MFIC,2025-02-25
& Pharmaceuticals Sterling Pharma Saffron Bidco Ltd.,First Lien,Healthcare,,,SOFR,5.75%,0.75%,,2031-09-11,13467,13216,13201,,13216,,,,,,MFIC,2025-02-25,MFIC,2025-02-25
& Pharmaceuticals Sterling Pharma Saffron Bidco Ltd.,First Lien,Healthcare,,,SOFR,5.75%,0.75%,,2031-09-11,,-79,-154,,-79,,,,,,MFIC,2025-02-25,MFIC,2025-02-25
& Pharmaceuticals Sterling Pharma,Other,Healthcare,,,,,,,,,13137,13047,,13137,,,,,,MFIC,2025-02-25,MFIC,2025-02-25
& Pharmaceuticals Team Select TS Investors,First Lien,Healthcare,,,SOFR,5.6%,1%,,2029-05-04,9526,9372,9407,,9372,,,,,,MFIC,2025-02-25,MFIC,2025-02-25
& Pharmaceuticals Team Select TS Investors,Delayed Draw,Healthcare,,,SOFR,5.6%,1%,,2029-05-04,110,92,76,,92,,,,,,MFIC,2025-02-25,MFIC,2025-02-25
& Pharmaceuticals Team Select TS Investors,Revolver,Healthcare,,,SOFR,5.6%,1%,,2029-05-04,,-4,-2,,-4,,,,,,MFIC,2025-02-25,MFIC,2025-02-25
& Pharmaceuticals Team Select,Other,Healthcare,,,,,,,,,9460,9481,,9460,,,,,,MFIC,2025-02-25,MFIC,2025-02-25
& Pharmaceuticals TELA Bio Inc.,First Lien,Healthcare,,,SOFR,6.35%,1%,,2027-05-01,13333,13296,13333,,13296,,,,,,MFIC,2025-02-25,MFIC,2025-02-25
& Pharmaceuticals TELA Bio Inc.,Delayed Draw,Healthcare,,,SOFR,6.35%,1%,,2027-05-01,,-1,,,-1,,,,,,MFIC,2025-02-25,MFIC,2025-02-25
& Pharmaceuticals TELA Bio Inc.,Other,Healthcare,,,,,,,,,13295,13333,,13295,,,,,,MFIC,2025-02-25,MFIC,2025-02-25
& Pharmaceuticals TersSera TerSera Therapeutics LLC,First Lien,Healthcare,,,SOFR,5.75%,1%,,2029-04-04,16750,16373,16750,,16373,,,,,,MFIC,2025-02-25,MFIC,2025-02-25
& Pharmaceuticals TersSera TerSera Therapeutics LLC,First Lien,Healthcare,,,SOFR,5.75%,1%,,2029-04-04,,-24,,,-24,,,,,,MFIC,2025-02-25,MFIC,2025-02-25
& Pharmaceuticals TersSera,Other,Healthcare,,,,,,,,,16349,16750,,16349,,,,,,MFIC,2025-02-25,MFIC,2025-02-25
& Pharmaceuticals Treace Medical Concepts,First Lien,Healthcare,,,SOFR,6.1%,1%,,2027-04-01,14583,14543,14438,,14543,,,,,,MFIC,2025-02-25,MFIC,2025-02-25
& Pharmaceuticals Treace Medical Concepts,Delayed Draw,Healthcare,,,SOFR,6.1%,1%,,2027-04-01,,-3,-87,,-3,,,,,,MFIC,2025-02-25,MFIC,2025-02-25
& Pharmaceuticals Treace Medical Concepts,Revolver,Healthcare,,,SOFR,4.1%,1%,,2027-04-01,400,393,370,,393,,,,,,MFIC,2025-02-25,MFIC,2025-02-25
& Pharmaceuticals Treace,Other,Healthcare,,,,,,,,,14933,14721,,14933,,,,,,MFIC,2025-02-25,MFIC,2025-02-25
& Pharmaceuticals Trillium AHP Timberwolf Bidco Corp.,First Lien,Healthcare,,,SOFR,5.25%,1%,,2031-08-06,8125,7969,7963,,7969,,,,,,MFIC,2025-02-25,MFIC,2025-02-25
& Pharmaceuticals Trillium AHP Timberwolf Bidco Corp.,First Lien,Healthcare,,,SOFR,5.25%,1%,,2031-08-06,,-35,-37,,-35,,,,,,MFIC,2025-02-25,MFIC,2025-02-25
& Pharmaceuticals Trillium,Other,Healthcare,,,,,,,,,7934,7926,,7934,,,,,,MFIC,2025-02-25,MFIC,2025-02-25
& Pharmaceuticals Unchained Labs Unchained Labs,First Lien,Healthcare,,,SOFR,5.55%,1%,,2027-08-09,1868,1850,1854,,1850,,,,,,MFIC,2025-02-25,MFIC,2025-02-25
& Pharmaceuticals Unchained Labs Unchained Labs,Delayed Draw,Healthcare,,,SOFR,5.55%,1%,,2027-08-09,2212,2200,2195,,2200,,,,,,MFIC,2025-02-25,MFIC,2025-02-25
& Pharmaceuticals Unchained Labs Unchained Labs,Revolver,Healthcare,,,SOFR,5.55%,1%,,2027-08-09,,-6,-5,,-6,,,,,,MFIC,2025-02-25,MFIC,2025-02-25
& Pharmaceuticals Unchained Labs,Other,Healthcare,,,,,,,,,4044,4044,,4044,,,,,,MFIC,2025-02-25,MFIC,2025-02-25
& Pharmaceuticals WellDyneRx LLC,First Lien,Healthcare,,,SOFR,6.85%,0.75%,,2027-03-09,17580,17387,17228,,17387,,,,,,MFIC,2025-02-25,MFIC,2025-02-25
& Pharmaceuticals WellDyneRx LLC,Revolver,Healthcare,,,SOFR,6.85%,0.75%,,2026-03-09,,-12,-24,,-12,,,,,,MFIC,2025-02-25,MFIC,2025-02-25
& Pharmaceuticals WellDyneRx LLC,Other,Healthcare,,,,,,,,,17375,17204,,17375,,,,,,MFIC,2025-02-25,MFIC,2025-02-25
Total Healthcare & Pharmaceuticals,Other,,,,,,,,,,478031,475766,,478031,,,,,,MFIC,2025-02-25,MFIC,2025-02-25
High Tech Industries Acronis AG ACRONIS AG,First Lien,Software & Technology,,1%,SOFR,5.95%,1%,,2027-04-01,27213,27096,27211,,27096,,,,,,MFIC,2025-02-25,MFIC,2025-02-25
High Tech Industries AGDATA Midco,First Lien,Software & Technology,,,SOFR,4.75%,0.75%,,2030-07-01,2653,2615,2613,,2615,,,,,,MFIC,2025-02-25,MFIC,2025-02-25
High Tech Industries AGDATA Midco,Delayed Draw,Software & Technology,,,SOFR,4.75%,0.75%,,2030-07-01,,-12,-27,,-12,,,,,,MFIC,2025-02-25,MFIC,2025-02-25
High Tech Industries AGDATA Midco,Revolver,Software & Technology,,,SOFR,4.75%,0.75%,,2030-07-01,,-7,-8,,-7,,,,,,MFIC,2025-02-25,MFIC,2025-02-25
High Tech Industries AGDATA,Other,Software & Technology,,,,,,,,,2596,2578,,2596,,,,,,MFIC,2025-02-25,MFIC,2025-02-25
High Tech Industries Align RMCF V CIV L,Common Equity,Software & Technology,,,,,,,,,500,508,,500,,,,241,,MFIC,2025-02-25,MFIC,2025-02-25
High Tech Industries American Megatrends AMI Buyer,First Lien,Software & Technology,,,SOFR,5.25%,0.75%,,2031-10-17,13095,12903,12899,,12903,,,,,,MFIC,2025-02-25,MFIC,2025-02-25
High Tech Industries American Megatrends AMI Buyer,Revolver,Software & Technology,,,SOFR,5.25%,0.75%,,2031-10-17,463,435,435,,435,,,,,,MFIC,2025-02-25,MFIC,2025-02-25
High Tech Industries American Megatrends,Other,Software & Technology,,,,,,,,,13338,13334,,13338,,,,,,MFIC,2025-02-25,MFIC,2025-02-25
High Tech Industries Anaplan,First Lien,Software & Technology,,,SOFR,5.25%,0.75%,,2029-06-21,11301,11301,11273,,11301,,,,,,MFIC,2025-02-25,MFIC,2025-02-25
High Tech Industries Anaplan,Revolver,Software & Technology,,,SOFR,5.75%,0.75%,,2028-06-21,,,-2,,,,,,,,MFIC,2025-02-25,MFIC,2025-02-25
High Tech Industries Anaplan,Other,Software & Technology,,,,,,,,,11301,11271,,11301,,,,,,MFIC,2025-02-25,MFIC,2025-02-25
High Tech Industries Avalara,First Lien,Software & Technology,,,SOFR,6.25%,0.75%,,2028-10-19,9091,9153,9091,,9153,,,,,,MFIC,2025-02-25,MFIC,2025-02-25
High Tech Industries Avalara,Revolver,Software & Technology,,,SOFR,6.25%,0.75%,,2028-10-19,,,,,,,,,,,MFIC,2025-02-25,MFIC,2025-02-25
High Tech Industries Avalara,Other,Software & Technology,,,,,,,,,9153,9091,,9153,,,,,,MFIC,2025-02-25,MFIC,2025-02-25
High Tech Industries BarTender Sigma Buyer LLC,First Lien,Software & Technology,,,SOFR,5.25%,0.75%,,2028-01-04,13584,13339,13414,,13339,,,,,,MFIC,2025-02-25,MFIC,2025-02-25
High Tech Industries BarTender Sigma Buyer LLC,First Lien,Software & Technology,,,SOFR,5.25%,0.75%,,2028-01-04,7273,7135,7182,,7135,,,,,,MFIC,2025-02-25,MFIC,2025-02-25
High Tech Industries BarTender Sigma Buyer LLC,First Lien,Software & Technology,,,SOFR,5.25%,0.75%,,2028-01-04,700,672,681,,672,,,,,,MFIC,2025-02-25,MFIC,2025-02-25
High Tech Industries BarTender,Other,Software & Technology,,,,,,,,,21146,21277,,21146,,,,,,MFIC,2025-02-25,MFIC,2025-02-25
High Tech Industries Beeline IQN Holding Corp.,First Lien,Software & Technology,,,SOFR,5.25%,0.75%,,2029-05-02,4007,4007,4007,,4007,,,,,,MFIC,2025-02-25,MFIC,2025-02-25
High Tech Industries Beeline IQN Holding Corp.,First Lien,Software & Technology,,,SOFR,5.25%,0.75%,,2028-05-02,126,126,126,,126,,,,,,MFIC,2025-02-25,MFIC,2025-02-25
High Tech Industries Beeline,Other,Software & Technology,,,,,,,,,4133,4133,,4133,,,,,,MFIC,2025-02-25,MFIC,2025-02-25
High Tech Industries Biamp,First Lien,Software & Technology,,,SOFR,5%,1%,,2030-04-30,873,857,850,,857,,,,,,MFIC,2025-02-25,MFIC,2025-02-25
High Tech Industries Biamp,First Lien,Software & Technology,,,SOFR,5%,1%,,2030-04-30,,-2,-3,,-2,,,,,type_hint_revolver_from_name,MFIC,2025-02-25,MFIC,2025-02-25
High Tech Industries Biamp,Other,Software & Technology,,,,,,,,,855,847,,855,,,,,,MFIC,2025-02-25,MFIC,2025-02-25
High Tech Industries BusPatrol Holdco,First Lien,Software & Technology,,,SOFR,6%,1%,,2029-08-02,8333,8254,8249,,8254,,,,,,MFIC,2025-02-25,MFIC,2025-02-25
High Tech Industries BusPatrol Holdco,First Lien,Software & Technology,,,SOFR,6%,1%,,2029-08-02,,-31,-33,,-31,,,,,type_hint_delayed_draw_from_name,MFIC,2025-02-25,MFIC,2025-02-25
High Tech Industries BusPatrol Holdco,First Lien,Software & Technology,,,SOFR,4%,1%,,2029-08-02,300,286,285,,286,,,,,type_hint_revolver_from_name,MFIC,2025-02-25,MFIC,2025-02-25
High Tech Industries BusPatrol Holdco,Other,Software & Technology,,,,,,,,,8509,8501,,8509,,,,,,MFIC,2025-02-25,MFIC,2025-02-25
High Tech Industries Calero Holdings Inc.,First Lien,Software & Technology,,,SOFR,5.85%,1%,,2026-12-16,21648,21536,21507,,21536,,,,,,MFIC,2025-02-25,MFIC,2025-02-25
High Tech Industries Calero Holdings Inc.,Revolver,Software & Technology,,,SOFR,5.85%,1%,,2026-12-16,568,557,553,,557,,,,,,MFIC,2025-02-25,MFIC,2025-02-25
High Tech Industries Calero Holdings Inc.,Other,Software & Technology,,,,,,,,,22093,22060,,22093,,,,,,MFIC,2025-02-25,MFIC,2025-02-25
High Tech Industries Carbon6 Technologies,Preferred Equity,Software & Technology,,,,,,,,,250,250,,250,,,,280899,,MFIC,2025-02-25,MFIC,2025-02-25
High Tech Industries ChyronHego Corp.,Other Equity,Software & Technology,,,,,,,,,6000,19456,,6000,,,,7800,,MFIC,2025-02-25,MFIC,2025-02-25
High Tech Industries ChyronHego Corp.,First Lien,Software & Technology,,,SOFR,3.5%,1.75%,,2026-06-30,106406,106196,106406,,106196,,,,,,MFIC,2025-02-25,MFIC,2025-02-25
High Tech Industries ChyronHego Corp.,First Lien,Software & Technology,,,SOFR,6%,1.75%,,2026-06-30,15500,15483,15500,,15483,,,,,,MFIC,2025-02-25,MFIC,2025-02-25
High Tech Industries ChyronHego Corp.,Other,Software & Technology,3.5%,,,,,,2025-11-14,,,,,,,,,,,MFIC,2025-02-25,MFIC,2025-02-25
High Tech Industries ChyronHego Corp.,Other,Software & Technology,,,,,,,,,127679,141362,,127679,,,,,,MFIC,2025-02-25,MFIC,2025-02-25
High Tech Industries Dairy.com Momentx Corp.,First Lien,Food & Beverage,,,SOFR,5.85%,1%,,2027-06-24,14892,14754,14594,,14754,,,,,,MFIC,2025-02-25,MFIC,2025-02-25
High Tech Industries Dairy.com Momentx Corp.,First Lien,Food & Beverage,,,SOFR,6.35%,1%,,2027-06-24,1343,1325,1330,,1325,,,,,,MFIC,2025-02-25,MFIC,2025-02-25
High Tech Industries Dairy.com Momentx Corp.,First Lien,Food & Beverage,,,SOFR,5.85%,1%,,2027-06-24,1257,1245,1232,,1245,,,,,,MFIC,2025-02-25,MFIC,2025-02-25
High Tech Industries Dairy.com Momentx Corp.,Other,Food & Beverage,,,,,,,,,17324,17156,,17324,,,,,,MFIC,2025-02-25,MFIC,2025-02-25
High Tech Industries DigiCert Dcert Buyer,First Lien,Software & Technology,,,SOFR,4%,0%,,2026-10-16,8591,8259,8275,,8259,,,,,,MFIC,2025-02-25,MFIC,2025-02-25
High Tech Industries DigiCert Dcert Buyer,Second Lien,Software & Technology,,,SOFR,7%,0%,,2029-02-19,7860,7057,6406,,7057,,,,,,MFIC,2025-02-25,MFIC,2025-02-25
High Tech Industries DigiCert Dcert Buyer Inc.,Other,Software & Technology,,,,,,,,,15316,14681,,15316,,,,,,MFIC,2025-02-25,MFIC,2025-02-25
High Tech Industries Digital.ai Software Holdings,First Lien,Software & Technology,,,SOFR,6%,1%,,2028-08-10,22931,22588,22475,,22588,,,,,,MFIC,2025-02-25,MFIC,2025-02-25
High Tech Industries Digital.ai Software Holdings,Revolver,Software & Technology,,,SOFR,6%,1%,,2028-08-10,242,206,194,,206,,,,,,MFIC,2025-02-25,MFIC,2025-02-25
High Tech Industries Digital.ai Software Holdings Inc.,Other,Software & Technology,,,,,,,,,22794,22669,,22794,,,,,,MFIC,2025-02-25,MFIC,2025-02-25
High Tech Industries ELECTRONICS FOR IMAGING Electronics for Imaging,First Lien,Software & Technology,,,SOFR,5%,0%,,2028-07-23,2861,2451,2335,,2451,,,,,,MFIC,2025-02-25,MFIC,2025-02-25
High Tech Industries G2CI Evergreen IX Borrower 2023,First Lien,Software & Technology,,,SOFR,4.75%,0.75%,,2030-09-30,7133,7133,7062,,7133,,,,,,MFIC,2025-02-25,MFIC,2025-02-25
High Tech Industries G2CI Evergreen IX Borrower 2023,Revolver,Software & Technology,,,SOFR,4.75%,0.75%,,2029-10-01,,,-8,,,,,,,,MFIC,2025-02-25,MFIC,2025-02-25
High Tech Industries G2CI Evergreen IX Borrower 2023 LLC,Other,Software & Technology,,,,,,,,,7133,7054,,7133,,,,,,MFIC,2025-02-25,MFIC,2025-02-25
High Tech Industries GrayMatter Systems Genius Bidco LLC,First Lien,Software & Technology,,,SOFR,5.25%,1%,,2030-05-01,1334,1309,1310,,1309,,,,,,MFIC,2025-02-25,MFIC,2025-02-25
High Tech Industries GrayMatter Systems Genius Bidco LLC,First Lien,Software & Technology,,,SOFR,5.25%,1%,,2030-05-01,,-44,-87,,-44,,,,,,MFIC,2025-02-25,MFIC,2025-02-25
High Tech Industries GrayMatter Systems Genius Bidco LLC,First Lien,Software & Technology,,,SOFR,5.25%,1%,,2030-05-01,,-21,-20,,-21,,,,,,MFIC,2025-02-25,MFIC,2025-02-25
High Tech Industries GrayMatter Systems Genius Bidco LLC,Other Equity,Software & Technology,,,,,,,,,77,68,,77,,,,773,,MFIC,2025-02-25,MFIC,2025-02-25
High Tech Industries GrayMatter Systems Genius Bidco LLC,Other,Software & Technology,,,,,,,,,1321,1271,,1321,,,,,,MFIC,2025-02-25,MFIC,2025-02-25
High Tech Industries Gtreasury G Treasury SS LLC,First Lien,Software & Technology,,,SOFR,5.5%,1%,,2029-06-29,250,246,246,,246,,,,,,MFIC,2025-02-25,MFIC,2025-02-25
High Tech Industries Gtreasury G Treasury SS LLC,First Lien,Software & Technology,,,SOFR,5.5%,1%,,2029-06-29,591,576,582,,576,,,,,,MFIC,2025-02-25,MFIC,2025-02-25
High Tech Industries Gtreasury G Treasury SS LLC,First Lien,Software & Technology,,,SOFR,5.5%,1%,,2025-12-31,,-20,-21,,-20,,,,,,MFIC,2025-02-25,MFIC,2025-02-25
High Tech Industries Gtreasury G Treasury SS LLC,First Lien,Software & Technology,,,SOFR,5.5%,1%,,2029-06-29,,-4,-4,,-4,,,,,,MFIC,2025-02-25,MFIC,2025-02-25
High Tech Industries Gtreasury G Treasury SS LLC,Other,Software & Technology,,,,,,,,,798,803,,798,,,,,,MFIC,2025-02-25,MFIC,2025-02-25
High Tech Industries Inovalon Holdings,First Lien,Software & Technology,,,SOFR,6.25%,0.75%,,2028-11-24,6704,6597,6318,,6597,,,,,,MFIC,2025-02-25,MFIC,2025-02-25
High Tech Industries Inovalon Holdings,Delayed Draw,Software & Technology,,,SOFR,3.5%,0.75%,,2028-11-24,509,504,484,,504,,,,,,MFIC,2025-02-25,MFIC,2025-02-25
High Tech Industries Inovalon Holdings,Second Lien,Software & Technology,,,SOFR,10.5%,0.75%,,2033-11-25,153,146,132,,146,,,,,,MFIC,2025-02-25,MFIC,2025-02-25
High Tech Industries Inovalon Holdings Inc.,Other,Software & Technology,,,,,,,,,7247,6934,,7247,,,,,,MFIC,2025-02-25,MFIC,2025-02-25
High Tech Industries Litify Holdings Inc.,Other Equity,Software & Technology,,,,,,,,,107,447,,107,,,,217892,,MFIC,2025-02-25,MFIC,2025-02-25
High Tech Industries Litify LLC,First Lien,Software & Technology,,,SOFR,6.6%,1%,,2029-02-02,29167,28494,28657,,28494,,,,,,MFIC,2025-02-25,MFIC,2025-02-25
High Tech Industries Litify LLC,First Lien,Software & Technology,,,SOFR,6.6%,1%,,2029-02-02,,-17,-15,,-17,,,,,,MFIC,2025-02-25,MFIC,2025-02-25
High Tech Industries Litify,Other,Software & Technology,,,,,,,,,28584,29089,,28584,,,,,,MFIC,2025-02-25,MFIC,2025-02-25
High Tech Industries Lookout,First Lien,Software & Technology,,,SOFR,6.25%,3%,,2029-06-01,5000,4977,5000,,4977,,,,,,MFIC,2025-02-25,MFIC,2025-02-25
High Tech Industries Lookout,Delayed Draw,Software & Technology,,,SOFR,6.25%,3%,,2029-06-01,5000,4978,5000,,4978,,,,,,MFIC,2025-02-25,MFIC,2025-02-25
High Tech Industries Lookout Inc.,Other,Software & Technology,,,,,,,,,9955,10000,,9955,,,,,,MFIC,2025-02-25,MFIC,2025-02-25
High Tech Industries Modern Campus Destiny Solutions U.S.,First Lien,Software & Technology,,,SOFR,5.6%,1%,,2026-06-08,13100,12996,13100,,12996,,,,,,MFIC,2025-02-25,MFIC,2025-02-25
High Tech Industries Modern Campus Destiny Solutions U.S.,Delayed Draw,Software & Technology,,,SOFR,5.6%,1%,,2026-06-08,12026,11913,12026,,11913,,,,,,MFIC,2025-02-25,MFIC,2025-02-25
High Tech Industries Modern Campus RMCF IV CIV XXXV,Common Equity,Software & Technology,,,,,,,,,1000,1868,,1000,,,,482,,MFIC,2025-02-25,MFIC,2025-02-25
High Tech Industries Modern Campus,Other,Software & Technology,,,,,,,,,25909,26994,,25909,,,,,,MFIC,2025-02-25,MFIC,2025-02-25
High Tech Industries MYCOM Magnate Holding Corp.,First Lien,Software & Technology,,,SOFR,6.15%,0.5%,,2025-02-28,18748,18755,18337,,18755,,,,,,MFIC,2025-02-25,MFIC,2025-02-25
High Tech Industries Naviga Colonnade Parent Inc.,First Lien,Software & Technology,7.1%,,,,,,2024-04-27,11200,11176,8848,,11176,,,,,,MFIC,2025-02-25,MFIC,2025-02-25
High Tech Industries Naviga Colonnade Parent Inc.,First Lien,Software & Technology,7.1%,,,,,,2024-04-27,1926,1909,1522,,1909,,,,,,MFIC,2025-02-25,MFIC,2025-02-25
High Tech Industries Naviga Colonnade Parent Inc.,First Lien,Software & Technology,7.1%,,,,,,2024-04-27,500,500,395,,500,,,,,,MFIC,2025-02-25,MFIC,2025-02-25
High Tech Industries Naviga,Other,Software & Technology,,,,,,,,,13585,10765,,13585,,,,,,MFIC,2025-02-25,MFIC,2025-02-25
High Tech Industries New Era Technology Inc.,First Lien,Software & Technology,,,SOFR,6.4%,1%,,2026-10-31,13773,13686,13463,,13686,,,,,,MFIC,2025-02-25,MFIC,2025-02-25
High Tech Industries New Era Technology Inc.,Delayed Draw,Software & Technology,,,SOFR,6.4%,1%,,2026-10-31,17811,17663,17410,,17663,,,,,,MFIC,2025-02-25,MFIC,2025-02-25
High Tech Industries New Era Technology Inc.,Revolver,Software & Technology,,,SOFR,6.4%,1%,,2026-10-30,1732,1720,1693,,1720,,,,,,MFIC,2025-02-25,MFIC,2025-02-25
High Tech Industries New Era Technology Inc.,Other,Software & Technology,,,,,,,,,33069,32566,,33069,,,,,,MFIC,2025-02-25,MFIC,2025-02-25
High Tech Industries New Relic Crewline Buyer,First Lien,Software & Technology,,,SOFR,6.75%,1%,,2030-11-08,5623,5573,5623,,5573,,,,,,MFIC,2025-02-25,MFIC,2025-02-25
High Tech Industries New Relic Crewline Buyer,Revolver,Software & Technology,,,SOFR,6.75%,1%,,2030-11-08,,,,,,,,,,,MFIC,2025-02-25,MFIC,2025-02-25
High Tech Industries New Relic,Other,Software & Technology,,,,,,,,,5573,5623,,5573,,,,,,MFIC,2025-02-25,MFIC,2025-02-25
High Tech Industries Omada Health,First Lien,Software & Technology,,,SOFR,7.1%,2.5%,,2028-06-01,1450,1439,1450,,1439,,,,,,MFIC,2025-02-25,MFIC,2025-02-25
High Tech Industries Omada Health,Delayed Draw,Software & Technology,,,SOFR,7.1%,2.5%,,2028-06-01,,-10,,,-10,,,,,,MFIC,2025-02-25,MFIC,2025-02-25
High Tech Industries Omada Health,Revolver,Software & Technology,,,SOFR,4.1%,2.5%,,2028-06-01,5,4,5,,4,,,,,,MFIC,2025-02-25,MFIC,2025-02-25
High Tech Industries Omada,Other,Software & Technology,,,,,,,,,1433,1455,,1433,,,,,,MFIC,2025-02-25,MFIC,2025-02-25
High Tech Industries Pro Vigil Pro-Vigil Holding Company,First Lien,Software & Technology,,,SOFR,8.6%,1%,,2026-01-11,7700,7643,7570,,7643,,,,,,MFIC,2025-02-25,MFIC,2025-02-25
High Tech Industries Pro Vigil Pro-Vigil Holding Company,Delayed Draw,Software & Technology,,,SOFR,8.6%,1%,,2026-01-11,18791,18601,18419,,18601,,,,,,MFIC,2025-02-25,MFIC,2025-02-25
High Tech Industries Pro Vigil,Other,Software & Technology,,,,,,,,,26244,25989,,26244,,,,,,MFIC,2025-02-25,MFIC,2025-02-25
High Tech Industries Riverbed Technology Inc.,Revolver,Software & Technology,6%,,,,,,2028-04-03,,-5,-6,,-5,,,,,,MFIC,2025-02-25,MFIC,2025-02-25
High Tech Industries Simeio Group Holdings,First Lien,Software & Technology,,4%,SOFR,3.1%,1%,,2026-02-02,8128,8105,7539,,8105,,,,,,MFIC,2025-02-25,MFIC,2025-02-25
High Tech Industries Simeio Group Holdings,Revolver,Software & Technology,,4%,SOFR,3.1%,1%,,2026-02-02,884,881,820,,881,,,,,,MFIC,2025-02-25,MFIC,2025-02-25
High Tech Industries Simeio,Other,Software & Technology,,,,,,,,,8986,8359,,8986,,,,,,MFIC,2025-02-25,MFIC,2025-02-25
High Tech Industries Team LINX LLC,First Lien,Software & Technology,,,SOFR,5%,1%,,2030-12-18,8571,8444,8443,,8444,,,,,,MFIC,2025-02-25,MFIC,2025-02-25
High Tech Industries Team LINX LLC,Revolver,Software & Technology,,,SOFR,5%,1%,,2030-12-18,,-21,-21,,-21,,,,,,MFIC,2025-02-25,MFIC,2025-02-25
High Tech Industries Team LINX LLC,Other,Software & Technology,,,,,,,,,8423,8422,,8423,,,,,,MFIC,2025-02-25,MFIC,2025-02-25
High Tech Industries Texada Software LLC,First Lien,Software & Technology,,,SOFR,5.5%,1%,,2030-04-30,6923,6794,6802,,6794,,,,,,MFIC,2025-02-25,MFIC,2025-02-25
High Tech Industries Texada Software LLC,First Lien,Software & Technology,,,SOFR,5.5%,1%,,2030-04-30,,-18,-36,,-18,,,,,,MFIC,2025-02-25,MFIC,2025-02-25
High Tech Industries Texada Software LLC,First Lien,Software & Technology,,,SOFR,5.5%,1%,,2030-04-30,,,,,,,,,,,MFIC,2025-02-25,MFIC,2025-02-25
High Tech Industries Texada Software LLC,Other,Software & Technology,,,,,,,,,-18,-18,,-18,,,,,,MFIC,2025-02-25,MFIC,2025-02-25
High Tech Industries Texada,Other,Software & Technology,,,,,,,,,6758,6748,,6758,,,,,,MFIC,2025-02-25,MFIC,2025-02-25
High Tech Industries Uniguest Holdings,First Lien,Software & Technology,,,SOFR,5%,1%,,2030-11-27,19841,19547,19544,,19547,,,,,,MFIC,2025-02-25,MFIC,2025-02-25
High Tech Industries Uniguest Holdings,Delayed Draw,Software & Technology,,,SOFR,5%,1%,,2030-11-27,,-28,-30,,-28,,,,,,MFIC,2025-02-25,MFIC,2025-02-25
High Tech Industries Uniguest Holdings,Revolver,Software & Technology,,,SOFR,5%,1%,,2030-11-27,,-18,-18,,-18,,,,,,MFIC,2025-02-25,MFIC,2025-02-25
High Tech Industries Uniguest,Other,Software & Technology,,,,,,,,,19501,19496,,19501,,,,,,MFIC,2025-02-25,MFIC,2025-02-25
High Tech Industries Uplight,First Lien,Software & Technology,,,SOFR,6.1%,4%,,2029-06-01,10000,9908,9900,,9908,,,,,,MFIC,2025-02-25,MFIC,2025-02-25
High Tech Industries Uplight,Delayed Draw,Software & Technology,,,SOFR,6.1%,4%,,2029-06-01,,,-100,,,,,,,,MFIC,2025-02-25,MFIC,2025-02-25
High Tech Industries Uplight,Revolver,Software & Technology,,,SOFR,3.6%,4%,,2029-06-01,120,120,110,,120,,,,,,MFIC,2025-02-25,MFIC,2025-02-25
High Tech Industries Uplight,Other,Software & Technology,,,,,,,,,10028,9910,,10028,,,,,,MFIC,2025-02-25,MFIC,2025-02-25
High Tech Industries VikingCloud Bullcave Ltd.,First Lien,Software & Technology,,,SOFR,5%,0.75%,,2030-08-06,29400,28981,28959,,28981,,,,,,MFIC,2025-02-25,MFIC,2025-02-25
High Tech Industries VikingCloud Sysnet North America,Revolver,Software & Technology,,,SOFR,5%,0.75%,,2030-08-06,2947,2870,2864,,2870,,,,,,MFIC,2025-02-25,MFIC,2025-02-25
High Tech Industries VikingCloud,Other,Software & Technology,,,,,,,,,31851,31823,,31851,,,,,,MFIC,2025-02-25,MFIC,2025-02-25
High Tech Industries Wolfspeed,First Lien,Software & Technology,10.88%,,,,,,2030-06-23,11045,10716,11045,,10716,,,,,,MFIC,2025-02-25,MFIC,2025-02-25
High Tech Industries Zendesk,First Lien,Software & Technology,,,SOFR,5%,0.75%,,2028-11-22,7550,7550,7531,,7550,,,,,,MFIC,2025-02-25,MFIC,2025-02-25
High Tech Industries Zendesk,Delayed Draw,Software & Technology,,,SOFR,5%,0.75%,,2028-11-22,,,-5,,,,,,,,MFIC,2025-02-25,MFIC,2025-02-25
High Tech Industries Zendesk,Revolver,Software & Technology,,,SOFR,5%,0.75%,,2028-11-22,,,-2,,,,,,,,MFIC,2025-02-25,MFIC,2025-02-25
High Tech Industries Zendesk,Other,Software & Technology,,,,,,,,,7550,7524,,7550,,,,,,MFIC,2025-02-25,MFIC,2025-02-25
High Tech Industries Zinnia Corporate Holdings,First Lien,Software & Technology,,,SOFR,8%,2%,,2029-09-23,17647,17308,17294,,17308,,,,,type_hint_corporate_from_name,MFIC,2025-02-25,MFIC,2025-02-25
High Tech Industries Zinnia Corporate Holdings,Delayed Draw,Software & Technology,,,SOFR,8%,2%,,2029-09-23,,-24,-47,,-24,,,,,type_hint_corporate_from_name,MFIC,2025-02-25,MFIC,2025-02-25
High Tech Industries Zinnia,Other,Software & Technology,,,,,,,,,17284,17247,,17284,,,,,,MFIC,2025-02-25,MFIC,2025-02-25
High Tech Industries,Other,Software & Technology,,,,,,,,,607232,616712,,607232,,,,,,MFIC,2025-02-25,MFIC,2025-02-25
Restaurants CircusTrix,Other,Healthcare,,,,,,,,,4289,4375,,4289,,,,,,MFIC,2025-02-25,MFIC,2025-02-25
Restaurants Guernsey,Other,Healthcare,,,,,,,,,1683,1619,,1683,,,,,,MFIC,2025-02-25,MFIC,2025-02-25
Restaurants International Cruise & Excursion Gallery Inc.,First Lien,Healthcare,6%,,,,,,2028-12-31,4250,9255,4183,,9255,,,,,,MFIC,2025-02-25,MFIC,2025-02-25
Restaurants International Cruise & Excursion Gallery Inc.,Common Equity,Healthcare,,,,,,,,,4740,2143,,4740,,,,531312,,MFIC,2025-02-25,MFIC,2025-02-25
Restaurants International Cruise & Excursion Gallery Inc.,Other,Healthcare,,,,,,,,,13995,6326,,13995,,,,,,MFIC,2025-02-25,MFIC,2025-02-25
Restaurants Munson,Other,Healthcare,,,,,,,,,8896,8914,,8896,,,,,,MFIC,2025-02-25,MFIC,2025-02-25
Restaurants PARS Group LLC,Other,Healthcare,,,,,,,,,8706,8648,,8706,,,,,,MFIC,2025-02-25,MFIC,2025-02-25
Restaurants Taco Cabana YTC Enterprises,First Lien,Healthcare,,,SOFR,6.36%,1%,,2026-08-16,8900,8858,8589,,8858,,,,,,MFIC,2025-02-25,MFIC,2025-02-25
Restaurants Tasty Chick'n,Other,Healthcare,,,,,,,,,12120,11968,,12120,,,,,,MFIC,2025-02-25,MFIC,2025-02-25
Restaurants,Other,Healthcare,,,,,,,,,58547,50439,,58547,,,,,,MFIC,2025-02-25,MFIC,2025-02-25
GoHealth Norvax,Revolver,Insurance,,,SOFR,6.6%,1%,,2025-06-30,539,536,539,,536,,,,,,MFIC,2025-02-25,MFIC,2025-02-25
High Street Insurance High Street Buyer,First Lien,Insurance,,,SOFR,5.25%,0.75%,,2028-04-14,10100,9990,10049,,9990,,,,,,MFIC,2025-02-25,MFIC,2025-02-25
High Street Insurance High Street Buyer,Delayed Draw,Insurance,,,SOFR,5.25%,0.75%,,2028-04-14,19180,18990,19084,,18990,,,,,,MFIC,2025-02-25,MFIC,2025-02-25
High Street Insurance High Street Buyer,Revolver,Insurance,,,SOFR,5.25%,0.75%,,2027-04-16,,-17,-11,,-17,,,,,,MFIC,2025-02-25,MFIC,2025-02-25
High Street Insurance,Other,Insurance,,,,,,,,,28963,29122,,28963,,,,,,MFIC,2025-02-25,MFIC,2025-02-25
KCF Puerto Rico LLC,First Lien,Insurance,,,,,,,2028-06-28,1697,700,634,,700,,,,,,MFIC,2025-02-25,MFIC,2025-02-25
PGM Holdings Corp.,First Lien,Insurance,,,SOFR,6.25%,1%,,2025-12-02,16681,16591,16347,,16591,,,,,,MFIC,2025-02-25,MFIC,2025-02-25
PGM Holdings Corp.,Delayed Draw,Insurance,,,SOFR,6.25%,1%,,2025-12-02,2010,1997,1970,,1997,,,,,,MFIC,2025-02-25,MFIC,2025-02-25
PGM Holdings Corp.,Revolver,Insurance,,,SOFR,6.25%,1%,,2025-12-02,462,458,443,,458,,,,,,MFIC,2025-02-25,MFIC,2025-02-25
PGM Holdings Corp.,Other,Insurance,,,,,,,,,19046,18760,,19046,,,,,,MFIC,2025-02-25,MFIC,2025-02-25
Manufacturing Capital Equipment AVAD LLC,First Lien,Industrials,,,SOFR,4.11%,1%,,2026-09-10,9633,14612,9633,,14612,,,,,,MFIC,2025-02-25,MFIC,2025-02-25
Manufacturing Capital Equipment AVAD LLC,Revolver,Industrials,,,SOFR,4.11%,1%,,2026-09-10,15677,15677,15677,,15677,,,,,,MFIC,2025-02-25,MFIC,2025-02-25
Manufacturing Capital Equipment AVAD LLC,Preferred Equity,Industrials,,,,,,,,,1713,3405,,1713,,,,13195,,MFIC,2025-02-25,MFIC,2025-02-25
Manufacturing Capital Equipment AVAD LLC,Other,Industrials,,,,,,,,,32002,29090,,32002,,,,,,MFIC,2025-02-25,MFIC,2025-02-25
Manufacturing Capital Equipment Carlisle Fluid Technologies LSF12 Donnelly Bidco,First Lien,Industrials,,,SOFR,6.5%,1%,,2029-10-02,14813,14499,14561,,14499,,,,,,MFIC,2025-02-25,MFIC,2025-02-25
Manufacturing,First Lien,Industrials,,,SOFR,5.1%,1%,,2029-06-28,2521,2472,2496,,2472,,,,,,MFIC,2025-02-25,MFIC,2025-02-25
Manufacturing,Revolver,Industrials,,,SOFR,5.1%,1%,,2029-06-28,,-9,-4,,-9,,,,,,MFIC,2025-02-25,MFIC,2025-02-25
Manufacturing Capital Equipment International Wire Group,Other,Industrials,,,,,,,,,2463,2492,,2463,,,,,,MFIC,2025-02-25,MFIC,2025-02-25
Manufacturing,First Lien,Industrials,,,SOFR,5.88%,2%,,2028-11-22,2463,2463,2444,,2463,,,,,,MFIC,2025-02-25,MFIC,2025-02-25
Manufacturing Capital Equipment Kauffman Holdco,Common Equity,Industrials,,,,,,,,,250,43,,250,,,,250000,,MFIC,2025-02-25,MFIC,2025-02-25
Manufacturing Capital Equipment Kauffman Intermediate,First Lien,Media & Entertainment,,,SOFR,6.6%,1%,,2025-05-08,16758,16723,15903,,16723,,,,,,MFIC,2025-02-25,MFIC,2025-02-25
Manufacturing Capital Equipment Kauffman Intermediate,Revolver,Media & Entertainment,,,SOFR,6.6%,1%,,2025-05-08,1246,1240,1182,,1240,,,,,,MFIC,2025-02-25,MFIC,2025-02-25
Manufacturing Capital Equipment Kauffman,Other,Industrials,,,,,,,,,18213,17128,,18213,,,,,,MFIC,2025-02-25,MFIC,2025-02-25
Manufacturing,First Lien,Industrials,,,SOFR,5.5%,1%,,2029-10-31,13611,13347,13407,,13347,,,,,,MFIC,2025-02-25,MFIC,2025-02-25
Manufacturing,Revolver,Industrials,,,SOFR,5.5%,1%,,2029-10-31,,-26,-20,,-26,,,,,,MFIC,2025-02-25,MFIC,2025-02-25
Manufacturing Capital Equipment US MetalCo Holdings,Other,Industrials,,,,,,,,,13321,13387,,13321,,,,,,MFIC,2025-02-25,MFIC,2025-02-25
Manufacturing Capital Equipment,Other,Industrials,,,,,,,,,82961,79102,,82961,,,,,,MFIC,2025-02-25,MFIC,2025-02-25
Media - Diversified & Production DHX WildBrain Ltd.,First Lien,Media & Entertainment,,,SOFR,6%,0.5%,,2029-07-23,13486,13235,13250,,13235,,,,,,MFIC,2025-02-25,MFIC,2025-02-25
Media - Diversified & Production DHX WildBrain Ltd.,First Lien,Media & Entertainment,,,SOFR,6%,0.5%,,2029-07-23,217,190,192,,190,,,,,,MFIC,2025-02-25,MFIC,2025-02-25
Media - Diversified & Production,Other,Media & Entertainment,,,,,,,,,13425,13442,,13425,,,,,,MFIC,2025-02-25,MFIC,2025-02-25
Retail EG Group EG Global Finance PLC,First Lien,Financial Services,,,SOFR,7.5%,0.5%,,2028-11-30,6267,6436,6564,,6436,,,,,,MFIC,2025-02-25,MFIC,2025-02-25
Retail PetSmart Inc.,First Lien,Consumer & Retail,7.75%,,,,,,2029-02-15,2000,1958,1937,,1958,,,,,,MFIC,2025-02-25,MFIC,2025-02-25
Retail PetSmart LLC,First Lien,Consumer & Retail,,,SOFR,3.75%,0.75%,,2028-02-11,8961,8936,8942,,8936,,,,,,MFIC,2025-02-25,MFIC,2025-02-25
Retail PetSmart,Other,Consumer & Retail,,,,,,,,,10894,10879,,10894,,,,,,MFIC,2025-02-25,MFIC,2025-02-25
Retail,Other,Consumer & Retail,,,,,,,,,17330,17443,,17330,,,,,,MFIC,2025-02-25,MFIC,2025-02-25
Cablevision Systems CSC Holdings,First Lien,Telecommunications,,,SOFR,4.5%,0%,,2028-01-18,984,955,967,,955,,,,,,MFIC,2025-02-25,MFIC,2025-02-25
Cablevision Systems CSC Holdings,Revolver,Telecommunications,,,SOFR,2.35%,0%,,2027-07-13,77,60,69,,60,,,,,,MFIC,2025-02-25,MFIC,2025-02-25
Cablevision Systems CSC Holdings,Unsecured Debt,Telecommunications,4.13%,,,,,,2030-12-01,2000,1408,1448,,1408,,,,,,MFIC,2025-02-25,MFIC,2025-02-25
Cablevision Systems,Other,Telecommunications,,,,,,,,,2423,2484,,2423,,,,,,MFIC,2025-02-25,MFIC,2025-02-25
CommScope Commscope,First Lien,Telecommunications,,,SOFR,5.5%,2%,,2029-12-17,7046,6511,7148,,6511,,,,,,MFIC,2025-02-25,MFIC,2025-02-25
CommScope Commscope,First Lien,Telecommunications,,,,,9.5%,,2031-12-15,54,53,56,,53,,,,,,MFIC,2025-02-25,MFIC,2025-02-25
CommScope,Other,Telecommunications,,,,,,,,,6564,7204,,6564,,,,,,MFIC,2025-02-25,MFIC,2025-02-25
Global Eagle Anuvu Holdings 2 LLC,First Lien,Telecommunications,4%,,,,,,2027-09-27,4974,3971,4277,,3971,,,,,,MFIC,2025-02-25,MFIC,2025-02-25
Global Eagle Anuvu Holdings 2 LLC,First Lien,Telecommunications,8.25%,,,,,,2026-03-23,4770,2221,1431,,2221,,,,,,MFIC,2025-02-25,MFIC,2025-02-25
Global Eagle,Other,Telecommunications,,,,,,,,,6192,5708,,6192,,,,,,MFIC,2025-02-25,MFIC,2025-02-25
MCA Mobile Communications America,First Lien,Telecommunications,,,SOFR,5.25%,1%,,2029-10-16,2475,2422,2469,,2422,,,,,,MFIC,2025-02-25,MFIC,2025-02-25
MCA Mobile Communications America,Delayed Draw,Telecommunications,,,SOFR,5.25%,1%,,2029-10-16,1648,1561,1626,,1561,,,,,,MFIC,2025-02-25,MFIC,2025-02-25
MCA Mobile Communications America,Revolver,Telecommunications,,,SOFR,5.25%,1%,,2029-10-16,340,312,336,,312,,,,,,MFIC,2025-02-25,MFIC,2025-02-25
MCA,Other,Telecommunications,,,,,,,,,4295,4431,,4295,,,,,,MFIC,2025-02-25,MFIC,2025-02-25
Mitel Networks MLN US Holdco LLC,First Lien,Telecommunications,6.44%,,,,,,2027-10-18,1021,899,745,,899,,,,,,MFIC,2025-02-25,MFIC,2025-02-25
Mitel Networks MLN US Holdco LLC,First Lien,Telecommunications,6.7%,,,,,,2027-10-18,6092,2912,914,,2912,,,,,,MFIC,2025-02-25,MFIC,2025-02-25
Mitel Networks,Other,Telecommunications,,,,,,,,,3811,1659,,3811,,,,,,MFIC,2025-02-25,MFIC,2025-02-25
Telecommunication Securus Technologies Holdings,Second Lien,Telecommunications,1.26%,,,,,,2025-11-01,7998,7703,4719,,7703,,,,,,MFIC,2025-02-25,MFIC,2025-02-25
Transportation - Cargo,First Lien,Transportation & Logistics,,,SOFR,6.35%,1%,,2025-12-31,12767,12741,12684,,12741,,,,,,MFIC,2025-02-25,MFIC,2025-02-25
Transportation - Cargo,Delayed Draw,Transportation & Logistics,,,SOFR,6.35%,1%,,2025-12-31,23833,23854,23678,,23854,,,,,,MFIC,2025-02-25,MFIC,2025-02-25
Transportation - Cargo,Revolver,Transportation & Logistics,,,SOFR,6.35%,0%,,2025-12-31,2146,2126,2120,,2126,,,,,,MFIC,2025-02-25,MFIC,2025-02-25
Transportation - Cargo,Revolver,Transportation & Logistics,4.1%,,,,,,2025-05-22,,,,,,,,,,,MFIC,2025-02-25,MFIC,2025-02-25
Transportation - Cargo Distribution Beacon Mobility,Other,Transportation & Logistics,,,,,,,,,38721,38482,,38721,,,,,,MFIC,2025-02-25,MFIC,2025-02-25
Transportation - Cargo Distribution Boasso Channelside AcquisitionCo,First Lien,Transportation & Logistics,,,SOFR,4.75%,0.75%,,2028-06-30,3542,3534,3533,,3534,,,,,,MFIC,2025-02-25,MFIC,2025-02-25
Transportation - Cargo Distribution Boasso Channelside AcquisitionCo,Delayed Draw,Transportation & Logistics,,,SOFR,4.75%,0.75%,,2028-06-30,,,,,,,,,,,MFIC,2025-02-25,MFIC,2025-02-25
Transportation - Cargo Distribution Boasso Channelside AcquisitionCo,Revolver,Transportation & Logistics,,,SOFR,4.75%,0.75%,,2026-07-01,,-1,-1,,-1,,,,,,MFIC,2025-02-25,MFIC,2025-02-25
Transportation - Cargo Distribution Boasso,Other,Transportation & Logistics,,,,,,,,,3533,3532,,3533,,,,,,MFIC,2025-02-25,MFIC,2025-02-25
Transportation - Cargo Distribution Camin Cargo Camin Cargo Control Holdings,First Lien,Transportation & Logistics,,,SOFR,5.5%,1%,,2029-12-07,990,971,978,,971,,,,,,MFIC,2025-02-25,MFIC,2025-02-25
Transportation - Cargo Distribution Camin Cargo Camin Cargo Control Holdings,Delayed Draw,Transportation & Logistics,,,SOFR,5.5%,1%,,2029-12-07,,-26,-35,,-26,,,,,,MFIC,2025-02-25,MFIC,2025-02-25
Transportation - Cargo Distribution Camin Cargo Camin Cargo Control Holdings,Revolver,Transportation & Logistics,,,SOFR,5.5%,1%,,2029-12-07,553,534,542,,534,,,,,,MFIC,2025-02-25,MFIC,2025-02-25
Transportation - Cargo Distribution Camin Cargo,Other,Transportation & Logistics,,,,,,,,,1479,1485,,1479,,,,,,MFIC,2025-02-25,MFIC,2025-02-25
Transportation - Cargo Distribution Heniff and Superior Heniff Holdco,First Lien,Transportation & Logistics,,,SOFR,5.85%,1%,,2026-12-03,29133,28940,28987,,28940,,,,,,MFIC,2025-02-25,MFIC,2025-02-25
Transportation - Cargo Distribution Heniff and Superior Heniff Holdco,Revolver,Transportation & Logistics,,,SOFR,5.85%,1%,,2026-12-03,2584,2576,2564,,2576,,,,,,MFIC,2025-02-25,MFIC,2025-02-25
Transportation - Cargo Distribution Heniff and Superior,Other,Transportation & Logistics,,,,,,,,,31516,31551,,31516,,,,,,MFIC,2025-02-25,MFIC,2025-02-25
Transportation - Cargo Distribution IronClad Ironhorse Purchaser,First Lien,Transportation & Logistics,,,SOFR,5.25%,1%,,2027-09-30,3037,2991,2976,,2991,,,,,,MFIC,2025-02-25,MFIC,2025-02-25
Transportation - Cargo Distribution IronClad Ironhorse Purchaser,Delayed Draw,Transportation & Logistics,,,SOFR,5.25%,1%,,2027-09-30,,-21,-29,,-21,,,,,,MFIC,2025-02-25,MFIC,2025-02-25
Transportation - Cargo Distribution IronClad Ironhorse Purchaser,Revolver,Transportation & Logistics,,,SOFR,5.25%,1%,,2027-09-30,157,150,147,,150,,,,,,MFIC,2025-02-25,MFIC,2025-02-25
Transportation - Cargo Distribution IronClad,Other,Transportation & Logistics,,,,,,,,,3120,3094,,3120,,,,,,MFIC,2025-02-25,MFIC,2025-02-25
Transportation - Cargo,First Lien,Transportation & Logistics,,,SOFR,5.25%,1%,,2030-03-01,7846,7706,7729,,7706,,,,,,MFIC,2025-02-25,MFIC,2025-02-25
Transportation - Cargo,Delayed Draw,Transportation & Logistics,,,SOFR,5.25%,1%,,2030-03-01,963,943,944,,943,,,,,,MFIC,2025-02-25,MFIC,2025-02-25
Transportation - Cargo,Revolver,Transportation & Logistics,,,SOFR,5.25%,1%,,2030-03-01,183,170,171,,170,,,,,,MFIC,2025-02-25,MFIC,2025-02-25
Transportation - Cargo Distribution Meritus Gas Partners,Other,Transportation & Logistics,,,,,,,,,8819,8844,,8819,,,,,,MFIC,2025-02-25,MFIC,2025-02-25
Transportation - Olympus Terminals Olympus Terminals Holdco II LLC,First Lien,Transportation & Logistics,,,SOFR,5.25%,0.75%,,2030-12-17,18627,18255,18255,,18255,,,,,,MFIC,2025-02-25,MFIC,2025-02-25
Transportation - Olympus Terminals Olympus Terminals Holdco II LLC,First Lien,Transportation & Logistics,,,SOFR,5.25%,0.75%,,2030-12-17,,-34,-34,,-34,,,,,,MFIC,2025-02-25,MFIC,2025-02-25
Transportation - Olympus Terminals Olympus Terminals Holdco II LLC,First Lien,Transportation & Logistics,,,SOFR,5.25%,0.75%,,2030-12-17,,-59,-59,,-59,,,,,,MFIC,2025-02-25,MFIC,2025-02-25
Transportation - Olympus Terminals,Other,Transportation & Logistics,,,,,,,,,18162,18162,,18162,,,,,,MFIC,2025-02-25,MFIC,2025-02-25
Transportation - Cargo Distribution,Other,Transportation & Logistics,,,,,,,,,105350,105150,,105350,,,,,,MFIC,2025-02-25,MFIC,2025-02-25
Utilities - Electric Congruex Group LLC,First Lien,,,5%,SOFR,1.65%,0.75%,,2029-05-03,14923,14688,11612,,14688,,,,,,MFIC,2025-02-25,MFIC,2025-02-25
Utilities - Electric,Other,,,,,,,,,,14688,11612,,14688,,,,,,MFIC,2025-02-25,MFIC,2025-02-25
Wholesale Ambrosia Buyer Corp.,Other Equity,Distribution & Wholesale,,,,,,,,,11961,,,11961,,,,152029,,MFIC,2025-02-25,MFIC,2025-02-25
Wholesale Ambrosia Buyer Corp.,First Lien,Distribution & Wholesale,,11%,,,,,2031-12-15,363,2672,96,,2672,,,,,,MFIC,2025-02-25,MFIC,2025-02-25
Wholesale Ambrosia Buyer Corp.,Other Equity,Distribution & Wholesale,,,,,,,,,576,,,576,,,,58773,,MFIC,2025-02-25,MFIC,2025-02-25
Wholesale Ambrosia Buyer Corp.,Other,Distribution & Wholesale,,,,,,,,,15209,96,,15209,,,,,fair_value_suspicious_vs_size,MFIC,2025-02-25,MFIC,2025-02-25
Wholesale Banner Solutions Banner Buyer,First Lien,Distribution & Wholesale,,0.5%,SOFR,5.9%,1%,,2025-10-31,11968,11929,11692,,11929,,,,,,MFIC,2025-02-25,MFIC,2025-02-25
Wholesale Banner Solutions Banner Buyer,Delayed Draw,Distribution & Wholesale,,0.5%,SOFR,5.9%,1%,,2025-10-31,2921,2910,2854,,2910,,,,,,MFIC,2025-02-25,MFIC,2025-02-25
Wholesale Banner Solutions Banner Buyer,Revolver,Distribution & Wholesale,,0.5%,SOFR,5.9%,1%,,2025-10-31,388,381,343,,381,,,,,,MFIC,2025-02-25,MFIC,2025-02-25
Wholesale Banner Solutions Banner Parent Holdings,Common Equity,Distribution & Wholesale,,,,,,,,,613,140,,613,,,,6125,,MFIC,2025-02-25,MFIC,2025-02-25
Wholesale Banner Solutions,Other,Distribution & Wholesale,,,,,,,,,15833,15029,,15833,,,,,,MFIC,2025-02-25,MFIC,2025-02-25
Wholesale ORS Nasco WC ORS Buyer,First Lien,Distribution & Wholesale,,,SOFR,5%,0.75%,,2031-08-07,25281,24918,24902,,24918,,,,,,MFIC,2025-02-25,MFIC,2025-02-25
Wholesale ORS Nasco WC ORS Buyer,Delayed Draw,Distribution & Wholesale,,,SOFR,5%,0.75%,,2031-08-07,,-34,-72,,-34,,,,,,MFIC,2025-02-25,MFIC,2025-02-25
Wholesale ORS Nasco WC ORS Buyer,Revolver,Distribution & Wholesale,,,SOFR,5%,0.75%,,2031-08-07,1255,1187,1183,,1187,,,,,,MFIC,2025-02-25,MFIC,2025-02-25
Wholesale ORS Nasco WC ORS Holdings,Common Equity,Distribution & Wholesale,,,,,,,,,100,103,,100,,,,100000,,MFIC,2025-02-25,MFIC,2025-02-25
Wholesale ORS Nasco,Other,Distribution & Wholesale,,,,,,,,,26171,26116,,26171,,,,,,MFIC,2025-02-25,MFIC,2025-02-25
Wholesale PSE Graffiti Buyer,First Lien,Distribution & Wholesale,,,SOFR,5.6%,1%,,2027-08-10,10858,10732,10696,,10732,,,,,,MFIC,2025-02-25,MFIC,2025-02-25
Wholesale PSE Graffiti Buyer,Delayed Draw,Distribution & Wholesale,,,SOFR,5.6%,1%,,2027-08-10,3663,3619,3553,,3619,,,,,,MFIC,2025-02-25,MFIC,2025-02-25
Wholesale PSE Graffiti Buyer,Revolver,Distribution & Wholesale,,,SOFR,5.6%,1%,,2027-08-10,828,815,808,,815,,,,,,MFIC,2025-02-25,MFIC,2025-02-25
Wholesale PSE Graffiti Parent,Common Equity,Distribution & Wholesale,,,,,,,,,244,296,,244,,,,2439,,MFIC,2025-02-25,MFIC,2025-02-25
Wholesale PSE,Other,Distribution & Wholesale,,,,,,,,,15410,15353,,15410,,,,,,MFIC,2025-02-25,MFIC,2025-02-25
Wholesale Thomas Scientific BSP-TS,Preferred Equity,Distribution & Wholesale,,,,,,,,,25,28,,25,,,,30,,MFIC,2025-02-25,MFIC,2025-02-25
Wholesale Thomas Scientific BSP-TS,Common Equity,Distribution & Wholesale,,,,,,,,,185,97,,185,,,,185,,MFIC,2025-02-25,MFIC,2025-02-25
Wholesale Thomas Scientific Thomas Scientific,First Lien,Distribution & Wholesale,,4.5%,SOFR,3.4%,1%,,2027-12-14,31448,31083,30746,,31083,,,,,,MFIC,2025-02-25,MFIC,2025-02-25
Wholesale Thomas Scientific Thomas Scientific,Revolver,Distribution & Wholesale,,4.5%,SOFR,3.35%,1%,,2027-12-14,2239,2209,2176,,2209,,,,,,MFIC,2025-02-25,MFIC,2025-02-25
Wholesale Thomas Scientific,Other,Distribution & Wholesale,,,,,,,,,33502,33047,,33502,,,,,,MFIC,2025-02-25,MFIC,2025-02-25
Wholesale Universal Air Conditioner Cool Acquisition Holdings,Common Equity,Distribution & Wholesale,,,,,,,,,138,138,,138,,,,137931,,MFIC,2025-02-25,MFIC,2025-02-25
Wholesale Universal Air Conditioner Cool Buyer,First Lien,Distribution & Wholesale,,,SOFR,4.75%,1%,,2030-10-31,13333,13138,13133,,13138,,,,,,MFIC,2025-02-25,MFIC,2025-02-25
Wholesale Universal Air Conditioner Cool Buyer,Delayed Draw,Distribution & Wholesale,,,SOFR,4.75%,1%,,2030-10-31,,-22,-23,,-22,,,,,,MFIC,2025-02-25,MFIC,2025-02-25
Wholesale Universal Air Conditioner Cool Buyer,Revolver,Distribution & Wholesale,,,SOFR,4.75%,1%,,2030-10-31,,-53,-55,,-53,,,,,,MFIC,2025-02-25,MFIC,2025-02-25
Wholesale Universal Air Conditioner,Other,Distribution & Wholesale,,,,,,,,,13201,13193,,13201,,,,,,MFIC,2025-02-25,MFIC,2025-02-25
Wholesale,Other,Distribution & Wholesale,,,,,,,,,119326,102834,,119326,,,,,,MFIC,2025-02-25,MFIC,2025-02-25
J.P. Morgan U.S. Government Money Market Fund,First Lien,Business Services,,,,,,,,147,147,147,,147,,,,,,MFIC,2025-02-25,MFIC,2025-02-25
Goldman Sachs Financial Square Government Fund,First Lien,Financial Services,,,,,,,,2663,2663,2663,,2663,,,,,,MFIC,2025-02-25,MFIC,2025-02-25
Controlled Investments,Other,Financial Services,,,,,,,,,333754,324753,23.12%,333754,,,,,,MFIC,2025-02-25,MFIC,2025-02-25
Aviation and Consumer Transport,First Lien,Transportation & Logistics,,,,,,,,,29202,29489,,29202,,,,,,MFIC,2025-02-25,MFIC,2025-02-25
Aviation and Consumer Transport,Other,Transportation & Logistics,,,,,,,,,29202,29489,2.1%,29202,,,,,,MFIC,2025-02-25,MFIC,2025-02-25
Consumer Goods – Durable,First Lien,Consumer & Retail,,,,,,,,,11027,,,11027,,,,,,MFIC,2025-02-25,MFIC,2025-02-25
Consumer Goods - Durable,Common Equity,Consumer & Retail,,,,,,,,,108,119,,108,,,,,,MFIC,2025-02-25,MFIC,2025-02-25
Consumer Goods - Durable,Other,Consumer & Retail,,,,,,,,,11135,11182,0.8%,11135,,,,,,MFIC,2025-02-25,MFIC,2025-02-25
Consumer Goods – Non-durable,First Lien,Consumer & Retail,,,,,,,,,153567,,,153567,,,,,,MFIC,2025-02-25,MFIC,2025-02-25
Consumer Goods – Non-durable,Preferred Equity,Consumer & Retail,,,,,,,,,493,,,493,,,,,,MFIC,2025-02-25,MFIC,2025-02-25
Consumer Goods – Non-durable,Common Equity,Consumer & Retail,,,,,,,,,2233,,,2233,,,,,,MFIC,2025-02-25,MFIC,2025-02-25
Consumer Goods – Non-durable,Other,Consumer & Retail,,,,,,,,,156293,,,156293,,,,,,MFIC,2025-02-25,MFIC,2025-02-25
Containers Packaging & Glass,First Lien,Containers & Packaging,,,,,,,,,21660,21601,,21660,,,,,,MFIC,2025-02-25,MFIC,2025-02-25
Containers Packaging & Glass,Other,Containers & Packaging,,,,,,,,,21660,21601,1.54%,21660,,,,,,MFIC,2025-02-25,MFIC,2025-02-25
Investment Vehicles Banking Finance Real Estate,First Lien,Diversified,,,,,,,,,148364,148108,,148364,,,,,,MFIC,2025-02-25,MFIC,2025-02-25
Investment Vehicles Banking Finance,Other,Real Estate,,,,,,,,,15028,15023,,15028,,,,,,MFIC,2025-02-25,MFIC,2025-02-25
Investment Vehicles Banking Finance Real Estate,Preferred Equity,Diversified,,,,,,,,,534,193,,534,,,,,,MFIC,2025-02-25,MFIC,2025-02-25
Investment Vehicles Banking Finance Real Estate,Common Equity,Diversified,,,,,,,,,17146,565,,17146,,,,,fair_value_suspicious_vs_size,MFIC,2025-02-25,MFIC,2025-02-25
Investment Vehicles Banking Finance,Other,Real Estate,,,,,,,,,181072,163889,11.67%,181072,,,,,,MFIC,2025-02-25,MFIC,2025-02-25
- Electricity,First Lien,Energy,,,,,,,,,7231,1997,,7231,,,,,,MFIC,2025-02-25,MFIC,2025-02-25
- Electricity,Preferred Equity,Energy,,,,,,,,,5623,,,5623,,,,,,MFIC,2025-02-25,MFIC,2025-02-25
- Electricity,Common Equity,Energy,,,,,,,,,4,,,4,,,,,,MFIC,2025-02-25,MFIC,2025-02-25
- Electricity,Other,Energy,,,,,,,,,12858,1997,0.14%,12858,,,,,,MFIC,2025-02-25,MFIC,2025-02-25
Environmental Industries,First Lien,Environmental Services,,,,,,,,,2030,2036,,2030,,,,,,MFIC,2025-02-25,MFIC,2025-02-25
Environmental Industries,Other,Environmental Services,,,,,,,,,2030,2036,0.14%,2030,,,,,,MFIC,2025-02-25,MFIC,2025-02-25
& Pharmaceuticals,First Lien,Healthcare,,,,,,,,,476831,472374,,476831,,,,,,MFIC,2025-02-25,MFIC,2025-02-25
& Pharmaceuticals,Unsecured Debt,Healthcare,,,,,,,,,21,21,,21,,,,,,MFIC,2025-02-25,MFIC,2025-02-25
& Pharmaceuticals,Preferred Equity,Healthcare,,,,,,,,,499,532,,499,,,,,,MFIC,2025-02-25,MFIC,2025-02-25
& Pharmaceuticals,Common Equity,Healthcare,,,,,,,,,291,,,291,,,,,,MFIC,2025-02-25,MFIC,2025-02-25
& Pharmaceuticals,Warrants,Healthcare,,,,,,,,,389,136,,389,,,,,,MFIC,2025-02-25,MFIC,2025-02-25
& Pharmaceuticals,Other,Healthcare,,,,,,,,,478031,475766,33.87%,478031,,,,,,MFIC,2025-02-25,MFIC,2025-02-25
High Tech Industries,First Lien,Software & Technology,,,,,,,,,470416,465671,,470416,,,,,,MFIC,2025-02-25,MFIC,2025-02-25
High Tech Industries,Second Lien,Software & Technology,,,,,,,,,7203,6538,,7203,,,,,,MFIC,2025-02-25,MFIC,2025-02-25
High Tech Industries,Preferred Equity,Software & Technology,,,,,,,,,250,250,,250,,,,,,MFIC,2025-02-25,MFIC,2025-02-25
High Tech Industries,Common Equity,Software & Technology,,,,,,,,,1684,2891,,1684,,,,,,MFIC,2025-02-25,MFIC,2025-02-25
High Tech Industries,Other,Software & Technology,,,,,,,,,479553,475350,33.84%,479553,,,,,,MFIC,2025-02-25,MFIC,2025-02-25
Restaurants,First Lien,Healthcare,,,,,,,,,44552,44113,,44552,,,,,,MFIC,2025-02-25,MFIC,2025-02-25
Restaurants,Other,Healthcare,,,,,,,,,44552,44113,3.14%,44552,,,,,,MFIC,2025-02-25,MFIC,2025-02-25
Manufacturing Capital Equipment,First Lien,Industrials,,,,,,,,,80998,75279,,80998,,,,,,MFIC,2025-02-25,MFIC,2025-02-25
Manufacturing Capital Equipment,Preferred Equity,Industrials,,,,,,,,,1713,3405,,1713,,,,,,MFIC,2025-02-25,MFIC,2025-02-25
Manufacturing Capital Equipment,Common Equity,Industrials,,,,,,,,,250,418,,250,,,,,,MFIC,2025-02-25,MFIC,2025-02-25
Manufacturing Capital Equipment,Other,Industrials,,,,,,,,,82961,79102,5.63%,82961,,,,,,MFIC,2025-02-25,MFIC,2025-02-25
Media – Diversified & Production,First Lien,Media & Entertainment,,,,,,,,,13425,,,13425,,,,,,MFIC,2025-02-25,MFIC,2025-02-25
Media – Diversified & Production,Other,Media & Entertainment,,,,,,,,,13425,,,13425,,,,,,MFIC,2025-02-25,MFIC,2025-02-25
Retail,First Lien,Consumer & Retail,,,,,,,,,15372,15506,,15372,,,,,,MFIC,2025-02-25,MFIC,2025-02-25
Retail,Unsecured Debt,Consumer & Retail,,,,,,,,,1958,1937,,1958,,,,,,MFIC,2025-02-25,MFIC,2025-02-25
Retail,Other,Consumer & Retail,,,,,,,,,17330,17443,1.24%,17330,,,,,,MFIC,2025-02-25,MFIC,2025-02-25
Transportation – Cargo Distribution,First Lien,Transportation & Logistics,,,,,,,,,105350,,,105350,,,,,,MFIC,2025-02-25,MFIC,2025-02-25
Transportation – Cargo Distribution,Other,Transportation & Logistics,,,,,,,,,105350,,,105350,,,,,,MFIC,2025-02-25,MFIC,2025-02-25
Utilities - Electric,First Lien,,,,,,,,,,14688,11612,,14688,,,,,,MFIC,2025-02-25,MFIC,2025-02-25
Utilities - Electric,Other,,,,,,,,,,14688,11612,0.83%,14688,,,,,,MFIC,2025-02-25,MFIC,2025-02-25
Wholesale,First Lien,Distribution & Wholesale,,,,,,,,,102812,101936,,102812,,,,,,MFIC,2025-02-25,MFIC,2025-02-25
Wholesale,Unsecured Debt,Distribution & Wholesale,,,,,,,,,2672,96,,2672,,,,,fair_value_suspicious_vs_size,MFIC,2025-02-25,MFIC,2025-02-25
Wholesale,Preferred Equity,Distribution & Wholesale,,,,,,,,,25,28,,25,,,,,,MFIC,2025-02-25,MFIC,2025-02-25
Wholesale,Common Equity,Distribution & Wholesale,,,,,,,,,13241,774,,13241,,,,,,MFIC,2025-02-25,MFIC,2025-02-25
Wholesale,Warrants,Distribution & Wholesale,,,,,,,,,576,,,576,,,,,,MFIC,2025-02-25,MFIC,2025-02-25
Wholesale,Other,Distribution & Wholesale,,,,,,,,,119326,102834,7.32%,119326,,,,,,MFIC,2025-02-25,MFIC,2025-02-25
Structured Products and Other,Other,,,,,,,,,,15028,15023,1.07%,15028,,,,,,MFIC,2025-02-25,MFIC,2025-02-25
Aviation and Consumer Transport,First Lien,Transportation & Logistics,,,,,,,,,19676,19939,,19676,,,,,,MFIC,2025-02-25,MFIC,2025-02-25
Aviation and Consumer Transport,Common Equity,Transportation & Logistics,,,,,,,,,366,373,,366,,,,,,MFIC,2025-02-25,MFIC,2025-02-25
Aviation and Consumer Transport,Other,Transportation & Logistics,,,,,,,,,20042,20312,1.45%,20042,,,,,,MFIC,2025-02-25,MFIC,2025-02-25
Consumer Goods – Durable,Common Equity,Financial Services,,,,,,,,,1000,,,1000,,,,,,MFIC,2025-02-25,MFIC,2025-02-25
Consumer Goods – Durable,Other,Financial Services,,,,,,,,,1000,,,1000,,,,,,MFIC,2025-02-25,MFIC,2025-02-25
Investment Vehicles Banking Finance,Other,Real Estate,,,,,,,,,38643,26102,,38643,,,,,,MFIC,2025-02-25,MFIC,2025-02-25
Investment Vehicles Banking Finance,Other,Real Estate,,,,,,,,,38643,26102,1.86%,38643,,,,,,MFIC,2025-02-25,MFIC,2025-02-25
Restaurants,First Lien,Food & Beverage,,,,,,,,,9255,4183,,9255,,,,,,MFIC,2025-02-25,MFIC,2025-02-25
Restaurants,Common Equity,Food & Beverage,,,,,,,,,4740,2143,,4740,,,,,,MFIC,2025-02-25,MFIC,2025-02-25
Restaurants,Other,Food & Beverage,,,,,,,,,13995,6326,0.45%,13995,,,,,,MFIC,2025-02-25,MFIC,2025-02-25
Structured Products and Other,Other,Financial Services,,,,,,,,,38643,26102,1.86%,38643,,,,,,MFIC,2025-02-25,MFIC,2025-02-25
Controlled Investments Aviation and Consumer Transport,First Lien,Transportation & Logistics,,,,,,,,,59575,59576,,59575,,,,,,MFIC,2025-02-25,MFIC,2025-02-25
Controlled Investments Aviation and Consumer Transport,Common Equity,Transportation & Logistics,,,,,,,,,146500,123815,,146500,,,,,,MFIC,2025-02-25,MFIC,2025-02-25
Controlled Investments Aviation and Consumer Transport,Other,Transportation & Logistics,,,,,,,,,206075,183391,13.06%,206075,,,,,,MFIC,2025-02-25,MFIC,2025-02-25
Controlled Investments High Tech Industries,First Lien,Financial Services,,,,,,,,,121679,121906,,121679,,,,,,MFIC,2025-02-25,MFIC,2025-02-25
Controlled Investments High Tech Industries,Preferred Equity,Financial Services,,,,,,,,,6000,19456,,6000,,,,,,MFIC,2025-02-25,MFIC,2025-02-25
Controlled Investments High Tech Industries,Other,Financial Services,,,,,,,,,127679,141362,10.06%,127679,,,,,,MFIC,2025-02-25,MFIC,2025-02-25
Controlled Investments,First Lien,Financial Services,,,,,,,,,181254,181482,12.92%,181254,,,,,,MFIC,2025-02-25,MFIC,2025-02-25
Controlled Investments,Preferred Equity,Financial Services,,,,,,,,,6000,19456,1.39%,6000,,,,,,MFIC,2025-02-25,MFIC,2025-02-25
Controlled Investments,Common Equity,Financial Services,,,,,,,,,146500,123815,8.81%,146500,,,,,,MFIC,2025-02-25,MFIC,2025-02-25
Secured Debt,Other,,,,,,,,,,2804070,2765156,1.97%,2804070,,,,,,MFIC,2025-02-25,MFIC,2025-02-25
Secured Debt,Other,,,,,,,,,,23454,17798,1.27%,23454,,,,,,MFIC,2025-02-25,MFIC,2025-02-25
Unsecured Debt,Other,,,,,,,,,,6059,3502,0.25%,6059,,,,,,MFIC,2025-02-25,MFIC,2025-02-25
Structured Products and Other,Other,,,,,,,,,,53671,41125,2.93%,53671,,,,,,MFIC,2025-02-25,MFIC,2025-02-25
Preferred Equity,Other,,,,,,,,,,16069,24831,1.77%,16069,,,,,type_hint_pref_equity_from_name,MFIC,2025-02-25,MFIC,2025-02-25
Common Equity/Interests,Other,,,,,,,,,,273109,161868,11.52%,273109,,,,,,MFIC,2025-02-25,MFIC,2025-02-25
Warrants,Other,,,,,,,,,,965,136,0.01%,965,,,,,,MFIC,2025-02-25,MFIC,2025-02-25
& Pharmaceuticals Mannkind Corp.,Other Equity,Healthcare,,,,,,,,,,220,,,,,,34226,,MFIC,2025-02-25,MFIC,2025-02-25
Global Eagle Anuvu Corp.,Other Equity,Telecommunications,,,,,,,,,,,,,,,,211026,,MFIC,2025-02-25,MFIC,2025-02-25
1244311 B.C. Ltd.,Common Equity,,,,,,,,,,,202,,,,,,,,MFIC,2025-02-25,MFIC,2025-02-25
1244311 B.C. Ltd.,First Lien,,,,,,,,,,,4016,,,,,,,,MFIC,2025-02-25,MFIC,2025-02-25
Carbonfree Chemicals Holdings LLC,Common Equity,Chemicals & Materials,,,,,,,,,,18933,,,,,,,,MFIC,2025-02-25,MFIC,2025-02-25
FC2 LLC,First Lien,,,,,,,,,,,12459,,,,,,,,MFIC,2025-02-25,MFIC,2025-02-25
Golden Bear 2016-R LLC,Other Equity,,,,,,,,,,,9736,,,,,,,,MFIC,2025-02-25,MFIC,2025-02-25
Pelican Energy LLC,Other Equity,Energy,,,,,,,,,,134,,,,,,,,MFIC,2025-02-25,MFIC,2025-02-25
Auto Pool 2023 Trust,Other Equity,,,,,,,,,,,16366,,,,,,,,MFIC,2025-02-25,MFIC,2025-02-25
Blue Jay Transit Inc.,First Lien,,,,,,,,,,,19940,,,,,,,,MFIC,2025-02-25,MFIC,2025-02-25
Bird Scooter Acquisition Corp.,Common Equity,,,,,,,,,,,373,,,,,,,,MFIC,2025-02-25,MFIC,2025-02-25
Arrivia Inc.,Other Equity,,,,,,,,,,,2144,,,,,,,,MFIC,2025-02-25,MFIC,2025-02-25
Arrivia Inc.,First Lien,,,,,,,,,,,4183,,,,,,,,MFIC,2025-02-25,MFIC,2025-02-25
Affiliated Investments,Other,Financial Services,,,,,,,,,,84334,,,,,,,,MFIC,2025-02-25,MFIC,2025-02-25
Controlled Investments ChyronHego US Holding Corp.,Revolver,Financial Services,,,,,,,,,,15500,,,,,,,,MFIC,2025-02-25,MFIC,2025-02-25
Controlled Investments ChyronHego US Holding Corp.,First Lien,Financial Services,,,,,,,,,,106406,,,,,,,,MFIC,2025-02-25,MFIC,2025-02-25
Controlled Investments ChyronHego Corp.,Other,Financial Services,,,,,,,,,,19456,,,,,,,,MFIC,2025-02-25,MFIC,2025-02-25
Controlled Investments Merx Aviation Finance LLC,Other Equity,Transportation & Logistics,,,,,,,,,,123815,,,,,,,,MFIC,2025-02-25,MFIC,2025-02-25
Controlled Investments Merx Aviation Finance LLC,Revolver,Transportation & Logistics,,,,,,,,,,59576,,,,,,,,MFIC,2025-02-25,MFIC,2025-02-25
Controlled Investments MSEA Tankers LLC,Other,Financial Services,,,,,,,,,,91,,,,,,,,MFIC,2025-02-25,MFIC,2025-02-25
Controlled Investments SHD Oil & Gas LLC,Other,Energy,,,,,,,,,,79,,,,,,,,MFIC,2025-02-25,MFIC,2025-02-25
Controlled Investments SHD Oil & Gas LLC,Other,Energy,,,,,,,,,,,,,,,,,,MFIC,2025-02-25,MFIC,2025-02-25
ACP Avenu Buyer LLC,Other,,,,,,,,,,,,,,,,,,,MFIC,2025-02-25,MFIC,2025-02-25
ACP Avenu Buyer,Other,,,,,,,,,,,,,,3832000,,,,,MFIC,2025-02-25,MFIC,2025-02-25
AGDATA Midco LLC,Other,,,,,,,,,,,,,,,,,,,MFIC,2025-02-25,MFIC,2025-02-25
AGDATA Midco,Other,,,,,,,,,,,,,,2334000,,,,,MFIC,2025-02-25,MFIC,2025-02-25
AHP Timberwolf Bidco Corp.,Other,,,,,,,,,,,,,,,,,,,MFIC,2025-02-25,MFIC,2025-02-25
AHP Timberwolf Bidco Corp.,Other,,,,,,,,,,,,,,1875000,,,,,MFIC,2025-02-25,MFIC,2025-02-25
AMI Buyer Inc.,Other,,,,,,,,,,,,,,,,,,,MFIC,2025-02-25,MFIC,2025-02-25
AMI Buyer,Other,,,,,,,,,,,,,,1442000,,,,,MFIC,2025-02-25,MFIC,2025-02-25
Accelerate360 Holdings LLC,Other,,,,,,,,,,,,,,,,,,,MFIC,2025-02-25,MFIC,2025-02-25
Accelerate360 Holdings,Other,,,,,,,,,,,,,,1163000,,,,,MFIC,2025-02-25,MFIC,2025-02-25
Acentra Holdings LLC,Other,,,,,,,,,,,,,,,,,,,MFIC,2025-02-25,MFIC,2025-02-25
Acentra Holdings,Other,,,,,,,,,,,,,,1787000,,,,,MFIC,2025-02-25,MFIC,2025-02-25
Alcami Corp.,Other,,,,,,,,,,,,,,,,,,,MFIC,2025-02-25,MFIC,2025-02-25
Alcami Corp.,Other,,,,,,,,,,,,,,1014000,,,,,MFIC,2025-02-25,MFIC,2025-02-25
Alcresta Therapeutics Inc.,Other,Healthcare,,,,,,,,,,,,,,,,,,MFIC,2025-02-25,MFIC,2025-02-25
Alcresta Therapeutics Inc.,Other,Healthcare,,,,,,,,,,,,,7529000,,,,,MFIC,2025-02-25,MFIC,2025-02-25
All Star Recruiting Locums LLC,Other,Business Services,,,,,,,,,,,,,,,,,,MFIC,2025-02-25,MFIC,2025-02-25
All Star Recruiting Locums,Other,Business Services,,,,,,,,,,,,,2826000,,,,,MFIC,2025-02-25,MFIC,2025-02-25
Alpinex Opco LLC,Other,,,,,,,,,,,,,,,,,,,MFIC,2025-02-25,MFIC,2025-02-25
Alpinex Opco,Other,,,,,,,,,,,,,,387000,,,,,MFIC,2025-02-25,MFIC,2025-02-25
American Restoration Holdings LLC,Other,,,,,,,,,,,,,,,,,,,MFIC,2025-02-25,MFIC,2025-02-25
American Restoration Holdings,Other,,,,,,,,,,,,,,2896000,,,,,MFIC,2025-02-25,MFIC,2025-02-25
Anaplan Inc.,Other,,,,,,,,,,,,,,,,,,,MFIC,2025-02-25,MFIC,2025-02-25
Anaplan,Other,,,,,,,,,,,,,,699000,,,,,MFIC,2025-02-25,MFIC,2025-02-25
Aspen Aerogels Inc.,Other,,,,,,,,,,,,,,,,,,,MFIC,2025-02-25,MFIC,2025-02-25
Aspen Aerogels,Other,,,,,,,,,,,,,,57000,,,,,MFIC,2025-02-25,MFIC,2025-02-25
Athlete Buyer LLC,Other,,,,,,,,,,,,,,,,,,,MFIC,2025-02-25,MFIC,2025-02-25
Athlete Buyer LLC,Other,,,,,,,,,,,,,,181000,,,,,MFIC,2025-02-25,MFIC,2025-02-25
Athlete Buyer,Other,,,,,,,,,,,,,,1964000,,,,,MFIC,2025-02-25,MFIC,2025-02-25
August Bioservices LLC,Other,Business Services,,,,,,,,,,,,,,,,,,MFIC,2025-02-25,MFIC,2025-02-25
August Bioservices,Other,Business Services,,,,,,,,,,,,,500000,,,,,MFIC,2025-02-25,MFIC,2025-02-25
Avalara Inc.,Other,,,,,,,,,,,,,,,,,,,MFIC,2025-02-25,MFIC,2025-02-25
Avalara,Other,,,,,,,,,,,,,,909000,,,,,MFIC,2025-02-25,MFIC,2025-02-25
Banner Buyer LLC,Other,,,,,,,,,,,,,,,,,,,MFIC,2025-02-25,MFIC,2025-02-25
Banner Buyer,Other,,,,,,,,,,,,,,1548000,,,,,MFIC,2025-02-25,MFIC,2025-02-25
Beacon Mobility Corp.,Other,,,,,,,,,,,,,,,,,,,MFIC,2025-02-25,MFIC,2025-02-25
Beacon Mobility Corp.,Other,,,,,,,,,,,,,,4842000,,,,,MFIC,2025-02-25,MFIC,2025-02-25
Beacon Mobility Corp.,Other,,,,,,,,,,,,,,52158000,,,,,MFIC,2025-02-25,MFIC,2025-02-25
Berner Food & Beverage LLC,Other,Food & Beverage,,,,,,,,,,,,,,,,,,MFIC,2025-02-25,MFIC,2025-02-25
Berner Food & Beverage,Other,Food & Beverage,,,,,,,,,,,,,2881000,,,,,MFIC,2025-02-25,MFIC,2025-02-25
Biamp,Other,,,,,,,,,,,,,,,,,,,MFIC,2025-02-25,MFIC,2025-02-25
Biamp Undrawn Commitment,Other,,,,,,,,,,,,,,120000,,,,,MFIC,2025-02-25,MFIC,2025-02-25
Bingo Group Buyer Inc.,Other,,,,,,,,,,,,,,,,,,,MFIC,2025-02-25,MFIC,2025-02-25
Bingo Group Buyer,Other,,,,,,,,,,,,,,2948000,,,,,MFIC,2025-02-25,MFIC,2025-02-25
Blue Jay Transit Inc.,Other,,,,,,,,,,,,,,,,,,,MFIC,2025-02-25,MFIC,2025-02-25
Blue Jay Transit Inc.,Other,,,,,,,,,,,,,,667000,,,,,MFIC,2025-02-25,MFIC,2025-02-25
BusPatrol Holdco,Other,,,,,,,,,,,,,,,,,,,MFIC,2025-02-25,MFIC,2025-02-25
BusPatrol Holdco Undrawn Commitment,Other,,,,,,,,,,,,,,4533000,,,,,MFIC,2025-02-25,MFIC,2025-02-25
CRS Holdings Inc.,Other,,,,,,,,,,,,,,,,,,,MFIC,2025-02-25,MFIC,2025-02-25
CRS Holdings Inc.,Other,,,,,,,,,,,,,,125000,,,,,MFIC,2025-02-25,MFIC,2025-02-25
CRS Holdings,Other,,,,,,,,,,,,,,7875000,,,,,MFIC,2025-02-25,MFIC,2025-02-25
CSC Holdings LLC,Other,,,,,,,,,,,,,,,,,,,MFIC,2025-02-25,MFIC,2025-02-25
CSC Holdings,Other,,,,,,,,,,,,,,23000,,,,,MFIC,2025-02-25,MFIC,2025-02-25
Camin Cargo Control Holdings Inc.,Other,Transportation & Logistics,,,,,,,,,,,,,,,,,,MFIC,2025-02-25,MFIC,2025-02-25
Camin Cargo Control Holdings,Other,Transportation & Logistics,,,,,,,,,,,,,3447000,,,,,MFIC,2025-02-25,MFIC,2025-02-25
Cave Enterprises Operations LLC,Other,,,,,,,,,,,,,,,,,,,MFIC,2025-02-25,MFIC,2025-02-25
Cave Enterprises Operations,Other,,,,,,,,,,,,,,1333000,,,,,MFIC,2025-02-25,MFIC,2025-02-25
Celerion Buyer Inc.,Other,,,,,,,,,,,,,,,,,,,MFIC,2025-02-25,MFIC,2025-02-25
Celerion Buyer,Other,,,,,,,,,,,,,,1918000,,,,,MFIC,2025-02-25,MFIC,2025-02-25
Cerus Corp.,Other,,,,,,,,,,,,,,,,,,,MFIC,2025-02-25,MFIC,2025-02-25
Cerus Corp.,Other,,,,,,,,,,,,,,4585000,,,,,MFIC,2025-02-25,MFIC,2025-02-25
Channelside AcquisitionCo Inc.,Other,,,,,,,,,,,,,,,,,,,MFIC,2025-02-25,MFIC,2025-02-25
Channelside AcquisitionCo Inc.,Other,,,,,,,,,,,,,,73000,,,,,MFIC,2025-02-25,MFIC,2025-02-25
Channelside AcquisitionCo,Other,,,,,,,,,,,,,,323000,,,,,MFIC,2025-02-25,MFIC,2025-02-25
ChyronHego US Holding Corp.,Other,,,,,,,,,,,,,,,,,,,MFIC,2025-02-25,MFIC,2025-02-25
ChyronHego US Holding Corp.,Other,,,,,,,,,,,,,,3212000,,,,,MFIC,2025-02-25,MFIC,2025-02-25
ChyronHego US Holding Corp.,Other,,,,,,,,,,,,,,1921000,,,,,MFIC,2025-02-25,MFIC,2025-02-25
ChyronHego US Holding Corp.,Other,,,,,,,,,,,,,,1578000,,,,,MFIC,2025-02-25,MFIC,2025-02-25
CircusTrix Holdings LLC,Other,,,,,,,,,,,,,,,,,,,MFIC,2025-02-25,MFIC,2025-02-25
CircusTrix Holdings LLC,Other,,,,,,,,,,,,,,600000,,,,,MFIC,2025-02-25,MFIC,2025-02-25
Club Car Wash Operating LLC,Other,Automotive,,,,,,,,,,,,,,,,,,MFIC,2025-02-25,MFIC,2025-02-25
Club Car Wash Operating,Other,Automotive,,,,,,,,,,,,,7875000,,,,,MFIC,2025-02-25,MFIC,2025-02-25
Club Champion LLC,Other,,,,,,,,,,,,,,,,,,,MFIC,2025-02-25,MFIC,2025-02-25
Club Champion LLC,Other,,,,,,,,,,,,,,1145000,,,,,MFIC,2025-02-25,MFIC,2025-02-25
Colonnade Parent Inc.,Other,,,,,,,,,,,,,,,,,,,MFIC,2025-02-25,MFIC,2025-02-25
Compu-Link Corp.,Other,,,,,,,,,,,,,,,,,,,MFIC,2025-02-25,MFIC,2025-02-25
Compu-Link Corp.,Other,,,,,,,,,,,,,,2883000,,,,,MFIC,2025-02-25,MFIC,2025-02-25
Cool Buyer Inc.,Other,,,,,,,,,,,,,,,,,,,MFIC,2025-02-25,MFIC,2025-02-25
Cool Buyer,Other,,,,,,,,,,,,,,6667000,,,,,MFIC,2025-02-25,MFIC,2025-02-25
Coretrust Purchasing Group LLC,Other,,,,,,,,,,,,,,,,,,,MFIC,2025-02-25,MFIC,2025-02-25
Coretrust Purchasing Group LLC,Other,,,,,,,,,,,,,,1805000,,,,,MFIC,2025-02-25,MFIC,2025-02-25
Crewline Buyer Inc.,Other,,,,,,,,,,,,,,,,,,,MFIC,2025-02-25,MFIC,2025-02-25
Crewline Buyer,Other,,,,,,,,,,,,,,377000,,,,,MFIC,2025-02-25,MFIC,2025-02-25
Digital.ai Software Holdings Inc.,Other,Software & Technology,,,,,,,,,,,,,,,,,,MFIC,2025-02-25,MFIC,2025-02-25
Digital.ai Software Holdings,Other,Software & Technology,,,,,,,,,,,,,2177000,,,,,MFIC,2025-02-25,MFIC,2025-02-25
Distinct Holdings Inc.,Other,,,,,,,,,,,,,,,,,,,MFIC,2025-02-25,MFIC,2025-02-25
Distinct Holdings Inc.,Other,,,,,,,,,,,,,,1758000,,,,,MFIC,2025-02-25,MFIC,2025-02-25
Eagle Purchaser Inc.,Other,,,,,,,,,,,,,,,,,,,MFIC,2025-02-25,MFIC,2025-02-25
Eagle Purchaser,Other,,,,,,,,,,,,,,447000,,,,,MFIC,2025-02-25,MFIC,2025-02-25
Eldrickco Limited*,Other,,,,,,,,,,,,,,,,,,,MFIC,2025-02-25,MFIC,2025-02-25
Eldrickco Limited* Undrawn Commitment,Other,,,,,,,,,,,,,,3248000,,,,,MFIC,2025-02-25,MFIC,2025-02-25
EmpiRx Health LLC,Other,,,,,,,,,,,,,,,,,,,MFIC,2025-02-25,MFIC,2025-02-25
EmpiRx Health LLC,Other,,,,,,,,,,,,,,227000,,,,,MFIC,2025-02-25,MFIC,2025-02-25
EmpiRx Health LLC,Other,,,,,,,,,,,,,,682000,,,,,MFIC,2025-02-25,MFIC,2025-02-25
Evergreen IX Borrower 2023 LLC,Other,,,,,,,,,,,,,,,,,,,MFIC,2025-02-25,MFIC,2025-02-25
Evergreen IX Borrower 2023,Other,,,,,,,,,,,,,,795000,,,,,MFIC,2025-02-25,MFIC,2025-02-25
Evoriel*,Other,,,,,,,,,,,,,,,,,,,MFIC,2025-02-25,MFIC,2025-02-25
Evoriel* Undrawn Commitment,Other,,,,,,,,,,,,,,811000,,,,,MFIC,2025-02-25,MFIC,2025-02-25
ExactCare Parent Inc.,Other,,,,,,,,,,,,,,,,,,,MFIC,2025-02-25,MFIC,2025-02-25
ExactCare Parent,Other,,,,,,,,,,,,,,1967000,,,,,MFIC,2025-02-25,MFIC,2025-02-25
Excelligence Learning Corp.,Other,Education,,,,,,,,,,,,,,,,,,MFIC,2025-02-25,MFIC,2025-02-25
Excelligence Learning Corp.,Other,Education,,,,,,,,,,,,,259000,,,,,MFIC,2025-02-25,MFIC,2025-02-25
Excelligence Learning Corp.,Other,Education,,,,,,,,,,,,,2059000,,,,,MFIC,2025-02-25,MFIC,2025-02-25
G Treasury SS LLC,Other,,,,,,,,,,,,,,,,,,,MFIC,2025-02-25,MFIC,2025-02-25
G Treasury SS LLC,Other,,,,,,,,,,,,,,1659000,,,,,MFIC,2025-02-25,MFIC,2025-02-25
G&A Partners Holding Company II LLC,Other,,,,,,,,,,,,,,,,,,,MFIC,2025-02-25,MFIC,2025-02-25
G&A Partners Holding Company II,Other,,,,,,,,,,,,,,6184000,,,,,MFIC,2025-02-25,MFIC,2025-02-25
GAT-Airline Ground Support Inc.,Other,Transportation & Logistics,,,,,,,,,,,,,,,,,,MFIC,2025-02-25,MFIC,2025-02-25
GAT-Airline Ground Support Inc.,Other,Transportation & Logistics,,,,,,,,,,,,,3810000,,,,,MFIC,2025-02-25,MFIC,2025-02-25
GI Apple Midco LLC,Other,,,,,,,,,,,,,,,,,,,MFIC,2025-02-25,MFIC,2025-02-25
GI Apple Midco LLC,Other,,,,,,,,,,,,,,41000,,,,,MFIC,2025-02-25,MFIC,2025-02-25
GI Apple Midco LLC,Other,,,,,,,,,,,,,,1007000,,,,,MFIC,2025-02-25,MFIC,2025-02-25
GS SEER Group Borrower LLC,Other,,,,,,,,,,,,,,,,,,,MFIC,2025-02-25,MFIC,2025-02-25
GS SEER Group Borrower LLC,Other,,,,,,,,,,,,,,1028000,,,,,MFIC,2025-02-25,MFIC,2025-02-25
Gabriel Partners LLC,Other,,,,,,,,,,,,,,,,,,,MFIC,2025-02-25,MFIC,2025-02-25
Gabriel Partners,Other,,,,,,,,,,,,,,327000,,,,,MFIC,2025-02-25,MFIC,2025-02-25
Gateway US Holdings Inc.,Other,,,,,,,,,,,,,,,,,,,MFIC,2025-02-25,MFIC,2025-02-25
Gateway US Holdings,Other,,,,,,,,,,,,,,1416000,,,,,MFIC,2025-02-25,MFIC,2025-02-25
Generator Buyer Inc.,Other,,,,,,,,,,,,,,,,,,,MFIC,2025-02-25,MFIC,2025-02-25
Generator Buyer Inc.,Other,,,,,,,,,,,,,,27000,,,,,MFIC,2025-02-25,MFIC,2025-02-25
Generator Buyer,Other,,,,,,,,,,,,,,3333000,,,,,MFIC,2025-02-25,MFIC,2025-02-25
Genius Bidco LLC,Other,,,,,,,,,,,,,,,,,,,MFIC,2025-02-25,MFIC,2025-02-25
Genius Bidco LLC,Other,,,,,,,,,,,,,,77000,,,,,MFIC,2025-02-25,MFIC,2025-02-25
Genius Bidco LLC,Other,,,,,,,,,,,,,,6083000,,,,,MFIC,2025-02-25,MFIC,2025-02-25
Go Car Wash Management Corp.,Other,Automotive,,,,,,,,,,,,,,,,,,MFIC,2025-02-25,MFIC,2025-02-25
Go Car Wash Management Corp.,Other,Automotive,,,,,,,,,,,,,417000,,,,,MFIC,2025-02-25,MFIC,2025-02-25
Graffiti Buyer Inc.,Other,,,,,,,,,,,,,,,,,,,MFIC,2025-02-25,MFIC,2025-02-25
Graffiti Buyer,Other,,,,,,,,,,,,,,4145000,,,,,MFIC,2025-02-25,MFIC,2025-02-25
Green Grass Foods Inc.,Other,Food & Beverage,,,,,,,,,,,,,,,,,,MFIC,2025-02-25,MFIC,2025-02-25
Green Grass Foods,Other,Food & Beverage,,,,,,,,,,,,,1250000,,,,,MFIC,2025-02-25,MFIC,2025-02-25
Guernsey Holdings SDI LA LLC,Other,,,,,,,,,,,,,,,,,,,MFIC,2025-02-25,MFIC,2025-02-25
Guernsey Holdings SDI LA LLC,Other,,,,,,,,,,,,,,1167000,,,,,MFIC,2025-02-25,MFIC,2025-02-25
HEF Safety Ultimate Holdings LLC,Other,,,,,,,,,,,,,,,,,,,MFIC,2025-02-25,MFIC,2025-02-25
HEF Safety Ultimate Holdings,Other,,,,,,,,,,,,,,6790000,,,,,MFIC,2025-02-25,MFIC,2025-02-25
HRO (Hero Digital) Holdings LLC,Other,,,,,,,,,,,,,,,,,,,MFIC,2025-02-25,MFIC,2025-02-25
HRO (Hero Digital) Holdings LLC,Other,,,,,,,,,,,,,,31000,,,,,MFIC,2025-02-25,MFIC,2025-02-25
HRO (Hero Digital) Holdings,Other,,,,,,,,,,,,,,3000,,,,,MFIC,2025-02-25,MFIC,2025-02-25
Health Management Associates Superholdings Inc.,Other,Business Services,,,,,,,,,,,,,,,,,,MFIC,2025-02-25,MFIC,2025-02-25
Health Management Associates Superholdings Inc.,Other,Business Services,,,,,,,,,,,,,5000,,,,,MFIC,2025-02-25,MFIC,2025-02-25
Health Management Associates Superholdings,Other,Business Services,,,,,,,,,,,,,500000,,,,,MFIC,2025-02-25,MFIC,2025-02-25
Heniff Holdco LLC,Other,,,,,,,,,,,,,,,,,,,MFIC,2025-02-25,MFIC,2025-02-25
Heniff Holdco LLC,Other,,,,,,,,,,,,,,164000,,,,,MFIC,2025-02-25,MFIC,2025-02-25
Heniff Holdco,Other,,,,,,,,,,,,,,1177000,,,,,MFIC,2025-02-25,MFIC,2025-02-25
Heritage Environmental Services Inc.,Other,Environmental Services,,,,,,,,,,,,,,,,,,MFIC,2025-02-25,MFIC,2025-02-25
Heritage Environmental Services Inc.,Other,Environmental Services,,,,,,,,,,,,,4000,,,,,MFIC,2025-02-25,MFIC,2025-02-25
Heritage Environmental Services,Other,Environmental Services,,,,,,,,,,,,,238000,,,,,MFIC,2025-02-25,MFIC,2025-02-25
High Street Buyer Inc.,Other,,,,,,,,,,,,,,,,,,,MFIC,2025-02-25,MFIC,2025-02-25
High Street Buyer,Other,,,,,,,,,,,,,,2203000,,,,,MFIC,2025-02-25,MFIC,2025-02-25
Hive Intermediate LLC,Other,Media & Entertainment,,,,,,,,,,,,,,,,,,MFIC,2025-02-25,MFIC,2025-02-25
Hive Intermediate,Other,Media & Entertainment,,,,,,,,,,,,,1483000,,,,,MFIC,2025-02-25,MFIC,2025-02-25
HomeRenew Buyer Inc.,Other,,,,,,,,,,,,,,,,,,,MFIC,2025-02-25,MFIC,2025-02-25
IQN Holding Corp.,Other,,,,,,,,,,,,,,,,,,,MFIC,2025-02-25,MFIC,2025-02-25
IQN Holding Corp.,Other,,,,,,,,,,,,,,195000,,,,,MFIC,2025-02-25,MFIC,2025-02-25
IW Buyer LLC,Other,,,,,,,,,,,,,,,,,,,MFIC,2025-02-25,MFIC,2025-02-25
IW Buyer LLC,Other,,,,,,,,,,,,,,9000,,,,,MFIC,2025-02-25,MFIC,2025-02-25
IW Buyer LLC,Other,,,,,,,,,,,,,,384000,,,,,MFIC,2025-02-25,MFIC,2025-02-25
Ironhorse Purchaser LLC,Other,,,,,,,,,,,,,,,,,,,MFIC,2025-02-25,MFIC,2025-02-25
Ironhorse Purchaser LLC,Other,,,,,,,,,,,,,,15000,,,,,MFIC,2025-02-25,MFIC,2025-02-25
Ironhorse Purchaser,Other,,,,,,,,,,,,,,1760000,,,,,MFIC,2025-02-25,MFIC,2025-02-25
JF Acquisition LLC,Other,,,,,,,,,,,,,,,,,,,MFIC,2025-02-25,MFIC,2025-02-25
JF Acquisition,Other,,,,,,,,,,,,,,690000,,,,,MFIC,2025-02-25,MFIC,2025-02-25
Jacent Strategic Merchandising,Other,,,,,,,,,,,,,,,,,,,MFIC,2025-02-25,MFIC,2025-02-25
Jacent Strategic Merchandising Undrawn Commitment,Other,,,,,,,,,,,,,,1936000,,,,,MFIC,2025-02-25,MFIC,2025-02-25
KL Charlie Acquisition Company,Other,,,,,,,,,,,,,,,,,,,MFIC,2025-02-25,MFIC,2025-02-25
KL Charlie Acquisition Company Undrawn Commitment,Other,,,,,,,,,,,,,,6962000,,,,,MFIC,2025-02-25,MFIC,2025-02-25
Kauffman Intermediate LLC,Other,Media & Entertainment,,,,,,,,,,,,,,,,,,MFIC,2025-02-25,MFIC,2025-02-25
Kauffman Intermediate,Other,Media & Entertainment,,,,,,,,,,,,,2000,,,,,MFIC,2025-02-25,MFIC,2025-02-25
Kure Pain Holdings Inc.,Other,,,,,,,,,,,,,,,,,,,MFIC,2025-02-25,MFIC,2025-02-25
Kure Pain Holdings,Other,,,,,,,,,,,,,,2654000,,,,,MFIC,2025-02-25,MFIC,2025-02-25
LS Clinical Services Holdings Inc.,Other,Healthcare,,,,,,,,,,,,,,,,,,MFIC,2025-02-25,MFIC,2025-02-25
LS Clinical Services Holdings,Other,Healthcare,,,,,,,,,,,,,266000,,,,,MFIC,2025-02-25,MFIC,2025-02-25
Lash OpCo LLC,Other,,,,,,,,,,,,,,,,,,,MFIC,2025-02-25,MFIC,2025-02-25
LendingPoint LLC,Other,Financial Services,,,,,,,,,,,,,,,,,,MFIC,2025-02-25,MFIC,2025-02-25
LendingPoint LLC,Other,Financial Services,,,,,,,,,,,,,15904000,,,,,MFIC,2025-02-25,MFIC,2025-02-25
Lifelong Learner Holdings LLC,Other,,,,,,,,,,,,,,,,,,,MFIC,2025-02-25,MFIC,2025-02-25
Lifelong Learner Holdings,Other,,,,,,,,,,,,,,60000,,,,,MFIC,2025-02-25,MFIC,2025-02-25
Litify LLC,Other,,,,,,,,,,,,,,,,,,,MFIC,2025-02-25,MFIC,2025-02-25
Litify LLC,Other,,,,,,,,,,,,,,833000,,,,,MFIC,2025-02-25,MFIC,2025-02-25
Lotus Topco Inc.,Other,,,,,,,,,,,,,,,,,,,MFIC,2025-02-25,MFIC,2025-02-25
Lotus Topco Inc.,Other,,,,,,,,,,,,,,2059000,,,,,MFIC,2025-02-25,MFIC,2025-02-25
Lunar Buyer LLC,Other,,,,,,,,,,,,,,,,,,,MFIC,2025-02-25,MFIC,2025-02-25
Lunar Buyer,Other,,,,,,,,,,,,,,10454000,,,,,MFIC,2025-02-25,MFIC,2025-02-25
M&M OPCO LLC,Other,,,,,,,,,,,,,,,,,,,MFIC,2025-02-25,MFIC,2025-02-25
M&M OPCO,Other,,,,,,,,,,,,,,238000,,,,,MFIC,2025-02-25,MFIC,2025-02-25
MGP Holdings III Corp.,Other,,,,,,,,,,,,,,,,,,,MFIC,2025-02-25,MFIC,2025-02-25
MGP Holdings III Corp.,Other,,,,,,,,,,,,,,943000,,,,,MFIC,2025-02-25,MFIC,2025-02-25
Marlin DTC-LS Midco 2 LLC,Other,,,,,,,,,,,,,,,,,,,MFIC,2025-02-25,MFIC,2025-02-25
Marlin DTC-LS Midco 2,Other,,,,,,,,,,,,,,685000,,,,,MFIC,2025-02-25,MFIC,2025-02-25
Maxor National Pharmacy Services LLC,Other,Healthcare,,,,,,,,,,,,,,,,,,MFIC,2025-02-25,MFIC,2025-02-25
Maxor National Pharmacy Services,Other,Healthcare,,,,,,,,,,,,,1530000,,,,,MFIC,2025-02-25,MFIC,2025-02-25
Medical Guardian LLC,Other,Healthcare,,,,,,,,,,,,,,,,,,MFIC,2025-02-25,MFIC,2025-02-25
Medical Guardian,Other,Healthcare,,,,,,,,,,,,,3810000,,,,,MFIC,2025-02-25,MFIC,2025-02-25
Merx Aviation Finance LLC,Other,Transportation & Logistics,,,,,,,,,,,,,,,,,,MFIC,2025-02-25,MFIC,2025-02-25
Merx Aviation Finance LLC,Other,Transportation & Logistics,,,,,,,,,,,,,0,,,,,MFIC,2025-02-25,MFIC,2025-02-25
Midwest Vision Partners Management LLC,Other,Business Services,,,,,,,,,,,,,,,,,,MFIC,2025-02-25,MFIC,2025-02-25
Mobile Communications America Inc.,Other,,,,,,,,,,,,,,,,,,,MFIC,2025-02-25,MFIC,2025-02-25
Mobile Communications America,Other,,,,,,,,,,,,,,8005000,,,,,MFIC,2025-02-25,MFIC,2025-02-25
Momentx Corp.,Other,,,,,,,,,,,,,,,,,,,MFIC,2025-02-25,MFIC,2025-02-25
Munson Buffalo Restaurant Group LLC,Other,Food & Beverage,,,,,,,,,,,,,,,,,,MFIC,2025-02-25,MFIC,2025-02-25
Munson Buffalo Restaurant Group LLC,Other,Food & Beverage,,,,,,,,,,,,,947000,,,,,MFIC,2025-02-25,MFIC,2025-02-25
NPPI Buyer LLC,Other,,,,,,,,,,,,,,,,,,,MFIC,2025-02-25,MFIC,2025-02-25
NPPI Buyer,Other,,,,,,,,,,,,,,7895000,,,,,MFIC,2025-02-25,MFIC,2025-02-25
New Era Technology Inc.,Other,Software & Technology,,,,,,,,,,,,,,,,,,MFIC,2025-02-25,MFIC,2025-02-25
Norvax LLC,Other,,,,,,,,,,,,,,,,,,,MFIC,2025-02-25,MFIC,2025-02-25
Norvax,Other,,,,,,,,,,,,,,1052000,,,,,MFIC,2025-02-25,MFIC,2025-02-25
OMH-Healthedge Holdings Inc.,Other,,,,,,,,,,,,,,,,,,,MFIC,2025-02-25,MFIC,2025-02-25
OMH-Healthedge Holdings,Other,,,,,,,,,,,,,,1075000,,,,,MFIC,2025-02-25,MFIC,2025-02-25
Olympus Terminals Holdco II LLC,Other,,,,,,,,,,,,,,,,,,,MFIC,2025-02-25,MFIC,2025-02-25
Olympus Terminals Holdco II LLC,Other,,,,,,,,,,,,,,6373000,,,,,MFIC,2025-02-25,MFIC,2025-02-25
Omada Health Inc.,Other,,,,,,,,,,,,,,,,,,,MFIC,2025-02-25,MFIC,2025-02-25
Omada Health,Other,,,,,,,,,,,,,,1545000,,,,,MFIC,2025-02-25,MFIC,2025-02-25
Omnimax International LLC,Other,,,,,,,,,,,,,,,,,,,MFIC,2025-02-25,MFIC,2025-02-25
Omnimax International,Other,,,,,,,,,,,,,,4720000,,,,,MFIC,2025-02-25,MFIC,2025-02-25
Origami Opportunities Fund III LP.,Other,,,,,,,,,,,,,,,,,,,MFIC,2025-02-25,MFIC,2025-02-25
Origami Opportunities Fund III,Other,,,,,,,,,,,,,,3333000,,,,,MFIC,2025-02-25,MFIC,2025-02-25
Orion Buyer LLC,Other,,,,,,,,,,,,,,,,,,,MFIC,2025-02-25,MFIC,2025-02-25
Orion Buyer,Other,,,,,,,,,,,,,,2801000,,,,,MFIC,2025-02-25,MFIC,2025-02-25
PARS Group LLC,Other,,,,,,,,,,,,,,,,,,,MFIC,2025-02-25,MFIC,2025-02-25
PARS Group LLC,Other,,,,,,,,,,,,,,952000,,,,,MFIC,2025-02-25,MFIC,2025-02-25
PHOENIX YW BUYER INC.,Other,,,,,,,,,,,,,,,,,,,MFIC,2025-02-25,MFIC,2025-02-25
PHOENIX YW BUYER,Other,,,,,,,,,,,,,,1136000,,,,,MFIC,2025-02-25,MFIC,2025-02-25
PHS Buyer Inc.,Other,,,,,,,,,,,,,,,,,,,MFIC,2025-02-25,MFIC,2025-02-25
PHS Buyer,Other,,,,,,,,,,,,,,559000,,,,,MFIC,2025-02-25,MFIC,2025-02-25
PMA Parent Holdings LLC,Other,,,,,,,,,,,,,,,,,,,MFIC,2025-02-25,MFIC,2025-02-25
PMA Parent Holdings,Other,,,,,,,,,,,,,,987000,,,,,MFIC,2025-02-25,MFIC,2025-02-25
Pace Health Companies LLC,Other,,,,,,,,,,,,,,,,,,,MFIC,2025-02-25,MFIC,2025-02-25
Pace Health Companies LLC,Other,,,,,,,,,,,,,,118000,,,,,MFIC,2025-02-25,MFIC,2025-02-25
Pace Health Companies,Other,,,,,,,,,,,,,,1282000,,,,,MFIC,2025-02-25,MFIC,2025-02-25
Paladone Group Bidco Ltd.,Other,,,,,,,,,,,,,,,,,,,MFIC,2025-02-25,MFIC,2025-02-25
Paladone Group Bidco Limited Undrawn Commitment,Other,,,,,,,,,,,,,,753000,,,,,MFIC,2025-02-25,MFIC,2025-02-25
Paladone Group Bidco Limited*,Other,,,,,,,,,,,,,,,,,,,MFIC,2025-02-25,MFIC,2025-02-25
Patriot Foods Buyer Inc.,Other,Food & Beverage,,,,,,,,,,,,,,,,,,MFIC,2025-02-25,MFIC,2025-02-25
Patriot Foods Buyer,Other,Food & Beverage,,,,,,,,,,,,,750000,,,,,MFIC,2025-02-25,MFIC,2025-02-25
Pave America Interco LLC,Other,,,,,,,,,,,,,,,,,,,MFIC,2025-02-25,MFIC,2025-02-25
Pave America Interco,Other,,,,,,,,,,,,,,624000,,,,,MFIC,2025-02-25,MFIC,2025-02-25
Pavement Preservation Acquisition LLC,Other,,,,,,,,,,,,,,,,,,,MFIC,2025-02-25,MFIC,2025-02-25
Pavement Preservation Acquisition,Other,,,,,,,,,,,,,,1293000,,,,,MFIC,2025-02-25,MFIC,2025-02-25
Poly-Wood LLC,Other,,,,,,,,,,,,,,,,,,,MFIC,2025-02-25,MFIC,2025-02-25
Poly-Wood,Other,,,,,,,,,,,,,,818000,,,,,MFIC,2025-02-25,MFIC,2025-02-25
Precision Refrigeration & Air Conditioning LLC,Other,,,,,,,,,,,,,,,,,,,MFIC,2025-02-25,MFIC,2025-02-25
Precision Refrigeration & Air Conditioning LLC,Other,,,,,,,,,,,,,,341000,,,,,MFIC,2025-02-25,MFIC,2025-02-25
Pro-Vigil Holding Company LLC,Other,,,,,,,,,,,,,,,,,,,MFIC,2025-02-25,MFIC,2025-02-25
Pro-Vigil Holding Company,Other,,,,,,,,,,,,,,3248000,,,,,MFIC,2025-02-25,MFIC,2025-02-25
Project Comfort Buyer Inc.,Other,,,,,,,,,,,,,,,,,,,MFIC,2025-02-25,MFIC,2025-02-25
Project Comfort Buyer,Other,,,,,,,,,,,,,,1731000,,,,,MFIC,2025-02-25,MFIC,2025-02-25
Protein For Pets Opco LLC,Other,,,,,,,,,,,,,,,,,,,MFIC,2025-02-25,MFIC,2025-02-25
Protein For Pets Opco,Other,,,,,,,,,,,,,,896000,,,,,MFIC,2025-02-25,MFIC,2025-02-25
Purchasing Power Funding I LLC,Other,,,,,,,,,,,,,,,,,,,MFIC,2025-02-25,MFIC,2025-02-25
Purchasing Power Funding I,Other,,,,,,,,,,,,,,6288000,,,,,MFIC,2025-02-25,MFIC,2025-02-25
R.F. Fager Company LLC,Other,,,,,,,,,,,,,,,,,,,MFIC,2025-02-25,MFIC,2025-02-25
R.F. Fager Company,Other,,,,,,,,,,,,,,2063000,,,,,MFIC,2025-02-25,MFIC,2025-02-25
RHI Acquisition LLC,Other,,,,,,,,,,,,,,,,,,,MFIC,2025-02-25,MFIC,2025-02-25
RHI Acquisition LLC,Other,,,,,,,,,,,,,,2495000,,,,,MFIC,2025-02-25,MFIC,2025-02-25
Rarebreed Veterinary Partners Inc.,Other,Healthcare,,,,,,,,,,,,,,,,,,MFIC,2025-02-25,MFIC,2025-02-25
Rarebreed Veterinary Partners,Other,Healthcare,,,,,,,,,,,,,12930000,,,,,MFIC,2025-02-25,MFIC,2025-02-25
Regis Corp.,Other,,,,,,,,,,,,,,,,,,,MFIC,2025-02-25,MFIC,2025-02-25
Regis Corp.,Other,,,,,,,,,,,,,,625000,,,,,MFIC,2025-02-25,MFIC,2025-02-25
Regis Corp.,Other,,,,,,,,,,,,,,2821000,,,,,MFIC,2025-02-25,MFIC,2025-02-25
Riverbed Technology Inc.,Other,Software & Technology,,,,,,,,,,,,,,,,,,MFIC,2025-02-25,MFIC,2025-02-25
Riverbed Technology,Other,Software & Technology,,,,,,,,,,,,,160000,,,,,MFIC,2025-02-25,MFIC,2025-02-25
RoC Holdco LLC,Other,,,,,,,,,,,,,,,,,,,MFIC,2025-02-25,MFIC,2025-02-25
RoC Holdco LLC,Other,,,,,,,,,,,,,,2195000,,,,,MFIC,2025-02-25,MFIC,2025-02-25
Roscoe Medical Inc.,Other,Healthcare,,,,,,,,,,,,,,,,,,MFIC,2025-02-25,MFIC,2025-02-25
Roscoe Medical,Other,Healthcare,,,,,,,,,,,,,327000,,,,,MFIC,2025-02-25,MFIC,2025-02-25
SEV Intermediate Holdco LLC,Other,Media & Entertainment,,,,,,,,,,,,,,,,,,MFIC,2025-02-25,MFIC,2025-02-25
SEV Intermediate Holdco,Other,Media & Entertainment,,,,,,,,,,,,,1034000,,,,,MFIC,2025-02-25,MFIC,2025-02-25
SI Holdings Inc.,Other,,,,,,,,,,,,,,,,,,,MFIC,2025-02-25,MFIC,2025-02-25
SI Holdings,Other,,,,,,,,,,,,,,4246000,,,,,MFIC,2025-02-25,MFIC,2025-02-25
Saffron Bidco Ltd.,Other,,,,,,,,,,,,,,,,,,,MFIC,2025-02-25,MFIC,2025-02-25
Saffron Bidco Ltd.,Other,,,,,,,,,,,,,,7697000,,,,,MFIC,2025-02-25,MFIC,2025-02-25
Shelby 2021 Holdings Corp.,Other,,,,,,,,,,,,,,,,,,,MFIC,2025-02-25,MFIC,2025-02-25
Shelby 2021 Holdings Corp.,Other,,,,,,,,,,,,,,3933000,,,,,MFIC,2025-02-25,MFIC,2025-02-25
Sigma Buyer LLC,Other,,,,,,,,,,,,,,,,,,,MFIC,2025-02-25,MFIC,2025-02-25
Sigma Buyer LLC,Other,,,,,,,,,,,,,,800000,,,,,MFIC,2025-02-25,MFIC,2025-02-25
Simeio Group Holdings Inc.,Other,,,,,,,,,,,,,,,,,,,MFIC,2025-02-25,MFIC,2025-02-25
Smith Topco Inc.,Other,,,,,,,,,,,,,,,,,,,MFIC,2025-02-25,MFIC,2025-02-25
Smith Topco,Other,,,,,,,,,,,,,,1128000,,,,,MFIC,2025-02-25,MFIC,2025-02-25
Surf Opco LLC,Other,,,,,,,,,,,,,,,,,,,MFIC,2025-02-25,MFIC,2025-02-25
Surf Opco LLC,Other,,,,,,,,,,,,,,667000,,,,,MFIC,2025-02-25,MFIC,2025-02-25
Surf Opco,Other,,,,,,,,,,,,,,6989000,,,,,MFIC,2025-02-25,MFIC,2025-02-25
Sysnet North America Inc.,Other,,,,,,,,,,,,,,,,,,,MFIC,2025-02-25,MFIC,2025-02-25
Sysnet North America,Other,,,,,,,,,,,,,,2579000,,,,,MFIC,2025-02-25,MFIC,2025-02-25
TCW Midco LLC,Other,,,,,,,,,,,,,,,,,,,MFIC,2025-02-25,MFIC,2025-02-25
TCW Midco LLC,Other,,,,,,,,,,,,,,5000000,,,,,MFIC,2025-02-25,MFIC,2025-02-25
TELA Bio Inc.,Other,,,,,,,,,,,,,,,,,,,MFIC,2025-02-25,MFIC,2025-02-25
TELA Bio,Other,,,,,,,,,,,,,,3333000,,,,,MFIC,2025-02-25,MFIC,2025-02-25
THLP CO. LLC,Other,,,,,,,,,,,,,,,,,,,MFIC,2025-02-25,MFIC,2025-02-25
THLP CO. LLC,Other,,,,,,,,,,,,,,182000,,,,,MFIC,2025-02-25,MFIC,2025-02-25
THLP CO. LLC,Other,,,,,,,,,,,,,,2391000,,,,,MFIC,2025-02-25,MFIC,2025-02-25
TS Investors LLC,Other,,,,,,,,,,,,,,,,,,,MFIC,2025-02-25,MFIC,2025-02-25
TS Investors,Other,,,,,,,,,,,,,,2796000,,,,,MFIC,2025-02-25,MFIC,2025-02-25
Tasty Chick'n LLC,Other,,,,,,,,,,,,,,,,,,,MFIC,2025-02-25,MFIC,2025-02-25
Tasty Chick'n LLC,Other,,,,,,,,,,,,,,7614000,,,,,MFIC,2025-02-25,MFIC,2025-02-25
TeamLINX Buyer LLC,Other,,,,,,,,,,,,,,,,,,,MFIC,2025-02-25,MFIC,2025-02-25
TeamLINX Buyer,Other,,,,,,,,,,,,,,1429000,,,,,MFIC,2025-02-25,MFIC,2025-02-25
Telesoft Holdings LLC,Other,,,,,,,,,,,,,,,,,,,MFIC,2025-02-25,MFIC,2025-02-25
Telesoft Holdings,Other,,,,,,,,,,,,,,1705000,,,,,MFIC,2025-02-25,MFIC,2025-02-25
TerSera Therapeutics LLC,Other,Healthcare,,,,,,,,,,,,,,,,,,MFIC,2025-02-25,MFIC,2025-02-25
TerSera Therapeutics LLC,Other,Healthcare,,,,,,,,,,,,,1395000,,,,,MFIC,2025-02-25,MFIC,2025-02-25
Texada Software LLC,Other,Software & Technology,,,,,,,,,,,,,,,,,,MFIC,2025-02-25,MFIC,2025-02-25
Texada Software LLC,Other,Software & Technology,,,,,,,,,,,,,3077000,,,,,MFIC,2025-02-25,MFIC,2025-02-25
The North Highland Company LLC,Other,,,,,,,,,,,,,,,,,,,MFIC,2025-02-25,MFIC,2025-02-25
The North Highland Company LLC,Other,,,,,,,,,,,,,,1774000,,,,,MFIC,2025-02-25,MFIC,2025-02-25
Thomas Scientific LLC,Other,,,,,,,,,,,,,,,,,,,MFIC,2025-02-25,MFIC,2025-02-25
Thomas Scientific LLC,Other,,,,,,,,,,,,,,296000,,,,,MFIC,2025-02-25,MFIC,2025-02-25
Thomas Scientific,Other,,,,,,,,,,,,,,428000,,,,,MFIC,2025-02-25,MFIC,2025-02-25
Traffic Management Solutions LLC,Other,Business Services,,,,,,,,,,,,,,,,,,MFIC,2025-02-25,MFIC,2025-02-25
Traffic Management Solutions,Other,Business Services,,,,,,,,,,,,,7500000,,,,,MFIC,2025-02-25,MFIC,2025-02-25
Treace Medical Concepts Inc.,Other,Healthcare,,,,,,,,,,,,,,,,,,MFIC,2025-02-25,MFIC,2025-02-25
Treace Medical Concepts,Other,Healthcare,,,,,,,,,,,,,11350000,,,,,MFIC,2025-02-25,MFIC,2025-02-25
Trench Plate Rental Co.,Other,,,,,,,,,,,,,,,,,,,MFIC,2025-02-25,MFIC,2025-02-25
Trench Plate Rental Co. Letters of Credit,Other,,,,,,,,,,,,,,125000,,,,,MFIC,2025-02-25,MFIC,2025-02-25
Trench Plate Rental Co. Undrawn Commitment,Other,,,,,,,,,,,,,,266000,,,,,MFIC,2025-02-25,MFIC,2025-02-25
Truck-Lite Co. LLC,Other,,,,,,,,,,,,,,,,,,,MFIC,2025-02-25,MFIC,2025-02-25
Truck-Lite Co.,Other,,,,,,,,,,,,,,533000,,,,,MFIC,2025-02-25,MFIC,2025-02-25
Turbo Buyer Inc.,Other,,,,,,,,,,,,,,,,,,,MFIC,2025-02-25,MFIC,2025-02-25
Turbo Buyer,Other,,,,,,,,,,,,,,461000,,,,,MFIC,2025-02-25,MFIC,2025-02-25
US MetalCo Holdings LLC,Other,Industrials,,,,,,,,,,,,,,,,,,MFIC,2025-02-25,MFIC,2025-02-25
US MetalCo Holdings LLC,Other,Industrials,,,,,,,,,,,,,1320000,,,,,MFIC,2025-02-25,MFIC,2025-02-25
USLS Acquisition Inc.,Other,,,,,,,,,,,,,,,,,,,MFIC,2025-02-25,MFIC,2025-02-25
USLS Acquisition Inc.,Other,,,,,,,,,,,,,,73000,,,,,MFIC,2025-02-25,MFIC,2025-02-25
USLS Acquisition,Other,,,,,,,,,,,,,,731000,,,,,MFIC,2025-02-25,MFIC,2025-02-25
Ultra Clean Holdco LLC,Other,,,,,,,,,,,,,,,,,,,MFIC,2025-02-25,MFIC,2025-02-25
Ultra Clean Holdco LLC,Other,,,,,,,,,,,,,,8071000,,,,,MFIC,2025-02-25,MFIC,2025-02-25
Unchained Labs LLC,Other,,,,,,,,,,,,,,,,,,,MFIC,2025-02-25,MFIC,2025-02-25
Unchained Labs,Other,,,,,,,,,,,,,,726000,,,,,MFIC,2025-02-25,MFIC,2025-02-25
Uniguest Holdings Inc.,Other,,,,,,,,,,,,,,,,,,,MFIC,2025-02-25,MFIC,2025-02-25
Uniguest Holdings,Other,,,,,,,,,,,,,,5159000,,,,,MFIC,2025-02-25,MFIC,2025-02-25
Uplight Inc.,Other,,,,,,,,,,,,,,,,,,,MFIC,2025-02-25,MFIC,2025-02-25
Uplight,Other,,,,,,,,,,,,,,10880000,,,,,MFIC,2025-02-25,MFIC,2025-02-25
Village Pet Care LLC,Other,Consumer & Retail,,,,,,,,,,,,,,,,,,MFIC,2025-02-25,MFIC,2025-02-25
Village Pet Care LLC,Other,Consumer & Retail,,,,,,,,,,,,,4450000,,,,,MFIC,2025-02-25,MFIC,2025-02-25
Vixxo Corp.,Other,,,,,,,,,,,,,,,,,,,MFIC,2025-02-25,MFIC,2025-02-25
Vixxo Corp.,Other,,,,,,,,,,,,,,1250000,,,,,MFIC,2025-02-25,MFIC,2025-02-25
WC ORS Buyer Inc.,Other,,,,,,,,,,,,,,,,,,,MFIC,2025-02-25,MFIC,2025-02-25
WC ORS Buyer Inc.,Other,,,,,,,,,,,,,,8400000,,,,,MFIC,2025-02-25,MFIC,2025-02-25
WH BorrowerCo LLC,Other,,,,,,,,,,,,,,,,,,,MFIC,2025-02-25,MFIC,2025-02-25
WH BorrowerCo LLC,Other,,,,,,,,,,,,,,9429000,,,,,MFIC,2025-02-25,MFIC,2025-02-25
WelldyneRX LLC,Other,,,,,,,,,,,,,,,,,,,MFIC,2025-02-25,MFIC,2025-02-25
WelldyneRX LLC,Other,,,,,,,,,,,,,,1923000,,,,,MFIC,2025-02-25,MFIC,2025-02-25
WildBrain Ltd.,Other,,,,,,,,,,,,,,,,,,,MFIC,2025-02-25,MFIC,2025-02-25
WildBrain Ltd.,Other,,,,,,,,,,,,,,1229000,,,,,MFIC,2025-02-25,MFIC,2025-02-25
Zendesk Inc.,Other,,,,,,,,,,,,,,,,,,,MFIC,2025-02-25,MFIC,2025-02-25
Zendesk Inc.,Other,,,,,,,,,,,,,,5000,,,,,MFIC,2025-02-25,MFIC,2025-02-25
Zendesk Inc.,Other,,,,,,,,,,,,,,2598000,,,,,MFIC,2025-02-25,MFIC,2025-02-25
Zephyr Buyer LP.,Other,,,,,,,,,,,,,,,,,,,MFIC,2025-02-25,MFIC,2025-02-25
Zephyr Buyer LP.,Other,,,,,,,,,,,,,,3952000,,,,,MFIC,2025-02-25,MFIC,2025-02-25
Zinnia Corporate Holdings LLC,Other,,,,,,,,,,,,,,,,,,type_hint_corporate_from_name,MFIC,2025-02-25,MFIC,2025-02-25
Zinnia Corporate Holdings LLC,Other,,,,,,,,,,,,,,2353000,,,,type_hint_corporate_from_name,MFIC,2025-02-25,MFIC,2025-02-25
Total Commitments,Other,,,,,,,,,,,,,,,,,,,MFIC,2025-02-25,MFIC,2025-02-25
Total Commitments Letters of Credit,Other,,,,,,,,,,,,,,11383000,,,,,MFIC,2025-02-25,MFIC,2025-02-25
Total Commitments,Other,,,,,,,,,,,,,,474277000,,,,,MFIC,2025-02-25,MFIC,2025-02-25
1244311 B.C. Ltd.,Common Equity,,,,,,,2020-09-30,,,,,,,,,,,,MFIC,2025-02-25,MFIC,2025-02-25
Acosta Holdings Corp.,Preferred Equity,,,,,,,2024-07-22,,,,,,,,,,,,MFIC,2025-02-25,MFIC,2025-02-25
Alcresta Holdings LP,Preferred Equity,,,,,,,2024-03-12,,,,,,,,,,,,MFIC,2025-02-25,MFIC,2025-02-25
Ambrosia Buyer Corp.,Common Equity,,,,,,,2024-02-01,,,,,,,,,,,,MFIC,2025-02-25,MFIC,2025-02-25
Anuvu Corp.,Common Equity,,,,,,,2024-07-22,,,,,,,,,,,,MFIC,2025-02-25,MFIC,2025-02-25
Arrivia Inc.,Common Equity,,,,,,,2024-12-31,,,,,,,,,,,,MFIC,2025-02-25,MFIC,2025-02-25
Bird Scooter Acquisition Corp.,Common Equity,,,,,,,2024-03-22,,,,,,,,,,,,MFIC,2025-02-25,MFIC,2025-02-25
BSP-TS LP,Preferred Equity,,,,,,,2024-12-23,,,,,,,,,,,,MFIC,2025-02-25,MFIC,2025-02-25
Carbonfree Chemicals Holdings LLC,Common Equity,Chemicals & Materials,,,,,,2019-11-01,,,,,,,,,,,,MFIC,2025-02-25,MFIC,2025-02-25
Carestream Health Holdings Inc.,Common Equity,,,,,,,2024-07-22,,,,,,,,,,,,MFIC,2025-02-25,MFIC,2025-02-25
ChyronHego Corp.,Preferred Equity,,,,,,,2020-12-29,,,,,,,,,,,,MFIC,2025-02-25,MFIC,2025-02-25
Cool Acquisition Holdings LP,Common Equity,,,,,,,2024-10-31,,,,,,,,,,,,MFIC,2025-02-25,MFIC,2025-02-25
FC2 LLC,Common Equity,,,,,,,2022-10-14,,,,,,,,,,,,MFIC,2025-02-25,MFIC,2025-02-25
Fortress Credit BSL Limited 2021-3,First Lien,,,,,,,2024-07-22,,,,,,,,,,,,MFIC,2025-02-25,MFIC,2025-02-25
Fortress Credit Opportunities CLO LLC,First Lien,,,,,,,2024-11-12,,,,,,,,,,,,MFIC,2025-02-25,MFIC,2025-02-25
Genius Bidco LLC,Common Equity,,,,,,,2024-05-01,,,,,,,,,,,,MFIC,2025-02-25,MFIC,2025-02-25
Merx Aviation Finance LLC,Common Equity,Transportation & Logistics,,,,,,2022-09-01,,,,,,,,,,,,MFIC,2025-02-25,MFIC,2025-02-25
RMCF V CIV L LP.,Common Equity,,,,,,,2024-09-05,,,,,,,,,,,,MFIC,2025-02-25,MFIC,2025-02-25
TVG Orion Blocker Inc.,Common Equity,,,,,,,2024-07-18,,,,,,,,,,,,MFIC,2025-02-25,MFIC,2025-02-25
WC ORS Holdings LP.,Common Equity,,,,,,,2024-08-07,,,,,,,,,,,,MFIC,2025-02-25,MFIC,2025-02-25
"1244311 B.C. Ltd.,Common Stock",,,,,,,,,,,,202,,,,,,,,MFIC,2025-05-12,MFIC,2025-05-12
"Carbonfree Chemicals Holdings LLC,Common Equity / Interest",,Chemicals & Materials,,,,,,,,,,18933,,,,,,,,MFIC,2025-05-12,MFIC,2025-05-12
"FC2 LLC,Common Stock",,,,,,,,,,,,,,,,,,,,MFIC,2025-05-12,MFIC,2025-05-12
"FC2 LLC,Term Loan",,,,,,,,,,,,12459,,,,,,,,MFIC,2025-05-12,MFIC,2025-05-12
"Golden Bear 2016-R, LLC,Membership Interests",,,,,,,,,,,,9736,,,,,,,,MFIC,2025-05-12,MFIC,2025-05-12
"Surf Opco, LLC,Class A-1 Common",,,,,,,,,,,,,,,,,,,,MFIC,2025-05-12,MFIC,2025-05-12
"Surf Opco, LLC,Class P-1 Preferred",,,,,,,,,,,,,,,,,,,,MFIC,2025-05-12,MFIC,2025-05-12
"Surf Opco, LLC,Revolver",,,,,,,,,,,,,,,,,,,type_hint_revolver_from_name,MFIC,2025-05-12,MFIC,2025-05-12
"Surf Opco, LLC,Term Loan",,,,,,,,,,,,,,,,,,,,MFIC,2025-05-12,MFIC,2025-05-12
"Auto Pool 2023 Trust (Del. Stat. Trust) ,Membership Interests",,,,,,,,,,,,16366,,,,,,,,MFIC,2025-05-12,MFIC,2025-05-12
"Blue Jay Transit Inc.,Term Loan",,,,,,,,,,,,19940,,,,,,,,MFIC,2025-05-12,MFIC,2025-05-12
"Blue Jay Transit Inc.,Unfunded Delayed Draw",,,,,,,,,,,,,,,,,,,type_hint_delayed_draw_from_name,MFIC,2025-05-12,MFIC,2025-05-12
"Bird Scooter Acquisition Corp.,Common Stock",,,,,,,,,,,,373,,,,,,,,MFIC,2025-05-12,MFIC,2025-05-12
"Arrivia, Inc.",,,,,,,,,,,,2144,,,,,,,,MFIC,2025-05-12,MFIC,2025-05-12
"Arrivia, Inc.",,,,,,,,,,,,4183,,,,,,,,MFIC,2025-05-12,MFIC,2025-05-12
"Third Lane Mobility Inc.,Common Stock",,,,,,,,,,,,,,,,,,,,MFIC,2025-05-12,MFIC,2025-05-12
"Third Lane Mobility Inc.,Warrants",,,,,,,,,,,,,,,,,,,,MFIC,2025-05-12,MFIC,2025-05-12
ChyronHego US Holding Corp.,,Other,,,,,,,,,,15500,,,,,,,,MFIC,2025-05-12,MFIC,2025-05-12
ChyronHego US Holding Corp.,,Other,,,,,,,,,,106406,,,,,,,,MFIC,2025-05-12,MFIC,2025-05-12
ChyronHego US Holding Corp.,,Other,,,,,,,,,,,,,,,,,,MFIC,2025-05-12,MFIC,2025-05-12
ChyronHego Corp.,,Other,,,,,,,,,,19456,,,,,,,,MFIC,2025-05-12,MFIC,2025-05-12
"Merx Aviation Finance, LLC",,Transportation & Logistics,,,,,,,,,,123815,,,,,,,,MFIC,2025-05-12,MFIC,2025-05-12
"Merx Aviation Finance, LLC",,Transportation & Logistics,,,,,,,,,,59576,,,,,,,,MFIC,2025-05-12,MFIC,2025-05-12
"ACP Avenu Buyer, LLC",,,,,,,,,,,,,,,,,,,,MFIC,2025-05-12,MFIC,2025-05-12
"AGDATA Midco, LLC",,,,,,,,,,,,,,,,,,,,MFIC,2025-05-12,MFIC,2025-05-12
"AMI Buyer, Inc.",,,,,,,,,,,,,,,,,,,,MFIC,2025-05-12,MFIC,2025-05-12
"Accelerate360 Holdings, LLC",,,,,,,,,,,,,,,,,,,,MFIC,2025-05-12,MFIC,2025-05-12
Accelevation LLC,,,,,,,,,,,,,,,,,,,,MFIC,2025-05-12,MFIC,2025-05-12
"Acentra Holdings, LLC",,,,,,,,,,,,,,,,,,,,MFIC,2025-05-12,MFIC,2025-05-12
Alcami Corp.,,,,,,,,,,,,,,,,,,,,MFIC,2025-05-12,MFIC,2025-05-12
Alcresta Therapeutics Inc.,,Healthcare,,,,,,,,,,,,,,,,,,MFIC,2025-05-12,MFIC,2025-05-12
"All Star Recruiting Locums, LLC",,Business Services,,,,,,,,,,,,,,,,,,MFIC,2025-05-12,MFIC,2025-05-12
"Alpinex Opco, LLC",,,,,,,,,,,,,,,,,,,,MFIC,2025-05-12,MFIC,2025-05-12
"American Restoration Holdings, LLC",,,,,,,,,,,,,,,,,,,,MFIC,2025-05-12,MFIC,2025-05-12
"Anaplan, Inc.",,,,,,,,,,,,,,,,,,,,MFIC,2025-05-12,MFIC,2025-05-12
"Aspen Aerogels, Inc.",,,,,,,,,,,,,,,,,,,,MFIC,2025-05-12,MFIC,2025-05-12
"Athlete Buyer, LLC",,,,,,,,,,,,,,,,,,,,MFIC,2025-05-12,MFIC,2025-05-12
"August Bioservices, LLC",,Business Services,,,,,,,,,,,,,,,,,,MFIC,2025-05-12,MFIC,2025-05-12
"Banner Buyer, LLC",,,3.0%,,,,,,,,,,,,,,,,,MFIC,2025-05-12,MFIC,2025-05-12
Beacon Mobility Corp.,,,,,,,,,,,,,,,,,,,,MFIC,2025-05-12,MFIC,2025-05-12
"Berner Food & Beverage, LLC",,Food & Beverage,,,,,,,,,,,,,,,,,,MFIC,2025-05-12,MFIC,2025-05-12
Biamp,,,4.0%,,,,,,,,,,,,,,,,,MFIC,2025-05-12,MFIC,2025-05-12
"Bingo Group Buyer, Inc.",,,25.0%,,,,,,,,,,,,,,,,,MFIC,2025-05-12,MFIC,2025-05-12
Bullcave Ltd.,,,,,,,,,,,,,,,,,,,,MFIC,2025-05-12,MFIC,2025-05-12
BusPatrol Holdco,,,,,,,,,,,,,,,,,,,,MFIC,2025-05-12,MFIC,2025-05-12
"CI (MG) GROUP, LLC",,,,,,,,,,,,,,,,,,,,MFIC,2025-05-12,MFIC,2025-05-12
"CRS Holdings, Inc.",,,,,,,,,,,,,,,,,,,,MFIC,2025-05-12,MFIC,2025-05-12
"CSC Holdings, LLC",,,19.0%,,,,,,,,,,,,,,,,,MFIC,2025-05-12,MFIC,2025-05-12
"Camin Cargo Control Holdings, Inc.",,Transportation & Logistics,,,,,,,,,,,,,,,,,,MFIC,2025-05-12,MFIC,2025-05-12
"Cave Enterprises Operations, LLC",,,,,,,,,,,,,,,,,,,,MFIC,2025-05-12,MFIC,2025-05-12
"Celerion Buyer, Inc.",,,,,,,,,,,,,,,,,,,,MFIC,2025-05-12,MFIC,2025-05-12
Cerus Corp.,,,,,,,,,,,,,,,,,,,,MFIC,2025-05-12,MFIC,2025-05-12
"Channelside AcquisitionCo, Inc.",,,,,,,,,,,,,,,,,,,,MFIC,2025-05-12,MFIC,2025-05-12
ChyronHego US Holding Corp.,,,,,,,,,,,,,,,,,,,,MFIC,2025-05-12,MFIC,2025-05-12
CircusTrix Holdings LLC,,,,,,,,,,,,,,,,,,,,MFIC,2025-05-12,MFIC,2025-05-12
"Club Car Wash Operating, LLC",,Automotive,,,,,,,,,,,,,,,,,,MFIC,2025-05-12,MFIC,2025-05-12
Club Champion LLC,,,,,,,,,,,,,,,,,,,,MFIC,2025-05-12,MFIC,2025-05-12
Colonnade Parent Inc.,,,,,,,,,,,,,,,,,,,,MFIC,2025-05-12,MFIC,2025-05-12
"Cool Buyer, Inc.",,,,,,,,,,,,,,,,,,,,MFIC,2025-05-12,MFIC,2025-05-12
Coretrust Purchasing Group LLC,,,,,,,,,,,,,,,,,,,,MFIC,2025-05-12,MFIC,2025-05-12
"Crewline Buyer, Inc.",,,,,,,,,,,,,,,,,,,,MFIC,2025-05-12,MFIC,2025-05-12
"DCM Parent, LLC",,,,,,,,,,,,,,,,,,,,MFIC,2025-05-12,MFIC,2025-05-12
"DRS Holdings III, Inc.",,,,,,,,,,,,,,,,,,,,MFIC,2025-05-12,MFIC,2025-05-12
"Digital.ai Software Holdings, Inc.",,Software & Technology,,,,,,,,,,,,,,,,,,MFIC,2025-05-12,MFIC,2025-05-12
Distinct Holdings Inc.,,,,,,,,,,,,,,,,,,,,MFIC,2025-05-12,MFIC,2025-05-12
"Eagle Purchaser, Inc.",,,,,,,,,,,,,,,,,,,,MFIC,2025-05-12,MFIC,2025-05-12
Eldrickco Limited*,,,,,,,,,,,,,,,,,,,,MFIC,2025-05-12,MFIC,2025-05-12
EmpiRx Health LLC,,,,,,,,,,,,,,,,,,,,MFIC,2025-05-12,MFIC,2025-05-12
"Evergreen IX Borrower 2023, LLC",,,,,,,,,,,,,,,,,,,,MFIC,2025-05-12,MFIC,2025-05-12
Evoriel*,,,,,,,,,,,,,,,,,,,,MFIC,2025-05-12,MFIC,2025-05-12
"ExactCare Parent, Inc.",,,,,,,,,,,,,,,,,,,,MFIC,2025-05-12,MFIC,2025-05-12
Excelligence Learning Corp.,,Education,,,,,,,,,,,,,,,,,,MFIC,2025-05-12,MFIC,2025-05-12
F&M Buyer LLC,,,,,,,,,,,,,,,,,,,,MFIC,2025-05-12,MFIC,2025-05-12
Four Winds Interactive LLC,,,5.0%,,,,,,,,,,,,,,,,,MFIC,2025-05-12,MFIC,2025-05-12
G Treasury SS LLC,,,,,,,,,,,,,,,,,,,,MFIC,2025-05-12,MFIC,2025-05-12
"G&A Partners Holding Company II, LLC",,,,,,,,,,,,,,,,,,,,MFIC,2025-05-12,MFIC,2025-05-12
GAT-Airline Ground Support Inc.,,Transportation & Logistics,22.0%,,,,,,,,,,,,,,,,,MFIC,2025-05-12,MFIC,2025-05-12
GI Apple Midco LLC,,,,,,,,,,,,,,,,,,,,MFIC,2025-05-12,MFIC,2025-05-12
GS SEER Group Borrower LLC,,,,,,,,,,,,,,,,,,,,MFIC,2025-05-12,MFIC,2025-05-12
"Gabriel Partners, LLC",,,1.0%,,,,,,,,,,,,,,,,,MFIC,2025-05-12,MFIC,2025-05-12
"Gateway US Holdings, Inc.",,,,,,,,,,,,,,,,,,,,MFIC,2025-05-12,MFIC,2025-05-12
"Generator Buyer, Inc.*",,,,,,,,,,,,,,,,,,,,MFIC,2025-05-12,MFIC,2025-05-12
Genius Bidco LLC,,,,,,,,,,,,,,,,,,,,MFIC,2025-05-12,MFIC,2025-05-12
Go Car Wash Management Corp.,,Automotive,,,,,,,,,,,,,,,,,,MFIC,2025-05-12,MFIC,2025-05-12
"Graffiti Buyer, Inc.",,,,,,,,,,,,,,,,,,,,MFIC,2025-05-12,MFIC,2025-05-12
"Green Grass Foods, Inc.",,Food & Beverage,,,,,,,,,,,,,,,,,,MFIC,2025-05-12,MFIC,2025-05-12
Guernsey Holdings SDI LA LLC,,,,,,,,,,,,,,,,,,,,MFIC,2025-05-12,MFIC,2025-05-12
"HALO Buyer, Inc.",,,4.0%,,,,,,,,,,,,,,,,,MFIC,2025-05-12,MFIC,2025-05-12
"HEF Safety Ultimate Holdings, LLC",,,,,,,,,,,,,,,,,,,,MFIC,2025-05-12,MFIC,2025-05-12
"HRO (Hero Digital) Holdings, LLC",,,3.0%,,,,,,,,,,,,,,,,,MFIC,2025-05-12,MFIC,2025-05-12
"Health Management Associates Superholdings, Inc.",,Business Services,5.0%,,,,,,,,,,,,,,,,,MFIC,2025-05-12,MFIC,2025-05-12
"Heniff Holdco, LLC",,,,,,,,,,,,,,,,,,,,MFIC,2025-05-12,MFIC,2025-05-12
"Heritage Environmental Services, Inc.",,Environmental Services,4.0%,,,,,,,,,,,,,,,,,MFIC,2025-05-12,MFIC,2025-05-12
"High Street Buyer, Inc.",,,,,,,,,,,,,,,,,,,,MFIC,2025-05-12,MFIC,2025-05-12
"Hive Intermediate, LLC",,Media & Entertainment,,,,,,,,,,,,,,,,,,MFIC,2025-05-12,MFIC,2025-05-12
"HomeRenew Buyer, Inc.",,,,,,,,,,,,,,,,,,,,MFIC,2025-05-12,MFIC,2025-05-12
IOTA HOLDINGS 3,,,,,,,,,,,,,,,,,,,,MFIC,2025-05-12,MFIC,2025-05-12
IQN Holding Corp.,,,,,,,,,,,,,,,,,,,,MFIC,2025-05-12,MFIC,2025-05-12
IW Buyer LLC,,,9.0%,,,,,,,,,,,,,,,,,MFIC,2025-05-12,MFIC,2025-05-12
"Ironhorse Purchaser, LLC",,,15.0%,,,,,,,,,,,,,,,,,MFIC,2025-05-12,MFIC,2025-05-12
"JF Acquisition, LLC",,,,,,,,,,,,,,,,,,,,MFIC,2025-05-12,MFIC,2025-05-12
Jacent Strategic Merchandising,,,,,,,,,,,,,,,,,,,,MFIC,2025-05-12,MFIC,2025-05-12
KL Charlie Acquisition Company,,,,,,,,,,,,,,,,,,,,MFIC,2025-05-12,MFIC,2025-05-12
"Kauffman Intermediate, LLC",,Media & Entertainment,8.0%,,,,,,,,,,,,,,,,,MFIC,2025-05-12,MFIC,2025-05-12
"Kure Pain Holdings, Inc.",,,,,,,,,,,,,,,,,,,,MFIC,2025-05-12,MFIC,2025-05-12
"LS Clinical Services Holdings, Inc.",,Healthcare,,,,,,,,,,,,,,,,,,MFIC,2025-05-12,MFIC,2025-05-12
"Lash OpCo, LLC",,,,,,,,,,,,,,,,,,,,MFIC,2025-05-12,MFIC,2025-05-12
LendingPoint LLC,,Financial Services,,,,,,,,,,,,,,,,,,MFIC,2025-05-12,MFIC,2025-05-12
"Lifelong Learner Holdings, LLC",,,,,,,,,,,,,,,,,,,,MFIC,2025-05-12,MFIC,2025-05-12
Litify LLC,,,,,,,,,,,,,,,,,,,,MFIC,2025-05-12,MFIC,2025-05-12
Lotus Topco Inc.,,,,,,,,,,,,,,,,,,,,MFIC,2025-05-12,MFIC,2025-05-12
"Lunar Buyer, LLC",,,,,,,,,,,,,,,,,,,,MFIC,2025-05-12,MFIC,2025-05-12
"M&M OPCO, LLC",,,,,,,,,,,,,,,,,,,,MFIC,2025-05-12,MFIC,2025-05-12
MGP Holdings III Corp.,,,,,,,,,,,,,,,,,,,,MFIC,2025-05-12,MFIC,2025-05-12
"Marlin DTC-LS Midco 2, LLC",,,,,,,,,,,,,,,,,,,,MFIC,2025-05-12,MFIC,2025-05-12
"Maxor National Pharmacy Services, LLC",,Healthcare,,,,,,,,,,,,,,,,,,MFIC,2025-05-12,MFIC,2025-05-12
"Medical Guardian, LLC",,Healthcare,,,,,,,,,,,,,,,,,,MFIC,2025-05-12,MFIC,2025-05-12
"Megavolt Borrower, LLC",,,,,,,,,,,,,,,,,,,,MFIC,2025-05-12,MFIC,2025-05-12
"Merx Aviation Finance, LLC",,Transportation & Logistics,,,,,,,,,,,,,,,,,,MFIC,2025-05-12,MFIC,2025-05-12
"Midwest Vision Partners Management, LLC",,Business Services,,,,,,,,,,,,,,,,,,MFIC,2025-05-12,MFIC,2025-05-12
"Mobile Communications America, Inc.",,,,,,,,,,,,,,,,,,,,MFIC,2025-05-12,MFIC,2025-05-12
Momentx Corp.,,,,,,,,,,,,,,,,,,,,MFIC,2025-05-12,MFIC,2025-05-12
Munson Buffalo Restaurant Group LLC,,Food & Beverage,,,,,,,,,,,,,,,,,,MFIC,2025-05-12,MFIC,2025-05-12
NCP-MSI Buyer,,,,,,,,,,,,,,,,,,,,MFIC,2025-05-12,MFIC,2025-05-12
"NPPI Buyer, LLC",,,,,,,,,,,,,,,,,,,,MFIC,2025-05-12,MFIC,2025-05-12
"Natus Sensory, Inc.",,,,,,,,,,,,,,,,,,,,MFIC,2025-05-12,MFIC,2025-05-12
"New Era Technology, Inc.",,Software & Technology,,,,,,,,,,,,,,,,,,MFIC,2025-05-12,MFIC,2025-05-12
"Norvax, LLC",,,,,,,,,,,,,,,,,,,,MFIC,2025-05-12,MFIC,2025-05-12
"OMH-Healthedge Holdings, Inc.",,,,,,,,,,,,,,,,,,,,MFIC,2025-05-12,MFIC,2025-05-12
Olympus Terminals Holdco II LLC,,,,,,,,,,,,,,,,,,,,MFIC,2025-05-12,MFIC,2025-05-12
"Omada Health, Inc.",,,5.0%,,,,,,,,,,,,,,,,,MFIC,2025-05-12,MFIC,2025-05-12
"Origami Opportunities Fund III, LP.",,,,,,,,,,,,,,,,,,,,MFIC,2025-05-12,MFIC,2025-05-12
"Orion Buyer, LLC",,,,,,,,,,,,,,,,,,,,MFIC,2025-05-12,MFIC,2025-05-12
PARS Group LLC,,,,,,,,,,,,,,,,,,,,MFIC,2025-05-12,MFIC,2025-05-12
"PHOENIX YW BUYER, INC.",,,,,,,,,,,,,,,,,,,,MFIC,2025-05-12,MFIC,2025-05-12
"PHS Buyer, Inc.",,,,,,,,,,,,,,,,,,,,MFIC,2025-05-12,MFIC,2025-05-12
"PMA Parent Holdings, LLC",,,,,,,,,,,,,,,,,,,,MFIC,2025-05-12,MFIC,2025-05-12
"Pace Health Companies, LLC",,,,,,,,,,,,,,,,,,,,MFIC,2025-05-12,MFIC,2025-05-12
"Pai Middle Tier, LLC",,,,,,,,,,,,,,,,,,,,MFIC,2025-05-12,MFIC,2025-05-12
Paladone Group Bidco Ltd.,,,,,,,,,,,,,,,,,,,,MFIC,2025-05-12,MFIC,2025-05-12
Paladone Group Bidco Limited*,,,,,,,,,,,,,,,,,,,,MFIC,2025-05-12,MFIC,2025-05-12
"Patriot Foods Buyer, Inc.",,Food & Beverage,,,,,,,,,,,,,,,,,,MFIC,2025-05-12,MFIC,2025-05-12
"Pave America Interco, LLC",,,,,,,,,,,,,,,,,,,,MFIC,2025-05-12,MFIC,2025-05-12
"Pavement Preservation Acquisition, LLC",,,,,,,,,,,,,,,,,,,,MFIC,2025-05-12,MFIC,2025-05-12
"Peer Advisors, LLC",,,,,,,,,,,,,,,,,,,,MFIC,2025-05-12,MFIC,2025-05-12
"Poly-Wood, LLC",,,,,,,,,,,,,,,,,,,,MFIC,2025-05-12,MFIC,2025-05-12
Precision Refrigeration & Air Conditioning LLC,,,,,,,,,,,,,,,,,,,,MFIC,2025-05-12,MFIC,2025-05-12
"Pro-Vigil Holding Company, LLC",,,,,,,,,,,,,,,,,,,,MFIC,2025-05-12,MFIC,2025-05-12
"Project Comfort Buyer, Inc.",,,,,,,,,,,,,,,,,,,,MFIC,2025-05-12,MFIC,2025-05-12
"Protein For Pets Opco, LLC",,,,,,,,,,,,,,,,,,,,MFIC,2025-05-12,MFIC,2025-05-12
"Purchasing Power Funding I, LLC",,,,,,,,,,,,,,,,,,,,MFIC,2025-05-12,MFIC,2025-05-12
"R.F. Fager Company, LLC",,,16.0%,,,,,,,,,,,,,,,,,MFIC,2025-05-12,MFIC,2025-05-12
RHI Acquisition LLC,,,,,,,,,,,,,,,,,,,,MFIC,2025-05-12,MFIC,2025-05-12
"Rarebreed Veterinary Partners, Inc.",,Healthcare,5.0%,,,,,,,,,,,,,,,,,MFIC,2025-05-12,MFIC,2025-05-12
Regis Corp.,,,,,,,,,,,,,,,,,,,,MFIC,2025-05-12,MFIC,2025-05-12
"Riverbed Technology, Inc.",,Software & Technology,,,,,,,,,,,,,,,,,,MFIC,2025-05-12,MFIC,2025-05-12
RoC Holdco LLC,,,,,,,,,,,,,,,,,,,,MFIC,2025-05-12,MFIC,2025-05-12
"Ronnoco Holdings, Inc.",,,,,,,,,,,,,,,,,,,,MFIC,2025-05-12,MFIC,2025-05-12
"Roscoe Medical, Inc.",,Healthcare,,,,,,,,,,,,,,,,,,MFIC,2025-05-12,MFIC,2025-05-12
"SEV Intermediate Holdco, LLC",,Media & Entertainment,,,,,,,,,,,,,,,,,,MFIC,2025-05-12,MFIC,2025-05-12
Saffron Bidco Ltd*,,,,,,,,,,,,,,,,,,,,MFIC,2025-05-12,MFIC,2025-05-12
Shelby 2021 Holdings Corp.,,,,,,,,,,,,,,,,,,,,MFIC,2025-05-12,MFIC,2025-05-12
Sigma Buyer LLC,,,,,,,,,,,,,,,,,,,,MFIC,2025-05-12,MFIC,2025-05-12
"Simeio Group Holdings, Inc.",,,,,,,,,,,,,,,,,,,,MFIC,2025-05-12,MFIC,2025-05-12
"Smith Topco, Inc.",,,,,,,,,,,,,,,,,,,,MFIC,2025-05-12,MFIC,2025-05-12
"Space Finco, Inc.",,,,,,,,,,,,,,,,,,,,MFIC,2025-05-12,MFIC,2025-05-12
"Sperry Acquisition, LLC",,,,,,,,,,,,,,,,,,,,MFIC,2025-05-12,MFIC,2025-05-12
"Surf Opco, LLC",,,,,,,,,,,,,,,,,,,,MFIC,2025-05-12,MFIC,2025-05-12
TCW Midco LLC,,,,,,,,,,,,,,,,,,,,MFIC,2025-05-12,MFIC,2025-05-12
"TELA Bio, Inc.",,,,,,,,,,,,,,,,,,,,MFIC,2025-05-12,MFIC,2025-05-12
THLP CO. LLC,,,,,,,,,,,,,,,,,,,,MFIC,2025-05-12,MFIC,2025-05-12
"TS Investors, LLC",,,,,,,,,,,,,,,,,,,,MFIC,2025-05-12,MFIC,2025-05-12
Tasty Chick'n LLC,,,,,,,,,,,,,,,,,,,,MFIC,2025-05-12,MFIC,2025-05-12
"TeamLINX Buyer, LLC",,,,,,,,,,,,,,,,,,,,MFIC,2025-05-12,MFIC,2025-05-12
"Telesoft Holdings, LLC",,,,,,,,,,,,,,,,,,,,MFIC,2025-05-12,MFIC,2025-05-12
TerSera Therapeutics LLC,,Healthcare,,,,,,,,,,,,,,,,,,MFIC,2025-05-12,MFIC,2025-05-12
Texada Software LLC,,Software & Technology,,,,,,,,,,,,,,,,,,MFIC,2025-05-12,MFIC,2025-05-12
The North Highland Company LLC,,,,,,,,,,,,,,,,,,,,MFIC,2025-05-12,MFIC,2025-05-12
"Thomas Scientific, LLC",,,,,,,,,,,,,,,,,,,,MFIC,2025-05-12,MFIC,2025-05-12
"Traffic Management Solutions, LLC",,Business Services,,,,,,,,,,,,,,,,,,MFIC,2025-05-12,MFIC,2025-05-12
"Treace Medical Concepts, Inc.",,Healthcare,,,,,,,,,,,,,,,,,,MFIC,2025-05-12,MFIC,2025-05-12
Trench Plate Rental Co.,,,,,,,,,,,,,,,,,,,,MFIC,2025-05-12,MFIC,2025-05-12
Trillium Health Care Products Inc.,,Healthcare,,,,,,,,,,,,,,,,,,MFIC,2025-05-12,MFIC,2025-05-12
"Truck-Lite Co., LLC",,,18.0%,,,,6.0%,,,,,,,,,,,,,MFIC,2025-05-12,MFIC,2025-05-12
"Turbo Buyer, Inc.",,,,,,,,,,,,,,,,,,,,MFIC,2025-05-12,MFIC,2025-05-12
US MetalCo Holdings LLC,,Industrials,,,,,,,,,,,,,,,,,,MFIC,2025-05-12,MFIC,2025-05-12
"USLS Acquisition, Inc.",,,,,,,,,,,,,,,,,,,,MFIC,2025-05-12,MFIC,2025-05-12
Ultra Clean Holdco LLC,,,,,,,,,,,,,,,,,,,,MFIC,2025-05-12,MFIC,2025-05-12
"Unchained Labs, LLC",,,,,,,,,,,,,,,,,,,,MFIC,2025-05-12,MFIC,2025-05-12
"Uniguest Holdings, Inc.",,,,,,,,,,,,,,,,,,,,MFIC,2025-05-12,MFIC,2025-05-12
"Uplight, Inc.",,,,,,,,,,,,,,,,,,,,MFIC,2025-05-12,MFIC,2025-05-12
"Village Pet Care, LLC",,Consumer & Retail,,,,,,,,,,,,,,,,,,MFIC,2025-05-12,MFIC,2025-05-12
Vixxo Corp.,,,,,,,,,,,,,,,,,,,,MFIC,2025-05-12,MFIC,2025-05-12
"Vybond Buyer, LLC",,,,,,,,,,,,,,,,,,,,MFIC,2025-05-12,MFIC,2025-05-12
"WC ORS Buyer, Inc.",,,,,,,,,,,,,,,,,,,,MFIC,2025-05-12,MFIC,2025-05-12
"WH BorrowerCo, LLC",,,,,,,,,,,,,,,,,,,,MFIC,2025-05-12,MFIC,2025-05-12
"WelldyneRX, LLC",,,,,,,,,,,,,,,,,,,,MFIC,2025-05-12,MFIC,2025-05-12
WildBrain Ltd.,,,,,,,,,,,,,,,,,,,,MFIC,2025-05-12,MFIC,2025-05-12
Zafin Labs Americas Inc.,,,,,,,,,,,,,,,,,,,,MFIC,2025-05-12,MFIC,2025-05-12
"Zendesk, Inc.",,,4.0%,,,,,,,,,,,,,,,,,MFIC,2025-05-12,MFIC,2025-05-12
"Zephyr Buyer, LP.",,,,,,,,,,,,,,,,,,,,MFIC,2025-05-12,MFIC,2025-05-12
AHP Timberwolf Bidco Corp.,,,,,,,,,,,,,,,,,,,,MFIC,2025-05-12,MFIC,2025-05-12
"Avalara, Inc.",,,,,,,,,,,,,,,,,,,,MFIC,2025-05-12,MFIC,2025-05-12
"Banner Buyer, LLC",,,,,,,,,,,,,,,,,,,,MFIC,2025-05-12,MFIC,2025-05-12
Biamp,,,,,,,,,,,,,,,,,,,,MFIC,2025-05-12,MFIC,2025-05-12
Blue Jay Transit Inc.,,,,,,,,,,,,,,,,,,,,MFIC,2025-05-12,MFIC,2025-05-12
"CSC Holdings, LLC",,,23.0%,,,,,,,,,,,,,,,,,MFIC,2025-05-12,MFIC,2025-05-12
ChyronHego US Holding Corp.*,,,,,,,,,,,,,,,,,,,,MFIC,2025-05-12,MFIC,2025-05-12
Compu-Link Corp.,,,,,,,,,,,,,,,,,,,,MFIC,2025-05-12,MFIC,2025-05-12
GAT-Airline Ground Support Inc.,,Transportation & Logistics,,,,,,,,,,,,,,,,,,MFIC,2025-05-12,MFIC,2025-05-12
"Gabriel Partners, LLC",,,,,,,,,,,,,,,,,,,,MFIC,2025-05-12,MFIC,2025-05-12
"Generator Buyer, Inc.*",,,27.0%,,,,,,,,,,,,,,,,,MFIC,2025-05-12,MFIC,2025-05-12
"Kauffman Intermediate, LLC",,Media & Entertainment,2.0%,,,,,,,,,,,,,,,,,MFIC,2025-05-12,MFIC,2025-05-12
"Omnimax International, LLC",,,,,,,,,,,,,,,,,,,,MFIC,2025-05-12,MFIC,2025-05-12
"R.F. Fager Company, LLC",,,,,,,,,,,,,,,,,,,,MFIC,2025-05-12,MFIC,2025-05-12
"Rarebreed Veterinary Partners, Inc.",,Healthcare,,,,,,,,,,,,,,,,,,MFIC,2025-05-12,MFIC,2025-05-12
"SI Holdings, Inc.",,,,,,,,,,,,,,,,,,,,MFIC,2025-05-12,MFIC,2025-05-12
"Sysnet North America, Inc.",,,,,,,,,,,,,,,,,,,,MFIC,2025-05-12,MFIC,2025-05-12
"Truck-Lite Co., LLC",,,,,,,,,,,,,,,,,,,,MFIC,2025-05-12,MFIC,2025-05-12
"Zendesk, Inc.",,,5.0%,,,,,,,,,,,,,,,,,MFIC,2025-05-12,MFIC,2025-05-12
"Zinnia Corporate Holdings, LLC",,,,,,,,,,,,,,,,,,,type_hint_corporate_from_name,MFIC,2025-05-12,MFIC,2025-05-12
Senior Secured Facility,,,,,,,,,2029-10-17,1660000,,1105982,,,,,,,,MFIC,2025-05-12,MFIC,2025-05-12
MFIC Bethesda CLO 1 LLC,,,,,,,,,2035-10-23,232000,,232383,,,,,,,,MFIC,2025-05-12,MFIC,2025-05-12
MFIC Bethesda CLO 2 LLC,,,,,,,,,2037-01-23,399000,,397885,,,,,,,,MFIC,2025-05-12,MFIC,2025-05-12
2026 Notes,,,,,,,,,2026-07-16,125000,,122332,,,,,,,,MFIC,2025-05-12,MFIC,2025-05-12
2028 Notes,,,,,,,,,2028-12-15,80000,,81696,,,,,,,,MFIC,2025-05-12,MFIC,2025-05-12
Deferred Financing Costs and Debt Discount,,,,,,,,,,,,,,,,,,,,MFIC,2025-05-12,MFIC,2025-05-12
Senior Secured Facility,,,,,,,,,2029-10-17,1660000,,970148,,,,,,,,MFIC,2025-05-12,MFIC,2025-05-12
MFIC Bethesda CLO 1 LLC,,,,,,,,,2035-10-23,232000,,232812,,,,,,,,MFIC,2025-05-12,MFIC,2025-05-12
2025 Notes,,,,,,,,,2025-03-03,350000,,349342,,,,,,,,MFIC,2025-05-12,MFIC,2025-05-12
2026 Notes,,,,,,,,,2026-07-16,125000,,120918,,,,,,,,MFIC,2025-05-12,MFIC,2025-05-12
2028 Notes,,,,,,,,,2028-12-15,80000,,81472,,,,,,,,MFIC,2025-05-12,MFIC,2025-05-12
"Purchase and Placement Agency Agreement, dated as of February 24, 2025, by and among MFIC Bethesda CLO 2 LLC, as issuer, Deutsche Bank Securities Inc., as initial purchaser and Apollo Global Securities Inc., as placement agent*",,,,,,,,,,,,,,,,,,,,MFIC,2025-05-12,MFIC,2025-05-12
"Collateral Management Agreement, dated as of February 24, 2025, by and between MFIC Bethesda CLO 2 LLC, as issuer, and the Registrant, as collateral manager*",,,,,,,,,,,,,,,,,,,,MFIC,2025-05-12,MFIC,2025-05-12
"Master Loan Sale Agreement, dated as of February 24, 2025, by and among the Registrant, as transferor, MFIC Bethesda CLO 2 Depositor LLC, as retention holder and MFIC Bethesda CLO 2 LLC, as issuer*",,,,,,,,,,,,,,,,,,,,MFIC,2025-05-12,MFIC,2025-05-12
Certification of Chief Executive Officer Pursuant to Rule 13a-14(a) under the Securities Exchange Act of 1934*,,,,,,,,,,,,,,,,,,,,MFIC,2025-05-12,MFIC,2025-05-12
Certification of Chief Financial Officer Pursuant to Rule 13a-14(a) under the Securities Exchange Act of 1934*,,,,,,,,,,,,,,,,,,,,MFIC,2025-05-12,MFIC,2025-05-12
Certification of Chief Executive Officer and Chief Financial Officer Pursuant to Section 906 of the Sarbanes-Oxley Act of 2002 (18 U.S.C. 1350)*,,,,,,,,,,,,,,,,,,,,MFIC,2025-05-12,MFIC,2025-05-12
Inline XBRL Instance Document*,,,,,,,,,,,,,,,,,,,,MFIC,2025-05-12,MFIC,2025-05-12
Inline XBRL Taxonomy Extension Schema With Embedded Linkbase Documents *,,,,,,,,,,,,,,,,,,,,MFIC,2025-05-12,MFIC,2025-05-12
Inline XBRL Taxonomy Extension Calculation Linkbase Document*,,,,,,,,,,,,,,,,,,,,MFIC,2025-05-12,MFIC,2025-05-12
Inline XBRL Taxonomy Extension Definition Linkbase Document*,,,,,,,,,,,,,,,,,,,,MFIC,2025-05-12,MFIC,2025-05-12
Inline XBRL Taxonomy Extension Label Linkbase Document*,,,,,,,,,,,,,,,,,,,,MFIC,2025-05-12,MFIC,2025-05-12
Inline XBRL Taxonomy Extension Presentation Linkbase Document*,,,,,,,,,,,,,,,,,,,,MFIC,2025-05-12,MFIC,2025-05-12
Cover Page Interactive Data File (Formatted as Inline XBRL and contained in Exhibit 101)*,,,,,,,,,,,,,,,,,,,,MFIC,2025-05-12,MFIC,2025-05-12
Section 7.5 Protection of Assets,,,,,,,,,,,,,,,,,,,,MFIC,2025-05-12,MFIC,2025-05-12
Section 7.6 Opinions as to Assets,,,,,,,,,,,,,,,,,,,,MFIC,2025-05-12,MFIC,2025-05-12
Section 7.7 Performance of Obligations,,,,,,,,,,,,,,,,,,,,MFIC,2025-05-12,MFIC,2025-05-12
Section 7.8 Negative Covenants,,,,,,,,,,,,,,,,,,,,MFIC,2025-05-12,MFIC,2025-05-12
Section 7.9 Statement as to Compliance,,,,,,,,,,,,,,,,,,,,MFIC,2025-05-12,MFIC,2025-05-12
"Section 7.10 Issuer May Consolidate, etc., Only on Certain Terms",,,,,,,,,,,,,,,,,,,,MFIC,2025-05-12,MFIC,2025-05-12
Section 7.11 Successor Substituted,,,,,,,,,,,,,,,,,,,,MFIC,2025-05-12,MFIC,2025-05-12
Section 14.4 Notices to Holders; Waiver,,,,,,,,,,,,,,,,,,,,MFIC,2025-05-12,MFIC,2025-05-12
Section 14.5 Effect of Headings and Table of Contents,,,,,,,,,,,,,,,,,,,,MFIC,2025-05-12,MFIC,2025-05-12
Section 14.6 Successors and Assigns,,,,,,,,,,,,,,,,,,,,MFIC,2025-05-12,MFIC,2025-05-12
Section 14.7 Severability,,,,,,,,,,,,,,,,,,,,MFIC,2025-05-12,MFIC,2025-05-12
Section 14.8 Benefits of Indenture,,,,,,,,,,,,,,,,,,,,MFIC,2025-05-12,MFIC,2025-05-12
Section 14.9 Legal Holidays,,Business Services,,,,,,,,,,,,,,,,,,MFIC,2025-05-12,MFIC,2025-05-12
Section 14.10 Governing Law,,,,,,,,,,,,,,,,,,,,MFIC,2025-05-12,MFIC,2025-05-12
Section 14.11 Submission to Jurisdiction,,,,,,,,,,,,,,,,,,,,MFIC,2025-05-12,MFIC,2025-05-12
Section 14.12 Waiver of Jury Trial,,,,,,,,,,,,,,,,,,,,MFIC,2025-05-12,MFIC,2025-05-12
Section 14.13 Counterparts,,,,,,,,,,,,,,,,,,,,MFIC,2025-05-12,MFIC,2025-05-12
Section 14.14 Acts of Issuer,,,,,,,,,,,,,,,,,,,,MFIC,2025-05-12,MFIC,2025-05-12
Section 14.15 Confidential Information,,,,,,,,,,,,,,,,,,,,MFIC,2025-05-12,MFIC,2025-05-12
Section 14.16 Communications with the Rating Agencies.,,,,,,,,,,,,,,,,,,,,MFIC,2025-05-12,MFIC,2025-05-12
Section 14.17 Notices to Rating Agencies; Rule 17g-5 Procedures,,,,,,,,,,,,,,,,,,,,MFIC,2025-05-12,MFIC,2025-05-12
Section 14.18 Proceedings,,,,,,,,,,,,,,,,,,,,MFIC,2025-05-12,MFIC,2025-05-12
ARTICLE XV Assignment Of Certain Agreements,,,,,,,,,,,,,,,,,,,,MFIC,2025-05-12,MFIC,2025-05-12
Section 15.1 Assignment of Collateral Management Agreement,,Business Services,,,,,,,,,,,,,,,,,,MFIC,2025-05-12,MFIC,2025-05-12
Fitch recovery rating (RR) or credit opinion RR,,,,,,,,,,,,,,,,,,,,MFIC,2025-05-12,MFIC,2025-05-12
Watch or outlook status,,,,,,,,,,,,,,,,,,,,MFIC,2025-05-12,MFIC,2025-05-12
Fitch rating effective date,,,,,,,,,,,,,,,,,,,,MFIC,2025-05-12,MFIC,2025-05-12
Issuer Credit Rating,,Financial Services,,,,,,,NA,,,0,,,,,,,,MFIC,2025-05-12,MFIC,2025-05-12
Senior Unsecured,,,,,,,,,,,,,,,,,,,,MFIC,2025-05-12,MFIC,2025-05-12
Senior Debt: Senior Secured or Subordinated Secured,,,,,,,,,,,,,,,,,,,,MFIC,2025-05-12,MFIC,2025-05-12
"Fitch, S&P",,,,,,,,,,,,,,,,,,,,MFIC,2025-05-12,MFIC,2025-05-12
Moody's,,,,,,,,,,,,,,,,,,,,MFIC,2025-05-12,MFIC,2025-05-12
Subordinated Debt: Junior Subordinated or Senior Subordinated,,,1.0%,,,,,,,,,,,,,,,,,MFIC,2025-05-12,MFIC,2025-05-12
"Fitch, Moody's, S&P",,,2.0%,,,,,,,,,,,,,,,,,MFIC,2025-05-12,MFIC,2025-05-12
"1244311 B.C. Ltd.,Common Stock",,,,,,,,,,,,202,,,,,,,,MFIC,2025-08-11,MFIC,2025-08-11
"Carbonfree Chemicals Holdings LLC,Common Equity / Interest",,Chemicals & Materials,,,,,,,,,,18933,,,,,,,,MFIC,2025-08-11,MFIC,2025-08-11
"FC2 LLC,Common Stock",,,,,,,,,,,,,,,,,,,,MFIC,2025-08-11,MFIC,2025-08-11
"FC2 LLC,Term Loan",,,,,,,,,,,,12459,,,,,,,,MFIC,2025-08-11,MFIC,2025-08-11
"Golden Bear 2016-R, LLC,Membership Interests",,,,,,,,,,,,9736,,,,,,,,MFIC,2025-08-11,MFIC,2025-08-11
"Surf Opco, LLC,Class A-1 Common",,,,,,,,,,,,,,,,,,,,MFIC,2025-08-11,MFIC,2025-08-11
"Surf Opco, LLC,Class P-1 Preferred",,,,,,,,,,,,,,,,,,,,MFIC,2025-08-11,MFIC,2025-08-11
"Surf Opco, LLC,Revolver",,,,,,,,,,,,,,,,,,,type_hint_revolver_from_name,MFIC,2025-08-11,MFIC,2025-08-11
"Surf Opco, LLC,Term Loan",,,,,,,,,,,,,,,,,,,,MFIC,2025-08-11,MFIC,2025-08-11
"Auto Pool 2023 Trust (Del. Stat. Trust) ,Membership Interests",,,,,,,,,,,,16366,,,,,,,,MFIC,2025-08-11,MFIC,2025-08-11
"Blue Jay Transit Inc.,Term Loan",,,,,,,,,,,,19940,,,,,,,,MFIC,2025-08-11,MFIC,2025-08-11
"Blue Jay Transit Inc.,Unfunded Delayed Draw",,,,,,,,,,,,,,,,,,,type_hint_delayed_draw_from_name,MFIC,2025-08-11,MFIC,2025-08-11
"Bird Scooter Acquisition Corp.,Common Stock",,,,,,,,,,,,373,,,,,,,,MFIC,2025-08-11,MFIC,2025-08-11
"Arrivia, Inc.",,,,,,,,,,,,2144,,,,,,,,MFIC,2025-08-11,MFIC,2025-08-11
"Arrivia, Inc.",,,,,,,,,,,,4183,,,,,,,,MFIC,2025-08-11,MFIC,2025-08-11
"Third Lane Mobility Inc.,Common Stock",,,,,,,,,,,,,,,,,,,,MFIC,2025-08-11,MFIC,2025-08-11
"Third Lane Mobility Inc.,Warrants",,,,,,,,,,,,,,,,,,,,MFIC,2025-08-11,MFIC,2025-08-11
ChyronHego US Holding Corp.,,Other,,,,,,,,,,15500,,,,,,,,MFIC,2025-08-11,MFIC,2025-08-11
ChyronHego US Holding Corp.,,Other,,,,,,,,,,106406,,,,,,,,MFIC,2025-08-11,MFIC,2025-08-11
ChyronHego US Holding Corp.,,Other,,,,,,,,,,,,,,,,,,MFIC,2025-08-11,MFIC,2025-08-11
ChyronHego Corp.,,Other,,,,,,,,,,19456,,,,,,,,MFIC,2025-08-11,MFIC,2025-08-11
"Merx Aviation Finance, LLC",,Transportation & Logistics,,,,,,,,,,123815,,,,,,,,MFIC,2025-08-11,MFIC,2025-08-11
"Merx Aviation Finance, LLC",,Transportation & Logistics,,,,,,,,,,59576,,,,,,,,MFIC,2025-08-11,MFIC,2025-08-11
"ACP Avenu Buyer, LLC",,,,,,,,,,,,,,,,,,,,MFIC,2025-08-11,MFIC,2025-08-11
"AGDATA Midco, LLC",,,,,,,,,,,,,,,,,,,,MFIC,2025-08-11,MFIC,2025-08-11
"AMI Buyer, Inc.",,,11.0%,,,,,,,,,,,,,,,,,MFIC,2025-08-11,MFIC,2025-08-11
"Accelerate360 Holdings, LLC",,,,,,,,,,,,,,,,,,,,MFIC,2025-08-11,MFIC,2025-08-11
Accelevation LLC,,,,,,,,,,,,,,,,,,,,MFIC,2025-08-11,MFIC,2025-08-11
"Acentra Holdings, LLC",,,,,,,,,,,,,,,,,,,,MFIC,2025-08-11,MFIC,2025-08-11
Alcami Corp.,,,,,,,,,,,,,,,,,,,,MFIC,2025-08-11,MFIC,2025-08-11
Alcresta Therapeutics Inc.,,Healthcare,,,,,,,,,,,,,,,,,,MFIC,2025-08-11,MFIC,2025-08-11
"All Star Recruiting Locums, LLC",,Business Services,,,,,,,,,,,,,,,,,,MFIC,2025-08-11,MFIC,2025-08-11
"Alpinex Opco, LLC",,,,,,,,,,,,,,,,,,,,MFIC,2025-08-11,MFIC,2025-08-11
"American Restoration Holdings, LLC",,,,,,,,,,,,,,,,,,,,MFIC,2025-08-11,MFIC,2025-08-11
"Amplity Parent, Inc.",,,,,,,,,,,,,,,,,,,,MFIC,2025-08-11,MFIC,2025-08-11
"Amylu Borrower Sub, LLC",,,,,,,,,,,,,,,,,,,,MFIC,2025-08-11,MFIC,2025-08-11
"Aspen Aerogels, Inc.",,,,,,,,,,,,,,,,,,,,MFIC,2025-08-11,MFIC,2025-08-11
"Athlete Buyer, LLC",,,,,,,,,,,,,,,,,,,,MFIC,2025-08-11,MFIC,2025-08-11
"August Bioservices, LLC",,Business Services,,,,,,,,,,,,,,,,,,MFIC,2025-08-11,MFIC,2025-08-11
"Banner Buyer, LLC",,,3.0%,,,,,,,,,,,,,,,,,MFIC,2025-08-11,MFIC,2025-08-11
Beacon Mobility Corp.,,,,,,,,,,,,,,,,,,,,MFIC,2025-08-11,MFIC,2025-08-11
"Berner Food & Beverage, LLC",,Food & Beverage,,,,,,,,,,,,,,,,,,MFIC,2025-08-11,MFIC,2025-08-11
Biamp,,,4.0%,,,,,,,,,,,,,,,,,MFIC,2025-08-11,MFIC,2025-08-11
"Bingo Group Buyer, Inc.",,,25.0%,,,,,,,,,,,,,,,,,MFIC,2025-08-11,MFIC,2025-08-11
Bullcave Ltd.,,,,,,,,,,,,,,,,,,,,MFIC,2025-08-11,MFIC,2025-08-11
BusPatrol Holdco,,,,,,,,,,,,,,,,,,,,MFIC,2025-08-11,MFIC,2025-08-11
"CI (MG) GROUP, LLC",,,,,,,,,,,,,,,,,,,,MFIC,2025-08-11,MFIC,2025-08-11
"CRS Holdings, Inc.",,,,,,,,,,,,,,,,,,,,MFIC,2025-08-11,MFIC,2025-08-11
"CSC Holdings, LLC",,,16.0%,,,,,,,,,,,,,,,,,MFIC,2025-08-11,MFIC,2025-08-11
"Camin Cargo Control Holdings, Inc.",,Transportation & Logistics,,,,,,,,,,,,,,,,,,MFIC,2025-08-11,MFIC,2025-08-11
"Cave Enterprises Operations, LLC",,,,,,,,,,,,,,,,,,,,MFIC,2025-08-11,MFIC,2025-08-11
"Celerion Buyer, Inc.",,,,,,,,,,,,,,,,,,,,MFIC,2025-08-11,MFIC,2025-08-11
Cerus Corp.,,,,,,,,,,,,,,,,,,,,MFIC,2025-08-11,MFIC,2025-08-11
"Channelside AcquisitionCo, Inc.",,,,,,,,,,,,,,,,,,,,MFIC,2025-08-11,MFIC,2025-08-11
Chronicle Parent LLC,,,,,,,,,,,,,,,,,,,,MFIC,2025-08-11,MFIC,2025-08-11
ChyronHego US Holding Corp.,,,,,,,,,,,,,,,,,,,,MFIC,2025-08-11,MFIC,2025-08-11
CircusTrix Holdings LLC,,,,,,,,,,,,,,,,,,,,MFIC,2025-08-11,MFIC,2025-08-11
"Club Car Wash Operating, LLC",,Automotive,,,,,,,,,,,,,,,,,,MFIC,2025-08-11,MFIC,2025-08-11
Club Champion LLC,,,,,,,,,,,,,,,,,,,,MFIC,2025-08-11,MFIC,2025-08-11
Colonnade Parent Inc.,,,,,,,,,,,,,,,,,,,,MFIC,2025-08-11,MFIC,2025-08-11
"Cool Buyer, Inc.",,,,,,,,,,,,,,,,,,,,MFIC,2025-08-11,MFIC,2025-08-11
Coretrust Purchasing Group LLC,,,,,,,,,,,,,,,,,,,,MFIC,2025-08-11,MFIC,2025-08-11
"Crewline Buyer, Inc.",,,,,,,,,,,,,,,,,,,,MFIC,2025-08-11,MFIC,2025-08-11
Crumbl Enterprises LLC,,,,,,,,,,,,,,,,,,,,MFIC,2025-08-11,MFIC,2025-08-11
"DCM Parent, LLC",,,,,,,,,,,,,,,,,,,,MFIC,2025-08-11,MFIC,2025-08-11
"DRS Holdings III, Inc.",,,,,,,,,,,,,,,,,,,,MFIC,2025-08-11,MFIC,2025-08-11
"Digital.ai Software Holdings, Inc.",,Software & Technology,,,,,,,,,,,,,,,,,,MFIC,2025-08-11,MFIC,2025-08-11
Distinct Holdings Inc.,,,,,,,,,,,,,,,,,,,,MFIC,2025-08-11,MFIC,2025-08-11
EVER.AG Corp.,,,,,,,,,,,,,,,,,,,,MFIC,2025-08-11,MFIC,2025-08-11
"Eagle Purchaser, Inc.",,,,,,,,,,,,,,,,,,,,MFIC,2025-08-11,MFIC,2025-08-11
Eldrickco Limited*,,,,,,,,,,,,,,,,,,,,MFIC,2025-08-11,MFIC,2025-08-11
EmpiRx Health LLC,,,,,,,,,,,,,,,,,,,,MFIC,2025-08-11,MFIC,2025-08-11
"Evergreen IX Borrower 2023, LLC",,,,,,,,,,,,,,,,,,,,MFIC,2025-08-11,MFIC,2025-08-11
Evoriel*,,,,,,,,,,,,,,,,,,,,MFIC,2025-08-11,MFIC,2025-08-11
"ExactCare Parent, Inc.",,,,,,,,,,,,,,,,,,,,MFIC,2025-08-11,MFIC,2025-08-11
Excelligence Learning Corp.,,Education,,,,,,,,,,,,,,,,,,MFIC,2025-08-11,MFIC,2025-08-11
F&M Buyer LLC,,,,,,,,,,,,,,,,,,,,MFIC,2025-08-11,MFIC,2025-08-11
"Flow Control Intermediate Holdings 2.0, LLC",,Media & Entertainment,,,,,,,,,,,,,,,,,,MFIC,2025-08-11,MFIC,2025-08-11
Four Winds Interactive LLC,,,5.0%,,,,,,,,,,,,,,,,,MFIC,2025-08-11,MFIC,2025-08-11
G Treasury SS LLC,,,,,,,,,,,,,,,,,,,,MFIC,2025-08-11,MFIC,2025-08-11
"G&A Partners Holding Company II, LLC",,,,,,,,,,,,,,,,,,,,MFIC,2025-08-11,MFIC,2025-08-11
GAT-Airline Ground Support Inc.,,Transportation & Logistics,22.0%,,,,,,,,,,,,,,,,,MFIC,2025-08-11,MFIC,2025-08-11
GI Apple Midco LLC,,,12.0%,,,,4.0%,,,,,,,,,,,,,MFIC,2025-08-11,MFIC,2025-08-11
GS SEER Group Borrower LLC,,,12.0%,,,,,,,,,,,,,,,,,MFIC,2025-08-11,MFIC,2025-08-11
"Gabriel Partners, LLC",,,,,,,,,,,,,,,,,,,,MFIC,2025-08-11,MFIC,2025-08-11
"Gateway US Holdings, Inc.",,,,,,,,,,,,,,,,,,,,MFIC,2025-08-11,MFIC,2025-08-11
"Generator Buyer, Inc.*",,,,,,,,,,,,,,,,,,,,MFIC,2025-08-11,MFIC,2025-08-11
Genius Bidco LLC,,,,,,,,,,,,,,,,,,,,MFIC,2025-08-11,MFIC,2025-08-11
Go Car Wash Management Corp.,,Automotive,,,,,,,,,,,,,,,,,,MFIC,2025-08-11,MFIC,2025-08-11
"Green Grass Foods, Inc.",,Food & Beverage,,,,,,,,,,,,,,,,,,MFIC,2025-08-11,MFIC,2025-08-11
Guernsey Holdings SDI LA LLC,,,,,,,,,,,,,,,,,,,,MFIC,2025-08-11,MFIC,2025-08-11
"HALO Buyer, Inc.",,,4.0%,,,,,,,,,,,,,,,,,MFIC,2025-08-11,MFIC,2025-08-11
"HEF Safety Ultimate Holdings, LLC",,,,,,,,,,,,,,,,,,,,MFIC,2025-08-11,MFIC,2025-08-11
"HRO (Hero Digital) Holdings, LLC",,,,,,,,,,,,,,,,,,,,MFIC,2025-08-11,MFIC,2025-08-11
"Health Management Associates Superholdings, Inc.",,Business Services,5.0%,,,,,,,,,,,,,,,,,MFIC,2025-08-11,MFIC,2025-08-11
"Heniff Holdco, LLC",,,,,,,,,,,,,,,,,,,,MFIC,2025-08-11,MFIC,2025-08-11
"Heritage Environmental Services, Inc.",,Environmental Services,4.0%,,,,,,,,,,,,,,,,,MFIC,2025-08-11,MFIC,2025-08-11
"High Street Buyer, Inc.",,,,,,,,,,,,,,,,,,,,MFIC,2025-08-11,MFIC,2025-08-11
"Hive Intermediate, LLC",,Media & Entertainment,,,,,,,,,,,,,,,,,,MFIC,2025-08-11,MFIC,2025-08-11
IOTA HOLDINGS 3,,,,,,,,,,,,,,,,,,,,MFIC,2025-08-11,MFIC,2025-08-11
IQN Holding Corp.,,,,,,,,,,,,,,,,,,,,MFIC,2025-08-11,MFIC,2025-08-11
IW Buyer LLC,,,9.0%,,,,,,,,,,,,,,,,,MFIC,2025-08-11,MFIC,2025-08-11
"Ideal Components Acquisition, LLC",,,,,,,,,,,,,,,,,,,,MFIC,2025-08-11,MFIC,2025-08-11
"Ironhorse Purchaser, LLC",,,15.0%,,,,,,,,,,,,,,,,,MFIC,2025-08-11,MFIC,2025-08-11
Jacent Strategic Merchandising,,,,,,,,,,,,,,,,,,,,MFIC,2025-08-11,MFIC,2025-08-11
KL Charlie Acquisition Company,,,,,,,,,,,,,,,,,,,,MFIC,2025-08-11,MFIC,2025-08-11
"Kauffman Intermediate, LLC",,Media & Entertainment,8.0%,,,,,,,,,,,,,,,,,MFIC,2025-08-11,MFIC,2025-08-11
"Kure Pain Holdings, Inc.",,,,,,,,,,,,,,,,,,,,MFIC,2025-08-11,MFIC,2025-08-11
"LS Clinical Services Holdings, Inc.",,Healthcare,,,,,,,,,,,,,,,,,,MFIC,2025-08-11,MFIC,2025-08-11
"Lash OpCo, LLC",,,,,,,,,,,,,,,,,,,,MFIC,2025-08-11,MFIC,2025-08-11
LendingPoint 2018-1 Funding Trust,,Financial Services,,,,,,,,,,,,,,,,,,MFIC,2025-08-11,MFIC,2025-08-11
"Lifelong Learner Holdings, LLC",,,,,,,,,,,,,,,,,,,,MFIC,2025-08-11,MFIC,2025-08-11
Litify LLC,,,,,,,,,,,,,,,,,,,,MFIC,2025-08-11,MFIC,2025-08-11
Lotus Topco Inc.,,,,,,,,,,,,,,,,,,,,MFIC,2025-08-11,MFIC,2025-08-11
"Lunar Buyer, LLC",,,,,,,,,,,,,,,,,,,,MFIC,2025-08-11,MFIC,2025-08-11
"M&M OPCO, LLC",,,,,,,,,,,,,,,,,,,,MFIC,2025-08-11,MFIC,2025-08-11
MGP Holdings III Corp.,,,,,,,,,,,,,,,,,,,,MFIC,2025-08-11,MFIC,2025-08-11
MRO Parent Corp.,,,,,,,,,,,,,,,,,,,,MFIC,2025-08-11,MFIC,2025-08-11
"Marlin DTC-LS Midco 2, LLC",,,,,,,,,,,,,,,,,,,,MFIC,2025-08-11,MFIC,2025-08-11
"Maxor National Pharmacy Services, LLC",,Healthcare,,,,,,,,,,,,,,,,,,MFIC,2025-08-11,MFIC,2025-08-11
"Medical Guardian, LLC",,Healthcare,,,,,,,,,,,,,,,,,,MFIC,2025-08-11,MFIC,2025-08-11
"Merx Aviation Finance, LLC",,Transportation & Logistics,,,,,,,,,,,,,,,,,,MFIC,2025-08-11,MFIC,2025-08-11
"Midwest Vision Partners Management, LLC",,Business Services,,,,,,,,,,,,,,,,,,MFIC,2025-08-11,MFIC,2025-08-11
"Mobile Communications America, Inc.",,,,,,,,,,,,,,,,,,,,MFIC,2025-08-11,MFIC,2025-08-11
Munson Buffalo Restaurant Group LLC,,Food & Beverage,,,,,,,,,,,,,,,,,,MFIC,2025-08-11,MFIC,2025-08-11
NCP-MSI Buyer,,,25.0%,,,,,,,,,,,,,,,,,MFIC,2025-08-11,MFIC,2025-08-11
"NPPI Buyer, LLC",,,,,,,,,,,,,,,,,,,,MFIC,2025-08-11,MFIC,2025-08-11
"Natus Sensory, Inc.",,,,,,,,,,,,,,,,,,,,MFIC,2025-08-11,MFIC,2025-08-11
"NeuroPace, Inc.",,,,,,,,,,,,,,,,,,,,MFIC,2025-08-11,MFIC,2025-08-11
"New Era Technology, Inc.",,Software & Technology,,,,,,,,,,,,,,,,,,MFIC,2025-08-11,MFIC,2025-08-11
"Norvax, LLC",,,,,,,,,,,,,,,,,,,,MFIC,2025-08-11,MFIC,2025-08-11
"OMH-Healthedge Holdings, Inc.",,,,,,,,,,,,,,,,,,,,MFIC,2025-08-11,MFIC,2025-08-11
Olympus Terminals Holdco II LLC,,,,,,,,,,,,,,,,,,,,MFIC,2025-08-11,MFIC,2025-08-11
"Omada Health, Inc.",,,5.0%,,,,,,,,,,,,,,,,,MFIC,2025-08-11,MFIC,2025-08-11
"Origami Opportunities Fund III, LP.",,,,,,,,,,,,,,,,,,,,MFIC,2025-08-11,MFIC,2025-08-11
"Orion Buyer, LLC",,,,,,,,,,,,,,,,,,,,MFIC,2025-08-11,MFIC,2025-08-11
PARS Group LLC,,,,,,,,,,,,,,,,,,,,MFIC,2025-08-11,MFIC,2025-08-11
"PHOENIX YW BUYER, INC.",,,,,,,,,,,,,,,,,,,,MFIC,2025-08-11,MFIC,2025-08-11
"PMA Parent Holdings, LLC",,,,,,,,,,,,,,,,,,,,MFIC,2025-08-11,MFIC,2025-08-11
"Pace Health Companies, LLC",,,,,,,,,,,,,,,,,,,,MFIC,2025-08-11,MFIC,2025-08-11
"Pai Middle Tier, LLC",,,,,,,,,,,,,,,,,,,,MFIC,2025-08-11,MFIC,2025-08-11
Painters Supply and Equipment Co.,,Industrials,,,,,,,,,,,,,,,,,,MFIC,2025-08-11,MFIC,2025-08-11
Paladone Group Bidco Ltd.,,,,,,,,,,,,,,,,,,,,MFIC,2025-08-11,MFIC,2025-08-11
Paladone Group Bidco Limited*,,,,,,,,,,,,,,,,,,,,MFIC,2025-08-11,MFIC,2025-08-11
"Patriot Foods Buyer, Inc.",,Food & Beverage,,,,,,,,,,,,,,,,,,MFIC,2025-08-11,MFIC,2025-08-11
"Pave America Interco, LLC",,,,,,,,,,,,,,,,,,,,MFIC,2025-08-11,MFIC,2025-08-11
"Pavement Preservation Acquisition, LLC",,,,,,,,,,,,,,,,,,,,MFIC,2025-08-11,MFIC,2025-08-11
"Poly-Wood, LLC",,,,,,,,,,,,,,,,,,,,MFIC,2025-08-11,MFIC,2025-08-11
Precision Refrigeration & Air Conditioning LLC,,,,,,,,,,,,,,,,,,,,MFIC,2025-08-11,MFIC,2025-08-11
"Project Comfort Buyer, Inc.",,,,,,,,,,,,,,,,,,,,MFIC,2025-08-11,MFIC,2025-08-11
"Protein For Pets Opco, LLC",,,,,,,,,,,,,,,,,,,,MFIC,2025-08-11,MFIC,2025-08-11
"Purchasing Power Funding I, LLC",,,,,,,,,,,,,,,,,,,,MFIC,2025-08-11,MFIC,2025-08-11
"R.F. Fager Company, LLC",,,,,,,,,,,,,,,,,,,,MFIC,2025-08-11,MFIC,2025-08-11
RHI Acquisition LLC,,,,,,,,,,,,,,,,,,,,MFIC,2025-08-11,MFIC,2025-08-11
"Rarebreed Veterinary Partners, Inc.",,Healthcare,5.0%,,,,,,,,,,,,,,,,,MFIC,2025-08-11,MFIC,2025-08-11
Regis Corp.,,,,,,,,,,,,,,,,,,,,MFIC,2025-08-11,MFIC,2025-08-11
"Relevant Industrial, LLC",,Industrials,,,,,,,,,,,,,,,,,,MFIC,2025-08-11,MFIC,2025-08-11
"Riverbed Technology, Inc.",,Software & Technology,,,,,,,,,,,,,,,,,,MFIC,2025-08-11,MFIC,2025-08-11
RoC Holdco LLC,,,,,,,,,,,,,,,,,,,,MFIC,2025-08-11,MFIC,2025-08-11
"Ronnoco Holdings, Inc.",,,,,,,,,,,,,,,,,,,,MFIC,2025-08-11,MFIC,2025-08-11
"Roscoe Medical, Inc.",,Healthcare,,,,,,,,,,,,,,,,,,MFIC,2025-08-11,MFIC,2025-08-11
"SEV Intermediate Holdco, LLC",,Media & Entertainment,,,,,,,,,,,,,,,,,,MFIC,2025-08-11,MFIC,2025-08-11
Saffron Bidco Ltd*,,,,,,,,,,,,,,,,,,,,MFIC,2025-08-11,MFIC,2025-08-11
Shelby 2021 Holdings Corp.,,,,,,,,,,,,,,,,,,,,MFIC,2025-08-11,MFIC,2025-08-11
Shout! Factory LLC,,,,,,,,,,,,,,,,,,,,MFIC,2025-08-11,MFIC,2025-08-11
Sigma Buyer LLC,,,,,,,,,,,,,,,,,,,,MFIC,2025-08-11,MFIC,2025-08-11
"Simeio Group Holdings, Inc.",,,,,,,,,,,,,,,,,,,,MFIC,2025-08-11,MFIC,2025-08-11
"Smith Topco, Inc.",,,,,,,,,,,,,,,,,,,,MFIC,2025-08-11,MFIC,2025-08-11
"Space Finco, Inc.",,,,,,,,,,,,,,,,,,,,MFIC,2025-08-11,MFIC,2025-08-11
"Sperry Acquisition, LLC",,,,,,,,,,,,,,,,,,,,MFIC,2025-08-11,MFIC,2025-08-11
"Summer Fridays, LLC",,,,,,,,,,,,,,,,,,,,MFIC,2025-08-11,MFIC,2025-08-11
"Surf Opco, LLC",,,,,,,,,,,,,,,,,,,,MFIC,2025-08-11,MFIC,2025-08-11
TCW Midco LLC,,,,,,,,,,,,,,,,,,,,MFIC,2025-08-11,MFIC,2025-08-11
"TELA Bio, Inc.",,,,,,,,,,,,,,,,,,,,MFIC,2025-08-11,MFIC,2025-08-11
THLP CO. LLC,,,,,,,,,,,,,,,,,,,,MFIC,2025-08-11,MFIC,2025-08-11
"TS Investors, LLC",,,,,,,,,,,,,,,,,,,,MFIC,2025-08-11,MFIC,2025-08-11
Tasty Chick'n LLC,,,,,,,,,,,,,,,,,,,,MFIC,2025-08-11,MFIC,2025-08-11
"TeamLINX Buyer, LLC",,,,,,,,,,,,,,,,,,,,MFIC,2025-08-11,MFIC,2025-08-11
"Telesoft Holdings, LLC",,,,,,,,,,,,,,,,,,,,MFIC,2025-08-11,MFIC,2025-08-11
TerSera Therapeutics LLC,,Healthcare,,,,,,,,,,,,,,,,,,MFIC,2025-08-11,MFIC,2025-08-11
Texada Software LLC,,Software & Technology,,,,,,,,,,,,,,,,,,MFIC,2025-08-11,MFIC,2025-08-11
The North Highland Company LLC,,,,,,,,,,,,,,,,,,,,MFIC,2025-08-11,MFIC,2025-08-11
"Thomas Scientific, LLC",,,,,,,,,,,,,,,,,,,,MFIC,2025-08-11,MFIC,2025-08-11
Titan Luxco I SARL,,,,,,,,,,,,,,,,,,,,MFIC,2025-08-11,MFIC,2025-08-11
"Traffic Management Solutions, LLC",,Business Services,,,,,,,,,,,,,,,,,,MFIC,2025-08-11,MFIC,2025-08-11
"Treace Medical Concepts, Inc.",,Healthcare,,,,,,,,,,,,,,,,,,MFIC,2025-08-11,MFIC,2025-08-11
Trench Plate Rental Co.,,,,,,,,,,,,,,,,,,,,MFIC,2025-08-11,MFIC,2025-08-11
Trillium Health Care Products Inc.,,Healthcare,,,,,,,,,,,,,,,,,,MFIC,2025-08-11,MFIC,2025-08-11
Trillium Health Care Products Inc.*,,Healthcare,,,,,,,,,,,,,,,,,,MFIC,2025-08-11,MFIC,2025-08-11
"Truck-Lite Co., LLC",,,,,,,,,,,,,,,,,,,,MFIC,2025-08-11,MFIC,2025-08-11
"Turbo Buyer, Inc.",,,,,,,,,,,,,,,,,,,,MFIC,2025-08-11,MFIC,2025-08-11
US MetalCo Holdings LLC,,Industrials,,,,,,,,,,,,,,,,,,MFIC,2025-08-11,MFIC,2025-08-11
"USLS Acquisition, Inc.",,,,,,,,,,,,,,,,,,,,MFIC,2025-08-11,MFIC,2025-08-11
Ultra Clean Holdco LLC,,,,,,,,,,,,,,,,,,,,MFIC,2025-08-11,MFIC,2025-08-11
"Unchained Labs, LLC",,,,,,,,,,,,,,,,,,,,MFIC,2025-08-11,MFIC,2025-08-11
"Uniguest Holdings, Inc.",,,,,,,,,,,,,,,,,,,,MFIC,2025-08-11,MFIC,2025-08-11
"Uplight, Inc.",,,,,,,,,,,,,,,,,,,,MFIC,2025-08-11,MFIC,2025-08-11
"Village Pet Care, LLC",,Consumer & Retail,,,,,,,,,,,,,,,,,,MFIC,2025-08-11,MFIC,2025-08-11
Vixxo Corp.,,,,,,,,,,,,,,,,,,,,MFIC,2025-08-11,MFIC,2025-08-11
"Vybond Buyer, LLC",,,,,,,,,,,,,,,,,,,,MFIC,2025-08-11,MFIC,2025-08-11
"WC ORS Buyer, Inc.",,,,,,,,,,,,,,,,,,,,MFIC,2025-08-11,MFIC,2025-08-11
"WH BorrowerCo, LLC",,,,,,,,,,,,,,,,,,,,MFIC,2025-08-11,MFIC,2025-08-11
"WelldyneRX, LLC",,,,,,,,,,,,,,,,,,,,MFIC,2025-08-11,MFIC,2025-08-11
WildBrain Ltd.,,,,,,,,,,,,,,,,,,,,MFIC,2025-08-11,MFIC,2025-08-11
Zafin Labs Americas Inc.,,,,,,,,,,,,,,,,,,,,MFIC,2025-08-11,MFIC,2025-08-11
"Zendesk, Inc.",,,5.0%,,,,,,,,,,,,,,,,,MFIC,2025-08-11,MFIC,2025-08-11
"Zephyr Buyer, LP.",,,,,,,,,,,,,,,,,,,,MFIC,2025-08-11,MFIC,2025-08-11
AHP Timberwolf Bidco Corp.,,,,,,,,,,,,,,,,,,,,MFIC,2025-08-11,MFIC,2025-08-11
"AMI Buyer, Inc.",,,,,,,,,,,,,,,,,,,,MFIC,2025-08-11,MFIC,2025-08-11
"Anaplan, Inc.",,,,,,,,,,,,,,,,,,,,MFIC,2025-08-11,MFIC,2025-08-11
"Avalara, Inc.",,,,,,,,,,,,,,,,,,,,MFIC,2025-08-11,MFIC,2025-08-11
"Banner Buyer, LLC",,,,,,,,,,,,,,,,,,,,MFIC,2025-08-11,MFIC,2025-08-11
Biamp,,,,,,,,,,,,,,,,,,,,MFIC,2025-08-11,MFIC,2025-08-11
Blue Jay Transit Inc.,,,,,,,,,,,,,,,,,,,,MFIC,2025-08-11,MFIC,2025-08-11
"CSC Holdings, LLC",,,23.0%,,,,,,,,,,,,,,,,,MFIC,2025-08-11,MFIC,2025-08-11
ChyronHego US Holding Corp.*,,,,,,,,,,,,,,,,,,,,MFIC,2025-08-11,MFIC,2025-08-11
Compu-Link Corp.,,,,,,,,,,,,,,,,,,,,MFIC,2025-08-11,MFIC,2025-08-11
GAT-Airline Ground Support Inc.,,Transportation & Logistics,,,,,,,,,,,,,,,,,,MFIC,2025-08-11,MFIC,2025-08-11
GI Apple Midco LLC,,,,,,,,,,,,,,,,,,,,MFIC,2025-08-11,MFIC,2025-08-11
GS SEER Group Borrower LLC,,,,,,,,,,,,,,,,,,,,MFIC,2025-08-11,MFIC,2025-08-11
"Generator Buyer, Inc.*",,,27.0%,,,,,,,,,,,,,,,,,MFIC,2025-08-11,MFIC,2025-08-11
"Graffiti Buyer, Inc.",,,,,,,,,,,,,,,,,,,,MFIC,2025-08-11,MFIC,2025-08-11
"HRO (Hero Digital) Holdings, LLC",,,3.0%,,,,,,,,,,,,,,,,,MFIC,2025-08-11,MFIC,2025-08-11
"HomeRenew Buyer, Inc.",,,,,,,,,,,,,,,,,,,,MFIC,2025-08-11,MFIC,2025-08-11
"JF Acquisition, LLC",,,,,,,,,,,,,,,,,,,,MFIC,2025-08-11,MFIC,2025-08-11
"Kauffman Intermediate, LLC",,Media & Entertainment,2.0%,,,,,,,,,,,,,,,,,MFIC,2025-08-11,MFIC,2025-08-11
LendingPoint LLC,,Financial Services,,,,,,,,,,,,,,,,,,MFIC,2025-08-11,MFIC,2025-08-11
Momentx Corp.,,,,,,,,,,,,,,,,,,,,MFIC,2025-08-11,MFIC,2025-08-11
"Omnimax International, LLC",,,,,,,,,,,,,,,,,,,,MFIC,2025-08-11,MFIC,2025-08-11
"PHS Buyer, Inc.",,,,,,,,,,,,,,,,,,,,MFIC,2025-08-11,MFIC,2025-08-11
"Pro-Vigil Holding Company, LLC",,,,,,,,,,,,,,,,,,,,MFIC,2025-08-11,MFIC,2025-08-11
"Rarebreed Veterinary Partners, Inc.",,Healthcare,,,,,,,,,,,,,,,,,,MFIC,2025-08-11,MFIC,2025-08-11
"SI Holdings, Inc.",,,,,,,,,,,,,,,,,,,,MFIC,2025-08-11,MFIC,2025-08-11
"Sysnet North America, Inc.",,,,,,,,,,,,,,,,,,,,MFIC,2025-08-11,MFIC,2025-08-11
"Zinnia Corporate Holdings, LLC",,,,,,,,,,,,,,,,,,,type_hint_corporate_from_name,MFIC,2025-08-11,MFIC,2025-08-11
Senior Secured Facility,,,,,,,,,2029-10-17,1660000,,1221946,,,,,,,,MFIC,2025-08-11,MFIC,2025-08-11
MFIC Bethesda CLO 1 LLC,,,,,,,,,2035-10-23,232000,,232737,,,,,,,,MFIC,2025-08-11,MFIC,2025-08-11
MFIC Bethesda CLO 2 LLC,,,,,,,,,2037-01-23,399000,,397490,,,,,,,,MFIC,2025-08-11,MFIC,2025-08-11
2026 Notes,,,,,,,,,2026-07-16,125000,,121844,,,,,,,,MFIC,2025-08-11,MFIC,2025-08-11
2028 Notes,,,,,,,,,2028-12-15,80000,,80960,,,,,,,,MFIC,2025-08-11,MFIC,2025-08-11
Deferred Financing Costs and Debt Discount,,,,,,,,,,,,,,,,,,,,MFIC,2025-08-11,MFIC,2025-08-11
Senior Secured Facility,,,,,,,,,2029-10-17,1660000,,970148,,,,,,,,MFIC,2025-08-11,MFIC,2025-08-11
MFIC Bethesda CLO 1 LLC,,,,,,,,,2035-10-23,232000,,232812,,,,,,,,MFIC,2025-08-11,MFIC,2025-08-11
2025 Notes,,,,,,,,,2025-03-03,350000,,349342,,,,,,,,MFIC,2025-08-11,MFIC,2025-08-11
2026 Notes,,,,,,,,,2026-07-16,125000,,120918,,,,,,,,MFIC,2025-08-11,MFIC,2025-08-11
2028 Notes,,,,,,,,,2028-12-15,80000,,81472,,,,,,,,MFIC,2025-08-11,MFIC,2025-08-11
"1244311 B.C. Ltd.,Common Stock",,,,,,,,,,,,202,,,,,,,,MFIC,2025-11-06,MFIC,2025-11-06
"Carbonfree Chemicals Holdings LLC,Common Equity / Interest",,Chemicals & Materials,,,,,,,,,,18933,,,,,,,,MFIC,2025-11-06,MFIC,2025-11-06
"FC2 LLC,Common Stock",,,,,,,,,,,,,,,,,,,,MFIC,2025-11-06,MFIC,2025-11-06
"FC2 LLC,Term Loan",,,,,,,,,,,,12459,,,,,,,,MFIC,2025-11-06,MFIC,2025-11-06
"Golden Bear 2016-R, LLC,Membership Interests",,,,,,,,,,,,9736,,,,,,,,MFIC,2025-11-06,MFIC,2025-11-06
"Surf Opco, LLC,Class A-1 Common",,,,,,,,,,,,,,,,,,,,MFIC,2025-11-06,MFIC,2025-11-06
"Surf Opco, LLC,Class P-1 Preferred",,,,,,,,,,,,,,,,,,,,MFIC,2025-11-06,MFIC,2025-11-06
"Surf Opco, LLC,Revolver",,,,,,,,,,,,,,,,,,,type_hint_revolver_from_name,MFIC,2025-11-06,MFIC,2025-11-06
"Surf Opco, LLC,Term Loan",,,,,,,,,,,,,,,,,,,,MFIC,2025-11-06,MFIC,2025-11-06
"Auto Pool 2023 Trust (Del. Stat. Trust) ,Membership Interests",,,,,,,,,,,,16366,,,,,,,,MFIC,2025-11-06,MFIC,2025-11-06
"Blue Jay Transit Inc.,Term Loan",,,,,,,,,,,,19940,,,,,,,,MFIC,2025-11-06,MFIC,2025-11-06
"Blue Jay Transit Inc.,Unfunded Delayed Draw",,,,,,,,,,,,,,,,,,,type_hint_delayed_draw_from_name,MFIC,2025-11-06,MFIC,2025-11-06
"Bird Scooter Acquisition Corp.,Common Stock",,,,,,,,,,,,373,,,,,,,,MFIC,2025-11-06,MFIC,2025-11-06
"Arrivia, Inc.",,,,,,,,,,,,2144,,,,,,,,MFIC,2025-11-06,MFIC,2025-11-06
"Arrivia, Inc.",,,,,,,,,,,,4183,,,,,,,,MFIC,2025-11-06,MFIC,2025-11-06
"Third Lane Mobility Inc.,Common Stock",,,,,,,,,,,,,,,,,,,,MFIC,2025-11-06,MFIC,2025-11-06
"Third Lane Mobility Inc.,Warrants",,,,,,,,,,,,,,,,,,,,MFIC,2025-11-06,MFIC,2025-11-06
ChyronHego US Holding Corp.,,Other,,,,,,,,,,15500,,,,,,,,MFIC,2025-11-06,MFIC,2025-11-06
ChyronHego US Holding Corp.,,Other,,,,,,,,,,106406,,,,,,,,MFIC,2025-11-06,MFIC,2025-11-06
ChyronHego US Holding Corp.,,Other,,,,,,,,,,,,,,,,,,MFIC,2025-11-06,MFIC,2025-11-06
ChyronHego Corp.,,Other,,,,,,,,,,19456,,,,,,,,MFIC,2025-11-06,MFIC,2025-11-06
"Merx Aviation Finance, LLC",,Transportation & Logistics,,,,,,,,,,123815,,,,,,,,MFIC,2025-11-06,MFIC,2025-11-06
"Merx Aviation Finance, LLC",,Transportation & Logistics,,,,,,,,,,59576,,,,,,,,MFIC,2025-11-06,MFIC,2025-11-06
"Merx Aviation Finance Holdings, LLC",,Transportation & Logistics,,,,,,,,,,,,,,,,,,MFIC,2025-11-06,MFIC,2025-11-06
"Accelerate360 Holdings, LLC",,,,,,,,,,,,,,,,,,,,MFIC,2025-11-06,MFIC,2025-11-06
Accelevation LLC,,,,,,,,,,,,,,,,,,,,MFIC,2025-11-06,MFIC,2025-11-06
"Acentra Holdings, LLC",,,,,,,,,,,,,,,,,,,,MFIC,2025-11-06,MFIC,2025-11-06
"ACP Avenu Buyer, LLC",,,,,,,,,,,,,,,,,,,,MFIC,2025-11-06,MFIC,2025-11-06
"AGDATA Midco, LLC",,,,,,,,,,,,,,,,,,,,MFIC,2025-11-06,MFIC,2025-11-06
Alcami Corp.,,,,,,,,,,,,,,,,,,,,MFIC,2025-11-06,MFIC,2025-11-06
Alcresta Therapeutics Inc.,,Healthcare,,,,,,,,,,,,,,,,,,MFIC,2025-11-06,MFIC,2025-11-06
"All Star Recruiting Locums, LLC",,Business Services,,,,,,,,,,,,,,,,,,MFIC,2025-11-06,MFIC,2025-11-06
"Alpinex Opco, LLC",,,,,,,,,,,,,,,,,,,,MFIC,2025-11-06,MFIC,2025-11-06
"American Restoration Holdings, LLC",,,,,,,,,,,,,,,,,,,,MFIC,2025-11-06,MFIC,2025-11-06
"AMI Buyer, Inc.",,,,,,,,,,,,,,,,,,,,MFIC,2025-11-06,MFIC,2025-11-06
"Amplity Parent, Inc.",,,,,,,,,,,,,,,,,,,,MFIC,2025-11-06,MFIC,2025-11-06
"Amylu Borrower Sub, LLC",,,,,,,,,,,,,,,,,,,,MFIC,2025-11-06,MFIC,2025-11-06
"Arcadia Solutions, Inc.",,,,,,,,,,,,,,,,,,,,MFIC,2025-11-06,MFIC,2025-11-06
"Arcwood Environmental, Inc.",,Environmental Services,4.0%,,,,,,,,,,,,,,,,,MFIC,2025-11-06,MFIC,2025-11-06
"Aspen Aerogels, Inc.",,,15.0%,,,,,,,,,,,,,,,,,MFIC,2025-11-06,MFIC,2025-11-06
"Athlete Buyer, LLC",,,,,,,,,,,,,,,,,,,,MFIC,2025-11-06,MFIC,2025-11-06
"August Bioservices, LLC",,Business Services,,,,,,,,,,,,,,,,,,MFIC,2025-11-06,MFIC,2025-11-06
"Banner Buyer, LLC",,,3.0%,,,,,,,,,,,,,,,,,MFIC,2025-11-06,MFIC,2025-11-06
"Berner Food & Beverage, LLC",,Food & Beverage,,,,,,,,,,,,,,,,,,MFIC,2025-11-06,MFIC,2025-11-06
Biamp,,,4.0%,,,,,,,,,,,,,,,,,MFIC,2025-11-06,MFIC,2025-11-06
"Bingo Group Buyer, Inc.",,,25.0%,,,,,,,,,,,,,,,,,MFIC,2025-11-06,MFIC,2025-11-06
Brush Group Bidco Limited*,,,,,,,,,,,,,,,,,,,,MFIC,2025-11-06,MFIC,2025-11-06
Bullcave Ltd.,,,,,,,,,,,,,,,,,,,,MFIC,2025-11-06,MFIC,2025-11-06
BusPatrol Holdco,,,,,,,,,,,,,,,,,,,,MFIC,2025-11-06,MFIC,2025-11-06
"Camin Cargo Control Holdings, Inc.",,Transportation & Logistics,,,,,,,,,,,,,,,,,,MFIC,2025-11-06,MFIC,2025-11-06
"Celerion Buyer, Inc.",,,,,,,,,,,,,,,,,,,,MFIC,2025-11-06,MFIC,2025-11-06
Cerus Corp.,,,,,,,,,,,,,,,,,,,,MFIC,2025-11-06,MFIC,2025-11-06
"Channelside AcquisitionCo, Inc.",,,,,,,,,,,,,,,,,,,,MFIC,2025-11-06,MFIC,2025-11-06
Chronicle Parent LLC,,,,,,,,,,,,,,,,,,,,MFIC,2025-11-06,MFIC,2025-11-06
ChyronHego US Holding Corp.,,,,,,,,,,,,,,,,,,,,MFIC,2025-11-06,MFIC,2025-11-06
"CI (MG) GROUP, LLC",,,,,,,,,,,,,,,,,,,,MFIC,2025-11-06,MFIC,2025-11-06
CircusTrix Holdings LLC,,,,,,,,,,,,,,,,,,,,MFIC,2025-11-06,MFIC,2025-11-06
"Club Car Wash Operating, LLC",,Automotive,,,,,,,,,,,,,,,,,,MFIC,2025-11-06,MFIC,2025-11-06
Club Champion LLC,,,,,,,,,,,,,,,,,,,,MFIC,2025-11-06,MFIC,2025-11-06
Colonnade Parent Inc.,,,,,,,,,,,,,,,,,,,,MFIC,2025-11-06,MFIC,2025-11-06
"Cool Buyer, Inc.",,,,,,,,,,,,,,,,,,,,MFIC,2025-11-06,MFIC,2025-11-06
Coretrust Purchasing Group LLC,,,,,,,,,,,,,,,,,,,,MFIC,2025-11-06,MFIC,2025-11-06
"Crewline Buyer, Inc.",,,,,,,,,,,,,,,,,,,,MFIC,2025-11-06,MFIC,2025-11-06
"CRS Holdings, Inc.",,,,,,,,,,,,,,,,,,,,MFIC,2025-11-06,MFIC,2025-11-06
Crumbl Enterprises LLC,,,,,,,,,,,,,,,,,,,,MFIC,2025-11-06,MFIC,2025-11-06
"CSC Holdings, LLC",,,7.0%,,,,7.0%,,,,,,,,,,,,,MFIC,2025-11-06,MFIC,2025-11-06
"DCM Parent, LLC",,,,,,,,,,,,,,,,,,,,MFIC,2025-11-06,MFIC,2025-11-06
"Digital.ai Software Holdings, Inc.",,Software & Technology,,,,,,,,,,,,,,,,,,MFIC,2025-11-06,MFIC,2025-11-06
Distinct Holdings Inc.,,,,,,,,,,,,,,,,,,,,MFIC,2025-11-06,MFIC,2025-11-06
"DRS Holdings III, Inc.",,,,,,,,,,,,,,,,,,,,MFIC,2025-11-06,MFIC,2025-11-06
"Eagle Purchaser, Inc.",,,,,,,,,,,,,,,,,,,,MFIC,2025-11-06,MFIC,2025-11-06
Eldrickco Limited*,,,,,,,,,,,,,,,,,,,,MFIC,2025-11-06,MFIC,2025-11-06
EmpiRx Health LLC,,,,,,,,,,,,,,,,,,,,MFIC,2025-11-06,MFIC,2025-11-06
EVER.AG Corp.,,,,,,,,,,,,,,,,,,,,MFIC,2025-11-06,MFIC,2025-11-06
"Evergreen IX Borrower 2023, LLC",,,,,,,,,,,,,,,,,,,,MFIC,2025-11-06,MFIC,2025-11-06
"Evolv Technologies Holdings, Inc.",,,,,,,,,,,,,,,,,,,,MFIC,2025-11-06,MFIC,2025-11-06
Evoriel*,,,,,,,,,,,,,,,,,,,,MFIC,2025-11-06,MFIC,2025-11-06
"ExactCare Parent, Inc.",,,,,,,,,,,,,,,,,,,,MFIC,2025-11-06,MFIC,2025-11-06
Excelligence Learning Corp.,,Education,,,,,,,,,,,,,,,,,,MFIC,2025-11-06,MFIC,2025-11-06
F&M Buyer LLC,,,,,,,,,,,,,,,,,,,,MFIC,2025-11-06,MFIC,2025-11-06
"Flow Control Intermediate Holdings 2.0, LLC",,Media & Entertainment,,,,,,,,,,,,,,,,,,MFIC,2025-11-06,MFIC,2025-11-06
Four Winds Interactive LLC,,,5.0%,,,,,,,,,,,,,,,,,MFIC,2025-11-06,MFIC,2025-11-06
G Treasury SS LLC,,,,,,,,,,,,,,,,,,,,MFIC,2025-11-06,MFIC,2025-11-06
"G&A Partners Holding Company II, LLC",,,,,,,,,,,,,,,,,,,,MFIC,2025-11-06,MFIC,2025-11-06
"Gabriel Partners, LLC",,,,,,,,,,,,,,,,,,,,MFIC,2025-11-06,MFIC,2025-11-06
GAT-Airline Ground Support Inc.,,Transportation & Logistics,22.0%,,,,,,,,,,,,,,,,,MFIC,2025-11-06,MFIC,2025-11-06
"Gateway US Holdings, Inc.",,,,,,,,,,,,,,,,,,,,MFIC,2025-11-06,MFIC,2025-11-06
"Generator Buyer, Inc.*",,,,,,,,,,,,,,,,,,,,MFIC,2025-11-06,MFIC,2025-11-06
Genius Bidco LLC,,,,,,,,,,,,,,,,,,,,MFIC,2025-11-06,MFIC,2025-11-06
GI Apple Midco LLC,,,12.0%,,,,,,,,,,,,,,,,,MFIC,2025-11-06,MFIC,2025-11-06
Go Car Wash Management Corp.,,Automotive,,,,,,,,,,,,,,,,,,MFIC,2025-11-06,MFIC,2025-11-06
"Green Grass Foods, Inc.",,Food & Beverage,,,,,,,,,,,,,,,,,,MFIC,2025-11-06,MFIC,2025-11-06
GS SEER Group Borrower LLC,,,12.0%,,,,,,,,,,,,,,,,,MFIC,2025-11-06,MFIC,2025-11-06
"HALO Buyer, Inc.",,,4.0%,,,,,,,,,,,,,,,,,MFIC,2025-11-06,MFIC,2025-11-06
"Health Management Associates Superholdings, Inc.",,Business Services,5.0%,,,,,,,,,,,,,,,,,MFIC,2025-11-06,MFIC,2025-11-06
"HEF Safety Ultimate Holdings, LLC",,,,,,,,,,,,,,,,,,,,MFIC,2025-11-06,MFIC,2025-11-06
"Heniff Holdco, LLC",,,,,,,,,,,,,,,,,,,,MFIC,2025-11-06,MFIC,2025-11-06
"High Street Buyer, Inc.",,,7.0%,,,,,,,,,,,,,,,,,MFIC,2025-11-06,MFIC,2025-11-06
"Hive Intermediate, LLC",,Media & Entertainment,,,,,,,,,,,,,,,,,,MFIC,2025-11-06,MFIC,2025-11-06
"HRO (Hero Digital) Holdings, LLC",,,,,,,,,,,,,,,,,,,,MFIC,2025-11-06,MFIC,2025-11-06
"Ideal Components Acquisition, LLC",,,,,,,,,,,,,,,,,,,,MFIC,2025-11-06,MFIC,2025-11-06
IOTA HOLDINGS 3,,,6.0%,,,,,,,,,,,,,,,,,MFIC,2025-11-06,MFIC,2025-11-06
IQN Holding Corp.,,,,,,,,,,,,,,,,,,,,MFIC,2025-11-06,MFIC,2025-11-06
"Ironhorse Purchaser, LLC",,,15.0%,,,,,,,,,,,,,,,,,MFIC,2025-11-06,MFIC,2025-11-06
IW Buyer LLC,,,9.0%,,,,,,,,,,,,,,,,,MFIC,2025-11-06,MFIC,2025-11-06
Jacent Strategic Merchandising,,,,,,,,,,,,,,,,,,,,MFIC,2025-11-06,MFIC,2025-11-06
"Kauffman Intermediate, LLC",,Media & Entertainment,,,,,,,,,,,,,,,,,,MFIC,2025-11-06,MFIC,2025-11-06
KL Charlie Acquisition Company,,,,,,,,,,,,,,,,,,,,MFIC,2025-11-06,MFIC,2025-11-06
"Kure Pain Holdings, Inc.",,,,,,,,,,,,,,,,,,,,MFIC,2025-11-06,MFIC,2025-11-06
"Lash OpCo, LLC",,,,,,,,,,,,,,,,,,,,MFIC,2025-11-06,MFIC,2025-11-06
LendingPoint 2018-1 Funding Trust,,Financial Services,,,,,,,,,,,,,,,,,,MFIC,2025-11-06,MFIC,2025-11-06
"Lifelong Learner Holdings, LLC",,,,,,,,,,,,,,,,,,,,MFIC,2025-11-06,MFIC,2025-11-06
Litify LLC,,,,,,,,,,,,,,,,,,,,MFIC,2025-11-06,MFIC,2025-11-06
Lotus Topco Inc.,,,,,,,,,,,,,,,,,,,,MFIC,2025-11-06,MFIC,2025-11-06
"LS Clinical Services Holdings, Inc.",,Healthcare,,,,,,,,,,,,,,,,,,MFIC,2025-11-06,MFIC,2025-11-06
"Lunar Buyer, LLC",,,,,,,,,,,,,,,,,,,,MFIC,2025-11-06,MFIC,2025-11-06
"M&M OPCO, LLC",,,,,,,,,,,,,,,,,,,,MFIC,2025-11-06,MFIC,2025-11-06
"MacQueen Equipment, LLC",,Industrials,,,,,,,,,,,,,,,,,,MFIC,2025-11-06,MFIC,2025-11-06
"Marlin DTC-LS Midco 2, LLC",,,,,,,,,,,,,,,,,,,,MFIC,2025-11-06,MFIC,2025-11-06
"Maxor National Pharmacy Services, LLC",,Healthcare,,,,,,,,,,,,,,,,,,MFIC,2025-11-06,MFIC,2025-11-06
"Medical Guardian, LLC",,Healthcare,,,,,,,,,,,,,,,,,,MFIC,2025-11-06,MFIC,2025-11-06
Merative LP.,,,,,,,,,,,,,,,,,,,,MFIC,2025-11-06,MFIC,2025-11-06
"Merx Aviation Finance, LLC",,Transportation & Logistics,,,,,,,,,,,,,,,,,,MFIC,2025-11-06,MFIC,2025-11-06
MGP Holdings III Corp.,,,,,,,,,,,,,,,,,,,,MFIC,2025-11-06,MFIC,2025-11-06
"Midwest Vision Partners Management, LLC",,Business Services,,,,,,,,,,,,,,,,,,MFIC,2025-11-06,MFIC,2025-11-06
"Mobile Communications America, Inc.",,,,,,,,,,,,,,,,,,,,MFIC,2025-11-06,MFIC,2025-11-06
"mPulse Mobile, Inc.",,,,,,,,,,,,,,,,,,,,MFIC,2025-11-06,MFIC,2025-11-06
MRO Parent Corp.,,,,,,,,,,,,,,,,,,,,MFIC,2025-11-06,MFIC,2025-11-06
Munson Buffalo Restaurant Group LLC,,Food & Beverage,,,,,,,,,,,,,,,,,,MFIC,2025-11-06,MFIC,2025-11-06
"Natus Sensory, Inc.",,,,,,,,,,,,,,,,,,,,MFIC,2025-11-06,MFIC,2025-11-06
NCP-MSI Buyer,,,25.0%,,,,,,,,,,,,,,,,,MFIC,2025-11-06,MFIC,2025-11-06
"NeuroPace, Inc.",,,,,,,,,,,,,,,,,,,,MFIC,2025-11-06,MFIC,2025-11-06
"New Era Technology, Inc.",,Software & Technology,,,,,,,,,,,,,,,,,,MFIC,2025-11-06,MFIC,2025-11-06
"Norvax, LLC",,,,,,,,,,,,,,,,,,,,MFIC,2025-11-06,MFIC,2025-11-06
"NPPI Buyer, LLC",,,,,,,,,,,,,,,,,,,,MFIC,2025-11-06,MFIC,2025-11-06
Olympus Terminals Holdco II LLC,,,,,,,,,,,,,,,,,,,,MFIC,2025-11-06,MFIC,2025-11-06
"OMH-Healthedge Holdings, Inc.",,,,,,,,,,,,,,,,,,,,MFIC,2025-11-06,MFIC,2025-11-06
"Origami Opportunities Fund III, LP.",,,,,,,,,,,,,,,,,,,,MFIC,2025-11-06,MFIC,2025-11-06
"Orion Buyer, LLC",,,,,,,,,,,,,,,,,,,,MFIC,2025-11-06,MFIC,2025-11-06
"Overhaul Group, Inc.",,,,,,,,,,,,,,,,,,,,MFIC,2025-11-06,MFIC,2025-11-06
"Pace Health Companies, LLC",,,,,,,,,,,,,,,,,,,,MFIC,2025-11-06,MFIC,2025-11-06
"Pai Middle Tier, LLC",,,,,,,,,,,,,,,,,,,,MFIC,2025-11-06,MFIC,2025-11-06
Painters Supply and Equipment Co.,,Industrials,,,,,,,,,,,,,,,,,,MFIC,2025-11-06,MFIC,2025-11-06
Paladone Group Bidco Ltd.,,,,,,,,,,,,,,,,,,,,MFIC,2025-11-06,MFIC,2025-11-06
Paladone Group Bidco Limited*,,,,,,,,,,,,,,,,,,,,MFIC,2025-11-06,MFIC,2025-11-06
PARS Group LLC,,,,,,,,,,,,,,,,,,,,MFIC,2025-11-06,MFIC,2025-11-06
"Patriot Foods Buyer, Inc.",,Food & Beverage,,,,,,,,,,,,,,,,,,MFIC,2025-11-06,MFIC,2025-11-06
"Pavement Preservation Acquisition, LLC",,,,,,,,,,,,,,,,,,,,MFIC,2025-11-06,MFIC,2025-11-06
"PHOENIX YW BUYER, INC.",,,,,,,,,,,,,,,,,,,,MFIC,2025-11-06,MFIC,2025-11-06
"PMA Parent Holdings, LLC",,,,,,,,,,,,,,,,,,,,MFIC,2025-11-06,MFIC,2025-11-06
"Poly-Wood, LLC",,,,,,,,,,,,,,,,,,,,MFIC,2025-11-06,MFIC,2025-11-06
Precision Refrigeration & Air Conditioning LLC,,,,,,,,,,,,,,,,,,,,MFIC,2025-11-06,MFIC,2025-11-06
"Project Comfort Buyer, Inc.",,,,,,,,,,,,,,,,,,,,MFIC,2025-11-06,MFIC,2025-11-06
"Protein For Pets Opco, LLC",,,,,,,,,,,,,,,,,,,,MFIC,2025-11-06,MFIC,2025-11-06
"Purchasing Power Funding I, LLC",,,,,,,,,,,,,,,,,,,,MFIC,2025-11-06,MFIC,2025-11-06
"R.F. Fager Company, LLC",,,,,,,,,,,,,,,,,,,,MFIC,2025-11-06,MFIC,2025-11-06
"Rarebreed Veterinary Partners, Inc.",,Healthcare,5.0%,,,,,,,,,,,,,,,,,MFIC,2025-11-06,MFIC,2025-11-06
Regis Corp.,,,,,,,,,,,,,,,,,,,,MFIC,2025-11-06,MFIC,2025-11-06
"Relevant Industrial, LLC",,Industrials,,,,,,,,,,,,,,,,,,MFIC,2025-11-06,MFIC,2025-11-06
RHI Acquisition LLC,,,,,,,,,,,,,,,,,,,,MFIC,2025-11-06,MFIC,2025-11-06
"Riverbed Technology, Inc.",,Software & Technology,,,,,,,,,,,,,,,,,,MFIC,2025-11-06,MFIC,2025-11-06
RoC Holdco LLC,,,,,,,,,,,,,,,,,,,,MFIC,2025-11-06,MFIC,2025-11-06
"Ronnoco Holdings, Inc.",,,,,,,,,,,,,,,,,,,,MFIC,2025-11-06,MFIC,2025-11-06
"Roscoe Medical, Inc.",,Healthcare,,,,,,,,,,,,,,,,,,MFIC,2025-11-06,MFIC,2025-11-06
Saffron Bidco Ltd*,,,,,,,,,,,,,,,,,,,,MFIC,2025-11-06,MFIC,2025-11-06
"SEV Intermediate Holdco, LLC",,Media & Entertainment,,,,,,,,,,,,,,,,,,MFIC,2025-11-06,MFIC,2025-11-06
Shelby 2021 Holdings Corp.,,,,,,,,,,,,,,,,,,,,MFIC,2025-11-06,MFIC,2025-11-06
Shout! Factory LLC,,,,,,,,,,,,,,,,,,,,MFIC,2025-11-06,MFIC,2025-11-06
Sigma Buyer LLC,,,,,,,,,,,,,,,,,,,,MFIC,2025-11-06,MFIC,2025-11-06
"Simeio Group Holdings, Inc.",,,,,,,,,,,,,,,,,,,,MFIC,2025-11-06,MFIC,2025-11-06
"Smith Topco, Inc.",,,,,,,,,,,,,,,,,,,,MFIC,2025-11-06,MFIC,2025-11-06
"Space Finco, Inc.",,,,,,,,,,,,,,,,,,,,MFIC,2025-11-06,MFIC,2025-11-06
"Sperry Acquisition, LLC",,,,,,,,,,,,,,,,,,,,MFIC,2025-11-06,MFIC,2025-11-06
"Summer Fridays, LLC",,,,,,,,,,,,,,,,,,,,MFIC,2025-11-06,MFIC,2025-11-06
"Surf Opco, LLC",,,,,,,,,,,,,,,,,,,,MFIC,2025-11-06,MFIC,2025-11-06
Tasty Chick'n LLC,,,,,,,,,,,,,,,,,,,,MFIC,2025-11-06,MFIC,2025-11-06
TCW Midco LLC,,,,,,,,,,,,,,,,,,,,MFIC,2025-11-06,MFIC,2025-11-06
"TeamLINX Buyer, LLC",,,,,,,,,,,,,,,,,,,,MFIC,2025-11-06,MFIC,2025-11-06
"TELA Bio, Inc.",,,,,,,,,,,,,,,,,,,,MFIC,2025-11-06,MFIC,2025-11-06
"Telesoft Holdings, LLC",,,,,,,,,,,,,,,,,,,,MFIC,2025-11-06,MFIC,2025-11-06
TerSera Therapeutics LLC,,Healthcare,,,,,,,,,,,,,,,,,,MFIC,2025-11-06,MFIC,2025-11-06
Texada Software LLC,,Software & Technology,,,,,,,,,,,,,,,,,,MFIC,2025-11-06,MFIC,2025-11-06
The North Highland Company LLC,,,,,,,,,,,,,,,,,,,,MFIC,2025-11-06,MFIC,2025-11-06
THLP CO. LLC,,,,,,,,,,,,,,,,,,,,MFIC,2025-11-06,MFIC,2025-11-06
"Thomas Scientific, LLC",,,,,,,,,,,,,,,,,,,,MFIC,2025-11-06,MFIC,2025-11-06
Titan Luxco I SARL,,,,,,,,,,,,,,,,,,,,MFIC,2025-11-06,MFIC,2025-11-06
Titan Luxco I SARL*,,,,,,,,,,,,,,,,,,,,MFIC,2025-11-06,MFIC,2025-11-06
"Traffic Management Solutions, LLC",,Business Services,,,,,,,,,,,,,,,,,,MFIC,2025-11-06,MFIC,2025-11-06
"Treace Medical Concepts, Inc.",,Healthcare,,,,,,,,,,,,,,,,,,MFIC,2025-11-06,MFIC,2025-11-06
Trench Plate Rental Co.,,,,,,,,,,,,,,,,,,,,MFIC,2025-11-06,MFIC,2025-11-06
Trillium Health Care Products Inc.,,Healthcare,,,,,,,,,,,,,,,,,,MFIC,2025-11-06,MFIC,2025-11-06
Trillium Health Care Products Inc.*,,Healthcare,,,,,,,,,,,,,,,,,,MFIC,2025-11-06,MFIC,2025-11-06
"Truck-Lite Co., LLC",,,4.0%,,,,,,,,,,,,,,,,,MFIC,2025-11-06,MFIC,2025-11-06
"TS Investors, LLC",,,,,,,,,,,,,,,,,,,,MFIC,2025-11-06,MFIC,2025-11-06
"Turbo Buyer, Inc.",,,,,,,,,,,,,,,,,,,,MFIC,2025-11-06,MFIC,2025-11-06
Ultra Clean Holdco LLC,,,,,,,,,,,,,,,,,,,,MFIC,2025-11-06,MFIC,2025-11-06
"Unchained Labs, LLC",,,,,,,,,,,,,,,,,,,,MFIC,2025-11-06,MFIC,2025-11-06
"Uniguest Holdings, Inc.",,,,,,,,,,,,,,,,,,,,MFIC,2025-11-06,MFIC,2025-11-06
"Uplight, Inc.",,,,,,,,,,,,,,,,,,,,MFIC,2025-11-06,MFIC,2025-11-06
US MetalCo Holdings LLC,,Industrials,,,,,,,,,,,,,,,,,,MFIC,2025-11-06,MFIC,2025-11-06
"USLS Acquisition, Inc.",,,,,,,,,,,,,,,,,,,,MFIC,2025-11-06,MFIC,2025-11-06
"Village Pet Care, LLC",,Consumer & Retail,,,,,,,,,,,,,,,,,,MFIC,2025-11-06,MFIC,2025-11-06
Vixxo Corp.,,,,,,,,,,,,,,,,,,,,MFIC,2025-11-06,MFIC,2025-11-06
"Vybond Buyer, LLC",,,,,,,,,,,,,,,,,,,,MFIC,2025-11-06,MFIC,2025-11-06
"WC ORS Buyer, Inc.",,,,,,,,,,,,,,,,,,,,MFIC,2025-11-06,MFIC,2025-11-06
"WelldyneRX, LLC",,,,,,,,,,,,,,,,,,,,MFIC,2025-11-06,MFIC,2025-11-06
"WH BorrowerCo, LLC",,,,,,,,,,,,,,,,,,,,MFIC,2025-11-06,MFIC,2025-11-06
WildBrain Ltd.,,,,,,,,,,,,,,,,,,,,MFIC,2025-11-06,MFIC,2025-11-06
Zafin Labs Americas Inc.,,,,,,,,,,,,,,,,,,,,MFIC,2025-11-06,MFIC,2025-11-06
"Zendesk, Inc.",,,8.0%,,,,,,,,,,,,,,,,,MFIC,2025-11-06,MFIC,2025-11-06
"Zephyr Buyer, LP.",,,,,,,,,,,,,,,,,,,,MFIC,2025-11-06,MFIC,2025-11-06
AHP Timberwolf Bidco Corp.,,,,,,,,,,,,,,,,,,,,MFIC,2025-11-06,MFIC,2025-11-06
"Anaplan, Inc.",,,,,,,,,,,,,,,,,,,,MFIC,2025-11-06,MFIC,2025-11-06
"Aspen Aerogels, Inc.",,,,,,,,,,,,,,,,,,,,MFIC,2025-11-06,MFIC,2025-11-06
"Avalara, Inc.",,,,,,,,,,,,,,,,,,,,MFIC,2025-11-06,MFIC,2025-11-06
"Banner Buyer, LLC",,,,,,,,,,,,,,,,,,,,MFIC,2025-11-06,MFIC,2025-11-06
Beacon Mobility Corp.,,,,,,,,,,,,,,,,,,,,MFIC,2025-11-06,MFIC,2025-11-06
Biamp,,,,,,,,,,,,,,,,,,,,MFIC,2025-11-06,MFIC,2025-11-06
Blue Jay Transit Inc.,,,,,,,,,,,,,,,,,,,,MFIC,2025-11-06,MFIC,2025-11-06
"CSC Holdings, LLC",,,23.0%,,,,,,,,,,,,,,,,,MFIC,2025-11-06,MFIC,2025-11-06
"Cave Enterprises Operations, LLC",,,,,,,,,,,,,,,,,,,,MFIC,2025-11-06,MFIC,2025-11-06
ChyronHego US Holding Corp.*,,,,,,,,,,,,,,,,,,,,MFIC,2025-11-06,MFIC,2025-11-06
Compu-Link Corp.,,,,,,,,,,,,,,,,,,,,MFIC,2025-11-06,MFIC,2025-11-06
GAT-Airline Ground Support Inc.,,Transportation & Logistics,,,,,,,,,,,,,,,,,,MFIC,2025-11-06,MFIC,2025-11-06
GI Apple Midco LLC,,,,,,,,,,,,,,,,,,,,MFIC,2025-11-06,MFIC,2025-11-06
GS SEER Group Borrower LLC,,,,,,,,,,,,,,,,,,,,MFIC,2025-11-06,MFIC,2025-11-06
"Generator Buyer, Inc.*",,,27.0%,,,,,,,,,,,,,,,,,MFIC,2025-11-06,MFIC,2025-11-06
"Graffiti Buyer, Inc.",,,,,,,,,,,,,,,,,,,,MFIC,2025-11-06,MFIC,2025-11-06
Guernsey Holdings SDI LA LLC,,,,,,,,,,,,,,,,,,,,MFIC,2025-11-06,MFIC,2025-11-06
"HRO (Hero Digital) Holdings, LLC",,,3.0%,,,,,,,,,,,,,,,,,MFIC,2025-11-06,MFIC,2025-11-06
"Heritage Environmental Services, Inc.",,Environmental Services,4.0%,,,,,,,,,,,,,,,,,MFIC,2025-11-06,MFIC,2025-11-06
"High Street Buyer, Inc.",,,,,,,,,,,,,,,,,,,,MFIC,2025-11-06,MFIC,2025-11-06
"HomeRenew Buyer, Inc.",,,,,,,,,,,,,,,,,,,,MFIC,2025-11-06,MFIC,2025-11-06
"JF Acquisition, LLC",,,,,,,,,,,,,,,,,,,,MFIC,2025-11-06,MFIC,2025-11-06
"Kauffman Intermediate, LLC",,Media & Entertainment,2.0%,,,,,,,,,,,,,,,,,MFIC,2025-11-06,MFIC,2025-11-06
LendingPoint LLC,,Financial Services,,,,,,,,,,,,,,,,,,MFIC,2025-11-06,MFIC,2025-11-06
Momentx Corp.,,,,,,,,,,,,,,,,,,,,MFIC,2025-11-06,MFIC,2025-11-06
"Omada Health, Inc.",,,5.0%,,,,,,,,,,,,,,,,,MFIC,2025-11-06,MFIC,2025-11-06
"Omnimax International, LLC",,,,,,,,,,,,,,,,,,,,MFIC,2025-11-06,MFIC,2025-11-06
"PHS Buyer, Inc.",,,,,,,,,,,,,,,,,,,,MFIC,2025-11-06,MFIC,2025-11-06
"Pave America Interco, LLC",,,,,,,,,,,,,,,,,,,,MFIC,2025-11-06,MFIC,2025-11-06
"Pro-Vigil Holding Company, LLC",,,,,,,,,,,,,,,,,,,,MFIC,2025-11-06,MFIC,2025-11-06
"Rarebreed Veterinary Partners, Inc.",,Healthcare,,,,,,,,,,,,,,,,,,MFIC,2025-11-06,MFIC,2025-11-06
"SI Holdings, Inc.",,,,,,,,,,,,,,,,,,,,MFIC,2025-11-06,MFIC,2025-11-06
"Sysnet North America, Inc.",,,,,,,,,,,,,,,,,,,,MFIC,2025-11-06,MFIC,2025-11-06
"Truck-Lite Co., LLC",,,,,,,,,,,,,,,,,,,,MFIC,2025-11-06,MFIC,2025-11-06
"Zendesk, Inc.",,,5.0%,,,,,,,,,,,,,,,,,MFIC,2025-11-06,MFIC,2025-11-06
"Zinnia Corporate Holdings, LLC",,,,,,,,,,,,,,,,,,,type_hint_corporate_from_name,MFIC,2025-11-06,MFIC,2025-11-06
Senior Secured Facility,,,,,,,,,2029-10-17,1660000,,1084913,,,,,,,,MFIC,2025-11-06,MFIC,2025-11-06
MFIC Bethesda CLO I LLC,,,,,,,,,2035-10-23,232000,,232116,,,,,,,,MFIC,2025-11-06,MFIC,2025-11-06
MFIC Bethesda CLO 2 LLC,,,,,,,,,2037-01-23,399000,,398227,,,,,,,,MFIC,2025-11-06,MFIC,2025-11-06
2026 Notes,,,,,,,,,2026-07-16,125000,,123375,,,,,,,,MFIC,2025-11-06,MFIC,2025-11-06
2028 Notes,,,,,,,,,2028-12-15,80000,,80608,,,,,,,,MFIC,2025-11-06,MFIC,2025-11-06
Deferred Financing Costs and Debt Discount,,,,,,,,,,,,,,,,,,,,MFIC,2025-11-06,MFIC,2025-11-06
