company_name,company_id,investment_type,industry,cash_rate,pik_rate,reference_rate,spread,acquisition_date,maturity_date,principal_amount,amortized_cost,fair_value,percent_of_net_assets,cost,commitment_limit,undrawn_commitment,ticker,filing_date
Ultima Health Holdings LLC,co_3ca9840b7eec,Preferred Equity,Consumer Products,,,N/A,,2022-09-12,,,273,209,0.0002,273,,,NCDL,2025-02-27
Oliver Packaging,co_6bd17b3e30e5,Common Equity,Packaging,,,N/A,,2022-07-06,,,1023,640,0.0009,1023,,,NCDL,2025-02-27
Specialized Packaging Group,co_21d3d7e9669e,Common Equity,Packaging,,,N/A,,2020-12-17,,,148,182,0.0002,148,,,NCDL,2025-02-27
AG MDC Holdings Inc,co_f196ecb727fd,Common Equity,Healthcare Services,,,N/A,,2023-02-07,,,245,177,0.0002,245,,,NCDL,2025-02-27
Anne Arundel,co_42c140a3d3ea,Common Equity,Healthcare Services,,,N/A,,2023-09-14,,,880,2,0,880,,,NCDL,2025-02-27
Health Management Associates,co_a7df3a680e4d,Common Equity,Healthcare Services,,,N/A,,2023-03-31,,,400,427,0.0006,400,,,NCDL,2025-02-27
REP HS Topco Holdings,co_969b0c92ab68,Partnership Interest,Healthcare Services,,,N/A,,2023-08-31,,,577,645,0.0009,577,,,NCDL,2025-02-27
ITSavvy LLC,co_22986323e453,Common Equity,Software,,,N/A,,2022-08-08,,,522,1250,0.0017,522,,,NCDL,2025-02-27
Solve Industrial Motion Group,co_402ccee6e51f,Common Equity,Software,,,N/A,,2021-06-30,,,313,210,0.0003,313,,,NCDL,2025-02-27
Apex Companies Holdings LLC,co_aabaaa474c90,Common Equity,Business Services,,,N/A,,2023-01-31,,,117,127,0.0002,117,,,NCDL,2025-02-27
BroadcastMed Holdco LLC,co_a161ced62168,Preferred Equity,Business Services,,,N/A,,2022-10-04,,,853,888,0.0012,853,,,NCDL,2025-02-27
BroadcastMed Holdco LLC,co_a161ced62168,Preferred Equity,Media & Entertainment,,,N/A,,2022-10-04,,853,665,0.07,,,,,NCDL,2025-02-27
Career Now,co_ee42aef45a7d,Partnership Interest,Business Services,,,N/A,,2023-10-14,,,22,,0,22,,,NCDL,2025-02-27
Career Now,co_ee42aef45a7d,Common Equity,Business Services,,,N/A,,2021-09-30,,,624,,0,624,,,NCDL,2025-02-27
E78,co_a77e1f5df75e,Common Equity,Business Services,,,N/A,,2021-12-01,,,860,,,,,,NCDL,2025-02-27
American Student Transportation Partners Inc,co_b861f25a5da1,Subordinated Debt,Transportation & Logistics,10.00%,3.00%,N/A,,2023-01-31,2029-09-11,2264,2217,2212,0.0023,2217,,,NCDL,2025-02-27
EVDR Purchaser Inc (Alternative Logistics Technologies Buyer LLC),co_5a268e43a0b5,First Lien,Transportation & Logistics,9.86%,,SOFR,5.50%,,2031-02-14,,,1.07,,,,,NCDL,2025-02-27
EVDR Purchaser Inc (Alternative Logistics Technologies Buyer LLC),co_5a268e43a0b5,Delayed Draw,Transportation & Logistics,9.86%,,SOFR,5.50%,,2031-02-14,3040,,,0,,,,NCDL,2025-02-27
CRCI Longhorn Holdings Inc (CRCI Holdings Inc),co_145a4d0582fe,First Lien,Energy & Utilities,9.36%,,SOFR,5.00%,,2031-08-27,10460,10358,10488,0.0108,10358,,,NCDL,2025-02-27
CRCI Longhorn Holdings Inc (CRCI Holdings Inc),co_145a4d0582fe,Delayed Draw,Energy & Utilities,9.36%,,SOFR,5.00%,,2031-08-27,2615,,7,0,,,,NCDL,2025-02-27
CRCI Longhorn Holdings Inc (CRCI Holdings Inc),co_145a4d0582fe,Revolver,Energy & Utilities,9.36%,,SOFR,5.00%,,2031-08-27,1925,848,872,0.0009,848,,,NCDL,2025-02-27
DMC Holdco LLC (DMC Power),co_115667ae7029,First Lien,Energy & Utilities,10.15%,,SOFR,5.75%,,2029-07-13,4950,4889,4979,0.0051,4889,,,NCDL,2025-02-27
DMC HoldCo LLC (DMC Power),co_115667ae7029,First Lien,Energy & Utilities,11.39%,,SOFR,6.00%,,2029-07-13,5000,4927,4981,0.0067,,,,NCDL,2025-02-27
DMC Holdco LLC (DMC Power),co_115667ae7029,Delayed Draw,Energy & Utilities,10.15%,,SOFR,5.75%,,2029-07-13,1671,,10,0,,,,NCDL,2025-02-27
DMC HoldCo LLC (DMC Power) (Delayed Draw),co_115667ae7029,Delayed Draw,Energy & Utilities,11.39%,,SOFR,6.00%,,2029-07-13,1671,,,,,,,NCDL,2025-02-27
Pinnacle Supply Partners LLC,co_31ff86707861,First Lien,Energy & Utilities,10.81%,,SOFR,6.25%,,2030-04-03,6268,6167,6168,0.0064,6167,,,NCDL,2025-02-27
Pinnacle Supply Partners LLC,co_31ff86707861,First Lien,Energy & Utilities,11.47%,,SOFR,6.00%,,2030-04-03,6332,6214,6287,0.0084,,,,NCDL,2025-02-27
ALKU Intermediate Holdings LLC,co_baf3bda53e97,First Lien,Business Services,10.50%,,SOFR,6.25%,,2029-05-23,4474,4401,4512,0.0047,,,,NCDL,2025-02-27
Apex Companies Holdings LLC,co_aabaaa474c90,Subordinated Debt,Business Services,10.00%,2.50%,N/A,,2029-01-31,3964,3879,3953,0.53,,,,,NCDL,2025-02-27
Apex Companies Holdings LLC (Delayed Draw),co_aabaaa474c90,Subordinated Debt,Business Services,10.00%,2.50%,N/A,,2029-01-31,1197,69,79,0.01,,,,,NCDL,2025-02-27
ARMstrong (Delayed Draw),co_7ff26ca7636f,First Lien,Business Services,11.70%,,SOFR,6.25%,,2029-10-06,3847,,,-0.01,,,,NCDL,2025-02-27
ARMstrong,co_7ff26ca7636f,First Lien,Business Services,11.70%,,SOFR,6.25%,,2029-10-06,11447,11279,11284,0.0151,,,,NCDL,2025-02-27
Big Truck Rental,co_155552a0ea6d,Subordinated Debt,Business Services,13.47%,,SOFR,8.00%,,2027-09-30,10000,9858,10000,0.0134,,,,NCDL,2025-02-27
Big Truck Rental,co_155552a0ea6d,Subordinated Debt,Business Services,13.47%,,SOFR,8.00%,,2027-09-30,2500,2500,2500,0.0033,,,,NCDL,2025-02-27
Bounteous,co_b8df7bf20faa,First Lien,Business Services,10.74%,,SOFR,5.25%,,2027-08-02,5347,5310,5083,0.0068,,,,NCDL,2025-02-27
Bounteous,co_b8df7bf20faa,First Lien,Business Services,10.74%,,SOFR,5.25%,,2027-08-02,2189,2173,2080,0.0028,,,,NCDL,2025-02-27
Bounteous (Delayed Draw),co_b8df7bf20faa,First Lien,Business Services,10.74%,,SOFR,5.25%,,2027-08-02,2768,2750,2631,0.0035,,,,NCDL,2025-02-27
Bardstown PPC Buyer LLC,co_03e8fc2a6a3e,Common Equity,Food & Beverage,,,N/A,,2022-07-13,,,,,,0.26,,,NCDL,2025-02-27
VCP Tech24 Co-Invest Aggregator LP,co_44298d33d695,Common Equity,Food & Beverage,,,N/A,,2023-10-05,,,954,957,0.001,954,,,NCDL,2025-02-27
WPP Fairway Aggregator B LP,co_ed31b48d9565,Common Equity,Food & Beverage,,,N/A,,2022-10-03,,,5,,,5,,,NCDL,2025-02-27
WPP Fairway Aggregator B LP,co_ed31b48d9565,Preferred Equity,Food & Beverage,,,N/A,,2022-10-03,,,698,581,0.0006,698,,,NCDL,2025-02-27
CMG HoldCo LLC,co_943cc587e1a3,Common Equity,Manufacturing,,,N/A,,2022-05-19,,,249,858,0.0009,249,,,NCDL,2025-02-27
EFC Holdings LLC,co_a4a510073eb3,Common Equity,Manufacturing,,,N/A,,2023-03-01,,,60,129,0.0001,60,,,NCDL,2025-02-27
EFC Holdings LLC,co_a4a510073eb3,Preferred Equity,Manufacturing,,,N/A,,2023-03-01,,,148,172,0.0002,148,,,NCDL,2025-02-27
E-Tech Holdings partnership LP,co_dbd0806abbd4,Partnership Interest,Manufacturing,,,N/A,,2024-05-22,,,1000,714,0.0007,1000,,,NCDL,2025-02-27
Lapmaster Co-Investment LLC,co_b65891a13fc0,Common Equity,Manufacturing,,,N/A,,2022-10-05,,,3750,6214,0.0064,3750,,,NCDL,2025-02-27
Erie Construction LLC,co_f5c719a30210,Common Equity,Construction & Engineering,,,N/A,,2021-09-03,,,166,535,0.0006,166,,,NCDL,2025-02-27
Oceansound Partners Co-Invest II LP,co_e59d93c1ded5,Common Equity,Construction & Engineering,,,N/A,,2023-05-26,,,1272,1678,0.0017,1272,,,NCDL,2025-02-27
OSP Gannett Aggregator LP,co_b8f765001160,Partnership Interest,Construction & Engineering,,,N/A,,2022-12-20,,,895,1180,0.0012,895,,,NCDL,2025-02-27
RPI Investments LP,co_7bd4c1529747,Partnership Interest,Construction & Engineering,,,N/A,,2024-11-27,,,100,1,,,,,NCDL,2025-02-27
North Haven Terrapin IntermediateCo (Apex Companies),co_0dc1c4df91b4,Common Equity,Business Services,,,,N/A,,2023-01-31,,,,0.0001,,,,NCDL,2025-02-27
OSG Topco Holdings (Output Services Group),co_9c8749dc558a,Common Equity,Business Services,,,,N/A,,2023-11-30,,,833,,0.08,833,,NCDL,2025-02-27
Entomo Brands Acquisitions (Palmetto Exterminators),co_81d49c8742e1,Common Equity,Business Services,,,,N/A,,2023-07-31,,,1117,,0.11,1117,,NCDL,2025-02-27
FS NU Investors (NearU),co_fa428c66bcda,Common Equity,Business Services,,,,N/A,,2022-08-11,,,243,,0.02,243,,NCDL,2025-02-27
Legacy Parent Holdings (Legacy Service Partners),co_a05f5303e092,Common Equity,Business Services,,,,N/A,,2023-01-09,,,491,,0.07,491,,NCDL,2025-02-27
Perennial Services Investors (Perennial Services Group),co_84dba812b909,Common Equity,Business Services,,,,N/A,,2023-09-08,,,778,,0.09,778,,NCDL,2025-02-27
Repipe Aggregator (Repipe Specialists),co_d8f5c6e9e994,Common Equity,Business Services,,,,N/A,,2022-03-31,,,253,0.48,0,253,,NCDL,2025-02-27
CMP Ren Partners I-A (LMI Consulting),co_0bea07dd5b88,Partnership Interest,Business Services,,,,N/A,,2022-06-30,,,634,,0.11,634,,NCDL,2025-02-27
REP RO Coinvest IV-A (RoadOne),co_91a43b1db9ba,Partnership Interest,Transportation & Logistics,,,,N/A,,2022-12-29,,,939,,0.07,939,,NCDL,2025-02-27
Red Griffin TopCo (Seko Global Logistics),co_e6865ea2a999,Partnership Interest,Transportation & Logistics,,,,N/A,,2024-11-27,,,2820,,0.29,2820,,NCDL,2025-02-27
Red Griffin TopCo (Seko Global Logistics),co_e6865ea2a999,Partnership Interest,Transportation & Logistics,,,,N/A,,2024-11-27,,,1481,,0.15,1481,,NCDL,2025-02-27
ASTP Holdings CO-Investment (American Student Transportation Partners),co_ea1fec12070f,Partnership Interest,Transportation & Logistics,,,,N/A,,2023-09-11,,,102,,,,,NCDL,2025-02-27
MDC Intermediate Holdings II LLC (Mosaic Dental),co_fba81b56ef76,Subordinated Debt,Healthcare Services,10.00%,2.25%,N/A,,2030-02-07,,,,0.18,,,,,NCDL,2025-02-27
MDC Intermediate Holdings II LLC,co_fba81b56ef76,Subordinated Debt,Healthcare Services,10.00%,2.25%,N/A,,2030-02-07,1749,1711,1690,0.23,,,,,NCDL,2025-02-27
MDC Intermediate Holdings II LLC (Delayed Draw),co_fba81b56ef76,Subordinated Debt,Healthcare Services,10.00%,2.25%,N/A,,2030-02-07,721,160,143,0.02,,,,,NCDL,2025-02-27
MDC Intermediate Holdings II LLC (Mosaic Dental),co_fba81b56ef76,Delayed Draw,Healthcare Services,12.25%,,N/A,,2030-02-07,477,473,458,0.05,,,,,NCDL,2025-02-27
Midwest Eye Services LLC,co_f2538a38771e,First Lien,Healthcare Services,8.96%,,SOFR,4.50%,,2027-08-20,8929,8886,8923,0.0092,8886,,,NCDL,2025-02-27
Promptcare Infusion Buyer Inc,co_f19ea828134f,Delayed Draw,Healthcare Services,10.44%,,SOFR,6.00%,,2027-09-01,2868,1430,1430,0.0015,1430,,,NCDL,2025-02-27
Promptcare Infusion Buyer Inc,co_f19ea828134f,Delayed Draw,Healthcare Services,10.44%,,SOFR,6.00%,,2027-09-01,1265,1262,1265,0.0013,1262,,,NCDL,2025-02-27
Promptcare Infusion Buyer Inc,co_f19ea828134f,First Lien,Healthcare Services,10.44%,,SOFR,6.00%,,2027-09-01,8120,8077,8120,0.0084,8077,,,NCDL,2025-02-27
QHR Health LLC,co_e8afc69dcb82,First Lien,Healthcare Services,9.93%,,SOFR,5.25%,,2027-05-28,7601,7560,7675,0.0079,7560,,,NCDL,2025-02-27
QHR Health LLC,co_e8afc69dcb82,First Lien,Healthcare Services,9.71%,,SOFR,5.25%,,2027-05-28,3215,3180,3246,0.0033,3180,,,NCDL,2025-02-27
QHR Health LLC,co_e8afc69dcb82,Delayed Draw,Healthcare Services,9.71%,,SOFR,5.25%,,2027-05-28,3215,3210,3246,0.0033,3210,,,NCDL,2025-02-27
Young Innovations,co_4ba3ef55aa7c,First Lien,Healthcare Services,11.09%,,SOFR,5.75%,,2029-12-01,,,,0.0219,,,,NCDL,2025-02-27
Acclaim MidCo LLC (dba ClaimLogiQ),co_ee5d5aad463e,First Lien,Software,11.35%,,SOFR,6.00%,,2029-06-13,8021,7870,7951,0.0106,7870,,,NCDL,2025-02-27
Acclaim MidCo LLC (dba ClaimLogiQ),co_ee5d5aad463e,Delayed Draw,Software,11.35%,,SOFR,6.00%,,2029-06-13,3225,,,,,,,NCDL,2025-02-27
Argano LLC,co_92f5907f0670,First Lien,Software,11.69%,,SOFR,5.50%,,2026-06-10,5634,5602,5510,0.0074,5602,,,NCDL,2025-02-27
Argano LLC,co_92f5907f0670,Delayed Draw,Software,11.69%,,SOFR,5.50%,,2026-06-10,2494,2494,2440,0.0033,2494,,,NCDL,2025-02-27
Argano LLC,co_92f5907f0670,Delayed Draw,Software,11.69%,,SOFR,5.50%,,2026-06-10,1705,1676,1667,0.0022,1676,,,NCDL,2025-02-27
Diligent Corporation,co_043d566b8b97,First Lien,Software,11.78%,,SOFR,6.25%,,2025-07-31,12469,12451,12366,0.0165,12451,,,NCDL,2025-02-27
Diligent Corporation,co_043d566b8b97,First Lien,Software,11.28%,,SOFR,5.75%,,2025-07-31,3387,3372,3334,0.0045,3372,,,NCDL,2025-02-27
Diligent Corporation,co_043d566b8b97,First Lien,Software,11.28%,,SOFR,5.75%,,2025-08-04,1476,1469,1453,0.0019,1469,,,NCDL,2025-02-27
VRC Companies LLC,co_0df1ee612826,First Lien,Business Services,10.27%,,SOFR,5.75%,,2027-06-29,331,328,329,0.0003,328,,,NCDL,2025-02-27
VSTG Intermediate Holdings Inc,co_e1fcea2b30e7,First Lien,Business Services,9.08%,,SOFR,4.75%,,2029-07-13,4939,4917,4989,0.0051,4917,,,NCDL,2025-02-27
360 Holdco Inc,co_34eb254d9eae,First Lien,Consumer Products,9.36%,,SOFR,5.00%,,2028-08-02,3438,3408,3438,0.0035,3408,,,NCDL,2025-02-27
360 Holdco Inc,co_34eb254d9eae,Delayed Draw,Consumer Products,9.36%,,SOFR,5.00%,,2028-08-02,3093,,,,,,,NCDL,2025-02-27
ADPD Holdings LLC,co_de28658ba3d0,First Lien,Consumer Products,11.03%,,SOFR,6.00%,,2028-08-16,9307,9268,8862,0.0091,9268,,,NCDL,2025-02-27
ADPD Holdings LLC,co_de28658ba3d0,Delayed Draw,Consumer Products,11.03%,,SOFR,6.00%,,2028-08-16,709,,,,,,,NCDL,2025-02-27
ADPD Holdings LLC,co_de28658ba3d0,Delayed Draw,Consumer Products,11.03%,,SOFR,6.00%,,2028-08-16,1427,,,,0.01,,,NCDL,2025-02-27
AMS Parent LLC,co_567dc6d67734,First Lien,Consumer Products,9.47%,,SOFR,5.00%,,2028-10-25,5204,5172,5175,0.0053,5172,,,NCDL,2025-02-27
Apex Service Partners LLC,co_443c5661a0e9,Delayed Draw,Consumer Products,9.50%,,SOFR,5.00%,,2030-10-24,154,44,43,,44,,,NCDL,2025-02-27
MBS Holdings Inc,co_1f4d56e6b50c,First Lien,Telecommunications,11.34%,,SOFR,6.50%,,2027-04-16,,,0.14,,,,,NCDL,2025-02-27
Mobile Communications America Inc,co_c7c52650ef3a,First Lien,Telecommunications,9.86%,,SOFR,5.25%,,2029-10-16,18320,18110,18466,0.019,,,,NCDL,2025-02-27
Mobile Communications America Inc,co_c7c52650ef3a,Delayed Draw,Telecommunications,9.86%,,SOFR,5.25%,,2029-10-16,5965,1102,1186,0.0012,,,,NCDL,2025-02-27
Sapphire Telecom Inc,co_9f275a5c1df6,First Lien,Telecommunications,9.33%,,SOFR,5.00%,,2029-06-27,19043,18867,19187,0.0198,,,,NCDL,2025-02-27
Tyto Athene LLC,co_50b51b48db1c,First Lien,Telecommunications,9.49%,,SOFR,4.75%,,2028-04-03,7157,7114,6952,0.0072,,,,NCDL,2025-02-27
Armstrong Midco LLC (Armstrong Transport Group),co_226711c7289b,Subordinated Debt,Transportation & Logistics,,17.00%,N/A,,2027-06-30,1108,1091,1083,0.11,,,,,NCDL,2025-02-27
Armstrong Transport Group LLC,co_9cc87cbf593b,Subordinated Debt,Transportation & Logistics,7.00%,7.00%,N/A,,2027-06-30,7618,7494,7450,0.77,,,,,NCDL,2025-02-27
A&R Logistics Holdings Inc (Quantix SCS LLC),co_c9a78b238f3f,First Lien,Transportation & Logistics,7.24%,4.25%,SOFR,2.50%,,2026-08-03,258,257,240,0.0002,,,,NCDL,2025-02-27
A&R Logistics Holdings Inc (Quantix SCS LLC),co_c9a78b238f3f,First Lien,Transportation & Logistics,7.24%,4.25%,SOFR,2.50%,,2026-08-03,895,894,832,0.0009,,,,NCDL,2025-02-27
Royal Holdco Corporation,co_43bc0e70a444,First Lien,Construction & Engineering,11.21%,,SOFR,5.75%,,2027-12-30,,,,0.0041,,,,NCDL,2025-02-27
Royal Holdco Corporation (RMA Companies),co_43bc0e70a444,First Lien,Construction & Engineering,10.44%,,SOFR,5.75%,,2027-12-30,3087,3053,3087,0.0032,3053,,,NCDL,2025-02-27
Sciens Building Solutions LLC,co_bebd41151779,First Lien,Construction & Engineering,11.23%,,SOFR,5.75%,,2027-12-15,9315,9183,9128,0.0122,,,,NCDL,2025-02-27
Sciens Building Solutions LLC,co_bebd41151779,Delayed Draw,Construction & Engineering,11.23%,,SOFR,5.75%,,2027-12-15,4915,3259,3193,0.0043,,,,NCDL,2025-02-27
WSB Engineering Holdings Inc,co_77655a3a2b9f,First Lien,Construction & Engineering,11.39%,,SOFR,6.00%,,2029-08-31,6519,6426,6424,0.0086,,,,NCDL,2025-02-27
WSB Engineering Holdings Inc,co_77655a3a2b9f,First Lien,Construction & Engineering,10.51%,,SOFR,6.00%,,2029-08-31,6454,6376,6432,0.0066,6376,,,NCDL,2025-02-27
WSB Engineering Holdings Inc,co_77655a3a2b9f,Delayed Draw,Construction & Engineering,11.39%,,SOFR,6.00%,,2029-08-31,4357,,,0.0001,,,,NCDL,2025-02-27
WSB Engineering Holdings Inc,co_77655a3a2b9f,Delayed Draw,Construction & Engineering,10.59%,,SOFR,6.00%,,2029-08-31,4325,3733,3743,0.0039,3733,,,NCDL,2025-02-27
Halo Buyer Inc,co_4d288827c1ed,First Lien,Consumer Products,9.96%,,SOFR,4.50%,,2025-06-28,5668,5641,4284,0.0057,,,,NCDL,2025-02-27
Halo Buyer Inc,co_4d288827c1ed,First Lien,Consumer Products,8.96%,,SOFR,4.50%,,2025-06-30,5607,5597,5348,0.0055,5597,,,NCDL,2025-02-27
Petmate,co_05d2dc31265e,First Lien,Consumer Products,11.23%,,SOFR,5.50%,,2028-09-15,9825,9753,5846,0.0078,,,,NCDL,2025-02-27
Xpressmyself.com LLC,co_d8227968b4ba,First Lien,Consumer Products,10.98%,,SOFR,5.50%,,2028-09-07,9875,9796,9701,0.013,,,,NCDL,2025-02-27
Xpressmyself.com LLC,co_d8227968b4ba,First Lien,Consumer Products,11.22%,,SOFR,5.75%,,2028-09-07,5025,4932,4983,0.0067,,,,NCDL,2025-02-27
XpressMyself.com LLC (SmartSign),co_d8227968b4ba,First Lien,Consumer Products,10.03%,,SOFR,5.50%,,2028-09-07,9775,9713,9775,0.0101,9713,,,NCDL,2025-02-27
XpressMyself.com LLC (SmartSign),co_d8227968b4ba,First Lien,Consumer Products,10.25%,,SOFR,5.75%,,2028-09-07,4974,4900,4974,0.0051,4900,,,NCDL,2025-02-27
Arcadia Consumer Health,co_b9d3e7a4c1e7,First Lien,Consumer Products,9.98%,,SOFR,4.50%,,2027-09-10,12604,12522,12192,0.016,,,,NCDL,2025-02-27
E78 (Delayed Draw),co_a77e1f5df75e,First Lien,Other,11.21%,,SOFR,5.75%,,2027-12-01,4210,4180,4127,0.0055,4180,,,NCDL,2025-02-27
E78 (Delayed Draw),co_a77e1f5df75e,First Lien,Other,11.21%,,SOFR,5.75%,,2027-12-01,3550,979,909,0.0012,979,,,NCDL,2025-02-27
Evergreen Services Group,co_312e4586db6e,First Lien,Other,11.70%,,SOFR,6.25%,,2029-06-15,11966,11766,11733,0.0157,11766,,,NCDL,2025-02-27
Evergreen Services Group (Delayed Draw),co_312e4586db6e,First Lien,Other,11.70%,,SOFR,6.25%,,2029-06-15,2863,2839,2807,0.0038,2839,,,NCDL,2025-02-27
Gabriel Partners LLC,co_9be7e9dc1db7,First Lien,Other,11.53%,,SOFR,5.75%,,2026-09-21,9192,9144,9192,0.0123,9144,,,NCDL,2025-02-27
Gabriel Partners LLC (Delayed Draw),co_9be7e9dc1db7,First Lien,Other,11.53%,,SOFR,5.75%,,2026-09-21,1531,1531,1531,0.002,1531,,,NCDL,2025-02-27
Gabriel Partners LLC (Incremental),co_9be7e9dc1db7,First Lien,Other,11.53%,,SOFR,5.75%,,2026-09-21,3794,3771,3794,0.0051,3771,,,NCDL,2025-02-27
Keng Acquisition Inc (Engage Group Holdings LLC),co_a97a97f266f2,First Lien,Other,11.60%,,SOFR,6.25%,,2029-08-01,9667,9526,9528,0.0127,9526,,,NCDL,2025-02-27
Clean Solutions Buyer Inc,co_c6cf73716dff,First Lien,Industrial Services,8.86%,,SOFR,4.50%,,2030-09-09,,,,0.001,,,,NCDL,2025-02-27
Engineered Fastener Company LLC (EFC International),co_12f04e7042c0,Subordinated Debt,Industrial Services,11.00%,2.50%,N/A,,2028-05-01,3269,3199,3266,0.34,,,,,NCDL,2025-02-27
FirstCall Mechanical Group LLC,co_c962844dacb6,Delayed Draw,Industrial Services,9.08%,,SOFR,4.75%,,2030-06-27,19984,6361,6196,0.0064,6361,,,NCDL,2025-02-27
FirstCall Mechanical Group LLC,co_c962844dacb6,First Lien,Industrial Services,9.08%,,SOFR,4.75%,,2030-06-27,9950,9857,9856,0.0102,9857,,,NCDL,2025-02-27
Heartland Home Services Inc (Helios Buyer Inc),co_ed8b22d2b973,First Lien,Industrial Services,10.43%,,SOFR,6.00%,,2026-12-15,6400,6375,6123,0.0063,6375,,,NCDL,2025-02-27
Heartland Home Services Inc (Helios Buyer Inc),co_ed8b22d2b973,Delayed Draw,Industrial Services,10.43%,,SOFR,6.00%,,2026-12-15,5550,5538,5310,0.0055,5538,,,NCDL,2025-02-27
Heartland Home Services Inc (Helios Buyer Inc),co_ed8b22d2b973,Delayed Draw,Industrial Services,10.43%,,SOFR,6.00%,,2026-12-15,2545,2545,2435,0.0025,2545,,,NCDL,2025-02-27
Hyperion Materials & Technologies Inc,co_928ce5c4c945,First Lien,Industrial Services,9.06%,,SOFR,4.50%,,2028-08-30,2627,2625,2588,0.0027,2625,,,NCDL,2025-02-27
Jetson Buyer Inc (E-Technologies Group Inc),co_43bb328579f5,First Lien,Industrial Services,9.86%,,SOFR,5.50%,,2030-04-09,7277,7209,7138,,,,,NCDL,2025-02-27
Royal Holdco Corporation (RMA Companies),co_43bc0e70a444,Delayed Draw,Construction & Engineering,10.31%,,SOFR,5.75%,,2027-12-30,,,0.32,,,,,NCDL,2025-02-27
ACP Tara Holdings Inc,co_cb7074f49d7a,First Lien,Consumer Products,8.93%,,SOFR,4.50%,,2027-09-10,12475,12415,12475,0.0129,12415,,,NCDL,2025-02-27
ACP Tara Holdings Inc,co_cb7074f49d7a,First Lien,Consumer Products,10.18%,,SOFR,5.75%,,2027-09-10,1706,1683,1706,0.,,,,NCDL,2025-02-27
Ridge Trail US Bidco Inc (Options IT),co_fd3b79aaf3cb,Revolver,Software,8.83%,,SOFR,4.50%,,2031-03-31,79,21,21,,,,,NCDL,2025-02-27
Smart Wave Technologies Inc,co_63dc0fadfcad,First Lien,Software,10.74%,,SOFR,6.00%,,2026-11-05,8725,8676,7579,0.0078,,,,NCDL,2025-02-27
Solve Industrial Motion Group LLC,co_402ccee6e51f,Subordinated Debt,Software,10.00%,2.00%,N/A,,2028-06-30,1888,1866,1787,0.18,,,,,NCDL,2025-02-27
Solve Industrial Motion Group LLC,co_402ccee6e51f,Subordinated Debt,Software,10.00%,2.50%,N/A,,2028-06-30,811,800,779,0.08,,,,,NCDL,2025-02-27
Solve Industrial Motion Group LLC,co_402ccee6e51f,Delayed Draw,Software,10.00%,2.00%,N/A,,2028-06-30,2162,2162,2046,0.21,,,,,NCDL,2025-02-27
Venture Buyer LLC (Velosio),co_a55af84312e0,First Lien,Software,9.84%,,SOFR,5.25%,,2030-03-01,6201,6147,6207,0.0064,,,,NCDL,2025-02-27
Venture Buyer LLC (Velosio),co_a55af84312e0,Delayed Draw,Software,9.84%,,SOFR,5.25%,,2030-03-01,1284,,1,,,,,NCDL,2025-02-27
Davidson Hotel Company LLC,co_1948a8954a8f,Delayed Draw,Hotels & Leisure,9.36%,,SOFR,5.00%,,2031-10-31,1052,,,,,,,NCDL,2025-02-27
Davidson Hotel Company LLC,co_1948a8954a8f,First Lien,Hotels & Leisure,9.36%,,SOFR,5.00%,,2031-10-31,3156,3125,3126,0.0032,,,,NCDL,2025-02-27
HemaSource Inc,co_cc8ff89c1256,Subordinated Debt,Healthcare Services,8.50%,5.00%,N/A,,2030-02-28,,,,0.69,,,,,NCDL,2025-02-27
InfuCare RX,co_299cc4952d50,First Lien,Healthcare Services,9.95%,,SOFR (S),4.50%,,2028-01-04,9248,9182,9045,0.0121,,,,NCDL,2025-02-27
Midwest Eye Consultants,co_447bfef01477,First Lien,Healthcare Services,10.04%,,SOFR (S),4.50%,,2027-08-20,9021,8962,8790,0.0118,,,,NCDL,2025-02-27
PromptCare,co_ada7c8bdae46,First Lien,Healthcare Services,11.46%,,SOFR (S),6.00%,,2027-09-01,8204,8121,8079,0.0108,,,,NCDL,2025-02-27
PromptCare (Delayed Draw),co_ada7c8bdae46,First Lien,Healthcare Services,11.46%,,SOFR (S),6.00%,,2027-09-01,1278,1271,1258,0.0017,,,,NCDL,2025-02-27
Quorum Health Resources LLC,co_c07e40a039ba,First Lien,Healthcare Services,11.50%,,SOFR (S),5.75%,,2027-05-28,7680,7627,7552,0.0101,,,,NCDL,2025-02-27
Quorum Health Resources LLC (Delayed Draw) (Incremental),co_c07e40a039ba,First Lien,Healthcare Services,11.68%,,SOFR (S),6.25%,,2027-05-28,3248,3240,3240,0.0043,,,,NCDL,2025-02-27
Wellspring Pharmaceutical Corporation,co_22c4265857f5,First Lien,Healthcare Services,9.43%,,SOFR,5.00%,,2028-08-22,1233,1215,1222,0.0013,,,,NCDL,2025-02-27
YI LLC (Young Innovations),co_46126441818e,First Lien,Healthcare Services,10.39%,,SOFR,5.75%,,2029-12-03,16386,16249,16244,0.0166,,,,NCDL,2025-02-27
YI LLC (Young Innovations),co_46126441818e,Delayed Draw,Healthcare Services,10.39%,,SOFR,5.75%,,2029-12-03,3448,,,,,,,NCDL,2025-02-27
Alta Buyer LLC (GoEngineer),co_9153d42d3a44,First Lien,Software,9.33%,,SOFR,5.00%,,2027-12-21,11454,11426,11363,0.0117,,,,NCDL,2025-02-27
Alta Buyer LLC (GoEngineer),co_9153d42d3a44,First Lien,Software,9.33%,,SOFR,5.00%,,2027-12-21,5338,5290,5295,0.0055,,,,NCDL,2025-02-27
Alta Buyer LLC (GoEngineer),co_9153d42d3a44,Delayed Draw,Software,9.33%,,SOFR,5.00%,,2027-12-21,3120,3102,3095,0.0032,,,,NCDL,2025-02-27
Cedar Services Group LLC (Evergreen Services Group II),co_f2a48822ef30,First Lien,Software,9.83%,,SOFR,5.50%,,2030-10-04,15994,15780,15994,0.0165,,,,NCDL,2025-02-27
Cedar Services Group LLC (Evergreen Services Group II),co_f2a48822ef30,Delayed Draw,Software,9.83%,,SOFR,5.50%,,2030-10-04,12931,12903,12931,0.0133,,,,NCDL,2025-02-27
Diligent Corporation (fka Diamond Merger Sub II Corp.),co_043d566b8b97,Delayed Draw,Software,10.09%,,SOFR,5.00%,,2030-08-02,3830,,25,,,,,NCDL,2025-02-27
Boulder Scientific Company LLC,co_7ec41b5c4bb6,First Lien,Chemicals,10.04%,,SOFR,4.50%,,2025-12-28,2064,2073,1996,0.0027,,,,NCDL,2025-02-27
Chroma Color Corporation,co_7681ee70b148,First Lien,Chemicals,10.63%,,SOFR,6.00%,,2029-04-23,6250,6153,6205,0.0064,,,,NCDL,2025-02-27
Chroma Color Corporation,co_7681ee70b148,First Lien,Chemicals,11.41%,,SOFR,6.00%,,2029-04-21,6314,6197,6199,0.0083,,,,NCDL,2025-02-27
Chroma Color Corporation,co_7681ee70b148,Delayed Draw,Chemicals,10.35%,,SOFR,6.00%,,2029-04-23,1379,1370,1369,0.0014,,,,NCDL,2025-02-27
Olympic Buyer Inc (Ascensus),co_142de5804239,First Lien,Chemicals,8.71%,,SOFR,4.35%,,2028-06-30,9631,9516,8132,0.0084,,,,NCDL,2025-02-27
TJC Spartech Acquisition Corp,co_0c3da60ba9b8,First Lien,Chemicals,9.41%,,SOFR,4.75%,,2028-05-06,14617,14563,10616,0.0109,,,,NCDL,2025-02-27
Athlete Buyer LLC (Allstar Holdings),co_a9e67690457e,Subordinated Debt,Construction & Engineering,10.00%,3.00%,N/A,,2030-04-26,2239,2187,2162,0.22,,,,,NCDL,2025-02-27
Athlete Buyer LLC (Allstar Holdings),co_a9e67690457e,Delayed Draw,Construction & Engineering,10.00%,3.00%,N/A,,2030-04-26,4263,4213,4114,0.42,,,,,NCDL,2025-02-27
Athlete Buyer LLC (Allstar Holdings),co_a9e67690457e,Delayed Draw,Construction & Engineering,10.00%,3.00%,N/A,,2030-04-26,5409,5344,5221,0.54,,,,,NCDL,2025-02-27
Cobalt Service Partners LLC,co_fae9c3b03889,Delayed Draw,Construction & Engineering,9.08%,,SOFR,4.75%,,2031-10-13,3165,137,123,0.0001,,,,NCDL,2025-02-27
Cobalt Service Partners LLC,co_fae9c3b03889,First Lien,Construction & Engineering,9.08%,,SOFR,4.75%,,2031-10-13,1835,1,,,,,,NCDL,2025-02-27
good2grow LLC,co_1179503fb063,First Lien,Packaging,10.16%,,SOFR,5.50%,,2027-12-01,4981,4927,4981,0.0051,,,,NCDL,2025-02-27
good2grow LLC,co_1179503fb063,First Lien,Packaging,9.41%,,SOFR,4.75%,,2027-12-01,14266,14149,14408,0.0148,,,,NCDL,2025-02-27
Ivex Holdco Inc (Specialized Packaging Group),co_4ee5f5f4196c,First Lien,Packaging,10.19%,,SOFR,5.50%,,2027-12-17,4365,4336,4333,0.0045,,,,NCDL,2025-02-27
Ivex Holdco Inc (Specialized Packaging Group),co_4ee5f5f4196c,First Lien,Packaging,10.99%,,SOFR,6.25%,,2027-12-17,6825,6777,6776,0.007,,,,NCDL,2025-02-27
Ivex Holdco Inc (Specialized Packaging Group),co_4ee5f5f4196c,First Lien,Packaging,10.49%,,SOFR,5.75%,,2027-12-17,3291,3271,3267,0.0034,,,,NCDL,2025-02-27
Ivex Holdco Inc (Specialized Packaging Group),co_4ee5f5f4196c,First Lien,Packaging,10.19%,,SOFR,5.50%,,2027-12-17,10153,10119,10080,0.0104,,,,NCDL,2025-02-27
Oliver Packaging LLC,co_6bd17b3e30e5,Subordinated Debt,Packaging,11.00%,,N/A,,2029-01-06,2510,2479,2366,0.24,,,,,NCDL,2025-02-27
Oliver Packaging LLC,co_6bd17b3e30e5,Subordinated Debt,Packaging,12.50%,,N/A,,2029-01-06,465,456,460,0.05,,,,,NCDL,2025-02-27
Online Labels Group LLC,co_779b60c57c46,First Lien,Packaging,9.58%,,SOFR,5.25%,,2029-12-19,3295,3267,3295,,,,,NCDL,2025-02-27
BCPE North Star US Holdco 2 Inc,co_874b961a7aef,Subordinated Debt,Food & Beverage,11.72%,,SOFR,7.25%,,2029-06-08,9000,8891,8359,0.0086,,,,NCDL,2025-02-27
BCPE North Star US Holdco 2 Inc,co_874b961a7aef,First Lien,Food & Beverage,8.47%,,SOFR,4.00%,,2028-06-09,10518,10070,10147,0.0105,,,,NCDL,2025-02-27
Boardwalk Buyer LLC,co_229f77dfa1c1,First Lien,Food & Beverage,9.43%,,SOFR,5.00%,,2027-09-28,9700,9653,9700,0.01,,,,NCDL,2025-02-27
Commercial Bakeries Corp,co_f7120284a37a,First Lien,Food & Beverage,9.83%,,SOFR,5.50%,,2029-09-25,17109,16829,16905,0.0174,,,,NCDL,2025-02-27
Commercial Bakeries Corp,co_f7120284a37a,First Lien,Food & Beverage,9.99%,,SOFR,5.50%,,2029-09-25,2024,2009,2000,0.0021,,,,NCDL,2025-02-27
FoodScience LLC,co_330e6e760261,Delayed Draw,Food & Beverage,9.08%,,SOFR,4.75%,,2031-11-14,6322,,,-0.01,,,,NCDL,2025-02-27
FoodScience LLC,co_330e6e760261,First Lien,Food & Beverage,9.08%,,SOFR,4.75%,,2031-11-14,5927,5868,5870,0.006,,,,NCDL,2025-02-27
IF&P Holding Company LLC,co_6357a4972bed,Subordinated Debt,Food & Beverage,9.16%,5.13%,SOFR,4.50%,,2029-04-03,4077,4007,3963,0.0041,,,,NCDL,2025-02-27
Fresh Edge (Incremental),co_80604d159e1b,Subordinated Debt,Food & Beverage,9.76%,5.13%,SOFR,4.50%,,2029-04-03,769,752,752,0.001,,,,NCDL,2025-02-27
Handgards,co_e4ead88f18dc,First Lien,Food & Beverage,12.54%,,SOFR,7.00%,,2026-10-14,14513,14364,14513,0.0194,,,,NCDL,2025-02-27
Harvest Hill Beverage Company,co_ea6e0d700bd8,Subordinated Debt,Food & Beverage,14.46%,,SOFR,9.00%,,2029-02-28,3640,3540,3573,0.0048,,,,NCDL,2025-02-27
KSLB Holdings LLC,co_dc2b6f7c5ee2,First Lien,Food & Beverage,10.03%,,SOFR,4.50%,,2025-07-30,2858,2844,2712,0.0036,,,,NCDL,2025-02-27
Palmetto Acquisitionco Inc,co_79b74865ba09,First Lien,Food & Beverage,11.10%,,SOFR,5.75%,,2029-09-18,13314,13091,13085,0.0174,,,,NCDL,2025-02-27
Palmetto Acquisitionco Inc (Delayed Draw),co_79b74865ba09,Delayed Draw,Food & Beverage,11.10%,,SOFR,5.75%,,2029-09-18,4842,1169,1103,0.0015,,,,NCDL,2025-02-27
Rise Baking,co_a7c60419a829,First Lien,Food & Beverage,11.71%,,SOFR,6.25%,,2027-08-13,14700,14554,14852,0.0199,,,,NCDL,2025-02-27
Rise Baking (Delayed Draw),co_a7c60419a829,Delayed Draw,Food & Beverage,10.96%,,SOFR,5.50%,,2027-08-13,4454,4432,4400,0.0059,,,,NCDL,2025-02-27
Impact Parent Corp,co_6ac9c493f9a8,First Lien,Environmental Services,9.43%,,SOFR,5.00%,,2029-03-23,,,0.18,,,,,NCDL,2025-02-27
NFM & J,co_f4e17f4db8a5,First Lien,Environmental Services,10.44%,,SOFR,5.75%,,2027-11-30,4822,4799,4806,0.005,,,,NCDL,2025-02-27
NFM & J,co_f4e17f4db8a5,First Lien,Environmental Services,10.37%,,SOFR,5.75%,,2027-11-30,8950,8885,8920,0.0092,,,,NCDL,2025-02-27
NFM & J,co_f4e17f4db8a5,Delayed Draw,Environmental Services,10.44%,,SOFR,5.75%,,2027-11-30,4902,4902,4885,0.005,,,,NCDL,2025-02-27
NFM & J,co_f4e17f4db8a5,Delayed Draw,Environmental Services,10.42%,,SOFR,5.75%,,2027-11-30,5026,561,544,0.0006,,,,NCDL,2025-02-27
Nutrition 101 Buyer,co_d745216b778f,First Lien,Environmental Services,9.94%,,SOFR,5.25%,,2028-08-31,6581,6541,6109,0.0063,,,,NCDL,2025-02-27
Nutrition 101 Buyer,co_d745216b778f,First Lien,Environmental Services,10.73%,,SOFR (S),5.25%,,2028-08-31,6648,6596,6518,0.0087,,,,NCDL,2025-02-27
Orion Group FM Holdings,co_a3949fd1043d,First Lien,Environmental Services,9.83%,,SOFR,5.50%,,2029-07-03,8464,8356,8359,0.0086,,,,NCDL,2025-02-27
Orion Group FM Holdings,co_a3949fd1043d,First Lien,Environmental Services,9.75%,,SOFR,5.50%,,2029-07-03,1589,1573,1569,0.0016,,,,NCDL,2025-02-27
Orion Group FM Holdings,co_a3949fd1043d,First Lien,Environmental Services,11.65%,,SOFR (S),6.25%,,2029-07-01,8550,8426,8429,0.0113,,,,NCDL,2025-02-27
Orion Group FM Holdings,co_a3949fd1043d,First Lien,Environmental Services,11.65%,,SOFR (S),6.25%,,2029-07-01,6429,,,0.0001,,,,NCDL,2025-02-27
Orion Group FM Holdings,co_a3949fd1043d,Delayed Draw,Environmental Services,10.48%,,SOFR,5.50%,,2029-07-03,6405,4721,4654,0.0048,,,,NCDL,2025-02-27
Orion Group FM Holdings,co_a3949fd1043d,Delayed Draw,Environmental Services,10.58%,,SOFR,5.50%,,2029-07-03,13446,,,-0.02,,,,NCDL,2025-02-27
DH United Holdings LLC,co_b3dc0bb8730c,Delayed Draw,Business Services,9.62%,,SOFR,5.00%,,2028-09-15,,,0.24,,,,,NCDL,2025-02-27
DH United Holdings LLC,co_b3dc0bb8730c,Delayed Draw,Business Services,9.81%,,SOFR,5.00%,,2028-09-15,1555,1550,1540,0.0016,,,,NCDL,2025-02-27
DH United Holdings LLC,co_b3dc0bb8730c,Delayed Draw,Business Services,9.72%,,SOFR,5.50%,,2028-09-15,5141,4318,4290,0.0044,,,,NCDL,2025-02-27
DH United Holdings LLC,co_b3dc0bb8730c,First Lien,Business Services,9.48%,,SOFR,5.00%,,2028-09-15,3431,3377,3397,0.0035,,,,NCDL,2025-02-27
Element 78 Partners LLC,co_aeef2e6d0a8d,First Lien,Business Services,9.96%,,SOFR,5.50%,,2027-12-01,5543,5511,5543,0.0057,,,,NCDL,2025-02-27
Element 78 Partners LLC,co_aeef2e6d0a8d,First Lien,Business Services,9.96%,,SOFR,5.50%,,2027-12-01,1423,1414,1423,0.0015,,,,NCDL,2025-02-27
Element 78 Partners LLC,co_aeef2e6d0a8d,Delayed Draw,Business Services,10.05%,,SOFR,5.50%,,2027-12-01,15233,,,0,,,,NCDL,2025-02-27
Element 78 Partners LLC,co_aeef2e6d0a8d,Delayed Draw,Business Services,9.96%,,SOFR,5.50%,,2027-12-01,4168,4144,4168,0.0043,,,,NCDL,2025-02-27
Element 78 Partners LLC,co_aeef2e6d0a8d,Delayed Draw,Business Services,9.97%,,SOFR,5.50%,,2027-12-01,3524,3118,3118,0.0032,,,,NCDL,2025-02-27
Empower Brands Franchising LLC,co_512f21bec18f,First Lien,Business Services,10.75%,,SOFR,6.25%,,2026-12-23,9700,9637,9700,0.01,,,,NCDL,2025-02-27
FSK Pallet Holding Corp,co_24b2cbd40b5e,First Lien,Transportation & Logistics,11.53%,,SOFR,6.00%,,2026-12-23,9875,9725,9616,0.0129,,,,NCDL,2025-02-27
Kenco Group Inc,co_909dfe39d427,First Lien,Transportation & Logistics,10.39%,,SOFR,5.00%,,2029-11-15,8498,8349,8498,0.0114,,,,NCDL,2025-02-27
Kenco Group Inc,co_909dfe39d427,Delayed Draw,Transportation & Logistics,10.39%,,SOFR,5.00%,,2029-11-15,1416,,,,,,,NCDL,2025-02-27
Quantix,co_4281f42ff1c6,First Lien,Transportation & Logistics,12.04%,,SOFR,6.50%,,2025-05-03,258,257,254,0.0003,,,,NCDL,2025-02-27
Quantix,co_4281f42ff1c6,First Lien,Transportation & Logistics,11.54%,,SOFR,6.00%,,2025-05-03,895,891,877,0.0012,,,,NCDL,2025-02-27
Quantix,co_4281f42ff1c6,First Lien,Transportation & Logistics,12.04%,,SOFR,6.50%,,2025-05-03,181,180,178,0.0002,,,,NCDL,2025-02-27
Quantix,co_4281f42ff1c6,First Lien,Transportation & Logistics,12.04%,,SOFR,6.50%,,2025-05-03,4367,4350,4306,0.0057,,,,NCDL,2025-02-27
Quantix,co_4281f42ff1c6,First Lien,Transportation & Logistics,11.90%,,SOFR,6.50%,,2025-05-03,1359,1343,1340,0.0018,,,,NCDL,2025-02-27
RoadOne,co_ee1cd15309ba,Delayed Draw,Transportation & Logistics,8.75%,5.00%,N/A,N/A,,2029-06-30,1397,,,,,,,NCDL,2025-02-27
Technical Safety Services,co_86d7bd81f93d,First Lien,Business Services,11.00%,,SOFR,5.50%,,2029-06-22,,,,0.0025,,,,NCDL,2025-02-27
TouchTunes Interactive,co_c70f23e928f6,First Lien,Business Services,10.35%,,SOFR,5.00%,,2029-04-02,9875,9793,9825,0.0131,,,,NCDL,2025-02-27
Transit Buyer LLC (dba Propark),co_d58c4b971f6a,First Lien,Business Services,11.69%,,SOFR,6.25%,,2029-01-31,6823,6705,6801,0.0091,,,,NCDL,2025-02-27
Transit Buyer LLC (dba Propark),co_d58c4b971f6a,Delayed Draw,Business Services,11.69%,,SOFR,6.25%,,2029-01-31,3125,1275,1318,0.0018,,,,NCDL,2025-02-27
Trilon Group LLC,co_7e6037d72d41,First Lien,Business Services,11.78%,,SOFR,6.25%,,2029-05-27,2978,2958,2939,0.0039,,,,NCDL,2025-02-27
Trilon Group LLC,co_7e6037d72d41,First Lien,Business Services,11.75%,,SOFR,6.25%,,2029-05-27,7406,7345,7311,0.0098,,,,NCDL,2025-02-27
Trilon Group LLC,co_7e6037d72d41,First Lien,Business Services,11.78%,,SOFR,6.25%,,2029-05-27,3733,3661,3685,0.0049,,,,NCDL,2025-02-27
Trilon Group LLC,co_7e6037d72d41,Delayed Draw,Business Services,11.78%,,SOFR,6.25%,,2029-05-27,7425,7425,7330,0.0098,,,,NCDL,2025-02-27
Trilon Group LLC,co_7e6037d72d41,Delayed Draw,Business Services,11.78%,,SOFR,6.25%,,2029-05-27,1985,1985,1959,0.0026,,,,NCDL,2025-02-27
Trilon Group LLC,co_7e6037d72d41,Delayed Draw,Business Services,11.78%,,SOFR,6.25%,,2029-05-27,6373,1935,1884,0,,,,NCDL,2025-02-27
Impact Environmental Group,co_9a3c411fe838,First Lien,Environmental Services,11.28%,,SOFR (S),6.00%,,2029-03-23,,,,0.0001,,,,NCDL,2025-02-27
The Facilities Group,co_e359b9a9b0fb,First Lien,Environmental Services,11.23%,,SOFR (S),5.75%,,2027-11-30,4872,4840,4847,0.0064,,,,NCDL,2025-02-27
The Facilities Group,co_e359b9a9b0fb,First Lien,Environmental Services,11.22%,,SOFR (S),5.75%,,2027-11-30,5028,,,0,,,,NCDL,2025-02-27
The Facilities Group,co_e359b9a9b0fb,First Lien,Environmental Services,11.22%,,SOFR (S),5.75%,,2027-11-30,9051,8963,9006,0.012,,,,NCDL,2025-02-27
The Facilities Group,co_e359b9a9b0fb,First Lien,Environmental Services,11.22%,,SOFR (S),5.75%,,2027-11-30,4952,4952,4927,0.0066,,,,NCDL,2025-02-27
Affinity Hospice,co_a37ea654136b,First Lien,Healthcare Services,10.20%,,SOFR (S),4.75%,,2027-12-17,7872,7817,7048,0.0094,,,,NCDL,2025-02-27
Anne Arundel,co_42c140a3d3ea,Subordinated Debt,Healthcare Services,,12.75%,N/A,,2026-10-16,3282,3247,2656,0.36,,,,,NCDL,2025-02-27
Legacy Service Partners LLC (LSP),co_6ac753128009,First Lien,Business Services,12.00%,,SOFR,6.50%,,2029-01-09,,,0.54,,,,,NCDL,2025-02-27
Liberty Buyer,co_ac712efd8e7b,First Lien,Business Services,11.18%,,SOFR,5.50%,,2028-06-15,3929,3898,3945,0.0053,,,,NCDL,2025-02-27
Liberty Buyer,co_ac712efd8e7b,First Lien,Business Services,11.18%,,SOFR,5.50%,,2028-06-15,744,295,298,0.0004,,,,NCDL,2025-02-27
NJEye LLC,co_46a44d98e093,First Lien,Business Services,10.39%,,SOFR,4.75%,,2025-03-14,5340,5331,5283,0.0071,,,,NCDL,2025-02-27
NJEye LLC,co_46a44d98e093,First Lien,Business Services,10.39%,,SOFR,4.75%,,2025-03-14,700,700,692,0.0009,,,,NCDL,2025-02-27
NJEye LLC,co_46a44d98e093,First Lien,Business Services,10.39%,,SOFR,4.75%,,2025-03-14,1373,883,870,0.0012,,,,NCDL,2025-02-27
NJEye LLC,co_46a44d98e093,First Lien,Business Services,10.44%,,SOFR,4.75%,,2025-03-14,890,890,881,0.0012,,,,NCDL,2025-02-27
NJEye LLC,co_46a44d98e093,First Lien,Consumer Products,9.39%,,SOFR,4.75%,,2025-03-14,881,881,881,0.0009,881,,,NCDL,2025-02-27
North Haven Spartan US Holdco LLC,co_6cd30c618f32,First Lien,Business Services,11.63%,,SOFR,6.25%,,2025-06-06,2503,2501,2497,0.0033,,,,NCDL,2025-02-27
North Haven Spartan US Holdco LLC,co_6cd30c618f32,First Lien,Business Services,11.63%,,SOFR,6.25%,,2025-06-06,217,217,217,0.0003,,,,NCDL,2025-02-27
North Haven Spartan US Holdco LLC,co_6cd30c618f32,First Lien,Consumer Products,10.18%,,SOFR,5.75%,,2026-06-08,2477,2476,2477,0.0026,2476,,,NCDL,2025-02-27
One World Fitness PFF LLC,co_805a9cfa544e,First Lien,Business Services,10.70%,1.00%,SOFR,5.25%,,2025-11-26,3872,3873,3637,0.0048,,,,NCDL,2025-02-27
MSM Acquisitions Inc (Spectrio),co_8c741accdb88,Delayed Draw,Media & Entertainment,10.51%,,SOFR,6.00%,,2026-12-09,442,441,396,0.0004,,,,NCDL,2025-02-27
Syndigo LLC,co_b91ff2aad12f,First Lien,Retail,9.28%,,SOFR,4.50%,,2027-12-15,5775,5786,5775,0.006,,,,NCDL,2025-02-27
Archer Acquisition LLC (ARMstrong),co_37cb1baa3b52,First Lien,Business Services,9.43%,,SOFR,5.00%,,2029-10-08,11333,11185,11225,0.0116,,,,NCDL,2025-02-27
Archer Acquisition LLC (ARMstrong),co_37cb1baa3b52,Delayed Draw,Business Services,9.67%,,SOFR,5.00%,,2029-10-08,1096,298,294,0.0003,,,,NCDL,2025-02-27
Azalea TopCo Inc (Press Ganey),co_0b49ed55f853,First Lien,Business Services,7.61%,,SOFR,3.25%,,2031-04-30,5840,5784,5864,0.006,,,,NCDL,2025-02-27
Bounteous Inc,co_b8df7bf20faa,First Lien,Business Services,9.36%,,SOFR,4.75%,,2027-08-02,5293,5266,5287,0.0054,,,,NCDL,2025-02-27
Bounteous Inc,co_b8df7bf20faa,First Lien,Business Services,9.36%,,SOFR,4.75%,,2027-08-02,2166,2155,2164,0.0022,,,,NCDL,2025-02-27
Bounteous Inc,co_b8df7bf20faa,Delayed Draw,Business Services,9.36%,,SOFR,4.75%,,2027-08-02,2739,2727,,,,,,NCDL,2025-02-27
PT Intermediate Holdings III LLC,co_f22783f7edc5,First Lien,Industrial Services,11.47%,,SOFR,5.98%,,2028-11-01,,,,0.0014,,,,NCDL,2025-02-27
Repipe Specialists,co_a6a9d548b899,Subordinated Debt,Industrial Services,10.00%,1.00%,N/A,,,2029-03-18,2433,2393,2207,0.003,,,,NCDL,2025-02-27
Repipe Specialists,co_a6a9d548b899,Delayed Draw,Industrial Services,10.00%,1.00%,N/A,,,2029-03-18,901,210,126,0.0001,,,,NCDL,2025-02-27
RTH Buyer LLC,co_33bc270e8fd0,First Lien,Industrial Services,11.97%,,SOFR,6.25%,,2029-04-04,8052,7902,7986,0.0107,,,,NCDL,2025-02-27
RTH Buyer LLC,co_33bc270e8fd0,Delayed Draw,Industrial Services,11.97%,,SOFR,6.25%,,2029-04-04,1885,956,949,0.0013,,,,NCDL,2025-02-27
Ascensus,co_c64a090a629d,Subordinated Debt,Chemicals,12.18%,,SOFR,6.50%,,2029-08-02,9000,8935,8691,0.0116,,,,NCDL,2025-02-27
Ascensus Specialties,co_6b48e95b95c8,First Lien,Chemicals,9.71%,,SOFR,4.25%,,2028-06-30,9731,9589,8776,0.0117,,,,NCDL,2025-02-27
North Haven CS Acquisition Inc,co_614bbce8f76d,First Lien,Software,10.78%,,SOFR,5.25%,,2025-01-23,,,,0.0077,,,,NCDL,2025-02-27
Prosci Inc,co_22c47bd0b7bd,First Lien,Software,9.99%,,SOFR,4.50%,,2026-10-21,4733,4704,4708,0.0063,,,,NCDL,2025-02-27
Revalize,co_7f5a52b783f9,Delayed Draw,Software,11.21%,,SOFR,5.75%,,2027-04-15,4243,4232,4064,0.0054,,,,NCDL,2025-02-27
Revalize,co_7f5a52b783f9,Delayed Draw,Software,11.21%,,SOFR,5.75%,,2027-04-15,1090,1083,1044,0.0014,,,,NCDL,2025-02-27
Revalize,co_7f5a52b783f9,Delayed Draw,Software,11.25%,,SOFR,5.75%,,2027-04-15,244,243,234,0.0003,,,,NCDL,2025-02-27
SmartWave,co_e7ca1faa8959,First Lien,Software,11.53%,,SOFR,6.00%,,2026-11-05,9214,9145,7744,0.0104,,,,NCDL,2025-02-27
Solve Industrial Motion Group,co_402ccee6e51f,Subordinated Debt,Software,5.00%,8.00%,N/A,,,2028-06-30,1786,1760,1700,0.0023,,,,NCDL,2025-02-27
Solve Industrial Motion Group,co_402ccee6e51f,Subordinated Debt,Software,5.00%,8.00%,N/A,,,2028-06-28,763,749,739,0.001,,,,NCDL,2025-02-27
Solve Industrial Motion Group,co_402ccee6e51f,Delayed Draw,Software,5.00%,8.00%,N/A,,,2028-06-30,2046,2046,1947,0.0026,,,,NCDL,2025-02-27
Tinuiti,co_f9df34e83ace,First Lien,Marketing & Advertising,10.70%,,SOFR,5.25%,,2026-12-10,2948,2928,2823,0.0038,,,,NCDL,2025-02-27
NJEye LLC,co_46a44d98e093,Delayed Draw,Consumer Products,10.25%,,SOFR,4.75%,,2025-03-14,,,0.07,,,,,NCDL,2025-02-27
NJEye LLC,co_46a44d98e093,Delayed Draw,Consumer Products,9.58%,,SOFR,4.75%,,2025-03-14,884,884,884,0.0009,884,,,NCDL,2025-02-27
North Haven Fairway Buyer LLC (Fairway Lawns),co_4df1b67c56d8,Subordinated Debt,Consumer Products,8.00%,5.00%,N/A,,2029-05-17,2908,2852,2869,0.30,,,,,NCDL,2025-02-27
North Haven Fairway Buyer LLC (Fairway Lawns),co_4df1b67c56d8,Delayed Draw,Consumer Products,8.00%,5.00%,N/A,,2029-05-17,6681,6681,6592,0.68,,,,,NCDL,2025-02-27
North Haven Fairway Buyer LLC (Fairway Lawns),co_4df1b67c56d8,Delayed Draw,Consumer Products,8.00%,5.00%,N/A,,2029-05-17,6276,4637,4554,0.47,,,,,NCDL,2025-02-27
North Haven Spartan US Holdco LLC,co_6cd30c618f32,Delayed Draw,Consumer Products,10.34%,,SOFR,5.75%,,2026-06-08,215,215,215,0.0002,215,,,NCDL,2025-02-27
North Haven Spartan US Holdco LLC,co_6cd30c618f32,Delayed Draw,Consumer Products,10.34%,,SOFR,5.75%,,2026-06-08,3260,,,,,,,NCDL,2025-02-27
OEP Glass Purchaser,co_4d702b569366,First Lien,Automotive,10.55%,,SOFR,5.25%,,2028-04-18,,,1.67,,,,,NCDL,2025-02-27
Randys Holdings Inc,co_26dad21bd38c,First Lien,Automotive,11.88%,,SOFR,6.50%,,2028-11-01,11138,10943,10997,0.0147,,,,NCDL,2025-02-27
Randys Holdings Inc,co_26dad21bd38c,Delayed Draw,Automotive,11.88%,,SOFR,6.50%,,2028-11-01,3750,,,-0.01,,,,NCDL,2025-02-27
S&S Truck Parts,co_aaf1919de1b6,First Lien,Automotive,10.19%,,SOFR,5.00%,,2029-03-01,6858,6803,6779,0.0091,,,,NCDL,2025-02-27
S&S Truck Parts,co_aaf1919de1b6,First Lien,Automotive,10.19%,,SOFR,5.00%,,2029-03-01,1159,1150,1146,0.0015,,,,NCDL,2025-02-27
S&S Truck Parts,co_aaf1919de1b6,Delayed Draw,Automotive,10.19%,,SOFR,5.00%,,2029-03-01,98,,,,,,,NCDL,2025-02-27
S&S Truck Parts,co_aaf1919de1b6,Delayed Draw,Automotive,10.19%,,SOFR,5.00%,,2029-03-01,1724,1576,1556,0.0021,,,,NCDL,2025-02-27
Coding Solutions Acquisitions,co_87e143161848,First Lien,Financial Services,11.11%,,SOFR,5.75%,,2028-05-11,6432,6380,6304,0.0084,,,,NCDL,2025-02-27
Coding Solutions Acquisitions,co_87e143161848,Delayed Draw,Financial Services,11.11%,,SOFR,5.75%,,2028-05-11,1966,1966,1927,0.0026,,,,NCDL,2025-02-27
Long Term Care Group,co_935acc226f55,First Lien,Financial Services,6.66%,6.00%,SOFR,1.00%,,2027-09-08,6858,6812,5916,0.0079,,,,NCDL,2025-02-27
American Student Transportaton Partners Inc,co_b861f25a5da1,Subordinated Debt,Transportation & Logistics,10.00%,3.50%,N/A,,2029-09-11,,2027,2026,0.27,,,,,NCDL,2025-02-27
Pinnacle Supply Partners LLC (Delayed Draw),co_31ff86707861,Delayed Draw,Energy & Utilities,11.47%,,SOFR,6.00%,,2030-04-03,3636,,,,,,,NCDL,2025-02-27
TPC Wire & Cable,co_377851798b3b,Subordinated Debt,Energy & Utilities,10.00%,1.00%,N/A,,2028-02-16,2240,2220,2215,0.29,,,,,NCDL,2025-02-27
TPC Wire & Cable (Delayed Draw),co_377851798b3b,Delayed Draw,Energy & Utilities,11.00%,1.50%,N/A,,2028-02-16,913,911,902,0.12,,,,,NCDL,2025-02-27
INS Intermediate II LLC (Ergotech Controls Inc - d/b/a INS),co_521121b4c900,First Lien,Industrial Services,12.03%,,SOFR,6.50%,,2029-01-20,7961,7822,7973,0.0106,,,,NCDL,2025-02-27
INS Intermediate II LLC (Ergotech Controls Inc - d/b/a INS) (Delayed Draw),co_c2668ac92fc0,Delayed Draw,Industrial Services,12.03%,,SOFR,6.50%,,2029-01-20,1979,,3,,,,,NCDL,2025-02-27
Conversion Holdings LP (Specialized Packaging Group),co_422877b74a8d,Common Equity,Packaging,,,N/A,,2020-12-17,,,,0.02,,,,,NCDL,2025-02-27
Oliver Investors LP (Oliver Packaging),co_fbdd8828a190,Common Equity,Packaging,,,N/A,,2022-07-12,,1131,673,0.07,,,,,NCDL,2025-02-27
HMA Equity LP (Health Management Associates),co_a02fedbd14ff,Other,Healthcare Services,,,N/A,,2023-03-30,,400,547,0.06,,,,,NCDL,2025-02-27
MDC Group Holdings LP (Mosaic Dental),co_c149db1688ca,Other,Healthcare Services,,,N/A,,2023-02-07,,245,191,0.02,,,,,NCDL,2025-02-27
REP Coinvest III AAD LP (Anne Arundel),co_0933696c2ccb,Other,Healthcare Services,,,N/A,,2020-10-16,,880,,,,,,,NCDL,2025-02-27
REP HS Holdings LLC (HemaSource),co_f357f1dd7a74,Partnership Interest,Healthcare Services,,,N/A,,2023-08-31,,577,795,0.08,,,,,NCDL,2025-02-27
Solve Group Holdings LP (Solve Industrial),co_6b82ddf8cc02,Partnership Interest,Software,,,N/A,,2021-06-30,,313,154,0.02,,,,,NCDL,2025-02-27
CDL Marketing Group LLC (Career Now),co_d8c8ff377623,Common Equity,Business Services,,,N/A,,2021-09-30,,624,,,,,,,NCDL,2025-02-27
CDL Marketing Group LLC (Career Now),co_d8c8ff377623,Partnership Interest,Business Services,,,N/A,,2023-10-23,,22,,,0.22,,,,NCDL,2025-02-27
Concord FG Holdings LP (E78),co_308ecfc437b0,Common Equity,Business Services,,,N/A,,2021-12-01,,860,921,0.10,,,,,NCDL,2025-02-27
Geds Equity Investors LP (Esquire Deposition Services),co_e057f9001f66,Common Equity,Business Services,,,N/A,,2024-07-01,,320,300,0.03,,,,,NCDL,2025-02-27
KRIV Co-Invest Holdings LP (Riveron),co_7f8cbbbcd839,Common Equity,Business Services,,,N/A,,2023-07-17,,790,69,,,,,,NCDL,2025-02-27
Bridges Consumer Healthcare Intermediate LLC,co_bb232f0be46b,First Lien,Healthcare Services,9.53%,,SOFR,5.25%,,2031-12-20,,,0.59,,,,,NCDL,2025-02-27
Coding Solutions Acquisition Inc,co_a81c05028f8a,First Lien,Healthcare Services,9.25%,,SOFR,5.00%,,2031-08-07,12288,12207,12193,0.0125,,,,NCDL,2025-02-27
Coding Solutions Acquisition Inc,co_a81c05028f8a,Delayed Draw,Healthcare Services,9.43%,,SOFR,5.00%,,2031-08-07,1872,,,,,,,NCDL,2025-02-27
Coding Solutions Acquisition Inc,co_a81c05028f8a,Revolver,Healthcare Services,9.43%,,SOFR,5.00%,,2031-08-07,1246,1079,1081,0.0011,,,,NCDL,2025-02-27
Dermatology Intermediate Holdings III Inc (Forefront Dermatology),co_678325be3e1d,First Lien,Healthcare Services,8.84%,,SOFR,4.25%,,2029-03-30,3281,3242,3174,0.0033,,,,NCDL,2025-02-27
Eyesouth Eye Care Holdco LLC,co_015ae50f205f,First Lien,Healthcare Services,9.96%,,SOFR,5.50%,,2029-10-05,7398,7341,7264,0.0075,,,,NCDL,2025-02-27
Eyesouth Eye Care Holdco LLC,co_015ae50f205f,Delayed Draw,Healthcare Services,10.00%,,SOFR,5.50%,,2029-10-05,2425,2425,2381,0.0025,,,,NCDL,2025-02-27
FH DMI Buyer Inc,co_e962dad49f60,Delayed Draw,Healthcare Services,9.33%,,SOFR,5.00%,,2030-10-11,1104,,,,,,,NCDL,2025-02-27
FH DMI Buyer Inc,co_e962dad49f60,First Lien,Healthcare Services,9.33%,,SOFR,5.00%,,2030-10-11,1987,1968,1969,0.002,,,,NCDL,2025-02-27
Genesee Scientific LLC,co_3c6ac3097a4a,First Lien,Healthcare Services,10.10%,,SOFR,5.75%,,2027-09-30,5898,5870,5176,0.0053,,,,NCDL,2025-02-27
KRIV Acquisition Inc (Riveron),co_1cedb2e8668c,Delayed Draw,Business Services,10.08%,,SOFR,5.75%,,2029-07-06,1598,1582,1583,0.0016,,,,NCDL,2025-02-27
LRN Corporation (Lion Merger Sub Inc),co_4816e36fab4d,First Lien,Business Services,10.93%,,SOFR,6.50%,,2025-12-17,7246,7228,7193,0.0074,,,,NCDL,2025-02-27
LRN Corporation (Lion Merger Sub Inc),co_4816e36fab4d,First Lien,Business Services,10.93%,,SOFR,6.50%,,2025-12-17,7222,7189,7170,0.0074,,,,NCDL,2025-02-27
LSCS Holdings Inc (Dohmen),co_a9729536583e,First Lien,Business Services,8.97%,,SOFR,4.50%,,2028-12-16,9911,9871,9991,0.0103,,,,NCDL,2025-02-27
OCM System One Buyer CTB LLC (System One),co_2c2d12c056f6,First Lien,Business Services,8.08%,,SOFR,3.75%,,2028-03-02,3204,3204,3204,0.0033,,,,NCDL,2025-02-27
Olympus US Bidco LLC (Phaidon International),co_9e8613614dc7,First Lien,Business Services,9.96%,,SOFR,5.50%,,2029-08-22,13260,13165,13025,0.0134,,,,NCDL,2025-02-27
Output Services Group Inc,co_05105daaeb2b,First Lien,Business Services,12.86%,,SOFR,8.00%,,2028-05-30,155,155,155,0.0002,,,,NCDL,2025-02-27
Output Services Group Inc,co_05105daaeb2b,First Lien,Business Services,11.11%,,SOFR,6.25%,,2028-11-30,837,837,837,0.0009,,,,NCDL,2025-02-27
Arotech Corporation,co_670d9209df85,Delayed Draw,Aerospace & Defense,10.45%,,SOFR,6.00%,,2026-10-22,728,705,728,0.0008,,,,NCDL,2025-02-27
BlueHalo Global Holdings LLC (AEgis Technologies),co_3fc02fc46e01,First Lien,Aerospace & Defense,10.41%,,SOFR,6.00%,,2025-10-31,19949,19888,19852,0.0205,,,,NCDL,2025-02-27
ERA Industries LLC (BTX Precision),co_9a2781e04f1b,First Lien,Aerospace & Defense,9.36%,,SOFR,5.00%,,2030-07-25,1567,1548,1549,0.0016,,,,NCDL,2025-02-27
ERA Industries LLC (BTX Precision),co_9a2781e04f1b,Delayed Draw,Aerospace & Defense,9.43%,,SOFR,5.00%,,2030-07-25,898,743,735,0.0008,,,,NCDL,2025-02-27
PAG Holding Corp (Precision Aviation Group),co_2bce1d71d1c6,First Lien,Aerospace & Defense,9.58%,,SOFR,5.25%,,2029-12-21,14889,14628,14836,0.0153,,,,NCDL,2025-02-27
PAG Holding Corp (Precision Aviation Group),co_2bce1d71d1c6,Delayed Draw,Aerospace & Defense,9.58%,,SOFR,5.25%,,2029-12-21,4936,4894,4918,0.0051,,,,NCDL,2025-02-27
Signia Aerospace LLC,co_084a6c05e67b,Delayed Draw,Aerospace & Defense,7.40%,,SOFR,3.00%,,2031-12-11,122,,,,,,,NCDL,2025-02-27
Signia Aerospace LLC,co_084a6c05e67b,First Lien,Aerospace & Defense,7.40%,,SOFR,3.00%,,2031-12-11,1470,1466,1467,0.0015,,,,NCDL,2025-02-27
STS Holding Inc,co_7ca4d5d76863,First Lien,Aerospace & Defense,9.08%,,SOFR,4.75%,,2030-10-31,3865,,,,,,,NCDL,2025-02-27
RA Parent Holdings LP S&S Truck Parts,co_86746fb60f0b,Delayed Draw,Automotive,9.61%,,SOFR,5.00%,,2029-03-01,1707,1707,1685,0.0017,,,,NCDL,2025-02-27
RA Parent Holdings LP S&S Truck Parts,co_86746fb60f0b,First Lien,Automotive,9.46%,,SOFR,5.00%,,2029-03-01,20033,19849,19767,0.0204,,,,NCDL,2025-02-27
Accession Risk Management Group Inc,co_22ca5a1449c6,Delayed Draw,Insurance,9.08%,,SOFR,4.75%,,2029-11-01,9744,9744,9620,0.0099,,,,NCDL,2025-02-27
Ascend Partner Services LLC,co_874ae8d6b778,First Lien,Financial Services,8.86%,,SOFR,4.50%,,2031-08-11,7358,7286,7289,0.0075,,,,NCDL,2025-02-27
Ascend Partner Services LLC,co_874ae8d6b778,Delayed Draw,Financial Services,8.86%,,SOFR,4.50%,,2031-08-11,12642,,,-0.01,,,,NCDL,2025-02-27
Big Apple Advisory LLC,co_9be98b2d9e35,Delayed Draw,Financial Services,11.00%,,Prime,3.50%,,2031-11-18,4305,,,,,,,NCDL,2025-02-27
Big Apple Advisory LLC,co_9be98b2d9e35,Revolver,Financial Services,11.00%,,Prime,3.50%,,2031-11-18,1740,,,,,,,NCDL,2025-02-27
Big Apple Advisory LLC,co_9be98b2d9e35,First Lien,Financial Services,11.00%,,Prime,3.50%,,2031-11-18,8955,8866,8869,0.0091,,,,NCDL,2025-02-27
Cohen Advisory LLC,co_71a164c58623,Delayed Draw,Financial Services,8.83%,,SOFR,4.50%,,2031-12-31,4825,,,,,,,NCDL,2025-02-27
Cohen Advisory LLC,co_71a164c58623,First Lien,Financial Services,8.83%,,SOFR,4.50%,,2031-12-31,86,,,,,,,NCDL,2025-02-27
BlackRock Liquidity Funds Treasury,co_7542abc584c3,Money Market Fund,Investment Vehicles,5.18%,,N/A,,,,,46784,46784,,6.26,46784,,NCDL,2025-02-27
First American Government Obligations Fund,co_63683ad46bc0,Money Market Fund,Investment Vehicles,5.19%,,N/A,,,,,32,,,,,,NCDL,2025-02-27
First American Government Obligations Fund,co_63683ad46bc0,Money Market Fund,Investment Vehicles,4.28%,,N/A,,,,29771,,,,,,,NCDL,2025-02-27
U.S. Bank National Association Money Market Deposit Account,co_9378128ef305,Money Market Fund,Investment Vehicles,2.05%,,N/A,,,,,17661,,,2.36,,,NCDL,2025-02-27
BlackRock Liquidity Funds T-Fund,co_54421f1a0409,Money Market Fund,Investment Vehicles,4.27%,,N/A,,,,40811529,40812,40812,0.042,40812,,,NCDL,2025-02-27
Micronics Filtration Holdings Inc,co_08fe18d1ae4f,Subordinated Debt,,13.18%,,SOFR (S),5.50%,,2027-02-17,2450,2416,2413,0.0025,,,,NCDL,2025-02-27
TPC Wire & Cable Corp,co_377851798b3b,Subordinated Debt,,11.00%,1.50%,N/A,,,2028-02-16,2269,2253,2249,0.0023,,,,NCDL,2025-02-27
TPC Wire & Cable Corp,co_377851798b3b,Delayed Draw,,11.00%,1.50%,N/A,,,2028-02-16,,,0.09,,,,,NCDL,2025-02-27
TPC Wire & Cable Corp,co_377851798b3b,Delayed Draw,,11.00%,1.50%,N/A,,,2028-02-16,1730,1730,1714,0.0018,,,,NCDL,2025-02-27
USAW Parent,co_8412c885ff42,Common Equity,Energy & Utilities,,,N/A,,2024-02-21,,,478,566,0.0006,478,,,NCDL,2025-02-27
BPC Kodiak LLC,co_3f4167905898,Other,Aerospace & Defense,,,N/A,,2023-09-01,,,1530,1775,0.0018,1530,,,NCDL,2025-02-27
Covercraft Parent III Inc,co_0d8311ebddad,Partnership Interest,Automotive,,,N/A,,2021-08-20,,,768,86,0.0001,768,,,NCDL,2025-02-27
Buckeye Group Holdings LP,co_3582914d2b00,Partnership Interest,Automotive,,,N/A,,2024-12-31,,,402,399,0.0004,402,,,NCDL,2025-02-27
Buckeye Group Holdings LP,co_3582914d2b00,Partnership Interest,Automotive,,,N/A,,2024-12-31,,,404,404,0.0004,404,,,NCDL,2025-02-27
HBB Parent LLC,co_25222ecffba8,Partnership Interest,Automotive,,,N/A,,2023-12-19,,,303,376,0.0004,303,,,NCDL,2025-02-27
Pegasus Aggregator Holdings LP,co_63ba5365a2ae,Partnership Interest,Automotive,,,N/A,,2024-12-31,,,668,644,0.0007,668,,,NCDL,2025-02-27
Phoenix Topco Holdings LP,co_5fdf24419fec,Partnership Interest,Automotive,,,N/A,,2024-06-03,,,974,1052,0.0011,974,,,NCDL,2025-02-27
Phoenix Topco Holdings LP,co_5fdf24419fec,Warrants,Automotive,,,N/A,,2024-06-03,,,1,,,1,,,NCDL,2025-02-27
AEgis Technologies,co_ab8e70b02264,First Lien,Aerospace & Defense,12.04%,,SOFR,6.50%,,2025-10-31,,,,0.0191,,,,NCDL,2025-02-27
Arotech,co_670d9209df85,First Lien,Aerospace & Defense,11.70%,,SOFR,6.25%,,2026-10-22,9202,9127,8945,0.012,9127,,,NCDL,2025-02-27
Arotech (Delayed Draw),co_670d9209df85,First Lien,Aerospace & Defense,11.70%,,SOFR,6.25%,,2026-10-22,448,446,435,0.0006,446,,,NCDL,2025-02-27
Loc Performance Products,co_2704736f6598,First Lien,Aerospace & Defense,10.71%,,SOFR,5.25%,,2026-12-22,6557,6502,6270,0.0084,6502,,,NCDL,2025-02-27
Precision Aviation Group,co_b806ac039b30,First Lien,Aerospace & Defense,11.12%,,SOFR,5.75%,,2029-12-21,15039,14740,14740,0.0197,14740,,,NCDL,2025-02-27
Precision Aviation Group (Delayed Draw),co_b806ac039b30,First Lien,Aerospace & Defense,11.12%,,SOFR,5.75%,,2029-12-21,4961,,,-0.01,,,,NCDL,2025-02-27
Turbine Engine Specialist Inc,co_1df81a843b1d,Subordinated Debt,Aerospace & Defense,14.96%,,SOFR,9.50%,,2029-03-01,2556,2494,2509,0.0033,2494,,,NCDL,2025-02-27
Valkyrie,co_8a4262979b06,Subordinated Debt,Aerospace & Defense,10.50%,1.00%,N/A,,2027-11-17,2836,2792,2740,0.37,,,,,NCDL,2025-02-27
American Auto Auction Group,co_c2b19722073e,First Lien,Automotive,10.50%,,SOFR,5.00%,,2027-12-30,10520,10443,10266,0.0137,10443,,,NCDL,2025-02-27
Legacy Service Partners,co_6ac753128009,Common Equity,Consumer Products,,,N/A,N/A,2023-01-09,,,,,0.0007,,,,NCDL,2025-02-27
LMI Renaissance,co_8ae9bc4fedc8,Partnership Interest,Financial Services,,,N/A,N/A,2022-07-18,,,634,1370,0.0018,634,,,NCDL,2025-02-27
RoadOne,co_ee1cd15309ba,Partnership Interest,Transportation & Logistics,,,N/A,N/A,2022-12-29,,,939,1525,0.002,939,,,NCDL,2025-02-27
SEKO Global Logistics,co_27591f80cabf,Common Equity,Transportation & Logistics,,,N/A,N/A,2020-12-30,,,332,1221,0.0016,332,,,NCDL,2025-02-27
Pinnacle Supply Partners,co_31ff86707861,Partnership Interest,Energy & Utilities,,,N/A,N/A,2023-04-03,,,280,281,0.0004,280,,,NCDL,2025-02-27
QHR Health,co_e8afc69dcb82,First Lien,Healthcare Services,9.71%,,SOFR,5.25%,,2027-05-28,3215,3180,3246,0.0033,,,,NCDL,2025-05-08
QHR Health,co_e8afc69dcb82,Delayed Draw,Healthcare Services,9.71%,,SOFR,5.25%,,2027-05-28,3215,3210,3246,0.0033,,,,NCDL,2025-05-08
Sandlot Buyer (Prime Time Healthcare),co_f4b61950ca8e,First Lien,Healthcare Services,10.63%,,SOFR,6.25%,,2028-09-19,7833,7667,7746,0.008,,,,NCDL,2025-05-08
Sandlot Buyer (Prime Time Healthcare),co_f4b61950ca8e,First Lien,Healthcare Services,10.80%,,SOFR,6.25%,,2028-09-19,9609,9455,9502,0.0098,,,,NCDL,2025-05-08
Smile Brands,co_887d6379ed76,Subordinated Debt,Healthcare Services,,14.10%,SOFR,9.52%,,2028-04-12,11396,11353,9352,0.0096,,,,NCDL,2025-05-08
SM Wellness Holdings (Solis Mammography),co_f76051c0a178,First Lien,Healthcare Services,9.35%,,SOFR,4.50%,,2028-04-17,13022,12960,12920,0.0132,,,,NCDL,2025-05-08
Southern Veterinary Partners,co_d9e49ba45334,First Lien,Healthcare Services,7.71%,,SOFR,3.25%,,2031-12-04,9424,9414,9502,0.0098,,,,NCDL,2025-05-08
TBRS,co_473fc06769ed,Delayed Draw,Healthcare Services,9.26%,,SOFR,4.75%,,2031-11-22,2209,,,0,,,,NCDL,2025-05-08
TBRS,co_473fc06769ed,Revolver,Healthcare Services,9.26%,,SOFR,4.75%,,2030-11-22,1406,71,71,0.0001,,,,NCDL,2025-05-08
Vessco Midco Holdings LLC,co_b9a5efa543be,First Lien,Manufacturing,9.43%,,SOFR,4.75%,,2031-07-24,13706,13570,13573,0.0139,,,,NCDL,2025-05-08
Vessco Midco Holdings LLC,co_b9a5efa543be,Delayed Draw,Manufacturing,9.43%,,SOFR,4.75%,,2031-07-24,4569,1181,1159,0.0012,,,,NCDL,2025-05-08
Vessco Midco Holdings LLC,co_b9a5efa543be,Revolver,Manufacturing,9.43%,,SOFR,4.75%,,2031-07-24,1726,,,,,,,NCDL,2025-05-08
Boulder Scientific Company LLC,co_7ec41b5c4bb6,First Lien,Chemicals,9.45%,,SOFR,4.75%,,2027-12-31,2040,2049,1975,0.002,,,,NCDL,2025-05-08
Chroma Color Corporation,co_7681ee70b148,First Lien,Chemicals,10.63%,,SOFR,6.00%,,2029-04-23,6250,6153,6205,0.0064,,,,NCDL,2025-05-08
Chroma Color Corporation,co_7681ee70b148,Delayed Draw,Chemicals,10.35%,,SOFR,6.00%,,2029-04-23,1379,1370,1369,0.0014,,,,NCDL,2025-05-08
Olympic Buyer Inc (Ascensus),co_142de5804239,First Lien,Chemicals,8.71%,,SOFR,4.35%,,2028-06-30,9631,9516,8132,0.0084,,,,NCDL,2025-05-08
Olympic Buyer Inc (Ascensus),co_142de5804239,First Lien,Chemicals,8.67%,,SOFR (S),4.35%,,2028-06-30,9606,9501,8227,0.0089,,,,NCDL,2025-05-08
TJC Spartech Acquisition Corp,co_0c3da60ba9b8,First Lien,Chemicals,9.41%,,SOFR,4.75%,,2028-05-06,14617,14563,10616,0.0109,,,,NCDL,2025-05-08
TJC Spartech Acquisition Corp,co_0c3da60ba9b8,First Lien,Chemicals,9.04%,,SOFR (S),4.75%,,2028-05-06,14579,14532,4781,0.0052,,,,NCDL,2025-05-08
Athlete Buyer LLC (Allstar Holdings),co_a9e67690457e,Subordinated Debt,Construction & Engineering,10.00%,3.00%,N/A,,2030-04-26,2239,2187,2162,0.22,,,,,NCDL,2025-05-08
Athlete Buyer LLC (Allstar Holdings),co_a9e67690457e,Subordinated Debt,Construction & Engineering,,14.00%,N/A,N/A,,2030-04-26,2318,2268,2240,0.0024,,,,NCDL,2025-05-08
Arotech Corporation,co_670d9209df85,First Lien,Aerospace & Defense,10.69%,,SOFR,6.00%,,2026-10-22,,,1.54,,,,,NCDL,2025-05-08
Arotech Corporation,co_670d9209df85,Delayed Draw,Aerospace & Defense,10.45%,,SOFR,6.00%,,2026-10-22,728,705,728,0.0008,,,,NCDL,2025-05-08
BlueHalo Global Holdings LLC (AEgis Technologies),co_3fc02fc46e01,First Lien,Aerospace & Defense,10.41%,,SOFR,6.00%,,2025-10-31,19949,19888,19852,0.0205,,,,NCDL,2025-05-08
ERA Industries LLC (BTX Precision),co_9a2781e04f1b,First Lien,Aerospace & Defense,9.36%,,SOFR,5.00%,,2030-07-25,1567,1548,1549,0.0016,,,,NCDL,2025-05-08
ERA Industries LLC (BTX Precision),co_9a2781e04f1b,Delayed Draw,Aerospace & Defense,9.43%,,SOFR,5.00%,,2030-07-25,898,743,735,0.0008,,,,NCDL,2025-05-08
PAG Holding Corp (Precision Aviation Group),co_2bce1d71d1c6,First Lien,Aerospace & Defense,9.58%,,SOFR,5.25%,,2029-12-21,14889,14628,14836,0.0153,,,,NCDL,2025-05-08
PAG Holding Corp,co_2bce1d71d1c6,First Lien,Aerospace & Defense,9.05%,,SOFR,4.75%,,2029-12-21,14851,14607,14821,0.016,14607,,,NCDL,2025-05-08
PAG Holding Corp (Precision Aviation Group),co_2bce1d71d1c6,Delayed Draw,Aerospace & Defense,9.58%,,SOFR,5.25%,,2029-12-21,4936,4894,4918,0.0051,,,,NCDL,2025-05-08
PAG Holding Corp,co_2bce1d71d1c6,Delayed Draw,Aerospace & Defense,9.05%,,SOFR,4.75%,,2029-12-21,4923,4885,4913,0.0053,4885,,,NCDL,2025-05-08
Signia Aerospace LLC,co_084a6c05e67b,Delayed Draw,Aerospace & Defense,7.40%,,SOFR,3.00%,,2031-12-11,122,,,,,,,NCDL,2025-05-08
Signia Aerospace LLC,co_084a6c05e67b,First Lien,Aerospace & Defense,7.40%,,SOFR,3.00%,,2031-12-11,1470,1466,1467,0.0015,,,,NCDL,2025-05-08
STS Holding Inc,co_7ca4d5d76863,First Lien,Aerospace & Defense,9.08%,,SOFR,4.75%,,2030-10-31,3865,,,,,,,NCDL,2025-05-08
Victors CCC Buyer LLC (CrossCountry Consulting),co_539456b253e3,Delayed Draw,Business Services,9.07%,,SOFR,4.75%,,2029-06-01,,,0.09,,,,,NCDL,2025-05-08
Victors CCC Buyer LLC (CrossCountry Consulting),co_539456b253e3,Delayed Draw,Business Services,9.30%,,SOFR,4.75%,,2029-06-01,830,825,834,0.0009,,,,NCDL,2025-05-08
VRC Companies LLC (Vital Records Control),co_0df1ee612826,First Lien,Business Services,10.05%,,SOFR,5.50%,,2027-06-29,4524,4500,4507,0.0049,,,,NCDL,2025-05-08
VRC Companies LLC (Vital Records Control),co_0df1ee612826,First Lien,Business Services,10.07%,,SOFR,5.75%,,2027-06-29,330,327,330,0.0004,,,,NCDL,2025-05-08
VRC Companies LLC (Vital Records Control),co_0df1ee612826,First Lien,Business Services,10.35%,,SOFR,5.50%,,2027-06-29,4535,4508,4489,0.0046,,,,NCDL,2025-05-08
VRC Companies LLC (Vital Records Control),co_0df1ee612826,First Lien,Business Services,10.27%,,SOFR,5.75%,,2027-06-29,331,328,329,0.0003,,,,NCDL,2025-05-08
360 Holdco Inc (360 Training),co_34eb254d9eae,First Lien,Consumer Products,9.32%,,SOFR,5.00%,,2028-08-02,3429,3402,3429,0.0037,,,,NCDL,2025-05-08
360 Holdco Inc (360 Training),co_34eb254d9eae,Delayed Draw,Consumer Products,9.32%,,SOFR,5.00%,,2028-08-02,3093,,,,,,,NCDL,2025-05-08
ADPD Holdings LLC (NearU),co_de28658ba3d0,First Lien,Consumer Products,10.47%,,SOFR,6.00%,,2028-08-16,9739,9706,9304,0.0101,,,,NCDL,2025-05-08
ADPD Holdings LLC (NearU),co_de28658ba3d0,Delayed Draw,Consumer Products,10.70%,,SOFR,6.00%,,2028-08-16,253,,,,,,,NCDL,2025-05-08
ADPD Holdings LLC (NearU),co_de28658ba3d0,Delayed Draw,Consumer Products,10.70%,,SOFR,6.00%,,2028-08-16,1427,,,0.0001,,,,NCDL,2025-05-08
AMS Parent LLC (All My Sons),co_567dc6d67734,First Lien,Consumer Products,9.44%,,SOFR,5.00%,,2028-10-25,5190,5161,5166,0.0056,,,,NCDL,2025-05-08
Apex Service Partners LLC,co_443c5661a0e9,Delayed Draw,Consumer Products,9.31%,,SOFR,5.00%,,2030-10-24,154,98,97,0.0001,,,,NCDL,2025-05-08
BroadcastMed Holdco LLC,co_a161ced62168,Subordinated Debt,Media & Entertainment,10.00%,3.75%,N/A,,2027-11-12,,,,0.36,,,,,NCDL,2025-05-08
Corporate Visions Inc (CVI Parent Inc),co_e118274778ef,First Lien,Media & Entertainment,5.43%,4.00%,SOFR,1.00%,,2027-08-12,2583,2562,2107,0.0022,,,,NCDL,2025-05-08
Corporate Visions Inc (CVI Parent Inc),co_e118274778ef,First Lien,Media & Entertainment,5.43%,4.00%,SOFR,1.00%,,2027-08-12,2939,2924,2398,0.0025,,,,NCDL,2025-05-08
Corporate Visions Inc,co_e118274778ef,First Lien,Media & Entertainment,5.40%,4.00%,SOFR,1.00%,,2027-08-12,,,,0.0025,,,,NCDL,2025-05-08
MSM Acquisitions Inc (Spectrio),co_8c741accdb88,First Lien,Media & Entertainment,10.51%,,SOFR,6.00%,,2026-12-09,8163,8137,7301,0.0075,,,,NCDL,2025-05-08
MSM Acquisitions Inc,co_8c741accdb88,First Lien,Media & Entertainment,7.81%,2.50%,SOFR,6.00%,,2026-12-09,8230,8213,7458,0.0081,,,,NCDL,2025-05-08
MSM Acquisitions Inc (Spectrio),co_8c741accdb88,Delayed Draw,Media & Entertainment,10.51%,,SOFR,6.00%,,2026-12-09,2900,2886,2594,0.0027,,,,NCDL,2025-05-08
MSM Acquisitions Inc (Spectrio),co_8c741accdb88,Delayed Draw,Media & Entertainment,10.51%,,SOFR,6.00%,,2026-12-09,442,441,396,0.0004,,,,NCDL,2025-05-08
MSM Acquisitions Inc,co_8c741accdb88,Delayed Draw,Media & Entertainment,7.81%,2.50%,SOFR,6.00%,,2026-12-09,2929,2918,2654,0.0029,,,,NCDL,2025-05-08
MSM Acquisitions Inc,co_8c741accdb88,Delayed Draw,Media & Entertainment,7.81%,2.50%,SOFR,6.00%,,2026-12-09,447,446,405,0.0004,,,,NCDL,2025-05-08
Syndigo LLC,co_b91ff2aad12f,First Lien,Retail,9.28%,,SOFR,4.50%,,2027-12-15,5775,5786,5775,0.006,,,,NCDL,2025-05-08
ALKU Intermediate Holdings LLC,co_baf3bda53e97,First Lien,Business Services,10.50%,,SOFR,6.25%,,2029-05-23,4474,4401,4512,0.0047,,,,NCDL,2025-05-08
ALKU Intermediate Holdings LLC,co_baf3bda53e97,First Lien,Business Services,10.47%,,SOFR,6.25%,,2029-05-23,4462,4394,4462,0.0048,,,,NCDL,2025-05-08
Archer Acquisition LLC (ARMstrong),co_37cb1baa3b52,First Lien,Business Services,9.43%,,SOFR,5.00%,,2029-10-08,11333,11185,11225,0.0116,,,,NCDL,2025-05-08
Archer Acquisition LLC,co_37cb1baa3b52,First Lien,Business Services,9.40%,,SOFR,5.00%,,2029-10-08,11304,11167,11200,0.0121,,,,NCDL,2025-05-08
DH United Holdings LLC,co_b3dc0bb8730c,Delayed Draw,Industrial Services,9.58%,,SOFR,5.00%,,2028-09-15,5129,4309,4238,0.0046,,,,NCDL,2025-05-08
DH United Holdings LLC,co_b3dc0bb8730c,Delayed Draw,Industrial Services,9.62%,,SOFR,5.00%,,2028-09-15,2360,2345,2337,0.0024,,,,NCDL,2025-05-08
DH United Holdings LLC,co_b3dc0bb8730c,Delayed Draw,Industrial Services,9.81%,,SOFR,5.00%,,2028-09-15,1555,1550,1540,0.0016,,,,NCDL,2025-05-08
DH United Holdings LLC,co_b3dc0bb8730c,Delayed Draw,Industrial Services,9.72%,,SOFR,5.50%,,2028-09-15,5141,4318,4290,0.0044,,,,NCDL,2025-05-08
DH United Holdings LLC,co_b3dc0bb8730c,First Lien,Industrial Services,9.45%,,SOFR,5.00%,,2028-09-15,3422,3373,3361,0.0037,,,,NCDL,2025-05-08
DH United Holdings LLC,co_b3dc0bb8730c,First Lien,Industrial Services,9.50%,,SOFR,5.00%,,2028-09-15,7415,7315,7342,0.0076,,,,NCDL,2025-05-08
DH United Holdings LLC,co_b3dc0bb8730c,First Lien,Industrial Services,9.48%,,SOFR,5.00%,,2028-09-15,3431,3377,3397,0.0035,,,,NCDL,2025-05-08
Element 78 Partners LLC,co_aeef2e6d0a8d,First Lien,Business Services,9.92%,,SOFR,5.50%,,2027-12-01,5529,5501,5529,0.006,,,,NCDL,2025-05-08
Element 78 Partners LLC,co_aeef2e6d0a8d,First Lien,Business Services,9.92%,,SOFR,5.50%,,2027-12-01,1420,1412,1420,0.0015,,,,NCDL,2025-05-08
Element 78 Partners LLC,co_aeef2e6d0a8d,First Lien,Business Services,9.96%,,SOFR,5.50%,,2027-12-01,5543,5511,5543,0.0057,,,,NCDL,2025-05-08
Element 78 Partners LLC,co_aeef2e6d0a8d,Delayed Draw,Business Services,9.92%,,SOFR,5.50%,,2027-12-01,15233,,,,,,,NCDL,2025-05-08
Element 78 Partners LLC,co_aeef2e6d0a8d,Delayed Draw,Business Services,9.92%,,SOFR,5.50%,,2027-12-01,4157,4137,4157,0.0045,,,,NCDL,2025-05-08
Element 78 Partners LLC,co_aeef2e6d0a8d,Delayed Draw,Business Services,9.92%,,SOFR,5.50%,,2027-12-01,3516,3110,3110,0.0034,,,,NCDL,2025-05-08
Empower Brands Franchising LLC,co_512f21bec18f,First Lien,Business Services,10.70%,,SOFR,6.25%,,2026-12-23,9675,9620,9675,0.0105,,,,NCDL,2025-05-08
Empower Brands Franchising LLC,co_512f21bec18f,First Lien,Business Services,11.20%,,SOFR,6.75%,,2026-12-23,6706,6611,6706,0.0073,,,,NCDL,2025-05-08
HMN Acquirer Corp,co_09523063a1b1,First Lien,Healthcare Services,9.05%,,SOFR,4.75%,,2031-11-05,6581,6521,6518,0.0071,,,,NCDL,2025-05-08
Impact Advisors LLC,co_6eb86fbcf15e,Delayed Draw,Business Services,9.06%,,SOFR,4.75%,,2032-03-19,7143,,,0.0001,,,,NCDL,2025-05-08
Impact Advisors LLC,co_6eb86fbcf15e,First Lien,Business Services,9.06%,,SOFR,4.75%,,2032-03-19,12857,12729,12730,0.0138,,,,NCDL,2025-05-08
Infucare Rx Inc,co_299cc4952d50,First Lien,Healthcare Services,8.65%,,SOFR,4.25%,,2028-01-04,4250,4230,4250,0.0046,,,,NCDL,2025-05-08
JKC Buyer Inc (J. Knipper and Company Inc),co_b14ff76378df,Delayed Draw,Healthcare Services,9.32%,,SOFR,5.00%,,2032-02-13,2102,,,,0,,,NCDL,2025-05-08
JKC Buyer Inc (J. Knipper and Company Inc),co_b14ff76378df,First Lien,Healthcare Services,9.32%,,SOFR,5.00%,,2032-02-13,6073,6017,6015,0.0065,,,,NCDL,2025-05-08
Lavie Group Inc,co_8a7e3b5f4a53,Delayed Draw,Healthcare Services,9.59%,,SOFR,5.25%,,2029-10-10,736,,,,0,,,NCDL,2025-05-08
Lavie Group Inc,co_8a7e3b5f4a53,First Lien,Healthcare Services,9.59%,,SOFR,5.25%,,2029-10-10,2762,2734,2734,0.003,,,,NCDL,2025-05-08
MDC Intermediate Holdings II LLC (Mosaic Dental),co_fba81b56ef76,Subordinated Debt,Healthcare Services,10.00%,2.25%,N/A,,2030-02-07,1799,1769,1715,0.19,,,,,NCDL,2025-05-08
RA Parent Holdings LP,co_86746fb60f0b,First Lien,Automotive,9.62%,,SOFR,5.00%,,2029-03-01,,,0.81,,,,,NCDL,2025-05-08
RA Parent Holdings LP,co_86746fb60f0b,First Lien,Automotive,9.46%,,SOFR,5.00%,,2029-03-01,20033,19849,19767,0.0204,,,,NCDL,2025-05-08
Randys Holdings Inc,co_26dad21bd38c,Delayed Draw,Automotive,9.30%,,SOFR,5.00%,,2029-11-01,3742,2137,2089,0.0023,,,,NCDL,2025-05-08
Randys Holdings Inc,co_26dad21bd38c,First Lien,Automotive,9.29%,,SOFR,5.00%,,2029-11-01,10997,10850,10857,0.0118,,,,NCDL,2025-05-08
Accession Risk Management Group Inc,co_22ca5a1449c6,Delayed Draw,Financial Services,9.05%,,SOFR,4.75%,,2029-11-01,9719,9719,9690,0.0105,,,,NCDL,2025-05-08
Accession Risk Management Group Inc,co_22ca5a1449c6,Delayed Draw,Financial Services,9.08%,,SOFR,4.75%,,2029-11-01,9744,9744,9620,0.0099,,,,NCDL,2025-05-08
Ascend Partner Services LLC,co_874ae8d6b778,Delayed Draw,Financial Services,8.75%,,SOFR,4.50%,,2031-08-11,12642,3510,3601,0.0039,,,,NCDL,2025-05-08
Ascend Partner Services LLC,co_874ae8d6b778,Delayed Draw,Financial Services,8.86%,,SOFR,4.50%,,2031-08-11,12642,,,-0.01,,,,NCDL,2025-05-08
Ascend Partner Services LLC,co_874ae8d6b778,First Lien,Financial Services,8.75%,,SOFR,4.50%,,2031-08-11,7339,7273,7360,0.008,,,,NCDL,2025-05-08
Ascend Partner Services LLC,co_874ae8d6b778,First Lien,Financial Services,8.86%,,SOFR,4.50%,,2031-08-11,7358,7286,7289,0.0075,,,,NCDL,2025-05-08
Big Apple Advisory LLC,co_9be98b2d9e35,Delayed Draw,Financial Services,8.79%,,SOFR,4.50%,,2031-11-18,4305,,,,,,,NCDL,2025-05-08
Big Apple Advisory LLC,co_9be98b2d9e35,Delayed Draw,Financial Services,11.00%,,Prime,3.50%,,2031-11-18,4305,,,,,,,NCDL,2025-05-08
Big Apple Advisory LLC,co_9be98b2d9e35,Revolver,Financial Services,8.79%,,SOFR,4.50%,,2031-11-18,1740,,,,,,,NCDL,2025-05-08
Big Apple Advisory LLC,co_9be98b2d9e35,Revolver,Financial Services,11.00%,,Prime,3.50%,,2031-11-18,1740,,,,,,,NCDL,2025-05-08
Big Apple Advisory LLC,co_9be98b2d9e35,First Lien,Financial Services,8.79%,,SOFR,4.50%,,2031-11-18,8955,8870,8866,0.0096,,,,NCDL,2025-05-08
Big Apple Advisory LLC,co_9be98b2d9e35,First Lien,Financial Services,11.00%,,Prime,3.50%,,2031-11-18,8955,8866,8869,0.0091,,,,NCDL,2025-05-08
Cohen Advisory LLC,co_71a164c58623,Delayed Draw,Financial Services,8.80%,,SOFR,4.50%,,2031-12-31,4825,194,181,0.0002,,,,NCDL,2025-05-08
Cohen Advisory LLC,co_71a164c58623,Delayed Draw,Financial Services,8.83%,,SOFR,4.50%,,2031-12-31,4825,,,,,,,NCDL,2025-05-08
FH DMI Buyer Inc,co_e962dad49f60,First Lien,Healthcare Services,9.33%,,SOFR,5.00%,,2030-10-11,1987,1968,1969,0.002,,,,NCDL,2025-05-08
Genesee Scientific LLC,co_3c6ac3097a4a,First Lien,Healthcare Services,10.10%,,SOFR,5.75%,,2027-09-30,5898,5870,5176,0.0053,,,,NCDL,2025-05-08
Genesee Scientific LLC,co_3c6ac3097a4a,Delayed Draw,Healthcare Services,10.10%,,SOFR,5.75%,,2027-09-30,1544,1544,1355,0.0014,,,,NCDL,2025-05-08
GHR Healthcare LLC,co_a5a5c1fe2423,First Lien,Healthcare Services,9.99%,,SOFR,5.25%,,2027-12-09,6336,6302,6183,0.0064,,,,NCDL,2025-05-08
GHR Healthcare LLC,co_a5a5c1fe2423,First Lien,Healthcare Services,9.99%,,SOFR,5.25%,,2027-12-09,4933,4870,4814,0.005,,,,NCDL,2025-05-08
GHR Healthcare LLC,co_a5a5c1fe2423,First Lien,Healthcare Services,9.99%,,SOFR,5.25%,,2027-12-09,8048,7979,7854,0.0081,,,,NCDL,2025-05-08
GHR Healthcare LLC,co_a5a5c1fe2423,First Lien,Healthcare Services,9.99%,,SOFR,5.25%,,2027-12-09,3,,,,,,,NCDL,2025-05-08
GHR Healthcare LLC,co_a5a5c1fe2423,Delayed Draw,Healthcare Services,9.99%,,SOFR,5.25%,,2027-12-09,1982,1982,1934,0.002,,,,NCDL,2025-05-08
GHR Healthcare LLC,co_a5a5c1fe2423,Delayed Draw,Healthcare Services,9.99%,,SOFR,5.25%,,2027-12-09,1946,,,,,,,NCDL,2025-05-08
GHR Healthcare LLC,co_a5a5c1fe2423,Delayed Draw,Healthcare Services,9.99%,,SOFR,5.25%,,2027-12-09,648,,,,,,,NCDL,2025-05-08
Wellspring Pharmaceutical Corporation,co_22c4265857f5,First Lien,Pharmaceuticals & Biotechnology,9.40%,,SOFR,5.00%,,2028-08-22,3336,3293,3331,0.0036,,,,NCDL,2025-05-08
Wellspring Pharmaceutical Corporation,co_22c4265857f5,First Lien,Pharmaceuticals & Biotechnology,9.40%,,SOFR,5.00%,,2028-08-22,1230,1213,1228,0.0013,,,,NCDL,2025-05-08
Wellspring Pharmaceutical Corporation,co_22c4265857f5,Delayed Draw,Pharmaceuticals & Biotechnology,9.40%,,SOFR,5.00%,,2028-08-22,1551,1544,1549,0.0017,,,,NCDL,2025-05-08
Wellspring Pharmaceutical Corporation,co_22c4265857f5,Delayed Draw,Pharmaceuticals & Biotechnology,9.40%,,SOFR,5.00%,,2028-08-22,3744,2542,2549,0.0028,,,,NCDL,2025-05-08
YI LLC (Young Innovations),co_46126441818e,First Lien,Pharmaceuticals & Biotechnology,10.05%,,SOFR,5.75%,,2029-12-03,16345,16215,16132,0.0175,,,,NCDL,2025-05-08
YI LLC (Young Innovations),co_46126441818e,Delayed Draw,Pharmaceuticals & Biotechnology,10.05%,,SOFR,5.75%,,2029-12-03,3448,,,,,,,NCDL,2025-05-08
Alta Buyer LLC (GoEngineer),co_9153d42d3a44,First Lien,Software,9.30%,,SOFR,5.00%,,2027-12-21,11425,11403,11347,0.0123,,,,NCDL,2025-05-08
Alta Buyer LLC (GoEngineer),co_9153d42d3a44,First Lien,Software,9.30%,,SOFR,5.00%,,2027-12-21,5324,5282,5288,0.0057,,,,NCDL,2025-05-08
Alta Buyer LLC (GoEngineer),co_9153d42d3a44,First Lien,Software,9.33%,,SOFR,5.00%,,2027-12-21,5338,5290,5295,0.0055,5290,,,NCDL,2025-05-08
Alta Buyer LLC (GoEngineer),co_9153d42d3a44,Delayed Draw,Software,9.30%,,SOFR,5.00%,,2027-12-21,3112,3097,3091,0.0034,,,,NCDL,2025-05-08
Alta Buyer LLC (GoEngineer),co_9153d42d3a44,Delayed Draw,Software,9.33%,,SOFR,5.00%,,2027-12-21,3120,3102,3095,0.0032,3102,,,NCDL,2025-05-08
Geds Equity Investors LP,co_e057f9001f66,Common Equity,Business Services,,,N/A,,2024-07-01,,,320,300,0.0003,320,,,NCDL,2025-05-08
KRIV Co-Invest Holdings LP,co_7f8cbbbcd839,Common Equity,Business Services,,,N/A,,2023-07-17,,,790,723,0.0008,790,,,NCDL,2025-05-08
North Haven Terrapin IntermediateCo LLC,co_0dc1c4df91b4,Common Equity,Business Services,,,N/A,,2023-01-31,,,117,147,0.0002,117,,,NCDL,2025-05-08
OSG Topco Holdings LLC,co_9c8749dc558a,Common Equity,Business Services,,,N/A,,2023-11-30,,,833,833,0.0009,833,,,NCDL,2025-05-08
Entomo Brands Acquisitions Inc,co_81d49c8742e1,Common Equity,Consumer Products,,,N/A,,2023-07-31,,,1117,929,0.001,1117,,,NCDL,2025-05-08
FS NU Investors LP,co_fa428c66bcda,Common Equity,Consumer Products,,,N/A,,2022-08-11,,,243,155,0.0002,243,,,NCDL,2025-05-08
Legacy Parent Holdings LLC,co_a05f5303e092,Common Equity,Consumer Products,,,N/A,,2023-01-09,,,491,592,0.0006,491,,,NCDL,2025-05-08
Perennial Services Investors LLC,co_84dba812b909,Common Equity,Consumer Products,,,N/A,,2023-09-08,,,778,1030,0.0011,778,,,NCDL,2025-05-08
Repipe Aggregator LLC,co_d8f5c6e9e994,Common Equity,Consumer Products,,,N/A,,2022-03-31,,,253,66,0.0001,253,,,NCDL,2025-05-08
CMP Ren Partners I-A LP,co_0bea07dd5b88,Partnership Interest,Business Services,,,N/A,,2022-06-30,,,634,1206,0.0013,634,,,NCDL,2025-05-08
Red Griffin TopCo LLC,co_e6865ea2a999,Partnership Interest,Transportation & Logistics,,,N/A,,2024-11-27,,,2820,2366,0.0025,2820,,,NCDL,2025-05-08
CDL Marketing Group LLC,co_d8c8ff377623,Partnership Interest,Business Services,,,N/A,,2023-10-23,,,22,,,22,,,NCDL,2025-05-08
Concord FG Holdings LP,co_308ecfc437b0,Common Equity,Business Services,,,N/A,,2021-12-01,,,860,921,0.001,860,,,NCDL,2025-05-08
American Student Transportation Partners Inc,co_b861f25a5da1,Subordinated Debt,Transportation & Logistics,10.00%,3.00%,N/A,,,2029-09-11,2264,2217,2212,0.0023,,,,NCDL,2025-05-08
EVDR Purchaser Inc,co_5a268e43a0b5,First Lien,Transportation & Logistics,9.82%,,SOFR,5.50%,,2031-02-14,10533,10446,10439,0.0113,,,,NCDL,2025-05-08
EVDR Purchaser Inc (Alternative Logistics Technologies Buyer LLC),co_5a268e43a0b5,First Lien,Transportation & Logistics,9.86%,,SOFR,5.50%,,2031-02-14,10560,10465,1046,,,,,NCDL,2025-05-08
EVDR Purchaser Inc,co_5a268e43a0b5,Delayed Draw,Transportation & Logistics,9.82%,,SOFR,5.50%,,2031-02-14,3040,,,,,,,NCDL,2025-05-08
CRCI Longhorn Holdings Inc,co_145a4d0582fe,First Lien,Energy & Utilities,9.32%,,SOFR,5.00%,,2031-08-27,10434,10339,10461,0.0114,,,,NCDL,2025-05-08
CRCI Longhorn Holdings Inc,co_145a4d0582fe,Delayed Draw,Energy & Utilities,9.32%,,SOFR,5.00%,,2031-08-27,2615,,7,,,,,NCDL,2025-05-08
CRCI Longhorn Holdings Inc,co_145a4d0582fe,Revolver,Energy & Utilities,9.32%,,SOFR,5.00%,,2031-08-27,1925,983,1006,0.0011,,,,NCDL,2025-05-08
DMC Holdco LLC,co_115667ae7029,First Lien,Energy & Utilities,9.07%,,SOFR,4.75%,,2029-07-13,4937,4881,4965,0.0054,,,,NCDL,2025-05-08
DMC Holdco LLC,co_115667ae7029,Delayed Draw,Energy & Utilities,9.07%,,SOFR,4.75%,,2029-07-13,1671,,9,,,,,NCDL,2025-05-08
Pinnacle Supply Partners LLC,co_31ff86707861,First Lien,Energy & Utilities,10.67%,,SOFR,6.25%,,2030-04-03,6252,6157,6155,0.0067,,,,NCDL,2025-05-08
Pinnacle Supply Partners LLC,co_31ff86707861,Delayed Draw,Energy & Utilities,10.65%,,SOFR,6.25%,,2026-10-03,3621,1966,1928,0.0021,,,,NCDL,2025-05-08
MPG Parent Holdings LLC,co_5f837b5ebc54,Delayed Draw,Consumer Products,9.59%,,SOFR,5.00%,,2030-01-08,3075,3075,3106,0.0032,,,,NCDL,2025-05-08
Ultima Health Holdings Inc,co_3ca9840b7eec,Subordinated Debt,Consumer Products,11.00%,1.50%,N/A,,,2029-03-12,1761,1737,1761,0.0018,,,,NCDL,2025-05-08
B2B Industrial Products LLC,co_92ac68cc5f4d,First Lien,Packaging,11.43%,,SOFR,6.75%,,2026-10-07,14284,14266,13536,0.014,,,,NCDL,2025-05-08
B2B Industrial Products LLC,co_92ac68cc5f4d,First Lien,Packaging,11.41%,,SOFR,6.75%,,2026-10-07,113,112,107,0.0001,,,,NCDL,2025-05-08
Five Star Lower Holding LLC,co_7c3ced9c99b4,First Lien,Packaging,8.68%,,SOFR,4.25%,,2029-05-05,7500,7421,7468,0.0077,,,,NCDL,2025-05-08
good2grow LLC,co_1179503fb063,First Lien,Packaging,9.16%,,SOFR,4.50%,,2027-12-01,8699,8653,8699,0.009,,,,NCDL,2025-05-08
good2grow LLC,co_1179503fb063,First Lien,Packaging,10.16%,,SOFR,5.50%,,2027-12-01,4981,4927,4981,0.0051,,,,NCDL,2025-05-08
good2grow LLC,co_1179503fb063,First Lien,Packaging,9.41%,,SOFR,4.75%,,2027-12-01,14266,14149,14408,0.0148,,,,NCDL,2025-05-08
Ivex Holdco Inc,co_4ee5f5f4196c,First Lien,Packaging,10.19%,,SOFR,5.50%,,2027-12-17,4365,4336,4333,0.0045,,,,NCDL,2025-05-08
Ivex Holdco Inc,co_4ee5f5f4196c,First Lien,Packaging,9.96%,,SOFR,5.50%,,2027-12-17,,,0.47,,,,,NCDL,2025-05-08
Ivex Holdco Inc,co_4ee5f5f4196c,First Lien,Packaging,9.96%,,SOFR,5.50%,,2027-12-17,6808,6774,6742,0.0073,,,,NCDL,2025-05-08
Ivex Holdco Inc,co_4ee5f5f4196c,First Lien,Packaging,9.96%,,SOFR,5.50%,,2027-12-17,3283,3268,3251,0.0035,,,,NCDL,2025-05-08
Cornerstone Advisors of Arizona LLC,co_626efa52add3,First Lien,Business Services,9.85%,,SOFR,5.50%,,2026-09-24,,,0.03,,,,,NCDL,2025-05-08
Cornerstone Advisors of Arizona LLC,co_626efa52add3,First Lien,Business Services,9.85%,,SOFR,5.50%,,2026-09-24,2271,2263,2271,0.0023,,,,NCDL,2025-05-08
Cornerstone Advisors of Arizona LLC,co_626efa52add3,First Lien,Business Services,9.85%,,SOFR,5.50%,,2026-09-24,3423,3399,3423,0.0035,,,,NCDL,2025-05-08
Cornerstone Advisors of Arizona LLC,co_626efa52add3,Delayed Draw,Business Services,9.85%,,SOFR,5.50%,,2026-09-24,208,208,208,0.0002,,,,NCDL,2025-05-08
FSK Pallet Holding Corp (Kamps Pallets),co_24b2cbd40b5e,First Lien,Transportation & Logistics,10.74%,,SOFR,6.00%,,2026-12-23,,,,0.0098,,,,NCDL,2025-05-08
Kenco PPC Buyer LLC,co_747c63427779,First Lien,Transportation & Logistics,8.99%,,SOFR,4.25%,,2029-11-15,21883,21724,22073,0.0228,,,,NCDL,2025-05-08
Kenco PPC Buyer LLC,co_747c63427779,Delayed Draw,Transportation & Logistics,8.99%,,SOFR,4.25%,,2029-11-15,3839,,33,,,,,NCDL,2025-05-08
Kenco PPC Buyer LLC,co_747c63427779,Delayed Draw,Transportation & Logistics,8.99%,,SOFR,4.25%,,2029-11-15,4111,,36,,,,,NCDL,2025-05-08
R1 Holdings LLC (RoadOne),co_22ee80e658ad,Subordinated Debt,Transportation & Logistics,8.75%,5.00%,N/A,,,2029-06-30,4944,4839,4815,0.005,,,,NCDL,2025-05-08
SEKO Global Logistics Network LLC,co_89c47e7c1b19,First Lien,Transportation & Logistics,12.52%,,SOFR,8.00%,,2029-11-27,427,418,427,0.0004,,,,NCDL,2025-05-08
SEKO Global Logistics Network LLC,co_89c47e7c1b19,First Lien,Transportation & Logistics,16.52%,,SOFR,12.00%,,2030-05-27,1630,1630,1630,0.0017,,,,NCDL,2025-05-08
TI Acquisition NC LLC,co_eb49eba3ea31,First Lien,Transportation & Logistics,9.03%,,SOFR,4.75%,,2027-03-19,2751,2706,2751,0.0028,,,,NCDL,2025-05-08
Revalize Inc (f/k/a AQ Holdco Inc),co_7f5a52b783f9,Delayed Draw,Software,10.19%,,SOFR,5.75%,,2027-04-15,,,,0.0036,,,,NCDL,2025-05-08
Ridge Trail US Bidco Inc (Options IT),co_fd3b79aaf3cb,First Lien,Software,8.80%,,SOFR,4.50%,,2031-09-30,683,677,677,0.0007,,,,NCDL,2025-05-08
Ridge Trail US Bidco Inc (Options IT),co_fd3b79aaf3cb,Delayed Draw,Software,8.80%,,SOFR,4.50%,,2031-09-30,236,,,0,,,,NCDL,2025-05-08
Ridge Trail US Bidco Inc (Options IT),co_fd3b79aaf3cb,Revolver,Software,8.80%,,SOFR,4.50%,,2031-03-31,79,21,21,0,,,,NCDL,2025-05-08
Smart Wave Technologies Inc,co_63dc0fadfcad,First Lien,Software,10.44%,,SOFR,6.00%,,2026-11-05,8701,8660,7651,0.0083,,,,NCDL,2025-05-08
Solve Industrial Motion Group LLC,co_402ccee6e51f,Subordinated Debt,Software,10.00%,2.00%,N/A,,,2028-06-30,1897,1878,1801,0.002,,,,NCDL,2025-05-08
Solve Industrial Motion Group LLC,co_402ccee6e51f,Subordinated Debt,Software,10.00%,2.50%,N/A,,,2028-06-30,816,806,786,0.0009,,,,NCDL,2025-05-08
Solve Industrial Motion Group LLC,co_402ccee6e51f,Subordinated Debt,Software,10.00%,2.00%,N/A,,2028-06-30,1888,1866,1787,0.18,,,,,NCDL,2025-05-08
Solve Industrial Motion Group LLC,co_402ccee6e51f,Subordinated Debt,Software,10.00%,2.00%,N/A,,2028-06-30,811,800,779,0.08,,,,,NCDL,2025-05-08
Solve Industrial Motion Group LLC,co_402ccee6e51f,Delayed Draw,Software,10.00%,2.00%,N/A,,,2028-06-30,2173,2173,2063,0.0022,,,,NCDL,2025-05-08
Venture Buyer LLC (Velosio),co_a55af84312e0,First Lien,Software,9.54%,,SOFR,5.25%,,2030-03-01,6185,6135,6191,0.0067,,,,NCDL,2025-05-08
Venture Buyer LLC,co_a55af84312e0,First Lien,Software,9.84%,,SOFR,5.25%,,2030-03-01,6201,6147,6207,0.0064,,,,NCDL,2025-05-08
Venture Buyer LLC (Velosio),co_a55af84312e0,Delayed Draw,Software,9.57%,,SOFR,5.25%,,2030-03-01,1284,,1,0,,,,NCDL,2025-05-08
Venture Buyer LLC,co_a55af84312e0,Delayed Draw,Software,9.84%,,SOFR,5.25%,,2030-03-01,1284,,1,,,,,NCDL,2025-05-08
Watermill Express LLC,co_be18612c81e6,Delayed Draw,Food & Beverage,9.73%,,SOFR,5.25%,,2029-07-05,311,311,311,0.0003,,,,NCDL,2025-05-08
WCHG Buyer Inc (Handgards LLC),co_b1098e2ca516,First Lien,Food & Beverage,9.75%,,SOFR,5.50%,,2031-04-10,24369,24140,24613,0.0254,,,,NCDL,2025-05-08
Clean Solutions Buyer Inc,co_c6cf73716dff,First Lien,Manufacturing,8.86%,,SOFR,4.50%,,2030-09-09,998,988,988,0.001,,,,NCDL,2025-05-08
Engineered Fastener Company LLC (EFC International),co_12f04e7042c0,Subordinated Debt,Manufacturing,11.00%,2.50%,N/A,,,2028-05-01,3269,3199,3266,0.0034,,,,NCDL,2025-05-08
Engineered Fastener Company LLC (EFC International),co_12f04e7042c0,Subordinated Debt,Manufacturing,11.00%,2.50%,N/A,,2028-05-01,3289,3226,3287,0.36,,,,,NCDL,2025-05-08
FirstCall Mechanical Group LLC,co_c962844dacb6,Delayed Draw,Manufacturing,9.08%,,SOFR,4.75%,,2030-06-27,19984,6361,6196,0.0064,,,,NCDL,2025-05-08
FirstCall Mechanical Group LLC,co_c962844dacb6,Delayed Draw,Manufacturing,9.05%,,SOFR,4.75%,,2030-06-27,19961,9142,8977,0.0097,,,,NCDL,2025-05-08
FirstCall Mechanical Group LLC,co_c962844dacb6,First Lien,Manufacturing,9.08%,,SOFR,4.75%,,2030-06-27,9950,9857,9856,0.0102,,,,NCDL,2025-05-08
FirstCall Mechanical Group LLC,co_c962844dacb6,First Lien,Manufacturing,9.05%,,SOFR,4.75%,,2030-06-27,9925,9838,9834,0.0106,,,,NCDL,2025-05-08
Heartland Home Services Inc (Helios Buyer Inc),co_ed8b22d2b973,First Lien,Manufacturing,10.43%,,SOFR,6.00%,,2026-12-15,6400,6375,6123,0.0063,,,,NCDL,2025-05-08
Heartland Home Services Inc (Helios Buyer Inc),co_ed8b22d2b973,First Lien,Manufacturing,10.40%,,SOFR,6.00%,,2026-12-15,6384,6363,6139,0.0067,,,,NCDL,2025-05-08
Heartland Home Services Inc (Helios Buyer Inc),co_ed8b22d2b973,Delayed Draw,Manufacturing,10.43%,,SOFR,6.00%,,2026-12-15,5550,5538,5310,0.0055,,,,NCDL,2025-05-08
Heartland Home Services Inc (Helios Buyer Inc),co_ed8b22d2b973,Delayed Draw,Manufacturing,10.43%,,SOFR,6.00%,,2026-12-15,25,,,,,,,NCDL,2025-05-08
Heartland Home Services Inc (Helios Buyer Inc),co_ed8b22d2b973,Delayed Draw,Manufacturing,10.40%,,SOFR,6.00%,,2026-12-15,5536,5527,5324,0.0058,,,,NCDL,2025-05-08
Heartland Home Services Inc (Helios Buyer Inc),co_ed8b22d2b973,Delayed Draw,Manufacturing,10.40%,,SOFR,6.00%,,2026-12-15,2538,2538,2441,0.0027,,,,NCDL,2025-05-08
Mobile Communications America Inc,co_c7c52650ef3a,Delayed Draw,Telecommunications,9.55%,,SOFR,5.25%,,2029-10-16,,,0.19,,,,,NCDL,2025-05-08
Sapphire Telecom Inc,co_9f275a5c1df6,First Lien,Telecommunications,9.30%,,SOFR,5.00%,,2029-06-27,18995,18834,19143,0.0207,,,,NCDL,2025-05-08
Tyto Athene LLC,co_50b51b48db1c,First Lien,Telecommunications,9.21%,,SOFR,4.75%,,2028-04-03,7157,7119,6978,0.0076,,,,NCDL,2025-05-08
A&R Logistics Holdings Inc (Quantix SCS LLC),co_c9a78b238f3f,First Lien,Transportation & Logistics,11.21%,,SOFR,6.75%,,2026-08-03,260,260,240,0.0003,,,,NCDL,2025-05-08
A&R Logistics Holdings Inc (Quantix SCS LLC),co_c9a78b238f3f,First Lien,Transportation & Logistics,11.21%,,SOFR,6.75%,,2026-08-03,902,902,833,0.0009,,,,NCDL,2025-05-08
A&R Logistics Holdings Inc (Quantix SCS LLC),co_c9a78b238f3f,First Lien,Transportation & Logistics,9.96%,,SOFR,5.50%,,2026-08-03,183,182,169,0.0002,,,,NCDL,2025-05-08
A&R Logistics Holdings Inc (Quantix SCS LLC),co_c9a78b238f3f,First Lien,Transportation & Logistics,11.21%,,SOFR,6.75%,,2026-08-03,4405,4403,4066,0.0044,,,,NCDL,2025-05-08
A&R Logistics Holdings Inc (Quantix SCS LLC),co_c9a78b238f3f,First Lien,Transportation & Logistics,11.21%,,SOFR,6.75%,,2026-08-03,1371,1370,1265,0.0014,,,,NCDL,2025-05-08
Armstrong Midco LLC (Armstrong Transport Group),co_226711c7289b,Subordinated Debt,Transportation & Logistics,,17.00%,N/A,,2027-06-30,1155,1140,1132,0.12,,,,,NCDL,2025-05-08
Transit Buyer LLC (Propark Mobility),co_d58c4b971f6a,Delayed Draw,Business Services,9.37%,,SOFR,5.00%,,2029-01-31,3108,2642,2683,0.0028,,,,NCDL,2025-05-08
Transit Buyer LLC (Propark Mobility),co_d58c4b971f6a,Delayed Draw,Business Services,9.45%,,SOFR,5.00%,,2029-01-31,10173,10149,10164,0.0105,,,,NCDL,2025-05-08
Trilon Group LLC,co_7e6037d72d41,First Lien,Business Services,10.31%,,SOFR,5.50%,,2029-05-25,27756,27599,27584,0.0284,,,,NCDL,2025-05-08
Trilon Group LLC,co_7e6037d72d41,Delayed Draw,Business Services,10.22%,,SOFR,5.50%,,2029-05-25,1875,1866,1863,0.0019,,,,NCDL,2025-05-08
Victors CCC Buyer LLC (CrossCountry Consulting),co_539456b253e3,First Lien,Business Services,9.13%,,SOFR,4.75%,,2029-06-01,8091,7975,8127,0.0084,,,,NCDL,2025-05-08
Perennial Services Group LLC,co_f4f98638c095,Delayed Draw,Consumer Products,10.11%,,SOFR,5.50%,,2029-09-07,5965,5958,6024,0.0062,,,,NCDL,2025-05-08
Wrench Group LLC,co_1ae37eca31cd,First Lien,Consumer Products,8.59%,,SOFR,4.00%,,2028-10-30,9975,9959,9959,0.0103,,,,NCDL,2025-05-08
Renaissance Buyer LLC,co_0ac1d186fa63,First Lien,Financial Services,9.88%,,SOFR,5.50%,,2028-07-18,12132,12033,12162,0.0125,,,,NCDL,2025-05-08
BCM One Inc,co_c2619fa488a0,First Lien,Telecommunications,8.89%,,SOFR,4.50%,,2027-11-17,5713,5713,5713,0.0059,,,,NCDL,2025-05-08
BCM One Inc,co_c2619fa488a0,Delayed Draw,Telecommunications,8.96%,,SOFR,4.50%,,2027-11-17,1808,1808,1808,0.0019,,,,NCDL,2025-05-08
MBS Holdings Inc,co_1f4d56e6b50c,First Lien,Telecommunications,11.09%,,SOFR,6.25%,,2027-04-16,1810,1788,1828,0.0019,,,,NCDL,2025-05-08
MBS Holdings Inc,co_1f4d56e6b50c,First Lien,Telecommunications,10.59%,,SOFR,5.75%,,2027-04-16,9950,9910,9950,0.0103,,,,NCDL,2025-05-08
MBS Holdings Inc,co_1f4d56e6b50c,First Lien,Telecommunications,11.34%,,SOFR,6.50%,,2027-04-16,1301,1284,1314,0.0014,,,,NCDL,2025-05-08
Mobile Communications America Inc,co_c7c52650ef3a,First Lien,Telecommunications,9.86%,,SOFR,5.25%,,2029-10-16,18320,18110,18466,0.019,,,,NCDL,2025-05-08
National Renovations LLC,co_806a850baa21,Delayed Draw,Business Services,1.00%,10.00%,N/A,,2029-03-18,,,,0.02,,,,,NCDL,2025-05-08
National Renovations LLC (Repipe Specialists),co_806a850baa21,Delayed Draw,Construction & Engineering,3.33%,9.17%,N/A,,2029-03-18,226,226,1,,,,,,NCDL,2025-05-08
NJEye LLC,co_46a44d98e093,First Lien,Business Services,9.20%,,SOFR,4.75%,,2025-06-14,4678,4677,4678,0.0051,4677,,,NCDL,2025-05-08
NJEye LLC,co_46a44d98e093,First Lien,Business Services,9.22%,,SOFR,4.75%,,2025-06-14,780,780,780,0.0008,780,,,NCDL,2025-05-08
NJEye LLC,co_46a44d98e093,Delayed Draw,Business Services,9.26%,,SOFR,4.75%,,2025-06-14,613,613,613,0.0007,613,,,NCDL,2025-05-08
NJEye LLC,co_46a44d98e093,Delayed Draw,Business Services,9.23%,,SOFR,4.75%,,2025-06-14,785,785,785,0.0009,785,,,NCDL,2025-05-08
North Haven Fairway Buyer LLC,co_4df1b67c56d8,Delayed Draw,Business Services,8.00%,3.50%,N/A,,2029-05-17,5000,,,-0.01,,5000,5000,,NCDL,2025-05-08
North Haven Fairway Buyer LLC,co_4df1b67c56d8,Delayed Draw,Business Services,8.00%,3.50%,N/A,,2029-05-17,4380,4380,4324,0.47,,,,,NCDL,2025-05-08
North Haven Fairway Buyer LLC,co_4df1b67c56d8,Delayed Draw,Business Services,8.00%,3.50%,N/A,,2029-05-17,6324,4684,4603,0.50,,,,,NCDL,2025-05-08
North Haven Spartan US Holdco LLC,co_6cd30c618f32,First Lien,Business Services,10.04%,,SOFR,5.75%,,2026-06-08,2470,2470,2470,0.0027,2470,,,NCDL,2025-05-08
North Haven Spartan US Holdco LLC,co_6cd30c618f32,Delayed Draw,Business Services,10.05%,,SOFR,5.75%,,2026-06-08,2,,,,,,,NCDL,2025-05-08
SCIC Buyer Inc,co_85f42770961f,First Lien,Construction & Engineering,9.30%,,SOFR,5.00%,,2031-03-14,,,,0.0159,,,,NCDL,2025-05-08
WSB Engineering Holdings Inc,co_77655a3a2b9f,First Lien,Construction & Engineering,10.31%,,SOFR,6.00%,,2029-08-31,6438,6365,6416,0.007,,,,NCDL,2025-05-08
WSB Engineering Holdings Inc,co_77655a3a2b9f,Delayed Draw,Construction & Engineering,10.29%,,SOFR,6.00%,,2029-08-31,4315,3769,3778,0.0041,,,,NCDL,2025-05-08
DRS Holdings III Inc,co_289579b00316,First Lien,Consumer Products,9.55%,,SOFR,5.25%,,2028-11-01,2999,2999,2984,0.0032,,,,NCDL,2025-05-08
Momentum Textiles LLC,co_70f96f38c9a0,Subordinated Debt,Consumer Products,8.00%,5.50%,N/A,,2029-03-28,5000,4913,4913,0.53,,,,,NCDL,2025-05-08
XpressMyself.com LLC (SmartSign),co_d8227968b4ba,First Lien,Consumer Products,9.89%,,SOFR,5.50%,,2028-09-07,9750,9695,9750,0.0106,,,,NCDL,2025-05-08
XpressMyself.com LLC (SmartSign),co_d8227968b4ba,First Lien,Consumer Products,10.14%,,SOFR,5.75%,,2028-09-07,4962,4893,4962,0.0055,,,,NCDL,2025-05-08
ACP Tara Holdings Inc,co_cb7074f49d7a,First Lien,Consumer Products,8.90%,,SOFR,4.50%,,2027-09-10,12443,12391,12443,0.0135,,,,NCDL,2025-05-08
ACP Tara Holdings Inc,co_cb7074f49d7a,First Lien,Consumer Products,10.15%,,SOFR,5.75%,,2027-09-10,1376,1360,1376,0.0015,,,,NCDL,2025-05-08
Gloves Buyer Inc (PIP),co_147d8845ec9e,First Lien,Consumer Products,8.44%,,SOFR,4.00%,,2027-12-29,9028,,,,,,,NCDL,2025-05-08
Matador US Buyer LLC (Insulation Technology Group),co_3a06023eb253,First Lien,Energy & Utilities,9.36%,,SOFR,5.00%,,2030-06-25,,,2.28,,,,,NCDL,2025-05-08
Matador US Buyer LLC,co_3a06023eb253,First Lien,Energy & Utilities,9.32%,,SOFR,5.00%,,2030-06-25,22298,22102,22076,0.0241,,,,NCDL,2025-05-08
Matador US Buyer LLC (Insulation Technology Group),co_3a06023eb253,Delayed Draw,Energy & Utilities,9.36%,,SOFR,5.00%,,2030-06-25,5912,,,-0.01,,,,NCDL,2025-05-08
Matador US Buyer LLC,co_3a06023eb253,Delayed Draw,Energy & Utilities,9.32%,,SOFR,5.00%,,2030-06-25,5898,5617,5558,0.006,,,,NCDL,2025-05-08
US MetalCo Holdings LLC (MGM Transformer Company),co_64c1bd04064e,First Lien,Energy & Utilities,10.09%,,SOFR,5.50%,,2029-10-31,23376,23073,23511,0.0243,,,,NCDL,2025-05-08
US MetalCo Holdings LLC (MGM Transformer Company),co_64c1bd04064e,Delayed Draw,Energy & Utilities,9.83%,,SOFR,5.50%,,2029-10-31,6356,6342,6393,0.0066,,,,NCDL,2025-05-08
CLS Management Services LLC (Contract Land Staff),co_0c6359f94ff0,First Lien,Environmental Services,9.33%,,SOFR,5.00%,,2030-03-27,7507,7437,7439,0.0077,,,,NCDL,2025-05-08
CLS Management Services LLC (Contract Land Staff),co_0c6359f94ff0,Delayed Draw,Environmental Services,9.62%,,SOFR,5.00%,,2030-03-27,3018,3011,2990,0.0031,,,,NCDL,2025-05-08
CLS Management Services LLC (Contract Land Staff),co_0c6359f94ff0,Delayed Draw,Environmental Services,9.62%,,SOFR,5.00%,,2030-03-27,4999,,,0,,,,NCDL,2025-05-08
Impact Parent Corporation (Impact Environmental Group),co_6ac9c493f9a8,First Lien,Environmental Services,9.43%,,SOFR,5.00%,,2029-03-23,6708,6600,6661,0.0069,,,,NCDL,2025-05-08
Impact Parent Corporation (Impact Environmental Group),co_6ac9c493f9a8,Delayed Draw,Environmental Services,9.43%,,SOFR,5.00%,,2029-03-23,3134,3121,3112,0.0032,,,,NCDL,2025-05-08
Impact Parent Corporation (Impact Environmental Group),co_6ac9c493f9a8,Delayed Draw,Environmental Services,9.43%,,SOFR,5.00%,,2029-03-23,6,,,,,,,NCDL,2025-05-08
Entomo Brands Acquisitions Inc (Palmetto Exterminators),co_81d49c8742e1,Delayed Draw,Consumer Products,9.00%,4.00%,N/A,,2030-01-28,,,,0.07,,,,,NCDL,2025-05-08
Excel Fitness Holdings Inc,co_f60ab2c38c7b,First Lien,Hotels & Leisure,9.58%,,SOFR,5.25%,,2029-04-27,9850,9766,9826,0.0101,,,,NCDL,2025-05-08
Excel Fitness Holdings Inc,co_f60ab2c38c7b,Delayed Draw,Hotels & Leisure,9.83%,,SOFR,5.50%,,2029-04-27,2371,459,474,0.0005,,,,NCDL,2025-05-08
Legacy Service Partners LLC,co_6ac753128009,First Lien,Consumer Products,9.75%,,SOFR,5.25%,,2029-01-09,2934,2905,2921,0.003,,,,NCDL,2025-05-08
Legacy Service Partners LLC,co_6ac753128009,First Lien,Consumer Products,9.73%,,SOFR,5.25%,,2029-01-09,10059,9908,10015,0.0103,,,,NCDL,2025-05-08
Legacy Service Partners LLC,co_6ac753128009,Delayed Draw,Consumer Products,9.77%,,SOFR,5.25%,,2029-01-09,4688,4672,4668,0.0048,,,,NCDL,2025-05-08
Liberty Buyer Inc (Liberty Group),co_ac712efd8e7b,First Lien,Consumer Products,10.11%,,SOFR,5.75%,,2028-06-15,3889,3865,3842,0.004,,,,NCDL,2025-05-08
Liberty Buyer Inc (Liberty Group),co_ac712efd8e7b,Delayed Draw,Consumer Products,10.93%,,SOFR,5.75%,,2028-06-15,741,292,283,0.0003,,,,NCDL,2025-05-08
National Renovations LLC (Repipe Specialists),co_806a850baa21,Subordinated Debt,Construction & Engineering,3.33%,9.17%,N/A,,2029-03-18,2611,2577,2200,0.23,,,,,NCDL,2025-05-08
NFM & J LP (The Facilities Group),co_f4e17f4db8a5,Delayed Draw,Environmental Services,10.16%,,SOFR,5.75%,,2027-11-30,4889,4889,4864,0.0053,,,,NCDL,2025-05-08
NFM & J LP (The Facilities Group),co_f4e17f4db8a5,Delayed Draw,Environmental Services,10.16%,,SOFR,5.75%,,2027-11-30,5024,559,533,0.0006,,,,NCDL,2025-05-08
Nutrition 101 Buyer LLC (101 Inc),co_d745216b778f,First Lien,Environmental Services,9.64%,,SOFR,5.25%,,2028-08-31,6564,6528,6141,0.0067,,,,NCDL,2025-05-08
Orion Group FM Holdings LLC (Leo Facilities),co_a3949fd1043d,First Lien,Environmental Services,9.80%,,SOFR,5.50%,,2029-07-03,8443,8343,8414,0.0091,,,,NCDL,2025-05-08
Orion Group FM Holdings LLC (Leo Facilities),co_a3949fd1043d,First Lien,Environmental Services,9.80%,,SOFR,5.50%,,2029-07-03,1585,1570,1579,0.0017,,,,NCDL,2025-05-08
Orion Group FM Holdings LLC (Leo Facilities),co_a3949fd1043d,Delayed Draw,Environmental Services,9.79%,,SOFR,5.50%,,2029-07-03,6393,4711,4700,0.0051,,,,NCDL,2025-05-08
Orion Group FM Holdings LLC (Leo Facilities),co_a3949fd1043d,Delayed Draw,Environmental Services,9.80%,,SOFR,5.50%,,2029-07-03,13446,,,,,,,NCDL,2025-05-08
SI Solutions LLC,co_d90aa519906e,First Lien,Environmental Services,9.04%,,SOFR,4.75%,,2030-08-15,11843,11736,11857,0.0128,,,,NCDL,2025-05-08
Bridges Consumer Healthcare Intermediate LLC,co_bb232f0be46b,Delayed Draw,Healthcare Services,9.49%,,SOFR,5.25%,,2031-12-22,2760,2195,2181,0.0024,,,,NCDL,2025-05-08
Bridges Consumer Healthcare Intermediate LLC,co_bb232f0be46b,First Lien,Healthcare Services,9.47%,,SOFR,5.25%,,2031-12-22,5799,5745,5742,0.0062,,,,NCDL,2025-05-08
Coding Solutions Acquisition Inc,co_a81c05028f8a,First Lien,Healthcare Services,9.32%,,SOFR,5.00%,,2031-08-07,12257,12183,12222,0.0133,,,,NCDL,2025-05-08
Coding Solutions Acquisition Inc,co_a81c05028f8a,Delayed Draw,Healthcare Services,9.43%,,SOFR,5.00%,,2031-08-07,1872,,,,,,,NCDL,2025-05-08
Coding Solutions Acquisition Inc,co_a81c05028f8a,Revolver,Healthcare Services,9.32%,,SOFR,5.00%,,2031-08-07,1246,1079,1087,0.0012,,,,NCDL,2025-05-08
Dermatology Intermediate Holdings III Inc (Forefront Dermatology),co_678325be3e1d,First Lien,Healthcare Services,8.54%,,SOFR,4.25%,,2029-03-30,3273,3237,3082,0.0033,,,,NCDL,2025-05-08
Eyesouth Eye Care Holdco LLC,co_015ae50f205f,First Lien,Healthcare Services,9.92%,,SOFR,5.50%,,2029-10-05,7379,7326,7251,0.0079,,,,NCDL,2025-05-08
Eyesouth Eye Care Holdco LLC,co_015ae50f205f,Delayed Draw,Healthcare Services,9.92%,,SOFR,5.50%,,2029-10-05,2419,2419,2377,0.0026,,,,NCDL,2025-05-08
FH DMI Buyer Inc,co_e962dad49f60,Delayed Draw,Healthcare Services,9.22%,,SOFR,5.00%,,2030-10-11,1104,202,194,0.0002,,,,NCDL,2025-05-08
Oliver Packaging LLC,co_6bd17b3e30e5,Subordinated Debt,Packaging,,11.50%,N/A,,2029-01-06,2556,2527,2381,0.26,,,,,NCDL,2025-05-08
Oliver Packaging LLC,co_6bd17b3e30e5,Subordinated Debt,Packaging,,13.00%,N/A,,2029-01-06,475,466,463,0.05,,,,,NCDL,2025-05-08
Online Labels Group LLC,co_779b60c57c46,First Lien,Packaging,9.55%,,SOFR,5.25%,,2029-12-19,3287,3261,3287,0.0036,,,,NCDL,2025-05-08
Online Labels Group LLC,co_779b60c57c46,Delayed Draw,Packaging,9.55%,,SOFR,5.25%,,2029-12-19,403,202,202,0.0002,,,,NCDL,2025-05-08
Online Labels Group LLC,co_779b60c57c46,Delayed Draw,Packaging,9.55%,,SOFR,5.25%,,2029-12-19,403,,,,,,,NCDL,2025-05-08
ICE USA Infrastructure,co_59d68c8efe15,First Lien,Construction & Engineering,9.58%,,SOFR,5.25%,,2030-03-15,,,,0.0067,,,,NCDL,2025-05-08
Java Buyer Sciens Building Solutions,co_976693e90d40,First Lien,Construction & Engineering,10.20%,,SOFR,5.75%,,2027-12-15,9220,9118,9220,0.0095,,,,NCDL,2025-05-08
Java Buyer Sciens Building Solutions,co_976693e90d40,Delayed Draw,Construction & Engineering,10.39%,,SOFR,5.75%,,2027-12-15,4870,4845,4870,0.005,,,,NCDL,2025-05-08
MEI Buyer,co_a2bda52004f7,First Lien,Construction & Engineering,9.36%,,SOFR,5.00%,,2029-06-29,11316,11130,11319,0.0117,,,,NCDL,2025-05-08
MEI Buyer,co_a2bda52004f7,Delayed Draw,Construction & Engineering,9.48%,,SOFR,5.00%,,2029-06-29,1810,1803,1810,0.0019,,,,NCDL,2025-05-08
Rose Paving,co_c74bc77b2332,Delayed Draw,Construction & Engineering,12.50%,,N/A,N/A,,2030-05-07,191,,,,,,,NCDL,2025-05-08
Rose Paving,co_c74bc77b2332,Subordinated Debt,Construction & Engineering,12.50%,,N/A,N/A,,2030-05-07,2937,2900,2901,0.003,,,,NCDL,2025-05-08
Royal Holdco Corporation RMA Companies,co_43bc0e70a444,First Lien,Construction & Engineering,9.24%,,SOFR,4.75%,,2027-12-30,5229,5178,5178,0.0053,,,,NCDL,2025-05-08
Royal Holdco Corporation RMA Companies,co_43bc0e70a444,Delayed Draw,Construction & Engineering,10.44%,,SOFR,5.75%,,2027-12-30,4582,4575,4582,0.0047,,,,NCDL,2025-05-08
Royal Holdco Corporation RMA Companies,co_43bc0e70a444,Delayed Draw,Construction & Engineering,10.31%,,SOFR,5.75%,,2027-12-30,3132,3127,3132,0.0032,,,,NCDL,2025-05-08
Cedar Services Group LLC (Evergreen Services Group II),co_f2a48822ef30,First Lien,Software,9.83%,,SOFR,5.50%,,2030-10-04,15994,15780,15994,0.0165,15780,,,NCDL,2025-05-08
Cedar Services Group LLC (Evergreen Services Group II),co_f2a48822ef30,Delayed Draw,Software,9.83%,,SOFR,5.50%,,2030-10-04,12931,12903,12931,0.0133,12903,,,NCDL,2025-05-08
Diligent Corporation (fka Diamond Merger Sub II Corp.),co_043d566b8b97,Delayed Draw,Software,10.09%,,SOFR,5.00%,,2030-08-02,3830,,25,,,,,NCDL,2025-05-08
Diligent Corporation (fka Diamond Merger Sub II Corp.),co_043d566b8b97,First Lien,Software,10.09%,,SOFR,5.00%,,2030-08-02,3830,3811,3855,0.004,3811,,,NCDL,2025-05-08
Diligent Corporation (fka Diamond Merger Sub II Corp.),co_043d566b8b97,First Lien,Software,10.09%,,SOFR,5.00%,,2030-08-02,22340,22230,22489,0.0232,22230,,,NCDL,2025-05-08
Eliassen Group LLC,co_6f2538aae5b8,First Lien,Software,10.08%,,SOFR,5.75%,,2028-04-14,11947,11871,11947,0.0123,11871,,,NCDL,2025-05-08
Eliassen Group LLC,co_6f2538aae5b8,Delayed Draw,Software,10.30%,,SOFR,5.75%,,2028-04-14,8,,,,,,,NCDL,2025-05-08
Output Services Group Inc,co_05105daaeb2b,First Lien,Business Services,11.11%,,SOFR,6.25%,,2028-11-30,,,0.09,,,,,NCDL,2025-05-08
PLZ Corp (PLZ Aeroscience),co_84d7a8d4cd86,Subordinated Debt,Manufacturing,11.94%,,SOFR,7.50%,,2028-07-07,13500,13272,12240,0.0133,13272,,,NCDL,2025-05-08
Redwood Services Group LLC (Evergreen Services Group),co_09803b676c7a,Delayed Draw,Industrial Services,9.55%,,SOFR,5.25%,,2029-06-15,2958,,,,,,,NCDL,2025-05-08
Redwood Services Group LLC (Evergreen Services Group),co_09803b676c7a,Delayed Draw,Industrial Services,9.55%,,SOFR,5.25%,,2029-06-15,2827,2808,2802,0.003,2808,,,NCDL,2025-05-08
Redwood Services Group LLC (Evergreen Services Group),co_09803b676c7a,First Lien,Industrial Services,9.55%,,SOFR,5.25%,,2029-06-15,14135,13953,14009,0.0152,13953,,,NCDL,2025-05-08
Safety Infrastructure Services Intermediate LLC,co_23f5ee023601,Delayed Draw,Industrial Services,9.04%,,SOFR,4.75%,,2028-07-21,3969,705,599,0.0007,705,,,NCDL,2025-05-08
Safety Infrastructure Services Intermediate LLC,co_23f5ee023601,First Lien,Industrial Services,9.05%,,SOFR,4.75%,,2028-07-21,7085,7025,6879,0.0075,7025,,,NCDL,2025-05-08
Sagebrush Buyer LLC (Province),co_2812df5b562a,First Lien,Business Services,9.32%,,SOFR,5.00%,,2030-07-01,4793,4750,4749,0.0052,4750,,,NCDL,2025-05-08
Scaled Agile Inc,co_2285268abca0,First Lien,Software,6.65%,3.75%,SOFR,2.35%,,2028-12-15,7908,7863,6843,0.0074,7863,,,NCDL,2025-05-08
All4 Buyer LLC,co_2a250cf07a22,Delayed Draw,Business Services,8.89%,,SOFR,4.50%,,2032-01-23,2385,,,,,,,NCDL,2025-05-08
All4 Buyer LLC,co_2a250cf07a22,First Lien,Business Services,8.79%,,SOFR,4.50%,,2032-01-23,2862,2834,2835,0.0031,,,,NCDL,2025-05-08
Archer Acquisition LLC,co_37cb1baa3b52,Delayed Draw,Business Services,9.41%,,SOFR,5.00%,,2029-10-08,1096,297,293,0.0003,,,,NCDL,2025-05-08
Bounteous Inc,co_b8df7bf20faa,First Lien,Business Services,9.17%,,SOFR,4.75%,,2027-08-02,5279,5257,5269,0.0057,,,,NCDL,2025-05-08
AmerCareRoyal LLC,co_896148b2808a,First Lien,Food & Beverage,9.36%,,SOFR,5.00%,,2030-09-10,,,0.07,,,,,NCDL,2025-05-08
AmerCareRoyal LLC,co_896148b2808a,Delayed Draw,Food & Beverage,9.36%,,SOFR,5.00%,,2030-09-10,165,,,,,,,NCDL,2025-05-08
AmerCareRoyal LLC,co_896148b2808a,Delayed Draw,Food & Beverage,9.36%,,SOFR,5.00%,,2030-09-10,115,114,114,0.0001,,,,NCDL,2025-05-08
Bardstown PPC Buyer LLC,co_03e8fc2a6a3e,Subordinated Debt,Food & Beverage,12.96%,,SOFR,7.75%,,2027-08-30,9300,9188,9221,0.0095,,,,NCDL,2025-05-08
Bardstown PPC Buyer LLC,co_03e8fc2a6a3e,Subordinated Debt,Food & Beverage,12.05%,,SOFR,7.75%,,2027-08-30,,,1.01,,,,,NCDL,2025-05-08
BCPE North Star US Holdco 2 Inc,co_874b961a7aef,Subordinated Debt,Food & Beverage,11.72%,,SOFR,7.25%,,2029-06-08,9000,8891,8359,0.0086,,,,NCDL,2025-05-08
BCPE North Star US Holdco 2 Inc,co_874b961a7aef,Subordinated Debt,Food & Beverage,11.69%,,SOFR,7.25%,,2029-06-08,9000,8899,8694,0.0094,,,,NCDL,2025-05-08
BCPE North Star US Holdco 2 Inc,co_874b961a7aef,First Lien,Food & Beverage,8.47%,,SOFR,4.00%,,2028-06-09,10518,10070,10147,0.0105,,,,NCDL,2025-05-08
BCPE North Star US Holdco 2 Inc,co_874b961a7aef,First Lien,Food & Beverage,8.44%,,SOFR,4.00%,,2028-06-09,10491,10075,10265,0.0112,,,,NCDL,2025-05-08
Boardwalk Buyer LLC,co_229f77dfa1c1,First Lien,Food & Beverage,9.43%,,SOFR,5.00%,,2027-09-28,9700,9653,9700,0.01,,,,NCDL,2025-05-08
Boardwalk Buyer LLC,co_229f77dfa1c1,First Lien,Food & Beverage,9.40%,,SOFR,5.00%,,2027-09-28,9675,9635,9675,0.0105,,,,NCDL,2025-05-08
Commercial Bakeries Corp,co_f7120284a37a,First Lien,Food & Beverage,9.83%,,SOFR,5.50%,,2029-09-25,17109,16829,16905,0.0174,,,,NCDL,2025-05-08
Commercial Bakeries Corp,co_f7120284a37a,First Lien,Food & Beverage,9.99%,,SOFR,5.50%,,2029-09-25,2024,2009,2000,0.0021,,,,NCDL,2025-05-08
Commercial Bakeries Corp,co_f7120284a37a,First Lien,Food & Beverage,9.80%,,SOFR,5.50%,,2029-09-25,17066,16804,16869,0.0183,,,,NCDL,2025-05-08
Commercial Bakeries Corp,co_f7120284a37a,First Lien,Food & Beverage,9.82%,,SOFR,5.50%,,2029-09-25,2019,2006,1996,0.0022,,,,NCDL,2025-05-08
FoodScience LLC,co_330e6e760261,Delayed Draw,Food & Beverage,9.08%,,SOFR,4.75%,,2031-11-14,6322,,,0.0001,,,,NCDL,2025-05-08
FoodScience LLC,co_330e6e760261,Delayed Draw,Food & Beverage,8.97%,,SOFR,4.75%,,2031-11-14,6322,,,,,,,NCDL,2025-05-08
FoodScience LLC,co_330e6e760261,First Lien,Food & Beverage,8.97%,,SOFR,4.75%,,2031-11-14,5912,5857,5899,0.0064,,,,NCDL,2025-05-08
IF&P Holding Company LLC,co_6357a4972bed,Subordinated Debt,Food & Beverage,8.90%,5.13%,SOFR,4.50%,,2029-04-03,4130,4065,4020,0.0044,,,,NCDL,2025-05-08
Integrated Power Services Holdings,co_828be35f2d9b,First Lien,Industrial Services,8.97%,,SOFR,4.50%,,2028-11-22,3551,3547,3551,0.0037,3547,,,NCDL,2025-05-08
KENG Acquisition (Engage PEO),co_a97a97f266f2,First Lien,Business Services,9.36%,,SOFR,5.00%,,2029-08-01,9570,9446,9483,0.0098,9446,,,NCDL,2025-05-08
KENG Acquisition (Engage PEO),co_a97a97f266f2,Delayed Draw,Business Services,9.36%,,SOFR,5.00%,,2029-08-01,9285,4127,4061,0.0042,4127,,,NCDL,2025-05-08
KENG Acquisition (Engage PEO),co_a97a97f266f2,Delayed Draw,Business Services,9.36%,,SOFR,5.00%,,2029-08-01,1074,,,,,,,NCDL,2025-05-08
KRIV Acquisition (Riveron),co_1cedb2e8668c,First Lien,Business Services,10.08%,,SOFR,5.75%,,2029-07-06,10656,10407,10556,0.0109,10407,,,NCDL,2025-05-08
KRIV Acquisition (Riveron),co_1cedb2e8668c,Delayed Draw,Business Services,10.08%,,SOFR,5.75%,,2029-07-06,1598,1582,1583,0.0016,1582,,,NCDL,2025-05-08
LRN Corporation (Lion Merger Sub),co_4816e36fab4d,First Lien,Business Services,10.93%,,SOFR,6.50%,,2025-12-17,7246,7228,7193,0.0074,7228,,,NCDL,2025-05-08
LRN Corporation (Lion Merger Sub),co_4816e36fab4d,First Lien,Business Services,10.93%,,SOFR,6.50%,,2025-12-17,7222,7189,7170,0.0074,7189,,,NCDL,2025-05-08
BlueHalo Global Holdings,co_3fc02fc46e01,First Lien,Aerospace & Defense,10.31%,,SOFR,6.00%,,2025-10-31,,,2.16,,,,,NCDL,2025-05-08
ERA Industries,co_9a2781e04f1b,First Lien,Aerospace & Defense,9.32%,,SOFR,5.00%,,2030-07-25,1563,1545,1548,0.0017,1545,,,NCDL,2025-05-08
ERA Industries,co_9a2781e04f1b,Delayed Draw,Aerospace & Defense,9.32%,,SOFR,5.00%,,2030-07-25,895,894,887,0.001,894,,,NCDL,2025-05-08
Signia Aerospace,co_084a6c05e67b,Delayed Draw,Aerospace & Defense,7.32%,,SOFR,3.00%,,2031-12-11,122,,,,,,,NCDL,2025-05-08
Signia Aerospace,co_084a6c05e67b,First Lien,Aerospace & Defense,7.32%,,SOFR,3.00%,,2031-12-11,1470,1467,1466,0.0016,1467,,,NCDL,2025-05-08
STS Holding,co_7ca4d5d76863,First Lien,Aerospace & Defense,9.05%,,SOFR,4.75%,,2030-11-12,3856,3820,3834,0.0042,3820,,,NCDL,2025-05-08
Turbine Engine Specialists,co_49627f26b33e,Subordinated Debt,Aerospace & Defense,13.92%,,SOFR,9.50%,,2029-03-01,2524,2475,2534,0.0028,2475,,,NCDL,2025-05-08
Hyperion Materials & Technologies Inc,co_928ce5c4c945,First Lien,Manufacturing,9.01%,,SOFR,4.50%,,2028-08-30,2620,2619,2538,0.0028,,,,NCDL,2025-05-08
Jetson Buyer Inc (E-Technologies Group Inc),co_43bb328579f5,First Lien,Manufacturing,9.82%,,SOFR,5.50%,,2030-04-09,7259,7196,7089,0.0077,,,,NCDL,2025-05-08
Ovation Holdings Inc,co_a566ddca2386,Delayed Draw,Manufacturing,9.30%,,SOFR,5.00%,,2030-02-04,7,,,,,,,NCDL,2025-05-08
RA Parent Holdings LP,co_86746fb60f0b,Delayed Draw,Automotive,9.46%,,SOFR,5.00%,,2029-03-01,97,97,96,0.0001,,,,NCDL,2025-05-08
RA Parent Holdings LP,co_86746fb60f0b,Delayed Draw,Automotive,9.61%,,SOFR,5.00%,,2029-03-01,1707,1707,1685,0.0017,,,,NCDL,2025-05-08
Athlete Buyer LLC (Allstar Holdings),co_a9e67690457e,Delayed Draw,Construction & Engineering,,14.00%,N/A,N/A,,2030-04-26,4412,4366,4264,0.0046,,,,NCDL,2025-05-08
Athlete Buyer LLC (Allstar Holdings),co_a9e67690457e,Delayed Draw,Construction & Engineering,,14.00%,N/A,N/A,,2030-04-26,5598,5537,5411,0.0059,,,,NCDL,2025-05-08
Cobalt Service Partners LLC,co_fae9c3b03889,Delayed Draw,Construction & Engineering,9.05%,,SOFR (S),4.75%,,2031-10-13,3165,727,711,0.0008,,,,NCDL,2025-05-08
Cobalt Service Partners LLC,co_fae9c3b03889,First Lien,Construction & Engineering,9.05%,,SOFR (S),4.75%,,2031-10-13,1835,1818,1818,0.002,,,,NCDL,2025-05-08
Erie Construction Mid-West LLC (Erie Construction),co_cc9ff923c706,First Lien,Construction & Engineering,9.19%,,SOFR (S),4.75%,,2027-07-30,9467,9424,9467,0.0103,,,,NCDL,2025-05-08
BlackRock Liquidity Funds T-Fund - Institutional Class,co_a44f9c80d95d,Money Market Fund,Investment Vehicles,4.27%,,N/A,N/A,,,40812,40812,40812,0.042,40812,,,NCDL,2025-05-08
BlackRock Liquidity Funds T-Fund - Institutional Class,co_a44f9c80d95d,Money Market Fund,Investment Vehicles,4.22%,,N/A,,,47219803,47220,47220,5.13,,,,,NCDL,2025-05-08
First American Government Obligations Fund - Class Z,co_63683ad46bc0,Money Market Fund,Investment Vehicles,4.28%,,N/A,N/A,,,30,,,,,,,NCDL,2025-05-08
ISG Enterprises,co_0a30ca928d97,First Lien,Industrial Services,10.04%,,SOFR,5.75%,,2028-12-07,,,0.36,,,,,NCDL,2025-05-08
Micronics Filtration Holdings,co_08fe18d1ae4f,Subordinated Debt,Industrial Services,9.81%,,SOFR,5.50%,,2027-02-17,2450,2420,2450,0.0027,,,,NCDL,2025-05-08
TPC Wire & Cable,co_377851798b3b,Subordinated Debt,Industrial Services,11.00%,1.50%,N/A,,,2028-02-16,2278,2265,2246,0.0024,,,,NCDL,2025-05-08
TPC Wire & Cable,co_377851798b3b,Subordinated Debt,Industrial Services,11.00%,1.50%,N/A,,,2028-02-16,932,932,919,0.001,,,,NCDL,2025-05-08
TPC Wire & Cable,co_377851798b3b,Subordinated Debt,Industrial Services,11.00%,1.50%,N/A,,,2028-02-16,1736,1737,1712,0.0019,,,,NCDL,2025-05-08
ASTP Holdings CO-Investment LP,co_ea1fec12070f,Partnership Interest,Transportation & Logistics,,,N/A,,2023-09-11,,,102,162,0.0002,102,,,NCDL,2025-05-08
Helios Aggregator Holdings I LP,co_8b03cd35991f,Partnership Interest,Energy & Utilities,,,N/A,,2023-04-03,,,280,213,0.0002,280,,,NCDL,2025-05-08
USAW Parent LLC,co_8412c885ff42,Common Equity,Energy & Utilities,,,N/A,,2024-02-21,,,478,566,0.0006,478,,,NCDL,2025-05-08
VCP Tech24 Co-Invest Aggregator LP,co_44298d33d695,Common Equity,Food & Beverage,,,,N/A,,2023-10-05,,,954,,0.09,954,,NCDL,2025-05-08
WPP Fairway Aggregator B LP,co_ed31b48d9565,Common Equity,Food & Beverage,,,,N/A,,2022-10-03,,,5,,,5,,NCDL,2025-05-08
WPP Fairway Aggregator B LP,co_ed31b48d9565,Preferred Equity,Food & Beverage,,,,N/A,,2022-10-03,,,698,,0.06,698,,NCDL,2025-05-08
CMG HoldCo LLC,co_943cc587e1a3,Common Equity,Manufacturing,,,,N/A,,2022-05-19,,,249,,0.09,249,,NCDL,2025-05-08
EFC Holdings LLC,co_a4a510073eb3,Common Equity,Manufacturing,,,,N/A,,2023-03-01,,,60,,0.01,60,,NCDL,2025-05-08
EFC Holdings LLC,co_a4a510073eb3,Preferred Equity,Manufacturing,,,,N/A,,2023-03-01,,,148,,0.02,148,,NCDL,2025-05-08
E-Tech Holdings Partnership LP,co_dbd0806abbd4,Partnership Interest,Manufacturing,,,,N/A,,2024-05-22,,,1000,,0.07,1000,,NCDL,2025-05-08
Lapmaster Co-Investment LLC,co_b65891a13fc0,Common Equity,Manufacturing,,,,N/A,,2022-10-05,,,3750,,0.66,3750,,NCDL,2025-05-08
Erie Construction LLC,co_f5c719a30210,Common Equity,Construction & Engineering,,,,N/A,,2021-09-03,,,166,,0.06,166,,NCDL,2025-05-08
Oceansound Partners Co-Invest II LP,co_e59d93c1ded5,Preferred Equity,Construction & Engineering,,,,N/A,,2023-05-26,,,1272,,0.15,1272,,NCDL,2025-05-08
OSP Gannett Aggregator LP,co_b8f765001160,Partnership Interest,Construction & Engineering,,,,N/A,,2022-12-20,,,895,,0.10,895,,NCDL,2025-05-08
RPI Investments LP,co_7bd4c1529747,Partnership Interest,Construction & Engineering,,,,N/A,,2024-11-27,,,100,,,,,NCDL,2025-05-08
USA Water Intermediate Holdings LLC,co_bbec232a372c,Delayed Draw,Energy & Utilities,9.34%,,SOFR,4.75%,,2031-02-21,3036,333,333,0.0003,,,,NCDL,2025-05-08
INS Intermediate II LLC,co_521121b4c900,First Lien,Industrial Services,11.24%,,SOFR,6.50%,,2029-01-19,7881,7766,7890,0.0081,,,,NCDL,2025-05-08
INS Intermediate II LLC,co_521121b4c900,Delayed Draw,Industrial Services,11.24%,,SOFR,6.50%,,2029-01-19,1979,,2,,,,,NCDL,2025-05-08
ISG Enterprises LLC,co_0a30ca928d97,First Lien,Industrial Services,10.34%,,SOFR,5.75%,,2028-12-07,6459,6365,6344,0.0065,,,,NCDL,2025-05-08
ISG Enterprises LLC,co_0a30ca928d97,Delayed Draw,Industrial Services,10.34%,,SOFR,5.75%,,2028-12-07,3363,3352,3303,0.0034,,,,NCDL,2025-05-08
Micronics Filtration Holdings Inc,co_08fe18d1ae4f,Subordinated Debt,Industrial Services,13.18%,,SOFR,5.50%,,2027-02-17,2450,2416,2413,0.0025,,,,NCDL,2025-05-08
TPC Wire & Cable Corp,co_377851798b3b,Subordinated Debt,Industrial Services,11.00%,1.50%,N/A,,2028-02-16,2269,2253,2249,0.23,,,,,NCDL,2025-05-08
TPC Wire & Cable Corp,co_377851798b3b,Delayed Draw,Industrial Services,11.00%,1.50%,N/A,,2028-02-16,929,928,920,0.09,,,,,NCDL,2025-05-08
TPC Wire & Cable Corp,co_377851798b3b,Delayed Draw,Industrial Services,11.00%,1.50%,N/A,,2028-02-16,1730,1730,1714,0.18,,,,,NCDL,2025-05-08
Davidson Hotel Company LLC,co_1948a8954a8f,Delayed Draw,Hotels & Leisure,9.36%,,SOFR,5.00%,,2031-10-31,1052,,,,,,,NCDL,2025-05-08
Davidson Hotel Company LLC,co_1948a8954a8f,First Lien,Hotels & Leisure,9.36%,,SOFR,5.00%,,2031-10-31,3156,3125,3126,0.0032,,,,NCDL,2025-05-08
Calienger Acquisition LLC,co_3cab47152639,First Lien,Marketing & Advertising,10.40%,,SOFR,5.75%,,2028-10-23,4335,4273,4339,0.0045,,,,NCDL,2025-05-08
Tinuiti Inc,co_f9df34e83ace,First Lien,Marketing & Advertising,9.68%,,SOFR,5.25%,,2026-12-10,2918,2904,2886,0.003,,,,NCDL,2025-05-08
Conversion Holdings,co_422877b74a8d,Partnership Interest,Packaging,,,N/A,,2020-12-17,,,,,,0.02,,,NCDL,2025-05-08
Oliver Investors,co_fbdd8828a190,Common Equity,Packaging,,,N/A,,2022-07-12,,,1131,423,0.0004,1131,,,NCDL,2025-05-08
HMA Equity,co_a02fedbd14ff,Common Equity,Healthcare Services,,,N/A,,2023-03-30,,,400,446,0.0005,400,,,NCDL,2025-05-08
MDC Group Holdings,co_c149db1688ca,Common Equity,Healthcare Services,,,N/A,,2023-02-07,,,245,146,0.0002,245,,,NCDL,2025-05-08
RCP Nats Co-Investment Fund,co_47046bd1a5b5,Partnership Interest,Healthcare Services,,,N/A,,2025-03-18,,,1000,1000,0.001,1000,,,NCDL,2025-05-08
REP Coinvest III AAD,co_0933696c2ccb,Common Equity,Healthcare Services,,,N/A,,2020-10-16,,,880,,,880,,,NCDL,2025-05-08
REP HS Holdings,co_f357f1dd7a74,Partnership Interest,Healthcare Services,,,N/A,,2023-08-31,,,577,800,0.0009,577,,,NCDL,2025-05-08
Solve Group Holdings,co_6b82ddf8cc02,Partnership Interest,Industrial Services,,,N/A,,2021-06-30,,,313,153,0.0002,313,,,NCDL,2025-05-08
BroadcastMed Holdco,co_a161ced62168,Preferred Equity,Media & Entertainment,,,N/A,,2022-10-04,,,853,637,0.0007,853,,,NCDL,2025-05-08
CDL Marketing Group,co_d8c8ff377623,Common Equity,Business Services,,,N/A,,2021-09-30,,,624,,,624,,,NCDL,2025-05-08
CDL Marketing Group,co_d8c8ff377623,Partnership Interest,Business Services,,,N/A,,2023-10-23,,,22,,,22,,,NCDL,2025-05-08
Concord FG Holdings,co_308ecfc437b0,Common Equity,Business Services,,,N/A,,2021-12-01,,,860,907,0.001,860,,,NCDL,2025-05-08
Vessco Midco Holdings LLC,co_b9a5efa543be,First Lien,Industrial Services,9.43%,,SOFR,4.75%,,2031-07-24,13706,13570,13573,0.0139,,,,NCDL,2025-08-06
Vessco Midco Holdings LLC,co_b9a5efa543be,Delayed Draw,Industrial Services,9.43%,,SOFR,4.75%,,2031-07-24,4569,1181,1159,0.0012,,,,NCDL,2025-08-06
Vessco Midco Holdings LLC,co_b9a5efa543be,Revolver,Industrial Services,9.43%,,SOFR,4.75%,,2031-07-24,1726,,,,,,,NCDL,2025-08-06
Boulder Scientific Company LLC,co_7ec41b5c4bb6,First Lien,Chemicals,9.45%,,SOFR,4.75%,,2027-12-31,2040,2049,1975,0.002,,,,NCDL,2025-08-06
Chroma Color Corporation,co_7681ee70b148,First Lien,Chemicals,10.63%,,SOFR,6.00%,,2029-04-23,6250,6153,6205,0.0064,,,,NCDL,2025-08-06
Chroma Color Corporation,co_7681ee70b148,Delayed Draw,Chemicals,10.35%,,SOFR,6.00%,,2029-04-23,1379,1370,1369,0.0014,,,,NCDL,2025-08-06
Olympic Buyer Inc (Ascensus),co_142de5804239,First Lien,Chemicals,8.71%,,SOFR,4.35%,,2028-06-30,9631,9516,8132,0.0084,,,,NCDL,2025-08-06
TJC Spartech Acquisition Corp,co_0c3da60ba9b8,First Lien,Chemicals,9.41%,,SOFR,4.75%,,2028-05-06,14617,14563,10616,0.0109,,,,NCDL,2025-08-06
Athlete Buyer LLC (Allstar Holdings),co_a9e67690457e,Subordinated Debt,Construction & Engineering,10.00%,3.00%,N/A,,,2030-04-26,2239,2187,2162,0.0022,,,,NCDL,2025-08-06
Arotech Corporation,co_670d9209df85,Delayed Draw,Aerospace & Defense,10.45%,,SOFR,6.00%,,2026-10-22,728,705,728,0.0008,,,,NCDL,2025-08-06
BlueHalo Global Holdings,co_3fc02fc46e01,First Lien,Aerospace & Defense,10.41%,,SOFR,6.00%,,2025-10-31,19949,19888,19852,0.0205,,,,NCDL,2025-08-06
ERA Industries,co_9a2781e04f1b,First Lien,Aerospace & Defense,9.36%,,SOFR,5.00%,,2030-07-25,1567,1548,1549,0.0016,,,,NCDL,2025-08-06
ERA Industries,co_9a2781e04f1b,Delayed Draw,Aerospace & Defense,9.43%,,SOFR,5.00%,,2030-07-25,898,743,735,0.0008,,,,NCDL,2025-08-06
ERA Industries (BTX Precision),co_9a2781e04f1b,Delayed Draw,Aerospace & Defense,9.06%,,SOFR,4.75%,,2030-07-25,893,891,885,0.001,891,,,NCDL,2025-08-06
PAG Holding Corp,co_2bce1d71d1c6,First Lien,Aerospace & Defense,9.58%,,SOFR,5.25%,,2029-12-21,14889,14628,14836,0.0153,,,,NCDL,2025-08-06
PAG Holding Corp (Precision Aviation Group),co_2bce1d71d1c6,First Lien,Aerospace & Defense,9.05%,,SOFR,4.75%,,2029-12-21,14814,14578,14824,0.0167,14578,,,NCDL,2025-08-06
PAG Holding Corp,co_2bce1d71d1c6,Delayed Draw,Aerospace & Defense,9.58%,,SOFR,5.25%,,2029-12-21,4936,4894,4918,0.0051,,,,NCDL,2025-08-06
PAG Holding Corp (Precision Aviation Group),co_2bce1d71d1c6,Delayed Draw,Aerospace & Defense,9.04%,,SOFR,4.75%,,2029-12-21,4911,4874,4914,0.0055,4874,,,NCDL,2025-08-06
Signia Aerospace,co_084a6c05e67b,Delayed Draw,Aerospace & Defense,7.40%,,SOFR,3.00%,,2031-12-11,122,,,,,,,NCDL,2025-08-06
Signia Aerospace,co_084a6c05e67b,First Lien,Aerospace & Defense,7.40%,,SOFR,3.00%,,2031-12-11,1470,1466,1467,0.0015,,,,NCDL,2025-08-06
STS Holding Inc,co_7ca4d5d76863,First Lien,Aerospace & Defense,9.08%,,SOFR,4.75%,,2030-10-31,3865,3827,3829,0.0039,,,,NCDL,2025-08-06
BroadcastMed Holdco LLC,co_a161ced62168,Subordinated Debt,Media & Entertainment,10.00%,3.75%,N/A,,2027-11-12,,,,0.36,,,,,NCDL,2025-08-06
Corporate Visions Inc (CVI Parent Inc),co_e118274778ef,First Lien,Media & Entertainment,5.43%,4.00%,SOFR,1.00%,,2027-08-12,2583,2562,2107,0.0022,,,,NCDL,2025-08-06
Corporate Visions Inc (CVI Parent Inc),co_e118274778ef,First Lien,Media & Entertainment,5.43%,4.00%,SOFR,1.00%,,2027-08-12,2939,2924,2398,0.0025,,,,NCDL,2025-08-06
MSM Acquisitions Inc (Spectrio),co_8c741accdb88,First Lien,Media & Entertainment,10.51%,,SOFR,6.00%,,2026-12-09,8163,8137,7301,0.0075,,,,NCDL,2025-08-06
MSM Acquisitions Inc (Spectrio),co_8c741accdb88,Delayed Draw,Media & Entertainment,10.51%,,SOFR,6.00%,,2026-12-09,2900,2886,2594,0.0027,,,,NCDL,2025-08-06
MSM Acquisitions Inc (Spectrio),co_8c741accdb88,Delayed Draw,Media & Entertainment,10.51%,,SOFR,6.00%,,2026-12-09,442,441,396,0.0004,,,,NCDL,2025-08-06
Syndigo LLC,co_b91ff2aad12f,First Lien,Retail,9.28%,,SOFR,4.50%,,2027-12-15,5775,5786,5775,0.006,,,,NCDL,2025-08-06
ALKU Intermediate Holdings LLC,co_baf3bda53e97,First Lien,Business Services,10.50%,,SOFR,6.25%,,2029-05-23,4474,4401,4512,0.0047,,,,NCDL,2025-08-06
Archer Acquisition LLC (ARMstrong),co_37cb1baa3b52,First Lien,Business Services,9.43%,,SOFR,5.00%,,2029-10-08,11333,11185,11225,0.0116,,,,NCDL,2025-08-06
Archer Acquisition LLC (ARMstrong),co_37cb1baa3b52,First Lien,Business Services,9.40%,,SOFR,5.00%,,2029-10-08,11275,11146,11176,0.0126,,,,NCDL,2025-08-06
FSK Pallet Holding Corp (Kamps Pallets),co_24b2cbd40b5e,First Lien,Transportation & Logistics,10.74%,,SOFR,6.00%,,2026-12-23,,,0.98,,,,,NCDL,2025-08-06
Kenco PPC Buyer LLC,co_747c63427779,First Lien,Transportation & Logistics,8.99%,,SOFR,4.25%,,2029-11-15,21883,21724,22073,0.0228,,,,NCDL,2025-08-06
Kenco PPC Buyer LLC,co_747c63427779,Delayed Draw,Transportation & Logistics,8.99%,,SOFR,4.25%,,2029-11-15,3839,,33,,,,,NCDL,2025-08-06
Kenco PPC Buyer LLC,co_747c63427779,Delayed Draw,Transportation & Logistics,8.99%,,SOFR,4.25%,,2029-11-15,4111,,36,,,,,NCDL,2025-08-06
R1 Holdings LLC (RoadOne),co_22ee80e658ad,Subordinated Debt,Transportation & Logistics,8.75%,5.00%,N/A,,2029-06-30,4944,4839,4815,0.50,,,,,NCDL,2025-08-06
SEKO Global Logistics Network LLC,co_89c47e7c1b19,First Lien,Transportation & Logistics,12.52%,,SOFR,8.00%,,2029-11-27,427,418,427,0.0004,,,,NCDL,2025-08-06
SEKO Global Logistics Network LLC,co_89c47e7c1b19,First Lien,Transportation & Logistics,16.52%,,SOFR,12.00%,,2030-05-27,1630,1630,1630,0.0017,,,,NCDL,2025-08-06
TI Acquisition NC LLC,co_eb49eba3ea31,First Lien,Transportation & Logistics,9.03%,,SOFR,4.75%,,2027-03-19,2751,2706,2751,0.0028,,,,NCDL,2025-08-06
American Student Transportation Partners Inc,co_b861f25a5da1,Subordinated Debt,Transportation & Logistics,10.00%,3.00%,N/A,,2029-09-11,2264,2217,2212,0.23,,,,,NCDL,2025-08-06
EVDR Purchaser Inc (Alternative Logistics Technologies Buyer LLC),co_5a268e43a0b5,First Lien,Transportation & Logistics,9.86%,,SOFR,5.50%,,2031-02-14,10560,10465,,,,,,NCDL,2025-08-06
EVDR Purchaser Inc (Alternative Logistics Technologies Buyer LLC),co_5a268e43a0b5,First Lien,Transportation & Logistics,9.83%,,SOFR,5.50%,,2031-02-14,10507,10423,10415,0.0117,,,,NCDL,2025-08-06
Scaled Agile Inc,co_2285268abca0,Delayed Draw,Business Services,6.65%,3.75%,SOFR,2.25%,,2028-12-15,,,,0.0004,,,,NCDL,2025-08-06
Tau Buyer LLC,co_e84a4cf99b75,Delayed Draw,Business Services,9.05%,,SOFR,4.75%,,2032-02-02,3427,892,867,0.001,892,,,NCDL,2025-08-06
Tau Buyer LLC,co_e84a4cf99b75,Revolver,Business Services,9.05%,,SOFR,4.75%,,2032-02-02,1720,121,117,0.0001,121,,,NCDL,2025-08-06
Tau Buyer LLC,co_e84a4cf99b75,First Lien,Business Services,9.05%,,SOFR,4.75%,,2032-02-02,9853,9762,9735,0.011,9762,,,NCDL,2025-08-06
Thompson Safety LLC,co_55731dfeb17d,Delayed Draw,Business Services,9.30%,,SOFR,5.00%,,2032-06-25,91,,,,,,,NCDL,2025-08-06
Thompson Safety LLC,co_55731dfeb17d,Revolver,Business Services,9.30%,,SOFR,5.00%,,2032-06-25,9,,,,,,,NCDL,2025-08-06
Transit Buyer LLC (Propark Mobility),co_d58c4b971f6a,First Lien,Business Services,9.33%,,SOFR,5.00%,,2029-01-31,6720,6636,6720,0.0076,6636,,,NCDL,2025-08-06
Transit Buyer LLC (Propark Mobility),co_d58c4b971f6a,Delayed Draw,Business Services,9.33%,,SOFR,5.00%,,2029-01-31,3093,3055,3093,0.0035,3055,,,NCDL,2025-08-06
Transit Buyer LLC (Propark Mobility),co_d58c4b971f6a,Delayed Draw,Business Services,9.31%,,SOFR,5.00%,,2029-01-31,10122,10104,10122,0.0114,10104,,,NCDL,2025-08-06
Trilon Group LLC,co_7e6037d72d41,First Lien,Business Services,9.76%,,SOFR,5.50%,,2029-05-27,27616,27482,27422,0.0309,27482,,,NCDL,2025-08-06
Oliver Packaging LLC,co_6bd17b3e30e5,Subordinated Debt,Packaging,,11.50%,N/A,,2029-01-06,,,,0.28,,,,,NCDL,2025-08-06
Oliver Packaging LLC,co_6bd17b3e30e5,Subordinated Debt,Packaging,,13.00%,N/A,,2029-01-06,490,483,479,0.05,,,,,NCDL,2025-08-06
Online Labels Group LLC,co_779b60c57c46,First Lien,Packaging,9.55%,,SOFR,5.25%,,2029-12-19,3279,3253,3279,0.0037,,,,NCDL,2025-08-06
Online Labels Group LLC,co_779b60c57c46,Delayed Draw,Packaging,9.55%,,SOFR,5.25%,,2029-12-19,403,201,201,0.0002,,,,NCDL,2025-08-06
Online Labels Group LLC,co_779b60c57c46,Delayed Draw,Packaging,9.55%,,SOFR,5.25%,,2029-12-19,403,,,,,,,NCDL,2025-08-06
Performance Packaging Buyer LLC,co_18f4575c2291,First Lien,Packaging,8.63%,,SOFR,4.50%,,2031-04-15,7012,6944,6947,0.0078,,,,NCDL,2025-08-06
Matador US Buyer LLC,co_3a06023eb253,First Lien,Energy & Utilities,9.33%,,SOFR,5.00%,,2030-06-25,22242,22052,22029,0.0248,,,,NCDL,2025-08-06
Matador US Buyer LLC,co_3a06023eb253,Delayed Draw,Energy & Utilities,9.33%,,SOFR,5.00%,,2030-06-25,5884,5603,5546,0.0062,,,,NCDL,2025-08-06
US MetalCo Holdings LLC,co_64c1bd04064e,First Lien,Energy & Utilities,9.79%,,SOFR,5.50%,,2029-10-31,23258,22991,23490,0.0265,,,,NCDL,2025-08-06
US MetalCo Holdings LLC,co_64c1bd04064e,Delayed Draw,Energy & Utilities,9.80%,,SOFR,5.50%,,2029-10-31,6324,6314,6387,0.0072,,,,NCDL,2025-08-06
Watermill Express LLC,co_be18612c81e6,Delayed Draw,Food & Beverage,9.73%,,SOFR,5.25%,,2029-07-05,311,311,311,0.0003,,,,NCDL,2025-08-06
WCHG Buyer Inc (Handgards LLC),co_b1098e2ca516,First Lien,Food & Beverage,9.75%,,SOFR,5.50%,,2031-04-10,24369,24140,24613,0.0254,,,,NCDL,2025-08-06
Clean Solutions Buyer Inc,co_c6cf73716dff,First Lien,Manufacturing,8.86%,,SOFR,4.50%,,2030-09-09,998,988,988,0.001,,,,NCDL,2025-08-06
Engineered Fastener Company LLC (EFC International),co_12f04e7042c0,Subordinated Debt,Manufacturing,11.00%,2.50%,N/A,N/A,,2028-05-01,3269,3199,3266,0.0034,,,,NCDL,2025-08-06
Engineered Fastener Company LLC (EFC International),co_12f04e7042c0,Subordinated Debt,Manufacturing,11.00%,2.50%,N/A,,,2028-05-01,3310,3251,3268,0.0037,,,,NCDL,2025-08-06
FirstCall Mechanical Group LLC,co_c962844dacb6,Delayed Draw,Manufacturing,9.08%,,SOFR,4.75%,,2030-06-27,19984,6361,6196,0.0064,,,,NCDL,2025-08-06
FirstCall Mechanical Group LLC,co_c962844dacb6,Delayed Draw,Manufacturing,9.05%,,SOFR,4.75%,,2030-06-27,19922,15504,15345,0.0173,,,,NCDL,2025-08-06
FirstCall Mechanical Group LLC,co_c962844dacb6,First Lien,Manufacturing,9.08%,,SOFR,4.75%,,2030-06-27,9950,9857,9856,0.0102,,,,NCDL,2025-08-06
FirstCall Mechanical Group LLC,co_c962844dacb6,First Lien,Manufacturing,9.05%,,SOFR,4.75%,,2030-06-27,9900,9816,9812,0.0111,,,,NCDL,2025-08-06
Heartland Home Services Inc (Helios Buyer Inc),co_ed8b22d2b973,First Lien,Manufacturing,10.43%,,SOFR,6.00%,,2026-12-15,6400,6375,6123,0.0063,,,,NCDL,2025-08-06
Heartland Home Services Inc (Helios Buyer Inc),co_ed8b22d2b973,First Lien,Manufacturing,10.40%,,SOFR,6.00%,,2026-12-15,6367,6349,6176,0.007,,,,NCDL,2025-08-06
Heartland Home Services Inc (Helios Buyer Inc),co_ed8b22d2b973,Delayed Draw,Manufacturing,10.43%,,SOFR,6.00%,,2026-12-15,5550,5538,5310,0.0055,,,,NCDL,2025-08-06
Heartland Home Services Inc (Helios Buyer Inc),co_ed8b22d2b973,Delayed Draw,Manufacturing,10.40%,,SOFR,6.00%,,2026-12-15,5522,5513,5356,0.006,,,,NCDL,2025-08-06
Heartland Home Services Inc (Helios Buyer Inc),co_ed8b22d2b973,Delayed Draw,Manufacturing,10.40%,,SOFR,6.00%,,2026-12-15,2532,2532,2456,0.0028,,,,NCDL,2025-08-06
Mobile Communications America Inc,co_c7c52650ef3a,Delayed Draw,Telecommunications,9.28%,,SOFR,5.00%,,2029-10-16,1654,,,,,,,NCDL,2025-08-06
Sapphire Telecom Inc,co_9f275a5c1df6,First Lien,Telecommunications,9.30%,,SOFR,5.00%,,2029-06-27,18943,18789,18945,0.0213,,,,NCDL,2025-08-06
Tyto Athene LLC,co_50b51b48db1c,First Lien,Telecommunications,9.19%,,SOFR,4.75%,,2028-04-03,7125,7091,6842,0.0077,,,,NCDL,2025-08-06
A&R Logistics Holdings Inc (Quantix SCS LLC),co_c9a78b238f3f,First Lien,Transportation & Logistics,11.19%,,SOFR,6.75%,,2026-08-03,260,260,231,0.0003,,,,NCDL,2025-08-06
A&R Logistics Holdings Inc (Quantix SCS LLC),co_c9a78b238f3f,First Lien,Transportation & Logistics,11.19%,,SOFR,6.75%,,2026-08-03,903,901,802,0.0009,,,,NCDL,2025-08-06
A&R Logistics Holdings Inc (Quantix SCS LLC),co_c9a78b238f3f,First Lien,Transportation & Logistics,11.19%,,SOFR,6.75%,,2026-08-03,183,182,162,0.0002,,,,NCDL,2025-08-06
A&R Logistics Holdings Inc (Quantix SCS LLC),co_c9a78b238f3f,First Lien,Transportation & Logistics,11.19%,,SOFR,6.75%,,2026-08-03,4408,4407,3914,0.0044,,,,NCDL,2025-08-06
A&R Logistics Holdings Inc (Quantix SCS LLC),co_c9a78b238f3f,First Lien,Transportation & Logistics,11.19%,,SOFR,6.75%,,2026-08-03,1372,1372,1218,0.0014,,,,NCDL,2025-08-06
Armstrong Midco LLC (Armstrong Transport Group),co_226711c7289b,Subordinated Debt,Transportation & Logistics,,17.00%,N/A,,2027-06-30,1204,1190,1177,0.13,,,,,NCDL,2025-08-06
Solve Industrial Motion Group LLC,co_402ccee6e51f,Delayed Draw,Software,10.00%,2.00%,N/A,,2028-06-30,,,,0.23,,,,,NCDL,2025-08-06
Solve Industrial Motion Group LLC,co_402ccee6e51f,Delayed Draw,Software,10.00%,2.00%,N/A,,,2028-06-30,2162,2162,2046,0.0021,,,,NCDL,2025-08-06
VALIDITY INC,co_02e11047a70c,First Lien,Software,9.58%,,SOFR,5.25%,,2032-04-07,100,99,99,0.0001,,,,NCDL,2025-08-06
Venture Buyer LLC (Velosio),co_a55af84312e0,First Lien,Software,9.53%,,SOFR,5.25%,,2030-03-01,6170,6121,6170,0.007,,,,NCDL,2025-08-06
Venture Buyer LLC (Velosio),co_a55af84312e0,First Lien,Software,9.84%,,SOFR,5.25%,,2030-03-01,6201,6147,6207,0.0064,,,,NCDL,2025-08-06
Venture Buyer LLC (Velosio),co_a55af84312e0,Delayed Draw,Software,9.58%,,SOFR,5.25%,,2030-03-01,1284,224,224,0.0003,,,,NCDL,2025-08-06
Venture Buyer LLC (Velosio),co_a55af84312e0,Delayed Draw,Software,9.84%,,SOFR,5.25%,,2030-03-01,1284,,1,,,,,NCDL,2025-08-06
Davidson Hotel Company LLC,co_1948a8954a8f,Delayed Draw,Hotels & Leisure,9.33%,,SOFR,5.00%,,2031-10-31,1052,40,37,0,,,,NCDL,2025-08-06
Davidson Hotel Company LLC,co_1948a8954a8f,Delayed Draw,Hotels & Leisure,9.36%,,SOFR,5.00%,,2031-10-31,1052,,,,,,,NCDL,2025-08-06
Davidson Hotel Company LLC,co_1948a8954a8f,First Lien,Hotels & Leisure,9.33%,,SOFR,5.00%,,2031-10-31,3156,3128,3142,0.0036,,,,NCDL,2025-08-06
Davidson Hotel Company LLC,co_1948a8954a8f,First Lien,Hotels & Leisure,9.36%,,SOFR,5.00%,,2031-10-31,3156,3125,3126,0.0032,,,,NCDL,2025-08-06
Calienger Acquisition L.L.C. (Wpromote LLC),co_d686fd71d8ad,First Lien,Marketing & Advertising,10.42%,,SOFR,6.00%,,2028-10-23,4313,4259,4287,0.0048,,,,NCDL,2025-08-06
Calienger Acquisition L.L.C. (Wpromote LLC),co_d686fd71d8ad,First Lien,Marketing & Advertising,10.40%,,SOFR,5.75%,,2028-10-23,4335,4273,4339,0.0045,,,,NCDL,2025-08-06
Tinuiti Inc,co_f9df34e83ace,First Lien,Marketing & Advertising,9.65%,,SOFR,5.25%,,2026-12-10,2902,2892,2854,0.0032,,,,NCDL,2025-08-06
Tinuiti Inc,co_f9df34e83ace,First Lien,Marketing & Advertising,9.68%,,SOFR,5.25%,,2026-12-10,2918,2904,2886,0.003,,,,NCDL,2025-08-06
Tinuiti Inc,co_f9df34e83ace,Delayed Draw,Marketing & Advertising,9.65%,,SOFR,5.25%,,2026-12-10,1897,1897,1866,0.0021,,,,NCDL,2025-08-06
Tinuiti Inc,co_f9df34e83ace,Delayed Draw,Marketing & Advertising,9.65%,,SOFR,5.25%,,2026-12-10,9713,9713,9551,0.0108,,,,NCDL,2025-08-06
Transit Buyer (Propark Mobility),co_d58c4b971f6a,Delayed Draw,Business Services,9.37%,,SOFR,5.00%,,2029-01-31,3108,2642,2683,0.0028,,,,NCDL,2025-08-06
Transit Buyer (Propark Mobility),co_d58c4b971f6a,Delayed Draw,Business Services,9.45%,,SOFR,5.00%,,2029-01-31,10173,10149,10164,0.0105,,,,NCDL,2025-08-06
Trilon Group,co_7e6037d72d41,First Lien,Business Services,10.31%,,SOFR,5.50%,,2029-05-25,27756,27599,27584,0.0284,,,,NCDL,2025-08-06
Trilon Group,co_7e6037d72d41,Delayed Draw,Business Services,10.22%,,SOFR,5.50%,,2029-05-25,1875,1866,1863,0.0019,,,,NCDL,2025-08-06
Victors CCC Buyer (CrossCountry Consulting),co_539456b253e3,First Lien,Business Services,9.13%,,SOFR,4.75%,,2029-06-01,8091,7975,8127,0.0084,,,,NCDL,2025-08-06
Victors CCC Buyer (CrossCountry Consulting),co_539456b253e3,Delayed Draw,Business Services,9.30%,,SOFR,4.75%,,2029-06-01,830,825,834,0.0009,,,,NCDL,2025-08-06
VRC Companies (Vital Records Control),co_0df1ee612826,First Lien,Business Services,10.35%,,SOFR,5.50%,,2027-06-29,4535,4508,4489,0.0046,,,,NCDL,2025-08-06
VRC Companies (Vital Records Control),co_0df1ee612826,First Lien,Business Services,10.27%,,SOFR,5.75%,,2027-06-29,331,328,329,0.0003,,,,NCDL,2025-08-06
VSTG Intermediate Holdings (Vistage Worldwide),co_e1fcea2b30e7,First Lien,Business Services,9.08%,,SOFR,4.75%,,2029-07-13,4939,,,,,,,NCDL,2025-08-06
Athlete Buyer LLC,co_a9e67690457e,Delayed Draw,Construction & Engineering,6.00%,8.00%,N/A,,2030-04-26,4501,4457,4315,0.49,,,,,NCDL,2025-08-06
Athlete Buyer LLC,co_a9e67690457e,Delayed Draw,Construction & Engineering,6.00%,8.00%,N/A,,2030-04-26,5711,5653,5475,0.62,,,,,NCDL,2025-08-06
Athlete Buyer LLC,co_a9e67690457e,Delayed Draw,Construction & Engineering,,14.00%,N/A,,2030-04-26,2510,,,-0.01,,,,,NCDL,2025-08-06
Cobalt Service Partners LLC,co_fae9c3b03889,Delayed Draw,Construction & Engineering,9.05%,,SOFR (S),4.75%,2031-10-13,3164,862,847,0.10,,,,,NCDL,2025-08-06
Cobalt Service Partners LLC,co_fae9c3b03889,First Lien,Construction & Engineering,9.05%,,SOFR (S),4.75%,2031-10-13,1831,1814,1814,0.20,,,,,NCDL,2025-08-06
Erie Construction Mid-West LLC,co_cc9ff923c706,First Lien,Construction & Engineering,9.18%,,SOFR (S),4.75%,2027-07-30,9329,9293,9329,1.05,,,,,NCDL,2025-08-06
Gannett Fleming Inc,co_ee4dfc4b7ffd,First Lien,Construction & Engineering,8.96%,,SOFR (S),4.75%,2030-08-05,17735,17504,17607,1.98,,,,,NCDL,2025-08-06
Heartland Paving Partners LLC,co_c7deb0ccb4ac,Delayed Draw,Construction & Engineering,8.94%,,SOFR (S),4.75%,2030-08-09,5714,5081,5043,0.57,,,,,NCDL,2025-08-06
Heartland Paving Partners LLC,co_c7deb0ccb4ac,Delayed Draw,Construction & Engineering,8.89%,,SOFR (S),4.75%,2030-08-09,5709,5697,5658,0.64,,,,,NCDL,2025-08-06
Wellspring Pharmaceutical,co_22c4265857f5,Delayed Draw,Pharmaceuticals & Biotechnology,9.27%,,SOFR,5.00%,,2028-08-22,,,0.17,,,,,NCDL,2025-08-06
Wellspring Pharmaceutical,co_22c4265857f5,Delayed Draw,Pharmaceuticals & Biotechnology,9.27%,,SOFR,5.00%,,2028-08-22,2548,2542,2551,0.0029,,,,NCDL,2025-08-06
Wellspring Pharmaceutical,co_22c4265857f5,First Lien,Pharmaceuticals & Biotechnology,9.27%,,SOFR,5.00%,,2028-08-22,1227,1212,1229,0.0014,,,,NCDL,2025-08-06
YI (Young Innovations),co_46126441818e,First Lien,Medical Devices & Equipment,10.06%,,SOFR,5.75%,,2029-12-03,16303,16180,15958,0.018,,,,NCDL,2025-08-06
Alta Buyer (GoEngineer),co_9153d42d3a44,First Lien,Software,9.30%,,SOFR,5.00%,,2027-12-21,11395,11374,11395,0.0128,,,,NCDL,2025-08-06
Alta Buyer (GoEngineer),co_9153d42d3a44,First Lien,Software,9.30%,,SOFR,5.00%,,2027-12-21,5311,5272,5311,0.006,,,,NCDL,2025-08-06
Alta Buyer (GoEngineer),co_9153d42d3a44,Delayed Draw,Software,9.30%,,SOFR,5.00%,,2027-12-21,3104,3090,3104,0.0035,,,,NCDL,2025-08-06
Eliassen Group,co_6f2538aae5b8,First Lien,Software,10.05%,,SOFR,5.75%,,2028-04-14,11886,11825,11794,0.0132,,,,NCDL,2025-08-06
Eliassen Group,co_6f2538aae5b8,Delayed Draw,Software,10.08%,,SOFR,5.75%,,2028-04-14,856,855,849,0.001,,,,NCDL,2025-08-06
Emburse Inc,co_d1d6f9aa98c8,Delayed Draw,Software,8.55%,,SOFR,4.25%,,2032-05-28,13,,,,,,,NCDL,2025-08-06
Integrated Power Services Holdings Inc,co_828be35f2d9b,First Lien,Business Services,8.97%,,SOFR,4.50%,,2028-11-22,3551,3547,3551,0.0037,,,,NCDL,2025-08-06
Integrated Power Services Holdings Inc,co_828be35f2d9b,First Lien,,8.94%,,SOFR,4.50%,,2028-11-22,4621,4619,4621,0.0052,4619,,,NCDL,2025-08-06
KENG Acquisition Inc (Engage PEO),co_a97a97f266f2,First Lien,Business Services,9.36%,,SOFR,5.00%,,2029-08-01,9570,9446,9483,0.0098,,,,NCDL,2025-08-06
KENG Acquisition Inc (Enagage PEO),co_a97a97f266f2,First Lien,,9.28%,,SOFR,5.00%,,2029-08-01,9522,9412,9442,0.0106,9412,,,NCDL,2025-08-06
KENG Acquisition Inc (Engage PEO),co_a97a97f266f2,Delayed Draw,Business Services,9.36%,,SOFR,5.00%,,2029-08-01,9285,4127,4061,0.0042,,,,NCDL,2025-08-06
KENG Acquisition Inc (Engage PEO),co_a97a97f266f2,Delayed Draw,Business Services,9.36%,,SOFR,5.00%,,2029-08-01,1074,,,,,,,NCDL,2025-08-06
KENG Acquisition Inc (Enagage PEO),co_a97a97f266f2,Delayed Draw,,9.28%,,SOFR,5.00%,,2029-08-01,9256,5741,5678,0.0064,5741,,,NCDL,2025-08-06
KENG Acquisition Inc (Enagage PEO),co_a97a97f266f2,Delayed Draw,,9.28%,,SOFR,5.00%,,2029-08-01,1074,,,,,,,NCDL,2025-08-06
KRIV Acquisition Inc (Riveron),co_1cedb2e8668c,First Lien,Business Services,10.08%,,SOFR,5.75%,,2029-07-06,10656,10407,10556,0.0109,,,,NCDL,2025-08-06
KRIV Acquisition Inc (Riveron),co_1cedb2e8668c,Delayed Draw,Business Services,10.08%,,SOFR,5.75%,,2029-07-06,1598,1582,1583,0.0016,,,,NCDL,2025-08-06
LRN Corporation (Lion Merger Sub Inc),co_4816e36fab4d,First Lien,Business Services,10.93%,,SOFR,6.50%,,2025-12-17,7246,7228,7193,0.0074,,,,NCDL,2025-08-06
LRN Corporation (Lion Merger Sub Inc),co_4816e36fab4d,First Lien,Business Services,10.93%,,SOFR,6.50%,,2025-12-17,7222,7189,7170,0.0074,,,,NCDL,2025-08-06
LSCS Holdings Inc (Dohmen),co_a9729536583e,First Lien,Business Services,8.97%,,SOFR,4.50%,,2028-12-16,9911,,,,,,,NCDL,2025-08-06
RA Parent Holdings LP,co_86746fb60f0b,First Lien,Automotive,9.46%,,SOFR,5.00%,,2029-03-01,20033,19849,19767,0.0204,19849,,,NCDL,2025-08-06
RA Parent Holdings LP,co_86746fb60f0b,Delayed Draw,Automotive,9.46%,,SOFR,5.00%,,2029-03-01,97,97,96,0.0001,97,,,NCDL,2025-08-06
RA Parent Holdings LP,co_86746fb60f0b,Delayed Draw,Automotive,9.61%,,SOFR,5.00%,,2029-03-01,1707,1707,1685,0.0017,1707,,,NCDL,2025-08-06
Accession Risk Management Group Inc,co_22ca5a1449c6,Delayed Draw,Financial Services,9.08%,,SOFR,4.75%,,2029-11-01,9744,9744,9620,0.0099,9744,,,NCDL,2025-08-06
Ascend Partner Services LLC,co_874ae8d6b778,First Lien,Financial Services,8.86%,,SOFR,4.50%,,2031-08-11,7358,7286,7289,0.0075,7286,,,NCDL,2025-08-06
Ascend Partner Services LLC,co_874ae8d6b778,Delayed Draw,Financial Services,8.86%,,SOFR,4.50%,,2031-08-11,12642,,,-0.01,,,,NCDL,2025-08-06
Big Apple Advisory LLC,co_9be98b2d9e35,Delayed Draw,Financial Services,11.00%,,Prime,3.50%,,2031-11-18,4305,,,,,,,NCDL,2025-08-06
Big Apple Advisory LLC,co_9be98b2d9e35,Revolver,Financial Services,11.00%,,Prime,3.50%,,2031-11-18,1740,,,,,,,NCDL,2025-08-06
Big Apple Advisory LLC,co_9be98b2d9e35,First Lien,Financial Services,11.00%,,Prime,3.50%,,2031-11-18,8955,8866,8869,0.0091,8866,,,NCDL,2025-08-06
Hyperion Materials & Technologies Inc,co_928ce5c4c945,First Lien,Manufacturing,9.02%,,SOFR,4.50%,,2028-08-30,2613,2613,2527,0.0028,,,,NCDL,2025-08-06
Jetson Buyer Inc (E-Technologies Group Inc),co_43bb328579f5,First Lien,Manufacturing,9.80%,,SOFR,5.50%,,2030-04-09,7240,7180,7043,0.0079,,,,NCDL,2025-08-06
Orion Group FM Holdings LLC,co_a3949fd1043d,First Lien,Environmental Services,9.80%,,SOFR,5.50%,,2029-07-03,1581,1567,1582,0.0018,,,,NCDL,2025-08-06
Orion Group FM Holdings LLC (Leo Facilities),co_a3949fd1043d,Delayed Draw,Environmental Services,10.58%,,SOFR,5.50%,,2029-07-03,13446,,,-0.02,,,,NCDL,2025-08-06
Orion Group FM Holdings LLC,co_a3949fd1043d,Delayed Draw,Environmental Services,9.77%,,SOFR,5.50%,,2029-07-03,6381,4700,4715,0.0053,,,,NCDL,2025-08-06
Orion Group FM Holdings LLC,co_a3949fd1043d,Delayed Draw,Environmental Services,9.82%,,SOFR,5.50%,,2029-07-03,13446,,12,0,,,,NCDL,2025-08-06
SI Solutions LLC,co_d90aa519906e,First Lien,Environmental Services,9.34%,,SOFR,4.75%,,2030-08-15,11872,11758,11888,0.0122,,,,NCDL,2025-08-06
SI Solutions LLC,co_d90aa519906e,First Lien,Environmental Services,8.88%,,SOFR,4.75%,,2030-08-15,11813,11712,11767,0.0133,,,,NCDL,2025-08-06
SI Solutions LLC,co_d90aa519906e,Delayed Draw,Environmental Services,9.34%,,SOFR,4.75%,,2030-08-15,5601,,7,,,,,NCDL,2025-08-06
SI Solutions LLC,co_d90aa519906e,Delayed Draw,Environmental Services,9.06%,,SOFR,4.75%,,2030-08-15,5601,1108,1098,0.0012,,,,NCDL,2025-08-06
AB Centers Acquisition Corporation (Action Behavior Centers),co_2fbcb7a91c6a,First Lien,Healthcare Services,9.84%,,SOFR,5.25%,,2031-07-02,15673,15520,15588,0.016,,,,NCDL,2025-08-06
AB Centers Acquisition Corporation (Action Behavior Centers),co_2fbcb7a91c6a,First Lien,Healthcare Services,9.61%,,SOFR,5.25%,,2031-07-02,1477,1470,1469,0.0015,,,,NCDL,2025-08-06
AB Centers Acquisition Corporation,co_2fbcb7a91c6a,First Lien,Healthcare Services,9.33%,,SOFR,5.00%,,2031-07-02,1474,1468,1503,0.0017,,,,NCDL,2025-08-06
AB Centers Acquisition Corporation,co_2fbcb7a91c6a,First Lien,Healthcare Services,9.32%,,SOFR,5.00%,,2031-07-02,15595,15458,15906,0.0179,,,,NCDL,2025-08-06
AB Centers Acquisition Corporation (Action Behavior Centers),co_2fbcb7a91c6a,Delayed Draw,Healthcare Services,9.80%,,SOFR,5.25%,,2031-07-02,2850,189,180,0.0002,,,,NCDL,2025-08-06
AB Centers Acquisition Corporation,co_2fbcb7a91c6a,Delayed Draw,Healthcare Services,9.32%,,SOFR,5.00%,,2031-07-02,2845,1017,1080,0.0012,,,,NCDL,2025-08-06
Affinity Hospice Intermediate Holdings LLC,co_53a199aaec6d,First Lien,Healthcare Services,9.18%,,SOFR,4.75%,,2027-12-17,7792,7748,6531,0.0067,,,,NCDL,2025-08-06
Anne Arundel Dermatology Management LLC,co_f675db24f164,Subordinated Debt,Healthcare Services,,12.75%,N/A,,2026-10-16,3282,3266,535,0.06,,,,,NCDL,2025-08-06
Anne Arundel Dermatology Management LLC,co_f675db24f164,Subordinated Debt,Healthcare Services,,13.25%,N/A,,2026-04-16,1972,1965,780,0.08,,,,,NCDL,2025-08-06
ICE USA Infrastructure Inc,co_59d68c8efe15,First Lien,Construction & Engineering,9.58%,,SOFR,5.25%,,2030-03-15,,,,0.0067,,,,NCDL,2025-08-06
Java Buyer Inc (Sciens Building Solutions LLC),co_81c3db1a65a7,First Lien,Construction & Engineering,10.20%,,SOFR,5.75%,,2027-12-15,9220,9118,9220,0.0095,,,,NCDL,2025-08-06
Java Buyer Inc (Sciens Building Solutions LLC),co_81c3db1a65a7,Delayed Draw,Construction & Engineering,10.39%,,SOFR,5.75%,,2027-12-15,4870,4845,4870,0.005,,,,NCDL,2025-08-06
MEI Buyer LLC,co_a2bda52004f7,First Lien,Construction & Engineering,9.36%,,SOFR,5.00%,,2029-06-29,11316,11130,11319,0.0117,,,,NCDL,2025-08-06
MEI Buyer LLC,co_a2bda52004f7,Delayed Draw,Construction & Engineering,9.48%,,SOFR,5.00%,,2029-06-29,1810,1803,1810,0.0019,,,,NCDL,2025-08-06
Rose Paving LLC,co_c74bc77b2332,Delayed Draw,Construction & Engineering,12.50%,,N/A,,,2030-05-07,191,,,,,,,NCDL,2025-08-06
Rose Paving LLC,co_c74bc77b2332,Subordinated Debt,Construction & Engineering,12.50%,,N/A,,,2030-05-07,2937,2900,2901,0.003,,,,NCDL,2025-08-06
Royal Holdco Corporation (RMA Companies),co_43bc0e70a444,First Lien,Construction & Engineering,9.24%,,SOFR,4.75%,,2027-12-30,5229,5178,5178,0.0053,,,,NCDL,2025-08-06
Royal Holdco Corporation (RMA Companies),co_43bc0e70a444,Delayed Draw,Construction & Engineering,10.44%,,SOFR,5.75%,,2027-12-30,4582,4575,4582,0.0047,,,,NCDL,2025-08-06
Royal Holdco Corporation (RMA Companies),co_43bc0e70a444,Delayed Draw,Construction & Engineering,10.31%,,SOFR,5.75%,,2027-12-30,3132,3127,313,,,,,NCDL,2025-08-06
QHR Health LLC,co_e8afc69dcb82,First Lien,Healthcare Services,9.93%,,SOFR,5.25%,,2027-05-28,,,0.79,,,,,NCDL,2025-08-06
QHR Health LLC,co_e8afc69dcb82,First Lien,Healthcare Services,9.71%,,SOFR,5.25%,,2027-05-28,3215,3180,3246,0.0033,,,,NCDL,2025-08-06
QHR Health LLC,co_e8afc69dcb82,First Lien,Healthcare Services,9.68%,,SOFR,5.25%,,2027-05-28,7562,7529,7562,0.0085,7529,,,NCDL,2025-08-06
QHR Health LLC,co_e8afc69dcb82,Delayed Draw,Healthcare Services,9.71%,,SOFR,5.25%,,2027-05-28,3215,3210,3246,0.0033,,,,NCDL,2025-08-06
Sandlot Buyer LLC (Prime Time Healthcare),co_f4b61950ca8e,First Lien,Healthcare Services,10.63%,,SOFR,6.25%,,2028-09-19,7833,7667,7746,0.008,,,,NCDL,2025-08-06
Sandlot Buyer LLC (Prime Time Healthcare),co_f4b61950ca8e,First Lien,Healthcare Services,10.80%,,SOFR,6.25%,,2028-09-19,9609,9455,9502,0.0098,,,,NCDL,2025-08-06
Smile Brands Inc,co_887d6379ed76,Subordinated Debt,Healthcare Services,,14.10%,SOFR,9.52%,,2028-04-12,11396,11353,9352,0.0096,,,,NCDL,2025-08-06
SM Wellness Holdings Inc (Solis Mammography),co_f76051c0a178,First Lien,Healthcare Services,9.35%,,SOFR,4.50%,,2028-04-17,13022,12960,12920,0.0132,,,,NCDL,2025-08-06
Southern Veterinary Partners LLC,co_d9e49ba45334,First Lien,Healthcare Services,7.71%,,SOFR,3.25%,,2031-12-04,9424,9414,9502,0.0098,,,,NCDL,2025-08-06
TBRS Inc,co_473fc06769ed,Delayed Draw,Healthcare Services,9.26%,,SOFR,4.75%,,2031-11-22,2209,,,,,,,NCDL,2025-08-06
TBRS Inc,co_473fc06769ed,Revolver,Healthcare Services,9.26%,,SOFR,4.75%,,2030-11-22,1406,71,71,0.0001,,,,NCDL,2025-08-06
All4 Buyer LLC,co_2a250cf07a22,Delayed Draw,Business Services,8.78%,,SOFR,4.50%,,2032-01-23,2385,,,0,,,,NCDL,2025-08-06
All4 Buyer LLC,co_2a250cf07a22,First Lien,Business Services,8.78%,,SOFR,4.50%,,2032-01-23,2855,2828,2827,0.0032,,,,NCDL,2025-08-06
Archer Acquisition LLC (ARMstrong),co_37cb1baa3b52,Delayed Draw,Business Services,9.39%,,SOFR,5.00%,,2029-10-08,1095,390,386,0.0004,,,,NCDL,2025-08-06
Bounteous Inc,co_b8df7bf20faa,First Lien,Business Services,9.18%,,SOFR,4.75%,,2027-08-02,5265,5245,5254,0.0059,,,,NCDL,2025-08-06
Bounteous Inc,co_b8df7bf20faa,First Lien,Business Services,9.18%,,SOFR,4.75%,,2027-08-02,2155,2146,2151,0.0024,,,,NCDL,2025-08-06
Bounteous Inc,co_b8df7bf20faa,Delayed Draw,Business Services,9.18%,,SOFR,4.75%,,2027-08-02,2725,2715,2719,0.0031,,,,NCDL,2025-08-06
Bounteous Inc,co_b8df7bf20faa,Delayed Draw,Business Services,9.18%,,SOFR,4.75%,,2027-08-02,3523,3523,3515,0.004,,,,NCDL,2025-08-06
Bullhorn Inc,co_14daf6316e71,First Lien,Business Services,9.33%,,SOFR,5.00%,,2029-10-01,13671,13628,13517,0.0152,,,,NCDL,2025-08-06
Apex Service Partners,co_443c5661a0e9,Delayed Draw,Business Services,9.33%,,SOFR,5.00%,,2030-10-24,155,154,154,0.0002,,,,NCDL,2025-08-06
Apex Service Partners,co_443c5661a0e9,Revolver,Business Services,9.33%,,SOFR,5.00%,,2029-10-24,55,,,,,,,NCDL,2025-08-06
Apex Service Partners,co_443c5661a0e9,First Lien,Business Services,9.33%,,SOFR,5.00%,,2030-10-24,630,625,627,0.0007,,,,NCDL,2025-08-06
Columbia Home Services,co_4cbcee875040,Subordinated Debt,Business Services,12.00%,,N/A,,2031-11-27,78,76,76,0.01,,,,,NCDL,2025-08-06
Entomo Brands Acquisitions,co_81d49c8742e1,Subordinated Debt,Business Services,9.00%,4.00%,N/A,,2030-01-28,890,872,850,0.10,,,,,NCDL,2025-08-06
Entomo Brands Acquisitions,co_81d49c8742e1,Delayed Draw,Business Services,9.00%,4.00%,N/A,,2030-01-28,680,673,649,0.07,,,,,NCDL,2025-08-06
Excel Fitness Holdings,co_f60ab2c38c7b,First Lien,Business Services,9.55%,,SOFR,5.25%,,2029-04-27,9800,9728,9800,0.011,,,,NCDL,2025-08-06
Excel Fitness Holdings,co_f60ab2c38c7b,Delayed Draw,Business Services,9.80%,,SOFR,5.50%,,2029-04-27,2369,458,472,0.0005,,,,NCDL,2025-08-06
Legacy Parent Holdings,co_a05f5303e092,First Lien,Business Services,9.70%,,SOFR,5.25%,,2029-01-09,10008,9878,9968,0.0112,,,,NCDL,2025-08-06
Legacy Parent Holdings,co_a05f5303e092,Delayed Draw,Business Services,9.70%,,SOFR,5.25%,,2029-01-09,4665,4652,4646,0.0052,,,,NCDL,2025-08-06
Concord FG Holdings LP (E78),co_308ecfc437b0,Common Equity,Business Services,,,N/A,,2021-12-01,,816,860,921,0.001,,,,NCDL,2025-08-06
Geds Equity Investors LP (Esquire Deposition Services),co_e057f9001f66,Common Equity,Business Services,,,N/A,,2024-07-01,,2424,320,270,0.0003,320,,,NCDL,2025-08-06
KRIV Co-Invest Holdings LP (Riveron),co_7f8cbbbcd839,Common Equity,Business Services,,,N/A,,2023-07-17,,790,790,954,0.0011,790,,,NCDL,2025-08-06
North Haven Terrapin IntermediateCo LLC (Apex Companies),co_0dc1c4df91b4,Common Equity,Business Services,,,N/A,,2023-01-31,,1173,117,177,0.0002,117,,,NCDL,2025-08-06
OSG Topco Holdings LLC (Output Services Group Inc),co_9c8749dc558a,Common Equity,Business Services,,,N/A,,2023-11-30,,47021,833,788,0.0009,833,,,NCDL,2025-08-06
CHS Investors LLC,co_01f9fa11bc1d,Common Equity,Consumer Products,,,N/A,,2025-05-27,,576,83,83,0.0001,83,,,NCDL,2025-08-06
Entomo Brands Acquisitions Inc (Palmetto Exterminators),co_81d49c8742e1,Common Equity,Consumer Products,,,N/A,,2023-07-31,,997000,1117,1010,0.0011,1117,,,NCDL,2025-08-06
FS NU Investors LP (NearU),co_fa428c66bcda,Common Equity,Consumer Products,,,N/A,,2022-08-11,,2432,243,173,0.0002,243,,,NCDL,2025-08-06
Legacy Parent Holdings LLC (Legacy Service Partners),co_a05f5303e092,Common Equity,Consumer Products,,,N/A,,2023-01-09,,121,14,16,,14,,,NCDL,2025-08-06
Legacy Parent Holdings LLC (Legacy Service Partners),co_a05f5303e092,Common Equity,Consumer Products,,,N/A,,2023-01-09,,4907,491,640,0.0007,491,,,NCDL,2025-08-06
Perennial Services Investors LLC (Perennial Services Group),co_84dba812b909,Common Equity,Consumer Products,,,N/A,,2023-09-08,,7784,778,1050,0.0012,778,,,NCDL,2025-08-06
DRS Holdings III Inc,co_289579b00316,First Lien,Consumer Products,9.58%,,SOFR,5.25%,,2028-11-01,,,,0.0034,,,,NCDL,2025-08-06
Momentum Textiles LLC,co_70f96f38c9a0,Subordinated Debt,Consumer Products,10.00%,3.00%,N/A,,,2029-09-25,5039,4955,4938,0.0055,,,,NCDL,2025-08-06
XpressMyself.com LLC (SmartSign),co_d8227968b4ba,First Lien,Consumer Products,9.91%,,SOFR,5.50%,,2028-09-07,9725,9673,9725,0.0109,,,,NCDL,2025-08-06
XpressMyself.com LLC (SmartSign),co_d8227968b4ba,First Lien,Consumer Products,10.17%,,SOFR,5.75%,,2028-09-07,4949,4884,4949,0.0056,,,,NCDL,2025-08-06
ACP Tara Holdings Inc,co_cb7074f49d7a,First Lien,Consumer Products,8.90%,,SOFR,4.50%,,2027-09-10,12411,12362,12411,0.014,,,,NCDL,2025-08-06
ACP Tara Holdings Inc,co_cb7074f49d7a,First Lien,Consumer Products,10.15%,,SOFR,5.75%,,2027-09-10,1047,1035,1047,0.0012,,,,NCDL,2025-08-06
KL Bronco Acquisition Inc (Elevation Labs),co_211e2860fcc5,First Lien,Consumer Products,9.63%,,SOFR,5.25%,,2028-06-30,6686,6651,6686,0.0075,,,,NCDL,2025-08-06
KL Bronco Acquisition Inc (Elevation Labs),co_211e2860fcc5,Delayed Draw,Consumer Products,9.67%,,SOFR,5.25%,,2028-06-30,3113,2461,2476,0.0028,,,,NCDL,2025-08-06
MPG Parent Holdings LLC (Market Performance Group),co_5f837b5ebc54,First Lien,Consumer Products,9.30%,,SOFR,5.00%,,2030-01-08,12461,12365,12525,0.0141,,,,NCDL,2025-08-06
MPG Parent Holdings LLC (Market Performance Group),co_5f837b5ebc54,First Lien,Consumer Products,9.33%,,SOFR,5.00%,,2030-01-08,,,1.31,,,,,NCDL,2025-08-06
Bardstown PPC Buyer LLC (Bardstown Bourbon Company),co_03e8fc2a6a3e,Common Equity,Food & Beverage,,,N/A,,2022-07-13,,,,,,0.29,,,NCDL,2025-08-06
VCP Tech24 Co-Invest Aggregator LP (Tech24),co_44298d33d695,Common Equity,Food & Beverage,,,N/A,,2023-10-05,,,954,966,0.0011,954,,,NCDL,2025-08-06
WPP Fairway Aggregator B L.P (Fresh Edge),co_ed31b48d9565,Common Equity,Food & Beverage,,,N/A,,2022-10-03,,,5,,,5,,,NCDL,2025-08-06
WPP Fairway Aggregator B L.P (Fresh Edge),co_ed31b48d9565,Preferred Equity,Food & Beverage,,,N/A,,2022-10-03,,,698,475,0.0005,698,,,NCDL,2025-08-06
CMG HoldCo LLC (Crete),co_943cc587e1a3,Common Equity,Manufacturing,,,N/A,,2022-05-19,,,249,854,0.001,249,,,NCDL,2025-08-06
EFC Holdings LLC (EFC International),co_a4a510073eb3,Common Equity,Manufacturing,,,N/A,,2023-03-01,,,60,67,0.0001,60,,,NCDL,2025-08-06
EFC Holdings LLC (EFC International),co_a4a510073eb3,Preferred Equity,Manufacturing,,,N/A,,2023-03-01,,,148,179,0.0002,148,,,NCDL,2025-08-06
E-Tech Holdings Partnership L.P. (E-Technologies Group Inc),co_49c7ae907c0e,Partnership Interest,Manufacturing,,,N/A,,2024-05-22,,,1000,885,0.001,1000,,,NCDL,2025-08-06
Lapmaster Co-Investment LLC (Precision Surfacing Solutions),co_b65891a13fc0,Common Equity,Manufacturing,,,N/A,,2022-10-05,,,3750,5553,0.0062,3750,,,NCDL,2025-08-06
New Spartech Holdings LLC,co_9e161260897b,Common Equity,Chemicals,,,N/A,,2025-06-06,,,1595,1595,0.0018,1595,,,NCDL,2025-08-06
Erie Construction LLC (Erie Construction),co_f5c719a30210,Common Equity,Construction & Engineering,,,N/A,,2021-09-03,,,166,911,0.001,166,,,NCDL,2025-08-06
GreyLion TGNL Holdings,co_c137d8f45314,Common Equity,Construction & Engineering,,,N/A,,2025-05-02,,,1021,100,,,,,NCDL,2025-08-06
MPG Parent Holdings LLC (Market Performance Group),co_5f837b5ebc54,Delayed Draw,Consumer Products,9.59%,,SOFR,5.00%,,2030-01-08,3075,3075,3106,0.0032,3075,,,NCDL,2025-08-06
Ultima Health Holdings Inc,co_3ca9840b7eec,Subordinated Debt,Consumer Products,11.00%,1.50%,N/A,,2029-03-12,1761,1737,1761,0.18,,,,,NCDL,2025-08-06
B2B Industrial Products LLC (AMW Acquisition Company Inc),co_92ac68cc5f4d,First Lien,Packaging,11.43%,,SOFR,6.75%,,2026-10-07,14284,14266,13536,0.014,14266,,,NCDL,2025-08-06
B2B Industrial Products LLC (AMW Acquisition Company Inc),co_92ac68cc5f4d,First Lien,Packaging,11.41%,,SOFR,6.75%,,2026-10-07,113,112,107,0.0001,112,,,NCDL,2025-08-06
Five Star Lower Holding LLC (Five Star Packaging),co_7c3ced9c99b4,First Lien,Packaging,8.68%,,SOFR,4.25%,,2029-05-05,7500,7421,7468,0.0077,7421,,,NCDL,2025-08-06
good2grow LLC,co_1179503fb063,First Lien,Packaging,9.16%,,SOFR,4.50%,,2027-12-01,8699,8653,8699,0.009,8653,,,NCDL,2025-08-06
good2grow LLC,co_1179503fb063,First Lien,Packaging,10.16%,,SOFR,5.50%,,2027-12-01,4981,4927,4981,0.0051,4927,,,NCDL,2025-08-06
good2grow LLC,co_1179503fb063,First Lien,Packaging,9.41%,,SOFR,4.75%,,2027-12-01,14266,14149,14408,0.0148,1,,,NCDL,2025-08-06
Cornerstone Advisors of Arizona,co_626efa52add3,First Lien,Business Services,9.85%,,SOFR,5.50%,,2026-09-24,2271,2263,2271,0.0023,2263,,,NCDL,2025-08-06
Cornerstone Advisors of Arizona,co_626efa52add3,First Lien,Business Services,9.85%,,SOFR,5.50%,,2026-09-24,3423,3399,3423,0.0035,3399,,,NCDL,2025-08-06
Cornerstone Advisors of Arizona,co_626efa52add3,Delayed Draw,Business Services,9.85%,,SOFR,5.50%,,2026-09-24,208,208,208,0.0002,208,,,NCDL,2025-08-06
DH United Holdings (D&H United Fueling Solutions),co_b3dc0bb8730c,First Lien,Industrial Services,9.50%,,SOFR,5.00%,,2028-09-15,7415,7315,7342,0.0076,7315,,,NCDL,2025-08-06
DH United Holdings (D&H United Fueling Solutions),co_b3dc0bb8730c,First Lien,Industrial Services,9.48%,,SOFR,5.00%,,2028-09-15,3431,3377,3397,0.0035,3377,,,NCDL,2025-08-06
DH United Holdings (D&H United Fueling Solutions),co_b3dc0bb8730c,Delayed Draw,Industrial Services,9.62%,,SOFR,5.00%,,2028-09-15,2360,2345,2337,0.0024,2345,,,NCDL,2025-08-06
DH United Holdings (D&H United Fueling Solutions),co_b3dc0bb8730c,Delayed Draw,Industrial Services,9.81%,,SOFR,5.00%,,2028-09-15,1555,1550,1540,0.0016,1550,,,NCDL,2025-08-06
DH United Holdings (D&H United Fueling Solutions),co_b3dc0bb8730c,Delayed Draw,Industrial Services,9.72%,,SOFR,5.50%,,2028-09-15,5141,4318,4290,0.0044,4318,,,NCDL,2025-08-06
Perennial Services Group LLC,co_f4f98638c095,First Lien,Consumer Products,10.11%,,SOFR,5.50%,,2029-09-07,,,0.69,,,,,NCDL,2025-08-06
Perennial Services Group LLC,co_f4f98638c095,Delayed Draw,Consumer Products,10.11%,,SOFR,5.50%,,2029-09-07,5965,5958,6024,0.0062,,,,NCDL,2025-08-06
Wrench Group LLC,co_1ae37eca31cd,First Lien,Consumer Products,8.59%,,SOFR,4.00%,,2028-10-30,9975,9959,9959,0.0103,,,,NCDL,2025-08-06
Renaissance Buyer LLC (LMI Consulting LLC),co_0ac1d186fa63,First Lien,Financial Services,9.88%,,SOFR,5.50%,,2028-07-18,12132,12033,12162,0.0125,,,,NCDL,2025-08-06
Renaissance Buyer LLC,co_0ac1d186fa63,First Lien,Business Services,9.57%,,SOFR,5.25%,,2028-07-18,12071,11985,12192,0.0137,,,,NCDL,2025-08-06
BCM One Inc,co_c2619fa488a0,First Lien,Telecommunications,8.89%,,SOFR,4.50%,,2027-11-17,5713,5713,5713,0.0059,,,,NCDL,2025-08-06
BCM One Inc,co_c2619fa488a0,First Lien,Telecommunications,8.79%,,SOFR,4.50%,,2027-11-17,5681,5681,5681,0.0064,,,,NCDL,2025-08-06
BCM One Inc,co_c2619fa488a0,Delayed Draw,Telecommunications,8.96%,,SOFR,4.50%,,2027-11-17,1808,1808,1808,0.0019,,,,NCDL,2025-08-06
BCM One Inc,co_c2619fa488a0,Delayed Draw,Telecommunications,8.84%,,SOFR,4.50%,,2027-11-17,1799,1799,1799,0.002,,,,NCDL,2025-08-06
MBS Holdings Inc,co_1f4d56e6b50c,First Lien,Telecommunications,11.09%,,SOFR,6.25%,,2027-04-16,1810,1788,1828,0.0019,,,,NCDL,2025-08-06
MBS Holdings Inc,co_1f4d56e6b50c,First Lien,Telecommunications,10.59%,,SOFR,5.75%,,2027-04-16,9950,9910,9950,0.0103,,,,NCDL,2025-08-06
MBS Holdings Inc,co_1f4d56e6b50c,First Lien,Telecommunications,11.34%,,SOFR,6.50%,,2027-04-16,1301,1284,1314,0.0014,,,,NCDL,2025-08-06
MBS Holdings Inc,co_1f4d56e6b50c,First Lien,Telecommunications,9.28%,,SOFR,5.00%,,2027-04-16,1043,1033,1043,0.0012,,,,NCDL,2025-08-06
MBS Holdings Inc,co_1f4d56e6b50c,First Lien,Telecommunications,9.35%,,SOFR,5.00%,,2027-04-16,1801,1784,1801,0.002,,,,NCDL,2025-08-06
MBS Holdings Inc,co_1f4d56e6b50c,First Lien,Telecommunications,9.35%,,SOFR,5.00%,,2027-04-16,9899,9872,9899,0.0112,,,,NCDL,2025-08-06
MBS Holdings Inc,co_1f4d56e6b50c,First Lien,Telecommunications,9.35%,,SOFR,5.00%,,2027-04-16,1295,1282,1295,0.0015,,,,NCDL,2025-08-06
Mobile Communications America Inc,co_c7c52650ef3a,First Lien,Telecommunications,9.86%,,SOFR,5.25%,,2029-10-16,18320,18110,1846,,,,,NCDL,2025-08-06
Mobile Communications America Inc,co_c7c52650ef3a,First Lien,Telecommunications,9.28%,,SOFR,5.00%,,2029-10-16,18228,18043,18184,0.0205,,,,NCDL,2025-08-06
Entomo Brands Acquisitions Inc (Palmetto Exterminators),co_81d49c8742e1,Delayed Draw,Business Services,9.00%,4.00%,N/A,,2030-01-28,,,,0.07,,,,,NCDL,2025-08-06
Excel Fitness Holdings Inc,co_f60ab2c38c7b,First Lien,Hotels & Leisure,9.58%,,SOFR (S),5.25%,,2029-04-27,9850,9766,9826,0.0101,,,,NCDL,2025-08-06
Excel Fitness Holdings Inc,co_f60ab2c38c7b,Delayed Draw,Hotels & Leisure,9.83%,,SOFR (S),5.50%,,2029-04-27,2371,459,474,0.0005,,,,NCDL,2025-08-06
Legacy Service Partners LLC,co_6ac753128009,First Lien,Business Services,9.75%,,SOFR (S),5.25%,,2029-01-09,2934,2905,2921,0.003,,,,NCDL,2025-08-06
Legacy Service Partners LLC,co_6ac753128009,First Lien,Business Services,9.73%,,SOFR (S),5.25%,,2029-01-09,10059,9908,10015,0.0103,,,,NCDL,2025-08-06
Legacy Service Partners LLC,co_6ac753128009,Delayed Draw,Business Services,9.77%,,SOFR (S),5.25%,,2029-01-09,4688,4672,4668,0.0048,,,,NCDL,2025-08-06
Liberty Buyer Inc (Liberty Group),co_ac712efd8e7b,First Lien,Business Services,10.11%,,SOFR (S),5.75%,,2028-06-15,3889,3865,3842,0.004,,,,NCDL,2025-08-06
Liberty Buyer Inc (Liberty Group),co_ac712efd8e7b,Delayed Draw,Business Services,10.93%,,SOFR (S),5.75%,,2028-06-15,741,292,283,0.0003,,,,NCDL,2025-08-06
National Renovations LLC (Repipe Specialists),co_806a850baa21,Subordinated Debt,Business Services,3.33%,9.17%,N/A,,2029-03-18,2611,2577,2200,0.23,,,,,NCDL,2025-08-06
EVDR Purchaser Inc (Alternative Logistics Technologies Buyer LLC),co_5a268e43a0b5,Delayed Draw,Transportation & Logistics,9.83%,,SOFR,5.50%,,2031-02-14,3040,,,,,,,NCDL,2025-08-06
CRCI Longhorn Holdings Inc (CRCI Holdings Inc),co_145a4d0582fe,First Lien,Energy & Utilities,9.33%,,SOFR,5.00%,,2031-08-27,10408,10315,10435,0.0118,,,,NCDL,2025-08-06
CRCI Longhorn Holdings Inc (CRCI Holdings Inc),co_145a4d0582fe,Delayed Draw,Energy & Utilities,9.33%,,SOFR,5.00%,,2031-08-27,2615,,,0.07,,,,NCDL,2025-08-06
CRCI Longhorn Holdings Inc (CRCI Holdings Inc),co_145a4d0582fe,Revolver,Energy & Utilities,9.33%,,SOFR,5.00%,,2031-08-27,1925,,,0.05,,,,NCDL,2025-08-06
DMC Holdco LLC (DMC Power),co_115667ae7029,First Lien,Energy & Utilities,9.07%,,SOFR,4.75%,,2029-07-13,4925,4871,4951,0.0056,,,,NCDL,2025-08-06
DMC Holdco LLC (DMC Power),co_115667ae7029,Delayed Draw,Energy & Utilities,9.07%,,SOFR,4.75%,,2029-07-13,1671,,,0.09,,,,NCDL,2025-08-06
Low Voltage Holdings Inc,co_86b07994c62a,Delayed Draw,Energy & Utilities,9.05%,,SOFR,4.75%,,2032-04-28,735,,,,,,,NCDL,2025-08-06
Low Voltage Holdings Inc,co_86b07994c62a,Revolver,Energy & Utilities,9.05%,,SOFR,4.75%,,2032-04-28,352,,,,,,,NCDL,2025-08-06
CDL Marketing Group LLC (Career Now),co_d8c8ff377623,Common Equity,Business Services,,,N/A,,2021-09-30,,624,,,,,,,NCDL,2025-08-06
CDL Marketing Group LLC (Career Now),co_d8c8ff377623,Partnership Interest,Business Services,,,N/A,,2023-10-23,,222,22,,,,,,NCDL,2025-08-06
Repipe Aggregator LLC (Repipe Specialists),co_d8f5c6e9e994,Common Equity,Consumer Products,,,N/A,,2022-03-31,,253,253,,,,,,NCDL,2025-08-06
ACP Maverick Holdings Inc,co_35a5532a36f4,Delayed Draw,Healthcare Services,9.05%,,SOFR,4.75%,,2031-03-18,3636,,,0,,,,NCDL,2025-08-06
Alta Buyer LLC (GoEngineer),co_9153d42d3a44,First Lien,Software,9.33%,,SOFR,5.00%,,2027-12-21,,,1.17,,,,,NCDL,2025-08-06
Alta Buyer LLC (GoEngineer),co_9153d42d3a44,First Lien,Software,9.33%,,SOFR,5.00%,,2027-12-21,5338,5290,5295,0.0055,,,,NCDL,2025-08-06
Alta Buyer LLC (GoEngineer),co_9153d42d3a44,Delayed Draw,Software,9.33%,,SOFR,5.00%,,2027-12-21,3120,3102,3095,0.0032,,,,NCDL,2025-08-06
Cedar Services Group LLC (Evergreen Services Group II),co_f2a48822ef30,First Lien,Software,9.83%,,SOFR,5.50%,,2030-10-04,15994,15780,15994,0.0165,,,,NCDL,2025-08-06
Cedar Services Group LLC (Evergreen Services Group II),co_f2a48822ef30,Delayed Draw,Software,9.83%,,SOFR,5.50%,,2030-10-04,12931,12903,12931,0.0133,,,,NCDL,2025-08-06
Diligent Corporation (fka Diamond Merger Sub II Corp),co_043d566b8b97,Delayed Draw,Software,10.09%,,SOFR,5.00%,,2030-08-02,3830,,25,0,,,,NCDL,2025-08-06
Diligent Corporation (fka Diamond Merger Sub II Corp),co_043d566b8b97,First Lien,Software,10.09%,,SOFR,5.00%,,2030-08-02,3830,3811,3855,0.004,,,,NCDL,2025-08-06
Diligent Corporation (fka Diamond Merger Sub II Corp),co_043d566b8b97,First Lien,Software,10.09%,,SOFR,5.00%,,2030-08-02,22340,22230,22489,0.0232,,,,NCDL,2025-08-06
Eliassen Group LLC,co_6f2538aae5b8,First Lien,Software,10.08%,,SOFR,5.75%,,2028-04-14,11947,11871,11947,0.0123,,,,NCDL,2025-08-06
AmerCareRoyal LLC,co_896148b2808a,First Lien,Food & Beverage,9.36%,,SOFR,5.00%,,2030-09-10,,,0.07,,,,,NCDL,2025-08-06
AmerCareRoyal LLC,co_896148b2808a,Delayed Draw,Food & Beverage,9.36%,,SOFR,5.00%,,2030-09-10,165,,,0,,,,NCDL,2025-08-06
AmerCareRoyal LLC,co_896148b2808a,Delayed Draw,Food & Beverage,9.36%,,SOFR,5.00%,,2030-09-10,115,114,114,0.0001,,,,NCDL,2025-08-06
Bardstown PPC Buyer LLC,co_03e8fc2a6a3e,Subordinated Debt,Food & Beverage,12.96%,,SOFR,7.75%,,2027-08-30,9300,9188,9221,0.0095,,,,NCDL,2025-08-06
BCPE North Star US Holdco 2 Inc,co_874b961a7aef,Subordinated Debt,Food & Beverage,11.72%,,SOFR,7.25%,,2029-06-08,9000,8891,8359,0.0086,,,,NCDL,2025-08-06
BCPE North Star US Holdco 2 Inc,co_874b961a7aef,First Lien,Food & Beverage,8.47%,,SOFR,4.00%,,2028-06-09,10518,10070,10147,0.0105,,,,NCDL,2025-08-06
Boardwalk Buyer LLC,co_229f77dfa1c1,First Lien,Food & Beverage,9.43%,,SOFR,5.00%,,2027-09-28,9700,9653,9700,0.01,,,,NCDL,2025-08-06
Commercial Bakeries Corp,co_f7120284a37a,First Lien,Food & Beverage,9.83%,,SOFR,5.50%,,2029-09-25,17109,16829,16905,0.0174,,,,NCDL,2025-08-06
Commercial Bakeries Corp,co_f7120284a37a,First Lien,Food & Beverage,9.99%,,SOFR,5.50%,,2029-09-25,2024,2009,2000,0.0021,,,,NCDL,2025-08-06
FoodScience LLC,co_330e6e760261,Delayed Draw,Food & Beverage,9.08%,,SOFR,4.75%,,2031-11-14,6322,,,-0.01,,,,NCDL,2025-08-06
Commercial Bakeries,co_f7120284a37a,First Lien,Food & Beverage,9.82%,,SOFR,5.50%,,2029-09-25,2014,2001,1975,0.0022,,,,NCDL,2025-08-06
FoodScience,co_330e6e760261,Delayed Draw,Food & Beverage,8.67%,,SOFR,4.50%,,2031-11-14,6317,1838,1742,0.002,,,,NCDL,2025-08-06
FoodScience,co_330e6e760261,First Lien,Food & Beverage,8.72%,,SOFR,4.50%,,2031-11-14,5897,5844,5794,0.0065,,,,NCDL,2025-08-06
IF&P Holding Company,co_6357a4972bed,Subordinated Debt,Food & Beverage,8.86%,5.13%,SOFR,4.50%,,2029-04-03,4183,4120,4060,0.0046,,,,NCDL,2025-08-06
IF&P Holding Company,co_6357a4972bed,Subordinated Debt,Food & Beverage,8.86%,5.13%,SOFR,4.50%,,2029-04-03,835,821,811,0.0009,,,,NCDL,2025-08-06
IF&P Holding Company,co_6357a4972bed,Subordinated Debt,Food & Beverage,8.86%,5.13%,SOFR,4.50%,,2029-04-03,988,970,959,0.0011,,,,NCDL,2025-08-06
Nellson Nutraceutical,co_aa8d04310e1d,Delayed Draw,Food & Beverage,10.05%,,SOFR,5.75%,,2031-04-17,72,,,,,,,NCDL,2025-08-06
Nellson Nutraceutical,co_aa8d04310e1d,First Lien,Food & Beverage,10.05%,,SOFR,5.75%,,2031-04-17,928,918,919,0.001,,,,NCDL,2025-08-06
Palmetto Acquisitionco,co_79b74865ba09,First Lien,Food & Beverage,10.05%,,SOFR,5.75%,,2029-09-18,13114,12941,12714,0.0142,,,,NCDL,2025-08-06
STS Holding,co_7ca4d5d76863,First Lien,Aerospace & Defense,9.05%,,SOFR,4.75%,,2030-11-12,3726,3693,3644,0.0041,3693,,,NCDL,2025-08-06
Turbine Engine Specialists,co_49627f26b33e,Subordinated Debt,Aerospace & Defense,13.93%,,SOFR,9.50%,,2029-03-01,2518,2472,2533,0.0029,2472,,,NCDL,2025-08-06
Valkyrie Intermediate,co_625f8c42755d,Subordinated Debt,Aerospace & Defense,10.50%,1.00%,N/A,,2027-11-17,2880,2851,2842,0.32,,,,,NCDL,2025-08-06
Covercraft Parent III,co_0d8311ebddad,Subordinated Debt,Automotive,10.00%,0.75%,N/A,,2028-02-20,7562,7491,4001,0.45,,,,,NCDL,2025-08-06
Esquire Deposition Solutions LLC,co_cc5ea10b80d8,Subordinated Debt,,,14.00%,N/A,N/A,,2029-06-30,,,,0.0021,,,,NCDL,2025-08-06
Gabriel Partners LLC,co_9be7e9dc1db7,First Lien,,6.28%,4.45%,SOFR,1.80%,,2026-09-21,667,666,647,0.0007,666,,,NCDL,2025-08-06
Gabriel Partners LLC,co_9be7e9dc1db7,First Lien,,6.28%,4.45%,SOFR,1.80%,,2026-09-21,9150,9133,8866,0.01,9133,,,NCDL,2025-08-06
Gabriel Partners LLC,co_9be7e9dc1db7,First Lien,,6.28%,4.45%,SOFR,1.80%,,2026-09-21,3778,3769,3660,0.0041,3769,,,NCDL,2025-08-06
Gabriel Partners LLC,co_9be7e9dc1db7,Delayed Draw,,6.28%,4.45%,SOFR,1.80%,,2026-09-21,1524,1524,1477,0.0017,1524,,,NCDL,2025-08-06
Integrated Power Services Holdings Inc,co_828be35f2d9b,Delayed Draw,,8.94%,,SOFR,4.50%,,2028-11-22,2505,,,,,,,NCDL,2025-08-06
RA Parent Holdings,co_86746fb60f0b,First Lien,Automotive,9.16%,,SOFR,4.75%,,2029-03-01,,,0.75,,,,,NCDL,2025-08-06
Randys Holdings,co_26dad21bd38c,Delayed Draw,Automotive,9.29%,,SOFR,5.00%,,2029-11-01,3736,2300,2238,0.0025,2300,,,NCDL,2025-08-06
Randys Holdings,co_26dad21bd38c,First Lien,Automotive,9.29%,,SOFR,5.00%,,2029-11-01,10969,10832,10786,0.0121,10832,,,NCDL,2025-08-06
Ascend Partner Services,co_874ae8d6b778,Delayed Draw,Financial Services,8.74%,,SOFR,4.50%,,2031-08-11,12642,8953,9040,0.0102,8953,,,NCDL,2025-08-06
Ascend Partner Services,co_874ae8d6b778,First Lien,Financial Services,8.75%,,SOFR,4.50%,,2031-08-11,7321,7258,7341,0.0083,7258,,,NCDL,2025-08-06
Big Apple Advisory,co_9be98b2d9e35,Delayed Draw,Financial Services,8.81%,,SOFR,4.50%,,2031-11-18,4305,,12,,,,,NCDL,2025-08-06
Big Apple Advisory,co_9be98b2d9e35,Revolver,Financial Services,8.81%,,SOFR,4.50%,,2031-11-18,1740,,5,,,,,NCDL,2025-08-06
Big Apple Advisory,co_9be98b2d9e35,First Lien,Financial Services,8.81%,,SOFR,4.50%,,2031-11-18,8933,8851,8957,0.0101,8851,,,NCDL,2025-08-06
Cohen Advisory,co_71a164c58623,Delayed Draw,Financial Services,8.78%,,SOFR,4.50%,,2031-12-31,4825,194,181,0.0002,194,,,NCDL,2025-08-06
Cohen Advisory,co_71a164c58623,First Lien,Financial Services,8.78%,,SOFR,4.50%,,2031-12-31,8642,8563,8579,0.0097,8563,,,NCDL,2025-08-06
Forefront Dermatology,co_0feeeb8308ea,First Lien,Healthcare Services,8.53%,,SOFR,4.25%,,2029-03-30,3264,3230,3106,0.0035,3230,,,NCDL,2025-08-06
Eyesouth Eye Care Holdco,co_015ae50f205f,First Lien,Healthcare Services,9.93%,,SOFR,5.50%,,2029-10-05,7360,7310,7237,0.0082,7310,,,NCDL,2025-08-06
Eyesouth Eye Care Holdco,co_015ae50f205f,Delayed Draw,Healthcare Services,9.93%,,SOFR,5.50%,,2029-10-05,2413,2413,2372,0.0027,2413,,,NCDL,2025-08-06
FH DMI Buyer,co_e962dad49f60,Delayed Draw,Healthcare Services,9.03%,,SOFR,4.75%,,2030-10-11,1104,486,479,0.0005,486,,,NCDL,2025-08-06
FH DMI Buyer,co_e962dad49f60,First Lien,Healthcare Services,8.97%,,SOFR,4.75%,,2030-10-11,1982,1965,1964,0.0022,1965,,,NCDL,2025-08-06
Genesee Scientific,co_3c6ac3097a4a,First Lien,Healthcare Services,10.15%,,SOFR,5.75%,,2027-09-30,5867,5845,5199,0.0059,5845,,,NCDL,2025-08-06
Genesee Scientific,co_3c6ac3097a4a,Delayed Draw,Healthcare Services,10.15%,,SOFR,5.75%,,2027-09-30,1536,1536,1361,0.0015,1536,,,NCDL,2025-08-06
GHR Healthcare,co_a5a5c1fe2423,First Lien,Healthcare Services,9.63%,,SOFR,5.25%,,2027-12-09,6303,6276,5991,0.0067,6276,,,NCDL,2025-08-06
Lavie Group Inc,co_8a7e3b5f4a53,First Lien,Healthcare Services,9.42%,,SOFR,5.25%,,2029-10-12,2755,2729,2728,0.0031,2729,,,NCDL,2025-08-06
MDC Intermediate Holdings II LLC (Mosaic Dental),co_fba81b56ef76,Subordinated Debt,Healthcare Services,10.00%,2.25%,N/A,,,2030-02-07,1920,1891,1817,0.002,1891,,,NCDL,2025-08-06
MDC Intermediate Holdings II LLC (Mosaic Dental),co_fba81b56ef76,Delayed Draw,Healthcare Services,10.00%,2.25%,N/A,,,2030-02-07,512,508,484,0.0005,508,,,NCDL,2025-08-06
Midwest Eye Services LLC,co_f2538a38771e,First Lien,Healthcare Services,8.95%,,SOFR,4.50%,,2027-08-20,8883,8852,8805,0.0099,8852,,,NCDL,2025-08-06
Promptcare Infusion Buyer Inc,co_f19ea828134f,Delayed Draw,Healthcare Services,10.38%,,SOFR,6.00%,,2027-09-01,2860,1423,1365,0.0015,1423,,,NCDL,2025-08-06
Promptcare Infusion Buyer Inc,co_f19ea828134f,Delayed Draw,Healthcare Services,10.38%,,SOFR,6.00%,,2027-09-01,1258,1257,1233,0.0014,1257,,,NCDL,2025-08-06
Promptcare Infusion Buyer Inc,co_f19ea828134f,First Lien,Healthcare Services,10.39%,,SOFR,6.00%,,2027-09-01,8078,8057,7915,0.0089,8057,,,NCDL,2025-08-06
FH DMI Buyer Inc,co_e962dad49f60,First Lien,Healthcare Services,9.33%,,SOFR,5.00%,,2030-10-11,1987,1968,1969,0.002,1968,,,NCDL,2025-08-06
Genesee Scientific LLC,co_3c6ac3097a4a,First Lien,Healthcare Services,10.10%,,SOFR,5.75%,,2027-09-30,5898,5870,5176,0.0053,5870,,,NCDL,2025-08-06
Genesee Scientific LLC,co_3c6ac3097a4a,Delayed Draw,Healthcare Services,10.10%,,SOFR,5.75%,,2027-09-30,1544,1544,1355,0.0014,1544,,,NCDL,2025-08-06
GHR Healthcare LLC,co_a5a5c1fe2423,First Lien,Healthcare Services,9.99%,,SOFR,5.25%,,2027-12-09,6336,6302,6183,0.0064,6302,,,NCDL,2025-08-06
GHR Healthcare LLC,co_a5a5c1fe2423,First Lien,Healthcare Services,9.99%,,SOFR,5.25%,,2027-12-09,4933,4870,4814,0.005,4870,,,NCDL,2025-08-06
GHR Healthcare LLC,co_a5a5c1fe2423,First Lien,Healthcare Services,9.99%,,SOFR,5.25%,,2027-12-09,8048,7979,7854,0.0081,7979,,,NCDL,2025-08-06
GHR Healthcare LLC,co_a5a5c1fe2423,Delayed Draw,Healthcare Services,9.99%,,SOFR,5.25%,,2027-12-09,1982,1982,1934,0.002,1982,,,NCDL,2025-08-06
GHR Healthcare LLC,co_a5a5c1fe2423,Delayed Draw,Healthcare Services,9.99%,,SOFR,5.25%,,2027-12-09,1946,,,,,,,NCDL,2025-08-06
GHR Healthcare LLC,co_a5a5c1fe2423,Delayed Draw,Healthcare Services,9.99%,,SOFR,5.25%,,2027-12-09,648,,,,,,,NCDL,2025-08-06
BlackRock Liquidity Funds T-Fund - Institutional Class,co_a44f9c80d95d,Money Market Fund,Investment Vehicles,4.21%,,N/A,,,40654703,40655,40655,4.58,,,,,NCDL,2025-08-06
First American Government Obligations Fund - Class Z,co_63683ad46bc0,Money Market Fund,Investment Vehicles,4.22%,,N/A,,,142654,,,0.02,,,,,NCDL,2025-08-06
USA Water Intermediate Holdings LLC,co_bbec232a372c,First Lien,Energy & Utilities,9.34%,,SOFR,4.75%,,2031-02-21,,,0.81,,,,,NCDL,2025-08-06
USA Water Intermediate Holdings LLC,co_bbec232a372c,Delayed Draw,Energy & Utilities,9.34%,,SOFR,4.75%,,2031-02-21,3036,333,333,0.0003,,,,NCDL,2025-08-06
INS Intermediate II LLC (Ergotech DBA Industrial Networking Solutions),co_521121b4c900,First Lien,Industrial Services,11.24%,,SOFR,6.50%,,2029-01-19,7881,7766,7890,0.0081,,,,NCDL,2025-08-06
INS Intermediate II LLC (Ergotech DBA Industrial Networking Solutions),co_521121b4c900,Delayed Draw,Industrial Services,11.24%,,SOFR,6.50%,,2029-01-19,1979,,2,,,,,NCDL,2025-08-06
ISG Enterprises LLC (Industrial Service Group),co_0a30ca928d97,First Lien,Industrial Services,10.34%,,SOFR,5.75%,,2028-12-07,6459,6365,6344,0.0065,,,,NCDL,2025-08-06
ISG Enterprises LLC (Industrial Service Group),co_0a30ca928d97,Delayed Draw,Industrial Services,10.34%,,SOFR,5.75%,,2028-12-07,3363,3352,3303,0.0034,,,,NCDL,2025-08-06
ISG Enterprises LLC,co_0a30ca928d97,Delayed Draw,Other,10.03%,,SOFR,5.75%,,2028-12-07,3346,3337,3268,0.0037,,,,NCDL,2025-08-06
Micronics Filtration Holdings Inc,co_08fe18d1ae4f,Subordinated Debt,Industrial Services,13.18%,,SOFR,5.50%,,2027-02-17,2450,2416,2413,0.0025,,,,NCDL,2025-08-06
TPC Wire & Cable Corp,co_377851798b3b,Subordinated Debt,Industrial Services,11.00%,1.50%,N/A,,2028-02-16,2269,2253,2249,0.23,,,,,NCDL,2025-08-06
TPC Wire & Cable Corp,co_377851798b3b,Delayed Draw,Other,11.00%,1.50%,N/A,,,2028-02-16,936,936,924,0.001,,,,NCDL,2025-08-06
TPC Wire & Cable Corp,co_377851798b3b,Delayed Draw,Other,11.00%,1.50%,N/A,,,2028-02-16,1743,1743,1721,0.0019,,,,NCDL,2025-08-06
Ultima Health Holdings LLC,co_3ca9840b7eec,Preferred Equity,Consumer Products,,,,,2022-09-12,,,170,212,0.0002,170,,,NCDL,2025-08-06
Conversion Holdings LP (Specialized Packaging Group),co_422877b74a8d,Other,Packaging,,,,2020-12-17,,,148,177,0.02,,,,,NCDL,2025-08-06
Oliver Investors LP (Oliver Packaging),co_fbdd8828a190,Other,Packaging,,,,2025-04-22,,,14,15,,0.14,,,,NCDL,2025-08-06
Oliver Investors LP (Oliver Packaging),co_fbdd8828a190,Common Equity,Packaging,,,,2022-07-12,,,1131,387,0.04,,,,,NCDL,2025-08-06
Oliver Investors LP (Oliver Packaging),co_fbdd8828a190,Common Equity,Packaging,,,,,2022-07-12,,,1131,673,0.0007,1131,,,NCDL,2025-08-06
HMA Equity LP (Health Management Associates),co_a02fedbd14ff,Other,Healthcare Services,,,,2023-03-30,,,400,429,0.05,,,,,NCDL,2025-08-06
MDC Group Holdings LP (Mosaic Dental),co_c149db1688ca,Other,Healthcare Services,,,,2023-02-07,,,245,100,0.01,,,,,NCDL,2025-08-06
NP/BF Holdings LP,co_ff0fa0699f9f,Other,Healthcare Services,,,,2025-04-30,,,1000,1000,0.11,,,,,NCDL,2025-08-06
RCP Nats Co-Investment Fund LP,co_47046bd1a5b5,Partnership Interest,Healthcare Services,,,,2025-03-17,,,1000,1000,0.11,,,,,NCDL,2025-08-06
REP Coinvest III AAD LP (Anne Arundel),co_0933696c2ccb,Other,Healthcare Services,,,,2020-10-16,,,880,,,,,,,NCDL,2025-08-06
REP HS Holdings LLC (HemaSource),co_f357f1dd7a74,Partnership Interest,Healthcare Services,,,,2023-08-31,,,577,762,0.09,,,,,NCDL,2025-08-06
REP HS Holdings LLC (HemaSource),co_f357f1dd7a74,Partnership Interest,Healthcare Services,,,,,2023-08-31,,,577,795,0.0008,577,,,NCDL,2025-08-06
Solve Group Holdings LP (Solve Industrial),co_6b82ddf8cc02,Partnership Interest,Software,,,,2021-06-30,,,313,108,0.01,,,,,NCDL,2025-08-06
Solve Group Holdings LP (Solve Industrial),co_6b82ddf8cc02,Partnership Interest,Software,,,,,2021-06-30,,,313,154,0.0002,313,,,NCDL,2025-08-06
BroadcastMed Holdco LLC,co_a161ced62168,Preferred Equity,Media & Entertainment,,,,2022-10-04,,,853,566,0.06,,,,,NCDL,2025-08-06
BroadcastMed Holdco LLC,co_a161ced62168,Preferred Equity,Media & Entertainment,,,,,2022-10-04,,,853,665,0.0007,853,,,NCDL,2025-08-06
BayPine Monarch Co-Invest LP,co_9d984ec963cf,Common Equity,Business Services,,,,2025-06-03,,,100,100,0.01,,,,,NCDL,2025-08-06
OSP Gannett Aggregator LP (Gannett Fleming),co_b8f765001160,Partnership Interest,Construction & Engineering,,,,,2022-12-20,,,,0.12,,,,,NCDL,2025-08-06
RPI Investments LP (Rose Paving),co_7bd4c1529747,Partnership Interest,Construction & Engineering,,,,,2024-11-27,,,100,100,0.0001,100,,,NCDL,2025-08-06
FS Parent Holding LLC (FoodScience LLC),co_945e27e3bc35,Common Equity,Consumer Products,,,,,2021-03-01,,,5,5,0,5,,,NCDL,2025-08-06
FS Parent Holding LLC (FoodScience LLC),co_945e27e3bc35,Common Equity,Consumer Products,,,,,2021-03-01,,,98,98,0.0001,98,,,NCDL,2025-08-06
Conversion Holdings LP (Specialized Packaging Group),co_422877b74a8d,Common Equity,Packaging,,,,,2020-12-17,,,148,165,0.0002,148,,,NCDL,2025-08-06
HMA Equity LP (Health Management Associates),co_a02fedbd14ff,Common Equity,Healthcare Services,,,,,2023-03-30,,,400,547,0.0006,400,,,NCDL,2025-08-06
MDC Group Holdings LP (Mosaic Dental),co_c149db1688ca,Common Equity,Healthcare Services,,,,,2023-02-07,,,245,191,0.0002,245,,,NCDL,2025-08-06
REP Coinvest III AAD LP (Anne Arundel),co_0933696c2ccb,Common Equity,Healthcare Services,,,,,2020-10-16,,,880,,0,880,,,NCDL,2025-08-06
Smart Wave Technologies Inc,co_63dc0fadfcad,First Lien,Software,10.74%,,SOFR,6.00%,,2026-11-05,,,,0.0078,,,,NCDL,2025-08-06
Solve Industrial Motion Group LLC,co_402ccee6e51f,Subordinated Debt,Software,10.00%,2.00%,N/A,,,2028-06-30,1888,1866,1787,0.0018,,,,NCDL,2025-08-06
Solve Industrial Motion Group LLC,co_402ccee6e51f,Subordinated Debt,Software,10.00%,2.00%,N/A,,,2028-06-30,811,800,779,0.0008,,,,NCDL,2025-08-06
ASTP Holdings CO-Investment LP,co_ea1fec12070f,Partnership Interest,Transportation & Logistics,,,N/A,N/A,2023-09-11,,,102,128,0.0001,102,,,NCDL,2025-08-06
Helios Aggregator Holdings I LP,co_8b03cd35991f,Partnership Interest,Energy & Utilities,,,N/A,N/A,2023-04-03,,,280,227,0.0003,280,,,NCDL,2025-08-06
USAW Parent LLC,co_8412c885ff42,Common Equity,Energy & Utilities,,,N/A,N/A,2024-02-21,,,478,646,0.0007,478,,,NCDL,2025-08-06
Arotech Corporation,co_670d9209df85,Delayed Draw,Aerospace & Defense,10.45%,,SOFR,6.00%,,2026-10-22,728,705,728,0.0008,,,,NCDL,2025-11-04
BlueHalo Global Holdings LLC,co_3fc02fc46e01,First Lien,Aerospace & Defense,10.41%,,SOFR,6.00%,,2025-10-31,19949,19888,19852,0.0205,,,,NCDL,2025-11-04
ERA Industries LLC,co_9a2781e04f1b,First Lien,Aerospace & Defense,9.36%,,SOFR,5.00%,,2030-07-25,1567,1548,1549,0.0016,,,,NCDL,2025-11-04
ERA Industries LLC,co_9a2781e04f1b,Delayed Draw,Aerospace & Defense,9.43%,,SOFR,5.00%,,2030-07-25,898,743,735,0.0008,,,,NCDL,2025-11-04
ERA Industries LLC (BTX Precision),co_9a2781e04f1b,Delayed Draw,Aerospace & Defense,8.96%,,SOFR,4.75%,,2030-07-25,891,889,884,0.001,,,,NCDL,2025-11-04
PAG Holding Corp,co_2bce1d71d1c6,First Lien,Aerospace & Defense,9.58%,,SOFR,5.25%,,2029-12-21,14889,14628,14836,0.0153,,,,NCDL,2025-11-04
PAG Holding Corp (Precision Aviation Group),co_2bce1d71d1c6,First Lien,Aerospace & Defense,8.75%,,SOFR,4.75%,,2029-12-21,14776,14550,14651,0.0166,,,,NCDL,2025-11-04
PAG Holding Corp,co_2bce1d71d1c6,Delayed Draw,Aerospace & Defense,9.58%,,SOFR,5.25%,,2029-12-21,4936,4894,4918,0.0051,,,,NCDL,2025-11-04
PAG Holding Corp (Precision Aviation Group),co_2bce1d71d1c6,Delayed Draw,Aerospace & Defense,8.80%,,SOFR,4.75%,,2029-12-21,4899,4863,4857,0.0055,,,,NCDL,2025-11-04
Signia Aerospace LLC,co_084a6c05e67b,Delayed Draw,Aerospace & Defense,7.40%,,SOFR,3.00%,,2031-12-11,122,,,,,,,NCDL,2025-11-04
Signia Aerospace LLC,co_084a6c05e67b,First Lien,Aerospace & Defense,7.40%,,SOFR,3.00%,,2031-12-11,1470,1466,1467,0.0015,,,,NCDL,2025-11-04
STS Holding Inc,co_7ca4d5d76863,First Lien,Aerospace & Defense,9.08%,,SOFR,4.75%,,2030-10-31,3865,3827,3829,0.0039,,,,NCDL,2025-11-04
STS Holding Inc,co_7ca4d5d76863,First Lien,Aerospace & Defense,8.75%,,SOFR,4.75%,,2030-11-12,3596,3565,3479,0.0039,,,,NCDL,2025-11-04
Turbine Engine Specialists Inc,co_49627f26b33e,Subordinated Debt,Aerospace & Defense,13.76%,,SOFR,9.50%,,2029-03-01,2511,2467,2531,0.0029,,,,NCDL,2025-11-04
Valkyrie Intermediate LLC,co_625f8c42755d,Subordinated Debt,Aerospace & Defense,10.50%,1.00%,N/A,,2027-11-17,2887,2861,2866,0.33,,,,,NCDL,2025-11-04
Covercraft Parent III Inc,co_0d8311ebddad,Subordinated Debt,Automotive,10.00%,0.75%,N/A,,2028-02-20,7562,7415,1941,0.22,,,,,NCDL,2025-11-04
High Bar Brands Operating LLC,co_f986e829dcd1,Subordinated Debt,Automotive,13.00%,,N/A,,2030-06-19,2088,2050,,,,,,,NCDL,2025-11-04
Columbia Home Services LLC,co_4cbcee875040,Delayed Draw,Consumer Products,12.00%,,N/A,,2031-11-27,,,,0.00,,,,,NCDL,2025-11-04
Columbia Home Services LLC,co_4cbcee875040,Subordinated Debt,Consumer Products,12.00%,,N/A,,2031-11-27,78,76,76,0.01,,,,,NCDL,2025-11-04
Entomo Brands Acquisitions Inc (Palmetto Exterminators),co_81d49c8742e1,Subordinated Debt,Consumer Products,9.00%,4.00%,N/A,,2030-01-28,899,881,867,0.10,,,,,NCDL,2025-11-04
Entomo Brands Acquisitions Inc (Palmetto Exterminators),co_81d49c8742e1,Delayed Draw,Consumer Products,9.00%,4.00%,N/A,,2030-01-28,686,680,662,0.08,,,,,NCDL,2025-11-04
Excel Fitness Holdings Inc,co_f60ab2c38c7b,First Lien,Consumer Products,9.25%,,SOFR,5.25%,,2029-04-27,9775,9706,9775,0.0111,,,,NCDL,2025-11-04
Excel Fitness Holdings Inc,co_f60ab2c38c7b,Delayed Draw,Consumer Products,9.50%,,SOFR,5.50%,,2029-04-27,2368,458,471,0.0005,,,,NCDL,2025-11-04
Legacy Parent Holdings LLC (Legacy Service Partners),co_a05f5303e092,First Lien,Consumer Products,9.40%,,SOFR,5.25%,,2029-01-09,9982,9859,9945,0.0113,,,,NCDL,2025-11-04
Legacy Parent Holdings LLC (Legacy Service Partners),co_a05f5303e092,Delayed Draw,Consumer Products,9.40%,,SOFR,5.25%,,2029-01-09,4653,4640,4635,0.0052,,,,NCDL,2025-11-04
Legacy Service Partners LLC,co_6ac753128009,First Lien,Consumer Products,9.40%,,SOFR,5.25%,,2029-01-09,2912,2889,2901,0.0033,,,,NCDL,2025-11-04
Liberty Buyer Inc (Liberty Group),co_ac712efd8e7b,First Lien,Consumer Products,10.07%,,SOFR,5.75%,,2028-06-15,3859,3840,3691,0.0042,,,,NCDL,2025-11-04
BroadcastMed Holdco LLC,co_a161ced62168,Subordinated Debt,Media & Entertainment,10.00%,3.75%,N/A,,2027-11-12,,,0.36,,,,,,NCDL,2025-11-04
BroadcastMed Holdco LLC,co_a161ced62168,Subordinated Debt,Media & Entertainment,10.00%,3.75%,N/A,,2027-11-12,3753,3713,36,,,,,,NCDL,2025-11-04
Corporate Visions Inc (CVI Parent Inc),co_e118274778ef,First Lien,Media & Entertainment,5.43%,4.00%,SOFR,1.00%,,2027-08-12,2583,2562,2107,0.0022,2562,,,NCDL,2025-11-04
Corporate Visions Inc (CVI Parent Inc),co_e118274778ef,First Lien,Media & Entertainment,5.43%,4.00%,SOFR,1.00%,,2027-08-12,2939,2924,2398,0.0025,2924,,,NCDL,2025-11-04
MSM Acquisitions Inc (Spectrio),co_8c741accdb88,First Lien,Media & Entertainment,10.51%,,SOFR,6.00%,,2026-12-09,8163,8137,7301,0.0075,8137,,,NCDL,2025-11-04
MSM Acquisitions Inc (Spectrio),co_8c741accdb88,Delayed Draw,Media & Entertainment,10.51%,,SOFR,6.00%,,2026-12-09,2900,2886,2594,0.0027,2886,,,NCDL,2025-11-04
MSM Acquisitions Inc (Spectrio),co_8c741accdb88,Delayed Draw,Media & Entertainment,10.51%,,SOFR,6.00%,,2026-12-09,442,441,396,0.0004,441,,,NCDL,2025-11-04
Syndigo LLC,co_b91ff2aad12f,First Lien,Retail,9.28%,,SOFR,4.50%,,2027-12-15,5775,5786,5775,0.006,5786,,,NCDL,2025-11-04
ALKU Intermediate Holdings LLC,co_baf3bda53e97,First Lien,Business Services,10.50%,,SOFR,6.25%,,2029-05-23,4474,4401,4512,0.0047,4401,,,NCDL,2025-11-04
Archer Acquisition LLC (ARMstrong),co_37cb1baa3b52,First Lien,Business Services,9.43%,,SOFR,5.00%,,2029-10-08,11333,11185,11225,0.01,,,,NCDL,2025-11-04
SEKO Global Logistics Network LLC,co_89c47e7c1b19,First Lien,Transportation & Logistics,14.20%,,SOFR,10.00%,,2029-11-27,,,0.05,,,,,NCDL,2025-11-04
SEKO Global Logistics Network LLC,co_89c47e7c1b19,First Lien,Transportation & Logistics,11.20%,,SOFR,7.00%,,2030-05-27,1699,1699,1699,0.0019,,,,NCDL,2025-11-04
TI Acquisition NC LLC,co_eb49eba3ea31,First Lien,Transportation & Logistics,8.55%,,SOFR,4.25%,,2027-03-19,2730,2698,2730,0.0031,,,,NCDL,2025-11-04
EVDR Purchaser Inc (Alternative Logistics Technologies Buyer LLC),co_5a268e43a0b5,First Lien,Transportation & Logistics,9.41%,,SOFR,5.25%,,2031-02-14,10480,10398,10391,0.0118,,,,NCDL,2025-11-04
EVDR Purchaser Inc (Alternative Logistics Technologies Buyer LLC),co_5a268e43a0b5,Delayed Draw,Transportation & Logistics,9.41%,,SOFR,5.25%,,2031-02-14,3040,,,0.00,,,,NCDL,2025-11-04
CRCI Longhorn Holdings Inc (CRCI Holdings Inc),co_145a4d0582fe,First Lien,Energy & Utilities,8.91%,,SOFR,4.75%,,2031-08-27,10381,10291,10407,0.0118,,,,NCDL,2025-11-04
CRCI Longhorn Holdings Inc (CRCI Holdings Inc),co_145a4d0582fe,Delayed Draw,Energy & Utilities,8.91%,,SOFR,4.75%,,2031-08-27,2615,,7,0.00,,,,NCDL,2025-11-04
CRCI Longhorn Holdings Inc (CRCI Holdings Inc),co_145a4d0582fe,Revolver,Energy & Utilities,8.91%,,SOFR,4.75%,,2031-08-27,1925,,5,0.00,,,,NCDL,2025-11-04
DMC Holdco LLC (DMC Power),co_115667ae7029,First Lien,Energy & Utilities,8.89%,,SOFR,4.75%,,2029-07-13,4912,4860,4912,0.0056,,,,NCDL,2025-11-04
CDL Marketing Group LLC (Career Now),co_d8c8ff377623,Partnership Interest,Business Services,,,,N/A,,2023-10-23,,,22,,,22,,NCDL,2025-11-04
Concord FG Holdings LP (E78),co_308ecfc437b0,Common Equity,Business Services,,,,N/A,,2021-12-01,,,860,,0.10,860,,NCDL,2025-11-04
Geds Equity Investors LP (Esquire Deposition Services),co_e057f9001f66,Common Equity,Business Services,,,,N/A,,2024-07-01,,,320,,0.03,320,,NCDL,2025-11-04
KRIV Co-Invest Holdings LP (Riveron),co_7f8cbbbcd839,Common Equity,Business Services,,,,N/A,,2023-07-17,,,790,,0.07,790,,NCDL,2025-11-04
North Haven Terrapin IntermediateCo LLC (Apex Companies),co_0dc1c4df91b4,Common Equity,Business Services,,,,N/A,,2023-01-31,,,117,,0.01,117,,NCDL,2025-11-04
OSG Topco Holdings LLC (Output Services Group Inc),co_9c8749dc558a,Common Equity,Business Services,,,,N/A,,2023-11-30,,,833,,0.08,833,,NCDL,2025-11-04
Entomo Brands Acquisitions Inc (Palmetto Exterminators),co_81d49c8742e1,Common Equity,Consumer Products,,,,N/A,,2023-07-31,,,1117,,0.11,1117,,NCDL,2025-11-04
FS NU Investors LP (NearU),co_fa428c66bcda,Common Equity,Consumer Products,,,,N/A,,2022-08-11,,,243,,0.02,243,,NCDL,2025-11-04
Legacy Parent Holdings LLC (Legacy Service Partners),co_a05f5303e092,Common Equity,Consumer Products,,,,N/A,,2023-01-09,,,491,,0.07,491,,NCDL,2025-11-04
Perennial Services Investors LLC (Perennial Services Group),co_84dba812b909,Common Equity,Consumer Products,,,,N/A,,2023-09-08,,,778,,0.09,778,,NCDL,2025-11-04
Repipe Aggregator LLC (Repipe Specialists),co_d8f5c6e9e994,Common Equity,Consumer Products,,,,N/A,,2022-03-31,,,253,0.48,,253,,NCDL,2025-11-04
Repipe Aggregator LLC,co_d8f5c6e9e994,Common Equity,Business Services,,,,2022-03-31,,,282,87,0.01,,,,,NCDL,2025-11-04
MPG Parent Holdings LLC (Market Performance Group),co_5f837b5ebc54,First Lien,Consumer Products,9.33%,,SOFR,5.00%,,2030-01-08,,,1.31,,,,,NCDL,2025-11-04
MPG Parent Holdings LLC (Market Performance Group),co_5f837b5ebc54,Delayed Draw,Consumer Products,9.59%,,SOFR,5.00%,,2030-01-08,3075,3075,3106,0.0032,,,,NCDL,2025-11-04
Ultima Health Holdings Inc,co_3ca9840b7eec,Subordinated Debt,Consumer Products,11.00%,1.50%,N/A,,2029-03-12,1761,1737,1761,0.18,,,,,NCDL,2025-11-04
B2B Industrial Products LLC (AMW Acquisition Company Inc),co_92ac68cc5f4d,First Lien,Packaging,11.43%,,SOFR,6.75%,,2026-10-07,14284,14266,13536,0.014,,,,NCDL,2025-11-04
B2B Industrial Products LLC (AMW Acquisition Company Inc),co_92ac68cc5f4d,First Lien,Packaging,11.41%,,SOFR,6.75%,,2026-10-07,113,112,107,0.0001,,,,NCDL,2025-11-04
Five Star Lower Holding LLC (Five Star Packaging),co_7c3ced9c99b4,First Lien,Packaging,8.68%,,SOFR,4.25%,,2029-05-05,7500,7421,7468,0.0077,,,,NCDL,2025-11-04
good2grow LLC,co_1179503fb063,First Lien,Packaging,9.16%,,SOFR,4.50%,,2027-12-01,8699,8653,8699,0.009,,,,NCDL,2025-11-04
good2grow LLC,co_1179503fb063,First Lien,Packaging,10.16%,,SOFR,5.50%,,2027-12-01,4981,4927,4981,0.0051,,,,NCDL,2025-11-04
good2grow LLC,co_1179503fb063,First Lien,Packaging,9.41%,,SOFR,4.75%,,2027-12-01,14266,14149,14408,0.0148,,,,NCDL,2025-11-04
Cornerstone Advisors of Arizona LLC,co_626efa52add3,First Lien,Business Services,9.85%,,SOFR,5.50%,,2026-09-24,,,0.03,,,,,NCDL,2025-11-04
Cornerstone Advisors of Arizona LLC,co_626efa52add3,First Lien,Business Services,9.85%,,SOFR,5.50%,,2026-09-24,2271,2263,2271,0.0023,,,,NCDL,2025-11-04
Cornerstone Advisors of Arizona LLC,co_626efa52add3,First Lien,Business Services,9.85%,,SOFR,5.50%,,2026-09-24,3423,3399,3423,0.0035,,,,NCDL,2025-11-04
Cornerstone Advisors of Arizona LLC,co_626efa52add3,Delayed Draw,Business Services,9.85%,,SOFR,5.50%,,2026-09-24,208,208,208,0.0002,,,,NCDL,2025-11-04
DH United Holdings LLC (D&H United Fueling Solutions),co_b3dc0bb8730c,First Lien,Industrial Services,9.50%,,SOFR,5.00%,,2028-09-15,7415,7315,7342,0.0076,,,,NCDL,2025-11-04
DH United Holdings LLC (D&H United Fueling Solutions),co_b3dc0bb8730c,First Lien,Industrial Services,9.48%,,SOFR,5.00%,,2028-09-15,3431,3377,3397,0.0035,,,,NCDL,2025-11-04
DH United Holdings LLC (D&H United Fueling Solutions),co_b3dc0bb8730c,Delayed Draw,Industrial Services,9.62%,,SOFR,5.00%,,2028-09-15,2360,2345,2337,0.0024,,,,NCDL,2025-11-04
DH United Holdings LLC (D&H United Fueling Solutions),co_b3dc0bb8730c,Delayed Draw,Industrial Services,9.81%,,SOFR,5.00%,,2028-09-15,1555,1550,1540,0.0016,,,,NCDL,2025-11-04
DH United Holdings LLC (D&H United Fueling Solutions),co_b3dc0bb8730c,Delayed Draw,Industrial Services,9.72%,,SOFR,5.50%,,2028-09-15,5141,4318,4290,0.0044,,,,NCDL,2025-11-04
USA Water Intermediate Holdings,co_bbec232a372c,First Lien,Energy & Utilities,9.34%,,SOFR,4.75%,,2031-02-21,,,0.81,,,,,NCDL,2025-11-04
USA Water Intermediate Holdings,co_bbec232a372c,Delayed Draw,Energy & Utilities,9.34%,,SOFR,4.75%,,2031-02-21,3036,333,333,0.0003,,,,NCDL,2025-11-04
INS Intermediate II,co_521121b4c900,First Lien,Industrial Services,11.24%,,SOFR,6.50%,,2029-01-19,7881,7766,7890,0.0081,,,,NCDL,2025-11-04
INS Intermediate II,co_521121b4c900,Delayed Draw,Industrial Services,11.24%,,SOFR,6.50%,,2029-01-19,1979,,2,,,,,NCDL,2025-11-04
ISG Enterprises,co_0a30ca928d97,First Lien,Industrial Services,10.34%,,SOFR,5.75%,,2028-12-07,6459,6365,6344,0.0065,,,,NCDL,2025-11-04
ISG Enterprises,co_0a30ca928d97,Delayed Draw,Industrial Services,10.34%,,SOFR,5.75%,,2028-12-07,3363,3352,3303,0.0034,,,,NCDL,2025-11-04
Micronics Filtration Holdings,co_08fe18d1ae4f,Subordinated Debt,Industrial Services,13.18%,,SOFR,5.50%,,2027-02-17,2450,2416,2413,0.0025,,,,NCDL,2025-11-04
TPC Wire & Cable,co_377851798b3b,Subordinated Debt,Industrial Services,11.00%,1.50%,N/A,,2028-02-16,2269,2253,2249,0.23,,,,,NCDL,2025-11-04
TPC Wire & Cable,co_377851798b3b,Delayed Draw,Industrial Services,11.00%,1.50%,N/A,,2028-02-16,929,928,920,0.09,,,,,NCDL,2025-11-04
TPC Wire & Cable,co_377851798b3b,Delayed Draw,Industrial Services,11.00%,1.50%,N/A,,2028-02-16,1730,1730,1714,0.18,,,,,NCDL,2025-11-04
Tau Buyer LLC,co_e84a4cf99b75,Delayed Draw,Business Services,8.75%,,SOFR,4.75%,,2032-02-02,3427,1441,1439,0.0016,,,,NCDL,2025-11-04
Tau Buyer LLC,co_e84a4cf99b75,Revolver,Business Services,8.75%,,SOFR,4.75%,,2032-02-02,1720,168,175,0.0002,,,,NCDL,2025-11-04
Tau Buyer LLC,co_e84a4cf99b75,First Lien,Business Services,8.75%,,SOFR,4.75%,,2032-02-02,9853,9763,9804,0.0111,,,,NCDL,2025-11-04
Thompson Safety LLC,co_55731dfeb17d,Delayed Draw,Business Services,8.86%,,SOFR,5.00%,,2032-06-25,91,,,0.00,,,,NCDL,2025-11-04
Thompson Safety LLC,co_55731dfeb17d,Revolver,Business Services,8.86%,,SOFR,5.00%,,2032-06-25,9,,,0.00,,,,NCDL,2025-11-04
Transit Buyer LLC,co_d58c4b971f6a,First Lien,Business Services,9.00%,,SOFR,5.00%,,2029-01-31,6703,6623,6703,0.0076,,,,NCDL,2025-11-04
Transit Buyer LLC,co_d58c4b971f6a,Delayed Draw,Business Services,9.00%,,SOFR,5.00%,,2029-01-31,3085,3049,3085,0.0035,,,,NCDL,2025-11-04
Transit Buyer LLC,co_d58c4b971f6a,Delayed Draw,Business Services,9.03%,,SOFR,5.00%,,2029-01-31,10096,10079,10096,0.0115,,,,NCDL,2025-11-04
Trilon Group LLC,co_7e6037d72d41,First Lien,Business Services,9.07%,,SOFR,4.75%,,2029-05-27,27546,27417,27545,0.0311,,,,NCDL,2025-11-04
Trilon Group LLC,co_7e6037d72d41,Delayed Draw,Business Services,8.92%,,SOFR,4.75%,,2029-05-29,18,,,,,,,NCDL,2025-11-04
VALIDITY INC,co_02e11047a70c,First Lien,Software,9.58%,,SOFR,5.25%,,2032-04-12,,,,0.0001,,,,NCDL,2025-11-04
Venture Buyer LLC (Velosio),co_a55af84312e0,First Lien,Software,9.56%,,SOFR,5.25%,,2030-03-01,6154,6108,6154,0.007,,,,NCDL,2025-11-04
Venture Buyer LLC (Velosio),co_a55af84312e0,Delayed Draw,Software,9.42%,,SOFR,5.25%,,2030-03-01,1283,224,224,0.0003,,,,NCDL,2025-11-04
Davidson Hotel Company LLC,co_1948a8954a8f,Delayed Draw,Hotels & Leisure,9.16%,,SOFR,5.00%,,2031-10-31,1052,40,53,0.0001,,,,NCDL,2025-11-04
Davidson Hotel Company LLC,co_1948a8954a8f,First Lien,Hotels & Leisure,9.16%,,SOFR,5.00%,,2031-10-31,3156,3128,3188,0.0036,,,,NCDL,2025-11-04
Calienger Acquisition L.L.C. (Wpromote LLC),co_d686fd71d8ad,First Lien,Marketing & Advertising,10.38%,,SOFR,6.00%,,2028-10-23,4301,4250,4277,0.0049,,,,NCDL,2025-11-04
Tinuiti Inc.,co_f9df34e83ace,First Lien,Marketing & Advertising,9.35%,,SOFR,5.25%,,2028-12-11,2895,2886,2796,0.0031,,,,NCDL,2025-11-04
Tinuiti Inc.,co_f9df34e83ace,Delayed Draw,Marketing & Advertising,9.35%,,SOFR,5.25%,,2028-12-11,1892,1892,1827,0.0021,,,,NCDL,2025-11-04
Tinuiti Inc.,co_f9df34e83ace,Delayed Draw,Marketing & Advertising,9.35%,,SOFR,5.25%,,2028-12-11,9688,9688,9356,0.0106,,,,NCDL,2025-11-04
Watermill Express LLC,co_be18612c81e6,Delayed Draw,Food & Beverage,9.73%,,SOFR,5.25%,,2029-07-05,311,311,311,0.0003,,,,NCDL,2025-11-04
WCHG Buyer Inc (Handgards LLC),co_b1098e2ca516,First Lien,Food & Beverage,9.75%,,SOFR,5.50%,,2031-04-10,24369,24140,24613,0.0254,,,,NCDL,2025-11-04
Clean Solutions Buyer Inc,co_c6cf73716dff,First Lien,Manufacturing,8.86%,,SOFR,4.50%,,2030-09-09,998,988,988,0.001,,,,NCDL,2025-11-04
Engineered Fastener Company LLC (EFC International),co_12f04e7042c0,Subordinated Debt,Manufacturing,11.00%,2.50%,N/A,,2028-05-01,3269,3199,3266,0.34,,,,,NCDL,2025-11-04
FirstCall Mechanical Group LLC,co_c962844dacb6,Delayed Draw,Manufacturing,9.08%,,SOFR,4.75%,,2030-06-27,19984,6361,6196,0.0064,,,,NCDL,2025-11-04
FirstCall Mechanical Group LLC,co_c962844dacb6,First Lien,Manufacturing,9.08%,,SOFR,4.75%,,2030-06-27,9950,9857,9856,0.0102,,,,NCDL,2025-11-04
Heartland Home Services Inc (Helios Buyer Inc),co_ed8b22d2b973,First Lien,Manufacturing,10.43%,,SOFR,6.00%,,2026-12-15,6400,6375,6123,0.0063,,,,NCDL,2025-11-04
Heartland Home Services Inc (Helios Buyer Inc),co_ed8b22d2b973,Delayed Draw,Manufacturing,10.43%,,SOFR,6.00%,,2026-12-15,5550,5538,5310,0.0055,,,,NCDL,2025-11-04
Heartland Home Services Inc (Helios Buyer Inc),co_ed8b22d2b973,Delayed Draw,Manufacturing,10.43%,,SOFR,6.00%,,2026-12-15,2,,,,,,,NCDL,2025-11-04
DRS Holdings III Inc,co_289579b00316,First Lien,Consumer Products,9.41%,,SOFR,5.25%,,2028-11-01,,,,0.0033,,,,NCDL,2025-11-04
Momentum Textiles LLC,co_70f96f38c9a0,Subordinated Debt,Consumer Products,10.00%,3.00%,N/A,,,2029-09-25,5078,4996,4997,0.0056,,,,NCDL,2025-11-04
XpressMyself.com LLC SmartSign,co_d8227968b4ba,First Lien,Consumer Products,9.67%,,SOFR,5.50%,,2028-09-07,9700,9651,9700,0.011,,,,NCDL,2025-11-04
XpressMyself.com LLC SmartSign,co_d8227968b4ba,First Lien,Consumer Products,9.91%,,SOFR,5.75%,,2028-09-07,4936,4876,4936,0.0056,,,,NCDL,2025-11-04
ACP Tara Holdings Inc,co_cb7074f49d7a,First Lien,Consumer Products,8.60%,,SOFR,4.50%,,2027-09-10,12378,12334,12378,0.014,,,,NCDL,2025-11-04
ACP Tara Holdings Inc,co_cb7074f49d7a,First Lien,Consumer Products,9.85%,,SOFR,5.75%,,2027-09-10,717,710,717,0.0008,,,,NCDL,2025-11-04
Bradford Soap International Inc,co_874f371e4e67,Delayed Draw,Consumer Products,8.91%,,SOFR,4.75%,,2031-08-28,1000,,,0.00,,,,NCDL,2025-11-04
Bradford Soap International Inc,co_874f371e4e67,First Lien,Consumer Products,8.91%,,SOFR,4.75%,,2031-08-28,3000,2985,2986,0.0034,,,,NCDL,2025-11-04
FoodServices Brand Group LLC,co_c94d155bacfa,Subordinated Debt,Consumer Products,10.00%,3.00%,N/A,,,2030-02-08,3086,3010,3010,0.0034,,,,NCDL,2025-11-04
KL Bronco Acquisition Inc Elevation Labs,co_211e2860fcc5,First Lien,Consumer Products,10.15%,,SOFR,5.75%,,2028-06-30,6669,6636,6638,0.0076,,,,NCDL,2025-11-04
Transit Buyer,co_d58c4b971f6a,Delayed Draw,Business Services,9.37%,,SOFR,5.00%,,2029-01-31,3108,2642,2683,0.0028,,,,NCDL,2025-11-04
Transit Buyer,co_d58c4b971f6a,Delayed Draw,Business Services,9.45%,,SOFR,5.00%,,2029-01-31,10173,10149,10164,0.0105,,,,NCDL,2025-11-04
Trilon Group,co_7e6037d72d41,First Lien,Business Services,10.31%,,SOFR,5.50%,,2029-05-25,27756,27599,27584,0.0284,,,,NCDL,2025-11-04
Trilon Group,co_7e6037d72d41,Delayed Draw,Business Services,10.22%,,SOFR,5.50%,,2029-05-25,1875,1866,1863,0.0019,,,,NCDL,2025-11-04
Victors CCC Buyer,co_539456b253e3,First Lien,Business Services,9.13%,,SOFR,4.75%,,2029-06-01,8091,7975,8127,0.0084,,,,NCDL,2025-11-04
Victors CCC Buyer,co_539456b253e3,Delayed Draw,Business Services,9.30%,,SOFR,4.75%,,2029-06-01,830,825,834,0.0009,,,,NCDL,2025-11-04
VRC Companies,co_0df1ee612826,First Lien,Business Services,10.35%,,SOFR,5.50%,,2027-06-29,4535,4508,4489,0.0046,,,,NCDL,2025-11-04
VRC Companies,co_0df1ee612826,First Lien,Business Services,10.27%,,SOFR,5.75%,,2027-06-29,331,328,329,0.0003,,,,NCDL,2025-11-04
VSTG Intermediate Holdings,co_e1fcea2b30e7,First Lien,Business Services,9.08%,,SOFR,4.75%,,2029-07-13,4939,4917,4989,0.0051,,,,NCDL,2025-11-04
Perennial Services Group LLC,co_f4f98638c095,First Lien,Consumer Products,10.11%,,SOFR,5.50%,,2029-09-07,,,0.69,,,,,NCDL,2025-11-04
Perennial Services Group LLC,co_f4f98638c095,Delayed Draw,Consumer Products,10.11%,,SOFR,5.50%,,2029-09-07,5965,5958,6024,0.0062,,,,NCDL,2025-11-04
Wrench Group LLC,co_1ae37eca31cd,First Lien,Consumer Products,8.59%,,SOFR,4.00%,,2028-10-30,9975,9959,9959,0.0103,,,,NCDL,2025-11-04
Renaissance Buyer LLC (LMI Consulting LLC),co_0ac1d186fa63,First Lien,Business Services,9.88%,,SOFR,5.50%,,2028-07-18,12132,12033,12162,0.0125,,,,NCDL,2025-11-04
BCM One Inc,co_c2619fa488a0,First Lien,Telecommunications,8.89%,,SOFR,4.50%,,2027-11-17,5713,5713,5713,0.0059,,,,NCDL,2025-11-04
BCM One Inc,co_c2619fa488a0,Delayed Draw,Telecommunications,8.96%,,SOFR,4.50%,,2027-11-17,1808,1808,1808,0.0019,,,,NCDL,2025-11-04
MBS Holdings Inc,co_1f4d56e6b50c,First Lien,Telecommunications,11.09%,,SOFR,6.25%,,2027-04-16,1810,1788,1828,0.0019,,,,NCDL,2025-11-04
MBS Holdings Inc,co_1f4d56e6b50c,First Lien,Telecommunications,10.59%,,SOFR,5.75%,,2027-04-16,9950,9910,9950,0.0103,,,,NCDL,2025-11-04
MBS Holdings Inc,co_1f4d56e6b50c,First Lien,Telecommunications,11.34%,,SOFR,6.50%,,2027-04-16,1301,1284,1314,0.0014,,,,NCDL,2025-11-04
Mobile Communications America Inc,co_c7c52650ef3a,First Lien,Telecommunications,9.86%,,SOFR,5.25%,,2029-10-16,18320,18110,184,,,,,NCDL,2025-11-04
Matador US Buyer LLC,co_3a06023eb253,Delayed Draw,Energy & Utilities,9.36%,,SOFR,5.00%,,2030-06-25,5912,,,-0.01,,,,NCDL,2025-11-04
US MetalCo Holdings LLC,co_64c1bd04064e,First Lien,Energy & Utilities,10.09%,,SOFR,5.50%,,2029-10-31,23376,23073,23511,0.0243,,,,NCDL,2025-11-04
US MetalCo Holdings LLC,co_64c1bd04064e,Delayed Draw,Energy & Utilities,9.83%,,SOFR,5.50%,,2029-10-31,6356,6342,6393,0.0066,,,,NCDL,2025-11-04
CLS Management Services LLC,co_0c6359f94ff0,First Lien,Environmental Services,9.33%,,SOFR,5.00%,,2030-03-27,7507,7437,7439,0.0077,,,,NCDL,2025-11-04
CLS Management Services LLC,co_0c6359f94ff0,Delayed Draw,Environmental Services,9.62%,,SOFR,5.00%,,2030-03-27,3018,3011,2990,0.0031,,,,NCDL,2025-11-04
CLS Management Services LLC,co_0c6359f94ff0,Delayed Draw,Environmental Services,9.62%,,SOFR,5.00%,,2030-03-27,4999,,,,,,,NCDL,2025-11-04
Impact Parent Corporation,co_6ac9c493f9a8,First Lien,Environmental Services,9.43%,,SOFR,5.00%,,2029-03-23,6708,6600,6661,0.0069,,,,NCDL,2025-11-04
Impact Parent Corporation,co_6ac9c493f9a8,Delayed Draw,Environmental Services,9.43%,,SOFR,5.00%,,2029-03-23,3134,3121,3112,0.0032,,,,NCDL,2025-11-04
Impact Parent Corporation,co_6ac9c493f9a8,Delayed Draw,Environmental Services,9.43%,,SOFR,5.00%,,2029-03-23,6792,6766,6745,0.007,,,,NCDL,2025-11-04
Entomo Brands Acquisitions (Palmetto Exterminators),co_81d49c8742e1,Delayed Draw,Environmental Services,9.00%,4.00%,N/A,,2030-01-28,,,,0.07,,,,,NCDL,2025-11-04
Excel Fitness Holdings,co_f60ab2c38c7b,First Lien,Hotels & Leisure,9.58%,,SOFR,5.25%,,2029-04-27,9850,9766,9826,0.0101,,,,NCDL,2025-11-04
Excel Fitness Holdings,co_f60ab2c38c7b,Delayed Draw,Hotels & Leisure,9.83%,,SOFR,5.50%,,2029-04-27,2371,459,474,0.0005,,,,NCDL,2025-11-04
Legacy Service Partners,co_6ac753128009,First Lien,Business Services,9.75%,,SOFR,5.25%,,2029-01-09,2934,2905,2921,0.003,,,,NCDL,2025-11-04
Legacy Service Partners,co_6ac753128009,First Lien,Business Services,9.73%,,SOFR,5.25%,,2029-01-09,10059,9908,10015,0.0103,,,,NCDL,2025-11-04
Legacy Service Partners,co_6ac753128009,Delayed Draw,Business Services,9.77%,,SOFR,5.25%,,2029-01-09,4688,4672,4668,0.0048,,,,NCDL,2025-11-04
Liberty Buyer (Liberty Group),co_ac712efd8e7b,First Lien,Business Services,10.11%,,SOFR,5.75%,,2028-06-15,3889,3865,3842,0.004,,,,NCDL,2025-11-04
Liberty Buyer (Liberty Group),co_ac712efd8e7b,Delayed Draw,Business Services,10.93%,,SOFR,5.75%,,2028-06-15,741,292,283,0.0003,,,,NCDL,2025-11-04
National Renovations (Repipe Specialists),co_806a850baa21,Subordinated Debt,Business Services,3.33%,9.17%,N/A,,2029-03-18,2611,2577,2200,0.23,,,,,NCDL,2025-11-04
National Renovations (Repipe Specialists),co_806a850baa21,Delayed Draw,Business Services,3.33%,9.17%,N/A,,2029-03-18,226,226,190,0.02,,,,,NCDL,2025-11-04
Solve Group Holdings LP,co_6b82ddf8cc02,Partnership Interest,Software,,,,N/A,,2021-06-30,,,313,,0.02,313,,NCDL,2025-11-04
BroadcastMed Holdco LLC,co_a161ced62168,Preferred Equity,Media & Entertainment,,,,N/A,,2022-10-04,,,853,,0.07,853,,NCDL,2025-11-04
CDL Marketing Group LLC (Career Now),co_d8c8ff377623,Common Equity,Business Services,,,N/A,,2021-09-30,,,624,,0.00,624,,,NCDL,2025-11-04
BayPine Monarch Co-Invest LP,co_9d984ec963cf,Common Equity,Business Services,,,N/A,,2025-06-03,,,100,100,0.0001,100,,,NCDL,2025-11-04
KKEMP Blocked Co-Invest LP,co_e867625232a0,Partnership Interest,Business Services,,,N/A,,2025-07-15,,,1000,1000,0.0011,1000,,,NCDL,2025-11-04
NMSEF II Holdings I LP,co_a77cb0a442e3,Partnership Interest,Business Services,,,N/A,,2025-09-29,,,483,483,0.0005,483,,,NCDL,2025-11-04
Integrated Power Services Holdings Inc,co_828be35f2d9b,First Lien,Industrial Services,8.97%,,SOFR,4.50%,,2028-11-22,3551,3547,3551,0.0037,,,,NCDL,2025-11-04
Integrated Power Services Holdings Inc,co_828be35f2d9b,First Lien,Industrial Services,9.03%,,SOFR,4.75%,,2028-11-22,4812,4810,4812,0.0055,,,,NCDL,2025-11-04
KENG Acquisition Inc (Engage PEO),co_a97a97f266f2,First Lien,Business Services,9.36%,,SOFR,5.00%,,2029-08-01,9570,9446,9483,0.0098,,,,NCDL,2025-11-04
KENG Acquisition Inc (Enagage PEO),co_a97a97f266f2,First Lien,Business Services,9.31%,,SOFR,5.00%,,2029-08-01,9498,9393,9421,0.0107,,,,NCDL,2025-11-04
KENG Acquisition Inc (Engage PEO),co_a97a97f266f2,Delayed Draw,Business Services,9.36%,,SOFR,5.00%,,2029-08-01,9285,4127,4061,0.0042,,,,NCDL,2025-11-04
KENG Acquisition Inc (Engage PEO),co_a97a97f266f2,Delayed Draw,Business Services,9.36%,,SOFR,5.00%,,2029-08-01,1074,,,,,,,NCDL,2025-11-04
KENG Acquisition Inc (Enagage PEO),co_a97a97f266f2,Delayed Draw,Business Services,9.31%,,SOFR,5.00%,,2029-08-01,9241,5727,5666,0.0064,,,,NCDL,2025-11-04
KENG Acquisition Inc (Enagage PEO),co_a97a97f266f2,Delayed Draw,Business Services,9.31%,,SOFR,5.00%,,2029-08-01,1074,,,0.00,,,,NCDL,2025-11-04
KRIV Acquisition Inc (Riveron),co_1cedb2e8668c,First Lien,Business Services,10.08%,,SOFR,5.75%,,2029-07-06,10656,10407,10556,0.0109,,,,NCDL,2025-11-04
KRIV Acquisition Inc (Riveron),co_1cedb2e8668c,First Lien,Business Services,9.00%,,SOFR,5.00%,,2031-07-31,12162,11906,12085,0.0137,,,,NCDL,2025-11-04
KRIV Acquisition Inc (Riveron),co_1cedb2e8668c,Delayed Draw,Business Services,10.08%,,SOFR,5.75%,,2029-07-06,1598,1582,1583,0.0016,,,,NCDL,2025-11-04
LRN Corporation (Lion Merger Sub Inc),co_4816e36fab4d,First Lien,Business Services,10.93%,,SOFR,6.50%,,2025-12-17,7246,7228,7193,0.0074,,,,NCDL,2025-11-04
LRN Corporation (Lion Merger Sub Inc),co_4816e36fab4d,First Lien,Business Services,10.93%,,SOFR,6.50%,,2025-12-17,7222,7189,7170,0.0074,,,,NCDL,2025-11-04
LRN Corporation (Lion Merger Sub Inc),co_4816e36fab4d,First Lien,Business Services,10.76%,,SOFR,6.50%,,2025-12-17,7188,7184,7188,0.0082,,,,NCDL,2025-11-04
LRN Corporation (Lion Merger Sub Inc),co_4816e36fab4d,First Lien,Business Services,10.76%,,SOFR,6.50%,,2025-12-17,7166,7158,,,,,,NCDL,2025-11-04
LSCS Holdings Inc (Dohmen),co_a9729536583e,First Lien,Healthcare Services,8.97%,,SOFR,4.50%,,2028-12-16,9911,987,,,,,,NCDL,2025-11-04
Athlete Buyer LLC (Allstar Holdings),co_a9e67690457e,Subordinated Debt,Construction & Engineering,6.00%,8.00%,N/A,,2030-04-26,,,0.26,,,,,,NCDL,2025-11-04
Athlete Buyer LLC (Allstar Holdings),co_a9e67690457e,Subordinated Debt,Construction & Engineering,10.00%,3.00%,N/A,,,2030-04-26,2239,2187,2162,0.0022,,,,NCDL,2025-11-04
Athlete Buyer LLC (Allstar Holdings),co_a9e67690457e,Delayed Draw,Construction & Engineering,6.00%,8.00%,N/A,,2030-04-26,4593,4549,4410,0.50,,,,,NCDL,2025-11-04
Athlete Buyer LLC (Allstar Holdings),co_a9e67690457e,Delayed Draw,Construction & Engineering,6.00%,8.00%,N/A,,2030-04-26,5828,5769,5596,0.63,,,,,NCDL,2025-11-04
Athlete Buyer LLC (Allstar Holdings),co_a9e67690457e,Delayed Draw,Construction & Engineering,,13.00%,N/A,,2030-04-26,2510,,,-0.01,,,,,NCDL,2025-11-04
Cobalt Service Partners LLC,co_fae9c3b03889,Delayed Draw,Construction & Engineering,8.75%,,SOFR,4.75%,,2031-10-13,3162,1386,1371,0.0015,,,,NCDL,2025-11-04
Cobalt Service Partners LLC,co_fae9c3b03889,First Lien,Construction & Engineering,8.75%,,SOFR,4.75%,,2031-10-13,1826,1810,1810,0.0021,,,,NCDL,2025-11-04
Gannett Fleming Inc,co_ee4dfc4b7ffd,First Lien,Construction & Engineering,9.07%,,SOFR,4.75%,,2030-08-05,17690,17467,17566,0.0199,,,,NCDL,2025-11-04
Gannett Fleming Inc,co_ee4dfc4b7ffd,Revolver,Construction & Engineering,9.07%,,SOFR,4.75%,,2030-08-05,2131,,,0.00,,,,NCDL,2025-11-04
Heartland Paving Partners LLC,co_c7deb0ccb4ac,Delayed Draw,Construction & Engineering,9.00%,,SOFR,5.00%,,2030-08-09,5702,5068,4923,0.0056,,,,NCDL,2025-11-04
Heartland Paving Partners LLC,co_c7deb0ccb4ac,Delayed Draw,Construction & Engineering,9.00%,,SOFR,5.00%,,2030-08-09,5694,5683,5537,0.0063,,,,NCDL,2025-11-04
RA Parent Holdings LP,co_86746fb60f0b,First Lien,Automotive,9.62%,,SOFR,5.00%,,2029-03-01,,,0.81,,,,,NCDL,2025-11-04
RA Parent Holdings LP,co_86746fb60f0b,First Lien,Automotive,9.46%,,SOFR,5.00%,,2029-03-01,20033,19849,19767,0.0204,,,,NCDL,2025-11-04
RA Parent Holdings LP,co_86746fb60f0b,Delayed Draw,Automotive,9.46%,,SOFR,5.00%,,2029-03-01,97,97,96,0.0001,,,,NCDL,2025-11-04
RA Parent Holdings LP,co_86746fb60f0b,Delayed Draw,Automotive,9.61%,,SOFR,5.00%,,2029-03-01,1707,1707,1685,0.0017,,,,NCDL,2025-11-04
Accession Risk Management Group Inc,co_22ca5a1449c6,Delayed Draw,Financial Services,9.08%,,SOFR,4.75%,,2029-11-01,9744,9744,9620,0.0099,,,,NCDL,2025-11-04
Ascend Partner Services LLC,co_874ae8d6b778,First Lien,Financial Services,8.86%,,SOFR,4.50%,,2031-08-11,7358,7286,7289,0.0075,,,,NCDL,2025-11-04
Ascend Partner Services LLC,co_874ae8d6b778,First Lien,Financial Services,8.54%,,SOFR,4.50%,,2031-08-11,7303,7241,7231,0.0082,,,,NCDL,2025-11-04
Ascend Partner Services LLC,co_874ae8d6b778,Delayed Draw,Financial Services,8.86%,,SOFR,4.50%,,2031-08-11,12642,,,-0.01,,,,NCDL,2025-11-04
Ascend Partner Services LLC,co_874ae8d6b778,Delayed Draw,Financial Services,8.65%,,SOFR,4.50%,,2031-08-11,12619,9552,9481,0.0108,,,,NCDL,2025-11-04
Big Apple Advisory LLC,co_9be98b2d9e35,Delayed Draw,Financial Services,11.00%,,Prime,3.50%,,2031-11-18,4305,,,,,,,NCDL,2025-11-04
Big Apple Advisory LLC,co_9be98b2d9e35,Delayed Draw,Financial Services,8.57%,,SOFR,4.50%,,2031-11-18,4305,,12,0.00,,,,NCDL,2025-11-04
Big Apple Advisory LLC,co_9be98b2d9e35,Revolver,Financial Services,11.00%,,Prime,3.50%,,2031-11-18,1740,,,,,,,NCDL,2025-11-04
Big Apple Advisory LLC,co_9be98b2d9e35,Revolver,Financial Services,8.57%,,SOFR,4.50%,,2031-11-18,1740,,5,0.00,,,,NCDL,2025-11-04
Big Apple Advisory LLC,co_9be98b2d9e35,First Lien,Financial Services,11.00%,,Prime,3.50%,,2031-11-18,8955,8866,8869,0.0091,,,,NCDL,2025-11-04
Big Apple Advisory LLC,co_9be98b2d9e35,First Lien,Financial Services,8.57%,,SOFR,4.50%,,2031-11-18,8910,8830,8934,0.0101,,,,NCDL,2025-11-04
Cohen Advisory LLC,co_71a164c58623,Delayed Draw,Financial Services,8.83%,,SOFR,4.50%,,2031-12-31,4825,,,,,,,NCDL,2025-11-04
Cohen Advisory LLC,co_71a164c58623,Delayed Draw,Financial Services,8.79%,,SOFR,4.50%,,2031-12-31,4824,195,216,0.0002,,,,NCDL,2025-11-04
Clean Solutions Buyer,co_c6cf73716dff,First Lien,Manufacturing,8.66%,,SOFR,4.50%,,2030-09-09,,,,0.0011,,,,NCDL,2025-11-04
Engineered Fastener Company,co_12f04e7042c0,Subordinated Debt,Manufacturing,13.50%,,N/A,,2028-05-01,3331,3275,3292,0.37,,,,,NCDL,2025-11-04
FirstCall Mechanical Group,co_c962844dacb6,First Lien,Manufacturing,8.75%,,SOFR,4.75%,,2031-06-27,9875,9793,9809,0.0111,,,,NCDL,2025-11-04
FirstCall Mechanical Group,co_c962844dacb6,Delayed Draw,Manufacturing,8.75%,,SOFR,4.75%,,2031-06-27,19883,15465,15350,0.0174,,,,NCDL,2025-11-04
Heartland Home Services,co_ed8b22d2b973,First Lien,Manufacturing,10.10%,,SOFR,6.00%,,2026-12-15,6350,6334,6194,0.0071,,,,NCDL,2025-11-04
Heartland Home Services,co_ed8b22d2b973,Delayed Draw,Manufacturing,10.10%,,SOFR,6.00%,,2026-12-15,5507,5500,5371,0.0061,,,,NCDL,2025-11-04
Heartland Home Services,co_ed8b22d2b973,Delayed Draw,Manufacturing,10.10%,,SOFR,6.00%,,2026-12-15,2525,2525,2463,0.0028,,,,NCDL,2025-11-04
Hyperion Materials & Technologies,co_928ce5c4c945,First Lien,Manufacturing,8.87%,,SOFR,4.50%,,2028-08-30,2607,2606,2551,0.0029,,,,NCDL,2025-11-04
Jetson Buyer,co_43bb328579f5,First Lien,Manufacturing,9.50%,,SOFR,5.50%,,2030-04-09,7222,7163,7033,0.008,,,,NCDL,2025-11-04
Ovation Holdings,co_a566ddca2386,Delayed Draw,Manufacturing,9.00%,,SOFR,5.00%,,2030-02-04,7857,6473,6533,0.0074,,,,NCDL,2025-11-04
Orion Group FM Holdings LLC,co_a3949fd1043d,First Lien,Environmental Services,9.25%,,SOFR,5.25%,,2029-07-03,,,0.95,,,,,NCDL,2025-11-04
Orion Group FM Holdings LLC,co_a3949fd1043d,First Lien,Environmental Services,9.25%,,SOFR,5.25%,,2029-07-03,1577,1563,1577,0.0018,1563,,,NCDL,2025-11-04
Orion Group FM Holdings LLC,co_a3949fd1043d,Delayed Draw,Environmental Services,9.54%,,SOFR,5.25%,,2029-07-03,6369,4688,4698,0.0053,4688,,,NCDL,2025-11-04
Orion Group FM Holdings LLC,co_a3949fd1043d,Delayed Draw,Environmental Services,9.57%,,SOFR,5.25%,,2029-07-03,13446,,,0.00,,,,NCDL,2025-11-04
Orion Group FM Holdings LLC (Leo Facilities),co_a3949fd1043d,Delayed Draw,Environmental Services,10.58%,,SOFR,5.50%,,2029-07-03,13446,,,-0.02,,,,NCDL,2025-11-04
SI Solutions LLC,co_d90aa519906e,First Lien,Environmental Services,8.88%,,SOFR,4.75%,,2030-08-15,11783,11685,11740,0.0133,11685,,,NCDL,2025-11-04
SI Solutions LLC,co_d90aa519906e,First Lien,Environmental Services,9.34%,,SOFR,4.75%,,2030-08-15,11872,11758,11888,0.0122,,,,NCDL,2025-11-04
SI Solutions LLC,co_d90aa519906e,Delayed Draw,Environmental Services,8.75%,,SOFR,4.75%,,2030-08-15,5598,1106,1097,0.0012,1106,,,NCDL,2025-11-04
SI Solutions LLC,co_d90aa519906e,Delayed Draw,Environmental Services,9.34%,,SOFR,4.75%,,2030-08-15,5601,,7,,,,,NCDL,2025-11-04
AB Centers Acquisition Corporation,co_2fbcb7a91c6a,First Lien,Healthcare Services,9.41%,,SOFR,5.25%,,2031-07-02,1470,1464,1458,0.0017,1464,,,NCDL,2025-11-04
AB Centers Acquisition Corporation,co_2fbcb7a91c6a,First Lien,Healthcare Services,9.47%,,SOFR,5.25%,,2031-07-02,15555,15422,15432,0.0175,15422,,,NCDL,2025-11-04
AB Centers Acquisition Corporation (Action Behavior Centers),co_2fbcb7a91c6a,First Lien,Healthcare Services,9.84%,,SOFR,5.25%,,2031-07-02,15673,15520,15588,0.016,,,,NCDL,2025-11-04
AB Centers Acquisition Corporation (Action Behavior Centers),co_2fbcb7a91c6a,First Lien,Healthcare Services,9.61%,,SOFR,5.25%,,2031-07-02,1477,1470,1469,0.0015,,,,NCDL,2025-11-04
AB Centers Acquisition Corporation,co_2fbcb7a91c6a,Delayed Draw,Healthcare Services,9.47%,,SOFR,5.25%,,2031-07-02,2842,1015,998,0.0011,1015,,,NCDL,2025-11-04
AB Centers Acquisition Corporation (Action Behavior Centers),co_2fbcb7a91c6a,Delayed Draw,Healthcare Services,9.80%,,SOFR,5.25%,,2031-07-02,2850,189,180,0.0002,,,,NCDL,2025-11-04
Gabriel Partners LLC,co_9be7e9dc1db7,Delayed Draw,Business Services,6.15%,5.45%,SOFR,1.80%,,2026-09-21,,,0.17,,,,,NCDL,2025-11-04
Gabriel Partners LLC,co_9be7e9dc1db7,First Lien,Business Services,6.15%,5.45%,SOFR,1.80%,,2026-09-21,3810,3803,3718,0.0042,,,,NCDL,2025-11-04
Integrated Power Services Holdings Inc,co_828be35f2d9b,Delayed Draw,Industrial Services,9.03%,,SOFR,4.75%,,2028-11-22,2303,,,0.00,,,,NCDL,2025-11-04
RA Parent Holdings LP S&S Truck Parts,co_86746fb60f0b,Delayed Draw,Automotive,9.01%,,SOFR,4.75%,,2029-03-01,,,0.01,,,,,NCDL,2025-11-04
RA Parent Holdings LP S&S Truck Parts,co_86746fb60f0b,First Lien,Automotive,9.03%,,SOFR,4.75%,,2029-03-01,6736,6699,6670,0.0076,,,,NCDL,2025-11-04
Randys Holdings Inc Randy's Worldwide Automotive,co_26dad21bd38c,Delayed Draw,Automotive,9.16%,,SOFR,5.00%,,2029-11-01,3730,2645,2586,0.0029,,,,NCDL,2025-11-04
Randys Holdings Inc Randy's Worldwide Automotive,co_26dad21bd38c,First Lien,Automotive,9.16%,,SOFR,5.00%,,2029-11-01,10941,10815,10768,0.0122,,,,NCDL,2025-11-04
Coding Solutions Acquisition Inc,co_a81c05028f8a,Revolver,Healthcare Services,9.16%,,SOFR,5.00%,,2031-08-07,,,,0.00,,,,NCDL,2025-11-04
Dermatology Intermediate Holdings III Inc (Forefront Dermatology),co_678325be3e1d,First Lien,Healthcare Services,8.56%,,SOFR,4.25%,,2029-03-30,3256,3223,3077,0.0035,,,,NCDL,2025-11-04
Eyesouth Eye Care Holdco LLC,co_015ae50f205f,First Lien,Healthcare Services,9.76%,,SOFR,5.50%,,2029-10-05,7341,7293,7224,0.0082,,,,NCDL,2025-11-04
Eyesouth Eye Care Holdco LLC,co_015ae50f205f,Delayed Draw,Healthcare Services,9.76%,,SOFR,5.50%,,2029-10-05,2407,2407,2368,0.0027,,,,NCDL,2025-11-04
FH DMI Buyer Inc,co_e962dad49f60,Delayed Draw,Healthcare Services,9.00%,,SOFR,5.00%,,2030-10-11,1102,485,478,0.0005,,,,NCDL,2025-11-04
FH DMI Buyer Inc,co_e962dad49f60,First Lien,Healthcare Services,9.00%,,SOFR,5.00%,,2030-10-11,1977,1960,1960,0.0022,,,,NCDL,2025-11-04
FH DMI Buyer Inc,co_e962dad49f60,First Lien,Healthcare Services,9.33%,,SOFR,5.00%,,2030-10-11,1987,1968,1969,0.002,,,,NCDL,2025-11-04
Genesee Scientific LLC,co_3c6ac3097a4a,First Lien,Healthcare Services,9.72%,,SOFR,5.75%,,2027-09-30,5852,5832,5236,0.0059,,,,NCDL,2025-11-04
Genesee Scientific LLC,co_3c6ac3097a4a,First Lien,Healthcare Services,10.10%,,SOFR,5.75%,,2027-09-30,5898,5870,5176,0.0053,,,,NCDL,2025-11-04
Genesee Scientific LLC,co_3c6ac3097a4a,Delayed Draw,Healthcare Services,9.72%,,SOFR,5.75%,,2027-09-30,1532,1532,1371,0.0016,,,,NCDL,2025-11-04
Genesee Scientific LLC,co_3c6ac3097a4a,Delayed Draw,Healthcare Services,10.10%,,SOFR,5.75%,,2027-09-30,1544,1544,1355,0.0014,,,,NCDL,2025-11-04
GHR Healthcare LLC,co_a5a5c1fe2423,First Lien,Healthcare Services,9.63%,,SOFR,5.25%,,2027-12-09,6287,6262,5998,0.0068,,,,NCDL,2025-11-04
GHR Healthcare LLC,co_a5a5c1fe2423,First Lien,Healthcare Services,9.99%,,SOFR,5.25%,,2027-12-09,6336,6302,6183,0.0064,,,,NCDL,2025-11-04
GHR Healthcare LLC,co_a5a5c1fe2423,First Lien,Healthcare Services,9.99%,,SOFR,5.25%,,2027-12-09,4933,4870,4814,0.005,,,,NCDL,2025-11-04
GHR Healthcare LLC,co_a5a5c1fe2423,First Lien,Healthcare Services,9.99%,,SOFR,5.25%,,2027-12-09,8048,7979,7854,0.0081,,,,NCDL,2025-11-04
GHR Healthcare LLC,co_a5a5c1fe2423,First Lien,Healthcare Services,9.99%,,SOFR,5.25%,,2027-12-09,3,,,,,,,NCDL,2025-11-04
GHR Healthcare LLC,co_a5a5c1fe2423,Delayed Draw,Healthcare Services,9.63%,,SOFR,5.25%,,2027-12-09,1967,1967,1876,0,,,,NCDL,2025-11-04
GHR Healthcare LLC,co_a5a5c1fe2423,Delayed Draw,Healthcare Services,9.99%,,SOFR,5.25%,,2027-12-09,1982,1982,1934,0.002,,,,NCDL,2025-11-04
GHR Healthcare LLC,co_a5a5c1fe2423,Delayed Draw,Healthcare Services,9.99%,,SOFR,5.25%,,2027-12-09,1946,,,,,,,NCDL,2025-11-04
GHR Healthcare LLC,co_a5a5c1fe2423,Delayed Draw,Healthcare Services,9.99%,,SOFR,5.25%,,2027-12-09,648,,,,,,,NCDL,2025-11-04
BCM One,co_c2619fa488a0,Delayed Draw,Telecommunications,8.80%,,SOFR,4.50%,,2027-11-17,1794,1794,1794,0.002,,,,NCDL,2025-11-04
MBS Holdings,co_1f4d56e6b50c,First Lien,Telecommunications,9.30%,,SOFR,5.00%,,2027-04-16,1040,1032,1040,0.0012,,,,NCDL,2025-11-04
MBS Holdings,co_1f4d56e6b50c,First Lien,Telecommunications,9.30%,,SOFR,5.00%,,2027-04-16,1796,1782,1796,0.002,,,,NCDL,2025-11-04
MBS Holdings,co_1f4d56e6b50c,First Lien,Telecommunications,9.30%,,SOFR,5.00%,,2027-04-16,9873,9849,9873,0.0112,,,,NCDL,2025-11-04
MBS Holdings,co_1f4d56e6b50c,First Lien,Telecommunications,9.30%,,SOFR,5.00%,,2027-04-16,1291,1280,1291,0.0015,,,,NCDL,2025-11-04
Mobile Communications America,co_c7c52650ef3a,Delayed Draw,Telecommunications,8.90%,,SOFR,4.75%,,2029-10-16,1654,134,124,0.0001,,,,NCDL,2025-11-04
Mobile Communications America,co_c7c52650ef3a,Delayed Draw,Telecommunications,8.74%,,SOFR,4.75%,,2029-10-16,4283,4261,4257,0.0048,,,,NCDL,2025-11-04
Mobile Communications America,co_c7c52650ef3a,First Lien,Telecommunications,8.90%,,SOFR,4.75%,,2029-10-16,18182,18003,18071,0.0205,,,,NCDL,2025-11-04
Sapphire Telecom,co_9f275a5c1df6,First Lien,Telecommunications,9.16%,,SOFR,5.00%,,2029-06-27,18895,18746,18969,0.0215,,,,NCDL,2025-11-04
Affinity Hospice Intermediate Holdings LLC,co_53a199aaec6d,First Lien,Healthcare Services,9.18%,,SOFR,4.75%,,2027-12-17,7792,7748,6531,0.0067,,,,NCDL,2025-11-04
Anne Arundel Dermatology Management LLC,co_f675db24f164,Subordinated Debt,Healthcare Services,,12.75%,N/A,N/A,,2026-10-16,3282,3266,535,0.0006,,,,NCDL,2025-11-04
Anne Arundel Dermatology Management LLC,co_f675db24f164,Subordinated Debt,Healthcare Services,,13.25%,N/A,N/A,,2026-04-16,1972,1965,780,0.0008,,,,NCDL,2025-11-04
ICE USA Infrastructure Inc,co_59d68c8efe15,First Lien,Construction & Engineering,9.58%,,SOFR,5.25%,,2030-03-15,,,,0.0067,,,,NCDL,2025-11-04
Java Buyer Inc (Sciens Building Solutions LLC),co_81c3db1a65a7,First Lien,Construction & Engineering,10.20%,,SOFR,5.75%,,2027-12-15,9220,9118,9220,0.0095,,,,NCDL,2025-11-04
Java Buyer Inc (Sciens Building Solutions LLC),co_81c3db1a65a7,Delayed Draw,Construction & Engineering,10.39%,,SOFR,5.75%,,2027-12-15,4870,4845,4870,0.005,,,,NCDL,2025-11-04
MEI Buyer LLC,co_a2bda52004f7,First Lien,Construction & Engineering,9.36%,,SOFR,5.00%,,2029-06-29,11316,11130,11319,0.0117,,,,NCDL,2025-11-04
MEI Buyer LLC,co_a2bda52004f7,Delayed Draw,Construction & Engineering,9.48%,,SOFR,5.00%,,2029-06-29,1810,1803,1810,0.0019,,,,NCDL,2025-11-04
Rose Paving LLC,co_c74bc77b2332,Delayed Draw,Construction & Engineering,12.50%,,N/A,N/A,,2030-05-07,191,,,,,,,NCDL,2025-11-04
Rose Paving LLC,co_c74bc77b2332,Subordinated Debt,Construction & Engineering,12.50%,,N/A,N/A,,2030-05-07,2937,2900,2901,0.003,,,,NCDL,2025-11-04
Royal Holdco Corporation (RMA Companies),co_43bc0e70a444,First Lien,Construction & Engineering,9.24%,,SOFR,4.75%,,2027-12-30,5229,5178,5178,0.0053,,,,NCDL,2025-11-04
Royal Holdco Corporation (RMA Companies),co_43bc0e70a444,Delayed Draw,Construction & Engineering,10.44%,,SOFR,5.75%,,2027-12-30,4582,4575,4582,0.0047,,,,NCDL,2025-11-04
Royal Holdco Corporation (RMA Companies),co_43bc0e70a444,Delayed Draw,Construction & Engineering,10.31%,,SOFR,5.75%,,2027-12-30,3132,,,,,,,NCDL,2025-11-04
QHR Health LLC,co_e8afc69dcb82,First Lien,Pharmaceuticals & Biotechnology,9.93%,,SOFR,5.25%,,2027-05-28,,,0.79,,,,,NCDL,2025-11-04
QHR Health LLC,co_e8afc69dcb82,First Lien,Pharmaceuticals & Biotechnology,9.71%,,SOFR,5.25%,,2027-05-28,3215,3180,3246,0.0033,,,,NCDL,2025-11-04
QHR Health LLC,co_e8afc69dcb82,Delayed Draw,Pharmaceuticals & Biotechnology,9.71%,,SOFR,5.25%,,2027-05-28,3215,3210,3246,0.0033,,,,NCDL,2025-11-04
Sandlot Buyer LLC (Prime Time Healthcare),co_f4b61950ca8e,First Lien,Pharmaceuticals & Biotechnology,10.63%,,SOFR,6.25%,,2028-09-19,7833,7667,7746,0.008,,,,NCDL,2025-11-04
Sandlot Buyer LLC (Prime Time Healthcare),co_f4b61950ca8e,First Lien,Pharmaceuticals & Biotechnology,10.80%,,SOFR,6.25%,,2028-09-19,9609,9455,9502,0.0098,,,,NCDL,2025-11-04
Smile Brands Inc,co_887d6379ed76,Subordinated Debt,Pharmaceuticals & Biotechnology,,14.10%,SOFR,9.52%,,2028-04-12,11396,11353,9352,0.0096,,,,NCDL,2025-11-04
SM Wellness Holdings Inc (Solis Mammography),co_f76051c0a178,First Lien,Pharmaceuticals & Biotechnology,9.35%,,SOFR,4.50%,,2028-04-17,13022,12960,12920,0.0132,,,,NCDL,2025-11-04
Southern Veterinary Partners LLC,co_d9e49ba45334,First Lien,Pharmaceuticals & Biotechnology,7.71%,,SOFR,3.25%,,2031-12-04,9424,9414,9502,0.0098,,,,NCDL,2025-11-04
TBRS Inc,co_473fc06769ed,Delayed Draw,Pharmaceuticals & Biotechnology,9.26%,,SOFR,4.75%,,2031-11-22,2209,,,,,,,NCDL,2025-11-04
TBRS Inc,co_473fc06769ed,Revolver,Pharmaceuticals & Biotechnology,9.26%,,SOFR,4.75%,,2030-11-22,1406,7,,,,,,NCDL,2025-11-04
Vessco Midco Holdings LLC,co_b9a5efa543be,First Lien,Manufacturing,9.43%,,SOFR,4.75%,,2031-07-24,13706,13570,13573,0.0139,,,,NCDL,2025-11-04
Vessco Midco Holdings LLC,co_b9a5efa543be,Delayed Draw,Manufacturing,9.43%,,SOFR,4.75%,,2031-07-24,4569,1181,1159,0.0012,,,,NCDL,2025-11-04
Vessco Midco Holdings LLC,co_b9a5efa543be,Revolver,Manufacturing,9.43%,,SOFR,4.75%,,2031-07-24,1726,,,,,,,NCDL,2025-11-04
Boulder Scientific Company LLC,co_7ec41b5c4bb6,First Lien,Chemicals,9.45%,,SOFR,4.75%,,2027-12-31,2040,2049,1975,0.002,,,,NCDL,2025-11-04
Chroma Color Corporation,co_7681ee70b148,First Lien,Chemicals,10.63%,,SOFR,6.00%,,2029-04-23,6250,6153,6205,0.0064,,,,NCDL,2025-11-04
Chroma Color Corporation,co_7681ee70b148,Delayed Draw,Chemicals,10.35%,,SOFR,6.00%,,2029-04-23,1379,1370,1369,0.0014,,,,NCDL,2025-11-04
Olympic Buyer Inc (Ascensus),co_142de5804239,First Lien,Chemicals,8.71%,,SOFR,4.35%,,2028-06-30,9631,9516,8132,0.0084,,,,NCDL,2025-11-04
TJC Spartech Acquisition Corp,co_0c3da60ba9b8,First Lien,Chemicals,9.41%,,SOFR,4.75%,,2028-05-06,14617,14563,10616,0.0109,,,,NCDL,2025-11-04
ASTP Holdings CO-Investment LP,co_ea1fec12070f,Partnership Interest,Transportation & Logistics,,,N/A,,2023-09-11,,,,,0.0002,,,,NCDL,2025-11-04
Helios Aggregator Holdings I LP,co_8b03cd35991f,Partnership Interest,Energy & Utilities,,,N/A,,2023-04-03,,,280,213,0.0002,,,,NCDL,2025-11-04
Helios Aggregator Holdings I LP,co_8b03cd35991f,Partnership Interest,Energy & Utilities,,,,2023-04-03,,,280,177,0.02,,,,,NCDL,2025-11-04
USAW Parent LLC,co_8412c885ff42,Common Equity,Energy & Utilities,,,N/A,,2024-02-21,,,478,566,0.0006,,,,NCDL,2025-11-04
USAW Parent LLC,co_8412c885ff42,Common Equity,Energy & Utilities,,,,2024-02-21,,,478,642,0.07,,,,,NCDL,2025-11-04
BlackRock Liquidity Funds T-Fund,co_54421f1a0409,Money Market Fund,Investment Vehicles,4.00%,,N/A,,,40181529,40182,40182,4.56,,,,,NCDL,2025-11-04
BlackRock Liquidity Funds T-Fund,co_54421f1a0409,Money Market Fund,Investment Vehicles,4.27%,,N/A,,,40812,40812,40812,4.20,,,,,NCDL,2025-11-04
First American Government Obligations Fund,co_63683ad46bc0,Money Market Fund,Investment Vehicles,4.00%,,N/A,,,1847450,,,0.21,,,,,NCDL,2025-11-04
RPI Investments LP,co_7bd4c1529747,Partnership Interest,Construction & Engineering,,,,N/A,,2024-11-27,,,100,,0.01,100,,NCDL,2025-11-04
LH Equity Investors LP,co_31d8756b091d,Partnership Interest,Consumer Products,,,,N/A,,2025-09-03,,,1450,,0.17,1450,,NCDL,2025-11-04
FBG Holdings LLC,co_07c849498239,Common Equity,Consumer Products,,,,N/A,,2025-08-08,,,512,,0.06,512,,NCDL,2025-11-04
Ultima Health Holdings LLC,co_3ca9840b7eec,Preferred Equity,Consumer Products,,,,N/A,,2022-09-12,,,170,,0.04,170,,NCDL,2025-11-04
Ultima Health Holdings LLC,co_3ca9840b7eec,Preferred Equity,Consumer Products,,,,N/A,,2022-09-12,,,170,,0.02,170,,NCDL,2025-11-04
Conversion Holdings LP,co_422877b74a8d,Common Equity,Packaging,,,,N/A,,2020-12-17,,,148,,0.02,148,,NCDL,2025-11-04
Oliver Investors LP,co_fbdd8828a190,Common Equity,Packaging,,,,N/A,,2025-04-22,,,14,0.15,0.00,14,,NCDL,2025-11-04
HMA Equity LP,co_a02fedbd14ff,Common Equity,Healthcare Services,,,,N/A,,2023-03-30,,,400,,0.04,400,,NCDL,2025-11-04
HMA Equity LP,co_a02fedbd14ff,Common Equity,Healthcare Services,,,,N/A,,2023-03-30,,,400,,0.06,400,,NCDL,2025-11-04
MDC Group Holdings LP,co_c149db1688ca,Common Equity,Healthcare Services,,,,N/A,,2023-02-07,,,245,0.46,0.01,245,,NCDL,2025-11-04
MDC Group Holdings LP,co_c149db1688ca,Common Equity,Healthcare Services,,,,N/A,,2023-02-07,,,245,,0.02,245,,NCDL,2025-11-04
NP/BF Holdings LP,co_ff0fa0699f9f,Common Equity,Healthcare Services,,,,N/A,,2025-04-30,,,1000,,0.11,1000,,NCDL,2025-11-04
RCP Nats Co-Investment Fund LP,co_47046bd1a5b5,Partnership Interest,Healthcare Services,,,,N/A,,2025-03-17,,,1003,,0.14,1003,,NCDL,2025-11-04
REP Coinvest III AAD LP,co_0933696c2ccb,Common Equity,Healthcare Services,,,,N/A,,2020-10-16,,,880,,0,880,,NCDL,2025-11-04
OSP Gannett Aggregator LP,co_b8f765001160,Partnership Interest,Construction & Engineering,,,,N/A,,2022-12-20,,,,0.0012,,,,NCDL,2025-11-04
FS Parent Holding LLC,co_945e27e3bc35,Common Equity,Consumer Products,,,,N/A,,2021-03-01,,,5,0.05,0,5,,NCDL,2025-11-04
FS Parent Holding LLC,co_945e27e3bc35,Common Equity,Consumer Products,,,,N/A,,2021-03-01,,,98,,0.01,98,,NCDL,2025-11-04
REP HS Holdings LLC,co_f357f1dd7a74,Partnership Interest,Healthcare Services,,,,N/A,,2023-08-31,,,577,,0.08,577,,NCDL,2025-11-04
Smart Wave Technologies,co_63dc0fadfcad,First Lien,Software,10.74%,,SOFR,6.00%,,2026-11-05,,,0.78,,,,,NCDL,2025-11-04
Solve Industrial Motion Group,co_402ccee6e51f,Subordinated Debt,Software,10.00%,2.00%,N/A,,,2028-06-30,1888,1866,1787,0.0018,1866,,,NCDL,2025-11-04
Solve Industrial Motion Group,co_402ccee6e51f,Subordinated Debt,Software,10.00%,2.00%,N/A,,,2028-06-30,811,800,779,0.0008,800,,,NCDL,2025-11-04
Solve Industrial Motion Group,co_402ccee6e51f,Delayed Draw,Software,10.00%,2.00%,N/A,,,2028-06-30,2162,2162,2046,0.0021,2162,,,NCDL,2025-11-04
Venture Buyer (Velosio),co_a55af84312e0,First Lien,Software,9.84%,,SOFR,5.25%,,2030-03-01,6201,6147,6207,0.0064,6147,,,NCDL,2025-11-04
Venture Buyer (Velosio),co_a55af84312e0,Delayed Draw,Software,9.84%,,SOFR,5.25%,,2030-03-01,1284,,1,0,,,,NCDL,2025-11-04
Davidson Hotel Company,co_1948a8954a8f,Delayed Draw,Hotels & Leisure,9.36%,,SOFR,5.00%,,2031-10-31,1052,,,0,,,,NCDL,2025-11-04
Davidson Hotel Company,co_1948a8954a8f,First Lien,Hotels & Leisure,9.36%,,SOFR,5.00%,,2031-10-31,3156,3125,3126,0.0032,3125,,,NCDL,2025-11-04
Calienger Acquisition (Wpromote),co_3cab47152639,First Lien,Marketing & Advertising,10.40%,,SOFR,5.75%,,2028-10-23,4335,4273,4339,0.0045,4273,,,NCDL,2025-11-04
Tinuiti,co_f9df34e83ace,First Lien,Marketing & Advertising,9.68%,,SOFR,5.25%,,2026-12-10,2918,2904,2886,0.003,,,,NCDL,2025-11-04
USA Water Intermediate Holdings LLC,co_bbec232a372c,Delayed Draw,Energy & Utilities,8.98%,,SOFR,4.75%,,2031-02-21,3030,2034,2034,0.0023,,,,NCDL,2025-11-04
INS Intermediate II LLC,co_521121b4c900,Delayed Draw,Industrial Services,9.85%,,SOFR,5.50%,,2029-01-19,1951,1929,1921,0.0022,,,,NCDL,2025-11-04
INS Intermediate II LLC,co_521121b4c900,First Lien,Industrial Services,9.85%,,SOFR,5.50%,,2029-01-19,11475,11350,11295,0.0128,,,,NCDL,2025-11-04
ISG Enterprises LLC,co_0a30ca928d97,First Lien,Industrial Services,10.06%,,SOFR,5.75%,,2028-12-07,6410,6333,6270,0.0071,,,,NCDL,2025-11-04
ISG Enterprises LLC,co_0a30ca928d97,Delayed Draw,Industrial Services,10.06%,,SOFR,5.75%,,2028-12-07,3337,3329,3265,0.0037,,,,NCDL,2025-11-04
TPC Wire & Cable Corp,co_377851798b3b,Subordinated Debt,Industrial Services,11.00%,1.50%,N/A,,,2028-02-16,2295,2283,2295,0.0026,,,,NCDL,2025-11-04
TPC Wire & Cable Corp,co_377851798b3b,Delayed Draw,Industrial Services,11.00%,1.50%,N/A,,,2028-02-16,939,940,939,0.0011,,,,NCDL,2025-11-04
TPC Wire & Cable Corp,co_377851798b3b,Delayed Draw,Industrial Services,11.00%,1.50%,N/A,,,2028-02-16,1750,1750,1750,0.002,,,,NCDL,2025-11-04
CMP Ren Partners I-A LP,co_0bea07dd5b88,Partnership Interest,Financial Services,,,,2022-06-30,,,634,1492,0.17,,,,,NCDL,2025-11-04
Red Griffin TopCo LLC,co_e6865ea2a999,Partnership Interest,Transportation & Logistics,,,,2024-11-27,,,2820,227,0.03,,,,,NCDL,2025-11-04
Red Griffin TopCo LLC,co_e6865ea2a999,Partnership Interest,Transportation & Logistics,,,,2024-11-27,,,1481,119,0.01,,,,,NCDL,2025-11-04
REP RO Coinvest IV-A LP,co_91a43b1db9ba,Partnership Interest,Transportation & Logistics,,,,2022-12-29,,,939,680,0.08,,,,,NCDL,2025-11-04
Wellspring Pharmaceutical,co_22c4265857f5,Delayed Draw,Healthcare Services,9.27%,,SOFR,5.00%,,2028-08-22,,,0.29,,,,,NCDL,2025-11-04
Wellspring Pharmaceutical,co_22c4265857f5,First Lien,Healthcare Services,9.27%,,SOFR,5.00%,,2028-08-22,1224,1209,1224,0.0014,,,,NCDL,2025-11-04
Alta Buyer,co_9153d42d3a44,First Lien,Software,9.00%,,SOFR,5.00%,,2027-12-21,11366,11345,11366,0.0129,,,,NCDL,2025-11-04
Alta Buyer,co_9153d42d3a44,First Lien,Software,9.00%,,SOFR,5.00%,,2027-12-21,5298,5261,5298,0.006,,,,NCDL,2025-11-04
Alta Buyer,co_9153d42d3a44,Delayed Draw,Software,9.00%,,SOFR,5.00%,,2027-12-21,3096,3082,3096,0.0035,,,,NCDL,2025-11-04
Eliassen Group,co_6f2538aae5b8,First Lien,Software,9.75%,,SOFR,5.75%,,2028-04-14,11856,11798,11672,0.0132,,,,NCDL,2025-11-04
Eliassen Group,co_6f2538aae5b8,Delayed Draw,Software,9.91%,,SOFR,5.75%,,2028-04-14,853,853,840,0.001,,,,NCDL,2025-11-04
Emburse,co_d1d6f9aa98c8,Delayed Draw,Software,8.25%,,SOFR,4.25%,,2032-05-28,13,,,0.00,,,,NCDL,2025-11-04
Emburse,co_d1d6f9aa98c8,Revolver,Software,8.25%,,SOFR,4.25%,,2032-05-28,14,,,0.00,,,,NCDL,2025-11-04
Emburse,co_d1d6f9aa98c8,First Lien,Software,8.25%,,SOFR,4.25%,,2032-05-28,73,73,73,0.0001,,,,NCDL,2025-11-04
Alta Buyer LLC,co_9153d42d3a44,Delayed Draw,Software,9.33%,,SOFR,5.00%,,2027-12-21,3120,3102,3095,0.0032,,,,NCDL,2025-11-04
Alta Buyer LLC,co_9153d42d3a44,First Lien,Software,9.33%,,SOFR,5.00%,,2027-12-21,5338,5290,5295,0.0055,,,,NCDL,2025-11-04
Cedar Services Group LLC,co_f2a48822ef30,First Lien,Software,9.83%,,SOFR,5.50%,,2030-10-04,15994,15780,15994,0.0165,,,,NCDL,2025-11-04
Cedar Services Group LLC,co_f2a48822ef30,Delayed Draw,Software,9.83%,,SOFR,5.50%,,2030-10-04,12931,12903,12931,0.0133,,,,NCDL,2025-11-04
Diligent Corporation,co_043d566b8b97,Delayed Draw,Software,10.09%,,SOFR,5.00%,,2030-08-02,3830,,25,0,,,,NCDL,2025-11-04
Diligent Corporation,co_043d566b8b97,First Lien,Software,10.09%,,SOFR,5.00%,,2030-08-02,3830,3811,3855,0.004,,,,NCDL,2025-11-04
Diligent Corporation,co_043d566b8b97,First Lien,Software,10.09%,,SOFR,5.00%,,2030-08-02,22340,22230,22489,0.0232,,,,NCDL,2025-11-04
Eliassen Group LLC,co_6f2538aae5b8,First Lien,Software,10.08%,,SOFR,5.75%,,2028-04-14,11947,11871,11947,0.0123,,,,NCDL,2025-11-04
Eliassen Group LLC,co_6f2538aae5b8,Delayed Draw,Software,10.30%,,SOFR,5.75%,,2028-04-14,860,859,860,0.0009,,,,NCDL,2025-11-04
Ensono Inc,co_413a7b9ae721,First Lien,Software,8.47%,,SOFR,4.00%,,2028-05-26,14081,14046,14095,0.0145,,,,NCDL,2025-11-04
Boardwalk Buyer LLC,co_229f77dfa1c1,First Lien,Food & Beverage,9.43%,,SOFR,5.00%,,2027-09-28,9700,9653,9700,0.01,,,,NCDL,2025-11-04
Commercial Bakeries Corp,co_f7120284a37a,First Lien,Food & Beverage,9.75%,,SOFR,5.75%,,2029-09-25,16979,16739,16663,0.0189,,,,NCDL,2025-11-04
Commercial Bakeries Corp,co_f7120284a37a,First Lien,Food & Beverage,9.75%,,SOFR,5.75%,,2029-09-25,2009,1997,1972,0.0023,,,,NCDL,2025-11-04
Commercial Bakeries Corp,co_f7120284a37a,First Lien,Food & Beverage,9.83%,,SOFR,5.50%,,2029-09-25,17109,16829,16905,0.0174,,,,NCDL,2025-11-04
Commercial Bakeries Corp,co_f7120284a37a,First Lien,Food & Beverage,9.99%,,SOFR,5.50%,,2029-09-25,2024,2009,2000,0.0021,,,,NCDL,2025-11-04
FoodScience LLC,co_330e6e760261,Delayed Draw,Food & Beverage,9.43%,,SOFR,5.25%,,2031-11-14,6312,2070,1996,0.0023,,,,NCDL,2025-11-04
FoodScience LLC,co_330e6e760261,Delayed Draw,Food & Beverage,9.08%,,SOFR,4.75%,,2031-11-14,6322,,,0.0001,,,,NCDL,2025-11-04
FoodScience LLC,co_330e6e760261,First Lien,Food & Beverage,9.12%,,SOFR,5.25%,,2031-11-14,5882,5830,5800,0.0066,,,,NCDL,2025-11-04
IF&P Holding Company LLC,co_6357a4972bed,Subordinated Debt,Food & Beverage,8.92%,5.13%,SOFR,4.50%,,2029-04-03,4238,4178,4089,0.0047,,,,NCDL,2025-11-04
IF&P Holding Company LLC,co_6357a4972bed,Subordinated Debt,Food & Beverage,8.92%,5.13%,SOFR,4.50%,,2029-04-03,846,832,816,0.0009,,,,NCDL,2025-11-04
IF&P Holding Company LLC,co_6357a4972bed,Subordinated Debt,Food & Beverage,8.92%,5.13%,SOFR,4.50%,,2029-04-03,1001,984,966,0.0011,,,,NCDL,2025-11-04
Nellson Nutraceutical LLC,co_aa8d04310e1d,Delayed Draw,Food & Beverage,9.75%,,SOFR,5.75%,,2031-04-17,72,,,0.00,,,,NCDL,2025-11-04
Nellson Nutraceutical LLC,co_aa8d04310e1d,First Lien,Food & Beverage,9.75%,,SOFR,5.75%,,2031-04-17,928,919,919,0.,,,,NCDL,2025-11-04
AmerCareRoyal LLC,co_896148b2808a,Delayed Draw,Food & Beverage,9.36%,,SOFR,5.00%,,2030-09-10,165,,,0,,,,NCDL,2025-11-04
AmerCareRoyal LLC,co_896148b2808a,Delayed Draw,Food & Beverage,9.36%,,SOFR,5.00%,,2030-09-10,115,114,114,0.0001,,,,NCDL,2025-11-04
Bardstown PPC Buyer LLC,co_03e8fc2a6a3e,Subordinated Debt,Food & Beverage,12.96%,,SOFR,7.75%,,2027-08-30,9300,9188,9221,0.0095,,,,NCDL,2025-11-04
BCPE North Star US Holdco 2 Inc,co_874b961a7aef,Subordinated Debt,Food & Beverage,11.72%,,SOFR,7.25%,,2029-06-08,9000,8891,8359,0.0086,,,,NCDL,2025-11-04
BCPE North Star US Holdco 2 Inc,co_874b961a7aef,First Lien,Food & Beverage,8.47%,,SOFR,4.00%,,2028-06-09,10518,10070,10147,0.0105,,,,NCDL,2025-11-04
