company_name,company_id,investment_type,industry,cash_rate,pik_rate,reference_rate,spread,floor_rate,acquisition_date,maturity_date,principal_amount,amortized_cost,fair_value,percent_of_net_assets,cost,commitment_limit,undrawn_commitment,rate_cap,shares,data_quality_flags,ticker,filing_date,ticker,filing_date
Altisource S.A.R.L.,co_f815714130ba,,Business Services,5.00%,1.00%,,,,,2025-04-30,5972008,5439910,4749537,,5439910,,,,,,PFX,2023-05-11,PFX,2023-05-11
"Arcline FM Holdings, LLC",co_50538b3fe821,,Aerospace & Defense,4.75%,,,,,,2028-06-23,2693165,2595537,2595537,,2595537,,,,,,PFX,2023-05-11,PFX,2023-05-11
"Be Green Packaging, LLC",co_768ca5f09adf,,Containers & Packaging,,,,,,,,417,416250,,,416250,,,,,,PFX,2023-05-11,PFX,2023-05-11
"Boostability Seotowncenter, Inc.",co_b2141134afce,,Business Services,,,,,,,,833152,66475,,,66475,,,,,,PFX,2023-05-11,PFX,2023-05-11
Chimera Investment Corp.,co_6ada2295c415,,Insurance,,,,,,,,117310,2884724,2255870,,2884724,,,,,,PFX,2023-05-11,PFX,2023-05-11
Copper Property CTL Pass Through Trust,co_10d79bf68c1e,,Insurance,,,,,,,,537795,7029161,5835075,,7029161,,,,,,PFX,2023-05-11,PFX,2023-05-11
DataOnline Corp.,co_96e45312ab2a,,Software & Technology,6.25%,,,,,,2025-11-13,4837500,4837500,4692375,,4837500,,,,,,PFX,2023-05-11,PFX,2023-05-11
"DirecTV Financing, LLC",co_0dceea6fc0a0,,Media & Entertainment,5.00%,,,,,,2027-08-02,4325000,4325000,4171030,,4325000,,,,,,PFX,2023-05-11,PFX,2023-05-11
"Dream Finders Homes, LLC",co_022acf4302d4,,Industrials,,8.00%,,,,,,5523839,5523839,5150979,,5523839,,,,,,PFX,2023-05-11,PFX,2023-05-11
"First Brands Group, LLC",co_1acc95f66b5d,,Automotive,5.00%,,,,,,2027-03-30,3939699,3939699,3711112,,3939699,,,,,,PFX,2023-05-11,PFX,2023-05-11
"Franklin BSP Realty Trust, Inc.",co_c2a895429d13,,Insurance,,,,,,,,529914,8754386,6321874,,8754386,,,,,,PFX,2023-05-11,PFX,2023-05-11
"Global Accessories Group, LLC",co_057a05662c8b,,Consumer & Retail,3.8%,,,,,,,380,151337,,,151337,,,,,,PFX,2023-05-11,PFX,2023-05-11
Great AJAX Corp.,co_1ad29617d09c,,Insurance,,,,,,,,254922,3333786,1677387,,3333786,,,,,,PFX,2023-05-11,PFX,2023-05-11
Innovate Corp.,co_0a4006509be4,,Industrials,8.50%,,,,,,2026-02-01,2750000,2615913,2127950,,2615913,,,,,,PFX,2023-05-11,PFX,2023-05-11
"Invesco Mortgage Capital, Inc.",co_85e17f7429fe,,Insurance,,,,,,,,205000,5035506,3712550,,5035506,,,,,,PFX,2023-05-11,PFX,2023-05-11
"JFL-NGS-WCS Partners, LLC",co_2a9c1a87b2cd,,Industrials,5.50%,,,,,,2026-11-12,873328,876643,868961,,876643,,,,,,PFX,2023-05-11,PFX,2023-05-11
Lighting Science Group Corp.,co_de0f37513dea,,Containers & Packaging,0.62%,,,,,,,5000000,955680,,,955680,,,,,,PFX,2023-05-11,PFX,2023-05-11
"Lucky Bucks, LLC",co_2709cdef36b5,,Consumer & Retail,7.50%,,,,,,2027-07-30,10125000,8273087,3655125,,8273087,,,,,,PFX,2023-05-11,PFX,2023-05-11
Maritime Wireless Holdings LLC,co_7a0c9fc03af6,,Healthcare,9.00%,,,,,,2024-02-15,4600000,4507353,4565500,,4507353,,,,,,PFX,2023-05-11,PFX,2023-05-11
"McKissock Investment Holdings, LLC",co_15c525540b0d,,Consumer & Retail,5.00%,,,,,,2029-03-10,4949996,4905892,4751997,,4905892,,,,,,PFX,2023-05-11,PFX,2023-05-11
"MFA Financial, Inc.",co_44c73bdb7915,,Insurance,,,,,,,,97426,2318487,1660139,,2318487,,,,,,PFX,2023-05-11,PFX,2023-05-11
"New York Mortgage Trust, Inc.",co_c7613ec5453a,,Insurance,,,,,,,,165000,4102076,3372600,,4102076,,,,,,PFX,2023-05-11,PFX,2023-05-11
"PennyMac Financial Services, Inc.",co_e50db8198bce,,Insurance,,,,,,,,66500,4362213,3964065,,4362213,,,,,,PFX,2023-05-11,PFX,2023-05-11
Point.360,co_a3cdf56aa013,,Business Services,,6.00%,,,,,2020-07-08,2777366,2103712,,,2103712,,,,,,PFX,2023-05-11,PFX,2023-05-11
Power Stop LLC,co_c3e3b0961c57,,Automotive,0.50%,,,,,,2029-01-26,4950000,4906624,3811500,,4906624,,,,,,PFX,2023-05-11,PFX,2023-05-11
Rithm Capital Corp.,co_4075cf5243bb,,Insurance,,,,,,,,206684,5129170,4451973,,5129170,,,,,,PFX,2023-05-11,PFX,2023-05-11
Secure Acquisition Inc.,co_6a3b4e3de83a,,Containers & Packaging,5.00%,,,,,,2028-12-16,3447931,3435718,3344493,,3435718,,,,,,PFX,2023-05-11,PFX,2023-05-11
"Sendero Drilling Company, LLC",co_49573f88f3e5,,Energy,9.00%,,,,,,2023-08-01,191250,182081,,,182081,,,,,,PFX,2023-05-11,PFX,2023-05-11
"SS Acquisition, LLC",co_8012581319ca,,Consumer & Retail,6.50%,,,,,,2026-12-30,6666667,6586133,6666667,,6586133,,,,,,PFX,2023-05-11,PFX,2023-05-11
"SMART Financial Operations, LLC",co_b91bdf879d79,,Consumer & Retail,,,,,,,,700000,700000,187000,,700000,,,,,,PFX,2023-05-11,PFX,2023-05-11
Stancor,co_d16fc80c99b9,,Business Services,,,,,,,,338736,308652,193000,,308652,,,,,,PFX,2023-05-11,PFX,2023-05-11
"Staples, Inc.",co_2f61cd7ec988,,Consumer & Retail,4.50%,,,,,,2024-09-12,3711440,3657294,3681748,,3657294,,,,,,PFX,2023-05-11,PFX,2023-05-11
"Tamarix Capital Partners II, LP.",co_f9c2dbefcf51,,Insurance,,,,,,,,1026818,1026818,1026818,,1026818,,,,,,PFX,2023-05-11,PFX,2023-05-11
"Thryv Holdings, Inc.",co_f15d2fafb73c,,Media & Entertainment,8.50%,,,,,,2026-03-01,5683515,5600420,5591442,,5600420,,,,,,PFX,2023-05-11,PFX,2023-05-11
"Velocity Pooling Vehicle, LLC",co_c1006d15c256,,Automotive,,,,,,,,5441,302464,,,302464,,,,,,PFX,2023-05-11,PFX,2023-05-11
"Watermill-QMC Midco, Inc.",co_1e734dc4450b,,Automotive,1.30%,,,,,,,518283,518283,,,518283,,,,,,PFX,2023-05-11,PFX,2023-05-11
"Wingman Holdings, Inc.",co_fcdfc8ad3717,,Aerospace & Defense,,,,,,,,350,700000,,,700000,,,,,,PFX,2023-05-11,PFX,2023-05-11
"1888 Industrial Services, LLC",co_c8288f1a1c65,,Energy,1.00%,1.00%,,,,,2023-05-01,9946741,9473068,,,9473068,,,,,,PFX,2023-05-11,PFX,2023-05-11
"Black Angus Steakhouses, LLC",co_24b837d347d9,,Healthcare,9.00%,,,,,,2024-01-31,758929,758929,758929,,758929,,,,,,PFX,2023-05-11,PFX,2023-05-11
"US Multifamily, LLC",co_4f448cc4a064,,Insurance,,,,,,,,33300,2005850,923233,,2005850,,,,,,PFX,2023-05-11,PFX,2023-05-11
"FlexFIN, LLC",co_1dd049b74e06,,Business Services,,,,,,,,38050830,38050830,38050830,,38050830,,,,,,PFX,2023-05-11,PFX,2023-05-11
"Kemmerer Holdings, LLC",co_d7cab59c3cfd,,Chemicals & Materials,,15.00%,,,,,2025-06-21,6033413,6032555,6032738,,6032555,,,,,,PFX,2023-05-11,PFX,2023-05-11
NVTN LLC,co_649cd59d6e94,,Healthcare,4.00%,,,,,,2024-12-31,7309985,7309885,7207547,,7309885,,,,,,PFX,2023-05-11,PFX,2023-05-11
Altisource S.A.R.L.,co_f815714130ba,,Business Services,4.00%,,,,,,2024-04-03,6486419,5825616,5448591,,5825616,,,,,,PFX,2023-05-11,PFX,2023-05-11
"Be Green Packaging, LLC",co_768ca5f09adf,,Containers & Packaging,,,,,,,,1,416250,,,416250,,,,,,PFX,2023-05-11,PFX,2023-05-11
Chimera Investment Corp.,co_6ada2295c415,,Insurance,,,,,,,,117310,2884724,1915672,,2884724,,,,,,PFX,2023-05-11,PFX,2023-05-11
Copper Property CTL Pass Through Trust,co_10d79bf68c1e,,Insurance,,,,,,,,437795,6314757,5877398,,6314757,,,,,,PFX,2023-05-11,PFX,2023-05-11
"CPI International, Inc.",co_8631cafd3b00,,Aerospace & Defense,7.25%,,,,,,2025-07-28,2607062,2602547,2607062,,2602547,,,,,,PFX,2023-05-11,PFX,2023-05-11
DataOnline Corp.,co_96e45312ab2a,,Software & Technology,6.25%,,,,,,2025-11-13,4862500,4862500,4765250,,4862500,,,,,,PFX,2023-05-11,PFX,2023-05-11
"DirecTV Financing, LLC",co_0dceea6fc0a0,,Media & Entertainment,5.00%,,,,,,2027-08-02,4550000,4550000,4220000,,4550000,,,,,,PFX,2023-05-11,PFX,2023-05-11
"Dream Finders Homes, LLC",co_022acf4302d4,,Industrials,,8.00%,,,,,,5309341,5309341,4950961,,5309341,,,,,,PFX,2023-05-11,PFX,2023-05-11
"First Brands Group, LLC",co_1acc95f66b5d,,Automotive,5.00%,,,,,,2027-03-30,3959799,3959799,3930101,,3959799,,,,,,PFX,2023-05-11,PFX,2023-05-11
Footprint Holding Company Inc.,co_bd9cb5c98487,,Business Services,,,,,,,,150,150,0,,150,,,,,,PFX,2023-05-11,PFX,2023-05-11
"Franklin BSP Realty Trust, Inc.",co_c2a895429d13,,Insurance,,,,,,,,529914,8754386,5707174,,8754386,,,,,,PFX,2023-05-11,PFX,2023-05-11
Great AJAX Corp.,co_1ad29617d09c,,Insurance,,,,,,,,254922,3333786,1914464,,3333786,,,,,,PFX,2023-05-11,PFX,2023-05-11
Innovate Corp.,co_0a4006509be4,,Industrials,8.50%,,,,,,2026-02-01,2250000,2252156,1659375,,2252156,,,,,,PFX,2023-05-11,PFX,2023-05-11
"Invesco Mortgage Capital, Inc.",co_85e17f7429fe,,Insurance,,,,,,,,205000,5035506,3138550,,5035506,,,,,,PFX,2023-05-11,PFX,2023-05-11
"JFL-NGS-WCS Partners, LLC",co_2a9c1a87b2cd,,Industrials,5.50%,,,,,,2026-11-12,885050,888790,865137,,888790,,,,,,PFX,2023-05-11,PFX,2023-05-11
"Lucky Bucks, LLC",co_2709cdef36b5,,Consumer & Retail,5.50%,,,,,,2027-07-30,7218750,7095116,6208125,,7095116,,,,,,PFX,2023-05-11,PFX,2023-05-11
Maritime Wireless Holdings LLC,co_7a0c9fc03af6,,Healthcare,9.00%,,,,,,2024-02-15,5000000,4900000,4900000,,4900000,,,,,,PFX,2023-05-11,PFX,2023-05-11
"McKissock Investment Holdings, LLC",co_15c525540b0d,,Consumer & Retail,5.00%,,,,,,2029-03-10,4974999,4927870,4875500,,4927870,,,,,,PFX,2023-05-11,PFX,2023-05-11
"MFA Financial, Inc.",co_44c73bdb7915,,Insurance,,,,,,,,97426,2318487,1722492,,2318487,,,,,,PFX,2023-05-11,PFX,2023-05-11
"New York Mortgage Trust, Inc.",co_c7613ec5453a,,Insurance,,,,,,,,165000,4102076,2953500,,4102076,,,,,,PFX,2023-05-11,PFX,2023-05-11
"PennyMac Financial Services, Inc.",co_e50db8198bce,,Insurance,,,,,,,,81500,5364478,3496350,,5364478,,,,,,PFX,2023-05-11,PFX,2023-05-11
Power Stop LLC,co_c3e3b0961c57,,Automotive,0.50%,,,,,,2029-01-26,4975000,4930071,4029750,,4930071,,,,,,PFX,2023-05-11,PFX,2023-05-11
Rithm Capital Corp.,co_4075cf5243bb,,Insurance,,,,,,,,206684,5129170,3902194,,5129170,,,,,,PFX,2023-05-11,PFX,2023-05-11
Secure Acquisition Inc.,co_6a3b4e3de83a,,Containers & Packaging,5.00%,,,,,,2028-12-16,3465345,3451574,3361385,,3451574,,,,,,PFX,2023-05-11,PFX,2023-05-11
"SS Acquisition, LLC",co_8012581319ca,,Consumer & Retail,6.50%,,,,,,2026-12-30,6666667,6575847,6591667,,6575847,,,,,,PFX,2023-05-11,PFX,2023-05-11
"SMART Financial Operations, LLC",co_b91bdf879d79,,Consumer & Retail,,,,,,,,700000,700000,120793,,700000,,,,,,PFX,2023-05-11,PFX,2023-05-11
Stancor,co_d16fc80c99b9,,Business Services,,,,,,,,338736,308652,265269,,308652,,,,,,PFX,2023-05-11,PFX,2023-05-11
"Staples, Inc.",co_2f61cd7ec988,,Consumer & Retail,4.50%,,,,,,2024-09-12,3730720,3659706,3488223,,3659706,,,,,,PFX,2023-05-11,PFX,2023-05-11
"Thryv Holdings, Inc.",co_f15d2fafb73c,,Consumer & Retail,8.50%,,,,,,2026-03-01,6515633,6406051,6287583,,6406051,,,,,,PFX,2023-05-11,PFX,2023-05-11
"Velocity Pooling Vehicle, LLC",co_c1006d15c256,,Automotive,,,,,,,,5441,302464,52342,,302464,,,,,,PFX,2023-05-11,PFX,2023-05-11
Walker Edison Furniture Company LLC,co_55d1269fe5b2,,Consumer & Retail,,,,,,,,13044,2114646,,,2114646,,,,,,PFX,2023-05-11,PFX,2023-05-11
"Kemmerer Operations, LLC",co_84ebe4c19813,,Chemicals & Materials,,15.00%,,,,,2023-06-21,2378510,2378510,2378510,,2378510,,,,,,PFX,2023-05-11,PFX,2023-05-11
"US Multifamily, LLC",co_4f448cc4a064,,Insurance,,,,,,,,33300,2137315,1282571,,2137315,,,,,,PFX,2023-05-11,PFX,2023-05-11
"FlexFIN, LLC",co_1dd049b74e06,,Business Services,,,,,,,,47136146,47136146,47136146,,47136146,,,,,,PFX,2023-05-11,PFX,2023-05-11
NVTN LLC,co_649cd59d6e94,,Healthcare,4.00%,,,,,,2024-12-31,7309885,7309885,7192927,,7309885,,,,,,PFX,2023-05-11,PFX,2023-05-11
Largest portfolio company,co_01e76abf820f,,,,,,,,,,,,,,,,,,,,PFX,2023-05-11,PFX,2023-05-11
Altisource S.A.R.L.,co_f815714130ba,,Business Services,5.00%,4.50%,,,,,2025-04-30,9103884,7966112,7346833,,7966112,,,,,,PFX,2023-08-11,PFX,2023-08-11
"Arcline FM Holdings, LLC",co_50538b3fe821,,Aerospace & Defense,4.75%,,,,,,2028-06-23,2686329,2588950,2651407,,2588950,,,,,,PFX,2023-08-11,PFX,2023-08-11
"Be Green Packaging, LLC",co_768ca5f09adf,,Containers & Packaging,,,,,,,,417,416250,,,416250,,,,,,PFX,2023-08-11,PFX,2023-08-11
"Boostability Seotowncenter, Inc.",co_b2141134afce,,Business Services,,,,,,,,833152,66475,,,66475,,,,,,PFX,2023-08-11,PFX,2023-08-11
"CB&L Associates Holdco I, LLC",co_52b0b6182263,,Insurance,2.75%,,,,,,2026-11-01,5992703,4938748,4779181,,4938748,,,,,,PFX,2023-08-11,PFX,2023-08-11
Chimera Investment Corp.,co_6ada2295c415,,Insurance,,,,,,,,117310,2884724,2293410,,2884724,,,,,,PFX,2023-08-11,PFX,2023-08-11
Copper Property CTL Pass Through Trust,co_10d79bf68c1e,,Insurance,,,,,,,,597795,7615420,6175221,,7615420,,,,,,PFX,2023-08-11,PFX,2023-08-11
DataOnline Corp.,co_96e45312ab2a,,Software & Technology,6.25%,,,,,,2025-11-13,4825000,4825000,4728500,,4825000,,,,,,PFX,2023-08-11,PFX,2023-08-11
Deer Management Systems LLC,co_f935ec0441a4,,Consumer & Retail,8.25%,,,,,,2028-05-01,3400000,3332000,3357500,,3332000,,,,,,PFX,2023-08-11,PFX,2023-08-11
"DirecTV Financing, LLC",co_0dceea6fc0a0,,Media & Entertainment,5.00%,,,,,,2027-08-02,4212500,4212500,4101922,,4212500,,,,,,PFX,2023-08-11,PFX,2023-08-11
"Dream Finders Homes, LLC",co_022acf4302d4,,Industrials,,8.00%,,,,,,5634315,5634315,5352600,,5634315,,,,,,PFX,2023-08-11,PFX,2023-08-11
"First Brands Group, LLC",co_1acc95f66b5d,,Automotive,5.00%,,,,,,2027-03-30,3929648,3929648,3851055,,3929648,,,,,,PFX,2023-08-11,PFX,2023-08-11
"Franklin BSP Realty Trust, Inc.",co_c2a895429d13,,Insurance,,,,,,,,392745,6428865,5561269,,6428865,,,,,,PFX,2023-08-11,PFX,2023-08-11
"Global Accessories Group, LLC",co_057a05662c8b,,Consumer & Retail,3.8%,,,,,,,380,151337,,,151337,,,,,,PFX,2023-08-11,PFX,2023-08-11
Great AJAX Corp.,co_1ad29617d09c,,Insurance,,,,,,,,110732,1494094,678787,,1494094,,,,,,PFX,2023-08-11,PFX,2023-08-11
Innovate Corp.,co_0a4006509be4,,Industrials,8.50%,,,,,,2026-02-01,2750000,2615913,2138125,,2615913,,,,,,PFX,2023-08-11,PFX,2023-08-11
"Invesco Mortgage Capital, Inc.",co_85e17f7429fe,,Insurance,,,,,,,,205000,5035506,4276300,,5035506,,,,,,PFX,2023-08-11,PFX,2023-08-11
"JFL-NGS-WCS Partners, LLC",co_2a9c1a87b2cd,,Industrials,5.50%,,,,,,2026-11-12,867466,870759,865298,,870759,,,,,,PFX,2023-08-11,PFX,2023-08-11
Lighting Science Group Corp.,co_de0f37513dea,,Containers & Packaging,0.62%,,,,,,,5000000,955680,,,955680,,,,,,PFX,2023-08-11,PFX,2023-08-11
"Lucky Bucks, LLC",co_2709cdef36b5,,Consumer & Retail,5.50%,,,,,,2027-07-30,9716418,7372839,1457274,,7372839,,,,,,PFX,2023-08-11,PFX,2023-08-11
"McKissock Investment Holdings, LLC",co_15c525540b0d,,Consumer & Retail,5.00%,,,,,,2029-03-10,4937495,4893502,4739995,,4893502,,,,,,PFX,2023-08-11,PFX,2023-08-11
"MFA Financial, Inc.",co_44c73bdb7915,,Insurance,,,,,,,,97426,2318487,1922215,,2318487,,,,,,PFX,2023-08-11,PFX,2023-08-11
"New York Mortgage Trust, Inc.",co_c7613ec5453a,,Insurance,,,,,,,,165000,4102076,3580500,,4102076,,,,,,PFX,2023-08-11,PFX,2023-08-11
"PennyMac Financial Services, Inc.",co_e50db8198bce,,Insurance,,,,,,,,66500,4362213,4675615,,4362213,,,,,,PFX,2023-08-11,PFX,2023-08-11
Point.360,co_a3cdf56aa013,,Business Services,,6.00%,,,,,2020-07-08,2777366,2103712,,,2103712,,,,,,PFX,2023-08-11,PFX,2023-08-11
Power Stop LLC,co_c3e3b0961c57,,Automotive,0.50%,,,,,,2029-01-26,4937500,4894234,3801875,,4894234,,,,,,PFX,2023-08-11,PFX,2023-08-11
Rithm Capital Corp.,co_4075cf5243bb,,Insurance,,,,,,,,206684,5129170,4706195,,5129170,,,,,,PFX,2023-08-11,PFX,2023-08-11
Secure Acquisition Inc.,co_6a3b4e3de83a,,Containers & Packaging,5.00%,,,,,,2028-12-16,3439224,3427042,3404832,,3427042,,,,,,PFX,2023-08-11,PFX,2023-08-11
"Sendero Drilling Company, LLC",co_49573f88f3e5,,Energy,9.00%,,,,,,2023-08-01,161250,153520,161250,,153520,,,,,,PFX,2023-08-11,PFX,2023-08-11
"SS Acquisition, LLC",co_8012581319ca,,Consumer & Retail,6.50%,,,,,,2026-12-30,6666667,6586133,6666667,,6586133,,,,,,PFX,2023-08-11,PFX,2023-08-11
"SMART Financial Operations, LLC",co_b91bdf879d79,,Consumer & Retail,,,,,,,,700000,700000,62530,,700000,,,,,,PFX,2023-08-11,PFX,2023-08-11
Stancor,co_d16fc80c99b9,,Business Services,,,,,,,,338736,308652,204379,,308652,,,,,,PFX,2023-08-11,PFX,2023-08-11
"Staples, Inc.",co_2f61cd7ec988,,Consumer & Retail,4.50%,,,,,,2024-09-12,3701800,3647795,3618509,,3647795,,,,,,PFX,2023-08-11,PFX,2023-08-11
"Tamarix Capital Partners II, LP.",co_f9c2dbefcf51,,Insurance,,,,,,,,1026818,1026818,962400,,1026818,,,,,,PFX,2023-08-11,PFX,2023-08-11
"Thryv Holdings, Inc.",co_f15d2fafb73c,,Media & Entertainment,8.50%,,,,,,2026-03-01,6408619,6324325,6336522,,6324325,,,,,,PFX,2023-08-11,PFX,2023-08-11
"Velocity Pooling Vehicle, LLC",co_c1006d15c256,,Automotive,,,,,,,,5441,302464,,,302464,,,,,,PFX,2023-08-11,PFX,2023-08-11
"Watermill-QMC Midco, Inc.",co_1e734dc4450b,,Automotive,1.30%,,,,,,,518283,518283,,,518283,,,,,,PFX,2023-08-11,PFX,2023-08-11
"Wingman Holdings, Inc.",co_fcdfc8ad3717,,Aerospace & Defense,,,,,,,,350,700000,,,700000,,,,,,PFX,2023-08-11,PFX,2023-08-11
"1888 Industrial Services, LLC",co_c8288f1a1c65,,Energy,1.00%,1.00%,,,,,2024-08-31,9946741,9473068,,,9473068,,,,,,PFX,2023-08-11,PFX,2023-08-11
"Black Angus Steakhouses, LLC",co_24b837d347d9,,Healthcare,1.00%,1.00%,,,,,2024-01-31,844737,768844,844737,,768844,,,,,,PFX,2023-08-11,PFX,2023-08-11
"FST Holdings Parent, LLC",co_d26d9be7f4c3,,Software & Technology,,,,,,,,500438,8000000,8000000,,8000000,,,,,,PFX,2023-08-11,PFX,2023-08-11
Maritime Wireless Holdings LLC,co_7a0c9fc03af6,,Healthcare,9.00%,,,,,,2024-02-15,3500000,3429508,3491250,,3429508,,,,,,PFX,2023-08-11,PFX,2023-08-11
"US Multifamily, LLC",co_4f448cc4a064,,Insurance,,,,,,,,33300,1164832,65136,,1164832,,,,,,PFX,2023-08-11,PFX,2023-08-11
"FlexFIN, LLC",co_1dd049b74e06,,Business Services,,,,,,,,34124077,34124077,34124077,,34124077,,,,,,PFX,2023-08-11,PFX,2023-08-11
"Kemmerer Holdings, LLC",co_d7cab59c3cfd,,Chemicals & Materials,,15.00%,,,,,2025-06-21,4732281,4732281,4732281,,4732281,,,,,,PFX,2023-08-11,PFX,2023-08-11
NVTN LLC,co_649cd59d6e94,,Healthcare,4.00%,,,,,,2024-12-31,7309985,7309885,7207547,,7309885,,,,,,PFX,2023-08-11,PFX,2023-08-11
Altisource S.A.R.L.,co_f815714130ba,,Business Services,4.00%,,,,,,2024-04-03,6486419,5825616,5448591,,5825616,,,,,,PFX,2023-08-11,PFX,2023-08-11
"Be Green Packaging, LLC",co_768ca5f09adf,,Containers & Packaging,,,,,,,,1,416250,,,416250,,,,,,PFX,2023-08-11,PFX,2023-08-11
Chimera Investment Corp.,co_6ada2295c415,,Insurance,,,,,,,,117310,2884724,1915672,,2884724,,,,,,PFX,2023-08-11,PFX,2023-08-11
Copper Property CTL Pass Through Trust,co_10d79bf68c1e,,Insurance,,,,,,,,437795,6314757,5877398,,6314757,,,,,,PFX,2023-08-11,PFX,2023-08-11
"CPI International, Inc.",co_8631cafd3b00,,Aerospace & Defense,7.25%,,,,,,2025-07-28,2607062,2602547,2607062,,2602547,,,,,,PFX,2023-08-11,PFX,2023-08-11
DataOnline Corp.,co_96e45312ab2a,,Software & Technology,6.25%,,,,,,2025-11-13,4862500,4862500,4765250,,4862500,,,,,,PFX,2023-08-11,PFX,2023-08-11
"DirecTV Financing, LLC",co_0dceea6fc0a0,,Media & Entertainment,5.00%,,,,,,2027-08-02,4550000,4550000,4220000,,4550000,,,,,,PFX,2023-08-11,PFX,2023-08-11
"Dream Finders Homes, LLC",co_022acf4302d4,,Industrials,,8.00%,,,,,,5309341,5309341,4950961,,5309341,,,,,,PFX,2023-08-11,PFX,2023-08-11
"First Brands Group, LLC",co_1acc95f66b5d,,Automotive,5.00%,,,,,,2027-03-30,3959799,3959799,3930101,,3959799,,,,,,PFX,2023-08-11,PFX,2023-08-11
Footprint Holding Company Inc.,co_bd9cb5c98487,,Business Services,,,,,,,,150,150,0,,150,,,,,,PFX,2023-08-11,PFX,2023-08-11
"Franklin BSP Realty Trust, Inc.",co_c2a895429d13,,Insurance,,,,,,,,529914,8754386,5707174,,8754386,,,,,,PFX,2023-08-11,PFX,2023-08-11
Great AJAX Corp.,co_1ad29617d09c,,Insurance,,,,,,,,254922,3333786,1914464,,3333786,,,,,,PFX,2023-08-11,PFX,2023-08-11
Innovate Corp.,co_0a4006509be4,,Industrials,8.50%,,,,,,2026-02-01,2250000,2252156,1659375,,2252156,,,,,,PFX,2023-08-11,PFX,2023-08-11
"Invesco Mortgage Capital, Inc.",co_85e17f7429fe,,Insurance,,,,,,,,205000,5035506,3138550,,5035506,,,,,,PFX,2023-08-11,PFX,2023-08-11
"JFL-NGS-WCS Partners, LLC",co_2a9c1a87b2cd,,Industrials,5.50%,,,,,,2026-11-12,885050,888790,865137,,888790,,,,,,PFX,2023-08-11,PFX,2023-08-11
"Lucky Bucks, LLC",co_2709cdef36b5,,Consumer & Retail,5.50%,,,,,,2027-07-30,7218750,7095116,6208125,,7095116,,,,,,PFX,2023-08-11,PFX,2023-08-11
Maritime Wireless Holdings LLC,co_7a0c9fc03af6,,Healthcare,9.00%,,,,,,2024-02-15,5000000,4900000,4900000,,4900000,,,,,,PFX,2023-08-11,PFX,2023-08-11
"McKissock Investment Holdings, LLC",co_15c525540b0d,,Consumer & Retail,5.00%,,,,,,2029-03-10,4974999,4927870,4875500,,4927870,,,,,,PFX,2023-08-11,PFX,2023-08-11
"MFA Financial, Inc.",co_44c73bdb7915,,Insurance,,,,,,,,97426,2318487,1722492,,2318487,,,,,,PFX,2023-08-11,PFX,2023-08-11
"New York Mortgage Trust, Inc.",co_c7613ec5453a,,Insurance,,,,,,,,165000,4102076,2953500,,4102076,,,,,,PFX,2023-08-11,PFX,2023-08-11
"PennyMac Financial Services, Inc.",co_e50db8198bce,,Insurance,,,,,,,,81500,5364478,3496350,,5364478,,,,,,PFX,2023-08-11,PFX,2023-08-11
Power Stop LLC,co_c3e3b0961c57,,Automotive,0.50%,,,,,,2029-01-26,4975000,4930071,4029750,,4930071,,,,,,PFX,2023-08-11,PFX,2023-08-11
Rithm Capital Corp.,co_4075cf5243bb,,Insurance,,,,,,,,206684,5129170,3902194,,5129170,,,,,,PFX,2023-08-11,PFX,2023-08-11
Secure Acquisition Inc.,co_6a3b4e3de83a,,Containers & Packaging,5.00%,,,,,,2028-12-16,3465345,3451574,3361385,,3451574,,,,,,PFX,2023-08-11,PFX,2023-08-11
"Sendero Drilling Company, LLC",co_49573f88f3e5,,Energy,9.00%,,,,,,2023-08-01,191250,182081,,,182081,,,,,,PFX,2023-08-11,PFX,2023-08-11
"SS Acquisition, LLC",co_8012581319ca,,Consumer & Retail,6.50%,,,,,,2026-12-30,6666667,6575847,6591667,,6575847,,,,,,PFX,2023-08-11,PFX,2023-08-11
"SMART Financial Operations, LLC",co_b91bdf879d79,,Consumer & Retail,,,,,,,,700000,700000,120793,,700000,,,,,,PFX,2023-08-11,PFX,2023-08-11
Stancor,co_d16fc80c99b9,,Business Services,,,,,,,,338736,308652,265269,,308652,,,,,,PFX,2023-08-11,PFX,2023-08-11
"Staples, Inc.",co_2f61cd7ec988,,Consumer & Retail,4.50%,,,,,,2024-09-12,3730720,3659706,3488223,,3659706,,,,,,PFX,2023-08-11,PFX,2023-08-11
"Thryv Holdings, Inc.",co_f15d2fafb73c,,Consumer & Retail,8.50%,,,,,,2026-03-01,6515633,6406051,6287583,,6406051,,,,,,PFX,2023-08-11,PFX,2023-08-11
"Velocity Pooling Vehicle, LLC",co_c1006d15c256,,Automotive,,,,,,,,5441,302464,52342,,302464,,,,,,PFX,2023-08-11,PFX,2023-08-11
Walker Edison Furniture Company LLC,co_55d1269fe5b2,,Consumer & Retail,,,,,,,,13044,2114646,,,2114646,,,,,,PFX,2023-08-11,PFX,2023-08-11
"1888 Industrial Services, LLC",co_c8288f1a1c65,,Energy,1.00%,1.00%,,,,,2023-05-01,9946741,9473068,,,9473068,,,,,,PFX,2023-08-11,PFX,2023-08-11
"Black Angus Steakhouses, LLC",co_24b837d347d9,,Healthcare,9.00%,,,,,,2024-01-31,758929,758929,758929,,758929,,,,,,PFX,2023-08-11,PFX,2023-08-11
"Kemmerer Operations, LLC",co_84ebe4c19813,,Chemicals & Materials,,15.00%,,,,,2023-06-21,2378510,2378510,2378510,,2378510,,,,,,PFX,2023-08-11,PFX,2023-08-11
"US Multifamily, LLC",co_4f448cc4a064,,Insurance,,,,,,,,33300,2137315,1282571,,2137315,,,,,,PFX,2023-08-11,PFX,2023-08-11
"FlexFIN, LLC",co_1dd049b74e06,,Business Services,,,,,,,,47136146,47136146,47136146,,47136146,,,,,,PFX,2023-08-11,PFX,2023-08-11
NVTN LLC,co_649cd59d6e94,,Healthcare,4.00%,,,,,,2024-12-31,7309885,7309885,7192927,,7309885,,,,,,PFX,2023-08-11,PFX,2023-08-11
Largest portfolio company,co_01e76abf820f,,,,,,,,,,,,,,,,,,,,PFX,2023-08-11,PFX,2023-08-11
Altisource S.A.R.L.,co_f815714130ba,,Business Services,5.00%,3.75%,,,,,2025-04-30,9656385,8810689,7860298,,8810689,,,,,,PFX,2024-02-08,PFX,2024-02-08
"Arcline FM Holdings, LLC",co_50538b3fe821,,Aerospace & Defense,4.75%,,,,,,2028-06-23,2672658,2587942,2611187,,2587942,,,,,,PFX,2024-02-08,PFX,2024-02-08
"Be Green Packaging, LLC",co_768ca5f09adf,,Containers & Packaging,,,,,,,,417,416250,,,416250,,,,,,PFX,2024-02-08,PFX,2024-02-08
"Boostability Seotowncenter, Inc.",co_b2141134afce,,Business Services,,,,,,,,833152,66475,,,66475,,,,,,PFX,2024-02-08,PFX,2024-02-08
"CB&L Associates Holdco I, LLC",co_52b0b6182263,,Insurance,2.75%,,,,,,2025-11-01,5895967,5058947,5265836,,5058947,,,,,,PFX,2024-02-08,PFX,2024-02-08
Chimera Investment Corp.,co_6ada2295c415,,Insurance,,,,,,,,117310,2884724,2334469,,2884724,,,,,,PFX,2024-02-08,PFX,2024-02-08
Copper Property CTL Pass Through Trust,co_10d79bf68c1e,,Insurance,,,,,,,,622795,7807670,6296457,,7807670,,,,,,PFX,2024-02-08,PFX,2024-02-08
Deer Management Systems LLC,co_f935ec0441a4,,Consumer & Retail,8.25%,,,,,,2028-05-01,3336250,3261036,3356250,,3261036,,,,,,PFX,2024-02-08,PFX,2024-02-08
"DirecTV Financing, LLC",co_0dceea6fc0a0,,Media & Entertainment,5.00%,,,,,,2027-08-02,3987500,3987500,3983762,,3987500,,,,,,PFX,2024-02-08,PFX,2024-02-08
"First Brands Group, LLC",co_1acc95f66b5d,,Automotive,5.00%,,,,,,2027-03-30,3909548,3909548,3753166,,3909548,,,,,,PFX,2024-02-08,PFX,2024-02-08
"Franklin BSP Realty Trust, Inc.",co_c2a895429d13,,Insurance,,,,,,,,66107,907782,893106,,907782,,,,,,PFX,2024-02-08,PFX,2024-02-08
"Global Accessories Group, LLC",co_057a05662c8b,,Consumer & Retail,3.8%,,,,,,,380,151337,,,151337,,,,,,PFX,2024-02-08,PFX,2024-02-08
Innovate Corp.,co_0a4006509be4,,Industrials,8.50%,,,,,,2026-02-01,2750000,2615913,2103750,,2615913,,,,,,PFX,2024-02-08,PFX,2024-02-08
"Invesco Mortgage Capital, Inc.",co_85e17f7429fe,,Insurance,,,,,,,,205000,5035506,4514100,,5035506,,,,,,PFX,2024-02-08,PFX,2024-02-08
NGS-WCS Group Holdings,co_e6d542a85ec5,,Industrials,5.50%,,,,,,2026-11-12,855744,858398,855744,,858398,,,,,,PFX,2024-02-08,PFX,2024-02-08
"JFL-NGS-WCS Partners, LLC",co_2a9c1a87b2cd,,Industrials,,,,,,,,10000000,10000000,10759154,,10000000,,,,,,PFX,2024-02-08,PFX,2024-02-08
Lighting Science Group Corp.,co_de0f37513dea,,Containers & Packaging,0.62%,,,,,,,5000000,955680,,,955680,,,,,,PFX,2024-02-08,PFX,2024-02-08
"Lucky Bucks, LLC",co_2709cdef36b5,,Consumer & Retail,,,,,,,,180739,174393,1644659,,174393,,,,,,PFX,2024-02-08,PFX,2024-02-08
"McKissock Investment Holdings, LLC",co_15c525540b0d,,Consumer & Retail,5.00%,,,,,,2029-03-10,4912035,4872676,4789691,,4872676,,,,,,PFX,2024-02-08,PFX,2024-02-08
"MFA Financial, Inc.",co_44c73bdb7915,,Insurance,,,,,,,,97426,2318487,2065431,,2318487,,,,,,PFX,2024-02-08,PFX,2024-02-08
"New York Mortgage Trust, Inc.",co_c7613ec5453a,,Insurance,,,,,,,,165000,4102076,3846150,,4102076,,,,,,PFX,2024-02-08,PFX,2024-02-08
PHH Mortgage Corp.,co_ccf5efd049cf,,Insurance,7.875%,,,,,,2026-03-15,7686000,6895720,6893381,,6895720,,,,,,PFX,2024-02-08,PFX,2024-02-08
Point.360,co_a3cdf56aa013,,Business Services,,6.00%,,,,,2020-07-08,2777366,2103712,,,2103712,,,,,,PFX,2024-02-08,PFX,2024-02-08
Power Stop LLC,co_c3e3b0961c57,,Automotive,4.75%,,,,,,2029-01-26,6902145,6513020,6108398,,6513020,,,,,,PFX,2024-02-08,PFX,2024-02-08
Rithm Capital Corp.,co_4075cf5243bb,,Insurance,,,,,,,,206684,5129170,4764066,,5129170,,,,,,PFX,2024-02-08,PFX,2024-02-08
Secure Acquisition Inc.,co_6a3b4e3de83a,,Containers & Packaging,5.00%,,,,,,2028-12-16,3536461,3524994,3536461,,3524994,,,,,,PFX,2024-02-08,PFX,2024-02-08
"SS Acquisition, LLC",co_8012581319ca,,Consumer & Retail,6.50%,,,,,,2026-12-30,6666667,6597779,6666667,,6597779,,,,,,PFX,2024-02-08,PFX,2024-02-08
Stancor,co_d16fc80c99b9,,Business Services,,,,,,,,358867,345491,375719,,345491,,,,,,PFX,2024-02-08,PFX,2024-02-08
"Staples, Inc.",co_2f61cd7ec988,,Consumer & Retail,4.50%,,,,,,2024-09-12,3682519,3655257,3673313,,3655257,,,,,,PFX,2024-02-08,PFX,2024-02-08
"Tamarix Capital Partners II, LP.",co_f9c2dbefcf51,,Insurance,,,,,,,,,1026818,783465,,1026818,,,,,,PFX,2024-02-08,PFX,2024-02-08
"Thryv Holdings, Inc.",co_f15d2fafb73c,,Media & Entertainment,8.50%,,,,,,2026-03-01,7083985,7018100,7072648,,7018100,,,,,,PFX,2024-02-08,PFX,2024-02-08
"Velocity Pooling Vehicle, LLC",co_c1006d15c256,,Automotive,,,,,,,,5441,302464,,,302464,,,,,,PFX,2024-02-08,PFX,2024-02-08
"Wingman Holdings, Inc.",co_fcdfc8ad3717,,Aerospace & Defense,,,,,,,,350,700000,,,700000,,,,,,PFX,2024-02-08,PFX,2024-02-08
"1888 Industrial Services, LLC",co_c8288f1a1c65,,Energy,1.00%,1.00%,,,,,2024-08-31,14289903,9473068,,,9473068,,,,,,PFX,2024-02-08,PFX,2024-02-08
"Black Angus Steakhouses, LLC",co_24b837d347d9,,Healthcare,1.00%,1.00%,,,,,2024-01-31,908080,875749,875749,,875749,,,,,,PFX,2024-02-08,PFX,2024-02-08
"FST Holdings Parent, LLC",co_d26d9be7f4c3,,Software & Technology,,,,,,,,625548,10000000,10000000,,10000000,,,,,,PFX,2024-02-08,PFX,2024-02-08
Maritime Wireless Corp.,co_661691f8587b,,Healthcare,9.00%,,,,,,2027-05-31,7500000,7379791,7500000,,7379791,,,,,,PFX,2024-02-08,PFX,2024-02-08
Maritime Wireless Holdings LLC,co_7a0c9fc03af6,,Healthcare,,,,,,,,5000000,5000000,11900000,,5000000,,,,,,PFX,2024-02-08,PFX,2024-02-08
"FlexFIN, LLC",co_1dd049b74e06,,Business Services,,,,,,,,36410146,36410146,36410146,,36410146,,,,,,PFX,2024-02-08,PFX,2024-02-08
"Kemmerer Operations, LLC",co_84ebe4c19813,,Chemicals & Materials,,15.00%,,,,,2025-06-21,3167173,3167173,3167173,,3167173,,,,,,PFX,2024-02-08,PFX,2024-02-08
"Kemmerer Holdings, LLC",co_d7cab59c3cfd,,Chemicals & Materials,,,,,,,,37,4136157,10203942,,4136157,,,,,,PFX,2024-02-08,PFX,2024-02-08
NVTN LLC,co_649cd59d6e94,,Healthcare,8.25%,,,,,,2024-12-31,10500000,10500000,10363500,,10500000,,,,,,PFX,2024-02-08,PFX,2024-02-08
Altisource S.A.R.L.,co_f815714130ba,,Business Services,5.00%,3.75%,,,,,2025-04-30,9565710,8507963,7805619,,8507963,,,,,,PFX,2024-02-08,PFX,2024-02-08
"Arcline FM Holdings, LLC",co_50538b3fe821,,Aerospace & Defense,4.75%,,,,,,2028-06-23,2679494,2591013,2644660,,2591013,,,,,,PFX,2024-02-08,PFX,2024-02-08
"CB&L Associates Holdco I, LLC",co_52b0b6182263,,Insurance,2.75%,,,,,,2025-11-01,5916102,4990179,5191380,,4990179,,,,,,PFX,2024-02-08,PFX,2024-02-08
Chimera Investment Corp.,co_6ada2295c415,,Insurance,,,,,,,,117310,2884724,2116271,,2884724,,,,,,PFX,2024-02-08,PFX,2024-02-08
Copper Property CTL Pass Through Trust,co_10d79bf68c1e,,Insurance,,,,,,,,597795,7547670,6217067,,7547670,,,,,,PFX,2024-02-08,PFX,2024-02-08
DataOnline Corp.,co_96e45312ab2a,,Software & Technology,5.50%,,,,,,2025-11-13,4812500,4812500,4764375,,4812500,,,,,,PFX,2024-02-08,PFX,2024-02-08
Deer Management Systems LLC,co_f935ec0441a4,,Consumer & Retail,8.25%,,,,,,2028-05-01,3357500,3294306,3323925,,3294306,,,,,,PFX,2024-02-08,PFX,2024-02-08
"DirecTV Financing, LLC",co_0dceea6fc0a0,,Media & Entertainment,5.00%,,,,,,2027-08-02,4100000,4100000,4003908,,4100000,,,,,,PFX,2024-02-08,PFX,2024-02-08
"First Brands Group, LLC",co_1acc95f66b5d,,Automotive,5.00%,,,,,,2027-03-30,3919598,3919598,3880402,,3919598,,,,,,PFX,2024-02-08,PFX,2024-02-08
"Franklin BSP Realty Trust, Inc.",co_c2a895429d13,,Insurance,,,,,,,,226107,3572788,2993657,,3572788,,,,,,PFX,2024-02-08,PFX,2024-02-08
Innovate Corp.,co_0a4006509be4,,Industrials,8.50%,,,,,,2026-02-01,2750000,2615913,2076250,,2615913,,,,,,PFX,2024-02-08,PFX,2024-02-08
"Invesco Mortgage Capital, Inc.",co_85e17f7429fe,,Insurance,,,,,,,,205000,5035506,3989300,,5035506,,,,,,PFX,2024-02-08,PFX,2024-02-08
"JFL-NGS-WCS Partners, LLC",co_2a9c1a87b2cd,,Industrials,5.50%,,,,,,2026-11-12,861605,864482,865913,,864482,,,,,,PFX,2024-02-08,PFX,2024-02-08
"Lucky Bucks, LLC",co_2709cdef36b5,,Consumer & Retail,,,,,,,,180739,174393,1545318,,174393,,,,,,PFX,2024-02-08,PFX,2024-02-08
"McKissock Investment Holdings, LLC",co_15c525540b0d,,Consumer & Retail,5.00%,,,,,,2029-03-12,4924535,4883570,4776799,,4883570,,,,,,PFX,2024-02-08,PFX,2024-02-08
"MFA Financial, Inc.",co_44c73bdb7915,,Insurance,,,,,,,,97426,2318487,1856940,,2318487,,,,,,PFX,2024-02-08,PFX,2024-02-08
"New York Mortgage Trust, Inc.",co_c7613ec5453a,,Insurance,,,,,,,,165000,4102076,3677850,,4102076,,,,,,PFX,2024-02-08,PFX,2024-02-08
"PennyMac Financial Services, Inc.",co_e50db8198bce,,Insurance,,,,,,,,29500,1921275,1964700,,1921275,,,,,,PFX,2024-02-08,PFX,2024-02-08
PHH Mortgage Corp.,co_ccf5efd049cf,,Insurance,7.875%,,,,,,2026-03-15,7686000,6895720,6845344,,6895720,,,,,,PFX,2024-02-08,PFX,2024-02-08
Power Stop LLC,co_c3e3b0961c57,,Automotive,4.75%,,,,,,2029-01-26,6919937,6515010,5639748,,6515010,,,,,,PFX,2024-02-08,PFX,2024-02-08
Rithm Capital Corp.,co_4075cf5243bb,,Insurance,,,,,,,,206684,5129170,4695860,,5129170,,,,,,PFX,2024-02-08,PFX,2024-02-08
Secure Acquisition Inc.,co_6a3b4e3de83a,,Containers & Packaging,5.00%,,,,,,2028-12-16,3430517,3418570,3396212,,3418570,,,,,,PFX,2024-02-08,PFX,2024-02-08
"SS Acquisition, LLC",co_8012581319ca,,Consumer & Retail,6.50%,,,,,,2026-12-30,6666667,6592976,6666667,,6592976,,,,,,PFX,2024-02-08,PFX,2024-02-08
"SMART Financial Operations, LLC",co_b91bdf879d79,,Consumer & Retail,,,,,,,,700000,700000,978140,,700000,,,,,,PFX,2024-02-08,PFX,2024-02-08
Stancor,co_d16fc80c99b9,,Business Services,,,,,,,,338736,308652,200566,,308652,,,,,,PFX,2024-02-08,PFX,2024-02-08
"Staples, Inc.",co_2f61cd7ec988,,Consumer & Retail,4.50%,,,,,,2024-09-12,3692159,3655672,3648315,,3655672,,,,,,PFX,2024-02-08,PFX,2024-02-08
"Tamarix Capital Partners II, LP.",co_f9c2dbefcf51,,Insurance,,,,,,,,,1026818,792346,,1026818,,,,,,PFX,2024-02-08,PFX,2024-02-08
"Thryv Holdings, Inc.",co_f15d2fafb73c,,Media & Entertainment,8.50%,,,,,,2026-03-01,7656442,7604838,7661227,,7604838,,,,,,PFX,2024-02-08,PFX,2024-02-08
"1888 Industrial Services, LLC",co_c8288f1a1c65,,Energy,1.00%,1.00%,,,,,2024-08-31,9946741,9473068,,,9473068,,,,,,PFX,2024-02-08,PFX,2024-02-08
"Black Angus Steakhouses, LLC",co_24b837d347d9,,Healthcare,1.00%,1.00%,,,,,2024-01-31,875749,875749,875749,,875749,,,,,,PFX,2024-02-08,PFX,2024-02-08
"FST Holdings Parent, LLC",co_d26d9be7f4c3,,Software & Technology,,,,,,,,625548,10000000,10000003,,10000000,,,,,,PFX,2024-02-08,PFX,2024-02-08
Maritime Wireless Holdings LLC,co_7a0c9fc03af6,,Healthcare,9.00%,,,,,,2027-05-31,7500000,7373166,7500000,,7373166,,,,,,PFX,2024-02-08,PFX,2024-02-08
"FlexFIN, LLC",co_1dd049b74e06,,Business Services,,,,,,,,38870711,38870711,38870711,,38870711,,,,,,PFX,2024-02-08,PFX,2024-02-08
"Kemmerer Holdings, LLC",co_d7cab59c3cfd,,Chemicals & Materials,,15.00%,,,,,2025-06-21,3383877,3383877,3383877,,3383877,,,,,,PFX,2024-02-08,PFX,2024-02-08
NVTN LLC,co_649cd59d6e94,,Healthcare,4.00%,,,,,,2024-12-31,7309552,7309885,7214856,,7309885,,,,,,PFX,2024-02-08,PFX,2024-02-08
"Largest portfolio company by amortized cost and fair value, respectively",co_e704b898cb54,,,,,,,,,,,,,,,,,,,,PFX,2024-02-08,PFX,2024-02-08
"1888 Industrial Services, LLC",co_c8288f1a1c65,,Energy,,,,,,,2024-08-31,350000,196411,350000,,196411,,,,,,PFX,2024-05-10,PFX,2024-05-10
Altisource S.A.R.L.,co_f815714130ba,,Business Services,5.00%,3.75%,,,,,2025-04-30,13700174,10725095,10042228,,10725095,,,,,,PFX,2024-05-10,PFX,2024-05-10
"Arcline FM Holdings, LLC",co_50538b3fe821,,Aerospace & Defense,4.75%,,,,,,2028-06-23,2665823,2577794,2652493,,2577794,,,,,,PFX,2024-05-10,PFX,2024-05-10
"Be Green Packaging, LLC",co_768ca5f09adf,,Containers & Packaging,,,,,,,,417,416250,,,416250,,,,,,PFX,2024-05-10,PFX,2024-05-10
"Boostability Seotowncenter, Inc.",co_b2141134afce,,Business Services,,,,,,,,833152,66475,,,66475,,,,,,PFX,2024-05-10,PFX,2024-05-10
"CB&L Associates Holdco I, LLC",co_52b0b6182263,,Real Estate,2.75%,,,,,,2025-11-01,5827281,4915259,5302825,,4915259,,,,,,PFX,2024-05-10,PFX,2024-05-10
Chimera Investment Corp.,co_6ada2295c415,,Real Estate,,,,,,,,117310,2884724,2404855,,2884724,,,,,,PFX,2024-05-10,PFX,2024-05-10
Copper Property CTL Pass Through Trust,co_10d79bf68c1e,,Real Estate,,,,,,,,622795,7767811,6118961,,7767811,,,,,,PFX,2024-05-10,PFX,2024-05-10
Deer Management Systems LLC,co_f935ec0441a4,,Consumer & Retail,8.25%,,,,,,2028-05-01,3315000,3243748,3348150,,3243748,,,,,,PFX,2024-05-10,PFX,2024-05-10
"DirecTV Financing, LLC",co_0dceea6fc0a0,,Media & Entertainment,5.00%,,,,,,2027-08-02,3812783,3812783,3827081,,3812783,,,,,,PFX,2024-05-10,PFX,2024-05-10
"Epic Y-Grade Services, LP",co_8fd84b52e7ff,,Energy,6.00%,,,,,,2027-06-30,5994859,5939961,5979871,,5939961,,,,,,PFX,2024-05-10,PFX,2024-05-10
"First Brands Group, LLC",co_1acc95f66b5d,,Automotive,5.00%,,,,,,2027-03-30,3899498,3899498,3860503,,3899498,,,,,,PFX,2024-05-10,PFX,2024-05-10
"Franklin BSP Realty Trust, Inc.",co_c2a895429d13,,Real Estate,,,,,,,,66107,907782,883190,,907782,,,,,,PFX,2024-05-10,PFX,2024-05-10
"Global Accessories Group, LLC",co_057a05662c8b,,Consumer & Retail,3.8%,,,,,,,380,151337,,,151337,,,,,,PFX,2024-05-10,PFX,2024-05-10
Innovate Corp.,co_0a4006509be4,,Industrials,8.50%,,,,,,2026-02-01,4250000,3714663,3065313,,3714663,,,,,,PFX,2024-05-10,PFX,2024-05-10
"Invesco Mortgage Capital, Inc.",co_85e17f7429fe,,Real Estate,,,,,,,,205000,5035506,4532550,,5035506,,,,,,PFX,2024-05-10,PFX,2024-05-10
NGS-WCS Group Holdings,co_e6d542a85ec5,,Industrials,5.50%,,,,,,2026-11-12,844021,846435,846131,,846435,,,,,,PFX,2024-05-10,PFX,2024-05-10
"JFL-NGS-WCS Partners, LLC",co_2a9c1a87b2cd,,Industrials,,,,,,,,10000000,10000000,10759154,,10000000,,,,,,PFX,2024-05-10,PFX,2024-05-10
Lighting Science Group Corp.,co_de0f37513dea,,Containers & Packaging,0.62%,,,,,,,5000000,955680,,,955680,,,,,,PFX,2024-05-10,PFX,2024-05-10
"Lucky Bucks, LLC",co_2709cdef36b5,,Consumer & Retail,7.50%,,,,,,2029-10-02,1357837,1330680,1357836,,1330680,,,,,,PFX,2024-05-10,PFX,2024-05-10
"McKissock Investment Holdings, LLC",co_15c525540b0d,,Consumer & Retail,5.00%,,,,,,2029-03-10,4899999,4861787,4850543,,4861787,,,,,,PFX,2024-05-10,PFX,2024-05-10
"MFA Financial, Inc.",co_44c73bdb7915,,Real Estate,,,,,,,,97426,2318487,2160909,,2318487,,,,,,PFX,2024-05-10,PFX,2024-05-10
"New York Mortgage Trust, Inc.",co_c7613ec5453a,,Real Estate,,,,,,,,165000,4102076,3790050,,4102076,,,,,,PFX,2024-05-10,PFX,2024-05-10
PHH Mortgage Corp.,co_ccf5efd049cf,,Insurance,7.875%,,,,,,2026-03-15,9686000,8780720,9306631,,8780720,,,,,,PFX,2024-05-10,PFX,2024-05-10
Point.360,co_a3cdf56aa013,,Business Services,,6.00%,,,,,2020-07-08,2777366,2103712,,,2103712,,,,,,PFX,2024-05-10,PFX,2024-05-10
Power Stop LLC,co_c3e3b0961c57,,Automotive,4.75%,,,,,,2029-01-26,6884353,6485730,6195918,,6485730,,,,,,PFX,2024-05-10,PFX,2024-05-10
Rithm Capital Corp.,co_4075cf5243bb,,Financial Services,,,,,,,,206684,5129170,5047223,,5129170,,,,,,PFX,2024-05-10,PFX,2024-05-10
Secure Acquisition Inc.,co_6a3b4e3de83a,,Containers & Packaging,5.00%,,,,,,2028-12-16,3527463,3516477,3527463,,3516477,,,,,,PFX,2024-05-10,PFX,2024-05-10
SMC Roofing,co_7f92de5ee374,,Consumer & Retail,3.50%,,,,,,2028-10-16,660714,654107,654107,,654107,,,,,,PFX,2024-05-10,PFX,2024-05-10
"SS Acquisition, LLC",co_8012581319ca,,Consumer & Retail,6.50%,,,,,,2026-12-30,6666667,6602650,6666667,,6602650,,,,,,PFX,2024-05-10,PFX,2024-05-10
Stancor,co_d16fc80c99b9,,Business Services,,,,,,,,358867,345491,375719,,345491,,,,,,PFX,2024-05-10,PFX,2024-05-10
"Staples, Inc.",co_2f61cd7ec988,,Consumer & Retail,4.50%,,,,,,2024-09-12,3672879,3636583,3661401,,3636583,,,,,,PFX,2024-05-10,PFX,2024-05-10
"Tamarix Capital Partners II, LP.",co_f9c2dbefcf51,,Financial Services,,,,,,,,,1026818,783465,,1026818,,,,,,PFX,2024-05-10,PFX,2024-05-10
"Thryv Holdings, Inc.",co_f15d2fafb73c,,Media & Entertainment,8.50%,,,,,,2026-03-01,6869478,6809553,6878065,,6809553,,,,,,PFX,2024-05-10,PFX,2024-05-10
"Velocity Pooling Vehicle, LLC",co_c1006d15c256,,Automotive,,,,,,,,5441,302464,,,302464,,,,,,PFX,2024-05-10,PFX,2024-05-10
"Wingman Holdings, Inc.",co_fcdfc8ad3717,,Aerospace & Defense,,,,,,,,350,700000,,,700000,,,,,,PFX,2024-05-10,PFX,2024-05-10
"Black Angus Steakhouses, LLC",co_24b837d347d9,,Healthcare,1.00%,1.00%,,,,,2025-01-31,908080,875749,875749,,875749,,,,,,PFX,2024-05-10,PFX,2024-05-10
"FST Holdings Parent, LLC",co_d26d9be7f4c3,,Software & Technology,,,,,,,,625548,10000000,10726326,,10000000,,,,,,PFX,2024-05-10,PFX,2024-05-10
"FlexFIN, LLC",co_1dd049b74e06,,Business Services,,,,,,,,34729225,34729225,34729225,,34729225,,,,,,PFX,2024-05-10,PFX,2024-05-10
"Kemmerer Operations, LLC",co_84ebe4c19813,,Chemicals & Materials,,15.00%,,,,,2025-06-21,3286036,3286036,3286036,,3286036,,,,,,PFX,2024-05-10,PFX,2024-05-10
"Kemmerer Holdings, LLC",co_d7cab59c3cfd,,Chemicals & Materials,,,,,,,,37,4136157,12166174,,4136157,,,,,,PFX,2024-05-10,PFX,2024-05-10
"NSG Captive, Inc.",co_820ec61eb614,,Insurance,,,,,,,,100000,100000,100000,,100000,,,,,,PFX,2024-05-10,PFX,2024-05-10
NVTN LLC,co_649cd59d6e94,,Healthcare,8.25%,,,,,,2026-12-31,5500000,5604805,5500000,,5604805,,,,,,PFX,2024-05-10,PFX,2024-05-10
"Control Investments are defined by the Investment Company Act of 1940, as amended (the ""1940 Act""), as investments in companies in which the Company owns more than 25% of the voting securities or maintains greater than 50% of the board representation.",co_710359d50a92,,,25%,,,,,,,,,,,,,,,,,PFX,2024-05-10,PFX,2024-05-10
"The investment has an unfunded commitment as of March 31, 2024 (see Note 8), and fair value includes the value of any unfunded commitments. The negative cost, if applicable, is the result of the capitalized discount being greater than the principal amount outstanding on the loan. The negative fair value, if applicable, is the result of the capitalized discount on the loan.",co_3309c7c608bb,,,,,,,,,,,,,,,,,,,,PFX,2024-05-10,PFX,2024-05-10
Not in use.,co_2dc4c5e1bab5,,,,,,,,,,,,,,,,,,,,PFX,2024-05-10,PFX,2024-05-10
"The investment was on non-accrual status as of March 31, 2024.",co_88e629cd217a,,Financial Services,,,,,,,,,,,,,,,,,,PFX,2024-05-10,PFX,2024-05-10
Altisource S.A.R.L.,co_f815714130ba,,Business Services,5.00%,3.75%,,,,,2025-04-30,9565710,8507963,7805619,,8507963,,,,,,PFX,2024-05-10,PFX,2024-05-10
"Arcline FM Holdings, LLC",co_50538b3fe821,,Aerospace & Defense,4.75%,,,,,,2028-06-23,2679494,2591013,2644660,,2591013,,,,,,PFX,2024-05-10,PFX,2024-05-10
"CB&L Associates Holdco I, LLC",co_52b0b6182263,,Insurance,2.75%,,,,,,2025-11-01,5916102,4990179,5191380,,4990179,,,,,,PFX,2024-05-10,PFX,2024-05-10
Chimera Investment Corp.,co_6ada2295c415,,Insurance,,,,,,,,117310,2884724,2116271,,2884724,,,,,,PFX,2024-05-10,PFX,2024-05-10
Copper Property CTL Pass Through Trust,co_10d79bf68c1e,,Insurance,,,,,,,,597795,7547670,6217067,,7547670,,,,,,PFX,2024-05-10,PFX,2024-05-10
DataOnline Corp.,co_96e45312ab2a,,Software & Technology,5.50%,,,,,,2025-11-13,4812500,4812500,4764375,,4812500,,,,,,PFX,2024-05-10,PFX,2024-05-10
Deer Management Systems LLC,co_f935ec0441a4,,Consumer & Retail,8.25%,,,,,,2028-05-01,3357500,3294306,3323925,,3294306,,,,,,PFX,2024-05-10,PFX,2024-05-10
"DirecTV Financing, LLC",co_0dceea6fc0a0,,Media & Entertainment,5.00%,,,,,,2027-08-02,4100000,4100000,4003908,,4100000,,,,,,PFX,2024-05-10,PFX,2024-05-10
"First Brands Group, LLC",co_1acc95f66b5d,,Automotive,5.00%,,,,,,2027-03-30,3919598,3919598,3880402,,3919598,,,,,,PFX,2024-05-10,PFX,2024-05-10
"Franklin BSP Realty Trust, Inc.",co_c2a895429d13,,Insurance,,,,,,,,226107,3572788,2993657,,3572788,,,,,,PFX,2024-05-10,PFX,2024-05-10
Innovate Corp.,co_0a4006509be4,,Industrials,8.50%,,,,,,2026-02-01,2750000,2615913,2076250,,2615913,,,,,,PFX,2024-05-10,PFX,2024-05-10
"Invesco Mortgage Capital, Inc.",co_85e17f7429fe,,Insurance,,,,,,,,205000,5035506,3989300,,5035506,,,,,,PFX,2024-05-10,PFX,2024-05-10
"JFL-NGS-WCS Partners, LLC",co_2a9c1a87b2cd,,Industrials,5.50%,,,,,,2026-11-12,861605,864482,865913,,864482,,,,,,PFX,2024-05-10,PFX,2024-05-10
"Lucky Bucks, LLC",co_2709cdef36b5,,Consumer & Retail,,,,,,,,180739,174393,1545318,,174393,,,,,,PFX,2024-05-10,PFX,2024-05-10
"McKissock Investment Holdings, LLC",co_15c525540b0d,,Consumer & Retail,5.00%,,,,,,2029-03-12,4924535,4883570,4776799,,4883570,,,,,,PFX,2024-05-10,PFX,2024-05-10
"MFA Financial, Inc.",co_44c73bdb7915,,Insurance,,,,,,,,97426,2318487,1856940,,2318487,,,,,,PFX,2024-05-10,PFX,2024-05-10
"New York Mortgage Trust, Inc.",co_c7613ec5453a,,Insurance,,,,,,,,165000,4102076,3677850,,4102076,,,,,,PFX,2024-05-10,PFX,2024-05-10
"PennyMac Financial Services, Inc.",co_e50db8198bce,,Insurance,,,,,,,,29500,1921275,1964700,,1921275,,,,,,PFX,2024-05-10,PFX,2024-05-10
PHH Mortgage Corp.,co_ccf5efd049cf,,Insurance,7.875%,,,,,,2026-03-15,7686000,6895720,6845344,,6895720,,,,,,PFX,2024-05-10,PFX,2024-05-10
Power Stop LLC,co_c3e3b0961c57,,Automotive,4.75%,,,,,,2029-01-26,6919937,6515010,5639748,,6515010,,,,,,PFX,2024-05-10,PFX,2024-05-10
Rithm Capital Corp.,co_4075cf5243bb,,Insurance,,,,,,,,206684,5129170,4695860,,5129170,,,,,,PFX,2024-05-10,PFX,2024-05-10
Secure Acquisition Inc.,co_6a3b4e3de83a,,Containers & Packaging,5.00%,,,,,,2028-12-16,3430517,3418570,3396212,,3418570,,,,,,PFX,2024-05-10,PFX,2024-05-10
"SS Acquisition, LLC",co_8012581319ca,,Consumer & Retail,6.50%,,,,,,2026-12-30,6666667,6592976,6666667,,6592976,,,,,,PFX,2024-05-10,PFX,2024-05-10
"SMART Financial Operations, LLC",co_b91bdf879d79,,Consumer & Retail,,,,,,,,700000,700000,978140,,700000,,,,,,PFX,2024-05-10,PFX,2024-05-10
Stancor,co_d16fc80c99b9,,Business Services,,,,,,,,338736,308652,200566,,308652,,,,,,PFX,2024-05-10,PFX,2024-05-10
"Staples, Inc.",co_2f61cd7ec988,,Consumer & Retail,4.50%,,,,,,2024-09-12,3692159,3655672,3648315,,3655672,,,,,,PFX,2024-05-10,PFX,2024-05-10
"Tamarix Capital Partners II, LP.",co_f9c2dbefcf51,,Insurance,,,,,,,,,1026818,792346,,1026818,,,,,,PFX,2024-05-10,PFX,2024-05-10
"Thryv Holdings, Inc.",co_f15d2fafb73c,,Media & Entertainment,8.50%,,,,,,2026-03-01,7656442,7604838,7661227,,7604838,,,,,,PFX,2024-05-10,PFX,2024-05-10
"1888 Industrial Services, LLC",co_c8288f1a1c65,,Energy,1.00%,1.00%,,,,,2024-08-31,9946741,9473068,,,9473068,,,,,,PFX,2024-05-10,PFX,2024-05-10
"Black Angus Steakhouses, LLC",co_24b837d347d9,,Healthcare,1.00%,1.00%,,,,,2024-01-31,875749,875749,875749,,875749,,,,,,PFX,2024-05-10,PFX,2024-05-10
"FST Holdings Parent, LLC",co_d26d9be7f4c3,,Software & Technology,,,,,,,,625548,10000000,10000003,,10000000,,,,,,PFX,2024-05-10,PFX,2024-05-10
Maritime Wireless Holdings LLC,co_7a0c9fc03af6,,Healthcare,9.00%,,,,,,2027-05-31,7500000,7373166,7500000,,7373166,,,,,,PFX,2024-05-10,PFX,2024-05-10
"FlexFIN, LLC",co_1dd049b74e06,,Business Services,,,,,,,,38870711,38870711,38870711,,38870711,,,,,,PFX,2024-05-10,PFX,2024-05-10
"Kemmerer Holdings, LLC",co_d7cab59c3cfd,,Chemicals & Materials,,15.00%,,,,,2025-06-21,3383877,3383877,3383877,,3383877,,,,,,PFX,2024-05-10,PFX,2024-05-10
NVTN LLC,co_649cd59d6e94,,Healthcare,4.00%,,,,,,2024-12-31,7309552,7309885,7214856,,7309885,,,,,,PFX,2024-05-10,PFX,2024-05-10
"Largest portfolio company by amortized cost and fair value, respectively",co_e704b898cb54,,,,,,,,,,,,,,,,,,,,PFX,2024-05-10,PFX,2024-05-10
"1888 Industrial Services, LLC",co_c8288f1a1c65,,Energy,,,,,,,2025-02-23,350000,196411,350000,,196411,,,,,,PFX,2024-08-06,PFX,2024-08-06
Altisource S.A.R.L.,co_f815714130ba,,Business Services,5.00%,3.75%,,,,,2025-04-30,13868885,10893806,10082679,,10893806,,,,,,PFX,2024-08-06,PFX,2024-08-06
"Arcline FM Holdings, LLC",co_50538b3fe821,,Aerospace & Defense,4.75%,,,,,,2028-06-23,2658987,2571184,2660649,,2571184,,,,,,PFX,2024-08-06,PFX,2024-08-06
"Be Green Packaging, LLC",co_768ca5f09adf,,Containers & Packaging,,,,,,,,417,416250,,,416250,,,,,,PFX,2024-08-06,PFX,2024-08-06
Blufox Mobile Services,co_9689e96736a0,,Consumer & Retail,8.50%,,,,,,2028-04-12,7062403,7062403,7062403,,7062403,,,,,,PFX,2024-08-06,PFX,2024-08-06
"Boostability Seotowncenter, Inc.",co_b2141134afce,,Business Services,,,,,,,,833152,66475,,,66475,,,,,,PFX,2024-08-06,PFX,2024-08-06
"CB&L Associates Holdco I, LLC",co_52b0b6182263,,Real Estate,2.75%,,,,,,2025-11-01,5805135,4896579,5398776,,4896579,,,,,,PFX,2024-08-06,PFX,2024-08-06
Chimera Investment Corp.,co_6ada2295c415,,Real Estate,,,,,,,,117310,2884724,2632436,,2884724,,,,,,PFX,2024-08-06,PFX,2024-08-06
Copper Property CTL Pass Through Trust,co_10d79bf68c1e,,Real Estate,,,,,,,,637795,7784654,5816690,,7784654,,,,,,PFX,2024-08-06,PFX,2024-08-06
Deer Management Systems LLC,co_f935ec0441a4,,Consumer & Retail,8.25%,,,,,,2028-05-01,3293750,3225131,3367859,,3225131,,,,,,PFX,2024-08-06,PFX,2024-08-06
"DirecTV Financing, LLC",co_0dceea6fc0a0,,Media & Entertainment,5.00%,,,,,,2027-08-02,3639523,3641793,3647485,,3641793,,,,,,PFX,2024-08-06,PFX,2024-08-06
"Epic Y-Grade Services, LP",co_8fd84b52e7ff,,Energy,5.75%,,,,,,2029-06-30,4000000,3903469,3987500,,3903469,,,,,,PFX,2024-08-06,PFX,2024-08-06
"First Brands Group, LLC",co_1acc95f66b5d,,Automotive,5.00%,,,,,,2027-03-30,3889447,3889447,3861492,,3889447,,,,,,PFX,2024-08-06,PFX,2024-08-06
"Franklin BSP Realty Trust, Inc.",co_c2a895429d13,,Real Estate,,,,,,,,66107,907782,832948,,907782,,,,,,PFX,2024-08-06,PFX,2024-08-06
"Global Accessories Group, LLC",co_057a05662c8b,,Consumer & Retail,3.8%,,,,,,,380,151337,,,151337,,,,,,PFX,2024-08-06,PFX,2024-08-06
Innovate Corp.,co_0a4006509be4,,Industrials,8.50%,,,,,,2026-02-01,4250000,3714663,3187500,,3714663,,,,,,PFX,2024-08-06,PFX,2024-08-06
"Invesco Mortgage Capital, Inc.",co_85e17f7429fe,,Real Estate,,,,,,,,205000,5035506,4538700,,5035506,,,,,,PFX,2024-08-06,PFX,2024-08-06
NGS-WCS Group Holdings,co_e6d542a85ec5,,Industrials,4.75%,,,,,,2030-05-31,1000000,995086,997500,,995086,,,,,,PFX,2024-08-06,PFX,2024-08-06
"JFL-NGS-WCS Partners, LLC",co_2a9c1a87b2cd,,Industrials,,,,,,,,10000000,10000000,11900000,,10000000,,,,,,PFX,2024-08-06,PFX,2024-08-06
"Kemmerer Operations, LLC",co_84ebe4c19813,,Chemicals & Materials,,15.00%,,,,,2025-06-21,9153693,9153693,9153692,,9153693,,,,,,PFX,2024-08-06,PFX,2024-08-06
Lighting Science Group Corp.,co_de0f37513dea,,Containers & Packaging,0.62%,,,,,,,5000000,955680,,,955680,,,,,,PFX,2024-08-06,PFX,2024-08-06
"Lucky Bucks, LLC",co_2709cdef36b5,,Consumer & Retail,7.50%,,,,,,2029-10-02,1354434,1327345,1354434,,1327345,,,,,,PFX,2024-08-06,PFX,2024-08-06
"McKissock Investment Holdings, LLC",co_15c525540b0d,,Consumer & Retail,5.00%,,,,,,2029-03-10,4887043,4850930,4891564,,4850930,,,,,,PFX,2024-08-06,PFX,2024-08-06
"MFA Financial, Inc.",co_44c73bdb7915,,Real Estate,,,,,,,,97426,2318487,2289511,,2318487,,,,,,PFX,2024-08-06,PFX,2024-08-06
"New York Mortgage Trust, Inc.",co_c7613ec5453a,,Real Estate,,,,,,,,165000,4102076,3936900,,4102076,,,,,,PFX,2024-08-06,PFX,2024-08-06
PHH Mortgage Corp.,co_ccf5efd049cf,,Real Estate,7.875%,,,,,,2026-03-15,9686000,8780720,9419635,,8780720,,,,,,PFX,2024-08-06,PFX,2024-08-06
Point.360,co_a3cdf56aa013,,Business Services,,6.00%,,,,,2020-07-08,2777366,2103712,,,2103712,,,,,,PFX,2024-08-06,PFX,2024-08-06
Power Stop LLC,co_c3e3b0961c57,,Automotive,4.75%,,,,,,2029-01-26,8861392,8309665,8617704,,8309665,,,,,,PFX,2024-08-06,PFX,2024-08-06
Rithm Capital Corp.,co_4075cf5243bb,,Financial Services,,,,,,,,206684,5129170,5200169,,5129170,,,,,,PFX,2024-08-06,PFX,2024-08-06
Secure Acquisition Inc.,co_6a3b4e3de83a,,Containers & Packaging,5.00%,,,,,,2028-12-16,3518464,3507967,3527172,,3507967,,,,,,PFX,2024-08-06,PFX,2024-08-06
SMC Roofing,co_7f92de5ee374,,Consumer & Retail,3.50%,,,,,,2028-10-16,653552,657267,653552,,657267,,,,,,PFX,2024-08-06,PFX,2024-08-06
"SS Acquisition, LLC",co_8012581319ca,,Consumer & Retail,6.50%,,,,,,2026-12-30,6666667,6607647,6666667,,6607647,,,,,,PFX,2024-08-06,PFX,2024-08-06
Stancor,co_d16fc80c99b9,,Business Services,,,,,,,,358867,345491,375105,,345491,,,,,,PFX,2024-08-06,PFX,2024-08-06
"Staples, Inc.",co_2f61cd7ec988,,Consumer & Retail,5.75%,,,,,,2029-09-01,6000000,5763449,5482500,,5763449,,,,,,PFX,2024-08-06,PFX,2024-08-06
"Tamarix Capital Partners II, LP.",co_f9c2dbefcf51,,Financial Services,,,,,,,,,1026818,806932,,1026818,,,,,,PFX,2024-08-06,PFX,2024-08-06
"Thryv Holdings, Inc.",co_f15d2fafb73c,,Media & Entertainment,6.75%,,,,,,2029-05-01,2883214,2855120,2931268,,2855120,,,,,,PFX,2024-08-06,PFX,2024-08-06
"Velocity Pooling Vehicle, LLC",co_c1006d15c256,,Automotive,,,,,,,,5441,302464,,,302464,,,,,,PFX,2024-08-06,PFX,2024-08-06
"Wingman Holdings, Inc.",co_fcdfc8ad3717,,Aerospace & Defense,,,,,,,,350,700000,,,700000,,,,,,PFX,2024-08-06,PFX,2024-08-06
"Black Angus Steakhouses, LLC",co_24b837d347d9,,Healthcare,1.00%,1.00%,,,,,2025-01-31,908080,875749,875749,,875749,,,,,,PFX,2024-08-06,PFX,2024-08-06
"FST Holdings Parent, LLC",co_d26d9be7f4c3,,Software & Technology,,,,,,,,625548,10000000,11160752,,10000000,,,,,,PFX,2024-08-06,PFX,2024-08-06
ECC Capital Corp.,co_4994954fea6f,,Real Estate,,,,,,,,84000000,4251084,2940000,,4251084,,,,,fair_value_suspicious_vs_size,PFX,2024-08-06,PFX,2024-08-06
"FlexFIN, LLC",co_1dd049b74e06,,Business Services,,,,,,,,34708509,34708509,34708509,,34708509,,,,,,PFX,2024-08-06,PFX,2024-08-06
"NSG Captive, Inc.",co_820ec61eb614,,Insurance,,,,,,,,100000,100000,100000,,100000,,,,,,PFX,2024-08-06,PFX,2024-08-06
NVTN LLC,co_649cd59d6e94,,Healthcare,7.00%,,,,,,2026-12-31,5500000,5616309,5500000,,5616309,,,,,,PFX,2024-08-06,PFX,2024-08-06
Altisource S.A.R.L.,co_f815714130ba,,Business Services,5.00%,3.75%,,,,,2025-04-30,9565710,8507963,7805619,,8507963,,,,,,PFX,2024-08-06,PFX,2024-08-06
"Arcline FM Holdings, LLC",co_50538b3fe821,,Aerospace & Defense,4.75%,,,,,,2028-06-23,2679494,2591013,2644660,,2591013,,,,,,PFX,2024-08-06,PFX,2024-08-06
"CB&L Associates Holdco I, LLC",co_52b0b6182263,,Insurance,2.75%,,,,,,2025-11-01,5916102,4990179,5191380,,4990179,,,,,,PFX,2024-08-06,PFX,2024-08-06
Chimera Investment Corp.,co_6ada2295c415,,Insurance,,,,,,,,117310,2884724,2116271,,2884724,,,,,,PFX,2024-08-06,PFX,2024-08-06
Copper Property CTL Pass Through Trust,co_10d79bf68c1e,,Insurance,,,,,,,,597795,7547670,6217067,,7547670,,,,,,PFX,2024-08-06,PFX,2024-08-06
DataOnline Corp.,co_96e45312ab2a,,Software & Technology,5.50%,,,,,,2025-11-13,4812500,4812500,4764375,,4812500,,,,,,PFX,2024-08-06,PFX,2024-08-06
Deer Management Systems LLC,co_f935ec0441a4,,Consumer & Retail,8.25%,,,,,,2028-05-01,3357500,3294306,3323925,,3294306,,,,,,PFX,2024-08-06,PFX,2024-08-06
"DirecTV Financing, LLC",co_0dceea6fc0a0,,Media & Entertainment,5.00%,,,,,,2027-08-02,4100000,4100000,4003908,,4100000,,,,,,PFX,2024-08-06,PFX,2024-08-06
"First Brands Group, LLC",co_1acc95f66b5d,,Automotive,5.00%,,,,,,2027-03-30,3919598,3919598,3880402,,3919598,,,,,,PFX,2024-08-06,PFX,2024-08-06
"Franklin BSP Realty Trust, Inc.",co_c2a895429d13,,Insurance,,,,,,,,226107,3572788,2993657,,3572788,,,,,,PFX,2024-08-06,PFX,2024-08-06
Innovate Corp.,co_0a4006509be4,,Industrials,8.50%,,,,,,2026-02-01,2750000,2615913,2076250,,2615913,,,,,,PFX,2024-08-06,PFX,2024-08-06
"Invesco Mortgage Capital, Inc.",co_85e17f7429fe,,Insurance,,,,,,,,205000,5035506,3989300,,5035506,,,,,,PFX,2024-08-06,PFX,2024-08-06
"JFL-NGS-WCS Partners, LLC",co_2a9c1a87b2cd,,Industrials,5.50%,,,,,,2026-11-12,861605,864482,865913,,864482,,,,,,PFX,2024-08-06,PFX,2024-08-06
"Lucky Bucks, LLC",co_2709cdef36b5,,Consumer & Retail,,,,,,,,180739,174393,1545318,,174393,,,,,,PFX,2024-08-06,PFX,2024-08-06
"McKissock Investment Holdings, LLC",co_15c525540b0d,,Consumer & Retail,5.00%,,,,,,2029-03-12,4924535,4883570,4776799,,4883570,,,,,,PFX,2024-08-06,PFX,2024-08-06
"MFA Financial, Inc.",co_44c73bdb7915,,Insurance,,,,,,,,97426,2318487,1856940,,2318487,,,,,,PFX,2024-08-06,PFX,2024-08-06
"New York Mortgage Trust, Inc.",co_c7613ec5453a,,Insurance,,,,,,,,165000,4102076,3677850,,4102076,,,,,,PFX,2024-08-06,PFX,2024-08-06
"PennyMac Financial Services, Inc.",co_e50db8198bce,,Insurance,,,,,,,,29500,1921275,1964700,,1921275,,,,,,PFX,2024-08-06,PFX,2024-08-06
PHH Mortgage Corp.,co_ccf5efd049cf,,Insurance,7.875%,,,,,,2026-03-15,7686000,6895720,6845344,,6895720,,,,,,PFX,2024-08-06,PFX,2024-08-06
Power Stop LLC,co_c3e3b0961c57,,Automotive,4.75%,,,,,,2029-01-26,6919937,6515010,5639748,,6515010,,,,,,PFX,2024-08-06,PFX,2024-08-06
Rithm Capital Corp.,co_4075cf5243bb,,Insurance,,,,,,,,206684,5129170,4695860,,5129170,,,,,,PFX,2024-08-06,PFX,2024-08-06
Secure Acquisition Inc.,co_6a3b4e3de83a,,Containers & Packaging,5.00%,,,,,,2028-12-16,3430517,3418570,3396212,,3418570,,,,,,PFX,2024-08-06,PFX,2024-08-06
"SS Acquisition, LLC",co_8012581319ca,,Consumer & Retail,6.50%,,,,,,2026-12-30,6666667,6592976,6666667,,6592976,,,,,,PFX,2024-08-06,PFX,2024-08-06
"SMART Financial Operations, LLC",co_b91bdf879d79,,Consumer & Retail,,,,,,,,700000,700000,978140,,700000,,,,,,PFX,2024-08-06,PFX,2024-08-06
Stancor,co_d16fc80c99b9,,Business Services,,,,,,,,338736,308652,200566,,308652,,,,,,PFX,2024-08-06,PFX,2024-08-06
"Staples, Inc.",co_2f61cd7ec988,,Consumer & Retail,4.50%,,,,,,2024-09-12,3692159,3655672,3648315,,3655672,,,,,,PFX,2024-08-06,PFX,2024-08-06
"Tamarix Capital Partners II, LP.",co_f9c2dbefcf51,,Insurance,,,,,,,,,1026818,792346,,1026818,,,,,,PFX,2024-08-06,PFX,2024-08-06
"Thryv Holdings, Inc.",co_f15d2fafb73c,,Media & Entertainment,8.50%,,,,,,2026-03-01,7656442,7604838,7661227,,7604838,,,,,,PFX,2024-08-06,PFX,2024-08-06
"1888 Industrial Services, LLC",co_c8288f1a1c65,,Energy,1.00%,1.00%,,,,,2024-08-31,9946741,9473068,,,9473068,,,,,,PFX,2024-08-06,PFX,2024-08-06
"Black Angus Steakhouses, LLC",co_24b837d347d9,,Healthcare,1.00%,1.00%,,,,,2024-01-31,875749,875749,875749,,875749,,,,,,PFX,2024-08-06,PFX,2024-08-06
"FST Holdings Parent, LLC",co_d26d9be7f4c3,,Software & Technology,,,,,,,,625548,10000000,10000003,,10000000,,,,,,PFX,2024-08-06,PFX,2024-08-06
Maritime Wireless Holdings LLC,co_7a0c9fc03af6,,Healthcare,9.00%,,,,,,2027-05-31,7500000,7373166,7500000,,7373166,,,,,,PFX,2024-08-06,PFX,2024-08-06
"FlexFIN, LLC",co_1dd049b74e06,,Business Services,,,,,,,,38870711,38870711,38870711,,38870711,,,,,,PFX,2024-08-06,PFX,2024-08-06
"Kemmerer Holdings, LLC",co_d7cab59c3cfd,,Chemicals & Materials,,15.00%,,,,,2025-06-21,3383877,3383877,3383877,,3383877,,,,,,PFX,2024-08-06,PFX,2024-08-06
NVTN LLC,co_649cd59d6e94,,Healthcare,4.00%,,,,,,2024-12-31,7309552,7309885,7214856,,7309885,,,,,,PFX,2024-08-06,PFX,2024-08-06
"Largest portfolio company by amortized cost and fair value, respectively",co_e704b898cb54,,,,,,,,,,,,,,,,,,,,PFX,2024-08-06,PFX,2024-08-06
"All Around Roustabout, LLC",co_d031f0bfd110,,Energy,,,,,,,2026-08-31,350000,196411,350000,,196411,,,,,,PFX,2025-02-07,PFX,2025-02-07
Altisource S.A.R.L.,co_f815714130ba,,Business Services,5.00%,3.75%,,,,,2025-04-30,17075777,12400143,11372468,,12400143,,,,,,PFX,2025-02-07,PFX,2025-02-07
"Arcline FM Holdings, LLC",co_50538b3fe821,,Aerospace & Defense,4.50%,,,,,,2028-06-23,2652340,2564756,2667259,,2564756,,,,,,PFX,2025-02-07,PFX,2025-02-07
Blufox Mobile Services,co_9689e96736a0,,Consumer & Retail,9.50%,4.00%,,,,,2028-04-12,7135633,7076057,7135633,,7076057,,,,,,PFX,2025-02-07,PFX,2025-02-07
"Boostability Seotowncenter, Inc.",co_b2141134afce,,Business Services,,,,,,,,833152,66475,,,66475,,,,,,PFX,2025-02-07,PFX,2025-02-07
"CB&L Associates Holdco I, LLC",co_52b0b6182263,,Real Estate,2.75%,,,,,,2025-11-01,5347447,4510523,4999863,,4510523,,,,,,PFX,2025-02-07,PFX,2025-02-07
Chimera Investment Corp.,co_6ada2295c415,,Real Estate,,,,,,,,191710,4604354,4438087,,4604354,,,,,,PFX,2025-02-07,PFX,2025-02-07
Copper Property CTL Pass Through Trust,co_10d79bf68c1e,,Real Estate,,,,,,,,637795,7429190,7806611,,7429190,,,,,,PFX,2025-02-07,PFX,2025-02-07
"DirecTV Financing, LLC",co_0dceea6fc0a0,,Media & Entertainment,5.00%,,,,,,2027-08-02,3639523,3641793,3646347,,3641793,,,,,,PFX,2025-02-07,PFX,2025-02-07
"Epic Y-Grade Services, LP",co_8fd84b52e7ff,,Energy,5.75%,,,,,,2029-06-30,3990000,3900888,3990000,,3900888,,,,,,PFX,2025-02-07,PFX,2025-02-07
"First Brands Group, LLC",co_1acc95f66b5d,,Automotive,5.00%,,,,,,2027-03-30,3869347,3869347,3627513,,3869347,,,,,,PFX,2025-02-07,PFX,2025-02-07
"Franklin BSP Realty Trust, Inc.",co_c2a895429d13,,Real Estate,,,,,,,,47007,605296,589468,,605296,,,,,,PFX,2025-02-07,PFX,2025-02-07
"Global Accessories Group, LLC",co_057a05662c8b,,Consumer & Retail,3.8%,,,,,,,380,151337,,,151337,,,,,,PFX,2025-02-07,PFX,2025-02-07
Innovate Corp.,co_0a4006509be4,,Industrials,8.50%,,,,,,2026-02-01,4250000,3714663,3519531,,3714663,,,,,,PFX,2025-02-07,PFX,2025-02-07
"Invesco Mortgage Capital, Inc.",co_85e17f7429fe,,Real Estate,,,,,,,,139298,3435986,3376584,,3435986,,,,,,PFX,2025-02-07,PFX,2025-02-07
NGS-WCS Group Holdings,co_e6d542a85ec5,,Industrials,4.75%,,,,,,2030-05-31,995000,990412,999975,,990412,,,,,,PFX,2025-02-07,PFX,2025-02-07
"JFL-NGS-WCS Partners, LLC",co_2a9c1a87b2cd,,Industrials,,,,,,,,10000000,10000000,13700000,,10000000,,,,,,PFX,2025-02-07,PFX,2025-02-07
"Kemmerer Operations, LLC",co_84ebe4c19813,,Chemicals & Materials,5.00%,,,,,,2028-12-31,12161321,12161321,12161321,,12161321,,,,,,PFX,2025-02-07,PFX,2025-02-07
Lighting Science Group Corp.,co_de0f37513dea,,Containers & Packaging,0.62%,,,,,,,5000000,955680,,,955680,,,,,,PFX,2025-02-07,PFX,2025-02-07
"Lucky Bucks, LLC",co_2709cdef36b5,,Consumer & Retail,7.50%,,,,,,2029-10-02,2095738,1949088,2095738,,1949088,,,,,,PFX,2025-02-07,PFX,2025-02-07
"LB NewHoldCo, LLC",co_4b88a0e83ba6,,Healthcare,,,,,,,,230739,449393,1786111,,449393,,,,,,PFX,2025-02-07,PFX,2025-02-07
MB Precision Investment Holdings LLC,co_b2d9202df35c,,Aerospace & Defense,8.00%,,,,,,2028-09-30,6908028,6693672,6666247,,6693672,,,,,,PFX,2025-02-07,PFX,2025-02-07
"McKissock Investment Holdings, LLC",co_15c525540b0d,,Consumer & Retail,5.00%,,,,,,2029-03-10,4862043,4829294,4819500,,4829294,,,,,,PFX,2025-02-07,PFX,2025-02-07
"MFA Financial, Inc.",co_44c73bdb7915,,Real Estate,,,,,,,,148445,3571472,3619089,,3571472,,,,,,PFX,2025-02-07,PFX,2025-02-07
"Neptune Bidco US, Inc.",co_a6ffd5a50f17,,Media & Entertainment,5.00%,,,,,,2029-04-11,2989899,2807955,2675960,,2807955,,,,,,PFX,2025-02-07,PFX,2025-02-07
"New York Mortgage Trust, Inc.",co_c7613ec5453a,,Real Estate,,,,,,,,211062,5251473,5225895,,5251473,,,,,,PFX,2025-02-07,PFX,2025-02-07
Point.360,co_a3cdf56aa013,,Business Services,,6.00%,,,,,2020-07-08,2777366,2103712,,,2103712,,,,,,PFX,2025-02-07,PFX,2025-02-07
Power Stop LLC,co_c3e3b0961c57,,Automotive,4.75%,,,,,,2029-01-26,8815471,8269333,8341639,,8269333,,,,,,PFX,2025-02-07,PFX,2025-02-07
PREIT Associates,co_092664305822,,Real Estate,7.00%,,,,,,2029-04-01,96884,94947,94947,,94947,,,,,,PFX,2025-02-07,PFX,2025-02-07
Secure Acquisition Inc.,co_6a3b4e3de83a,,Containers & Packaging,4.25%,,,,,,2028-12-16,3500876,3491389,3498688,,3491389,,,,,,PFX,2025-02-07,PFX,2025-02-07
"SS Acquisition, LLC",co_8012581319ca,,Consumer & Retail,6.00%,,,,,,2029-12-20,13571429,13496776,13367857,,13496776,,,,,,PFX,2025-02-07,PFX,2025-02-07
Stancor,co_d16fc80c99b9,,Business Services,,,,,,,,358867,345491,385853,,345491,,,,,,PFX,2025-02-07,PFX,2025-02-07
Spotter Inc.,co_b582e5b0003d,,Software & Technology,,,,,,,,414293,5999998,5999998,,5999998,,,,,,PFX,2025-02-07,PFX,2025-02-07
"Staples, Inc.",co_2f61cd7ec988,,Consumer & Retail,5.75%,,,,,,2029-09-01,3990000,3841865,3810450,,3841865,,,,,,PFX,2025-02-07,PFX,2025-02-07
"Tamarix Capital Partners II, LP.",co_f9c2dbefcf51,,Financial Services,,,,,,,,,1746049,1553961,,1746049,,,,,,PFX,2025-02-07,PFX,2025-02-07
"Thryv Holdings, Inc.",co_f15d2fafb73c,,Media & Entertainment,6.75%,,,,,,2029-05-01,2325000,2304214,2359875,,2304214,,,,,,PFX,2025-02-07,PFX,2025-02-07
"Velocity Pooling Vehicle, LLC",co_c1006d15c256,,Automotive,,,,,,,,5441,302464,,,302464,,,,,,PFX,2025-02-07,PFX,2025-02-07
"Wingman Holdings, Inc.",co_fcdfc8ad3717,,Aerospace & Defense,,,,,,,,350,700000,261519,,700000,,,,,,PFX,2025-02-07,PFX,2025-02-07
"XYZ Roofco, LLC",co_b5826626974a,,Consumer & Retail,3.50%,,,,,,2028-10-16,639228,643416,634434,,643416,,,,,,PFX,2025-02-07,PFX,2025-02-07
"Black Angus Steakhouses, LLC",co_24b837d347d9,,Healthcare,1.00%,1.00%,,,,,2025-01-31,1049752,875749,461031,,875749,,,,,,PFX,2025-02-07,PFX,2025-02-07
"FST Holdings Parent, LLC",co_d26d9be7f4c3,,Software & Technology,,,,,,,,625548,10000000,12389295,,10000000,,,,,,PFX,2025-02-07,PFX,2025-02-07
ECC Capital Corp.,co_4994954fea6f,,Real Estate,,,,,,,,84000000,4257002,5460000,,4257002,,,,,,PFX,2025-02-07,PFX,2025-02-07
"FlexFIN, LLC",co_1dd049b74e06,,Business Services,,,,,,,,40947440,40947440,40947440,,40947440,,,,,,PFX,2025-02-07,PFX,2025-02-07
"NSG Captive, Inc.",co_820ec61eb614,,Insurance,,,,,,,,100000,49143993,48529571,,49143993,,,,,,PFX,2025-02-07,PFX,2025-02-07
NVTN LLC,co_649cd59d6e94,,Healthcare,7.00%,,,,,,2026-12-31,7400000,7516309,7400000,,7516309,,,,,,PFX,2025-02-07,PFX,2025-02-07
Altisource S.A.R.L.,co_f815714130ba,,Business Services,5.00%,3.75%,,,,,2025-04-30,14004684,11029605,9565199,,11029605,,,,,,PFX,2025-02-07,PFX,2025-02-07
"Arcline FM Holdings, LLC",co_50538b3fe821,,Aerospace & Defense,4.50%,,,,,,2028-06-23,2658987,2571184,2660649,,2571184,,,,,,PFX,2025-02-07,PFX,2025-02-07
Blufox Mobile Services,co_9689e96736a0,,Consumer & Retail,9.50%,4.00%,,,,,2028-04-12,7111139,7047816,7111139,,7047816,,,,,,PFX,2025-02-07,PFX,2025-02-07
"CB&L Associates Holdco I, LLC",co_52b0b6182263,,Real Estate,2.75%,,,,,,2025-11-01,5384063,4541408,5034099,,4541408,,,,,,PFX,2025-02-07,PFX,2025-02-07
Chimera Investment Corp.,co_6ada2295c415,,Real Estate,,,,,,,,137310,3343083,3110072,,3343083,,,,,,PFX,2025-02-07,PFX,2025-02-07
Copper Property CTL Pass Through Trust,co_10d79bf68c1e,,Real Estate,,,,,,,,637795,7678355,7664893,,7678355,,,,,,PFX,2025-02-07,PFX,2025-02-07
"DirecTV Financing, LLC",co_0dceea6fc0a0,,Media & Entertainment,5.00%,,,,,,2027-08-02,3639523,3641793,3639523,,3641793,,,,,,PFX,2025-02-07,PFX,2025-02-07
"Epic Y-Grade Services, LP",co_8fd84b52e7ff,,Energy,5.75%,,,,,,2029-06-30,4000000,3906938,3982500,,3906938,,,,,,PFX,2025-02-07,PFX,2025-02-07
"First Brands Group, LLC",co_1acc95f66b5d,,Automotive,5.00%,,,,,,2027-03-30,3879397,3879397,3830905,,3879397,,,,,,PFX,2025-02-07,PFX,2025-02-07
"Franklin BSP Realty Trust, Inc.",co_c2a895429d13,,Real Estate,,,,,,,,66107,907782,863357,,907782,,,,,,PFX,2025-02-07,PFX,2025-02-07
Innovate Corp.,co_0a4006509be4,,Industrials,8.50%,,,,,,2026-02-01,4250000,3714663,3392031,,3714663,,,,,,PFX,2025-02-07,PFX,2025-02-07
"Invesco Mortgage Capital, Inc.",co_85e17f7429fe,,Real Estate,,,,,,,,192300,4725994,4624815,,4725994,,,,,,PFX,2025-02-07,PFX,2025-02-07
NGS-WCS Group Holdings,co_e6d542a85ec5,,Industrials,4.75%,,,,,,2030-05-31,997500,992748,1002488,,992748,,,,,,PFX,2025-02-07,PFX,2025-02-07
"JFL-NGS-WCS Partners, LLC",co_2a9c1a87b2cd,,Industrials,,,,,,,,10000000,10000000,12700000,,10000000,,,,,,PFX,2025-02-07,PFX,2025-02-07
"Lucky Bucks, LLC",co_2709cdef36b5,,Consumer & Retail,7.50%,,,,,,2029-10-02,1351031,1324010,1351031,,1324010,,,,,,PFX,2025-02-07,PFX,2025-02-07
"LB NewHoldCo, LLC",co_4b88a0e83ba6,,Healthcare,,,,,,,,180739,174393,1420305,,174393,,,,,,PFX,2025-02-07,PFX,2025-02-07
"McKissock Investment Holdings, LLC",co_15c525540b0d,,Consumer & Retail,5.00%,,,,,,2029-03-10,4874543,4840100,4868450,,4840100,,,,,,PFX,2025-02-07,PFX,2025-02-07
"MFA Financial, Inc.",co_44c73bdb7915,,Real Estate,,,,,,,,97426,2318487,2308996,,2318487,,,,,,PFX,2025-02-07,PFX,2025-02-07
"Neptune Bidco US, Inc.",co_a6ffd5a50f17,,Media & Entertainment,5.00%,,,,,,2029-04-11,1994949,1885227,1865278,,1885227,,,,,,PFX,2025-02-07,PFX,2025-02-07
"New York Mortgage Trust, Inc.",co_c7613ec5453a,,Real Estate,,,,,,,,165000,4102076,4039200,,4102076,,,,,,PFX,2025-02-07,PFX,2025-02-07
PHH Mortgage Corp.,co_ccf5efd049cf,,Real Estate,7.875%,,,,,,2026-03-15,7686000,6990720,7661981,,6990720,,,,,,PFX,2025-02-07,PFX,2025-02-07
Power Stop LLC,co_c3e3b0961c57,,Automotive,4.75%,,,,,,2029-01-26,8838431,8289487,8484894,,8289487,,,,,,PFX,2025-02-07,PFX,2025-02-07
Secure Acquisition Inc.,co_6a3b4e3de83a,,Containers & Packaging,4.25%,,,,,,2028-12-16,3509670,3499674,3505283,,3499674,,,,,,PFX,2025-02-07,PFX,2025-02-07
"SS Acquisition, LLC",co_8012581319ca,,Consumer & Retail,6.50%,,,,,,2026-12-30,6666667,6612831,6666667,,6612831,,,,,,PFX,2025-02-07,PFX,2025-02-07
Stancor,co_d16fc80c99b9,,Business Services,,,,,,,,358867,345491,375105,,345491,,,,,,PFX,2025-02-07,PFX,2025-02-07
"Staples, Inc.",co_2f61cd7ec988,,Consumer & Retail,5.75%,,,,,,2029-09-01,4000000,3845748,3632500,,3845748,,,,,,PFX,2025-02-07,PFX,2025-02-07
"Tamarix Capital Partners II, LP.",co_f9c2dbefcf51,,Financial Services,,,,,,,,,1746049,1524911,,1746049,,,,,,PFX,2025-02-07,PFX,2025-02-07
"Thryv Holdings, Inc.",co_f15d2fafb73c,,Media & Entertainment,6.75%,,,,,,2029-05-01,2550000,2526140,2581875,,2526140,,,,,,PFX,2025-02-07,PFX,2025-02-07
"Wingman Holdings, Inc.",co_fcdfc8ad3717,,Aerospace & Defense,,,,,,,,350,700000,166795,,700000,,,,,,PFX,2025-02-07,PFX,2025-02-07
"XYZ Roofco, LLC",co_b5826626974a,,Consumer & Retail,3.50%,,,,,,2028-10-16,646390,650342,641542,,650342,,,,,,PFX,2025-02-07,PFX,2025-02-07
"Black Angus Steakhouses, LLC",co_24b837d347d9,,Healthcare,1.00%,1.00%,,,,,2025-01-31,1013584,875749,751207,,875749,,,,,,PFX,2025-02-07,PFX,2025-02-07
"FST Holdings Parent, LLC",co_d26d9be7f4c3,,Software & Technology,,,,,,,,625548,10000000,12351802,,10000000,,,,,,PFX,2025-02-07,PFX,2025-02-07
ECC Capital Corp.,co_4994954fea6f,,Real Estate,,,,,,,,84000000,4257002,4872000,,4257002,,,,,,PFX,2025-02-07,PFX,2025-02-07
"FlexFIN, LLC",co_1dd049b74e06,,Business Services,,,,,,,,36683045,36683045,36683045,,36683045,,,,,,PFX,2025-02-07,PFX,2025-02-07
"NSG Captive, Inc.",co_820ec61eb614,,Insurance,,,,,,,,100000,101000,101000,,101000,,,,,,PFX,2025-02-07,PFX,2025-02-07
NVTN LLC,co_649cd59d6e94,,Healthcare,7.00%,,,,,,2026-12-31,5500000,5616309,5500000,,5616309,,,,,,PFX,2025-02-07,PFX,2025-02-07
"Largest portfolio company by amortized cost and fair value, respectively",co_e704b898cb54,,,,,,,,,,,,,,,,,,,,PFX,2025-02-07,PFX,2025-02-07
"Advocates for Disabled Vets, LLC",co_cef505fd7e67,,Consumer & Retail,12%,,,,,,2030-03-04,9000000,8823624,9000000,,8823624,,,,,,PFX,2025-05-07,PFX,2025-05-07
Altisource S.A.R.L.,co_f815714130ba,,Business Services,5.00%,3.75%,,,,,2030-04-30,8068453,8147718,8068453,,8147718,,,,,,PFX,2025-05-07,PFX,2025-05-07
Blufox Mobile Services,co_9689e96736a0,,Consumer & Retail,9.50%,4.00%,,,,,2028-04-12,7207227,7151427,7207227,,7151427,,,,,,PFX,2025-05-07,PFX,2025-05-07
"Boostability Seotowncenter, Inc.",co_b2141134afce,,Business Services,,,,,,,,833152,66475,,,66475,,,,,,PFX,2025-05-07,PFX,2025-05-07
"CB&L Associates Holdco I, LLC",co_52b0b6182263,,Real Estate,2.75%,,,,,,2025-11-01,2961471,2487890,2780081,,2487890,,,,,,PFX,2025-05-07,PFX,2025-05-07
Chimera Investment Corp.,co_6ada2295c415,,Real Estate,,,,,,,,151710,3635972,3416509,,3635972,,,,,,PFX,2025-05-07,PFX,2025-05-07
Copper Property CTL Pass Through Trust,co_10d79bf68c1e,,Real Estate,,,,,,,,637795,7333945,8240311,,7333945,,,,,,PFX,2025-05-07,PFX,2025-05-07
"First Brands Group, LLC",co_1acc95f66b5d,,Automotive,5.00%,,,,,,2027-03-30,3859297,3859297,3531256,,3859297,,,,,,PFX,2025-05-07,PFX,2025-05-07
"Global Accessories Group, LLC",co_057a05662c8b,,Consumer & Retail,3.8%,,,,,,,380,151337,,,151337,,,,,,PFX,2025-05-07,PFX,2025-05-07
Innovate Corp.,co_0a4006509be4,,Industrials,8.50%,,,,,,2026-02-01,4250000,3714663,3945417,,3714663,,,,,,PFX,2025-05-07,PFX,2025-05-07
NGS-WCS Group Holdings,co_e6d542a85ec5,,Industrials,4.75%,,,,,,2030-05-31,992500,988076,997463,,988076,,,,,,PFX,2025-05-07,PFX,2025-05-07
"JFL-NGS-WCS Partners, LLC",co_2a9c1a87b2cd,,Industrials,,,,,,,,10000000,10000000,12800000,,10000000,,,,,,PFX,2025-05-07,PFX,2025-05-07
"Kemmerer Operations, LLC",co_84ebe4c19813,,Chemicals & Materials,5.00%,,,,,,2028-12-31,12161321,12161321,12161321,,12161321,,,,,,PFX,2025-05-07,PFX,2025-05-07
Lighting Science Group Corp.,co_de0f37513dea,,Containers & Packaging,0.62%,,,,,,,5000000,955680,,,955680,,,,,,PFX,2025-05-07,PFX,2025-05-07
"Lucky Bucks, LLC",co_2709cdef36b5,,Consumer & Retail,7.50%,,,,,,2029-10-02,2107655,1961372,2107655,,1961372,,,,,,PFX,2025-05-07,PFX,2025-05-07
"LB NewHoldCo, LLC",co_4b88a0e83ba6,,Healthcare,,,,,,,,230739,449393,1626710,,449393,,,,,,PFX,2025-05-07,PFX,2025-05-07
MB Precision Investment Holdings LLC,co_b2d9202df35c,,Aerospace & Defense,8.00%,,,,,,2028-09-30,6886479,6672792,6654060,,6672792,,,,,,PFX,2025-05-07,PFX,2025-05-07
"MFA Financial, Inc.",co_44c73bdb7915,,Real Estate,,,,,,,,114695,2800579,2844436,,2800579,,,,,,PFX,2025-05-07,PFX,2025-05-07
"Neptune Bidco US, Inc.",co_a6ffd5a50f17,,Media & Entertainment,5.00%,,,,,,2029-04-11,2982310,2800828,2574728,,2800828,,,,,,PFX,2025-05-07,PFX,2025-05-07
"New York Mortgage Trust, Inc.",co_c7613ec5453a,,Real Estate,,,,,,,,220469,5485953,5423537,,5485953,,,,,,PFX,2025-05-07,PFX,2025-05-07
Outerstuff LLC,co_592f881f6c7a,,Business Services,6.50%,,,,,,2027-12-31,4537695,4503662,4537695,,4503662,,,,,,PFX,2025-05-07,PFX,2025-05-07
Power Stop LLC,co_c3e3b0961c57,,Automotive,4.75%,,,,,,2029-01-26,7795114,7257826,7184500,,7257826,,,,,,PFX,2025-05-07,PFX,2025-05-07
PREIT Associates,co_092664305822,,Real Estate,7.00%,,,,,,2029-04-01,96884,94947,98095,,94947,,,,,,PFX,2025-05-07,PFX,2025-05-07
"SS Acquisition, LLC",co_8012581319ca,,Consumer & Retail,6.00%,,,,,,2029-12-20,13537500,13465766,13352036,,13465766,,,,,,PFX,2025-05-07,PFX,2025-05-07
Stancor,co_d16fc80c99b9,,Business Services,,,,,,,,358867,345491,410796,,345491,,,,,,PFX,2025-05-07,PFX,2025-05-07
Spotter Inc.,co_b582e5b0003d,,Software & Technology,,,,,,,,414293,5999998,5999998,,5999998,,,,,,PFX,2025-05-07,PFX,2025-05-07
"Staples, Inc.",co_2f61cd7ec988,,Consumer & Retail,5.75%,,,,,,2029-09-01,3980000,3837998,3482500,,3837998,,,,,,PFX,2025-05-07,PFX,2025-05-07
"Tamarix Capital Partners II, LP.",co_f9c2dbefcf51,,Financial Services,,,,,,,,,1746049,1599749,,1746049,,,,,,PFX,2025-05-07,PFX,2025-05-07
"Thryv Holdings, Inc.",co_f15d2fafb73c,,Media & Entertainment,6.75%,,,,,,2029-05-01,2325000,2305106,2348250,,2305106,,,,,,PFX,2025-05-07,PFX,2025-05-07
"Velocity Pooling Vehicle, LLC",co_c1006d15c256,,Automotive,,,,,,,2028-03-30,5441,302464,,,302464,,,,,,PFX,2025-05-07,PFX,2025-05-07
"Wingman Holdings, Inc.",co_fcdfc8ad3717,,Aerospace & Defense,,,,,,,,350,700000,199054,,700000,,,,,,PFX,2025-05-07,PFX,2025-05-07
"XYZ Roofco, LLC",co_b5826626974a,,Consumer & Retail,3.50%,,,,,,2028-10-16,632066,636485,627326,,636485,,,,,,PFX,2025-05-07,PFX,2025-05-07
"Black Angus Steakhouses, LLC",co_24b837d347d9,,Healthcare,1.00%,1.00%,,,,,2025-01-31,1085396,875749,448919,,875749,,,,,,PFX,2025-05-07,PFX,2025-05-07
"FST Holdings Parent, LLC",co_d26d9be7f4c3,,Software & Technology,,,,,,,,625548,10008289,12343896,,10008289,,,,,,PFX,2025-05-07,PFX,2025-05-07
ECC Capital Corp.,co_4994954fea6f,,Real Estate,,,,,,,,84000000,4257002,5031600,,4257002,,,,,,PFX,2025-05-07,PFX,2025-05-07
"FlexFIN, LLC",co_1dd049b74e06,,Business Services,,,,,,,,36775335,36775335,36775335,,36775335,,,,,,PFX,2025-05-07,PFX,2025-05-07
"NSG Captive, Inc.",co_820ec61eb614,,Insurance,,,,,,,,100000,49246255,48397142,,49246255,,,,,,PFX,2025-05-07,PFX,2025-05-07
NVTN LLC,co_649cd59d6e94,,Healthcare,7.00%,,,,,,2026-12-31,9800000,9916309,9800000,,9916309,,,,,,PFX,2025-05-07,PFX,2025-05-07
"All Around Roustabout, LLC",co_d031f0bfd110,,Energy,,,,,,,2026-08-31,350000,196411,350000,,196411,,,,,,PFX,2025-05-07,PFX,2025-05-07
Altisource S.A.R.L.,co_f815714130ba,,Business Services,5.00%,3.75%,,,,,2025-04-30,14004684,11029605,9565199,,11029605,,,,,,PFX,2025-05-07,PFX,2025-05-07
"Arcline FM Holdings, LLC",co_50538b3fe821,,Aerospace & Defense,4.50%,,,,,,2028-06-23,2658987,2571184,2660649,,2571184,,,,,,PFX,2025-05-07,PFX,2025-05-07
Blufox Mobile Services,co_9689e96736a0,,Consumer & Retail,9.50%,4.00%,,,,,2028-04-12,7111139,7047816,7111139,,7047816,,,,,,PFX,2025-05-07,PFX,2025-05-07
"CB&L Associates Holdco I, LLC",co_52b0b6182263,,Real Estate,2.75%,,,,,,2025-11-01,5384063,4541408,5034099,,4541408,,,,,,PFX,2025-05-07,PFX,2025-05-07
Chimera Investment Corp.,co_6ada2295c415,,Real Estate,,,,,,,,137310,3343083,3110072,,3343083,,,,,,PFX,2025-05-07,PFX,2025-05-07
Copper Property CTL Pass Through Trust,co_10d79bf68c1e,,Real Estate,,,,,,,,637795,7678355,7664893,,7678355,,,,,,PFX,2025-05-07,PFX,2025-05-07
"DirecTV Financing, LLC",co_0dceea6fc0a0,,Media & Entertainment,5.00%,,,,,,2027-08-02,3639523,3641793,3639523,,3641793,,,,,,PFX,2025-05-07,PFX,2025-05-07
"Epic Y-Grade Services, LP",co_8fd84b52e7ff,,Energy,5.75%,,,,,,2029-06-30,4000000,3906938,3982500,,3906938,,,,,,PFX,2025-05-07,PFX,2025-05-07
"First Brands Group, LLC",co_1acc95f66b5d,,Automotive,5.00%,,,,,,2027-03-30,3879397,3879397,3830905,,3879397,,,,,,PFX,2025-05-07,PFX,2025-05-07
"Franklin BSP Realty Trust, Inc.",co_c2a895429d13,,Real Estate,,,,,,,,66107,907782,863357,,907782,,,,,,PFX,2025-05-07,PFX,2025-05-07
Innovate Corp.,co_0a4006509be4,,Industrials,8.50%,,,,,,2026-02-01,4250000,3714663,3392031,,3714663,,,,,,PFX,2025-05-07,PFX,2025-05-07
"Invesco Mortgage Capital, Inc.",co_85e17f7429fe,,Real Estate,,,,,,,,192300,4725994,4624815,,4725994,,,,,,PFX,2025-05-07,PFX,2025-05-07
NGS-WCS Group Holdings,co_e6d542a85ec5,,Industrials,4.75%,,,,,,2030-05-31,997500,992748,1002488,,992748,,,,,,PFX,2025-05-07,PFX,2025-05-07
"JFL-NGS-WCS Partners, LLC",co_2a9c1a87b2cd,,Industrials,,,,,,,,10000000,10000000,12700000,,10000000,,,,,,PFX,2025-05-07,PFX,2025-05-07
"Lucky Bucks, LLC",co_2709cdef36b5,,Consumer & Retail,7.50%,,,,,,2029-10-02,1351031,1324010,1351031,,1324010,,,,,,PFX,2025-05-07,PFX,2025-05-07
"LB NewHoldCo, LLC",co_4b88a0e83ba6,,Healthcare,,,,,,,,180739,174393,1420305,,174393,,,,,,PFX,2025-05-07,PFX,2025-05-07
"McKissock Investment Holdings, LLC",co_15c525540b0d,,Consumer & Retail,5.00%,,,,,,2029-03-10,4874543,4840100,4868450,,4840100,,,,,,PFX,2025-05-07,PFX,2025-05-07
"MFA Financial, Inc.",co_44c73bdb7915,,Real Estate,,,,,,,,97426,2318487,2308996,,2318487,,,,,,PFX,2025-05-07,PFX,2025-05-07
"Neptune Bidco US, Inc.",co_a6ffd5a50f17,,Media & Entertainment,5.00%,,,,,,2029-04-11,1994949,1885227,1865278,,1885227,,,,,,PFX,2025-05-07,PFX,2025-05-07
"New York Mortgage Trust, Inc.",co_c7613ec5453a,,Real Estate,,,,,,,,165000,4102076,4039200,,4102076,,,,,,PFX,2025-05-07,PFX,2025-05-07
PHH Mortgage Corp.,co_ccf5efd049cf,,Real Estate,7.875%,,,,,,2026-03-15,7686000,6990720,7661981,,6990720,,,,,,PFX,2025-05-07,PFX,2025-05-07
Point.360,co_a3cdf56aa013,,Business Services,,6.00%,,,,,2020-07-08,2777366,2103712,,,2103712,,,,,,PFX,2025-05-07,PFX,2025-05-07
Power Stop LLC,co_c3e3b0961c57,,Automotive,4.75%,,,,,,2029-01-26,8838431,8289487,8484894,,8289487,,,,,,PFX,2025-05-07,PFX,2025-05-07
Secure Acquisition Inc.,co_6a3b4e3de83a,,Containers & Packaging,4.25%,,,,,,2028-12-16,3509670,3499674,3505283,,3499674,,,,,,PFX,2025-05-07,PFX,2025-05-07
"SS Acquisition, LLC",co_8012581319ca,,Consumer & Retail,6.50%,,,,,,2026-12-30,6666667,6612831,6666667,,6612831,,,,,,PFX,2025-05-07,PFX,2025-05-07
Stancor,co_d16fc80c99b9,,Business Services,,,,,,,,358867,345491,375105,,345491,,,,,,PFX,2025-05-07,PFX,2025-05-07
"Staples, Inc.",co_2f61cd7ec988,,Consumer & Retail,5.75%,,,,,,2029-09-01,4000000,3845748,3632500,,3845748,,,,,,PFX,2025-05-07,PFX,2025-05-07
"Tamarix Capital Partners II, LP.",co_f9c2dbefcf51,,Financial Services,,,,,,,,,1746049,1524911,,1746049,,,,,,PFX,2025-05-07,PFX,2025-05-07
"Thryv Holdings, Inc.",co_f15d2fafb73c,,Media & Entertainment,6.75%,,,,,,2029-05-01,2550000,2526140,2581875,,2526140,,,,,,PFX,2025-05-07,PFX,2025-05-07
"Velocity Pooling Vehicle, LLC",co_c1006d15c256,,Automotive,,,,,,,,5441,302464,,,302464,,,,,,PFX,2025-05-07,PFX,2025-05-07
"Wingman Holdings, Inc.",co_fcdfc8ad3717,,Aerospace & Defense,,,,,,,,350,700000,166795,,700000,,,,,,PFX,2025-05-07,PFX,2025-05-07
"XYZ Roofco, LLC",co_b5826626974a,,Consumer & Retail,3.50%,,,,,,2028-10-16,646390,650342,641542,,650342,,,,,,PFX,2025-05-07,PFX,2025-05-07
"Black Angus Steakhouses, LLC",co_24b837d347d9,,Healthcare,1.00%,1.00%,,,,,2025-01-31,1013584,875749,751207,,875749,,,,,,PFX,2025-05-07,PFX,2025-05-07
"FST Holdings Parent, LLC",co_d26d9be7f4c3,,Software & Technology,,,,,,,,625548,10000000,12351802,,10000000,,,,,,PFX,2025-05-07,PFX,2025-05-07
ECC Capital Corp.,co_4994954fea6f,,Real Estate,,,,,,,,84000000,4257002,4872000,,4257002,,,,,,PFX,2025-05-07,PFX,2025-05-07
"FlexFIN, LLC",co_1dd049b74e06,,Business Services,,,,,,,,36683045,36683045,36683045,,36683045,,,,,,PFX,2025-05-07,PFX,2025-05-07
"NSG Captive, Inc.",co_820ec61eb614,,Insurance,,,,,,,,100000,101000,101000,,101000,,,,,,PFX,2025-05-07,PFX,2025-05-07
NVTN LLC,co_649cd59d6e94,,Healthcare,7.00%,,,,,,2026-12-31,5500000,5616309,5500000,,5616309,,,,,,PFX,2025-05-07,PFX,2025-05-07
"Control Investments are defined by the Investment Company Act of 1940, as amended (the ""1940 Act""), as investments in companies in which the Company owns more than 25% of the voting securities or maintains greater than 50% of the board representation.",co_710359d50a92,,,25%,,,,,,,,,,,,,,,,,PFX,2025-05-07,PFX,2025-05-07
"The investment has an unfunded commitment as of September 30, 2024 (see Note 8), and fair value includes the value of any unfunded commitments. The negative cost, if applicable, is the result of the capitalized discount being greater than the principal amount outstanding on the loan. The negative fair value, if applicable, is the result of the capitalized discount on the loan.",co_3309c7c608bb,,,,,,,,,,,,,,,,,,,,PFX,2025-05-07,PFX,2025-05-07
Not in use.,co_2dc4c5e1bab5,,,,,,,,,,,,,,,,,,,,PFX,2025-05-07,PFX,2025-05-07
"The investment was on non-accrual status as of September 30, 2024.",co_88e629cd217a,,Financial Services,,,,,,,,,,,,,,,,,,PFX,2025-05-07,PFX,2025-05-07
"The investment is not a qualifying asset as defined under Section 55(a) of 1940 Act, in a whole, or in part. As of September 30, 2024, non-qualifying assets represented 13.1% of total assets.",co_846e9980ad7b,,,13.1%,,,,,,,,,,,,,,,,,PFX,2025-05-07,PFX,2025-05-07
"This investment earns 0.50% commitment fee on all unused commitment as of September 30, 2024, and is recorded as a component of interest income on the Consolidated Statements of Operations.",co_bca8dac5ce10,,,0.50%,,,,,,,,,,,,,,,,,PFX,2025-05-07,PFX,2025-05-07
Black-Scholes model or simulation models or a combination thereof (Income Approach - Option Model) with respect to the valuation of warrants.,co_d4558037a4d8,,,,,,,,,,,,,,,,,,,,PFX,2025-05-07,PFX,2025-05-07
"Largest portfolio company by amortized cost and fair value, respectively",co_e704b898cb54,,,,,,,,,,,,,,,,,,,,PFX,2025-05-07,PFX,2025-05-07
"Advocates for Disabled Vets, LLC",co_cef505fd7e67,,Consumer & Retail,12%,,,,,,2030-03-07,8966250,8796931,8786925,,8796931,,,,,,PFX,2025-08-06,PFX,2025-08-06
Altisource S.A.R.L.,co_f815714130ba,,Business Services,6.50%,,,,,,2030-04-30,8054585,8309343,7883425,,8309343,,,,,,PFX,2025-08-06,PFX,2025-08-06
"Boostability Seotowncenter, Inc.",co_b2141134afce,,Business Services,,,,,,,,833152,66475,,,66475,,,,,,PFX,2025-08-06,PFX,2025-08-06
"CB&L Associates Holdco I, LLC",co_52b0b6182263,,Real Estate,2.75%,,,,,,2025-11-01,2929278,2460845,2746198,,2460845,,,,,,PFX,2025-08-06,PFX,2025-08-06
Chimera Investment Corp.,co_6ada2295c415,,Real Estate,,,,,,,,151710,3635972,3424095,,3635972,,,,,,PFX,2025-08-06,PFX,2025-08-06
Compass Diversified Holdings,co_09bf04de6f86,,Real Estate,,,,,,,,47550,810616,896318,,810616,,,,,,PFX,2025-08-06,PFX,2025-08-06
Copper Property CTL Pass Through Trust,co_10d79bf68c1e,,Real Estate,,,,,,,,637795,7200434,7902280,,7200434,,,,,,PFX,2025-08-06,PFX,2025-08-06
"First Brands Group, LLC",co_1acc95f66b5d,,Automotive,5.00%,,,,,,2027-03-30,3849246,3849246,3632726,,3849246,,,,,,PFX,2025-08-06,PFX,2025-08-06
Innovate Corp.,co_0a4006509be4,,Industrials,8.50%,,,,,,2026-02-01,4250000,3714663,3758594,,3714663,,,,,,PFX,2025-08-06,PFX,2025-08-06
NGS-WCS Group Holdings,co_e6d542a85ec5,,Industrials,4.75%,,,,,,2030-05-31,990000,985746,999900,,985746,,,,,,PFX,2025-08-06,PFX,2025-08-06
"JFL-NGS-WCS Partners, LLC",co_2a9c1a87b2cd,,Industrials,,,,,,,,10000000,10000000,11300000,,10000000,,,,,,PFX,2025-08-06,PFX,2025-08-06
"Kemmerer Operations, LLC",co_84ebe4c19813,,Chemicals & Materials,5.00%,,,,,,2028-12-31,8762782,8762782,8762782,5.59,8762782,,,,,,PFX,2025-08-06,PFX,2025-08-06
"Lucky Bucks, LLC",co_2709cdef36b5,,Consumer & Retail,7.50%,1.00%,,,,,2029-10-02,2130294,1984373,2130294,1.36,1984373,,,,,,PFX,2025-08-06,PFX,2025-08-06
"LB NewHoldCo, LLC",co_4b88a0e83ba6,,Healthcare,,,,,,,,230739,449393,1506726,0.96,449393,,,,,,PFX,2025-08-06,PFX,2025-08-06
MB Precision Investment Holdings LLC,co_b2d9202df35c,,Aerospace & Defense,8.00%,,,,,,2028-09-30,6864930,6676829,6753718,4.31,6676829,,,,,,PFX,2025-08-06,PFX,2025-08-06
"MFA Financial, Inc.",co_44c73bdb7915,,Real Estate,,,,,,,,114695,2800579,2697626,1.72,2800579,,,,,,PFX,2025-08-06,PFX,2025-08-06
"Neptune Bidco US, Inc.",co_a6ffd5a50f17,,Media & Entertainment,5.00%,,,,,,2029-04-11,2974722,2793701,2803675,1.79,2793701,,,,,,PFX,2025-08-06,PFX,2025-08-06
"New York Mortgage Trust, Inc.",co_c7613ec5453a,,Real Estate,,,,,,,,221469,5510240,5437064,3.47,5510240,,,,,,PFX,2025-08-06,PFX,2025-08-06
PHH Mortgage Corp.,co_ccf5efd049cf,,Real Estate,9.875%,,,,,,2029-11-01,2500000,2343050,2475000,1.58,2343050,,,,,,PFX,2025-08-06,PFX,2025-08-06
Power Stop LLC,co_c3e3b0961c57,,Automotive,4.75%,,,,,,2029-01-26,8922908,7928883,6658720,4.25,7928883,,,,,,PFX,2025-08-06,PFX,2025-08-06
PREIT Associates,co_092664305822,,Real Estate,7.00%,,,,,,2029-04-01,69297,67911,68604,0.04,67911,,,,,,PFX,2025-08-06,PFX,2025-08-06
"PSB Group, LLC",co_9dcd21e3bc70,,Consumer & Retail,6.75%,,,,,,2030-04-17,5720956,5693197,5720956,3.65,5693197,,,,,,PFX,2025-08-06,PFX,2025-08-06
Redwood Trust Inc.,co_60347f4724cb,,Real Estate,,,,,,,,7417,182468,187724,0.12,182468,,,,,,PFX,2025-08-06,PFX,2025-08-06
"SS Acquisition, LLC",co_8012581319ca,,Consumer & Retail,6.00%,,,,,,2029-12-20,13503571,13434844,13386090,8.54,13434844,,,,,,PFX,2025-08-06,PFX,2025-08-06
Stancor,co_d16fc80c99b9,,Business Services,,,,,,,,358867,345491,321186,0.20,345491,,,,,,PFX,2025-08-06,PFX,2025-08-06
Spotter Inc.,co_b582e5b0003d,,Software & Technology,,,,,,,,414293,5999998,5999998,3.83,5999998,,,,,,PFX,2025-08-06,PFX,2025-08-06
"Staples, Inc.",co_2f61cd7ec988,,Consumer & Retail,5.75%,,,,,,2029-09-01,3970000,3834349,3657363,2.33,3834349,,,,,,PFX,2025-08-06,PFX,2025-08-06
"Tamarix Capital Partners II, LP.",co_f9c2dbefcf51,,Financial Services,,,,,,,,,1746049,1649842,1.05,1746049,,,,,,PFX,2025-08-06,PFX,2025-08-06
"Thryv Holdings, Inc.",co_f15d2fafb73c,,Media & Entertainment,6.75%,,,,,,2029-05-01,2100000,2082899,2113125,1.35,2082899,,,,,,PFX,2025-08-06,PFX,2025-08-06
"Wingman Holdings, Inc.",co_fcdfc8ad3717,,Aerospace & Defense,8.75%,,,,,,2029-04-17,805120,782413,797069,0.51,782413,,,,,,PFX,2025-08-06,PFX,2025-08-06
"XYZ Roofco, LLC",co_b5826626974a,,Consumer & Retail,3.50%,,,,,,2028-10-16,624904,629557,624904,0.40,629557,,,,,,PFX,2025-08-06,PFX,2025-08-06
"FST Holdings Parent, LLC",co_d26d9be7f4c3,,Software & Technology,,,,,,,,625548,10008289,11592334,,10008289,,,,,,PFX,2025-08-06,PFX,2025-08-06
ECC Capital Corp.,co_4994954fea6f,,Real Estate,,,,,,,,84000000,4257002,6468000,,4257002,,,,,,PFX,2025-08-06,PFX,2025-08-06
"FlexFIN, LLC",co_1dd049b74e06,,Business Services,,,,,,,,36245002,36245002,36245002,,36245002,,,,,,PFX,2025-08-06,PFX,2025-08-06
"NSG Captive, Inc.",co_820ec61eb614,,Insurance,,,,,,,,100000,49255076,48428501,,49255076,,,,,,PFX,2025-08-06,PFX,2025-08-06
NVTN LLC,co_649cd59d6e94,,Healthcare,7.00%,,,,,,2026-12-31,10200000,10316309,10200000,,10316309,,,,,,PFX,2025-08-06,PFX,2025-08-06
"All Around Roustabout, LLC",co_d031f0bfd110,,Energy,,,,,,,2026-08-31,350000,196411,350000,,196411,,,,,,PFX,2025-08-06,PFX,2025-08-06
Altisource S.A.R.L.,co_f815714130ba,,Business Services,5.00%,3.75%,,,,,2025-04-30,14004684,11029605,9565199,,11029605,,,,,,PFX,2025-08-06,PFX,2025-08-06
"Arcline FM Holdings, LLC",co_50538b3fe821,,Aerospace & Defense,4.50%,,,,,,2028-06-23,2658987,2571184,2660649,,2571184,,,,,,PFX,2025-08-06,PFX,2025-08-06
Blufox Mobile Services,co_9689e96736a0,,Consumer & Retail,9.50%,4.00%,,,,,2028-04-12,7111139,7047816,7111139,,7047816,,,,,,PFX,2025-08-06,PFX,2025-08-06
"CB&L Associates Holdco I, LLC",co_52b0b6182263,,Real Estate,2.75%,,,,,,2025-11-01,5384063,4541408,5034099,,4541408,,,,,,PFX,2025-08-06,PFX,2025-08-06
Chimera Investment Corp.,co_6ada2295c415,,Real Estate,,,,,,,,137310,3343083,3110072,,3343083,,,,,,PFX,2025-08-06,PFX,2025-08-06
Copper Property CTL Pass Through Trust,co_10d79bf68c1e,,Real Estate,,,,,,,,637795,7678355,7664893,,7678355,,,,,,PFX,2025-08-06,PFX,2025-08-06
"DirecTV Financing, LLC",co_0dceea6fc0a0,,Media & Entertainment,5.00%,,,,,,2027-08-02,3639523,3641793,3639523,,3641793,,,,,,PFX,2025-08-06,PFX,2025-08-06
"Epic Y-Grade Services, LP",co_8fd84b52e7ff,,Energy,5.75%,,,,,,2029-06-30,4000000,3906938,3982500,,3906938,,,,,,PFX,2025-08-06,PFX,2025-08-06
"First Brands Group, LLC",co_1acc95f66b5d,,Automotive,5.00%,,,,,,2027-03-30,3879397,3879397,3830905,,3879397,,,,,,PFX,2025-08-06,PFX,2025-08-06
"Franklin BSP Realty Trust, Inc.",co_c2a895429d13,,Real Estate,,,,,,,,66107,907782,863357,,907782,,,,,,PFX,2025-08-06,PFX,2025-08-06
"Global Accessories Group, LLC",co_057a05662c8b,,Consumer & Retail,3.8%,,,,,,,380,151337,,,151337,,,,,,PFX,2025-08-06,PFX,2025-08-06
Innovate Corp.,co_0a4006509be4,,Industrials,8.50%,,,,,,2026-02-01,4250000,3714663,3392031,,3714663,,,,,,PFX,2025-08-06,PFX,2025-08-06
"Invesco Mortgage Capital, Inc.",co_85e17f7429fe,,Real Estate,,,,,,,,192300,4725994,4624815,,4725994,,,,,,PFX,2025-08-06,PFX,2025-08-06
NGS-WCS Group Holdings,co_e6d542a85ec5,,Industrials,4.75%,,,,,,2030-05-31,997500,992748,1002488,,992748,,,,,,PFX,2025-08-06,PFX,2025-08-06
"JFL-NGS-WCS Partners, LLC",co_2a9c1a87b2cd,,Industrials,,,,,,,,10000000,10000000,12700000,,10000000,,,,,,PFX,2025-08-06,PFX,2025-08-06
"Kemmerer Operations, LLC",co_84ebe4c19813,,Chemicals & Materials,5.00%,,,,,,2028-12-31,12161321,12161321,12161321,,12161321,,,,,,PFX,2025-08-06,PFX,2025-08-06
Lighting Science Group Corp.,co_de0f37513dea,,Containers & Packaging,0.62%,,,,,,,5000000,955680,,,955680,,,,,,PFX,2025-08-06,PFX,2025-08-06
"Lucky Bucks, LLC",co_2709cdef36b5,,Consumer & Retail,7.50%,,,,,,2029-10-02,1351031,1324010,1351031,,1324010,,,,,,PFX,2025-08-06,PFX,2025-08-06
"LB NewHoldCo, LLC",co_4b88a0e83ba6,,Healthcare,,,,,,,,180739,174393,1420305,,174393,,,,,,PFX,2025-08-06,PFX,2025-08-06
"McKissock Investment Holdings, LLC",co_15c525540b0d,,Consumer & Retail,5.00%,,,,,,2029-03-10,4874543,4840100,4868450,,4840100,,,,,,PFX,2025-08-06,PFX,2025-08-06
"MFA Financial, Inc.",co_44c73bdb7915,,Real Estate,,,,,,,,97426,2318487,2308996,,2318487,,,,,,PFX,2025-08-06,PFX,2025-08-06
"Neptune Bidco US, Inc.",co_a6ffd5a50f17,,Media & Entertainment,5.00%,,,,,,2029-04-11,1994949,1885227,1865278,,1885227,,,,,,PFX,2025-08-06,PFX,2025-08-06
"New York Mortgage Trust, Inc.",co_c7613ec5453a,,Real Estate,,,,,,,,165000,4102076,4039200,,4102076,,,,,,PFX,2025-08-06,PFX,2025-08-06
PHH Mortgage Corp.,co_ccf5efd049cf,,Real Estate,7.875%,,,,,,2026-03-15,7686000,6990720,7661981,,6990720,,,,,,PFX,2025-08-06,PFX,2025-08-06
Point.360,co_a3cdf56aa013,,Business Services,,6.00%,,,,,2020-07-08,2777366,2103712,,,2103712,,,,,,PFX,2025-08-06,PFX,2025-08-06
Power Stop LLC,co_c3e3b0961c57,,Automotive,4.75%,,,,,,2029-01-26,8838431,8289487,8484894,,8289487,,,,,,PFX,2025-08-06,PFX,2025-08-06
Secure Acquisition Inc.,co_6a3b4e3de83a,,Containers & Packaging,4.25%,,,,,,2028-12-16,3509670,3499674,3505283,,3499674,,,,,,PFX,2025-08-06,PFX,2025-08-06
"SS Acquisition, LLC",co_8012581319ca,,Consumer & Retail,6.50%,,,,,,2026-12-30,6666667,6612831,6666667,,6612831,,,,,,PFX,2025-08-06,PFX,2025-08-06
Stancor,co_d16fc80c99b9,,Business Services,,,,,,,,358867,345491,375105,,345491,,,,,,PFX,2025-08-06,PFX,2025-08-06
"Staples, Inc.",co_2f61cd7ec988,,Consumer & Retail,5.75%,,,,,,2029-09-01,4000000,3845748,3632500,,3845748,,,,,,PFX,2025-08-06,PFX,2025-08-06
"Tamarix Capital Partners II, LP.",co_f9c2dbefcf51,,Financial Services,,,,,,,,,1746049,1524911,,1746049,,,,,,PFX,2025-08-06,PFX,2025-08-06
"Thryv Holdings, Inc.",co_f15d2fafb73c,,Media & Entertainment,6.75%,,,,,,2029-05-01,2550000,2526140,2581875,,2526140,,,,,,PFX,2025-08-06,PFX,2025-08-06
"Velocity Pooling Vehicle, LLC",co_c1006d15c256,,Automotive,,,,,,,,5441,302464,,,302464,,,,,,PFX,2025-08-06,PFX,2025-08-06
"Wingman Holdings, Inc.",co_fcdfc8ad3717,,Aerospace & Defense,,,,,,,,350,700000,166795,,700000,,,,,,PFX,2025-08-06,PFX,2025-08-06
"XYZ Roofco, LLC",co_b5826626974a,,Consumer & Retail,3.50%,,,,,,2028-10-16,646390,650342,641542,,650342,,,,,,PFX,2025-08-06,PFX,2025-08-06
"Black Angus Steakhouses, LLC",co_24b837d347d9,,Healthcare,1.00%,1.00%,,,,,2025-01-31,1013584,875749,751207,,875749,,,,,,PFX,2025-08-06,PFX,2025-08-06
"FST Holdings Parent, LLC",co_d26d9be7f4c3,,Software & Technology,,,,,,,,625548,10000000,12351802,,10000000,,,,,,PFX,2025-08-06,PFX,2025-08-06
ECC Capital Corp.,co_4994954fea6f,,Real Estate,,,,,,,,84000000,4257002,4872000,,4257002,,,,,,PFX,2025-08-06,PFX,2025-08-06
"FlexFIN, LLC",co_1dd049b74e06,,Business Services,,,,,,,,36683045,36683045,36683045,,36683045,,,,,,PFX,2025-08-06,PFX,2025-08-06
"NSG Captive, Inc.",co_820ec61eb614,,Insurance,,,,,,,,100000,101000,101000,,101000,,,,,,PFX,2025-08-06,PFX,2025-08-06
NVTN LLC,co_649cd59d6e94,,Healthcare,7.00%,,,,,,2026-12-31,5500000,5616309,5500000,,5616309,,,,,,PFX,2025-08-06,PFX,2025-08-06
"Largest portfolio company by amortized cost and fair value, respectively",co_e704b898cb54,,,,,,,,,,,,,,,,,,,,PFX,2025-08-06,PFX,2025-08-06
Adamas Trust,co_b7646cd72b6c,Preferred Equity,Real Estate,,,,,,,,221,5510,5566,3.45%,5510,,,,,,PFX,2025-12-12,PFX,2025-12-12
Adamas Trust,co_b7646cd72b6c,Other Equity,Real Estate,,,,,,,,17,376,392,0.24%,376,,,,,,PFX,2025-12-12,PFX,2025-12-12
Adamas Trust Inc.,co_b7646cd72b6c,First Lien,Real Estate,,,,,,,,239,5886,5958,3.69%,5886,,,,,,PFX,2025-12-12,PFX,2025-12-12
Altisource S.A.R.L.,co_f815714130ba,First Lien,Business Services,6.5%,,,,,,2030-04-30,8041,8460,8322,5.18%,8460,,,,,,PFX,2025-12-12,PFX,2025-12-12
Altisource S.A.R.L.,co_f815714130ba,First Lien,Business Services,,,,,,,,547,3328,6380,3.97%,3328,,,,547180,,PFX,2025-12-12,PFX,2025-12-12
Altisource S.A.R.L.,co_f815714130ba,First Lien,Business Services,,,,,,,2029-04-02,111,647,78,0.05%,647,,,,,,PFX,2025-12-12,PFX,2025-12-12
Altisource S.A.R.L.,co_f815714130ba,First Lien,Business Services,,,,,,,2032-04-30,111,622,65,0.04%,622,,,,,,PFX,2025-12-12,PFX,2025-12-12
Altisource S.A.R.L.,co_f815714130ba,First Lien,Business Services,,,,,,,,8811,13057,14845,9.24%,13057,,,,,,PFX,2025-12-12,PFX,2025-12-12
Boostability Seotowncenter,co_b2141134afce,Other Equity,Business Services,,,,,,,,833,66,,0%,66,,,,833152,,PFX,2025-12-12,PFX,2025-12-12
Boostability Seotowncenter Inc.,co_b2141134afce,First Lien,Business Services,,,,,,,,833,66,,0%,66,,,,,,PFX,2025-12-12,PFX,2025-12-12
CB&L Associates Holdco I,co_52b0b6182263,First Lien,Real Estate,2.75%,,,,,,2025-11-01,2880,2419,2754,1.71%,2419,,,,,,PFX,2025-12-12,PFX,2025-12-12
CB&L Associates Holdco I LLC,co_52b0b6182263,First Lien,Real Estate,,,,,,,,2880,2419,2754,1.71%,2419,,,,,,PFX,2025-12-12,PFX,2025-12-12
Chimera Investment Corp.,co_6ada2295c415,First Lien,Financial Services,,,,,,,,152,3636,3505,2.18%,3636,,,,151710,,PFX,2025-12-12,PFX,2025-12-12
Chimera Investment Corp.,co_6ada2295c415,First Lien,Financial Services,,,,,,,,26,636,630,0.39%,636,,,,26133,,PFX,2025-12-12,PFX,2025-12-12
Chimera Investment Corp.,co_6ada2295c415,First Lien,Financial Services,,,,,,,,178,4272,4134,2.57%,4272,,,,,,PFX,2025-12-12,PFX,2025-12-12
Compass Diversified Holdings,co_09bf04de6f86,First Lien,Diversified,,,,,,,,22,381,406,0.25%,381,,,,22049,,PFX,2025-12-12,PFX,2025-12-12
Compass Diversified Holdings,co_09bf04de6f86,First Lien,Diversified,,,,,,,,22,381,406,0.25%,381,,,,,,PFX,2025-12-12,PFX,2025-12-12
Copper Property CTL Pass Through Trust,co_10d79bf68c1e,First Lien,Real Estate,,,,,,,,638,7200,7915,4.92%,7200,,,,,,PFX,2025-12-12,PFX,2025-12-12
Franklin BSP Realty Trust,co_c2a895429d13,Other Equity,Insurance,,,,,,,,50,498,543,0.34%,498,,,,50000,,PFX,2025-12-12,PFX,2025-12-12
Franklin BSP Realty Trust Inc.,co_c2a895429d13,First Lien,Insurance,,,,,,,,50,498,543,0.34%,498,,,,,,PFX,2025-12-12,PFX,2025-12-12
Innovate Corp.,co_0a4006509be4,First Lien,Industrials,10.5%,,,,,,2027-02-01,4558,4023,4034,2.51%,4023,,,,,,PFX,2025-12-12,PFX,2025-12-12
Innovate Corp.,co_0a4006509be4,First Lien,Industrials,,,,,,,,4558,4023,4034,2.51%,4023,,,,,,PFX,2025-12-12,PFX,2025-12-12
Invesco Mortgage Capital,co_85e17f7429fe,Other Equity,Financial Services,,,,,,,,180,1412,1361,0.85%,1412,,,,180000,,PFX,2025-12-12,PFX,2025-12-12
Invesco Mortgage Capital Inc.,co_85e17f7429fe,First Lien,Financial Services,,,,,,,,180,1412,1361,0.85%,1412,,,,,,PFX,2025-12-12,PFX,2025-12-12
NGS-WCS Group Holdings,co_e6d542a85ec5,First Lien,Industrials,4.75%,,,,,,2030-05-31,988,983,997,0.62%,983,,,,,,PFX,2025-12-12,PFX,2025-12-12
JFL-NGS-WCS Partners,co_2a9c1a87b2cd,Other Equity,Industrials,,,,,,,,10000,10000,13100,8.15%,10000,,,,,,PFX,2025-12-12,PFX,2025-12-12
NGS-WCS Group Holdings - JFL-NGS-WCS Partners LLC,co_a5bd0cfd5eae,First Lien,,,,,,,,,10988,10983,14097,8.77%,10983,,,,,,PFX,2025-12-12,PFX,2025-12-12
Kemmerer Operations,co_84ebe4c19813,First Lien,Chemicals & Materials,5%,,,,,,2028-12-31,8763,8763,8763,5.45%,8763,,,,,,PFX,2025-12-12,PFX,2025-12-12
Kemmerer Operations LLC,co_84ebe4c19813,First Lien,Chemicals & Materials,,,,,,,,8763,8763,8763,5.45%,8763,,,,,,PFX,2025-12-12,PFX,2025-12-12
Lucky Bucks,co_2709cdef36b5,First Lien,Consumer & Retail,7.5%,,,,,,2029-10-02,2144,1998,1994,1.24%,1998,,,,,,PFX,2025-12-12,PFX,2025-12-12
Lucky Bucks,co_2709cdef36b5,First Lien,Consumer & Retail,7.5%,,,,,,2028-10-02,1514,1411,1514,0.94%,1411,,,,,,PFX,2025-12-12,PFX,2025-12-12
LB NewHoldCo,co_4b88a0e83ba6,Other Equity,Healthcare,,,,,,,,231,449,994,0.62%,449,,,,230739,,PFX,2025-12-12,PFX,2025-12-12
Lucky Bucks LLC,co_2709cdef36b5,First Lien,Consumer & Retail,,,,,,,,3889,3858,4502,2.8%,3858,,,,,,PFX,2025-12-12,PFX,2025-12-12
MFA Financial,co_44c73bdb7915,Preferred Equity,Financial Services,,,,,,,,115,2801,2738,1.7%,2801,,,,114695,,PFX,2025-12-12,PFX,2025-12-12
MFA Financial,co_44c73bdb7915,Other Equity,Financial Services,,,,,,,,70,715,643,0.4%,715,,,,70000,,PFX,2025-12-12,PFX,2025-12-12
MFA Financial Inc.,co_44c73bdb7915,First Lien,Financial Services,,,,,,,,185,3516,3381,2.1%,3516,,,,,,PFX,2025-12-12,PFX,2025-12-12
Neptune Bidco US,co_a6ffd5a50f17,First Lien,Media & Entertainment,5%,,,,,,2029-04-11,2967,2787,2822,1.76%,2787,,,,,,PFX,2025-12-12,PFX,2025-12-12
Neptune Bidco US,co_a6ffd5a50f17,First Lien,Media & Entertainment,9.29%,,,,,,2029-04-15,4000,3676,3910,2.43%,3676,,,,,,PFX,2025-12-12,PFX,2025-12-12
Neptune Bidco US Inc.,co_a6ffd5a50f17,First Lien,Media & Entertainment,,,,,,,,6967,6463,6732,4.19%,6463,,,,,,PFX,2025-12-12,PFX,2025-12-12
Onity Group Inc.,co_613c184deade,First Lien,Real Estate,,,,,,,,200,3925,3948,2.46%,3925,,,,200000,,PFX,2025-12-12,PFX,2025-12-12
Onity Group Inc.,co_613c184deade,First Lien,Real Estate,,,,,,,,200,3925,3948,2.46%,3925,,,,,,PFX,2025-12-12,PFX,2025-12-12
PHH Mortgage Corp.,co_ccf5efd049cf,First Lien,Financial Services,9.88%,,,,,,2029-11-01,2500,2343,2516,1.56%,2343,,,,,,PFX,2025-12-12,PFX,2025-12-12
PHH Mortgage Corp.,co_ccf5efd049cf,First Lien,Financial Services,,,,,,,,2500,2343,2516,1.56%,2343,,,,,,PFX,2025-12-12,PFX,2025-12-12
Power Stop LLC,co_c3e3b0961c57,First Lien,Automotive,4.75%,,,,,,2029-01-26,9704,8505,7860,4.89%,8505,,,,,,PFX,2025-12-12,PFX,2025-12-12
Power Stop LLC,co_c3e3b0961c57,First Lien,Automotive,,,,,,,,9704,8505,7860,4.89%,8505,,,,,,PFX,2025-12-12,PFX,2025-12-12
PREIT Associates,co_092664305822,First Lien,Real Estate,7%,,,,,,2029-04-01,56,55,58,0.04%,55,,,,,,PFX,2025-12-12,PFX,2025-12-12
PREIT Associates,co_092664305822,First Lien,Real Estate,5.5%,,,,,,2028-12-31,73,72,71,0.04%,72,,,,,,PFX,2025-12-12,PFX,2025-12-12
PREIT Associates,co_092664305822,First Lien,Real Estate,,,,,,,,129,127,129,0.08%,127,,,,,,PFX,2025-12-12,PFX,2025-12-12
PSB Group,co_9dcd21e3bc70,First Lien,Consumer & Retail,6.5%,,,,,,2030-04-17,5707,5680,5707,3.55%,5680,,,,,,PFX,2025-12-12,PFX,2025-12-12
PSB Group,co_9dcd21e3bc70,Revolver,Consumer & Retail,6.5%,,,,,,2030-04-17,293,293,293,0.18%,293,,,,,,PFX,2025-12-12,PFX,2025-12-12
PSB Group LLC,co_9dcd21e3bc70,First Lien,Consumer & Retail,,,,,,,,6000,5973,6000,3.73%,5973,,,,,,PFX,2025-12-12,PFX,2025-12-12
Redwood Trust Inc.,co_60347f4724cb,First Lien,Real Estate,,,,,,,,165,1013,955,0.59%,1013,,,,165000,,PFX,2025-12-12,PFX,2025-12-12
Redwood Trust Inc.,co_60347f4724cb,First Lien,Real Estate,,,,,,,,165,1013,955,0.59%,1013,,,,,,PFX,2025-12-12,PFX,2025-12-12
SS Acquisition,co_8012581319ca,First Lien,Consumer & Retail,5.75%,,,,,,2029-12-20,13470,13404,13470,8.38%,13404,,,,,,PFX,2025-12-12,PFX,2025-12-12
SS Acquisition,co_8012581319ca,Revolver,Consumer & Retail,5.75%,,,,,,2029-12-20,400,400,400,0.25%,400,,,,,,PFX,2025-12-12,PFX,2025-12-12
SS Acquisition LLC,co_8012581319ca,First Lien,Consumer & Retail,,,,,,,,13870,13804,13870,8.63%,13804,,,,,,PFX,2025-12-12,PFX,2025-12-12
Stancor,co_d16fc80c99b9,First Lien,Business Services,,,,,,,,359,345,314,0.2%,345,,,,358867,,PFX,2025-12-12,PFX,2025-12-12
Stancor,co_d16fc80c99b9,First Lien,Business Services,,,,,,,,359,345,314,0.2%,345,,,,,,PFX,2025-12-12,PFX,2025-12-12
Spotter Inc.,co_b582e5b0003d,First Lien,Software & Technology,,,,,,,,414,6000,6000,3.73%,6000,,,,,,PFX,2025-12-12,PFX,2025-12-12
Staples,co_2f61cd7ec988,First Lien,Consumer & Retail,5.75%,,,,,,2029-09-01,3960,3831,3742,2.33%,3831,,,,,,PFX,2025-12-12,PFX,2025-12-12
Staples Inc.,co_2f61cd7ec988,First Lien,Consumer & Retail,,,,,,,,3960,3831,3742,2.33%,3831,,,,,,PFX,2025-12-12,PFX,2025-12-12
Tamarix Capital Partners II LP. - Banking - Fund Investment,co_289ee6c4c181,Other,Financial Services,,,,,,,,,2194,2227,1.39%,2194,,,,,,PFX,2025-12-12,PFX,2025-12-12
Tamarix Capital Partners II LP.,co_f9c2dbefcf51,Other,Financial Services,,,,,,,,,2194,2227,1.39%,2194,,,,,,PFX,2025-12-12,PFX,2025-12-12
Thryv Holdings,co_f15d2fafb73c,First Lien,Media & Entertainment,6.75%,,,,,,2029-05-01,2025,2009,2028,1.26%,2009,,,,,,PFX,2025-12-12,PFX,2025-12-12
Thryv Holdings Inc.,co_f15d2fafb73c,First Lien,Media & Entertainment,,,,,,,,2025,2009,2028,1.26%,2009,,,,,,PFX,2025-12-12,PFX,2025-12-12
WHI Global,co_180ace4605fa,Revolver,Aerospace & Defense,,,,,,,2029-04-17,884,863,876,0.54%,863,,,,,,PFX,2025-12-12,PFX,2025-12-12
WHI Global,co_180ace4605fa,First Lien,Aerospace & Defense,8.75%,,,,,,2029-04-17,12370,12257,12259,7.62%,12257,,,,,,PFX,2025-12-12,PFX,2025-12-12
Wingman Holdings,co_fcdfc8ad3717,Revolver,Aerospace & Defense,,,,,,,,0,700,483,0.3%,700,,,,,,PFX,2025-12-12,PFX,2025-12-12
Wingman Holdings Inc.,co_fcdfc8ad3717,First Lien,Aerospace & Defense,,,,,,,,13254,13820,13618,8.46%,13820,,,,,,PFX,2025-12-12,PFX,2025-12-12
XYZ Roofco,co_b5826626974a,First Lien,Consumer & Retail,3.5%,,,,,,2028-10-16,619,623,619,0.38%,623,,,,,,PFX,2025-12-12,PFX,2025-12-12
XYZ Roofco,co_b5826626974a,Delayed Draw,Consumer & Retail,3.5%,,,,,,2028-10-16,31,32,31,0.02%,32,,,,,,PFX,2025-12-12,PFX,2025-12-12
XYZ Roofco,co_b5826626974a,First Lien,Consumer & Retail,6.25%,,,,,,2028-10-16,1864,1860,1859,1.16%,1860,,,,,,PFX,2025-12-12,PFX,2025-12-12
XYZ Roofco,co_b5826626974a,Delayed Draw,Consumer & Retail,6.25%,,,,,,2028-10-16,140,140,140,0.09%,140,,,,,,PFX,2025-12-12,PFX,2025-12-12
XYZ Roofco LLC,co_b5826626974a,First Lien,Consumer & Retail,,,,,,,,2653,2655,2649,1.65%,2655,,,,,,PFX,2025-12-12,PFX,2025-12-12
Advocates for Disabled Vets,co_cef505fd7e67,First Lien,Consumer & Retail,12%,,,,,,2030-03-07,8932,8770,8799,5.47%,8770,,,,,,PFX,2025-12-12,PFX,2025-12-12
Advocates for Disabled Vets,co_cef505fd7e67,Other Equity,Consumer & Retail,,,,,,,,3375,3375,3360,2.09%,3375,,,,3375000,,PFX,2025-12-12,PFX,2025-12-12
FST Holdings Parent,co_d26d9be7f4c3,Other Equity,Software & Technology,,,,,,,,626,10008,10961,6.82%,10008,,,,625548,,PFX,2025-12-12,PFX,2025-12-12
FST Holdings Parent LLC,co_d26d9be7f4c3,First Lien,Software & Technology,,,,,,,,626,10008,10961,6.82%,10008,,,,,,PFX,2025-12-12,PFX,2025-12-12
MB Precision Investment Holdings LLC,co_b2d9202df35c,First Lien,Financial Services,8%,,,,,,2028-09-30,6843,6696,6399,3.98%,6696,,,,,,PFX,2025-12-12,PFX,2025-12-12
MB Precision Investment Holdings LLC,co_b2d9202df35c,First Lien,Financial Services,8%,,,,,,2028-10-01,505,469,490,0.3%,469,,,,,,PFX,2025-12-12,PFX,2025-12-12
MB Precision Investment Holdings LLC,co_b2d9202df35c,First Lien,Financial Services,8%,,,,,,2028-09-30,2113,2077,1975,1.23%,2077,,,,,,PFX,2025-12-12,PFX,2025-12-12
MB Precision Investment Holdings LLC,co_b2d9202df35c,First Lien,Financial Services,,,,,,,,4106,3167,2725,1.7%,3167,,,,,,PFX,2025-12-12,PFX,2025-12-12
MB Precision Investment Holdings LLC,co_b2d9202df35c,First Lien,Financial Services,,,,,,,,3380,827,673,0.42%,827,,,,2.28,,PFX,2025-12-12,PFX,2025-12-12
MB Precision Investment Holdings LLC,co_b2d9202df35c,First Lien,Financial Services,,,,,,,,16948,13236,12263,7.63%,13236,,,,,,PFX,2025-12-12,PFX,2025-12-12
Controlled Investments - ECC Capital Corp.,co_1342fb2176d9,First Lien,Financial Services,,,,,,,,84000,4257,6636,4.13%,4257,,,,84000000,,PFX,2025-12-12,PFX,2025-12-12
Controlled Investments - ECC Capital Corp.,co_1342fb2176d9,First Lien,Financial Services,,,,,,,2031-12-31,6997,6997,6997,4.35%,6997,,,,,,PFX,2025-12-12,PFX,2025-12-12
ECC Capital Corp.,co_4994954fea6f,First Lien,Real Estate,,,,,,,,90997,11254,13633,8.48%,11254,,,,,,PFX,2025-12-12,PFX,2025-12-12
Controlled Investments - FlexFIN,co_cb4ca16205c3,Other Equity,Financial Services,,,,,,,,37181,37181,37181,23.13%,37181,,,,,,PFX,2025-12-12,PFX,2025-12-12
FlexFIN LLC,co_1dd049b74e06,First Lien,Business Services,,,,,,,,37181,37181,37181,23.13%,37181,,,,,,PFX,2025-12-12,PFX,2025-12-12
Controlled Investments - NSG Captive,co_647a95b1a07c,Other Equity,Financial Services,,,,,,,,100,49255,48470,30.15%,49255,,,,100000,,PFX,2025-12-12,PFX,2025-12-12
NSG Captive Inc.,co_820ec61eb614,First Lien,Insurance,,,,,,,,100,49255,48470,30.15%,49255,,,,,,PFX,2025-12-12,PFX,2025-12-12
Controlled Investments - NVTN LLC,co_7ae41a84118f,Revolver,Financial Services,7%,,,,,,2026-12-31,8900,9030,8900,5.54%,9030,,,,,,PFX,2025-12-12,PFX,2025-12-12
Controlled Investments - NVTN LLC,co_7ae41a84118f,First Lien,Financial Services,,,,,,,2026-12-31,17552,13916,13428,8.35%,13916,,,,,,PFX,2025-12-12,PFX,2025-12-12
Controlled Investments - NVTN LLC,co_7ae41a84118f,First Lien,Financial Services,12%,,,,,,2026-12-31,11506,7570,,0%,7570,,,,,,PFX,2025-12-12,PFX,2025-12-12
Controlled Investments - NVTN LLC,co_7ae41a84118f,Other Equity,Financial Services,,,,,,,,1,21451,,0%,21451,,,,1000,,PFX,2025-12-12,PFX,2025-12-12
NVTN LLC,co_649cd59d6e94,First Lien,Healthcare,,,,,,,,37960,51967,22328,13.89%,51967,,,,,,PFX,2025-12-12,PFX,2025-12-12
Controlled Investments,co_9b906edac9fb,First Lien,Financial Services,,,,,,,,166237,149656,121611,75.65%,149656,,,,,,PFX,2025-12-12,PFX,2025-12-12
Controlled Investments - Subtotal Control Investments,co_fde23fcdaead,First Lien,Financial Services,,,,,,,,300530,324389,302272,1.88%,324389,,,,,,PFX,2025-12-12,PFX,2025-12-12
Controlled Investments - ECC Capital Corp.,co_1342fb2176d9,Other Equity,Financial Services,,,,,,,,,,,,,,,,5,,PFX,2025-12-12,PFX,2025-12-12
Controlled Investments - ECC Capital Corp.,co_1342fb2176d9,Other Equity,Financial Services,,,,,,,,,,,,,,,,0,,PFX,2025-12-12,PFX,2025-12-12
"Adamas Trust, Inc.",co_b7646cd72b6c,,Real Estate,,,,,,,,167876,4203020,4143180,,4203020,,,,,,PFX,2026-02-09,PFX,2026-02-09
Altisource S.A.R.L.,co_f815714130ba,,Business Services,6.50%,,,,,,,8026850,8616683,8307790,,8616683,,,,,,PFX,2026-02-09,PFX,2026-02-09
"Arora Engineers, LLC",co_17f0e8982ebb,,Industrials,6.75%,3.00%,,,,,,9750000,9555000,9555000,,9555000,,,,,,PFX,2026-02-09,PFX,2026-02-09
"Jacmel Arora, LLC",co_2c5551a2a29b,,,,,,,,,,3150000,3055500,3055500,,3055500,,,,,,PFX,2026-02-09,PFX,2026-02-09
"Boostability Seotowncenter, Inc.",co_b2141134afce,,Business Services,,,,,,,,833152,66475,,,66475,,,,,,PFX,2026-02-09,PFX,2026-02-09
Chimera Investment Corp.,co_6ada2295c415,,Real Estate,,,,,,,,151710,3635972,3235974,,3635972,,,,,,PFX,2026-02-09,PFX,2026-02-09
Compass Diversified Holdings,co_09bf04de6f86,,Real Estate,,,,,,,,92958,1570139,1687188,,1570139,,,,,,PFX,2026-02-09,PFX,2026-02-09
Copper Property CTL Pass Through Trust,co_10d79bf68c1e,,Real Estate,,,,,,,,637795,7072025,7175194,,7072025,,,,,,PFX,2026-02-09,PFX,2026-02-09
Innovate Corp.,co_0a4006509be4,,Industrials,10.50%,,,,,,,4558125,4022788,3914290,,4022788,,,,,,PFX,2026-02-09,PFX,2026-02-09
"Invesco Mortgage Capital, Inc.",co_85e17f7429fe,,Real Estate,,,,,,,,180000,1411789,1513800,,1411789,,,,,,PFX,2026-02-09,PFX,2026-02-09
NGS-WCS Group Holdings,co_e6d542a85ec5,,Industrials,4.75%,,,,,,,984882,980983,994850,,980983,,,,,,PFX,2026-02-09,PFX,2026-02-09
"JFL-NGS-WCS Partners, LLC",co_2a9c1a87b2cd,,Industrials,,,,,,,,10000000,10000000,12600000,,10000000,,,,,,PFX,2026-02-09,PFX,2026-02-09
"Kemmerer Operations, LLC",co_84ebe4c19813,,Chemicals & Materials,5.00%,,,,,,,6762782,6762782,6762782,,6762782,,,,,,PFX,2026-02-09,PFX,2026-02-09
"Lucky Bucks, LLC",co_2709cdef36b5,,Consumer & Retail,7.50%,1.00%,,,,,,2165782,2020575,2014177,,2020575,,,,,,PFX,2026-02-09,PFX,2026-02-09
"LB NewHoldCo, LLC",co_4b88a0e83ba6,,Healthcare,,,,,,,,230739,449393,955259,,449393,,,,,,PFX,2026-02-09,PFX,2026-02-09
"MFA Financial, Inc.",co_44c73bdb7915,,Real Estate,,,,,,,,114695,2800579,2617340,,2800579,,,,,,PFX,2026-02-09,PFX,2026-02-09
Onity Group Inc.,co_613c184deade,,Real Estate,,,,,,,,200000,3925000,4060000,,3925000,,,,,,PFX,2026-02-09,PFX,2026-02-09
PHH Mortgage Corp.,co_ccf5efd049cf,,Real Estate,9.875%,,,,,,,2500000,2343050,2581250,,2343050,,,,,,PFX,2026-02-09,PFX,2026-02-09
Power Stop LLC,co_c3e3b0961c57,,Automotive,4.75%,,,,,,,9678741,8483567,8033355,,8483567,,,,,,PFX,2026-02-09,PFX,2026-02-09
PREIT Associates,co_092664305822,,Real Estate,7.00%,,,,,,,56201,55077,56763,,55077,,,,,,PFX,2026-02-09,PFX,2026-02-09
"PSB Group, LLC",co_9dcd21e3bc70,,Consumer & Retail,6.50%,,,,,,,5692279,5666821,5692279,,5666821,,,,,,PFX,2026-02-09,PFX,2026-02-09
Redwood Trust Inc.,co_60347f4724cb,,Real Estate,,,,,,,,185000,1127150,1023050,,1127150,,,,,,PFX,2026-02-09,PFX,2026-02-09
Spotter Inc.,co_b582e5b0003d,,Software & Technology,,,,,,,,51786,750005,804237,,750005,,,,,,PFX,2026-02-09,PFX,2026-02-09
"SS Acquisition, LLC",co_8012581319ca,,Consumer & Retail,5.75%,,,,,,,13435714,13373281,13435714,,13373281,,,,,,PFX,2026-02-09,PFX,2026-02-09
Stancor,co_d16fc80c99b9,,Business Services,,,,,,,,358867,345491,314132,,345491,,,,,,PFX,2026-02-09,PFX,2026-02-09
"Tamarix Capital Partners II, LP.",co_f9c2dbefcf51,,Financial Services,,,,,,,,,2194384,2227463,,2194384,,,,,,PFX,2026-02-09,PFX,2026-02-09
"Thryv Holdings, Inc.",co_f15d2fafb73c,,Media & Entertainment,6.75%,,,,,,,2025000,2010248,2009813,,2010248,,,,,,PFX,2026-02-09,PFX,2026-02-09
"WHI Global, LLC",co_180ace4605fa,,Aerospace & Defense,8.75%,,,,,,,1010346,991015,1001254,,991015,,,,,,PFX,2026-02-09,PFX,2026-02-09
"XYZ Roofco, LLC",co_b5826626974a,,Consumer & Retail,3.50%,,,,,,,612189,617329,596884,,617329,,,,,,PFX,2026-02-09,PFX,2026-02-09
"Advocates for Disabled Vets, LLC",co_cef505fd7e67,,Consumer & Retail,12%,,,,,,,8898750,8744150,8765269,,8744150,,,,,,PFX,2026-02-09,PFX,2026-02-09
"FST Holdings Parent, LLC",co_d26d9be7f4c3,,Software & Technology,,,,,,,,625548,10008289,10955183,,10008289,,,,,,PFX,2026-02-09,PFX,2026-02-09
MB Precision Investment Holdings LLC,co_b2d9202df35c,,Aerospace & Defense,8.00%,,,,,,,6800282,6674395,6392265,,6674395,,,,,,PFX,2026-02-09,PFX,2026-02-09
ECC Capital Corp.,co_4994954fea6f,,Real Estate,,,,,,,,84000000,4257002,9660000,,4257002,,,,,,PFX,2026-02-09,PFX,2026-02-09
"FlexFIN, LLC",co_1dd049b74e06,,Business Services,,,,,,,,36434271,36434271,36434271,,36434271,,,,,,PFX,2026-02-09,PFX,2026-02-09
"NSG Captive, Inc.",co_820ec61eb614,,Insurance,,,,,,,,100000,49255076,48323529,,49255076,,,,,,PFX,2026-02-09,PFX,2026-02-09
NVTN LLC,co_649cd59d6e94,,Healthcare,7.00%,,,,,,,9850000,9979539,9800750,,9979539,,,,,,PFX,2026-02-09,PFX,2026-02-09
"Adamas Trust, Inc.",co_b7646cd72b6c,,Real Estate,,,,,,,,221469,5510240,5565516,,5510240,,,,,,PFX,2026-02-09,PFX,2026-02-09
Altisource S.A.R.L.,co_f815714130ba,,Business Services,6.50%,,,,,,,8040718,8460009,8322143,,8460009,,,,,,PFX,2026-02-09,PFX,2026-02-09
"CB&L Associates Holdco I, LLC",co_52b0b6182263,,Real Estate,2.75%,,,,,,,2879525,2419049,2753546,,2419049,,,,,,PFX,2026-02-09,PFX,2026-02-09
Chimera Investment Corp.,co_6ada2295c415,,Real Estate,,,,,,,,151710,3635972,3504501,,3635972,,,,,,PFX,2026-02-09,PFX,2026-02-09
Compass Diversified Holdings,co_09bf04de6f86,,Real Estate,,,,,,,,22049,381008,405702,,381008,,,,,,PFX,2026-02-09,PFX,2026-02-09
Copper Property CTL Pass Through Trust,co_10d79bf68c1e,,Real Estate,,,,,,,,637795,7200434,7915036,,7200434,,,,,,PFX,2026-02-09,PFX,2026-02-09
"Franklin BSP Realty Trust, Inc.",co_c2a895429d13,,Real Estate,,,,,,,,50000,498155,543000,,498155,,,,,,PFX,2026-02-09,PFX,2026-02-09
Innovate Corp.,co_0a4006509be4,,Industrials,10.50%,,,,,,,4558125,4022788,4033941,,4022788,,,,,,PFX,2026-02-09,PFX,2026-02-09
"Invesco Mortgage Capital, Inc.",co_85e17f7429fe,,Real Estate,,,,,,,,180000,1411789,1360800,,1411789,,,,,,PFX,2026-02-09,PFX,2026-02-09
NGS-WCS Group Holdings,co_e6d542a85ec5,,Industrials,4.75%,,,,,,,987500,983422,997375,,983422,,,,,,PFX,2026-02-09,PFX,2026-02-09
"JFL-NGS-WCS Partners, LLC",co_2a9c1a87b2cd,,Industrials,,,,,,,,10000000,10000000,13100000,,10000000,,,,,,PFX,2026-02-09,PFX,2026-02-09
"Kemmerer Operations, LLC",co_84ebe4c19813,,Chemicals & Materials,5.00%,,,,,,,8762782,8762782,8762782,,8762782,,,,,,PFX,2026-02-09,PFX,2026-02-09
"Lucky Bucks, LLC",co_2709cdef36b5,,Consumer & Retail,7.50%,1.00%,,,,,,2143683,1998121,1993625,,1998121,,,,,,PFX,2026-02-09,PFX,2026-02-09
"LB NewHoldCo, LLC",co_4b88a0e83ba6,,Healthcare,,,,,,,,230739,449393,994485,,449393,,,,,,PFX,2026-02-09,PFX,2026-02-09
"MFA Financial, Inc.",co_44c73bdb7915,,Real Estate,,,,,,,,114695,2800579,2737770,,2800579,,,,,,PFX,2026-02-09,PFX,2026-02-09
"Neptune Bidco US, Inc.",co_a6ffd5a50f17,,Media & Entertainment,5.00%,,,,,,,2967133,2786574,2822486,,2786574,,,,,,PFX,2026-02-09,PFX,2026-02-09
Onity Group Inc.,co_613c184deade,,Real Estate,,,,,,,,200000,3925000,3948000,,3925000,,,,,,PFX,2026-02-09,PFX,2026-02-09
PHH Mortgage Corp.,co_ccf5efd049cf,,Real Estate,9.875%,,,,,,,2500000,2343050,2515625,,2343050,,,,,,PFX,2026-02-09,PFX,2026-02-09
Power Stop LLC,co_c3e3b0961c57,,Automotive,4.75%,,,,,,,9704216,8504727,7860415,,8504727,,,,,,PFX,2026-02-09,PFX,2026-02-09
PREIT Associates,co_092664305822,,Real Estate,7.00%,,,,,,,56201,55077,57606,,55077,,,,,,PFX,2026-02-09,PFX,2026-02-09
"PSB Group, LLC",co_9dcd21e3bc70,,Consumer & Retail,6.50%,,,,,,,5706618,5679996,5706618,,5679996,,,,,,PFX,2026-02-09,PFX,2026-02-09
Redwood Trust Inc.,co_60347f4724cb,,Real Estate,,,,,,,,165000,1012942,955350,,1012942,,,,,,PFX,2026-02-09,PFX,2026-02-09
"SS Acquisition, LLC",co_8012581319ca,,Consumer & Retail,5.75%,,,,,,,13469643,13404028,13469643,,13404028,,,,,,PFX,2026-02-09,PFX,2026-02-09
Spotter Inc.,co_b582e5b0003d,,Software & Technology,,,,,,,,414293,5999998,5999998,,5999998,,,,,,PFX,2026-02-09,PFX,2026-02-09
"Staples, Inc.",co_2f61cd7ec988,,Consumer & Retail,5.75%,,,,,,,3960000,3830925,3742200,,3830925,,,,,,PFX,2026-02-09,PFX,2026-02-09
"Thryv Holdings, Inc.",co_f15d2fafb73c,,Media & Entertainment,6.75%,,,,,,,2025000,2009375,2027531,,2009375,,,,,,PFX,2026-02-09,PFX,2026-02-09
"WHI Global, LLC",co_180ace4605fa,,Aerospace & Defense,8.75%,,,,,,,884053,863075,876097,,863075,,,,,,PFX,2026-02-09,PFX,2026-02-09
"XYZ Roofco, LLC",co_b5826626974a,,Consumer & Retail,3.50%,,,,,,,618546,623442,618546,,623442,,,,,,PFX,2026-02-09,PFX,2026-02-09
"Advocates for Disabled Vets, LLC",co_cef505fd7e67,,Consumer & Retail,12%,,,,,,,8932500,8770471,8798513,,8770471,,,,,,PFX,2026-02-09,PFX,2026-02-09
"FST Holdings Parent, LLC",co_d26d9be7f4c3,,Software & Technology,,,,,,,,625548,10008289,10960741,,10008289,,,,,,PFX,2026-02-09,PFX,2026-02-09
MB Precision Investment Holdings LLC,co_b2d9202df35c,,Aerospace & Defense,8.00%,,,,,,,6843380,6696228,6398561,,6696228,,,,,,PFX,2026-02-09,PFX,2026-02-09
ECC Capital Corp.,co_4994954fea6f,,Real Estate,,,,,,,,84000000,4257002,6636000,,4257002,,,,,,PFX,2026-02-09,PFX,2026-02-09
"FlexFIN, LLC",co_1dd049b74e06,,Business Services,,,,,,,,37180761,37180761,37180761,,37180761,,,,,,PFX,2026-02-09,PFX,2026-02-09
"NSG Captive, Inc.",co_820ec61eb614,,Insurance,,,,,,,,100000,49255076,48469540,,49255076,,,,,,PFX,2026-02-09,PFX,2026-02-09
NVTN LLC,co_649cd59d6e94,,Healthcare,7.00%,,,,,,,8900000,9029539,8900000,,9029539,,,,,,PFX,2026-02-09,PFX,2026-02-09
Black-Scholes model or simulation models or a combination thereof (Income Approach - Option Model) with respect to the valuation of warrants.,co_d4558037a4d8,,,,,,,,,,,,,,,,,,,,PFX,2026-02-09,PFX,2026-02-09
"Largest portfolio company by amortized cost and fair value, respectively",co_e704b898cb54,,,,,,,,,,,,,,,,,,,,PFX,2026-02-09,PFX,2026-02-09
