company_name,company_id,investment_type,industry,cash_rate,pik_rate,reference_rate,spread,floor_rate,acquisition_date,maturity_date,principal_amount,amortized_cost,fair_value,percent_of_net_assets,cost,commitment_limit,undrawn_commitment,rate_cap,shares,data_quality_flags,ticker,filing_date
Coupon 10.30% Basis Point Spread Above Index 1M L+550,co_6c6ceee2f64e,First Lien,Insurance,10.3%,,SOFR,5.5%,,,2026-12-31,160,160,157,,160,,,,,,PNNT,2023-05-11
te LLC,co_52817403f47a,First Lien,Media & Entertainment,10.17%,,SOFR,6%,,,2028-11-23,1908,1876,1889,,1876,,,,,,PNNT,2023-05-11
Coupon 11.41% Basis Point Spread Above Index 1M L+625,co_6c6ceee2f64e,First Lien,Business Services,11.41%,,SOFR,6.25%,,,2026-12-17,280,278,272,,278,,,,,,PNNT,2023-05-11
Education and Childcare Coupon 11.95% Basis Point Spread Above Index 3M L+715,co_1de6a66cf705,First Lien,Healthcare,11.95%,,SOFR,7.15%,,,2023-12-07,20403,20248,19995,,20248,,,,,,PNNT,2023-05-11
te Holdings II Inc.,co_4efff6d416f8,First Lien,Media & Entertainment,,,,,,,,414,414,498,,414,,,,,,PNNT,2023-05-11
te Company II Inc.,co_ba90502123b4,First Lien,Media & Entertainment,,,,,,,,125000,125,110,,125,,,,,cost_suspicious_vs_size|fair_value_suspicious_vs_size,PNNT,2023-05-11
te LLC) Aerospace and Defense,co_b9a1d089ab3f,First Lien,Media & Entertainment,,,,,,,,98286,961,1950,,961,,,,,cost_suspicious_vs_size|fair_value_suspicious_vs_size,PNNT,2023-05-11
te LLC,co_52817403f47a,First Lien,Media & Entertainment,,,,,,,,19687,1969,1969,,1969,,,,,,PNNT,2023-05-11
Education and Childcare Basis Point Spread Above Index 3M L+700,co_2d370eeb6c35,First Lien,Healthcare,10.89%,,SOFR,7%,,,2027-03-15,39722,54580,49114,,54580,,,,,,PNNT,2023-05-11
Basis Point Spread Above Index 3M L+800,co_b78038823dd4,First Lien,Financial Services,12.83%,,SOFR,8%,,,2027-07-31,95351,95351,95351,,95351,,,,,,PNNT,2023-05-11
Investments—228.5%,co_80df6048321b,Other,Financial Services,,,,,,,,,1164600,1132511,2.29%,1164600,,,,,,PNNT,2023-05-11
and Cash Equivalents—241.2%,co_19e563b644f7,Other,,,,,,,,,,1227705,1195646,2.41%,1227705,,,,,,PNNT,2023-05-11
A1 Garage Merger Sub LLC,co_94ef4596a353,First Lien,,11.12%,,SOFR,6.5%,,,2028-12-22,15000,14726,14775,,14726,,,,,,PNNT,2023-05-11
Ad.net Acquisition LLC,co_9f11b7cdc3d7,First Lien,,10.84%,,SOFR,6%,,,2026-05-07,4913,4913,4876,,4913,,,,,,PNNT,2023-05-11
Alpine Acquisition Corp.,co_78de638b4250,First Lien,,10.45%,,SOFR,6%,,,2026-11-30,14912,14574,14316,,14574,,,,,,PNNT,2023-05-11
Altamira Technologies LLC,co_043d43d3d926,First Lien,,10.83%,,SOFR,5.5%,,,2025-07-24,846,840,846,,840,,,,,,PNNT,2023-05-11
Amsive Holding Corp.,co_ab4d63baa520,First Lien,,11.3%,,SOFR,6.25%,,,2025-06-10,14031,13919,13820,,13919,,,,,,PNNT,2023-05-11
Anteriad LLC,co_9deaf0a342c8,First Lien,,10.55%,,SOFR,5.5%,,,2024-05-23,14761,14707,14318,,14707,,,,,,PNNT,2023-05-11
Any Hour Services,co_e4b93a47ec99,First Lien,Business Services,10.53%,,SOFR,5.75%,,,2027-07-21,9877,,9605,,,,,,,,PNNT,2023-05-11
Any Hour Services,co_e4b93a47ec99,Other,Business Services,,,,,,,,,9870,,,9870,,,,,,PNNT,2023-05-11
Apex Service Partners LLC,co_dcc76088316b,First Lien,Business Services,9.46%,,SOFR,5.75%,,,2025-07-31,6441,6388,6408,,6388,,,,,,PNNT,2023-05-11
Apex Service Partners,co_dcc76088316b,First Lien,Business Services,9.77%,,SOFR,5.5%,,,2025-07-31,3324,3303,3308,,3303,,,,,,PNNT,2023-05-11
Apex Service Partners,co_dcc76088316b,First Lien,Business Services,9.84%,,SOFR,6%,,,2025-07-31,7550,7550,7512,,7550,,,,,,PNNT,2023-05-11
Applied Technical Services LLC,co_99f15d413f73,First Lien,Business Services,10.91%,,SOFR,5%,,,2026-12-29,8774,8687,8598,,8687,,,,,,PNNT,2023-05-11
Arcfield Acquisition Corp.,co_50bc69c38d09,First Lien,,10.62%,,SOFR,5.75%,,,2028-03-07,11880,,11642,,,,,,,,PNNT,2023-05-11
Arcfield Acquisition Corp.,co_50bc69c38d09,Other,,,,,,,,,,11681,,,11681,,,,,,PNNT,2023-05-11
Beta Plus Technologies Inc.,co_15fb3f24358e,First Lien,,9.32%,,SOFR,5.75%,,,2029-07-01,14963,14706,13167,,14706,,,,,,PNNT,2023-05-11
Blackhawk Industrial Distribution Inc.,co_8604af3bb831,First Lien,Distribution & Wholesale,9.5%,,SOFR,5%,,,2024-09-17,17908,17742,17505,,17742,,,,,,PNNT,2023-05-11
Broder Bros. Co.,co_7c6852e8548b,First Lien,,10.73%,,SOFR,6%,,,2025-12-04,9810,9810,9810,,9810,,,,,,PNNT,2023-05-11
Burgess Point Purchaser Corp.,co_4efff09567e0,First Lien,,10.16%,,SOFR,5.25%,,,2029-09-26,898,837,853,,837,,,,,,PNNT,2023-05-11
Cartessa Aesthetics LLC,co_5b795483c871,First Lien,,10.9%,,SOFR,6%,,,2028-06-14,17369,17069,17195,,17069,,,,,,PNNT,2023-05-11
CF512 Inc.,co_d12c2b1fcc68,First Lien,,10.96%,,SOFR,5.75%,,,2026-08-20,2962,2940,2903,,2940,,,,,,PNNT,2023-05-11
Connatix Buyer Inc.,co_ca0c6acae604,First Lien,,10.23%,,SOFR,5.5%,,,2027-07-13,8855,8842,8523,,8842,,,,,,PNNT,2023-05-11
Dr. Squatch LLC,co_e3e31b898954,First Lien,,10.48%,,SOFR,4.75%,,,2027-08-31,6403,6396,6307,,6396,,,,,,PNNT,2023-05-11
DRI Holding Inc.,co_e3bb3f551b76,First Lien,,10.09%,,SOFR,5.75%,,,2028-12-21,4404,3953,3914,,3953,,,,,,PNNT,2023-05-11
DRS Holdings III Inc.,co_5f36274df8c4,First Lien,,10.9%,,SOFR,6%,,,2025-11-03,14591,14532,14168,,14532,,,,,,PNNT,2023-05-11
Duraco Specialty Tapes LLC,co_8d00b07f7eab,First Lien,,10.36%,,SOFR,5.75%,,,2024-06-30,8098,8002,7920,,8002,,,,,,PNNT,2023-05-11
ECL Entertainment LLC,co_27c703fce7ba,First Lien,Media & Entertainment,12.42%,,SOFR,5%,,,2028-05-01,4535,4535,4492,,4535,,,,,,PNNT,2023-05-11
ECM Industries LLC,co_12a047a344bb,First Lien,,9.45%,,SOFR,6%,,,2025-12-23,2801,2749,2682,,2749,,,,,,PNNT,2023-05-11
EDS Buyer LLC,co_10f64234f044,First Lien,,11.15%,,SOFR,6.25%,,,2029-01-10,6250,6172,6094,,6172,,,,,,PNNT,2023-05-11
Electro Rent Corp.,co_de9734bada15,First Lien,,10.27%,,SOFR,5.5%,,,2024-01-17,3732,3606,3632,,3606,,,,,,PNNT,2023-05-11
Exigo Intermediate II LLC,co_69945c1e9737,First Lien,Media & Entertainment,10.59%,,SOFR,5.75%,,,2027-03-15,9900,9778,9702,,9778,,,,,,PNNT,2023-05-11
Fairbanks Morse Defense,co_0ab50a9a685a,First Lien,Aerospace & Defense,9.91%,,SOFR,4.75%,,,2028-06-17,794,751,756,,751,,,,,,PNNT,2023-05-11
Global Holdings InterCo LLC,co_a17b7cd0811e,First Lien,,11.23%,,SOFR,6%,,,2026-03-16,7305,7283,6949,,7283,,,,,,PNNT,2023-05-11
Graffiti Buyer Inc.,co_0e9dedaa52c9,First Lien,,10.66%,,SOFR,5.5%,,,2027-08-10,1964,1933,1945,,1933,,,,,,PNNT,2023-05-11
Hancock Roofing and Construction LLC.,co_d85ec0f73a3d,First Lien,Industrials,10.39%,,SOFR,5.75%,,,2026-12-31,6827,6827,6691,,6827,,,,,,PNNT,2023-05-11
Holdco Sands Intermediate LLC,co_828f9f676b66,First Lien,Media & Entertainment,11.21%,,SOFR,8%,,,2028-11-23,19817,19467,19619,,19467,,,,,,PNNT,2023-05-11
HV Watterson Holdings LLC,co_55a05656c359,First Lien,,11.41%,,SOFR,6%,,,2026-12-17,15179,14991,14769,,14991,,,,,,PNNT,2023-05-11
HW Holdco LLC,co_1627b72c157b,First Lien,,10.15%,,SOFR,7%,,,2024-12-10,14250,14143,14036,,14143,,,,,,PNNT,2023-05-11
Icon Partners III LP,co_77768e203301,First Lien,,9.32%,,SOFR,4.75%,,,2028-05-11,2316,2008,1627,,2008,,,,,,PNNT,2023-05-11
IDC Infusion Services Inc.,co_0acec9c4c668,First Lien,Healthcare,11.55%,,SOFR,7.5%,,,2026-12-30,17313,17090,16707,,17090,,,,,,PNNT,2023-05-11
IG Investments Holdings LLC,co_f6f92e4ea8cd,First Lien,Financial Services,10.86%,,SOFR,5.75%,,,2028-09-22,4451,4372,4384,,4372,,,,,,PNNT,2023-05-11
Imagine Acquisitionco LLC,co_c25c52261e58,First Lien,,10.37%,,SOFR,6.25%,,,2027-11-15,5594,5503,5426,,5503,,,,,,PNNT,2023-05-11
Inception Fertility Ventures LLC,co_034188a0b0b6,First Lien,Healthcare,11.91%,,SOFR,5.5%,,,2023-12-07,19837,19589,19441,,19589,,,,,,PNNT,2023-05-11
Infinity Home Services Holdco Inc.,co_607a972ec616,First Lien,Business Services,11.73%,,SOFR,6.75%,,,2028-12-28,11109,10910,10886,,10910,,,,,,PNNT,2023-05-11
Infolinks Media Buyco LLC,co_5f74b276b4c2,First Lien,Media & Entertainment,10.66%,,SOFR,5.5%,,,2026-11-01,6396,6396,6396,,6396,,,,,,PNNT,2023-05-11
Integrity Marketing Acquisition LLC,co_cb724891ebc0,First Lien,Business Services,11%,,SOFR,5.75%,,,2025-08-27,19950,19881,19750,,19881,,,,,,PNNT,2023-05-11
K2 Pure Solutions NoCal LP.,co_81132dd1e440,First Lien,,12.91%,,SOFR,8%,,,2023-12-20,13418,13351,13418,,13351,,,,,,PNNT,2023-05-11
LAV Gear Holdings Inc.,co_97316ccde517,First Lien,,10.7%,,SOFR,6.03%,,,2024-10-31,2579,2573,2543,,2573,,,,,,PNNT,2023-05-11
Lash OpCo LLC,co_90f3961a5b09,First Lien,,11.17%,,SOFR,6.5%,,,2027-02-18,19824,19642,19428,,19642,,,,,,PNNT,2023-05-11
Lightspeed Buyer Inc.,co_961292b66f9d,First Lien,,10.13%,,SOFR,4.75%,,,2026-02-03,12282,12089,11975,,12089,,,,,,PNNT,2023-05-11
LJ Avalon Holdings LLC,co_27e9144fc6e4,First Lien,,11.33%,,SOFR,6.5%,,,2030-01-31,6350,6236,6223,,6236,,,,,,PNNT,2023-05-11
MAG DS Corp.,co_c49257271dab,First Lien,,10.5%,,SOFR,5.5%,,,2027-04-01,5540,5139,5042,,5139,,,,,,PNNT,2023-05-11
Magenta Buyer LLC,co_998c6c433e56,First Lien,,9.58%,,SOFR,5%,,,2028-07-31,3804,3551,3123,,3551,,,,,,PNNT,2023-05-11
Mars Acquisition Holdings Corp.,co_21ee733d0c9b,First Lien,,10.23%,,SOFR,5.5%,,,2026-05-14,7884,7835,7805,,7835,,,,,,PNNT,2023-05-11
MBS Holdings Inc.,co_1f4d56e6b50c,First Lien,,10.59%,,SOFR,5.75%,,,2027-04-16,7369,7295,7295,,7295,,,,,,PNNT,2023-05-11
Meadowlark Acquirer LLC,co_259fd8608352,First Lien,,10.41%,,SOFR,5.75%,,,2027-12-10,2968,2916,2938,,2916,,,,,,PNNT,2023-05-11
Municipal Emergency Services Inc.,co_80bfaf155c6d,First Lien,Business Services,10.55%,,SOFR,5.5%,,,2027-09-28,4133,4076,3959,,4076,,,,,,PNNT,2023-05-11
NBH Group LLC,co_cf4bef6edccb,First Lien,,9.92%,,SOFR,5.75%,,,2026-08-19,7467,7399,7467,,7399,,,,,,PNNT,2023-05-11
Owl Acquisition LLC,co_6c22cfe0b887,First Lien,,10.16%,,SOFR,5.5%,,,2028-02-04,3805,3702,3710,,3702,,,,,,PNNT,2023-05-11
Ox Two LLC,co_d8f40c613751,First Lien,,12.41%,,SOFR,6.5%,,,2026-05-18,4937,4893,4789,,4893,,,,,,PNNT,2023-05-11
PL Acquisitionco LLC,co_76d53d3f1d91,First Lien,,11.34%,,SOFR,5.75%,,,2027-11-09,8591,8459,8204,,8459,,,,,,PNNT,2023-05-11
PlayPower Inc.,co_d89d4111bece,First Lien,,10.25%,,SOFR,5.25%,,,2026-05-08,2565,2485,2309,,2485,,,,,,PNNT,2023-05-11
Quantic Electronics LLC,co_9b566b2444e7,First Lien,Software & Technology,11.21%,,SOFR,6%,,,2026-11-19,3331,3278,3281,,3278,,,,,,PNNT,2023-05-11
Quantic Electronics,co_9b566b2444e7,First Lien,Software & Technology,0%,,SOFR,6.25%,,,2026-11-19,56,,,,,,,,,,PNNT,2023-05-11
Radius Aerospace Inc.,co_c2adc14192da,First Lien,Aerospace & Defense,10.8%,,SOFR,6%,,,2025-03-31,12730,12650,12476,,12650,,,,,,PNNT,2023-05-11
Rancho Health MSO Inc.,co_ce352faa6907,First Lien,,9.42%,,SOFR,4.5%,,,2025-12-18,5154,5154,5154,,5154,,,,,,PNNT,2023-05-11
Reception Purchaser LLC,co_d439fc36f4fd,First Lien,,10.78%,,SOFR,6%,,,2028-02-28,4950,4885,4721,,4885,,,,,,PNNT,2023-05-11
Recteq LLC,co_c5c26f9005ac,First Lien,,10.98%,,SOFR,7%,,,2026-01-29,9800,9688,9408,,9688,,,,,,PNNT,2023-05-11
Research Now Group LLC,co_f56b9233964e,First Lien,,10.31%,,SOFR,5.5%,,,2024-12-20,14504,14424,10996,,14424,,,,,,PNNT,2023-05-11
Riverpoint Medical LLC,co_e8b0874b5d69,First Lien,Healthcare,9.86%,,SOFR,5.25%,,,2025-06-20,3192,3175,3144,,3175,,,,,,PNNT,2023-05-11
Riverside Assessments LLC,co_715bd6085dc3,First Lien,,10.48%,,SOFR,5.75%,,,2025-03-10,9908,9846,9759,,9846,,,,,,PNNT,2023-05-11
Sales Benchmark Index LLC,co_2f514572a82e,First Lien,,11.16%,,SOFR,6.25%,,,2025-01-03,6859,6797,6825,,6797,,,,,,PNNT,2023-05-11
Sargent & Greenleaf Inc.,co_9134b5b22f88,First Lien,,12.26%,,SOFR,3%,,,2024-12-20,4857,4857,4772,,4857,,,,,,PNNT,2023-05-11
Seaway Buyer LLC,co_50f5e02b1d22,First Lien,,11.05%,,SOFR,5.75%,,,2029-06-13,14925,14734,14552,,14734,,,,,,PNNT,2023-05-11
Signature Systems Holding Company,co_b49bc1ef3861,First Lien,,11.55%,,SOFR,4.5%,,,2024-05-03,11576,11531,11576,,11531,,,,,,PNNT,2023-05-11
Solutionreach Inc.,co_687e91868b79,First Lien,,10.59%,,SOFR,6.75%,,,2024-01-17,11320,11299,10777,,11299,,,,,,PNNT,2023-05-11
STV Group Inc.,co_8922cc638ea0,First Lien,,10.16%,,SOFR,5.25%,,,2026-12-11,12099,12039,12038,,12039,,,,,,PNNT,2023-05-11
Summit Behavioral Healthcare LLC,co_fef2ee36d477,First Lien,Healthcare,9.71%,,SOFR,4.75%,,,2028-11-24,3590,3396,3465,,3396,,,,,,PNNT,2023-05-11
Team Services Group LLC,co_4524cbd7d68d,First Lien,Business Services,9.95%,,SOFR,5%,,,2028-11-24,696,667,676,,667,,,,,,PNNT,2023-05-11
Teneo Holdings LLC,co_a61900ea7719,First Lien,,10.16%,,SOFR,5.25%,,,2025-07-18,2951,2941,2911,,2941,,,,,,PNNT,2023-05-11
The Aegis Technologies Group LLC,co_22ab3613944e,First Lien,,11.5%,,SOFR,6%,,,2025-10-31,11152,11065,10928,,11065,,,,,,PNNT,2023-05-11
The Bluebird Group LLC,co_7670d29af630,First Lien,,12.15%,,SOFR,6.5%,,,2026-07-27,5446,5488,5370,,5488,,,,,,PNNT,2023-05-11
The Vertex Companies LLC,co_ea5004681b41,First Lien,,10.16%,,SOFR,5.25%,,,2027-08-30,4508,4467,4414,,4467,,,,,,PNNT,2023-05-11
TPC Canada Parent Inc.,co_1a3770b8fe20,First Lien,,9.24%,,SOFR,5.25%,,,2025-11-24,5508,5385,5403,,5385,,,,,,PNNT,2023-05-11
TVC Enterprises LLC,co_43bd548c7fe4,First Lien,,10.59%,,SOFR,6%,,,2026-03-26,17019,16899,16763,,16899,,,,,,PNNT,2023-05-11
TWS Acquisition Corp.,co_3417329662f3,First Lien,,11.39%,,SOFR,6.25%,,,2025-06-16,7949,7924,7949,,7924,,,,,,PNNT,2023-05-11
Tyto Athene LLC,co_50b51b48db1c,First Lien,,10.24%,,SOFR,5.5%,,,2028-04-03,12003,11888,10887,,11888,,,,,,PNNT,2023-05-11
UBEO LLC,co_65491dca8360,First Lien,,9.48%,,,,,,2024-04-03,4650,4639,4580,,4639,,,,,,PNNT,2023-05-11
Unique Indoor Comfort LLC,co_f8d65b069d6d,First Lien,,10.3%,,SOFR,5.25%,,,2027-05-24,9925,9805,9865,,9805,,,,,,PNNT,2023-05-11
Wildcat Buyerco Inc.,co_b37147d3a0ac,First Lien,,10.8%,,SOFR,5.75%,,,2026-02-27,11449,11378,11163,,11378,,,,,,PNNT,2023-05-11
Zips Car Wash LLC,co_7d093c7eaca2,First Lien,Automotive,12.14%,,SOFR,7.25%,,,2024-03-01,19848,19636,19401,,19636,,,,,,PNNT,2023-05-11
First Lien Secured Debt - 847.4% PennantPark Senior Loan Fund LLC,co_c2f5d433b2cf,Other,,,,,,,,,,761289,747561,,761289,,,,,,PNNT,2023-05-11
Investments and Cash Equivalents - 894.2%,co_48dbddc5416b,Other,Financial Services,,,,,,,,,802650,788922,,802650,,,,,,PNNT,2023-05-11
Liabilities in Excess of Other Assets,co_bbd3cffede65,Other,,,,,,,,,,,-699931,-1.41%,,,,,,,PNNT,2023-05-11
Liabilities in Excess of Other Assets — (794.2)%,co_a11543a78b91,Other,,,,,,,,,,,,,,,,,,,PNNT,2023-05-11
Members Equity - 100%,co_97185ade7a97,Other,,,,,,,,,,,,,,,,,,,PNNT,2023-05-11
Coupon 10.70% Basis Point Spread Above Index 1M L+550,co_6c6ceee2f64e,First Lien,Insurance,10.7%,,SOFR,5.5%,,,2026-12-31,335,335,328,,335,,,,,,PNNT,2023-08-09
te LLC,co_52817403f47a,First Lien,Media & Entertainment,11.21%,,SOFR,6%,,,2028-11-23,1903,1872,1884,,1872,,,,,,PNNT,2023-08-09
Coupon 11.64% Basis Point Spread Above Index 1M L+625,co_6c6ceee2f64e,First Lien,Business Services,11.64%,,SOFR,6.25%,,,2026-12-17,280,278,273,,278,,,,,,PNNT,2023-08-09
Education and Childcare Coupon 12.49% Basis Point Spread Above Index 3M L+715,co_1de6a66cf705,First Lien,Healthcare,12.49%,,SOFR,7.15%,,,2023-12-07,20403,20174,20199,,20174,,,,,,PNNT,2023-08-09
te II Inc.,co_b9a2f71934dc,First Lien,Media & Entertainment,0%,,,,,,2028-05-31,631,,13,,,,,,,,PNNT,2023-08-09
te Holdings II Inc.,co_4efff6d416f8,First Lien,Media & Entertainment,,,,,,,,414,414,536,,414,,,,,,PNNT,2023-08-09
Retail,co_1778c2d9b45b,First Lien,Business Services,,,,,,,,37,37,37,,37,,,,,,PNNT,2023-08-09
te Company II Inc.,co_ba90502123b4,First Lien,Media & Entertainment,,,,,,,,125000,125,125,,125,,,,,cost_suspicious_vs_size|fair_value_suspicious_vs_size,PNNT,2023-08-09
te LLC) Aerospace and Defense,co_b9a1d089ab3f,First Lien,Media & Entertainment,,,,,,,,98286,937,2013,,937,,,,,cost_suspicious_vs_size|fair_value_suspicious_vs_size,PNNT,2023-08-09
ents in Non-Controlled,co_bce9d259cc5b,First Lien,,,,SOFR,6.75%,,,,,,,,,,,,,,PNNT,2023-08-09
te LLC,co_52817403f47a,First Lien,Media & Entertainment,,,,,,,,19687,2066,1969,,2066,,,,,,PNNT,2023-08-09
Education and Childcare Basis Point Spread Above Index 3M L+700,co_2d370eeb6c35,First Lien,Healthcare,11.49%,,SOFR,7%,,,2027-03-15,40006,54942,50862,,54942,,,,,,PNNT,2023-08-09
Basis Point Spread Above Index 3M L+800,co_b78038823dd4,First Lien,Financial Services,13.27%,,SOFR,8%,,,2027-07-31,102325,102325,102325,,102325,,,,,,PNNT,2023-08-09
Investments—228.5%,co_80df6048321b,Other,Financial Services,,,,,,,,,1094700,1075880,,1094700,,,,,,PNNT,2023-08-09
and Cash Equivalents—241.2%,co_19e563b644f7,Other,,,,,,,,,,1137420,1118656,,1137420,,,,,,PNNT,2023-08-09
A1 Garage Merger Sub LLC,co_94ef4596a353,First Lien,,11.84%,,SOFR,6.5%,,,2028-12-22,14925,14659,14776,,14659,,,,,,PNNT,2023-08-09
Ad.net Acquisition LLC,co_9f11b7cdc3d7,First Lien,,11.5%,,SOFR,6%,,,2026-05-07,4900,4900,4863,,4900,,,,,,PNNT,2023-08-09
Alpine Acquisition Corp.,co_78de638b4250,First Lien,,11.04%,,SOFR,6%,,,2026-11-30,14875,14551,14280,,14551,,,,,,PNNT,2023-08-09
Altamira Technologies LLC,co_043d43d3d926,First Lien,,10.7%,,SOFR,6%,,,2025-07-24,807,802,807,,802,,,,,,PNNT,2023-08-09
Amsive Holding Corp.,co_ab4d63baa520,First Lien,,11.64%,,SOFR,6.75%,,,2025-06-10,13995,13892,13715,,13892,,,,,,PNNT,2023-08-09
Anteriad LLC,co_9deaf0a342c8,First Lien,,10.89%,,SOFR,5.5%,,,2024-05-23,14558,14513,14194,,14513,,,,,,PNNT,2023-08-09
Any Hour Services,co_e4b93a47ec99,First Lien,Business Services,10.77%,,SOFR,5.75%,,,2027-07-21,9852,9845,9581,,9845,,,,,,PNNT,2023-08-09
Apex Service Partners LLC,co_dcc76088316b,First Lien,Business Services,10.52%,,SOFR,5.25%,,,2025-07-31,6424,6376,6392,,6376,,,,,,PNNT,2023-08-09
Apex Service Partners,co_dcc76088316b,First Lien,Business Services,10.82%,,SOFR,5.5%,,,2025-07-31,3316,3297,3300,,3297,,,,,,PNNT,2023-08-09
Apex Service Partners,co_dcc76088316b,First Lien,Business Services,10.52%,,SOFR,5.25%,,,2025-07-31,7531,7531,7493,,7531,,,,,,PNNT,2023-08-09
Applied Technical Services LLC,co_99f15d413f73,First Lien,Business Services,11.14%,,SOFR,5.75%,,,2026-12-29,8751,8669,8576,,8669,,,,,,PNNT,2023-08-09
Arcfield Acquisition Corp.,co_50bc69c38d09,First Lien,,11.07%,,SOFR,5.75%,,,2028-03-07,11850,11662,11732,,11662,,,,,,PNNT,2023-08-09
Beta Plus Technologies Inc.,co_15fb3f24358e,First Lien,,10.99%,,SOFR,5.75%,,,2029-07-01,14888,14635,13622,,14635,,,,,,PNNT,2023-08-09
Bioderm Inc.,co_356ecbdfc662,First Lien,,11.52%,,SOFR,6.5%,,,2028-01-31,9000,8896,8865,,8896,,,,,,PNNT,2023-08-09
Blackhawk Industrial Distribution Inc.,co_8604af3bb831,First Lien,Distribution & Wholesale,11.23%,,SOFR,5%,,,2024-09-17,17866,17669,17419,,17669,,,,,,PNNT,2023-08-09
Broder Bros. Co.,co_7c6852e8548b,First Lien,,11.16%,,SOFR,6%,,,2025-12-04,9746,9746,9746,,9746,,,,,,PNNT,2023-08-09
Burgess Point Purchaser Corp.,co_4efff09567e0,First Lien,,10.45%,,SOFR,5.25%,,,2029-09-26,896,836,848,,836,,,,,,PNNT,2023-08-09
Cartessa Aesthetics LLC,co_5b795483c871,First Lien,,11.24%,,SOFR,6%,,,2028-06-14,17325,17044,17238,,17044,,,,,,PNNT,2023-08-09
CF512 Inc.,co_d12c2b1fcc68,First Lien,,11.5%,,SOFR,6%,,,2026-08-20,2928,2907,2899,,2907,,,,,,PNNT,2023-08-09
Connatix Buyer Inc.,co_ca0c6acae604,First Lien,,10.65%,,SOFR,5.5%,,,2027-07-13,8831,8818,8478,,8818,,,,,,PNNT,2023-08-09
Crane 1 Services,co_e2d25c70c2a1,First Lien,Business Services,10.41%,,SOFR,5.75%,,,2027-08-16,2582,2556,2556,,2556,,,,,,PNNT,2023-08-09
Dr. Squatch LLC,co_e3e31b898954,First Lien,,11.09%,,SOFR,6%,,,2027-08-31,6386,6380,6322,,6380,,,,,,PNNT,2023-08-09
DRI Holding Inc.,co_e3bb3f551b76,First Lien,,10.45%,,SOFR,5.25%,,,2028-12-21,4393,3956,3932,,3956,,,,,,PNNT,2023-08-09
DRS Holdings III Inc.,co_5f36274df8c4,First Lien,,11.63%,,SOFR,5.75%,,,2025-11-03,14551,14495,14158,,14495,,,,,,PNNT,2023-08-09
Duraco Specialty Tapes LLC,co_8d00b07f7eab,First Lien,,11.75%,,SOFR,6.5%,,,2024-06-30,8657,8566,8509,,8566,,,,,,PNNT,2023-08-09
ECL Entertainment LLC,co_27c703fce7ba,First Lien,Media & Entertainment,12.72%,,SOFR,7.5%,,,2028-05-01,4523,4523,4534,,4523,,,,,,PNNT,2023-08-09
EDS Buyer LLC,co_10f64234f044,First Lien,,11.49%,,SOFR,6.25%,,,2029-01-10,6234,6159,6079,,6159,,,,,,PNNT,2023-08-09
Electro Rent Corp.,co_de9734bada15,First Lien,,10.74%,,SOFR,5.5%,,,2024-01-17,3722,3635,3560,,3635,,,,,,PNNT,2023-08-09
Exigo Intermediate II LLC,co_69945c1e9737,First Lien,Media & Entertainment,10.95%,,SOFR,5.75%,,,2027-03-15,9775,9659,9579,,9659,,,,,,PNNT,2023-08-09
Fairbanks Morse Defense,co_0ab50a9a685a,First Lien,Aerospace & Defense,10.25%,,SOFR,4.75%,,,2028-06-17,794,752,772,,752,,,,,,PNNT,2023-08-09
Five Star Buyer Inc.,co_607e18196e07,First Lien,,12.25%,,SOFR,7%,,,2028-02-23,4406,4321,4318,,4321,,,,,,PNNT,2023-08-09
Global Holdings InterCo LLC,co_a17b7cd0811e,First Lien,,11.76%,,SOFR,6%,,,2026-03-16,7046,7026,6676,,7026,,,,,,PNNT,2023-08-09
Graffiti Buyer Inc.,co_0e9dedaa52c9,First Lien,,11.04%,,SOFR,5.75%,,,2027-08-10,1959,1929,1940,,1929,,,,,,PNNT,2023-08-09
Hancock Roofing and Construction LLC.,co_d85ec0f73a3d,First Lien,Industrials,10.72%,,SOFR,5.5%,,,2026-12-31,6423,6423,6294,,6423,,,,,,PNNT,2023-08-09
Holdco Sands Intermediate LLC,co_828f9f676b66,First Lien,Media & Entertainment,11.21%,,SOFR,6%,,,2028-11-23,19767,19430,19569,,19430,,,,,,PNNT,2023-08-09
HV Watterson Holdings LLC,co_55a05656c359,First Lien,,11.64%,,SOFR,6%,,,2026-12-17,15140,14962,14747,,14962,,,,,,PNNT,2023-08-09
HW Holdco LLC,co_1627b72c157b,First Lien,,10.9%,,SOFR,5%,,,2024-12-10,14250,14154,14036,,14154,,,,,,PNNT,2023-08-09
Icon Partners III LP,co_77768e203301,First Lien,,9.77%,,SOFR,4.75%,,,2028-05-11,2310,2014,1528,,2014,,,,,,PNNT,2023-08-09
IDC Infusion Services Inc.,co_0acec9c4c668,First Lien,Healthcare,11.89%,,SOFR,6.5%,,,2026-12-30,17269,17065,17269,,17065,,,,,,PNNT,2023-08-09
IG Investments Holdings LLC,co_f6f92e4ea8cd,First Lien,Financial Services,11.19%,,SOFR,6%,,,2028-09-22,4439,4364,4373,,4364,,,,,,PNNT,2023-08-09
Imagine Acquisitionco LLC,co_c25c52261e58,First Lien,,10.67%,,SOFR,5.5%,,,2027-11-15,5580,5492,5440,,5492,,,,,,PNNT,2023-08-09
Inception Fertility Ventures LLC,co_034188a0b0b6,First Lien,Healthcare,12.5%,,SOFR,7.15%,,,2024-12-31,19837,19523,19639,,19523,,,,,,PNNT,2023-08-09
Infinity Home Services Holdco Inc.,co_607a972ec616,First Lien,Business Services,12.09%,,SOFR,6.85%,,,2028-12-28,11081,10887,11081,,10887,,,,,,PNNT,2023-08-09
Infolinks Media Buyco LLC,co_5f74b276b4c2,First Lien,Media & Entertainment,10.7%,,SOFR,5.75%,,,2026-11-01,6380,6380,6380,,6380,,,,,,PNNT,2023-08-09
Integrity Marketing Acquisition LLC,co_cb724891ebc0,First Lien,Business Services,11.41%,,SOFR,5.75%,,,2025-08-27,19750,19687,19553,,19687,,,,,,PNNT,2023-08-09
K2 Pure Solutions NoCal LP.,co_81132dd1e440,First Lien,,13.2%,,SOFR,8%,,,2023-12-20,13273,13231,13273,,13231,,,,,,PNNT,2023-08-09
Kinetic Purchaser LLC,co_dcf36a882d65,First Lien,,11.39%,,SOFR,6%,,,2027-11-10,14962,14741,14738,,14741,,,,,,PNNT,2023-08-09
LAV Gear Holdings Inc.,co_97316ccde517,First Lien,,11.27%,,SOFR,5.65%,,,2024-10-31,2573,2568,2540,,2568,,,,,,PNNT,2023-08-09
Lash OpCo LLC,co_90f3961a5b09,First Lien,,12.13%,,SOFR,7%,,,2027-02-18,19774,19605,19477,,19605,,,,,,PNNT,2023-08-09
Lightspeed Buyer Inc.,co_961292b66f9d,First Lien,,10.45%,,SOFR,5.75%,,,2026-02-03,12250,12074,12066,,12074,,,,,,PNNT,2023-08-09
LJ Avalon Holdings LLC,co_27e9144fc6e4,First Lien,,11.51%,,SOFR,6.65%,,,2030-01-31,6334,6221,6207,,6221,,,,,,PNNT,2023-08-09
MAG DS Corp.,co_c49257271dab,First Lien,,10.84%,,SOFR,5.5%,,,2027-04-01,5525,5146,5180,,5146,,,,,,PNNT,2023-08-09
Magenta Buyer LLC,co_998c6c433e56,First Lien,,10.03%,,SOFR,5%,,,2028-07-31,3795,3551,2844,,3551,,,,,,PNNT,2023-08-09
Mars Acquisition Holdings Corp.,co_21ee733d0c9b,First Lien,,10.89%,,SOFR,5.5%,,,2026-05-14,7864,7817,7785,,7817,,,,,,PNNT,2023-08-09
MBS Holdings Inc.,co_1f4d56e6b50c,First Lien,,10.95%,,SOFR,5.75%,,,2027-04-16,7350,7280,7277,,7280,,,,,,PNNT,2023-08-09
Meadowlark Acquirer LLC,co_259fd8608352,First Lien,,10.54%,,SOFR,5.5%,,,2027-12-10,2960,2910,2901,,2910,,,,,,PNNT,2023-08-09
Municipal Emergency Services Inc.,co_80bfaf155c6d,First Lien,Business Services,10.89%,,SOFR,5.5%,,,2027-09-28,4123,4068,3978,,4068,,,,,,PNNT,2023-08-09
NBH Group LLC,co_cf4bef6edccb,First Lien,,10.31%,,SOFR,5.25%,,,2026-08-19,7448,7385,7373,,7385,,,,,,PNNT,2023-08-09
One Stop Mailing LLC,co_666f58675343,First Lien,,11.44%,,SOFR,6.25%,,,2027-05-07,8492,8327,8492,,8327,,,,,,PNNT,2023-08-09
Owl Acquisition LLC,co_6c22cfe0b887,First Lien,,10.8%,,SOFR,5.75%,,,2028-02-04,3893,3790,3815,,3790,,,,,,PNNT,2023-08-09
Ox Two LLC,co_d8f40c613751,First Lien,,10.8%,,SOFR,7.25%,,,2026-05-18,4378,4341,4290,,4341,,,,,,PNNT,2023-08-09
Pequod Merger Sub Inc.,co_7b5885369ef3,First Lien,,11.32%,,SOFR,6.5%,,,2026-12-02,11532,11310,11301,,11310,,,,,,PNNT,2023-08-09
PL Acquisitionco LLC,co_76d53d3f1d91,First Lien,,12.2%,,SOFR,6.5%,,,2027-11-09,7860,7745,7153,,7745,,,,,,PNNT,2023-08-09
PlayPower Inc.,co_d89d4111bece,First Lien,,10.92%,,SOFR,5.65%,,,2026-05-08,2558,2483,2392,,2483,,,,,,PNNT,2023-08-09
Quantic Electronics LLC,co_9b566b2444e7,First Lien,Software & Technology,11.22%,,SOFR,6.25%,,,2026-11-19,3322,3273,3272,,3273,,,,,,PNNT,2023-08-09
Quantic Electronics,co_9b566b2444e7,First Lien,Software & Technology,0%,,,,,,2026-11-19,56,,0,,,,,,,,PNNT,2023-08-09
Radius Aerospace Inc.,co_c2adc14192da,First Lien,Aerospace & Defense,11.14%,,SOFR,5.75%,,,2025-03-31,12717,12647,12526,,12647,,,,,,PNNT,2023-08-09
Rancho Health MSO Inc.,co_ce352faa6907,First Lien,,10.48%,,SOFR,5.5%,,,2025-12-18,5141,5141,5141,,5141,,,,,,PNNT,2023-08-09
Reception Purchaser LLC,co_d439fc36f4fd,First Lien,,11.39%,,SOFR,6%,,,2028-02-28,4938,4874,4728,,4874,,,,,,PNNT,2023-08-09
Recteq LLC,co_c5c26f9005ac,First Lien,,12.39%,,SOFR,6.25%,,,2026-01-29,9775,9673,9384,,9673,,,,,,PNNT,2023-08-09
Research Now Group LLC,co_f56b9233964e,First Lien,,10.8%,,SOFR,5.5%,,,2024-12-20,14427,14360,10176,,14360,,,,,,PNNT,2023-08-09
Riverpoint Medical LLC,co_e8b0874b5d69,First Lien,Healthcare,10.11%,,SOFR,5.75%,,,2025-06-20,3184,3169,3127,,3169,,,,,,PNNT,2023-08-09
Riverside Assessments LLC,co_715bd6085dc3,First Lien,,11.14%,,SOFR,6.25%,,,2025-03-10,9883,9827,9734,,9827,,,,,,PNNT,2023-08-09
Sales Benchmark Index LLC,co_2f514572a82e,First Lien,,11.44%,,SOFR,6%,,,2025-01-03,6859,6806,6825,,6806,,,,,,PNNT,2023-08-09
Sargent & Greenleaf Inc.,co_9134b5b22f88,First Lien,,12.77%,,SOFR,7.5%,,,2024-12-20,4912,4912,4839,,4912,,,,,,PNNT,2023-08-09
Seaway Buyer LLC,co_50f5e02b1d22,First Lien,,11.09%,,SOFR,6.05%,,,2029-06-13,14888,14663,14515,,14663,,,,,,PNNT,2023-08-09
Signature Systems Holding Company,co_b49bc1ef3861,First Lien,,11.89%,,SOFR,6.5%,,,2024-05-03,11389,11352,11389,,11352,,,,,,PNNT,2023-08-09
Solutionreach Inc.,co_687e91868b79,First Lien,,10.9%,,SOFR,5.75%,,,2025-07-17,9239,9228,9146,,9228,,,,,,PNNT,2023-08-09
SpendMend Holdings. LLC,co_c8784a5b17d7,First Lien,,10.86%,,SOFR,5.75%,,,2028-03-01,9632,9366,9372,,9366,,,,,,PNNT,2023-08-09
STV Group Inc.,co_8922cc638ea0,First Lien,,10.45%,,SOFR,5.25%,,,2026-12-11,12099,12043,12038,,12043,,,,,,PNNT,2023-08-09
Summit Behavioral Healthcare LLC,co_fef2ee36d477,First Lien,Healthcare,10.24%,,SOFR,4.75%,,,2028-11-24,3581,3393,3563,,3393,,,,,,PNNT,2023-08-09
Teneo Holdings LLC,co_a61900ea7719,First Lien,,10.41%,,SOFR,5.25%,,,2025-07-18,2943,2934,2936,,2934,,,,,,PNNT,2023-08-09
The Aegis Technologies Group LLC,co_22ab3613944e,First Lien,,11.86%,,SOFR,6.5%,,,2025-10-31,11123,11029,10901,,11029,,,,,,PNNT,2023-08-09
The Bluebird Group LLC,co_7670d29af630,First Lien,,12.64%,,SOFR,7%,,,2026-07-27,5387,5427,5344,,5427,,,,,,PNNT,2023-08-09
The Vertex Companies LLC,co_ea5004681b41,First Lien,,10.45%,,SOFR,5.5%,,,2027-08-30,4497,4458,4416,,4458,,,,,,PNNT,2023-08-09
TPC Canada Parent Inc.,co_1a3770b8fe20,First Lien,,10.68%,,SOFR,5.5%,,,2025-11-24,5494,5382,5450,,5382,,,,,,PNNT,2023-08-09
TVC Enterprises LLC,co_43bd548c7fe4,First Lien,,10.95%,,SOFR,6%,,,2026-03-26,16975,16861,16721,,16861,,,,,,PNNT,2023-08-09
TWS Acquisition Corp.,co_3417329662f3,First Lien,,11.65%,,SOFR,6.25%,,,2025-06-16,7949,7926,7949,,7926,,,,,,PNNT,2023-08-09
Tyto Athene LLC,co_50b51b48db1c,First Lien,,10.54%,,SOFR,5.5%,,,2028-04-03,11393,11284,10527,,11284,,,,,,PNNT,2023-08-09
UBEO LLC,co_65491dca8360,First Lien,,9.95%,,SOFR,4.5%,,,2024-04-03,4612,4603,4497,,4603,,,,,,PNNT,2023-08-09
Urology Management Holdings. Inc.,co_3145e44ea79c,First Lien,Healthcare,11.36%,,SOFR,6.25%,,,2026-06-15,3869,3797,3790,,3797,,,,,,PNNT,2023-08-09
Wildcat Buyerco Inc.,co_b37147d3a0ac,First Lien,,11.14%,,SOFR,5.75%,,,2026-02-27,11415,11348,11158,,11348,,,,,,PNNT,2023-08-09
Zips Car Wash LLC,co_7d093c7eaca2,First Lien,Automotive,12.45%,,SOFR,7.25%,,,2024-03-01,19797,19644,19352,,19644,,,,,,PNNT,2023-08-09
First Lien Secured Debt - 814.7% PennantPark Senior Loan Fund LLC,co_c2f5d433b2cf,Other,,,,,,,,,,805986,793940,,805986,,,,,,PNNT,2023-08-09
Investments and Cash Equivalents - 855.7%,co_48dbddc5416b,Other,Financial Services,,,,,,,,,846021,833975,,846021,,,,,,PNNT,2023-08-09
estments in Controlled,co_f54fc7216673,Subordinated Debt,,,,,,,,,,,,20.3%,,,,,,,PNNT,2023-08-09
vestments in Controlled,co_8070c680a7e0,Common Equity,,,,,,,,,,,,12.3%,,,,,,,PNNT,2023-08-09
Investments—213.6%,co_e07fdb025901,Other,Financial Services,,,,,,,,,,,2.14%,,,,,,,PNNT,2023-08-09
Liabilities in Excess of Other Assets—(122.1%) of Net Assets,co_28d0fac6ad4f,Other,,,,,,,,,,,,-1.22%,,,,,,,PNNT,2023-08-09
Liabilities in Excess of Other Assets,co_bbd3cffede65,Other,,,,,,,,,,,-615037,,,,,,,,PNNT,2023-08-09
Liabilities in Excess of Other Assets — (755.7)%,co_a11543a78b91,Other,,,,,,,,,,,,,,,,,,,PNNT,2023-08-09
Members Equity - 100%,co_97185ade7a97,Other,,,,,,,,,,,,,,,,,,,PNNT,2023-08-09
Coupon 10.70% Basis Point Spread Above Index 1M L+550,co_6c6ceee2f64e,First Lien,Insurance,10.92%,,SOFR,5.6%,,,2026-12-31,335,335,327,,335,,,,,,PNNT,2023-12-08
te LLC,co_52817403f47a,First Lien,Media & Entertainment,11.32%,,SOFR,5.85%,,,2028-11-23,1898,1868,1898,,1868,,,,,,PNNT,2023-12-08
Coupon 11.64% Basis Point Spread Above Index 1M L+625,co_6c6ceee2f64e,First Lien,Business Services,11.79%,,SOFR,6.25%,,,2026-12-17,279,278,279,,278,,,,,,PNNT,2023-12-08
Education and Childcare Coupon 12.49% Basis Point Spread Above Index 3M L+715,co_1de6a66cf705,First Lien,Healthcare,12.49%,,SOFR,7.15%,,,2023-12-07,20300,20100,20300,,20100,,,,,,PNNT,2023-12-08
te Holdings II Inc.,co_4efff6d416f8,First Lien,Media & Entertainment,,,,,,,,414,414,551,,414,,,,,,PNNT,2023-12-08
Retail,co_1778c2d9b45b,First Lien,Business Services,,,,,,,,37,37,39,,37,,,,,,PNNT,2023-12-08
te Company II Inc.,co_ba90502123b4,First Lien,Media & Entertainment,,,,,,,,125000,125,127,,125,,,,,cost_suspicious_vs_size|fair_value_suspicious_vs_size,PNNT,2023-12-08
te LLC) Aerospace and Defense,co_b9a1d089ab3f,First Lien,Media & Entertainment,,,,,,,,98286,913,2133,,913,,,,,cost_suspicious_vs_size|fair_value_suspicious_vs_size,PNNT,2023-12-08
te LLC,co_52817403f47a,First Lien,Media & Entertainment,,,,,,,,19687,2065,8759,,2065,,,,,,PNNT,2023-12-08
Investments—219.4%,co_8f406ffeb5b8,Other,Financial Services,,,,,,,,,1117927,1101647,,1117927,,,,,,PNNT,2023-12-08
and Cash Equivalents—227.1%,co_19e563b644f7,Other,,,,,,,,,,1156711,1140422,,1156711,,,,,,PNNT,2023-12-08
A1 Garage Merger Sub LLC,co_94ef4596a353,First Lien,,11.84%,,SOFR,6.5%,,,2028-12-22,14925,14668,14850,,14668,,,,,,PNNT,2023-12-08
Ad.net Acquisition LLC,co_9f11b7cdc3d7,First Lien,,11.65%,,SOFR,6%,,,2026-05-07,4888,4888,4863,,4888,,,,,,PNNT,2023-12-08
Alpine Acquisition Corp.,co_78de638b4250,First Lien,,11.26%,,SOFR,6%,,,2026-11-30,14837,14528,14244,,14528,,,,,,PNNT,2023-12-08
Amsive Holding Corp.,co_ab4d63baa520,First Lien,,11.79%,,SOFR,6.75%,,,2025-06-10,13958,13869,13749,,13869,,,,,,PNNT,2023-12-08
Anteriad LLC,co_9deaf0a342c8,First Lien,,12.04%,,SOFR,6.5%,,,2024-05-23,14354,14319,14103,,14319,,,,,,PNNT,2023-12-08
Any Hour Services,co_e4b93a47ec99,First Lien,Business Services,11.22%,,SOFR,5.75%,,,2027-07-21,10882,10847,10665,,10847,,,,,,PNNT,2023-12-08
Apex Service Partners LLC,co_dcc76088316b,First Lien,Business Services,10.52%,,SOFR,5.25%,,,2025-07-31,6424,6380,6408,,6380,,,,,,PNNT,2023-12-08
Apex Service Partners,co_dcc76088316b,First Lien,Business Services,11.11%,,SOFR,5.5%,,,2025-07-31,3316,3299,3308,,3299,,,,,,PNNT,2023-12-08
Apex Service Partners,co_dcc76088316b,First Lien,Business Services,10.76%,,SOFR,5.25%,,,2025-07-31,7531,7531,7512,,7531,,,,,,PNNT,2023-12-08
Applied Technical Services LLC,co_99f15d413f73,First Lien,Business Services,11.51%,,SOFR,5.75%,,,2026-12-29,11394,11271,11166,,11271,,,,,,PNNT,2023-12-08
Arcfield Acquisition Corp.,co_50bc69c38d09,First Lien,,11.62%,,SOFR,6.25%,,,2029-08-03,11820,11642,11702,,11642,,,,,,PNNT,2023-12-08
Beta Plus Technologies Inc.,co_15fb3f24358e,First Lien,,11.14%,,SOFR,5.75%,,,2029-07-01,14850,14604,13811,,14604,,,,,,PNNT,2023-12-08
Bioderm Inc.,co_356ecbdfc662,First Lien,,11.83%,,SOFR,6.5%,,,2028-01-31,8978,8874,8933,,8874,,,,,,PNNT,2023-12-08
Blackhawk Industrial Distribution Inc.,co_8604af3bb831,First Lien,Distribution & Wholesale,11.79%,,SOFR,6.25%,,,2024-09-17,17823,17588,17556,,17588,,,,,,PNNT,2023-12-08
Broder Bros. Co.,co_7c6852e8548b,First Lien,,11.5%,,SOFR,6%,,,2025-12-04,9683,9683,9683,,9683,,,,,,PNNT,2023-12-08
Burgess Point Purchaser Corp.,co_4efff09567e0,First Lien,,10.67%,,SOFR,5.25%,,,2029-09-26,893,836,841,,836,,,,,,PNNT,2023-12-08
Cartessa Aesthetics LLC,co_5b795483c871,First Lien,,11.39%,,SOFR,6%,,,2028-06-14,17281,17013,17281,,17013,,,,,,PNNT,2023-12-08
CF512 Inc.,co_d12c2b1fcc68,First Lien,,11.6%,,SOFR,6%,,,2026-08-20,2921,2901,2862,,2901,,,,,,PNNT,2023-12-08
Connatix Buyer Inc.,co_ca0c6acae604,First Lien,,11.16%,,SOFR,5.5%,,,2027-07-13,8808,8792,8500,,8792,,,,,,PNNT,2023-12-08
Crane 1 Services Inc.,co_e2d25c70c2a1,First Lien,Business Services,10.9%,,SOFR,5.75%,,,2027-08-16,2575,2550,2562,,2550,,,,,,PNNT,2023-12-08
Dr. Squatch LLC,co_e3e31b898954,First Lien,,11.24%,,SOFR,5.75%,,,2027-08-31,10882,10834,10882,,10834,,,,,,PNNT,2023-12-08
DRI Holding Inc.,co_e3bb3f551b76,First Lien,,10.67%,,SOFR,5.25%,,,2028-12-21,4382,3959,3993,,3959,,,,,,PNNT,2023-12-08
DRS Holdings III Inc.,co_5f36274df8c4,First Lien,,11.77%,,SOFR,6.4%,,,2025-11-03,14395,14345,14222,,14345,,,,,,PNNT,2023-12-08
Duraco Specialty Tapes LLC,co_8d00b07f7eab,First Lien,,11.93%,,SOFR,6.5%,,,2024-06-30,8635,8561,8505,,8561,,,,,,PNNT,2023-12-08
EDS Buyer LLC,co_10f64234f044,First Lien,,11.64%,,SOFR,6.25%,,,2029-01-10,6219,6148,6125,,6148,,,,,,PNNT,2023-12-08
Electro Rent Corp.,co_de9734bada15,First Lien,,10.93%,,SOFR,5.5%,,,2024-01-17,3712,3665,3632,,3665,,,,,,PNNT,2023-12-08
ETE Intermediate II LLC,co_a9906ab1deb4,First Lien,Media & Entertainment,11.89%,,SOFR,6.5%,,,2029-05-29,12404,12171,12193,,12171,,,,,,PNNT,2023-12-08
Exigo Intermediate II LLC,co_69945c1e9737,First Lien,Media & Entertainment,11.17%,,SOFR,5.75%,,,2027-03-15,9750,9637,9555,,9637,,,,,,PNNT,2023-12-08
Fairbanks Morse Defense,co_0ab50a9a685a,First Lien,Aerospace & Defense,10.4%,,SOFR,4.75%,,,2028-06-17,1518,1470,1506,,1470,,,,,,PNNT,2023-12-08
Five Star Buyer Inc.,co_607e18196e07,First Lien,,12.43%,,SOFR,7%,,,2028-02-23,4373,4291,4307,,4291,,,,,,PNNT,2023-12-08
Global Holdings InterCo LLC,co_a17b7cd0811e,First Lien,,11.96%,,SOFR,6.5%,,,2026-03-16,7027,7008,6676,,7008,,,,,,PNNT,2023-12-08
Graffiti Buyer Inc.,co_0e9dedaa52c9,First Lien,,10.99%,,SOFR,5.75%,,,2027-08-10,1954,1925,1935,,1925,,,,,,PNNT,2023-12-08
Hancock Roofing and Construction LLC.,co_d85ec0f73a3d,First Lien,Industrials,10.93%,,SOFR,5.5%,,,2026-12-31,6423,6423,6262,,6423,,,,,,PNNT,2023-12-08
Holdco Sands Intermediate LLC,co_828f9f676b66,First Lien,Media & Entertainment,11.32%,,SOFR,6%,,,2028-11-23,19717,19388,19717,,19388,,,,,,PNNT,2023-12-08
HV Watterson Holdings LLC,co_55a05656c359,First Lien,,11.79%,,SOFR,6%,,,2026-12-17,15140,14974,15110,,14974,,,,,,PNNT,2023-12-08
HW Holdco LLC,co_1627b72c157b,First Lien,,11.7%,,SOFR,6.25%,,,2024-12-10,14250,14171,14036,,14171,,,,,,PNNT,2023-12-08
IG Investments Holdings LLC,co_f6f92e4ea8cd,First Lien,Financial Services,11.45%,,SOFR,6%,,,2028-09-22,4428,4355,4362,,4355,,,,,,PNNT,2023-12-08
Imagine Acquisitionco LLC,co_c25c52261e58,First Lien,,10.72%,,SOFR,5.5%,,,2027-11-15,5565,5481,5482,,5481,,,,,,PNNT,2023-12-08
Inception Fertility Ventures LLC,co_034188a0b0b6,First Lien,Healthcare,12.5%,,SOFR,7.15%,,,2024-12-31,19737,19410,19737,,19410,,,,,,PNNT,2023-12-08
Infinity Home Services Holdco Inc.,co_607a972ec616,First Lien,Business Services,12.24%,,SOFR,6.85%,,,2028-12-28,11053,10867,11053,,10867,,,,,,PNNT,2023-12-08
Infolinks Media Buyco LLC,co_5f74b276b4c2,First Lien,Media & Entertainment,11.17%,,SOFR,5.75%,,,2026-11-01,6364,6364,6364,,6364,,,,,,PNNT,2023-12-08
Integrity Marketing Acquisition LLC,co_cb724891ebc0,First Lien,Business Services,11.57%,,SOFR,5.75%,,,2026-08-27,19701,19639,19504,,19639,,,,,,PNNT,2023-12-08
K2 Pure Solutions NoCal LP.,co_81132dd1e440,First Lien,,13.42%,,SOFR,8%,,,2023-12-20,12061,12040,12061,,12040,,,,,,PNNT,2023-12-08
Kinetic Purchaser LLC,co_dcf36a882d65,First Lien,,11.54%,,SOFR,6.15%,,,2027-11-10,16920,16641,16666,,16641,,,,,,PNNT,2023-12-08
LAV Gear Holdings Inc.,co_97316ccde517,First Lien,,11.46%,,SOFR,5.65%,,,2024-10-31,4658,4631,4603,,4631,,,,,,PNNT,2023-12-08
Lash OpCo LLC,co_90f3961a5b09,First Lien,,12.13%,,SOFR,7%,,,2027-02-18,19723,19565,19526,,19565,,,,,,PNNT,2023-12-08
Lightspeed Buyer Inc.,co_961292b66f9d,First Lien,,10.67%,,SOFR,5.75%,,,2026-02-03,12218,12056,12096,,12056,,,,,,PNNT,2023-12-08
LJ Avalon Holdings LLC,co_27e9144fc6e4,First Lien,,11.77%,,SOFR,6.65%,,,2030-01-31,6318,6206,6192,,6206,,,,,,PNNT,2023-12-08
MAG DS Corp.,co_c49257271dab,First Lien,,10.99%,,SOFR,5.5%,,,2027-04-01,7601,7153,7202,,7153,,,,,,PNNT,2023-12-08
Magenta Buyer LLC,co_998c6c433e56,First Lien,,10.63%,,SOFR,5%,,,2028-07-31,3785,3550,2805,,3550,,,,,,PNNT,2023-12-08
Mars Acquisition Holdings Corp.,co_21ee733d0c9b,First Lien,,11.04%,,SOFR,5.5%,,,2026-05-14,10885,10811,10776,,10811,,,,,,PNNT,2023-12-08
MBS Holdings Inc.,co_1f4d56e6b50c,First Lien,,11.22%,,SOFR,5.75%,,,2027-04-16,7859,7780,7749,,7780,,,,,,PNNT,2023-12-08
Meadowlark Acquirer LLC,co_259fd8608352,First Lien,,10.58%,,SOFR,5.5%,,,2027-12-10,2958,2911,2884,,2911,,,,,,PNNT,2023-12-08
Municipal Emergency Services Inc.,co_80bfaf155c6d,First Lien,Business Services,11.04%,,SOFR,5.5%,,,2027-10-01,5975,5860,5843,,5860,,,,,,PNNT,2023-12-08
NBH Group LLC,co_cf4bef6edccb,First Lien,,10.93%,,SOFR,5.25%,,,2026-08-19,7429,7369,7280,,7369,,,,,,PNNT,2023-12-08
Neptune Flood Inc.,co_bc495139bf56,First Lien,,11.97%,,SOFR,6.6%,,,2029-05-09,8020,7910,8020,,7910,,,,,,PNNT,2023-12-08
One Stop Mailing LLC,co_666f58675343,First Lien,,11.68%,,SOFR,6.25%,,,2027-05-07,8470,8311,8470,,8311,,,,,,PNNT,2023-12-08
Owl Acquisition LLC,co_6c22cfe0b887,First Lien,,10.8%,,SOFR,5.75%,,,2028-02-04,3893,3794,3834,,3794,,,,,,PNNT,2023-12-08
Ox Two LLC,co_d8f40c613751,First Lien,,12.9%,,SOFR,7.25%,,,2026-05-18,4378,4343,4301,,4343,,,,,,PNNT,2023-12-08
Pequod Merger Sub Inc.,co_7b5885369ef3,First Lien,,11.79%,,SOFR,6.4%,,,2026-12-02,11474,11267,11244,,11267,,,,,,PNNT,2023-12-08
PL Acquisitionco LLC,co_76d53d3f1d91,First Lien,,12.42%,,SOFR,7%,,,2027-11-09,7930,7818,7137,,7818,,,,,,PNNT,2023-12-08
PlayPower Inc.,co_d89d4111bece,First Lien,,10.92%,,SOFR,5.65%,,,2026-05-08,2551,2481,2436,,2481,,,,,,PNNT,2023-12-08
Quantic Electronics LLC,co_9b566b2444e7,First Lien,Software & Technology,11.74%,,SOFR,6.25%,,,2026-11-19,3314,3267,3264,,3267,,,,,,PNNT,2023-12-08
Radius Aerospace Inc.,co_c2adc14192da,First Lien,Aerospace & Defense,11.29%,,SOFR,5.75%,,,2025-03-31,12703,12641,12576,,12641,,,,,,PNNT,2023-12-08
Rancho Health MSO Inc.,co_ce352faa6907,First Lien,,11.22%,,SOFR,5.5%,,,2025-12-18,5603,5603,5603,,5603,,,,,,PNNT,2023-12-08
Reception Purchaser LLC,co_d439fc36f4fd,First Lien,,11.54%,,SOFR,6%,,,2028-04-28,5000,4937,4800,,4937,,,,,,PNNT,2023-12-08
Recteq LLC,co_c5c26f9005ac,First Lien,,12.54%,,SOFR,7%,,,2026-01-29,9750,9655,9458,,9655,,,,,,PNNT,2023-12-08
Research Now Group LLC,co_f56b9233964e,First Lien,,11.13%,,SOFR,5.5%,,,2024-12-20,14389,14332,12591,,14332,,,,,,PNNT,2023-12-08
Riverpoint Medical LLC,co_e8b0874b5d69,First Lien,Healthcare,10.54%,,SOFR,5.75%,,,2025-06-20,3176,3162,3131,,3162,,,,,,PNNT,2023-12-08
Riverside Assessments LLC,co_715bd6085dc3,First Lien,,11.29%,,SOFR,6.25%,,,2025-03-10,10895,10834,10786,,10834,,,,,,PNNT,2023-12-08
Rural Sourcing Holdings Inc.,co_193bef57c8af,First Lien,,11.52%,,SOFR,6.25%,,,2029-06-16,3749,3678,3692,,3678,,,,,,PNNT,2023-12-08
Sales Benchmark Index LLC,co_2f514572a82e,First Lien,,11.59%,,SOFR,6%,,,2025-01-03,6859,6815,6825,,6815,,,,,,PNNT,2023-12-08
Sargent & Greenleaf Inc.,co_9134b5b22f88,First Lien,,12.92%,,SOFR,7.5%,,,2024-12-20,4872,4872,4823,,4872,,,,,,PNNT,2023-12-08
Seaway Buyer LLC,co_50f5e02b1d22,First Lien,,11.54%,,SOFR,6.05%,,,2029-06-13,14850,14633,14405,,14633,,,,,,PNNT,2023-12-08
Signature Systems Holding Company,co_b49bc1ef3861,First Lien,,12.04%,,SOFR,6.5%,,,2024-05-03,11201,11173,11201,,11173,,,,,,PNNT,2023-12-08
Skopima Consilio Parent LLC,co_3409326f4afe,First Lien,,9.93%,,SOFR,4.5%,,,2028-05-17,1300,1274,1272,,1274,,,,,,PNNT,2023-12-08
Solutionreach Inc.,co_687e91868b79,First Lien,,12.37%,,SOFR,7%,,,2025-07-17,9239,9206,9202,,9206,,,,,,PNNT,2023-12-08
SpendMend Holdings. LLC,co_c8784a5b17d7,First Lien,,11.04%,,SOFR,5.75%,,,2028-03-01,9607,9352,9396,,9352,,,,,,PNNT,2023-12-08
STV Group Inc.,co_8922cc638ea0,First Lien,,10.67%,,SOFR,5.25%,,,2026-12-11,12099,12045,11857,,12045,,,,,,PNNT,2023-12-08
Summit Behavioral Healthcare LLC,co_fef2ee36d477,First Lien,Healthcare,10.43%,,SOFR,4.75%,,,2028-11-24,3572,3389,3559,,3389,,,,,,PNNT,2023-12-08
Teneo Holdings LLC,co_a61900ea7719,First Lien,,10.67%,,SOFR,5.25%,,,2025-07-18,2936,2927,2931,,2927,,,,,,PNNT,2023-12-08
The Aegis Technologies Group LLC,co_22ab3613944e,First Lien,,12.04%,,SOFR,6.5%,,,2025-10-31,11095,11008,10929,,11008,,,,,,PNNT,2023-12-08
The Bluebird Group LLC,co_7670d29af630,First Lien,,12.79%,,SOFR,7.25%,,,2026-07-27,7855,7872,7823,,7872,,,,,,PNNT,2023-12-08
The Vertex Companies LLC,co_ea5004681b41,First Lien,,11.7%,,SOFR,6.35%,,,2027-08-31,7690,7596,7628,,7596,,,,,,PNNT,2023-12-08
TPC Canada Parent Inc.,co_1a3770b8fe20,First Lien,,10.68%,,SOFR,5.5%,,,2025-11-24,5479,5378,5479,,5378,,,,,,PNNT,2023-12-08
TWS Acquisition Corp.,co_3417329662f3,First Lien,,11.8%,,SOFR,6.25%,,,2025-06-06,7177,7161,7177,,7161,,,,,,PNNT,2023-12-08
Tyto Athene LLC,co_50b51b48db1c,First Lien,,10.9%,,SOFR,5.5%,,,2028-04-03,11393,11285,10391,,11285,,,,,,PNNT,2023-12-08
Urology Management Holdings. Inc.,co_3145e44ea79c,First Lien,Healthcare,11.79%,,SOFR,6.25%,,,2026-06-15,3860,3792,3780,,3792,,,,,,PNNT,2023-12-08
Wildcat Buyerco Inc.,co_b37147d3a0ac,First Lien,,10.54%,,SOFR,5.15%,,,2026-02-27,11386,11323,11272,,11323,,,,,,PNNT,2023-12-08
Zips Car Wash LLC,co_7d093c7eaca2,First Lien,Automotive,12.67%,,SOFR,7.25%,,,2024-03-01,19682,19582,19042,,19582,,,,,,PNNT,2023-12-08
First Lien Secured Debt - 783.7% PennantPark Senior Loan Fund LLC,co_c2f5d433b2cf,Other,,,,,,,,,,810737,804187,,810737,,,,,,PNNT,2023-12-08
Investments and Cash Equivalents - 841.3%,co_48dbddc5416b,Other,Financial Services,,,,,,,,,869833,863283,,869833,,,,,,PNNT,2023-12-08
estments in Controlled,co_f54fc7216673,Subordinated Debt,,,,,,,,,,,,20.4%,,,,,,,PNNT,2023-12-08
vestments in Controlled,co_8070c680a7e0,Common Equity,,,,,,,,,,,,12.8%,,,,,,,PNNT,2023-12-08
Investments—219.4% of Net Assets,co_3d2def99768b,Other,Financial Services,,,,,,,,,,,2.19%,,,,,,,PNNT,2023-12-08
Liabilities in Excess of Other Assets—(127.1%) of Net Assets,co_28d0fac6ad4f,Other,,,,,,,,,,,,1.27%,,,,,,,PNNT,2023-12-08
Liabilities in Excess of Other Assets,co_bbd3cffede65,Other,,,,,,,,,,,-638235,,,,,,,,PNNT,2023-12-08
Liabilities in Excess of Other Assets — (741.3)%,co_a11543a78b91,Other,,,,,,,,,,,,,,,,,,,PNNT,2023-12-08
Members Equity - 100%,co_97185ade7a97,Other,,,,,,,,,,,,,,,,,,,PNNT,2023-12-08
te Holdings II Inc.,co_4efff6d416f8,First Lien,Media & Entertainment,,,,,,,,414,414,568,,414,,,,,,PNNT,2024-02-07
Retail,co_1778c2d9b45b,First Lien,Business Services,,,,,,,,37,37,42,,37,,,,,,PNNT,2024-02-07
te Company II Inc.,co_ba90502123b4,First Lien,Media & Entertainment,,,,,,,,125000,125,126,,125,,,,,cost_suspicious_vs_size|fair_value_suspicious_vs_size,PNNT,2024-02-07
te LLC,co_52817403f47a,First Lien,Media & Entertainment,,,,,,,,98286,899,2595,,899,,,,,cost_suspicious_vs_size|fair_value_suspicious_vs_size,PNNT,2024-02-07
te LLC,co_52817403f47a,First Lien,Media & Entertainment,,,,,,,,43918,4488,21234,,4488,,,,,,PNNT,2024-02-07
Investments—242.6% of Net Assets,co_b34636e70ca7,Other,Financial Services,,,,,,,,,1232040,1210758,2.43%,1232040,,,,,,PNNT,2024-02-07
and Cash Equivalents—250% of Net Assets,co_c18aa25f7a0b,Other,,,,,,,,,,1268890,1247651,2.5%,1268890,,,,,,PNNT,2024-02-07
A1 Garage Merger Sub LLC,co_94ef4596a353,First Lien,,11.96%,,SOFR,6.6%,,,2028-12-22,14888,14636,14813,,14636,,,,,,PNNT,2024-02-07
ACP Falcon Buyer Inc.,co_5610a0606ed6,First Lien,,11.85%,,SOFR,6.5%,,,2029-08-01,15467,15151,15297,,15151,,,,,,PNNT,2024-02-07
Ad.net Acquisition LLC,co_9f11b7cdc3d7,First Lien,,11.61%,,SOFR,6%,,,2026-05-07,4875,4875,4851,,4875,,,,,,PNNT,2024-02-07
Alpine Acquisition Corp.,co_78de638b4250,First Lien,,11.45%,,SOFR,6.1%,,,2026-11-30,14800,14509,14208,,14509,,,,,,PNNT,2024-02-07
Amsive Holding Corp.,co_ab4d63baa520,First Lien,,11.75%,,SOFR,6.4%,,,2025-06-10,13922,13846,13713,,13846,,,,,,PNNT,2024-02-07
Anteriad LLC,co_9deaf0a342c8,First Lien,,11%,,SOFR,5.65%,,,2024-05-23,14151,14125,14009,,14125,,,,,,PNNT,2024-02-07
Any Hour Services,co_e4b93a47ec99,First Lien,Business Services,11.23%,,SOFR,5.75%,,,2027-07-21,10854,10821,10746,,10821,,,,,,PNNT,2024-02-07
Applied Technical Services LLC,co_99f15d413f73,First Lien,Business Services,11.42%,,SOFR,6.15%,,,2026-12-29,11876,11758,11639,,11758,,,,,,PNNT,2024-02-07
Arcfield Acquisition Corp.,co_50bc69c38d09,First Lien,,11.64%,,SOFR,6.35%,,,2029-08-03,21708,21389,21491,,21389,,,,,,PNNT,2024-02-07
Beta Plus Technologies Inc.,co_15fb3f24358e,First Lien,,11.1%,,SOFR,5.75%,,,2029-07-01,14813,14572,14220,,14572,,,,,,PNNT,2024-02-07
Bioderm Inc.,co_356ecbdfc662,First Lien,,11.84%,,SOFR,6.5%,,,2028-01-31,8955,8851,8865,,8851,,,,,,PNNT,2024-02-07
Blackhawk Industrial Distribution Inc.,co_8604af3bb831,First Lien,Distribution & Wholesale,11.75%,,SOFR,6.4%,,,2026-09-17,19748,19484,19501,,19484,,,,,,PNNT,2024-02-07
BlueHalo Financing Holdings LLC,co_f50ba1fff417,First Lien,,12%,,SOFR,6.65%,,,2025-10-31,11067,10988,10845,,10988,,,,,,PNNT,2024-02-07
Broder Bros. Co.,co_7c6852e8548b,First Lien,,11.65%,,SOFR,6%,,,2025-12-04,9619,9619,9619,,9619,,,,,,PNNT,2024-02-07
Burgess Point Purchaser Corp.,co_4efff09567e0,First Lien,,10.71%,,SOFR,5.35%,,,2029-09-26,891,835,838,,835,,,,,,PNNT,2024-02-07
Cartessa Aesthetics LLC,co_5b795483c871,First Lien,,11.1%,,SOFR,5.75%,,,2028-06-14,17238,16978,17238,,16978,,,,,,PNNT,2024-02-07
CF512 Inc.,co_d12c2b1fcc68,First Lien,,11.57%,,SOFR,6.19%,,,2026-08-20,2913,2895,2855,,2895,,,,,,PNNT,2024-02-07
Connatix Buyer Inc.,co_ca0c6acae604,First Lien,,11.14%,,SOFR,5.76%,,,2027-07-13,8785,8768,8390,,8768,,,,,,PNNT,2024-02-07
Crane 1 Services Inc.,co_e2d25c70c2a1,First Lien,Business Services,10.36%,,SOFR,5.01%,,,2027-08-16,2568,2545,2556,,2545,,,,,,PNNT,2024-02-07
Dr. Squatch LLC,co_e3e31b898954,First Lien,,11.2%,,SOFR,5.75%,,,2027-08-31,10671,10628,10671,,10628,,,,,,PNNT,2024-02-07
DRI Holding Inc.,co_e3bb3f551b76,First Lien,,10.71%,,SOFR,5.25%,,,2028-12-21,4371,3962,3977,,3962,,,,,,PNNT,2024-02-07
DRS Holdings III Inc.,co_5f36274df8c4,First Lien,,11.77%,,SOFR,6.4%,,,2025-11-03,14157,14115,14002,,14115,,,,,,PNNT,2024-02-07
Duraco Specialty Tapes LLC,co_8d00b07f7eab,First Lien,,11.96%,,SOFR,6.5%,,,2024-06-30,8613,8561,8475,,8561,,,,,,PNNT,2024-02-07
EDS Buyer LLC,co_10f64234f044,First Lien,,11.62%,,SOFR,6.25%,,,2029-01-10,6203,6135,6141,,6135,,,,,,PNNT,2024-02-07
ETE Intermediate II LLC,co_a9906ab1deb4,First Lien,Media & Entertainment,11.89%,,SOFR,6.5%,,,2029-05-29,12342,12122,12342,,12122,,,,,,PNNT,2024-02-07
Exigo Intermediate II LLC,co_69945c1e9737,First Lien,Media & Entertainment,11.46%,,SOFR,5.75%,,,2027-03-15,9725,9616,9579,,9616,,,,,,PNNT,2024-02-07
Fairbanks Morse Defense,co_0ab50a9a685a,First Lien,Aerospace & Defense,10.54%,,SOFR,5.51%,,,2028-06-17,3514,3429,3511,,3429,,,,,,PNNT,2024-02-07
Five Star Buyer Inc.,co_607e18196e07,First Lien,,12.46%,,SOFR,7%,,,2028-02-23,4340,4261,4275,,4261,,,,,,PNNT,2024-02-07
Global Holdings InterCo LLC,co_a17b7cd0811e,First Lien,,11.46%,,SOFR,6.1%,,,2026-03-16,7008,6990,6658,,6990,,,,,,PNNT,2024-02-07
Graffiti Buyer Inc.,co_0e9dedaa52c9,First Lien,,10.95%,,SOFR,5.75%,,,2027-08-10,1949,1921,1930,,1921,,,,,,PNNT,2024-02-07
Hancock Roofing and Construction LLC.,co_d85ec0f73a3d,First Lien,Industrials,10.95%,,SOFR,5.5%,,,2026-12-31,6423,6423,6166,,6423,,,,,,PNNT,2024-02-07
Holdco Sands Intermediate LLC,co_828f9f676b66,First Lien,Media & Entertainment,11.57%,,SOFR,6%,,,2028-11-23,19666,19348,19470,,19348,,,,,,PNNT,2024-02-07
HV Watterson Holdings LLC,co_55a05656c359,First Lien,,11.5%,,SOFR,6.15%,,,2026-12-17,15064,14910,15064,,14910,,,,,,PNNT,2024-02-07
HW Holdco LLC,co_1627b72c157b,First Lien,,11.83%,,SOFR,6.5%,,,2024-12-10,14250,14186,14036,,14186,,,,,,PNNT,2024-02-07
IG Investments Holdings LLC,co_f6f92e4ea8cd,First Lien,Financial Services,11.45%,,SOFR,6%,,,2028-09-22,4417,4346,4350,,4346,,,,,,PNNT,2024-02-07
Imagine Acquisitionco LLC,co_c25c52261e58,First Lien,,10.74%,,SOFR,5.5%,,,2027-11-15,5551,5471,5468,,5471,,,,,,PNNT,2024-02-07
Inception Fertility Ventures LLC,co_034188a0b0b6,First Lien,Healthcare,12.64%,,SOFR,7.15%,,,2024-12-31,19687,19420,19687,,19420,,,,,,PNNT,2024-02-07
Infinity Home Services Holdco Inc.,co_607a972ec616,First Lien,Business Services,12.2%,,SOFR,6.85%,,,2028-12-28,11025,10847,11025,,10847,,,,,,PNNT,2024-02-07
Infolinks Media Buyco LLC,co_5f74b276b4c2,First Lien,Media & Entertainment,11.21%,,SOFR,5.85%,,,2026-11-01,5785,5785,5785,,5785,,,,,,PNNT,2024-02-07
Integrity Marketing Acquisition LLC,co_cb724891ebc0,First Lien,Business Services,11.54%,,SOFR,5.75%,,,2026-08-27,19651,19596,19455,,19596,,,,,,PNNT,2024-02-07
Inventus Power Inc.,co_5ea70dbaca4c,First Lien,,12.97%,,SOFR,7.61%,,,2025-06-30,13201,12970,12937,,12970,,,,,,PNNT,2024-02-07
K2 Pure Solutions NoCal LP.,co_81132dd1e440,First Lien,,15.46%,,SOFR,10.1%,,,2024-01-31,10952,10951,10952,,10951,,,,,,PNNT,2024-02-07
Kinetic Purchaser LLC,co_dcf36a882d65,First Lien,,11.5%,,SOFR,6.15%,,,2027-11-10,16877,16611,16793,,16611,,,,,,PNNT,2024-02-07
LAV Gear Holdings Inc.,co_97316ccde517,First Lien,,11.8%,,SOFR,6.4%,,,2025-10-31,4647,4626,4545,,4626,,,,,,PNNT,2024-02-07
Lash OpCo LLC,co_90f3961a5b09,First Lien,,12.48%,,SOFR,7%,,,2027-02-18,19673,19525,19575,,19525,,,,,,PNNT,2024-02-07
Lightspeed Buyer Inc.,co_961292b66f9d,First Lien,,10.71%,,SOFR,5.35%,,,2026-02-03,12187,12039,12126,,12039,,,,,,PNNT,2024-02-07
LJ Avalon Holdings LLC,co_27e9144fc6e4,First Lien,,12.04%,,SOFR,6.65%,,,2030-01-31,6302,6192,6176,,6192,,,,,,PNNT,2024-02-07
MAG DS Corp.,co_c49257271dab,First Lien,,10.95%,,SOFR,5.5%,,,2027-04-01,7581,7158,7239,,7158,,,,,,PNNT,2024-02-07
Magenta Buyer LLC,co_998c6c433e56,First Lien,,10.64%,,SOFR,5.26%,,,2028-07-31,3775,3550,2652,,3550,,,,,,PNNT,2024-02-07
Mars Acquisition Holdings Corp.,co_21ee733d0c9b,First Lien,,11%,,SOFR,5.65%,,,2026-05-14,10857,10788,10857,,10788,,,,,,PNNT,2024-02-07
MBS Holdings Inc.,co_1f4d56e6b50c,First Lien,,11.29%,,SOFR,5.85%,,,2027-04-16,8395,8307,8282,,8307,,,,,,PNNT,2024-02-07
Meadowlark Acquirer LLC,co_259fd8608352,First Lien,,11.04%,,SOFR,5.5%,,,2027-12-10,2945,2900,2857,,2900,,,,,,PNNT,2024-02-07
Municipal Emergency Services Inc.,co_80bfaf155c6d,First Lien,Business Services,10.5%,,SOFR,5.15%,,,2027-10-01,5958,5850,5952,,5850,,,,,,PNNT,2024-02-07
NBH Group LLC,co_cf4bef6edccb,First Lien,,11.19%,,SOFR,5.25%,,,2026-08-19,7410,7353,6966,,7353,,,,,,PNNT,2024-02-07
Neptune Flood Inc.,co_bc495139bf56,First Lien,,11.72%,,SOFR,6.35%,,,2029-05-09,7845,7740,7845,,7740,,,,,,PNNT,2024-02-07
NORA Acquisition LLC,co_44e3b26054a0,First Lien,,11.7%,,SOFR,6.35%,,,2029-08-31,14963,14681,14738,,14681,,,,,,PNNT,2024-02-07
One Stop Mailing LLC,co_666f58675343,First Lien,,11.72%,,SOFR,6.36%,,,2027-05-07,8447,8296,8447,,8296,,,,,,PNNT,2024-02-07
Owl Acquisition LLC,co_6c22cfe0b887,First Lien,,10.75%,,SOFR,5.75%,,,2028-02-04,3893,3798,3834,,3798,,,,,,PNNT,2024-02-07
Ox Two LLC,co_d8f40c613751,First Lien,,12.86%,,SOFR,7.51%,,,2026-05-18,4378,4333,4323,,4333,,,,,,PNNT,2024-02-07
Pequod Merger Sub Inc.,co_7b5885369ef3,First Lien,,11.75%,,SOFR,6.4%,,,2026-12-02,11445,11253,11216,,11253,,,,,,PNNT,2024-02-07
PL Acquisitionco LLC,co_76d53d3f1d91,First Lien,,12.46%,,SOFR,7.1%,,,2027-11-09,8000,7892,7080,,7892,,,,,,PNNT,2024-02-07
PlayPower Inc.,co_d89d4111bece,First Lien,,11.06%,,SOFR,5.65%,,,2026-05-08,2544,2479,2467,,2479,,,,,,PNNT,2024-02-07
Quantic Electronics LLC,co_9b566b2444e7,First Lien,Software & Technology,11.7%,,SOFR,6.35%,,,2026-11-19,3305,3261,3239,,3261,,,,,,PNNT,2024-02-07
Radius Aerospace Inc.,co_c2adc14192da,First Lien,Aerospace & Defense,11.25%,,SOFR,5.75%,,,2025-03-31,12669,12614,12542,,12614,,,,,,PNNT,2024-02-07
Rancho Health MSO Inc.,co_ce352faa6907,First Lien,,11.24%,,SOFR,5.5%,,,2025-12-18,5589,5589,5589,,5589,,,,,,PNNT,2024-02-07
Reception Purchaser LLC,co_d439fc36f4fd,First Lien,,11.5%,,SOFR,6.15%,,,2028-04-28,4987,4928,4838,,4928,,,,,,PNNT,2024-02-07
Recteq LLC,co_c5c26f9005ac,First Lien,,12.5%,,SOFR,7.15%,,,2026-01-29,9725,9638,9385,,9638,,,,,,PNNT,2024-02-07
Research Now Group LLC,co_f56b9233964e,First Lien,,11.14%,,SOFR,5.76%,,,2024-12-20,14351,14305,12701,,14305,,,,,,PNNT,2024-02-07
Riverpoint Medical LLC,co_e8b0874b5d69,First Lien,Healthcare,10.5%,,SOFR,5%,,,2025-06-20,3168,3156,3142,,3156,,,,,,PNNT,2024-02-07
Riverside Assessments LLC,co_715bd6085dc3,First Lien,,11.25%,,SOFR,6.25%,,,2025-03-09,10867,10816,10758,,10816,,,,,,PNNT,2024-02-07
Rural Sourcing Holdings Inc.,co_193bef57c8af,First Lien,,11.43%,,SOFR,6.25%,,,2029-06-16,3739,3672,3683,,3672,,,,,,PNNT,2024-02-07
S101 Holdings Inc.,co_21517a905ed4,First Lien,,11.54%,,SOFR,6.15%,,,2026-12-29,4239,4176,4176,,4176,,,,,,PNNT,2024-02-07
Sales Benchmark Index LLC,co_2f514572a82e,First Lien,,11.55%,,SOFR,6.2%,,,2025-01-03,6676,6641,6643,,6641,,,,,,PNNT,2024-02-07
Sargent & Greenleaf Inc.,co_9134b5b22f88,First Lien,,12.96%,,SOFR,7.5%,,,2024-12-20,4830,4830,4806,,4830,,,,,,PNNT,2024-02-07
Seaway Buyer LLC,co_50f5e02b1d22,First Lien,,11.5%,,SOFR,6.15%,,,2029-06-13,14813,14603,14294,,14603,,,,,,PNNT,2024-02-07
Sigma Defense Systems LLC,co_916b06171872,First Lien,Aerospace & Defense,12.5%,,SOFR,7.15%,,,2027-12-18,6434,6395,6370,,6395,,,,,,PNNT,2024-02-07
Signature Systems Holding Company,co_b49bc1ef3861,First Lien,,12%,,SOFR,6.65%,,,2024-05-03,9401,9386,9401,,9386,,,,,,PNNT,2024-02-07
Skopima Consilio Parent LLC,co_3409326f4afe,First Lien,,9.97%,,SOFR,4.5%,,,2028-05-17,1300,1275,1290,,1275,,,,,,PNNT,2024-02-07
Solutionreach Inc.,co_687e91868b79,First Lien,,12.53%,,SOFR,7%,,,2025-07-17,9239,9206,9211,,9206,,,,,,PNNT,2024-02-07
SpendMend Holdings. LLC,co_c8784a5b17d7,First Lien,,11.01%,,SOFR,5.65%,,,2028-03-01,9583,9340,9477,,9340,,,,,,PNNT,2024-02-07
STV Group Inc.,co_8922cc638ea0,First Lien,,10.71%,,SOFR,5.35%,,,2026-12-11,12099,12047,11978,,12047,,,,,,PNNT,2024-02-07
Summit Behavioral Healthcare LLC,co_fef2ee36d477,First Lien,Healthcare,10.4%,,SOFR,4.75%,,,2028-11-24,3563,3387,3554,,3387,,,,,,PNNT,2024-02-07
Teneo Holdings LLC,co_a61900ea7719,First Lien,,10.71%,,SOFR,5.25%,,,2025-07-18,2928,2920,2921,,2920,,,,,,PNNT,2024-02-07
The Bluebird Group LLC,co_7670d29af630,First Lien,,12%,,SOFR,6.65%,,,2026-07-27,11978,11924,11846,,11924,,,,,,PNNT,2024-02-07
The Vertex Companies LLC,co_ea5004681b41,First Lien,,11.49%,,SOFR,6.35%,,,2027-08-31,7673,7583,7658,,7583,,,,,,PNNT,2024-02-07
TPC Canada Parent Inc.,co_1a3770b8fe20,First Lien,,11.04%,,SOFR,5.5%,,,2025-11-24,5465,5373,5410,,5373,,,,,,PNNT,2024-02-07
TWS Acquisition Corp.,co_3417329662f3,First Lien,,11.78%,,SOFR,6.25%,,,2025-06-06,6219,6208,6219,,6208,,,,,,PNNT,2024-02-07
Tyto Athene LLC,co_50b51b48db1c,First Lien,,11.04%,,SOFR,5.5%,,,2028-04-03,11393,11290,10527,,11290,,,,,,PNNT,2024-02-07
Urology Management Holdings. Inc.,co_3145e44ea79c,First Lien,Healthcare,11.93%,,SOFR,6.25%,,,2026-06-15,3850,3788,3770,,3788,,,,,,PNNT,2024-02-07
Wildcat Buyerco Inc.,co_b37147d3a0ac,First Lien,,11.12%,,SOFR,5.75%,,,2027-02-27,19404,19230,19113,,19230,,,,,,PNNT,2024-02-07
Zips Car Wash LLC,co_7d093c7eaca2,First Lien,Automotive,12.7%,,SOFR,7.25%,,,2024-03-01,19682,19636,19239,,19636,,,,,,PNNT,2024-02-07
First Lien Secured Debt - 826.4% PennantPark Senior Loan Fund LLC,co_c2f5d433b2cf,Other,,,,,,,,,,863478,857885,,863478,,,,,,PNNT,2024-02-07
Investments and Cash Equivalents - 879.4%,co_48dbddc5416b,Other,Financial Services,,,,,,,,,918474,912881,,918474,,,,,,PNNT,2024-02-07
Ivestments in Controlled,co_cbfb5be0c4a2,Common Equity,,,,,,,,,,,,17.4%,,,,,,,PNNT,2024-02-07
Liabilities in Excess of Other Assets—(150.0%) of Net Assets,co_28d0fac6ad4f,Other,,,,,,,,,,,-748509,1.5%,,,,,,,PNNT,2024-02-07
Liabilities in Excess of Other Assets — (779.4)%,co_a11543a78b91,Other,,,,,,,,,,,,,,,,,,,PNNT,2024-02-07
Members Equity - 100%,co_97185ade7a97,Other,,,,,,,,,,,,,,,,,,,PNNT,2024-02-07
Buyco LLC,co_4ea1cff364c4,First Lien,Media & Entertainment,11.18%,,SOFR,5.85%,,,2026-11-01,1413,1399,1413,,1399,,,,,,PNNT,2024-05-08
te II Inc.,co_b9a2f71934dc,First Lien,Media & Entertainment,12.31%,,SOFR,7%,,,2028-05-31,4963,4874,4863,,4874,,,,,,PNNT,2024-05-08
te II Inc.,co_b9a2f71934dc,First Lien,Media & Entertainment,12.31%,,SOFR,7%,,,2028-05-31,347,347,340,,347,,,,,,PNNT,2024-05-08
Investment Identifier [Axis]: Investments in Non-Controlled Non-Affiliated Portfolio Companies—174.8% First Lien Secured Debt—113.1% Schlesinger Global,co_d54fcd40b2d0,Revolver,,12.43%,5.6%,SOFR,7.15%,,,2025-07-14,31,31,31,,31,,,,,,PNNT,2024-05-08
te Holdings II Inc.,co_4efff6d416f8,First Lien,Media & Entertainment,,,,,,,,414,414,584,,414,,,,,,PNNT,2024-05-08
Retail,co_1778c2d9b45b,First Lien,Business Services,,,,,,,,37,37,44,,37,,,,,,PNNT,2024-05-08
te Company II Inc.,co_ba90502123b4,First Lien,Media & Entertainment,,,,,,,,125000,125,146,,125,,,,,cost_suspicious_vs_size|fair_value_suspicious_vs_size,PNNT,2024-05-08
te LLC,co_52817403f47a,First Lien,Media & Entertainment,,,,,,,,98286,983,983,,983,,,,,cost_suspicious_vs_size|fair_value_suspicious_vs_size,PNNT,2024-05-08
te LLC,co_52817403f47a,First Lien,Media & Entertainment,,,,,,,,43918,4488,31274,,4488,,,,,,PNNT,2024-05-08
Investments—246.9% of Net Assets,co_73acd857a8a5,Other,Financial Services,,,,,,,,,1226252,1238231,2.47%,1226252,,,,,,PNNT,2024-05-08
and Cash Equivalents—254%,co_19e563b644f7,Other,,,,,,,,,,1261661,1273649,,1261661,,,,,,PNNT,2024-05-08
A1 Garage Merger Sub LLC,co_94ef4596a353,First Lien,,11.68%,,SOFR,6.6%,,,2028-12-22,14813,14563,14809,,14563,,,,,,PNNT,2024-05-08
ACP Avenu Buyer LLC,co_84171a9a04be,First Lien,,11.58%,,SOFR,6.25%,,,2029-10-02,6484,6370,6322,,6370,,,,,,PNNT,2024-05-08
ACP Falcon Buyer Inc.,co_5610a0606ed6,First Lien,,11.83%,,SOFR,6.25%,,,2029-08-01,15428,15127,15443,,15127,,,,,,PNNT,2024-05-08
AFC - Dell Holding Corp.,co_9e5f4376beaa,First Lien,,11.74%,,SOFR,6.25%,,,2027-04-09,2288,2259,2265,,2259,,,,,,PNNT,2024-05-08
Ad.net Acquisition LLC,co_9f11b7cdc3d7,First Lien,,11.57%,,SOFR,6%,,,2026-05-07,4863,4863,4863,,4863,,,,,,PNNT,2024-05-08
Aeronix,co_98bc95fdd312,First Lien,,10.81%,,SOFR,5.5%,,,2028-12-18,14963,14753,14813,,14753,,,,,,PNNT,2024-05-08
Alpine Acquisition Corp.,co_78de638b4250,First Lien,,11.43%,,SOFR,6.1%,,,2026-11-30,14762,14495,14172,,14495,,,,,,PNNT,2024-05-08
Amsive Holding Corp.,co_ab4d63baa520,First Lien,,11.73%,,SOFR,6.4%,,,2025-06-10,13886,13813,13712,,13813,,,,,,PNNT,2024-05-08
Anteriad LLC,co_9deaf0a342c8,First Lien,,11.23%,,SOFR,5.75%,,,2026-06-30,13947,13875,13878,,13875,,,,,,PNNT,2024-05-08
Any Hour Services,co_e4b93a47ec99,First Lien,Business Services,11%,,SOFR,5.75%,,,2027-07-21,10827,10796,10718,,10796,,,,,,PNNT,2024-05-08
Applied Technical Services LLC,co_99f15d413f73,First Lien,Business Services,11.22%,,SOFR,6.15%,,,2026-12-29,13786,13650,13515,,13650,,,,,,PNNT,2024-05-08
Arcfield Acquisition Corp.,co_50bc69c38d09,First Lien,,11.54%,,SOFR,6.35%,,,2029-08-03,21738,21426,21520,,21426,,,,,,PNNT,2024-05-08
Beta Plus Technologies Inc.,co_15fb3f24358e,First Lien,,11.1%,,SOFR,5.75%,,,2029-07-01,14775,14546,14369,,14546,,,,,,PNNT,2024-05-08
Bioderm Inc.,co_356ecbdfc662,First Lien,,11.82%,,SOFR,6.5%,,,2028-01-31,8933,8834,8843,,8834,,,,,,PNNT,2024-05-08
Blackhawk Industrial Distribution Inc.,co_8604af3bb831,First Lien,Distribution & Wholesale,11.63%,,SOFR,6.4%,,,2026-09-17,19697,19436,19568,,19436,,,,,,PNNT,2024-05-08
BlueHalo Financing Holdings LLC,co_f50ba1fff417,First Lien,,10.42%,,SOFR,4.75%,,,2025-10-31,12259,12179,12076,,12179,,,,,,PNNT,2024-05-08
Broder Bros. Co.,co_7c6852e8548b,First Lien,,11.61%,,SOFR,6%,,,2025-12-04,9501,9501,9501,,9501,,,,,,PNNT,2024-05-08
Burgess Point Purchaser Corp.,co_4efff09567e0,First Lien,,10.68%,,SOFR,5.35%,,,2029-09-26,889,834,846,,834,,,,,,PNNT,2024-05-08
Carisk Buyer Inc.,co_3e2f4263b8bf,First Lien,,11.08%,,SOFR,5.75%,,,2029-11-30,5500,5423,5445,,5423,,,,,,PNNT,2024-05-08
Cartessa Aesthetics LLC,co_5b795483c871,First Lien,,11.06%,,SOFR,5.75%,,,2028-06-14,17194,16945,17194,,16945,,,,,,PNNT,2024-05-08
CF512 Inc.,co_d12c2b1fcc68,First Lien,,11.53%,,SOFR,6.19%,,,2026-08-20,2906,2890,2862,,2890,,,,,,PNNT,2024-05-08
Connatix Buyer Inc.,co_ca0c6acae604,First Lien,,11.09%,,SOFR,5.76%,,,2027-07-13,8762,8748,8412,,8748,,,,,,PNNT,2024-05-08
Crane 1 Services Inc.,co_e2d25c70c2a1,First Lien,Business Services,10.81%,,SOFR,5.51%,,,2027-08-16,2562,2540,2562,,2540,,,,,,PNNT,2024-05-08
Dr. Squatch LLC,co_e3e31b898954,First Lien,,11.16%,,SOFR,5.75%,,,2027-08-31,10643,10603,10643,,10603,,,,,,PNNT,2024-05-08
DRI Holding Inc.,co_e3bb3f551b76,First Lien,,10.68%,,SOFR,5.25%,,,2028-12-21,4360,3965,4074,,3965,,,,,,PNNT,2024-05-08
DRS Holdings III Inc.,co_5f36274df8c4,First Lien,,11.71%,,SOFR,6.4%,,,2025-11-03,14118,14085,14005,,14085,,,,,,PNNT,2024-05-08
Duraco Specialty Tapes LLC,co_8d00b07f7eab,First Lien,,12.29%,,SOFR,6.5%,,,2024-06-30,8591,8560,8566,,8560,,,,,,PNNT,2024-05-08
EDS Buyer LLC,co_10f64234f044,First Lien,,11.56%,,SOFR,6.25%,,,2029-01-10,6188,6122,6064,,6122,,,,,,PNNT,2024-05-08
ETE Intermediate II LLC,co_a9906ab1deb4,First Lien,Media & Entertainment,11.84%,,SOFR,6.5%,,,2029-05-29,12311,12102,12434,,12102,,,,,,PNNT,2024-05-08
Exigo Intermediate II LLC,co_69945c1e9737,First Lien,Media & Entertainment,11.43%,,SOFR,5.75%,,,2027-03-15,9701,9595,9506,,9595,,,,,,PNNT,2024-05-08
Fairbanks Morse Defense,co_0ab50a9a685a,First Lien,Aerospace & Defense,10.32%,,SOFR,4.75%,,,2028-06-17,3500,3419,3500,,3419,,,,,,PNNT,2024-05-08
Five Star Buyer Inc.,co_607e18196e07,First Lien,,12.46%,,SOFR,7%,,,2028-02-23,4307,4233,4242,,4233,,,,,,PNNT,2024-05-08
Global Holdings InterCo LLC,co_a17b7cd0811e,First Lien,,11.45%,,SOFR,6.1%,,,2026-03-16,6990,6974,6640,,6974,,,,,,PNNT,2024-05-08
Graffiti Buyer Inc.,co_0e9dedaa52c9,First Lien,,10.95%,,SOFR,5.75%,,,2027-08-10,1944,1919,1925,,1919,,,,,,PNNT,2024-05-08
Hancock Roofing and Construction LLC.,co_d85ec0f73a3d,First Lien,Industrials,10.9%,,SOFR,5.5%,,,2026-12-31,6146,6146,5777,,6146,,,,,,PNNT,2024-05-08
Holdco Sands Intermediate LLC,co_828f9f676b66,First Lien,Media & Entertainment,11.33%,,SOFR,6%,,,2028-11-23,19614,19314,19614,,19314,,,,,,PNNT,2024-05-08
HV Watterson Holdings LLC,co_55a05656c359,First Lien,,11.46%,,SOFR,6.15%,,,2026-12-17,15026,14883,14966,,14883,,,,,,PNNT,2024-05-08
HW Holdco LLC,co_1627b72c157b,First Lien,,11.7%,,SOFR,6.5%,,,2026-05-10,18499,18394,18222,,18394,,,,,,PNNT,2024-05-08
IG Investments Holdings LLC,co_f6f92e4ea8cd,First Lien,Financial Services,11.43%,,SOFR,6%,,,2028-09-22,4405,4339,4317,,4339,,,,,,PNNT,2024-05-08
Imagine Acquisitionco LLC,co_c25c52261e58,First Lien,,10.43%,,SOFR,5.1%,,,2027-11-15,5537,5462,5482,,5462,,,,,,PNNT,2024-05-08
Inception Fertility Ventures LLC,co_034188a0b0b6,First Lien,Healthcare,12.64%,,SOFR,7.15%,,,2024-12-31,19637,19424,19637,,19424,,,,,,PNNT,2024-05-08
Infinity Home Services Holdco Inc.,co_607a972ec616,First Lien,Business Services,12.16%,,SOFR,6.85%,,,2028-12-28,10997,10830,10997,,10830,,,,,,PNNT,2024-05-08
Infolinks Media Buyco LLC,co_5f74b276b4c2,First Lien,Media & Entertainment,11.18%,,SOFR,5.85%,,,2026-11-01,5709,5709,5709,,5709,,,,,,PNNT,2024-05-08
Integrity Marketing Acquisition LLC,co_cb724891ebc0,First Lien,Business Services,11.49%,,SOFR,5.75%,,,2026-08-27,19620,19576,19424,,19576,,,,,,PNNT,2024-05-08
Inventus Power Inc.,co_5ea70dbaca4c,First Lien,,12.94%,,SOFR,7.61%,,,2025-06-30,13167,12974,12904,,12974,,,,,,PNNT,2024-05-08
Kinetic Purchaser LLC,co_dcf36a882d65,First Lien,,11.46%,,SOFR,6.15%,,,2027-11-10,16835,16584,16835,,16584,,,,,,PNNT,2024-05-08
LAV Gear Holdings Inc.,co_97316ccde517,First Lien,,11.71%,,SOFR,6.4%,,,2025-10-31,4636,4622,4571,,4622,,,,,,PNNT,2024-05-08
Lash OpCo LLC,co_90f3961a5b09,First Lien,,13.23%,,SOFR,7.1%,,,2027-02-18,19930,19802,19731,,19802,,,,,,PNNT,2024-05-08
Lightspeed Buyer Inc.,co_961292b66f9d,First Lien,,10.68%,,SOFR,5.35%,,,2026-02-03,12155,12025,12155,,12025,,,,,,PNNT,2024-05-08
LJ Avalon Holdings LLC,co_27e9144fc6e4,First Lien,,11.67%,,SOFR,6.65%,,,2030-01-31,6287,6180,6224,,6180,,,,,,PNNT,2024-05-08
MAG DS Corp.,co_c49257271dab,First Lien,,10.95%,,SOFR,5.5%,,,2027-04-01,7560,7165,7210,,7165,,,,,,PNNT,2024-05-08
Magenta Buyer LLC,co_998c6c433e56,First Lien,,10.57%,,SOFR,5.26%,,,2028-07-31,3766,3551,2214,,3551,,,,,,PNNT,2024-05-08
Mars Acquisition Holdings Corp.,co_21ee733d0c9b,First Lien,,10.96%,,SOFR,5.65%,,,2026-05-14,10830,10770,10830,,10770,,,,,,PNNT,2024-05-08
MBS Holdings Inc.,co_1f4d56e6b50c,First Lien,,11.26%,,SOFR,5.85%,,,2027-04-16,8373,8290,8261,,8290,,,,,,PNNT,2024-05-08
Meadowlark Acquirer LLC,co_259fd8608352,First Lien,,11.2%,,SOFR,5.5%,,,2027-12-10,2938,2895,2879,,2895,,,,,,PNNT,2024-05-08
Medina Health LLC,co_b22f7431034e,First Lien,,11.56%,,SOFR,6.25%,,,2028-10-20,9975,9813,9875,,9813,,,,,,PNNT,2024-05-08
Municipal Emergency Services Inc.,co_80bfaf155c6d,First Lien,Business Services,10.46%,,SOFR,5.15%,,,2027-10-01,5943,5840,5943,,5840,,,,,,PNNT,2024-05-08
NBH Group LLC,co_cf4bef6edccb,First Lien,,11.17%,,SOFR,5.75%,,,2026-08-19,7391,7340,7059,,7340,,,,,,PNNT,2024-05-08
Neptune Flood Inc.,co_bc495139bf56,First Lien,,11.4%,,SOFR,6.35%,,,2029-05-09,7649,7553,7649,,7553,,,,,,PNNT,2024-05-08
NORA Acquisition LLC,co_44e3b26054a0,First Lien,,11.68%,,SOFR,6.35%,,,2029-08-31,14925,14653,14925,,14653,,,,,,PNNT,2024-05-08
Omnia Exterior Solutions LLC,co_45c8e988e7ce,First Lien,,10.8%,,SOFR,5.5%,,,2029-12-29,3500,3450,3448,,3450,,,,,,PNNT,2024-05-08
One Stop Mailing LLC,co_666f58675343,First Lien,,11.69%,,SOFR,6.36%,,,2027-05-07,8425,8283,8425,,8283,,,,,,PNNT,2024-05-08
Owl Acquisition LLC,co_6c22cfe0b887,First Lien,,10.68%,,SOFR,5.35%,,,2028-02-04,3893,3804,3834,,3804,,,,,,PNNT,2024-05-08
Ox Two LLC,co_d8f40c613751,First Lien,,11.82%,,SOFR,6.51%,,,2026-05-18,4378,4338,4378,,4338,,,,,,PNNT,2024-05-08
PL Acquisitionco LLC,co_76d53d3f1d91,First Lien,,12.43%,,SOFR,7.1%,,,2027-11-09,8071,7970,7143,,7970,,,,,,PNNT,2024-05-08
Pacific Purchaser LLC,co_eeb61b9856aa,First Lien,,11.43%,,SOFR,6.25%,,,2028-10-02,12968,12726,12968,,12726,,,,,,PNNT,2024-05-08
PlayPower Inc.,co_d89d4111bece,First Lien,,10.98%,,SOFR,5.65%,,,2026-05-08,2536,2479,2486,,2479,,,,,,PNNT,2024-05-08
Quantic Electronics LLC,co_9b566b2444e7,First Lien,Software & Technology,11.66%,,SOFR,6.35%,,,2026-11-19,3297,3257,3231,,3257,,,,,,PNNT,2024-05-08
Radius Aerospace Inc.,co_c2adc14192da,First Lien,Aerospace & Defense,11.2%,,SOFR,5.75%,,,2025-03-31,12634,12590,12508,,12590,,,,,,PNNT,2024-05-08
Rancho Health MSO Inc.,co_ce352faa6907,First Lien,,10.94%,,SOFR,5.5%,,,2025-12-18,5575,5575,5575,,5575,,,,,,PNNT,2024-05-08
Reception Purchaser LLC,co_d439fc36f4fd,First Lien,,11.45%,,SOFR,6.15%,,,2028-04-28,4975,4920,4228,,4920,,,,,,PNNT,2024-05-08
Recteq LLC,co_c5c26f9005ac,First Lien,,12.46%,,SOFR,7.15%,,,2026-01-29,9700,9623,9458,,9623,,,,,,PNNT,2024-05-08
Research Now Group LLC,co_f56b9233964e,First Lien,,11.07%,,SOFR,5.76%,,,2024-12-20,14313,14280,12166,,14280,,,,,,PNNT,2024-05-08
Riverpoint Medical LLC,co_e8b0874b5d69,First Lien,Healthcare,10.96%,,SOFR,5.5%,,,2025-06-21,3952,3933,3955,,3933,,,,,,PNNT,2024-05-08
Rural Sourcing Holdings Inc.,co_193bef57c8af,First Lien,,11.43%,,SOFR,6.25%,,,2029-06-16,3730,3664,3674,,3664,,,,,,PNNT,2024-05-08
S101 Holdings Inc.,co_21517a905ed4,First Lien,,11.48%,,SOFR,6.15%,,,2026-12-29,4229,4166,4186,,4166,,,,,,PNNT,2024-05-08
Sales Benchmark Index LLC,co_2f514572a82e,First Lien,,11.51%,,SOFR,6.2%,,,2025-01-03,6676,6650,6676,,6650,,,,,,PNNT,2024-05-08
Sargent & Greenleaf Inc.,co_9134b5b22f88,First Lien,,12.93%,,SOFR,7.5%,,,2024-12-20,4789,4789,4789,,4789,,,,,,PNNT,2024-05-08
Seaway Buyer LLC,co_50f5e02b1d22,First Lien,,11.46%,,SOFR,6.15%,,,2029-06-13,14775,14572,14332,,14572,,,,,,PNNT,2024-05-08
Sigma Defense Systems LLC,co_916b06171872,First Lien,Aerospace & Defense,12.46%,,SOFR,7.15%,,,2027-12-18,8367,8298,8284,,8298,,,,,,PNNT,2024-05-08
Simplicity Financial Marketing Group Holdings Inc.,co_5ce1443c716a,First Lien,Financial Services,11.7%,,SOFR,6.4%,,,2026-12-02,11416,11236,11302,,11236,,,,,,PNNT,2024-05-08
Skopima Consilio Parent LLC,co_3409326f4afe,First Lien,,9.94%,,SOFR,4.5%,,,2028-05-17,1297,1273,1289,,1273,,,,,,PNNT,2024-05-08
Solutionreach Inc.,co_687e91868b79,First Lien,,12.46%,,SOFR,7%,,,2025-07-17,9239,9206,9229,,9206,,,,,,PNNT,2024-05-08
SpendMend Holdings. LLC,co_c8784a5b17d7,First Lien,,10.95%,,SOFR,5.65%,,,2028-03-01,9559,9327,9559,,9327,,,,,,PNNT,2024-05-08
Summit Behavioral Healthcare LLC,co_fef2ee36d477,First Lien,Healthcare,10.35%,,SOFR,4.75%,,,2028-11-24,3554,3386,3554,,3386,,,,,,PNNT,2024-05-08
The Bluebird Group LLC,co_7670d29af630,First Lien,,11.96%,,SOFR,6.65%,,,2026-07-27,11956,11907,11956,,11907,,,,,,PNNT,2024-05-08
The Vertex Companies LLC,co_ea5004681b41,First Lien,,11.46%,,SOFR,6.35%,,,2027-08-31,7650,7566,7650,,7566,,,,,,PNNT,2024-05-08
TPC US Parent LLC,co_3b907791477a,First Lien,,10.98%,,SOFR,5.5%,,,2025-11-24,5451,5371,5445,,5371,,,,,,PNNT,2024-05-08
Transgo LLC,co_db8bd65b7b6f,First Lien,,11.33%,,SOFR,6%,,,2028-02-29,15473,15253,15318,,15253,,,,,,PNNT,2024-05-08
TWS Acquisition Corp.,co_3417329662f3,First Lien,,11.73%,,SOFR,6.25%,,,2025-06-06,5684,5676,5684,,5676,,,,,,PNNT,2024-05-08
Tyto Athene LLC,co_50b51b48db1c,First Lien,,10.98%,,SOFR,5.5%,,,2028-04-03,11393,11299,10675,,11299,,,,,,PNNT,2024-05-08
Urology Management Holdings. Inc.,co_3145e44ea79c,First Lien,Healthcare,11.68%,,SOFR,6.25%,,,2026-06-15,3840,3784,3794,,3784,,,,,,PNNT,2024-05-08
Watchtower Buyer LLC,co_f7da03e2adbf,First Lien,,11.31%,,SOFR,6%,,,2029-12-01,9000,8862,8928,,8862,,,,,,PNNT,2024-05-08
Wildcat Buyerco Inc.,co_b37147d3a0ac,First Lien,,11.06%,,SOFR,5.75%,,,2027-02-27,19355,19197,19258,,19197,,,,,,PNNT,2024-05-08
Zips Car Wash LLC,co_7d093c7eaca2,First Lien,Automotive,12.68%,,SOFR,7.25%,,,2024-12-31,19696,19545,19253,,19545,,,,,,PNNT,2024-05-08
First Lien Secured Debt - 770.3% PennantPark Senior Loan Fund LLC,co_c2f5d433b2cf,Other,,,,,,,,,,928066,923865,,928066,,,,,,PNNT,2024-05-08
Investments and Cash Equivalents - 816.9%,co_48dbddc5416b,Other,Financial Services,,,,,,,,,983958,979757,,983958,,,,,,PNNT,2024-05-08
-Controlled Non-Affiliated Portfolio Companies—176.2% of Net Assets First Lien Secured Debt—113.2% of Net Assets Integrity Marketing Acquisition LLC,co_eb11e2e2a5b7,First Lien,Insurance,,,,,,,2025-08-31,160,,,,,,,,,,PNNT,2024-05-08
and Cash Equivalents—254% of Net Assets,co_c18aa25f7a0b,Other,,,,,,,,,,,,2.54%,,,,,,,PNNT,2024-05-08
Liabilities in Excess of Other Assets—(154.0%) of Net Assets,co_28d0fac6ad4f,Other,,,,,,,,,,,,1.54%,,,,,,,PNNT,2024-05-08
Liabilities in Excess of Other Assets,co_bbd3cffede65,Other,,,,,,,,,,,-772120,,,,,,,,PNNT,2024-05-08
Liabilities in Excess of Other Assets — 716.9%,co_a11543a78b91,Other,,,,,,,,,,,,,,,,,,,PNNT,2024-05-08
Members Equity - 100%,co_97185ade7a97,Other,,,,,,,,,,,,,,,,,,,PNNT,2024-05-08
Buyco LLC,co_4ea1cff364c4,First Lien,Media & Entertainment,10.84%,,SOFR,5.5%,,,2026-11-01,2697,2669,2670,,2669,,,,,,PNNT,2024-08-07
te II Inc.,co_b9a2f71934dc,First Lien,Media & Entertainment,12.34%,,SOFR,7%,,,2028-05-31,4950,4864,4913,,4864,,,,,,PNNT,2024-08-07
te II Inc.,co_b9a2f71934dc,First Lien,Media & Entertainment,12.34%,,SOFR,7%,,,2028-05-31,347,347,344,,347,,,,,,PNNT,2024-08-07
te Holdings II Inc.,co_4efff6d416f8,First Lien,Media & Entertainment,,,,,,,,414,414,600,,414,,,,,,PNNT,2024-08-07
te Company II Inc.,co_ba90502123b4,First Lien,Media & Entertainment,,,,,,,,125000,125,137,,125,,,,,cost_suspicious_vs_size|fair_value_suspicious_vs_size,PNNT,2024-08-07
Gauge Loving Tan,co_02a85c695e43,Common Equity,Consumer & Retail,,,,,,,,9,10,6,,10,,,,,,PNNT,2024-08-07
te LLC) Aerospace and Defense,co_b9a1d089ab3f,First Lien,Media & Entertainment,,,,,,,,98286,983,957,,983,,,,,cost_suspicious_vs_size|fair_value_suspicious_vs_size,PNNT,2024-08-07
te LLC,co_52817403f47a,First Lien,Media & Entertainment,,,,,,,,43918,4488,32593,,4488,,,,,,PNNT,2024-08-07
Investments—256.5%,co_1b87d41c8ffe,Other,Financial Services,,,,,,,,,1252986,1259875,,1252986,,,,,,PNNT,2024-08-07
and Cash Equivalents—268.5%,co_19e563b644f7,Other,,,,,,,,,,1312137,1319027,,1312137,,,,,,PNNT,2024-08-07
A1 Garage Merger Sub LLC,co_94ef4596a353,First Lien,,10.83%,,SOFR,5.5%,,,2028-12-22,14775,14533,14775,,14533,,,,,,PNNT,2024-08-07
ACP Avenu Buyer LLC,co_84171a9a04be,First Lien,,10.55%,,SOFR,5.25%,,,2029-10-02,6468,6359,6273,,6359,,,,,,PNNT,2024-08-07
ACP Falcon Buyer Inc.,co_5610a0606ed6,First Lien,,10.8%,,SOFR,5.5%,,,2029-08-01,15389,15096,15512,,15096,,,,,,PNNT,2024-08-07
AFC - Dell Holding Corp.,co_9e5f4376beaa,First Lien,,11.75%,,SOFR,6.4%,,,2027-04-09,2282,2256,2260,,2256,,,,,,PNNT,2024-08-07
Ad.net Acquisition LLC,co_9f11b7cdc3d7,First Lien,,11.6%,,SOFR,6%,,,2026-05-07,4850,4850,4850,,4850,,,,,,PNNT,2024-08-07
Aeronix,co_98bc95fdd312,First Lien,,10.83%,,SOFR,5.5%,,,2028-12-18,14925,14728,14925,,14728,,,,,,PNNT,2024-08-07
Alpine Acquisition Corp.,co_78de638b4250,First Lien,,11.43%,,SOFR,6.1%,,,2026-11-30,14725,14475,14136,,14475,,,,,,PNNT,2024-08-07
Amsive Holding Corp.,co_ab4d63baa520,First Lien,,11.73%,,SOFR,6.4%,,,2025-06-10,13849,13793,13642,,13793,,,,,,PNNT,2024-08-07
Anteriad LLC,co_9deaf0a342c8,First Lien,,11.23%,,SOFR,5.75%,,,2026-06-30,13744,13673,13744,,13673,,,,,,PNNT,2024-08-07
Applied Technical Services LLC,co_99f15d413f73,First Lien,Business Services,11.25%,,SOFR,5.9%,,,2026-12-29,13750,13623,13544,,13623,,,,,,PNNT,2024-08-07
Arcfield Acquisition Corp.,co_50bc69c38d09,First Lien,,11.58%,,SOFR,6.25%,,,2029-08-03,21628,21323,21520,,21323,,,,,,PNNT,2024-08-07
Beta Plus Technologies Inc.,co_15fb3f24358e,First Lien,,11.08%,,SOFR,5.75%,,,2029-07-01,14775,14554,14480,,14554,,,,,,PNNT,2024-08-07
Big Top Holdings LLC,co_bb22afbdfb87,First Lien,,11.58%,,SOFR,6.25%,,,2030-02-28,6983,6867,6930,,6867,,,,,,PNNT,2024-08-07
Bioderm Inc.,co_356ecbdfc662,First Lien,,11.83%,,SOFR,6.5%,,,2028-01-31,8910,8815,8799,,8815,,,,,,PNNT,2024-08-07
Blackhawk Industrial Distribution Inc.,co_8604af3bb831,First Lien,Distribution & Wholesale,11.66%,,SOFR,6.4%,,,2026-09-17,19645,19388,19517,,19388,,,,,,PNNT,2024-08-07
BlueHalo Financing Holdings LLC,co_f50ba1fff417,First Lien,,10.09%,,SOFR,4.75%,,,2025-10-31,12228,12158,12045,,12158,,,,,,PNNT,2024-08-07
Broder Bros. Co.,co_7c6852e8548b,First Lien,,11.6%,,SOFR,6.26%,,,2025-12-04,9438,9438,9438,,9438,,,,,,PNNT,2024-08-07
Burgess Point Purchaser Corp.,co_4efff09567e0,First Lien,,10.69%,,SOFR,5.35%,,,2029-09-26,887,834,857,,834,,,,,,PNNT,2024-08-07
Carisk Buyer Inc.,co_3e2f4263b8bf,First Lien,,11.08%,,SOFR,5.75%,,,2029-11-30,5486,5412,5459,,5412,,,,,,PNNT,2024-08-07
Carnegie Dartlet LLC,co_42c155a3ddd4,First Lien,,10.84%,,SOFR,5.5%,,,2030-02-07,9975,9835,9825,,9835,,,,,,PNNT,2024-08-07
Cartessa Aesthetics LLC,co_5b795483c871,First Lien,,11.08%,,SOFR,5.75%,,,2028-06-14,17150,16910,17150,,16910,,,,,,PNNT,2024-08-07
CF512 Inc.,co_d12c2b1fcc68,First Lien,,11.54%,,SOFR,6.19%,,,2026-08-20,2899,2883,2855,,2883,,,,,,PNNT,2024-08-07
Connatix Buyer Inc.,co_ca0c6acae604,First Lien,,11.11%,,SOFR,5.76%,,,2027-07-13,8739,8726,8564,,8726,,,,,,PNNT,2024-08-07
Crane 1 Services Inc.,co_e2d25c70c2a1,First Lien,Business Services,10.35%,,SOFR,5.01%,,,2027-08-16,2555,2535,2549,,2535,,,,,,PNNT,2024-08-07
Dr. Squatch LLC,co_e3e31b898954,First Lien,,11.18%,,SOFR,5.75%,,,2027-08-31,10615,10578,10615,,10578,,,,,,PNNT,2024-08-07
DRI Holding Inc.,co_e3bb3f551b76,First Lien,,10.69%,,SOFR,5.35%,,,2028-12-21,5845,5420,5604,,5420,,,,,,PNNT,2024-08-07
DRS Holdings III Inc.,co_5f36274df8c4,First Lien,,11.73%,,SOFR,6.4%,,,2025-11-03,14049,14025,13993,,14025,,,,,,PNNT,2024-08-07
EDS Buyer LLC,co_10f64234f044,First Lien,,11.08%,,SOFR,5.75%,,,2029-01-10,6172,6110,6079,,6110,,,,,,PNNT,2024-08-07
ETE Intermediate II LLC,co_a9906ab1deb4,First Lien,Media & Entertainment,11.85%,,SOFR,6.5%,,,2029-05-29,12280,12074,12402,,12074,,,,,,PNNT,2024-08-07
Exigo Intermediate II LLC,co_69945c1e9737,First Lien,Media & Entertainment,11.69%,,SOFR,6.25%,,,2027-03-15,9676,9574,9603,,9574,,,,,,PNNT,2024-08-07
Fairbanks Morse Defense,co_0ab50a9a685a,First Lien,Aerospace & Defense,10.35%,,SOFR,4.75%,,,2028-06-17,3491,3413,3494,,3413,,,,,,PNNT,2024-08-07
Five Star Buyer Inc.,co_607e18196e07,First Lien,,12.47%,,SOFR,7%,,,2028-02-23,4274,4204,4242,,4204,,,,,,PNNT,2024-08-07
Global Holdings InterCo LLC,co_a17b7cd0811e,First Lien,,11.48%,,SOFR,6.1%,,,2026-03-16,6971,6958,6622,,6958,,,,,,PNNT,2024-08-07
Graffiti Buyer Inc.,co_0e9dedaa52c9,First Lien,,10.93%,,SOFR,5.6%,,,2027-08-10,3126,3087,3095,,3087,,,,,,PNNT,2024-08-07
Hancock Roofing and Construction LLC.,co_d85ec0f73a3d,First Lien,Industrials,10.93%,,SOFR,5.5%,,,2026-12-31,6146,6146,5777,,6146,,,,,,PNNT,2024-08-07
HV Watterson Holdings LLC,co_55a05656c359,First Lien,,11.73%,,SOFR,6.15%,,,2026-12-17,14987,14851,14313,,14851,,,,,,PNNT,2024-08-07
HW Holdco LLC,co_1627b72c157b,First Lien,,11.7%,,SOFR,6.4%,,,2026-05-10,18451,18380,18451,,18380,,,,,,PNNT,2024-08-07
IG Investments Holdings LLC,co_f6f92e4ea8cd,First Lien,Financial Services,11.43%,,SOFR,6%,,,2028-09-22,4394,4330,4317,,4330,,,,,,PNNT,2024-08-07
Imagine Acquisitionco LLC,co_c25c52261e58,First Lien,,10.43%,,SOFR,5.1%,,,2027-11-15,5523,5451,5495,,5451,,,,,,PNNT,2024-08-07
Infinity Home Services Holdco Inc.,co_607a972ec616,First Lien,Business Services,12.18%,,SOFR,6.85%,,,2028-12-28,10969,10807,10969,,10807,,,,,,PNNT,2024-08-07
Inventus Power Inc.,co_5ea70dbaca4c,First Lien,,12.96%,,SOFR,7.61%,,,2025-06-30,13117,12961,12855,,12961,,,,,,PNNT,2024-08-07
Kinetic Purchaser LLC,co_dcf36a882d65,First Lien,,11.48%,,SOFR,6.15%,,,2027-11-10,13701,13510,13701,,13510,,,,,,PNNT,2024-08-07
LAV Gear Holdings Inc.,co_97316ccde517,First Lien,,11.72%,,SOFR,6.4%,,,2025-10-31,4625,4615,4569,,4615,,,,,,PNNT,2024-08-07
Lash OpCo LLC,co_90f3961a5b09,First Lien,,8.06%,,SOFR,2.75%,,,2027-02-18,20184,20069,19982,,20069,,,,,,PNNT,2024-08-07
Lightspeed Buyer Inc.,co_961292b66f9d,First Lien,,10.69%,,SOFR,5.35%,,,2026-02-03,12123,12011,12123,,12011,,,,,,PNNT,2024-08-07
LJ Avalon Holdings LLC,co_27e9144fc6e4,First Lien,,11.74%,,SOFR,6.25%,,,2030-01-31,6271,6165,6271,,6165,,,,,,PNNT,2024-08-07
MAG DS Corp.,co_c49257271dab,First Lien,,10.93%,,SOFR,5.5%,,,2027-04-01,7539,7173,7275,,7173,,,,,,PNNT,2024-08-07
Magenta Buyer LLC,co_998c6c433e56,First Lien,,10.59%,,SOFR,5.26%,,,2028-07-31,3756,3552,2072,,3552,,,,,,PNNT,2024-08-07
Mars Acquisition Holdings Corp.,co_21ee733d0c9b,First Lien,,10.98%,,SOFR,5.65%,,,2026-05-14,10802,10746,10802,,10746,,,,,,PNNT,2024-08-07
MBS Holdings Inc.,co_1f4d56e6b50c,First Lien,,11.27%,,SOFR,5.85%,,,2027-04-16,8352,8274,8360,,8274,,,,,,PNNT,2024-08-07
Meadowlark Acquirer LLC,co_259fd8608352,First Lien,,11.23%,,SOFR,5.75%,,,2027-12-10,2930,2889,2857,,2889,,,,,,PNNT,2024-08-07
Medina Health LLC,co_b22f7431034e,First Lien,,11.58%,,SOFR,6.25%,,,2028-10-20,9950,9796,9950,,9796,,,,,,PNNT,2024-08-07
Municipal Emergency Services Inc.,co_80bfaf155c6d,First Lien,Business Services,10.49%,,SOFR,5.15%,,,2027-10-01,5928,5833,5928,,5833,,,,,,PNNT,2024-08-07
NBH Group LLC,co_cf4bef6edccb,First Lien,,11.18%,,SOFR,5.75%,,,2026-08-19,7372,7327,7004,,7327,,,,,,PNNT,2024-08-07
NORA Acquisition LLC,co_44e3b26054a0,First Lien,,11.68%,,SOFR,6.35%,,,2029-08-31,14888,14625,14888,,14625,,,,,,PNNT,2024-08-07
Omnia Exterior Solutions LLC,co_45c8e988e7ce,First Lien,,10.83%,,SOFR,5.5%,,,2029-12-29,3491,3443,3439,,3443,,,,,,PNNT,2024-08-07
One Stop Mailing LLC,co_666f58675343,First Lien,,11.71%,,SOFR,6.36%,,,2027-05-07,8403,8271,8403,,8271,,,,,,PNNT,2024-08-07
Owl Acquisition LLC,co_6c22cfe0b887,First Lien,,10.69%,,SOFR,5.35%,,,2028-02-04,3893,3807,3834,,3807,,,,,,PNNT,2024-08-07
Ox Two LLC,co_d8f40c613751,First Lien,,11.85%,,SOFR,6.51%,,,2026-05-18,4340,4304,4340,,4304,,,,,,PNNT,2024-08-07
PL Acquisitionco LLC,co_76d53d3f1d91,First Lien,,12.44%,,SOFR,7.1%,,,2027-11-09,8143,8047,6514,,8047,,,,,,PNNT,2024-08-07
Pacific Purchaser LLC,co_eeb61b9856aa,First Lien,,11.26%,,SOFR,6%,,,2028-10-02,12935,12705,13013,,12705,,,,,,PNNT,2024-08-07
Quantic Electronics LLC,co_9b566b2444e7,First Lien,Software & Technology,11.68%,,SOFR,6.35%,,,2026-11-19,3288,3251,3255,,3251,,,,,,PNNT,2024-08-07
Radius Aerospace,co_c2adc14192da,First Lien,Aerospace & Defense,11.38%,,SOFR,5.75%,,,2025-03-31,12599,12567,12347,,12567,,,,,,PNNT,2024-08-07
Rancho Health MSO Inc.,co_ce352faa6907,First Lien,,10.92%,,SOFR,5.5%,,,2025-12-18,5560,5560,5560,,5560,,,,,,PNNT,2024-08-07
Reception Purchaser LLC,co_d439fc36f4fd,First Lien,,11.48%,,SOFR,6.15%,,,2028-04-28,4962,4910,3970,,4910,,,,,,PNNT,2024-08-07
Recteq LLC,co_c5c26f9005ac,First Lien,,12.49%,,SOFR,7.15%,,,2026-01-29,9675,9609,9530,,9609,,,,,,PNNT,2024-08-07
Research Now Group LLC,co_f56b9233964e,First Lien,,0%,,SOFR,5.76%,,,2024-12-20,14351,14318,12198,,14318,,,,,,PNNT,2024-08-07
Riverpoint Medical LLC,co_e8b0874b5d69,First Lien,Healthcare,10.78%,,SOFR,5.5%,,,2025-06-21,3942,3925,3946,,3925,,,,,,PNNT,2024-08-07
Rural Sourcing Holdings Inc.,co_193bef57c8af,First Lien,,11.02%,,SOFR,5.75%,,,2029-06-16,4347,4276,4303,,4276,,,,,,PNNT,2024-08-07
S101 Holdings Inc.,co_21517a905ed4,First Lien,,11.45%,,SOFR,6.15%,,,2026-12-29,4218,4156,4176,,4156,,,,,,PNNT,2024-08-07
Sales Benchmark Index LLC,co_2f514572a82e,First Lien,,11.53%,,SOFR,6.2%,,,2025-01-03,6676,6660,6676,,6660,,,,,,PNNT,2024-08-07
Sargent & Greenleaf Inc.,co_9134b5b22f88,First Lien,,11.92%,,SOFR,6.5%,,,2024-12-20,4675,4675,4675,,4675,,,,,,PNNT,2024-08-07
Seaway Buyer LLC,co_50f5e02b1d22,First Lien,,11.48%,,SOFR,6.15%,,,2029-06-13,14738,14540,14259,,14540,,,,,,PNNT,2024-08-07
Sigma Defense Systems LLC,co_916b06171872,First Lien,Aerospace & Defense,12.49%,,SOFR,7.15%,,,2027-12-18,14687,14518,14540,,14518,,,,,,PNNT,2024-08-07
Simplicity Financial Marketing Group Holdings Inc.,co_5ce1443c716a,First Lien,Financial Services,11.71%,,SOFR,6.4%,,,2026-12-02,11387,11220,11274,,11220,,,,,,PNNT,2024-08-07
Skopima Consilio Parent LLC,co_3409326f4afe,First Lien,,9.96%,,SOFR,4.5%,,,2028-05-17,1294,1271,1295,,1271,,,,,,PNNT,2024-08-07
Smartronix LLC,co_0aef8ece01b9,First Lien,,11.33%,,SOFR,6%,,,2028-11-23,19564,19274,19564,,19274,,,,,,PNNT,2024-08-07
Solutionreach Inc.,co_687e91868b79,First Lien,,12.48%,,SOFR,7%,,,2025-07-17,9239,9208,9239,,9208,,,,,,PNNT,2024-08-07
SpendMend Holdings LLC,co_710b9ab58483,First Lien,,10.98%,,SOFR,5.65%,,,2028-03-01,9534,9314,9534,,9314,,,,,,PNNT,2024-08-07
Summit Behavioral Healthcare LLC,co_fef2ee36d477,First Lien,Healthcare,9.6%,,SOFR,4.25%,,,2028-11-24,3554,3391,3566,,3391,,,,,,PNNT,2024-08-07
System Planning and Analysis Inc.,co_71f5dc9ec658,First Lien,,11.16%,,SOFR,5.75%,,,2027-08-16,15844,15624,15844,,15624,,,,,,PNNT,2024-08-07
TCG 3.0 Jogger Acquisitionco Inc.,co_ec1d60043362,First Lien,,11.84%,,SOFR,6.5%,,,2029-01-23,9975,9819,9875,,9819,,,,,,PNNT,2024-08-07
Team Services Group LLC,co_4524cbd7d68d,First Lien,Business Services,10.5%,,SOFR,5.15%,,,2028-11-24,2668,2581,2659,,2581,,,,,,PNNT,2024-08-07
Teneo Holdings LLC,co_a61900ea7719,First Lien,,10.09%,,SOFR,4.75%,,,2031-03-13,2993,2963,2996,,2963,,,,,,PNNT,2024-08-07
The Bluebird Group LLC,co_7670d29af630,First Lien,,11.98%,,SOFR,6.65%,,,2026-07-27,11933,11889,11933,,11889,,,,,,PNNT,2024-08-07
The Vertex Companies LLC,co_ea5004681b41,First Lien,,11.48%,,SOFR,6.1%,,,2027-08-31,7631,7552,7641,,7552,,,,,,PNNT,2024-08-07
TPC US Parent LLC,co_3b907791477a,First Lien,,10.95%,,SOFR,5.5%,,,2025-11-24,5437,5369,5437,,5369,,,,,,PNNT,2024-08-07
Transgo LLC,co_db8bd65b7b6f,First Lien,,11.34%,,SOFR,6%,,,2028-12-29,14952,14742,14952,,14742,,,,,,PNNT,2024-08-07
TWS Acquisition Corp.,co_3417329662f3,First Lien,,11.74%,,SOFR,6.25%,,,2025-06-06,3628,3624,3628,,3624,,,,,,PNNT,2024-08-07
Tyto Athene LLC,co_50b51b48db1c,First Lien,,10.95%,,SOFR,5.5%,,,2028-04-03,11393,11305,10596,,11305,,,,,,PNNT,2024-08-07
Urology Management Holdings Inc.,co_3145e44ea79c,First Lien,Healthcare,11.76%,,SOFR,6.25%,,,2026-06-15,3831,3780,3804,,3780,,,,,,PNNT,2024-08-07
Watchtower Buyer LLC,co_f7da03e2adbf,First Lien,,11.33%,,SOFR,6%,,,2029-12-01,8978,8843,8897,,8843,,,,,,PNNT,2024-08-07
Wildcat Buyerco Inc.,co_b37147d3a0ac,First Lien,,11.08%,,SOFR,5.75%,,,2027-02-27,19305,19162,19305,,19162,,,,,,PNNT,2024-08-07
Zips Car Wash LLC,co_7d093c7eaca2,First Lien,Automotive,12.69%,,SOFR,7.25%,,,2024-12-31,19736,19645,18998,,19645,,,,,,PNNT,2024-08-07
First Lien Secured Debt - 803.6% PennantPark Senior Loan Fund LLC,co_c2f5d433b2cf,Other,,,,,,,,,,930700,926103,,930700,,,,,,PNNT,2024-08-07
Investments and Cash Equivalents - 842.5%,co_48dbddc5416b,Other,Financial Services,,,,,,,,,975465,970868,,975465,,,,,,PNNT,2024-08-07
Investments—256.5% of Net Assets,co_eb9aad0590e3,Other,Financial Services,,,,,,,,,,,2.56%,,,,,,,PNNT,2024-08-07
Liabilities in Excess of Other Assets—(168.5%) of Net Assets,co_28d0fac6ad4f,Other,,,,,,,,,,,,1.69%,,,,,,,PNNT,2024-08-07
Liabilities in Excess of Other Assets,co_bbd3cffede65,Other,,,,,,,,,,,-827805,,,,,,,,PNNT,2024-08-07
Liabilities in Excess of Other Assets — 716.9%,co_a11543a78b91,Other,,,,,,,,,,,-855630,,,,,,,,PNNT,2024-08-07
Members Equity - 100%,co_97185ade7a97,Other,,,,,,,,,,,115238,,,,,,,,PNNT,2024-08-07
A1 Garage Merger Sub LLC,co_94ef4596a353,First Lien,,10.95%,,SOFR,6.1%,,,2028-12-22,5345,5279,5345,,5279,,,,,,PNNT,2024-11-26
Adweek Purchaser LLC,co_c7da9744fdf5,First Lien,,11.6%,,SOFR,7%,,,2027-05-30,2000,1963,2000,,1963,,,,,,PNNT,2024-11-26
Aechelon Technology Inc.,co_2cd06b60c8c3,First Lien,Software & Technology,12.6%,,SOFR,7.5%,,,2029-08-16,5000,4951,4900,,4951,,,,,,PNNT,2024-11-26
AFC Dell Holding Corp.,co_9e5f4376beaa,First Lien,,10.48%,,SOFR,5.5%,,,2027-04-09,9781,9762,9683,,9762,,,,,,PNNT,2024-11-26
Blackhawk Industrial Distribution Inc.,co_8604af3bb831,First Lien,Distribution & Wholesale,11%,,SOFR,6.4%,,,2026-09-17,6279,6239,6171,,6239,,,,,,PNNT,2024-11-26
Blackhawk Industrial Distribution Inc.,co_8604af3bb831,First Lien,Distribution & Wholesale,11.04%,,SOFR,6.4%,,,2026-09-17,1093,1093,1074,,1093,,,,,,PNNT,2024-11-26
BlueHalo Financing Holdings LLC,co_f50ba1fff417,First Lien,,10.44%,,SOFR,6%,,,2025-10-31,14,14,14,,14,,,,,,PNNT,2024-11-26
Broder Bros. Co.,co_7c6852e8548b,First Lien,,10.97%,,SOFR,6.11%,,,2025-12-04,9524,9524,9524,,9524,,,,,,PNNT,2024-11-26
Cartessa Aesthetics LLC,co_5b795483c871,First Lien,,10.35%,,SOFR,5.75%,,,2028-06-14,28737,28334,28736,,28334,,,,,,PNNT,2024-11-26
Cartessa Aesthetics LLC,co_5b795483c871,First Lien,,10.35%,,SOFR,5.75%,,,2028-06-14,1265,1265,1265,,1265,,,,,,PNNT,2024-11-26
Crane 1 Services Inc.,co_e2d25c70c2a1,First Lien,Business Services,9.4%,,SOFR,5.86%,,,2027-08-16,1777,1751,1763,,1751,,,,,,PNNT,2024-11-26
Dr. Squatch LLC,co_e3e31b898954,First Lien,,9.95%,,SOFR,5.35%,,,2027-08-31,8116,8058,8116,,8058,,,,,,PNNT,2024-11-26
Issue Name DRS Holdings III Inc.,co_73f39fa94924,First Lien,,11.2%,,SOFR,6.35%,,,2025-11-03,6,6,6,,6,,,,,,PNNT,2024-11-26
Issue Name Duggal Acquisition LLC,co_1323673a1bef,First Lien,,9.6%,,SOFR,5%,,,2030-09-30,7000,6930,6930,,6930,,,,,,PNNT,2024-11-26
EDS Buyer LLC,co_10f64234f044,First Lien,,10.35%,,SOFR,5.75%,,,2028-12-22,12261,12106,12077,,12106,,,,,,PNNT,2024-11-26
te II LLC,co_b9a2f71934dc,First Lien,Media & Entertainment,11.1%,,SOFR,6.5%,,,2029-05-25,1215,1215,1215,,1215,,,,,,PNNT,2024-11-26
Gauge ETE Blocker LLC,co_131e2394be68,First Lien,,12.56%,,,,,,2029-05-19,215,215,215,,215,,,,,,PNNT,2024-11-26
GGG MIDCO LLC,co_7807603ac0e6,First Lien,,9.64%,,SOFR,5%,,,2030-09-27,8525,8440,8440,,8440,,,,,,PNNT,2024-11-26
Graffiti Buyer Inc.,co_0e9dedaa52c9,First Lien,,10.2%,,SOFR,5.6%,,,2027-08-10,1132,1123,1121,,1123,,,,,,PNNT,2024-11-26
Graffiti Buyer Inc.,co_0e9dedaa52c9,First Lien,,10.62%,,SOFR,5.6%,,,2027-08-10,384,384,380,,384,,,,,,PNNT,2024-11-26
Halo Buyer Inc.,co_4d288827c1ed,First Lien,,9.45%,,SOFR,4.6%,,,2025-06-30,4712,4382,4285,,4382,,,,,,PNNT,2024-11-26
Infinity Home Services Holdco Inc.,co_607a972ec616,First Lien,Business Services,11.39%,,SOFR,6.85%,,,2028-12-28,2458,2429,2458,,2429,,,,,,PNNT,2024-11-26
Infinity Home Services Holdco Inc.,co_607a972ec616,First Lien,Business Services,10.35%,,SOFR,6%,,,2028-12-28,2562,1846,1897,,1846,,,,,,PNNT,2024-11-26
Infinity Home Services Holdco Inc.,co_607a972ec616,First Lien,Business Services,13.75%,,SOFR,5.75%,,,2028-12-28,194,194,194,,194,,,,,,PNNT,2024-11-26
Buyco LLC,co_4ea1cff364c4,First Lien,Media & Entertainment,10.1%,,SOFR,5.5%,,,2026-11-01,1281,1270,1272,,1270,,,,,,PNNT,2024-11-26
Kinetic Purchaser LLC,co_dcf36a882d65,First Lien,,10.75%,,SOFR,6.15%,,,2027-11-10,3099,3023,3099,,3023,,,,,,PNNT,2024-11-26
Lash OpCo LLC,co_90f3961a5b09,First Lien,,12.94%,5.1%,SOFR,7.85%,,,2027-02-18,2902,2871,2873,,2871,,,,,,PNNT,2024-11-26
Lash OpCo LLC,co_90f3961a5b09,First Lien,,,,SOFR,7.85%,,,2026-08-16,2685,2685,2658,,2685,,,,,,PNNT,2024-11-26
Lash OpCo LLC,co_90f3961a5b09,Other,,13.18%,5.1%,,,,,,,,,,,,,,,,PNNT,2024-11-26
Ledge Lounger Inc.,co_357781e35d40,First Lien,,12.24%,1%,SOFR,7.65%,,,2026-11-09,8999,8911,8549,,8911,,,,,,PNNT,2024-11-26
Ledge Lounger Inc.,co_357781e35d40,First Lien,,12.25%,,SOFR,7.65%,,,2026-11-09,644,644,612,,644,,,,,,PNNT,2024-11-26
te II Inc.,co_b9a2f71934dc,First Lien,Media & Entertainment,11.1%,,SOFR,6.5%,,,2028-05-31,9784,9633,9637,,9633,,,,,,PNNT,2024-11-26
te II Inc.,co_b9a2f71934dc,First Lien,Media & Entertainment,11.6%,,SOFR,7%,,,2028-05-31,332,332,327,,332,,,,,,PNNT,2024-11-26
Megawatt Acquisitionco Inc.,co_13ef788dfd42,First Lien,,10.11%,,SOFR,5.25%,,,2030-03-01,204,204,193,,204,,,,,,PNNT,2024-11-26
Municipal Emergency Services Inc.,co_80bfaf155c6d,First Lien,Business Services,9.77%,,SOFR,5.15%,,,2027-09-28,2792,2792,2792,,2792,,,,,,PNNT,2024-11-26
Omnia Exterior Solutions LLC,co_45c8e988e7ce,First Lien,,10.1%,,SOFR,5.5%,,,2029-12-29,4888,4840,4814,,4840,,,,,,PNNT,2024-11-26
OSP Embedded Purchaser LLC,co_3e138bcccd7f,First Lien,,10.7%,,SOFR,6.1%,,,2029-12-15,6451,6345,6264,,6345,,,,,,PNNT,2024-11-26
Ox Two LLC,co_d8f40c613751,First Lien,,11.12%,,SOFR,6.51%,,,2026-05-18,8460,8403,8460,,8403,,,,,,PNNT,2024-11-26
PlayPower Inc.,co_d89d4111bece,First Lien,,9.85%,,SOFR,5.25%,,,2030-08-28,12000,11912,11820,,11912,,,,,,PNNT,2024-11-26
Quantic Electronics LLC,co_9b566b2444e7,First Lien,Software & Technology,10.95%,,SOFR,6.35%,,,2026-11-19,1468,1461,1461,,1461,,,,,,PNNT,2024-11-26
Quantic Electronics LLC,co_9b566b2444e7,First Lien,Software & Technology,10.95%,,SOFR,6.35%,,,2026-08-17,264,264,263,,264,,,,,,PNNT,2024-11-26
Radius Aerospace Inc.,co_c2adc14192da,First Lien,Aerospace & Defense,11.1%,,SOFR,6.15%,,,2025-03-31,817,817,800,,817,,,,,,PNNT,2024-11-26
RTIC Subsidiary Holdings LLC,co_7851f4467604,First Lien,,10.35%,,SOFR,5.75%,,,2029-05-03,9975,9827,9776,,9827,,,,,,PNNT,2024-11-26
S101 Holdings Inc.,co_21517a905ed4,First Lien,,11.48%,,SOFR,6.15%,,,2026-12-29,355,351,351,,351,,,,,,PNNT,2024-11-26
Safe Haven Defense US LLC,co_b159963796ce,First Lien,Aerospace & Defense,9.85%,,SOFR,5.25%,,,2029-05-23,8976,8843,8886,,8843,,,,,,PNNT,2024-11-26
Sargent & Greenleaf Inc.,co_9134b5b22f88,First Lien,,11.87%,1%,SOFR,6.6%,,,2024-12-20,610,610,610,,610,,,,,,PNNT,2024-11-26
System Planning and Analysis Inc.,co_71f5dc9ec658,First Lien,,10.26%,,SOFR,5.85%,,,2027-08-16,1283,1274,1280,,1274,,,,,,PNNT,2024-11-26
System Planning and Analysis Inc.,co_71f5dc9ec658,First Lien,,9.59%,,SOFR,5.15%,,,2027-08-16,921,921,919,,921,,,,,,PNNT,2024-11-26
TPCN Midco LLC,co_241342c3a90d,First Lien,,10.35%,,SOFR,5.75%,,,2029-06-26,3990,3931,3894,,3931,,,,,,PNNT,2024-11-26
te LLC,co_52817403f47a,First Lien,Media & Entertainment,10.6%,,SOFR,6%,,,2029-12-01,7301,7201,7228,,7201,,,,,,PNNT,2024-11-26
Wildcat Buyerco Inc.,co_b37147d3a0ac,First Lien,,10.6%,,SOFR,5.75%,,,2027-02-27,4585,4551,4585,,4551,,,,,,PNNT,2024-11-26
Zips Car Wash LLC,co_7d093c7eaca2,First Lien,Automotive,12.46%,1.5%,SOFR,7.4%,,,2024-12-31,2590,2586,2473,,2586,,,,,,PNNT,2024-11-26
Best Practice Associates LLC,co_ee536d35454d,First Lien,,13.95%,,SOFR,9.15%,,,2027-06-29,17825,17606,17647,,17606,,,,,,PNNT,2024-11-26
Burgess Point Purchaser Corp.,co_4efff09567e0,First Lien,,14.19%,,SOFR,9.1%,,,2030-07-28,8000,7698,8000,,7698,,,,,,PNNT,2024-11-26
Halo Buyer Inc.,co_4d288827c1ed,First Lien,,13.2%,,SOFR,8.35%,,,2026-07-06,32500,32299,31931,,32299,,,,,,PNNT,2024-11-26
Express Wash Acquisition Company LLC,co_86fb17eee460,First Lien,,16.37%,16.37%,SOFR,1.22%,,,2029-01-15,24284,23710,24138,,23710,,,,,type_hint_corporate_from_name,PNNT,2024-11-26
AFC Acquisitions Inc.,co_6a4f51c80509,First Lien,,,,,,,,,507,780,831,,780,,,,,type_hint_pref_equity_from_name,PNNT,2024-11-26
Cartessa Aesthetics LLC,co_5b795483c871,First Lien,,,,,,,,,3562500,3563,6343,,3563,,,,,cost_suspicious_vs_size|fair_value_suspicious_vs_size|type_hint_pref_equity_from_name,PNNT,2024-11-26
Magnolia Topco LP,co_4c3447b0d6cf,First Lien,,,,,,,,,1545,1545,1592,,1545,,,,,type_hint_pref_equity_from_name,PNNT,2024-11-26
Megawatt Acquisition Partners LLC,co_75a48dcc706f,First Lien,,,,,,,,,5349,535,481,,535,,,,,type_hint_pref_equity_from_name,PNNT,2024-11-26
NXOF Holdings Inc.,co_493f5532d65d,First Lien,,,,,,,,,422,422,572,,422,,,,,type_hint_pref_equity_from_name,PNNT,2024-11-26
RTIC Parent Holdings LLC,co_066700dbc651,First Lien,,,,,,,,,10624,699,1138,,699,,,,,type_hint_pref_equity_from_name,PNNT,2024-11-26
RTIC Parent Holdings LLC,co_066700dbc651,First Lien,,,,,,,,,11276,113,125,,113,,,,,cost_suspicious_vs_size|fair_value_suspicious_vs_size|type_hint_pref_equity_from_name,PNNT,2024-11-26
TPC Holding Company LP,co_15609bc69d06,First Lien,,,,,,,,,219,219,354,,219,,,,,type_hint_pref_equity_from_name,PNNT,2024-11-26
A1 Garage Equity LLC,co_a6d3a541ef1d,First Lien,,,,,,,,,2193038,2193,2767,,2193,,,,,cost_suspicious_vs_size|fair_value_suspicious_vs_size,PNNT,2024-11-26
ACP Big Top Holdings LP.,co_d6e877a46ac5,First Lien,,,,,,,,,773800,774,932,,774,,,,,cost_suspicious_vs_size|fair_value_suspicious_vs_size,PNNT,2024-11-26
Aechelon InvestCo LP,co_3037929e907c,First Lien,,,,,,,,,11312,1131,1131,,1131,,,,,,PNNT,2024-11-26
te Company II Inc.,co_ba90502123b4,First Lien,Media & Entertainment,,,,,,,,125000,125,151,,125,,,,,cost_suspicious_vs_size|fair_value_suspicious_vs_size,PNNT,2024-11-26
AMCSI Crash Co-Invest LP,co_49d0d6967080,First Lien,,,,,,,,,2489777,2490,3737,,2490,,,,,cost_suspicious_vs_size|fair_value_suspicious_vs_size,PNNT,2024-11-26
Burgess Point Holdings LP,co_2d786d83812e,First Lien,,,,,,,,,764,777,812,,777,,,,,,PNNT,2024-11-26
Cowboy Parent LLC,co_84fb583f863b,First Lien,,,,,,,,,27778,3015,5809,,3015,,,,,,PNNT,2024-11-26
Crane 1 Acquisition Parent Holdings LP.,co_91a386c35d92,First Lien,,,,,,,,,113,104,190,,104,,,,,,PNNT,2024-11-26
Duggal Acquisition LLC,co_84f2daabb1d5,First Lien,,,,,,,,,313600,314,314,,314,,,,,cost_suspicious_vs_size|fair_value_suspicious_vs_size,PNNT,2024-11-26
EDS Topco LP,co_c2f9d42cea99,First Lien,,,,,,,,,937500,938,1047,,938,,,,,cost_suspicious_vs_size|fair_value_suspicious_vs_size,PNNT,2024-11-26
FedHC InvestCo LP,co_6540cb875202,First Lien,,,,,,,,,14578,489,1193,,489,,,,,cost_suspicious_vs_size,PNNT,2024-11-26
FedHC InvestCo II LP,co_6540cb875202,First Lien,,,,,,,,,20882,2175,1814,,2175,,,,,,PNNT,2024-11-26
Gauge ETE Blocker LLC,co_131e2394be68,First Lien,,,,,,,,,374444,374,285,,374,,,,,cost_suspicious_vs_size|fair_value_suspicious_vs_size,PNNT,2024-11-26
Gauge Lash Coinvest LLC,co_7de9f89a03cb,First Lien,,,,,,,,,1101293,834,3201,,834,,,,,cost_suspicious_vs_size|fair_value_suspicious_vs_size,PNNT,2024-11-26
Gauge Loving Tan LP,co_02a85c695e43,First Lien,,,,,,,,,543562,544,598,,544,,,,,cost_suspicious_vs_size|fair_value_suspicious_vs_size,PNNT,2024-11-26
GGG MIDCO LLC,co_7807603ac0e6,First Lien,,,,,,,,,1222700,1223,1223,,1223,,,,,cost_suspicious_vs_size|fair_value_suspicious_vs_size,PNNT,2024-11-26
GMP Hills LP,co_6c9a30d07234,First Lien,,,,,,,,,3747470,3747,3673,,3747,,,,,cost_suspicious_vs_size|fair_value_suspicious_vs_size,PNNT,2024-11-26
IHS Parent Holdngs LP.,co_7f9eb1f9e5d1,First Lien,,,,,,,,,1218045,1218,1535,,1218,,,,,cost_suspicious_vs_size|fair_value_suspicious_vs_size,PNNT,2024-11-26
Kinetic Purchaser LLC,co_dcf36a882d65,First Lien,,,,,,,,,1308814,1309,1498,,1309,,,,,cost_suspicious_vs_size|fair_value_suspicious_vs_size,PNNT,2024-11-26
KL Stockton Co-Invest LP,co_bbb1439875a0,First Lien,,,,,,,,,382353,385,884,,385,,,,,cost_suspicious_vs_size|fair_value_suspicious_vs_size,PNNT,2024-11-26
Megawatt Acquisition Partners LLC,co_75a48dcc706f,First Lien,,,,,,,,,594,59,48,,59,,,,,,PNNT,2024-11-26
Municipal Emergency Services Inc.,co_80bfaf155c6d,First Lien,Business Services,,,,,,,,3920145,3984,6272,,3984,,,,,cost_suspicious_vs_size|fair_value_suspicious_vs_size,PNNT,2024-11-26
NEPRT Parent Holdings LLC,co_26610ea67624,First Lien,,,,,,,,,1299,1250,87,,1250,,,,,,PNNT,2024-11-26
te LLC,co_52817403f47a,First Lien,Media & Entertainment,,,,,,,,98286,983,997,,983,,,,,cost_suspicious_vs_size|fair_value_suspicious_vs_size,PNNT,2024-11-26
OES Co-Invest LP,co_e1c5f67a3fab,First Lien,,,,,,,,,840,847,937,,847,,,,,,PNNT,2024-11-26
OHCP V BC COI LP.,co_9e76b5faacac,First Lien,,,,,,,,,694943,695,443,,695,,,,,cost_suspicious_vs_size|fair_value_suspicious_vs_size,PNNT,2024-11-26
OSP Embedded Aggregator LP,co_f08e68d34ee5,First Lien,,,,,,,,,870536,871,553,,871,,,,,cost_suspicious_vs_size|fair_value_suspicious_vs_size,PNNT,2024-11-26
Pink Lily Holdco LLC,co_8edc281300c6,First Lien,,,,,,,,,1044,1044,,,1044,,,,,,PNNT,2024-11-26
QuantiTech InvestCo II LP,co_c0f668123549,First Lien,,,,,,,,,40,14,12,,14,,,,,,PNNT,2024-11-26
Safe Haven Defense MidCo LLC,co_10da30ff93f6,First Lien,Aerospace & Defense,,,,,,,,227,227,247,,227,,,,,,PNNT,2024-11-26
SP L2 Holdings LLC,co_f539becd7bc9,First Lien,,,,,,,,,881966,882,35,,882,,,,,cost_suspicious_vs_size|fair_value_suspicious_vs_size,PNNT,2024-11-26
SSC Dominion Holdings LLC,co_5f44294c82d2,First Lien,,,,,,,,,36,36,4154,,36,,,,,,PNNT,2024-11-26
SV Aero Holdings LLC,co_58fc95328875,First Lien,,,,,,,,,25,218,472,,218,,,,,,PNNT,2024-11-26
TAC LifePort Holdings LLC,co_eebfe102f3eb,First Lien,,,,,,,,,254206,239,388,,239,,,,,cost_suspicious_vs_size|fair_value_suspicious_vs_size,PNNT,2024-11-26
TPC Holding Company LP,co_15609bc69d06,First Lien,,,,,,,,,11527,12,61,,12,,,,,cost_suspicious_vs_size|fair_value_suspicious_vs_size,PNNT,2024-11-26
TPCN Holdings LLC,co_332f0e099c11,First Lien,,,,,,,,,473400,473,388,,473,,,,,cost_suspicious_vs_size|fair_value_suspicious_vs_size,PNNT,2024-11-26
Watchtower Holdings LLC,co_ea15378ab55c,First Lien,,,,,,,,,12419,1242,1292,,1242,,,,,,PNNT,2024-11-26
Wildcat Parent LP,co_fcbd76eb6ff9,First Lien,,,,,,,,,2314,98,843,,98,,,,,cost_suspicious_vs_size,PNNT,2024-11-26
Walker Edison Furniture Company LLC,co_55d1269fe5b2,First Lien,,,,,,,,2029-03-01,10877,10054,979,,10054,,,,,,PNNT,2024-11-26
Walker Edison Furniture Company LLC,co_55d1269fe5b2,First Lien,,,,,,,,2029-03-01,3333,3333,3333,,3333,,,,,,PNNT,2024-11-26
Walker Edison Furniture,co_ef3fdc9c8bde,First Lien,,,,,,,,,72917,6786,,,6786,,,,,,PNNT,2024-11-26
JF Holdings Corp.,co_1081a2f4043d,First Lien,,11.3%,,SOFR,6.05%,,,2026-07-31,49625,49114,49129,,49114,,,,,,PNNT,2024-11-26
te LLC,co_52817403f47a,First Lien,Media & Entertainment,,,,,,,,43918,4488,41729,,4488,,,,,,PNNT,2024-11-26
- 268.9%,co_a762c71c071c,Other,,,,,,,,,,1316872,1328050,,1316872,,,,,,PNNT,2024-11-26
and Cash Equivalents - 279.0%,co_8e37791e8aac,Other,,,,,,,,,,1366705,1377911,2.79%,1366705,,,,,,PNNT,2024-11-26
A1 Garage Merger Sub LLC,co_94ef4596a353,First Lien,,10.95%,,SOFR,6.1%,,,2028-12-22,14738,14504,14738,,14504,,,,,,PNNT,2024-11-26
Aeronix,co_98bc95fdd312,First Lien,,9.85%,,SOFR,5.25%,,,2028-12-18,14888,14700,14888,,14700,,,,,,PNNT,2024-11-26
Dynata,co_388e12c6a10a,First Lien,,10.38%,,SOFR,5.26%,,,2028-07-15,1588,1476,1586,,1476,,,,,,PNNT,2024-11-26
Dynata,co_388e12c6a10a,First Lien,,10.88%,,SOFR,5.76%,,,2028-10-15,9768,9768,8993,,9768,,,,,,PNNT,2024-11-26
EDS Buyer LLC,co_10f64234f044,First Lien,,10.35%,,SOFR,5.75%,,,2029-01-10,11144,11013,10977,,11013,,,,,,PNNT,2024-11-26
ETE Intermediate II LLC,co_a9906ab1deb4,First Lien,Media & Entertainment,11.56%,,SOFR,6.5%,,,2029-05-29,12249,12049,12249,,12049,,,,,,PNNT,2024-11-26
Eval Home Health Solutions Intermediate LLC,co_fd24acfc9a71,First Lien,Media & Entertainment,10.85%,,SOFR,5.75%,,,2030-05-10,7396,7293,7322,,7293,,,,,,PNNT,2024-11-26
Exigo Intermediate II LLC,co_69945c1e9737,First Lien,Media & Entertainment,11.2%,,SOFR,6.35%,,,2027-03-15,9651,9556,9603,,9556,,,,,,PNNT,2024-11-26
Fairbanks Morse Defense,co_0ab50a9a685a,First Lien,Aerospace & Defense,9.74%,,SOFR,4.5%,,,2028-06-17,3491,3417,3495,,3417,,,,,,PNNT,2024-11-26
Five Star Buyer Inc.,co_607e18196e07,First Lien,,12.21%,,SOFR,7.1%,,,2028-02-23,4241,4175,4241,,4175,,,,,,PNNT,2024-11-26
Global Holdings InterCo LLC,co_a17b7cd0811e,First Lien,,11.43%,,SOFR,6.15%,,,2026-03-16,6952,6940,6605,,6940,,,,,,PNNT,2024-11-26
Graffiti Buyer Inc.,co_0e9dedaa52c9,First Lien,,10.45%,,SOFR,5.6%,,,2027-08-10,3118,3081,3087,,3081,,,,,,PNNT,2024-11-26
Hancock Roofing and Construction LLC.,co_d85ec0f73a3d,First Lien,Industrials,10.2%,,SOFR,5.6%,,,2026-12-31,6146,6146,6023,,6146,,,,,,PNNT,2024-11-26
HEC Purchaser Corp.,co_30f60f9977c8,First Lien,,9.75%,,SOFR,5.5%,,,2029-06-17,7980,7887,7924,,7887,,,,,,PNNT,2024-11-26
Hills Distribution Inc.,co_572275c0244d,First Lien,Distribution & Wholesale,11.11%,,SOFR,6%,,,2029-11-08,14292,14106,14149,,14106,,,,,,PNNT,2024-11-26
HV Watterson Holdings LLC,co_55a05656c359,First Lien,,12%,4%,,,,,2026-12-17,15144,15019,13887,,15019,,,,,,PNNT,2024-11-26
HW Holdco LLC,co_1627b72c157b,First Lien,,11.04%,,SOFR,5.9%,,,2026-05-10,18355,18296,18355,,18296,,,,,,PNNT,2024-11-26
IG Investments Holdings LLC,co_f6f92e4ea8cd,First Lien,Financial Services,11.35%,,SOFR,6.1%,,,2028-09-22,4383,4322,4339,,4322,,,,,,PNNT,2024-11-26
Imagine Acquisitionco LLC,co_c25c52261e58,First Lien,,10.2%,,SOFR,5.1%,,,2027-11-15,5509,5440,5481,,5440,,,,,,PNNT,2024-11-26
Infinity Home Services Holdco Inc.,co_607a972ec616,First Lien,Business Services,11.49%,,SOFR,6.85%,,,2028-12-28,13890,13730,14029,,13730,,,,,,PNNT,2024-11-26
Infolinks Media Buyco LLC,co_5f74b276b4c2,First Lien,Media & Entertainment,10.1%,,SOFR,5.5%,,,2026-11-01,12286,12214,12194,,12214,,,,,,PNNT,2024-11-26
Inventus Power Inc.,co_5ea70dbaca4c,First Lien,,12.46%,,SOFR,7.61%,,,2025-06-30,13101,12980,12905,,12980,,,,,,PNNT,2024-11-26
Kinetic Purchaser LLC,co_dcf36a882d65,First Lien,,10.75%,,SOFR,6.15%,,,2027-11-10,13701,13520,13701,,13520,,,,,,PNNT,2024-11-26
LAV Gear Holdings Inc.,co_97316ccde517,First Lien,,11.66%,,SOFR,6.4%,,,2025-10-31,4613,4601,4530,,4601,,,,,,PNNT,2024-11-26
Lash OpCo LLC,co_90f3961a5b09,First Lien,,12.94%,5.1%,SOFR,7.85%,,,2027-02-18,20447,20338,20243,,20338,,,,,,PNNT,2024-11-26
Lightspeed Buyer Inc.,co_961292b66f9d,First Lien,,10.2%,,SOFR,5.35%,,,2026-02-03,14267,14170,14267,,14170,,,,,,PNNT,2024-11-26
LJ Avalon Holdings LLC,co_27e9144fc6e4,First Lien,,10.48%,,SOFR,5.25%,,,2030-01-31,6255,6151,6255,,6151,,,,,,PNNT,2024-11-26
MAG DS Corp.,co_c49257271dab,First Lien,,10.2%,,SOFR,5.5%,,,2027-04-01,8266,7890,7770,,7890,,,,,,PNNT,2024-11-26
Magenta Buyer LLC,co_998c6c433e56,First Lien,,12.13%,,SOFR,7.01%,,,2028-07-31,450,450,425,,450,,,,,,PNNT,2024-11-26
Magenta Buyer LLC,co_998c6c433e56,First Lien,,12.38%,,SOFR,8.01%,,,2028-07-31,569,569,390,,569,,,,,,PNNT,2024-11-26
Magenta Buyer LLC,co_998c6c433e56,First Lien,,11.63%,,SOFR,7.26%,,,2028-07-31,2109,2109,617,,2109,,,,,,PNNT,2024-11-26
MBS Holdings Inc.,co_1f4d56e6b50c,First Lien,,10.67%,,SOFR,5.85%,,,2027-04-16,8330,8256,8338,,8256,,,,,,PNNT,2024-11-26
Meadowlark Acquirer LLC,co_259fd8608352,First Lien,,10.5%,,SOFR,5.9%,,,2027-12-10,2923,2884,2850,,2884,,,,,,PNNT,2024-11-26
Medina Health LLC,co_b22f7431034e,First Lien,,10.85%,,SOFR,6.25%,,,2028-10-20,14912,14765,14912,,14765,,,,,,PNNT,2024-11-26
Megawatt Acquisitionco Inc.,co_13ef788dfd42,First Lien,,9.85%,,SOFR,5.25%,,,2030-03-01,7960,7851,7514,,7851,,,,,,PNNT,2024-11-26
MOREgroup Holdings LLC,co_a1e4fb74a7ea,First Lien,,10.35%,,SOFR,5.75%,,,2030-01-16,12450,12303,12263,,12303,,,,,,PNNT,2024-11-26
Municipal Emergency Services Inc.,co_80bfaf155c6d,First Lien,Business Services,9.77%,,SOFR,5.15%,,,2027-10-01,5912,5822,5912,,5822,,,,,,PNNT,2024-11-26
NBH Group LLC,co_cf4bef6edccb,First Lien,,11.19%,,SOFR,5.85%,,,2026-08-19,7353,7311,7133,,7311,,,,,,PNNT,2024-11-26
NORA Acquisition LLC,co_44e3b26054a0,First Lien,,10.95%,,SOFR,6.35%,,,2029-08-31,14850,14597,14850,,14597,,,,,,PNNT,2024-11-26
Omnia Exterior Solutions LLC,co_45c8e988e7ce,First Lien,,10.01%,,SOFR,5.5%,,,2029-12-29,9768,9650,9622,,9650,,,,,,PNNT,2024-11-26
One Stop Mailing LLC,co_666f58675343,First Lien,,11.21%,,SOFR,6.36%,,,2027-05-07,8380,8256,8380,,8256,,,,,,PNNT,2024-11-26
Owl Acquisition LLC,co_6c22cfe0b887,First Lien,,10.2%,,SOFR,5.35%,,,2028-02-04,3893,3811,3825,,3811,,,,,,PNNT,2024-11-26
Ox Two LLC,co_d8f40c613751,First Lien,,11.12%,,SOFR,6.51%,,,2026-05-18,9340,9307,9340,,9307,,,,,,PNNT,2024-11-26
Pacific Purchaser LLC,co_eeb61b9856aa,First Lien,,11.51%,,SOFR,6%,,,2028-10-02,12903,12682,12877,,12682,,,,,,PNNT,2024-11-26
PCS Midco Inc.,co_dd7b955879f4,First Lien,,10.81%,,SOFR,5.75%,,,2030-03-01,5812,5735,5812,,5735,,,,,,PNNT,2024-11-26
PL Acquisitionco LLC,co_76d53d3f1d91,First Lien,,11.99%,3.5%,SOFR,7.25%,,,2027-11-09,8193,8100,6554,,8100,,,,,,PNNT,2024-11-26
Quantic Electronics LLC,co_9b566b2444e7,First Lien,Software & Technology,10.95%,,SOFR,6.35%,,,2026-11-19,3280,3245,3263,,3245,,,,,,PNNT,2024-11-26
RTIC Subsidiary Holdings LLC,co_7851f4467604,First Lien,,10.35%,,SOFR,5.75%,,,2029-05-03,19950,19673,19551,,19673,,,,,,PNNT,2024-11-26
Radius Aerospace Inc.,co_c2adc14192da,First Lien,Aerospace & Defense,10.75%,,SOFR,5.75%,,,2025-03-31,12565,12543,12313,,12543,,,,,,PNNT,2024-11-26
Rancho Health MSO Inc.,co_ce352faa6907,First Lien,,10.85%,,SOFR,5.6%,,,2025-12-18,5530,5530,5530,,5530,,,,,,PNNT,2024-11-26
Reception Purchaser LLC,co_d439fc36f4fd,First Lien,,25%,,SOFR,6.15%,,,2028-04-28,4937,4888,3703,,4888,,,,,,PNNT,2024-11-26
Recteq LLC,co_c5c26f9005ac,First Lien,,11.75%,,SOFR,7.15%,,,2026-01-29,9650,9592,9554,,9592,,,,,,PNNT,2024-11-26
Riverpoint Medical LLC,co_e8b0874b5d69,First Lien,Healthcare,9.85%,,SOFR,5.25%,,,2025-06-21,3932,3919,3936,,3919,,,,,,PNNT,2024-11-26
Rural Sourcing Holdings Inc.,co_193bef57c8af,First Lien,,10.74%,,SOFR,5.75%,,,2029-06-16,4336,4268,4282,,4268,,,,,,PNNT,2024-11-26
S101 Holdings Inc.,co_21517a905ed4,First Lien,,11.48%,,SOFR,6.15%,,,2026-12-29,6467,6387,6402,,6387,,,,,,PNNT,2024-11-26
Sales Benchmark Index LLC,co_2f514572a82e,First Lien,,10.8%,,SOFR,6.2%,,,2025-01-03,6676,6668,6676,,6668,,,,,,PNNT,2024-11-26
Sargent & Greenleaf Inc.,co_9134b5b22f88,First Lien,,12.45%,1%,SOFR,7.6%,,,2024-12-20,4634,4634,4634,,4634,,,,,,PNNT,2024-11-26
Seaway Buyer LLC,co_50f5e02b1d22,First Lien,,10.75%,,SOFR,6.15%,,,2029-06-13,14700,14510,14186,,14510,,,,,,PNNT,2024-11-26
Sigma Defense Systems LLC,co_916b06171872,First Lien,Aerospace & Defense,11.5%,,SOFR,6.9%,,,2027-12-18,14621,14465,14475,,14465,,,,,,PNNT,2024-11-26
Simplicity Financial Marketing Group Holdings Inc.,co_5ce1443c716a,First Lien,Financial Services,11.38%,,SOFR,6.4%,,,2026-12-02,11359,11207,11472,,11207,,,,,,PNNT,2024-11-26
Skopima Consilio Parent LLC,co_3409326f4afe,First Lien,,9.46%,,SOFR,4.61%,,,2028-05-17,1290,1269,1289,,1269,,,,,,PNNT,2024-11-26
Smartronix LLC,co_0aef8ece01b9,First Lien,,10.35%,,SOFR,6.1%,,,2028-11-23,25078,24798,25073,,24798,,,,,,PNNT,2024-11-26
Solutionreach Inc.,co_687e91868b79,First Lien,,12.4%,,SOFR,7.15%,,,2025-07-17,9239,9216,9239,,9216,,,,,,PNNT,2024-11-26
SpendMend Holdings LLC,co_710b9ab58483,First Lien,,10.26%,,SOFR,5.65%,,,2028-03-01,9510,9302,9510,,9302,,,,,,PNNT,2024-11-26
Summit Behavioral Healthcare LLC,co_fef2ee36d477,First Lien,Healthcare,9.31%,,SOFR,4.25%,,,2028-11-24,3554,3398,3305,,3398,,,,,,PNNT,2024-11-26
System Planning and Analysis Inc.,co_71f5dc9ec658,First Lien,,10.26%,,SOFR,5%,,,2027-08-16,15803,15600,15772,,15600,,,,,,PNNT,2024-11-26
TCG 3.0 Jogger Acquisitionco Inc.,co_ec1d60043362,First Lien,,11.1%,,SOFR,6.5%,,,2029-01-23,9950,9800,9851,,9800,,,,,,PNNT,2024-11-26
TPC US Parent LLC,co_3b907791477a,First Lien,,10.98%,,SOFR,5.65%,,,2025-11-24,11392,11330,11392,,11330,,,,,,PNNT,2024-11-26
TWS Acquisition Corp.,co_3417329662f3,First Lien,,11.33%,,SOFR,6.4%,,,2025-06-06,1568,1567,1568,,1567,,,,,,PNNT,2024-11-26
Team Services Group LLC,co_4524cbd7d68d,First Lien,Business Services,9.95%,,SOFR,5%,,,2028-11-24,9661,9462,9537,,9462,,,,,,PNNT,2024-11-26
Teneo Holdings LLC,co_a61900ea7719,First Lien,,9.6%,,SOFR,4.75%,,,2031-03-13,2985,2955,2994,,2955,,,,,,PNNT,2024-11-26
The Bluebird Group LLC,co_7670d29af630,First Lien,,11.25%,,SOFR,6.65%,,,2026-07-27,14445,14404,14445,,14404,,,,,,PNNT,2024-11-26
The Vertex Companies LLC,co_ea5004681b41,First Lien,,10.99%,,SOFR,6.1%,,,2027-08-31,7611,7536,7611,,7536,,,,,,PNNT,2024-11-26
Transgo LLC,co_db8bd65b7b6f,First Lien,,10.6%,,SOFR,5.75%,,,2028-12-29,14479,14282,14479,,14282,,,,,,PNNT,2024-11-26
Tyto Athene LLC,co_50b51b48db1c,First Lien,,10.23%,,SOFR,4.9%,,,2028-04-03,11393,11306,11165,,11306,,,,,,PNNT,2024-11-26
Urology Management Holdings Inc.,co_3145e44ea79c,First Lien,Healthcare,11.46%,,SOFR,5.5%,,,2026-06-15,10928,10836,10819,,10836,,,,,,PNNT,2024-11-26
Watchtower Buyer LLC,co_f7da03e2adbf,First Lien,,10.6%,,SOFR,6%,,,2029-12-01,13942,13769,13803,,13769,,,,,,PNNT,2024-11-26
Wildcat Buyerco Inc.,co_b37147d3a0ac,First Lien,,10.6%,,SOFR,5.75%,,,2027-02-27,19256,19126,19256,,19126,,,,,,PNNT,2024-11-26
Zips Car Wash LLC,co_7d093c7eaca2,First Lien,Automotive,12.46%,1.5%,SOFR,7.4%,,,2024-12-31,19687,19648,18801,,19648,,,,,,PNNT,2024-11-26
First Lien Secured Debt - 916.4% PennantPark Senior Loan Fund LLC,co_c2f5d433b2cf,Other,,,,,,,,,,1033954,1028874,,1033954,,,,,,PNNT,2024-11-26
Dynata,co_388e12c6a10a,Common Equity,,,,,,,,,134,2351,2351,,2351,,,,,,PNNT,2024-11-26
Investments and Cash Equivalents - 951.1%,co_48dbddc5416b,Other,Financial Services,,,,,,,,,1072900,1067820,9.51%,1072900,,,,,,PNNT,2024-11-26
- 268.9% of Net Assets,co_6c65715a82b2,Other,,,,,,,,,,,,2.69%,,,,,,,PNNT,2024-11-26
Liabilities in Excess of Other Assets - (179.0)%,co_a11543a78b91,Other,,,,,,,,,,,-884003,-1.79%,,,,,,,PNNT,2024-11-26
Liabilities in Excess of Other Assets — (741.3)%,co_a11543a78b91,Other,,,,,,,,,,,,,,,,,,,PNNT,2024-11-26
Liabilities in Excess of Other Assets — 851.1%,co_a11543a78b91,Other,,,,,,,,,,,-955549,,,,,,,,PNNT,2024-11-26
Members Equity - 100%,co_97185ade7a97,Other,,,,,,,,,,,112271,,,,,,,,PNNT,2024-11-26
Adweek Purchaser LLC,co_c7da9744fdf5,First Lien,,11.33%,,SOFR,7%,,,2027-05-30,2000,1967,2000,,1967,,,,,,PNNT,2025-02-10
AFC Dell Holding Corp.,co_9e5f4376beaa,First Lien,,10.09%,,SOFR,5.5%,,,2027-04-09,67,67,67,,67,,,,,,PNNT,2025-02-10
Arcfield Acquisition Corp.,co_50bc69c38d09,First Lien,,9.17%,,SOFR,5%,,,2031-10-28,15000,14981,14963,,14981,,,,,,PNNT,2025-02-10
Azureon LLC.,co_da416303be3c,First Lien,,10.08%,,SOFR,5.75%,,,2029-06-26,5218,5150,5103,,5150,,,,,,PNNT,2025-02-10
Best Practice Associates LLC,co_ee536d35454d,First Lien,,11.08%,,SOFR,6.75%,,,2029-11-08,25000,24629,24625,,24629,,,,,,PNNT,2025-02-10
Blackhawk Industrial Distribution Inc.,co_8604af3bb831,First Lien,Distribution & Wholesale,9.73%,,SOFR,5.4%,,,2026-09-17,1275,1267,1252,,1267,,,,,,PNNT,2025-02-10
Blackhawk Industrial Distribution,co_8604af3bb831,Revolver,Distribution & Wholesale,9.73%,,SOFR,5.4%,,,2026-09-17,850,850,835,,850,,,,,,PNNT,2025-02-10
Boss Industries LLC,co_066909ddb318,First Lien,,9.33%,,SOFR,5%,,,,11000,10918,10918,,10918,,,,,,PNNT,2025-02-10
Cartessa Aesthetics LLC,co_5b795483c871,First Lien,,10.08%,,SOFR,5.75%,,,2028-06-14,23676,23370,23676,,23370,,,,,,PNNT,2025-02-10
Cartessa Aesthetics LLC,co_5b795483c871,First Lien,,10.08%,,SOFR,5.75%,,,2028-06-14,1265,1265,1265,,1265,,,,,,PNNT,2025-02-10
Duggal Acquisition LLC,co_84f2daabb1d5,First Lien,,9.08%,,SOFR,4.75%,,,2030-09-30,512,512,507,,512,,,,,,PNNT,2025-02-10
te II LLC,co_b9a2f71934dc,First Lien,Media & Entertainment,10.83%,,SOFR,6.5%,,,2029-05-25,1436,1436,1436,,1436,,,,,,PNNT,2025-02-10
Events Buyer LLC,co_512dd4c20f1a,First Lien,,10.1%,,SOFR,5.75%,,,2029-12-17,6000,5941,5940,,5941,,,,,,PNNT,2025-02-10
Gauge ETE Blocker LLC,co_131e2394be68,First Lien,,12.56%,,,,,,2029-05-19,215,215,215,,215,,,,,,PNNT,2025-02-10
GGG MIDCO LLC,co_7807603ac0e6,First Lien,,9.41%,,SOFR,5%,,,2030-09-27,2840,2812,2811,,2812,,,,,,PNNT,2025-02-10
Graffiti Buyer Inc.,co_0e9dedaa52c9,First Lien,,9.93%,,SOFR,5.6%,,,2027-08-10,248,246,244,,246,,,,,,PNNT,2025-02-10
Graffiti Buyer Inc.,co_0e9dedaa52c9,First Lien,,9.97%,,SOFR,5.6%,,,2027-08-10,486,486,479,,486,,,,,,PNNT,2025-02-10
Halo Buyer Inc.,co_4d288827c1ed,First Lien,,8.96%,,SOFR,4.6%,,,2025-06-30,4699,4478,4699,,4478,,,,,,PNNT,2025-02-10
Hills Distribution Inc.,co_572275c0244d,First Lien,Distribution & Wholesale,10.4%,,SOFR,6%,,,2029-11-08,7864,7787,7786,,7787,,,,,,PNNT,2025-02-10
Infinity Home Services Holdco Inc.,co_607a972ec616,First Lien,Business Services,9.83%,,SOFR,5.5%,,,2028-12-28,9042,8934,9042,,8934,,,,,,PNNT,2025-02-10
Infinity Home Services Holdco Inc.,co_607a972ec616,First Lien,Business Services,8.8%,,SOFR,5.5%,,,2028-12-28,2632,1898,1830,,1898,,,,,,PNNT,2025-02-10
Infinity Home Services Holdco Inc.,co_607a972ec616,First Lien,Business Services,12%,,SOFR,4.5%,,,2028-12-28,161,161,161,,161,,,,,,PNNT,2025-02-10
Kinetic Purchaser LLC,co_dcf36a882d65,First Lien,,10.48%,,SOFR,6.15%,,,2027-11-10,3099,3028,3099,,3028,,,,,,PNNT,2025-02-10
Kinetic Purchaser LLC,co_dcf36a882d65,First Lien,,10.48%,,SOFR,6.1%,,,2026-11-10,2427,2427,2427,,2427,,,,,,PNNT,2025-02-10
Lash OpCo LLC,co_90f3961a5b09,First Lien,,12.94%,5.1%,SOFR,7.85%,,,2027-02-18,2940,2912,2896,,2912,,,,,,PNNT,2025-02-10
Lash OpCo LLC,co_90f3961a5b09,First Lien,,12.94%,,SOFR,7.85%,,,2026-08-16,2720,2720,2679,,2720,,,,,,PNNT,2025-02-10
Lash OpCo LLC,co_90f3961a5b09,Other,,,5.1%,,,,,,,,,,,,,,,,PNNT,2025-02-10
Ledge Lounger Inc.,co_357781e35d40,First Lien,,11.98%,1%,SOFR,7.65%,,,2027-11-09,9022,8942,8571,,8942,,,,,,PNNT,2025-02-10
Ledge Lounger Inc.,co_357781e35d40,First Lien,,11.98%,1%,SOFR,7.65%,,,2027-11-09,1129,1129,1073,,1129,,,,,,PNNT,2025-02-10
te II Inc.,co_b9a2f71934dc,First Lien,Media & Entertainment,10.33%,,SOFR,6%,,,2028-05-31,9760,9622,9687,,9622,,,,,,PNNT,2025-02-10
te II Inc.,co_b9a2f71934dc,First Lien,Media & Entertainment,10.35%,,SOFR,6%,,,2028-05-31,332,332,329,,332,,,,,,PNNT,2025-02-10
Megawatt Acquisitionco Inc.,co_13ef788dfd42,First Lien,,9.86%,,SOFR,5.5%,,,2030-03-01,529,529,463,,529,,,,,,PNNT,2025-02-10
Municipal Emergency Services Inc.,co_80bfaf155c6d,First Lien,Business Services,9.48%,,SOFR,5.15%,,,2027-10-01,172,171,172,,171,,,,,,PNNT,2025-02-10
Municipal Emergency Services Inc.,co_80bfaf155c6d,First Lien,Business Services,11%,,SOFR,3.5%,,,2027-10-01,376,376,376,,376,,,,,,PNNT,2025-02-10
OSP Embedded Purchaser LLC,co_3e138bcccd7f,First Lien,,10.08%,,SOFR,5.75%,,,2029-12-17,25505,25242,25097,,25242,,,,,,PNNT,2025-02-10
PlayPower Inc.,co_d89d4111bece,First Lien,,9.58%,,SOFR,5.25%,,,2030-08-28,11970,11882,11970,,11882,,,,,,PNNT,2025-02-10
Quantic Electronics LLC,co_9b566b2444e7,First Lien,Software & Technology,10.43%,,SOFR,6.1%,,,2026-11-19,282,282,282,,282,,,,,,PNNT,2025-02-10
Radius Aerospace Inc.,co_c2adc14192da,First Lien,Aerospace & Defense,10.66%,,SOFR,6.15%,,,2025-03-31,1262,1262,1230,,1262,,,,,,PNNT,2025-02-10
RTIC Subsidiary Holdings LLC,co_7851f4467604,First Lien,,10.08%,,SOFR,5.75%,,,2029-05-03,4963,4892,4876,,4892,,,,,,PNNT,2025-02-10
Sabel Systems Technology Solutions LLC,co_2426c19efb2a,First Lien,Software & Technology,10.84%,,SOFR,6.25%,,,2030-10-31,12000,11881,11880,,11881,,,,,,PNNT,2025-02-10
Safe Haven Defense US LLC,co_b159963796ce,First Lien,Aerospace & Defense,9.36%,,SOFR,5.25%,,,2029-05-23,8951,8824,8951,,8824,,,,,,PNNT,2025-02-10
Seacoast Service Partners LLC,co_93608201db78,First Lien,Business Services,9.35%,,SOFR,5%,,,2029-12-20,5000,4957,4956,,4957,,,,,,PNNT,2025-02-10
Solutionreach Inc.,co_687e91868b79,First Lien,,13.75%,,SOFR,6%,,,2025-07-17,833,833,833,,833,,,,,,PNNT,2025-02-10
SV-Aero Holdings LLC,co_7212280fda68,First Lien,,,,,,,,2026-11-01,3562,,-18,,,,,,,,PNNT,2025-02-10
System Planning and Analysis Inc.,co_71f5dc9ec658,First Lien,,9.28%,,SOFR,5%,,,2027-08-16,3,3,3,,3,,,,,,PNNT,2025-02-10
Zips Car Wash LLC,co_7d093c7eaca2,First Lien,Automotive,12.46%,12.46%,SOFR,7.4%,,,2025-01-16,2671,2670,2371,,2670,,,,,,PNNT,2025-02-10
Burgess Point Purchaser Corp.,co_4efff09567e0,First Lien,,13.53%,,SOFR,9.1%,,,2030-07-28,8000,7706,8000,,7706,,,,,,PNNT,2025-02-10
Halo Buyer Inc.,co_4d288827c1ed,First Lien,,13.2%,,SOFR,8.35%,,,2026-07-06,32500,32315,32256,,32315,,,,,,PNNT,2025-02-10
Express Wash Acquisition Company LLC,co_86fb17eee460,First Lien,,16.37%,,SOFR,1.22%,,,2029-01-15,24284,23736,23701,,23736,,,,,type_hint_corporate_from_name,PNNT,2025-02-10
OSP Embedded Aggregator LP,co_f08e68d34ee5,First Lien,,12%,,,,,,2030-05-08,24,237,307,,237,,,,,type_hint_corporate_from_name,PNNT,2025-02-10
AFC Acquisitions Inc.,co_6a4f51c80509,First Lien,,,,,,,,,507,780,950,,780,,,,,type_hint_pref_equity_from_name,PNNT,2025-02-10
Cartessa Aesthetics LLC,co_5b795483c871,First Lien,,,,,,,,,3562500,3563,6740,,3563,,,,,cost_suspicious_vs_size|fair_value_suspicious_vs_size|type_hint_pref_equity_from_name,PNNT,2025-02-10
Magnolia Topco LP,co_4c3447b0d6cf,First Lien,,,,,,,,,1545,1545,1068,,1545,,,,,type_hint_pref_equity_from_name,PNNT,2025-02-10
Megawatt Acquisition Partners LLC,co_75a48dcc706f,First Lien,,,,,,,,,5349,535,261,,535,,,,,fair_value_suspicious_vs_size|type_hint_pref_equity_from_name,PNNT,2025-02-10
NXOF Holdings Inc.,co_493f5532d65d,First Lien,,,,,,,,,422,422,587,,422,,,,,type_hint_pref_equity_from_name,PNNT,2025-02-10
RTIC Parent Holdings LLC,co_066700dbc651,First Lien,,,,,,,,,10624,699,1058,,699,,,,,type_hint_pref_equity_from_name,PNNT,2025-02-10
RTIC Parent Holdings LLC,co_066700dbc651,First Lien,,,,,,,,,11276,113,132,,113,,,,,cost_suspicious_vs_size|fair_value_suspicious_vs_size|type_hint_pref_equity_from_name,PNNT,2025-02-10
SP L2 Holdings LLC,co_f539becd7bc9,First Lien,,,,,,,,,331229,81,81,,81,,,,,cost_suspicious_vs_size|fair_value_suspicious_vs_size|type_hint_pref_equity_from_name,PNNT,2025-02-10
A1 Garage Equity LLC,co_a6d3a541ef1d,First Lien,,,,,,,,,2193038,2193,3195,,2193,,,,,cost_suspicious_vs_size|fair_value_suspicious_vs_size,PNNT,2025-02-10
ACP Big Top Holdings LP.,co_d6e877a46ac5,First Lien,,,,,,,,,773800,774,966,,774,,,,,cost_suspicious_vs_size|fair_value_suspicious_vs_size,PNNT,2025-02-10
Aechelon InvestCo LP,co_3037929e907c,First Lien,,,,,,,,,10684,1068,2104,,1068,,,,,,PNNT,2025-02-10
te Company II Inc.,co_ba90502123b4,First Lien,Media & Entertainment,,,,,,,,125000,125,143,,125,,,,,cost_suspicious_vs_size|fair_value_suspicious_vs_size,PNNT,2025-02-10
AMCSI Crash Co-Invest LP,co_49d0d6967080,First Lien,,,,,,,,,24898,2490,3630,,2490,,,,,,PNNT,2025-02-10
Azureon LLC,co_da416303be3c,First Lien,,,,,,,,,508238,508,471,,508,,,,,cost_suspicious_vs_size|fair_value_suspicious_vs_size,PNNT,2025-02-10
Burgess Point Holdings LP,co_2d786d83812e,First Lien,,,,,,,,,764,777,799,,777,,,,,,PNNT,2025-02-10
Cowboy Parent LLC,co_84fb583f863b,First Lien,,,,,,,,,27778,3015,5665,,3015,,,,,,PNNT,2025-02-10
Crane 1 Acquisition Parent Holdings LP.,co_91a386c35d92,First Lien,,,,,,,,,113,104,204,,104,,,,,,PNNT,2025-02-10
Duggal Acquisition LLC,co_84f2daabb1d5,First Lien,,,,,,,,,314,314,328,,314,,,,,,PNNT,2025-02-10
EDS Topco LP,co_c2f9d42cea99,First Lien,,,,,,,,,937500,938,1308,,938,,,,,cost_suspicious_vs_size|fair_value_suspicious_vs_size,PNNT,2025-02-10
Events Buyer LLC,co_512dd4c20f1a,First Lien,,,,,,,,,201100,201,201,,201,,,,,cost_suspicious_vs_size|fair_value_suspicious_vs_size,PNNT,2025-02-10
FedHC InvestCo LP,co_6540cb875202,First Lien,,,,,,,,,15255,545,1782,,545,,,,,cost_suspicious_vs_size,PNNT,2025-02-10
FedHC InvestCo II LP,co_6540cb875202,First Lien,,,,,,,,,21817,2303,2657,,2303,,,,,,PNNT,2025-02-10
Gauge ETE Blocker LLC,co_131e2394be68,First Lien,,,,,,,,,374444,374,258,,374,,,,,cost_suspicious_vs_size|fair_value_suspicious_vs_size,PNNT,2025-02-10
Gauge Lash Coinvest LLC,co_7de9f89a03cb,First Lien,,,,,,,,,1101293,834,2863,,834,,,,,cost_suspicious_vs_size|fair_value_suspicious_vs_size,PNNT,2025-02-10
Gauge Loving Tan LP,co_02a85c695e43,First Lien,,,,,,,,,543562,544,554,,544,,,,,cost_suspicious_vs_size|fair_value_suspicious_vs_size,PNNT,2025-02-10
GCP Boss Holdco LLC,co_83f66fb721b7,First Lien,,,,,,,,,1045100,1045,1045,,1045,,,,,cost_suspicious_vs_size|fair_value_suspicious_vs_size,PNNT,2025-02-10
GGG MIDCO LLC,co_7807603ac0e6,First Lien,,,,,,,,,1222700,1223,1227,,1223,,,,,cost_suspicious_vs_size|fair_value_suspicious_vs_size,PNNT,2025-02-10
GMP Hills LP,co_6c9a30d07234,First Lien,,,,,,,,,3747470,3747,3710,,3747,,,,,cost_suspicious_vs_size|fair_value_suspicious_vs_size,PNNT,2025-02-10
IHS Parent Holdngs LP.,co_7f9eb1f9e5d1,First Lien,,,,,,,,,1218045,1218,1937,,1218,,,,,cost_suspicious_vs_size|fair_value_suspicious_vs_size,PNNT,2025-02-10
Kinetic Purchaser LLC,co_dcf36a882d65,First Lien,,,,,,,,,1308814,1309,1316,,1309,,,,,cost_suspicious_vs_size|fair_value_suspicious_vs_size,PNNT,2025-02-10
KL Stockton Co-Invest LP,co_bbb1439875a0,First Lien,,,,,,,,,382353,385,781,,385,,,,,cost_suspicious_vs_size|fair_value_suspicious_vs_size,PNNT,2025-02-10
Municipal Emergency Services Inc.,co_80bfaf155c6d,First Lien,Business Services,,,,,,,,3920145,3984,7174,,3984,,,,,cost_suspicious_vs_size|fair_value_suspicious_vs_size,PNNT,2025-02-10
NEPRT Parent Holdings LLC,co_26610ea67624,First Lien,,,,,,,,,1299,1250,90,,1250,,,,,,PNNT,2025-02-10
te LLC,co_52817403f47a,First Lien,Media & Entertainment,,,,,,,,98286,983,1022,,983,,,,,cost_suspicious_vs_size|fair_value_suspicious_vs_size,PNNT,2025-02-10
OES Co-Invest LP,co_e1c5f67a3fab,First Lien,,,,,,,,,840,847,1071,,847,,,,,,PNNT,2025-02-10
OHCP V BC COI LP.,co_9e76b5faacac,First Lien,,,,,,,,,699844,700,455,,700,,,,,cost_suspicious_vs_size|fair_value_suspicious_vs_size,PNNT,2025-02-10
OSP Embedded Aggregator LP,co_f08e68d34ee5,First Lien,,,,,,,,,871,871,1126,,871,,,,,,PNNT,2025-02-10
Pink Lily Holdco LLC,co_8edc281300c6,First Lien,,,,,,,,,1044,1044,,,1044,,,,,,PNNT,2025-02-10
QuantiTech InvestCo LP,co_c0f668123549,First Lien,,,,,,,,,955,0,0,,0,,,,,,PNNT,2025-02-10
QuantiTech InvestCo II LP,co_c0f668123549,First Lien,,,,,,,,,40,14,12,,14,,,,,,PNNT,2025-02-10
Sabel InvestCo LP,co_d7620f6d3e5a,First Lien,,,,,,,,,31972,830,830,,830,,,,,cost_suspicious_vs_size|fair_value_suspicious_vs_size,PNNT,2025-02-10
Sabel InvestCo LP,co_d7620f6d3e5a,First Lien,,,,,,,,,47957,0,0,,0,,,,,,PNNT,2025-02-10
Safe Haven Defense MidCo LLC,co_10da30ff93f6,First Lien,Aerospace & Defense,,,,,,,,227,227,271,,227,,,,,,PNNT,2025-02-10
Seacoast Service Partners LLC,co_93608201db78,First Lien,Business Services,,,,,,,,238,280,280,,280,,,,,,PNNT,2025-02-10
SP L2 Holdings LLC,co_f539becd7bc9,First Lien,,,,,,,,,881966,882,10,,882,,,,,cost_suspicious_vs_size|fair_value_suspicious_vs_size,PNNT,2025-02-10
SSC Dominion Holdings LLC,co_5f44294c82d2,First Lien,,,,,,,,,36,36,4485,,36,,,,,,PNNT,2025-02-10
SV Aero Holdings LLC,co_58fc95328875,First Lien,,,,,,,,,25,218,542,,218,,,,,,PNNT,2025-02-10
TAC LifePort Holdings LLC,co_eebfe102f3eb,First Lien,,,,,,,,,254206,239,498,,239,,,,,cost_suspicious_vs_size|fair_value_suspicious_vs_size,PNNT,2025-02-10
Tinicum Space Coast Co-Invest LLC,co_59283f6a22eb,First Lien,,,,,,,,,216,2177,2134,,2177,,,,,,PNNT,2025-02-10
TPC Holding Company LP,co_15609bc69d06,First Lien,,,,,,,,,11527,12,0,,12,,,,,cost_suspicious_vs_size,PNNT,2025-02-10
Watchtower Holdings LLC,co_ea15378ab55c,First Lien,,,,,,,,,12419,1242,1369,,1242,,,,,,PNNT,2025-02-10
Kentucky Racing Holdco LLC,co_38f0b1e3f026,First Lien,,,,,,,,,161252,0,1818,,0,,,,,fair_value_suspicious_vs_size,PNNT,2025-02-10
Walker Edison Furniture,co_ef3fdc9c8bde,First Lien,,,,,,,,,72917,6786,0,,6786,,,,,,PNNT,2025-02-10
JF Holdings Corp.,co_1081a2f4043d,First Lien,,10.38%,,SOFR,6.05%,,,2026-07-31,49500,49038,49500,,49038,,,,,,PNNT,2025-02-10
te LLC,co_52817403f47a,First Lien,Media & Entertainment,,,,,,,,43918,4488,76784,,4488,,,,,,PNNT,2025-02-10
and Cash Equivalents - 273.9%,co_8e37791e8aac,Other,,,,,,,,,,1340350,1353917,,1340350,,,,,,PNNT,2025-02-10
Sargent & Greenleaf Inc.,co_9134b5b22f88,Other,,,,,,,,,,,,,,,,,,,PNNT,2025-02-10
A1 Garage Merger Sub LLC,co_94ef4596a353,First Lien,,9.11%,,SOFR,4.75%,,,2028-12-22,20032,19807,20032,,19807,,,,,,PNNT,2025-02-10
ACP Avenu Buyer LLC,co_84171a9a04be,First Lien,,9.84%,,SOFR,5.25%,,,2029-10-02,7647,7512,7437,,7512,,,,,,PNNT,2025-02-10
ACP Falcon Buyer Inc.,co_5610a0606ed6,First Lien,,10.09%,,SOFR,5.5%,,,2029-08-01,15312,15040,15465,,15040,,,,,,PNNT,2025-02-10
AFC - Dell Holding Corp.,co_9e5f4376beaa,First Lien,,10.04%,,SOFR,5.5%,,,2027-04-09,16211,16063,16211,,16063,,,,,,PNNT,2025-02-10
Ad.net Acquisition LLC,co_9f11b7cdc3d7,First Lien,,10.59%,,SOFR,6.26%,,,2026-05-07,4825,4825,4825,,4825,,,,,,PNNT,2025-02-10
Aechelon Technology,co_2cd06b60c8c3,First Lien,Software & Technology,11.86%,,SOFR,7.5%,,,2029-08-16,4950,4852,4950,,4852,,,,,,PNNT,2025-02-10
Alpine Acquisition Corp.,co_78de638b4250,First Lien,,10.65%,8.4%,SOFR,6.1%,,,2026-11-30,14657,14455,13631,,14455,,,,,,PNNT,2025-02-10
Amsive Holding Corp.,co_ab4d63baa520,First Lien,,10.75%,,SOFR,6.5%,,,2025-06-10,13777,13752,13639,,13752,,,,,,PNNT,2025-02-10
Anteriad Holdings Inc.,co_36a648618d3c,First Lien,,10.23%,,SOFR,5.9%,,,2026-06-30,14495,14426,14495,,14426,,,,,,PNNT,2025-02-10
Applied Technical Services LLC,co_99f15d413f73,First Lien,Business Services,10.24%,,SOFR,5.9%,,,2026-12-29,15660,15531,15467,,15531,,,,,,PNNT,2025-02-10
Archer Lewis LLC,co_604875df6766,First Lien,,10.09%,,SOFR,5.75%,,,2029-08-28,12130,11984,12009,,11984,,,,,,PNNT,2025-02-10
Argano LLC,co_2dad950c6e2b,First Lien,,10.15%,,SOFR,5.75%,,,2029-09-13,14963,14821,14813,,14821,,,,,,PNNT,2025-02-10
Beacon Behavioral Support Services LLC,co_a0204c9e30ad,First Lien,Business Services,9.83%,,SOFR,5.25%,,,2029-06-21,18945,18683,18661,,18683,,,,,,PNNT,2025-02-10
Beta Plus Technologies Inc.,co_15fb3f24358e,First Lien,,10.08%,,SOFR,5.75%,,,2029-07-01,14663,14456,14259,,14456,,,,,,PNNT,2025-02-10
Big Top Holdings LLC,co_bb22afbdfb87,First Lien,,10.11%,,SOFR,5.75%,,,2030-02-28,6678,6572,6678,,6572,,,,,,PNNT,2025-02-10
Bioderm Inc.,co_356ecbdfc662,First Lien,,11.03%,,SOFR,6.5%,,,2028-01-31,8865,8776,8754,,8776,,,,,,PNNT,2025-02-10
Blackhawk Industrial Distribution Inc.,co_8604af3bb831,First Lien,Distribution & Wholesale,9.73%,,SOFR,5.25%,,,2026-09-17,25441,25103,25005,,25103,,,,,,PNNT,2025-02-10
BlueHalo Global Holdings LLC,co_3fc02fc46e01,First Lien,,10.39%,,SOFR,6%,,,2025-10-31,20776,20709,20672,,20709,,,,,,PNNT,2025-02-10
Burgess Point Purchaser Corp.,co_4efff09567e0,First Lien,,9.68%,,SOFR,5.35%,,,2029-07-25,6234,5935,5521,,5935,,,,,,PNNT,2025-02-10
C5MI Acquisition LLC,co_07164ebee822,First Lien,,10.33%,,SOFR,6%,,,2029-07-31,7481,7378,7369,,7378,,,,,,PNNT,2025-02-10
CF512 Inc.,co_d12c2b1fcc68,First Lien,,10.72%,,SOFR,6%,,,2026-08-20,9192,9085,9054,,9085,,,,,,PNNT,2025-02-10
Carisk Buyer Inc.,co_3e2f4263b8bf,First Lien,,9.58%,,SOFR,5.25%,,,2029-11-30,11456,11346,11284,,11346,,,,,,PNNT,2025-02-10
Carnegie Dartlet LLC,co_42c155a3ddd4,First Lien,,9.86%,,SOFR,5.5%,,,2030-02-07,22828,22500,22485,,22500,,,,,,PNNT,2025-02-10
Cartessa Aesthetics LLC,co_5b795483c871,First Lien,,10.08%,,SOFR,5.75%,,,2028-06-14,22050,21840,22050,,21840,,,,,,PNNT,2025-02-10
Case Works LLC,co_3f8e72a6887f,First Lien,,9.59%,,SOFR,5.25%,,,2029-10-01,10515,10431,10430,,10431,,,,,,PNNT,2025-02-10
Compex Legal Services Inc.,co_47522c350239,First Lien,Business Services,9.95%,,SOFR,5.45%,,,2026-02-09,936,936,936,,936,,,,,,PNNT,2025-02-10
Confluent Health LLC,co_84a334191cd1,First Lien,,11.86%,,SOFR,7.5%,,,2028-11-30,1965,1965,1965,,1965,,,,,,PNNT,2025-02-10
Connatix Buyer Inc.,co_ca0c6acae604,First Lien,,10.39%,,SOFR,5.61%,,,2027-07-13,8693,8677,8693,,8677,,,,,,PNNT,2025-02-10
Crane 1 Services Inc.,co_e2d25c70c2a1,First Lien,Business Services,10.22%,,SOFR,5.86%,,,2027-08-16,5314,5276,5274,,5276,,,,,,PNNT,2025-02-10
Dr. Squatch LLC,co_e3e31b898954,First Lien,,9.77%,,SOFR,5.35%,,,2027-08-31,31035,30897,31035,,30897,,,,,,PNNT,2025-02-10
DRI Holding Inc.,co_e3bb3f551b76,First Lien,,9.71%,,SOFR,5.35%,,,2028-12-21,5815,5428,5640,,5428,,,,,,PNNT,2025-02-10
DRS Holdings III Inc.,co_5f36274df8c4,First Lien,,10.71%,,SOFR,6.35%,,,2025-11-03,13666,13644,13611,,13644,,,,,,PNNT,2025-02-10
Duggal Acquisition LLC,co_84f2daabb1d5,First Lien,,9.08%,,SOFR,4.75%,,,2030-09-30,5000,4954,4950,,4954,,,,,,PNNT,2025-02-10
Dynata,co_388e12c6a10a,First Lien,,9.79%,,SOFR,5%,,,2028-07-15,1584,1478,1584,,1478,,,,,,PNNT,2025-02-10
Dynata,co_388e12c6a10a,First Lien,,10.29%,,SOFR,5.5%,,,2028-10-15,9743,9743,9037,,9743,,,,,,PNNT,2025-02-10
EDS Buyer LLC,co_10f64234f044,First Lien,,10.08%,,SOFR,5.75%,,,2029-01-10,23346,23039,23171,,23039,,,,,,PNNT,2025-02-10
ETE Intermediate II LLC,co_a9906ab1deb4,First Lien,Media & Entertainment,11.01%,,SOFR,6.5%,,,2029-05-29,12218,12029,12218,,12029,,,,,,PNNT,2025-02-10
Emergency Care Partners LLC,co_aa249ca435a1,First Lien,,10.13%,,SOFR,5.5%,,,2027-10-18,6000,5960,5955,,5960,,,,,,PNNT,2025-02-10
Eval Home Health Solutions Intermediate LLC,co_fd24acfc9a71,First Lien,Media & Entertainment,10.11%,,SOFR,5.75%,,,2030-05-10,7377,7277,7304,,7277,,,,,,PNNT,2025-02-10
Exigo Intermediate II LLC,co_69945c1e9737,First Lien,Media & Entertainment,10.92%,,SOFR,6.35%,,,2027-03-15,9626,9538,9626,,9538,,,,,,PNNT,2025-02-10
Fairbanks Morse Defense,co_0ab50a9a685a,First Lien,Aerospace & Defense,9.57%,,SOFR,4.5%,,,2028-06-17,3483,3413,3500,,3413,,,,,,PNNT,2025-02-10
Five Star Buyer Inc.,co_607e18196e07,First Lien,,11.55%,,SOFR,7.1%,,,2028-02-23,4207,4147,4176,,4147,,,,,,PNNT,2025-02-10
GGG Midco LLC,co_7807603ac0e6,First Lien,,9.44%,,SOFR,5%,,,2030-09-27,8978,8891,8888,,8891,,,,,,PNNT,2025-02-10
Global Holdings InterCo LLC,co_a17b7cd0811e,First Lien,,9.98%,,SOFR,5.6%,,,2026-03-16,6808,6797,6536,,6797,,,,,,PNNT,2025-02-10
Graffiti Buyer Inc.,co_0e9dedaa52c9,First Lien,,10.04%,,SOFR,5.6%,,,2027-08-10,3989,3947,3930,,3947,,,,,,PNNT,2025-02-10
HEC Purchaser Corp.,co_30f60f9977c8,First Lien,,9.75%,,SOFR,5.5%,,,2029-06-17,7960,7873,7928,,7873,,,,,,PNNT,2025-02-10
HV Watterson Holdings LLC,co_55a05656c359,First Lien,,12%,4%,,,,,2026-12-17,15299,15191,13998,,15191,,,,,,PNNT,2025-02-10
HW Holdco LLC,co_1627b72c157b,First Lien,,10.43%,,SOFR,5.9%,,,2026-05-10,23355,23229,23355,,23229,,,,,,PNNT,2025-02-10
Hancock Roofing and Construction LLC.,co_d85ec0f73a3d,First Lien,Industrials,9.93%,,SOFR,5.6%,,,2026-12-31,6146,6146,6146,,6146,,,,,,PNNT,2025-02-10
Harris & Co. LLC,co_52ccf35e0a32,First Lien,,9.36%,,SOFR,5%,,,2030-08-09,10911,10774,10911,,10774,,,,,,PNNT,2025-02-10
Hills Distribution Inc.,co_572275c0244d,First Lien,Distribution & Wholesale,10.4%,,SOFR,6%,,,2029-11-08,14256,14073,14113,,14073,,,,,,PNNT,2025-02-10
IG Investments Holdings LLC,co_f6f92e4ea8cd,First Lien,Financial Services,9.57%,,SOFR,5%,,,2028-09-22,4383,4327,4350,,4327,,,,,,PNNT,2025-02-10
Imagine Acquisitionco LLC,co_c25c52261e58,First Lien,,9.59%,,SOFR,5.1%,,,2027-11-15,5495,5431,5481,,5431,,,,,,PNNT,2025-02-10
Infinity Home Services Holdco Inc.,co_607a972ec616,First Lien,Business Services,9.84%,,SOFR,5.6%,,,2028-12-28,13855,13706,13855,,13706,,,,,,PNNT,2025-02-10
Infolinks Media Buyco LLC,co_5f74b276b4c2,First Lien,Media & Entertainment,9.83%,,SOFR,5.5%,,,2026-11-01,13057,12992,13057,,12992,,,,,,PNNT,2025-02-10
Inventus Power Inc.,co_5ea70dbaca4c,First Lien,,11.97%,,SOFR,7.61%,,,2025-06-30,13068,12982,13068,,12982,,,,,,PNNT,2025-02-10
Kinetic Purchaser LLC,co_dcf36a882d65,First Lien,,10.48%,,SOFR,6.15%,,,2027-11-10,13701,13552,13701,,13552,,,,,,PNNT,2025-02-10
LAV Gear Holdings Inc.,co_97316ccde517,First Lien,,10.98%,,SOFR,6.4%,,,2025-10-31,4613,4599,4387,,4599,,,,,,PNNT,2025-02-10
Lash OpCo LLC,co_90f3961a5b09,First Lien,,12.94%,5.1%,SOFR,7.85%,,,2027-02-18,20714,20608,20403,,20608,,,,,,PNNT,2025-02-10
Lightspeed Buyer Inc.,co_961292b66f9d,First Lien,,9.08%,,SOFR,4.75%,,,2026-02-03,20267,20143,20065,,20143,,,,,,PNNT,2025-02-10
LJ Avalon Holdings LLC,co_27e9144fc6e4,First Lien,,9.38%,,SOFR,5.25%,,,2030-01-31,7695,7595,7695,,7595,,,,,,PNNT,2025-02-10
MAG DS Corp.,co_c49257271dab,First Lien,,9.93%,,SOFR,5.5%,,,2027-04-01,8244,7900,7708,,7900,,,,,,PNNT,2025-02-10
MDI Buyer Inc.,co_d7121c553600,First Lien,,10.11%,,SOFR,5.75%,,,2028-07-25,19931,19736,19736,,19736,,,,,,PNNT,2025-02-10
Magenta Buyer LLC,co_998c6c433e56,First Lien,,11.6%,,SOFR,7.01%,,,2028-07-31,450,450,414,,450,,,,,,PNNT,2025-02-10
Magenta Buyer LLC,co_998c6c433e56,First Lien,,12.6%,6.25%,SOFR,8.01%,,,2028-07-31,577,577,340,,577,,,,,,PNNT,2025-02-10
Magenta Buyer LLC,co_998c6c433e56,First Lien,,11.85%,5.5%,SOFR,7.26%,,,2028-07-31,2134,2134,717,,2134,,,,,,PNNT,2025-02-10
MBS Holdings Inc.,co_1f4d56e6b50c,First Lien,,10.67%,,SOFR,5.85%,,,2027-04-16,8309,8241,8317,,8241,,,,,,PNNT,2025-02-10
Meadowlark Acquirer LLC,co_259fd8608352,First Lien,,9.98%,,SOFR,5.9%,,,2027-12-10,2915,2880,2843,,2880,,,,,,PNNT,2025-02-10
Medina Health LLC,co_b22f7431034e,First Lien,,10.58%,,SOFR,6.25%,,,2028-10-20,19750,19611,19750,,19611,,,,,,PNNT,2025-02-10
Megawatt Acquisitionco Inc.,co_13ef788dfd42,First Lien,,9.83%,,SOFR,5.25%,,,2030-03-01,7940,7836,6939,,7836,,,,,,PNNT,2025-02-10
Michael Baker International LLC,co_b2dced552f3b,First Lien,,9.11%,,SOFR,4.75%,,,2028-12-18,499,498,500,,498,,,,,,PNNT,2025-02-10
MOREgroup Holdings LLC,co_a1e4fb74a7ea,First Lien,,9.58%,,SOFR,5.25%,,,2030-01-16,19850,19587,19850,,19587,,,,,,PNNT,2025-02-10
Municipal Emergency Services Inc.,co_80bfaf155c6d,First Lien,Business Services,9.48%,,SOFR,5.15%,,,2027-10-01,9652,9570,9652,,9570,,,,,,PNNT,2025-02-10
NBH Group LLC,co_cf4bef6edccb,First Lien,,10.38%,,SOFR,5.85%,,,2026-08-19,7335,7296,7335,,7296,,,,,,PNNT,2025-02-10
NFS - CFP Holdings LLC,co_4cee6c94b61b,First Lien,,9.08%,,SOFR,4.75%,,,2030-09-20,12968,12915,12870,,12915,,,,,,PNNT,2025-02-10
NORA Acquisition LLC,co_44e3b26054a0,First Lien,,10.68%,,SOFR,6.35%,,,2029-08-31,20244,19976,20244,,19976,,,,,,PNNT,2025-02-10
Omnia Exterior Solutions LLC,co_45c8e988e7ce,First Lien,,9.58%,,SOFR,5.5%,,,2029-12-29,18127,17886,17991,,17886,,,,,,PNNT,2025-02-10
One Stop Mailing LLC,co_666f58675343,First Lien,,10.72%,,SOFR,6.36%,,,2027-05-07,8358,8250,8358,,8250,,,,,,PNNT,2025-02-10
Owl Acquisition LLC,co_6c22cfe0b887,First Lien,,9.71%,,SOFR,5.35%,,,2028-02-04,3893,3815,3844,,3815,,,,,,PNNT,2025-02-10
PCS Midco Inc.,co_dd7b955879f4,First Lien,,10.08%,,SOFR,5.75%,,,2030-03-01,5797,5725,5797,,5725,,,,,,PNNT,2025-02-10
PL Acquisitionco LLC,co_76d53d3f1d91,First Lien,,11.99%,3.5%,SOFR,7.25%,,,2027-11-09,8309,8226,6066,,8226,,,,,,PNNT,2025-02-10
Pacific Purchaser LLC,co_eeb61b9856aa,First Lien,,10.53%,,SOFR,6.25%,,,2028-10-02,12870,12660,12754,,12660,,,,,,PNNT,2025-02-10
PAR Excellence Holdings Inc.,co_6f59d33c01bd,First Lien,,9.47%,,SOFR,4.75%,,,2030-09-03,10000,9908,9900,,9908,,,,,,PNNT,2025-02-10
Quantic Electronics LLC,co_9b566b2444e7,First Lien,Software & Technology,10.43%,,SOFR,6.1%,,,2026-11-19,4736,4697,4736,,4697,,,,,,PNNT,2025-02-10
RRA Corporate LLC,co_286da0a0f784,First Lien,,9.33%,,SOFR,5%,,,2029-08-15,3990,3954,3970,,3954,,,,,type_hint_corporate_from_name,PNNT,2025-02-10
RTIC Subsidiary Holdings LLC,co_7851f4467604,First Lien,,10.08%,,SOFR,5.75%,,,2029-05-03,24887,24489,24452,,24489,,,,,,PNNT,2025-02-10
Radius Aerospace Inc.,co_c2adc14192da,First Lien,Aerospace & Defense,10.48%,,SOFR,6.15%,,,2025-03-31,12530,12516,12217,,12516,,,,,,PNNT,2025-02-10
Rancho Health MSO Inc.,co_ce352faa6907,First Lien,,9.82%,,SOFR,5.25%,,,2029-06-30,20516,20450,20362,,20450,,,,,,PNNT,2025-02-10
Recteq LLC,co_c5c26f9005ac,First Lien,,11.48%,,SOFR,7.15%,,,2026-01-29,9625,9577,9529,,9577,,,,,,PNNT,2025-02-10
Riverpoint Medical LLC,co_e8b0874b5d69,First Lien,Healthcare,9.58%,,SOFR,5.25%,,,2025-06-21,3921,3914,3921,,3914,,,,,,PNNT,2025-02-10
Rural Sourcing Holdings Inc.,co_193bef57c8af,First Lien,,10.05%,,SOFR,5.75%,,,2029-06-16,5462,5386,5381,,5386,,,,,,PNNT,2025-02-10
S101 Holdings Inc.,co_21517a905ed4,First Lien,,10.22%,,SOFR,6.15%,,,2026-12-29,9915,9808,9865,,9808,,,,,,PNNT,2025-02-10
Sales Benchmark Index LLC,co_2f514572a82e,First Lien,,10.53%,,SOFR,6.2%,,,2026-07-07,6676,6637,6676,,6637,,,,,,PNNT,2025-02-10
Seaway Buyer LLC,co_50f5e02b1d22,First Lien,,10.48%,,SOFR,6.15%,,,2029-06-13,14663,14484,14076,,14484,,,,,,PNNT,2025-02-10
Sigma Defense Systems LLC,co_916b06171872,First Lien,Aerospace & Defense,11.23%,,SOFR,6.9%,,,2027-12-18,24510,24277,24388,,24277,,,,,,PNNT,2025-02-10
Smartronix LLC,co_0aef8ece01b9,First Lien,,10.35%,,SOFR,6.1%,,,2028-11-23,25014,24746,25014,,24746,,,,,,PNNT,2025-02-10
Solutionreach Inc.,co_687e91868b79,First Lien,,11.74%,,SOFR,7.15%,,,2025-07-17,9239,9223,9239,,9223,,,,,,PNNT,2025-02-10
SpendMend Holdings LLC,co_710b9ab58483,First Lien,,9.49%,,SOFR,5.15%,,,2028-03-01,9485,9293,9485,,9293,,,,,,PNNT,2025-02-10
STG Distribution,co_818c67249813,First Lien,Distribution & Wholesale,12.91%,6.5%,SOFR,8.45%,,,2029-10-04,1878,1775,1859,,1775,,,,,,PNNT,2025-02-10
STG Distribution,co_818c67249813,First Lien,Distribution & Wholesale,12.13%,6.5%,SOFR,7.6%,,,2029-10-04,4368,2339,2271,,2339,,,,,,PNNT,2025-02-10
Summit Behavioral Healthcare LLC,co_fef2ee36d477,First Lien,Healthcare,8.76%,,SOFR,4.25%,,,2028-11-24,3545,3397,2836,,3397,,,,,,PNNT,2025-02-10
SV- Aero Holdings LLC,co_88ebc5f0f8b7,First Lien,,9.58%,,SOFR,5.25%,,,2030-11-01,15000,14925,14850,,14925,,,,,,PNNT,2025-02-10
System Planning and Analysis Inc.,co_71f5dc9ec658,First Lien,,9.28%,,SOFR,5%,,,2027-08-16,17046,16901,17063,,16901,,,,,,PNNT,2025-02-10
TCG 3.0 Jogger Acquisitionco Inc.,co_ec1d60043362,First Lien,,10.83%,,SOFR,6.5%,,,2029-01-23,9925,9781,9826,,9781,,,,,,PNNT,2025-02-10
TPC US Parent LLC,co_3b907791477a,First Lien,,10.49%,,SOFR,5.65%,,,2025-11-24,11363,11312,11363,,11312,,,,,,PNNT,2025-02-10
TWS Acquisition Corp.,co_3417329662f3,First Lien,,10.8%,,SOFR,6.4%,,,2025-06-06,2162,2162,2162,,2162,,,,,,PNNT,2025-02-10
Team Services Group LLC,co_4524cbd7d68d,First Lien,Business Services,9.57%,,SOFR,5.1%,,,2028-11-24,9654,9455,9670,,9455,,,,,,PNNT,2025-02-10
Teneo Holdings LLC,co_a61900ea7719,First Lien,,9.11%,,SOFR,4.75%,,,2031-03-13,2978,2948,3001,,2948,,,,,,PNNT,2025-02-10
The Bluebird Group LLC,co_7670d29af630,First Lien,,10.98%,,SOFR,6.65%,,,2026-07-27,17411,17326,17411,,17326,,,,,,PNNT,2025-02-10
The Vertex Companies LLC,co_ea5004681b41,First Lien,,9.52%,,SOFR,5%,,,2027-08-31,14592,14471,14387,,14471,,,,,,PNNT,2025-02-10
Transgo LLC,co_db8bd65b7b6f,First Lien,,9.78%,,SOFR,5.75%,,,2028-12-29,18428,18231,18428,,18231,,,,,,PNNT,2025-02-10
Tyto Athene LLC,co_50b51b48db1c,First Lien,,9.49%,,SOFR,4.9%,,,2028-04-03,11393,11313,11234,,11313,,,,,,PNNT,2025-02-10
Urology Management Holdings Inc.,co_3145e44ea79c,First Lien,Healthcare,9.83%,,SOFR,5.5%,,,2026-06-15,10976,10899,10921,,10899,,,,,,PNNT,2025-02-10
Watchtower Buyer LLC,co_f7da03e2adbf,First Lien,,10.33%,,SOFR,6%,,,2029-12-01,21190,20960,21190,,20960,,,,,,PNNT,2025-02-10
Zips Car Wash LLC,co_7d093c7eaca2,First Lien,Automotive,11.91%,11.91%,SOFR,7.4%,,,2025-02-01,20308,20302,18021,,20302,,,,,,PNNT,2025-02-10
First Lien Secured Debt - 955.1% PennantPark Senior Loan Fund LLC,co_c2f5d433b2cf,Other,,,,,,,,,,1279715,1272501,,1279715,,,,,,PNNT,2025-02-10
Dynata LLC,co_388e12c6a10a,First Lien,,,,,,,,,134330,2351,2575,,2351,,,,,cost_suspicious_vs_size|fair_value_suspicious_vs_size,PNNT,2025-02-10
Investments - 957%,co_b8dd3915e04b,Other,Financial Services,,,,,,,,,1282066,1275076,,1282066,,,,,,PNNT,2025-02-10
Investments and Cash Equivalents - 1041.6%,co_48dbddc5416b,Other,Financial Services,,,,,,,,,1394757,1387767,10.42%,1394757,,,,,,PNNT,2025-02-10
Liabilities in Excess of Other Assets - (173.9)%,co_a11543a78b91,Other,,,,,,,,,,,-859596,-1.74%,,,,,,,PNNT,2025-02-10
nvestments in Non-Controlled,co_a351c6ac13b2,Partnership Interest,,,,,,,,,1545,,,,,,,,,,PNNT,2025-02-10
48Forty Intermediate Holdings,co_e02baf7b4123,Common Equity,Media & Entertainment,,,,,,,,1988,,,,,,,,,,PNNT,2025-02-10
Liabilities in Excess of Other Assets — (941.6)%,co_a11543a78b91,Other,,,,,,,,,,,,,,,,,,,PNNT,2025-02-10
Liabilities in Excess of Other Assets — 941.6%,co_a11543a78b91,Other,,,,,,,,,,,-1254533,,,,,,,,PNNT,2025-02-10
Members Equity - 100%,co_97185ade7a97,Other,,,,,,,,,,,133234,,,,,,,,PNNT,2025-02-10
Adweek Purchaser LLC,co_c7da9744fdf5,First Lien,,11.3%,,SOFR,7%,,,2027-05-30,2000,1970,2000,,1970,,,,,,PNNT,2025-05-12
Aechelon Technology Inc.,co_2cd06b60c8c3,First Lien,Software & Technology,11.82%,,SOFR,7.5%,,,2029-08-16,11880,11765,11880,,11765,,,,,,PNNT,2025-05-12
AFC Dell Holding Corp.,co_9e5f4376beaa,First Lien,,9.82%,,SOFR,5.5%,,,2027-04-09,67,67,67,,67,,,,,,PNNT,2025-05-12
Azureon LLC,co_da416303be3c,First Lien,,10.05%,,SOFR,5.75%,,,2029-06-26,5352,5286,5223,,5286,,,,,,PNNT,2025-05-12
Azureon LLC,co_da416303be3c,First Lien,,10.05%,,SOFR,5.75%,,,2029-06-26,255,255,249,,255,,,,,,PNNT,2025-05-12
Blackhawk Industrial Distribution Inc.,co_8604af3bb831,First Lien,Distribution & Wholesale,9.72%,,SOFR,5.4%,,,2026-09-17,1274,1267,1251,,1267,,,,,,PNNT,2025-05-12
Blackhawk Industrial Distribution Inc.,co_8604af3bb831,First Lien,Distribution & Wholesale,9.7%,,SOFR,5.4%,,,2026-09-17,2064,2064,2028,,2064,,,,,,PNNT,2025-05-12
Boss Industries LLC,co_066909ddb318,First Lien,,9.3%,,SOFR,5%,,,2030-12-27,5985,5944,5895,,5944,,,,,,PNNT,2025-05-12
Boss Industries LLC,co_066909ddb318,First Lien,,9.3%,,SOFR,5%,,,2030-12-27,261,261,257,,261,,,,,,PNNT,2025-05-12
BlueHalo Financing Holdings LLC,co_f50ba1fff417,First Lien,,10.3%,,SOFR,6%,,,2025-10-31,14,14,14,,14,,,,,,PNNT,2025-05-12
Cartessa Aesthetics LLC,co_5b795483c871,First Lien,,10.05%,,SOFR,5.75%,,,2028-06-14,23616,23323,23616,,23323,,,,,,PNNT,2025-05-12
Cartessa Aesthetics LLC,co_5b795483c871,First Lien,,10.05%,,SOFR,5.75%,,,2028-06-14,1265,1265,1265,,1265,,,,,,PNNT,2025-05-12
te II LLC,co_b9a2f71934dc,First Lien,Media & Entertainment,10.81%,,SOFR,6.5%,,,2029-05-29,555,551,555,,551,,,,,,PNNT,2025-05-12
te II LLC,co_b9a2f71934dc,First Lien,Media & Entertainment,10.82%,,SOFR,6.5%,,,2029-05-25,386,386,386,,386,,,,,,PNNT,2025-05-12
GGG MIDCO LLC,co_7807603ac0e6,First Lien,,9.32%,,SOFR,5%,,,2030-09-27,5630,5574,5573,,5574,,,,,,PNNT,2025-05-12
Graffiti Buyer Inc.,co_0e9dedaa52c9,First Lien,,9.9%,,SOFR,5.6%,,,2027-08-10,246,245,242,,245,,,,,,PNNT,2025-05-12
Graffiti Buyer Inc.,co_0e9dedaa52c9,First Lien,,9.92%,,SOFR,5.6%,,,2027-08-10,256,256,252,,256,,,,,,PNNT,2025-05-12
Halo Buyer Inc.,co_4d288827c1ed,First Lien,,10.32%,,SOFR,6%,,,2029-08-07,17000,16837,16554,,16837,,,,,,PNNT,2025-05-12
Halo Buyer Inc.,co_4d288827c1ed,First Lien,,10.32%,,SOFR,6%,,,2029-08-07,135,135,127,,135,,,,,,PNNT,2025-05-12
Hills Distribution Inc.,co_572275c0244d,First Lien,Distribution & Wholesale,10.32%,,SOFR,6%,,,2029-11-08,7845,7774,7766,,7774,,,,,,PNNT,2025-05-12
Infinity Home Services Holdco Inc.,co_607a972ec616,First Lien,Business Services,9.8%,,SOFR,5.5%,,,2028-12-28,9020,8920,9020,,8920,,,,,,PNNT,2025-05-12
Infinity Home Services Holdco Inc.,co_607a972ec616,First Lien,Business Services,9.8%,,SOFR,5.5%,,,2028-12-28,2625,1895,1824,,1895,,,,,,PNNT,2025-05-12
Infinity Home Services Holdco Inc.,co_607a972ec616,First Lien,Business Services,12%,,SOFR,4.5%,,,2028-12-28,484,484,484,,484,,,,,,PNNT,2025-05-12
Kinetic Purchaser LLC,co_dcf36a882d65,First Lien,,10.45%,,SOFR,6.15%,,,2027-11-10,3099,3034,2952,,3034,,,,,,PNNT,2025-05-12
Kinetic Purchaser LLC,co_dcf36a882d65,First Lien,,10.45%,,SOFR,6.15%,,,2026-11-10,2427,2427,2312,,2427,,,,,,PNNT,2025-05-12
Lash OpCo LLC,co_90f3961a5b09,First Lien,,12.14%,5.1%,SOFR,7.85%,,,2027-02-18,2978,2955,2919,,2955,,,,,,PNNT,2025-05-12
Lash OpCo LLC,co_90f3961a5b09,First Lien,,12.14%,5.1%,SOFR,7.85%,,,2026-08-16,2755,2755,2700,,2755,,,,,,PNNT,2025-05-12
Ledge Lounger Inc.,co_357781e35d40,First Lien,,11.95%,1%,SOFR,7.65%,,,2026-11-09,8998,8933,8481,,8933,,,,,,PNNT,2025-05-12
Ledge Lounger Inc.,co_357781e35d40,First Lien,,11.95%,1%,SOFR,7.65%,,,2026-11-09,1617,1617,1524,,1617,,,,,,PNNT,2025-05-12
te II Inc.,co_b9a2f71934dc,First Lien,Media & Entertainment,10.33%,,SOFR,6%,,,2028-05-31,4749,4689,4749,,4689,,,,,,PNNT,2025-05-12
te II Inc.,co_b9a2f71934dc,First Lien,Media & Entertainment,10.3%,,SOFR,6%,,,2028-05-31,465,465,465,,465,,,,,,PNNT,2025-05-12
Megawatt Acquisitionco Inc.,co_13ef788dfd42,First Lien,,9.82%,,SOFR,5.5%,,,2030-03-01,529,529,472,,529,,,,,,PNNT,2025-05-12
Municipal Emergency Services Inc.,co_80bfaf155c6d,First Lien,Business Services,9.45%,,SOFR,5.15%,,,2027-10-01,172,171,172,,171,,,,,,PNNT,2025-05-12
Municipal Emergency Services Inc.,co_80bfaf155c6d,First Lien,Business Services,11.5%,,SOFR,4%,,,2027-10-01,94,94,94,,94,,,,,,PNNT,2025-05-12
OSP Embedded Purchaser LLC,co_3e138bcccd7f,First Lien,,10.05%,,SOFR,5.75%,,,2029-12-17,6419,6322,6322,,6322,,,,,,PNNT,2025-05-12
PlayPower Inc.,co_d89d4111bece,First Lien,,9.3%,,SOFR,5%,,,2030-08-28,11940,11861,11821,,11861,,,,,,PNNT,2025-05-12
Radius Aerospace Inc.,co_c2adc14192da,First Lien,Aerospace & Defense,10.46%,,SOFR,6.15%,,,2027-03-29,891,891,869,,891,,,,,,PNNT,2025-05-12
Recteq LLC,co_c5c26f9005ac,First Lien,,11.24%,,SOFR,7%,,,2026-01-29,563,563,561,,563,,,,,,PNNT,2025-05-12
Route 66 Development,co_f9406ddc2b58,First Lien,,13.32%,,SOFR,9%,,,2031-01-24,18000,17647,17640,,17647,,,,,,PNNT,2025-05-12
RTIC Subsidiary Holdings LLC,co_7851f4467604,First Lien,,10.05%,,SOFR,5.75%,,,2029-05-03,2711,2711,2650,,2711,,,,,,PNNT,2025-05-12
Safe Haven Defense US LLC,co_b159963796ce,First Lien,Aerospace & Defense,9.3%,,SOFR,5%,,,2029-05-23,3940,3888,3940,,3888,,,,,,PNNT,2025-05-12
Sath Industries LLC,co_1fa84b000f01,First Lien,,10.06%,,SOFR,5.75%,,,2029-12-17,11446,11338,11332,,11338,,,,,,PNNT,2025-05-12
Seacoast Service Partners LLC,co_93608201db78,First Lien,Business Services,9.3%,,SOFR,5%,,,2029-12-20,852,844,834,,844,,,,,,PNNT,2025-05-12
Seacoast Service Partners LLC,co_93608201db78,First Lien,Business Services,9.3%,,SOFR,5%,,,2029-12-20,230,230,226,,230,,,,,,PNNT,2025-05-12
Solutionreach Inc.,co_687e91868b79,First Lien,,11.45%,,SOFR,7.15%,,,2025-07-17,833,833,830,,833,,,,,,PNNT,2025-05-12
System Planning and Analysis Inc.,co_71f5dc9ec658,First Lien,,9.28%,,SOFR,5%,,,2027-08-16,6397,6351,6423,,6351,,,,,,PNNT,2025-05-12
System Planning and Analysis Inc.,co_71f5dc9ec658,First Lien,,9.26%,,SOFR,5%,,,2027-08-16,437,437,437,,437,,,,,,PNNT,2025-05-12
Zips Car Wash LLC,co_7d093c7eaca2,First Lien,Automotive,11.7%,,SOFR,7.4%,,,2025-08-10,995,1001,993,,1001,,,,,,PNNT,2025-05-12
Burgess Point Purchaser Corp.,co_4efff09567e0,First Lien,,13.39%,,SOFR,9.1%,,,2030-07-28,8000,7720,8000,,7720,,,,,,PNNT,2025-05-12
Express Wash Acquisition Company LLC,co_86fb17eee460,First Lien,,16.09%,,SOFR,1.17%,,,2029-01-15,24284,23767,24672,,23767,,,,,type_hint_corporate_from_name,PNNT,2025-05-12
JF Holdings Corp.,co_1081a2f4043d,First Lien,,10.35%,,SOFR,6.05%,,,2026-07-31,49375,49007,49375,,49007,,,,,,PNNT,2025-05-12
A1 Garage Merger Sub LLC,co_94ef4596a353,First Lien,,8.82%,,SOFR,4.5%,,,2028-12-22,19980,19773,19980,,19773,,,,,,PNNT,2025-05-12
ACP Avenu Buyer LLC,co_84171a9a04be,First Lien,,9.56%,,SOFR,5.25%,,,2029-10-02,7628,7501,7418,,7501,,,,,,PNNT,2025-05-12
ACP Falcon Buyer Inc.,co_5610a0606ed6,First Lien,,9.81%,,SOFR,5.5%,,,2029-08-01,15273,15020,15426,,15020,,,,,,PNNT,2025-05-12
AFC - Dell Holding Corp.,co_9e5f4376beaa,First Lien,,9.81%,,SOFR,5.5%,,,2027-04-09,16201,16068,16120,,16068,,,,,,PNNT,2025-05-12
Ad.net Acquisition LLC,co_9f11b7cdc3d7,First Lien,,10.56%,,SOFR,6.26%,,,2026-05-07,4813,4813,4813,,4813,,,,,,PNNT,2025-05-12
Aechelon Technology,co_2cd06b60c8c3,First Lien,Software & Technology,11.82%,,SOFR,7.5%,,,2029-08-16,4900,4810,4900,,4810,,,,,,PNNT,2025-05-12
Alpine Acquisition Corp.,co_78de638b4250,First Lien,,10.42%,,SOFR,1.09%,,,2026-11-30,14973,14803,11979,,14803,,,,,,PNNT,2025-05-12
Amsive Holding Corp.,co_ab4d63baa520,First Lien,,10.67%,,SOFR,6.35%,,,2025-06-10,13837,13824,13698,,13824,,,,,,PNNT,2025-05-12
Anteriad Holdings Inc.,co_36a648618d3c,First Lien,,10.2%,,SOFR,5.9%,,,2026-06-30,14275,14221,14275,,14221,,,,,,PNNT,2025-05-12
Applied Technical Services LLC,co_99f15d413f73,First Lien,Business Services,10.2%,,SOFR,5.9%,,,2026-12-29,15620,15510,15620,,15510,,,,,,PNNT,2025-05-12
Arcfield Acquisition Corp.,co_50bc69c38d09,First Lien,,9.3%,,SOFR,5%,,,2031-10-28,14963,14940,14888,,14940,,,,,,PNNT,2025-05-12
Archer Lewis LLC,co_604875df6766,First Lien,,10.05%,,SOFR,5.75%,,,2029-08-28,15660,15488,15660,,15488,,,,,,PNNT,2025-05-12
Argano LLC,co_2dad950c6e2b,First Lien,,10.07%,,SOFR,5.75%,,,2029-09-13,14925,14796,14746,,14796,,,,,,PNNT,2025-05-12
BLC Holding Company INC.,co_d15065a868a7,First Lien,,9.05%,,SOFR,4.75%,,,2030-11-20,12074,11997,12013,,11997,,,,,,PNNT,2025-05-12
Beacon Behavioral Support Services LLC,co_a0204c9e30ad,First Lien,Business Services,9.8%,,SOFR,5.5%,,,2029-06-21,24732,24402,24485,,24402,,,,,,PNNT,2025-05-12
Best Practice Associates LLC,co_ee536d35454d,First Lien,,11.05%,,SOFR,6.75%,,,2029-11-08,19950,19683,19701,,19683,,,,,,PNNT,2025-05-12
Beta Plus Technologies Inc.,co_15fb3f24358e,First Lien,,10.05%,,SOFR,5.75%,,,2029-07-02,14625,14432,14223,,14432,,,,,,PNNT,2025-05-12
Big Top Holdings LLC,co_bb22afbdfb87,First Lien,,10.05%,,SOFR,5.75%,,,2030-02-28,6661,6559,6661,,6559,,,,,,PNNT,2025-05-12
Bioderm Inc.,co_356ecbdfc662,First Lien,,10.82%,,SOFR,6.5%,,,2028-01-31,8843,8761,8754,,8761,,,,,,PNNT,2025-05-12
Blackhawk Industrial Distribution Inc.,co_8604af3bb831,First Lien,Distribution & Wholesale,9.7%,,SOFR,5.4%,,,2026-09-17,25375,25077,24931,,25077,,,,,,PNNT,2025-05-12
BlueHalo Global Holdings LLC,co_3fc02fc46e01,First Lien,,10.3%,,SOFR,6%,,,2025-10-31,21181,21143,21075,,21143,,,,,,PNNT,2025-05-12
Burgess Point Purchaser Corp.,co_4efff09567e0,First Lien,,9.65%,,SOFR,5.35%,,,2029-07-25,6218,5932,5510,,5932,,,,,,PNNT,2025-05-12
By Light professional IT Services LLC,co_936aa328cd2c,First Lien,Software & Technology,10.79%,,SOFR,6.47%,,,2026-11-16,14824,14771,14824,,14771,,,,,,PNNT,2025-05-12
C5MI Acquisition LLC,co_07164ebee822,First Lien,,10.3%,,SOFR,6%,,,2029-07-31,7463,7366,7463,,7366,,,,,,PNNT,2025-05-12
CF512 Inc.,co_d12c2b1fcc68,First Lien,,10.5%,,SOFR,6.19%,,,2026-08-20,9089,8997,8953,,8997,,,,,,PNNT,2025-05-12
Carisk Buyer Inc.,co_3e2f4263b8bf,First Lien,,9.55%,,SOFR,5.25%,,,2029-12-01,11427,11327,11313,,11327,,,,,,PNNT,2025-05-12
Carnegie Dartlet LLC,co_42c155a3ddd4,First Lien,,9.82%,,SOFR,5.5%,,,2030-02-07,22770,22459,22542,,22459,,,,,,PNNT,2025-05-12
Dynata,co_388e12c6a10a,First Lien,,9.58%,,SOFR,5.26%,,,2028-07-17,1584,1485,1576,,1485,,,,,,PNNT,2025-05-12
Dynata,co_388e12c6a10a,First Lien,,10.08%,,SOFR,5.76%,,,2028-10-16,9719,9719,8984,,9719,,,,,,PNNT,2025-05-12
Lash OpCo LLC,co_90f3961a5b09,First Lien,,12.14%,5.1%,SOFR,7.85%,,,2027-02-18,20984,20901,20564,,20901,,,,,,PNNT,2025-05-12
Marketplace Events Acquisition LLC,co_5691a6d4c7b0,First Lien,,9.47%,,SOFR,5.25%,,,2030-12-19,20000,19819,19800,,19819,,,,,,PNNT,2025-05-12
MBS Holdings Inc.,co_1f4d56e6b50c,First Lien,,9.35%,,SOFR,5.1%,,,2027-04-16,8287,8229,8287,,8229,,,,,,PNNT,2025-05-12
Meadowlark Acquirer LLC,co_259fd8608352,First Lien,,9.95%,,SOFR,5.65%,,,2027-12-10,2915,2882,2872,,2882,,,,,,PNNT,2025-05-12
Medina Health LLC,co_b22f7431034e,First Lien,,10.55%,,SOFR,6.25%,,,2028-10-20,19700,19572,19799,,19572,,,,,,PNNT,2025-05-12
Megawatt Acquisitionco Inc.,co_13ef788dfd42,First Lien,,9.8%,,SOFR,5.5%,,,2030-03-01,7920,7822,7060,,7822,,,,,,PNNT,2025-05-12
Michael Baker International LLC,co_b2dced552f3b,First Lien,,8.32%,,SOFR,4%,,,2028-12-18,497,497,496,,497,,,,,,PNNT,2025-05-12
MOREgroup Holdings LLC,co_a1e4fb74a7ea,First Lien,,9.55%,,SOFR,5.25%,,,2030-01-16,19800,19551,19800,,19551,,,,,,PNNT,2025-05-12
Municipal Emergency Services Inc.,co_80bfaf155c6d,First Lien,Business Services,9.45%,,SOFR,5.15%,,,2027-10-01,9624,9547,9624,,9547,,,,,,PNNT,2025-05-12
NBH Group LLC,co_cf4bef6edccb,First Lien,,9.92%,,SOFR,5.6%,,,2026-08-19,7316,7285,7316,,7285,,,,,,PNNT,2025-05-12
NORA Acquisition LLC,co_44e3b26054a0,First Lien,,10.65%,,SOFR,6.35%,,,2029-08-31,20193,19941,20193,,19941,,,,,,PNNT,2025-05-12
Omnia Exterior Solutions LLC,co_45c8e988e7ce,First Lien,,9.55%,,SOFR,5.25%,,,2029-12-29,18073,17840,17937,,17840,,,,,,PNNT,2025-05-12
One Stop Mailing LLC,co_666f58675343,First Lien,,10.69%,,SOFR,6.36%,,,2027-05-07,8336,8241,8336,,8241,,,,,,PNNT,2025-05-12
OSP Embedded Purchaser LLC,co_3e138bcccd7f,First Lien,,10.05%,,SOFR,5.75%,,,2029-12-17,19022,18880,18737,,18880,,,,,,PNNT,2025-05-12
Owl Acquisition LLC,co_6c22cfe0b887,First Lien,,9.67%,,SOFR,5.35%,,,2028-02-04,3890,3818,3832,,3818,,,,,,PNNT,2025-05-12
PCS Midco Inc.,co_dd7b955879f4,First Lien,,10.05%,,SOFR,5.75%,,,2030-03-01,5782,5713,5811,,5713,,,,,,PNNT,2025-05-12
PL Acquisitionco LLC,co_76d53d3f1d91,First Lien,,11.5%,7%,SOFR,7.25%,,,2027-11-09,8459,8384,5921,,8384,,,,,,PNNT,2025-05-12
Pacific Purchaser LLC,co_eeb61b9856aa,First Lien,,10.53%,,SOFR,6.25%,,,2028-10-02,12838,12645,12889,,12645,,,,,,PNNT,2025-05-12
PAR Excellence Holdings Inc.,co_6f59d33c01bd,First Lien,,9.32%,,SOFR,5%,,,2030-09-03,9975,9887,9875,,9887,,,,,,PNNT,2025-05-12
RRA Corporate LLC,co_286da0a0f784,First Lien,,9.55%,,SOFR,5.25%,,,2029-08-15,3980,3947,3881,,3947,,,,,type_hint_corporate_from_name,PNNT,2025-05-12
RTIC Subsidiary Holdings LLC,co_7851f4467604,First Lien,,10.05%,,SOFR,5.75%,,,2029-05-03,24825,24454,24266,,24454,,,,,,PNNT,2025-05-12
Radius Aerospace Inc.,co_c2adc14192da,First Lien,Aerospace & Defense,10.48%,,SOFR,6.15%,,,2027-03-29,11837,11770,11541,,11770,,,,,,PNNT,2025-05-12
Rancho Health MSO Inc.,co_ce352faa6907,First Lien,,9.57%,,SOFR,5.25%,,,2029-06-20,22854,22779,22854,,22779,,,,,,PNNT,2025-05-12
Recteq LLC,co_c5c26f9005ac,First Lien,,11.45%,,SOFR,7.15%,,,2026-01-29,9600,9566,9552,,9566,,,,,,PNNT,2025-05-12
Riverpoint Medical LLC,co_e8b0874b5d69,First Lien,Healthcare,9.3%,,SOFR,5%,,,2025-06-21,3911,3907,3911,,3907,,,,,,PNNT,2025-05-12
Rural Sourcing Holdings Inc.,co_193bef57c8af,First Lien,,10.04%,,SOFR,5.75%,,,2029-06-16,5449,5374,5340,,5374,,,,,,PNNT,2025-05-12
S101 Holdings Inc.,co_21517a905ed4,First Lien,,9.96%,,SOFR,5.65%,,,2026-12-29,9881,9789,9881,,9789,,,,,,PNNT,2025-05-12
Sabel Systems Technology Solutions LLC,co_2426c19efb2a,First Lien,Software & Technology,10.55%,,SOFR,6.25%,,,2030-10-31,11970,11868,11970,,11868,,,,,,PNNT,2025-05-12
Sales Benchmark Index LLC,co_2f514572a82e,First Lien,,10.5%,,SOFR,6.2%,,,2026-07-07,6657,6622,6657,,6622,,,,,,PNNT,2025-05-12
Seacoast Service Partners LLC,co_93608201db78,First Lien,Business Services,9.3%,,SOFR,5%,,,2029-12-20,4988,4949,4883,,4949,,,,,,PNNT,2025-05-12
Seaway Buyer LLC,co_50f5e02b1d22,First Lien,,10.45%,,SOFR,6.15%,,,2029-06-13,14625,14453,13784,,14453,,,,,,PNNT,2025-05-12
Sigma Defense Systems LLC,co_916b06171872,First Lien,Aerospace & Defense,11.2%,,SOFR,6.9%,,,2027-12-20,24400,24199,24400,,24199,,,,,,PNNT,2025-05-12
Solutionreach Inc.,co_687e91868b79,First Lien,,11.44%,,SOFR,7.15%,,,2025-07-17,9239,9232,9211,,9232,,,,,,PNNT,2025-05-12
SpendMend Holdings LLC,co_710b9ab58483,First Lien,,9.45%,,SOFR,5.15%,,,2028-03-01,9461,9284,9461,,9284,,,,,,PNNT,2025-05-12
STG Distribution,co_818c67249813,First Lien,Distribution & Wholesale,12.67%,,SOFR,8.35%,,,2029-10-04,1912,1813,1893,,1813,,,,,,PNNT,2025-05-12
STG Distribution,co_818c67249813,First Lien,Distribution & Wholesale,11.91%,,SOFR,7.6%,,,2029-10-04,4439,2461,2219,,2461,,,,,,PNNT,2025-05-12
Summit Behavioral Healthcare LLC,co_fef2ee36d477,First Lien,Healthcare,8.55%,,SOFR,4.25%,,,2028-11-24,3536,3398,2917,,3398,,,,,,PNNT,2025-05-12
SV- Aero Holdings LLC,co_88ebc5f0f8b7,First Lien,,9.55%,,SOFR,5.25%,,,2030-11-01,14906,14840,14906,,14840,,,,,,PNNT,2025-05-12
System Planning and Analysis Inc.,co_71f5dc9ec658,First Lien,,9.28%,,SOFR,5%,,,2027-08-16,17002,16874,17070,,16874,,,,,,PNNT,2025-05-12
TCG 3.0 Jogger Acquisitionco Inc.,co_ec1d60043362,First Lien,,10.8%,,SOFR,6.5%,,,2029-01-23,9900,9766,9900,,9766,,,,,,PNNT,2025-05-12
TPC US Parent LLC,co_3b907791477a,First Lien,,10.21%,,SOFR,5.9%,,,2025-11-24,11334,11298,11334,,11298,,,,,,PNNT,2025-05-12
Team Services Group LLC,co_4524cbd7d68d,First Lien,Business Services,9.54%,,SOFR,5.25%,,,2027-12-20,9630,9446,9347,,9446,,,,,,PNNT,2025-05-12
Teneo Holdings LLC,co_a61900ea7719,First Lien,,9.07%,,SOFR,4.75%,,,2031-03-13,2970,2941,2970,,2941,,,,,,PNNT,2025-05-12
The Bluebird Group LLC,co_7670d29af630,First Lien,,10.2%,,SOFR,5.9%,,,2026-07-27,17377,17307,17377,,17307,,,,,,PNNT,2025-05-12
The Vertex Companies LLC,co_ea5004681b41,First Lien,,9.31%,,SOFR,5%,,,2028-08-31,14554,14449,14453,,14449,,,,,,PNNT,2025-05-12
First Lien Secured Debt - 1002.1% Transgo LLC,co_e214e8f32f18,First Lien,,10.07%,,SOFR,5.75%,,,2028-12-29,17867,17691,17957,,17691,,,,,,PNNT,2025-05-12
Tyto Athene LLC,co_50b51b48db1c,First Lien,,9.21%,,SOFR,4.9%,,,2028-04-01,11393,11318,11257,,11318,,,,,,PNNT,2025-05-12
Urology Management Holdings Inc.,co_3145e44ea79c,First Lien,Healthcare,9.8%,,SOFR,5.5%,,,2027-06-15,12444,12371,12419,,12371,,,,,,PNNT,2025-05-12
US Fertility Enterprises LLC,co_0dde00891297,First Lien,Healthcare,8.83%,,SOFR,4.5%,,,2031-10-07,4988,4941,4988,,4941,,,,,,PNNT,2025-05-12
VRS Buyer Inc.,co_27fa8d5b9fe4,First Lien,,9.08%,,SOFR,4.75%,,,2030-11-21,9000,8941,8933,,8941,,,,,,PNNT,2025-05-12
Watchtower Buyer LLC,co_f7da03e2adbf,First Lien,,10.3%,,SOFR,6%,,,2029-12-01,23231,23016,23130,,23016,,,,,,PNNT,2025-05-12
Gauge ETE Blocker LLC,co_131e2394be68,First Lien,,12.56%,,,,,,2029-05-21,268,268,268,,268,,,,,,PNNT,2025-05-12
Zips Car Wash LLC,co_7d093c7eaca2,First Lien,Automotive,,,,,,,2028-03-31,2522,2453,1961,,2453,,,,,,PNNT,2025-05-12
OSP Embedded Aggregator LP,co_f08e68d34ee5,First Lien,,12%,,,,,,2030-05-08,24,237,254,,237,,,,,type_hint_corporate_from_name,PNNT,2025-05-12
AFC Acquisitions Inc.,co_6a4f51c80509,First Lien,,,,,,,,,507,780,765,,780,,,,,type_hint_pref_equity_from_name,PNNT,2025-05-12
Cartessa Aesthetics LLC,co_5b795483c871,First Lien,,,,,,,,,3562500,3563,7162,,3563,,,,,cost_suspicious_vs_size|fair_value_suspicious_vs_size|type_hint_pref_equity_from_name,PNNT,2025-05-12
Magnolia Topco LP,co_4c3447b0d6cf,First Lien,,,,,,,,,1545,1545,1110,,1545,,,,,type_hint_pref_equity_from_name,PNNT,2025-05-12
Megawatt Acquisition Partners LLC,co_75a48dcc706f,First Lien,,,,,,,,,5349,535,275,,535,,,,,type_hint_pref_equity_from_name,PNNT,2025-05-12
NXOF Holdings Inc.,co_493f5532d65d,First Lien,,,,,,,,,422,422,587,,422,,,,,type_hint_pref_equity_from_name,PNNT,2025-05-12
RTIC Parent Holdings LLC,co_066700dbc651,First Lien,,,,,,,,,10624,699,913,,699,,,,,type_hint_pref_equity_from_name,PNNT,2025-05-12
RTIC Parent Holdings LLC,co_066700dbc651,First Lien,,,,,,,,,11276,113,138,,113,,,,,cost_suspicious_vs_size|fair_value_suspicious_vs_size|type_hint_pref_equity_from_name,PNNT,2025-05-12
SP L2 Holdings LLC,co_f539becd7bc9,First Lien,,,,,,,,,331229,81,7,,81,,,,,cost_suspicious_vs_size|fair_value_suspicious_vs_size|type_hint_pref_equity_from_name,PNNT,2025-05-12
TPC Holding Company LP,co_15609bc69d06,First Lien,,,,,,,,,219,219,311,,219,,,,,type_hint_pref_equity_from_name,PNNT,2025-05-12
A1 Garage Equity LLC,co_a6d3a541ef1d,First Lien,,,,,,,,,2193038,2193,3438,,2193,,,,,cost_suspicious_vs_size|fair_value_suspicious_vs_size,PNNT,2025-05-12
ACP Big Top Holdings LP.,co_d6e877a46ac5,First Lien,,,,,,,,,773800,744,868,,744,,,,,cost_suspicious_vs_size|fair_value_suspicious_vs_size,PNNT,2025-05-12
Aechelon InvestCo LP,co_3037929e907c,First Lien,,,,,,,,,10684,1068,3576,,1068,,,,,,PNNT,2025-05-12
te Company II Inc.,co_ba90502123b4,First Lien,Media & Entertainment,,,,,,,,125000,125,143,,125,,,,,cost_suspicious_vs_size|fair_value_suspicious_vs_size,PNNT,2025-05-12
AMCSI Crash Co-Invest LP,co_49d0d6967080,First Lien,,,,,,,,,24898,2490,3748,,2490,,,,,,PNNT,2025-05-12
Azureon LLC,co_da416303be3c,First Lien,,,,,,,,,508238,508,351,,508,,,,,cost_suspicious_vs_size|fair_value_suspicious_vs_size,PNNT,2025-05-12
Burgess Point Holdings LP,co_2d786d83812e,First Lien,,,,,,,,,764,777,799,,777,,,,,,PNNT,2025-05-12
Cowboy Parent LLC,co_84fb583f863b,First Lien,,,,,,,,,27778,3015,3627,,3015,,,,,,PNNT,2025-05-12
Crane 1 Acquisition Parent Holdings LP.,co_91a386c35d92,First Lien,,,,,,,,,113,104,211,,104,,,,,,PNNT,2025-05-12
Duggal Acquisition LLC,co_84f2daabb1d5,First Lien,,,,,,,,,314,314,300,,314,,,,,,PNNT,2025-05-12
EDS Topco LP,co_c2f9d42cea99,First Lien,,,,,,,,,937500,938,1354,,938,,,,,cost_suspicious_vs_size|fair_value_suspicious_vs_size,PNNT,2025-05-12
Events Buyer LLC,co_512dd4c20f1a,First Lien,,,,,,,,,536267,536,536,,536,,,,,cost_suspicious_vs_size|fair_value_suspicious_vs_size,PNNT,2025-05-12
FedHC InvestCo LP,co_6540cb875202,First Lien,,,,,,,,,15255,545,2025,,545,,,,,cost_suspicious_vs_size,PNNT,2025-05-12
FedHC InvestCo II LP,co_6540cb875202,First Lien,,,,,,,,,21817,2303,3005,,2303,,,,,,PNNT,2025-05-12
Gauge ETE Blocker LLC,co_131e2394be68,First Lien,,,,,,,,,374444,374,332,,374,,,,,cost_suspicious_vs_size|fair_value_suspicious_vs_size,PNNT,2025-05-12
Gauge Lash Coinvest LLC,co_7de9f89a03cb,First Lien,,,,,,,,,1101293,834,2634,,834,,,,,cost_suspicious_vs_size|fair_value_suspicious_vs_size,PNNT,2025-05-12
Gauge Loving Tan LP,co_02a85c695e43,First Lien,,,,,,,,,543562,544,651,,544,,,,,cost_suspicious_vs_size|fair_value_suspicious_vs_size,PNNT,2025-05-12
GCP Boss Holdco LLC,co_83f66fb721b7,First Lien,,,,,,,,,1045100,1045,1097,,1045,,,,,cost_suspicious_vs_size|fair_value_suspicious_vs_size,PNNT,2025-05-12
GGG MIDCO LLC,co_7807603ac0e6,First Lien,,,,,,,,,1222700,1223,1219,,1223,,,,,cost_suspicious_vs_size|fair_value_suspicious_vs_size,PNNT,2025-05-12
GMP Hills LP,co_6c9a30d07234,First Lien,,,,,,,,,3747470,3747,3710,,3747,,,,,cost_suspicious_vs_size|fair_value_suspicious_vs_size,PNNT,2025-05-12
IHS Parent Holdings LP.,co_7f9eb1f9e5d1,First Lien,,,,,,,,,1218045,1218,1851,,1218,,,,,cost_suspicious_vs_size|fair_value_suspicious_vs_size,PNNT,2025-05-12
Kinetic Purchaser LLC,co_dcf36a882d65,First Lien,,,,,,,,,1308814,1309,310,,1309,,,,,cost_suspicious_vs_size|fair_value_suspicious_vs_size,PNNT,2025-05-12
KL Stockton Co-Invest LP,co_bbb1439875a0,First Lien,,,,,,,,,382353,385,650,,385,,,,,cost_suspicious_vs_size|fair_value_suspicious_vs_size,PNNT,2025-05-12
Municipal Emergency Services Inc.,co_80bfaf155c6d,First Lien,Business Services,,,,,,,,3920145,3984,7135,,3984,,,,,cost_suspicious_vs_size|fair_value_suspicious_vs_size,PNNT,2025-05-12
NEPRT Parent Holdings LLC,co_26610ea67624,First Lien,,,,,,,,,1299,1250,113,,1250,,,,,,PNNT,2025-05-12
te LLC,co_52817403f47a,First Lien,Media & Entertainment,,,,,,,,119966,1200,1376,,1200,,,,,cost_suspicious_vs_size|fair_value_suspicious_vs_size,PNNT,2025-05-12
OES Co-Invest LP,co_e1c5f67a3fab,First Lien,,,,,,,,,840,847,1193,,847,,,,,,PNNT,2025-05-12
OHCP V BC COI LP.,co_9e76b5faacac,First Lien,,,,,,,,,699844,700,455,,700,,,,,cost_suspicious_vs_size|fair_value_suspicious_vs_size,PNNT,2025-05-12
OSP Embedded Aggregator LP,co_f08e68d34ee5,First Lien,,,,,,,,,871,871,932,,871,,,,,,PNNT,2025-05-12
Pink Lily Holdco LLC,co_8edc281300c6,First Lien,,,,,,,,,1044,1044,,,1044,,,,,,PNNT,2025-05-12
QuantiTech InvestCo II LP,co_c0f668123549,First Lien,,,,,,,,,40,14,12,,14,,,,,,PNNT,2025-05-12
Providers & Services,co_673b4ac079e1,First Lien,Healthcare,,,,,,,,289700,290,290,,290,,,,,cost_suspicious_vs_size|fair_value_suspicious_vs_size,PNNT,2025-05-12
Sabel InvestCo LP,co_d7620f6d3e5a,First Lien,,,,,,,,,31972,830,1047,,830,,,,,cost_suspicious_vs_size|fair_value_suspicious_vs_size,PNNT,2025-05-12
Sabel InvestCo LP,co_d7620f6d3e5a,First Lien,,,,,,,,,47957,0,0,,0,,,,,,PNNT,2025-05-12
Safe Haven Defense MidCo LLC,co_10da30ff93f6,First Lien,Aerospace & Defense,,,,,,,,227,227,267,,227,,,,,,PNNT,2025-05-12
Seacoast Service Partners LLC,co_93608201db78,First Lien,Business Services,,,,,,,,238,280,273,,280,,,,,,PNNT,2025-05-12
SP L2 Holdings LLC,co_f539becd7bc9,First Lien,,,,,,,,,881966,882,0,,882,,,,,cost_suspicious_vs_size,PNNT,2025-05-12
SSC Dominion Holdings LLC,co_5f44294c82d2,First Lien,,,,,,,,,36,36,4340,,36,,,,,,PNNT,2025-05-12
SV Aero Holdings LLC,co_58fc95328875,First Lien,,,,,,,,,25,216,572,,216,,,,,,PNNT,2025-05-12
TAC LifePort Holdings LLC,co_eebfe102f3eb,First Lien,,,,,,,,,254206,239,430,,239,,,,,cost_suspicious_vs_size|fair_value_suspicious_vs_size,PNNT,2025-05-12
Tinicum Space Coast Co-Invest LLC,co_59283f6a22eb,First Lien,,,,,,,,,216,2177,2297,,2177,,,,,,PNNT,2025-05-12
TPC Holding Company LP,co_15609bc69d06,First Lien,,,,,,,,,11527,12,0,,12,,,,,cost_suspicious_vs_size,PNNT,2025-05-12
Watchtower Holdings LLC,co_ea15378ab55c,First Lien,,,,,,,,,12419,1242,1227,,1242,,,,,,PNNT,2025-05-12
Kentucky Racing Holdco LLC,co_38f0b1e3f026,First Lien,,,,,,,,,161252,0,1756,,0,,,,,fair_value_suspicious_vs_size,PNNT,2025-05-12
Walker Edison Furniture,co_ef3fdc9c8bde,First Lien,,,,,,,,,72917,6787,0,,6787,,,,,,PNNT,2025-05-12
te LLC,co_52817403f47a,First Lien,Media & Entertainment,,,,,,,,43918,4488,79816,,4488,,,,,,PNNT,2025-05-12
LAV Gear Holdings Inc.,co_97316ccde517,First Lien,,,,,,,,2025-10-31,4761,4690,3537,,4690,,,,,,PNNT,2025-05-12
LAV Gear Holdings Inc.,co_97316ccde517,First Lien,,10%,,,,,,2025-10-31,128,119,161,,119,,,,,,PNNT,2025-05-12
Zips Car Wash LLC,co_7d093c7eaca2,First Lien,Automotive,,,,,,,2028-03-31,19172,18484,14906,,18484,,,,,,PNNT,2025-05-12
New Insight Holdings,co_9243eb997b02,Common Equity,Financial Services,,,,,,,,134330,2351,2965,,2351,,,,,cost_suspicious_vs_size|fair_value_suspicious_vs_size,PNNT,2025-05-12
Investments - 1004.3%,co_9b90377c9616,Other,Financial Services,,,,,,,,,1406312,1392934,,1406312,,,,,,PNNT,2025-05-12
Non-Money Market Cash,co_c0000f48b74a,Other,,,,,,,,,,33885,33885,,33885,,,,,,PNNT,2025-05-12
Investments and Cash Equivalents - 1049.1%,co_48dbddc5416b,Other,Financial Services,,,,,,,,,1468513,1455135,,1468513,,,,,,PNNT,2025-05-12
Liabilities in Excess of Other Assets - (155.3)%,co_a11543a78b91,Other,,,,,,,,,,,-758091,-1.55%,,,,,,,PNNT,2025-05-12
48Forty Intermediate Holdings,co_e02baf7b4123,Common Equity,Media & Entertainment,,,,,,,,1988,,,,,,,,,,PNNT,2025-05-12
Investments 1004.3%,co_9b90377c9616,Other,Financial Services,,,,,,,,,,,10.04%,,,,,,,PNNT,2025-05-12
Liabilities in Excess of Other Assets — (949.1)%,co_a11543a78b91,Other,,,,,,,,,,,-1316433,,,,,,,,PNNT,2025-05-12
Members' Equity - 100%,co_fd6bf1f8774a,Other,,,,,,,,,,,,,,,,,,,PNNT,2025-05-12
Members' Equity—100.0%,co_76c515a9f469,Other,,,,,,,,,,,138702,,,,,,,,PNNT,2025-05-12
Adweek Purchaser LLC,co_c7da9744fdf5,First Lien,,11.3%,,SOFR,7%,,,2027-05-30,2000,1972,2000,,1972,,,,,,PNNT,2025-08-11
Aechelon Technology Inc.,co_2cd06b60c8c3,First Lien,Software & Technology,10.83%,,SOFR,6.5%,,,2029-08-16,11760,11653,11760,,11653,,,,,,PNNT,2025-08-11
AFC Dell Holding Corp.,co_9e5f4376beaa,First Lien,,9.83%,,SOFR,5.5%,,,2027-04-09,67,67,67,,67,,,,,,PNNT,2025-08-11
Azureon LLC,co_da416303be3c,First Lien,,10.05%,,SOFR,5.75%,,,2029-06-26,9835,9728,9609,,9728,,,,,,PNNT,2025-08-11
Azureon LLC,co_da416303be3c,First Lien,,10.07%,,SOFR,5.75%,,,2029-06-26,464,464,453,,464,,,,,,PNNT,2025-08-11
Blackhawk Industrial Distribution Inc.,co_8604af3bb831,First Lien,Distribution & Wholesale,9.72%,,SOFR,5.4%,,,2026-09-17,1270,1265,1254,,1265,,,,,,PNNT,2025-08-11
Blackhawk Industrial Distribution Inc.,co_8604af3bb831,First Lien,Distribution & Wholesale,9.7%,,SOFR,5.4%,,,2026-09-17,2671,2671,2638,,2671,,,,,,PNNT,2025-08-11
Cartessa Aesthetics LLC,co_5b795483c871,First Lien,,10.3%,,SOFR,6%,,,2028-06-14,23555,23281,23555,,23281,,,,,,PNNT,2025-08-11
Cartessa Aesthetics LLC,co_5b795483c871,First Lien,,10.3%,,SOFR,6%,,,2028-06-14,1265,1265,1265,,1265,,,,,,PNNT,2025-08-11
Cornerstone Advisors of Arizona LLC,co_626efa52add3,First Lien,,9.05%,,SOFR,4.75%,,,2032-05-13,6000,5970,5970,,5970,,,,,,PNNT,2025-08-11
DRS Holdings III Inc.,co_5f36274df8c4,First Lien,,9.57%,,SOFR,5.25%,,,2025-11-03,2,2,2,,2,,,,,,PNNT,2025-08-11
te II LLC,co_b9a2f71934dc,First Lien,Media & Entertainment,9.58%,,SOFR,5.25%,,,2029-05-29,553,550,553,,550,,,,,,PNNT,2025-08-11
te II LLC,co_b9a2f71934dc,First Lien,Media & Entertainment,9.58%,,SOFR,5.25%,,,2029-05-25,166,166,166,,166,,,,,,PNNT,2025-08-11
te LLC,co_52817403f47a,First Lien,Media & Entertainment,10.46%,,SOFR,6.25%,,,2031-04-10,10000,9952,9940,,9952,,,,,,PNNT,2025-08-11
te LLC,co_52817403f47a,First Lien,Media & Entertainment,,,,,,,2031-04-10,609,0,-4,,0,,,,,,PNNT,2025-08-11
Gauge ETE Blocker LLC,co_131e2394be68,First Lien,,,12.56%,,,,,2029-05-21,277,277,277,,277,,,,,,PNNT,2025-08-11
GGG MIDCO LLC,co_7807603ac0e6,First Lien,,9.32%,,SOFR,5%,,,2030-09-27,6175,6116,6175,,6116,,,,,,PNNT,2025-08-11
Graffiti Buyer Inc.,co_0e9dedaa52c9,First Lien,,9.92%,,SOFR,5.6%,,,2027-08-10,246,244,241,,244,,,,,,PNNT,2025-08-11
Halo Buyer Inc.,co_4d288827c1ed,First Lien,,10.33%,,SOFR,6%,,,2029-08-07,16958,16800,16449,,16800,,,,,,PNNT,2025-08-11
Halo Buyer Inc.,co_4d288827c1ed,First Lien,,12.5%,,SOFR,5%,,,2029-08-07,495,495,464,,495,,,,,,PNNT,2025-08-11
Hills Distribution Inc.,co_572275c0244d,First Lien,Distribution & Wholesale,10.32%,,SOFR,6%,,,2029-11-08,7805,7737,7805,,7737,,,,,,PNNT,2025-08-11
Infinity Home Services Holdco Inc.,co_607a972ec616,First Lien,Business Services,10.3%,,SOFR,6%,,,2028-12-28,8997,8902,8997,,8902,,,,,,PNNT,2025-08-11
Infinity Home Services Holdco Inc.,co_607a972ec616,First Lien,Business Services,10.3%,,SOFR,6%,,,2028-12-28,2619,1891,1919,,1891,,,,,,PNNT,2025-08-11
Infinity Home Services Holdco Inc.,co_607a972ec616,First Lien,Business Services,12.5%,,SOFR,5%,,,2028-12-28,323,323,323,,323,,,,,,PNNT,2025-08-11
Inventus Power Inc.,co_5ea70dbaca4c,First Lien,,11.93%,,SOFR,7.61%,,,2026-01-15,288,288,288,,288,,,,,,PNNT,2025-08-11
Kinetic Purchaser LLC,co_dcf36a882d65,First Lien,,10.45%,,SOFR,6.15%,,,2027-11-10,3099,3039,2944,,3039,,,,,,PNNT,2025-08-11
Kinetic Purchaser LLC,co_dcf36a882d65,First Lien,,10.47%,,SOFR,6.15%,,,2026-11-10,2427,2427,2305,,2427,,,,,,PNNT,2025-08-11
Lash OpCo LLC,co_90f3961a5b09,First Lien,,12.14%,5.1%,SOFR,7.85%,,,2027-02-18,3016,2996,2956,,2996,,,,,,PNNT,2025-08-11
Lash OpCo LLC,co_90f3961a5b09,First Lien,,12.14%,5.1%,SOFR,7.85%,,,2026-08-16,2790,2790,2734,,2790,,,,,,PNNT,2025-08-11
Ledge Lounger Inc.,co_357781e35d40,First Lien,,11.95%,1%,SOFR,7.65%,,,2026-11-09,8998,8941,8458,,8941,,,,,,PNNT,2025-08-11
Ledge Lounger Inc.,co_357781e35d40,First Lien,,11.95%,1%,SOFR,7.65%,,,2026-11-09,1621,1621,1524,,1621,,,,,,PNNT,2025-08-11
te II Inc.,co_b9a2f71934dc,First Lien,Media & Entertainment,9.8%,,SOFR,5.5%,,,2028-05-31,7089,7010,7053,,7010,,,,,,PNNT,2025-08-11
te II Inc.,co_b9a2f71934dc,First Lien,Media & Entertainment,9.8%,,SOFR,5.5%,,,2028-05-31,332,332,330,,332,,,,,,PNNT,2025-08-11
Megawatt Acquisitionco Inc.,co_13ef788dfd42,First Lien,,9.83%,,SOFR,5.5%,,,2030-03-01,483,483,446,,483,,,,,,PNNT,2025-08-11
Municipal Emergency Services Inc.,co_80bfaf155c6d,First Lien,Business Services,9.45%,,SOFR,5.15%,,,2027-10-01,376,373,376,,373,,,,,,PNNT,2025-08-11
Omnia Exterior Solutions LLC,co_45c8e988e7ce,First Lien,,9.57%,,SOFR,5.25%,,,2029-12-31,420,420,416,,420,,,,,,PNNT,2025-08-11
OSP Embedded Purchaser LLC,co_3e138bcccd7f,First Lien,,10.07%,,SOFR,5.75%,,,2029-12-17,6403,6309,6300,,6309,,,,,,PNNT,2025-08-11
PlayPower Inc.,co_d89d4111bece,First Lien,,9.55%,,SOFR,5.25%,,,2030-08-28,11910,11833,11791,,11833,,,,,,PNNT,2025-08-11
Radius Aerospace Inc.,co_c2adc14192da,First Lien,Aerospace & Defense,10.46%,,SOFR,6.15%,,,2027-03-29,410,410,399,,410,,,,,,PNNT,2025-08-11
Recteq LLC,co_c5c26f9005ac,First Lien,,11.09%,,SOFR,7%,,,2026-01-29,313,313,311,,313,,,,,,PNNT,2025-08-11
Route 66 Development,co_f9406ddc2b58,First Lien,,13.33%,,SOFR,9%,,,2031-01-24,18000,17653,17910,,17653,,,,,,PNNT,2025-08-11
RTIC Subsidiary Holdings LLC,co_7851f4467604,First Lien,,10.07%,,SOFR,5.75%,,,2029-05-03,2169,2169,2131,,2169,,,,,,PNNT,2025-08-11
Safe Haven Defense US LLC,co_b159963796ce,First Lien,Aerospace & Defense,9.57%,,SOFR,5.25%,,,2029-05-23,3930,3879,3930,,3879,,,,,,PNNT,2025-08-11
Sath Industries LLC,co_1fa84b000f01,First Lien,,9.81%,,SOFR,5.5%,,,2029-12-17,11417,11313,11417,,11313,,,,,,PNNT,2025-08-11
Seacoast Service Partners LLC,co_93608201db78,First Lien,Business Services,9.32%,,SOFR,5%,,,2029-12-20,1805,1790,1742,,1790,,,,,,PNNT,2025-08-11
Seacoast Service Partners LLC,co_93608201db78,First Lien,Business Services,9.3%,,SOFR,5%,,,2029-12-20,393,393,379,,393,,,,,,PNNT,2025-08-11
System Planning and Analysis Inc.,co_71f5dc9ec658,First Lien,,8.95%,,SOFR,4.75%,,,2027-08-16,8312,8260,8246,,8260,,,,,,PNNT,2025-08-11
System Planning and Analysis Inc.,co_71f5dc9ec658,First Lien,,9.06%,,SOFR,4.75%,,,2027-08-16,1747,1747,1733,,1747,,,,,,PNNT,2025-08-11
Wash & Wax Systems LLC,co_23eb44288883,First Lien,,,9.78%,SOFR,5.5%,,,2028-04-30,1180,1202,1204,,1202,,,,,,PNNT,2025-08-11
Wash & Wax Systems LLC,co_23eb44288883,First Lien,,,9.78%,SOFR,5.5%,,,2028-04-30,13,13,13,,13,,,,,,PNNT,2025-08-11
Wash & Wax Systems LLC,co_23eb44288883,First Lien,,,,,,,,2028-04-30,617,0,0,,0,,,,,,PNNT,2025-08-11
Burgess Point Purchaser Corp.,co_4efff09567e0,First Lien,,13.38%,,SOFR,9.1%,,,2030-07-28,8000,7732,8000,,7732,,,,,,PNNT,2025-08-11
OSP Embedded Aggregator LP,co_f08e68d34ee5,First Lien,,12%,,,,,,2030-05-08,24,237,289,,237,,,,,type_hint_corporate_from_name,PNNT,2025-08-11
Wash & Wax Systems LLC,co_23eb44288883,First Lien,,12%,,,,,,2028-07-30,787,788,786,,788,,,,,type_hint_corporate_from_name,PNNT,2025-08-11
AFC Acquisitions Inc.,co_6a4f51c80509,Other Equity,,,,,,,,,,749,619,,749,,,,490,type_hint_pref_equity_from_name,PNNT,2025-08-11
AFC Acquisitions Inc.,co_6a4f51c80509,Other Equity,,,,,,,,,,18,14,,18,,,,11,type_hint_pref_equity_from_name,PNNT,2025-08-11
AFC Acquisitions Inc.,co_6a4f51c80509,Other Equity,,,,,,,,,,12,8,,12,,,,6,type_hint_pref_equity_from_name,PNNT,2025-08-11
AFC Acquisitions Inc.,co_6a4f51c80509,Other Equity,,,,,,,,,,12,7,,12,,,,6,type_hint_pref_equity_from_name,PNNT,2025-08-11
AFC Acquisitions Inc.,co_6a4f51c80509,Other Equity,,,,,,,,,,20,13,,20,,,,10,type_hint_pref_equity_from_name,PNNT,2025-08-11
Cartessa Aesthetics LLC,co_5b795483c871,Other Equity,,,,,,,,,,3563,7611,,3563,,,,3562500,type_hint_pref_equity_from_name,PNNT,2025-08-11
Magnolia Topco LP,co_4c3447b0d6cf,Other Equity,,,,,,,,,,1545,1759,,1545,,,,1545,type_hint_pref_equity_from_name,PNNT,2025-08-11
Magnolia Topco LP,co_4c3447b0d6cf,Other Equity,,,,,,,,,,530,1060,,530,,,,530,type_hint_pref_equity_from_name,PNNT,2025-08-11
Magnolia Topco LP,co_4c3447b0d6cf,Other Equity,,,,,,,,,,643,516,,643,,,,1018,type_hint_pref_equity_from_name,PNNT,2025-08-11
Megawatt Acquisition Partners LLC,co_75a48dcc706f,Other Equity,,,,,,,,,,535,340,,535,,,,5349,type_hint_pref_equity_from_name,PNNT,2025-08-11
NXOF Holdings Inc.,co_493f5532d65d,Other Equity,,,,,,,,,,422,468,,422,,,,422,type_hint_pref_equity_from_name,PNNT,2025-08-11
PL Acquisitionco LLC,co_76d53d3f1d91,Other Equity,,,,,,,,,,73,,,73,,,,73,type_hint_pref_equity_from_name,PNNT,2025-08-11
RTIC Parent Holdings LLC,co_066700dbc651,Other Equity,,,,,,,,,,5,0,,5,,,,5,type_hint_pref_equity_from_name,PNNT,2025-08-11
RTIC Parent Holdings LLC,co_066700dbc651,Other Equity,,,,,,,,,,699,1061,,699,,,,10624,type_hint_pref_equity_from_name,PNNT,2025-08-11
RTIC Parent Holdings LLC,co_066700dbc651,Other Equity,,,,,,,,,,113,145,,113,,,,11276,type_hint_pref_equity_from_name,PNNT,2025-08-11
SP L2 Holdings LLC,co_f539becd7bc9,Other Equity,,,,,,,,,,81,7,,81,,,,331229,type_hint_pref_equity_from_name,PNNT,2025-08-11
TPC Holding Company LP,co_15609bc69d06,Other Equity,,,,,,,,,,219,302,,219,,,,219,type_hint_pref_equity_from_name,PNNT,2025-08-11
A1 Garage Equity LLC,co_a6d3a541ef1d,Other Equity,,,,,,,,,,2193,3663,,2193,,,,2193038,,PNNT,2025-08-11
ACP Big Top Holdings LP.,co_d6e877a46ac5,Other Equity,,,,,,,,,,744,903,,744,,,,773800,,PNNT,2025-08-11
Aechelon InvestCo LP,co_3037929e907c,Other Equity,,,,,,,,,,1068,3440,,1068,,,,10684,,PNNT,2025-08-11
Aechelon InvestCo LP,co_3037929e907c,Other Equity,,,,,,,,,,0,0,,0,,,,11940,,PNNT,2025-08-11
te Company II Inc.,co_ba90502123b4,Other Equity,Media & Entertainment,,,,,,,,,125,128,,125,,,,125000,,PNNT,2025-08-11
AMCSI Crash Co-Invest LP,co_49d0d6967080,Other Equity,,,,,,,,,,2490,3486,,2490,,,,24898,,PNNT,2025-08-11
AMCSI Crash Co-Invest LP,co_49d0d6967080,Other Equity,,,,,,,,,,0,0,,0,,,,5102,,PNNT,2025-08-11
Azureon LLC,co_da416303be3c,Other Equity,,,,,,,,,,508,427,,508,,,,508238,,PNNT,2025-08-11
Burgess Point Holdings LP,co_2d786d83812e,Other Equity,,,,,,,,,,777,781,,777,,,,764,,PNNT,2025-08-11
Cowboy Parent LLC,co_84fb583f863b,Other Equity,,,,,,,,,,3015,3623,,3015,,,,27778,,PNNT,2025-08-11
Crane 1 Acquisition Parent Holdings LP.,co_91a386c35d92,Other Equity,,,,,,,,,,104,221,,104,,,,113,,PNNT,2025-08-11
Duggal Acquisition LLC,co_84f2daabb1d5,Other Equity,,,,,,,,,,314,319,,314,,,,314,,PNNT,2025-08-11
EDS Topco LP,co_c2f9d42cea99,Other Equity,,,,,,,,,,938,1515,,938,,,,937500,,PNNT,2025-08-11
Events Buyer LLC,co_512dd4c20f1a,Other Equity,,,,,,,,,,536,616,,536,,,,536267,,PNNT,2025-08-11
FedHC InvestCo LP,co_6540cb875202,Other Equity,,,,,,,,,,545,2047,,545,,,,15255,,PNNT,2025-08-11
FedHC InvestCo II LP,co_6540cb875202,Other Equity,,,,,,,,,,2303,3037,,2303,,,,21817,,PNNT,2025-08-11
Gauge ETE Blocker LLC,co_131e2394be68,Other Equity,,,,,,,,,,374,352,,374,,,,374444,,PNNT,2025-08-11
Gauge Lash Coinvest LLC,co_7de9f89a03cb,Other Equity,,,,,,,,,,951,2996,,951,,,,1231392,,PNNT,2025-08-11
Gauge Loving Tan LP,co_02a85c695e43,Other Equity,,,,,,,,,,544,645,,544,,,,543562,,PNNT,2025-08-11
GCP Boss Holdco LLC,co_83f66fb721b7,Other Equity,,,,,,,,,,1045,1254,,1045,,,,1045100,,PNNT,2025-08-11
GGG MIDCO LLC,co_7807603ac0e6,Other Equity,,,,,,,,,,1223,1273,,1223,,,,1222700,,PNNT,2025-08-11
GMP Hills LP,co_6c9a30d07234,Other Equity,,,,,,,,,,3747,4085,,3747,,,,3747470,,PNNT,2025-08-11
IHS Parent Holdings LP.,co_7f9eb1f9e5d1,Other Equity,,,,,,,,,,1218,1693,,1218,,,,1218045,,PNNT,2025-08-11
Kinetic Purchaser LLC,co_dcf36a882d65,Other Equity,,,,,,,,,,1309,128,,1309,,,,1308814,,PNNT,2025-08-11
Kinetic Purchaser LLC,co_dcf36a882d65,Other Equity,,,,,,,,,,135,271,,135,,,,115688,,PNNT,2025-08-11
KL Stockton Co-Invest LP,co_bbb1439875a0,Other Equity,,,,,,,,,,385,531,,385,,,,382353,,PNNT,2025-08-11
Magnolia Topco LP,co_4c3447b0d6cf,Other Equity,,,,,,,,,,0,0,,0,,,,1545460,,PNNT,2025-08-11
Magnolia Topco LP,co_4c3447b0d6cf,Other Equity,,,,,,,,,,0,0,,0,,,,1017840,,PNNT,2025-08-11
Megawatt Acquisition Partners LLC,co_75a48dcc706f,Other Equity,,,,,,,,,,59,0,,59,,,,594,,PNNT,2025-08-11
Municipal Emergency Services Inc.,co_80bfaf155c6d,Other Equity,Business Services,,,,,,,,,3984,7095,,3984,,,,3920145,,PNNT,2025-08-11
NEPRT Parent Holdings LLC,co_26610ea67624,Other Equity,,,,,,,,,,1250,185,,1250,,,,1299,,PNNT,2025-08-11
NXOF Holdings Inc.,co_493f5532d65d,Other Equity,,,,,,,,,,108,0,,108,,,,8188,,PNNT,2025-08-11
te LLC,co_52817403f47a,Other Equity,Media & Entertainment,,,,,,,,,1200,1530,,1200,,,,119966,,PNNT,2025-08-11
OES Co-Invest LP,co_e1c5f67a3fab,Other Equity,,,,,,,,,,847,1033,,847,,,,840,,PNNT,2025-08-11
OHCP V BC COI LP.,co_9e76b5faacac,Other Equity,,,,,,,,,,700,413,,700,,,,699844,,PNNT,2025-08-11
OHCP V BC COI LP. - Unfunded,co_8fb9ed09540a,Other Equity,,,,,,,,,,0,-21,,0,,,,50156,,PNNT,2025-08-11
OSP Embedded Aggregator LP,co_f08e68d34ee5,Other Equity,,,,,,,,,,871,1059,,871,,,,871,,PNNT,2025-08-11
Pink Lily Holdco LLC,co_8edc281300c6,Other Equity,,,,,,,,,,1044,0,,1044,,,,1044,,PNNT,2025-08-11
QuantiTech InvestCo LP,co_c0f668123549,Other Equity,,,,,,,,,,0,98,,0,,,,700,,PNNT,2025-08-11
QuantiTech InvestCo LP,co_c0f668123549,Other Equity,,,,,,,,,,0,0,,0,,,,955,,PNNT,2025-08-11
QuantiTech InvestCo II LP,co_c0f668123549,Other Equity,,,,,,,,,,12,7,,12,,,,40,,PNNT,2025-08-11
Providers & Services,co_673b4ac079e1,Other Equity,Healthcare,,,,,,,,,290,385,,290,,,,289700,,PNNT,2025-08-11
Sabel InvestCo LP,co_d7620f6d3e5a,Other Equity,,,,,,,,,,830,1058,,830,,,,31972,,PNNT,2025-08-11
Sabel InvestCo LP,co_d7620f6d3e5a,Other Equity,,,,,,,,,,0,0,,0,,,,47957,,PNNT,2025-08-11
Safe Haven Defense MidCo LLC,co_10da30ff93f6,Other Equity,Aerospace & Defense,,,,,,,,,245,244,,245,,,,245,,PNNT,2025-08-11
Seacoast Service Partners LLC,co_93608201db78,Other Equity,Business Services,,,,,,,,,351,295,,351,,,,274,,PNNT,2025-08-11
SP L2 Holdings LLC,co_f539becd7bc9,Other Equity,,,,,,,,,,882,0,,882,,,,881966,,PNNT,2025-08-11
SSC Dominion Holdings LLC,co_5f44294c82d2,Other Equity,,,,,,,,,,36,4358,,36,,,,36,cost_suspicious_vs_size,PNNT,2025-08-11
SV Aero Holdings LLC,co_58fc95328875,Other Equity,,,,,,,,,,216,607,,216,,,,25,,PNNT,2025-08-11
TAC LifePort Holdings LLC,co_eebfe102f3eb,Other Equity,,,,,,,,,,239,575,,239,,,,254206,,PNNT,2025-08-11
Tinicum Space Coast Co-Invest LLC,co_59283f6a22eb,Other Equity,,,,,,,,,,2177,2401,,2177,,,,216,,PNNT,2025-08-11
TPC Holding Company LP,co_15609bc69d06,Other Equity,,,,,,,,,,12,0,,12,,,,11527,,PNNT,2025-08-11
Wash & Wax Systems LLC,co_23eb44288883,Other Equity,,,,,,,,,,917,943,,917,,,,514,,PNNT,2025-08-11
Watchtower Holdings LLC,co_ea15378ab55c,Other Equity,,,,,,,,,,1242,1204,,1242,,,,12419,,PNNT,2025-08-11
Kentucky Racing Holdco LLC,co_38f0b1e3f026,Other Equity,,,,,,,,,,0,1688,,0,,,,161252,,PNNT,2025-08-11
Walker Edison Furniture Company LLC,co_55d1269fe5b2,First Lien,,,,,,,,2029-03-01,13825,11660,0,,11660,,,,,,PNNT,2025-08-11
Walker Edison Furniture Company LLC,co_55d1269fe5b2,First Lien,,,,,,,,2029-03-01,313,0,-312,,0,,,,,,PNNT,2025-08-11
Walker Edison Furniture Company LLC,co_55d1269fe5b2,First Lien,,,,,,,,2029-03-01,3333,3332,333,,3332,,,,,,PNNT,2025-08-11
Walker Edison Furniture,co_ef3fdc9c8bde,Other Equity,,,,,,,,,,6890,,,6890,,,,72917,,PNNT,2025-08-11
te LLC,co_52817403f47a,Other Equity,Media & Entertainment,,,,,,,,,4488,78459,,4488,,,,43918,,PNNT,2025-08-11
A1 Garage Merger Sub LLC,co_94ef4596a353,First Lien,,8.83%,,SOFR,4.5%,,,2028-12-22,19929,19733,19929,,19733,,,,,,PNNT,2025-08-11
ACP Avenu Buyer LLC,co_84171a9a04be,First Lien,,9.05%,,SOFR,4.75%,,,2029-10-02,7609,7488,7533,,7488,,,,,,PNNT,2025-08-11
ACP Falcon Buyer Inc.,co_5610a0606ed6,First Lien,,9.8%,,SOFR,5.5%,,,2029-08-01,15235,14991,15387,,14991,,,,,,PNNT,2025-08-11
AFC - Dell Holding Corp.,co_9e5f4376beaa,First Lien,,9.82%,,SOFR,5.5%,,,2027-04-09,16191,16071,16110,,16071,,,,,,PNNT,2025-08-11
Ad.net Acquisition LLC,co_9f11b7cdc3d7,First Lien,,10.56%,,SOFR,6.26%,,,2026-05-07,4800,4800,4800,,4800,,,,,,PNNT,2025-08-11
Aechelon Technology,co_2cd06b60c8c3,First Lien,Software & Technology,10.83%,,SOFR,6.5%,,,2029-08-16,4850,4764,4850,,4764,,,,,,PNNT,2025-08-11
Alpine Acquisition Corp.,co_78de638b4250,First Lien,,10.45%,,SOFR,6.15%,,,2026-11-30,15185,15036,10630,,15036,,,,,,PNNT,2025-08-11
Amsive Holding Corp.,co_ab4d63baa520,First Lien,,10.67%,,SOFR,6.35%,,,2026-12-10,13773,13722,13635,,13722,,,,,,PNNT,2025-08-11
Anteriad Holdings Inc.,co_36a648618d3c,First Lien,,10.2%,,SOFR,5.9%,,,2026-06-30,14056,14014,14056,,14014,,,,,,PNNT,2025-08-11
Arcfield Acquisition Corp.,co_50bc69c38d09,First Lien,,9.28%,,SOFR,5%,,,2031-10-28,14925,14904,14850,,14904,,,,,,PNNT,2025-08-11
Archer Lewis LLC,co_604875df6766,First Lien,,10.05%,,SOFR,5.75%,,,2029-08-28,15620,15460,15620,,15460,,,,,,PNNT,2025-08-11
Argano LLC,co_2dad950c6e2b,First Lien,,10.07%,,SOFR,5.75%,,,2029-09-13,14888,14764,14754,,14764,,,,,,PNNT,2025-08-11
BLC Holding Company INC.,co_d15065a868a7,First Lien,,8.8%,,SOFR,4.5%,,,2030-11-20,12043,11971,12043,,11971,,,,,,PNNT,2025-08-11
Beacon Behavioral Support Services LLC,co_a0204c9e30ad,First Lien,Business Services,9.8%,,SOFR,5.5%,,,2029-06-21,24670,24354,24423,,24354,,,,,,PNNT,2025-08-11
Best Practice Associates LLC,co_ee536d35454d,First Lien,,11.05%,,SOFR,6.75%,,,2029-11-08,19900,19648,19651,,19648,,,,,,PNNT,2025-08-11
Beta Plus Technologies Inc.,co_15fb3f24358e,First Lien,,10.05%,,SOFR,5.75%,,,2029-07-02,14588,14405,14259,,14405,,,,,,PNNT,2025-08-11
Big Top Holdings LLC,co_bb22afbdfb87,First Lien,,9.8%,,SOFR,5.5%,,,2030-02-28,6643,6545,6643,,6545,,,,,,PNNT,2025-08-11
Bioderm Inc.,co_356ecbdfc662,First Lien,,10.82%,,SOFR,6.5%,,,2028-01-31,8820,8744,8710,,8744,,,,,,PNNT,2025-08-11
Blackhawk Industrial Distribution Inc.,co_8604af3bb831,First Lien,Distribution & Wholesale,9.7%,,SOFR,5.4%,,,2026-09-17,25310,25060,24993,,25060,,,,,,PNNT,2025-08-11
Boss Industries LLC,co_066909ddb318,First Lien,,9.3%,,SOFR,5%,,,2030-12-27,5970,5931,5970,,5931,,,,,,PNNT,2025-08-11
Burgess Point Purchaser Corp.,co_4efff09567e0,First Lien,,9.65%,,SOFR,5.35%,,,2029-07-25,6202,5928,5266,,5928,,,,,,PNNT,2025-08-11
By Light professional IT Services LLC,co_936aa328cd2c,First Lien,Software & Technology,10.79%,,SOFR,6.47%,,,2026-11-16,14570,14526,14570,,14526,,,,,,PNNT,2025-08-11
C5MI Acquisition LLC,co_07164ebee822,First Lien,,10.3%,,SOFR,6%,,,2029-07-31,7444,7350,7444,,7350,,,,,,PNNT,2025-08-11
CF512 Inc.,co_d12c2b1fcc68,First Lien,,10.77%,,SOFR,6.44%,,,2026-08-20,9066,8992,8975,,8992,,,,,,PNNT,2025-08-11
Carisk Buyer Inc.,co_3e2f4263b8bf,First Lien,,9.55%,,SOFR,5.25%,,,2029-12-01,11398,11301,11398,,11301,,,,,,PNNT,2025-08-11
Carnegie Dartlet LLC,co_42c155a3ddd4,First Lien,,9.83%,,SOFR,5.5%,,,2030-02-07,22713,22412,22485,,22412,,,,,,PNNT,2025-08-11
Dynata,co_388e12c6a10a,First Lien,,9.59%,,SOFR,5.26%,,,2028-07-17,1576,1484,1565,,1484,,,,,,PNNT,2025-08-11
Dynata,co_388e12c6a10a,First Lien,,10.09%,,SOFR,5.76%,,,2028-10-16,9695,9695,8527,,9695,,,,,,PNNT,2025-08-11
Marketplace Events Acquisition LLC,co_5691a6d4c7b0,First Lien,,9.47%,,SOFR,5.25%,,,2030-12-19,19950,19774,19950,,19774,,,,,,PNNT,2025-08-11
MBS Holdings Inc.,co_1f4d56e6b50c,First Lien,,9.35%,,SOFR,5.1%,,,2027-04-16,8266,8214,8266,,8214,,,,,,PNNT,2025-08-11
Meadowlark Acquirer LLC,co_259fd8608352,First Lien,,9.95%,,SOFR,5.65%,,,2027-12-10,2900,2870,2857,,2870,,,,,,PNNT,2025-08-11
Medina Health LLC,co_b22f7431034e,First Lien,,10.55%,,SOFR,6.25%,,,2028-10-20,19423,19304,19471,,19304,,,,,,PNNT,2025-08-11
Megawatt Acquisitionco Inc.,co_13ef788dfd42,First Lien,,9.8%,,SOFR,5.5%,,,2030-03-01,7900,7805,7292,,7805,,,,,,PNNT,2025-08-11
Michael Baker International LLC,co_b2dced552f3b,First Lien,,8.28%,,SOFR,4%,,,2028-12-18,496,496,498,,496,,,,,,PNNT,2025-08-11
MOREgroup Holdings LLC,co_a1e4fb74a7ea,First Lien,,9.55%,,SOFR,5.25%,,,2030-01-16,19750,19512,19750,,19512,,,,,,PNNT,2025-08-11
Municipal Emergency Services Inc.,co_80bfaf155c6d,First Lien,Business Services,9.45%,,SOFR,5.15%,,,2027-10-01,9599,9529,9599,,9529,,,,,,PNNT,2025-08-11
NBH Group LLC,co_cf4bef6edccb,First Lien,,9.92%,,SOFR,5.6%,,,2026-08-19,7199,7174,7199,,7174,,,,,,PNNT,2025-08-11
NORA Acquisition LLC,co_44e3b26054a0,First Lien,,10.65%,,SOFR,6.35%,,,2029-08-31,20141,19901,19990,,19901,,,,,,PNNT,2025-08-11
OSP Embedded Purchaser LLC,co_3e138bcccd7f,First Lien,,10.05%,,SOFR,5.75%,,,2029-12-17,18974,18837,18671,,18837,,,,,,PNNT,2025-08-11
Omnia Exterior Solutions LLC,co_45c8e988e7ce,First Lien,,9.55%,,SOFR,5.25%,,,2029-12-29,18019,17794,17838,,17794,,,,,,PNNT,2025-08-11
One Stop Mailing LLC,co_666f58675343,First Lien,,10.69%,,SOFR,6.36%,,,2027-05-07,8297,8213,8297,,8213,,,,,,PNNT,2025-08-11
PCS Midco Inc.,co_dd7b955879f4,First Lien,,10.05%,,SOFR,5.75%,,,2030-03-01,5768,5700,5797,,5700,,,,,,PNNT,2025-08-11
PL Acquisitionco LLC,co_76d53d3f1d91,First Lien,,11.5%,,SOFR,7.25%,,,2027-11-09,8609,8541,5338,,8541,,,,,,PNNT,2025-08-11
Pacific Purchaser LLC,co_eeb61b9856aa,First Lien,,10.42%,,SOFR,6.25%,,,2028-10-02,12805,12624,12664,,12624,,,,,,PNNT,2025-08-11
PAR Excellence Holdings Inc.,co_6f59d33c01bd,First Lien,,9.32%,,SOFR,5%,,,2030-09-03,9950,9864,9851,,9864,,,,,,PNNT,2025-08-11
Project Granite Buyer Inc.,co_d1e4e90a6a2c,First Lien,,10.05%,,SOFR,5.75%,,,2030-12-31,5985,5932,6045,,5932,,,,,,PNNT,2025-08-11
RRA Corporate LLC,co_286da0a0f784,First Lien,,9.54%,,SOFR,5.25%,,,2029-08-15,3970,3939,3938,,3939,,,,,type_hint_corporate_from_name,PNNT,2025-08-11
RTIC Subsidiary Holdings LLC,co_7851f4467604,First Lien,,10.05%,,SOFR,5.75%,,,2029-05-03,24762,24412,24329,,24412,,,,,,PNNT,2025-08-11
Radius Aerospace Inc.,co_c2adc14192da,First Lien,Aerospace & Defense,10.51%,,SOFR,6.15%,,,2027-03-29,11811,11744,11515,,11744,,,,,,PNNT,2025-08-11
Rancho Health MSO Inc.,co_ce352faa6907,First Lien,,9.55%,,SOFR,5.25%,,,2029-06-20,22779,22705,22779,,22705,,,,,,PNNT,2025-08-11
Recteq LLC,co_c5c26f9005ac,First Lien,,11.45%,,SOFR,7.15%,,,2026-01-29,9575,9553,9527,,9553,,,,,,PNNT,2025-08-11
Riverpoint Medical LLC,co_e8b0874b5d69,First Lien,Healthcare,9.3%,,SOFR,5%,,,2027-06-21,3901,3900,3901,,3900,,,,,,PNNT,2025-08-11
Ro Health LLC,co_85d8be6f2c5b,First Lien,,9.3%,,SOFR,5%,,,2031-01-17,10000,9935,10000,,9935,,,,,,PNNT,2025-08-11
Rural Sourcing Holdings Inc.,co_193bef57c8af,First Lien,,10.04%,,SOFR,5.75%,,,2029-06-16,5435,5363,5299,,5363,,,,,,PNNT,2025-08-11
Sabel Systems Technology Solutions LLC,co_2426c19efb2a,First Lien,Software & Technology,10.55%,,SOFR,6.25%,,,2030-10-31,11940,11842,11940,,11842,,,,,,PNNT,2025-08-11
Sales Benchmark Index LLC,co_2f514572a82e,First Lien,,10.5%,,SOFR,6.2%,,,2026-07-07,6637,6613,6637,,6613,,,,,,PNNT,2025-08-11
Seacoast Service Partners LLC,co_93608201db78,First Lien,Business Services,9.3%,,SOFR,5%,,,2029-12-20,4975,4938,4801,,4938,,,,,,PNNT,2025-08-11
Seaway Buyer LLC,co_50f5e02b1d22,First Lien,,10.45%,,SOFR,6.15%,,,2029-06-13,14588,14423,13749,,14423,,,,,,PNNT,2025-08-11
Sigma Defense Systems LLC,co_916b06171872,First Lien,Aerospace & Defense,11.45%,,SOFR,7.15%,,,2027-12-20,24013,23836,24013,,23836,,,,,,PNNT,2025-08-11
SpendMend Holdings LLC,co_710b9ab58483,First Lien,,9.45%,,SOFR,5.15%,,,2028-03-01,9437,9272,9437,,9272,,,,,,PNNT,2025-08-11
STG Distribution,co_818c67249813,First Lien,Distribution & Wholesale,12.68%,,SOFR,8.35%,,,2029-10-03,1949,1854,1637,,1854,,,,,,PNNT,2025-08-11
SV- Aero Holdings LLC,co_88ebc5f0f8b7,First Lien,,9.55%,,SOFR,5.25%,,,2030-11-01,14813,14750,14813,,14750,,,,,,PNNT,2025-08-11
System Planning and Analysis Inc.,co_71f5dc9ec658,First Lien,,8.92%,,SOFR,4.75%,,,2027-08-16,16960,16847,16824,,16847,,,,,,PNNT,2025-08-11
TCG 3.0 Jogger Acquisitionco Inc.,co_ec1d60043362,First Lien,,10.8%,,SOFR,6.5%,,,2029-01-23,9875,9750,9875,,9750,,,,,,PNNT,2025-08-11
TPC US Parent LLC,co_3b907791477a,First Lien,,10.2%,,SOFR,5.9%,,,2025-11-24,11305,11286,11293,,11286,,,,,,PNNT,2025-08-11
Team Services Group LLC,co_4524cbd7d68d,First Lien,Business Services,9.53%,,SOFR,5.25%,,,2027-12-20,9612,9443,9552,,9443,,,,,,PNNT,2025-08-11
Teneo Holdings LLC,co_a61900ea7719,First Lien,,9.08%,,SOFR,4.75%,,,2031-03-13,2963,2934,2988,,2934,,,,,,PNNT,2025-08-11
The Bluebird Group LLC,co_7670d29af630,First Lien,,10.2%,,SOFR,5.9%,,,2026-07-27,17261,17206,17261,,17206,,,,,,PNNT,2025-08-11
The Vertex Companies LLC,co_ea5004681b41,First Lien,,9.31%,,SOFR,5%,,,2028-08-31,14517,14423,14488,,14423,,,,,,PNNT,2025-08-11
Transgo LLC,co_db8bd65b7b6f,First Lien,,10.08%,,SOFR,5.75%,,,2028-12-29,17051,16890,17137,,16890,,,,,,PNNT,2025-08-11
Tyto Athene LLC,co_50b51b48db1c,First Lien,,9.19%,,SOFR,4.9%,,,2028-04-01,11342,11270,11070,,11270,,,,,,PNNT,2025-08-11
Urology Management Holdings Inc.,co_3145e44ea79c,First Lien,Healthcare,9.8%,,SOFR,5.5%,,,2027-06-15,12412,12351,12362,,12351,,,,,,PNNT,2025-08-11
US Fertility Enterprises LLC,co_0dde00891297,First Lien,Healthcare,8.78%,,SOFR,4.5%,,,2031-10-07,4988,4943,5000,,4943,,,,,,PNNT,2025-08-11
VRS Buyer Inc.,co_27fa8d5b9fe4,First Lien,,9.08%,,SOFR,4.75%,,,2030-11-21,9000,8946,8955,,8946,,,,,,PNNT,2025-08-11
Watchtower Buyer LLC,co_f7da03e2adbf,First Lien,,10.3%,,SOFR,6%,,,2029-12-01,23173,22963,23149,,22963,,,,,,PNNT,2025-08-11
Wash & Wax Systems LLC,co_23eb44288883,First Lien,,9.5%,,SOFR,5.5%,,,2028-04-30,6433,6554,6562,,6554,,,,,,PNNT,2025-08-11
LAV Gear Holdings Inc.,co_97316ccde517,First Lien,,,,,,,,2025-10-31,4761,4690,3566,,4690,,,,,,PNNT,2025-08-11
LAV Gear Holdings Inc.,co_97316ccde517,First Lien,,10%,,,,,,2025-10-31,308,294,385,,294,,,,,,PNNT,2025-08-11
Magenta Buyer LLC,co_998c6c433e56,First Lien,,6.05%,,,,,,2028-07-31,2194,2194,508,,2194,,,,,,PNNT,2025-08-11
STG Distribution,co_818c67249813,First Lien,Distribution & Wholesale,5.43%,,,,,,2029-10-03,4514,2594,1354,,2594,,,,,,PNNT,2025-08-11
Wash & Wax Systems LLC,co_23eb44288883,First Lien,,12%,,,,,,2028-07-30,4290,4290,4290,,4290,,,,,,PNNT,2025-08-11
New Insight Holdings,co_9243eb997b02,Common Equity,Financial Services,,,,,,,,134330,2351,2347,,2351,,,,,cost_suspicious_vs_size|fair_value_suspicious_vs_size,PNNT,2025-08-11
48Forty Intermediate Holdings,co_e02baf7b4123,Common Equity,Media & Entertainment,,,,,,,,1988,0,0,,0,,,,,,PNNT,2025-08-11
Wash & Wax Systems LLC,co_23eb44288883,First Lien,Financial Services,,,,,,,,2803,5002,5141,,5002,,,,,,PNNT,2025-08-11
AKW Holdings Ltd.,co_2787c73ca657,Other,,,,,,,,,,,76871,,,,,,,,PNNT,2025-08-11
Flock Financial LLC,co_3398a3685380,Other,Financial Services,,,,,,,2027-10-19,,,52387,,,,,,,,PNNT,2025-08-11
JF Intermediate LLC,co_fbbbb0190855,Other,Media & Entertainment,,,,,,,,,,78459,,,,,,,,PNNT,2025-08-11
Pragmatic Institute LLC,co_da0137ee8213,Other,Business Services,,,,,,,,,,13019,,,,,,,,PNNT,2025-08-11
PennantPark Senior Loan Fund LLC,co_56192a6bde4a,Other,Financial Services,,,,,,,2027-07-31,,,213617,,,,,,,,PNNT,2025-08-11
Cascade Environmental Holdings LLC,co_7374a2550c04,Other,Environmental Services,,,,,,,,,,7463,,,,,,,,PNNT,2025-08-11
Walker Edison Furniture Company LLC,co_55d1269fe5b2,Other,Home and Office Furnishings,,,,,,,2029-03-01,,,21,,,,,,,,PNNT,2025-08-11
Adweek Purchaser LLC,co_c7da9744fdf5,First Lien,,11%,,SOFR,7%,,2024-05-31,2027-05-30,2100,2074,2100,,2074,,,,,,PNNT,2025-11-24
Adweek Purchaser LLC,co_c7da9744fdf5,First Lien,,,,,,,2024-05-31,2025-11-30,300,0,5,,0,,,,,,PNNT,2025-11-24
Aechelon Technology Inc.,co_2cd06b60c8c3,First Lien,Software & Technology,9.91%,,SOFR,5.75%,,2024-08-16,2029-08-16,11640,11537,11640,,11537,,,,,,PNNT,2025-11-24
Aechelon Technology Inc.,co_2cd06b60c8c3,First Lien,Software & Technology,10.66%,,SOFR,6.5%,,2024-08-16,2029-08-16,961,961,961,,961,,,,,,PNNT,2025-11-24
Aechelon Technology Inc.,co_2cd06b60c8c3,First Lien,Software & Technology,,,,,,2024-08-16,2029-08-16,1763,0,0,,0,,,,,,PNNT,2025-11-24
AFC Dell Holding Corp.,co_9e5f4376beaa,First Lien,,9.7%,,SOFR,5.5%,,2023-12-12,2027-04-09,67,67,67,,67,,,,,,PNNT,2025-11-24
AFC Dell Holding Corp.,co_9e5f4376beaa,First Lien,,,,,,,2023-12-12,2027-04-09,4428,0,-22,,0,,,,,,PNNT,2025-11-24
AFC Dell Holding Corp.,co_9e5f4376beaa,First Lien,Telecommunications,,,,,,2024-03-28,2028-05-06,8840,7707,265,,7707,,,,,fair_value_suspicious_vs_size,PNNT,2025-11-24
AFC Dell Holding Corp.,co_9e5f4376beaa,First Lien,Telecommunications,,,,,,2024-03-28,2028-05-06,4760,794,95,,794,,,,,fair_value_suspicious_vs_size,PNNT,2025-11-24
Arcfield Acquisition Corp.,co_50bc69c38d09,First Lien,,,,,,,2024-10-28,2031-10-28,1688,0,-8,,0,,,,,,PNNT,2025-11-24
Azureon LLC,co_da416303be3c,First Lien,,9.75%,,SOFR,5.75%,,2024-06-26,2029-06-26,464,464,450,,464,,,,,,PNNT,2025-11-24
Azureon LLC,co_da416303be3c,First Lien,,,,,,,2024-06-26,2029-06-26,696,0,-20,,0,,,,,,PNNT,2025-11-24
Best Practice Associates LLC,co_ee536d35454d,First Lien,,,,,,,2024-11-07,2029-11-08,1929,0,-14,,0,,,,,,PNNT,2025-11-24
Big Top Holdings LLC,co_bb22afbdfb87,First Lien,,,,,,,2024-02-29,2030-02-28,1155,0,0,,0,,,,,,PNNT,2025-11-24
Blackhawk Industrial Distribution Inc.,co_8604af3bb831,First Lien,Distribution & Wholesale,9.4%,,SOFR,5.4%,,2022-06-27,2026-09-17,1267,1263,1245,,1263,,,,,,PNNT,2025-11-24
Blackhawk Industrial Distribution Inc.,co_8604af3bb831,First Lien,Distribution & Wholesale,9.4%,,SOFR,5.4%,,2022-06-27,2026-09-17,2186,2186,2147,,2186,,,,,,PNNT,2025-11-24
Blackhawk Industrial Distribution Inc.,co_8604af3bb831,First Lien,Distribution & Wholesale,,,,,,2022-06-27,2026-09-17,2671,0,-47,,0,,,,,,PNNT,2025-11-24
Providers & Services,co_673b4ac079e1,First Lien,Healthcare,,,,,,2025-08-12,2027-07-30,2759,0,0,,0,,,,,,PNNT,2025-11-24
Boss Industries LLC,co_066909ddb318,First Lien,,,,,,,2024-12-27,2030-12-27,1306,0,0,,0,,,,,,PNNT,2025-11-24
Cartessa Aesthetics LLC,co_5b795483c871,First Lien,,10.3%,,SOFR,6%,,2022-06-01,2028-06-14,23494,23242,23494,,23242,,,,,,PNNT,2025-11-24
Cartessa Aesthetics LLC,co_5b795483c871,First Lien,,10.3%,,SOFR,6%,,2022-06-01,2028-06-14,1265,1265,1265,,1265,,,,,,PNNT,2025-11-24
Cartessa Aesthetics LLC,co_5b795483c871,First Lien,,,,,,,2022-06-01,2028-06-14,2297,0,0,,0,,,,,,PNNT,2025-11-24
Cornerstone Advisors of Arizona LLC,co_626efa52add3,First Lien,,8.75%,,SOFR,4.75%,,2025-05-13,2032-05-13,6000,5970,5970,,5970,,,,,,PNNT,2025-11-24
Cornerstone Advisors of Arizona LLC,co_626efa52add3,First Lien,,,,,,,2025-05-13,2032-05-13,797,0,-4,,0,,,,,,PNNT,2025-11-24
Cornerstone Advisors of Arizona LLC,co_626efa52add3,First Lien,Business Services,,,,,,2024-09-23,2026-09-23,6630,0,50,,0,,,,,fair_value_suspicious_vs_size,PNNT,2025-11-24
Cornerstone Advisors of Arizona LLC,co_626efa52add3,First Lien,Business Services,,,,,,2024-09-23,2030-09-23,2486,0,0,,0,,,,,,PNNT,2025-11-24
Crane 1 Services Inc.,co_e2d25c70c2a1,First Lien,Business Services,,,,,,2024-06-10,2027-08-16,435,0,-3,,0,,,,,,PNNT,2025-11-24
DRS Holdings III Inc.,co_5f36274df8c4,First Lien,,9.57%,,SOFR,5.25%,,2019-11-01,2025-11-03,2,2,2,,2,,,,,,PNNT,2025-11-24
DRS Holdings III Inc.,co_5f36274df8c4,First Lien,,,,,,,2019-11-01,2025-11-03,608,0,0,,0,,,,,,PNNT,2025-11-24
Duggal Acquisition LLC,co_84f2daabb1d5,First Lien,,,,,,,2024-09-30,2026-09-30,2042,0,20,,0,,,,,fair_value_suspicious_vs_size,PNNT,2025-11-24
Duggal Acquisition LLC,co_84f2daabb1d5,First Lien,,,,,,,2024-09-30,2030-09-30,2561,0,0,,0,,,,,,PNNT,2025-11-24
EDS Buyer LLC,co_10f64234f044,First Lien,,,,,,,2022-12-19,2029-01-10,1915,0,5,,0,,,,,fair_value_suspicious_vs_size,PNNT,2025-11-24
te II LLC,co_b9a2f71934dc,First Lien,Media & Entertainment,9.16%,,SOFR,5%,,2023-05-24,2029-05-29,552,549,552,,549,,,,,,PNNT,2025-11-24
te II LLC,co_b9a2f71934dc,First Lien,Media & Entertainment,9.17%,,SOFR,5%,,2023-05-24,2029-05-25,166,166,166,,166,,,,,,PNNT,2025-11-24
te II LLC,co_b9a2f71934dc,First Lien,Media & Entertainment,,,,,,2023-05-24,2029-05-25,2264,0,0,,0,,,,,,PNNT,2025-11-24
te LLC,co_52817403f47a,First Lien,Media & Entertainment,10.58%,,SOFR,6.25%,,2022-07-14,2031-04-10,9975,9926,9736,,9926,,,,,,PNNT,2025-11-24
te LLC,co_52817403f47a,First Lien,Media & Entertainment,,,,,,2022-07-14,2031-04-10,609,0,-15,,0,,,,,,PNNT,2025-11-24
Gauge ETE Blocker LLC,co_131e2394be68,First Lien,,,12.56%,,,,2023-05-24,2029-05-21,285,285,285,,285,,,,,,PNNT,2025-11-24
GGG MIDCO LLC,co_7807603ac0e6,First Lien,,9.22%,,SOFR,5%,,2024-09-27,2030-09-27,8112,8035,8112,,8035,,,,,,PNNT,2025-11-24
GGG MIDCO LLC,co_7807603ac0e6,First Lien,,,,,,,2024-09-27,2026-09-27,2154,0,22,,0,,,,,fair_value_suspicious_vs_size,PNNT,2025-11-24
GGG MIDCO LLC,co_7807603ac0e6,First Lien,,,,,,,2024-09-27,2030-09-27,581,0,0,,0,,,,,,PNNT,2025-11-24
Graffiti Buyer Inc.,co_0e9dedaa52c9,First Lien,,9.66%,,SOFR,5.6%,,2022-10-25,2027-08-10,245,244,240,,244,,,,,,PNNT,2025-11-24
Graffiti Buyer Inc.,co_0e9dedaa52c9,First Lien,,,,,,,2022-10-25,2027-08-10,831,0,-10,,0,,,,,,PNNT,2025-11-24
Graffiti Buyer Inc.,co_0e9dedaa52c9,First Lien,,9.85%,,SOFR,5.6%,,2022-10-25,2027-08-10,32,32,31,,32,,,,,,PNNT,2025-11-24
Graffiti Buyer Inc.,co_0e9dedaa52c9,First Lien,,,,,,,2022-10-25,2027-08-10,737,0,-15,,0,,,,,,PNNT,2025-11-24
Halo Buyer Inc.,co_4d288827c1ed,First Lien,,10.16%,,SOFR,6%,,2018-07-18,2029-08-07,16915,16760,16915,,16760,,,,,,PNNT,2025-11-24
Halo Buyer Inc.,co_4d288827c1ed,First Lien,,10.16%,,SOFR,6%,,2018-07-18,2029-08-07,517,517,517,,517,,,,,,PNNT,2025-11-24
Halo Buyer Inc.,co_4d288827c1ed,First Lien,,,,,,,2018-07-18,2029-08-07,2181,0,0,,0,,,,,,PNNT,2025-11-24
Hills Distribution Inc.,co_572275c0244d,First Lien,Distribution & Wholesale,10.32%,,SOFR,6%,,2023-11-02,2029-11-08,7786,7721,7786,,7721,,,,,,PNNT,2025-11-24
Hills Distribution Inc.,co_572275c0244d,First Lien,Distribution & Wholesale,,,,,,2023-11-02,2025-11-07,1280,0,13,,0,,,,,fair_value_suspicious_vs_size,PNNT,2025-11-24
Infinity Home Services Holdco Inc.,co_607a972ec616,First Lien,Business Services,10%,,SOFR,6%,,2022-12-21,2028-12-28,8974,8885,8974,,8885,,,,,,PNNT,2025-11-24
Infinity Home Services Holdco Inc.,co_607a972ec616,First Lien,Business Services,10%,,SOFR,6%,,2022-12-21,2028-12-28,2612,1887,1877,,1887,,,,,,PNNT,2025-11-24
Infinity Home Services Holdco Inc.,co_607a972ec616,First Lien,Business Services,,,,,,2022-12-21,2026-10-30,9091,0,0,,0,,,,,,PNNT,2025-11-24
Infinity Home Services Holdco Inc.,co_607a972ec616,First Lien,Business Services,12.25%,,SOFR,5%,,2022-12-21,2028-12-28,161,161,161,,161,,,,,,PNNT,2025-11-24
Infinity Home Services Holdco Inc.,co_607a972ec616,First Lien,Business Services,,,,,,2022-12-21,2028-12-28,1130,0,0,,0,,,,,,PNNT,2025-11-24
Infinity Home Services Holdco Inc.,co_607a972ec616,First Lien,Business Services,,,,,,2024-12-17,2026-12-17,1900,0,0,,0,,,,,,PNNT,2025-11-24
Infinity Home Services Holdco Inc.,co_607a972ec616,First Lien,Business Services,,,,,,2024-12-17,2030-12-17,2375,0,0,,0,,,,,,PNNT,2025-11-24
Inventus Power Inc.,co_5ea70dbaca4c,First Lien,,11.76%,,SOFR,7.61%,,2021-03-24,2026-01-15,403,403,403,,403,,,,,,PNNT,2025-11-24
Inventus Power Inc.,co_5ea70dbaca4c,First Lien,,,,,,,2021-03-24,2026-01-15,1325,0,0,,0,,,,,,PNNT,2025-11-24
Kinetic Purchaser LLC,co_dcf36a882d65,First Lien,,10.19%,,SOFR,6.15%,,2022-07-08,2027-11-10,3099,3044,2634,,3044,,,,,,PNNT,2025-11-24
Kinetic Purchaser LLC,co_dcf36a882d65,First Lien,,10.15%,,SOFR,6.15%,,2022-07-08,2026-11-10,3070,3070,2609,,3070,,,,,,PNNT,2025-11-24
Kinetic Purchaser LLC,co_dcf36a882d65,First Lien,,,,,,,2022-07-08,2026-11-10,1784,0,-268,,0,,,,,,PNNT,2025-11-24
Lash OpCo LLC,co_90f3961a5b09,First Lien,,12.14%,5.1%,SOFR,7.85%,,2021-08-16,2027-02-18,3055,3038,2979,,3038,,,,,,PNNT,2025-11-24
Lash OpCo LLC,co_90f3961a5b09,First Lien,,12.14%,5.1%,SOFR,7.85%,,2021-08-16,2026-08-16,918,918,895,,918,,,,,,PNNT,2025-11-24
Lash OpCo LLC,co_90f3961a5b09,First Lien,,,,,,,2021-08-16,2026-08-16,2223,0,-56,,0,,,,,,PNNT,2025-11-24
Ledge Lounger Inc.,co_357781e35d40,First Lien,,11.65%,1%,SOFR,7.65%,,2021-11-04,2026-11-09,8998,8949,7018,,8949,,,,,,PNNT,2025-11-24
Ledge Lounger Inc.,co_357781e35d40,First Lien,,11.65%,1%,SOFR,7.65%,,2021-11-04,2026-11-09,1621,1621,1264,,1621,,,,,,PNNT,2025-11-24
te II Inc.,co_b9a2f71934dc,First Lien,Media & Entertainment,9%,,SOFR,5%,,2023-05-25,2028-05-31,7054,6982,7054,,6982,,,,,,PNNT,2025-11-24
te II Inc.,co_b9a2f71934dc,First Lien,Media & Entertainment,9%,,SOFR,5%,,2023-05-25,2028-05-31,664,664,664,,664,,,,,,PNNT,2025-11-24
te II Inc.,co_b9a2f71934dc,First Lien,Media & Entertainment,,,,,,2023-05-25,2028-05-31,332,0,0,,0,,,,,,PNNT,2025-11-24
te II Inc.,co_b9a2f71934dc,First Lien,Media & Entertainment,,,,,,2023-05-25,2026-07-12,2018,0,20,,0,,,,,fair_value_suspicious_vs_size,PNNT,2025-11-24
Megawatt Acquisitionco Inc.,co_13ef788dfd42,First Lien,,9.67%,,SOFR,5.5%,,2024-03-01,2030-03-01,232,232,221,,232,,,,,,PNNT,2025-11-24
Megawatt Acquisitionco Inc.,co_13ef788dfd42,First Lien,,,,,,,2024-03-01,2030-03-01,1625,0,-78,,0,,,,,,PNNT,2025-11-24
Municipal Emergency Services Inc.,co_80bfaf155c6d,First Lien,Business Services,9.17%,,SOFR,5.15%,,2021-09-23,2027-10-01,1031,1024,1031,,1024,,,,,,PNNT,2025-11-24
Municipal Emergency Services Inc.,co_80bfaf155c6d,First Lien,Business Services,,,,,,2021-09-23,2026-01-15,568,0,3,,0,,,,,,PNNT,2025-11-24
Municipal Emergency Services Inc.,co_80bfaf155c6d,First Lien,Business Services,,,,,,2021-09-23,2027-10-01,1880,0,0,,0,,,,,,PNNT,2025-11-24
North American Rail Solutions LLC,co_5b7cb77c50f6,First Lien,,8.75%,,SOFR,4.75%,,2025-08-29,2031-08-29,29416,29269,29269,,29269,,,,,,PNNT,2025-11-24
North American Rail Solutions LLC,co_5b7cb77c50f6,First Lien,,,,,,,2025-08-29,2027-08-29,2263,0,0,,0,,,,,,PNNT,2025-11-24
North American Rail Solutions LLC,co_5b7cb77c50f6,First Lien,,8.75%,,SOFR,4.75%,,2025-08-29,2031-08-29,784,784,784,,784,,,,,,PNNT,2025-11-24
North American Rail Solutions LLC,co_5b7cb77c50f6,First Lien,,,,,,,2025-08-29,2031-08-29,2383,0,0,,0,,,,,,PNNT,2025-11-24
Omnia Exterior Solutions LLC,co_45c8e988e7ce,First Lien,,9.25%,,SOFR,5.25%,,2023-12-29,2029-12-31,1787,1771,1751,,1771,,,,,,PNNT,2025-11-24
Omnia Exterior Solutions LLC,co_45c8e988e7ce,First Lien,,,,,,,2023-12-29,2026-09-30,3807,0,-43,,0,,,,,,PNNT,2025-11-24
Omnia Exterior Solutions LLC,co_45c8e988e7ce,First Lien,,9.25%,,SOFR,5.25%,,2023-12-29,2029-12-31,1260,1260,1235,,1260,,,,,,PNNT,2025-11-24
Omnia Exterior Solutions LLC,co_45c8e988e7ce,First Lien,,,,,,,2023-12-29,2029-12-31,840,0,-17,,0,,,,,,PNNT,2025-11-24
OSP Embedded Purchaser LLC,co_3e138bcccd7f,First Lien,,9.81%,,SOFR,5.75%,,2023-12-11,2029-12-17,6386,6298,6297,,6298,,,,,,PNNT,2025-11-24
OSP Embedded Purchaser LLC,co_3e138bcccd7f,First Lien,,,,,,,2023-12-11,2029-12-17,1477,0,-21,,0,,,,,,PNNT,2025-11-24
OSP Embedded Purchaser LLC,co_3e138bcccd7f,First Lien,Business Services,,,,,,2023-10-02,2028-10-02,1373,0,-5,,0,,,,,,PNNT,2025-11-24
PlayPower Inc.,co_d89d4111bece,First Lien,,9.25%,,SOFR,5.25%,,2024-08-28,2030-08-28,11880,11804,11880,,11804,,,,,,PNNT,2025-11-24
PlayPower Inc.,co_d89d4111bece,First Lien,,,,,,,2024-08-28,2030-08-28,2570,0,0,,0,,,,,,PNNT,2025-11-24
Podean Buyer Inc.,co_66e2db4771aa,First Lien,,10%,,SOFR,6%,,2025-08-04,2031-08-04,4030,3990,3990,,3990,,,,,,PNNT,2025-11-24
Podean Buyer Inc.,co_66e2db4771aa,First Lien,,,,,,,2025-08-04,2031-08-04,796,0,-8,,0,,,,,,PNNT,2025-11-24
PL Acquisitionco LLC,co_76d53d3f1d91,First Lien,,4.27%,,,,,2021-11-05,2027-11-09,863,863,345,,863,,,,,,PNNT,2025-11-24
PL Acquisitionco LLC,co_76d53d3f1d91,First Lien,,,,,,,2021-11-05,2027-11-09,755,0,-453,,0,,,,,,PNNT,2025-11-24
PL Acquisitionco LLC,co_76d53d3f1d91,First Lien,Business Services,,,,,,2024-12-31,2026-12-31,554,0,11,,0,,,,,,PNNT,2025-11-24
PL Acquisitionco LLC,co_76d53d3f1d91,First Lien,Business Services,,,,,,2024-12-31,2030-12-31,923,0,9,,0,,,,,,PNNT,2025-11-24
Radius Aerospace Inc.,co_c2adc14192da,First Lien,Aerospace & Defense,10.29%,,SOFR,6%,,2022-11-14,2027-03-29,410,410,400,,410,,,,,,PNNT,2025-11-24
Radius Aerospace Inc.,co_c2adc14192da,First Lien,Aerospace & Defense,,,,,,2022-11-14,2027-03-29,1819,0,-41,,0,,,,,,PNNT,2025-11-24
Recteq LLC,co_c5c26f9005ac,First Lien,,10.46%,,SOFR,6.25%,,2021-01-27,2026-01-29,313,313,312,,313,,,,,,PNNT,2025-11-24
Recteq LLC,co_c5c26f9005ac,First Lien,,,,,,,2021-01-27,2026-01-29,814,0,-2,,0,,,,,,PNNT,2025-11-24
Providers & Services,co_673b4ac079e1,First Lien,Healthcare,,,,,,2025-01-16,2031-01-17,2935,0,0,,0,,,,,,PNNT,2025-11-24
Route 66 Development Acquisition,co_854d1a357b98,First Lien,,13.16%,,SOFR,9%,,2025-01-28,2031-01-24,18000,17655,17910,,17655,,,,,,PNNT,2025-11-24
RTIC Subsidiary Holdings LLC,co_7851f4467604,First Lien,,9.75%,,SOFR,5.75%,,2024-05-03,2029-05-03,1898,1898,1879,,1898,,,,,,PNNT,2025-11-24
RTIC Subsidiary Holdings LLC,co_7851f4467604,First Lien,,,,,,,2024-05-03,2029-05-03,3524,0,-35,,0,,,,,,PNNT,2025-11-24
Sabel Systems Technology Solutions LLC,co_2426c19efb2a,First Lien,Software & Technology,12.75%,,SOFR,5.25%,,2024-10-31,2030-10-31,66,66,66,,66,,,,,,PNNT,2025-11-24
Sabel Systems Technology Solutions LLC,co_2426c19efb2a,First Lien,Software & Technology,,,,,,2024-10-31,2030-10-31,1261,0,0,,0,,,,,,PNNT,2025-11-24
Safe Haven Defense US LLC,co_b159963796ce,First Lien,Aerospace & Defense,9.5%,,SOFR,5.25%,,2024-05-23,2029-05-23,3919,3871,3899,,3871,,,,,,PNNT,2025-11-24
Safe Haven Defense US LLC,co_b159963796ce,First Lien,Aerospace & Defense,,,,,,2024-05-23,2029-05-23,1114,0,-6,,0,,,,,,PNNT,2025-11-24
Sath Industries LLC,co_1fa84b000f01,First Lien,,9.54%,,SOFR,5.5%,,2024-12-17,2029-12-17,11389,11287,11389,,11287,,,,,,PNNT,2025-11-24
Sath Industries LLC,co_1fa84b000f01,First Lien,,,,,,,2024-12-17,2029-12-17,1300,0,0,,0,,,,,,PNNT,2025-11-24
Seacoast Service Partners NA LLC,co_93608201db78,First Lien,Business Services,9.01%,,SOFR,5%,,2024-12-20,2029-12-20,1801,1786,1727,,1786,,,,,,PNNT,2025-11-24
Seacoast Service Partners NA LLC,co_93608201db78,First Lien,Business Services,,,,,,2024-12-20,2026-12-21,3608,0,-116,,0,,,,,,PNNT,2025-11-24
Seacoast Service Partners NA LLC,co_93608201db78,First Lien,Business Services,9%,,SOFR,5%,,2024-12-20,2029-12-20,569,569,546,,569,,,,,,PNNT,2025-11-24
Seacoast Service Partners NA LLC,co_93608201db78,First Lien,Business Services,,,,,,2024-12-20,2029-12-20,786,0,-32,,0,,,,,,PNNT,2025-11-24
SV-Aero Holdings LLC,co_7212280fda68,First Lien,,,,,,,2024-10-31,2026-11-02,3562,0,18,,0,,,,,fair_value_suspicious_vs_size,PNNT,2025-11-24
System Planning and Analysis Inc.,co_71f5dc9ec658,First Lien,,9.05%,,SOFR,4.75%,,2021-10-12,2027-08-16,9468,9415,9392,,9415,,,,,,PNNT,2025-11-24
System Planning and Analysis Inc.,co_71f5dc9ec658,First Lien,,,,,,,2021-10-12,2027-06-12,589,0,-2,,0,,,,,,PNNT,2025-11-24
System Planning and Analysis Inc.,co_71f5dc9ec658,First Lien,,9.06%,,SOFR,4.75%,,2021-10-12,2027-08-16,437,437,433,,437,,,,,,PNNT,2025-11-24
System Planning and Analysis Inc.,co_71f5dc9ec658,First Lien,,,,,,,2021-10-12,2027-08-16,4279,0,-34,,0,,,,,,PNNT,2025-11-24
TMII Enterprises LLC,co_2f68cb815689,First Lien,,,,,,,2022-12-19,2028-12-22,2532,0,0,,0,,,,,,PNNT,2025-11-24
TMII Enterprises LLC,co_2f68cb815689,First Lien,Industrials,,,,,,2023-12-29,2028-12-29,2775,0,21,,0,,,,,fair_value_suspicious_vs_size,PNNT,2025-11-24
Walker Edison Furniture Company LLC,co_55d1269fe5b2,First Lien,,10%,,,,,2023-03-01,2029-03-01,297,297,303,,297,,,,,,PNNT,2025-11-24
Walker Edison Furniture Company LLC,co_55d1269fe5b2,First Lien,,,,,,,2023-03-01,2029-03-01,786,0,27,,0,,,,,,PNNT,2025-11-24
Wash & Wax Systems LLC,co_23eb44288883,First Lien,,,9.78%,SOFR,5.5%,,2021-10-20,2028-04-30,1206,1227,1231,,1227,,,,,,PNNT,2025-11-24
Wash & Wax Systems LLC,co_23eb44288883,First Lien,,,9.78%,SOFR,5.5%,,2021-10-20,2028-04-30,13,13,13,,13,,,,,,PNNT,2025-11-24
Wash & Wax Systems LLC,co_23eb44288883,First Lien,,,,,,,2021-10-20,2028-04-30,617,0,0,,0,,,,,,PNNT,2025-11-24
Watchtower Buyer LLC. - Unfunded Revolver Acquisition,co_6c3214550a7c,First Lien,,,,,,,2023-11-29,2029-12-03,6300,0,-63,,0,,,,,type_hint_revolver_from_name,PNNT,2025-11-24
OSP Embedded Aggregator LP,co_f08e68d34ee5,First Lien,,12%,,,,,2024-11-06,2030-05-08,24,237,276,,237,,,,,type_hint_corporate_from_name,PNNT,2025-11-24
Wash & Wax Systems LLC,co_23eb44288883,First Lien,,,12%,,,,2021-10-20,2028-07-30,811,812,811,,812,,,,,type_hint_corporate_from_name,PNNT,2025-11-24
Wash & Wax Systems LLC,co_23eb44288883,Other Equity,Financial Services,,,,,,2024-08-09,,,356,356,,356,,,,356200,type_hint_corporate_from_name,PNNT,2025-11-24
Wash & Wax Systems LLC,co_23eb44288883,Other Equity,Media & Entertainment,,,,,,2021-05-04,,,240,215,,240,,,,2400,type_hint_corporate_from_name,PNNT,2025-11-24
AFC Acquisitions Inc.,co_6a4f51c80509,Other Equity,,,,,,,2023-12-07,,,749,819,,749,,,,490,type_hint_pref_equity_from_name,PNNT,2025-11-24
AFC Acquisitions Inc.,co_6a4f51c80509,Other Equity,,,,,,,2023-12-07,,,18,19,,18,,,,11,type_hint_pref_equity_from_name,PNNT,2025-11-24
AFC Acquisitions Inc.,co_6a4f51c80509,Other Equity,,,,,,,2023-12-07,,,12,13,,12,,,,6,type_hint_pref_equity_from_name,PNNT,2025-11-24
AFC Acquisitions Inc.,co_6a4f51c80509,Other Equity,,,,,,,2023-12-07,,,12,11,,12,,,,6,type_hint_pref_equity_from_name,PNNT,2025-11-24
AFC Acquisitions Inc.,co_6a4f51c80509,Other Equity,,,,,,,2023-12-07,,,20,20,,20,,,,10,type_hint_pref_equity_from_name,PNNT,2025-11-24
Cartessa Aesthetics LLC,co_5b795483c871,Other Equity,,,,,,,2022-06-01,,,3563,8088,,3563,,,,3562500,type_hint_pref_equity_from_name,PNNT,2025-11-24
Cartessa Aesthetics LLC,co_5b795483c871,Other Equity,Media & Entertainment,,,,,,2021-07-08,,,8,8,,8,,,,7967,type_hint_pref_equity_from_name,PNNT,2025-11-24
Cartessa Aesthetics LLC,co_5b795483c871,Other Equity,Business Services,,,,,,2023-10-02,,,743,603,,743,,,,782891,type_hint_pref_equity_from_name,PNNT,2025-11-24
Cartessa Aesthetics LLC,co_5b795483c871,Other Equity,Business Services,,,,,,2024-07-31,,,104,108,,104,,,,104000,type_hint_pref_equity_from_name,PNNT,2025-11-24
Cartessa Aesthetics LLC,co_5b795483c871,Other Equity,Business Services,,,,,,2023-05-24,,,1,0,,1,,,,1,type_hint_pref_equity_from_name,PNNT,2025-11-24
Magnolia Topco LP,co_4c3447b0d6cf,Other Equity,,,,,,,2023-07-25,,,1545,1424,,1545,,,,1545,type_hint_pref_equity_from_name,PNNT,2025-11-24
Magnolia Topco LP,co_4c3447b0d6cf,Other Equity,,,,,,,2023-07-25,,,530,1060,,530,,,,530,type_hint_pref_equity_from_name,PNNT,2025-11-24
Magnolia Topco LP,co_4c3447b0d6cf,Other Equity,,,,,,,2023-07-25,,,643,0,,643,,,,1018,type_hint_pref_equity_from_name,PNNT,2025-11-24
Megawatt Acquisition Partners LLC,co_75a48dcc706f,Other Equity,,,,,,,2024-06-28,,,535,417,,535,,,,5349,type_hint_pref_equity_from_name,PNNT,2025-11-24
NXOF Holdings Inc.,co_493f5532d65d,Other Equity,,,,,,,2019-02-26,,,422,441,,422,,,,422,type_hint_pref_equity_from_name,PNNT,2025-11-24
NXOF Holdings Inc.,co_493f5532d65d,Other Equity,Business Services,,,,,,2021-09-01,,,57,0,,57,,,,575,type_hint_pref_equity_from_name,PNNT,2025-11-24
PL Acquisitionco LLC,co_76d53d3f1d91,Other Equity,,,,,,,2023-05-31,,,73,0,,73,,,,73,type_hint_pref_equity_from_name,PNNT,2025-11-24
RTIC Parent Holdings LLC,co_066700dbc651,Other Equity,,,,,,,2024-05-03,,,5,0,,5,,,,5,type_hint_pref_equity_from_name,PNNT,2025-11-24
RTIC Parent Holdings LLC,co_066700dbc651,Other Equity,,,,,,,2024-05-03,,,700,1290,,700,,,,10624,type_hint_pref_equity_from_name,PNNT,2025-11-24
RTIC Parent Holdings LLC,co_066700dbc651,Other Equity,,,,,,,2024-05-03,,,113,152,,113,,,,11276,type_hint_pref_equity_from_name,PNNT,2025-11-24
SP L2 Holdings LLC,co_f539becd7bc9,Other Equity,,,,,,,2021-11-04,,,81,0,,81,,,,331229,type_hint_pref_equity_from_name,PNNT,2025-11-24
SP L2 Holdings LLC,co_f539becd7bc9,Other Equity,,,,,,,2021-11-04,,,0,-46,,0,,,,189274,type_hint_pref_equity_from_name,PNNT,2025-11-24
TPC Holding Company LP,co_15609bc69d06,Other Equity,,,,,,,2019-12-04,,,219,236,,219,,,,219,type_hint_pref_equity_from_name,PNNT,2025-11-24
TPC Holding Company LP,co_15609bc69d06,Other Equity,Business Services,,,,,,2021-08-25,,,33,47,,33,,,,33,type_hint_pref_equity_from_name,PNNT,2025-11-24
A1 Garage Equity LLC,co_a6d3a541ef1d,Other Equity,,,,,,,2022-12-19,,,2193,3893,,2193,,,,2193038,,PNNT,2025-11-24
ACP Big Top Holdings LP,co_d6e877a46ac5,Other Equity,,,,,,,2024-02-29,,,744,1134,,744,,,,773800,,PNNT,2025-11-24
ACP Big Top Holdings LP,co_d6e877a46ac5,Other Equity,Media & Entertainment,,,,,,2021-05-04,,,27,0,,27,,,,2667,,PNNT,2025-11-24
Aechelon InvestCo LP,co_3037929e907c,Other Equity,,,,,,,2024-08-16,,,1068,4064,,1068,,,,10684,,PNNT,2025-11-24
Aechelon InvestCo LP,co_3037929e907c,Other Equity,,,,,,,2024-08-16,,,0,0,,0,,,,11940,,PNNT,2025-11-24
Aechelon InvestCo LP,co_3037929e907c,Other Equity,Industrials,,,,,,2023-12-29,,,1645,3062,,1645,,,,1645,,PNNT,2025-11-24
Aechelon InvestCo LP,co_3037929e907c,Other Equity,Business Services,,,,,,2018-11-05,,,805,75,,805,,,,8052,,PNNT,2025-11-24
Aechelon InvestCo LP,co_3037929e907c,Other Equity,Business Services,,,,,,2018-11-05,,,0,-177,,0,,,,1948,,PNNT,2025-11-24
te Company II Inc.,co_ba90502123b4,Other Equity,Media & Entertainment,,,,,,2019-07-23,,,125,116,,125,,,,125000,,PNNT,2025-11-24
AMCSI Crash Co-Invest LP,co_49d0d6967080,Other Equity,,,,,,,2022-07-28,,,2490,3794,,2490,,,,24898,,PNNT,2025-11-24
AMCSI Crash Co-Invest LP,co_49d0d6967080,Other Equity,,,,,,,2022-07-28,,,0,0,,0,,,,5102,,PNNT,2025-11-24
AMCSI Crash Co-Invest LP,co_49d0d6967080,Other Equity,Media & Entertainment,,,,,,2019-05-21,,,0,0,,0,,,,1135,,PNNT,2025-11-24
Azureon LLC,co_da416303be3c,Other Equity,,,,,,,2024-06-26,,,508,432,,508,,,,508238,,PNNT,2025-11-24
Burgess Point Holdings LP,co_2d786d83812e,Other Equity,,,,,,,2022-07-21,,,777,825,,777,,,,764,,PNNT,2025-11-24
Burgess Point Holdings LP,co_2d786d83812e,Other Equity,Education,,,,,,2024-02-07,,,1603,1260,,1603,,,,1680300,,PNNT,2025-11-24
Cowboy Parent LLC,co_84fb583f863b,Other Equity,,,,,,,2018-09-12,,,3015,3157,,3015,,,,27778,,PNNT,2025-11-24
Crane 1 Acquisition Parent Holdings LP,co_91a386c35d92,Other Equity,,,,,,,2021-08-11,,,104,220,,104,,,,113,,PNNT,2025-11-24
Crane 1 Acquisition Parent Holdings LP,co_91a386c35d92,Other Equity,Business Services,,,,,,2024-07-31,,,754,694,,754,,,,754200,,PNNT,2025-11-24
Crane 1 Acquisition Parent Holdings LP,co_91a386c35d92,Other Equity,Telecommunications,,,,,,2020-12-16,,,866,1768,,866,,,,913649,,PNNT,2025-11-24
Crane 1 Acquisition Parent Holdings LP,co_91a386c35d92,Other Equity,Telecommunications,,,,,,2020-12-16,,,0,0,,0,,,,227395,,PNNT,2025-11-24
Duggal Acquisition LLC,co_84f2daabb1d5,Other Equity,,,,,,,2024-09-30,,,314,287,,314,,,,314,,PNNT,2025-11-24
EDS Topco LP,co_c2f9d42cea99,Other Equity,,,,,,,2022-12-19,,,938,1935,,938,,,,937500,,PNNT,2025-11-24
Events Buyer LLC,co_512dd4c20f1a,Other Equity,,,,,,,2024-12-17,,,536,684,,536,,,,536267,,PNNT,2025-11-24
Events Buyer LLC,co_512dd4c20f1a,Other Equity,Business Services,,,,,,2022-03-10,,,1458,1547,,1458,,,,1458333,,PNNT,2025-11-24
FedHC InvestCo LP,co_6540cb875202,Other Equity,,,,,,,2021-08-26,,,545,2023,,545,,,,15255,,PNNT,2025-11-24
FedHC InvestCo LP,co_6540cb875202,Other Equity,,,,,,,2021-08-26,,,0,0,,0,,,,2563,,PNNT,2025-11-24
FedHC InvestCo II LP,co_6540cb875202,Other Equity,,,,,,,2021-12-23,,,2303,3002,,2303,,,,21817,,PNNT,2025-11-24
Gauge ETE Blocker LLC,co_131e2394be68,Other Equity,,,,,,,2023-05-24,,,374,288,,374,,,,374444,,PNNT,2025-11-24
Gauge Lash Coinvest LLC,co_7de9f89a03cb,Other Equity,,,,,,,2019-12-04,,,951,2430,,951,,,,1231392,,PNNT,2025-11-24
Gauge Loving Tan LP,co_02a85c695e43,Other Equity,,,,,,,2023-05-25,,,544,700,,544,,,,543562,,PNNT,2025-11-24
Gauge Loving Tan LP,co_02a85c695e43,Other Equity,Business Services,,,,,,2020-04-22,,,10,0,,10,,,,9,,PNNT,2025-11-24
Gauge Loving Tan LP,co_02a85c695e43,Other Equity,Business Services,,,,,,2021-05-11,,,1003,649,,1003,,,,2434,,PNNT,2025-11-24
GCP Boss Holdco LLC,co_83f66fb721b7,Other Equity,,,,,,,2024-12-27,,,1045,1515,,1045,,,,1045100,,PNNT,2025-11-24
GGG MIDCO LLC,co_7807603ac0e6,Other Equity,,,,,,,2024-09-27,,,1223,1589,,1223,,,,1222700,,PNNT,2025-11-24
GMP Hills LP,co_6c9a30d07234,Other Equity,,,,,,,2023-11-02,,,3747,4647,,3747,,,,3747470,,PNNT,2025-11-24
GMP Hills LP,co_6c9a30d07234,Other Equity,Insurance,,,,,,2020-12-23,,,450,194,,450,,,,450000,,PNNT,2025-11-24
GMP Hills LP,co_6c9a30d07234,Other Equity,Business Services,,,,,,2023-06-08,,,750,46,,750,,,,750399,,PNNT,2025-11-24
GMP Hills LP,co_6c9a30d07234,Other Equity,Business Services,,,,,,2022-06-13,,,1600,0,,1600,,,,1600000,,PNNT,2025-11-24
GMP Hills LP,co_6c9a30d07234,Other Equity,Business Services,,,,,,2021-12-20,,,1201,1184,,1201,,,,1201283,,PNNT,2025-11-24
GMP Hills LP,co_6c9a30d07234,Other Equity,Business Services,,,,,,2021-12-20,,,0,-4,,0,,,,298717,,PNNT,2025-11-24
IHS Parent Holdings LP,co_7f9eb1f9e5d1,Other Equity,,,,,,,2022-12-21,,,1218,1717,,1218,,,,1218045,,PNNT,2025-11-24
IHS Parent Holdings LP,co_7f9eb1f9e5d1,Other Equity,Business Services,,,,,,2021-11-04,,,0,69,,0,,,,743826,,PNNT,2025-11-24
IHS Parent Holdings LP,co_7f9eb1f9e5d1,Other Equity,Media & Entertainment,,,,,,2023-05-31,,,2040,2735,,2040,,,,181495,,PNNT,2025-11-24
IHS Parent Holdings LP,co_7f9eb1f9e5d1,Other Equity,Environmental Services,,,,,,2020-12-23,,,525,1139,,525,,,,4993,,PNNT,2025-11-24
Kinetic Purchaser LLC,co_dcf36a882d65,Other Equity,,,,,,,2021-11-08,,,1309,11,,1309,,,,1308814,fair_value_suspicious_vs_size,PNNT,2025-11-24
Kinetic Purchaser LLC,co_dcf36a882d65,Other Equity,,,,,,,2021-11-08,,,135,271,,135,,,,115688,,PNNT,2025-11-24
KL Stockton Co-Invest LP,co_bbb1439875a0,Other Equity,,,,,,,2021-07-16,,,385,639,,385,,,,382353,,PNNT,2025-11-24
Magnolia Topco LP,co_4c3447b0d6cf,Other Equity,,,,,,,2023-07-25,,,0,0,,0,,,,1545460,,PNNT,2025-11-24
Magnolia Topco LP,co_4c3447b0d6cf,Other Equity,,,,,,,2023-07-25,,,0,0,,0,,,,1017840,,PNNT,2025-11-24
Magnolia Topco LP,co_4c3447b0d6cf,Other Equity,Media & Entertainment,,,,,,2024-12-19,,,1464,1731,,1464,,,,14640,,PNNT,2025-11-24
Megawatt Acquisition Partners LLC,co_75a48dcc706f,Other Equity,,,,,,,2024-06-28,,,59,0,,59,,,,594,,PNNT,2025-11-24
Municipal Emergency Services Inc.,co_80bfaf155c6d,Other Equity,Business Services,,,,,,2021-09-28,,,3984,8154,,3984,,,,3920145,,PNNT,2025-11-24
NEPRT Parent Holdings LLC,co_26610ea67624,Other Equity,,,,,,,2021-01-27,,,1250,205,,1250,,,,1299,,PNNT,2025-11-24
NEPRT Parent Holdings LLC,co_26610ea67624,Other Equity,Business Services,,,,,,2024-07-15,,,20,17,,20,,,,1157,,PNNT,2025-11-24
NXOF Holdings Inc.,co_493f5532d65d,Other Equity,,,,,,,2019-02-26,,,108,0,,108,,,,8188,,PNNT,2025-11-24
OceanSound Discovery Equity LP,co_fba996350cd5,Other Equity,,,,,,,2024-03-28,,,1200,1496,,1200,,,,119966,,PNNT,2025-11-24
OES Co-Invest LP,co_e1c5f67a3fab,Other Equity,,,,,,,2024-05-31,,,851,714,,851,,,,840,,PNNT,2025-11-24
OHCP V BC COI LP,co_9e76b5faacac,Other Equity,,,,,,,2021-12-13,,,700,385,,700,,,,699844,,PNNT,2025-11-24
OHCP V BC COI LP,co_9e76b5faacac,Other Equity,Business Services,,,,,,2021-09-01,,,6,0,,6,,,,638,,PNNT,2025-11-24
OSP Embedded Aggregator LP,co_f08e68d34ee5,Other Equity,,,,,,,2023-12-11,,,871,1011,,871,,,,871,,PNNT,2025-11-24
Pink Lily Holdco LLC,co_8edc281300c6,Other Equity,,,,,,,2021-11-05,,,1044,0,,1044,,,,1044,,PNNT,2025-11-24
te II LLC,co_b9a2f71934dc,Other Equity,Media & Entertainment,,,,,,2025-08-04,,,287,287,,287,,,,287,,PNNT,2025-11-24
te II LLC,co_b9a2f71934dc,Other Equity,Business Services,,,,,,2024-12-31,,,369,386,,369,,,,369,,PNNT,2025-11-24
te II LLC,co_b9a2f71934dc,Other Equity,Business Services,,,,,,2022-10-03,,,2608,4036,,2608,,,,2607587,,PNNT,2025-11-24
QuantiTech InvestCo LP,co_c0f668123549,Other Equity,,,,,,,2020-05-01,,,0,96,,0,,,,700,,PNNT,2025-11-24
QuantiTech InvestCo LP,co_c0f668123549,Other Equity,,,,,,,2020-05-01,,,0,0,,0,,,,955,,PNNT,2025-11-24
QuantiTech InvestCo II LP,co_c0f668123549,Other Equity,,,,,,,2020-05-01,,,12,7,,12,,,,40,,PNNT,2025-11-24
Providers & Services,co_673b4ac079e1,Other Equity,Healthcare,,,,,,2025-01-16,,,290,436,,290,,,,289700,,PNNT,2025-11-24
Providers & Services,co_673b4ac079e1,Other Equity,Business Services,,,,,,2025-09-09,,,701,701,,701,,,,701149,,PNNT,2025-11-24
Sabel InvestCo LP,co_d7620f6d3e5a,Other Equity,,,,,,,2024-10-31,,,830,1098,,830,,,,32771,,PNNT,2025-11-24
Sabel InvestCo LP,co_d7620f6d3e5a,Other Equity,,,,,,,2024-10-31,,,0,0,,0,,,,47957,,PNNT,2025-11-24
Safe Haven Defense MidCo LLC,co_10da30ff93f6,Other Equity,Aerospace & Defense,,,,,,2024-05-23,,,245,89,,245,,,,245,,PNNT,2025-11-24
Safe Haven Defense MidCo LLC,co_10da30ff93f6,Other Equity,Business Services,,,,,,2019-12-23,,,366,410,,366,,,,36585,,PNNT,2025-11-24
Seacoast Service Partners LLC,co_93608201db78,Other Equity,Business Services,,,,,,2024-12-20,,,351,263,,351,,,,274,,PNNT,2025-11-24
SP L2 Holdings LLC,co_f539becd7bc9,Other Equity,,,,,,,2021-11-04,,,882,0,,882,,,,881966,,PNNT,2025-11-24
SSC Dominion Holdings LLC,co_5f44294c82d2,Other Equity,,,,,,,2018-07-11,,,36,3478,,36,,,,36,cost_suspicious_vs_size,PNNT,2025-11-24
SSC Dominion Holdings LLC,co_5f44294c82d2,Other Equity,Media & Entertainment,,,,,,2021-08-17,,,154,114,,154,,,,153846,,PNNT,2025-11-24
TAC LifePort Holdings LLC,co_eebfe102f3eb,Other Equity,,,,,,,2021-02-24,,,239,600,,239,,,,254206,,PNNT,2025-11-24
TAC LifePort Holdings LLC,co_eebfe102f3eb,Other Equity,Media & Entertainment,,,,,,2024-01-22,,,1252,841,,1252,,,,6475,,PNNT,2025-11-24
Tinicum Space Coast Co-Invest LLC,co_59283f6a22eb,Other Equity,,,,,,,2024-10-29,,,2177,2406,,2177,,,,216,,PNNT,2025-11-24
Tinicum Space Coast Holdings LLC,co_de36294c58c5,Other Equity,,,,,,,2023-12-06,,,210,614,,210,,,,25,,PNNT,2025-11-24
TPC Holding Company LP,co_15609bc69d06,Other Equity,,,,,,,2019-12-04,,,12,0,,12,,,,11527,,PNNT,2025-11-24
TPC Holding Company LP,co_15609bc69d06,Other Equity,Business Services,,,,,,2021-08-25,,,3,17,,3,,,,670,,PNNT,2025-11-24
TPC Holding Company LP,co_15609bc69d06,Other Equity,Environmental Services,,,,,,2024-07-12,,,600,695,,600,,,,184049,,PNNT,2025-11-24
TPC Holding Company LP,co_15609bc69d06,Other Equity,Business Services,,,,,,2021-06-14,,,0,113,,0,,,,400,,PNNT,2025-11-24
Wash & Wax Systems. LLC,co_8010cce59b39,Other Equity,,,,,,,2025-04-30,,,917,947,,917,,,,514,,PNNT,2025-11-24
Watchtower Holdings LLC,co_ea15378ab55c,Other Equity,,,,,,,2023-11-29,,,1242,1107,,1242,,,,12419,,PNNT,2025-11-24
Kentucky Racing Holdco LLC,co_38f0b1e3f026,Other Equity,,,,,,,2019-04-16,,,0,1848,,0,,,,161252,,PNNT,2025-11-24
te LLC,co_52817403f47a,Other Equity,Media & Entertainment,,,,,,2022-08-31,,,4488,68332,,4488,,,,43918,,PNNT,2025-11-24
te LLC,co_52817403f47a,Other Equity,Financial Services,,,,,,2020-07-31,,,82358,67513,,82358,,,,82176579,,PNNT,2025-11-24
te LLC,co_52817403f47a,Other Equity,Business Services,,,,,,2025-03-28,,,0,0,,0,,,,480,,PNNT,2025-11-24
Dynata,co_388e12c6a10a,First Lien,,9.46%,,SOFR,5.26%,,2024-07-15,2028-07-17,1572,1486,1565,,1486,,,,,,PNNT,2025-11-24
Dynata,co_388e12c6a10a,First Lien,,9.96%,,SOFR,5.76%,,2024-07-15,2028-10-16,9670,9670,7873,,9670,,,,,,PNNT,2025-11-24
MDI Buyer Inc.,co_d7121c553600,First Lien,,8.95%,,SOFR,4.75%,,2024-12-20,2028-07-25,19728,19568,19728,,19568,,,,,,PNNT,2025-11-24
STG Distribution,co_818c67249813,First Lien,Distribution & Wholesale,12.57%,,SOFR,8.35%,,2024-10-03,2029-10-03,1986,1895,1768,,1895,,,,,,PNNT,2025-11-24
Systems Planning And Analysis Inc.,co_b26559dc78b0,First Lien,,8.92%,,SOFR,4.75%,,2022-03-02,2027-08-16,16919,16816,16784,,16816,,,,,,PNNT,2025-11-24
TCG 3.0 Jogger Acquisitionco Inc.,co_ec1d60043362,First Lien,,10.52%,,SOFR,6.5%,,2024-02-27,2029-01-23,9850,9732,9801,,9732,,,,,,PNNT,2025-11-24
TMII Enterprises LLC,co_2f68cb815689,First Lien,,8.66%,,SOFR,4.5%,,2023-07-24,2028-12-22,19878,19692,19878,,19692,,,,,,PNNT,2025-11-24
TPC US Parent LLC,co_3b907791477a,First Lien,,10.19%,,SOFR,5.9%,,2022-03-02,2025-11-24,11275,11269,11185,,11269,,,,,,PNNT,2025-11-24
Team Services Group LLC,co_4524cbd7d68d,First Lien,Business Services,9.56%,,SOFR,5.25%,,2023-07-24,2027-12-20,9588,9434,9548,,9434,,,,,,PNNT,2025-11-24
The Bluebird Group LLC,co_7670d29af630,First Lien,,9.9%,,SOFR,5.9%,,2022-03-02,2026-07-28,16348,16306,16348,,16306,,,,,,PNNT,2025-11-24
The Vertex Companies LLC,co_ea5004681b41,First Lien,,8.93%,,SOFR,4.75%,,2022-03-02,2028-08-31,14480,14393,14408,,14393,,,,,,PNNT,2025-11-24
Transgo LLC,co_db8bd65b7b6f,First Lien,,9.91%,,SOFR,5.75%,,2024-06-07,2028-12-29,16363,16215,16486,,16215,,,,,,PNNT,2025-11-24
Tyto Athene LLC,co_50b51b48db1c,First Lien,,9.19%,,SOFR,4.9%,,2022-03-02,2028-04-01,11342,11271,11058,,11271,,,,,,PNNT,2025-11-24
Urology Management Holdings Inc.,co_3145e44ea79c,First Lien,Healthcare,9.66%,,SOFR,5.5%,,2023-07-24,2027-06-15,12380,12333,12380,,12333,,,,,,PNNT,2025-11-24
US Fertility Enterprises LLC,co_0dde00891297,First Lien,Healthcare,8.67%,,SOFR,4.5%,,2025-09-03,2031-10-11,4975,4931,4975,,4931,,,,,,PNNT,2025-11-24
Watchtower Buyer LLC,co_f7da03e2adbf,First Lien,,10%,,SOFR,6%,,2024-09-19,2029-12-01,23114,22912,22885,,22912,,,,,,PNNT,2025-11-24
Wash & Wax Systems LLC,co_23eb44288883,First Lien,,9.81%,,SOFR,5.5%,,2025-04-30,2028-04-30,6577,6686,6708,,6686,,,,,,PNNT,2025-11-24
Alpine Acquisition Corp.,co_78de638b4250,First Lien,,,,,,,2022-10-12,2026-11-30,15185,15056,7896,,15056,,,,,,PNNT,2025-11-24
HV Watterson Holdings LLC,co_55a05656c359,First Lien,,8%,,,,,2022-09-09,2026-12-17,15570,15496,8548,,15496,,,,,,PNNT,2025-11-24
Pink Lily Holdco LLC,co_8edc281300c6,First Lien,,4.27%,,,,,2022-04-01,2027-11-09,8761,8699,3504,,8699,,,,,,PNNT,2025-11-24
STG Distribution,co_818c67249813,First Lien,Distribution & Wholesale,5.32%,,,,,2024-10-03,2029-10-03,4566,2594,365,,2594,,,,,,PNNT,2025-11-24
Wash & Wax Systems LLC,co_23eb44288883,First Lien,,12%,,,,,2025-04-30,2028-07-30,4422,4422,4422,,4422,,,,,,PNNT,2025-11-24
New Insight Holdings,co_9243eb997b02,Common Equity,Financial Services,,,,,,2024-07-15,,,2351,2014,,2351,,,,134330,,PNNT,2025-11-24
48Forty Intermediate Holdings,co_e02baf7b4123,Common Equity,Media & Entertainment,,,,,,2024-11-05,,,0,0,,0,,,,1988,,PNNT,2025-11-24
Wash & Wax Group,co_8a54d1de8494,Common Equity,Financial Services,,,,,,2025-04-30,,,5002,5165,,5002,,,,2803,,PNNT,2025-11-24
White Tiger Newco,co_452c7fda837c,Common Equity,Financial Services,,,,,,2025-07-31,,,824,757,,824,,,,10805,,PNNT,2025-11-24
Adweek Purchaser LLC,co_c7da9744fdf5,First Lien,,10.67%,,SOFR,7%,,2024-05-31,2027-05-31,2100,2078,2100,,2078,,,,,,PNNT,2026-02-09
Adweek Purchaser LLC,co_c7da9744fdf5,First Lien,,0%,,,,,2024-05-31,2027-05-31,300,0,5,,0,,,,,,PNNT,2026-02-09
Aechelon Technology Inc.,co_2cd06b60c8c3,First Lien,Software & Technology,0%,,,,,2024-08-16,2029-08-16,2724,0,0,,0,,,,,,PNNT,2026-02-09
AFC Dell Holding Corp.,co_9e5f4376beaa,First Lien,,8.84%,,SOFR,5%,,2023-12-12,2027-04-09,214,214,214,,214,,,,,,PNNT,2026-02-09
AFC Dell Holding Corp.,co_9e5f4376beaa,First Lien,,0%,,,,,2023-12-12,2027-04-09,4281,0,0,,0,,,,,,PNNT,2026-02-09
AFC Dell Holding Corp.,co_9e5f4376beaa,First Lien,,0%,,,,,2023-12-12,2028-10-09,1243,0,0,,0,,,,,,PNNT,2026-02-09
Arcfield Acquisition Corp.,co_50bc69c38d09,First Lien,,0%,,,,,2024-10-28,2031-10-28,2085,0,-10,,0,,,,,,PNNT,2026-02-09
Azureon LLC,co_da416303be3c,First Lien,,9.44%,,SOFR,5.75%,,2024-06-26,2029-06-26,12303,12189,11811,,12189,,,,,,PNNT,2026-02-09
Azureon LLC,co_da416303be3c,First Lien,,0%,,,,,2024-06-26,2027-11-26,6067,0,-197,,0,,,,,,PNNT,2026-02-09
Azureon LLC,co_da416303be3c,First Lien,,9.44%,,SOFR,5%,,2024-06-26,2029-06-26,485,485,465,,485,,,,,,PNNT,2026-02-09
Azureon LLC,co_da416303be3c,First Lien,,0%,,,,,2024-06-26,2029-06-26,1212,0,-48,,0,,,,,,PNNT,2026-02-09
Best Practice Associates LLC,co_ee536d35454d,First Lien,,0%,,,,,2024-11-07,2029-11-08,1929,0,-14,,0,,,,,,PNNT,2026-02-09
Big Top Holdings LLC,co_bb22afbdfb87,First Lien,,0%,,,,,2024-02-29,2030-02-28,1155,0,0,,0,,,,,,PNNT,2026-02-09
Blackhawk Industrial Distribution Inc.,co_8604af3bb831,First Lien,Distribution & Wholesale,9.07%,,SOFR,5.4%,,2022-06-27,2026-09-17,1264,1261,1239,,1261,,,,,,PNNT,2026-02-09
Blackhawk Industrial Distribution Inc.,co_8604af3bb831,First Lien,Distribution & Wholesale,9.07%,,SOFR,5.4%,,2022-06-27,2026-09-17,2428,2428,2380,,2428,,,,,,PNNT,2026-02-09
Blackhawk Industrial Distribution Inc.,co_8604af3bb831,First Lien,Distribution & Wholesale,0%,,,,,2022-06-27,2026-09-17,2428,0,-49,,0,,,,,,PNNT,2026-02-09
Providers & Services,co_673b4ac079e1,First Lien,Healthcare,0%,,,,,2025-08-12,2027-07-30,2234,0,0,,0,,,,,,PNNT,2026-02-09
Boss Industries LLC,co_066909ddb318,First Lien,,0%,,,,,2024-12-27,2030-12-27,1306,0,0,,0,,,,,,PNNT,2026-02-09
Cartessa Aesthetics LLC,co_5b795483c871,First Lien,,9.67%,,SOFR,6%,,2022-06-01,2028-06-14,23433,23209,23433,,23209,,,,,,PNNT,2026-02-09
Cartessa Aesthetics LLC,co_5b795483c871,First Lien,,0%,,,,,2022-06-01,2028-06-14,3563,0,0,,0,,,,,,PNNT,2026-02-09
Cornerstone Advisors of Arizona LLC,co_626efa52add3,First Lien,,8.42%,,SOFR,4.75%,,2025-05-13,2032-05-13,30,30,30,,30,,,,,,PNNT,2026-02-09
Cornerstone Advisors of Arizona LLC,co_626efa52add3,First Lien,,0%,,,,,2025-05-13,2032-05-13,797,0,-4,,0,,,,,,PNNT,2026-02-09
Crane 1 Services Inc.,co_e2d25c70c2a1,First Lien,Business Services,0%,,,,,2024-06-10,2027-08-16,435,0,-3,,0,,,,,,PNNT,2026-02-09
DRS Holdings III Inc.,co_5f36274df8c4,First Lien,,8.97%,,SOFR,5.25%,,2019-11-01,2028-11-01,2,2,2,,2,,,,,,PNNT,2026-02-09
DRS Holdings III Inc.,co_5f36274df8c4,First Lien,,0%,,,,,2019-11-01,2028-11-01,608,0,0,,0,,,,,,PNNT,2026-02-09
Duggal Acquisition LLC,co_84f2daabb1d5,First Lien,,0%,,,,,2024-09-30,2026-09-30,2042,0,20,,0,,,,,fair_value_suspicious_vs_size,PNNT,2026-02-09
Duggal Acquisition LLC,co_84f2daabb1d5,First Lien,,0%,,,,,2024-09-30,2030-09-30,2561,0,0,,0,,,,,,PNNT,2026-02-09
DX Electric Company LLC,co_09267b3d4bc5,First Lien,,0%,,,,,2025-10-01,2031-10-01,1257,0,-9,,0,,,,,,PNNT,2026-02-09
EDS Buyer LLC,co_10f64234f044,First Lien,,0%,,,,,2022-12-19,2029-01-10,1915,0,5,,0,,,,,fair_value_suspicious_vs_size,PNNT,2026-02-09
te II LLC,co_b9a2f71934dc,First Lien,Media & Entertainment,8.72%,,SOFR,5%,,2023-05-24,2029-05-29,550,547,550,,547,,,,,,PNNT,2026-02-09
te II LLC,co_b9a2f71934dc,First Lien,Media & Entertainment,0%,,,,,2023-05-24,2029-05-25,2429,0,0,,0,,,,,,PNNT,2026-02-09
te LLC,co_52817403f47a,First Lien,Media & Entertainment,10.18%,,SOFR,6.25%,,2022-07-14,2031-04-10,9950,9903,9502,,9903,,,,,,PNNT,2026-02-09
te LLC,co_52817403f47a,First Lien,Media & Entertainment,0%,,,,,2022-07-14,2031-04-10,609,0,-27,,0,,,,,,PNNT,2026-02-09
Gauge ETE Blocker LLC,co_131e2394be68,First Lien,,,12.56%,,,,2023-05-24,2029-05-21,285,285,285,,285,,,,,,PNNT,2026-02-09
GGG MIDCO LLC,co_7807603ac0e6,First Lien,,0%,,,,,2024-09-27,2030-09-27,6272,0,63,,0,,,,,fair_value_suspicious_vs_size,PNNT,2026-02-09
GGG MIDCO LLC,co_7807603ac0e6,First Lien,,0%,,,,,2024-09-27,2030-09-27,581,0,0,,0,,,,,,PNNT,2026-02-09
Graffiti Buyer Inc.,co_0e9dedaa52c9,First Lien,,9.33%,,SOFR,5.6%,,2022-10-25,2027-08-10,244,243,239,,243,,,,,,PNNT,2026-02-09
Graffiti Buyer Inc.,co_0e9dedaa52c9,First Lien,,0%,,,,,2022-10-25,2027-08-10,831,0,-12,,0,,,,,,PNNT,2026-02-09
Graffiti Buyer Inc.,co_0e9dedaa52c9,First Lien,,0%,,,,,2022-10-25,2027-08-10,769,0,-17,,0,,,,,,PNNT,2026-02-09
Halo Buyer Inc.,co_4d288827c1ed,First Lien,,9.72%,,SOFR,6%,,2018-07-18,2029-08-07,16873,16721,16873,,16721,,,,,,PNNT,2026-02-09
Halo Buyer Inc.,co_4d288827c1ed,First Lien,,9.72%,,SOFR,6%,,2018-07-18,2029-08-07,967,967,967,,967,,,,,,PNNT,2026-02-09
Halo Buyer Inc.,co_4d288827c1ed,First Lien,,0%,,,,,2018-07-18,2029-08-07,1731,0,0,,0,,,,,,PNNT,2026-02-09
Hills Distribution Inc.,co_572275c0244d,First Lien,Distribution & Wholesale,0%,,,,,2023-11-02,2027-12-05,9314,0,-47,,0,,,,,,PNNT,2026-02-09
Infinity Home Services Holdco Inc.,co_607a972ec616,First Lien,Business Services,9.67%,,SOFR,6%,,2022-12-21,2028-12-28,8952,8868,8952,,8868,,,,,,PNNT,2026-02-09
Infinity Home Services Holdco Inc.,co_607a972ec616,First Lien,Business Services,9.67%,,SOFR,6%,,2022-12-21,2028-12-28,2605,1884,1901,,1884,,,,,,PNNT,2026-02-09
Infinity Home Services Holdco Inc.,co_607a972ec616,First Lien,Business Services,0%,,,,,2022-12-21,2026-10-30,9091,0,45,,0,,,,,fair_value_suspicious_vs_size,PNNT,2026-02-09
Infinity Home Services Holdco Inc.,co_607a972ec616,First Lien,Business Services,0%,,,,,2022-12-21,2028-12-28,1292,0,0,,0,,,,,,PNNT,2026-02-09
Inventus Power Inc.,co_5ea70dbaca4c,First Lien,,0%,,,,,2021-03-24,2026-01-15,1729,0,0,,0,,,,,,PNNT,2026-02-09
Kinetic Purchaser LLC,co_dcf36a882d65,First Lien,,9.82%,,SOFR,6.15%,,2022-07-08,2027-11-10,3099,3049,2518,,3049,,,,,,PNNT,2026-02-09
Kinetic Purchaser LLC,co_dcf36a882d65,First Lien,,9.82%,,SOFR,6.15%,,2022-07-08,2026-11-10,3070,3070,2494,,3070,,,,,,PNNT,2026-02-09
Kinetic Purchaser LLC,co_dcf36a882d65,First Lien,,0%,,,,,2022-07-08,2026-11-10,1784,0,-334,,0,,,,,,PNNT,2026-02-09
Lash OpCo LLC,co_90f3961a5b09,First Lien,,8.94%,5.1%,SOFR,5.1%,,2021-08-16,2027-02-18,3095,3081,3018,,3081,,,,,,PNNT,2026-02-09
Lash OpCo LLC,co_90f3961a5b09,First Lien,,8.94%,5.1%,SOFR,5.1%,,2021-08-16,2026-08-16,251,251,244,,251,,,,,,PNNT,2026-02-09
Lash OpCo LLC,co_90f3961a5b09,First Lien,,0%,,,,,2021-08-16,2026-08-16,2898,0,-72,,0,,,,,,PNNT,2026-02-09
Ledge Lounger Inc.,co_357781e35d40,First Lien,,11.32%,1%,SOFR,7.65%,,2021-11-04,2026-11-09,9548,9509,7686,,9509,,,,,,PNNT,2026-02-09
Ledge Lounger Inc.,co_357781e35d40,First Lien,,11.32%,1%,SOFR,7.65%,,2021-11-04,2026-11-09,1720,1720,1384,,1720,,,,,,PNNT,2026-02-09
te II Inc.,co_b9a2f71934dc,First Lien,Media & Entertainment,8.67%,,SOFR,5%,,2023-05-25,2028-05-31,7849,7777,7810,,7777,,,,,,PNNT,2026-02-09
te II Inc.,co_b9a2f71934dc,First Lien,Media & Entertainment,0%,,,,,2023-05-25,2026-12-31,1187,0,6,,0,,,,,fair_value_suspicious_vs_size,PNNT,2026-02-09
te II Inc.,co_b9a2f71934dc,First Lien,Media & Entertainment,0%,,,,,2023-05-25,2026-12-31,1711,0,0,,0,,,,,,PNNT,2026-02-09
te II Inc.,co_b9a2f71934dc,First Lien,Media & Entertainment,8.69%,,SOFR,5%,,2023-05-25,2028-05-31,413,413,411,,413,,,,,,PNNT,2026-02-09
te II Inc.,co_b9a2f71934dc,First Lien,Media & Entertainment,0%,,,,,2023-05-25,2028-05-31,965,0,-5,,0,,,,,,PNNT,2026-02-09
Megawatt Acquisitionco Inc.,co_13ef788dfd42,First Lien,,0%,,,,,2024-03-01,2030-03-01,1857,0,0,,0,,,,,,PNNT,2026-02-09
te Inc.,co_52817403f47a,First Lien,Media & Entertainment,8.62%,,SOFR,4.75%,,2021-09-23,2027-10-01,2327,2316,2327,,2316,,,,,,PNNT,2026-02-09
te Inc.,co_52817403f47a,First Lien,Media & Entertainment,11.5%,,SOFR,4%,,2021-09-23,2027-10-01,470,470,470,,470,,,,,,PNNT,2026-02-09
te Inc.,co_52817403f47a,First Lien,Media & Entertainment,0%,,,,,2021-09-23,2027-10-01,1447,0,0,,0,,,,,,PNNT,2026-02-09
North American Rail Solutions LLC,co_5b7cb77c50f6,First Lien,,8.42%,,SOFR,4%,,2025-08-29,2031-08-29,14380,14308,14308,,14308,,,,,,PNNT,2026-02-09
North American Rail Solutions LLC,co_5b7cb77c50f6,First Lien,,0%,,,,,2025-08-29,2027-08-29,2263,0,0,,0,,,,,,PNNT,2026-02-09
North American Rail Solutions LLC,co_5b7cb77c50f6,First Lien,,8.47%,,SOFR,4.75%,,2025-08-29,2031-08-29,543,543,540,,543,,,,,,PNNT,2026-02-09
North American Rail Solutions LLC,co_5b7cb77c50f6,First Lien,,0%,,,,,2025-08-29,2031-08-29,2625,0,-13,,0,,,,,,PNNT,2026-02-09
Omnia Exterior Solutions LLC,co_45c8e988e7ce,First Lien,,8.92%,,SOFR,5.25%,,2023-12-29,2029-12-31,1783,1767,1760,,1767,,,,,,PNNT,2026-02-09
Omnia Exterior Solutions LLC,co_45c8e988e7ce,First Lien,,0%,,,,,2023-12-29,2026-09-30,3807,0,-14,,0,,,,,,PNNT,2026-02-09
Omnia Exterior Solutions LLC,co_45c8e988e7ce,First Lien,,8.97%,,SOFR,5.25%,,2023-12-29,2029-12-31,1120,1120,1106,,1120,,,,,,PNNT,2026-02-09
Omnia Exterior Solutions LLC,co_45c8e988e7ce,First Lien,,0%,,,,,2023-12-29,2029-12-31,980,0,-12,,0,,,,,,PNNT,2026-02-09
OSP Embedded Purchaser LLC,co_3e138bcccd7f,First Lien,,9.42%,,SOFR,5.75%,,2023-12-11,2029-12-17,6370,6288,6039,,6288,,,,,,PNNT,2026-02-09
OSP Embedded Purchaser LLC,co_3e138bcccd7f,First Lien,,11.4%,,SOFR,4.65%,,2023-12-11,2029-12-17,148,148,140,,148,,,,,,PNNT,2026-02-09
OSP Embedded Purchaser LLC,co_3e138bcccd7f,First Lien,,0%,,,,,2023-12-11,2029-12-17,1330,0,-69,,0,,,,,,PNNT,2026-02-09
PL Acquisitionco LLC,co_76d53d3f1d91,First Lien,,0%,,,,,2021-11-05,2027-11-09,863,863,108,,863,,,,,,PNNT,2026-02-09
PL Acquisitionco LLC,co_76d53d3f1d91,First Lien,,0%,,,,,2021-11-05,2027-11-09,755,0,-661,,0,,,,,,PNNT,2026-02-09
Podean Buyer Inc.,co_66e2db4771aa,First Lien,,9.66%,,SOFR,6%,,2025-08-04,2031-08-04,4020,3980,3980,,3980,,,,,,PNNT,2026-02-09
Podean Buyer Inc.,co_66e2db4771aa,First Lien,,0%,,,,,2025-08-04,2031-08-04,796,0,-8,,0,,,,,,PNNT,2026-02-09
Puget Collision LLC,co_85689ebe58e4,First Lien,,8.43%,,SOFR,4.75%,,2025-10-03,2031-10-03,18144,18031,18031,,18031,,,,,,PNNT,2026-02-09
Puget Collision LLC,co_85689ebe58e4,First Lien,,0%,,,,,2025-10-03,2027-10-03,24766,0,0,,0,,,,,,PNNT,2026-02-09
Puget Collision LLC,co_85689ebe58e4,First Lien,,8.42%,,SOFR,4.75%,,2025-10-03,2031-10-03,609,609,605,,609,,,,,,PNNT,2026-02-09
Puget Collision LLC,co_85689ebe58e4,First Lien,,0%,,,,,2025-10-03,2031-10-03,3451,0,-22,,0,,,,,,PNNT,2026-02-09
Radius Aerospace Inc.,co_c2adc14192da,First Lien,Aerospace & Defense,9.82%,,SOFR,6.15%,,2022-11-14,2027-03-29,781,781,765,,781,,,,,,PNNT,2026-02-09
Radius Aerospace Inc.,co_c2adc14192da,First Lien,Aerospace & Defense,0%,,,,,2022-11-14,2027-03-29,1448,0,-29,,0,,,,,,PNNT,2026-02-09
Recteq LLC,co_c5c26f9005ac,First Lien,,9.84%,,SOFR,6.25%,,2021-01-27,2026-01-29,507,507,507,,507,,,,,,PNNT,2026-02-09
Recteq LLC,co_c5c26f9005ac,First Lien,,0%,,,,,2021-01-27,2026-01-29,620,0,0,,0,,,,,,PNNT,2026-02-09
Providers & Services,co_673b4ac079e1,First Lien,Healthcare,0%,,,,,2025-01-16,2031-01-17,2935,0,0,,0,,,,,,PNNT,2026-02-09
Route 66 Development Acquisition,co_854d1a357b98,First Lien,,12.72%,,SOFR,9%,,2025-01-28,2031-01-24,18000,17659,17910,,17659,,,,,,PNNT,2026-02-09
RTIC Subsidiary Holdings LLC,co_7851f4467604,First Lien,,0%,,,,,2024-05-03,2029-05-03,5422,0,-54,,0,,,,,,PNNT,2026-02-09
Sabel Systems Technology Solutions LLC,co_2426c19efb2a,First Lien,Software & Technology,9.67%,,SOFR,6%,,2024-10-31,2030-10-31,10302,10199,10302,,10199,,,,,,PNNT,2026-02-09
Sabel Systems Technology Solutions LLC,co_2426c19efb2a,First Lien,Software & Technology,0%,,,,,2024-10-31,2030-10-31,1684,0,0,,0,,,,,,PNNT,2026-02-09
Safe Haven Defense US LLC,co_b159963796ce,First Lien,Aerospace & Defense,9.19%,,SOFR,5.5%,,2024-05-23,2029-05-23,3908,3863,3810,,3863,,,,,,PNNT,2026-02-09
Safe Haven Defense US LLC,co_b159963796ce,First Lien,Aerospace & Defense,11.25%,,SOFR,4.5%,,2024-05-23,2029-05-23,334,334,326,,334,,,,,,PNNT,2026-02-09
Safe Haven Defense US LLC,co_b159963796ce,First Lien,Aerospace & Defense,0%,,,,,2024-05-23,2029-05-23,780,0,-19,,0,,,,,,PNNT,2026-02-09
Sath Industries LLC,co_1fa84b000f01,First Lien,,0%,,,,,2024-12-17,2029-12-17,1300,0,0,,0,,,,,,PNNT,2026-02-09
Seacoast Service Partners NA LLC,co_93608201db78,First Lien,Business Services,8.92%,,SOFR,5.25%,,2024-12-20,2029-12-20,2787,2764,2659,,2764,,,,,,PNNT,2026-02-09
Seacoast Service Partners NA LLC,co_93608201db78,First Lien,Business Services,0%,,,,,2024-12-20,2026-12-21,2615,0,-97,,0,,,,,,PNNT,2026-02-09
Seacoast Service Partners NA LLC,co_93608201db78,First Lien,Business Services,8.92%,,SOFR,5.25%,,2024-12-20,2029-12-20,718,718,685,,718,,,,,,PNNT,2026-02-09
Seacoast Service Partners NA LLC,co_93608201db78,First Lien,Business Services,0%,,,,,2024-12-20,2029-12-20,637,0,-29,,0,,,,,,PNNT,2026-02-09
SV-Aero Holdings LLC,co_7212280fda68,First Lien,,0%,,,,,2024-10-31,2026-11-02,3562,0,18,,0,,,,,fair_value_suspicious_vs_size,PNNT,2026-02-09
System Planning and Analysis Inc.,co_71f5dc9ec658,First Lien,,8.42%,,SOFR,4.75%,,2021-10-12,2027-08-16,9465,9417,9437,,9417,,,,,,PNNT,2026-02-09
System Planning and Analysis Inc.,co_71f5dc9ec658,First Lien,,0%,,,,,2021-10-12,2027-06-12,589,0,1,,0,,,,,,PNNT,2026-02-09
System Planning and Analysis Inc.,co_71f5dc9ec658,First Lien,,11%,,SOFR,3.75%,,2021-10-12,2027-08-16,1747,1747,1741,,1747,,,,,,PNNT,2026-02-09
System Planning and Analysis Inc.,co_71f5dc9ec658,First Lien,,0%,,,,,2021-10-12,2027-08-16,2969,0,-9,,0,,,,,,PNNT,2026-02-09
TMII Enterprises LLC,co_2f68cb815689,First Lien,,0%,,,,,2022-12-19,2028-12-22,2532,0,0,,0,,,,,,PNNT,2026-02-09
Walker Edison Furniture Company LLC,co_55d1269fe5b2,First Lien,,10%,,,,,2023-03-01,2029-03-01,324,324,337,,324,,,,,,PNNT,2026-02-09
Walker Edison Furniture Company LLC,co_55d1269fe5b2,First Lien,,0%,,,,,2023-03-01,2029-03-01,462,0,14,,0,,,,,,PNNT,2026-02-09
Wash & Wax Systems LLC,co_23eb44288883,First Lien,,,9.34%,SOFR,5.5%,,2021-10-20,2028-04-30,1204,1222,1228,,1222,,,,,,PNNT,2026-02-09
Wash & Wax Systems LLC,co_23eb44288883,First Lien,,9.19%,,SOFR,5.5%,,2021-10-20,2028-04-30,419,419,419,,419,,,,,,PNNT,2026-02-09
Wash & Wax Systems LLC,co_23eb44288883,First Lien,,0%,,,,,2021-10-20,2028-04-30,210,0,0,,0,,,,,,PNNT,2026-02-09
Watchtower Buyer LLC. - Funded Revolver Acquisition,co_cd67afd6e6f5,First Lien,,9.69%,,SOFR,6%,,2023-11-29,2029-12-03,1050,1051,1050,,1051,,,,,type_hint_revolver_from_name,PNNT,2026-02-09
Watchtower Buyer LLC. - Unfunded Revolver Acquisition,co_6c3214550a7c,First Lien,,0%,,,,,2023-11-29,2029-12-03,5250,0,0,,0,,,,,type_hint_revolver_from_name,PNNT,2026-02-09
Acquisition 07/026/2022,co_c1b3c0883b62,First Lien,,12.94%,,SOFR,9.1%,,2022-07-26,2030-07-28,8000,7758,8000,,7758,,,,,,PNNT,2026-02-09
OSP Embedded Aggregator LP,co_f08e68d34ee5,First Lien,,12%,,,,,2024-11-06,2030-05-08,24,237,272,,237,,,,,type_hint_corporate_from_name,PNNT,2026-02-09
Wash & Wax Systems LLC,co_23eb44288883,First Lien,,,12%,,,,2021-10-20,2028-07-30,836,837,837,,837,,,,,type_hint_corporate_from_name,PNNT,2026-02-09
AFC Acquisitions Inc.,co_6a4f51c80509,Other Equity,,,,,,,2023-12-07,,,749,686,,749,,,,490,type_hint_pref_equity_from_name,PNNT,2026-02-09
AFC Acquisitions Inc.,co_6a4f51c80509,Other Equity,,,,,,,2023-12-07,,,18,16,,18,,,,11,type_hint_pref_equity_from_name,PNNT,2026-02-09
AFC Acquisitions Inc.,co_6a4f51c80509,Other Equity,,,,,,,2023-12-07,,,12,11,,12,,,,6,type_hint_pref_equity_from_name,PNNT,2026-02-09
AFC Acquisitions Inc.,co_6a4f51c80509,Other Equity,,,,,,,2023-12-07,,,12,9,,12,,,,6,type_hint_pref_equity_from_name,PNNT,2026-02-09
AFC Acquisitions Inc.,co_6a4f51c80509,Other Equity,,,,,,,2023-12-07,,,20,16,,20,,,,10,type_hint_pref_equity_from_name,PNNT,2026-02-09
Cartessa Aesthetics LLC,co_5b795483c871,Other Equity,,,,,,,2022-06-01,,,3563,10688,,3563,,,,3562500,type_hint_pref_equity_from_name,PNNT,2026-02-09
Magnolia Topco LP,co_4c3447b0d6cf,Other Equity,,,,,,,2023-07-25,,,1544,193,,1544,,,,1545,type_hint_pref_equity_from_name,PNNT,2026-02-09
Magnolia Topco LP,co_4c3447b0d6cf,Other Equity,,,,,,,2023-07-25,,,530,1060,,530,,,,530,type_hint_pref_equity_from_name,PNNT,2026-02-09
Magnolia Topco LP,co_4c3447b0d6cf,Other Equity,,,,,,,2023-07-25,,,643,0,,643,,,,1018,type_hint_pref_equity_from_name,PNNT,2026-02-09
Megawatt Acquisition Partners LLC,co_75a48dcc706f,Other Equity,,,,,,,2024-06-28,,,535,601,,535,,,,5349,type_hint_pref_equity_from_name,PNNT,2026-02-09
NXOF Holdings Inc.,co_493f5532d65d,Other Equity,,,,,,,2019-02-26,,,422,308,,422,,,,422,type_hint_pref_equity_from_name,PNNT,2026-02-09
PL Acquisitionco LLC,co_76d53d3f1d91,Other Equity,,,,,,,2023-05-31,,,73,0,,73,,,,73,type_hint_pref_equity_from_name,PNNT,2026-02-09
te II LLC,co_b9a2f71934dc,Other Equity,Media & Entertainment,,,,,,2025-08-04,,,287,293,,287,,,,287,,PNNT,2026-02-09
RTIC Parent Holdings LLC,co_066700dbc651,Other Equity,,,,,,,2024-05-03,,,5,0,,5,,,,5,type_hint_pref_equity_from_name,PNNT,2026-02-09
RTIC Parent Holdings LLC,co_066700dbc651,Other Equity,,,,,,,2024-05-03,,,700,1497,,700,,,,10624,type_hint_pref_equity_from_name,PNNT,2026-02-09
RTIC Parent Holdings LLC,co_066700dbc651,Other Equity,,,,,,,2024-05-03,,,113,160,,113,,,,11276,type_hint_pref_equity_from_name,PNNT,2026-02-09
SP L2 Holdings LLC,co_f539becd7bc9,Other Equity,,,,,,,2021-11-04,,,81,0,,81,,,,331229,type_hint_pref_equity_from_name,PNNT,2026-02-09
SP L2 Holdings LLC,co_f539becd7bc9,Other Equity,,,,,,,2021-11-04,,,0,-46,,0,,,,189274,type_hint_pref_equity_from_name,PNNT,2026-02-09
TPC Holding Company LP,co_15609bc69d06,Other Equity,,,,,,,2019-12-04,,,219,239,,219,,,,219,type_hint_pref_equity_from_name,PNNT,2026-02-09
A1 Garage Equity LLC,co_a6d3a541ef1d,Other Equity,,,,,,,2022-12-19,,,2193,4953,,2193,,,,2193038,,PNNT,2026-02-09
ACP Big Top Holdings LP,co_d6e877a46ac5,Other Equity,,,,,,,2024-02-29,,,744,1356,,744,,,,773800,,PNNT,2026-02-09
Aechelon InvestCo LP,co_3037929e907c,Other Equity,,,,,,,2024-08-16,,,1068,2930,,1068,,,,10684,,PNNT,2026-02-09
Aechelon InvestCo LP,co_3037929e907c,Other Equity,,,,,,,2024-08-16,,,0,0,,0,,,,11940,,PNNT,2026-02-09
te Company II Inc.,co_ba90502123b4,Other Equity,Media & Entertainment,,,,,,2019-07-23,,,125,115,,125,,,,125000,,PNNT,2026-02-09
AMCSI Crash Co-Invest LP,co_49d0d6967080,Other Equity,,,,,,,2022-07-28,,,2490,3325,,2490,,,,24898,,PNNT,2026-02-09
AMCSI Crash Co-Invest LP,co_49d0d6967080,Other Equity,,,,,,,2022-07-28,,,0,0,,0,,,,5102,,PNNT,2026-02-09
Azureon LLC,co_da416303be3c,Other Equity,,,,,,,2024-06-26,,,508,371,,508,,,,508238,,PNNT,2026-02-09
Burgess Point Holdings LP,co_2d786d83812e,Other Equity,,,,,,,2022-07-21,,,777,824,,777,,,,764,,PNNT,2026-02-09
Cowboy Parent LLC,co_84fb583f863b,Other Equity,,,,,,,2018-09-12,,,3015,2421,,3015,,,,27778,,PNNT,2026-02-09
Crane 1 Acquisition Parent Holdings LP,co_91a386c35d92,Other Equity,,,,,,,2021-08-11,,,104,212,,104,,,,113,,PNNT,2026-02-09
Duggal Acquisition LLC,co_84f2daabb1d5,Other Equity,,,,,,,2024-09-30,,,314,292,,314,,,,314,,PNNT,2026-02-09
EDS Topco LP,co_c2f9d42cea99,Other Equity,,,,,,,2022-12-19,,,938,1827,,938,,,,937500,,PNNT,2026-02-09
Events Buyer LLC,co_512dd4c20f1a,Other Equity,,,,,,,2024-12-17,,,536,643,,536,,,,536267,,PNNT,2026-02-09
FedHC InvestCo LP,co_6540cb875202,Other Equity,,,,,,,2021-08-26,,,545,2111,,545,,,,15255,,PNNT,2026-02-09
FedHC InvestCo LP,co_6540cb875202,Other Equity,,,,,,,2021-08-26,,,0,0,,0,,,,2466,,PNNT,2026-02-09
FedHC InvestCo II LP,co_6540cb875202,Other Equity,,,,,,,2021-12-23,,,2303,3128,,2303,,,,21817,,PNNT,2026-02-09
Gauge ETE Blocker LLC,co_131e2394be68,Other Equity,,,,,,,2023-05-24,,,374,374,,374,,,,374444,,PNNT,2026-02-09
Gauge Lash Coinvest LLC,co_7de9f89a03cb,Other Equity,,,,,,,2019-12-04,,,951,1882,,951,,,,1231392,,PNNT,2026-02-09
Gauge Loving Tan LP,co_02a85c695e43,Other Equity,,,,,,,2023-05-25,,,544,645,,544,,,,543562,,PNNT,2026-02-09
GCP Boss Holdco LLC,co_83f66fb721b7,Other Equity,,,,,,,2024-12-27,,,1045,1568,,1045,,,,1045100,,PNNT,2026-02-09
GGG MIDCO LLC,co_7807603ac0e6,Other Equity,,,,,,,2024-09-27,,,1223,1623,,1223,,,,1222700,,PNNT,2026-02-09
GMP Hills LP,co_6c9a30d07234,Other Equity,,,,,,,2023-11-02,,,3747,4759,,3747,,,,3747470,,PNNT,2026-02-09
IHS Parent Holdings LP,co_7f9eb1f9e5d1,Other Equity,,,,,,,2022-12-21,,,1218,1608,,1218,,,,1218045,,PNNT,2026-02-09
Kinetic Purchaser LLC,co_dcf36a882d65,Other Equity,,,,,,,2021-11-08,,,1309,0,,1309,,,,1308814,,PNNT,2026-02-09
Kinetic Purchaser LLC,co_dcf36a882d65,Other Equity,,,,,,,2021-11-08,,,135,0,,135,,,,115688,,PNNT,2026-02-09
KL Stockton Co-Invest LP,co_bbb1439875a0,Other Equity,,,,,,,2021-07-16,,,386,539,,386,,,,382353,,PNNT,2026-02-09
Magnolia Topco LP,co_4c3447b0d6cf,Other Equity,,,,,,,2023-07-25,,,0,0,,0,,,,1545460,,PNNT,2026-02-09
Magnolia Topco LP,co_4c3447b0d6cf,Other Equity,,,,,,,2023-07-25,,,0,0,,0,,,,1017840,,PNNT,2026-02-09
Megawatt Acquisition Partners LLC,co_75a48dcc706f,Other Equity,,,,,,,2024-06-28,,,59,0,,59,,,,594,,PNNT,2026-02-09
Municipal Emergency Services Inc.,co_80bfaf155c6d,Other Equity,Business Services,,,,,,2021-09-28,,,3984,9016,,3984,,,,3920145,,PNNT,2026-02-09
NEPRT Parent Holdings LLC,co_26610ea67624,Other Equity,,,,,,,2021-01-27,,,1250,339,,1250,,,,1299,,PNNT,2026-02-09
NXOF Holdings Inc.,co_493f5532d65d,Other Equity,,,,,,,2019-02-26,,,108,0,,108,,,,8188,,PNNT,2026-02-09
OceanSound Discovery Equity LP,co_fba996350cd5,Other Equity,,,,,,,2024-03-28,,,1200,1616,,1200,,,,119966,,PNNT,2026-02-09
OES Co-Invest LP,co_e1c5f67a3fab,Other Equity,,,,,,,2024-05-31,,,851,1016,,851,,,,840,,PNNT,2026-02-09
OHCP V BC COI LP,co_9e76b5faacac,Other Equity,,,,,,,2021-12-13,,,707,438,,707,,,,707209,,PNNT,2026-02-09
OHCP V BC COI LP,co_9e76b5faacac,Other Equity,,,,,,,2021-12-13,,,0,-16,,0,,,,42791,,PNNT,2026-02-09
OSP Embedded Aggregator LP,co_f08e68d34ee5,Other Equity,,,,,,,2023-12-11,,,871,997,,871,,,,871,,PNNT,2026-02-09
Pink Lily Holdco LLC,co_8edc281300c6,Other Equity,,,,,,,2021-11-05,,,1044,0,,1044,,,,1044,,PNNT,2026-02-09
te II LLC,co_b9a2f71934dc,Other Equity,Media & Entertainment,,,,,,2025-08-04,,,0,0,,0,,,,287,,PNNT,2026-02-09
QuantiTech InvestCo LP,co_c0f668123549,Other Equity,,,,,,,2020-05-01,,,0,97,,0,,,,700,,PNNT,2026-02-09
QuantiTech InvestCo II LP,co_c0f668123549,Other Equity,,,,,,,2020-05-01,,,12,7,,12,,,,40,,PNNT,2026-02-09
Providers & Services,co_673b4ac079e1,Other Equity,Healthcare,,,,,,2025-01-16,,,290,405,,290,,,,289700,,PNNT,2026-02-09
Sabel InvestCo LP,co_d7620f6d3e5a,Other Equity,,,,,,,2024-10-31,,,830,1003,,830,,,,32771,,PNNT,2026-02-09
Safe Haven Defense MidCo LLC,co_10da30ff93f6,Other Equity,Aerospace & Defense,,,,,,2024-05-23,,,245,2,,245,,,,245,,PNNT,2026-02-09
Seacoast Service Partners LLC,co_93608201db78,Other Equity,Business Services,,,,,,2024-12-20,,,351,258,,351,,,,274,,PNNT,2026-02-09
SP DXE Holdings LLC,co_cd8541e80287,Other Equity,,,,,,,2025-10-01,,,554,581,,554,,,,553592,,PNNT,2026-02-09
SP L2 Holdings LLC,co_f539becd7bc9,Other Equity,,,,,,,2021-11-04,,,917,0,,917,,,,129370318,,PNNT,2026-02-09
SSC Dominion Holdings LLC,co_5f44294c82d2,Other Equity,,,,,,,2018-07-11,,,0,2421,,0,,,,36,,PNNT,2026-02-09
TAC LifePort Holdings LLC,co_eebfe102f3eb,Other Equity,,,,,,,2021-02-24,,,239,493,,239,,,,254206,,PNNT,2026-02-09
Tinicum Space Coast Co-Invest LLC,co_59283f6a22eb,Other Equity,,,,,,,2024-10-29,,,2127,2279,,2127,,,,216,,PNNT,2026-02-09
Tinicum Space Coast Holdings LLC,co_de36294c58c5,Other Equity,,,,,,,2023-12-06,,,199,596,,199,,,,25,,PNNT,2026-02-09
TPC Holding Company LP,co_15609bc69d06,Other Equity,,,,,,,2019-12-04,,,12,0,,12,,,,11527,,PNNT,2026-02-09
Wash & Wax Systems. LLC,co_8010cce59b39,Other Equity,,,,,,,2025-04-30,,,917,643,,917,,,,514,,PNNT,2026-02-09
Watchtower Holdings LLC,co_ea15378ab55c,Other Equity,,,,,,,2023-11-29,,,1242,1404,,1242,,,,12419,,PNNT,2026-02-09
Kentucky Racing Holdco LLC,co_38f0b1e3f026,Other Equity,,,,,,,2019-04-16,,,0,1752,,0,,,,161252,,PNNT,2026-02-09
Dynata,co_388e12c6a10a,First Lien,,9.14%,,SOFR,5.76%,,2024-07-15,2028-07-17,1568,1489,1553,,1489,,,,,,PNNT,2026-02-09
Dynata,co_388e12c6a10a,First Lien,,9.64%,,SOFR,5.76%,,2024-07-15,2028-10-16,9646,9646,5848,,9646,,,,,,PNNT,2026-02-09
MDI Buyer Inc.,co_d7121c553600,First Lien,,8.57%,,SOFR,4.75%,,2024-12-20,2028-07-25,19677,19529,19677,,19529,,,,,,PNNT,2026-02-09
Aechelon Technology Inc.,co_2cd06b60c8c3,First Lien,Software & Technology,9.47%,,,,,2024-12-23,2029-08-16,16270,16192,16270,,16192,,,,,,PNNT,2026-02-09
Alpine Acquisition Corp.,co_78de638b4250,First Lien,,,,,,,2022-10-12,2026-11-30,15157,15028,6972,,15028,,,,,,PNNT,2026-02-09
Global Holdings InterCo LLC,co_a17b7cd0811e,First Lien,,9.33%,,,,,2022-03-02,2026-03-16,6290,6287,6290,,6287,,,,,,PNNT,2026-02-09
HV Watterson Holdings LLC,co_55a05656c359,First Lien,,,,,,,2022-09-09,2026-12-17,15523,15449,4936,,15449,,,,,,PNNT,2026-02-09
North American Rail Solutions Acquisition,co_4bd00635dc60,First Lien,,8.42%,,,,,2025-12-25,2031-08-29,10000,9958,9950,,9958,,,,,,PNNT,2026-02-09
Pink Lily Holdco LLC,co_8edc281300c6,First Lien,,4.27%,,,,,2022-04-01,2027-11-09,8913,8699,1114,,8699,,,,,,PNNT,2026-02-09
Ro Health LLC,co_85d8be6f2c5b,First Lien,,8.17%,,,,,2025-04-03,2031-01-17,9308,9250,9308,,9250,,,,,,PNNT,2026-02-09
STG Distribution,co_818c67249813,First Lien,Distribution & Wholesale,,,,,,2024-10-03,2029-10-03,1998,1907,1698,,1907,,,,,,PNNT,2026-02-09
STG Distribution,co_818c67249813,First Lien,Distribution & Wholesale,,,,,,2024-10-03,2029-10-03,4617,2593,346,,2593,,,,,,PNNT,2026-02-09
Wash & Wax Systems,co_23eb44288883,First Lien,,12%,,,,,2025-04-30,2028-07-30,4406,4406,4406,,4406,,,,,,PNNT,2026-02-09
New Insight Holdings,co_9243eb997b02,Common Equity,Financial Services,,,,,,2024-07-15,,,2351,1530,,2351,,,,134330,,PNNT,2026-02-09
Wash & Wax Group,co_8a54d1de8494,Common Equity,Financial Services,,,,,,2025-04-30,,,5002,3505,,5002,,,,2803,,PNNT,2026-02-09
White Tiger Newco,co_452c7fda837c,Common Equity,Financial Services,,,,,,2025-07-31,,,824,80,,824,,,,10805,,PNNT,2026-02-09
48Forty Intermediate Holdings,co_e02baf7b4123,Common Equity,Media & Entertainment,,,,,,2024-11-05,,,,0,,,,,,1988,,PNNT,2026-02-09
AKW Holdings Ltd.,co_2787c73ca657,Other,,,,,,,,,,,101421,,,,,,,,PNNT,2026-02-09
Flock Financial LLC,co_3398a3685380,Other,Financial Services,,,,,,,2027-10-19,,,53851,,,,,,,,PNNT,2026-02-09
JF Intermediate LLC,co_fbbbb0190855,Other,Media & Entertainment,,,,,,,,,,0,,,,,,,,PNNT,2026-02-09
Pragmatic Institute LLC,co_da0137ee8213,Other,Business Services,,,,,,,2030-03-28,,,9312,,,,,,,,PNNT,2026-02-09
PennantPark Senior Loan Fund LLC,co_56192a6bde4a,Other,Financial Services,,,,,,,2027-07-31,,,200054,,,,,,,,PNNT,2026-02-09
Cascade Environmental Holdings LLC,co_7374a2550c04,Other,Environmental Services,,,,,,,,,,1751,,,,,,,,PNNT,2026-02-09
