company_name,investment_type,industry,cash_rate,pik_rate,reference_rate,spread,floor_rate,acquisition_date,maturity_date,principal_amount,amortized_cost,fair_value,percent_of_net_assets,cost,commitment_limit,undrawn_commitment,rate_cap,shares,data_quality_flags,ticker,filing_date,ticker,filing_date
3PL Central LLC,First Lien,,,,,,,,,,,15000,,,,,,,dspy_extracted,RWAY,2023-03-02,RWAY,2023-03-02
"Brivo, Inc.",First Lien,,,,,,,,,,,16000,,,,,,,dspy_extracted,RWAY,2023-03-02,RWAY,2023-03-02
"CloudPay, Inc.",First Lien,Software & Technology,,,,,,,,,,15000,,,,,,,dspy_extracted,RWAY,2023-03-02,RWAY,2023-03-02
"Dtex Systems, Inc.",First Lien,,,,,,,,,,,15000,,,,,,,dspy_extracted,RWAY,2023-03-02,RWAY,2023-03-02
"EBR Systems, Inc.",First Lien,,,,,,,,,,,30000,,,,,,,dspy_extracted,RWAY,2023-03-02,RWAY,2023-03-02
"Intellisite Holdings, Inc.",First Lien,,,,,,,,,,,6000,,,,,,,dspy_extracted,RWAY,2023-03-02,RWAY,2023-03-02
Interactions Corp.,First Lien,,,,,,,,,,,10000,,,,,,,dspy_extracted,RWAY,2023-03-02,RWAY,2023-03-02
"Kin Insurance, Inc.",First Lien,Insurance,,,,,,,,,,25000,,,,,,,dspy_extracted,RWAY,2023-03-02,RWAY,2023-03-02
"Madison Reed, Inc.",First Lien,,,,,,,,,,,2400,,,,,,,dspy_extracted,RWAY,2023-03-02,RWAY,2023-03-02
"Moximed, Inc.",First Lien,,,,,,,,,,,15000,,,,,,,dspy_extracted,RWAY,2023-03-02,RWAY,2023-03-02
"Nalu Medical, Inc.",First Lien,Healthcare,,,,,,,,,,25000,,,,,,,dspy_extracted,RWAY,2023-03-02,RWAY,2023-03-02
"Revelle Aesthetics, Inc.",First Lien,,,,,,,,,,,12500,,,,,,,dspy_extracted,RWAY,2023-03-02,RWAY,2023-03-02
"Route 92 Medical, Inc.",First Lien,Healthcare,,,,,,,,,,42000,,,,,,,dspy_extracted,RWAY,2023-03-02,RWAY,2023-03-02
SetPoint Medical Corp.,First Lien,Healthcare,,,,,,,,,,40000,,,,,,,dspy_extracted,RWAY,2023-03-02,RWAY,2023-03-02
"Skillshare, Inc.",First Lien,,,,,,,,,,,15000,,,,,,,dspy_extracted,RWAY,2023-03-02,RWAY,2023-03-02
"Snagajob.com, Inc.",First Lien,,,,,,,,,,,6785,,,,,,,dspy_extracted,RWAY,2023-03-02,RWAY,2023-03-02
"Synack, Inc.",First Lien,,,,,,,,,,,25000,,,,,,,dspy_extracted,RWAY,2023-03-02,RWAY,2023-03-02
Circadence Corp.,First Lien,Software & Technology,,9.50 %,SOFR,9.50 %,12.26 %,2018-12-20,2023-12-15,19928,21260,17083,,,,,,,dspy_extracted,RWAY,2023-03-02,RWAY,2023-03-02
"Dtex Systems, Inc.",First Lien,Software & Technology,,,Prime,5.00 %,9.75 %,2021-06-01,2025-06-01,10000,10033,10033,,,,,,,dspy_extracted,RWAY,2023-03-02,RWAY,2023-03-02
"FiscalNote, Inc.",First Lien,Software & Technology,,1.00 %,Prime,5.00 %,9.00 %,2020-10-19,2027-07-15,39151,38655,38655,,,,,,,dspy_extracted,RWAY,2023-03-02,RWAY,2023-03-02
"FiscalNote, Inc.",First Lien,Software & Technology,,1.00 %,Prime,5.00 %,9.00 %,2021-09-30,2027-07-15,8700,8663,8663,,,,,,,dspy_extracted,RWAY,2023-03-02,RWAY,2023-03-02
"FiscalNote, Inc.",First Lien,Software & Technology,,1.00 %,Prime,5.00 %,9.00 %,2022-03-28,2027-07-15,17400,17148,17148,,,,,,,dspy_extracted,RWAY,2023-03-02,RWAY,2023-03-02
"VTX Intermediate Holdings, Inc.",First Lien,Software & Technology,,,SOFR,9.00 %,9.50 %,2021-12-28,2026-12-28,75000,75033,75033,,,,,,,dspy_extracted,RWAY,2023-03-02,RWAY,2023-03-02
"VTX Intermediate Holdings, Inc.",First Lien,Software & Technology,,,SOFR,9.00 %,9.50 %,2022-05-31,2026-12-28,10000,9967,9967,,,,,,,dspy_extracted,RWAY,2023-03-02,RWAY,2023-03-02
"Mustang Bio, Inc.",First Lien,Healthcare,,,SOFR,8.75 %,9.25 %,2022-03-04,2027-04-15,30000,29709,29709,,,,,,,dspy_extracted,RWAY,2023-03-02,RWAY,2023-03-02
"TRACON Pharmaceuticals, Inc.",First Lien,Healthcare,,,Prime,5.00 %,8.50 %,2022-09-02,2026-09-01,10000,9795,10000,,,,,,,dspy_extracted,RWAY,2023-03-02,RWAY,2023-03-02
Interactions Corp.,First Lien,Software & Technology,,,SOFR,9.26 %,9.76 %,2022-06-24,2027-06-15,40000,39504,39504,,,,,,,dspy_extracted,RWAY,2023-03-02,RWAY,2023-03-02
"ShareThis, Inc.",First Lien,Software & Technology,,,SOFR,9.25 %,11.86 %,2018-12-03,2025-07-15,19250,19710,19388,,,,,,,dspy_extracted,RWAY,2023-03-02,RWAY,2023-03-02
"ShareThis, Inc.",First Lien,Software & Technology,,,SOFR,9.25 %,11.86 %,2019-01-07,2025-07-15,750,768,755,,,,,,,dspy_extracted,RWAY,2023-03-02,RWAY,2023-03-02
"ShareThis, Inc.",First Lien,Software & Technology,,,SOFR,9.25 %,11.86 %,2019-07-24,2025-07-15,1000,1022,1007,,,,,,,dspy_extracted,RWAY,2023-03-02,RWAY,2023-03-02
"Vesta Payment Solutions, Inc.",First Lien,Software & Technology,,,SOFR,7.00 %,9.00 %,2022-11-29,2026-11-15,25000,24521,24521,,,,,,,dspy_extracted,RWAY,2023-03-02,RWAY,2023-03-02
"Turning Tech Intermediate, Inc.",First Lien,Education,,,SOFR,8.50 %,9.00 %,2021-06-22,2025-12-14,20000,20266,20266,,,,,,,dspy_extracted,RWAY,2023-03-02,RWAY,2023-03-02
"Turning Tech Intermediate, Inc.",First Lien,Education,,,SOFR,8.50 %,9.00 %,2022-03-28,2025-12-14,5000,5039,5039,,,,,,,dspy_extracted,RWAY,2023-03-02,RWAY,2023-03-02
"Brivo, Inc.",First Lien,Software & Technology,,50 %,SOFR,6.85 %,10.89 %,2022-10-20,2027-10-20,44378,43912,43912,,,,,,,dspy_extracted,RWAY,2023-03-02,RWAY,2023-03-02
"Intellisite Holdings, Inc.",First Lien,Software & Technology,,,SOFR,9.75 %,10.25 %,2021-12-17,2025-12-17,19000,18788,18788,,,,,,,dspy_extracted,RWAY,2023-03-02,RWAY,2023-03-02
"Intellisite Holdings, Inc.",First Lien,Software & Technology,,,SOFR,9.75 %,10.25 %,2022-02-28,2025-12-17,3000,2989,2989,,,,,,,dspy_extracted,RWAY,2023-03-02,RWAY,2023-03-02
"Intellisite Holdings, Inc.",First Lien,Software & Technology,,,SOFR,9.75 %,10.25 %,2022-03-29,2025-12-17,5000,4970,4970,,,,,,,dspy_extracted,RWAY,2023-03-02,RWAY,2023-03-02
"Intellisite Holdings, Inc.",First Lien,Software & Technology,,,SOFR,9.75 %,10.25 %,2022-07-19,2025-12-17,3000,2976,2976,,,,,,,dspy_extracted,RWAY,2023-03-02,RWAY,2023-03-02
"Intellisite Holdings, Inc.",First Lien,Software & Technology,,,SOFR,9.75 %,10.25 %,2022-11-16,2025-12-17,2000,1958,1958,,,,,,,dspy_extracted,RWAY,2023-03-02,RWAY,2023-03-02
"Moximed, Inc.",First Lien,Healthcare,,,Prime,5.25%,8.75%,2022-06-24,2027-07-01,15000,14772,14772,,,,,,,dspy_extracted,RWAY,2023-03-02,RWAY,2023-03-02
"Revelle Aesthetics, Inc.",First Lien,Healthcare,,,Prime,5.50%,8.75%,2022-03-30,2027-04-01,12500,12377,12377,,,,,,,dspy_extracted,RWAY,2023-03-02,RWAY,2023-03-02
"Allurion Technologies, Inc.",First Lien,Healthcare,,,Prime,6.44%,9.50%,2021-12-30,2026-12-30,5000,4917,4917,,,,,,,dspy_extracted,RWAY,2023-03-02,RWAY,2023-03-02
"Allurion Technologies, Inc.",First Lien,Healthcare,,,Prime,6.44%,9.50%,2021-12-30,2026-12-30,20000,20151,20151,,,,,,,dspy_extracted,RWAY,2023-03-02,RWAY,2023-03-02
"Allurion Technologies, Inc.",First Lien,Healthcare,,,Prime,6.44%,9.50%,2022-06-14,2026-12-30,15000,14850,14850,,,,,,,dspy_extracted,RWAY,2023-03-02,RWAY,2023-03-02
"Allurion Technologies, Inc.",First Lien,Healthcare,,,Prime,6.44%,9.50%,2022-10-27,2026-12-30,15000,14797,14797,,,,,,,dspy_extracted,RWAY,2023-03-02,RWAY,2023-03-02
"EBR Systems, Inc.",First Lien,Healthcare,,,Prime,4.90%,8.90%,2022-06-30,2027-06-15,20000,19648,19648,,,,,,,dspy_extracted,RWAY,2023-03-02,RWAY,2023-03-02
"Gynesonics, Inc.",First Lien,Healthcare,,,SOFR,8.75%,9.25%,2020-12-01,2025-12-01,30000,30135,30135,,,,,,,dspy_extracted,RWAY,2023-03-02,RWAY,2023-03-02
"Gynesonics, Inc.",First Lien,Healthcare,,,SOFR,8.75%,9.25%,2022-08-30,2025-12-01,20000,19887,19887,,,,,,,dspy_extracted,RWAY,2023-03-02,RWAY,2023-03-02
"Mingle Healthcare Solutions, Inc.",First Lien,Healthcare,,0.25%,SOFR,9.50%,12.01%,2018-08-15,2023-12-15,4015,4615,3821,,,,,,,dspy_extracted,RWAY,2023-03-02,RWAY,2023-03-02
"Nalu Medical, Inc.",First Lien,Healthcare,,2.00%,Prime,2.70%,6.70%,2022-10-12,2027-10-12,20071,19756,19756,,,,,,,dspy_extracted,RWAY,2023-03-02,RWAY,2023-03-02
"Route 92 Medical, Inc.",First Lien,Healthcare,,,SOFR,8.48%,8.98%,2021-08-17,2026-07-01,13000,12843,12843,,,,,,,dspy_extracted,RWAY,2023-03-02,RWAY,2023-03-02
SetPoint Medical Corp.,First Lien,Healthcare,,,SOFR,5.75%,9.00%,2022-12-29,2027-12-01,25000,24802,24802,,,,,,,dspy_extracted,RWAY,2023-03-02,RWAY,2023-03-02
VERO Biotech LLC,First Lien,Healthcare,,,SOFR,9.05%,9.55%,2020-12-29,2024-12-01,25000,25125,25125,,,,,,,dspy_extracted,RWAY,2023-03-02,RWAY,2023-03-02
VERO Biotech LLC,First Lien,Healthcare,,,SOFR,9.05%,9.55%,2021-03-30,2024-12-01,15000,15183,15183,,,,,,,dspy_extracted,RWAY,2023-03-02,RWAY,2023-03-02
"CloudPay, Inc.",First Lien,Business Services,,,Prime,6.25%,10.25%,2022-09-26,2027-08-17,60000,59693,59693,,,,,,,dspy_extracted,RWAY,2023-03-02,RWAY,2023-03-02
"Snagajob.com, Inc.",First Lien,Business Services,,,SOFR,8.50%,9.00%,2021-09-29,2025-09-01,37609,37574,36785,,,,,,,dspy_extracted,RWAY,2023-03-02,RWAY,2023-03-02
"Madison Reed, Inc.",First Lien,Consumer & Retail,,,Prime,4.75%,11.00%,2022-12-16,2026-12-16,9600,9353,9353,,,,,,,dspy_extracted,RWAY,2023-03-02,RWAY,2023-03-02
Marley Spoon AG,First Lien,Consumer & Retail,,1.25%,SOFR,8.50%,9.26%,2021-06-30,2025-06-15,26780,26567,26567,,,,,,,dspy_extracted,RWAY,2023-03-02,RWAY,2023-03-02
Marley Spoon AG,First Lien,Consumer & Retail,,1.25%,SOFR,8.50%,9.26%,2021-12-29,2025-06-15,8199,8158,8158,,,,,,,dspy_extracted,RWAY,2023-03-02,RWAY,2023-03-02
Marley Spoon AG,First Lien,Consumer & Retail,,1.25%,SOFR,8.50%,9.26%,2022-06-14,2025-06-15,11775,11775,11775,,,,,,,dspy_extracted,RWAY,2023-03-02,RWAY,2023-03-02
Bombora Inc.,First Lien,Software & Technology,5.00 %,3.75 %,SOFR,,5.76 %,2021-03-31,2025-03-31,21341,21337,21337,,,,,,,dspy_extracted,RWAY,2023-03-02,RWAY,2023-03-02
Fidelis Cybersecurity Inc.,First Lien,Software & Technology,11.00 %,,SOFR,,12.00 %,2021-05-13,2024-05-13,12205,12360,11857,,,,,,,dspy_extracted,RWAY,2023-03-02,RWAY,2023-03-02
Fidelis Cybersecurity Inc.,First Lien,Software & Technology,11.00 %,,SOFR,,12.00 %,2022-03-25,2024-05-13,8947,8986,8692,,,,,,,dspy_extracted,RWAY,2023-03-02,RWAY,2023-03-02
INRIX Inc.,First Lien,Software & Technology,9.00 %,,SOFR,,9.76 %,2021-11-15,2025-11-15,40000,40296,40296,,,,,,,dspy_extracted,RWAY,2023-03-02,RWAY,2023-03-02
INRIX Inc.,First Lien,Software & Technology,9.00 %,,SOFR,,9.76 %,2022-05-03,2025-11-15,5000,5033,5033,,,,,,,dspy_extracted,RWAY,2023-03-02,RWAY,2023-03-02
Skillshare Inc.,First Lien,Software & Technology,6.50 %,,SOFR,,10.72 %,2022-11-08,2026-11-08,25000,24414,24414,,,,,,,dspy_extracted,RWAY,2023-03-02,RWAY,2023-03-02
Synack Inc.,First Lien,Software & Technology,4.25 %,,Prime,,8.25 %,2022-06-30,2027-06-30,35000,34906,34906,,,,,,,dspy_extracted,RWAY,2023-03-02,RWAY,2023-03-02
Kin Insurance Inc.,First Lien,Insurance,6.25 %,,Prime,,12.50 %,2022-09-26,2026-09-15,50000,49143,49143,,,,,,,dspy_extracted,RWAY,2023-03-02,RWAY,2023-03-02
3PL Central LLC,First Lien,Software & Technology,4.50 %,2.50 %,SOFR,,6.50,2022-11-09,2027-11-09,65163,64429,64429,,,,,,,dspy_extracted,RWAY,2023-03-02,RWAY,2023-03-02
Dejero Labs Inc.,Second Lien,Software & Technology,5.00 %,5.00 %,SOFR,,5.50,2021-12-22,2025-12-22,13661,13654,13654,,,,,,,dspy_extracted,RWAY,2023-03-02,RWAY,2023-03-02
Aria Systems Inc.,Preferred Equity,Software & Technology,,,N/A,,,2018-07-10,,,250,347,,,,,,,dspy_extracted,RWAY,2023-03-02,RWAY,2023-03-02
CareCloud Inc.,Preferred Equity,Healthcare,11 %,,N/A,,,2020-01-08,,,12132,12335,,,,,,,dspy_extracted,RWAY,2023-03-02,RWAY,2023-03-02
FiscalNote Inc.,Common Equity,Software & Technology,,,N/A,,,2020-10-19,,230881,,1422,,438,,,,,cost_suspicious_vs_size|dspy_extracted|fair_value_suspicious_vs_size,RWAY,2023-03-02,RWAY,2023-03-02
Quantum Corp.,Common Equity,Software & Technology,,,N/A,,,2021-08-13,,459720,,501,,2607,,,,,cost_suspicious_vs_size|dspy_extracted|fair_value_suspicious_vs_size,RWAY,2023-03-02,RWAY,2023-03-02
zSpace Inc.,Common Equity,Software & Technology,,,N/A,,,2020-12-31,,6078499,,,,1119,,,,,cost_suspicious_vs_size|dspy_extracted,RWAY,2023-03-02,RWAY,2023-03-02
STN Video Inc.,Warrants,Media & Entertainment,,,N/A,,,2017-06-30,2027-06-30,191500,,,,246,,,,,cost_suspicious_vs_size|dspy_extracted,RWAY,2023-03-02,RWAY,2023-03-02
3DNA Corp.,Warrants,Software & Technology,,,N/A,,,2018-12-28,2028-12-28,273164,,,,104,,,,,cost_suspicious_vs_size|dspy_extracted,RWAY,2023-03-02,RWAY,2023-03-02
Aria Systems Inc.,Warrants,Software & Technology,,,N/A,,,2018-06-29,2028-06-29,2387705,,2865,,1048,,,,,cost_suspicious_vs_size|dspy_extracted|fair_value_suspicious_vs_size,RWAY,2023-03-02,RWAY,2023-03-02
Circadence Corp.,Warrants,Software & Technology,,,N/A,,,2018-12-20,2028-12-20,1538462,,87,,3630,,,,,cost_suspicious_vs_size|dspy_extracted|fair_value_suspicious_vs_size,RWAY,2023-03-02,RWAY,2023-03-02
Circadence Corp.,Warrants,Software & Technology,,,N/A,,,2019-10-31,2029-10-31,384615,,22,,845,,,,,cost_suspicious_vs_size|dspy_extracted|fair_value_suspicious_vs_size,RWAY,2023-03-02,RWAY,2023-03-02
Dtex Systems Inc.,Warrants,Software & Technology,,,N/A,,,2018-06-01,2025-06-01,500000,,214,,59,,,,,cost_suspicious_vs_size|dspy_extracted|fair_value_suspicious_vs_size,RWAY,2023-03-02,RWAY,2023-03-02
Dtex Systems Inc.,Warrants,Software & Technology,,,N/A,,,2019-07-11,2026-07-11,833333,,356,,115,,,,,cost_suspicious_vs_size|dspy_extracted|fair_value_suspicious_vs_size,RWAY,2023-03-02,RWAY,2023-03-02
FiscalNote Inc.,Warrants,Software & Technology,,,N/A,,,2022-07-29,2027-07-29,,,105,,127,,,,,dspy_extracted,RWAY,2023-03-02,RWAY,2023-03-02
Mustang Bio Inc.,Warrants,Healthcare,,,N/A,,,2022-03-04,2032-03-04,748036,,59,,315,,,,,cost_suspicious_vs_size|dspy_extracted|fair_value_suspicious_vs_size,RWAY,2023-03-02,RWAY,2023-03-02
TRACON Pharmaceuticals Inc.,Warrants,Healthcare,,,N/A,,,2022-09-02,2032-09-02,150753,,157,,226,,,,,cost_suspicious_vs_size|dspy_extracted|fair_value_suspicious_vs_size,RWAY,2023-03-02,RWAY,2023-03-02
Massdrop Inc.,Warrants,Consumer & Retail,,,N/A,,,2019-07-22,2029-07-22,848093,,68,,183,,,,,cost_suspicious_vs_size|dspy_extracted|fair_value_suspicious_vs_size,RWAY,2023-03-02,RWAY,2023-03-02
Interactions Corp.,Warrants,Software & Technology,,,N/A,,,2022-06-24,2032-06-24,189408,,204,,219,,,,,cost_suspicious_vs_size|dspy_extracted|fair_value_suspicious_vs_size,RWAY,2023-03-02,RWAY,2023-03-02
"ShareThis, Inc.",Warrants,Software & Technology,,,N/A,,,2018-12-03,2028-12-03,647615,,1728,,2162,,,,,cost_suspicious_vs_size|dspy_extracted|fair_value_suspicious_vs_size,RWAY,2023-03-02,RWAY,2023-03-02
"Brivo, Inc.",Warrants,Software & Technology,,,N/A,,,2022-10-20,2032-10-20,201000,,107,,98,,,,,cost_suspicious_vs_size|dspy_extracted|fair_value_suspicious_vs_size,RWAY,2023-03-02,RWAY,2023-03-02
"Epic IO Technologies, Inc.",Warrants,Software & Technology,,,N/A,,,2021-12-17,2024-12-17,,,456,,430,,,,,dspy_extracted,RWAY,2023-03-02,RWAY,2023-03-02
"Moximed, Inc.",Warrants,Healthcare,,,N/A,,,2022-06-24,2032-06-24,214285,,163,,175,,,,,cost_suspicious_vs_size|dspy_extracted|fair_value_suspicious_vs_size,RWAY,2023-03-02,RWAY,2023-03-02
"Revelle Aesthetics, Inc.",Warrants,Healthcare,,,N/A,,,2022-03-30,3032-03-30,115591,,121,,127,,,,,cost_suspicious_vs_size|dspy_extracted|fair_value_suspicious_vs_size,RWAY,2023-03-02,RWAY,2023-03-02
"Allurion Technologies, Inc.",Warrants,Healthcare,,,N/A,,,2021-03-30,2031-03-30,132979,,632,,283,,,,,cost_suspicious_vs_size|dspy_extracted|fair_value_suspicious_vs_size,RWAY,2023-03-02,RWAY,2023-03-02
"Allurion Technologies, Inc.",Warrants,Healthcare,,,N/A,,,2022-06-14,2031-03-30,88440,,259,,284,,,,,cost_suspicious_vs_size|dspy_extracted|fair_value_suspicious_vs_size,RWAY,2023-03-02,RWAY,2023-03-02
"CareCloud, Inc.",Warrants,Healthcare,,,N/A,,,2020-01-08,2023-01-08,1000000,,,,837,,,,,cost_suspicious_vs_size|dspy_extracted,RWAY,2023-03-02,RWAY,2023-03-02
"EBR Systems, Inc.",Warrants,Healthcare,,,N/A,,,2022-06-30,2032-06-30,,,305,,292,,,,,dspy_extracted,RWAY,2023-03-02,RWAY,2023-03-02
"Gynesonics, Inc.",Warrants,Healthcare,,,N/A,,,2021-11-19,2031-11-19,27978115,,446,,341,,,,,cost_suspicious_vs_size|dspy_extracted|fair_value_suspicious_vs_size,RWAY,2023-03-02,RWAY,2023-03-02
"Mingle Healthcare Solutions, Inc.",Warrants,Healthcare,,,N/A,,,2018-08-15,2028-08-15,1770973,,,,492,,,,,cost_suspicious_vs_size|dspy_extracted,RWAY,2023-03-02,RWAY,2023-03-02
"Nalu Medical, Inc.",Warrants,Healthcare,,,N/A,,,2022-10-12,2032-10-12,91717,,137,,173,,,,,cost_suspicious_vs_size|dspy_extracted|fair_value_suspicious_vs_size,RWAY,2023-03-02,RWAY,2023-03-02
"Route 92 Medical, Inc.",Warrants,Healthcare,,,N/A,,,2021-08-17,2031-08-17,,,297,,248,,,,,dspy_extracted,RWAY,2023-03-02,RWAY,2023-03-02
SetPoint Medical Corp.,Warrants,Healthcare,,,N/A,,,2021-06-29,2031-06-29,400000,,50,,14,,,,,cost_suspicious_vs_size|dspy_extracted|fair_value_suspicious_vs_size,RWAY,2023-03-02,RWAY,2023-03-02
SetPoint Medical Corp.,Warrants,Healthcare,,,N/A,,,2022-12-29,2032-12-29,600000,,74,,74,,,,,cost_suspicious_vs_size|dspy_extracted|fair_value_suspicious_vs_size,RWAY,2023-03-02,RWAY,2023-03-02
VERO Biotech LLC,Warrants,Healthcare,,,N/A,,,2020-12-29,2025-12-29,,,394,,377,,,,,dspy_extracted,RWAY,2023-03-02,RWAY,2023-03-02
"CloudPay, Inc.",Warrants,Business Services,,,N/A,,,2020-06-30,2030-06-30,11273,,920,,218,,,,,cost_suspicious_vs_size|dspy_extracted,RWAY,2023-03-02,RWAY,2023-03-02
"CloudPay, Inc.",Warrants,Business Services,,,N/A,,,2021-08-17,2031-08-17,6129,,170,,160,,,,,cost_suspicious_vs_size|dspy_extracted|fair_value_suspicious_vs_size,RWAY,2023-03-02,RWAY,2023-03-02
"Snagajob.com, Inc.",Warrants,Business Services,,,N/A,,,2021-09-29,2031-09-29,763269,,220,,343,,,,,cost_suspicious_vs_size|dspy_extracted|fair_value_suspicious_vs_size,RWAY,2023-03-02,RWAY,2023-03-02
Madison Reed Inc.,Warrants,Consumer & Retail,,,N/A,,,2022-12-16,,,,133,,132,,,,,dspy_extracted,RWAY,2023-03-02,RWAY,2023-03-02
Bombora Inc.,Warrants,Software & Technology,,,N/A,,,2021-03-31,2031-03-31,121581,,248,,175,,,,,cost_suspicious_vs_size|dspy_extracted|fair_value_suspicious_vs_size,RWAY,2023-03-02,RWAY,2023-03-02
Fidelis Cybersecurity Inc.,Warrants,Software & Technology,,,N/A,,,2022-03-25,2032-03-25,,,100,,79,,,,,dspy_extracted,RWAY,2023-03-02,RWAY,2023-03-02
INRIX Inc.,Warrants,Software & Technology,,,N/A,,,2019-07-26,2029-07-26,150804,,2198,,522,,,,,cost_suspicious_vs_size|dspy_extracted|fair_value_suspicious_vs_size,RWAY,2023-03-02,RWAY,2023-03-02
Longtail Ad Solutions Inc.,Warrants,Software & Technology,,,N/A,,,2019-12-12,2029-12-12,387596,,345,,47,,,,,cost_suspicious_vs_size|dspy_extracted|fair_value_suspicious_vs_size,RWAY,2023-03-02,RWAY,2023-03-02
Skillshare Inc.,Warrants,Software & Technology,,,N/A,,,2022-11-08,2026-11-08,,,225,,243,,,,,dspy_extracted,RWAY,2023-03-02,RWAY,2023-03-02
Synack Inc.,Warrants,Software & Technology,,,N/A,,,2022-06-30,2032-06-30,100645,,129,,127,,,,,cost_suspicious_vs_size|dspy_extracted|fair_value_suspicious_vs_size,RWAY,2023-03-02,RWAY,2023-03-02
Kin Insurance Inc.,Warrants,Insurance,,,N/A,,,2022-09-26,2032-09-26,41576,,297,,302,,,,,cost_suspicious_vs_size|dspy_extracted|fair_value_suspicious_vs_size,RWAY,2023-03-02,RWAY,2023-03-02
AllClear ID Inc.,Warrants,Business Services,,,N/A,,,2017-09-01,2027-09-01,870514,,,,1750,,,,,cost_suspicious_vs_size|dspy_extracted,RWAY,2023-03-02,RWAY,2023-03-02
Credit Sesame Inc.,Warrants,Financial Services,,,N/A,,,2020-01-07,2030-01-07,191601,,796,,425,,,,,cost_suspicious_vs_size|dspy_extracted|fair_value_suspicious_vs_size,RWAY,2023-03-02,RWAY,2023-03-02
Dejero Labs Inc.,Warrants,Telecommunications,,,N/A,,,2019-05-31,2029-05-31,333621,,191,,192,,,,,cost_suspicious_vs_size|dspy_extracted|fair_value_suspicious_vs_size,RWAY,2023-03-02,RWAY,2023-03-02
Scale Computing Inc.,Warrants,Software & Technology,,,N/A,,,2019-03-29,2029-03-29,9665667,,,,346,,,,,cost_suspicious_vs_size|dspy_extracted,RWAY,2023-03-02,RWAY,2023-03-02
RealWear Inc.,Warrants,Software & Technology,,,N/A,,,2018-10-05,2028-10-05,112451,,246,,136,,,,,cost_suspicious_vs_size|dspy_extracted|fair_value_suspicious_vs_size,RWAY,2023-03-02,RWAY,2023-03-02
RealWear Inc.,Warrants,Software & Technology,,,N/A,,,2018-12-28,2028-12-28,22491,,49,,25,,,,,cost_suspicious_vs_size|dspy_extracted|fair_value_suspicious_vs_size,RWAY,2023-03-02,RWAY,2023-03-02
RealWear Inc.,Warrants,Software & Technology,,,N/A,,,2019-06-27,2029-06-27,123894,,272,,381,,,,,cost_suspicious_vs_size|dspy_extracted|fair_value_suspicious_vs_size,RWAY,2023-03-02,RWAY,2023-03-02
Coginiti Corp.,Common Equity,Software & Technology,,,N/A,,,2020-03-09,,,4551,1174,,1040160,,,,,dspy_extracted|fair_value_suspicious_vs_size,RWAY,2023-03-02,RWAY,2023-03-02
Coginiti Corp.,Warrants,Software & Technology,,,N/A,,,2020-03-09,2030-03-09,,,910,,811770,,,,,dspy_extracted|fair_value_suspicious_vs_size,RWAY,2023-03-02,RWAY,2023-03-02
Pivot3 Inc.,First Lien,Software & Technology,,8.50 %,LIBOR,,11.00 %,2019-05-13,2023-01-15,18598,19172,9290,,,,,,,dspy_extracted,RWAY,2023-03-02,RWAY,2023-03-02
Coginiti Corp.,First Lien,,,9.50%,LIBOR,,10.81%,,2022-12-15,,,0,,,,,,,dspy_extracted,RWAY,2023-03-02,RWAY,2023-03-02
"Mojix, Inc.",First Lien,,12.00%,,LIBOR,12.00%,,,2025-01-15,,,0,,,,,,,dspy_extracted,RWAY,2023-03-02,RWAY,2023-03-02
"Pivot3, Inc.",First Lien,,,8.50%,LIBOR,,11.00%,,2022-11-15,,,9290,,,,,,,dspy_extracted,RWAY,2023-03-02,RWAY,2023-03-02
"Aginity, Inc.",First Lien,Software & Technology,,9.50 %,LIBOR,,10.81 %,2020-03-24,2022-12-15,899,899,899,,899,,,,,dspy_extracted,RWAY,2023-03-02,RWAY,2023-03-02
"Aginity, Inc.",First Lien,Software & Technology,,6.50 %,Fixed,,,2020-03-09,2027-03-09,4472,4472,2349,,4472,,,,,dspy_extracted,RWAY,2023-03-02,RWAY,2023-03-02
Circadence Corp.,First Lien,Software & Technology,,9.50 %,LIBOR,,12.00 %,2018-12-20,2022-12-15,17574,18111,15884,,17574,,,,,dspy_extracted,RWAY,2023-03-02,RWAY,2023-03-02
"Dtex Systems, Inc.",First Lien,Software & Technology,9.50 %,,LIBOR,,10.00 %,2021-06-01,2025-06-01,10000,9942,9942,,10000,,,,,dspy_extracted,RWAY,2023-03-02,RWAY,2023-03-02
"FiscalNote, Inc.",First Lien,Software & Technology,9.25 %,,LIBOR,,9.75 %,2020-10-19,2023-08-21,45000,45491,45491,,45000,,,,,dspy_extracted,RWAY,2023-03-02,RWAY,2023-03-02
"FiscalNote, Inc.",First Lien,Software & Technology,9.25 %,,LIBOR,,9.75 %,2021-09-30,2023-08-21,10000,9990,9990,,10000,,,,,dspy_extracted,RWAY,2023-03-02,RWAY,2023-03-02
"VTX Intermediate Holdings, Inc.",First Lien,Software & Technology,9.00 %,,LIBOR,,9.50 %,2021-12-28,2026-12-28,75000,74257,74257,,75000,,,,,dspy_extracted,RWAY,2023-03-02,RWAY,2023-03-02
"ShareThis, Inc.",First Lien,Software & Technology,9.25 %,,LIBOR,,11.60 %,2018-12-03,2023-07-15,19250,19349,19349,,19250,,,,,dspy_extracted,RWAY,2023-03-02,RWAY,2023-03-02
"ShareThis, Inc.",First Lien,Software & Technology,9.25 %,,LIBOR,,11.60 %,2019-01-07,2023-07-15,750,752,752,,750,,,,,dspy_extracted,RWAY,2023-03-02,RWAY,2023-03-02
"ShareThis, Inc.",First Lien,Software & Technology,9.25 %,,LIBOR,,11.60 %,2019-07-24,2023-07-15,1000,998,998,,1000,,,,,dspy_extracted,RWAY,2023-03-02,RWAY,2023-03-02
"ShareThis, Inc.",First Lien,Software & Technology,8.25 %,,LIBOR,,10.60 %,2020-08-18,2023-07-15,1000,1014,1014,,1000,,,,,dspy_extracted,RWAY,2023-03-02,RWAY,2023-03-02
"Turning Tech Intermediate, Inc.",First Lien,Education,10.50 %,,LIBOR,,11.00 %,2021-06-22,2024-12-14,20000,20099,20099,,20000,,,,,dspy_extracted,RWAY,2023-03-02,RWAY,2023-03-02
"Intellisite Holdings, Inc.",First Lien,Software & Technology,9.75 %,,LIBOR,,10.25 %,2021-12-17,2025-12-17,19000,18522,18522,,19000,,,,,dspy_extracted,RWAY,2023-03-02,RWAY,2023-03-02
"Allurion Technologies, Inc.",First Lien,Healthcare,9.00 %,,LIBOR,,9.50 %,2021-12-30,2025-12-30,5000,4848,4848,,5000,,,,,dspy_extracted,RWAY,2023-03-02,RWAY,2023-03-02
"Allurion Technologies, Inc.",First Lien,Healthcare,9.00 %,,LIBOR,,9.50 %,2021-12-30,2025-12-30,20000,20001,20001,,20000,,,,,dspy_extracted,RWAY,2023-03-02,RWAY,2023-03-02
"CrossRoads Extremity Systems, LLC",First Lien,Healthcare,8.15 %,1.50 %,LIBOR,,8.65 %,2021-06-29,2025-07-01,7553,7381,7701,,7553,,,,,dspy_extracted,RWAY,2023-03-02,RWAY,2023-03-02
"Gynesonics, Inc.",First Lien,Healthcare,8.75 %,,LIBOR,,9.25 %,2020-12-01,2025-12-01,30000,29799,29799,,30000,,,,,dspy_extracted,RWAY,2023-03-02,RWAY,2023-03-02
"Mingle Healthcare Solutions, Inc.",First Lien,Healthcare,9.50 %,0.25 %,LIBOR,,11.75 %,2018-08-15,2022-08-15,3958,4474,4372,,3958,,,,,dspy_extracted,RWAY,2023-03-02,RWAY,2023-03-02
"Route 92 Medical, Inc.",First Lien,Healthcare,8.48 %,,LIBOR,,8.98 %,2021-08-17,2026-07-01,13000,12676,12676,,13000,,,,,dspy_extracted,RWAY,2023-03-02,RWAY,2023-03-02
SetPoint Medical Corp.,First Lien,Healthcare,8.75 %,,LIBOR,,9.25 %,2021-06-29,2025-12-01,10000,9946,9946,,10000,,,,,dspy_extracted,RWAY,2023-03-02,RWAY,2023-03-02
VERO Biotech LLC,First Lien,Healthcare,9.05 %,,LIBOR,,9.55 %,2020-12-29,2024-12-01,25000,24681,24681,,25000,,,,,dspy_extracted,RWAY,2023-03-02,RWAY,2023-03-02
VERO Biotech LLC,First Lien,Healthcare,9.05 %,,LIBOR,,9.55 %,2021-03-30,2024-12-01,15000,14990,14990,,15000,,,,,dspy_extracted,RWAY,2023-03-02,RWAY,2023-03-02
CloudPay Inc.,First Lien,Business Services,8.75%,,LIBOR,8.75%,9.25%,2021-08-17,2025-08-17,35000,,34864,,34863,,,,,dspy_extracted,RWAY,2023-03-02,RWAY,2023-03-02
Snagajob.com Inc.,First Lien,Business Services,8.50%,,LIBOR,8.50%,9.00%,2021-09-29,2025-09-01,37315,,36848,,36848,,,,,dspy_extracted,RWAY,2023-03-02,RWAY,2023-03-02
Brilliant Earth LLC,First Lien,Consumer & Retail,7.75%,,LIBOR,7.75%,8.25%,2019-09-30,2023-10-15,35000,,35849,,35861,,,,,dspy_extracted,RWAY,2023-03-02,RWAY,2023-03-02
Brilliant Earth LLC,First Lien,Consumer & Retail,7.75%,,LIBOR,7.75%,8.25%,2020-12-17,2023-10-15,30000,,30727,,29970,,,,,dspy_extracted,RWAY,2023-03-02,RWAY,2023-03-02
Marley Spoon AG,First Lien,Consumer & Retail,8.50%,1.25%,LIBOR,8.50%,9.00%,2021-06-30,2025-06-15,26443,,26061,,26061,,,,,dspy_extracted,RWAY,2023-03-02,RWAY,2023-03-02
Marley Spoon AG,First Lien,Consumer & Retail,8.50%,1.25%,LIBOR,8.50%,9.00%,2021-12-29,2025-06-15,8100,,8019,,8019,,,,,dspy_extracted,RWAY,2023-03-02,RWAY,2023-03-02
Bombora Inc.,First Lien,Software & Technology,5.00%,3.75%,LIBOR,5.00%,5.50%,2021-03-31,2025-03-31,20546,,20326,,20326,,,,,dspy_extracted,RWAY,2023-03-02,RWAY,2023-03-02
Fidelis Cybersecurity Inc.,First Lien,Software & Technology,11.00%,,LIBOR,11.00%,12.0%,2021-05-13,2024-05-13,13641,,13624,,13624,,,,,dspy_extracted,RWAY,2023-03-02,RWAY,2023-03-02
INRIX Inc.,First Lien,Software & Technology,9.00%,,LIBOR,9.00%,9.50%,2021-11-15,2025-11-15,40000,,39916,,39916,,,,,dspy_extracted,RWAY,2023-03-02,RWAY,2023-03-02
Dejero Labs Inc.,Second Lien,Software & Technology,5.00%,5.00%,LIBOR,5.00%,5.50,2021-12-22,2025-12-22,13000,,12873,,12873,,,,,dspy_extracted,RWAY,2023-03-02,RWAY,2023-03-02
Aria Systems Inc.,Preferred Equity,Software & Technology,,,N/A,,,2018-07-10,,,,462,,250,,,,,dspy_extracted,RWAY,2023-03-02,RWAY,2023-03-02
CareCloud Inc.,Preferred Equity,Healthcare,11%,,N/A,,,2020-01-08,,,,15705,,14288,,,,,dspy_extracted,RWAY,2023-03-02,RWAY,2023-03-02
Porch Group Inc.,Common Equity,Software & Technology,,,N/A,,,2021-12-21,,,,22,,1429,,,,,dspy_extracted|fair_value_suspicious_vs_size,RWAY,2023-03-02,RWAY,2023-03-02
Brilliant Earth Group Inc.,Other,Consumer & Retail,,,N/A,,,2021-09-22,,,,8904,,984,,,,,dspy_extracted,RWAY,2023-03-02,RWAY,2023-03-02
Quantum Corp.,Common Equity,Software & Technology,,,N/A,,,2021-08-13,,,,2538,,2607,,,,,dspy_extracted,RWAY,2023-03-02,RWAY,2023-03-02
Aginity Inc.,Warrants,Software & Technology,,,N/A,,,2020-03-09,2030-03-09,,,1009,,811770,,,,,dspy_extracted|fair_value_suspicious_vs_size,RWAY,2023-03-02,RWAY,2023-03-02
Aria Systems Inc.,Warrants,Software & Technology,,,N/A,,,2018-06-29,2028-06-29,,,3812,,2387705,,,,,dspy_extracted|fair_value_suspicious_vs_size,RWAY,2023-03-02,RWAY,2023-03-02
Circadence Corp.,Warrants,Software & Technology,,,N/A,,,2018-12-20,2028-12-20,,,809,,1538462,,,,,dspy_extracted|fair_value_suspicious_vs_size,RWAY,2023-03-02,RWAY,2023-03-02
Circadence Corp.,Warrants,Software & Technology,,,N/A,,,2019-10-31,2029-10-31,,,202,,384615,,,,,dspy_extracted|fair_value_suspicious_vs_size,RWAY,2023-03-02,RWAY,2023-03-02
Dtex Systems Inc.,Warrants,Software & Technology,,,N/A,,,2018-06-01,2025-06-01,,,307,,500000,,,,,dspy_extracted|fair_value_suspicious_vs_size,RWAY,2023-03-02,RWAY,2023-03-02
Dtex Systems Inc.,Warrants,Software & Technology,,,N/A,,,2019-07-11,2026-07-11,,,511,,833333,,,,,dspy_extracted|fair_value_suspicious_vs_size,RWAY,2023-03-02,RWAY,2023-03-02
FiscalNote Inc.,Warrants,Software & Technology,,,N/A,,,2020-10-19,2030-10-19,,,2233,,194673,,,,,dspy_extracted|fair_value_suspicious_vs_size,RWAY,2023-03-02,RWAY,2023-03-02
Massdrop Inc.,Warrants,Consumer & Retail,,,N/A,,,2019-07-22,2029-07-22,,,185,,848093,,,,,dspy_extracted|fair_value_suspicious_vs_size,RWAY,2023-03-02,RWAY,2023-03-02
ShareThis Inc.,Warrants,Software & Technology,,,N/A,,,2018-12-03,2028-12-03,647615,,2162,,2162,,,,,cost_suspicious_vs_size|dspy_extracted|fair_value_suspicious_vs_size,RWAY,2023-03-02,RWAY,2023-03-02
Intellisite Holdings Inc.,Warrants,Software & Technology,,,N/A,,,2021-12-17,2024-12-17,,,234,,235,,,,,dspy_extracted,RWAY,2023-03-02,RWAY,2023-03-02
Aspen Group Inc.,Warrants,Education,,,N/A,,,2017-07-25,2022-07-25,224174,,2,,583,,,,,cost_suspicious_vs_size|dspy_extracted|fair_value_suspicious_vs_size,RWAY,2023-03-02,RWAY,2023-03-02
Allurion Technologies Inc.,Warrants,Healthcare,,,N/A,,,2021-03-30,2031-03-30,132978,,638,,282,,,,,cost_suspicious_vs_size|dspy_extracted|fair_value_suspicious_vs_size,RWAY,2023-03-02,RWAY,2023-03-02
CareCloud Inc.,Warrants,Healthcare,,,N/A,,,2020-01-08,2022-01-08,1000000,,,,435,,,,,cost_suspicious_vs_size|dspy_extracted,RWAY,2023-03-02,RWAY,2023-03-02
CareCloud Inc.,Warrants,Healthcare,,,N/A,,,2020-01-08,2023-01-08,1000000,,295,,837,,,,,cost_suspicious_vs_size|dspy_extracted|fair_value_suspicious_vs_size,RWAY,2023-03-02,RWAY,2023-03-02
CrossRoads Extremity Systems LLC,Warrants,Healthcare,,,N/A,,,2021-06-29,2031-06-29,69261,,210,,95,,,,,cost_suspicious_vs_size|dspy_extracted|fair_value_suspicious_vs_size,RWAY,2023-03-02,RWAY,2023-03-02
Gynesonics Inc.,Warrants,Healthcare,,,N/A,,,2021-11-19,2031-11-19,16786869,,128,,128,,,,,cost_suspicious_vs_size|dspy_extracted|fair_value_suspicious_vs_size,RWAY,2023-03-02,RWAY,2023-03-02
Mingle Healthcare Solutions Inc.,Warrants,Healthcare,,,N/A,,,2018-08-15,2028-08-15,1625000,,,,492,,,,,cost_suspicious_vs_size|dspy_extracted,RWAY,2023-03-02,RWAY,2023-03-02
Route 92 Medical Inc.,Warrants,Healthcare,,,N/A,,,2021-08-17,2031-08-17,,,262,,248,,,,,dspy_extracted,RWAY,2023-03-02,RWAY,2023-03-02
SetPoint Medical Corp.,Warrants,Healthcare,,,N/A,,,2021-06-29,2031-06-29,400000,,20,,14,,,,,cost_suspicious_vs_size|dspy_extracted|fair_value_suspicious_vs_size,RWAY,2023-03-02,RWAY,2023-03-02
VERO Biotech LLC,Warrants,Healthcare,,,N/A,,,2020-12-29,2025-12-29,,,485,,377,,,,,dspy_extracted,RWAY,2023-03-02,RWAY,2023-03-02
CloudPay Inc.,Warrants,Business Services,,,N/A,,,2020-06-30,2030-06-30,11273,,807,,218,,,,,cost_suspicious_vs_size|dspy_extracted,RWAY,2023-03-02,RWAY,2023-03-02
CloudPay Inc.,Warrants,Business Services,,,N/A,,,2021-08-17,2031-08-17,1751,,17,,31,,,,,cost_suspicious_vs_size|dspy_extracted|fair_value_suspicious_vs_size,RWAY,2023-03-02,RWAY,2023-03-02
Snagajob.com Inc.,Warrants,Business Services,,,N/A,,,2021-09-29,2031-09-29,763269,,334,,343,,,,,cost_suspicious_vs_size|dspy_extracted|fair_value_suspicious_vs_size,RWAY,2023-03-02,RWAY,2023-03-02
Bombora Inc.,Warrants,Software & Technology,,,N/A,,,2021-03-31,2031-03-31,121581,175,292,,,,,,,dspy_extracted|fair_value_suspicious_vs_size,RWAY,2023-03-02,RWAY,2023-03-02
INRIX Inc.,Warrants,Software & Technology,,,N/A,,,2019-07-26,2029-07-26,150804,522,1721,,,,,,,dspy_extracted|fair_value_suspicious_vs_size,RWAY,2023-03-02,RWAY,2023-03-02
Longtail Ad Solutions Inc.,Warrants,Software & Technology,,,N/A,,,2019-12-12,2029-12-12,387596,47,359,,,,,,,dspy_extracted|fair_value_suspicious_vs_size,RWAY,2023-03-02,RWAY,2023-03-02
AllClear ID Inc.,Warrants,Consumer & Retail,,,N/A,,,2017-09-01,2027-09-01,870514,1750,898,,,,,,,dspy_extracted|fair_value_suspicious_vs_size,RWAY,2023-03-02,RWAY,2023-03-02
Credit Sesame Inc.,Warrants,Consumer & Retail,,,N/A,,,2020-01-07,2030-01-07,191601,425,1579,,,,,,,dspy_extracted|fair_value_suspicious_vs_size,RWAY,2023-03-02,RWAY,2023-03-02
Dejero Labs Inc.,Warrants,Software & Technology,,,N/A,,,2019-05-31,2029-05-31,333621,192,575,,,,,,,dspy_extracted|fair_value_suspicious_vs_size,RWAY,2023-03-02,RWAY,2023-03-02
Scale Computing Inc.,Warrants,Software & Technology,,,N/A,,,2019-03-29,2029-03-29,9665667,346,,,,,,,,dspy_extracted,RWAY,2023-03-02,RWAY,2023-03-02
RealWear Inc.,Warrants,Software & Technology,,,N/A,,,2018-10-05,2028-10-05,112451,136,,,,,,,,dspy_extracted,RWAY,2023-03-02,RWAY,2023-03-02
RealWear Inc.,Warrants,Software & Technology,,,N/A,,,2018-12-28,2028-12-28,22491,25,,,,,,,,dspy_extracted,RWAY,2023-03-02,RWAY,2023-03-02
RealWear Inc.,Warrants,Software & Technology,,,N/A,,,2019-06-27,2029-06-27,123894,381,,,,,,,,dspy_extracted,RWAY,2023-03-02,RWAY,2023-03-02
"Pivot3, Inc.",First Lien,Software & Technology,,8.50 %,LIBOR,,11.00 %,2019-05-13,2022-11-15,18598,,14650,,19173,,,,,dspy_extracted,RWAY,2023-03-02,RWAY,2023-03-02
"Mojix, Inc.",Preferred Equity,Software & Technology,,,N/A,,,2020-12-14,,67114092,,870,,800,,,,,cost_suspicious_vs_size|dspy_extracted|fair_value_suspicious_vs_size,RWAY,2023-03-02,RWAY,2023-03-02
"Pivot3 Holdings, Inc.",Preferred Equity,Software & Technology,,,N/A,,,2021-01-27,,2675585,,,,2000,,,,,cost_suspicious_vs_size|dspy_extracted,RWAY,2023-03-02,RWAY,2023-03-02
"Mojix, Inc.",Warrants,Software & Technology,,,N/A,,,2020-12-14,2030-12-13,2349,,,,119,,,,,dspy_extracted,RWAY,2023-03-02,RWAY,2023-03-02
"Mojix, Inc.",Warrants,Software & Technology,,,N/A,,,2020-12-14,2030-12-13,5873,,,,298,,,,,dspy_extracted,RWAY,2023-03-02,RWAY,2023-03-02
"Mojix, Inc.",Warrants,Software & Technology,,,N/A,,,2020-12-14,2030-12-13,394733,,,,829,,,,,cost_suspicious_vs_size|dspy_extracted,RWAY,2023-03-02,RWAY,2023-03-02
Circadence Corp.,First Lien,Software & Technology,,9.50%,SOFR,9.50%,12.26%,2018-12-20,2023-12-15,20655,21996,17701,,20655,,,,,dspy_extracted,RWAY,2023-05-09,RWAY,2023-05-09
"Dtex Systems, Inc.",First Lien,Software & Technology,,,SOFR,9.25%,9.75%,2021-06-01,2025-06-01,10000,10051,10051,,10000,,,,,dspy_extracted,RWAY,2023-05-09,RWAY,2023-05-09
"FiscalNote, Inc.",First Lien,Software & Technology,,1.00%,Prime,5.00%,9.00%,2020-10-19,2027-07-15,39249,38847,38847,,39249,,,,,dspy_extracted,RWAY,2023-05-09,RWAY,2023-05-09
"FiscalNote, Inc.",First Lien,Software & Technology,,1.00%,Prime,5.00%,9.00%,2021-09-30,2027-07-15,8722,8703,8703,,8722,,,,,dspy_extracted,RWAY,2023-05-09,RWAY,2023-05-09
"FiscalNote, Inc.",First Lien,Software & Technology,,1.00%,Prime,5.00%,9.00%,2022-03-28,2027-07-15,17444,17235,17235,,17444,,,,,dspy_extracted,RWAY,2023-05-09,RWAY,2023-05-09
"VTX Intermediate Holdings, Inc.",First Lien,Software & Technology,,,SOFR,9.00%,9.50%,2021-12-28,2026-12-28,75000,75208,74582,,75000,,,,,dspy_extracted,RWAY,2023-05-09,RWAY,2023-05-09
"VTX Intermediate Holdings, Inc.",First Lien,Software & Technology,,,SOFR,9.00%,9.50%,2022-05-31,2026-12-28,10000,9992,9944,,10000,,,,,dspy_extracted,RWAY,2023-05-09,RWAY,2023-05-09
"Mustang Bio, Inc.",First Lien,Healthcare,,,SOFR,8.75%,9.25%,2022-03-04,2027-04-15,30000,29798,29798,,30000,,,,,dspy_extracted,RWAY,2023-05-09,RWAY,2023-05-09
Interactions Corp.,First Lien,Business Services,,,SOFR,9.26%,9.76%,2022-06-24,2027-06-15,40000,39603,39603,,40000,,,,,dspy_extracted,RWAY,2023-05-09,RWAY,2023-05-09
"ShareThis, Inc.",First Lien,Business Services,,,SOFR,9.25%,11.86%,2018-12-03,2025-07-15,19009,19482,19190,,19009,,,,,dspy_extracted,RWAY,2023-05-09,RWAY,2023-05-09
"ShareThis, Inc.",First Lien,Business Services,,,SOFR,9.25%,11.86%,2019-01-07,2025-07-15,741,759,748,,741,,,,,dspy_extracted,RWAY,2023-05-09,RWAY,2023-05-09
"ShareThis, Inc.",First Lien,Business Services,,,SOFR,9.25%,11.86%,2019-07-24,2025-07-15,988,1011,997,,988,,,,,dspy_extracted,RWAY,2023-05-09,RWAY,2023-05-09
"Vesta Payment Solutions, Inc.",First Lien,Business Services,,,SOFR,7.00%,9.00%,2022-11-29,2026-11-15,25000,24581,24581,,25000,,,,,dspy_extracted,RWAY,2023-05-09,RWAY,2023-05-09
"Turning Tech Intermediate, Inc.",First Lien,Education,,,SOFR,8.50%,9.00%,2021-06-22,2025-12-14,20020,20343,20343,,20020,,,,,dspy_extracted,RWAY,2023-05-09,RWAY,2023-05-09
"Turning Tech Intermediate, Inc.",First Lien,Education,,,SOFR,8.50%,9.00%,2022-03-28,2025-12-14,5005,5055,5055,,5005,,,,,dspy_extracted,RWAY,2023-05-09,RWAY,2023-05-09
"Brivo, Inc.",First Lien,Industrials,,50%,SOFR,6.85%,10.89%,2022-10-20,2027-10-20,45018,44642,44642,,45018,,,,,dspy_extracted,RWAY,2023-05-09,RWAY,2023-05-09
"Brivo, Inc.",First Lien,Industrials,,50%,SOFR,6.85%,10.89%,2023-02-23,2027-10-20,4013,3976,3976,,4013,,,,,dspy_extracted,RWAY,2023-05-09,RWAY,2023-05-09
"Intellisite Holdings, Inc.",First Lien,Industrials,,,SOFR,9.75%,10.25%,2021-12-17,2025-12-17,19000,18850,18850,,19000,,,,,dspy_extracted,RWAY,2023-05-09,RWAY,2023-05-09
"Intellisite Holdings, Inc.",First Lien,Industrials,,,SOFR,9.75%,10.25%,2022-02-28,2025-12-17,3000,2997,2997,,3000,,,,,dspy_extracted,RWAY,2023-05-09,RWAY,2023-05-09
"Intellisite Holdings, Inc.",First Lien,Industrials,,,SOFR,9.75%,10.25%,2022-03-29,2025-12-17,5000,4984,4984,,5000,,,,,dspy_extracted,RWAY,2023-05-09,RWAY,2023-05-09
"Intellisite Holdings, Inc.",First Lien,Industrials,,,SOFR,9.75%,10.25%,2022-07-19,2025-12-17,3000,2985,2985,,3000,,,,,dspy_extracted,RWAY,2023-05-09,RWAY,2023-05-09
"Intellisite Holdings, Inc.",First Lien,Industrials,,,SOFR,9.75%,10.25%,2022-11-16,2025-12-17,2000,1966,1966,,2000,,,,,dspy_extracted,RWAY,2023-05-09,RWAY,2023-05-09
"Intellisite Holdings, Inc.",First Lien,Industrials,,,SOFR,9.75%,10.25%,2022-12-27,2025-12-17,2000,1967,1967,,2000,,,,,dspy_extracted,RWAY,2023-05-09,RWAY,2023-05-09
"Intellisite Holdings, Inc.",First Lien,Industrials,,,SOFR,9.75%,10.25%,2023-01-31,2025-12-17,2000,1960,1960,,2000,,,,,dspy_extracted,RWAY,2023-05-09,RWAY,2023-05-09
"Intellisite Holdings, Inc.",First Lien,Industrials,,,SOFR,9.75%,10.25%,2023-03-13,2025-12-17,2000,1957,1957,,2000,,,,,dspy_extracted,RWAY,2023-05-09,RWAY,2023-05-09
"Moximed, Inc.",First Lien,Healthcare,,,Prime,5.25 %,8.75 %,2022-06-24,2027-07-01,15000,,14807,,14807,,,,,dspy_extracted,RWAY,2023-05-09,RWAY,2023-05-09
"Revelle Aesthetics, Inc.",First Lien,Healthcare,,,Prime,5.50 %,8.75 %,2022-03-30,2027-04-01,12500,,12408,,12408,,,,,dspy_extracted,RWAY,2023-05-09,RWAY,2023-05-09
"Allurion Technologies, Inc.",First Lien,Healthcare,,,Prime,6.44 %,9.50 %,2021-12-30,2026-12-30,5000,,5147,,4928,,,,,dspy_extracted,RWAY,2023-05-09,RWAY,2023-05-09
"Allurion Technologies, Inc.",First Lien,Healthcare,,,Prime,6.44 %,9.50 %,2021-12-30,2026-12-30,20000,,20587,,20169,,,,,dspy_extracted,RWAY,2023-05-09,RWAY,2023-05-09
"Allurion Technologies, Inc.",First Lien,Healthcare,,,Prime,6.44 %,9.50 %,2022-06-14,2026-12-30,15000,,15440,,14879,,,,,dspy_extracted,RWAY,2023-05-09,RWAY,2023-05-09
"EBR Systems, Inc.",First Lien,Healthcare,,,Prime,4.90 %,8.90 %,2022-06-30,2027-06-15,20000,,19700,,19700,,,,,dspy_extracted,RWAY,2023-05-09,RWAY,2023-05-09
"Mingle Healthcare Solutions, Inc.",First Lien,Healthcare,10.50 %,0.25 %,SOFR,9.50 %,12.01 %,2018-08-15,2023-12-15,4164,,3996,,4773,,,,,dspy_extracted,RWAY,2023-05-09,RWAY,2023-05-09
"Nalu Medical, Inc.",First Lien,Healthcare,,2.00 %,Prime,2.70 %,6.70 %,2022-10-12,2027-10-12,20172,,19913,,19913,,,,,dspy_extracted,RWAY,2023-05-09,RWAY,2023-05-09
"Route 92 Medical, Inc.",First Lien,Healthcare,,,SOFR,8.48 %,8.98 %,2021-08-17,2026-07-01,13436,,13304,,13304,,,,,dspy_extracted,RWAY,2023-05-09,RWAY,2023-05-09
SetPoint Medical Corp.,First Lien,Healthcare,,,SOFR,5.75 %,9.00 %,2022-12-29,2027-12-01,25000,,24856,,24856,,,,,dspy_extracted,RWAY,2023-05-09,RWAY,2023-05-09
VERO Biotech LLC,First Lien,Healthcare,,,SOFR,9.05 %,9.55 %,2020-12-29,2024-12-01,25000,,25231,,25231,,,,,dspy_extracted,RWAY,2023-05-09,RWAY,2023-05-09
VERO Biotech LLC,First Lien,Healthcare,,,SOFR,9.05 %,9.55 %,2021-03-30,2024-12-01,15000,,15227,,15227,,,,,dspy_extracted,RWAY,2023-05-09,RWAY,2023-05-09
"CloudPay, Inc.",First Lien,Business Services,,,Prime,6.25 %,10.25 %,2022-09-26,2027-08-17,60000,,59760,,59760,,,,,dspy_extracted,RWAY,2023-05-09,RWAY,2023-05-09
"Snagajob.com, Inc.",First Lien,Business Services,9.00 %,,SOFR,8.50 %,9.00 %,2021-09-29,2025-09-01,38024,,37086,,38084,,,,,dspy_extracted,RWAY,2023-05-09,RWAY,2023-05-09
"Madison Reed, Inc.",First Lien,Consumer & Retail,,,Prime,4.75 %,11.00 %,2022-12-16,2026-12-16,9600,,9383,,9383,,,,,dspy_extracted,RWAY,2023-05-09,RWAY,2023-05-09
Marley Spoon AG,First Lien,Consumer & Retail,,1.25 %,SOFR,8.50 %,9.26 %,2021-06-30,2025-06-15,26754,,26571,,26571,,,,,dspy_extracted,RWAY,2023-05-09,RWAY,2023-05-09
Marley Spoon AG,First Lien,Consumer & Retail,,1.25 %,SOFR,8.50 %,9.26 %,2021-12-29,2025-06-15,8191,,8156,,8156,,,,,dspy_extracted,RWAY,2023-05-09,RWAY,2023-05-09
Marley Spoon AG,First Lien,Consumer & Retail,,1.25 %,SOFR,8.50 %,9.26 %,2022-06-14,2025-06-15,11763,,11763,,11763,,,,,dspy_extracted,RWAY,2023-05-09,RWAY,2023-05-09
"Bombora, Inc.",First Lien,Software & Technology,5.00 %,3.75 %,SOFR,,5.76 %,2021-03-31,2025-03-31,21542,21587,21587,,21587,,,,,dspy_extracted,RWAY,2023-05-09,RWAY,2023-05-09
"Fidelis Cybersecurity, Inc.",First Lien,Software & Technology,11.00 %,,SOFR,,12.00 %,2021-05-13,2024-05-13,10051,10251,9869,,10251,,,,,dspy_extracted,RWAY,2023-05-09,RWAY,2023-05-09
"Fidelis Cybersecurity, Inc.",First Lien,Software & Technology,11.00 %,,SOFR,,12.00 %,2022-03-25,2024-05-13,7368,7452,7235,,7452,,,,,dspy_extracted,RWAY,2023-05-09,RWAY,2023-05-09
"INRIX, Inc.",First Lien,Software & Technology,9.00 %,,SOFR,,9.76 %,2021-11-15,2025-11-15,40000,40376,40376,,40376,,,,,dspy_extracted,RWAY,2023-05-09,RWAY,2023-05-09
"INRIX, Inc.",First Lien,Software & Technology,9.00 %,,SOFR,,9.76 %,2022-05-03,2025-11-15,5000,5044,5044,,5044,,,,,dspy_extracted,RWAY,2023-05-09,RWAY,2023-05-09
"Skillshare, Inc.",First Lien,Software & Technology,6.50 %,,SOFR,,10.72 %,2022-11-08,2026-11-08,25000,24509,24509,,24509,,,,,dspy_extracted,RWAY,2023-05-09,RWAY,2023-05-09
"Synack, Inc.",First Lien,Software & Technology,4.25 %,,Prime,,8.25 %,2022-06-30,2027-06-30,35000,34914,34914,,34914,,,,,dspy_extracted,RWAY,2023-05-09,RWAY,2023-05-09
"Synack, Inc.",First Lien,Software & Technology,4.25 %,,Prime,,8.25 %,2023-03-13,2027-06-30,1520,1518,1518,,1518,,,,,dspy_extracted,RWAY,2023-05-09,RWAY,2023-05-09
"Kin Insurance, Inc.",First Lien,Insurance,6.25 %,,Prime,,12.50 %,2022-09-26,2026-09-15,50000,49309,49309,,49309,,,,,dspy_extracted,RWAY,2023-05-09,RWAY,2023-05-09
3PL Central LLC,First Lien,Software & Technology,4.50 %,2.50 %,SOFR,,6.50,2022-11-09,2027-11-09,65571,64940,64940,,64940,,,,,dspy_extracted,RWAY,2023-05-09,RWAY,2023-05-09
3PL Central LLC,First Lien,Software & Technology,4.50 %,2.50 %,SOFR,,6.50,2023-03-13,2027-11-09,3000,3001,3001,,3001,,,,,dspy_extracted,RWAY,2023-05-09,RWAY,2023-05-09
Dejero Labs Inc.,Second Lien,Software & Technology,5.00 %,5.00 %,SOFR,,5.50,2021-12-22,2025-12-22,13833,13853,13707,,13853,,,,,dspy_extracted,RWAY,2023-05-09,RWAY,2023-05-09
"Aria Systems, Inc.",Preferred Equity,Software & Technology,,,N/A,,,2018-07-10,,289419,250,278,,250,,,,,cost_suspicious_vs_size|dspy_extracted|fair_value_suspicious_vs_size,RWAY,2023-05-09,RWAY,2023-05-09
"CareCloud, Inc.",Preferred Equity,Healthcare,11 %,,N/A,,,2020-01-08,,462064,12132,12785,,12132,,,,,cost_suspicious_vs_size|dspy_extracted|fair_value_suspicious_vs_size,RWAY,2023-05-09,RWAY,2023-05-09
Interactions Corp.,Warrants,Software & Technology,,,N/A,,,2022-06-24,2032-06-24,189408,,131,,219,,,,,cost_suspicious_vs_size|dspy_extracted|fair_value_suspicious_vs_size,RWAY,2023-05-09,RWAY,2023-05-09
ShareThis Inc.,Warrants,Software & Technology,,,N/A,,,2018-12-03,2028-12-03,647615,,1403,,2162,,,,,cost_suspicious_vs_size|dspy_extracted|fair_value_suspicious_vs_size,RWAY,2023-05-09,RWAY,2023-05-09
Brivo Inc.,Warrants,Software & Technology,,,N/A,,,2022-10-20,2032-10-20,201000,,95,,98,,,,,cost_suspicious_vs_size|dspy_extracted|fair_value_suspicious_vs_size,RWAY,2023-05-09,RWAY,2023-05-09
Epic IO Technologies Inc.,Warrants,Software & Technology,,,N/A,,,2021-12-17,2024-12-17,,,465,,481,,,,,dspy_extracted,RWAY,2023-05-09,RWAY,2023-05-09
Moximed Inc.,Warrants,Healthcare,,,N/A,,,2022-06-24,2032-06-24,214285,,175,,175,,,,,cost_suspicious_vs_size|dspy_extracted|fair_value_suspicious_vs_size,RWAY,2023-05-09,RWAY,2023-05-09
Revelle Aesthetics Inc.,Warrants,Healthcare,,,N/A,,,2022-03-30,2032-03-30,115591,,116,,126,,,,,cost_suspicious_vs_size|dspy_extracted|fair_value_suspicious_vs_size,RWAY,2023-05-09,RWAY,2023-05-09
Allurion Technologies Inc.,Warrants,Healthcare,,,N/A,,,2021-03-30,2031-03-30,132979,,591,,282,,,,,cost_suspicious_vs_size|dspy_extracted|fair_value_suspicious_vs_size,RWAY,2023-05-09,RWAY,2023-05-09
Allurion Technologies Inc.,Warrants,Healthcare,,,N/A,,,2022-06-14,2032-06-14,44220,,50,,141,,,,,cost_suspicious_vs_size|dspy_extracted|fair_value_suspicious_vs_size,RWAY,2023-05-09,RWAY,2023-05-09
EBR Systems Inc.,Warrants,Healthcare,,,N/A,,,2022-06-30,2032-06-30,,,315,,292,,,,,dspy_extracted,RWAY,2023-05-09,RWAY,2023-05-09
Mingle Healthcare Solutions Inc.,Warrants,Healthcare,,,N/A,,,2018-08-15,2028-08-15,1770973,,,,492,,,,,cost_suspicious_vs_size|dspy_extracted,RWAY,2023-05-09,RWAY,2023-05-09
Nalu Medical Inc.,Warrants,Healthcare,,,N/A,,,2022-10-12,2032-10-12,91717,,109,,173,,,,,cost_suspicious_vs_size|dspy_extracted|fair_value_suspicious_vs_size,RWAY,2023-05-09,RWAY,2023-05-09
Route 92 Medical Inc.,Warrants,Healthcare,,,N/A,,,2021-08-17,2031-08-17,,,306,,258,,,,,dspy_extracted,RWAY,2023-05-09,RWAY,2023-05-09
SetPoint Medical Corp.,Warrants,Healthcare,,,N/A,,,2021-06-29,2031-06-29,400000,,87,,14,,,,,cost_suspicious_vs_size|dspy_extracted|fair_value_suspicious_vs_size,RWAY,2023-05-09,RWAY,2023-05-09
SetPoint Medical Corp.,Warrants,Healthcare,,,N/A,,,2022-12-29,2032-12-29,600000,,131,,74,,,,,cost_suspicious_vs_size|dspy_extracted|fair_value_suspicious_vs_size,RWAY,2023-05-09,RWAY,2023-05-09
VERO Biotech LLC,Warrants,Healthcare,,,N/A,,,2020-12-29,2025-12-29,,,268,,377,,,,,dspy_extracted,RWAY,2023-05-09,RWAY,2023-05-09
CloudPay Inc.,Warrants,Business Services,,,N/A,,,2020-06-30,2030-06-30,11273,,903,,218,,,,,cost_suspicious_vs_size|dspy_extracted,RWAY,2023-05-09,RWAY,2023-05-09
CloudPay Inc.,Warrants,Business Services,,,N/A,,,2021-08-17,2031-08-17,6129,,168,,160,,,,,cost_suspicious_vs_size|dspy_extracted|fair_value_suspicious_vs_size,RWAY,2023-05-09,RWAY,2023-05-09
Snagajob.com Inc.,Warrants,Business Services,,,N/A,,,2021-09-29,2031-09-29,763269,,40,,343,,,,,cost_suspicious_vs_size|dspy_extracted|fair_value_suspicious_vs_size,RWAY,2023-05-09,RWAY,2023-05-09
Madison Reed Inc.,Warrants,Consumer & Retail,,,N/A,,,2022-12-16,,,,132,,132,,,,,dspy_extracted,RWAY,2023-05-09,RWAY,2023-05-09
Bombora Inc.,Warrants,Software & Technology,,,N/A,,,2021-03-31,2031-03-31,121581,,104,,175,,,,,cost_suspicious_vs_size|dspy_extracted|fair_value_suspicious_vs_size,RWAY,2023-05-09,RWAY,2023-05-09
Fidelis Cybersecurity Inc.,Warrants,Software & Technology,,,N/A,,,2022-03-25,2032-03-25,,,115,,79,,,,,dspy_extracted,RWAY,2023-05-09,RWAY,2023-05-09
INRIX Inc.,Warrants,Software & Technology,,,N/A,,,2019-07-26,2029-07-26,150804,,1194,,522,,,,,cost_suspicious_vs_size|dspy_extracted|fair_value_suspicious_vs_size,RWAY,2023-05-09,RWAY,2023-05-09
Longtail Ad Solutions Inc.,Warrants,Software & Technology,,,N/A,,,2019-12-12,2029-12-12,387596,,349,,47,,,,,cost_suspicious_vs_size|dspy_extracted|fair_value_suspicious_vs_size,RWAY,2023-05-09,RWAY,2023-05-09
Skillshare Inc.,Warrants,Software & Technology,,,N/A,,,2022-11-08,2026-11-08,,,262,,243,,,,,dspy_extracted,RWAY,2023-05-09,RWAY,2023-05-09
Synack Inc.,Warrants,Software & Technology,,,N/A,,,2022-06-30,2032-06-30,102363,,116,,129,,,,,cost_suspicious_vs_size|dspy_extracted|fair_value_suspicious_vs_size,RWAY,2023-05-09,RWAY,2023-05-09
Kin Insurance Inc.,Warrants,Insurance,,,N/A,,,2022-09-26,2032-09-26,41576,,299,,302,,,,,cost_suspicious_vs_size|dspy_extracted|fair_value_suspicious_vs_size,RWAY,2023-05-09,RWAY,2023-05-09
AllClear ID Inc.,Warrants,Consumer & Retail,,,N/A,,,2017-09-01,2027-09-01,523893,,,,1053,,,,,cost_suspicious_vs_size|dspy_extracted,RWAY,2023-05-09,RWAY,2023-05-09
AllClear ID Inc.,Warrants,Consumer & Retail,,,N/A,,,2018-10-17,2028-10-17,346621,,,,697,,,,,cost_suspicious_vs_size|dspy_extracted,RWAY,2023-05-09,RWAY,2023-05-09
Credit Sesame Inc.,Warrants,Consumer & Retail,,,N/A,,,2020-01-07,2030-01-07,191601,,366,,425,,,,,cost_suspicious_vs_size|dspy_extracted|fair_value_suspicious_vs_size,RWAY,2023-05-09,RWAY,2023-05-09
Dejero Labs Inc.,Warrants,Software & Technology,,,N/A,,,2019-05-31,2029-05-31,333621,,227,,192,,,,,cost_suspicious_vs_size|dspy_extracted|fair_value_suspicious_vs_size,RWAY,2023-05-09,RWAY,2023-05-09
Scale Computing Inc.,Warrants,Software & Technology,,,N/A,,,2019-03-29,2029-03-29,9665667,,,,346,,,,,cost_suspicious_vs_size|dspy_extracted,RWAY,2023-05-09,RWAY,2023-05-09
RealWear Inc.,Warrants,Software & Technology,,,N/A,,,2018-10-05,2028-10-05,112451,,556,,136,,,,,cost_suspicious_vs_size|dspy_extracted|fair_value_suspicious_vs_size,RWAY,2023-05-09,RWAY,2023-05-09
RealWear Inc.,Warrants,Software & Technology,,,N/A,,,2018-12-28,2028-12-28,22491,,111,,25,,,,,cost_suspicious_vs_size|dspy_extracted|fair_value_suspicious_vs_size,RWAY,2023-05-09,RWAY,2023-05-09
RealWear Inc.,Warrants,Software & Technology,,,N/A,,,2019-06-27,2029-06-27,123894,,612,,381,,,,,cost_suspicious_vs_size|dspy_extracted|fair_value_suspicious_vs_size,RWAY,2023-05-09,RWAY,2023-05-09
Gynesonics Inc.,First Lien,Healthcare,8.75%,,SOFR,8.75 %,8.00%,2023-03-01,2026-11-30,25595,,23146,,25664,,,,,dspy_extracted,RWAY,2023-05-09,RWAY,2023-05-09
Gynesonics Inc.,Preferred Equity,Healthcare,,,N/A,,,2023-03-01,,3266668,,21821,,25000,,,,,cost_suspicious_vs_size|dspy_extracted|fair_value_suspicious_vs_size,RWAY,2023-05-09,RWAY,2023-05-09
Coginiti Corp.,Common Equity,Software & Technology,,,N/A,,,2020-03-09,,1040160,,921,,4551,,,,,cost_suspicious_vs_size|dspy_extracted|fair_value_suspicious_vs_size,RWAY,2023-05-09,RWAY,2023-05-09
Coginiti Corp.,Warrants,Software & Technology,,,N/A,,,2020-03-09,2030-03-09,811770,,874,,,,,,,dspy_extracted|fair_value_suspicious_vs_size,RWAY,2023-05-09,RWAY,2023-05-09
Gynesonics Inc.,Warrants,Healthcare,,,N/A,,,2023-03-01,2030-03-01,,,313,,313,,,,,dspy_extracted,RWAY,2023-05-09,RWAY,2023-05-09
Pivot3 Inc.,First Lien,Software & Technology,,8.50%,LIBOR,,11.00%,2019-05-13,2023-04-15,18598,,11613,,19172,,,,,dspy_extracted,RWAY,2023-05-09,RWAY,2023-05-09
Gynesonics Inc.,First Lien,,8.75%,,SOFR,,11.00%,,2026-11-30,,,23146,,,,,,,dspy_extracted,RWAY,2023-05-09,RWAY,2023-05-09
Gynesonics Inc.,Preferred Equity,,,,N/A,,,,,,,21821,,,,,,,dspy_extracted,RWAY,2023-05-09,RWAY,2023-05-09
Coginiti Corp.,Common Equity,,,,N/A,,,,,,,921,,,,,,,dspy_extracted,RWAY,2023-05-09,RWAY,2023-05-09
Coginiti Corp.,Warrants,,,,N/A,,,,,,,874,,,,,,,dspy_extracted,RWAY,2023-05-09,RWAY,2023-05-09
Pivot3 Inc.,First Lien,,,8.50%,LIBOR,,11.00%,,2023-04-15,,,11613,,,,,,,dspy_extracted,RWAY,2023-05-09,RWAY,2023-05-09
Circadence Corp.,First Lien,Software & Technology,,9.50 %,SOFR,,12.26 %,2018-12-20,2023-12-15,19928,,17083,,21260,,,,,dspy_extracted,RWAY,2023-05-09,RWAY,2023-05-09
Dtex Systems Inc.,First Lien,Software & Technology,,,SOFR,9.25 %,9.75 %,2021-06-01,2025-06-01,10000,,10033,,10033,,,,,dspy_extracted,RWAY,2023-05-09,RWAY,2023-05-09
FiscalNote Inc.,First Lien,Software & Technology,,1.00 %,Prime,5.00 %,9.00 %,2020-10-19,2027-07-15,39151,,38655,,38655,,,,,dspy_extracted,RWAY,2023-05-09,RWAY,2023-05-09
FiscalNote Inc.,First Lien,Software & Technology,,1.00 %,Prime,5.00 %,9.00 %,2021-09-30,2027-07-15,8700,,8663,,8663,,,,,dspy_extracted,RWAY,2023-05-09,RWAY,2023-05-09
FiscalNote Inc.,First Lien,Software & Technology,,1.00 %,Prime,5.00 %,9.00 %,2022-03-28,2027-07-15,17400,,17148,,17148,,,,,dspy_extracted,RWAY,2023-05-09,RWAY,2023-05-09
VTX Intermediate Holdings Inc.,First Lien,Software & Technology,,,SOFR,9.00 %,9.50 %,2021-12-28,2026-12-28,75000,,75033,,75033,,,,,dspy_extracted,RWAY,2023-05-09,RWAY,2023-05-09
VTX Intermediate Holdings Inc.,First Lien,Software & Technology,,,SOFR,9.00 %,9.50 %,2022-05-31,2026-12-28,10000,,9967,,9967,,,,,dspy_extracted,RWAY,2023-05-09,RWAY,2023-05-09
Mustang Bio Inc.,First Lien,Healthcare,,,SOFR,8.75 %,9.25 %,2022-03-04,2027-04-15,30000,,29709,,29709,,,,,dspy_extracted,RWAY,2023-05-09,RWAY,2023-05-09
TRACON Pharmaceuticals Inc.,First Lien,Healthcare,,,Prime,5.00 %,8.50 %,2022-09-02,2026-09-01,10000,,10000,,9795,,,,,dspy_extracted,RWAY,2023-05-09,RWAY,2023-05-09
Interactions Corp.,First Lien,Software & Technology,,,SOFR,9.26 %,9.76 %,2022-06-24,2027-06-15,40000,,39504,,39504,,,,,dspy_extracted,RWAY,2023-05-09,RWAY,2023-05-09
ShareThis Inc.,First Lien,Software & Technology,,,SOFR,9.25 %,11.86 %,2018-12-03,2025-07-15,19250,,19388,,19710,,,,,dspy_extracted,RWAY,2023-05-09,RWAY,2023-05-09
ShareThis Inc.,First Lien,Software & Technology,,,SOFR,9.25 %,11.86 %,2019-01-07,2025-07-15,750,,755,,768,,,,,dspy_extracted,RWAY,2023-05-09,RWAY,2023-05-09
ShareThis Inc.,First Lien,Software & Technology,,,SOFR,9.25 %,11.86 %,2019-07-24,2025-07-15,1000,,1007,,1022,,,,,dspy_extracted,RWAY,2023-05-09,RWAY,2023-05-09
Vesta Payment Solutions Inc.,First Lien,Software & Technology,,,SOFR,7.00 %,9.00 %,2022-11-29,2026-11-15,25000,,24521,,24521,,,,,dspy_extracted,RWAY,2023-05-09,RWAY,2023-05-09
Turning Tech Intermediate Inc.,First Lien,Education,,,SOFR,8.50 %,9.00 %,2021-06-22,2025-12-14,20000,,20266,,20266,,,,,dspy_extracted,RWAY,2023-05-09,RWAY,2023-05-09
Turning Tech Intermediate Inc.,First Lien,Education,,,SOFR,8.50 %,9.00 %,2022-03-28,2025-12-14,5000,,5039,,5039,,,,,dspy_extracted,RWAY,2023-05-09,RWAY,2023-05-09
Brivo Inc.,First Lien,Software & Technology,,50 %,SOFR,6.85 %,10.89 %,2022-10-20,2027-10-20,44378,,43912,,43912,,,,,dspy_extracted,RWAY,2023-05-09,RWAY,2023-05-09
Intellisite Holdings Inc.,First Lien,Software & Technology,,,SOFR,9.75 %,10.25 %,2021-12-17,2025-12-17,19000,,18788,,18788,,,,,dspy_extracted,RWAY,2023-05-09,RWAY,2023-05-09
Intellisite Holdings Inc.,First Lien,Software & Technology,,,SOFR,9.75 %,10.25 %,2022-02-28,2025-12-17,3000,,2989,,2989,,,,,dspy_extracted,RWAY,2023-05-09,RWAY,2023-05-09
Intellisite Holdings Inc.,First Lien,Software & Technology,,,SOFR,9.75 %,10.25 %,2022-03-29,2025-12-17,5000,,4970,,4970,,,,,dspy_extracted,RWAY,2023-05-09,RWAY,2023-05-09
Intellisite Holdings Inc.,First Lien,Software & Technology,,,SOFR,9.75 %,10.25 %,2022-07-19,2025-12-17,3000,,2976,,2976,,,,,dspy_extracted,RWAY,2023-05-09,RWAY,2023-05-09
Intellisite Holdings Inc.,First Lien,Software & Technology,,,SOFR,9.75 %,10.25 %,2022-11-16,2025-12-17,2000,,1958,,1958,,,,,dspy_extracted,RWAY,2023-05-09,RWAY,2023-05-09
Moximed Inc.,First Lien,Healthcare,8.75 %,,Prime,5.25 %,8.75 %,2022-06-24,2027-07-01,15000,,14772,,14772,,,,,dspy_extracted,RWAY,2023-05-09,RWAY,2023-05-09
Revelle Aesthetics Inc.,First Lien,Healthcare,8.75 %,,Prime,5.50 %,8.75 %,2022-03-30,2027-04-01,12500,,12377,,12377,,,,,dspy_extracted,RWAY,2023-05-09,RWAY,2023-05-09
Allurion Technologies Inc.,First Lien,Healthcare,9.50 %,,Prime,6.44 %,9.50 %,2021-12-30,2026-12-30,5000,,4917,,4917,,,,,dspy_extracted,RWAY,2023-05-09,RWAY,2023-05-09
Allurion Technologies Inc.,First Lien,Healthcare,9.50 %,,Prime,6.44 %,9.50 %,2021-12-30,2026-12-30,20000,,20151,,20151,,,,,dspy_extracted,RWAY,2023-05-09,RWAY,2023-05-09
Allurion Technologies Inc.,First Lien,Healthcare,9.50 %,,Prime,6.44 %,9.50 %,2022-06-14,2026-12-30,15000,,14850,,14850,,,,,dspy_extracted,RWAY,2023-05-09,RWAY,2023-05-09
Allurion Technologies Inc.,First Lien,Healthcare,9.50 %,,Prime,6.44 %,9.50 %,2022-10-27,2026-12-30,15000,,14797,,14797,,,,,dspy_extracted,RWAY,2023-05-09,RWAY,2023-05-09
EBR Systems Inc.,First Lien,Healthcare,8.90 %,,Prime,4.90 %,8.90 %,2022-06-30,2027-06-15,20000,,19648,,19648,,,,,dspy_extracted,RWAY,2023-05-09,RWAY,2023-05-09
Gynesonics Inc.,First Lien,Healthcare,9.25 %,,SOFR,8.75 %,9.25 %,2020-12-01,2025-12-01,30000,,30135,,30135,,,,,dspy_extracted,RWAY,2023-05-09,RWAY,2023-05-09
Gynesonics Inc.,First Lien,Healthcare,9.25 %,,SOFR,8.75 %,9.25 %,2022-08-30,2025-12-01,20000,,19887,,19887,,,,,dspy_extracted,RWAY,2023-05-09,RWAY,2023-05-09
Mingle Healthcare Solutions Inc.,First Lien,Healthcare,12.01 %,.25 %,SOFR,9.50 %,12.01 %,2018-08-15,2023-12-15,4015,,3821,,4615,,,,,dspy_extracted,RWAY,2023-05-09,RWAY,2023-05-09
Nalu Medical Inc.,First Lien,Healthcare,6.70 %,2.00 %,Prime,2.70 %,6.70 %,2022-10-12,2027-10-12,20071,,19756,,19756,,,,,dspy_extracted,RWAY,2023-05-09,RWAY,2023-05-09
Route 92 Medical Inc.,First Lien,Healthcare,8.98 %,,SOFR,8.48 %,8.98 %,2021-08-17,2026-07-01,13000,,12843,,12843,,,,,dspy_extracted,RWAY,2023-05-09,RWAY,2023-05-09
SetPoint Medical Corp.,First Lien,Healthcare,9.00 %,,SOFR,5.75 %,9.00 %,2022-12-29,2027-12-01,25000,,24802,,24802,,,,,dspy_extracted,RWAY,2023-05-09,RWAY,2023-05-09
VERO Biotech LLC,First Lien,Healthcare,9.55 %,,SOFR,9.05 %,9.55 %,2020-12-29,2024-12-01,25000,,25125,,25125,,,,,dspy_extracted,RWAY,2023-05-09,RWAY,2023-05-09
VERO Biotech LLC,First Lien,Healthcare,9.55 %,,SOFR,9.05 %,9.55 %,2021-03-30,2024-12-01,15000,,15183,,15183,,,,,dspy_extracted,RWAY,2023-05-09,RWAY,2023-05-09
CloudPay Inc.,First Lien,Business Services,10.25 %,,Prime,6.25 %,10.25 %,2022-09-26,2027-08-17,60000,,59693,,59693,,,,,dspy_extracted,RWAY,2023-05-09,RWAY,2023-05-09
Snagajob.com Inc.,First Lien,Business Services,9.00 %,,SOFR,8.50 %,9.00 %,2021-09-29,2025-09-01,37609,,36785,,37574,,,,,dspy_extracted,RWAY,2023-05-09,RWAY,2023-05-09
Madison Reed Inc.,First Lien,Consumer & Retail,11.00 %,,Prime,4.75 %,11.00 %,2022-12-16,2026-12-16,9600,,9353,,9353,,,,,dspy_extracted,RWAY,2023-05-09,RWAY,2023-05-09
Marley Spoon AG,First Lien,Consumer & Retail,9.26 %,1.25 %,SOFR,8.50 %,9.26 %,2021-06-30,2025-06-15,26780,,26567,,26567,,,,,dspy_extracted,RWAY,2023-05-09,RWAY,2023-05-09
Marley Spoon AG,First Lien,Consumer & Retail,9.26 %,1.25 %,SOFR,8.50 %,9.26 %,2021-12-29,2025-06-15,8199,,8158,,8158,,,,,dspy_extracted,RWAY,2023-05-09,RWAY,2023-05-09
Marley Spoon AG,First Lien,Consumer & Retail,9.26 %,1.25 %,SOFR,8.50 %,9.26 %,2022-06-14,2025-06-15,11775,,11775,,11775,,,,,dspy_extracted,RWAY,2023-05-09,RWAY,2023-05-09
Bombora Inc.,First Lien,Software & Technology,5.00 %,3.75 %,SOFR,,5.76 %,2021-03-31,2025-03-31,21341,21337,21337,,21337,,,,,dspy_extracted,RWAY,2023-05-09,RWAY,2023-05-09
Fidelis Cybersecurity Inc.,First Lien,Software & Technology,11.00 %,,SOFR,,12.00 %,2021-05-13,2024-05-13,12205,12360,11857,,12360,,,,,dspy_extracted,RWAY,2023-05-09,RWAY,2023-05-09
Fidelis Cybersecurity Inc.,First Lien,Software & Technology,11.00 %,,SOFR,,12.00 %,2022-03-25,2024-05-13,8947,8986,8692,,8986,,,,,dspy_extracted,RWAY,2023-05-09,RWAY,2023-05-09
INRIX Inc.,First Lien,Software & Technology,9.00 %,,SOFR,,9.76 %,2021-11-15,2025-11-15,40000,40296,40296,,40296,,,,,dspy_extracted,RWAY,2023-05-09,RWAY,2023-05-09
INRIX Inc.,First Lien,Software & Technology,9.00 %,,SOFR,,9.76 %,2022-05-03,2025-11-15,5000,5033,5033,,5033,,,,,dspy_extracted,RWAY,2023-05-09,RWAY,2023-05-09
Skillshare Inc.,First Lien,Software & Technology,6.50 %,,SOFR,,10.72 %,2022-11-08,2026-11-08,25000,24414,24414,,24414,,,,,dspy_extracted,RWAY,2023-05-09,RWAY,2023-05-09
Synack Inc.,First Lien,Software & Technology,4.25 %,,Prime,,8.25 %,2022-06-30,2027-06-30,35000,34906,34906,,34906,,,,,dspy_extracted,RWAY,2023-05-09,RWAY,2023-05-09
Kin Insurance Inc.,First Lien,Insurance,6.25 %,,Prime,,12.50 %,2022-09-26,2026-09-15,50000,49143,49143,,49143,,,,,dspy_extracted,RWAY,2023-05-09,RWAY,2023-05-09
3PL Central LLC,First Lien,Software & Technology,4.50 %,2.50 %,SOFR,,6.50,2022-11-09,2027-11-09,65163,64429,64429,,64429,,,,,dspy_extracted,RWAY,2023-05-09,RWAY,2023-05-09
Dejero Labs Inc.,Second Lien,Software & Technology,5.00 %,5.00 %,SOFR,,5.50,2021-12-22,2025-12-22,13661,13654,13654,,13654,,,,,dspy_extracted,RWAY,2023-05-09,RWAY,2023-05-09
Aria Systems Inc.,Preferred Equity,Software & Technology,,,N/A,,,2018-07-10,,,250,347,,250,,,,,dspy_extracted,RWAY,2023-05-09,RWAY,2023-05-09
CareCloud Inc.,Preferred Equity,Healthcare,11 %,,N/A,,,2020-01-08,,,12132,12335,,12132,,,,,dspy_extracted,RWAY,2023-05-09,RWAY,2023-05-09
Interactions Corp.,Warrants,Software & Technology,,,N/A,,,2022-06-24,2032-06-24,189408,,204,,219,,,,,cost_suspicious_vs_size|dspy_extracted|fair_value_suspicious_vs_size,RWAY,2023-05-09,RWAY,2023-05-09
"ShareThis, Inc.",Warrants,Software & Technology,,,N/A,,,2018-12-03,2028-12-03,647615,,1728,,2162,,,,,cost_suspicious_vs_size|dspy_extracted|fair_value_suspicious_vs_size,RWAY,2023-05-09,RWAY,2023-05-09
"Brivo, Inc.",Warrants,Software & Technology,,,N/A,,,2022-10-20,2032-10-20,201000,,107,,98,,,,,cost_suspicious_vs_size|dspy_extracted|fair_value_suspicious_vs_size,RWAY,2023-05-09,RWAY,2023-05-09
"Epic IO Technologies, Inc.",Warrants,Software & Technology,,,N/A,,,2021-12-17,2024-12-17,,,456,,430,,,,,dspy_extracted,RWAY,2023-05-09,RWAY,2023-05-09
"Moximed, Inc.",Warrants,Healthcare,,,N/A,,,2022-06-24,2032-06-24,214285,,163,,175,,,,,cost_suspicious_vs_size|dspy_extracted|fair_value_suspicious_vs_size,RWAY,2023-05-09,RWAY,2023-05-09
"Revelle Aesthetics, Inc.",Warrants,Healthcare,,,N/A,,,2022-03-30,3032-03-30,115591,,121,,127,,,,,cost_suspicious_vs_size|dspy_extracted|fair_value_suspicious_vs_size,RWAY,2023-05-09,RWAY,2023-05-09
"Allurion Technologies, Inc.",Warrants,Healthcare,,,N/A,,,2021-03-30,2031-03-30,132979,,632,,283,,,,,cost_suspicious_vs_size|dspy_extracted|fair_value_suspicious_vs_size,RWAY,2023-05-09,RWAY,2023-05-09
"Allurion Technologies, Inc.",Warrants,Healthcare,,,N/A,,,2022-06-14,2031-03-30,88440,,259,,284,,,,,cost_suspicious_vs_size|dspy_extracted|fair_value_suspicious_vs_size,RWAY,2023-05-09,RWAY,2023-05-09
"CareCloud, Inc.",Warrants,Healthcare,,,N/A,,,2020-01-08,2023-01-08,1000000,,,,837,,,,,cost_suspicious_vs_size|dspy_extracted,RWAY,2023-05-09,RWAY,2023-05-09
"EBR Systems, Inc.",Warrants,Healthcare,,,N/A,,,2022-06-30,2032-06-30,,,305,,292,,,,,dspy_extracted,RWAY,2023-05-09,RWAY,2023-05-09
"Gynesonics, Inc.",Warrants,Healthcare,,,N/A,,,2021-11-19,2031-11-19,27978115,,446,,341,,,,,cost_suspicious_vs_size|dspy_extracted|fair_value_suspicious_vs_size,RWAY,2023-05-09,RWAY,2023-05-09
"Mingle Healthcare Solutions, Inc.",Warrants,Healthcare,,,N/A,,,2018-08-15,2028-08-15,1770973,,,,492,,,,,cost_suspicious_vs_size|dspy_extracted,RWAY,2023-05-09,RWAY,2023-05-09
"Nalu Medical, Inc.",Warrants,Healthcare,,,N/A,,,2022-10-12,2032-10-12,91717,,137,,173,,,,,cost_suspicious_vs_size|dspy_extracted|fair_value_suspicious_vs_size,RWAY,2023-05-09,RWAY,2023-05-09
"Route 92 Medical, Inc.",Warrants,Healthcare,,,N/A,,,2021-08-17,2031-08-17,,,297,,248,,,,,dspy_extracted,RWAY,2023-05-09,RWAY,2023-05-09
SetPoint Medical Corp.,Warrants,Healthcare,,,N/A,,,2021-06-29,2031-06-29,400000,,50,,14,,,,,cost_suspicious_vs_size|dspy_extracted|fair_value_suspicious_vs_size,RWAY,2023-05-09,RWAY,2023-05-09
SetPoint Medical Corp.,Warrants,Healthcare,,,N/A,,,2022-12-29,2032-12-29,600000,,74,,74,,,,,cost_suspicious_vs_size|dspy_extracted|fair_value_suspicious_vs_size,RWAY,2023-05-09,RWAY,2023-05-09
VERO Biotech LLC,Warrants,Healthcare,,,N/A,,,2020-12-29,2025-12-29,,,394,,377,,,,,dspy_extracted,RWAY,2023-05-09,RWAY,2023-05-09
"CloudPay, Inc.",Warrants,Business Services,,,N/A,,,2020-06-30,2030-06-30,11273,,920,,218,,,,,cost_suspicious_vs_size|dspy_extracted,RWAY,2023-05-09,RWAY,2023-05-09
"CloudPay, Inc.",Warrants,Business Services,,,N/A,,,2021-08-17,2031-08-17,6129,,170,,160,,,,,cost_suspicious_vs_size|dspy_extracted|fair_value_suspicious_vs_size,RWAY,2023-05-09,RWAY,2023-05-09
"Snagajob.com, Inc.",Warrants,Business Services,,,N/A,,,2021-09-29,2031-09-29,763269,,220,,343,,,,,cost_suspicious_vs_size|dspy_extracted|fair_value_suspicious_vs_size,RWAY,2023-05-09,RWAY,2023-05-09
Madison Reed Inc.,Warrants,Media & Entertainment,,,N/A,,,2022-12-16,,,,133,,132,,,,,dspy_extracted,RWAY,2023-05-09,RWAY,2023-05-09
Bombora Inc.,Warrants,Media & Entertainment,,,N/A,,,2021-03-31,2031-03-31,121581,,248,,175,,,,,cost_suspicious_vs_size|dspy_extracted|fair_value_suspicious_vs_size,RWAY,2023-05-09,RWAY,2023-05-09
Fidelis Cybersecurity Inc.,Warrants,Media & Entertainment,,,N/A,,,2022-03-25,2032-03-25,,,100,,79,,,,,dspy_extracted,RWAY,2023-05-09,RWAY,2023-05-09
INRIX Inc.,Warrants,Media & Entertainment,,,N/A,,,2019-07-26,2029-07-26,150804,,2198,,522,,,,,cost_suspicious_vs_size|dspy_extracted|fair_value_suspicious_vs_size,RWAY,2023-05-09,RWAY,2023-05-09
Longtail Ad Solutions Inc.,Warrants,Media & Entertainment,,,N/A,,,2019-12-12,2029-12-12,387596,,345,,47,,,,,cost_suspicious_vs_size|dspy_extracted|fair_value_suspicious_vs_size,RWAY,2023-05-09,RWAY,2023-05-09
Skillshare Inc.,Warrants,Media & Entertainment,,,N/A,,,2022-11-08,2026-11-08,,,225,,243,,,,,dspy_extracted,RWAY,2023-05-09,RWAY,2023-05-09
Synack Inc.,Warrants,Media & Entertainment,,,N/A,,,2022-06-30,2032-06-30,100645,,129,,127,,,,,cost_suspicious_vs_size|dspy_extracted|fair_value_suspicious_vs_size,RWAY,2023-05-09,RWAY,2023-05-09
Kin Insurance Inc.,Warrants,Insurance,,,N/A,,,2022-09-26,2032-09-26,41576,,297,,302,,,,,cost_suspicious_vs_size|dspy_extracted|fair_value_suspicious_vs_size,RWAY,2023-05-09,RWAY,2023-05-09
AllClear ID Inc.,Warrants,Business Services,,,N/A,,,2017-09-01,2027-09-01,870514,,,,1750,,,,,cost_suspicious_vs_size|dspy_extracted,RWAY,2023-05-09,RWAY,2023-05-09
Credit Sesame Inc.,Warrants,Business Services,,,N/A,,,2020-01-07,2030-01-07,191601,,796,,425,,,,,cost_suspicious_vs_size|dspy_extracted|fair_value_suspicious_vs_size,RWAY,2023-05-09,RWAY,2023-05-09
Dejero Labs Inc.,Warrants,Software & Technology,,,N/A,,,2019-05-31,2029-05-31,333621,,191,,192,,,,,cost_suspicious_vs_size|dspy_extracted|fair_value_suspicious_vs_size,RWAY,2023-05-09,RWAY,2023-05-09
RealWear Inc.,Warrants,Software & Technology,,,N/A,,,2018-10-05,2028-10-05,112451,,246,,136,,,,,cost_suspicious_vs_size|dspy_extracted|fair_value_suspicious_vs_size,RWAY,2023-05-09,RWAY,2023-05-09
RealWear Inc.,Warrants,Software & Technology,,,N/A,,,2018-12-28,2028-12-28,22491,,49,,25,,,,,cost_suspicious_vs_size|dspy_extracted|fair_value_suspicious_vs_size,RWAY,2023-05-09,RWAY,2023-05-09
RealWear Inc.,Warrants,Software & Technology,,,N/A,,,2019-06-27,2029-06-27,123894,,272,,381,,,,,cost_suspicious_vs_size|dspy_extracted|fair_value_suspicious_vs_size,RWAY,2023-05-09,RWAY,2023-05-09
Coginiti Corp.,Common Equity,Software & Technology,,,N/A,,,2020-03-09,,1040160,,1174,,4551,,,,,cost_suspicious_vs_size|dspy_extracted|fair_value_suspicious_vs_size,RWAY,2023-05-09,RWAY,2023-05-09
Coginiti Corp.,Warrants,Software & Technology,,,N/A,,,2020-03-09,2030-03-09,811770,,910,,,,,,,dspy_extracted|fair_value_suspicious_vs_size,RWAY,2023-05-09,RWAY,2023-05-09
Pivot3 Inc.,First Lien,Business Services,8.50%,,LIBOR,,11.00%,2019-05-13,2023-01-15,18598,,9290,,19172,,,,,dspy_extracted,RWAY,2023-05-09,RWAY,2023-05-09
3PL Central LLC,First Lien,,,,,,,,,,,12000,,,,,,,dspy_extracted,RWAY,2023-05-09,RWAY,2023-05-09
"Brivo, Inc.",First Lien,,,,,,,,,,,12000,,,,,,,dspy_extracted,RWAY,2023-05-09,RWAY,2023-05-09
"CloudPay, Inc.",First Lien,Software & Technology,,,,,,,,,,15000,,,,,,,dspy_extracted,RWAY,2023-05-09,RWAY,2023-05-09
"Dtex Systems, Inc.",First Lien,,,,,,,,,,,15000,,,,,,,dspy_extracted,RWAY,2023-05-09,RWAY,2023-05-09
"EBR Systems, Inc.",First Lien,,,,,,,,,,,30000,,,,,,,dspy_extracted,RWAY,2023-05-09,RWAY,2023-05-09
"Intellisite Holdings, Inc.",First Lien,,,,,,,,,,,2000,,,,,,,dspy_extracted,RWAY,2023-05-09,RWAY,2023-05-09
Interactions Corp.,First Lien,,,,,,,,,,,10000,,,,,,,dspy_extracted,RWAY,2023-05-09,RWAY,2023-05-09
"Kin Insurance, Inc.",First Lien,Insurance,,,,,,,,,,25000,,,,,,,dspy_extracted,RWAY,2023-05-09,RWAY,2023-05-09
"Madison Reed, Inc.",First Lien,,,,,,,,,,,2400,,,,,,,dspy_extracted,RWAY,2023-05-09,RWAY,2023-05-09
"Moximed, Inc.",First Lien,,,,,,,,,,,15000,,,,,,,dspy_extracted,RWAY,2023-05-09,RWAY,2023-05-09
"Nalu Medical, Inc.",First Lien,Healthcare,,,,,,,,,,25000,,,,,,,dspy_extracted,RWAY,2023-05-09,RWAY,2023-05-09
"Revelle Aesthetics, Inc.",First Lien,,,,,,,,,,,12500,,,,,,,dspy_extracted,RWAY,2023-05-09,RWAY,2023-05-09
"Route 92 Medical, Inc.",First Lien,Healthcare,,,,,,,,,,41564,,,,,,,dspy_extracted,RWAY,2023-05-09,RWAY,2023-05-09
SetPoint Medical Corp.,First Lien,Healthcare,,,,,,,,,,40000,,,,,,,dspy_extracted,RWAY,2023-05-09,RWAY,2023-05-09
"Skillshare, Inc.",First Lien,,,,,,,,,,,15000,,,,,,,dspy_extracted,RWAY,2023-05-09,RWAY,2023-05-09
"Snagajob.com, Inc.",First Lien,,,,,,,,,,,6785,,,,,,,dspy_extracted,RWAY,2023-05-09,RWAY,2023-05-09
"Synack, Inc.",First Lien,,,,,,,,,,,23480,,,,,,,dspy_extracted,RWAY,2023-05-09,RWAY,2023-05-09
Circadence Corp.,First Lien,Software & Technology,,9.50 %,SOFR,9.50 %,12.26 %,2018-12-20,,21446,,18355,,22793,,,,,dspy_extracted,RWAY,2023-08-08,RWAY,2023-08-08
Dtex Systems Inc.,First Lien,Software & Technology,9.25 %,,SOFR,9.25 %,9.75 %,2021-06-01,2025-06-01,10000,,10069,,10069,,,,,dspy_extracted,RWAY,2023-08-08,RWAY,2023-08-08
FiscalNote Inc.,First Lien,Software & Technology,,1.00 %,Prime,5.00 %,9.00 %,2020-10-19,2027-07-15,65582,,65118,,65118,,,,,dspy_extracted,RWAY,2023-08-08,RWAY,2023-08-08
VTX Intermediate Holdings Inc.,First Lien,Software & Technology,,,SOFR,9.00 %,9.50 %,2021-12-28,2026-12-28,85937,,85414,,86323,,,,,dspy_extracted,RWAY,2023-08-08,RWAY,2023-08-08
Interactions Corp.,First Lien,Software & Technology,,,SOFR,9.26 %,9.76 %,2022-06-24,2027-06-15,40000,,39702,,39702,,,,,dspy_extracted,RWAY,2023-08-08,RWAY,2023-08-08
ShareThis Inc.,First Lien,Software & Technology,,,SOFR,9.25 %,11.86 %,2018-12-03,2025-07-15,20475,,20392,,21001,,,,,dspy_extracted,RWAY,2023-08-08,RWAY,2023-08-08
ShareThis Inc.,First Lien,Software & Technology,,,SOFR,8.25 %,10.86 %,2020-08-18,2025-07-15,975,,971,,1002,,,,,dspy_extracted,RWAY,2023-08-08,RWAY,2023-08-08
Vesta Payment Solutions Inc.,First Lien,Software & Technology,,,SOFR,7.00 %,9.00 %,2022-11-29,2026-11-15,25000,,24640,,24640,,,,,dspy_extracted,RWAY,2023-08-08,RWAY,2023-08-08
Turning Tech Intermediate Inc.,First Lien,Education,,,SOFR,8.50 %,9.00 %,2021-06-22,2025-12-14,25076,,25486,,25486,,,,,dspy_extracted,RWAY,2023-08-08,RWAY,2023-08-08
Brivo Inc.,First Lien,Software & Technology,,25 %,SOFR,6.85 %,10.89 %,2022-10-20,2027-10-20,49531,,51017,,49215,,,,,dspy_extracted,RWAY,2023-08-08,RWAY,2023-08-08
Intellisite Holdings Inc.,First Lien,Software & Technology,,,SOFR,9.75 %,10.25 %,2021-12-17,2025-12-17,40000,,39759,,39759,,,,,dspy_extracted,RWAY,2023-08-08,RWAY,2023-08-08
"Moximed, Inc.",First Lien,Healthcare,,,Prime,5.25 %,8.75 %,2022-06-24,2027-07-01,15000,,14845,,14845,,,,,dspy_extracted,RWAY,2023-08-08,RWAY,2023-08-08
"Allurion Technologies, Inc.",First Lien,Healthcare,,,Prime,6.44 %,9.50 %,2021-12-30,2026-12-30,55000,,57680,,54903,,,,,dspy_extracted,RWAY,2023-08-08,RWAY,2023-08-08
"EBR Systems, Inc.",First Lien,Healthcare,,,Prime,4.90 %,8.90 %,2022-06-30,2027-06-15,40000,,39245,,39245,,,,,dspy_extracted,RWAY,2023-08-08,RWAY,2023-08-08
"Mingle Healthcare Solutions, Inc.",First Lien,Healthcare,,.25 %,SOFR,9.50 %,12.01 %,2018-08-15,2023-12-15,4326,,4161,,4943,,,,,dspy_extracted,RWAY,2023-08-08,RWAY,2023-08-08
"Nalu Medical, Inc.",First Lien,Healthcare,,2.00 %,Prime,2.70 %,6.70 %,2022-10-12,2027-10-12,20275,,20076,,20076,,,,,dspy_extracted,RWAY,2023-08-08,RWAY,2023-08-08
"Route 92 Medical, Inc.",First Lien,Healthcare,,,SOFR,8.48 %,8.98 %,2021-08-17,2026-07-01,13436,,13345,,13345,,,,,dspy_extracted,RWAY,2023-08-08,RWAY,2023-08-08
SetPoint Medical Corp.,First Lien,Healthcare,,,SOFR,5.75 %,9.00 %,2022-12-29,2027-12-01,25000,,24908,,24908,,,,,dspy_extracted,RWAY,2023-08-08,RWAY,2023-08-08
VERO Biotech LLC,First Lien,Healthcare,,,SOFR,9.05 %,9.55 %,2020-12-29,2024-12-01,40000,,40608,,40608,,,,,dspy_extracted,RWAY,2023-08-08,RWAY,2023-08-08
"CloudPay, Inc.",First Lien,Business Services,,,Prime,6.25 %,10.25 %,2022-09-26,2027-08-17,75000,,74764,,74764,,,,,dspy_extracted,RWAY,2023-08-08,RWAY,2023-08-08
"Snagajob.com, Inc.",First Lien,Business Services,,50 %,SOFR,8.50 %,9.00 %,2021-09-29,2025-09-01,38699,,37315,,38852,,,,,dspy_extracted,RWAY,2023-08-08,RWAY,2023-08-08
"Madison Reed, Inc.",First Lien,Consumer & Retail,,,Prime,4.75 %,11.00 %,2022-12-16,2026-12-16,9600,,9415,,9415,,,,,dspy_extracted,RWAY,2023-08-08,RWAY,2023-08-08
Marley Spoon AG,First Lien,Consumer & Retail,,8.50 %,SOFR,,9.26 %,2021-06-30,2026-06-15,48527,,48357,,48357,,,,,dspy_extracted,RWAY,2023-08-08,RWAY,2023-08-08
Bombora Inc.,First Lien,Software & Technology,5.00 %,3.75 %,SOFR,,5.76 %,2021-03-31,2025-03-31,21749,21844,21844,,,,,,,dspy_extracted,RWAY,2023-08-08,RWAY,2023-08-08
Fidelis Cybersecurity Inc.,First Lien,Software & Technology,11.00 %,,SOFR,,12.00 %,2021-05-13,2024-05-13,14931,15329,15072,,,,,,,dspy_extracted,RWAY,2023-08-08,RWAY,2023-08-08
Skillshare Inc.,First Lien,Software & Technology,6.50 %,,SOFR,,10.72 %,2022-11-08,2026-11-08,25000,24604,24604,,,,,,,dspy_extracted,RWAY,2023-08-08,RWAY,2023-08-08
Synack Inc.,First Lien,Software & Technology,4.25 %,,Prime,,8.25 %,2022-06-30,2027-06-30,36520,36445,36445,,,,,,,dspy_extracted,RWAY,2023-08-08,RWAY,2023-08-08
Kin Insurance Inc.,First Lien,Insurance,6.25 %,,Prime,,12.50 %,2022-09-26,2026-09-15,63889,63327,63313,,,,,,,dspy_extracted,RWAY,2023-08-08,RWAY,2023-08-08
3PL Central LLC,First Lien,Software & Technology,4.50 %,2.50 %,SOFR,,6.50,2022-11-09,2027-11-09,69010,68479,68479,,,,,,,dspy_extracted,RWAY,2023-08-08,RWAY,2023-08-08
Dejero Labs Inc.,Second Lien,Software & Technology,5.00 %,5.00 %,SOFR,,5.50,2021-12-22,2025-12-22,14010,14058,14064,,,,,,,dspy_extracted,RWAY,2023-08-08,RWAY,2023-08-08
Aria Systems Inc.,Preferred Equity,Software & Technology,,,N/A,,,2018-07-10,,289419,250,254,,,,,,,dspy_extracted|fair_value_suspicious_vs_size,RWAY,2023-08-08,RWAY,2023-08-08
CareCloud Inc.,Preferred Equity,Healthcare,11 %,,N/A,,,2020-01-08,,462064,12132,12938,,,,,,,dspy_extracted|fair_value_suspicious_vs_size,RWAY,2023-08-08,RWAY,2023-08-08
Interactions Corp.,Warrants,Software & Technology,,,N/A,,,2022-06-24,2032-06-24,189408,,120,,219,,,,,cost_suspicious_vs_size|dspy_extracted|fair_value_suspicious_vs_size,RWAY,2023-08-08,RWAY,2023-08-08
ShareThis Inc.,Warrants,Software & Technology,,,N/A,,,2018-12-03,2028-12-03,647615,,1079,,2162,,,,,cost_suspicious_vs_size|dspy_extracted|fair_value_suspicious_vs_size,RWAY,2023-08-08,RWAY,2023-08-08
Brivo Inc.,Warrants,Software & Technology,,,N/A,,,2022-10-20,2032-10-20,201000,,401,,99,,,,,cost_suspicious_vs_size|dspy_extracted|fair_value_suspicious_vs_size,RWAY,2023-08-08,RWAY,2023-08-08
Epic IO Technologies Inc.,Warrants,Software & Technology,,,N/A,,,2021-12-17,2024-12-17,,,511,,505,,,,,dspy_extracted,RWAY,2023-08-08,RWAY,2023-08-08
Moximed Inc.,Warrants,Healthcare,,,N/A,,,2022-06-24,2032-06-24,214285,,166,,175,,,,,cost_suspicious_vs_size|dspy_extracted|fair_value_suspicious_vs_size,RWAY,2023-08-08,RWAY,2023-08-08
Revelle Aesthetics Inc.,Warrants,Healthcare,,,N/A,,,2022-03-30,2032-03-30,115591,,109,,126,,,,,cost_suspicious_vs_size|dspy_extracted|fair_value_suspicious_vs_size,RWAY,2023-08-08,RWAY,2023-08-08
Allurion Technologies Inc.,Warrants,Healthcare,,,N/A,,,2021-03-30,2031-03-30,132979,,403,,282,,,,,cost_suspicious_vs_size|dspy_extracted|fair_value_suspicious_vs_size,RWAY,2023-08-08,RWAY,2023-08-08
Allurion Technologies Inc.,Warrants,Healthcare,,,N/A,,,2022-06-14,2032-06-14,44220,,15,,141,,,,,cost_suspicious_vs_size|dspy_extracted|fair_value_suspicious_vs_size,RWAY,2023-08-08,RWAY,2023-08-08
EBR Systems Inc.,Warrants,Healthcare,,,N/A,,,2022-06-30,2032-06-30,,,660,,605,,,,,dspy_extracted,RWAY,2023-08-08,RWAY,2023-08-08
Mingle Healthcare Solutions Inc.,Warrants,Healthcare,,,N/A,,,2018-08-15,2028-08-15,1770973,,,,492,,,,,cost_suspicious_vs_size|dspy_extracted,RWAY,2023-08-08,RWAY,2023-08-08
Nalu Medical Inc.,Warrants,Healthcare,,,N/A,,,2022-10-12,2032-10-12,91717,,79,,173,,,,,cost_suspicious_vs_size|dspy_extracted|fair_value_suspicious_vs_size,RWAY,2023-08-08,RWAY,2023-08-08
Route 92 Medical Inc.,Warrants,Healthcare,,,N/A,,,2021-08-17,2031-08-17,,,317,,258,,,,,dspy_extracted,RWAY,2023-08-08,RWAY,2023-08-08
SetPoint Medical Corp.,Warrants,Healthcare,,,N/A,,,2021-06-29,2031-06-29,400000,,120,,14,,,,,cost_suspicious_vs_size|dspy_extracted|fair_value_suspicious_vs_size,RWAY,2023-08-08,RWAY,2023-08-08
SetPoint Medical Corp.,Warrants,Healthcare,,,N/A,,,2022-12-29,2032-12-29,600000,,180,,74,,,,,cost_suspicious_vs_size|dspy_extracted|fair_value_suspicious_vs_size,RWAY,2023-08-08,RWAY,2023-08-08
VERO Biotech LLC,Warrants,Healthcare,,,N/A,,,2020-12-29,2025-12-29,,,321,,377,,,,,dspy_extracted,RWAY,2023-08-08,RWAY,2023-08-08
CloudPay Inc.,Warrants,Business Services,,,N/A,,,2020-06-30,2030-06-30,11273,,883,,218,,,,,cost_suspicious_vs_size|dspy_extracted,RWAY,2023-08-08,RWAY,2023-08-08
CloudPay Inc.,Warrants,Business Services,,,N/A,,,2021-08-17,2031-08-17,6128,,159,,160,,,,,cost_suspicious_vs_size|dspy_extracted|fair_value_suspicious_vs_size,RWAY,2023-08-08,RWAY,2023-08-08
CloudPay Inc.,Warrants,Business Services,,,N/A,,,2023-06-30,2033-06-30,2626,,68,,68,,,,,cost_suspicious_vs_size|dspy_extracted|fair_value_suspicious_vs_size,RWAY,2023-08-08,RWAY,2023-08-08
Snagajob.com Inc.,Warrants,Business Services,,,N/A,,,2021-09-29,2031-09-29,763269,,67,,343,,,,,cost_suspicious_vs_size|dspy_extracted|fair_value_suspicious_vs_size,RWAY,2023-08-08,RWAY,2023-08-08
Madison Reed Inc.,Warrants,Consumer & Retail,,,N/A,,,2022-12-16,,,,139,,132,,,,,dspy_extracted,RWAY,2023-08-08,RWAY,2023-08-08
Bombora Inc.,Warrants,Software & Technology,,,N/A,,,2021-03-31,2031-03-31,121581,,102,,175,,,,,cost_suspicious_vs_size|dspy_extracted|fair_value_suspicious_vs_size,RWAY,2023-08-08,RWAY,2023-08-08
Fidelis Cybersecurity Inc.,Warrants,Software & Technology,,,N/A,,,2022-03-25,2032-03-25,,,79,,79,,,,,dspy_extracted,RWAY,2023-08-08,RWAY,2023-08-08
INRIX Inc.,Warrants,Software & Technology,,,N/A,,,2019-07-26,2029-07-26,150804,,1145,,522,,,,,cost_suspicious_vs_size|dspy_extracted|fair_value_suspicious_vs_size,RWAY,2023-08-08,RWAY,2023-08-08
Longtail Ad Solutions Inc.,Warrants,Software & Technology,,,N/A,,,2019-12-12,2029-12-12,387596,,344,,47,,,,,cost_suspicious_vs_size|dspy_extracted|fair_value_suspicious_vs_size,RWAY,2023-08-08,RWAY,2023-08-08
Skillshare Inc.,Warrants,Software & Technology,,,N/A,,,2022-11-08,2026-11-08,,,273,,243,,,,,dspy_extracted,RWAY,2023-08-08,RWAY,2023-08-08
Synack Inc.,Warrants,Software & Technology,,,N/A,,,2022-06-30,2032-06-30,102363,,118,,129,,,,,cost_suspicious_vs_size|dspy_extracted|fair_value_suspicious_vs_size,RWAY,2023-08-08,RWAY,2023-08-08
Kin Insurance Inc.,Warrants,Insurance,,,N/A,,,2022-09-26,2032-09-26,41576,,249,,302,,,,,cost_suspicious_vs_size|dspy_extracted|fair_value_suspicious_vs_size,RWAY,2023-08-08,RWAY,2023-08-08
Kin Insurance Inc.,Warrants,Insurance,,,N/A,,,2023-05-05,2033-05-05,11549,,69,,69,,,,,cost_suspicious_vs_size|dspy_extracted|fair_value_suspicious_vs_size,RWAY,2023-08-08,RWAY,2023-08-08
AllClear ID Inc.,Warrants,Consumer & Retail,,,N/A,,,2017-09-01,2027-09-01,523893,,,,1053,,,,,cost_suspicious_vs_size|dspy_extracted,RWAY,2023-08-08,RWAY,2023-08-08
AllClear ID Inc.,Warrants,Consumer & Retail,,,N/A,,,2018-10-17,2028-10-17,346621,,,,697,,,,,cost_suspicious_vs_size|dspy_extracted,RWAY,2023-08-08,RWAY,2023-08-08
Credit Sesame Inc.,Warrants,Consumer & Retail,,,N/A,,,2020-01-07,2030-01-07,191601,,389,,425,,,,,cost_suspicious_vs_size|dspy_extracted|fair_value_suspicious_vs_size,RWAY,2023-08-08,RWAY,2023-08-08
Dejero Labs Inc.,Warrants,Software & Technology,,,N/A,,,2019-05-31,2029-05-31,333621,,202,,192,,,,,cost_suspicious_vs_size|dspy_extracted|fair_value_suspicious_vs_size,RWAY,2023-08-08,RWAY,2023-08-08
Scale Computing Inc.,Warrants,Software & Technology,,,N/A,,,2019-03-29,2029-03-29,9665667,,,,346,,,,,cost_suspicious_vs_size|dspy_extracted,RWAY,2023-08-08,RWAY,2023-08-08
RealWear Inc.,Warrants,Software & Technology,,,N/A,,,2018-10-05,2028-10-05,112451,,342,,136,,,,,cost_suspicious_vs_size|dspy_extracted|fair_value_suspicious_vs_size,RWAY,2023-08-08,RWAY,2023-08-08
RealWear Inc.,Warrants,Software & Technology,,,N/A,,,2018-12-28,2028-12-28,22491,,68,,25,,,,,cost_suspicious_vs_size|dspy_extracted|fair_value_suspicious_vs_size,RWAY,2023-08-08,RWAY,2023-08-08
RealWear Inc.,Warrants,Software & Technology,,,N/A,,,2019-06-27,2029-06-27,123894,,377,,381,,,,,cost_suspicious_vs_size|dspy_extracted|fair_value_suspicious_vs_size,RWAY,2023-08-08,RWAY,2023-08-08
Gynesonics Inc.,First Lien,Healthcare,8.75%,,SOFR,8.75 %,8.00%,2023-03-01,2026-11-30,25595,25739,23124,,,,,,,dspy_extracted,RWAY,2023-08-08,RWAY,2023-08-08
Gynesonics Inc.,Preferred Equity,Healthcare,,,N/A,,,2023-03-01,,3266668,25000,21818,,,,,,,dspy_extracted|fair_value_suspicious_vs_size,RWAY,2023-08-08,RWAY,2023-08-08
Coginiti Corp.,Common Equity,Software & Technology,,,N/A,,,2020-03-09,,1040160,4551,914,,,,,,,dspy_extracted|fair_value_suspicious_vs_size,RWAY,2023-08-08,RWAY,2023-08-08
Coginiti Corp.,Warrants,Software & Technology,,,N/A,,,2020-03-09,2030-03-09,811770,,868,,,,,,,dspy_extracted|fair_value_suspicious_vs_size,RWAY,2023-08-08,RWAY,2023-08-08
Gynesonics Inc.,Warrants,Healthcare,,,N/A,,,2023-03-01,2030-03-01,,313,323,,,,,,,dspy_extracted,RWAY,2023-08-08,RWAY,2023-08-08
Pivot3 Inc.,First Lien,Business Services,8.50%,,LIBOR,8.50 %,11.00%,2019-05-13,2023-07-15,17389,17963,11613,,,,,,,dspy_extracted,RWAY,2023-08-08,RWAY,2023-08-08
Circadence Corp.,First Lien,Software & Technology,,9.50 %,SOFR,9.50 %,12.26 %,2018-12-20,2023-12-15,19928,,17083,,21260,,,,,dspy_extracted,RWAY,2023-08-08,RWAY,2023-08-08
"Dtex Systems, Inc.",First Lien,Software & Technology,,,SOFR,9.25 %,9.75 %,2021-06-01,2025-06-01,10000,,10033,,10033,,,,,dspy_extracted,RWAY,2023-08-08,RWAY,2023-08-08
"FiscalNote, Inc.",First Lien,Software & Technology,,1.00 %,Prime,5.00 %,9.00 %,2020-10-19,2027-07-15,65251,,64466,,64466,,,,,dspy_extracted,RWAY,2023-08-08,RWAY,2023-08-08
"VTX Intermediate Holdings, Inc.",First Lien,Software & Technology,,,SOFR,9.00 %,9.50 %,2021-12-28,2026-12-28,85000,,85000,,85000,,,,,dspy_extracted,RWAY,2023-08-08,RWAY,2023-08-08
"Mustang Bio, Inc.",First Lien,Healthcare,,,SOFR,8.75 %,9.25 %,2022-03-04,2027-04-15,30000,,29709,,29709,,,,,dspy_extracted,RWAY,2023-08-08,RWAY,2023-08-08
"TRACON Pharmaceuticals, Inc.",First Lien,Healthcare,,,Prime,5.00 %,8.50 %,2022-09-02,2026-09-01,10000,,10000,,9795,,,,,dspy_extracted,RWAY,2023-08-08,RWAY,2023-08-08
Interactions Corp.,First Lien,Software & Technology,,,SOFR,9.26 %,9.76 %,2022-06-24,2027-06-15,40000,,39504,,39504,,,,,dspy_extracted,RWAY,2023-08-08,RWAY,2023-08-08
"ShareThis, Inc.",First Lien,Software & Technology,,,SOFR,9.25 %,11.86 %,2018-12-03,2025-07-15,21000,,21150,,21500,,,,,dspy_extracted,RWAY,2023-08-08,RWAY,2023-08-08
"ShareThis, Inc.",First Lien,Software & Technology,,,SOFR,8.25 %,10.86 %,2020-08-18,2025-07-15,1000,,1007,,1026,,,,,dspy_extracted,RWAY,2023-08-08,RWAY,2023-08-08
"Vesta Payment Solutions, Inc.",First Lien,Software & Technology,,,SOFR,7.00 %,9.00 %,2022-11-29,2026-11-15,25000,,24521,,24521,,,,,dspy_extracted,RWAY,2023-08-08,RWAY,2023-08-08
"Turning Tech Intermediate, Inc.",First Lien,Education,,,SOFR,8.50 %,9.00 %,2021-06-22,2025-12-14,25000,,25305,,25305,,,,,dspy_extracted,RWAY,2023-08-08,RWAY,2023-08-08
"Brivo, Inc.",First Lien,Software & Technology,,50 %,SOFR,6.85 %,10.89 %,2022-10-20,2027-10-20,44378,,43912,,43912,,,,,dspy_extracted,RWAY,2023-08-08,RWAY,2023-08-08
"Intellisite Holdings, Inc.",First Lien,Software & Technology,,,SOFR,9.75 %,10.25 %,2021-12-17,2025-12-17,34000,,33639,,33639,,,,,dspy_extracted,RWAY,2023-08-08,RWAY,2023-08-08
"Moximed, Inc.",First Lien,Healthcare,,,Prime,5.25 %,8.75 %,2022-06-24,2027-07-01,15000,14772,14772,,,,,,,dspy_extracted,RWAY,2023-08-08,RWAY,2023-08-08
"Revelle Aesthetics, Inc.",First Lien,Healthcare,,,Prime,5.50 %,8.75 %,2022-03-30,2027-04-01,12500,12377,12377,,,,,,,dspy_extracted,RWAY,2023-08-08,RWAY,2023-08-08
"Allurion Technologies, Inc.",First Lien,Healthcare,,,Prime,6.44 %,9.50 %,2021-12-30,2026-12-30,55000,54715,54715,,,,,,,dspy_extracted,RWAY,2023-08-08,RWAY,2023-08-08
"EBR Systems, Inc.",First Lien,Healthcare,,,Prime,4.90 %,8.90 %,2022-06-30,2027-06-15,20000,19648,19648,,,,,,,dspy_extracted,RWAY,2023-08-08,RWAY,2023-08-08
"Gynesonics, Inc.",First Lien,Healthcare,,,SOFR,8.75 %,9.25 %,2020-12-01,2025-12-01,50000,50022,50022,,,,,,,dspy_extracted,RWAY,2023-08-08,RWAY,2023-08-08
"Mingle Healthcare Solutions, Inc.",First Lien,Healthcare,,0.25 %,SOFR,9.50 %,12.01 %,2018-08-15,2023-12-15,4015,4615,3821,,,,,,,dspy_extracted,RWAY,2023-08-08,RWAY,2023-08-08
"Nalu Medical, Inc.",First Lien,Healthcare,,2.00 %,Prime,2.70 %,6.70 %,2022-10-12,2027-10-12,20071,19756,19756,,,,,,,dspy_extracted,RWAY,2023-08-08,RWAY,2023-08-08
"Route 92 Medical, Inc.",First Lien,Healthcare,,,SOFR,8.48 %,8.98 %,2021-08-17,2026-07-01,13000,12843,12843,,,,,,,dspy_extracted,RWAY,2023-08-08,RWAY,2023-08-08
SetPoint Medical Corp.,First Lien,Healthcare,,,SOFR,5.75 %,9.00 %,2022-12-29,2027-12-01,25000,24802,24802,,,,,,,dspy_extracted,RWAY,2023-08-08,RWAY,2023-08-08
VERO Biotech LLC,First Lien,Healthcare,,,SOFR,9.05 %,9.55 %,2020-12-29,2024-12-01,40000,40308,40308,,,,,,,dspy_extracted,RWAY,2023-08-08,RWAY,2023-08-08
"CloudPay, Inc.",First Lien,Business Services,,,Prime,6.25 %,10.25 %,2022-09-26,2027-08-17,60000,59693,59693,,,,,,,dspy_extracted,RWAY,2023-08-08,RWAY,2023-08-08
"Snagajob.com, Inc.",First Lien,Business Services,,,SOFR,8.50 %,9.00 %,2021-09-29,2025-09-01,37609,37574,36785,,,,,,,dspy_extracted,RWAY,2023-08-08,RWAY,2023-08-08
"Madison Reed, Inc.",First Lien,Consumer & Retail,,,Prime,4.75 %,11.00 %,2022-12-16,2026-12-16,9600,9353,9353,,,,,,,dspy_extracted,RWAY,2023-08-08,RWAY,2023-08-08
Marley Spoon AG,First Lien,Consumer & Retail,,1.25 %,SOFR,8.50 %,9.26 %,2021-06-30,2025-06-15,46754,46500,46500,,,,,,,dspy_extracted,RWAY,2023-08-08,RWAY,2023-08-08
"Bombora, Inc.",First Lien,Software & Technology,5.00%,3.75%,SOFR,,5.76%,2021-03-31,2025-03-31,21341,21337,21337,,21337,,,,,dspy_extracted,RWAY,2023-08-08,RWAY,2023-08-08
"Fidelis Cybersecurity, Inc.",First Lien,Software & Technology,11.00%,,SOFR,,12.00%,2021-05-13,2024-05-13,12205,12360,11857,,12360,,,,,dspy_extracted,RWAY,2023-08-08,RWAY,2023-08-08
"Fidelis Cybersecurity, Inc.",First Lien,Software & Technology,11.00%,,SOFR,,12.00%,2022-03-25,2024-05-13,8947,8986,8692,,8986,,,,,dspy_extracted,RWAY,2023-08-08,RWAY,2023-08-08
"INRIX, Inc.",First Lien,Software & Technology,9.00%,,SOFR,,9.76%,2021-11-15,2025-11-15,45000,45329,45329,,45329,,,,,dspy_extracted,RWAY,2023-08-08,RWAY,2023-08-08
"Skillshare, Inc.",First Lien,Software & Technology,6.50%,,SOFR,,10.72%,2022-11-08,2026-11-08,25000,24414,24414,,24414,,,,,dspy_extracted,RWAY,2023-08-08,RWAY,2023-08-08
"Synack, Inc.",First Lien,Software & Technology,4.25%,,Prime,,8.25%,2022-06-30,2027-06-30,35000,34906,34906,,34906,,,,,dspy_extracted,RWAY,2023-08-08,RWAY,2023-08-08
"Kin Insurance, Inc.",First Lien,Insurance,6.25%,,Prime,,12.50%,2022-09-26,2026-09-15,50000,49143,49143,,49143,,,,,dspy_extracted,RWAY,2023-08-08,RWAY,2023-08-08
3PL Central LLC,First Lien,Software & Technology,4.50%,2.50%,SOFR,,6.50,2022-11-09,2027-11-09,65163,64429,64429,,64429,,,,,dspy_extracted,RWAY,2023-08-08,RWAY,2023-08-08
Dejero Labs Inc.,Second Lien,Software & Technology,5.00%,5.00%,SOFR,,5.50,2021-12-22,2025-12-22,13661,13654,13654,,13654,,,,,dspy_extracted,RWAY,2023-08-08,RWAY,2023-08-08
"Aria Systems, Inc.",Preferred Equity,Software & Technology,,,N/A,,,2018-07-10,,289419,250,347,,250,,,,,cost_suspicious_vs_size|dspy_extracted|fair_value_suspicious_vs_size,RWAY,2023-08-08,RWAY,2023-08-08
"CareCloud, Inc.",Preferred Equity,Healthcare,11%,,N/A,,,2020-01-08,,462064,12132,12335,,12132,,,,,cost_suspicious_vs_size|dspy_extracted|fair_value_suspicious_vs_size,RWAY,2023-08-08,RWAY,2023-08-08
Interactions Corp.,Warrants,Software & Technology,,,N/A,,,2022-06-24,2032-06-24,189408,,204,,219,,,,,cost_suspicious_vs_size|dspy_extracted|fair_value_suspicious_vs_size,RWAY,2023-08-08,RWAY,2023-08-08
"ShareThis, Inc.",Warrants,Software & Technology,,,N/A,,,2018-12-03,2028-12-03,647615,,1728,,2162,,,,,cost_suspicious_vs_size|dspy_extracted|fair_value_suspicious_vs_size,RWAY,2023-08-08,RWAY,2023-08-08
"Brivo, Inc.",Warrants,Software & Technology,,,N/A,,,2022-10-20,2032-10-20,201000,,107,,98,,,,,cost_suspicious_vs_size|dspy_extracted|fair_value_suspicious_vs_size,RWAY,2023-08-08,RWAY,2023-08-08
"Epic IO Technologies, Inc.",Warrants,Software & Technology,,,N/A,,,2021-12-17,2024-12-17,,,456,,430,,,,,dspy_extracted,RWAY,2023-08-08,RWAY,2023-08-08
"Moximed, Inc.",Warrants,Healthcare,,,N/A,,,2022-06-24,2032-06-24,214285,,163,,175,,,,,cost_suspicious_vs_size|dspy_extracted|fair_value_suspicious_vs_size,RWAY,2023-08-08,RWAY,2023-08-08
"Revelle Aesthetics, Inc.",Warrants,Healthcare,,,N/A,,,2022-03-30,3032-03-30,115591,,121,,127,,,,,cost_suspicious_vs_size|dspy_extracted|fair_value_suspicious_vs_size,RWAY,2023-08-08,RWAY,2023-08-08
"Allurion Technologies, Inc.",Warrants,Healthcare,,,N/A,,,2021-03-30,2031-03-30,132979,,632,,283,,,,,cost_suspicious_vs_size|dspy_extracted|fair_value_suspicious_vs_size,RWAY,2023-08-08,RWAY,2023-08-08
"Allurion Technologies, Inc.",Warrants,Healthcare,,,N/A,,,2022-06-14,2031-03-30,88440,,259,,284,,,,,cost_suspicious_vs_size|dspy_extracted|fair_value_suspicious_vs_size,RWAY,2023-08-08,RWAY,2023-08-08
"CareCloud, Inc.",Warrants,Healthcare,,,N/A,,,2020-01-08,2023-01-08,1000000,,,,837,,,,,cost_suspicious_vs_size|dspy_extracted,RWAY,2023-08-08,RWAY,2023-08-08
"EBR Systems, Inc.",Warrants,Healthcare,,,N/A,,,2022-06-30,2032-06-30,,,305,,292,,,,,dspy_extracted,RWAY,2023-08-08,RWAY,2023-08-08
"Gynesonics, Inc.",Warrants,Healthcare,,,N/A,,,2021-11-19,2031-11-19,27978115,,446,,341,,,,,cost_suspicious_vs_size|dspy_extracted|fair_value_suspicious_vs_size,RWAY,2023-08-08,RWAY,2023-08-08
"Mingle Healthcare Solutions, Inc.",Warrants,Healthcare,,,N/A,,,2018-08-15,2028-08-15,1770973,,,,492,,,,,cost_suspicious_vs_size|dspy_extracted,RWAY,2023-08-08,RWAY,2023-08-08
"Nalu Medical, Inc.",Warrants,Healthcare,,,N/A,,,2022-10-12,2032-10-12,91717,,137,,173,,,,,cost_suspicious_vs_size|dspy_extracted|fair_value_suspicious_vs_size,RWAY,2023-08-08,RWAY,2023-08-08
"Route 92 Medical, Inc.",Warrants,Healthcare,,,N/A,,,2021-08-17,2031-08-17,,,297,,248,,,,,dspy_extracted,RWAY,2023-08-08,RWAY,2023-08-08
SetPoint Medical Corp.,Warrants,Healthcare,,,N/A,,,2021-06-29,2031-06-29,400000,,50,,14,,,,,cost_suspicious_vs_size|dspy_extracted|fair_value_suspicious_vs_size,RWAY,2023-08-08,RWAY,2023-08-08
SetPoint Medical Corp.,Warrants,Healthcare,,,N/A,,,2022-12-29,2032-12-29,600000,,74,,74,,,,,cost_suspicious_vs_size|dspy_extracted|fair_value_suspicious_vs_size,RWAY,2023-08-08,RWAY,2023-08-08
VERO Biotech LLC,Warrants,Healthcare,,,N/A,,,2020-12-29,2025-12-29,,,394,,377,,,,,dspy_extracted,RWAY,2023-08-08,RWAY,2023-08-08
"CloudPay, Inc.",Warrants,Business Services,,,N/A,,,2020-06-30,2030-06-30,11273,,920,,218,,,,,cost_suspicious_vs_size|dspy_extracted,RWAY,2023-08-08,RWAY,2023-08-08
"CloudPay, Inc.",Warrants,Business Services,,,N/A,,,2021-08-17,2031-08-17,6129,,170,,160,,,,,cost_suspicious_vs_size|dspy_extracted|fair_value_suspicious_vs_size,RWAY,2023-08-08,RWAY,2023-08-08
"Snagajob.com, Inc.",Warrants,Business Services,,,N/A,,,2021-09-29,2031-09-29,763269,,220,,343,,,,,cost_suspicious_vs_size|dspy_extracted|fair_value_suspicious_vs_size,RWAY,2023-08-08,RWAY,2023-08-08
"Madison Reed, Inc.",Warrants,Consumer & Retail,,,N/A,,,2022-12-16,,,,133,,132,,,,,dspy_extracted,RWAY,2023-08-08,RWAY,2023-08-08
"Bombora, Inc.",Warrants,Software & Technology,,,N/A,,,2021-03-31,2031-03-31,121581,,248,,175,,,,,cost_suspicious_vs_size|dspy_extracted|fair_value_suspicious_vs_size,RWAY,2023-08-08,RWAY,2023-08-08
"Fidelis Cybersecurity, Inc.",Warrants,Software & Technology,,,N/A,,,2022-03-25,2032-03-25,,,100,,79,,,,,dspy_extracted,RWAY,2023-08-08,RWAY,2023-08-08
"INRIX, Inc.",Warrants,Software & Technology,,,N/A,,,2019-07-26,2029-07-26,150804,,2198,,522,,,,,cost_suspicious_vs_size|dspy_extracted|fair_value_suspicious_vs_size,RWAY,2023-08-08,RWAY,2023-08-08
"Longtail Ad Solutions, Inc.",Warrants,Software & Technology,,,N/A,,,2019-12-12,2029-12-12,387596,,345,,47,,,,,cost_suspicious_vs_size|dspy_extracted|fair_value_suspicious_vs_size,RWAY,2023-08-08,RWAY,2023-08-08
"Skillshare, Inc.",Warrants,Software & Technology,,,N/A,,,2022-11-08,2026-11-08,,,225,,243,,,,,dspy_extracted,RWAY,2023-08-08,RWAY,2023-08-08
"Synack, Inc.",Warrants,Software & Technology,,,N/A,,,2022-06-30,2032-06-30,100645,,129,,127,,,,,cost_suspicious_vs_size|dspy_extracted|fair_value_suspicious_vs_size,RWAY,2023-08-08,RWAY,2023-08-08
"Kin Insurance, Inc.",Warrants,Insurance,,,N/A,,,2022-09-26,2032-09-26,41576,,297,,302,,,,,cost_suspicious_vs_size|dspy_extracted|fair_value_suspicious_vs_size,RWAY,2023-08-08,RWAY,2023-08-08
"AllClear ID, Inc.",Warrants,Consumer & Retail,,,N/A,,,2017-09-01,2027-09-01,870514,,,,1750,,,,,cost_suspicious_vs_size|dspy_extracted,RWAY,2023-08-08,RWAY,2023-08-08
"Credit Sesame, Inc.",Warrants,Consumer & Retail,,,N/A,,,2020-01-07,2030-01-07,191601,,796,,425,,,,,cost_suspicious_vs_size|dspy_extracted|fair_value_suspicious_vs_size,RWAY,2023-08-08,RWAY,2023-08-08
Dejero Labs Inc.,Warrants,Software & Technology,,,N/A,,,2019-05-31,2029-05-31,333621,,191,,192,,,,,cost_suspicious_vs_size|dspy_extracted|fair_value_suspicious_vs_size,RWAY,2023-08-08,RWAY,2023-08-08
"Scale Computing, Inc.",Warrants,Software & Technology,,,N/A,,,2019-03-29,2029-03-29,9665667,,,,346,,,,,cost_suspicious_vs_size|dspy_extracted,RWAY,2023-08-08,RWAY,2023-08-08
"RealWear, Inc.",Warrants,Software & Technology,,,N/A,,,2018-10-05,2028-10-05,112451,,246,,136,,,,,cost_suspicious_vs_size|dspy_extracted|fair_value_suspicious_vs_size,RWAY,2023-08-08,RWAY,2023-08-08
"RealWear, Inc.",Warrants,Software & Technology,,,N/A,,,2018-12-28,2028-12-28,22491,,49,,25,,,,,cost_suspicious_vs_size|dspy_extracted|fair_value_suspicious_vs_size,RWAY,2023-08-08,RWAY,2023-08-08
"RealWear, Inc.",Warrants,Software & Technology,,,N/A,,,2019-06-27,2029-06-27,123894,,272,,381,,,,,cost_suspicious_vs_size|dspy_extracted|fair_value_suspicious_vs_size,RWAY,2023-08-08,RWAY,2023-08-08
Coginiti Corp.,Common Equity,Software & Technology,,,N/A,,,2020-03-09,,1040160,,1174,,4551,,,,,cost_suspicious_vs_size|dspy_extracted|fair_value_suspicious_vs_size,RWAY,2023-08-08,RWAY,2023-08-08
Coginiti Corp.,Warrants,Software & Technology,,,N/A,,,2020-03-09,2030-03-09,811770,,910,,,,,,,dspy_extracted|fair_value_suspicious_vs_size,RWAY,2023-08-08,RWAY,2023-08-08
Pivot3 Inc.,First Lien,Software & Technology,8.50%,4.00%,LIBOR,,11.00%,2019-05-13,2023-01-15,18598,,9290,,19172,,,,,dspy_extracted,RWAY,2023-08-08,RWAY,2023-08-08
Gynesonics Inc.,First Lien,,8.75 %,,SOFR,,8.00 %,,2026-11-30,,,23124,,,,,,,dspy_extracted,RWAY,2023-08-08,RWAY,2023-08-08
Gynesonics Inc.,Preferred Equity,,,,N/A,,,,,,,21818,,,,,,,dspy_extracted,RWAY,2023-08-08,RWAY,2023-08-08
Coginiti Corp.,Common Equity,,,,N/A,,,,,,,914,,,,,,,dspy_extracted,RWAY,2023-08-08,RWAY,2023-08-08
Coginiti Corp.,Warrants,,,,N/A,,,,2030-03-09,,,868,,,,,,,dspy_extracted,RWAY,2023-08-08,RWAY,2023-08-08
Gynesonics Inc.,Warrants,,,,N/A,,,,,,,323,,,,,,,dspy_extracted,RWAY,2023-08-08,RWAY,2023-08-08
Pivot3 Inc.,First Lien,,,8.50 %,LIBOR,,11.00 %,,2023-07-15,,,11613,,,,,,,dspy_extracted,RWAY,2023-08-08,RWAY,2023-08-08
Circadence Corp.,First Lien,Software & Technology,,9.50%,SOFR,,12.26%,2018-12-20,2023-12-15,22282,,19081,,23632,,,,,dspy_extracted,RWAY,2023-11-07,RWAY,2023-11-07
"FiscalNote, Inc.",First Lien,Software & Technology,,1.00%,Prime,5.00%,9.00%,2020-10-19,2027-07-15,65750,,64398,,65485,,,,,dspy_extracted,RWAY,2023-11-07,RWAY,2023-11-07
"VTX Intermediate Holdings, Inc.",First Lien,Software & Technology,,,SOFR,9.00%,9.50%,2021-12-28,2026-12-28,86944,,86701,,87523,,,,,dspy_extracted,RWAY,2023-11-07,RWAY,2023-11-07
"Elevate Services, Inc.",First Lien,Business Services,,,SOFR,7.50%,12.78%,2023-07-10,2027-07-10,20000,,19387,,19387,,,,,dspy_extracted,RWAY,2023-11-07,RWAY,2023-11-07
Interactions Corp.,First Lien,Business Services,,,SOFR,9.26%,9.76%,2022-06-24,2027-06-15,40000,,39804,,39804,,,,,dspy_extracted,RWAY,2023-11-07,RWAY,2023-11-07
"ShareThis, Inc.",First Lien,Business Services,,,SOFR,9.25%,11.86%,2018-12-03,2025-07-15,20213,,20161,,20750,,,,,dspy_extracted,RWAY,2023-11-07,RWAY,2023-11-07
"ShareThis, Inc.",First Lien,Business Services,,,SOFR,8.25%,10.86%,2020-08-18,2025-07-15,963,,960,,990,,,,,dspy_extracted,RWAY,2023-11-07,RWAY,2023-11-07
"Vesta Payment Solutions, Inc.",First Lien,Business Services,,,SOFR,7.00%,9.00%,2022-11-29,2026-11-15,25000,,24701,,24701,,,,,dspy_extracted,RWAY,2023-11-07,RWAY,2023-11-07
"Turning Tech Intermediate, Inc.",First Lien,Education,,,SOFR,8.50%,9.00%,2021-06-22,2025-12-14,25145,,25592,,25592,,,,,dspy_extracted,RWAY,2023-11-07,RWAY,2023-11-07
"Brivo, Inc.",First Lien,Software & Technology,,,SOFR,6.85%,10.89%,2022-10-20,2027-10-20,49655,,51284,,49439,,,,,dspy_extracted,RWAY,2023-11-07,RWAY,2023-11-07
Moximed Inc.,First Lien,Healthcare,8.75 %,,Prime,5.25 %,8.75 %,2022-06-24,2027-07-01,15000,,14882,,14882,,,,,dspy_extracted,RWAY,2023-11-07,RWAY,2023-11-07
EBR Systems Inc.,First Lien,Healthcare,,,Prime,4.90 %,8.90 %,2022-06-30,2027-06-15,40000,,39370,,39370,,,,,dspy_extracted,RWAY,2023-11-07,RWAY,2023-11-07
Mingle Healthcare Solutions Inc.,First Lien,Healthcare,10.50 %,.25 %,SOFR,9.50 %,12.01 %,2018-08-15,2023-12-15,4329,,4064,,4953,,,,,dspy_extracted,RWAY,2023-11-07,RWAY,2023-11-07
Nalu Medical Inc.,First Lien,Healthcare,4.50 %,2.00 %,Prime,2.70 %,6.70 %,2022-10-12,2027-10-12,20379,,20239,,20239,,,,,dspy_extracted,RWAY,2023-11-07,RWAY,2023-11-07
Route 92 Medical Inc.,First Lien,Healthcare,,,SOFR,8.48 %,8.98 %,2021-08-17,2026-07-01,16436,,16273,,16273,,,,,dspy_extracted,RWAY,2023-11-07,RWAY,2023-11-07
SetPoint Medical Corp.,First Lien,Healthcare,,,SOFR,5.75 %,9.00 %,2022-12-29,2027-12-01,25000,,24961,,24961,,,,,dspy_extracted,RWAY,2023-11-07,RWAY,2023-11-07
VERO Biotech LLC,First Lien,Healthcare,,,SOFR,9.05 %,9.55 %,2020-12-29,2024-12-01,40000,,40642,,40766,,,,,dspy_extracted,RWAY,2023-11-07,RWAY,2023-11-07
CloudPay Inc.,First Lien,Business Services,,,Prime,6.25 %,10.25 %,2022-09-26,2027-08-17,75000,,74854,,74854,,,,,dspy_extracted,RWAY,2023-11-07,RWAY,2023-11-07
Snagajob.com Inc.,First Lien,Business Services,,50 %,SOFR,8.50 %,9.00 %,2021-09-29,2025-09-01,39399,,37159,,39650,,,,,dspy_extracted,RWAY,2023-11-07,RWAY,2023-11-07
Madison Reed Inc.,First Lien,Media & Entertainment,11.00 %,,Prime,4.75 %,11.00 %,2022-12-16,2026-12-16,10851,,10687,,10687,,,,,dspy_extracted,RWAY,2023-11-07,RWAY,2023-11-07
Marley Spoon SE,First Lien,Media & Entertainment,,1.25 %,SOFR,7.50 %,8.26 %,2021-06-30,2026-06-15,44841,,44722,,44677,,,,,dspy_extracted,RWAY,2023-11-07,RWAY,2023-11-07
Bombora Inc.,First Lien,Media & Entertainment,5.00 %,3.75 %,SOFR,,5.76 %,2021-03-31,2025-03-31,21958,22105,22105,,,,,,,dspy_extracted,RWAY,2023-11-07,RWAY,2023-11-07
Skillshare Inc.,First Lien,Media & Entertainment,6.50 %,,Prime,4.25 %,10.72 %,2022-11-08,2026-11-08,30000,29644,29644,,,,,,,dspy_extracted,RWAY,2023-11-07,RWAY,2023-11-07
Synack Inc.,First Lien,Media & Entertainment,,,Prime,,8.25 %,2022-06-30,2027-06-30,36520,36453,36453,,,,,,,dspy_extracted,RWAY,2023-11-07,RWAY,2023-11-07
Kin Insurance Inc.,First Lien,Insurance,,,Prime,6.25 %,12.50 %,2022-09-26,2026-09-15,75000,74618,74618,,,,,,,dspy_extracted,RWAY,2023-11-07,RWAY,2023-11-07
3PL Central LLC,First Lien,Software & Technology,4.50 %,2.50 %,SOFR,,6.50 %,2022-11-09,2027-11-09,69952,69519,69519,,,,,,,dspy_extracted,RWAY,2023-11-07,RWAY,2023-11-07
Dejero Labs Inc.,Second Lien,Software & Technology,5.00 %,5.00 %,SOFR,,5.50 %,2021-12-22,2025-12-22,14101,14178,14178,,,,,,,dspy_extracted,RWAY,2023-11-07,RWAY,2023-11-07
Aria Systems Inc.,Preferred Equity,Software & Technology,,,N/A,,,2018-07-10,,289419,250,231,,,,,,,dspy_extracted|fair_value_suspicious_vs_size,RWAY,2023-11-07,RWAY,2023-11-07
CareCloud Inc.,Preferred Equity,Healthcare,11 %,,N/A,,,2020-01-08,,462064,12132,11219,,,,,,,dspy_extracted|fair_value_suspicious_vs_size,RWAY,2023-11-07,RWAY,2023-11-07
Elevate Services Inc.,Warrants,Software & Technology,,,N/A,,,2023-07-10,2033-07-10,248997,,423,,447,,,,,cost_suspicious_vs_size|dspy_extracted|fair_value_suspicious_vs_size,RWAY,2023-11-07,RWAY,2023-11-07
Interactions Corp.,Warrants,Software & Technology,,,N/A,,,2022-06-24,2032-06-24,189408,,113,,219,,,,,cost_suspicious_vs_size|dspy_extracted|fair_value_suspicious_vs_size,RWAY,2023-11-07,RWAY,2023-11-07
ShareThis Inc.,Warrants,Software & Technology,,,N/A,,,2018-12-03,2028-12-03,647615,,1085,,2162,,,,,cost_suspicious_vs_size|dspy_extracted|fair_value_suspicious_vs_size,RWAY,2023-11-07,RWAY,2023-11-07
Brivo Inc.,Warrants,Software & Technology,,,N/A,,,2022-10-20,2032-10-20,201000,,354,,99,,,,,cost_suspicious_vs_size|dspy_extracted|fair_value_suspicious_vs_size,RWAY,2023-11-07,RWAY,2023-11-07
Epic IO Technologies Inc.,Warrants,Software & Technology,,,N/A,,,2021-12-17,2024-12-17,,,489,,505,,,,,dspy_extracted,RWAY,2023-11-07,RWAY,2023-11-07
Moximed Inc.,Warrants,Healthcare,,,N/A,,,2022-06-24,2032-06-24,214285,,157,,175,,,,,cost_suspicious_vs_size|dspy_extracted|fair_value_suspicious_vs_size,RWAY,2023-11-07,RWAY,2023-11-07
Revelle Aesthetics Inc.,Warrants,Healthcare,,,N/A,,,2022-03-30,2032-03-30,115591,,102,,126,,,,,cost_suspicious_vs_size|dspy_extracted|fair_value_suspicious_vs_size,RWAY,2023-11-07,RWAY,2023-11-07
Allurion Technologies Inc.,Warrants,Healthcare,,,N/A,,,2021-03-30,2025-01-22,132979,,36,,282,,,,,cost_suspicious_vs_size|dspy_extracted|fair_value_suspicious_vs_size,RWAY,2023-11-07,RWAY,2023-11-07
Allurion Technologies Inc.,Warrants,Healthcare,,,N/A,,,2022-06-14,2025-01-22,46256,,2,,141,,,,,cost_suspicious_vs_size|dspy_extracted|fair_value_suspicious_vs_size,RWAY,2023-11-07,RWAY,2023-11-07
Allurion Technologies Inc.,Warrants,Healthcare,,,N/A,,,2023-08-02,2028-08-01,,,112,,,,,,,dspy_extracted,RWAY,2023-11-07,RWAY,2023-11-07
EBR Systems Inc.,Warrants,Healthcare,,,N/A,,,2022-06-30,2032-06-30,,,616,,605,,,,,dspy_extracted,RWAY,2023-11-07,RWAY,2023-11-07
Mingle Healthcare Solutions Inc.,Warrants,Healthcare,,,N/A,,,2018-08-15,2028-08-15,1770973,,,,492,,,,,cost_suspicious_vs_size|dspy_extracted,RWAY,2023-11-07,RWAY,2023-11-07
Nalu Medical Inc.,Warrants,Healthcare,,,N/A,,,2022-10-12,2032-10-12,91717,,81,,173,,,,,cost_suspicious_vs_size|dspy_extracted|fair_value_suspicious_vs_size,RWAY,2023-11-07,RWAY,2023-11-07
Route 92 Medical Inc.,Warrants,Healthcare,,,N/A,,,2021-08-17,2031-08-17,,,467,,343,,,,,dspy_extracted,RWAY,2023-11-07,RWAY,2023-11-07
SetPoint Medical Corp.,Warrants,Healthcare,,,N/A,,,2021-06-29,2031-06-29,400000,,158,,14,,,,,cost_suspicious_vs_size|dspy_extracted|fair_value_suspicious_vs_size,RWAY,2023-11-07,RWAY,2023-11-07
SetPoint Medical Corp.,Warrants,Healthcare,,,N/A,,,2022-12-29,2032-12-29,600000,,238,,74,,,,,cost_suspicious_vs_size|dspy_extracted|fair_value_suspicious_vs_size,RWAY,2023-11-07,RWAY,2023-11-07
VERO Biotech LLC,Warrants,Healthcare,,,N/A,,,2020-12-29,2025-12-29,,,491,,377,,,,,dspy_extracted,RWAY,2023-11-07,RWAY,2023-11-07
CloudPay Inc.,Warrants,Business Services,,,N/A,,,2020-06-30,2030-06-30,11273,,1006,,218,,,,,cost_suspicious_vs_size|dspy_extracted,RWAY,2023-11-07,RWAY,2023-11-07
CloudPay Inc.,Warrants,Business Services,,,N/A,,,2021-08-17,2031-08-17,6128,,169,,160,,,,,cost_suspicious_vs_size|dspy_extracted|fair_value_suspicious_vs_size,RWAY,2023-11-07,RWAY,2023-11-07
CloudPay Inc.,Warrants,Business Services,,,N/A,,,2023-06-30,2033-06-30,2626,,73,,68,,,,,cost_suspicious_vs_size|dspy_extracted|fair_value_suspicious_vs_size,RWAY,2023-11-07,RWAY,2023-11-07
Snagajob.com Inc.,Warrants,Business Services,,,N/A,,,2021-09-29,2031-09-29,763269,,,,343,,,,,cost_suspicious_vs_size|dspy_extracted,RWAY,2023-11-07,RWAY,2023-11-07
Madison Reed Inc.,Warrants,Consumer & Retail,,,N/A,,,2022-12-16,,,,153,,143,,,,,dspy_extracted,RWAY,2023-11-07,RWAY,2023-11-07
Bombora Inc.,Warrants,Software & Technology,,,N/A,,,2021-03-31,2031-03-31,121581,,108,,175,,,,,cost_suspicious_vs_size|dspy_extracted|fair_value_suspicious_vs_size,RWAY,2023-11-07,RWAY,2023-11-07
INRIX Inc.,Warrants,Software & Technology,,,N/A,,,2019-07-26,2029-07-26,150804,,1126,,522,,,,,cost_suspicious_vs_size|dspy_extracted|fair_value_suspicious_vs_size,RWAY,2023-11-07,RWAY,2023-11-07
Longtail Ad Solutions Inc.,Warrants,Software & Technology,,,N/A,,,2019-12-12,2029-12-12,387596,,350,,47,,,,,cost_suspicious_vs_size|dspy_extracted|fair_value_suspicious_vs_size,RWAY,2023-11-07,RWAY,2023-11-07
Skillshare Inc.,Warrants,Software & Technology,,,N/A,,,2022-11-08,2026-11-08,,,343,,301,,,,,dspy_extracted,RWAY,2023-11-07,RWAY,2023-11-07
Synack Inc.,Warrants,Software & Technology,,,N/A,,,2022-06-30,2032-06-30,102363,,121,,129,,,,,cost_suspicious_vs_size|dspy_extracted|fair_value_suspicious_vs_size,RWAY,2023-11-07,RWAY,2023-11-07
Kin Insurance Inc.,Warrants,Insurance,,,N/A,,,2022-09-26,2032-09-26,41576,,432,,302,,,,,cost_suspicious_vs_size|dspy_extracted|fair_value_suspicious_vs_size,RWAY,2023-11-07,RWAY,2023-11-07
Kin Insurance Inc.,Warrants,Insurance,,,N/A,,,2023-05-05,2033-05-05,11549,,,,69,,,,,cost_suspicious_vs_size|dspy_extracted,RWAY,2023-11-07,RWAY,2023-11-07
Kin Insurance Inc.,Warrants,Insurance,,,N/A,,,2023-08-25,2033-08-25,9239,,,,55,,,,,cost_suspicious_vs_size|dspy_extracted,RWAY,2023-11-07,RWAY,2023-11-07
AllClear ID Inc.,Warrants,Consumer & Retail,,,N/A,,,2017-09-01,2027-09-01,523893,,,,1053,,,,,cost_suspicious_vs_size|dspy_extracted,RWAY,2023-11-07,RWAY,2023-11-07
AllClear ID Inc.,Warrants,Consumer & Retail,,,N/A,,,2018-10-17,2028-10-17,346621,,,,697,,,,,cost_suspicious_vs_size|dspy_extracted,RWAY,2023-11-07,RWAY,2023-11-07
Credit Sesame Inc.,Warrants,Consumer & Retail,,,N/A,,,2020-01-07,2030-01-07,191601,,389,,425,,,,,cost_suspicious_vs_size|dspy_extracted|fair_value_suspicious_vs_size,RWAY,2023-11-07,RWAY,2023-11-07
Dejero Labs Inc.,Warrants,Software & Technology,,,N/A,,,2019-05-31,2029-05-31,333621,,230,,192,,,,,cost_suspicious_vs_size|dspy_extracted|fair_value_suspicious_vs_size,RWAY,2023-11-07,RWAY,2023-11-07
Scale Computing Inc.,Warrants,Software & Technology,,,N/A,,,2019-03-29,2029-03-29,9665667,,,,346,,,,,cost_suspicious_vs_size|dspy_extracted,RWAY,2023-11-07,RWAY,2023-11-07
RealWear Inc.,Warrants,Software & Technology,,,N/A,,,2018-10-05,2028-10-05,112451,,279,,136,,,,,cost_suspicious_vs_size|dspy_extracted|fair_value_suspicious_vs_size,RWAY,2023-11-07,RWAY,2023-11-07
RealWear Inc.,Warrants,Software & Technology,,,N/A,,,2018-12-28,2028-12-28,22491,,56,,25,,,,,cost_suspicious_vs_size|dspy_extracted|fair_value_suspicious_vs_size,RWAY,2023-11-07,RWAY,2023-11-07
RealWear Inc.,Warrants,Software & Technology,,,N/A,,,2019-06-27,2029-06-27,123894,,307,,381,,,,,cost_suspicious_vs_size|dspy_extracted|fair_value_suspicious_vs_size,RWAY,2023-11-07,RWAY,2023-11-07
Gynesonics Inc.,First Lien,Healthcare,,,SOFR,8.75 %,8.00 %,2023-03-01,2026-11-30,25595,25817,23641,,,,,,,dspy_extracted,RWAY,2023-11-07,RWAY,2023-11-07
Gynesonics Inc.,Preferred Equity,Healthcare,,,N/A,,,2023-03-01,,3266668,25000,21808,,,,,,,dspy_extracted|fair_value_suspicious_vs_size,RWAY,2023-11-07,RWAY,2023-11-07
Coginiti Corp.,Common Equity,Software & Technology,,,N/A,,,2020-03-09,,1040160,4551,887,,,,,,,dspy_extracted|fair_value_suspicious_vs_size,RWAY,2023-11-07,RWAY,2023-11-07
Coginiti Corp.,Warrants,Software & Technology,,,N/A,,,2020-03-09,2030-03-09,811770,,859,,,,,,,dspy_extracted|fair_value_suspicious_vs_size,RWAY,2023-11-07,RWAY,2023-11-07
Gynesonics Inc.,Warrants,Healthcare,,,N/A,,,2023-03-01,2030-03-01,,313,340,,,,,,,dspy_extracted,RWAY,2023-11-07,RWAY,2023-11-07
Pivot3 Inc.,First Lien,Software & Technology,,8.50 %,LIBOR,,11.00 %,2019-05-13,2023-10-15,17389,17963,11613,,,,,,,dspy_extracted,RWAY,2023-11-07,RWAY,2023-11-07
Circadence Corp.,First Lien,Software & Technology,,9.50 %,SOFR,9.50 %,12.26 %,2018-12-20,2023-12-15,19928,,17083,,21260,,,,,dspy_extracted,RWAY,2023-11-07,RWAY,2023-11-07
"Dtex Systems, Inc.",First Lien,Software & Technology,,,SOFR,9.25 %,9.75 %,2021-06-01,2025-06-01,10000,,10033,,10033,,,,,dspy_extracted,RWAY,2023-11-07,RWAY,2023-11-07
"FiscalNote, Inc.",First Lien,Software & Technology,,1.00 %,Prime,5.00 %,9.00 %,2020-10-19,2027-07-15,65251,,64466,,64466,,,,,dspy_extracted,RWAY,2023-11-07,RWAY,2023-11-07
"VTX Intermediate Holdings, Inc.",First Lien,Software & Technology,,,SOFR,9.00 %,9.50 %,2021-12-28,2026-12-28,85000,,85000,,85000,,,,,dspy_extracted,RWAY,2023-11-07,RWAY,2023-11-07
"Mustang Bio, Inc.",First Lien,Healthcare,,,SOFR,8.75 %,9.25 %,2022-03-04,2027-04-15,30000,,29709,,29709,,,,,dspy_extracted,RWAY,2023-11-07,RWAY,2023-11-07
"TRACON Pharmaceuticals, Inc.",First Lien,Healthcare,,,Prime,5.00 %,8.50 %,2022-09-02,2026-09-01,10000,,10000,,9795,,,,,dspy_extracted,RWAY,2023-11-07,RWAY,2023-11-07
Interactions Corp.,First Lien,Business Services,,,SOFR,9.26 %,9.76 %,2022-06-24,2027-06-15,40000,,39504,,39504,,,,,dspy_extracted,RWAY,2023-11-07,RWAY,2023-11-07
"ShareThis, Inc.",First Lien,Business Services,,,SOFR,9.25 %,11.86 %,2018-12-03,2025-07-15,21000,,21150,,21500,,,,,dspy_extracted,RWAY,2023-11-07,RWAY,2023-11-07
"ShareThis, Inc.",First Lien,Business Services,,,SOFR,8.25 %,10.86 %,2020-08-18,2025-07-15,1000,,1007,,1026,,,,,dspy_extracted,RWAY,2023-11-07,RWAY,2023-11-07
"Vesta Payment Solutions, Inc.",First Lien,Business Services,,,SOFR,7.00 %,9.00 %,2022-11-29,2026-11-15,25000,,24521,,24521,,,,,dspy_extracted,RWAY,2023-11-07,RWAY,2023-11-07
"Turning Tech Intermediate, Inc.",First Lien,Education,,,SOFR,8.50 %,9.00 %,2021-06-22,2025-12-14,25000,,25305,,25305,,,,,dspy_extracted,RWAY,2023-11-07,RWAY,2023-11-07
"Brivo, Inc.",First Lien,Software & Technology,,50 %,SOFR,6.85 %,10.89 %,2022-10-20,2027-10-20,44378,,43912,,43912,,,,,dspy_extracted,RWAY,2023-11-07,RWAY,2023-11-07
"Intellisite Holdings, Inc.",First Lien,Software & Technology,,,SOFR,9.75 %,10.25 %,2021-12-17,2025-12-17,34000,,33639,,33639,,,,,dspy_extracted,RWAY,2023-11-07,RWAY,2023-11-07
"Moximed, Inc.",First Lien,Healthcare,,,Prime,5.25%,8.75%,2022-06-24,2027-07-01,15000,,14772,,14772,,,,,dspy_extracted,RWAY,2023-11-07,RWAY,2023-11-07
"Revelle Aesthetics, Inc.",First Lien,Healthcare,,,Prime,5.50%,8.75%,2022-03-30,2027-04-01,12500,,12377,,12377,,,,,dspy_extracted,RWAY,2023-11-07,RWAY,2023-11-07
"Allurion Technologies, Inc.",First Lien,Healthcare,,,Prime,6.44%,9.50%,2021-12-30,2026-12-30,55000,,54715,,54715,,,,,dspy_extracted,RWAY,2023-11-07,RWAY,2023-11-07
"EBR Systems, Inc.",First Lien,Healthcare,,,Prime,4.90%,8.90%,2022-06-30,2027-06-15,20000,,19648,,19648,,,,,dspy_extracted,RWAY,2023-11-07,RWAY,2023-11-07
"Gynesonics, Inc.",First Lien,Healthcare,,,SOFR,8.75%,9.25%,2020-12-01,2025-12-01,50000,,50022,,50022,,,,,dspy_extracted,RWAY,2023-11-07,RWAY,2023-11-07
"Mingle Healthcare Solutions, Inc.",First Lien,Healthcare,,0.25%,SOFR,9.50%,12.01%,2018-08-15,2023-12-15,4015,,3821,,4615,,,,,dspy_extracted,RWAY,2023-11-07,RWAY,2023-11-07
"Nalu Medical, Inc.",First Lien,Healthcare,,2.00%,Prime,2.70%,6.70%,2022-10-12,2027-10-12,20071,,19756,,19756,,,,,dspy_extracted,RWAY,2023-11-07,RWAY,2023-11-07
"Route 92 Medical, Inc.",First Lien,Healthcare,,,SOFR,8.48%,8.98%,2021-08-17,2026-07-01,13000,,12843,,12843,,,,,dspy_extracted,RWAY,2023-11-07,RWAY,2023-11-07
SetPoint Medical Corp.,First Lien,Healthcare,,,SOFR,5.75%,9.00%,2022-12-29,2027-12-01,25000,,24802,,24802,,,,,dspy_extracted,RWAY,2023-11-07,RWAY,2023-11-07
VERO Biotech LLC,First Lien,Healthcare,,,SOFR,9.05%,9.55%,2020-12-29,2024-12-01,40000,,40308,,40308,,,,,dspy_extracted,RWAY,2023-11-07,RWAY,2023-11-07
"CloudPay, Inc.",First Lien,Business Services,,,Prime,6.25%,10.25%,2022-09-26,2027-08-17,60000,,59693,,59693,,,,,dspy_extracted,RWAY,2023-11-07,RWAY,2023-11-07
"Snagajob.com, Inc.",First Lien,Business Services,,,SOFR,8.50%,9.00%,2021-09-29,2025-09-01,37609,,36785,,37574,,,,,dspy_extracted,RWAY,2023-11-07,RWAY,2023-11-07
"Madison Reed, Inc.",First Lien,Consumer & Retail,,,Prime,4.75%,11.00%,2022-12-16,2026-12-16,9600,,9353,,9353,,,,,dspy_extracted,RWAY,2023-11-07,RWAY,2023-11-07
Marley Spoon AG,First Lien,Consumer & Retail,,1.25%,SOFR,8.50%,9.26%,2021-06-30,2025-06-15,46754,,46500,,46500,,,,,dspy_extracted,RWAY,2023-11-07,RWAY,2023-11-07
Bombora Inc.,First Lien,Software & Technology,5.00 %,3.75 %,SOFR,,5.76 %,2021-03-31,2025-03-31,21341,21337,21337,,21337,,,,,dspy_extracted,RWAY,2023-11-07,RWAY,2023-11-07
Fidelis Cybersecurity Inc.,First Lien,Software & Technology,11.00 %,,SOFR,,12.00 %,2021-05-13,2024-05-13,12205,12360,11857,,,,,,,dspy_extracted,RWAY,2023-11-07,RWAY,2023-11-07
Fidelis Cybersecurity Inc.,First Lien,Software & Technology,11.00 %,,SOFR,,12.00 %,2022-03-25,2024-05-13,8947,8986,8692,,,,,,,dspy_extracted,RWAY,2023-11-07,RWAY,2023-11-07
INRIX Inc.,First Lien,Software & Technology,9.00 %,,SOFR,,9.76 %,2021-11-15,2025-11-15,45000,45329,45329,,45329,,,,,dspy_extracted,RWAY,2023-11-07,RWAY,2023-11-07
Skillshare Inc.,First Lien,Software & Technology,6.50 %,,SOFR,,10.72 %,2022-11-08,2026-11-08,25000,24414,24414,,24414,,,,,dspy_extracted,RWAY,2023-11-07,RWAY,2023-11-07
Synack Inc.,First Lien,Software & Technology,4.25 %,,Prime,,8.25 %,2022-06-30,2027-06-30,35000,34906,34906,,34906,,,,,dspy_extracted,RWAY,2023-11-07,RWAY,2023-11-07
Kin Insurance Inc.,First Lien,Insurance,6.25 %,,Prime,,12.50 %,2022-09-26,2026-09-15,50000,49143,49143,,49143,,,,,dspy_extracted,RWAY,2023-11-07,RWAY,2023-11-07
3PL Central LLC,First Lien,Software & Technology,4.50 %,2.50 %,SOFR,,6.50,2022-11-09,2027-11-09,65163,64429,64429,,64429,,,,,dspy_extracted,RWAY,2023-11-07,RWAY,2023-11-07
Interactions Corp.,Warrants,Software & Technology,,,N/A,,,2022-06-24,2032-06-24,189408,,204,,219,,,,,cost_suspicious_vs_size|dspy_extracted|fair_value_suspicious_vs_size,RWAY,2023-11-07,RWAY,2023-11-07
ShareThis Inc.,Warrants,Software & Technology,,,N/A,,,2018-12-03,2028-12-03,647615,,1728,,2162,,,,,cost_suspicious_vs_size|dspy_extracted|fair_value_suspicious_vs_size,RWAY,2023-11-07,RWAY,2023-11-07
Brivo Inc.,Warrants,Software & Technology,,,N/A,,,2022-10-20,2032-10-20,201000,,107,,98,,,,,cost_suspicious_vs_size|dspy_extracted|fair_value_suspicious_vs_size,RWAY,2023-11-07,RWAY,2023-11-07
Epic IO Technologies Inc.,Warrants,Software & Technology,,,N/A,,,2021-12-17,2024-12-17,,,456,,430,,,,,dspy_extracted,RWAY,2023-11-07,RWAY,2023-11-07
Moximed Inc.,Warrants,Healthcare,,,N/A,,,2022-06-24,2032-06-24,214285,,163,,175,,,,,cost_suspicious_vs_size|dspy_extracted|fair_value_suspicious_vs_size,RWAY,2023-11-07,RWAY,2023-11-07
Revelle Aesthetics Inc.,Warrants,Healthcare,,,N/A,,,2022-03-30,3032-03-30,115591,,121,,127,,,,,cost_suspicious_vs_size|dspy_extracted|fair_value_suspicious_vs_size,RWAY,2023-11-07,RWAY,2023-11-07
Allurion Technologies Inc.,Warrants,Healthcare,,,N/A,,,2021-03-30,2031-03-30,132979,,632,,283,,,,,cost_suspicious_vs_size|dspy_extracted|fair_value_suspicious_vs_size,RWAY,2023-11-07,RWAY,2023-11-07
Allurion Technologies Inc.,Warrants,Healthcare,,,N/A,,,2022-06-14,2031-03-30,88440,,259,,284,,,,,cost_suspicious_vs_size|dspy_extracted|fair_value_suspicious_vs_size,RWAY,2023-11-07,RWAY,2023-11-07
CareCloud Inc.,Warrants,Healthcare,,,N/A,,,2020-01-08,2023-01-08,1000000,,,,837,,,,,cost_suspicious_vs_size|dspy_extracted,RWAY,2023-11-07,RWAY,2023-11-07
EBR Systems Inc.,Warrants,Healthcare,,,N/A,,,2022-06-30,2032-06-30,,,305,,292,,,,,dspy_extracted,RWAY,2023-11-07,RWAY,2023-11-07
Gynesonics Inc.,Warrants,Healthcare,,,N/A,,,2021-11-19,2031-11-19,27978115,,446,,341,,,,,cost_suspicious_vs_size|dspy_extracted|fair_value_suspicious_vs_size,RWAY,2023-11-07,RWAY,2023-11-07
Nalu Medical Inc.,Warrants,Healthcare,,,N/A,,,2022-10-12,2032-10-12,91717,,137,,173,,,,,cost_suspicious_vs_size|dspy_extracted|fair_value_suspicious_vs_size,RWAY,2023-11-07,RWAY,2023-11-07
Route 92 Medical Inc.,Warrants,Healthcare,,,N/A,,,2021-08-17,2031-08-17,,,297,,248,,,,,dspy_extracted,RWAY,2023-11-07,RWAY,2023-11-07
SetPoint Medical Corp.,Warrants,Healthcare,,,N/A,,,2021-06-29,2031-06-29,400000,,50,,14,,,,,cost_suspicious_vs_size|dspy_extracted|fair_value_suspicious_vs_size,RWAY,2023-11-07,RWAY,2023-11-07
SetPoint Medical Corp.,Warrants,Healthcare,,,N/A,,,2022-12-29,2032-12-29,600000,,74,,74,,,,,cost_suspicious_vs_size|dspy_extracted|fair_value_suspicious_vs_size,RWAY,2023-11-07,RWAY,2023-11-07
VERO Biotech LLC,Warrants,Healthcare,,,N/A,,,2020-12-29,2025-12-29,,,394,,377,,,,,dspy_extracted,RWAY,2023-11-07,RWAY,2023-11-07
CloudPay Inc.,Warrants,Business Services,,,N/A,,,2020-06-30,2030-06-30,11273,,920,,218,,,,,cost_suspicious_vs_size|dspy_extracted,RWAY,2023-11-07,RWAY,2023-11-07
CloudPay Inc.,Warrants,Business Services,,,N/A,,,2021-08-17,2031-08-17,6129,,170,,160,,,,,cost_suspicious_vs_size|dspy_extracted|fair_value_suspicious_vs_size,RWAY,2023-11-07,RWAY,2023-11-07
Snagajob.com Inc.,Warrants,Business Services,,,N/A,,,2021-09-29,2031-09-29,763269,,220,,343,,,,,cost_suspicious_vs_size|dspy_extracted|fair_value_suspicious_vs_size,RWAY,2023-11-07,RWAY,2023-11-07
Madison Reed Inc.,Warrants,Consumer & Retail,,,N/A,,,2022-12-16,,,,133,,132,,,,,dspy_extracted,RWAY,2023-11-07,RWAY,2023-11-07
Bombora Inc.,Warrants,Software & Technology,,,N/A,,,2021-03-31,2031-03-31,121581,,248,,175,,,,,cost_suspicious_vs_size|dspy_extracted|fair_value_suspicious_vs_size,RWAY,2023-11-07,RWAY,2023-11-07
Fidelis Cybersecurity Inc.,Warrants,Software & Technology,,,N/A,,,2022-03-25,2032-03-25,,,100,,79,,,,,dspy_extracted,RWAY,2023-11-07,RWAY,2023-11-07
INRIX Inc.,Warrants,Software & Technology,,,N/A,,,2019-07-26,2029-07-26,150804,,2198,,522,,,,,cost_suspicious_vs_size|dspy_extracted|fair_value_suspicious_vs_size,RWAY,2023-11-07,RWAY,2023-11-07
Longtail Ad Solutions Inc.,Warrants,Software & Technology,,,N/A,,,2019-12-12,2029-12-12,387596,,345,,47,,,,,cost_suspicious_vs_size|dspy_extracted|fair_value_suspicious_vs_size,RWAY,2023-11-07,RWAY,2023-11-07
Skillshare Inc.,Warrants,Software & Technology,,,N/A,,,2022-11-08,2026-11-08,,,225,,243,,,,,dspy_extracted,RWAY,2023-11-07,RWAY,2023-11-07
Synack Inc.,Warrants,Software & Technology,,,N/A,,,2022-06-30,2032-06-30,100645,,129,,127,,,,,cost_suspicious_vs_size|dspy_extracted|fair_value_suspicious_vs_size,RWAY,2023-11-07,RWAY,2023-11-07
Kin Insurance Inc.,Warrants,Insurance,,,N/A,,,2022-09-26,2032-09-26,41576,,297,,302,,,,,cost_suspicious_vs_size|dspy_extracted|fair_value_suspicious_vs_size,RWAY,2023-11-07,RWAY,2023-11-07
AllClear ID Inc.,Warrants,Business Services,,,N/A,,,2017-09-01,2027-09-01,870514,,,,1750,,,,,cost_suspicious_vs_size|dspy_extracted,RWAY,2023-11-07,RWAY,2023-11-07
Credit Sesame Inc.,Warrants,Business Services,,,N/A,,,2020-01-07,2030-01-07,191601,,796,,425,,,,,cost_suspicious_vs_size|dspy_extracted|fair_value_suspicious_vs_size,RWAY,2023-11-07,RWAY,2023-11-07
Dejero Labs Inc.,Warrants,Software & Technology,,,N/A,,,2019-05-31,2029-05-31,333621,,191,,192,,,,,cost_suspicious_vs_size|dspy_extracted|fair_value_suspicious_vs_size,RWAY,2023-11-07,RWAY,2023-11-07
RealWear Inc.,Warrants,Software & Technology,,,N/A,,,2018-10-05,2028-10-05,112451,,246,,136,,,,,cost_suspicious_vs_size|dspy_extracted|fair_value_suspicious_vs_size,RWAY,2023-11-07,RWAY,2023-11-07
RealWear Inc.,Warrants,Software & Technology,,,N/A,,,2018-12-28,2028-12-28,22491,,49,,25,,,,,cost_suspicious_vs_size|dspy_extracted|fair_value_suspicious_vs_size,RWAY,2023-11-07,RWAY,2023-11-07
RealWear Inc.,Warrants,Software & Technology,,,N/A,,,2019-06-27,2029-06-27,123894,,272,,381,,,,,cost_suspicious_vs_size|dspy_extracted|fair_value_suspicious_vs_size,RWAY,2023-11-07,RWAY,2023-11-07
Coginiti Corp.,Common Equity,Software & Technology,,,N/A,,,2020-03-09,,1040160,,1174,,4551,,,,,cost_suspicious_vs_size|dspy_extracted|fair_value_suspicious_vs_size,RWAY,2023-11-07,RWAY,2023-11-07
Coginiti Corp.,Warrants,Software & Technology,,,N/A,,,2020-03-09,2030-03-09,811770,,910,,,,,,,dspy_extracted|fair_value_suspicious_vs_size,RWAY,2023-11-07,RWAY,2023-11-07
Pivot3 Inc.,First Lien,Software & Technology,,8.50 %,LIBOR,,11.00 %,2019-05-13,2023-01-15,18598,,9290,,19172,,,,,dspy_extracted,RWAY,2023-11-07,RWAY,2023-11-07
Gynesonics Inc.,First Lien,,8.75%,,SOFR,,8.00%,,2026-11-30,,,23641,,,,,,,dspy_extracted,RWAY,2023-11-07,RWAY,2023-11-07
Gynesonics Inc.,Preferred Equity,,,,N/A,,,,,,,21808,,,,,,,dspy_extracted,RWAY,2023-11-07,RWAY,2023-11-07
Coginiti Corp.,Common Equity,,,,N/A,,,,,,,887,,,,,,,dspy_extracted,RWAY,2023-11-07,RWAY,2023-11-07
Coginiti Corp.,Warrants,,,,N/A,,,,2030-03-09,,,859,,,,,,,dspy_extracted,RWAY,2023-11-07,RWAY,2023-11-07
Gynesonics Inc.,Warrants,,,,N/A,,,,,,,340,,,,,,,dspy_extracted,RWAY,2023-11-07,RWAY,2023-11-07
Pivot3 Inc.,First Lien,,8.50 %,,LIBOR,,11.00 %,,2023-10-15,,,11613,,,,,,,dspy_extracted,RWAY,2023-11-07,RWAY,2023-11-07
Blueshift Labs Inc.,First Lien,Software & Technology,,2.00 %,SOFR,6.25 %,11.25 %,2023-12-19,2028-12-15,25500,25083,25083,,25500,,,,,dspy_extracted,RWAY,2024-03-07,RWAY,2024-03-07
Circadence Corp.,First Lien,Software & Technology,,,SOFR,9.50 %,12.26 %,2018-12-20,2024-03-15,23147,24281,19028,,23147,,,,,dspy_extracted,RWAY,2024-03-07,RWAY,2024-03-07
FiscalNote Inc.,First Lien,Software & Technology,,1.00 %,Prime,5.00 %,9.00 %,2020-10-19,2027-07-15,65916,65868,64615,,65916,,,,,dspy_extracted,RWAY,2024-03-07,RWAY,2024-03-07
VTX Intermediate Holdings Inc.,First Lien,Software & Technology,,,SOFR,9.00 %,9.50 %,2021-12-28,2026-12-28,87971,88747,87814,,87971,,,,,dspy_extracted,RWAY,2024-03-07,RWAY,2024-03-07
Betterment Holdings Inc.,First Lien,Financial Services,,,Prime,4.50 %,8.50 %,2023-10-06,2027-10-06,8000,7888,7860,,8000,,,,,dspy_extracted,RWAY,2024-03-07,RWAY,2024-03-07
Elevate Services Inc.,First Lien,Software & Technology,,,SOFR,7.50 %,12.78 %,2023-07-10,2027-07-10,20000,19424,19424,,20000,,,,,dspy_extracted,RWAY,2024-03-07,RWAY,2024-03-07
Interactions Corp.,First Lien,Software & Technology,,,SOFR,9.26 %,9.76 %,2022-06-24,2027-06-15,40000,39907,39945,,40000,,,,,dspy_extracted,RWAY,2024-03-07,RWAY,2024-03-07
ShareThis Inc.,First Lien,Software & Technology,,,SOFR,9.25 %,11.86 %,2018-12-03,2024-09-30,19950,20503,19895,,19950,,,,,dspy_extracted,RWAY,2024-03-07,RWAY,2024-03-07
ShareThis Inc.,First Lien,Software & Technology,,,SOFR,8.25 %,10.86 %,2020-08-18,2024-09-30,950,978,947,,950,,,,,dspy_extracted,RWAY,2024-03-07,RWAY,2024-03-07
Vesta Payment Solutions Inc.,First Lien,Software & Technology,,,SOFR,7.00 %,9.00 %,2022-11-29,2026-11-15,25000,24769,24370,,25000,,,,,dspy_extracted,RWAY,2024-03-07,RWAY,2024-03-07
Turning Tech Intermediate Inc.,First Lien,Education,,,SOFR,8.50 %,9.00 %,2021-06-22,2025-12-14,25218,25702,25796,,25218,,,,,dspy_extracted,RWAY,2024-03-07,RWAY,2024-03-07
Brivo Inc.,First Lien,Software & Technology,,,SOFR,6.85 %,10.89 %,2022-10-20,2027-10-20,26293,26323,26790,,26293,,,,,dspy_extracted,RWAY,2024-03-07,RWAY,2024-03-07
Moximed Inc.,First Lien,Healthcare,,,Prime,5.25 %,8.75 %,2022-06-24,2027-07-01,15000,14919,15284,,15000,,,,,dspy_extracted,RWAY,2024-03-07,RWAY,2024-03-07
EBR Systems Inc.,First Lien,Healthcare,,,Prime,4.90 %,8.90 %,2022-06-30,2027-06-15,40000,39496,40337,,40000,,,,,dspy_extracted,RWAY,2024-03-07,RWAY,2024-03-07
Mingle Healthcare Solutions Inc.,First Lien,Healthcare,,,SOFR,9.75 %,12.26 %,2018-08-15,2026-12-15,4322,4952,3791,,4322,,,,,dspy_extracted,RWAY,2024-03-07,RWAY,2024-03-07
Nalu Medical Inc.,First Lien,Healthcare,,2.00 %,Prime,2.70 %,6.70 %,2022-10-12,2027-10-12,20482,20395,21191,,20482,,,,,dspy_extracted,RWAY,2024-03-07,RWAY,2024-03-07
Route 92 Medical Inc.,First Lien,Healthcare,,,SOFR,8.48 %,8.98 %,2021-08-17,2026-07-01,35000,34239,35435,,35000,,,,,dspy_extracted,RWAY,2024-03-07,RWAY,2024-03-07
SetPoint Medical Corp.,First Lien,Healthcare,,,SOFR,5.75 %,9.00 %,2022-12-29,2027-12-01,25000,25014,25450,,25000,,,,,dspy_extracted,RWAY,2024-03-07,RWAY,2024-03-07
CloudPay Inc.,First Lien,Business Services,6.25 %,2.00 %,Prime,,10.25 %,2022-09-26,2027-08-17,75000,74939,75465,,,,,,,dspy_extracted,RWAY,2024-03-07,RWAY,2024-03-07
Snagajob.com Inc.,First Lien,Business Services,,8.50 %,SOFR,,9.00 %,2021-09-29,2025-09-01,40825,41170,36541,,,,,,,dspy_extracted,RWAY,2024-03-07,RWAY,2024-03-07
Madison Reed Inc.,First Lien,Consumer & Retail,4.75 %,3.00 %,Prime,,11.00 %,2022-12-16,2026-12-16,10913,10784,10847,,,,,,,dspy_extracted,RWAY,2024-03-07,RWAY,2024-03-07
Marley Spoon SE,First Lien,Consumer & Retail,7.50 %,1.25 %,SOFR,,8.26 %,2021-06-30,2026-06-15,44983,44836,44462,,,,,,,dspy_extracted,RWAY,2024-03-07,RWAY,2024-03-07
Bombora Inc.,First Lien,Software & Technology,4.75 %,3.25 %,SOFR,,6.75 %,2023-12-26,2028-01-15,28000,27879,27879,,,,,,,dspy_extracted,RWAY,2024-03-07,RWAY,2024-03-07
Skillshare Inc.,First Lien,Software & Technology,6.50 %,3.00 %,SOFR,,10.72 %,2022-11-08,2026-11-08,30000,29765,29183,,,,,,,dspy_extracted,RWAY,2024-03-07,RWAY,2024-03-07
Synack Inc.,First Lien,Software & Technology,7.00 %,1.00 %,SOFR,,11.07 %,2023-12-29,2028-12-29,40000,39758,39758,,,,,,,dspy_extracted,RWAY,2024-03-07,RWAY,2024-03-07
Kin Insurance Inc.,First Lien,Insurance,6.25 %,3.00 %,Prime,,12.50 %,2022-09-26,2026-09-15,75000,74877,74767,,,,,,,dspy_extracted,RWAY,2024-03-07,RWAY,2024-03-07
3PL Central LLC,First Lien,Software & Technology,4.50 %,2.50 %,SOFR,,6.50 %,2022-11-09,2027-11-09,70395,70064,69066,,,,,,,dspy_extracted,RWAY,2024-03-07,RWAY,2024-03-07
Linxup LLC,First Lien,Software & Technology,3.25 %,2.25 %,Prime,,11.75 %,2023-11-03,2027-11-15,30000,29490,29490,,,,,,,dspy_extracted,RWAY,2024-03-07,RWAY,2024-03-07
Dejero Labs Inc.,Second Lien,Software & Technology,8.00 %,2.00 %,SOFR,,8.50 %,2021-12-22,2025-12-22,14172,14278,14399,,,,,,,dspy_extracted,RWAY,2024-03-07,RWAY,2024-03-07
Minute Media Inc.,Preferred Equity,Media & Entertainment,,,N/A,,,2023-12-13,,1030,,120,,120,,,,,dspy_extracted,RWAY,2024-03-07,RWAY,2024-03-07
Minute Media Inc.,Common Equity,Media & Entertainment,,,N/A,,,2023-12-13,,134,,16,,16,,,,,dspy_extracted,RWAY,2024-03-07,RWAY,2024-03-07
"Aria Systems, Inc.",Preferred Equity,Software & Technology,,,N/A,,,2018-07-10,,289419,,127,,250,,,,,cost_suspicious_vs_size|dspy_extracted|fair_value_suspicious_vs_size,RWAY,2024-03-07,RWAY,2024-03-07
"FiscalNote, Inc.",Common Equity,Software & Technology,,,N/A,,,2020-10-19,,230881,,263,,438,,,,,cost_suspicious_vs_size|dspy_extracted|fair_value_suspicious_vs_size,RWAY,2024-03-07,RWAY,2024-03-07
"CareCloud, Inc.",Preferred Equity,Healthcare,11%,,N/A,,,2020-01-08,,462064,,3553,,12132,,,,,cost_suspicious_vs_size|dspy_extracted|fair_value_suspicious_vs_size,RWAY,2024-03-07,RWAY,2024-03-07
"Snagajob.com, Inc.",Other Debt,Business Services,,,N/A,,,2023-10-26,2026-12-31,1357,,1357,,1357,,,,,dspy_extracted,RWAY,2024-03-07,RWAY,2024-03-07
Marley Spoon SE,Common Equity,Media & Entertainment,,,N/A,,,2023-07-07,,46004,,125,,410,,,,,cost_suspicious_vs_size|dspy_extracted|fair_value_suspicious_vs_size,RWAY,2024-03-07,RWAY,2024-03-07
Quantum Corp.,Common Equity,Software & Technology,,,N/A,,,2021-08-13,,459720,,160,,2607,,,,,cost_suspicious_vs_size|dspy_extracted|fair_value_suspicious_vs_size,RWAY,2024-03-07,RWAY,2024-03-07
"zSpace, Inc.",Common Equity,Software & Technology,,,N/A,,,2020-12-31,,6078499,,,,1119,,,,,cost_suspicious_vs_size|dspy_extracted,RWAY,2024-03-07,RWAY,2024-03-07
3DNA Corp.,Warrants,Software & Technology,,,N/A,,,2018-12-28,2028-12-28,273164,,,,104,,,,,cost_suspicious_vs_size|dspy_extracted,RWAY,2024-03-07,RWAY,2024-03-07
"Aria Systems, Inc.",Warrants,Software & Technology,,,N/A,,,2018-06-29,2028-06-29,2387705,,1048,,1048,,,,,cost_suspicious_vs_size|dspy_extracted|fair_value_suspicious_vs_size,RWAY,2024-03-07,RWAY,2024-03-07
"Blueshift Labs, Inc.",Warrants,Software & Technology,,,N/A,,,2023-12-19,,,,167,,167,,,,,dspy_extracted,RWAY,2024-03-07,RWAY,2024-03-07
Circadence Corp.,Warrants,Software & Technology,,,N/A,,,2018-12-20,2028-12-20,1538462,,48,,3630,,,,,cost_suspicious_vs_size|dspy_extracted|fair_value_suspicious_vs_size,RWAY,2024-03-07,RWAY,2024-03-07
Circadence Corp.,Warrants,Software & Technology,,,N/A,,,2019-10-31,2029-10-31,384615,,12,,846,,,,,cost_suspicious_vs_size|dspy_extracted|fair_value_suspicious_vs_size,RWAY,2024-03-07,RWAY,2024-03-07
Circadence Corp.,Warrants,Software & Technology,,,N/A,,,2023-12-21,,,,283,,304,,,,,dspy_extracted,RWAY,2024-03-07,RWAY,2024-03-07
"Dtex Systems, Inc.",Warrants,Software & Technology,,,N/A,,,2018-06-01,2025-06-01,500000,,233,,59,,,,,cost_suspicious_vs_size|dspy_extracted|fair_value_suspicious_vs_size,RWAY,2024-03-07,RWAY,2024-03-07
"Dtex Systems, Inc.",Warrants,Software & Technology,,,N/A,,,2019-07-11,2026-07-11,833333,,389,,115,,,,,cost_suspicious_vs_size|dspy_extracted|fair_value_suspicious_vs_size,RWAY,2024-03-07,RWAY,2024-03-07
"FiscalNote, Inc.",Warrants,Software & Technology,,,N/A,,,2022-07-29,2027-07-29,,,16,,127,,,,,dspy_extracted,RWAY,2024-03-07,RWAY,2024-03-07
"Betterment Holdings, Inc.",Warrants,Financial Services,,,N/A,,,2023-10-06,2033-10-06,7680,,146,,35,,,,,cost_suspicious_vs_size|dspy_extracted|fair_value_suspicious_vs_size,RWAY,2024-03-07,RWAY,2024-03-07
"Betterment Holdings, Inc.",Warrants,Financial Services,,,N/A,,,2023-10-06,2033-10-06,9818,,15,,40,,,,,cost_suspicious_vs_size|dspy_extracted|fair_value_suspicious_vs_size,RWAY,2024-03-07,RWAY,2024-03-07
"Mustang Bio, Inc.",Warrants,Healthcare,,,N/A,,,2022-03-04,2032-03-04,748036,,39,,315,,,,,cost_suspicious_vs_size|dspy_extracted|fair_value_suspicious_vs_size,RWAY,2024-03-07,RWAY,2024-03-07
"TRACON Pharmaceuticals, Inc.",Warrants,Healthcare,,,N/A,,,2022-09-02,2032-09-02,150753,,12,,226,,,,,cost_suspicious_vs_size|dspy_extracted|fair_value_suspicious_vs_size,RWAY,2024-03-07,RWAY,2024-03-07
"Massdrop, Inc.",Warrants,Consumer & Retail,,,N/A,,,2019-07-22,2029-07-22,848093,,,,183,,,,,cost_suspicious_vs_size|dspy_extracted,RWAY,2024-03-07,RWAY,2024-03-07
"Elevate Services, Inc.",Warrants,Software & Technology,,,N/A,,,2023-07-10,2033-07-10,248997,,384,,447,,,,,cost_suspicious_vs_size|dspy_extracted|fair_value_suspicious_vs_size,RWAY,2024-03-07,RWAY,2024-03-07
Interactions Corp.,Warrants,Software & Technology,,,N/A,,,2022-06-24,2032-06-24,189408,,67,,219,,,,,cost_suspicious_vs_size|dspy_extracted|fair_value_suspicious_vs_size,RWAY,2024-03-07,RWAY,2024-03-07
"ShareThis, Inc.",Warrants,Software & Technology,,,N/A,,,2018-12-03,2028-12-03,647615,,803,,2162,,,,,cost_suspicious_vs_size|dspy_extracted|fair_value_suspicious_vs_size,RWAY,2024-03-07,RWAY,2024-03-07
"Brivo, Inc.",Warrants,Software & Technology,,,N/A,,,2022-10-20,2032-10-20,201000,,322,,98,,,,,cost_suspicious_vs_size|dspy_extracted|fair_value_suspicious_vs_size,RWAY,2024-03-07,RWAY,2024-03-07
"Epic IO Technologies, Inc.",Warrants,Software & Technology,,,N/A,,,2021-12-17,2028-12-17,,,423,,505,,,,,dspy_extracted,RWAY,2024-03-07,RWAY,2024-03-07
"Moximed, Inc.",Warrants,Healthcare,,,N/A,,,2022-06-24,2032-06-24,214285,,138,,175,,,,,cost_suspicious_vs_size|dspy_extracted|fair_value_suspicious_vs_size,RWAY,2024-03-07,RWAY,2024-03-07
"Revelle Aesthetics, Inc.",Warrants,Healthcare,,,N/A,,,2022-03-30,2032-03-30,115591,,102,,126,,,,,cost_suspicious_vs_size|dspy_extracted|fair_value_suspicious_vs_size,RWAY,2024-03-07,RWAY,2024-03-07
"Allurion Technologies, Inc.",Warrants,Healthcare,,,N/A,,,2021-03-30,2025-01-22,132979,,15,,282,,,,,cost_suspicious_vs_size|dspy_extracted|fair_value_suspicious_vs_size,RWAY,2024-03-07,RWAY,2024-03-07
"Allurion Technologies, Inc.",Warrants,Healthcare,,,N/A,,,2022-06-14,2025-01-22,46256,,,,141,,,,,cost_suspicious_vs_size|dspy_extracted,RWAY,2024-03-07,RWAY,2024-03-07
"Allurion Technologies, Inc.",Warrants,Healthcare,,,N/A,,,2023-08-02,2028-08-01,,,77,,,,,,,dspy_extracted,RWAY,2024-03-07,RWAY,2024-03-07
"EBR Systems, Inc.",Warrants,Healthcare,,,N/A,,,2022-06-30,2032-06-30,,,690,,605,,,,,dspy_extracted,RWAY,2024-03-07,RWAY,2024-03-07
"Mingle Healthcare Solutions, Inc.",Warrants,Healthcare,,,N/A,,,2018-08-15,2028-08-15,1770973,,,,492,,,,,cost_suspicious_vs_size|dspy_extracted,RWAY,2024-03-07,RWAY,2024-03-07
"Nalu Medical, Inc.",Warrants,Healthcare,,,N/A,,,2022-10-12,2032-10-12,91717,,99,,173,,,,,cost_suspicious_vs_size|dspy_extracted|fair_value_suspicious_vs_size,RWAY,2024-03-07,RWAY,2024-03-07
"Route 92 Medical, Inc.",Warrants,Healthcare,,,N/A,,,2021-08-17,2031-08-17,,,897,,835,,,,,dspy_extracted,RWAY,2024-03-07,RWAY,2024-03-07
SetPoint Medical Corp.,Warrants,Healthcare,,,N/A,,,2021-06-29,2031-06-29,400000,,133,,14,,,,,cost_suspicious_vs_size|dspy_extracted|fair_value_suspicious_vs_size,RWAY,2024-03-07,RWAY,2024-03-07
SetPoint Medical Corp.,Warrants,Healthcare,,,N/A,,,2022-12-29,2032-12-29,600000,,199,,74,,,,,cost_suspicious_vs_size|dspy_extracted|fair_value_suspicious_vs_size,RWAY,2024-03-07,RWAY,2024-03-07
VERO Biotech LLC,Warrants,Healthcare,,,N/A,,,2020-12-29,2025-12-29,,,396,,377,,,,,dspy_extracted,RWAY,2024-03-07,RWAY,2024-03-07
"CloudPay, Inc.",Warrants,Business Services,,,N/A,,,2020-06-30,2030-06-30,11273,,1001,,218,,,,,cost_suspicious_vs_size|dspy_extracted,RWAY,2024-03-07,RWAY,2024-03-07
"CloudPay, Inc.",Warrants,Business Services,,,N/A,,,2021-08-17,2031-08-17,3502,,95,,52,,,,,cost_suspicious_vs_size|dspy_extracted|fair_value_suspicious_vs_size,RWAY,2024-03-07,RWAY,2024-03-07
"CloudPay, Inc.",Warrants,Business Services,,,N/A,,,2022-09-26,2032-09-26,5252,,143,,176,,,,,cost_suspicious_vs_size|dspy_extracted|fair_value_suspicious_vs_size,RWAY,2024-03-07,RWAY,2024-03-07
"Snagajob.com, Inc.",Warrants,Business Services,,,N/A,,,2021-09-29,2031-09-29,763269,,,,343,,,,,cost_suspicious_vs_size|dspy_extracted,RWAY,2024-03-07,RWAY,2024-03-07
Madison Reed Inc.,Warrants,Consumer & Retail,,,N/A,,,2022-12-16,,,,154,,143,,,,,dspy_extracted,RWAY,2024-03-07,RWAY,2024-03-07
Bombora Inc.,Warrants,Software & Technology,,,N/A,,,2021-03-31,2031-03-31,121581,,104,,174,,,,,cost_suspicious_vs_size|dspy_extracted|fair_value_suspicious_vs_size,RWAY,2024-03-07,RWAY,2024-03-07
Bombora Inc.,Warrants,Software & Technology,,,N/A,,,2023-12-26,2033-12-26,48632,,41,,43,,,,,cost_suspicious_vs_size|dspy_extracted|fair_value_suspicious_vs_size,RWAY,2024-03-07,RWAY,2024-03-07
INRIX Inc.,Warrants,Software & Technology,,,N/A,,,2019-07-26,2029-07-26,150804,,735,,522,,,,,cost_suspicious_vs_size|dspy_extracted|fair_value_suspicious_vs_size,RWAY,2024-03-07,RWAY,2024-03-07
Longtail Ad Solutions Inc.,Warrants,Software & Technology,,,N/A,,,2019-12-12,2029-12-12,387596,,321,,47,,,,,cost_suspicious_vs_size|dspy_extracted|fair_value_suspicious_vs_size,RWAY,2024-03-07,RWAY,2024-03-07
Skillshare Inc.,Warrants,Software & Technology,,,N/A,,,2022-11-08,2026-11-08,,,294,,301,,,,,dspy_extracted,RWAY,2024-03-07,RWAY,2024-03-07
Synack Inc.,Warrants,Software & Technology,,,N/A,,,2023-12-29,2032-06-30,116908,,147,,147,,,,,cost_suspicious_vs_size|dspy_extracted|fair_value_suspicious_vs_size,RWAY,2024-03-07,RWAY,2024-03-07
Kin Insurance Inc.,Warrants,Insurance,,,N/A,,,2022-09-26,2032-09-26,41576,,292,,302,,,,,cost_suspicious_vs_size|dspy_extracted|fair_value_suspicious_vs_size,RWAY,2024-03-07,RWAY,2024-03-07
Kin Insurance Inc.,Warrants,Insurance,,,N/A,,,2023-05-05,2032-09-26,11549,,81,,69,,,,,cost_suspicious_vs_size|dspy_extracted|fair_value_suspicious_vs_size,RWAY,2024-03-07,RWAY,2024-03-07
Kin Insurance Inc.,Warrants,Insurance,,,N/A,,,2023-08-25,2032-09-26,9239,,65,,55,,,,,cost_suspicious_vs_size|dspy_extracted|fair_value_suspicious_vs_size,RWAY,2024-03-07,RWAY,2024-03-07
AllClear ID Inc.,Warrants,Consumer & Retail,,,N/A,,,2017-08-31,2027-08-31,523893,,,,1053,,,,,cost_suspicious_vs_size|dspy_extracted,RWAY,2024-03-07,RWAY,2024-03-07
AllClear ID Inc.,Warrants,Consumer & Retail,,,N/A,,,2018-10-17,2027-08-31,346621,,,,697,,,,,cost_suspicious_vs_size|dspy_extracted,RWAY,2024-03-07,RWAY,2024-03-07
Credit Sesame Inc.,Warrants,Consumer & Retail,,,N/A,,,2020-01-07,2030-01-07,191601,,373,,425,,,,,cost_suspicious_vs_size|dspy_extracted|fair_value_suspicious_vs_size,RWAY,2024-03-07,RWAY,2024-03-07
Dejero Labs Inc.,Warrants,Software & Technology,,,N/A,,,2019-05-31,2029-05-31,333621,,268,,192,,,,,cost_suspicious_vs_size|dspy_extracted|fair_value_suspicious_vs_size,RWAY,2024-03-07,RWAY,2024-03-07
Linxup LLC,Warrants,Software & Technology,,,N/A,,,2023-11-03,2033-11-03,,,294,,253,,,,,dspy_extracted,RWAY,2024-03-07,RWAY,2024-03-07
Scale Computing Inc.,Warrants,Software & Technology,,,N/A,,,2019-03-29,2029-03-29,9665667,,,,346,,,,,cost_suspicious_vs_size|dspy_extracted,RWAY,2024-03-07,RWAY,2024-03-07
RealWear Inc.,Warrants,Software & Technology,,,N/A,,,2018-10-05,2028-10-05,112451,,178,,136,,,,,cost_suspicious_vs_size|dspy_extracted|fair_value_suspicious_vs_size,RWAY,2024-03-07,RWAY,2024-03-07
RealWear Inc.,Warrants,Software & Technology,,,N/A,,,2018-12-28,2028-10-05,22491,,36,,25,,,,,cost_suspicious_vs_size|dspy_extracted|fair_value_suspicious_vs_size,RWAY,2024-03-07,RWAY,2024-03-07
RealWear Inc.,Warrants,Software & Technology,,,N/A,,,2019-06-27,2029-06-27,123894,,196,,381,,,,,cost_suspicious_vs_size|dspy_extracted|fair_value_suspicious_vs_size,RWAY,2024-03-07,RWAY,2024-03-07
Gynesonics Inc.,First Lien,Healthcare,8.75%,,SOFR,8.75%,,2023-03-01,2026-11-30,25595,25595,23586,,25897,,,,,dspy_extracted,RWAY,2024-03-07,RWAY,2024-03-07
Coginiti Corp.,Common Equity,Software & Technology,,,N/A,,,2020-03-09,,,,856,,4551,,,,,dspy_extracted,RWAY,2024-03-07,RWAY,2024-03-07
Gynesonics Inc.,Preferred Equity,Healthcare,,,N/A,,,2023-03-01,,,,21461,,25000,,,,,dspy_extracted,RWAY,2024-03-07,RWAY,2024-03-07
Gynesonics Inc.,Preferred Equity,Healthcare,,,N/A,,,2023-10-24,,,,4577,,3100,,,,,dspy_extracted,RWAY,2024-03-07,RWAY,2024-03-07
Coginiti Corp.,Warrants,Software & Technology,,,N/A,,,2020-03-09,2030-03-09,,,663,,,,,,,dspy_extracted,RWAY,2024-03-07,RWAY,2024-03-07
Gynesonics Inc.,Warrants,Healthcare,,,N/A,,,2023-03-01,2030-03-01,,,313,,313,,,,,dspy_extracted,RWAY,2024-03-07,RWAY,2024-03-07
Pivot3 Inc.,Common Equity,Software & Technology,,,N/A,,,2023-12-31,,,,950,,950,,,,,dspy_extracted,RWAY,2024-03-07,RWAY,2024-03-07
Circadence Corp.,First Lien,Software & Technology,,9.50 %,SOFR,9.50 %,12.26 %,2018-12-20,2023-12-15,19928,,17083,,21260,,,,,dspy_extracted,RWAY,2024-03-07,RWAY,2024-03-07
"Dtex Systems, Inc.",First Lien,Software & Technology,,,SOFR,9.25 %,9.75 %,2021-06-01,2025-06-01,10000,,10033,,10033,,,,,dspy_extracted,RWAY,2024-03-07,RWAY,2024-03-07
"FiscalNote, Inc.",First Lien,Software & Technology,,1.00 %,Prime,5.00 %,9.00 %,2020-10-19,2027-07-15,65251,,64466,,64466,,,,,dspy_extracted,RWAY,2024-03-07,RWAY,2024-03-07
"VTX Intermediate Holdings, Inc.",First Lien,Software & Technology,,,SOFR,9.00 %,9.50 %,2021-12-28,2026-12-28,85000,,85000,,85000,,,,,dspy_extracted,RWAY,2024-03-07,RWAY,2024-03-07
"Mustang Bio, Inc.",First Lien,Healthcare,,,SOFR,8.75 %,9.25 %,2022-03-04,2027-04-15,30000,,29709,,29709,,,,,dspy_extracted,RWAY,2024-03-07,RWAY,2024-03-07
"TRACON Pharmaceuticals, Inc.",First Lien,Healthcare,,,Prime,5.00 %,8.50 %,2022-09-02,2026-09-01,10000,,10000,,9795,,,,,dspy_extracted,RWAY,2024-03-07,RWAY,2024-03-07
Interactions Corp.,First Lien,Software & Technology,,,SOFR,9.26 %,9.76 %,2022-06-24,2027-06-15,40000,,39504,,39504,,,,,dspy_extracted,RWAY,2024-03-07,RWAY,2024-03-07
"ShareThis, Inc.",First Lien,Software & Technology,,,SOFR,9.25 %,11.86 %,2018-12-03,2025-07-15,21000,,21150,,21500,,,,,dspy_extracted,RWAY,2024-03-07,RWAY,2024-03-07
"ShareThis, Inc.",First Lien,Software & Technology,,,SOFR,8.25 %,10.86 %,2020-08-18,2025-07-15,1000,,1007,,1026,,,,,dspy_extracted,RWAY,2024-03-07,RWAY,2024-03-07
"Vesta Payment Solutions, Inc.",First Lien,Software & Technology,,,SOFR,7.00 %,9.00 %,2022-11-29,2026-11-15,25000,,24521,,24521,,,,,dspy_extracted,RWAY,2024-03-07,RWAY,2024-03-07
"Turning Tech Intermediate, Inc.",First Lien,Education,,,SOFR,8.50 %,9.00 %,2021-06-22,2025-12-14,25000,,25305,,25305,,,,,dspy_extracted,RWAY,2024-03-07,RWAY,2024-03-07
"Brivo, Inc.",First Lien,Software & Technology,,50 %,SOFR,6.85 %,10.89 %,2022-10-20,2027-10-20,44378,,43912,,43912,,,,,dspy_extracted,RWAY,2024-03-07,RWAY,2024-03-07
"Intellisite Holdings, Inc.",First Lien,Software & Technology,,,SOFR,9.75 %,10.25 %,2021-12-17,2025-12-17,34000,,33639,,33639,,,,,dspy_extracted,RWAY,2024-03-07,RWAY,2024-03-07
"Moximed, Inc.",First Lien,Healthcare,,,Prime,5.25 %,8.75 %,2022-06-24,2027-07-01,15000,,14772,,14772,,,,,dspy_extracted,RWAY,2024-03-07,RWAY,2024-03-07
"Revelle Aesthetics, Inc.",First Lien,Healthcare,,,Prime,5.50 %,8.75 %,2022-03-30,2027-04-01,12500,,12377,,12377,,,,,dspy_extracted,RWAY,2024-03-07,RWAY,2024-03-07
Allurion Technologies Inc.,First Lien,Healthcare,,,Prime,6.44 %,9.50 %,2021-12-30,2026-12-30,55000,,54715,,54715,,,,,dspy_extracted,RWAY,2024-03-07,RWAY,2024-03-07
EBR Systems Inc.,First Lien,Healthcare,,,Prime,4.90 %,8.90 %,2022-06-30,2027-06-15,20000,,19648,,19648,,,,,dspy_extracted,RWAY,2024-03-07,RWAY,2024-03-07
Gynesonics Inc.,First Lien,Healthcare,,,SOFR,8.75 %,9.25 %,2020-12-01,2025-12-01,50000,,50022,,50022,,,,,dspy_extracted,RWAY,2024-03-07,RWAY,2024-03-07
Mingle Healthcare Solutions Inc.,First Lien,Healthcare,,.25 %,SOFR,9.50 %,12.01 %,2018-08-15,2023-12-15,4015,,3821,,4615,,,,,dspy_extracted,RWAY,2024-03-07,RWAY,2024-03-07
Nalu Medical Inc.,First Lien,Healthcare,,2.00 %,Prime,2.70 %,6.70 %,2022-10-12,2027-10-12,20071,,19756,,19756,,,,,dspy_extracted,RWAY,2024-03-07,RWAY,2024-03-07
Route 92 Medical Inc.,First Lien,Healthcare,,,SOFR,8.48 %,8.98 %,2021-08-17,2026-07-01,13000,,12843,,12843,,,,,dspy_extracted,RWAY,2024-03-07,RWAY,2024-03-07
SetPoint Medical Corp.,First Lien,Healthcare,,,SOFR,5.75 %,9.00 %,2022-12-29,2027-12-01,25000,,24802,,24802,,,,,dspy_extracted,RWAY,2024-03-07,RWAY,2024-03-07
VERO Biotech LLC,First Lien,Healthcare,,,SOFR,9.05 %,9.55 %,2020-12-29,2024-12-01,40000,,40308,,40308,,,,,dspy_extracted,RWAY,2024-03-07,RWAY,2024-03-07
CloudPay Inc.,First Lien,Business Services,,,Prime,6.25 %,10.25 %,2022-09-26,2027-08-17,60000,,59693,,59693,,,,,dspy_extracted,RWAY,2024-03-07,RWAY,2024-03-07
Snagajob.com Inc.,First Lien,Business Services,,,SOFR,8.50 %,9.00 %,2021-09-29,2025-09-01,37609,,36785,,37574,,,,,dspy_extracted,RWAY,2024-03-07,RWAY,2024-03-07
Madison Reed Inc.,First Lien,Consumer & Retail,,,Prime,4.75 %,11.00 %,2022-12-16,2026-12-16,9600,,9353,,9353,,,,,dspy_extracted,RWAY,2024-03-07,RWAY,2024-03-07
Marley Spoon AG,First Lien,Consumer & Retail,,1.25 %,SOFR,8.50 %,9.26 %,2021-06-30,2025-06-15,46754,,46500,,46500,,,,,dspy_extracted,RWAY,2024-03-07,RWAY,2024-03-07
Bombora Inc.,First Lien,Software & Technology,,3.75 %,SOFR,5.00 %,5.76 %,2021-03-31,2025-03-31,21341,,21337,,21337,,,,,dspy_extracted,RWAY,2024-03-07,RWAY,2024-03-07
Fidelis Cybersecurity Inc.,First Lien,Software & Technology,,,SOFR,11.00 %,12.00 %,2021-05-13,2024-05-13,12205,,11857,,12360,,,,,dspy_extracted,RWAY,2024-03-07,RWAY,2024-03-07
Fidelis Cybersecurity Inc.,First Lien,Software & Technology,,,SOFR,11.00 %,12.00 %,2022-03-25,2024-05-13,8947,,8692,,8986,,,,,dspy_extracted,RWAY,2024-03-07,RWAY,2024-03-07
INRIX Inc.,First Lien,Software & Technology,,,SOFR,9.00 %,9.76 %,2021-11-15,2025-11-15,45000,,45329,,45329,,,,,dspy_extracted,RWAY,2024-03-07,RWAY,2024-03-07
Skillshare Inc.,First Lien,Software & Technology,,,SOFR,6.50 %,10.72 %,2022-11-08,2026-11-08,25000,,24414,,24414,,,,,dspy_extracted,RWAY,2024-03-07,RWAY,2024-03-07
Synack Inc.,First Lien,Software & Technology,,,Prime,4.25 %,8.25 %,2022-06-30,2027-06-30,35000,,34906,,34906,,,,,dspy_extracted,RWAY,2024-03-07,RWAY,2024-03-07
Kin Insurance Inc.,First Lien,Insurance,,,Prime,6.25 %,12.50 %,2022-09-26,2026-09-15,50000,,49143,,49143,,,,,dspy_extracted,RWAY,2024-03-07,RWAY,2024-03-07
3PL Central LLC,First Lien,Software & Technology,,2.50 %,SOFR,4.50 %,6.50,2022-11-09,2027-11-09,65163,,64429,,64429,,,,,dspy_extracted,RWAY,2024-03-07,RWAY,2024-03-07
Dejero Labs Inc.,Second Lien,Software & Technology,,5.00 %,SOFR,5.00 %,5.50,2021-12-22,2025-12-22,13661,,13654,,13654,,,,,dspy_extracted,RWAY,2024-03-07,RWAY,2024-03-07
Aria Systems Inc.,Other Equity,Software & Technology,,,N/A,,,2018-07-10,,289419,,347,,250,,,,,cost_suspicious_vs_size|dspy_extracted|fair_value_suspicious_vs_size,RWAY,2024-03-07,RWAY,2024-03-07
FiscalNote Inc.,Other Equity,Software & Technology,,,N/A,,,2020-10-19,,230881,,1422,,438,,,,,cost_suspicious_vs_size|dspy_extracted|fair_value_suspicious_vs_size,RWAY,2024-03-07,RWAY,2024-03-07
CareCloud Inc.,Other Equity,Healthcare,11 %,,N/A,,,2020-01-08,,462064,,12335,,12132,,,,,cost_suspicious_vs_size|dspy_extracted|fair_value_suspicious_vs_size,RWAY,2024-03-07,RWAY,2024-03-07
Quantum Corp.,Other Equity,Software & Technology,,,N/A,,,2021-08-13,,459720,,501,,2607,,,,,cost_suspicious_vs_size|dspy_extracted|fair_value_suspicious_vs_size,RWAY,2024-03-07,RWAY,2024-03-07
zSpace Inc.,Other Equity,Software & Technology,,,N/A,,,2020-12-31,,6078499,,,,1119,,,,,cost_suspicious_vs_size|dspy_extracted,RWAY,2024-03-07,RWAY,2024-03-07
STN Video Inc.,Warrants,Media & Entertainment,,,N/A,,,2017-06-30,2027-06-30,191500,,,,246,,,,,cost_suspicious_vs_size|dspy_extracted,RWAY,2024-03-07,RWAY,2024-03-07
Aria Systems Inc.,Warrants,Software & Technology,,,N/A,,,2018-06-29,2028-06-29,2387705,,2865,,1048,,,,,cost_suspicious_vs_size|dspy_extracted|fair_value_suspicious_vs_size,RWAY,2024-03-07,RWAY,2024-03-07
Circadence Corp.,Warrants,Software & Technology,,,N/A,,,2018-12-20,2028-12-20,1538462,,87,,3630,,,,,cost_suspicious_vs_size|dspy_extracted|fair_value_suspicious_vs_size,RWAY,2024-03-07,RWAY,2024-03-07
Circadence Corp.,Warrants,Software & Technology,,,N/A,,,2019-10-31,2029-10-31,384615,,22,,845,,,,,cost_suspicious_vs_size|dspy_extracted|fair_value_suspicious_vs_size,RWAY,2024-03-07,RWAY,2024-03-07
Dtex Systems Inc.,Warrants,Software & Technology,,,N/A,,,2018-06-01,2025-06-01,500000,,214,,59,,,,,cost_suspicious_vs_size|dspy_extracted|fair_value_suspicious_vs_size,RWAY,2024-03-07,RWAY,2024-03-07
Dtex Systems Inc.,Warrants,Software & Technology,,,N/A,,,2019-07-11,2026-07-11,833333,,356,,115,,,,,cost_suspicious_vs_size|dspy_extracted|fair_value_suspicious_vs_size,RWAY,2024-03-07,RWAY,2024-03-07
FiscalNote Inc.,Warrants,Software & Technology,,,N/A,,,2022-07-29,2027-07-29,,,105,,127,,,,,dspy_extracted,RWAY,2024-03-07,RWAY,2024-03-07
Mustang Bio Inc.,Warrants,Healthcare,,,N/A,,,2022-03-04,2032-03-04,748036,,59,,315,,,,,cost_suspicious_vs_size|dspy_extracted|fair_value_suspicious_vs_size,RWAY,2024-03-07,RWAY,2024-03-07
TRACON Pharmaceuticals Inc.,Warrants,Healthcare,,,N/A,,,2022-09-02,2032-09-02,150753,,157,,226,,,,,cost_suspicious_vs_size|dspy_extracted|fair_value_suspicious_vs_size,RWAY,2024-03-07,RWAY,2024-03-07
Massdrop Inc.,Warrants,Consumer & Retail,,,N/A,,,2019-07-22,2029-07-22,848093,,68,,183,,,,,cost_suspicious_vs_size|dspy_extracted|fair_value_suspicious_vs_size,RWAY,2024-03-07,RWAY,2024-03-07
Interactions Corp.,Warrants,Software & Technology,,,N/A,,,2022-06-24,2032-06-24,189408,,204,,219,,,,,cost_suspicious_vs_size|dspy_extracted|fair_value_suspicious_vs_size,RWAY,2024-03-07,RWAY,2024-03-07
ShareThis Inc.,Warrants,Software & Technology,,,N/A,,,2018-12-03,2028-12-03,647615,,1728,,2162,,,,,cost_suspicious_vs_size|dspy_extracted|fair_value_suspicious_vs_size,RWAY,2024-03-07,RWAY,2024-03-07
Brivo Inc.,Warrants,Software & Technology,,,N/A,,,2022-10-20,2032-10-20,201000,,107,,98,,,,,cost_suspicious_vs_size|dspy_extracted|fair_value_suspicious_vs_size,RWAY,2024-03-07,RWAY,2024-03-07
Epic IO Technologies Inc.,Warrants,Software & Technology,,,N/A,,,2021-12-17,2024-12-17,,,456,,430,,,,,dspy_extracted,RWAY,2024-03-07,RWAY,2024-03-07
Moximed Inc.,Warrants,Healthcare,,,N/A,,,2022-06-24,2032-06-24,214285,,163,,175,,,,,cost_suspicious_vs_size|dspy_extracted|fair_value_suspicious_vs_size,RWAY,2024-03-07,RWAY,2024-03-07
Revelle Aesthetics Inc.,Warrants,Healthcare,,,N/A,,,2022-03-30,2032-03-30,115591,,121,,127,,,,,cost_suspicious_vs_size|dspy_extracted|fair_value_suspicious_vs_size,RWAY,2024-03-07,RWAY,2024-03-07
"Allurion Technologies, Inc.",Warrants,Healthcare,,,N/A,,,2021-03-30,2031-03-30,,,632,,283,,,,,dspy_extracted,RWAY,2024-03-07,RWAY,2024-03-07
"Allurion Technologies, Inc.",Warrants,Healthcare,,,N/A,,,2022-06-14,2031-03-30,,,259,,284,,,,,dspy_extracted,RWAY,2024-03-07,RWAY,2024-03-07
"CareCloud, Inc.",Warrants,Healthcare,,,N/A,,,2020-01-08,2023-01-08,,,—,,837,,,,,dspy_extracted,RWAY,2024-03-07,RWAY,2024-03-07
"EBR Systems, Inc.",Warrants,Healthcare,,,N/A,,,2022-06-30,2032-06-30,,,305,,292,,,,,dspy_extracted,RWAY,2024-03-07,RWAY,2024-03-07
"Gynesonics, Inc.",Warrants,Healthcare,,,N/A,,,2021-11-19,2031-11-19,,,446,,341,,,,,dspy_extracted,RWAY,2024-03-07,RWAY,2024-03-07
"Mingle Healthcare Solutions, Inc.",Warrants,Healthcare,,,N/A,,,2018-08-15,2028-08-15,,,—,,492,,,,,dspy_extracted,RWAY,2024-03-07,RWAY,2024-03-07
"Nalu Medical, Inc.",Warrants,Healthcare,,,N/A,,,2022-10-12,2032-10-12,,,137,,173,,,,,dspy_extracted,RWAY,2024-03-07,RWAY,2024-03-07
"Route 92 Medical, Inc.",Warrants,Healthcare,,,N/A,,,2021-08-17,2031-08-17,,,297,,248,,,,,dspy_extracted,RWAY,2024-03-07,RWAY,2024-03-07
SetPoint Medical Corp.,Warrants,Healthcare,,,N/A,,,2021-06-29,2031-06-29,,,50,,14,,,,,dspy_extracted,RWAY,2024-03-07,RWAY,2024-03-07
SetPoint Medical Corp.,Warrants,Healthcare,,,N/A,,,2022-12-29,2032-12-29,,,74,,74,,,,,dspy_extracted,RWAY,2024-03-07,RWAY,2024-03-07
VERO Biotech LLC,Warrants,Healthcare,,,N/A,,,2020-12-29,2025-12-29,,,394,,377,,,,,dspy_extracted,RWAY,2024-03-07,RWAY,2024-03-07
"CloudPay, Inc.",Warrants,Business Services,,,N/A,,,2020-06-30,2030-06-30,,,920,,218,,,,,dspy_extracted,RWAY,2024-03-07,RWAY,2024-03-07
"CloudPay, Inc.",Warrants,Business Services,,,N/A,,,2021-08-17,2031-08-17,,,170,,160,,,,,dspy_extracted,RWAY,2024-03-07,RWAY,2024-03-07
"Snagajob.com, Inc.",Warrants,Business Services,,,N/A,,,2021-09-29,2031-09-29,,,220,,343,,,,,dspy_extracted,RWAY,2024-03-07,RWAY,2024-03-07
"Madison Reed, Inc.",Warrants,Consumer & Retail,,,N/A,,,2022-12-16,,,,133,,132,,,,,dspy_extracted,RWAY,2024-03-07,RWAY,2024-03-07
"Bombora, Inc.",Warrants,Media & Entertainment,,,N/A,,,2021-03-31,2031-03-31,,,248,,175,,,,,dspy_extracted,RWAY,2024-03-07,RWAY,2024-03-07
"Fidelis Cybersecurity, Inc.",Warrants,Media & Entertainment,,,N/A,,,2022-03-25,2032-03-25,,,100,,79,,,,,dspy_extracted,RWAY,2024-03-07,RWAY,2024-03-07
"INRIX, Inc.",Warrants,Media & Entertainment,,,N/A,,,2019-07-26,2029-07-26,,,2198,,522,,,,,dspy_extracted,RWAY,2024-03-07,RWAY,2024-03-07
"Longtail Ad Solutions, Inc.",Warrants,Media & Entertainment,,,N/A,,,2019-12-12,2029-12-12,,,345,,47,,,,,dspy_extracted,RWAY,2024-03-07,RWAY,2024-03-07
"Skillshare, Inc.",Warrants,Media & Entertainment,,,N/A,,,2022-11-08,2026-11-08,,,225,,243,,,,,dspy_extracted,RWAY,2024-03-07,RWAY,2024-03-07
"Synack, Inc.",Warrants,Media & Entertainment,,,N/A,,,2022-06-30,2032-06-30,,,129,,127,,,,,dspy_extracted,RWAY,2024-03-07,RWAY,2024-03-07
"Kin Insurance, Inc.",Warrants,Insurance,,,N/A,,,2022-09-26,2032-09-26,,,297,,302,,,,,dspy_extracted,RWAY,2024-03-07,RWAY,2024-03-07
"AllClear ID, Inc.",Warrants,Business Services,,,N/A,,,2017-09-01,2027-09-01,,,—,,1750,,,,,dspy_extracted,RWAY,2024-03-07,RWAY,2024-03-07
"Credit Sesame, Inc.",Warrants,Business Services,,,N/A,,,2020-01-07,2030-01-07,,,796,,425,,,,,dspy_extracted,RWAY,2024-03-07,RWAY,2024-03-07
Dejero Labs Inc.,Warrants,Telecommunications,,,N/A,,,2019-05-31,2029-05-31,,,191,,192,,,,,dspy_extracted,RWAY,2024-03-07,RWAY,2024-03-07
"Scale Computing, Inc.",Warrants,Telecommunications,,,N/A,,,2019-03-29,2029-03-29,,,—,,346,,,,,dspy_extracted,RWAY,2024-03-07,RWAY,2024-03-07
"RealWear, Inc.",Warrants,Software & Technology,,,N/A,,,2018-10-05,2028-10-05,,,246,,136,,,,,dspy_extracted,RWAY,2024-03-07,RWAY,2024-03-07
"RealWear, Inc.",Warrants,Software & Technology,,,N/A,,,2018-12-28,2028-12-28,,,49,,25,,,,,dspy_extracted,RWAY,2024-03-07,RWAY,2024-03-07
"RealWear, Inc.",Warrants,Software & Technology,,,N/A,,,2019-06-27,2029-06-27,,,272,,381,,,,,dspy_extracted,RWAY,2024-03-07,RWAY,2024-03-07
Coginiti Corp.,Common Equity,Software & Technology,,,N/A,,,2020-03-09,,1040160,,1174,,4551,,,,,cost_suspicious_vs_size|dspy_extracted|fair_value_suspicious_vs_size,RWAY,2024-03-07,RWAY,2024-03-07
Coginiti Corp.,Warrants,Software & Technology,,,N/A,,,2020-03-09,2030-03-09,811770,,910,,,,,,,dspy_extracted|fair_value_suspicious_vs_size,RWAY,2024-03-07,RWAY,2024-03-07
Pivot3 Inc.,First Lien,Software & Technology,,8.50 %,LIBOR,,11.00 %,2019-05-13,2023-01-15,18598,,9290,,19172,,,,,dspy_extracted,RWAY,2024-03-07,RWAY,2024-03-07
Gynesonics Inc.,First Lien,,8.75%,,SOFR,,8.00%,,2026-11-30,,,23586,,,,,,,dspy_extracted,RWAY,2024-03-07,RWAY,2024-03-07
Gynesonics Inc.,Preferred Equity,,,,N/A,,,,,,,21461,,,,,,,dspy_extracted,RWAY,2024-03-07,RWAY,2024-03-07
Gynesonics Inc.,Preferred Equity,,,,N/A,,,,,,,4577,,,,,,,dspy_extracted,RWAY,2024-03-07,RWAY,2024-03-07
Gynesonics Inc.,Warrants,,,,N/A,,,,,,,313,,,,,,,dspy_extracted,RWAY,2024-03-07,RWAY,2024-03-07
Pivot3 Inc.,Common Equity,,,,N/A,,,,,,,950,,,,,,,dspy_extracted,RWAY,2024-03-07,RWAY,2024-03-07
3PL Central LLC,First Lien,,,,,,,,,,11500,,,,,,,,dspy_extracted,RWAY,2024-03-07,RWAY,2024-03-07
Betterment Holdings Inc.,First Lien,,,,,,,,,,5000,,,,,,,,dspy_extracted,RWAY,2024-03-07,RWAY,2024-03-07
Blueshift Labs Inc.,First Lien,,,,,,,,,,14500,,,,,,,,dspy_extracted,RWAY,2024-03-07,RWAY,2024-03-07
Bombora Inc.,First Lien,,,,,,,,,,2000,,,,,,,,dspy_extracted,RWAY,2024-03-07,RWAY,2024-03-07
Brivo Inc.,First Lien,,,,,,,,,,6000,,,,,,,,dspy_extracted,RWAY,2024-03-07,RWAY,2024-03-07
EBR Systems Inc.,First Lien,,,,,,,,,,10000,,,,,,,,dspy_extracted,RWAY,2024-03-07,RWAY,2024-03-07
Interactions Corp.,First Lien,,,,,,,,,,10000,,,,,,,,dspy_extracted,RWAY,2024-03-07,RWAY,2024-03-07
Linxup LLC,First Lien,,,,,,,,,,7500,,,,,,,,dspy_extracted,RWAY,2024-03-07,RWAY,2024-03-07
Madison Reed Inc.,First Lien,,,,,,,,,,1200,,,,,,,,dspy_extracted,RWAY,2024-03-07,RWAY,2024-03-07
Moximed Inc.,First Lien,,,,,,,,,,15000,,,,,,,,dspy_extracted,RWAY,2024-03-07,RWAY,2024-03-07
Nalu Medical Inc.,First Lien,Healthcare,,,,,,,,,15000,,,,,,,,dspy_extracted,RWAY,2024-03-07,RWAY,2024-03-07
Route 92 Medical Inc.,First Lien,Healthcare,,,,,,,,,20000,,,,,,,,dspy_extracted,RWAY,2024-03-07,RWAY,2024-03-07
SetPoint Medical Corp.,First Lien,Healthcare,,,,,,,,,40000,,,,,,,,dspy_extracted,RWAY,2024-03-07,RWAY,2024-03-07
Skillshare Inc.,First Lien,,,,,,,,,,10000,,,,,,,,dspy_extracted,RWAY,2024-03-07,RWAY,2024-03-07
Snagajob.com Inc.,First Lien,,,,,,,,,,6785,,,,,,,,dspy_extracted,RWAY,2024-03-07,RWAY,2024-03-07
Snagajob.com Inc.,Other Debt,,,,,,,,,,2035,,,,,,,,dspy_extracted,RWAY,2024-03-07,RWAY,2024-03-07
Synack Inc.,First Lien,,,,,,,,,,25000,,,,,,,,dspy_extracted,RWAY,2024-03-07,RWAY,2024-03-07
Blueshift Labs Inc.,First Lien,Software & Technology,,2.00 %,SOFR,6.25 %,11.25 %,2023-12-19,2028-12-15,25623,25240,24824,,,,,,,dspy_extracted,RWAY,2024-05-07,RWAY,2024-05-07
Circadence Corp.,First Lien,Software & Technology,,,SOFR,9.50 %,12.26 %,2018-12-20,2025-12-15,23446,24796,19213,,,,,,,dspy_extracted,RWAY,2024-05-07,RWAY,2024-05-07
FiscalNote Inc.,First Lien,Software & Technology,,1.00 %,Prime,5.00 %,9.00 %,2020-10-19,2027-07-15,38698,40363,38426,,,,,,,dspy_extracted,RWAY,2024-05-07,RWAY,2024-05-07
VTX Intermediate Holdings Inc.,First Lien,Software & Technology,,,SOFR,9.00 %,9.50 %,2021-12-28,2026-12-28,88997,89976,88494,,,,,,,dspy_extracted,RWAY,2024-05-07,RWAY,2024-05-07
Betterment Holdings Inc.,First Lien,Financial Services,,,Prime,4.50 %,8.50 %,2023-10-06,2027-10-06,8000,7893,7941,,,,,,,dspy_extracted,RWAY,2024-05-07,RWAY,2024-05-07
Elevate Services Inc.,First Lien,Software & Technology,,,SOFR,7.50 %,12.78 %,2023-07-10,2027-07-10,20000,19463,19706,,,,,,,dspy_extracted,RWAY,2024-05-07,RWAY,2024-05-07
Interactions Corp.,First Lien,Software & Technology,,,SOFR,9.26 %,9.76 %,2022-06-24,2027-06-15,40000,40013,39806,,,,,,,dspy_extracted,RWAY,2024-05-07,RWAY,2024-05-07
ShareThis Inc.,First Lien,Software & Technology,,,SOFR,9.25 %,11.86 %,2018-12-03,2024-09-30,19556,20134,19587,,,,,,,dspy_extracted,RWAY,2024-05-07,RWAY,2024-05-07
ShareThis Inc.,First Lien,Software & Technology,,,SOFR,8.25 %,10.86 %,2020-08-18,2024-09-30,931,960,933,,,,,,,dspy_extracted,RWAY,2024-05-07,RWAY,2024-05-07
Vesta Payment Solutions Inc.,First Lien,Software & Technology,,,SOFR,7.00 %,9.00 %,2022-11-29,2026-11-15,25000,24889,24083,,,,,,,dspy_extracted,RWAY,2024-05-07,RWAY,2024-05-07
Turning Tech Intermediate Inc.,First Lien,Education,,,SOFR,8.50 %,9.00 %,2021-06-22,2025-12-14,25288,25809,25798,,,,,,,dspy_extracted,RWAY,2024-05-07,RWAY,2024-05-07
Brivo Inc.,First Lien,Software & Technology,,,SOFR,6.85 %,10.89 %,2022-10-20,2027-10-20,26293,26372,26753,,,,,,,dspy_extracted,RWAY,2024-05-07,RWAY,2024-05-07
Moximed Inc.,First Lien,Healthcare,,,Prime,5.25 %,8.75 %,2022-06-24,2027-07-01,15000,14957,15412,,,,,,,dspy_extracted,RWAY,2024-05-07,RWAY,2024-05-07
"EBR Systems, Inc.",First Lien,Healthcare,,,Prime,4.90 %,8.90 %,2022-06-30,2027-06-15,40000,,40385,,39625,,,,,dspy_extracted,RWAY,2024-05-07,RWAY,2024-05-07
"Mingle Healthcare Solutions, Inc.",First Lien,Healthcare,,,SOFR,9.75 %,12.26 %,2018-08-15,2026-12-15,4322,,3202,,4952,,,,,dspy_extracted,RWAY,2024-05-07,RWAY,2024-05-07
"Nalu Medical, Inc.",First Lien,Healthcare,,2.00 %,Prime,2.70 %,6.70 %,2022-10-12,2027-10-12,20586,,21381,,20554,,,,,dspy_extracted,RWAY,2024-05-07,RWAY,2024-05-07
"Route 92 Medical, Inc.",First Lien,Healthcare,,,SOFR,8.48 %,8.98 %,2021-08-17,2026-07-01,35000,,35396,,34414,,,,,dspy_extracted,RWAY,2024-05-07,RWAY,2024-05-07
SetPoint Medical Corp.,First Lien,Healthcare,,,SOFR,5.75 %,9.00 %,2022-12-29,2027-12-01,25000,,25702,,25069,,,,,dspy_extracted,RWAY,2024-05-07,RWAY,2024-05-07
"CloudPay, Inc.",First Lien,Business Services,,,Prime,6.25 %,10.25 %,2022-09-26,2027-08-17,75000,,75761,,75028,,,,,dspy_extracted,RWAY,2024-05-07,RWAY,2024-05-07
"Snagajob.com, Inc.",First Lien,Business Services,,8.50 %,SOFR,,9.00 %,2021-09-29,2025-09-01,42297,,35539,,42739,,,,,dspy_extracted,RWAY,2024-05-07,RWAY,2024-05-07
"Madison Reed, Inc.",First Lien,Consumer & Retail,,,Prime,4.75 %,11.00 %,2022-12-16,2026-12-16,15975,,15934,,15779,,,,,dspy_extracted,RWAY,2024-05-07,RWAY,2024-05-07
Marley Spoon SE,First Lien,Consumer & Retail,,1.25 %,SOFR,7.50 %,8.26 %,2021-06-30,2027-06-15,38051,,37850,,37939,,,,,dspy_extracted,RWAY,2024-05-07,RWAY,2024-05-07
"Bombora, Inc.",First Lien,Software & Technology,,3.25 %,SOFR,4.75 %,6.75 %,2023-12-26,2028-01-15,28203,,28104,,28104,,,,,dspy_extracted,RWAY,2024-05-07,RWAY,2024-05-07
"CarNow, Inc.",First Lien,Software & Technology,,,SOFR,7.25 %,11.75 %,2024-03-22,2029-03-22,20000,,17297,,17297,,,,,dspy_extracted,RWAY,2024-05-07,RWAY,2024-05-07
"Skillshare, Inc.",First Lien,Software & Technology,,,SOFR,6.50 %,10.72 %,2022-11-08,2026-11-08,30000,,29580,,29887,,,,,dspy_extracted,RWAY,2024-05-07,RWAY,2024-05-07
"Synack, Inc.",First Lien,Software & Technology,,,SOFR,7.00 %,11.07 %,2023-12-29,2028-12-29,40000,,39786,,39786,,,,,dspy_extracted,RWAY,2024-05-07,RWAY,2024-05-07
"Kin Insurance, Inc.",First Lien,Insurance,,,Prime,6.25 %,12.50 %,2022-09-26,2026-09-15,75000,,75437,,75144,,,,,dspy_extracted,RWAY,2024-05-07,RWAY,2024-05-07
3PL Central LLC,First Lien,Software & Technology,,2.50 %,SOFR,4.50 %,6.50 %,2022-11-09,2027-11-09,70841,,69633,,70614,,,,,dspy_extracted,RWAY,2024-05-07,RWAY,2024-05-07
"Linxup, LLC",First Lien,Software & Technology,,,Prime,3.25 %,11.75 %,2023-11-03,2027-11-15,30000,,29558,,29558,,,,,dspy_extracted,RWAY,2024-05-07,RWAY,2024-05-07
Dejero Labs Inc.,Second Lien,Software & Technology,,5.00 %,SOFR,5.00 %,5.50 %,2021-12-22,2025-12-22,14244,,14388,,14380,,,,,dspy_extracted,RWAY,2024-05-07,RWAY,2024-05-07
Minute Media Inc.,Preferred Equity,Media & Entertainment,,,N/A,,,2023-12-13,,1030,,120,,120,,,,,dspy_extracted,RWAY,2024-05-07,RWAY,2024-05-07
Minute Media Inc.,Common Equity,Media & Entertainment,,,N/A,,,2023-12-13,,134,,16,,16,,,,,dspy_extracted,RWAY,2024-05-07,RWAY,2024-05-07
"Aria Systems, Inc.",Preferred Equity,Software & Technology,,,N/A,,,2018-07-10,,289419,,127,,250,,,,,cost_suspicious_vs_size|dspy_extracted|fair_value_suspicious_vs_size,RWAY,2024-05-07,RWAY,2024-05-07
"FiscalNote, Inc.",Common Equity,Software & Technology,,,N/A,,,2020-10-19,,230881,,307,,438,,,,,cost_suspicious_vs_size|dspy_extracted|fair_value_suspicious_vs_size,RWAY,2024-05-07,RWAY,2024-05-07
"CareCloud, Inc.",Preferred Equity,Healthcare,11%,,N/A,,,2020-01-08,,462064,,2777,,12132,,,,,cost_suspicious_vs_size|dspy_extracted|fair_value_suspicious_vs_size,RWAY,2024-05-07,RWAY,2024-05-07
"Snagajob.com, Inc.",Other Debt,Business Services,,,N/A,,,2023-10-26,2026-12-31,1357,,1023,,1357,,,,,dspy_extracted,RWAY,2024-05-07,RWAY,2024-05-07
Marley Spoon SE,Common Equity,Consumer & Retail,,,N/A,,,2023-07-07,,46004,,170,,410,,,,,cost_suspicious_vs_size|dspy_extracted|fair_value_suspicious_vs_size,RWAY,2024-05-07,RWAY,2024-05-07
Quantum Corp.,Common Equity,Software & Technology,,,N/A,,,2021-08-13,,459720,,274,,2607,,,,,cost_suspicious_vs_size|dspy_extracted|fair_value_suspicious_vs_size,RWAY,2024-05-07,RWAY,2024-05-07
"zSpace, Inc.",Common Equity,Software & Technology,,,N/A,,,2020-12-31,,6078499,,,,1119,,,,,cost_suspicious_vs_size|dspy_extracted,RWAY,2024-05-07,RWAY,2024-05-07
3DNA Corp.,Warrants,Software & Technology,,,N/A,,,2018-12-28,2028-12-28,273164,,,,104,,,,,cost_suspicious_vs_size|dspy_extracted,RWAY,2024-05-07,RWAY,2024-05-07
"Aria Systems, Inc.",Warrants,Software & Technology,,,N/A,,,2018-06-29,2028-06-29,2387705,,1049,,1048,,,,,cost_suspicious_vs_size|dspy_extracted|fair_value_suspicious_vs_size,RWAY,2024-05-07,RWAY,2024-05-07
"Blueshift Labs, Inc.",Warrants,Software & Technology,,,N/A,,,2023-12-19,,,,168,,167,,,,,dspy_extracted,RWAY,2024-05-07,RWAY,2024-05-07
Circadence Corp.,Warrants,Software & Technology,,,N/A,,,2018-12-20,2028-12-20,1538462,,31,,3630,,,,,cost_suspicious_vs_size|dspy_extracted|fair_value_suspicious_vs_size,RWAY,2024-05-07,RWAY,2024-05-07
Circadence Corp.,Warrants,Software & Technology,,,N/A,,,2019-10-31,2029-10-31,384615,,8,,846,,,,,cost_suspicious_vs_size|dspy_extracted|fair_value_suspicious_vs_size,RWAY,2024-05-07,RWAY,2024-05-07
Circadence Corp.,Warrants,Software & Technology,,,N/A,,,2023-12-21,,,,290,,304,,,,,dspy_extracted,RWAY,2024-05-07,RWAY,2024-05-07
"Dtex Systems, Inc.",Warrants,Software & Technology,,,N/A,,,2018-06-01,2025-06-01,500000,,325,,59,,,,,cost_suspicious_vs_size|dspy_extracted|fair_value_suspicious_vs_size,RWAY,2024-05-07,RWAY,2024-05-07
"Dtex Systems, Inc.",Warrants,Software & Technology,,,N/A,,,2019-07-11,2026-07-11,833333,,541,,115,,,,,cost_suspicious_vs_size|dspy_extracted|fair_value_suspicious_vs_size,RWAY,2024-05-07,RWAY,2024-05-07
"FiscalNote, Inc.",Warrants,Software & Technology,,,N/A,,,2022-07-29,2027-07-29,,,20,,127,,,,,dspy_extracted,RWAY,2024-05-07,RWAY,2024-05-07
"Betterment Holdings, Inc.",Warrants,Financial Services,,,N/A,,,2023-10-06,2033-10-06,7680,,134,,35,,,,,cost_suspicious_vs_size|dspy_extracted|fair_value_suspicious_vs_size,RWAY,2024-05-07,RWAY,2024-05-07
"Betterment Holdings, Inc.",Warrants,Financial Services,,,N/A,,,2023-10-06,2033-10-06,9818,,10,,40,,,,,cost_suspicious_vs_size|dspy_extracted|fair_value_suspicious_vs_size,RWAY,2024-05-07,RWAY,2024-05-07
Mustang Bio Inc.,Warrants,Healthcare,,,N/A,,,2022-03-04,2032-03-04,,,28,,49869,,,,,dspy_extracted|fair_value_suspicious_vs_size,RWAY,2024-05-07,RWAY,2024-05-07
TRACON Pharmaceuticals Inc.,Warrants,Healthcare,,,N/A,,,2022-09-02,2032-09-02,,,40,,150753,,,,,dspy_extracted|fair_value_suspicious_vs_size,RWAY,2024-05-07,RWAY,2024-05-07
Massdrop Inc.,Warrants,Consumer & Retail,,,N/A,,,2019-07-22,2029-07-22,,,—,,848093,,,,,dspy_extracted,RWAY,2024-05-07,RWAY,2024-05-07
Elevate Services Inc.,Warrants,Business Services,,,N/A,,,2023-07-10,2033-07-10,,,379,,248997,,,,,dspy_extracted|fair_value_suspicious_vs_size,RWAY,2024-05-07,RWAY,2024-05-07
Interactions Corp.,Warrants,Business Services,,,N/A,,,2022-06-24,2032-06-24,,,17,,189408,,,,,dspy_extracted|fair_value_suspicious_vs_size,RWAY,2024-05-07,RWAY,2024-05-07
ShareThis Inc.,Warrants,Business Services,,,N/A,,,2018-12-03,2028-12-03,,,471,,647615,,,,,dspy_extracted|fair_value_suspicious_vs_size,RWAY,2024-05-07,RWAY,2024-05-07
Brivo Inc.,Warrants,Software & Technology,,,N/A,,,2022-10-20,2032-10-20,,,267,,201000,,,,,dspy_extracted|fair_value_suspicious_vs_size,RWAY,2024-05-07,RWAY,2024-05-07
Epic IO Technologies Inc.,Warrants,Software & Technology,,,N/A,,,2021-12-17,2028-12-17,,,419,,505,,,,,dspy_extracted,RWAY,2024-05-07,RWAY,2024-05-07
Moximed Inc.,Warrants,Healthcare,,,N/A,,,2022-06-24,2032-06-24,,,143,,214285,,,,,dspy_extracted|fair_value_suspicious_vs_size,RWAY,2024-05-07,RWAY,2024-05-07
Revelle Aesthetics Inc.,Warrants,Healthcare,,,N/A,,,2022-03-30,2032-03-30,,,32,,115591,,,,,dspy_extracted|fair_value_suspicious_vs_size,RWAY,2024-05-07,RWAY,2024-05-07
Allurion Technologies Inc.,Warrants,Healthcare,,,N/A,,,2021-03-30,2025-01-22,,,—,,132979,,,,,dspy_extracted,RWAY,2024-05-07,RWAY,2024-05-07
Allurion Technologies Inc.,Warrants,Healthcare,,,N/A,,,2023-08-02,2028-08-01,,,11,,—,,,,,dspy_extracted,RWAY,2024-05-07,RWAY,2024-05-07
EBR Systems Inc.,Warrants,Healthcare,,,N/A,,,2022-06-30,2032-06-30,,,707,,605,,,,,dspy_extracted,RWAY,2024-05-07,RWAY,2024-05-07
Mingle Healthcare Solutions Inc.,Warrants,Healthcare,,,N/A,,,2018-08-15,2028-08-15,,,—,,1770973,,,,,dspy_extracted,RWAY,2024-05-07,RWAY,2024-05-07
Nalu Medical Inc.,Warrants,Healthcare,,,N/A,,,2022-10-12,2032-10-12,,,100,,91717,,,,,dspy_extracted|fair_value_suspicious_vs_size,RWAY,2024-05-07,RWAY,2024-05-07
Route 92 Medical Inc.,Warrants,Healthcare,,,N/A,,,2021-08-17,2031-08-17,,,855,,835,,,,,dspy_extracted,RWAY,2024-05-07,RWAY,2024-05-07
SetPoint Medical Corp.,Warrants,Healthcare,,,N/A,,,2021-06-29,2031-06-29,,,212,,400000,,,,,dspy_extracted|fair_value_suspicious_vs_size,RWAY,2024-05-07,RWAY,2024-05-07
SetPoint Medical Corp.,Warrants,Healthcare,,,N/A,,,2022-12-29,2032-12-29,,,318,,600000,,,,,dspy_extracted|fair_value_suspicious_vs_size,RWAY,2024-05-07,RWAY,2024-05-07
VERO Biotech LLC,Warrants,Healthcare,,,N/A,,,2020-12-29,2025-12-29,,,388,,377,,,,,dspy_extracted,RWAY,2024-05-07,RWAY,2024-05-07
CloudPay Inc.,Warrants,Business Services,,,N/A,,,2020-06-30,2030-06-30,,,1160,,11273,,,,,dspy_extracted,RWAY,2024-05-07,RWAY,2024-05-07
CloudPay Inc.,Warrants,Business Services,,,N/A,,,2021-08-17,2031-08-17,,,123,,3502,,,,,dspy_extracted|fair_value_suspicious_vs_size,RWAY,2024-05-07,RWAY,2024-05-07
CloudPay Inc.,Warrants,Business Services,,,N/A,,,2022-09-26,2032-09-26,,,185,,5252,,,,,dspy_extracted|fair_value_suspicious_vs_size,RWAY,2024-05-07,RWAY,2024-05-07
Snagajob.com Inc.,Warrants,Business Services,,,N/A,,,2021-09-29,2031-09-29,,,—,,763269,,,,,dspy_extracted,RWAY,2024-05-07,RWAY,2024-05-07
Madison Reed Inc.,Warrants,Consumer & Retail,,,N/A,,,2022-12-16,,,,214,,209,,,,,dspy_extracted,RWAY,2024-05-07,RWAY,2024-05-07
Bombora Inc.,Warrants,Software & Technology,,,N/A,,,2021-03-31,2031-03-31,121581,,114,,175,,,,,cost_suspicious_vs_size|dspy_extracted|fair_value_suspicious_vs_size,RWAY,2024-05-07,RWAY,2024-05-07
Bombora Inc.,Warrants,Software & Technology,,,N/A,,,2023-12-26,2033-12-26,48632,,46,,43,,,,,cost_suspicious_vs_size|dspy_extracted|fair_value_suspicious_vs_size,RWAY,2024-05-07,RWAY,2024-05-07
CarNow Inc.,Warrants,Software & Technology,,,N/A,,,2024-03-22,2034-03-22,200000,,2400,,2400,,,,,cost_suspicious_vs_size|dspy_extracted|fair_value_suspicious_vs_size,RWAY,2024-05-07,RWAY,2024-05-07
INRIX Inc.,Warrants,Software & Technology,,,N/A,,,2019-07-26,2029-07-26,150804,,684,,522,,,,,cost_suspicious_vs_size|dspy_extracted|fair_value_suspicious_vs_size,RWAY,2024-05-07,RWAY,2024-05-07
Longtail Ad Solutions Inc.,Warrants,Software & Technology,,,N/A,,,2019-12-12,2029-12-12,387596,,320,,47,,,,,cost_suspicious_vs_size|dspy_extracted|fair_value_suspicious_vs_size,RWAY,2024-05-07,RWAY,2024-05-07
Skillshare Inc.,Warrants,Software & Technology,,,N/A,,,2022-11-08,,,,422,,301,,,,,dspy_extracted,RWAY,2024-05-07,RWAY,2024-05-07
Synack Inc.,Warrants,Software & Technology,,,N/A,,,2023-12-29,2032-06-30,116908,,174,,147,,,,,cost_suspicious_vs_size|dspy_extracted|fair_value_suspicious_vs_size,RWAY,2024-05-07,RWAY,2024-05-07
Kin Insurance Inc.,Warrants,Insurance,,,N/A,,,2022-09-26,2032-09-26,41576,,385,,302,,,,,cost_suspicious_vs_size|dspy_extracted|fair_value_suspicious_vs_size,RWAY,2024-05-07,RWAY,2024-05-07
Kin Insurance Inc.,Warrants,Insurance,,,N/A,,,2023-05-05,2032-09-26,11549,,107,,69,,,,,cost_suspicious_vs_size|dspy_extracted|fair_value_suspicious_vs_size,RWAY,2024-05-07,RWAY,2024-05-07
Kin Insurance Inc.,Warrants,Insurance,,,N/A,,,2023-08-25,2032-09-26,9239,,86,,55,,,,,cost_suspicious_vs_size|dspy_extracted|fair_value_suspicious_vs_size,RWAY,2024-05-07,RWAY,2024-05-07
AllClear ID Inc.,Warrants,Business Services,,,N/A,,,2017-08-31,2027-08-31,523893,,,,1053,,,,,cost_suspicious_vs_size|dspy_extracted,RWAY,2024-05-07,RWAY,2024-05-07
AllClear ID Inc.,Warrants,Business Services,,,N/A,,,2018-10-17,2027-08-31,346621,,,,697,,,,,cost_suspicious_vs_size|dspy_extracted,RWAY,2024-05-07,RWAY,2024-05-07
Credit Sesame Inc.,Warrants,Business Services,,,N/A,,,2020-01-07,2030-01-07,191601,,365,,425,,,,,cost_suspicious_vs_size|dspy_extracted|fair_value_suspicious_vs_size,RWAY,2024-05-07,RWAY,2024-05-07
Dejero Labs Inc.,Warrants,Software & Technology,,,N/A,,,2019-05-31,2029-05-31,333621,,234,,192,,,,,cost_suspicious_vs_size|dspy_extracted|fair_value_suspicious_vs_size,RWAY,2024-05-07,RWAY,2024-05-07
Linxup LLC,Warrants,Software & Technology,,,N/A,,,2023-11-03,2033-11-03,,,329,,253,,,,,dspy_extracted,RWAY,2024-05-07,RWAY,2024-05-07
Scale Computing Inc.,Warrants,Software & Technology,,,N/A,,,2019-03-29,2029-03-29,9665667,,,,346,,,,,cost_suspicious_vs_size|dspy_extracted,RWAY,2024-05-07,RWAY,2024-05-07
RealWear Inc.,Warrants,Software & Technology,,,N/A,,,2018-10-05,2028-10-05,112451,,158,,136,,,,,cost_suspicious_vs_size|dspy_extracted|fair_value_suspicious_vs_size,RWAY,2024-05-07,RWAY,2024-05-07
RealWear Inc.,Warrants,Software & Technology,,,N/A,,,2018-12-28,2028-12-28,22491,,31,,25,,,,,cost_suspicious_vs_size|dspy_extracted|fair_value_suspicious_vs_size,RWAY,2024-05-07,RWAY,2024-05-07
RealWear Inc.,Warrants,Software & Technology,,,N/A,,,2019-06-27,2029-06-27,123894,,174,,381,,,,,cost_suspicious_vs_size|dspy_extracted|fair_value_suspicious_vs_size,RWAY,2024-05-07,RWAY,2024-05-07
"Blueshift Labs, Inc.",Other Debt,Software & Technology,6.25%,2.00%,SOFR,6.25 %,11.25%,2023-12-19,2028-12-15,25500,25083,25083,,25500,,,,,dspy_extracted,RWAY,2024-05-07,RWAY,2024-05-07
Circadence Corp.,Other Debt,Software & Technology,,,SOFR,9.50 %,12.26%,2018-12-20,2024-03-15,23147,24281,19028,,23147,,,,,dspy_extracted,RWAY,2024-05-07,RWAY,2024-05-07
"FiscalNote, Inc.",Other Debt,Software & Technology,,1.00%,Prime,5.00 %,9.00%,2020-10-19,2027-07-15,65916,65868,64615,,65916,,,,,dspy_extracted,RWAY,2024-05-07,RWAY,2024-05-07
"VTX Intermediate Holdings, Inc.",Other Debt,Software & Technology,,,SOFR,9.00 %,9.50%,2021-12-28,2026-12-28,87971,88747,87814,,87971,,,,,dspy_extracted,RWAY,2024-05-07,RWAY,2024-05-07
"Betterment Holdings, Inc.",Other Debt,Financial Services,,,Prime,4.50 %,8.50%,2023-10-06,2027-10-06,8000,7888,7860,,8000,,,,,dspy_extracted,RWAY,2024-05-07,RWAY,2024-05-07
"Elevate Services, Inc.",Other Debt,Software & Technology,,,SOFR,7.50 %,12.78%,2023-07-10,2027-07-10,20000,19424,19424,,20000,,,,,dspy_extracted,RWAY,2024-05-07,RWAY,2024-05-07
Interactions Corp.,Other Debt,Software & Technology,,,SOFR,9.26 %,9.76%,2022-06-24,2027-06-15,40000,39907,39945,,40000,,,,,dspy_extracted,RWAY,2024-05-07,RWAY,2024-05-07
"ShareThis, Inc.",Other Debt,Software & Technology,,,SOFR,9.25 %,11.86%,2018-12-03,2024-09-30,19950,20503,19895,,19950,,,,,dspy_extracted,RWAY,2024-05-07,RWAY,2024-05-07
"ShareThis, Inc.",Other Debt,Software & Technology,,,SOFR,8.25 %,10.86%,2020-08-18,2024-09-30,950,978,947,,950,,,,,dspy_extracted,RWAY,2024-05-07,RWAY,2024-05-07
"Vesta Payment Solutions, Inc.",Other Debt,Software & Technology,,,SOFR,7.00 %,9.00%,2022-11-29,2026-11-15,25000,24769,24370,,25000,,,,,dspy_extracted,RWAY,2024-05-07,RWAY,2024-05-07
"Turning Tech Intermediate, Inc.",Other Debt,Education,,,SOFR,8.50 %,9.00%,2021-06-22,2025-12-14,25218,25702,25796,,25218,,,,,dspy_extracted,RWAY,2024-05-07,RWAY,2024-05-07
"Brivo, Inc.",Other Debt,Software & Technology,,,SOFR,6.85 %,10.89%,2022-10-20,2027-10-20,26293,26323,26790,,26293,,,,,dspy_extracted,RWAY,2024-05-07,RWAY,2024-05-07
"Moximed, Inc.",Other Debt,Healthcare,,,Prime,5.25 %,8.75%,2022-06-24,2027-07-01,15000,14919,15284,,15000,,,,,dspy_extracted,RWAY,2024-05-07,RWAY,2024-05-07
"EBR Systems, Inc.",Other Debt,Healthcare,,,Prime,4.90 %,8.90%,2022-06-30,2027-06-15,40000,39496,40337,,40000,,,,,dspy_extracted,RWAY,2024-05-07,RWAY,2024-05-07
"Mingle Healthcare Solutions, Inc.",Other Debt,Healthcare,,,SOFR,9.75 %,12.26%,2018-08-15,2026-12-15,4322,4952,3791,,4322,,,,,dspy_extracted,RWAY,2024-05-07,RWAY,2024-05-07
"Nalu Medical, Inc.",Other Debt,Healthcare,,2.00%,Prime,2.70 %,6.70%,2022-10-12,2027-10-12,20482,20395,21191,,20482,,,,,dspy_extracted,RWAY,2024-05-07,RWAY,2024-05-07
"Route 92 Medical, Inc.",Other Debt,Healthcare,,,SOFR,8.48 %,8.98%,2021-08-17,2026-07-01,35000,34239,35435,,35000,,,,,dspy_extracted,RWAY,2024-05-07,RWAY,2024-05-07
SetPoint Medical Corp.,Other Debt,Healthcare,,,SOFR,5.75 %,9.00%,2022-12-29,2027-12-01,25000,25014,25450,,25000,,,,,dspy_extracted,RWAY,2024-05-07,RWAY,2024-05-07
CloudPay Inc.,First Lien,Business Services,,,Prime,6.25 %,10.25 %,2022-09-26,2027-08-17,75000,,75465,,74939,,,,,dspy_extracted,RWAY,2024-05-07,RWAY,2024-05-07
Snagajob.com Inc.,First Lien,Business Services,,8.50 %,SOFR,,9.00 %,2021-09-29,2025-09-01,40825,,36541,,41170,,,,,dspy_extracted,RWAY,2024-05-07,RWAY,2024-05-07
Madison Reed Inc.,First Lien,Consumer & Retail,,,Prime,4.75 %,11.00 %,2022-12-16,2026-12-16,10913,,10847,,10784,,,,,dspy_extracted,RWAY,2024-05-07,RWAY,2024-05-07
Marley Spoon SE,First Lien,Consumer & Retail,,1.25 %,SOFR,7.50 %,8.26 %,2021-06-30,2026-06-15,44983,,44462,,44836,,,,,dspy_extracted,RWAY,2024-05-07,RWAY,2024-05-07
Bombora Inc.,First Lien,Software & Technology,,3.25 %,SOFR,4.75 %,6.75 %,2023-12-26,2028-01-15,28000,,27879,,27879,,,,,dspy_extracted,RWAY,2024-05-07,RWAY,2024-05-07
Skillshare Inc.,First Lien,Software & Technology,,,SOFR,6.50 %,10.72 %,2022-11-08,2026-11-08,30000,,29183,,29765,,,,,dspy_extracted,RWAY,2024-05-07,RWAY,2024-05-07
Synack Inc.,First Lien,Software & Technology,,,SOFR,7.00 %,11.07 %,2023-12-29,2028-12-29,40000,,39758,,39758,,,,,dspy_extracted,RWAY,2024-05-07,RWAY,2024-05-07
Kin Insurance Inc.,First Lien,Insurance,,,Prime,6.25 %,12.50 %,2022-09-26,2026-09-15,75000,,74767,,74877,,,,,dspy_extracted,RWAY,2024-05-07,RWAY,2024-05-07
3PL Central LLC,First Lien,Software & Technology,,2.50 %,SOFR,4.50 %,6.50 %,2022-11-09,2027-11-09,70395,,69066,,70064,,,,,dspy_extracted,RWAY,2024-05-07,RWAY,2024-05-07
Linxup LLC,First Lien,Software & Technology,,,Prime,3.25 %,11.75 %,2023-11-03,2027-11-15,30000,,29490,,29490,,,,,dspy_extracted,RWAY,2024-05-07,RWAY,2024-05-07
Dejero Labs Inc.,Second Lien,Software & Technology,,2.00 %,SOFR,8.00 %,8.50 %,2021-12-22,2025-12-22,14172,,14399,,14278,,,,,dspy_extracted,RWAY,2024-05-07,RWAY,2024-05-07
"FiscalNote, Inc.",Common Equity,Software & Technology,,,N/A,,,2020-10-19,,230881,,263,,438,,,,,cost_suspicious_vs_size|dspy_extracted|fair_value_suspicious_vs_size,RWAY,2024-05-07,RWAY,2024-05-07
"CareCloud, Inc.",Preferred Equity,Healthcare,11%,,N/A,,,2020-01-08,,462064,,3553,,12132,,,,,cost_suspicious_vs_size|dspy_extracted|fair_value_suspicious_vs_size,RWAY,2024-05-07,RWAY,2024-05-07
"Snagajob.com, Inc.",Other Debt,Business Services,,,N/A,,,2023-10-26,2026-12-31,1357,,1357,,1357,,,,,dspy_extracted,RWAY,2024-05-07,RWAY,2024-05-07
Marley Spoon SE,Common Equity,Consumer & Retail,,,N/A,,,2023-07-07,,46004,,125,,410,,,,,cost_suspicious_vs_size|dspy_extracted|fair_value_suspicious_vs_size,RWAY,2024-05-07,RWAY,2024-05-07
Quantum Corp.,Common Equity,Software & Technology,,,N/A,,,2021-08-13,,459720,,160,,2607,,,,,cost_suspicious_vs_size|dspy_extracted|fair_value_suspicious_vs_size,RWAY,2024-05-07,RWAY,2024-05-07
"Aria Systems, Inc.",Warrants,Software & Technology,,,N/A,,,2018-06-29,2028-06-29,2387705,,1048,,1048,,,,,cost_suspicious_vs_size|dspy_extracted|fair_value_suspicious_vs_size,RWAY,2024-05-07,RWAY,2024-05-07
"Blueshift Labs, Inc.",Warrants,Software & Technology,,,N/A,,,2023-12-19,,,,167,,167,,,,,dspy_extracted,RWAY,2024-05-07,RWAY,2024-05-07
Circadence Corp.,Warrants,Software & Technology,,,N/A,,,2018-12-20,2028-12-20,1538462,,48,,3630,,,,,cost_suspicious_vs_size|dspy_extracted|fair_value_suspicious_vs_size,RWAY,2024-05-07,RWAY,2024-05-07
Circadence Corp.,Warrants,Software & Technology,,,N/A,,,2019-10-31,2029-10-31,384615,,12,,846,,,,,cost_suspicious_vs_size|dspy_extracted|fair_value_suspicious_vs_size,RWAY,2024-05-07,RWAY,2024-05-07
Circadence Corp.,Warrants,Software & Technology,,,N/A,,,2023-12-21,,,,283,,304,,,,,dspy_extracted,RWAY,2024-05-07,RWAY,2024-05-07
"Dtex Systems, Inc.",Warrants,Software & Technology,,,N/A,,,2018-06-01,2025-06-01,500000,,233,,59,,,,,cost_suspicious_vs_size|dspy_extracted|fair_value_suspicious_vs_size,RWAY,2024-05-07,RWAY,2024-05-07
"Dtex Systems, Inc.",Warrants,Software & Technology,,,N/A,,,2019-07-11,2026-07-11,833333,,389,,115,,,,,cost_suspicious_vs_size|dspy_extracted|fair_value_suspicious_vs_size,RWAY,2024-05-07,RWAY,2024-05-07
"FiscalNote, Inc.",Warrants,Software & Technology,,,N/A,,,2022-07-29,2027-07-29,,,16,,127,,,,,dspy_extracted,RWAY,2024-05-07,RWAY,2024-05-07
"Betterment Holdings, Inc.",Warrants,Financial Services,,,N/A,,,2023-10-06,2033-10-06,7680,,146,,35,,,,,cost_suspicious_vs_size|dspy_extracted|fair_value_suspicious_vs_size,RWAY,2024-05-07,RWAY,2024-05-07
"Betterment Holdings, Inc.",Warrants,Financial Services,,,N/A,,,2023-10-06,2033-10-06,9818,,15,,40,,,,,cost_suspicious_vs_size|dspy_extracted|fair_value_suspicious_vs_size,RWAY,2024-05-07,RWAY,2024-05-07
"Mustang Bio, Inc.",Warrants,Healthcare,,,N/A,,,2022-03-04,2032-03-04,748036,,39,,315,,,,,cost_suspicious_vs_size|dspy_extracted|fair_value_suspicious_vs_size,RWAY,2024-05-07,RWAY,2024-05-07
"TRACON Pharmaceuticals, Inc.",Warrants,Healthcare,,,N/A,,,2022-09-02,2032-09-02,150753,,12,,226,,,,,cost_suspicious_vs_size|dspy_extracted|fair_value_suspicious_vs_size,RWAY,2024-05-07,RWAY,2024-05-07
"Massdrop, Inc.",Warrants,Consumer & Retail,,,N/A,,,2019-07-22,2029-07-22,848093,,,,183,,,,,cost_suspicious_vs_size|dspy_extracted,RWAY,2024-05-07,RWAY,2024-05-07
"Elevate Services, Inc.",Warrants,Software & Technology,,,N/A,,,2023-07-10,2033-07-10,248997,,384,,447,,,,,cost_suspicious_vs_size|dspy_extracted|fair_value_suspicious_vs_size,RWAY,2024-05-07,RWAY,2024-05-07
Interactions Corp.,Warrants,Software & Technology,,,N/A,,,2022-06-24,2032-06-24,189408,,67,,219,,,,,cost_suspicious_vs_size|dspy_extracted|fair_value_suspicious_vs_size,RWAY,2024-05-07,RWAY,2024-05-07
"ShareThis, Inc.",Warrants,Software & Technology,,,N/A,,,2018-12-03,2028-12-03,647615,,803,,2162,,,,,cost_suspicious_vs_size|dspy_extracted|fair_value_suspicious_vs_size,RWAY,2024-05-07,RWAY,2024-05-07
"Brivo, Inc.",Warrants,Software & Technology,,,N/A,,,2022-10-20,2032-10-20,201000,,322,,98,,,,,cost_suspicious_vs_size|dspy_extracted|fair_value_suspicious_vs_size,RWAY,2024-05-07,RWAY,2024-05-07
"Epic IO Technologies, Inc.",Warrants,Software & Technology,,,N/A,,,2021-12-17,2028-12-17,,,423,,505,,,,,dspy_extracted,RWAY,2024-05-07,RWAY,2024-05-07
"Moximed, Inc.",Warrants,Healthcare,,,N/A,,,2022-06-24,2032-06-24,214285,,138,,175,,,,,cost_suspicious_vs_size|dspy_extracted|fair_value_suspicious_vs_size,RWAY,2024-05-07,RWAY,2024-05-07
"Revelle Aesthetics, Inc.",Warrants,Healthcare,,,N/A,,,2022-03-30,2032-03-30,115591,,102,,126,,,,,cost_suspicious_vs_size|dspy_extracted|fair_value_suspicious_vs_size,RWAY,2024-05-07,RWAY,2024-05-07
"Allurion Technologies, Inc.",Warrants,Healthcare,,,N/A,,,2021-03-30,2025-01-22,132979,,15,,282,,,,,cost_suspicious_vs_size|dspy_extracted|fair_value_suspicious_vs_size,RWAY,2024-05-07,RWAY,2024-05-07
"Allurion Technologies, Inc.",Warrants,Healthcare,,,N/A,,,2022-06-14,2025-01-22,46256,,,,141,,,,,cost_suspicious_vs_size|dspy_extracted,RWAY,2024-05-07,RWAY,2024-05-07
"Allurion Technologies, Inc.",Warrants,Healthcare,,,N/A,,,2023-08-02,2028-08-01,,,77,,,,,,,dspy_extracted,RWAY,2024-05-07,RWAY,2024-05-07
"EBR Systems, Inc.",Warrants,Healthcare,,,N/A,,,2022-06-30,2032-06-30,,,690,,605,,,,,dspy_extracted,RWAY,2024-05-07,RWAY,2024-05-07
"Mingle Healthcare Solutions, Inc.",Warrants,Healthcare,,,N/A,,,2018-08-15,2028-08-15,1770973,,,,492,,,,,cost_suspicious_vs_size|dspy_extracted,RWAY,2024-05-07,RWAY,2024-05-07
"Nalu Medical, Inc.",Warrants,Healthcare,,,N/A,,,2022-10-12,2032-10-12,91717,,99,,173,,,,,cost_suspicious_vs_size|dspy_extracted|fair_value_suspicious_vs_size,RWAY,2024-05-07,RWAY,2024-05-07
"Route 92 Medical, Inc.",Warrants,Healthcare,,,N/A,,,2021-08-17,2031-08-17,,,897,,835,,,,,dspy_extracted,RWAY,2024-05-07,RWAY,2024-05-07
SetPoint Medical Corp.,Warrants,Healthcare,,,N/A,,,2021-06-29,2031-06-29,400000,,133,,14,,,,,cost_suspicious_vs_size|dspy_extracted|fair_value_suspicious_vs_size,RWAY,2024-05-07,RWAY,2024-05-07
SetPoint Medical Corp.,Warrants,Healthcare,,,N/A,,,2022-12-29,2032-12-29,600000,,199,,74,,,,,cost_suspicious_vs_size|dspy_extracted|fair_value_suspicious_vs_size,RWAY,2024-05-07,RWAY,2024-05-07
VERO Biotech LLC,Warrants,Healthcare,,,N/A,,,2020-12-29,2025-12-29,,,396,,377,,,,,dspy_extracted,RWAY,2024-05-07,RWAY,2024-05-07
"CloudPay, Inc.",Warrants,Business Services,,,N/A,,,2020-06-30,2030-06-30,11273,,1001,,218,,,,,cost_suspicious_vs_size|dspy_extracted,RWAY,2024-05-07,RWAY,2024-05-07
"CloudPay, Inc.",Warrants,Business Services,,,N/A,,,2021-08-17,2031-08-17,3502,,95,,52,,,,,cost_suspicious_vs_size|dspy_extracted|fair_value_suspicious_vs_size,RWAY,2024-05-07,RWAY,2024-05-07
"CloudPay, Inc.",Warrants,Business Services,,,N/A,,,2022-09-26,2032-09-26,5252,,143,,176,,,,,cost_suspicious_vs_size|dspy_extracted|fair_value_suspicious_vs_size,RWAY,2024-05-07,RWAY,2024-05-07
"Snagajob.com, Inc.",Warrants,Business Services,,,N/A,,,2021-09-29,2031-09-29,763269,,,,343,,,,,cost_suspicious_vs_size|dspy_extracted,RWAY,2024-05-07,RWAY,2024-05-07
Madison Reed Inc.,Warrants,Consumer & Retail,,,N/A,,,2022-12-16,,,,154,,143,,,,,dspy_extracted,RWAY,2024-05-07,RWAY,2024-05-07
Bombora Inc.,Warrants,Software & Technology,,,N/A,,,2021-03-31,2031-03-31,121581,,104,,174,,,,,cost_suspicious_vs_size|dspy_extracted|fair_value_suspicious_vs_size,RWAY,2024-05-07,RWAY,2024-05-07
Bombora Inc.,Warrants,Software & Technology,,,N/A,,,2023-12-26,2033-12-26,48632,,41,,43,,,,,cost_suspicious_vs_size|dspy_extracted|fair_value_suspicious_vs_size,RWAY,2024-05-07,RWAY,2024-05-07
INRIX Inc.,Warrants,Software & Technology,,,N/A,,,2019-07-26,2029-07-26,150804,,735,,522,,,,,cost_suspicious_vs_size|dspy_extracted|fair_value_suspicious_vs_size,RWAY,2024-05-07,RWAY,2024-05-07
Longtail Ad Solutions Inc.,Warrants,Software & Technology,,,N/A,,,2019-12-12,2029-12-12,387596,,321,,47,,,,,cost_suspicious_vs_size|dspy_extracted|fair_value_suspicious_vs_size,RWAY,2024-05-07,RWAY,2024-05-07
Skillshare Inc.,Warrants,Software & Technology,,,N/A,,,2022-11-08,2026-11-08,,,294,,301,,,,,dspy_extracted,RWAY,2024-05-07,RWAY,2024-05-07
Synack Inc.,Warrants,Software & Technology,,,N/A,,,2023-12-29,2032-06-30,116908,,147,,147,,,,,cost_suspicious_vs_size|dspy_extracted|fair_value_suspicious_vs_size,RWAY,2024-05-07,RWAY,2024-05-07
Kin Insurance Inc.,Warrants,Insurance,,,N/A,,,2022-09-26,2032-09-26,41576,,292,,302,,,,,cost_suspicious_vs_size|dspy_extracted|fair_value_suspicious_vs_size,RWAY,2024-05-07,RWAY,2024-05-07
Kin Insurance Inc.,Warrants,Insurance,,,N/A,,,2023-05-05,2032-09-26,11549,,81,,69,,,,,cost_suspicious_vs_size|dspy_extracted|fair_value_suspicious_vs_size,RWAY,2024-05-07,RWAY,2024-05-07
Kin Insurance Inc.,Warrants,Insurance,,,N/A,,,2023-08-25,2032-09-26,9239,,65,,55,,,,,cost_suspicious_vs_size|dspy_extracted|fair_value_suspicious_vs_size,RWAY,2024-05-07,RWAY,2024-05-07
Credit Sesame Inc.,Warrants,Business Services,,,N/A,,,2020-01-07,2030-01-07,191601,,373,,425,,,,,cost_suspicious_vs_size|dspy_extracted|fair_value_suspicious_vs_size,RWAY,2024-05-07,RWAY,2024-05-07
Dejero Labs Inc.,Warrants,Software & Technology,,,N/A,,,2019-05-31,2029-05-31,333621,,268,,192,,,,,cost_suspicious_vs_size|dspy_extracted|fair_value_suspicious_vs_size,RWAY,2024-05-07,RWAY,2024-05-07
Linxup LLC,Warrants,Software & Technology,,,N/A,,,2023-11-03,2033-11-03,,,294,,253,,,,,dspy_extracted,RWAY,2024-05-07,RWAY,2024-05-07
RealWear Inc.,Warrants,Software & Technology,,,N/A,,,2018-10-05,2028-10-05,112451,,178,,136,,,,,cost_suspicious_vs_size|dspy_extracted|fair_value_suspicious_vs_size,RWAY,2024-05-07,RWAY,2024-05-07
RealWear Inc.,Warrants,Software & Technology,,,N/A,,,2018-12-28,2028-12-28,22491,,36,,25,,,,,cost_suspicious_vs_size|dspy_extracted|fair_value_suspicious_vs_size,RWAY,2024-05-07,RWAY,2024-05-07
RealWear Inc.,Warrants,Software & Technology,,,N/A,,,2019-06-27,2029-06-27,123894,,196,,381,,,,,cost_suspicious_vs_size|dspy_extracted|fair_value_suspicious_vs_size,RWAY,2024-05-07,RWAY,2024-05-07
Gynesonics Inc.,First Lien,,8.75%,,SOFR,8.75 %,,,2026-11-30,,,23656,,,,,,,dspy_extracted,RWAY,2024-05-07,RWAY,2024-05-07
Coginiti Corp.,Common Equity,,,,N/A,,,,,,,124,,,,,,,dspy_extracted,RWAY,2024-05-07,RWAY,2024-05-07
Gynesonics Inc.,Preferred Equity,,,,N/A,,,,,,,21246,,,,,,,dspy_extracted,RWAY,2024-05-07,RWAY,2024-05-07
Gynesonics Inc.,Preferred Equity,,,,N/A,,,,,,,4540,,,,,,,dspy_extracted,RWAY,2024-05-07,RWAY,2024-05-07
Coginiti Corp.,Warrants,,,,N/A,,,,,,,95,,,,,,,dspy_extracted,RWAY,2024-05-07,RWAY,2024-05-07
Gynesonics Inc.,Warrants,,,,N/A,,,,,,,324,,,,,,,dspy_extracted,RWAY,2024-05-07,RWAY,2024-05-07
Pivot3 Inc.,Common Equity,,,,N/A,,,,,,,950,,,,,,,dspy_extracted,RWAY,2024-05-07,RWAY,2024-05-07
"Airship Group, Inc.",First Lien,Software & Technology,,3.00 %,SOFR,3.75 %,9.08 %,2024-06-28,2028-06-15,58400,57321,57321,,57321,,,,,dspy_extracted,RWAY,2024-08-08,RWAY,2024-08-08
"Blueshift Labs, Inc.",First Lien,Software & Technology,,2.00 %,SOFR,6.25 %,11.25 %,2023-12-19,2028-12-15,25755,25407,24698,,25407,,,,,dspy_extracted,RWAY,2024-08-08,RWAY,2024-08-08
Circadence Corp.,First Lien,Software & Technology,,,SOFR,9.50 %,12.26 %,2018-12-20,2025-12-15,23752,25102,19534,,25102,,,,,dspy_extracted,RWAY,2024-08-08,RWAY,2024-08-08
"FiscalNote, Inc.",First Lien,Software & Technology,,1.00 %,Prime,5.00 %,9.00 %,2020-10-19,2027-07-15,38797,40592,38181,,40592,,,,,dspy_extracted,RWAY,2024-08-08,RWAY,2024-08-08
"VTX Intermediate Holdings, Inc.",First Lien,Software & Technology,,,SOFR,9.00 %,9.50 %,2021-12-28,2026-12-28,90044,91239,89596,,91239,,,,,dspy_extracted,RWAY,2024-08-08,RWAY,2024-08-08
"Betterment Holdings, Inc.",First Lien,Financial Services,,,Prime,4.50 %,8.50 %,2023-10-06,2027-10-06,8000,7899,8078,,7899,,,,,dspy_extracted,RWAY,2024-08-08,RWAY,2024-08-08
"Elevate Services, Inc.",First Lien,Software & Technology,,,SOFR,7.50 %,12.78 %,2023-07-10,2027-07-10,20000,19503,19811,,19503,,,,,dspy_extracted,RWAY,2024-08-08,RWAY,2024-08-08
Interactions Corp.,First Lien,Software & Technology,,,SOFR,9.26 %,9.76 %,2022-06-24,2027-06-15,40000,40124,39853,,40124,,,,,dspy_extracted,RWAY,2024-08-08,RWAY,2024-08-08
"ShareThis, Inc.",First Lien,Software & Technology,,,SOFR,9.25 %,11.86 %,2018-12-03,2024-09-30,18284,18887,18520,,18887,,,,,dspy_extracted,RWAY,2024-08-08,RWAY,2024-08-08
"ShareThis, Inc.",First Lien,Software & Technology,,,SOFR,8.25 %,10.86 %,2020-08-18,2024-09-30,871,900,882,,900,,,,,dspy_extracted,RWAY,2024-08-08,RWAY,2024-08-08
"Vesta Payment Solutions, Inc.",First Lien,Software & Technology,,,SOFR,7.00 %,9.00 %,2022-11-29,2026-11-15,25000,25090,23837,,25090,,,,,dspy_extracted,RWAY,2024-08-08,RWAY,2024-08-08
"Brivo, Inc.",First Lien,Software & Technology,,,SOFR,6.85 %,10.89 %,2022-10-20,2027-10-20,26293,26423,26722,,26423,,,,,dspy_extracted,RWAY,2024-08-08,RWAY,2024-08-08
"Moximed, Inc.",First Lien,Healthcare,,,Prime,5.25 %,8.75 %,2022-06-24,2027-07-01,15000,14997,15434,,14997,,,,,dspy_extracted,RWAY,2024-08-08,RWAY,2024-08-08
EBR Systems Inc.,First Lien,Healthcare,8.90 %,,Prime,4.90 %,8.90 %,2022-06-30,2027-06-15,40000,,40299,,39759,,,,,dspy_extracted,RWAY,2024-08-08,RWAY,2024-08-08
Mingle Healthcare Solutions Inc.,First Lien,Healthcare,12.26 %,,SOFR,9.75 %,12.26 %,2018-08-15,2026-12-15,4322,,3092,,4952,,,,,dspy_extracted,RWAY,2024-08-08,RWAY,2024-08-08
Nalu Medical Inc.,First Lien,Healthcare,6.70 %,2.00 %,Prime,2.70 %,6.70 %,2022-10-12,2027-10-12,20691,,21535,,20717,,,,,dspy_extracted,RWAY,2024-08-08,RWAY,2024-08-08
Onward Medical N.V.,First Lien,Healthcare,10.75 %,,SOFR,6.50 %,10.75 %,2024-06-28,2028-06-15,17088,,16579,,16579,,,,,dspy_extracted,RWAY,2024-08-08,RWAY,2024-08-08
Route 92 Medical Inc.,First Lien,Healthcare,8.98 %,,SOFR,8.48 %,8.98 %,2021-08-17,2026-07-01,35000,,35277,,34598,,,,,dspy_extracted,RWAY,2024-08-08,RWAY,2024-08-08
SetPoint Medical Corp.,First Lien,Healthcare,9.00 %,,SOFR,5.75 %,9.00 %,2022-12-29,2027-12-01,25000,,25813,,25125,,,,,dspy_extracted,RWAY,2024-08-08,RWAY,2024-08-08
CloudPay Inc.,First Lien,Business Services,10.25 %,,Prime,6.25 %,10.25 %,2022-09-26,2027-08-17,75000,,77297,,75119,,,,,dspy_extracted,RWAY,2024-08-08,RWAY,2024-08-08
Snagajob.com Inc.,First Lien,Business Services,9.00 %,8.50 %,SOFR,,9.00 %,2021-09-29,2025-09-01,42297,,30033,,42739,,,,,dspy_extracted,RWAY,2024-08-08,RWAY,2024-08-08
Madison Reed Inc.,First Lien,Consumer & Retail,11.00 %,,Prime,4.75 %,11.00 %,2022-12-16,2026-12-16,16067,,15967,,15921,,,,,dspy_extracted,RWAY,2024-08-08,RWAY,2024-08-08
Marley Spoon SE,First Lien,Consumer & Retail,8.26 %,1.25 %,SOFR,7.50 %,8.26 %,2021-06-30,2027-06-15,38173,,37466,,38100,,,,,dspy_extracted,RWAY,2024-08-08,RWAY,2024-08-08
Bombora Inc.,First Lien,Software & Technology,6.75 %,3.25 %,SOFR,4.75 %,6.75 %,2023-12-26,2028-01-15,28438,,28345,,28362,,,,,dspy_extracted,RWAY,2024-08-08,RWAY,2024-08-08
CarNow Inc.,First Lien,Software & Technology,11.75 %,,SOFR,7.25 %,11.75 %,2024-03-22,2029-03-22,20000,,17454,,17454,,,,,dspy_extracted,RWAY,2024-08-08,RWAY,2024-08-08
Skillshare Inc.,First Lien,Software & Technology,10.72 %,,SOFR,6.50 %,10.72 %,2022-11-08,2026-11-08,30000,,29651,,30015,,,,,dspy_extracted,RWAY,2024-08-08,RWAY,2024-08-08
Synack Inc.,First Lien,Software & Technology,11.07 %,,SOFR,7.00 %,11.07 %,2023-12-29,2028-12-29,40000,,39801,,39816,,,,,dspy_extracted,RWAY,2024-08-08,RWAY,2024-08-08
Kin Insurance Inc.,First Lien,Insurance,12.50 %,,Prime,6.25 %,12.50 %,2022-09-26,2026-09-15,75000,,75598,,75422,,,,,dspy_extracted,RWAY,2024-08-08,RWAY,2024-08-08
3PL Central LLC,First Lien,Software & Technology,6.50 %,2.50 %,SOFR,4.50 %,6.50 %,2022-11-09,2027-11-09,71294,,70017,,71178,,,,,dspy_extracted,RWAY,2024-08-08,RWAY,2024-08-08
Linxup LLC,First Lien,Software & Technology,11.75 %,,Prime,3.25 %,11.75 %,2023-11-03,2027-11-15,30000,,30030,,29629,,,,,dspy_extracted,RWAY,2024-08-08,RWAY,2024-08-08
Dejero Labs Inc.,Second Lien,Software & Technology,5.50 %,5.00 %,SOFR,5.00 %,5.50 %,2021-12-22,2025-12-22,14317,,14469,,14486,,,,,dspy_extracted,RWAY,2024-08-08,RWAY,2024-08-08
Minute Media Inc.,Preferred Equity,Media & Entertainment,,,N/A,,,2023-12-13,,1030,,119,,119,,,,,dspy_extracted,RWAY,2024-08-08,RWAY,2024-08-08
Minute Media Inc.,Common Equity,Media & Entertainment,,,N/A,,,2023-12-13,,134,,16,,16,,,,,dspy_extracted,RWAY,2024-08-08,RWAY,2024-08-08
"Aria Systems, Inc.",Preferred Equity,Software & Technology,,,N/A,,,2018-07-10,,289419,,250,,250,,,,,cost_suspicious_vs_size|dspy_extracted|fair_value_suspicious_vs_size,RWAY,2024-08-08,RWAY,2024-08-08
"FiscalNote, Inc.",Common Equity,Software & Technology,,,N/A,,,2020-10-19,,230881,,337,,438,,,,,cost_suspicious_vs_size|dspy_extracted|fair_value_suspicious_vs_size,RWAY,2024-08-08,RWAY,2024-08-08
"CareCloud, Inc.",Preferred Equity,Healthcare,11%,,N/A,,,2020-01-08,,462064,,3729,,12132,,,,,cost_suspicious_vs_size|dspy_extracted|fair_value_suspicious_vs_size,RWAY,2024-08-08,RWAY,2024-08-08
"Snagajob.com, Inc.",Other Debt,Business Services,,,N/A,,,2023-10-26,2026-12-31,1357,,557,,1357,,,,,dspy_extracted,RWAY,2024-08-08,RWAY,2024-08-08
Marley Spoon SE,Common Equity,Consumer & Retail,,,N/A,,,2023-07-07,,46004,,76,,410,,,,,cost_suspicious_vs_size|dspy_extracted|fair_value_suspicious_vs_size,RWAY,2024-08-08,RWAY,2024-08-08
Quantum Corp.,Common Equity,Software & Technology,,,N/A,,,2021-08-13,,459720,,188,,2607,,,,,cost_suspicious_vs_size|dspy_extracted|fair_value_suspicious_vs_size,RWAY,2024-08-08,RWAY,2024-08-08
"zSpace, Inc.",Common Equity,Software & Technology,,,N/A,,,2020-12-31,,6078499,,,,1119,,,,,cost_suspicious_vs_size|dspy_extracted,RWAY,2024-08-08,RWAY,2024-08-08
3DNA Corp.,Warrants,Software & Technology,,,N/A,,,2018-12-28,2028-12-28,273164,,,,104,,,,,cost_suspicious_vs_size|dspy_extracted,RWAY,2024-08-08,RWAY,2024-08-08
"Airship Group, Inc.",Warrants,Software & Technology,,,N/A,,,2024-06-28,2034-06-28,626609,,499,,500,,,,,cost_suspicious_vs_size|dspy_extracted|fair_value_suspicious_vs_size,RWAY,2024-08-08,RWAY,2024-08-08
"Aria Systems, Inc.",Warrants,Software & Technology,,,N/A,,,2018-06-29,2028-06-29,2387705,,1132,,1048,,,,,cost_suspicious_vs_size|dspy_extracted|fair_value_suspicious_vs_size,RWAY,2024-08-08,RWAY,2024-08-08
"Blueshift Labs, Inc.",Warrants,Software & Technology,,,N/A,,,2023-12-19,,,,168,,167,,,,,dspy_extracted,RWAY,2024-08-08,RWAY,2024-08-08
Circadence Corp.,Warrants,Software & Technology,,,N/A,,,2018-12-20,2028-12-20,1538462,,229,,3630,,,,,cost_suspicious_vs_size|dspy_extracted|fair_value_suspicious_vs_size,RWAY,2024-08-08,RWAY,2024-08-08
Circadence Corp.,Warrants,Software & Technology,,,N/A,,,2019-10-31,2029-10-31,384615,,57,,846,,,,,cost_suspicious_vs_size|dspy_extracted|fair_value_suspicious_vs_size,RWAY,2024-08-08,RWAY,2024-08-08
Circadence Corp.,Warrants,Software & Technology,,,N/A,,,2023-12-21,,,,302,,304,,,,,dspy_extracted,RWAY,2024-08-08,RWAY,2024-08-08
"Dtex Systems, Inc.",Warrants,Software & Technology,,,N/A,,,2018-06-01,2025-06-01,500000,,323,,59,,,,,cost_suspicious_vs_size|dspy_extracted|fair_value_suspicious_vs_size,RWAY,2024-08-08,RWAY,2024-08-08
"Dtex Systems, Inc.",Warrants,Software & Technology,,,N/A,,,2019-07-11,2026-07-11,833333,,539,,115,,,,,cost_suspicious_vs_size|dspy_extracted|fair_value_suspicious_vs_size,RWAY,2024-08-08,RWAY,2024-08-08
"FiscalNote, Inc.",Warrants,Software & Technology,,,N/A,,,2022-07-29,2027-07-29,,,21,,127,,,,,dspy_extracted,RWAY,2024-08-08,RWAY,2024-08-08
"Betterment Holdings, Inc.",Warrants,Financial Services,,,N/A,,,2023-10-06,2033-10-06,7680,,71,,35,,,,,cost_suspicious_vs_size|dspy_extracted|fair_value_suspicious_vs_size,RWAY,2024-08-08,RWAY,2024-08-08
"Betterment Holdings, Inc.",Warrants,Financial Services,,,N/A,,,2023-10-06,2033-10-06,9818,,86,,40,,,,,cost_suspicious_vs_size|dspy_extracted|fair_value_suspicious_vs_size,RWAY,2024-08-08,RWAY,2024-08-08
Mustang Bio Inc.,Warrants,Healthcare,,,N/A,,,2022-03-04,2032-03-04,49869,,20,,315,,,,,cost_suspicious_vs_size|dspy_extracted|fair_value_suspicious_vs_size,RWAY,2024-08-08,RWAY,2024-08-08
TRACON Pharmaceuticals Inc.,Warrants,Healthcare,,,N/A,,,2022-09-02,2032-09-02,7538,,5,,226,,,,,cost_suspicious_vs_size|dspy_extracted|fair_value_suspicious_vs_size,RWAY,2024-08-08,RWAY,2024-08-08
Massdrop Inc.,Warrants,Consumer & Retail,,,N/A,,,2019-07-22,2029-07-22,848093,,,,183,,,,,cost_suspicious_vs_size|dspy_extracted,RWAY,2024-08-08,RWAY,2024-08-08
Elevate Services Inc.,Warrants,Software & Technology,,,N/A,,,2023-07-10,2033-07-10,248997,,394,,447,,,,,cost_suspicious_vs_size|dspy_extracted|fair_value_suspicious_vs_size,RWAY,2024-08-08,RWAY,2024-08-08
Interactions Corp.,Warrants,Software & Technology,,,N/A,,,2022-06-24,2032-06-24,189408,,16,,219,,,,,cost_suspicious_vs_size|dspy_extracted|fair_value_suspicious_vs_size,RWAY,2024-08-08,RWAY,2024-08-08
ShareThis Inc.,Warrants,Software & Technology,,,N/A,,,2018-12-03,2028-12-03,647615,,105,,2162,,,,,cost_suspicious_vs_size|dspy_extracted|fair_value_suspicious_vs_size,RWAY,2024-08-08,RWAY,2024-08-08
Brivo Inc.,Warrants,Software & Technology,,,N/A,,,2022-10-20,2032-10-20,201000,,207,,99,,,,,cost_suspicious_vs_size|dspy_extracted|fair_value_suspicious_vs_size,RWAY,2024-08-08,RWAY,2024-08-08
Epic IO Technologies Inc.,Warrants,Software & Technology,,,N/A,,,2021-12-17,2028-12-17,,,387,,505,,,,,dspy_extracted,RWAY,2024-08-08,RWAY,2024-08-08
Moximed Inc.,Warrants,Healthcare,,,N/A,,,2022-06-24,2032-06-24,214285,,96,,175,,,,,cost_suspicious_vs_size|dspy_extracted|fair_value_suspicious_vs_size,RWAY,2024-08-08,RWAY,2024-08-08
Revelle Aesthetics Inc.,Warrants,Healthcare,,,N/A,,,2022-03-30,2032-03-30,115591,,27,,126,,,,,cost_suspicious_vs_size|dspy_extracted|fair_value_suspicious_vs_size,RWAY,2024-08-08,RWAY,2024-08-08
Allurion Technologies Inc.,Warrants,Healthcare,,,N/A,,,2021-03-30,2031-03-30,132979,,6,,282,,,,,cost_suspicious_vs_size|dspy_extracted|fair_value_suspicious_vs_size,RWAY,2024-08-08,RWAY,2024-08-08
Allurion Technologies Inc.,Warrants,Healthcare,,,N/A,,,2022-06-14,2031-03-30,46256,,1,,141,,,,,cost_suspicious_vs_size|dspy_extracted|fair_value_suspicious_vs_size,RWAY,2024-08-08,RWAY,2024-08-08
Allurion Technologies Inc.,Warrants,Healthcare,,,N/A,,,2023-08-02,2028-08-01,,,3,,,,,,,dspy_extracted,RWAY,2024-08-08,RWAY,2024-08-08
EBR Systems Inc.,Warrants,Healthcare,,,N/A,,,2022-06-30,2032-06-30,,,707,,605,,,,,dspy_extracted,RWAY,2024-08-08,RWAY,2024-08-08
Mingle Healthcare Solutions Inc.,Warrants,Healthcare,,,N/A,,,2018-08-15,2028-08-15,1770973,,,,492,,,,,cost_suspicious_vs_size|dspy_extracted,RWAY,2024-08-08,RWAY,2024-08-08
Nalu Medical Inc.,Warrants,Healthcare,,,N/A,,,2022-10-12,2032-10-12,91717,,104,,173,,,,,cost_suspicious_vs_size|dspy_extracted|fair_value_suspicious_vs_size,RWAY,2024-08-08,RWAY,2024-08-08
Onward Medical N.V.,Warrants,Healthcare,,,N/A,,,2024-06-28,2034-09-26,165338,,339,,340,,,,,cost_suspicious_vs_size|dspy_extracted|fair_value_suspicious_vs_size,RWAY,2024-08-08,RWAY,2024-08-08
Route 92 Medical Inc.,Warrants,Healthcare,,,N/A,,,2021-08-17,2031-08-17,,,854,,835,,,,,dspy_extracted,RWAY,2024-08-08,RWAY,2024-08-08
SetPoint Medical Corp.,Warrants,Healthcare,,,N/A,,,2021-06-29,2031-06-29,400000,,200,,14,,,,,cost_suspicious_vs_size|dspy_extracted|fair_value_suspicious_vs_size,RWAY,2024-08-08,RWAY,2024-08-08
SetPoint Medical Corp.,Warrants,Healthcare,,,N/A,,,2022-12-29,2032-12-29,600000,,300,,74,,,,,cost_suspicious_vs_size|dspy_extracted|fair_value_suspicious_vs_size,RWAY,2024-08-08,RWAY,2024-08-08
VERO Biotech LLC,Warrants,Healthcare,,,N/A,,,2020-12-29,2025-12-29,,,205,,377,,,,,dspy_extracted,RWAY,2024-08-08,RWAY,2024-08-08
CloudPay Inc.,Warrants,Business Services,,,N/A,,,2020-06-30,2030-06-30,11273,,1234,,218,,,,,cost_suspicious_vs_size|dspy_extracted,RWAY,2024-08-08,RWAY,2024-08-08
CloudPay Inc.,Warrants,Business Services,,,N/A,,,2021-08-17,2031-08-17,3502,,140,,52,,,,,cost_suspicious_vs_size|dspy_extracted|fair_value_suspicious_vs_size,RWAY,2024-08-08,RWAY,2024-08-08
CloudPay Inc.,Warrants,Business Services,,,N/A,,,2022-09-26,2032-09-26,5252,,209,,176,,,,,cost_suspicious_vs_size|dspy_extracted|fair_value_suspicious_vs_size,RWAY,2024-08-08,RWAY,2024-08-08
Snagajob.com Inc.,Warrants,Business Services,,,N/A,,,2021-09-29,2031-09-29,763269,,,,343,,,,,cost_suspicious_vs_size|dspy_extracted,RWAY,2024-08-08,RWAY,2024-08-08
Madison Reed Inc.,Warrants,Consumer & Retail,,,N/A,,,2022-12-16,,,,218,,209,,,,,dspy_extracted,RWAY,2024-08-08,RWAY,2024-08-08
Bombora Inc.,Warrants,Software & Technology,,,N/A,,,2021-03-31,2031-03-31,121581,,116,,174,,,,,cost_suspicious_vs_size|dspy_extracted|fair_value_suspicious_vs_size,RWAY,2024-08-08,RWAY,2024-08-08
Bombora Inc.,Warrants,Software & Technology,,,N/A,,,2023-12-26,2033-12-26,48632,,46,,42,,,,,cost_suspicious_vs_size|dspy_extracted|fair_value_suspicious_vs_size,RWAY,2024-08-08,RWAY,2024-08-08
CarNow Inc.,Warrants,Software & Technology,,,N/A,,,2024-03-22,2034-03-22,200000,,2489,,2400,,,,,cost_suspicious_vs_size|dspy_extracted|fair_value_suspicious_vs_size,RWAY,2024-08-08,RWAY,2024-08-08
INRIX Inc.,Warrants,Software & Technology,,,N/A,,,2019-07-26,2029-07-26,150804,,441,,522,,,,,cost_suspicious_vs_size|dspy_extracted|fair_value_suspicious_vs_size,RWAY,2024-08-08,RWAY,2024-08-08
Longtail Ad Solutions Inc.,Warrants,Software & Technology,,,N/A,,,2019-12-12,2029-12-12,387596,,317,,47,,,,,cost_suspicious_vs_size|dspy_extracted|fair_value_suspicious_vs_size,RWAY,2024-08-08,RWAY,2024-08-08
Skillshare Inc.,Warrants,Software & Technology,,,N/A,,,2022-11-08,,,,513,,301,,,,,dspy_extracted,RWAY,2024-08-08,RWAY,2024-08-08
Synack Inc.,Warrants,Software & Technology,,,N/A,,,2023-12-29,2032-06-30,116908,,167,,147,,,,,cost_suspicious_vs_size|dspy_extracted|fair_value_suspicious_vs_size,RWAY,2024-08-08,RWAY,2024-08-08
Kin Insurance Inc.,Warrants,Insurance,,,N/A,,,2022-09-26,2032-09-26,41576,,370,,302,,,,,cost_suspicious_vs_size|dspy_extracted|fair_value_suspicious_vs_size,RWAY,2024-08-08,RWAY,2024-08-08
Kin Insurance Inc.,Warrants,Insurance,,,N/A,,,2023-05-05,2032-09-26,11549,,103,,69,,,,,cost_suspicious_vs_size|dspy_extracted|fair_value_suspicious_vs_size,RWAY,2024-08-08,RWAY,2024-08-08
Kin Insurance Inc.,Warrants,Insurance,,,N/A,,,2023-08-25,2032-09-26,9239,,82,,55,,,,,cost_suspicious_vs_size|dspy_extracted|fair_value_suspicious_vs_size,RWAY,2024-08-08,RWAY,2024-08-08
AllClear ID Inc.,Warrants,Consumer & Retail,,,N/A,,,2017-08-31,2027-08-31,523893,,,,1053,,,,,cost_suspicious_vs_size|dspy_extracted,RWAY,2024-08-08,RWAY,2024-08-08
AllClear ID Inc.,Warrants,Consumer & Retail,,,N/A,,,2018-10-17,2027-08-31,346621,,,,697,,,,,cost_suspicious_vs_size|dspy_extracted,RWAY,2024-08-08,RWAY,2024-08-08
Credit Sesame Inc.,Warrants,Consumer & Retail,,,N/A,,,2020-01-07,2030-01-07,191601,,366,,425,,,,,cost_suspicious_vs_size|dspy_extracted|fair_value_suspicious_vs_size,RWAY,2024-08-08,RWAY,2024-08-08
Dejero Labs Inc.,Warrants,Software & Technology,,,N/A,,,2019-05-31,2029-05-31,333621,,254,,192,,,,,cost_suspicious_vs_size|dspy_extracted|fair_value_suspicious_vs_size,RWAY,2024-08-08,RWAY,2024-08-08
Linxup LLC,Warrants,Software & Technology,,,N/A,,,2023-11-03,2033-11-03,,,337,,253,,,,,dspy_extracted,RWAY,2024-08-08,RWAY,2024-08-08
Scale Computing Inc.,Warrants,Software & Technology,,,N/A,,,2019-03-29,2029-03-29,9665667,,,,346,,,,,cost_suspicious_vs_size|dspy_extracted,RWAY,2024-08-08,RWAY,2024-08-08
RealWear Inc.,Warrants,Software & Technology,,,N/A,,,2018-10-05,2028-10-05,112451,,117,,136,,,,,cost_suspicious_vs_size|dspy_extracted|fair_value_suspicious_vs_size,RWAY,2024-08-08,RWAY,2024-08-08
RealWear Inc.,Warrants,Software & Technology,,,N/A,,,2018-12-28,2028-12-28,22491,,13,,25,,,,,cost_suspicious_vs_size|dspy_extracted|fair_value_suspicious_vs_size,RWAY,2024-08-08,RWAY,2024-08-08
RealWear Inc.,Warrants,Software & Technology,,,N/A,,,2019-06-27,2029-06-27,123894,,74,,381,,,,,cost_suspicious_vs_size|dspy_extracted|fair_value_suspicious_vs_size,RWAY,2024-08-08,RWAY,2024-08-08
"Blueshift Labs, Inc.",First Lien,Software & Technology,,2.00 %,SOFR,6.25 %,11.25 %,2023-12-19,2028-12-15,25500,25083,25083,,25500,,,,,dspy_extracted,RWAY,2024-08-08,RWAY,2024-08-08
Circadence Corp.,First Lien,Software & Technology,,,SOFR,9.50 %,12.26 %,2018-12-20,2024-03-15,23147,24281,19028,,23147,,,,,dspy_extracted,RWAY,2024-08-08,RWAY,2024-08-08
"FiscalNote, Inc.",First Lien,Software & Technology,,1.00 %,Prime,5.00 %,9.00 %,2020-10-19,2027-07-15,65916,65868,64615,,65916,,,,,dspy_extracted,RWAY,2024-08-08,RWAY,2024-08-08
"VTX Intermediate Holdings, Inc.",First Lien,Software & Technology,,,SOFR,9.00 %,9.50 %,2021-12-28,2026-12-28,87971,88747,87814,,87971,,,,,dspy_extracted,RWAY,2024-08-08,RWAY,2024-08-08
"Betterment Holdings, Inc.",First Lien,Financial Services,,,Prime,4.50 %,8.50 %,2023-10-06,2027-10-06,8000,7888,7860,,8000,,,,,dspy_extracted,RWAY,2024-08-08,RWAY,2024-08-08
"Elevate Services, Inc.",First Lien,Software & Technology,,,SOFR,7.50 %,12.78 %,2023-07-10,2027-07-10,20000,19424,19424,,20000,,,,,dspy_extracted,RWAY,2024-08-08,RWAY,2024-08-08
Interactions Corp.,First Lien,Software & Technology,,,SOFR,9.26 %,9.76 %,2022-06-24,2027-06-15,40000,39907,39945,,40000,,,,,dspy_extracted,RWAY,2024-08-08,RWAY,2024-08-08
"ShareThis, Inc.",First Lien,Software & Technology,,,SOFR,9.25 %,11.86 %,2018-12-03,2024-09-30,19950,20503,19895,,19950,,,,,dspy_extracted,RWAY,2024-08-08,RWAY,2024-08-08
"ShareThis, Inc.",First Lien,Software & Technology,,,SOFR,8.25 %,10.86 %,2020-08-18,2024-09-30,950,978,947,,950,,,,,dspy_extracted,RWAY,2024-08-08,RWAY,2024-08-08
"Vesta Payment Solutions, Inc.",First Lien,Software & Technology,,,SOFR,7.00 %,9.00 %,2022-11-29,2026-11-15,25000,24769,24370,,25000,,,,,dspy_extracted,RWAY,2024-08-08,RWAY,2024-08-08
"Turning Tech Intermediate, Inc.",First Lien,Education,,,SOFR,8.50 %,9.00 %,2021-06-22,2025-12-14,25218,25702,25796,,25218,,,,,dspy_extracted,RWAY,2024-08-08,RWAY,2024-08-08
"Brivo, Inc.",First Lien,Software & Technology,,,SOFR,6.85 %,10.89 %,2022-10-20,2027-10-20,26293,26323,26790,,26293,,,,,dspy_extracted,RWAY,2024-08-08,RWAY,2024-08-08
"Moximed, Inc.",First Lien,Healthcare,,,Prime,5.25 %,8.75 %,2022-06-24,2027-07-01,15000,14919,15284,,15000,,,,,dspy_extracted,RWAY,2024-08-08,RWAY,2024-08-08
"EBR Systems, Inc.",First Lien,Healthcare,,,Prime,4.90 %,8.90 %,2022-06-30,2027-06-15,40000,39496,40337,,40000,,,,,dspy_extracted,RWAY,2024-08-08,RWAY,2024-08-08
"Mingle Healthcare Solutions, Inc.",First Lien,Healthcare,,,SOFR,9.75 %,12.26 %,2018-08-15,2026-12-15,4322,4952,3791,,4322,,,,,dspy_extracted,RWAY,2024-08-08,RWAY,2024-08-08
"Nalu Medical, Inc.",First Lien,Healthcare,,2.00 %,Prime,2.70 %,6.70 %,2022-10-12,2027-10-12,20482,20395,21191,,20482,,,,,dspy_extracted,RWAY,2024-08-08,RWAY,2024-08-08
"Route 92 Medical, Inc.",First Lien,Healthcare,,,SOFR,8.48 %,8.98 %,2021-08-17,2026-07-01,35000,34239,35435,,35000,,,,,dspy_extracted,RWAY,2024-08-08,RWAY,2024-08-08
SetPoint Medical Corp.,First Lien,Healthcare,,,SOFR,5.75 %,9.00 %,2022-12-29,2027-12-01,25000,25014,25450,,25000,,,,,dspy_extracted,RWAY,2024-08-08,RWAY,2024-08-08
CloudPay Inc.,First Lien,Business Services,,,Prime,6.25 %,10.25 %,2022-09-26,2027-08-17,75000,74939,75465,,,,,,,dspy_extracted,RWAY,2024-08-08,RWAY,2024-08-08
Snagajob.com Inc.,First Lien,Business Services,,8.50 %,SOFR,,9.00 %,2021-09-29,2025-09-01,40825,41170,36541,,,,,,,dspy_extracted,RWAY,2024-08-08,RWAY,2024-08-08
Madison Reed Inc.,First Lien,Consumer & Retail,,,Prime,4.75 %,11.00 %,2022-12-16,2026-12-16,10913,10784,10847,,,,,,,dspy_extracted,RWAY,2024-08-08,RWAY,2024-08-08
Marley Spoon SE,First Lien,Consumer & Retail,,1.25 %,SOFR,7.50 %,8.26 %,2021-06-30,2026-06-15,44983,44836,44462,,,,,,,dspy_extracted,RWAY,2024-08-08,RWAY,2024-08-08
Bombora Inc.,First Lien,Software & Technology,,3.25 %,SOFR,4.75 %,6.75 %,2023-12-26,2028-01-15,28000,27879,27879,,,,,,,dspy_extracted,RWAY,2024-08-08,RWAY,2024-08-08
Skillshare Inc.,First Lien,Software & Technology,,,SOFR,6.50 %,10.72 %,2022-11-08,2026-11-08,30000,29765,29183,,,,,,,dspy_extracted,RWAY,2024-08-08,RWAY,2024-08-08
Synack Inc.,First Lien,Software & Technology,,,SOFR,7.00 %,11.07 %,2023-12-29,2028-12-29,40000,39758,39758,,,,,,,dspy_extracted,RWAY,2024-08-08,RWAY,2024-08-08
Kin Insurance Inc.,First Lien,Insurance,,,Prime,6.25 %,12.50 %,2022-09-26,2026-09-15,75000,74877,74767,,,,,,,dspy_extracted,RWAY,2024-08-08,RWAY,2024-08-08
3PL Central LLC,First Lien,Software & Technology,,2.50 %,SOFR,4.50 %,6.50 %,2022-11-09,2027-11-09,70395,70064,69066,,,,,,,dspy_extracted,RWAY,2024-08-08,RWAY,2024-08-08
Linxup LLC,First Lien,Software & Technology,,,Prime,3.25 %,11.75 %,2023-11-03,2027-11-15,30000,29490,29490,,,,,,,dspy_extracted,RWAY,2024-08-08,RWAY,2024-08-08
Dejero Labs Inc.,Second Lien,Software & Technology,,2.00 %,SOFR,8.00 %,8.50 %,2021-12-22,2025-12-22,14172,14278,14399,,,,,,,dspy_extracted,RWAY,2024-08-08,RWAY,2024-08-08
Minute Media Inc.,Preferred Equity,Media & Entertainment,,,N/A,,,2023-12-13,,1030,,120,,120,,,,,dspy_extracted,RWAY,2024-08-08,RWAY,2024-08-08
"Aria Systems, Inc.",Preferred Equity,Software & Technology,,,N/A,,,2018-07-10,,289419,,127,,250,,,,,cost_suspicious_vs_size|dspy_extracted|fair_value_suspicious_vs_size,RWAY,2024-08-08,RWAY,2024-08-08
"FiscalNote, Inc.",Common Equity,Software & Technology,,,N/A,,,2020-10-19,,230881,,263,,438,,,,,cost_suspicious_vs_size|dspy_extracted|fair_value_suspicious_vs_size,RWAY,2024-08-08,RWAY,2024-08-08
"CareCloud, Inc.",Preferred Equity,Healthcare,11%,,N/A,,,2020-01-08,,462064,,3553,,12132,,,,,cost_suspicious_vs_size|dspy_extracted|fair_value_suspicious_vs_size,RWAY,2024-08-08,RWAY,2024-08-08
"Snagajob.com, Inc.",Other Debt,Business Services,,,N/A,,,2023-10-26,2026-12-31,1357,,1357,,1357,,,,,dspy_extracted,RWAY,2024-08-08,RWAY,2024-08-08
Marley Spoon SE,Common Equity,Consumer & Retail,,,N/A,,,2023-07-07,,46004,,125,,410,,,,,cost_suspicious_vs_size|dspy_extracted|fair_value_suspicious_vs_size,RWAY,2024-08-08,RWAY,2024-08-08
Quantum Corp.,Common Equity,Software & Technology,,,N/A,,,2021-08-13,,459720,,160,,2607,,,,,cost_suspicious_vs_size|dspy_extracted|fair_value_suspicious_vs_size,RWAY,2024-08-08,RWAY,2024-08-08
"Aria Systems, Inc.",Warrants,Software & Technology,,,N/A,,,2018-06-29,2028-06-29,2387705,,1048,,1048,,,,,cost_suspicious_vs_size|dspy_extracted|fair_value_suspicious_vs_size,RWAY,2024-08-08,RWAY,2024-08-08
"Blueshift Labs, Inc.",Warrants,Software & Technology,,,N/A,,,2023-12-19,,,,167,,167,,,,,dspy_extracted,RWAY,2024-08-08,RWAY,2024-08-08
Circadence Corp.,Warrants,Software & Technology,,,N/A,,,2018-12-20,2028-12-20,1538462,,48,,3630,,,,,cost_suspicious_vs_size|dspy_extracted|fair_value_suspicious_vs_size,RWAY,2024-08-08,RWAY,2024-08-08
Circadence Corp.,Warrants,Software & Technology,,,N/A,,,2019-10-31,2029-10-31,384615,,12,,846,,,,,cost_suspicious_vs_size|dspy_extracted|fair_value_suspicious_vs_size,RWAY,2024-08-08,RWAY,2024-08-08
Circadence Corp.,Warrants,Software & Technology,,,N/A,,,2023-12-21,,,,283,,304,,,,,dspy_extracted,RWAY,2024-08-08,RWAY,2024-08-08
"Dtex Systems, Inc.",Warrants,Software & Technology,,,N/A,,,2018-06-01,2025-06-01,500000,,233,,59,,,,,cost_suspicious_vs_size|dspy_extracted|fair_value_suspicious_vs_size,RWAY,2024-08-08,RWAY,2024-08-08
"Dtex Systems, Inc.",Warrants,Software & Technology,,,N/A,,,2019-07-11,2026-07-11,833333,,389,,115,,,,,cost_suspicious_vs_size|dspy_extracted|fair_value_suspicious_vs_size,RWAY,2024-08-08,RWAY,2024-08-08
"FiscalNote, Inc.",Warrants,Software & Technology,,,N/A,,,2022-07-29,2027-07-29,,,16,,127,,,,,dspy_extracted,RWAY,2024-08-08,RWAY,2024-08-08
"Betterment Holdings, Inc.",Warrants,Financial Services,,,N/A,,,2023-10-06,2033-10-06,7680,,146,,35,,,,,cost_suspicious_vs_size|dspy_extracted|fair_value_suspicious_vs_size,RWAY,2024-08-08,RWAY,2024-08-08
"Betterment Holdings, Inc.",Warrants,Financial Services,,,N/A,,,2023-10-06,2033-10-06,9818,,15,,40,,,,,cost_suspicious_vs_size|dspy_extracted|fair_value_suspicious_vs_size,RWAY,2024-08-08,RWAY,2024-08-08
Mustang Bio Inc.,Warrants,Healthcare,,,N/A,,,2022-03-04,2032-03-04,748036,,39,,315,,,,,cost_suspicious_vs_size|dspy_extracted|fair_value_suspicious_vs_size,RWAY,2024-08-08,RWAY,2024-08-08
TRACON Pharmaceuticals Inc.,Warrants,Healthcare,,,N/A,,,2022-09-02,2032-09-02,150753,,12,,226,,,,,cost_suspicious_vs_size|dspy_extracted|fair_value_suspicious_vs_size,RWAY,2024-08-08,RWAY,2024-08-08
Elevate Services Inc.,Warrants,Software & Technology,,,N/A,,,2023-07-10,2033-07-10,248997,,384,,447,,,,,cost_suspicious_vs_size|dspy_extracted|fair_value_suspicious_vs_size,RWAY,2024-08-08,RWAY,2024-08-08
Interactions Corp.,Warrants,Software & Technology,,,N/A,,,2022-06-24,2032-06-24,189408,,67,,219,,,,,cost_suspicious_vs_size|dspy_extracted|fair_value_suspicious_vs_size,RWAY,2024-08-08,RWAY,2024-08-08
ShareThis Inc.,Warrants,Software & Technology,,,N/A,,,2018-12-03,2028-12-03,647615,,803,,2162,,,,,cost_suspicious_vs_size|dspy_extracted|fair_value_suspicious_vs_size,RWAY,2024-08-08,RWAY,2024-08-08
Brivo Inc.,Warrants,Software & Technology,,,N/A,,,2022-10-20,2032-10-20,201000,,322,,98,,,,,cost_suspicious_vs_size|dspy_extracted|fair_value_suspicious_vs_size,RWAY,2024-08-08,RWAY,2024-08-08
Epic IO Technologies Inc.,Warrants,Software & Technology,,,N/A,,,2021-12-17,2028-12-17,,,423,,505,,,,,dspy_extracted,RWAY,2024-08-08,RWAY,2024-08-08
Moximed Inc.,Warrants,Healthcare,,,N/A,,,2022-06-24,2032-06-24,214285,,138,,175,,,,,cost_suspicious_vs_size|dspy_extracted|fair_value_suspicious_vs_size,RWAY,2024-08-08,RWAY,2024-08-08
Revelle Aesthetics Inc.,Warrants,Healthcare,,,N/A,,,2022-03-30,2032-03-30,115591,,102,,126,,,,,cost_suspicious_vs_size|dspy_extracted|fair_value_suspicious_vs_size,RWAY,2024-08-08,RWAY,2024-08-08
Allurion Technologies Inc.,Warrants,Healthcare,,,N/A,,,2021-03-30,2025-01-22,132979,,15,,282,,,,,cost_suspicious_vs_size|dspy_extracted|fair_value_suspicious_vs_size,RWAY,2024-08-08,RWAY,2024-08-08
Allurion Technologies Inc.,Warrants,Healthcare,,,N/A,,,2022-06-14,2025-01-22,46256,,,,141,,,,,cost_suspicious_vs_size|dspy_extracted,RWAY,2024-08-08,RWAY,2024-08-08
Allurion Technologies Inc.,Warrants,Healthcare,,,N/A,,,2023-08-02,2028-08-01,,,77,,,,,,,dspy_extracted,RWAY,2024-08-08,RWAY,2024-08-08
EBR Systems Inc.,Warrants,Healthcare,,,N/A,,,2022-06-30,2032-06-30,,,690,,605,,,,,dspy_extracted,RWAY,2024-08-08,RWAY,2024-08-08
Nalu Medical Inc.,Warrants,Healthcare,,,N/A,,,2022-10-12,2032-10-12,91717,,99,,173,,,,,cost_suspicious_vs_size|dspy_extracted|fair_value_suspicious_vs_size,RWAY,2024-08-08,RWAY,2024-08-08
Route 92 Medical Inc.,Warrants,Healthcare,,,N/A,,,2021-08-17,2031-08-17,,,897,,835,,,,,dspy_extracted,RWAY,2024-08-08,RWAY,2024-08-08
SetPoint Medical Corp.,Warrants,Healthcare,,,N/A,,,2021-06-29,2031-06-29,400000,,133,,14,,,,,cost_suspicious_vs_size|dspy_extracted|fair_value_suspicious_vs_size,RWAY,2024-08-08,RWAY,2024-08-08
SetPoint Medical Corp.,Warrants,Healthcare,,,N/A,,,2022-12-29,2032-12-29,600000,,199,,74,,,,,cost_suspicious_vs_size|dspy_extracted|fair_value_suspicious_vs_size,RWAY,2024-08-08,RWAY,2024-08-08
VERO Biotech LLC,Warrants,Healthcare,,,N/A,,,2020-12-29,2025-12-29,,,396,,377,,,,,dspy_extracted,RWAY,2024-08-08,RWAY,2024-08-08
CloudPay Inc.,Warrants,Business Services,,,N/A,,,2020-06-30,2030-06-30,11273,,1001,,218,,,,,cost_suspicious_vs_size|dspy_extracted,RWAY,2024-08-08,RWAY,2024-08-08
CloudPay Inc.,Warrants,Business Services,,,N/A,,,2021-08-17,2031-08-17,3502,,95,,52,,,,,cost_suspicious_vs_size|dspy_extracted|fair_value_suspicious_vs_size,RWAY,2024-08-08,RWAY,2024-08-08
CloudPay Inc.,Warrants,Business Services,,,N/A,,,2022-09-26,2032-09-26,5252,,143,,176,,,,,cost_suspicious_vs_size|dspy_extracted|fair_value_suspicious_vs_size,RWAY,2024-08-08,RWAY,2024-08-08
Madison Reed Inc.,Warrants,Consumer & Retail,,,N/A,,,2022-12-16,,,,154,,143,,,,,dspy_extracted,RWAY,2024-08-08,RWAY,2024-08-08
Bombora Inc.,Warrants,Software & Technology,,,N/A,,,2021-03-31,2031-03-31,121581,,104,,174,,,,,cost_suspicious_vs_size|dspy_extracted|fair_value_suspicious_vs_size,RWAY,2024-08-08,RWAY,2024-08-08
Bombora Inc.,Warrants,Software & Technology,,,N/A,,,2023-12-26,2033-12-26,48632,,41,,43,,,,,cost_suspicious_vs_size|dspy_extracted|fair_value_suspicious_vs_size,RWAY,2024-08-08,RWAY,2024-08-08
INRIX Inc.,Warrants,Software & Technology,,,N/A,,,2019-07-26,2029-07-26,150804,,735,,522,,,,,cost_suspicious_vs_size|dspy_extracted|fair_value_suspicious_vs_size,RWAY,2024-08-08,RWAY,2024-08-08
Longtail Ad Solutions Inc.,Warrants,Software & Technology,,,N/A,,,2019-12-12,2029-12-12,387596,,321,,47,,,,,cost_suspicious_vs_size|dspy_extracted|fair_value_suspicious_vs_size,RWAY,2024-08-08,RWAY,2024-08-08
Skillshare Inc.,Warrants,Software & Technology,,,N/A,,,2022-11-08,2026-11-08,,,294,,301,,,,,dspy_extracted,RWAY,2024-08-08,RWAY,2024-08-08
Synack Inc.,Warrants,Software & Technology,,,N/A,,,2023-12-29,2032-06-30,116908,,147,,147,,,,,cost_suspicious_vs_size|dspy_extracted|fair_value_suspicious_vs_size,RWAY,2024-08-08,RWAY,2024-08-08
Kin Insurance Inc.,Warrants,Insurance,,,N/A,,,2022-09-26,2032-09-26,41576,,292,,302,,,,,cost_suspicious_vs_size|dspy_extracted|fair_value_suspicious_vs_size,RWAY,2024-08-08,RWAY,2024-08-08
Kin Insurance Inc.,Warrants,Insurance,,,N/A,,,2023-05-05,2032-09-26,11549,,81,,69,,,,,cost_suspicious_vs_size|dspy_extracted|fair_value_suspicious_vs_size,RWAY,2024-08-08,RWAY,2024-08-08
Kin Insurance Inc.,Warrants,Insurance,,,N/A,,,2023-08-25,2032-09-26,9239,,65,,55,,,,,cost_suspicious_vs_size|dspy_extracted|fair_value_suspicious_vs_size,RWAY,2024-08-08,RWAY,2024-08-08
AllClear ID Inc.,Warrants,Business Services,,,N/A,,,2017-08-31,2027-08-31,523893,,,,1053,,,,,cost_suspicious_vs_size|dspy_extracted,RWAY,2024-08-08,RWAY,2024-08-08
AllClear ID Inc.,Warrants,Business Services,,,N/A,,,2018-10-17,2027-08-31,346621,,,,697,,,,,cost_suspicious_vs_size|dspy_extracted,RWAY,2024-08-08,RWAY,2024-08-08
Credit Sesame Inc.,Warrants,Business Services,,,N/A,,,2020-01-07,2030-01-07,191601,,373,,425,,,,,cost_suspicious_vs_size|dspy_extracted|fair_value_suspicious_vs_size,RWAY,2024-08-08,RWAY,2024-08-08
Dejero Labs Inc.,Warrants,Software & Technology,,,N/A,,,2019-05-31,2029-05-31,333621,,268,,192,,,,,cost_suspicious_vs_size|dspy_extracted|fair_value_suspicious_vs_size,RWAY,2024-08-08,RWAY,2024-08-08
Linxup LLC,Warrants,Software & Technology,,,N/A,,,2023-11-03,2033-11-03,,,294,,253,,,,,dspy_extracted,RWAY,2024-08-08,RWAY,2024-08-08
RealWear Inc.,Warrants,Software & Technology,,,N/A,,,2018-10-05,2028-10-05,112451,,178,,136,,,,,cost_suspicious_vs_size|dspy_extracted|fair_value_suspicious_vs_size,RWAY,2024-08-08,RWAY,2024-08-08
RealWear Inc.,Warrants,Software & Technology,,,N/A,,,2018-12-28,2028-12-28,22491,,36,,25,,,,,cost_suspicious_vs_size|dspy_extracted|fair_value_suspicious_vs_size,RWAY,2024-08-08,RWAY,2024-08-08
RealWear Inc.,Warrants,Software & Technology,,,N/A,,,2019-06-27,2029-06-27,123894,,196,,381,,,,,cost_suspicious_vs_size|dspy_extracted|fair_value_suspicious_vs_size,RWAY,2024-08-08,RWAY,2024-08-08
"Gynesonics, Inc.",First Lien,,8.75%,,SOFR,8.75 %,,,2026-11-30,,,23941,,,,,,,dspy_extracted,RWAY,2024-08-08,RWAY,2024-08-08
Coginiti Corp.,Common Equity,,,,N/A,,,,,,,112,,,,,,,dspy_extracted,RWAY,2024-08-08,RWAY,2024-08-08
"Gynesonics, Inc.",Preferred Equity,,,,N/A,,,,,,,21380,,,,,,,dspy_extracted,RWAY,2024-08-08,RWAY,2024-08-08
"Gynesonics, Inc.",Preferred Equity,,,,N/A,,,,,,,4503,,,,,,,dspy_extracted,RWAY,2024-08-08,RWAY,2024-08-08
Coginiti Corp.,Warrants,,,,N/A,,,,,,,85,,,,,,,dspy_extracted,RWAY,2024-08-08,RWAY,2024-08-08
"Gynesonics, Inc.",Warrants,,,,N/A,,,,,,,352,,,,,,,dspy_extracted,RWAY,2024-08-08,RWAY,2024-08-08
"Pivot3, Inc.",Common Equity,,,,N/A,,,,,,,960,,,,,,,dspy_extracted,RWAY,2024-08-08,RWAY,2024-08-08
Runway-Cadma I LLC,Common Equity,,,,N/A,,,,,,,519,,,,,,,dspy_extracted,RWAY,2024-08-08,RWAY,2024-08-08
3PL Central LLC,First Lien,,,,,,,,,,,—,,,,,,,dspy_extracted,RWAY,2024-08-08,RWAY,2024-08-08
Betterment Holdings Inc.,First Lien,,,,,,,,,,,5000,,,,,,,dspy_extracted,RWAY,2024-08-08,RWAY,2024-08-08
Blueshift Labs Inc.,First Lien,,,,,,,,,,,14500,,,,,,,dspy_extracted,RWAY,2024-08-08,RWAY,2024-08-08
Bombora Inc.,First Lien,,,,,,,,,,,2000,,,,,,,dspy_extracted,RWAY,2024-08-08,RWAY,2024-08-08
Brivo Inc.,First Lien,,,,,,,,,,,6000,,,,,,,dspy_extracted,RWAY,2024-08-08,RWAY,2024-08-08
CarNow Inc.,First Lien,,,,,,,,,,,12000,,,,,,,dspy_extracted,RWAY,2024-08-08,RWAY,2024-08-08
EBR Systems Inc.,First Lien,,,,,,,,,,,—,,,,,,,dspy_extracted,RWAY,2024-08-08,RWAY,2024-08-08
Interactions Corp.,First Lien,,,,,,,,,,,10000,,,,,,,dspy_extracted,RWAY,2024-08-08,RWAY,2024-08-08
Linxup LLC,First Lien,,,,,,,,,,,7500,,,,,,,dspy_extracted,RWAY,2024-08-08,RWAY,2024-08-08
Madison Reed Inc.,First Lien,,,,,,,,,,,—,,,,,,,dspy_extracted,RWAY,2024-08-08,RWAY,2024-08-08
Moximed Inc.,First Lien,,,,,,,,,,,15000,,,,,,,dspy_extracted,RWAY,2024-08-08,RWAY,2024-08-08
Nalu Medical Inc.,First Lien,Healthcare,,,,,,,,,,15000,,,,,,,dspy_extracted,RWAY,2024-08-08,RWAY,2024-08-08
Onward Medical N.V.,First Lien,Healthcare,,,,,,,,,,38982,,,,,,,dspy_extracted,RWAY,2024-08-08,RWAY,2024-08-08
Route 92 Medical Inc.,First Lien,Healthcare,,,,,,,,,,20000,,,,,,,dspy_extracted,RWAY,2024-08-08,RWAY,2024-08-08
Runway-Cadma I LLC,Other,,,,,,,,,,,34350,,,,,,,dspy_extracted,RWAY,2024-08-08,RWAY,2024-08-08
SetPoint Medical Corp.,First Lien,Healthcare,,,,,,,,,,40000,,,,,,,dspy_extracted,RWAY,2024-08-08,RWAY,2024-08-08
Skillshare Inc.,First Lien,,,,,,,,,,,—,,,,,,,dspy_extracted,RWAY,2024-08-08,RWAY,2024-08-08
Snagajob.com Inc.,First Lien,,,,,,,,,,,6785,,,,,,,dspy_extracted,RWAY,2024-08-08,RWAY,2024-08-08
Snagajob.com Inc.,Other Debt,,,,,,,,,,,2035,,,,,,,dspy_extracted,RWAY,2024-08-08,RWAY,2024-08-08
Synack Inc.,First Lien,,,,,,,,,,,25000,,,,,,,dspy_extracted,RWAY,2024-08-08,RWAY,2024-08-08
Airship Group Inc.,First Lien,Software & Technology,9.08%,3.00%,SOFR,3.75%,9.08%,2024-06-28,2028-06-15,48759,,47952,,48005,,,,,dspy_extracted,RWAY,2024-11-12,RWAY,2024-11-12
Blueshift Labs Inc.,First Lien,Software & Technology,11.25%,2.00%,SOFR,6.25%,11.25%,2023-12-19,2028-12-15,25886,,23777,,25573,,,,,dspy_extracted,RWAY,2024-11-12,RWAY,2024-11-12
Circadence Corp.,First Lien,Software & Technology,,,SOFR,9.50%,12.26%,2018-12-20,2025-12-15,23752,,20034,,25102,,,,,dspy_extracted,RWAY,2024-11-12,RWAY,2024-11-12
FiscalNote Inc.,First Lien,Software & Technology,9.00%,1.00%,Prime,5.00%,9.00%,2020-10-19,2027-07-15,38896,,37872,,40827,,,,,dspy_extracted,RWAY,2024-11-12,RWAY,2024-11-12
Snap! Mobile Inc.,First Lien,Software & Technology,12.10%,,SOFR,7.50%,12.10%,2024-09-30,2028-09-30,18000,,17431,,17431,,,,,dspy_extracted,RWAY,2024-11-12,RWAY,2024-11-12
VTX Intermediate Holdings Inc.,First Lien,Software & Technology,9.50%,,SOFR,9.00%,9.50%,2021-12-28,2026-12-28,91086,,89313,,92497,,,,,dspy_extracted,RWAY,2024-11-12,RWAY,2024-11-12
Betterment Holdings Inc.,First Lien,Financial Services,8.50%,,Prime,4.50%,8.50%,2023-10-06,2027-10-06,8000,,8058,,7905,,,,,dspy_extracted,RWAY,2024-11-12,RWAY,2024-11-12
Elevate Services Inc.,First Lien,Software & Technology,12.78%,,SOFR,7.50%,12.78%,2023-07-10,2027-07-10,26000,,26186,,25244,,,,,dspy_extracted,RWAY,2024-11-12,RWAY,2024-11-12
Interactions Corp.,First Lien,Software & Technology,9.76%,,SOFR,9.26%,9.76%,2022-06-24,2027-06-15,40000,,39723,,40236,,,,,dspy_extracted,RWAY,2024-11-12,RWAY,2024-11-12
Predactiv Inc.,First Lien,Software & Technology,11.86%,,SOFR,9.25%,11.86%,2018-12-03,2024-10-31,17678,,18506,,18302,,,,,dspy_extracted,RWAY,2024-11-12,RWAY,2024-11-12
Predactiv Inc.,First Lien,Software & Technology,10.86%,,SOFR,8.25%,10.86%,2020-08-18,2024-10-31,842,,881,,872,,,,,dspy_extracted,RWAY,2024-11-12,RWAY,2024-11-12
Vesta Payment Solutions Inc.,First Lien,Software & Technology,9.00%,,SOFR,7.00%,9.00%,2022-11-29,2026-11-15,25000,,22441,,25291,,,,,dspy_extracted,RWAY,2024-11-12,RWAY,2024-11-12
Brivo Inc.,First Lien,Software & Technology,10.89%,,SOFR,6.85%,10.89%,2022-10-20,2027-10-20,32293,,32725,,32424,,,,,dspy_extracted,RWAY,2024-11-12,RWAY,2024-11-12
Moximed Inc.,First Lien,Healthcare,8.75%,,Prime,5.25%,8.75%,2022-06-24,2027-07-01,15000,,15350,,15038,,,,,dspy_extracted,RWAY,2024-11-12,RWAY,2024-11-12
EBR Systems Inc.,First Lien,Healthcare,,,Prime,4.90 %,8.90 %,2022-06-30,2027-06-15,40000,39900,40067,,,,,,,dspy_extracted,RWAY,2024-11-12,RWAY,2024-11-12
Mingle Healthcare Solutions Inc.,First Lien,Healthcare,,,SOFR,9.75 %,12.26 %,2018-08-15,2026-12-15,4322,4952,2609,,,,,,,dspy_extracted,RWAY,2024-11-12,RWAY,2024-11-12
Nalu Medical Inc.,First Lien,Healthcare,,2.00 %,Prime,2.70 %,6.70 %,2022-10-12,2027-10-12,20797,20884,21355,,,,,,,dspy_extracted,RWAY,2024-11-12,RWAY,2024-11-12
Onward Medical N.V.,First Lien,Healthcare,,,SOFR,6.50 %,10.75 %,2024-06-28,2028-06-15,17088,16630,16630,,,,,,,dspy_extracted,RWAY,2024-11-12,RWAY,2024-11-12
Route 92 Medical Inc.,First Lien,Healthcare,,,SOFR,8.48 %,8.98 %,2021-08-17,2026-07-01,35000,34787,35664,,,,,,,dspy_extracted,RWAY,2024-11-12,RWAY,2024-11-12
SetPoint Medical Corp.,First Lien,Healthcare,,,SOFR,5.75 %,9.00 %,2022-12-29,2027-12-01,25000,25180,25760,,,,,,,dspy_extracted,RWAY,2024-11-12,RWAY,2024-11-12
Snagajob.com Inc.,First Lien,Business Services,,8.50 %,SOFR,,9.00 %,2021-09-29,2025-09-01,42297,42739,37325,,,,,,,dspy_extracted,RWAY,2024-11-12,RWAY,2024-11-12
Madison Reed Inc.,First Lien,Media & Entertainment,,,Prime,4.75 %,11.00 %,2022-12-16,2026-12-16,16159,16089,16210,,,,,,,dspy_extracted,RWAY,2024-11-12,RWAY,2024-11-12
Marley Spoon SE,First Lien,Media & Entertainment,,1.25 %,SOFR,7.50 %,8.26 %,2021-06-30,2027-06-15,38295,38258,36753,,,,,,,dspy_extracted,RWAY,2024-11-12,RWAY,2024-11-12
Bombora Inc.,First Lien,Media & Entertainment,,3.25 %,SOFR,4.75 %,6.75 %,2023-12-26,2028-01-15,28674,28620,28413,,,,,,,dspy_extracted,RWAY,2024-11-12,RWAY,2024-11-12
CarNow Inc.,First Lien,Media & Entertainment,,,SOFR,7.25 %,11.75 %,2024-03-22,2029-03-22,20000,17619,17698,,,,,,,dspy_extracted,RWAY,2024-11-12,RWAY,2024-11-12
Skillshare Inc.,First Lien,Media & Entertainment,,,SOFR,6.50 %,10.72 %,2022-11-08,2026-11-08,30000,30144,29502,,,,,,,dspy_extracted,RWAY,2024-11-12,RWAY,2024-11-12
Synack Inc.,First Lien,Media & Entertainment,,,SOFR,7.00 %,11.07 %,2023-12-29,2028-12-29,40000,39844,39893,,,,,,,dspy_extracted,RWAY,2024-11-12,RWAY,2024-11-12
Zinnia Corporate Holdings LLC,First Lien,Media & Entertainment,,,SOFR,8.00 %,10.00 %,2024-09-23,2029-09-21,40000,39202,39202,,,,,,,dspy_extracted|type_hint_corporate_from_name,RWAY,2024-11-12,RWAY,2024-11-12
Kin Insurance Inc.,First Lien,Insurance,,,Prime,6.25 %,12.50 %,2022-09-26,2026-09-15,75000,75675,76125,,,,,,,dspy_extracted,RWAY,2024-11-12,RWAY,2024-11-12
3PL Central LLC,First Lien,Software & Technology,,2.50 %,SOFR,4.50 %,6.50 %,2022-11-09,2027-11-09,71751,71741,69333,,,,,,,dspy_extracted,RWAY,2024-11-12,RWAY,2024-11-12
Linxup LLC,First Lien,Software & Technology,,,Prime,3.25 %,11.75 %,2023-11-03,2027-11-15,30000,29703,30556,,,,,,,dspy_extracted,RWAY,2024-11-12,RWAY,2024-11-12
Dejero Labs Inc.,Second Lien,Software & Technology,,2.00 %,SOFR,8.00 %,8.50 %,2021-12-22,2025-12-22,14390,14590,14501,,,,,,,dspy_extracted,RWAY,2024-11-12,RWAY,2024-11-12
Minute Media Inc.,Preferred Equity,Media & Entertainment,,,N/A,,,2023-12-13,,1039,,125,,120,,,,,dspy_extracted,RWAY,2024-11-12,RWAY,2024-11-12
Minute Media Inc.,Common Equity,Media & Entertainment,,,N/A,,,2023-12-13,,136,,14,,16,,,,,dspy_extracted,RWAY,2024-11-12,RWAY,2024-11-12
"Aria Systems, Inc.",Preferred Equity,Software & Technology,,,N/A,,,2018-07-10,,289419,,250,,250,,,,,cost_suspicious_vs_size|dspy_extracted|fair_value_suspicious_vs_size,RWAY,2024-11-12,RWAY,2024-11-12
"FiscalNote, Inc.",Common Equity,Software & Technology,,,N/A,,,2020-10-19,,230881,,296,,438,,,,,cost_suspicious_vs_size|dspy_extracted|fair_value_suspicious_vs_size,RWAY,2024-11-12,RWAY,2024-11-12
"CareCloud, Inc.",Preferred Equity,Healthcare,,,N/A,,,2020-01-08,,462064,,5526,,12132,,,,,cost_suspicious_vs_size|dspy_extracted|fair_value_suspicious_vs_size,RWAY,2024-11-12,RWAY,2024-11-12
"Snagajob.com, Inc.",Other,Business Services,,,N/A,,,2023-10-26,2026-12-31,1696,,,,1696,,,,,dspy_extracted,RWAY,2024-11-12,RWAY,2024-11-12
Marley Spoon SE,Common Equity,Consumer & Retail,,,N/A,,,2023-07-07,,46004,,60,,410,,,,,cost_suspicious_vs_size|dspy_extracted|fair_value_suspicious_vs_size,RWAY,2024-11-12,RWAY,2024-11-12
Quantum Corp.,Common Equity,Software & Technology,,,N/A,,,2021-08-13,,22986,,80,,2607,,,,,dspy_extracted|fair_value_suspicious_vs_size,RWAY,2024-11-12,RWAY,2024-11-12
"zSpace, Inc.",Common Equity,Software & Technology,,,N/A,,,2020-12-31,,6078499,,,,1119,,,,,cost_suspicious_vs_size|dspy_extracted,RWAY,2024-11-12,RWAY,2024-11-12
3DNA Corp.,Warrants,Software & Technology,,,N/A,,,2018-12-28,2028-12-28,273164,,,,104,,,,,cost_suspicious_vs_size|dspy_extracted,RWAY,2024-11-12,RWAY,2024-11-12
"Airship Group, Inc.",Warrants,Software & Technology,,,N/A,,,2024-06-28,2034-06-28,519313,,450,,414,,,,,cost_suspicious_vs_size|dspy_extracted|fair_value_suspicious_vs_size,RWAY,2024-11-12,RWAY,2024-11-12
"Aria Systems, Inc.",Warrants,Software & Technology,,,N/A,,,2018-06-29,2028-06-29,2387705,,1133,,1048,,,,,cost_suspicious_vs_size|dspy_extracted|fair_value_suspicious_vs_size,RWAY,2024-11-12,RWAY,2024-11-12
"Blueshift Labs, Inc.",Warrants,Software & Technology,,,N/A,,,2023-12-19,,,,188,,167,,,,,dspy_extracted,RWAY,2024-11-12,RWAY,2024-11-12
Circadence Corp.,Warrants,Software & Technology,,,N/A,,,2018-12-20,2028-12-20,1538462,,229,,3630,,,,,cost_suspicious_vs_size|dspy_extracted|fair_value_suspicious_vs_size,RWAY,2024-11-12,RWAY,2024-11-12
Circadence Corp.,Warrants,Software & Technology,,,N/A,,,2019-10-31,2029-10-31,384615,,57,,846,,,,,cost_suspicious_vs_size|dspy_extracted|fair_value_suspicious_vs_size,RWAY,2024-11-12,RWAY,2024-11-12
Circadence Corp.,Warrants,Software & Technology,,,N/A,,,2023-12-21,,,,287,,304,,,,,dspy_extracted,RWAY,2024-11-12,RWAY,2024-11-12
"Dtex Systems, Inc.",Warrants,Software & Technology,,,N/A,,,2018-06-01,2025-06-01,500000,,731,,59,,,,,cost_suspicious_vs_size|dspy_extracted|fair_value_suspicious_vs_size,RWAY,2024-11-12,RWAY,2024-11-12
"Dtex Systems, Inc.",Warrants,Software & Technology,,,N/A,,,2019-07-11,2026-07-11,833333,,1218,,115,,,,,cost_suspicious_vs_size|dspy_extracted|fair_value_suspicious_vs_size,RWAY,2024-11-12,RWAY,2024-11-12
"FiscalNote, Inc.",Warrants,Software & Technology,,,N/A,,,2022-07-29,2027-07-29,,,14,,127,,,,,dspy_extracted,RWAY,2024-11-12,RWAY,2024-11-12
"Snap! Mobile, Inc.",Warrants,Software & Technology,,,N/A,,,2024-09-30,2034-09-30,19140,,345,,345,,,,,cost_suspicious_vs_size|dspy_extracted|fair_value_suspicious_vs_size,RWAY,2024-11-12,RWAY,2024-11-12
"Betterment Holdings, Inc.",Warrants,Financial Services,,,N/A,,,2023-10-06,2033-10-06,7680,,63,,35,,,,,cost_suspicious_vs_size|dspy_extracted|fair_value_suspicious_vs_size,RWAY,2024-11-12,RWAY,2024-11-12
"Betterment Holdings, Inc.",Warrants,Financial Services,,,N/A,,,2023-10-06,2033-10-06,9818,,74,,40,,,,,cost_suspicious_vs_size|dspy_extracted|fair_value_suspicious_vs_size,RWAY,2024-11-12,RWAY,2024-11-12
"Mustang Bio, Inc.",Warrants,Healthcare,,,N/A,,,2022-03-04,2032-03-04,49869,,9,,315,,,,,cost_suspicious_vs_size|dspy_extracted|fair_value_suspicious_vs_size,RWAY,2024-11-12,RWAY,2024-11-12
"TRACON Pharmaceuticals, Inc.",Warrants,Healthcare,,,N/A,,,2022-09-02,2032-09-02,7538,,—,,226,,,,,dspy_extracted,RWAY,2024-11-12,RWAY,2024-11-12
"Massdrop, Inc.",Warrants,Consumer & Retail,,,N/A,,,2019-07-22,2029-07-22,848093,,—,,183,,,,,dspy_extracted,RWAY,2024-11-12,RWAY,2024-11-12
"Elevate Services, Inc.",Warrants,Software & Technology,,,N/A,,,2023-07-10,2033-07-10,248997,,444,,447,,,,,cost_suspicious_vs_size|dspy_extracted|fair_value_suspicious_vs_size,RWAY,2024-11-12,RWAY,2024-11-12
"Elevate Services, Inc.",Warrants,Software & Technology,,,N/A,,,2024-07-17,2034-07-17,74700,,133,,118,,,,,cost_suspicious_vs_size|dspy_extracted|fair_value_suspicious_vs_size,RWAY,2024-11-12,RWAY,2024-11-12
Interactions Corp.,Warrants,Software & Technology,,,N/A,,,2022-06-24,2032-06-24,189408,,16,,219,,,,,cost_suspicious_vs_size|dspy_extracted|fair_value_suspicious_vs_size,RWAY,2024-11-12,RWAY,2024-11-12
"Predactiv, Inc.",Warrants,Software & Technology,,,N/A,,,2018-12-03,2028-12-03,647615,,132,,2162,,,,,cost_suspicious_vs_size|dspy_extracted|fair_value_suspicious_vs_size,RWAY,2024-11-12,RWAY,2024-11-12
"Brivo, Inc.",Warrants,Software & Technology,,,N/A,,,2022-10-20,2032-10-20,201000,,154,,98,,,,,cost_suspicious_vs_size|dspy_extracted|fair_value_suspicious_vs_size,RWAY,2024-11-12,RWAY,2024-11-12
"Epic IO Technologies, Inc.",Warrants,Software & Technology,,,N/A,,,2021-12-17,2028-12-17,,,343,,505,,,,,dspy_extracted,RWAY,2024-11-12,RWAY,2024-11-12
"Moximed, Inc.",Warrants,Healthcare,,,N/A,,,2022-06-24,2032-06-24,214285,,11,,175,,,,,cost_suspicious_vs_size|dspy_extracted|fair_value_suspicious_vs_size,RWAY,2024-11-12,RWAY,2024-11-12
"Revelle Aesthetics, Inc.",Warrants,Healthcare,,,N/A,,,2022-03-30,2032-03-30,115591,,27,,126,,,,,cost_suspicious_vs_size|dspy_extracted|fair_value_suspicious_vs_size,RWAY,2024-11-12,RWAY,2024-11-12
"Allurion Technologies, Inc.",Warrants,Healthcare,,,N/A,,,2021-03-30,2031-03-30,132979,,1,,282,,,,,cost_suspicious_vs_size|dspy_extracted|fair_value_suspicious_vs_size,RWAY,2024-11-12,RWAY,2024-11-12
"Allurion Technologies, Inc.",Warrants,Healthcare,,,N/A,,,2022-06-14,2031-03-30,46256,,—,,141,,,,,dspy_extracted,RWAY,2024-11-12,RWAY,2024-11-12
"Allurion Technologies, Inc.",Warrants,Healthcare,,,N/A,,,2023-08-02,2028-08-01,,,1,,—,,,,,dspy_extracted,RWAY,2024-11-12,RWAY,2024-11-12
"EBR Systems, Inc.",Warrants,Healthcare,,,N/A,,,2022-06-30,2032-06-30,,,633,,605,,,,,dspy_extracted,RWAY,2024-11-12,RWAY,2024-11-12
"Mingle Healthcare Solutions, Inc.",Warrants,Healthcare,,,N/A,,,2018-08-15,2028-08-15,1770973,,—,,492,,,,,dspy_extracted,RWAY,2024-11-12,RWAY,2024-11-12
"Nalu Medical, Inc.",Warrants,Healthcare,,,N/A,,,2022-10-12,2032-10-12,91717,,74,,173,,,,,cost_suspicious_vs_size|dspy_extracted|fair_value_suspicious_vs_size,RWAY,2024-11-12,RWAY,2024-11-12
"Onward Medical, N.V.",Warrants,Healthcare,,,N/A,,,2024-06-28,2034-09-26,165338,,376,,340,,,,,cost_suspicious_vs_size|dspy_extracted|fair_value_suspicious_vs_size,RWAY,2024-11-12,RWAY,2024-11-12
"Route 92 Medical, Inc.",Warrants,Healthcare,,,N/A,,,2021-08-17,2031-08-17,,,847,,835,,,,,dspy_extracted,RWAY,2024-11-12,RWAY,2024-11-12
SetPoint Medical Corp.,Warrants,Healthcare,,,N/A,,,2021-06-29,2031-06-29,400000,,190,,14,,,,,cost_suspicious_vs_size|dspy_extracted|fair_value_suspicious_vs_size,RWAY,2024-11-12,RWAY,2024-11-12
SetPoint Medical Corp.,Warrants,Healthcare,,,N/A,,,2022-12-29,2032-12-29,600000,,285,,74,,,,,cost_suspicious_vs_size|dspy_extracted|fair_value_suspicious_vs_size,RWAY,2024-11-12,RWAY,2024-11-12
VERO Biotech LLC,Warrants,Healthcare,,,N/A,,,2020-12-29,2025-12-29,,,137,,377,,,,,dspy_extracted,RWAY,2024-11-12,RWAY,2024-11-12
"CloudPay, Inc.",Warrants,Business Services,,,N/A,,,2020-06-30,2030-06-30,11273,,1316,,218,,,,,cost_suspicious_vs_size|dspy_extracted,RWAY,2024-11-12,RWAY,2024-11-12
"CloudPay, Inc.",Warrants,Business Services,,,N/A,,,2021-08-17,2031-08-17,3502,,83,,52,,,,,cost_suspicious_vs_size|dspy_extracted|fair_value_suspicious_vs_size,RWAY,2024-11-12,RWAY,2024-11-12
"CloudPay, Inc.",Warrants,Business Services,,,N/A,,,2022-09-26,2032-09-26,5252,,125,,176,,,,,cost_suspicious_vs_size|dspy_extracted|fair_value_suspicious_vs_size,RWAY,2024-11-12,RWAY,2024-11-12
"Snagajob.com, Inc.",Warrants,Business Services,,,N/A,,,2021-09-29,2031-09-29,763269,,—,,343,,,,,dspy_extracted,RWAY,2024-11-12,RWAY,2024-11-12
Madison Reed Inc.,Warrants,Media & Entertainment,,,N/A,,,2022-12-16,,,,177,,209,,,,,dspy_extracted,RWAY,2024-11-12,RWAY,2024-11-12
Bombora Inc.,Warrants,Media & Entertainment,,,N/A,,,2021-03-31,2031-03-31,121581,,115,,174,,,,,cost_suspicious_vs_size|dspy_extracted|fair_value_suspicious_vs_size,RWAY,2024-11-12,RWAY,2024-11-12
Bombora Inc.,Warrants,Media & Entertainment,,,N/A,,,2023-12-26,2033-12-26,48632,,46,,43,,,,,cost_suspicious_vs_size|dspy_extracted|fair_value_suspicious_vs_size,RWAY,2024-11-12,RWAY,2024-11-12
CarNow Inc.,Warrants,Media & Entertainment,,,N/A,,,2024-03-22,2034-03-22,200000,,2720,,2400,,,,,cost_suspicious_vs_size|dspy_extracted|fair_value_suspicious_vs_size,RWAY,2024-11-12,RWAY,2024-11-12
INRIX Inc.,Warrants,Media & Entertainment,,,N/A,,,2019-07-26,2029-07-26,150804,,374,,522,,,,,cost_suspicious_vs_size|dspy_extracted|fair_value_suspicious_vs_size,RWAY,2024-11-12,RWAY,2024-11-12
Longtail Ad Solutions Inc.,Warrants,Media & Entertainment,,,N/A,,,2019-12-12,2029-12-12,387596,,315,,47,,,,,cost_suspicious_vs_size|dspy_extracted|fair_value_suspicious_vs_size,RWAY,2024-11-12,RWAY,2024-11-12
Skillshare Inc.,Warrants,Media & Entertainment,,,N/A,,,2022-11-08,,,,405,,301,,,,,dspy_extracted,RWAY,2024-11-12,RWAY,2024-11-12
Synack Inc.,Warrants,Media & Entertainment,,,N/A,,,2023-12-29,2032-06-30,116908,,175,,147,,,,,cost_suspicious_vs_size|dspy_extracted|fair_value_suspicious_vs_size,RWAY,2024-11-12,RWAY,2024-11-12
Kin Insurance Inc.,Warrants,Insurance,,,N/A,,,2022-09-26,2032-09-26,41576,,322,,302,,,,,cost_suspicious_vs_size|dspy_extracted|fair_value_suspicious_vs_size,RWAY,2024-11-12,RWAY,2024-11-12
Kin Insurance Inc.,Warrants,Insurance,,,N/A,,,2023-05-05,2032-09-26,11549,,89,,69,,,,,cost_suspicious_vs_size|dspy_extracted|fair_value_suspicious_vs_size,RWAY,2024-11-12,RWAY,2024-11-12
Kin Insurance Inc.,Warrants,Insurance,,,N/A,,,2023-08-25,2032-09-26,9239,,72,,55,,,,,cost_suspicious_vs_size|dspy_extracted|fair_value_suspicious_vs_size,RWAY,2024-11-12,RWAY,2024-11-12
AllClear ID Inc.,Warrants,Business Services,,,N/A,,,2017-08-31,2027-08-31,523893,,,,1053,,,,,cost_suspicious_vs_size|dspy_extracted,RWAY,2024-11-12,RWAY,2024-11-12
AllClear ID Inc.,Warrants,Business Services,,,N/A,,,2018-10-17,2027-08-31,346621,,,,697,,,,,cost_suspicious_vs_size|dspy_extracted,RWAY,2024-11-12,RWAY,2024-11-12
Credit Sesame Inc.,Warrants,Business Services,,,N/A,,,2020-01-07,2030-01-07,191601,,365,,425,,,,,cost_suspicious_vs_size|dspy_extracted|fair_value_suspicious_vs_size,RWAY,2024-11-12,RWAY,2024-11-12
Dejero Labs Inc.,Warrants,Software & Technology,,,N/A,,,2019-05-31,2029-05-31,333621,,279,,192,,,,,cost_suspicious_vs_size|dspy_extracted|fair_value_suspicious_vs_size,RWAY,2024-11-12,RWAY,2024-11-12
Linxup LLC,Warrants,Software & Technology,,,N/A,,,2023-11-03,2033-11-03,,,247,,253,,,,,dspy_extracted,RWAY,2024-11-12,RWAY,2024-11-12
Scale Computing Inc.,Warrants,Software & Technology,,,N/A,,,2019-03-29,2029-03-29,9665667,,,,346,,,,,cost_suspicious_vs_size|dspy_extracted,RWAY,2024-11-12,RWAY,2024-11-12
RealWear Inc.,Warrants,Software & Technology,,,N/A,,,2018-10-05,2028-10-05,112451,,180,,136,,,,,cost_suspicious_vs_size|dspy_extracted|fair_value_suspicious_vs_size,RWAY,2024-11-12,RWAY,2024-11-12
RealWear Inc.,Warrants,Software & Technology,,,N/A,,,2018-12-28,2028-12-28,22491,,36,,25,,,,,cost_suspicious_vs_size|dspy_extracted|fair_value_suspicious_vs_size,RWAY,2024-11-12,RWAY,2024-11-12
RealWear Inc.,Warrants,Software & Technology,,,N/A,,,2019-06-27,2029-06-27,123894,,166,,381,,,,,cost_suspicious_vs_size|dspy_extracted|fair_value_suspicious_vs_size,RWAY,2024-11-12,RWAY,2024-11-12
"Blueshift Labs, Inc.",Other Debt,Software & Technology,,2.00 %,SOFR,6.25 %,11.25 %,2023-12-19,2028-12-15,25500,25083,25083,,25500,,,,,dspy_extracted,RWAY,2024-11-12,RWAY,2024-11-12
Circadence Corp.,Other Debt,Software & Technology,,,Prime,9.50 %,12.26 %,2018-12-20,2024-03-15,23147,24281,19028,,23147,,,,,dspy_extracted,RWAY,2024-11-12,RWAY,2024-11-12
"FiscalNote, Inc.",Other Debt,Software & Technology,,1.00 %,Prime,5.00 %,9.00 %,2020-10-19,2027-07-15,65916,65868,64615,,65916,,,,,dspy_extracted,RWAY,2024-11-12,RWAY,2024-11-12
"VTX Intermediate Holdings, Inc.",Other Debt,Software & Technology,,,SOFR,9.00 %,9.50 %,2021-12-28,2026-12-28,87971,88747,87814,,87971,,,,,dspy_extracted,RWAY,2024-11-12,RWAY,2024-11-12
"Betterment Holdings, Inc.",Other Debt,Financial Services,,,Prime,4.50 %,8.50 %,2023-10-06,2027-10-06,8000,7888,7860,,8000,,,,,dspy_extracted,RWAY,2024-11-12,RWAY,2024-11-12
"Elevate Services, Inc.",Other Debt,Business Services,,,SOFR,7.50 %,12.78 %,2023-07-10,2027-07-10,20000,19424,19424,,20000,,,,,dspy_extracted,RWAY,2024-11-12,RWAY,2024-11-12
Interactions Corp.,Other Debt,Business Services,,,SOFR,9.26 %,9.76 %,2022-06-24,2027-06-15,40000,39907,39945,,40000,,,,,dspy_extracted,RWAY,2024-11-12,RWAY,2024-11-12
"ShareThis, Inc.",Other Debt,Business Services,,,SOFR,9.25 %,11.86 %,2018-12-03,2024-09-30,19950,20503,19895,,19950,,,,,dspy_extracted,RWAY,2024-11-12,RWAY,2024-11-12
"ShareThis, Inc.",Other Debt,Business Services,,,SOFR,8.25 %,10.86 %,2020-08-18,2024-09-30,950,978,947,,950,,,,,dspy_extracted,RWAY,2024-11-12,RWAY,2024-11-12
"Vesta Payment Solutions, Inc.",Other Debt,Business Services,,,SOFR,7.00 %,9.00 %,2022-11-29,2026-11-15,25000,24769,24370,,25000,,,,,dspy_extracted,RWAY,2024-11-12,RWAY,2024-11-12
"Turning Tech Intermediate, Inc.",Other Debt,Education,,,SOFR,8.50 %,9.00 %,2021-06-22,2025-12-14,25218,25702,25796,,25218,,,,,dspy_extracted,RWAY,2024-11-12,RWAY,2024-11-12
"Brivo, Inc.",Other Debt,Software & Technology,,,SOFR,6.85 %,10.89 %,2022-10-20,2027-10-20,26293,26323,26790,,26293,,,,,dspy_extracted,RWAY,2024-11-12,RWAY,2024-11-12
"Moximed, Inc.",Other Debt,Healthcare,,,Prime,5.25 %,8.75 %,2022-06-24,2027-07-01,15000,14919,15284,,15000,,,,,dspy_extracted,RWAY,2024-11-12,RWAY,2024-11-12
"EBR Systems, Inc.",Other Debt,Healthcare,,,Prime,4.90 %,8.90 %,2022-06-30,2027-06-15,40000,39496,40337,,40000,,,,,dspy_extracted,RWAY,2024-11-12,RWAY,2024-11-12
"Mingle Healthcare Solutions, Inc.",Other Debt,Healthcare,,,SOFR,9.75 %,12.26 %,2018-08-15,2026-12-15,4322,4952,3791,,4322,,,,,dspy_extracted,RWAY,2024-11-12,RWAY,2024-11-12
"Nalu Medical, Inc.",Other Debt,Healthcare,,2.00 %,Prime,2.70 %,6.70 %,2022-10-12,2027-10-12,20482,20395,21191,,20482,,,,,dspy_extracted,RWAY,2024-11-12,RWAY,2024-11-12
"Route 92 Medical, Inc.",Other Debt,Healthcare,,,SOFR,8.48 %,8.98 %,2021-08-17,2026-07-01,35000,34239,35435,,35000,,,,,dspy_extracted,RWAY,2024-11-12,RWAY,2024-11-12
SetPoint Medical Corp.,Other Debt,Healthcare,,,SOFR,5.75 %,9.00 %,2022-12-29,2027-12-01,25000,25014,25450,,25000,,,,,dspy_extracted,RWAY,2024-11-12,RWAY,2024-11-12
CloudPay Inc.,First Lien,Business Services,6.25 %,,Prime,,10.25 %,2022-09-26,2027-08-17,75000,,75465,,74939,,,,,dspy_extracted,RWAY,2024-11-12,RWAY,2024-11-12
Snagajob.com Inc.,First Lien,Business Services,,8.50 %,SOFR,,9.00 %,2021-09-29,2025-09-01,40825,,36541,,41170,,,,,dspy_extracted,RWAY,2024-11-12,RWAY,2024-11-12
Madison Reed Inc.,First Lien,Consumer & Retail,4.75 %,,Prime,,11.00 %,2022-12-16,2026-12-16,10913,,10847,,10784,,,,,dspy_extracted,RWAY,2024-11-12,RWAY,2024-11-12
Marley Spoon SE,First Lien,Consumer & Retail,,1.25 %,SOFR,7.50 %,8.26 %,2021-06-30,2026-06-15,44983,,44462,,44836,,,,,dspy_extracted,RWAY,2024-11-12,RWAY,2024-11-12
Bombora Inc.,First Lien,Software & Technology,,3.25 %,SOFR,4.75 %,6.75 %,2023-12-26,2028-01-15,28000,,27879,,27879,,,,,dspy_extracted,RWAY,2024-11-12,RWAY,2024-11-12
Skillshare Inc.,First Lien,Software & Technology,,,SOFR,6.50 %,10.72 %,2022-11-08,2026-11-08,30000,,29183,,29765,,,,,dspy_extracted,RWAY,2024-11-12,RWAY,2024-11-12
Synack Inc.,First Lien,Software & Technology,,,SOFR,7.00 %,11.07 %,2023-12-29,2028-12-29,40000,,39758,,39758,,,,,dspy_extracted,RWAY,2024-11-12,RWAY,2024-11-12
Kin Insurance Inc.,First Lien,Insurance,6.25 %,,Prime,,12.50 %,2022-09-26,2026-09-15,75000,,74767,,74877,,,,,dspy_extracted,RWAY,2024-11-12,RWAY,2024-11-12
3PL Central LLC,First Lien,Software & Technology,,2.50 %,SOFR,4.50 %,6.50 %,2022-11-09,2027-11-09,70395,,69066,,70064,,,,,dspy_extracted,RWAY,2024-11-12,RWAY,2024-11-12
Linxup LLC,First Lien,Software & Technology,3.25 %,,Prime,,11.75 %,2023-11-03,2027-11-15,30000,,29490,,29490,,,,,dspy_extracted,RWAY,2024-11-12,RWAY,2024-11-12
Dejero Labs Inc.,Second Lien,Software & Technology,,2.00 %,SOFR,8.00 %,8.50 %,2021-12-22,2025-12-22,14172,,14399,,14278,,,,,dspy_extracted,RWAY,2024-11-12,RWAY,2024-11-12
Minute Media Inc.,Preferred Equity,Media & Entertainment,,,N/A,,,2023-12-13,,1030,,120,,120,,,,,dspy_extracted,RWAY,2024-11-12,RWAY,2024-11-12
Minute Media Inc.,Common Equity,Media & Entertainment,,,N/A,,,2023-12-13,,134,,16,,16,,,,,dspy_extracted,RWAY,2024-11-12,RWAY,2024-11-12
"Aria Systems, Inc.",Preferred Equity,Software & Technology,,,N/A,,,2018-07-10,,289419,,127,,250,,,,,cost_suspicious_vs_size|dspy_extracted|fair_value_suspicious_vs_size,RWAY,2024-11-12,RWAY,2024-11-12
"FiscalNote, Inc.",Common Equity,Software & Technology,,,N/A,,,2020-10-19,,230881,,263,,438,,,,,cost_suspicious_vs_size|dspy_extracted|fair_value_suspicious_vs_size,RWAY,2024-11-12,RWAY,2024-11-12
"CareCloud, Inc.",Preferred Equity,Healthcare,11%,,N/A,,,2020-01-08,,462064,,3553,,12132,,,,,cost_suspicious_vs_size|dspy_extracted|fair_value_suspicious_vs_size,RWAY,2024-11-12,RWAY,2024-11-12
"Snagajob.com, Inc.",Other Debt,Business Services,,,N/A,,,2023-10-26,2026-12-31,1357,,1357,,1357,,,,,dspy_extracted,RWAY,2024-11-12,RWAY,2024-11-12
Marley Spoon SE,Common Equity,Consumer & Retail,,,N/A,,,2023-07-07,,46004,,125,,410,,,,,cost_suspicious_vs_size|dspy_extracted|fair_value_suspicious_vs_size,RWAY,2024-11-12,RWAY,2024-11-12
Quantum Corp.,Common Equity,Software & Technology,,,N/A,,,2021-08-13,,459720,,160,,2607,,,,,cost_suspicious_vs_size|dspy_extracted|fair_value_suspicious_vs_size,RWAY,2024-11-12,RWAY,2024-11-12
"Aria Systems, Inc.",Warrants,Software & Technology,,,N/A,,,2018-06-29,2028-06-29,2387705,,1048,,1048,,,,,cost_suspicious_vs_size|dspy_extracted|fair_value_suspicious_vs_size,RWAY,2024-11-12,RWAY,2024-11-12
"Blueshift Labs, Inc.",Warrants,Software & Technology,,,N/A,,,2023-12-19,,,,167,,167,,,,,dspy_extracted,RWAY,2024-11-12,RWAY,2024-11-12
Circadence Corp.,Warrants,Software & Technology,,,N/A,,,2018-12-20,2028-12-20,1538462,,48,,3630,,,,,cost_suspicious_vs_size|dspy_extracted|fair_value_suspicious_vs_size,RWAY,2024-11-12,RWAY,2024-11-12
Circadence Corp.,Warrants,Software & Technology,,,N/A,,,2019-10-31,2029-10-31,384615,,12,,846,,,,,cost_suspicious_vs_size|dspy_extracted|fair_value_suspicious_vs_size,RWAY,2024-11-12,RWAY,2024-11-12
Circadence Corp.,Warrants,Software & Technology,,,N/A,,,2023-12-21,,,,283,,304,,,,,dspy_extracted,RWAY,2024-11-12,RWAY,2024-11-12
"Dtex Systems, Inc.",Warrants,Software & Technology,,,N/A,,,2018-06-01,2025-06-01,500000,,233,,59,,,,,cost_suspicious_vs_size|dspy_extracted|fair_value_suspicious_vs_size,RWAY,2024-11-12,RWAY,2024-11-12
"Dtex Systems, Inc.",Warrants,Software & Technology,,,N/A,,,2019-07-11,2026-07-11,833333,,389,,115,,,,,cost_suspicious_vs_size|dspy_extracted|fair_value_suspicious_vs_size,RWAY,2024-11-12,RWAY,2024-11-12
"FiscalNote, Inc.",Warrants,Software & Technology,,,N/A,,,2022-07-29,2027-07-29,,,16,,127,,,,,dspy_extracted,RWAY,2024-11-12,RWAY,2024-11-12
"Betterment Holdings, Inc.",Warrants,Financial Services,,,N/A,,,2023-10-06,2033-10-06,7680,,146,,35,,,,,cost_suspicious_vs_size|dspy_extracted|fair_value_suspicious_vs_size,RWAY,2024-11-12,RWAY,2024-11-12
"Betterment Holdings, Inc.",Warrants,Financial Services,,,N/A,,,2023-10-06,2033-10-06,9818,,15,,40,,,,,cost_suspicious_vs_size|dspy_extracted|fair_value_suspicious_vs_size,RWAY,2024-11-12,RWAY,2024-11-12
Mustang Bio Inc.,Warrants,Healthcare,,,N/A,,,2022-03-04,2032-03-04,748036,,39,,315,,,,,cost_suspicious_vs_size|dspy_extracted|fair_value_suspicious_vs_size,RWAY,2024-11-12,RWAY,2024-11-12
TRACON Pharmaceuticals Inc.,Warrants,Healthcare,,,N/A,,,2022-09-02,2032-09-02,150753,,12,,226,,,,,cost_suspicious_vs_size|dspy_extracted|fair_value_suspicious_vs_size,RWAY,2024-11-12,RWAY,2024-11-12
Massdrop Inc.,Warrants,Consumer & Retail,,,N/A,,,2019-07-22,2029-07-22,848093,,,,183,,,,,cost_suspicious_vs_size|dspy_extracted,RWAY,2024-11-12,RWAY,2024-11-12
Elevate Services Inc.,Warrants,Software & Technology,,,N/A,,,2023-07-10,2033-07-10,248997,,384,,447,,,,,cost_suspicious_vs_size|dspy_extracted|fair_value_suspicious_vs_size,RWAY,2024-11-12,RWAY,2024-11-12
Interactions Corp.,Warrants,Software & Technology,,,N/A,,,2022-06-24,2032-06-24,189408,,67,,219,,,,,cost_suspicious_vs_size|dspy_extracted|fair_value_suspicious_vs_size,RWAY,2024-11-12,RWAY,2024-11-12
ShareThis Inc.,Warrants,Software & Technology,,,N/A,,,2018-12-03,2028-12-03,647615,,803,,2162,,,,,cost_suspicious_vs_size|dspy_extracted|fair_value_suspicious_vs_size,RWAY,2024-11-12,RWAY,2024-11-12
Brivo Inc.,Warrants,Software & Technology,,,N/A,,,2022-10-20,2032-10-20,201000,,322,,98,,,,,cost_suspicious_vs_size|dspy_extracted|fair_value_suspicious_vs_size,RWAY,2024-11-12,RWAY,2024-11-12
Epic IO Technologies Inc.,Warrants,Software & Technology,,,N/A,,,2021-12-17,2028-12-17,,,423,,505,,,,,dspy_extracted,RWAY,2024-11-12,RWAY,2024-11-12
Moximed Inc.,Warrants,Healthcare,,,N/A,,,2022-06-24,2032-06-24,214285,,138,,175,,,,,cost_suspicious_vs_size|dspy_extracted|fair_value_suspicious_vs_size,RWAY,2024-11-12,RWAY,2024-11-12
Revelle Aesthetics Inc.,Warrants,Healthcare,,,N/A,,,2022-03-30,2032-03-30,115591,,102,,126,,,,,cost_suspicious_vs_size|dspy_extracted|fair_value_suspicious_vs_size,RWAY,2024-11-12,RWAY,2024-11-12
Allurion Technologies Inc.,Warrants,Healthcare,,,N/A,,,2021-03-30,2025-01-22,132979,,15,,282,,,,,cost_suspicious_vs_size|dspy_extracted|fair_value_suspicious_vs_size,RWAY,2024-11-12,RWAY,2024-11-12
Allurion Technologies Inc.,Warrants,Healthcare,,,N/A,,,2022-06-14,2025-01-22,46256,,,,141,,,,,cost_suspicious_vs_size|dspy_extracted,RWAY,2024-11-12,RWAY,2024-11-12
Allurion Technologies Inc.,Warrants,Healthcare,,,N/A,,,2023-08-02,2028-08-01,,,77,,,,,,,dspy_extracted,RWAY,2024-11-12,RWAY,2024-11-12
EBR Systems Inc.,Warrants,Healthcare,,,N/A,,,2022-06-30,2032-06-30,,,690,,605,,,,,dspy_extracted,RWAY,2024-11-12,RWAY,2024-11-12
Mingle Healthcare Solutions Inc.,Warrants,Healthcare,,,N/A,,,2018-08-15,2028-08-15,1770973,,,,492,,,,,cost_suspicious_vs_size|dspy_extracted,RWAY,2024-11-12,RWAY,2024-11-12
Nalu Medical Inc.,Warrants,Healthcare,,,N/A,,,2022-10-12,2032-10-12,91717,,99,,173,,,,,cost_suspicious_vs_size|dspy_extracted|fair_value_suspicious_vs_size,RWAY,2024-11-12,RWAY,2024-11-12
Route 92 Medical Inc.,Warrants,Healthcare,,,N/A,,,2021-08-17,2031-08-17,,,897,,835,,,,,dspy_extracted,RWAY,2024-11-12,RWAY,2024-11-12
SetPoint Medical Corp.,Warrants,Healthcare,,,N/A,,,2021-06-29,2031-06-29,400000,,133,,14,,,,,cost_suspicious_vs_size|dspy_extracted|fair_value_suspicious_vs_size,RWAY,2024-11-12,RWAY,2024-11-12
SetPoint Medical Corp.,Warrants,Healthcare,,,N/A,,,2022-12-29,2032-12-29,600000,,199,,74,,,,,cost_suspicious_vs_size|dspy_extracted|fair_value_suspicious_vs_size,RWAY,2024-11-12,RWAY,2024-11-12
VERO Biotech LLC,Warrants,Healthcare,,,N/A,,,2020-12-29,2025-12-29,,,396,,377,,,,,dspy_extracted,RWAY,2024-11-12,RWAY,2024-11-12
CloudPay Inc.,Warrants,Business Services,,,N/A,,,2020-06-30,2030-06-30,11273,,1001,,218,,,,,cost_suspicious_vs_size|dspy_extracted,RWAY,2024-11-12,RWAY,2024-11-12
CloudPay Inc.,Warrants,Business Services,,,N/A,,,2021-08-17,2031-08-17,3502,,95,,52,,,,,cost_suspicious_vs_size|dspy_extracted|fair_value_suspicious_vs_size,RWAY,2024-11-12,RWAY,2024-11-12
CloudPay Inc.,Warrants,Business Services,,,N/A,,,2022-09-26,2032-09-26,5252,,143,,176,,,,,cost_suspicious_vs_size|dspy_extracted|fair_value_suspicious_vs_size,RWAY,2024-11-12,RWAY,2024-11-12
Snagajob.com Inc.,Warrants,Business Services,,,N/A,,,2021-09-29,2031-09-29,763269,,,,343,,,,,cost_suspicious_vs_size|dspy_extracted,RWAY,2024-11-12,RWAY,2024-11-12
Madison Reed Inc.,Warrants,Consumer & Retail,,,N/A,,,2022-12-16,,,,154,,143,,,,,dspy_extracted,RWAY,2024-11-12,RWAY,2024-11-12
"Bombora, Inc.",Warrants,Software & Technology,,,N/A,,,2021-03-31,2031-03-31,121581,,104,,174,,,,,cost_suspicious_vs_size|dspy_extracted|fair_value_suspicious_vs_size,RWAY,2024-11-12,RWAY,2024-11-12
"Bombora, Inc.",Warrants,Software & Technology,,,N/A,,,2023-12-26,2033-12-26,48632,,41,,43,,,,,cost_suspicious_vs_size|dspy_extracted|fair_value_suspicious_vs_size,RWAY,2024-11-12,RWAY,2024-11-12
"INRIX, Inc.",Warrants,Software & Technology,,,N/A,,,2019-07-26,2029-07-26,150804,,735,,522,,,,,cost_suspicious_vs_size|dspy_extracted|fair_value_suspicious_vs_size,RWAY,2024-11-12,RWAY,2024-11-12
"Longtail Ad Solutions, Inc.",Warrants,Software & Technology,,,N/A,,,2019-12-12,2029-12-12,387596,,321,,47,,,,,cost_suspicious_vs_size|dspy_extracted|fair_value_suspicious_vs_size,RWAY,2024-11-12,RWAY,2024-11-12
"Skillshare, Inc.",Warrants,Software & Technology,,,N/A,,,2022-11-08,2026-11-08,,,294,,301,,,,,dspy_extracted,RWAY,2024-11-12,RWAY,2024-11-12
"Synack, Inc.",Warrants,Software & Technology,,,N/A,,,2023-12-29,2032-06-30,116908,,147,,147,,,,,cost_suspicious_vs_size|dspy_extracted|fair_value_suspicious_vs_size,RWAY,2024-11-12,RWAY,2024-11-12
"Kin Insurance, Inc.",Warrants,Insurance,,,N/A,,,2022-09-26,2032-09-26,41576,,292,,302,,,,,cost_suspicious_vs_size|dspy_extracted|fair_value_suspicious_vs_size,RWAY,2024-11-12,RWAY,2024-11-12
"Kin Insurance, Inc.",Warrants,Insurance,,,N/A,,,2023-05-05,2032-09-26,11549,,81,,69,,,,,cost_suspicious_vs_size|dspy_extracted|fair_value_suspicious_vs_size,RWAY,2024-11-12,RWAY,2024-11-12
"Kin Insurance, Inc.",Warrants,Insurance,,,N/A,,,2023-08-25,2032-09-26,9239,,65,,55,,,,,cost_suspicious_vs_size|dspy_extracted|fair_value_suspicious_vs_size,RWAY,2024-11-12,RWAY,2024-11-12
"AllClear ID, Inc.",Warrants,Business Services,,,N/A,,,2017-08-31,2027-08-31,523893,,,,1053,,,,,cost_suspicious_vs_size|dspy_extracted,RWAY,2024-11-12,RWAY,2024-11-12
"AllClear ID, Inc.",Warrants,Business Services,,,N/A,,,2018-10-17,2027-08-31,346621,,,,697,,,,,cost_suspicious_vs_size|dspy_extracted,RWAY,2024-11-12,RWAY,2024-11-12
"Credit Sesame, Inc.",Warrants,Business Services,,,N/A,,,2020-01-07,2030-01-07,191601,,373,,425,,,,,cost_suspicious_vs_size|dspy_extracted|fair_value_suspicious_vs_size,RWAY,2024-11-12,RWAY,2024-11-12
Dejero Labs Inc.,Warrants,Software & Technology,,,N/A,,,2019-05-31,2029-05-31,333621,,268,,192,,,,,cost_suspicious_vs_size|dspy_extracted|fair_value_suspicious_vs_size,RWAY,2024-11-12,RWAY,2024-11-12
"Linxup, LLC",Warrants,Software & Technology,,,N/A,,,2023-11-03,2033-11-03,,,294,,253,,,,,dspy_extracted,RWAY,2024-11-12,RWAY,2024-11-12
"Scale Computing, Inc.",Warrants,Software & Technology,,,N/A,,,2019-03-29,2029-03-29,9665667,,,,346,,,,,cost_suspicious_vs_size|dspy_extracted,RWAY,2024-11-12,RWAY,2024-11-12
"RealWear, Inc.",Warrants,Software & Technology,,,N/A,,,2018-10-05,2028-10-05,112451,,178,,136,,,,,cost_suspicious_vs_size|dspy_extracted|fair_value_suspicious_vs_size,RWAY,2024-11-12,RWAY,2024-11-12
"RealWear, Inc.",Warrants,Software & Technology,,,N/A,,,2018-12-28,2028-12-28,22491,,36,,25,,,,,cost_suspicious_vs_size|dspy_extracted|fair_value_suspicious_vs_size,RWAY,2024-11-12,RWAY,2024-11-12
"RealWear, Inc.",Warrants,Software & Technology,,,N/A,,,2019-06-27,2029-06-27,123894,,196,,381,,,,,cost_suspicious_vs_size|dspy_extracted|fair_value_suspicious_vs_size,RWAY,2024-11-12,RWAY,2024-11-12
Gynesonics Inc.,Other Debt,,8.75 %,,SOFR,,8.00 %,,2026-11-30,,,26041,,,,,,,dspy_extracted,RWAY,2024-11-12,RWAY,2024-11-12
Coginiti Corp.,Common Equity,,,,N/A,,,,,,,104,,,,,,,dspy_extracted,RWAY,2024-11-12,RWAY,2024-11-12
Gynesonics Inc.,Preferred Equity,,,,N/A,,,,,,,23969,,,,,,,dspy_extracted,RWAY,2024-11-12,RWAY,2024-11-12
Gynesonics Inc.,Preferred Equity,,,,N/A,,,,,,,8328,,,,,,,dspy_extracted,RWAY,2024-11-12,RWAY,2024-11-12
Coginiti Corp.,Warrants,,,,N/A,,,,,,,79,,,,,,,dspy_extracted,RWAY,2024-11-12,RWAY,2024-11-12
Gynesonics Inc.,Warrants,,,,N/A,,,,,,,448,,,,,,,dspy_extracted,RWAY,2024-11-12,RWAY,2024-11-12
Pivot3 Inc.,Common Equity,,,,N/A,,,,,,,1198,,,,,,,dspy_extracted,RWAY,2024-11-12,RWAY,2024-11-12
Runway-Cadma I LLC,Common Equity,,,,N/A,,,,,,,5528,,,,,,,dspy_extracted,RWAY,2024-11-12,RWAY,2024-11-12
"Betterment Holdings, Inc.",First Lien,,,,,,,,,,5000,,,,,,,,dspy_extracted,RWAY,2024-11-12,RWAY,2024-11-12
"Blueshift Labs, Inc.",First Lien,,,,,,,,,,14500,,,,,,,,dspy_extracted,RWAY,2024-11-12,RWAY,2024-11-12
"Bombora, Inc.",First Lien,,,,,,,,,,2000,,,,,,,,dspy_extracted,RWAY,2024-11-12,RWAY,2024-11-12
"CarNow, Inc.",First Lien,,,,,,,,,,12000,,,,,,,,dspy_extracted,RWAY,2024-11-12,RWAY,2024-11-12
"Elevate Services, Inc.",First Lien,Business Services,,,,,,,,,14000,,,,,,,,dspy_extracted,RWAY,2024-11-12,RWAY,2024-11-12
Interactions Corp.,First Lien,,,,,,,,,,10000,,,,,,,,dspy_extracted,RWAY,2024-11-12,RWAY,2024-11-12
"Linxup, LLC",First Lien,,,,,,,,,,7500,,,,,,,,dspy_extracted,RWAY,2024-11-12,RWAY,2024-11-12
"Moximed, Inc.",First Lien,,,,,,,,,,15000,,,,,,,,dspy_extracted,RWAY,2024-11-12,RWAY,2024-11-12
"Nalu Medical, Inc.",First Lien,Healthcare,,,,,,,,,15000,,,,,,,,dspy_extracted,RWAY,2024-11-12,RWAY,2024-11-12
"Onward Medical, N.V.",First Lien,Healthcare,,,,,,,,,38982,,,,,,,,dspy_extracted,RWAY,2024-11-12,RWAY,2024-11-12
"Route 92 Medical, Inc.",First Lien,Healthcare,,,,,,,,,20000,,,,,,,,dspy_extracted,RWAY,2024-11-12,RWAY,2024-11-12
Runway-Cadma I LLC,Other,,,,,,,,,,29400,,,,,,,,dspy_extracted,RWAY,2024-11-12,RWAY,2024-11-12
SetPoint Medical Corp.,First Lien,Healthcare,,,,,,,,,40000,,,,,,,,dspy_extracted,RWAY,2024-11-12,RWAY,2024-11-12
"Snagajob.com, Inc.",Other Debt,,,,,,,,,,1696,,,,,,,,dspy_extracted,RWAY,2024-11-12,RWAY,2024-11-12
"Snap! Mobile, Inc.",First Lien,,,,,,,,,,5000,,,,,,,,dspy_extracted,RWAY,2024-11-12,RWAY,2024-11-12
"Synack, Inc.",First Lien,,,,,,,,,,25000,,,,,,,,dspy_extracted,RWAY,2024-11-12,RWAY,2024-11-12
"Zinnia Corporate Holdings, LLC",First Lien,,,,,,,,,,5333,,,,,,,,dspy_extracted|type_hint_corporate_from_name,RWAY,2024-11-12,RWAY,2024-11-12
Airship Group Inc.,First Lien,Software & Technology,,3.00 %,SOFR,3.75 %,9.08 %,2024-06-28,2028-06-15,49129,48508,49442,,,,,,,dspy_extracted,RWAY,2025-03-20,RWAY,2025-03-20
Blueshift Labs Inc.,First Lien,Software & Technology,,2.00 %,SOFR,6.25 %,11.25 %,2023-12-19,2028-12-15,26018,25743,23664,,,,,,,dspy_extracted,RWAY,2025-03-20,RWAY,2025-03-20
Blueshift Labs Inc.,First Lien,Software & Technology,,,,,,2024-12-12,2028-12-15,500,500,455,,,,,,,dspy_extracted,RWAY,2025-03-20,RWAY,2025-03-20
Circadence Corp.,First Lien,Software & Technology,,,SOFR,9.50 %,12.26 %,2018-12-20,2025-12-15,23752,25102,20492,,,,,,,dspy_extracted,RWAY,2025-03-20,RWAY,2025-03-20
FiscalNote Inc.,First Lien,Software & Technology,,1.00 %,Prime,5.00 %,9.00 %,2020-10-19,2027-07-15,36908,37411,36252,,,,,,,dspy_extracted,RWAY,2025-03-20,RWAY,2025-03-20
Piano Software Inc.,First Lien,Software & Technology,,,SOFR,7.25 %,11.25 %,2024-12-31,2029-12-31,43000,42008,42008,,,,,,,dspy_extracted,RWAY,2025-03-20,RWAY,2025-03-20
Snap! Mobile Inc.,First Lien,Software & Technology,,,SOFR,7.50 %,12.10 %,2024-09-30,2028-09-30,18000,17511,17511,,,,,,,dspy_extracted,RWAY,2025-03-20,RWAY,2025-03-20
VTX Intermediate Holdings Inc.,First Lien,Software & Technology,,1.00 %,SOFR,7.00 %,8.00 %,2024-12-12,2029-09-24,35000,34664,34244,,,,,,,dspy_extracted,RWAY,2025-03-20,RWAY,2025-03-20
VTX Intermediate Holdings Inc.,Second Lien,Software & Technology,,12.50 %,Fixed,,,2024-12-12,2029-09-24,6000,5749,5749,,,,,,,dspy_extracted,RWAY,2025-03-20,RWAY,2025-03-20
Elevate Services Inc.,First Lien,Software & Technology,,,SOFR,7.50 %,12.78 %,2023-07-10,2027-07-10,26000,25316,26274,,,,,,,dspy_extracted,RWAY,2025-03-20,RWAY,2025-03-20
Hurricane Cleanco Ltd.,First Lien,Software & Technology,6.25 %,6.25 %,Fixed,,,2024-12-31,2029-11-22,26643,26692,26643,,,,,,,dspy_extracted,RWAY,2025-03-20,RWAY,2025-03-20
Interactions Corp.,First Lien,Software & Technology,,,SOFR,9.26 %,9.76 %,2022-06-24,2027-06-15,40000,40347,40238,,,,,,,dspy_extracted,RWAY,2025-03-20,RWAY,2025-03-20
Vesta Payment Solutions Inc.,First Lien,Software & Technology,,,SOFR,7.00 %,9.00 %,2022-11-29,2026-11-15,25000,25465,21747,,,,,,,dspy_extracted,RWAY,2025-03-20,RWAY,2025-03-20
Brivo Inc.,First Lien,Software & Technology,,,SOFR,7.25 %,11.29 %,2024-12-27,2029-12-15,40000,39708,39708,,,,,,,dspy_extracted,RWAY,2025-03-20,RWAY,2025-03-20
Moximed Inc.,First Lien,Healthcare,,,Prime,5.25 %,8.75 %,2022-06-24,2027-07-01,15000,15078,15358,,,,,,,dspy_extracted,RWAY,2025-03-20,RWAY,2025-03-20
EBR Systems Inc.,First Lien,Healthcare,,,Prime,4.90 %,8.90 %,2022-06-30,2027-06-15,40000,40037,40511,,,,,,,dspy_extracted,RWAY,2025-03-20,RWAY,2025-03-20
Mingle Healthcare Solutions Inc.,First Lien,Healthcare,,,SOFR,9.75 %,12.26 %,2018-08-15,2026-12-15,4322,4952,2148,,,,,,,dspy_extracted,RWAY,2025-03-20,RWAY,2025-03-20
Nalu Medical Inc.,First Lien,Healthcare,,2.00 %,Prime,2.70 %,6.70 %,2022-10-12,2027-10-12,20902,21047,21431,,,,,,,dspy_extracted,RWAY,2025-03-20,RWAY,2025-03-20
Onward Medical N.V.,First Lien,Healthcare,,,SOFR,6.50 %,10.75 %,2024-06-28,2028-06-15,17088,16682,16786,,,,,,,dspy_extracted,RWAY,2025-03-20,RWAY,2025-03-20
Route 92 Medical Inc.,First Lien,Healthcare,,,SOFR,8.48 %,8.98 %,2021-08-17,2026-07-01,35000,34983,35682,,,,,,,dspy_extracted,RWAY,2025-03-20,RWAY,2025-03-20
SetPoint Medical Corp.,First Lien,Healthcare,,,SOFR,5.75 %,9.00 %,2022-12-29,2027-12-01,25000,25236,25817,,,,,,,dspy_extracted,RWAY,2025-03-20,RWAY,2025-03-20
JobGet Holdings Inc.,First Lien,Business Services,,8.50 %,SOFR,,9.00 %,2021-09-29,2025-11-15,3732,3774,3431,,,,,,,dspy_extracted,RWAY,2025-03-20,RWAY,2025-03-20
Madison Reed Inc.,First Lien,Consumer & Retail,,,Prime,4.75 %,11.00 %,2022-12-16,2026-12-16,16234,16235,16383,,,,,,,dspy_extracted,RWAY,2025-03-20,RWAY,2025-03-20
Marley Spoon SE,First Lien,Consumer & Retail,,8.50 %,SOFR,,9.26 %,2021-06-30,2027-06-15,38809,38807,34120,,,,,,,dspy_extracted,RWAY,2025-03-20,RWAY,2025-03-20
Bombora Inc.,First Lien,Software & Technology,,3.25 %,SOFR,4.75 %,6.75 %,2023-12-26,2028-01-15,28911,28876,29058,,,,,,,dspy_extracted,RWAY,2025-03-20,RWAY,2025-03-20
CarNow Inc.,First Lien,Software & Technology,,,SOFR,7.25 %,11.75 %,2024-03-22,2029-03-22,20000,17791,17658,,,,,,,dspy_extracted,RWAY,2025-03-20,RWAY,2025-03-20
Skillshare Inc.,First Lien,Software & Technology,,,SOFR,6.50 %,10.72 %,2022-11-08,2026-11-08,27600,27875,27555,,,,,,,dspy_extracted,RWAY,2025-03-20,RWAY,2025-03-20
Synack Inc.,First Lien,Software & Technology,,,SOFR,7.00 %,11.07 %,2023-12-29,2028-12-29,42500,42331,42520,,,,,,,dspy_extracted,RWAY,2025-03-20,RWAY,2025-03-20
Zinnia Corporate Holdings LLC,First Lien,Software & Technology,,,SOFR,8.00 %,10.00 %,2024-09-23,2029-09-21,40000,39244,39244,,,,,,,dspy_extracted|type_hint_corporate_from_name,RWAY,2025-03-20,RWAY,2025-03-20
Kin Insurance Inc.,First Lien,Insurance,,,Prime,6.25 %,12.50 %,2022-09-26,2026-09-15,75000,75912,76626,,,,,,,dspy_extracted,RWAY,2025-03-20,RWAY,2025-03-20
3PL Central LLC,First Lien,Software & Technology,,2.50 %,SOFR,4.50 %,6.50 %,2022-11-09,2027-11-09,72205,72307,69262,,,,,,,dspy_extracted,RWAY,2025-03-20,RWAY,2025-03-20
Linxup LLC,First Lien,Software & Technology,,,Prime,3.25 %,11.75 %,2023-11-03,2027-11-15,30000,29779,30607,,,,,,,dspy_extracted,RWAY,2025-03-20,RWAY,2025-03-20
Dejero Labs Inc.,Second Lien,Software & Technology,,2.00 %,SOFR,8.00 %,8.50 %,2021-12-22,2025-12-22,14463,14696,14403,,,,,,,dspy_extracted,RWAY,2025-03-20,RWAY,2025-03-20
Minute Media Inc.,Preferred Equity,Media & Entertainment,,,N/A,,,2023-12-13,,1039,,136,,120,,,,,dspy_extracted,RWAY,2025-03-20,RWAY,2025-03-20
Minute Media Inc.,Common Equity,Media & Entertainment,,,N/A,,,2023-12-13,,136,,16,,16,,,,,dspy_extracted,RWAY,2025-03-20,RWAY,2025-03-20
"Aria Systems, Inc.",Preferred Equity,Software & Technology,,,N/A,,,2018-07-10,,289419,,263,,250,,,,,cost_suspicious_vs_size|dspy_extracted|fair_value_suspicious_vs_size,RWAY,2025-03-20,RWAY,2025-03-20
"FiscalNote, Inc.",Common Equity,Software & Technology,,,N/A,,,2020-10-19,,230881,,247,,438,,,,,cost_suspicious_vs_size|dspy_extracted|fair_value_suspicious_vs_size,RWAY,2025-03-20,RWAY,2025-03-20
"VTX Holdings, LLC",Preferred Equity,Software & Technology,,,N/A,,,2024-12-12,,3015219,,143,,143,,,,,cost_suspicious_vs_size|dspy_extracted|fair_value_suspicious_vs_size,RWAY,2025-03-20,RWAY,2025-03-20
"CareCloud, Inc.",Preferred Equity,Healthcare,11%,,N/A,,,2020-01-08,,462064,,9181,,12132,,,,,cost_suspicious_vs_size|dspy_extracted|fair_value_suspicious_vs_size,RWAY,2025-03-20,RWAY,2025-03-20
"JobGet Holdings, Inc.",Preferred Equity,Business Services,,,N/A,,,2024-11-15,,389048,,35563,,36502,,,,,dspy_extracted,RWAY,2025-03-20,RWAY,2025-03-20
"JobGet Holdings, Inc.",Preferred Equity,Business Services,,,N/A,,,2024-11-15,,16963,,,,,,,,,dspy_extracted,RWAY,2025-03-20,RWAY,2025-03-20
Marley Spoon SE,Common Equity,Consumer & Retail,,,N/A,,,2023-07-07,,46004,,43,,410,,,,,cost_suspicious_vs_size|dspy_extracted|fair_value_suspicious_vs_size,RWAY,2025-03-20,RWAY,2025-03-20
Quantum Corp.,Common Equity,Software & Technology,,,N/A,,,2021-08-13,,22986,,1239,,2607,,,,,dspy_extracted,RWAY,2025-03-20,RWAY,2025-03-20
"zSpace, Inc.",Common Equity,Software & Technology,,,N/A,,,2020-12-31,,81046,,1288,,1119,,,,,cost_suspicious_vs_size|dspy_extracted|fair_value_suspicious_vs_size,RWAY,2025-03-20,RWAY,2025-03-20
3DNA Corp.,Warrants,Software & Technology,,,N/A,,,2018-12-28,2028-12-28,273164,,,,104,,,,,cost_suspicious_vs_size|dspy_extracted,RWAY,2025-03-20,RWAY,2025-03-20
"Airship Group, Inc.",Warrants,Software & Technology,,,N/A,,,2024-06-28,2034-06-28,519313,,499,,414,,,,,cost_suspicious_vs_size|dspy_extracted|fair_value_suspicious_vs_size,RWAY,2025-03-20,RWAY,2025-03-20
"Aria Systems, Inc.",Warrants,Software & Technology,,,N/A,,,2018-06-29,2028-06-29,2387705,,1159,,1048,,,,,cost_suspicious_vs_size|dspy_extracted|fair_value_suspicious_vs_size,RWAY,2025-03-20,RWAY,2025-03-20
"Blueshift Labs, Inc.",Warrants,Software & Technology,,,N/A,,,2023-12-19,,,,188,,167,,,,,dspy_extracted,RWAY,2025-03-20,RWAY,2025-03-20
Circadence Corp.,Warrants,Software & Technology,,,N/A,,,2018-12-20,2028-12-20,1538462,,298,,3630,,,,,cost_suspicious_vs_size|dspy_extracted|fair_value_suspicious_vs_size,RWAY,2025-03-20,RWAY,2025-03-20
Circadence Corp.,Warrants,Software & Technology,,,N/A,,,2019-10-31,2029-10-31,384615,,54,,846,,,,,cost_suspicious_vs_size|dspy_extracted|fair_value_suspicious_vs_size,RWAY,2025-03-20,RWAY,2025-03-20
Circadence Corp.,Warrants,Software & Technology,,,N/A,,,2023-12-21,,,,13,,304,,,,,dspy_extracted,RWAY,2025-03-20,RWAY,2025-03-20
"FiscalNote, Inc.",Warrants,Software & Technology,,,N/A,,,2022-07-29,2027-07-29,,,8,,127,,,,,dspy_extracted,RWAY,2025-03-20,RWAY,2025-03-20
"Piano Software, Inc.",Warrants,Software & Technology,,,N/A,,,2024-12-31,2034-12-31,119978,,348,,348,,,,,cost_suspicious_vs_size|dspy_extracted|fair_value_suspicious_vs_size,RWAY,2025-03-20,RWAY,2025-03-20
"Snap! Mobile, Inc.",Warrants,Software & Technology,,,N/A,,,2024-09-30,2034-09-30,19140,,394,,345,,,,,cost_suspicious_vs_size|dspy_extracted|fair_value_suspicious_vs_size,RWAY,2025-03-20,RWAY,2025-03-20
"Betterment Holdings, Inc.",Warrants,Financial Services,,,N/A,,,2023-10-06,2033-10-06,7680,,64,,35,,,,,cost_suspicious_vs_size|dspy_extracted|fair_value_suspicious_vs_size,RWAY,2025-03-20,RWAY,2025-03-20
"Betterment Holdings, Inc.",Warrants,Financial Services,,,N/A,,,2023-10-06,2033-10-06,9818,,74,,40,,,,,cost_suspicious_vs_size|dspy_extracted|fair_value_suspicious_vs_size,RWAY,2025-03-20,RWAY,2025-03-20
Mustang Bio Inc.,Warrants,Healthcare,,,N/A,,,2022-03-04,2032-03-04,49869,,4,,315,,,,,cost_suspicious_vs_size|dspy_extracted|fair_value_suspicious_vs_size,RWAY,2025-03-20,RWAY,2025-03-20
TRACON Pharmaceuticals Inc.,Warrants,Healthcare,,,N/A,,,2022-09-02,2032-09-02,7538,,—,,226,,,,,dspy_extracted,RWAY,2025-03-20,RWAY,2025-03-20
Massdrop Inc.,Warrants,Consumer & Retail,,,N/A,,,2019-07-22,2029-07-22,848093,,—,,183,,,,,dspy_extracted,RWAY,2025-03-20,RWAY,2025-03-20
Elevate Services Inc.,Warrants,Software & Technology,,,N/A,,,2023-07-10,2033-07-10,248997,,398,,447,,,,,cost_suspicious_vs_size|dspy_extracted|fair_value_suspicious_vs_size,RWAY,2025-03-20,RWAY,2025-03-20
Elevate Services Inc.,Warrants,Software & Technology,,,N/A,,,2024-07-17,2034-07-17,74700,,119,,118,,,,,cost_suspicious_vs_size|dspy_extracted|fair_value_suspicious_vs_size,RWAY,2025-03-20,RWAY,2025-03-20
Interactions Corp.,Warrants,Software & Technology,,,N/A,,,2022-06-24,2032-06-24,189408,,13,,219,,,,,cost_suspicious_vs_size|dspy_extracted|fair_value_suspicious_vs_size,RWAY,2025-03-20,RWAY,2025-03-20
Predactiv Inc.,Warrants,Software & Technology,,,N/A,,,2018-12-03,2028-12-03,647615,,90,,2162,,,,,cost_suspicious_vs_size|dspy_extracted|fair_value_suspicious_vs_size,RWAY,2025-03-20,RWAY,2025-03-20
Brivo Inc.,Warrants,Software & Technology,,,N/A,,,2022-10-20,2032-10-20,201000,,269,,98,,,,,cost_suspicious_vs_size|dspy_extracted|fair_value_suspicious_vs_size,RWAY,2025-03-20,RWAY,2025-03-20
Brivo Inc.,Warrants,Software & Technology,,,N/A,,,2024-12-27,2034-12-27,32109,,43,,43,,,,,cost_suspicious_vs_size|dspy_extracted|fair_value_suspicious_vs_size,RWAY,2025-03-20,RWAY,2025-03-20
Epic IO Technologies Inc.,Warrants,Software & Technology,,,N/A,,,2021-12-17,2028-12-17,,,334,,505,,,,,dspy_extracted,RWAY,2025-03-20,RWAY,2025-03-20
Moximed Inc.,Warrants,Healthcare,,,N/A,,,2022-06-24,2032-06-24,214285,,24,,175,,,,,cost_suspicious_vs_size|dspy_extracted|fair_value_suspicious_vs_size,RWAY,2025-03-20,RWAY,2025-03-20
Allurion Technologies Inc.,Warrants,Healthcare,,,N/A,,,2021-03-30,2031-03-30,132979,,1,,282,,,,,cost_suspicious_vs_size|dspy_extracted|fair_value_suspicious_vs_size,RWAY,2025-03-20,RWAY,2025-03-20
Allurion Technologies Inc.,Warrants,Healthcare,,,N/A,,,2022-06-14,2031-03-30,46256,,—,,141,,,,,dspy_extracted,RWAY,2025-03-20,RWAY,2025-03-20
Allurion Technologies Inc.,Warrants,Healthcare,,,N/A,,,2023-08-02,2028-08-01,,,—,,—,,,,,dspy_extracted,RWAY,2025-03-20,RWAY,2025-03-20
EBR Systems Inc.,Warrants,Healthcare,,,N/A,,,2022-06-30,2032-06-30,,,617,,605,,,,,dspy_extracted,RWAY,2025-03-20,RWAY,2025-03-20
Mingle Healthcare Solutions Inc.,Warrants,Healthcare,,,N/A,,,2018-08-15,2028-08-15,1770973,,—,,492,,,,,dspy_extracted,RWAY,2025-03-20,RWAY,2025-03-20
Nalu Medical Inc.,Warrants,Healthcare,,,N/A,,,2022-10-12,2032-10-12,91717,,70,,173,,,,,cost_suspicious_vs_size|dspy_extracted|fair_value_suspicious_vs_size,RWAY,2025-03-20,RWAY,2025-03-20
Onward Medical N.V.,Warrants,Healthcare,,,N/A,,,2024-06-28,2034-09-26,165338,,417,,340,,,,,cost_suspicious_vs_size|dspy_extracted|fair_value_suspicious_vs_size,RWAY,2025-03-20,RWAY,2025-03-20
Route 92 Medical Inc.,Warrants,Healthcare,,,N/A,,,2021-08-17,2031-08-17,,,784,,835,,,,,dspy_extracted,RWAY,2025-03-20,RWAY,2025-03-20
SetPoint Medical Corp.,Warrants,Healthcare,,,N/A,,,2021-06-29,2031-06-29,400000,,223,,14,,,,,cost_suspicious_vs_size|dspy_extracted|fair_value_suspicious_vs_size,RWAY,2025-03-20,RWAY,2025-03-20
SetPoint Medical Corp.,Warrants,Healthcare,,,N/A,,,2022-12-29,2032-12-29,600000,,334,,74,,,,,cost_suspicious_vs_size|dspy_extracted|fair_value_suspicious_vs_size,RWAY,2025-03-20,RWAY,2025-03-20
VERO Biotech LLC,Warrants,Healthcare,,,N/A,,,2020-12-29,2025-12-29,,,114,,377,,,,,dspy_extracted,RWAY,2025-03-20,RWAY,2025-03-20
CloudPay Inc.,Warrants,Business Services,,,N/A,,,2020-06-30,2030-06-30,11273,,1343,,218,,,,,cost_suspicious_vs_size|dspy_extracted,RWAY,2025-03-20,RWAY,2025-03-20
CloudPay Inc.,Warrants,Business Services,,,N/A,,,2021-08-17,2031-08-17,3502,,89,,52,,,,,cost_suspicious_vs_size|dspy_extracted|fair_value_suspicious_vs_size,RWAY,2025-03-20,RWAY,2025-03-20
CloudPay Inc.,Warrants,Business Services,,,N/A,,,2022-09-26,2032-09-26,5252,,134,,176,,,,,cost_suspicious_vs_size|dspy_extracted|fair_value_suspicious_vs_size,RWAY,2025-03-20,RWAY,2025-03-20
JobGet Holdings Inc.,Warrants,Business Services,,,N/A,,,2021-09-29,2031-09-29,763269,,—,,343,,,,,dspy_extracted,RWAY,2025-03-20,RWAY,2025-03-20
Madison Reed Inc.,Warrants,Consumer & Retail,,,N/A,,,2022-12-16,,,,183,,209,,,,,dspy_extracted,RWAY,2025-03-20,RWAY,2025-03-20
Bombora Inc.,Warrants,Software & Technology,,,N/A,,,2021-03-31,2031-03-31,,,135,,174,,,,,dspy_extracted,RWAY,2025-03-20,RWAY,2025-03-20
Bombora Inc.,Warrants,Software & Technology,,,N/A,,,2023-12-26,2033-12-26,,,54,,43,,,,,dspy_extracted,RWAY,2025-03-20,RWAY,2025-03-20
CarNow Inc.,Warrants,Software & Technology,,,N/A,,,2024-03-22,2034-03-22,,,2825,,2400,,,,,dspy_extracted,RWAY,2025-03-20,RWAY,2025-03-20
INRIX Inc.,Warrants,Software & Technology,,,N/A,,,2019-07-26,2029-07-26,,,344,,522,,,,,dspy_extracted,RWAY,2025-03-20,RWAY,2025-03-20
JWP Holdco LLC,Warrants,Software & Technology,,,N/A,,,2019-12-12,2029-12-12,,,158,,47,,,,,dspy_extracted,RWAY,2025-03-20,RWAY,2025-03-20
Skillshare Inc.,Warrants,Software & Technology,,,N/A,,,2022-11-08,,,,367,,301,,,,,dspy_extracted,RWAY,2025-03-20,RWAY,2025-03-20
Synack Inc.,Warrants,Software & Technology,,,N/A,,,2023-12-29,2032-06-30,,,186,,158,,,,,dspy_extracted,RWAY,2025-03-20,RWAY,2025-03-20
Kin Insurance Inc.,Warrants,Insurance,,,N/A,,,2022-09-26,2032-09-26,,,285,,426,,,,,dspy_extracted,RWAY,2025-03-20,RWAY,2025-03-20
Credit Sesame Inc.,Warrants,Consumer & Retail,,,N/A,,,2020-01-07,2030-01-07,,,365,,425,,,,,dspy_extracted,RWAY,2025-03-20,RWAY,2025-03-20
Dejero Labs Inc.,Warrants,Software & Technology,,,N/A,,,2019-05-31,2029-05-31,,,177,,192,,,,,dspy_extracted,RWAY,2025-03-20,RWAY,2025-03-20
Linxup LLC,Warrants,Software & Technology,,,N/A,,,2023-11-03,2033-11-03,,,201,,253,,,,,dspy_extracted,RWAY,2025-03-20,RWAY,2025-03-20
RealWear Inc.,Warrants,Software & Technology,,,N/A,,,2018-10-05,2028-10-05,,,206,,136,,,,,dspy_extracted,RWAY,2025-03-20,RWAY,2025-03-20
RealWear Inc.,Warrants,Software & Technology,,,N/A,,,2018-12-28,2028-12-28,,,41,,25,,,,,dspy_extracted,RWAY,2025-03-20,RWAY,2025-03-20
RealWear Inc.,Warrants,Software & Technology,,,N/A,,,2019-06-27,2029-06-27,,,136,,381,,,,,dspy_extracted,RWAY,2025-03-20,RWAY,2025-03-20
Gynesonics Inc.,First Lien,Healthcare,8.75%,,SOFR,8.75 %,,2023-03-01,2026-11-30,25595,26234,27217,,,,,,,dspy_extracted,RWAY,2025-03-20,RWAY,2025-03-20
Coginiti Corp.,Common Equity,Software & Technology,,,N/A,,,2020-03-09,,,4551,—,,,,,,,dspy_extracted,RWAY,2025-03-20,RWAY,2025-03-20
Gynesonics Inc.,Preferred Equity,Healthcare,,,N/A,,,2023-03-01,,,25000,25000,,,,,,,dspy_extracted,RWAY,2025-03-20,RWAY,2025-03-20
Gynesonics Inc.,Preferred Equity,Healthcare,,,N/A,,,2023-10-24,,,3100,12355,,,,,,,dspy_extracted,RWAY,2025-03-20,RWAY,2025-03-20
Coginiti Corp.,Warrants,Software & Technology,,,N/A,,,2020-03-09,2030-03-09,,—,—,,,,,,,dspy_extracted,RWAY,2025-03-20,RWAY,2025-03-20
Gynesonics Inc.,Warrants,Healthcare,,,N/A,,,2023-03-01,2030-03-01,,313,—,,,,,,,dspy_extracted,RWAY,2025-03-20,RWAY,2025-03-20
Pivot3 Inc.,Common Equity,Software & Technology,,,N/A,,,2023-12-31,,,950,1198,,,,,,,dspy_extracted,RWAY,2025-03-20,RWAY,2025-03-20
Runway-Cadma I LLC,Common Equity,Other,,,N/A,,,2024-03-06,,,5600,5742,,,,,,,dspy_extracted,RWAY,2025-03-20,RWAY,2025-03-20
"Blueshift Labs, Inc.",First Lien,Software & Technology,,2.00 %,SOFR,6.25 %,11.25 %,2023-12-19,2028-12-15,25500,25083,25083,,25083,,,,,dspy_extracted,RWAY,2025-03-20,RWAY,2025-03-20
Circadence Corp.,First Lien,Software & Technology,,,SOFR,9.50 %,12.26 %,2018-12-20,2024-03-15,23147,24281,19028,,24281,,,,,dspy_extracted,RWAY,2025-03-20,RWAY,2025-03-20
"FiscalNote, Inc.",First Lien,Software & Technology,,1.00 %,Prime,5.00 %,9.00 %,2020-10-19,2027-07-15,65916,65868,64615,,65868,,,,,dspy_extracted,RWAY,2025-03-20,RWAY,2025-03-20
"VTX Intermediate Holdings, Inc.",First Lien,Software & Technology,,,SOFR,9.00 %,9.50 %,2021-12-28,2026-12-28,87971,88747,87814,,88747,,,,,dspy_extracted,RWAY,2025-03-20,RWAY,2025-03-20
"Betterment Holdings, Inc.",First Lien,Financial Services,,,Prime,4.50 %,8.50 %,2023-10-06,2027-10-06,8000,7888,7860,,7888,,,,,dspy_extracted,RWAY,2025-03-20,RWAY,2025-03-20
"Elevate Services, Inc.",First Lien,Software & Technology,,,SOFR,7.50 %,12.78 %,2023-07-10,2027-07-10,20000,19424,19424,,19424,,,,,dspy_extracted,RWAY,2025-03-20,RWAY,2025-03-20
Interactions Corp.,First Lien,Software & Technology,,,SOFR,9.26 %,9.76 %,2022-06-24,2027-06-15,40000,39907,39945,,39907,,,,,dspy_extracted,RWAY,2025-03-20,RWAY,2025-03-20
"ShareThis, Inc.",First Lien,Software & Technology,,,SOFR,9.25 %,11.86 %,2018-12-03,2024-09-30,19950,20503,19895,,20503,,,,,dspy_extracted,RWAY,2025-03-20,RWAY,2025-03-20
"ShareThis, Inc.",First Lien,Software & Technology,,,SOFR,8.25 %,10.86 %,2020-08-18,2024-09-30,950,978,947,,978,,,,,dspy_extracted,RWAY,2025-03-20,RWAY,2025-03-20
"Vesta Payment Solutions, Inc.",First Lien,Software & Technology,,,SOFR,7.00 %,9.00 %,2022-11-29,2026-11-15,25000,24769,24370,,24769,,,,,dspy_extracted,RWAY,2025-03-20,RWAY,2025-03-20
"Turning Tech Intermediate, Inc.",First Lien,Education,,,SOFR,8.50 %,9.00 %,2021-06-22,2025-12-14,25218,25702,25796,,25702,,,,,dspy_extracted,RWAY,2025-03-20,RWAY,2025-03-20
"Brivo, Inc.",First Lien,Software & Technology,,,SOFR,6.85 %,10.89 %,2022-10-20,2027-10-20,26293,26323,26790,,26323,,,,,dspy_extracted,RWAY,2025-03-20,RWAY,2025-03-20
"Moximed, Inc.",First Lien,Healthcare,,,Prime,5.25 %,8.75 %,2022-06-24,2027-07-01,15000,14919,15284,,14919,,,,,dspy_extracted,RWAY,2025-03-20,RWAY,2025-03-20
"EBR Systems, Inc.",First Lien,Healthcare,,,Prime,4.90 %,8.90 %,2022-06-30,2027-06-15,40000,39496,40337,,39496,,,,,dspy_extracted,RWAY,2025-03-20,RWAY,2025-03-20
"Mingle Healthcare Solutions, Inc.",First Lien,Healthcare,,,SOFR,9.75 %,12.26 %,2018-08-15,2026-12-15,4322,4952,3791,,4952,,,,,dspy_extracted,RWAY,2025-03-20,RWAY,2025-03-20
"Nalu Medical, Inc.",First Lien,Healthcare,,2.00 %,Prime,2.70 %,6.70 %,2022-10-12,2027-10-12,20482,20395,21191,,20395,,,,,dspy_extracted,RWAY,2025-03-20,RWAY,2025-03-20
"Route 92 Medical, Inc.",First Lien,Healthcare,,,SOFR,8.48 %,8.98 %,2021-08-17,2026-07-01,35000,34239,35435,,34239,,,,,dspy_extracted,RWAY,2025-03-20,RWAY,2025-03-20
SetPoint Medical Corp.,First Lien,Healthcare,,,SOFR,5.75 %,9.00 %,2022-12-29,2027-12-01,25000,25014,25450,,25014,,,,,dspy_extracted,RWAY,2025-03-20,RWAY,2025-03-20
CloudPay Inc.,First Lien,Business Services,6.25 %,2.00 %,Prime,,10.25 %,2022-09-26,2027-08-17,75000,74939,75465,,,,,,,dspy_extracted,RWAY,2025-03-20,RWAY,2025-03-20
Snagajob.com Inc.,First Lien,Business Services,,8.50 %,SOFR,,9.00 %,2021-09-29,2025-09-01,40825,41170,36541,,,,,,,dspy_extracted,RWAY,2025-03-20,RWAY,2025-03-20
Madison Reed Inc.,First Lien,Consumer & Retail,11.00 %,4.75 %,Prime,,11.00 %,2022-12-16,2026-12-16,10913,10784,10847,,,,,,,dspy_extracted,RWAY,2025-03-20,RWAY,2025-03-20
Marley Spoon SE,First Lien,Consumer & Retail,,7.50 %,SOFR,,8.26 %,2021-06-30,2026-06-15,44983,44836,44462,,,,,,,dspy_extracted,RWAY,2025-03-20,RWAY,2025-03-20
Bombora Inc.,First Lien,Software & Technology,,4.75 %,SOFR,,6.75 %,2023-12-26,2028-01-15,28000,27879,27879,,,,,,,dspy_extracted,RWAY,2025-03-20,RWAY,2025-03-20
Skillshare Inc.,First Lien,Software & Technology,,6.50 %,SOFR,,10.72 %,2022-11-08,2026-11-08,30000,29765,29183,,,,,,,dspy_extracted,RWAY,2025-03-20,RWAY,2025-03-20
Synack Inc.,First Lien,Software & Technology,,7.00 %,SOFR,,11.07 %,2023-12-29,2028-12-29,40000,39758,39758,,,,,,,dspy_extracted,RWAY,2025-03-20,RWAY,2025-03-20
Kin Insurance Inc.,First Lien,Insurance,6.25 %,Prime,,,12.50 %,2022-09-26,2026-09-15,75000,74877,74767,,,,,,,dspy_extracted,RWAY,2025-03-20,RWAY,2025-03-20
3PL Central LLC,First Lien,Software & Technology,,4.50 %,SOFR,,6.50 %,2022-11-09,2027-11-09,70395,70064,69066,,,,,,,dspy_extracted,RWAY,2025-03-20,RWAY,2025-03-20
Linxup LLC,First Lien,Software & Technology,3.25 %,Prime,,,11.75 %,2023-11-03,2027-11-15,30000,29490,29490,,,,,,,dspy_extracted,RWAY,2025-03-20,RWAY,2025-03-20
Dejero Labs Inc.,Second Lien,Software & Technology,,8.00 %,SOFR,,8.50 %,2021-12-22,2025-12-22,14172,14278,14399,,,,,,,dspy_extracted,RWAY,2025-03-20,RWAY,2025-03-20
Minute Media Inc.,Preferred Equity,Media & Entertainment,,,N/A,,,2023-12-13,,1030,,120,,120,,,,,dspy_extracted,RWAY,2025-03-20,RWAY,2025-03-20
Minute Media Inc.,Common Equity,Media & Entertainment,,,N/A,,,2023-12-13,,134,,16,,16,,,,,dspy_extracted,RWAY,2025-03-20,RWAY,2025-03-20
"Aria Systems, Inc.",Preferred Equity,Software & Technology,,,N/A,,,2018-07-10,,289419,,127,,250,,,,,cost_suspicious_vs_size|dspy_extracted|fair_value_suspicious_vs_size,RWAY,2025-03-20,RWAY,2025-03-20
"FiscalNote, Inc.",Common Equity,Software & Technology,,,N/A,,,2020-10-19,,230881,,263,,438,,,,,cost_suspicious_vs_size|dspy_extracted|fair_value_suspicious_vs_size,RWAY,2025-03-20,RWAY,2025-03-20
"CareCloud, Inc.",Preferred Equity,Healthcare,11%,,N/A,,,2020-01-08,,462064,,3553,,12132,,,,,cost_suspicious_vs_size|dspy_extracted|fair_value_suspicious_vs_size,RWAY,2025-03-20,RWAY,2025-03-20
"Snagajob.com, Inc.",Other Debt,Business Services,,,N/A,,,2023-10-26,2026-12-31,1357,,1357,,1357,,,,,dspy_extracted,RWAY,2025-03-20,RWAY,2025-03-20
Marley Spoon SE,Common Equity,Consumer & Retail,,,N/A,,,2023-07-07,,46004,,125,,410,,,,,cost_suspicious_vs_size|dspy_extracted|fair_value_suspicious_vs_size,RWAY,2025-03-20,RWAY,2025-03-20
Quantum Corp.,Common Equity,Software & Technology,,,N/A,,,2021-08-13,,459720,,160,,2607,,,,,cost_suspicious_vs_size|dspy_extracted|fair_value_suspicious_vs_size,RWAY,2025-03-20,RWAY,2025-03-20
"zSpace, Inc.",Common Equity,Software & Technology,,,N/A,,,2020-12-31,,6078499,,,,1119,,,,,cost_suspicious_vs_size|dspy_extracted,RWAY,2025-03-20,RWAY,2025-03-20
"Aria Systems, Inc.",Warrants,Software & Technology,,,N/A,,,2018-06-29,2028-06-29,2387705,,1048,,1048,,,,,cost_suspicious_vs_size|dspy_extracted|fair_value_suspicious_vs_size,RWAY,2025-03-20,RWAY,2025-03-20
"Blueshift Labs, Inc.",Warrants,Software & Technology,,,N/A,,,2023-12-19,,,,167,,167,,,,,dspy_extracted,RWAY,2025-03-20,RWAY,2025-03-20
Circadence Corp.,Warrants,Software & Technology,,,N/A,,,2018-12-20,2028-12-20,1538462,,48,,3630,,,,,cost_suspicious_vs_size|dspy_extracted|fair_value_suspicious_vs_size,RWAY,2025-03-20,RWAY,2025-03-20
Circadence Corp.,Warrants,Software & Technology,,,N/A,,,2019-10-31,2029-10-31,384615,,12,,846,,,,,cost_suspicious_vs_size|dspy_extracted|fair_value_suspicious_vs_size,RWAY,2025-03-20,RWAY,2025-03-20
Circadence Corp.,Warrants,Software & Technology,,,N/A,,,2023-12-21,,,,283,,304,,,,,dspy_extracted,RWAY,2025-03-20,RWAY,2025-03-20
"Dtex Systems, Inc.",Warrants,Software & Technology,,,N/A,,,2018-06-01,2025-06-01,500000,,233,,59,,,,,cost_suspicious_vs_size|dspy_extracted|fair_value_suspicious_vs_size,RWAY,2025-03-20,RWAY,2025-03-20
"Dtex Systems, Inc.",Warrants,Software & Technology,,,N/A,,,2019-07-11,2026-07-11,833333,,389,,115,,,,,cost_suspicious_vs_size|dspy_extracted|fair_value_suspicious_vs_size,RWAY,2025-03-20,RWAY,2025-03-20
"FiscalNote, Inc.",Warrants,Software & Technology,,,N/A,,,2022-07-29,2027-07-29,,,16,,127,,,,,dspy_extracted,RWAY,2025-03-20,RWAY,2025-03-20
"Betterment Holdings, Inc.",Warrants,Financial Services,,,N/A,,,2023-10-06,2033-10-06,7680,,146,,35,,,,,cost_suspicious_vs_size|dspy_extracted|fair_value_suspicious_vs_size,RWAY,2025-03-20,RWAY,2025-03-20
"Betterment Holdings, Inc.",Warrants,Financial Services,,,N/A,,,2023-10-06,2033-10-06,9818,,15,,40,,,,,cost_suspicious_vs_size|dspy_extracted|fair_value_suspicious_vs_size,RWAY,2025-03-20,RWAY,2025-03-20
Mustang Bio Inc.,Warrants,Healthcare,,,N/A,,,2022-03-04,2032-03-04,,,39,,748036,,,,,dspy_extracted|fair_value_suspicious_vs_size,RWAY,2025-03-20,RWAY,2025-03-20
TRACON Pharmaceuticals Inc.,Warrants,Healthcare,,,N/A,,,2022-09-02,2032-09-02,,,12,,150753,,,,,dspy_extracted|fair_value_suspicious_vs_size,RWAY,2025-03-20,RWAY,2025-03-20
Massdrop Inc.,Warrants,Consumer & Retail,,,N/A,,,2019-07-22,2029-07-22,,,—,,848093,,,,,dspy_extracted,RWAY,2025-03-20,RWAY,2025-03-20
Elevate Services Inc.,Warrants,Software & Technology,,,N/A,,,2023-07-10,2033-07-10,,,384,,248997,,,,,dspy_extracted|fair_value_suspicious_vs_size,RWAY,2025-03-20,RWAY,2025-03-20
Interactions Corp.,Warrants,Software & Technology,,,N/A,,,2022-06-24,2032-06-24,,,67,,189408,,,,,dspy_extracted|fair_value_suspicious_vs_size,RWAY,2025-03-20,RWAY,2025-03-20
ShareThis Inc.,Warrants,Software & Technology,,,N/A,,,2018-12-03,2028-12-03,,,803,,647615,,,,,dspy_extracted|fair_value_suspicious_vs_size,RWAY,2025-03-20,RWAY,2025-03-20
Brivo Inc.,Warrants,Software & Technology,,,N/A,,,2022-10-20,2032-10-20,,,322,,201000,,,,,dspy_extracted|fair_value_suspicious_vs_size,RWAY,2025-03-20,RWAY,2025-03-20
Epic IO Technologies Inc.,Warrants,Software & Technology,,,N/A,,,2021-12-17,2028-12-17,,,423,,N/A,,,,,dspy_extracted,RWAY,2025-03-20,RWAY,2025-03-20
Moximed Inc.,Warrants,Healthcare,,,N/A,,,2022-06-24,2032-06-24,,,138,,214285,,,,,dspy_extracted|fair_value_suspicious_vs_size,RWAY,2025-03-20,RWAY,2025-03-20
Revelle Aesthetics Inc.,Warrants,Healthcare,,,N/A,,,2022-03-30,2032-03-30,,,102,,115591,,,,,dspy_extracted|fair_value_suspicious_vs_size,RWAY,2025-03-20,RWAY,2025-03-20
Allurion Technologies Inc.,Warrants,Healthcare,,,N/A,,,2021-03-30,2025-01-22,,,15,,132979,,,,,dspy_extracted|fair_value_suspicious_vs_size,RWAY,2025-03-20,RWAY,2025-03-20
Allurion Technologies Inc.,Warrants,Healthcare,,,N/A,,,2022-06-14,2025-01-22,,,—,,46256,,,,,dspy_extracted,RWAY,2025-03-20,RWAY,2025-03-20
Allurion Technologies Inc.,Warrants,Healthcare,,,N/A,,,2023-08-02,2028-08-01,,,77,,N/A,,,,,dspy_extracted,RWAY,2025-03-20,RWAY,2025-03-20
EBR Systems Inc.,Warrants,Healthcare,,,N/A,,,2022-06-30,2032-06-30,,,690,,N/A,,,,,dspy_extracted,RWAY,2025-03-20,RWAY,2025-03-20
Mingle Healthcare Solutions Inc.,Warrants,Healthcare,,,N/A,,,2018-08-15,2028-08-15,,,—,,1770973,,,,,dspy_extracted,RWAY,2025-03-20,RWAY,2025-03-20
Nalu Medical Inc.,Warrants,Healthcare,,,N/A,,,2022-10-12,2032-10-12,,,99,,91717,,,,,dspy_extracted|fair_value_suspicious_vs_size,RWAY,2025-03-20,RWAY,2025-03-20
Route 92 Medical Inc.,Warrants,Healthcare,,,N/A,,,2021-08-17,2031-08-17,,,897,,N/A,,,,,dspy_extracted,RWAY,2025-03-20,RWAY,2025-03-20
SetPoint Medical Corp.,Warrants,Healthcare,,,N/A,,,2021-06-29,2031-06-29,,,133,,400000,,,,,dspy_extracted|fair_value_suspicious_vs_size,RWAY,2025-03-20,RWAY,2025-03-20
SetPoint Medical Corp.,Warrants,Healthcare,,,N/A,,,2022-12-29,2032-12-29,,,199,,600000,,,,,dspy_extracted|fair_value_suspicious_vs_size,RWAY,2025-03-20,RWAY,2025-03-20
VERO Biotech LLC,Warrants,Healthcare,,,N/A,,,2020-12-29,2025-12-29,,,396,,N/A,,,,,dspy_extracted,RWAY,2025-03-20,RWAY,2025-03-20
CloudPay Inc.,Warrants,Business Services,,,N/A,,,2020-06-30,2030-06-30,,,1001,,11273,,,,,dspy_extracted,RWAY,2025-03-20,RWAY,2025-03-20
CloudPay Inc.,Warrants,Business Services,,,N/A,,,2021-08-17,2031-08-17,,,95,,3502,,,,,dspy_extracted|fair_value_suspicious_vs_size,RWAY,2025-03-20,RWAY,2025-03-20
CloudPay Inc.,Warrants,Business Services,,,N/A,,,2022-09-26,2032-09-26,,,143,,5252,,,,,dspy_extracted|fair_value_suspicious_vs_size,RWAY,2025-03-20,RWAY,2025-03-20
Snagajob.com Inc.,Warrants,Business Services,,,N/A,,,2021-09-29,2031-09-29,,,-,,763269,,,,,dspy_extracted,RWAY,2025-03-20,RWAY,2025-03-20
"Madison Reed, Inc.",Warrants,Consumer & Retail,,,N/A,,,2022-12-16,,,,154,,143,,,,,dspy_extracted,RWAY,2025-03-20,RWAY,2025-03-20
"Bombora, Inc.",Warrants,Software & Technology,,,N/A,,,2021-03-31,2031-03-31,121581,,104,,174,,,,,cost_suspicious_vs_size|dspy_extracted|fair_value_suspicious_vs_size,RWAY,2025-03-20,RWAY,2025-03-20
"Bombora, Inc.",Warrants,Software & Technology,,,N/A,,,2023-12-26,2033-12-26,48632,,41,,43,,,,,cost_suspicious_vs_size|dspy_extracted|fair_value_suspicious_vs_size,RWAY,2025-03-20,RWAY,2025-03-20
"INRIX, Inc.",Warrants,Software & Technology,,,N/A,,,2019-07-26,2029-07-26,150804,,735,,522,,,,,cost_suspicious_vs_size|dspy_extracted|fair_value_suspicious_vs_size,RWAY,2025-03-20,RWAY,2025-03-20
"Longtail Ad Solutions, Inc.",Warrants,Software & Technology,,,N/A,,,2019-12-12,2029-12-12,387596,,321,,47,,,,,cost_suspicious_vs_size|dspy_extracted|fair_value_suspicious_vs_size,RWAY,2025-03-20,RWAY,2025-03-20
"Skillshare, Inc.",Warrants,Software & Technology,,,N/A,,,2022-11-08,2026-11-08,,,294,,301,,,,,dspy_extracted,RWAY,2025-03-20,RWAY,2025-03-20
"Synack, Inc.",Warrants,Software & Technology,,,N/A,,,2023-12-29,2032-06-30,116908,,147,,147,,,,,cost_suspicious_vs_size|dspy_extracted|fair_value_suspicious_vs_size,RWAY,2025-03-20,RWAY,2025-03-20
"Kin Insurance, Inc.",Warrants,Insurance,,,N/A,,,2022-09-26,2032-09-26,41576,,292,,302,,,,,cost_suspicious_vs_size|dspy_extracted|fair_value_suspicious_vs_size,RWAY,2025-03-20,RWAY,2025-03-20
"Kin Insurance, Inc.",Warrants,Insurance,,,N/A,,,2023-05-05,2032-09-26,11549,,81,,69,,,,,cost_suspicious_vs_size|dspy_extracted|fair_value_suspicious_vs_size,RWAY,2025-03-20,RWAY,2025-03-20
"Kin Insurance, Inc.",Warrants,Insurance,,,N/A,,,2023-08-25,2032-09-26,9239,,65,,55,,,,,cost_suspicious_vs_size|dspy_extracted|fair_value_suspicious_vs_size,RWAY,2025-03-20,RWAY,2025-03-20
"AllClear ID, Inc.",Warrants,Business Services,,,N/A,,,2017-08-31,2027-08-31,523893,,,,1053,,,,,cost_suspicious_vs_size|dspy_extracted,RWAY,2025-03-20,RWAY,2025-03-20
"AllClear ID, Inc.",Warrants,Business Services,,,N/A,,,2018-10-17,2027-08-31,346621,,,,697,,,,,cost_suspicious_vs_size|dspy_extracted,RWAY,2025-03-20,RWAY,2025-03-20
"Credit Sesame, Inc.",Warrants,Business Services,,,N/A,,,2020-01-07,2030-01-07,191601,,373,,425,,,,,cost_suspicious_vs_size|dspy_extracted|fair_value_suspicious_vs_size,RWAY,2025-03-20,RWAY,2025-03-20
Dejero Labs Inc.,Warrants,Software & Technology,,,N/A,,,2019-05-31,2029-05-31,333621,,268,,192,,,,,cost_suspicious_vs_size|dspy_extracted|fair_value_suspicious_vs_size,RWAY,2025-03-20,RWAY,2025-03-20
"Linxup, LLC",Warrants,Software & Technology,,,N/A,,,2023-11-03,2033-11-03,,,294,,253,,,,,dspy_extracted,RWAY,2025-03-20,RWAY,2025-03-20
"Scale Computing, Inc.",Warrants,Software & Technology,,,N/A,,,2019-03-29,2029-03-29,9665667,,,,346,,,,,cost_suspicious_vs_size|dspy_extracted,RWAY,2025-03-20,RWAY,2025-03-20
"RealWear, Inc.",Warrants,Software & Technology,,,N/A,,,2018-10-05,2028-10-05,112451,,178,,136,,,,,cost_suspicious_vs_size|dspy_extracted|fair_value_suspicious_vs_size,RWAY,2025-03-20,RWAY,2025-03-20
"RealWear, Inc.",Warrants,Software & Technology,,,N/A,,,2018-12-28,2028-12-28,22491,,36,,25,,,,,cost_suspicious_vs_size|dspy_extracted|fair_value_suspicious_vs_size,RWAY,2025-03-20,RWAY,2025-03-20
"RealWear, Inc.",Warrants,Software & Technology,,,N/A,,,2019-06-27,2029-06-27,123894,,196,,381,,,,,cost_suspicious_vs_size|dspy_extracted|fair_value_suspicious_vs_size,RWAY,2025-03-20,RWAY,2025-03-20
Gynesonics Inc.,First Lien,Healthcare,8.75 %,,SOFR,8.75 %,,2023-03-01,2026-11-30,25595,25595,23586,,,,,,,dspy_extracted,RWAY,2025-03-20,RWAY,2025-03-20
Coginiti Corp.,Common Equity,Software & Technology,,,N/A,,,2020-03-09,,,4551,856,,,,,,,dspy_extracted,RWAY,2025-03-20,RWAY,2025-03-20
Gynesonics Inc.,Preferred Equity,Healthcare,,,N/A,,,2023-03-01,,,25000,21461,,,,,,,dspy_extracted,RWAY,2025-03-20,RWAY,2025-03-20
Gynesonics Inc.,Preferred Equity,Healthcare,,,N/A,,,2023-10-24,,,3100,4577,,,,,,,dspy_extracted,RWAY,2025-03-20,RWAY,2025-03-20
Coginiti Corp.,Warrants,Software & Technology,,,N/A,,,2020-03-09,2030-03-09,,,663,,,,,,,dspy_extracted,RWAY,2025-03-20,RWAY,2025-03-20
Gynesonics Inc.,Warrants,Healthcare,,,N/A,,,2023-03-01,2030-03-01,,313,313,,,,,,,dspy_extracted,RWAY,2025-03-20,RWAY,2025-03-20
Pivot3 Inc.,Common Equity,Software & Technology,,,N/A,,,2023-12-31,,,950,950,,,,,,,dspy_extracted,RWAY,2025-03-20,RWAY,2025-03-20
Gynesonics Inc.,First Lien,,,,SOFR,8.75%,,,2026-11-30,,,27217,,,,,,,dspy_extracted,RWAY,2025-03-20,RWAY,2025-03-20
Coginiti Corp.,Common Equity,,,,N/A,,,,,,,0,,,,,,,dspy_extracted,RWAY,2025-03-20,RWAY,2025-03-20
Gynesonics Inc.,Preferred Equity,,,,N/A,,,,,,,25000,,,,,,,dspy_extracted,RWAY,2025-03-20,RWAY,2025-03-20
Gynesonics Inc.,Preferred Equity,,,,N/A,,,,,,,12355,,,,,,,dspy_extracted,RWAY,2025-03-20,RWAY,2025-03-20
Coginiti Corp.,Warrants,,,,N/A,,,,,,,0,,,,,,,dspy_extracted,RWAY,2025-03-20,RWAY,2025-03-20
Gynesonics Inc.,Warrants,,,,N/A,,,,,,,0,,,,,,,dspy_extracted,RWAY,2025-03-20,RWAY,2025-03-20
Pivot3 Inc.,Common Equity,,,,N/A,,,,,,,1198,,,,,,,dspy_extracted,RWAY,2025-03-20,RWAY,2025-03-20
EBR Systems Inc.,First Lien,Healthcare,8.90%,,Prime,4.90%,8.90%,2022-06-30,2027-06-15,40000,40188,40787,,,,,,,dspy_extracted,RWAY,2025-05-12,RWAY,2025-05-12
Mingle Healthcare Solutions Inc.,First Lien,Healthcare,12.26%,,SOFR,9.75%,12.26%,2018-08-15,2026-12-15,4257,4887,2403,,,,,,,dspy_extracted,RWAY,2025-05-12,RWAY,2025-05-12
Nalu Medical Inc.,First Lien,Healthcare,6.70%,2.00%,Prime,2.70%,6.70%,2022-10-12,2027-10-12,21007,21212,21985,,,,,,,dspy_extracted,RWAY,2025-05-12,RWAY,2025-05-12
Onward Medical N.V.,First Lien,Healthcare,10.75%,,SOFR,6.50%,10.75%,2024-06-28,2028-06-15,17088,16730,16994,,,,,,,dspy_extracted,RWAY,2025-05-12,RWAY,2025-05-12
Route 92 Medical Inc.,First Lien,Healthcare,9.00%,,SOFR,7.00%,9.00%,2025-03-31,2029-03-31,35000,34095,34095,,,,,,,dspy_extracted,RWAY,2025-05-12,RWAY,2025-05-12
SetPoint Medical Corp.,First Lien,Healthcare,9.00%,,SOFR,5.75%,9.00%,2022-12-29,2027-12-01,25000,25293,25986,,,,,,,dspy_extracted,RWAY,2025-05-12,RWAY,2025-05-12
JobGet Holdings Inc.,First Lien,Business Services,9.00%,8.50%,SOFR,,9.00%,2021-09-29,2025-11-15,3732,3774,2574,,,,,,,dspy_extracted,RWAY,2025-05-12,RWAY,2025-05-12
Madison Reed Inc.,First Lien,Consumer & Retail,11.00%,,Prime,4.75%,11.00%,2022-12-16,2026-12-16,16289,16364,16529,,,,,,,dspy_extracted,RWAY,2025-05-12,RWAY,2025-05-12
Marley Spoon SE,First Lien,Consumer & Retail,9.51%,8.75%,SOFR,,9.51%,2021-06-30,2027-06-15,43067,43155,33527,,,,,,,dspy_extracted,RWAY,2025-05-12,RWAY,2025-05-12
Bombora Inc.,First Lien,Software & Technology,6.75%,3.25%,SOFR,4.75%,6.75%,2023-12-26,2028-01-15,29146,29133,29337,,,,,,,dspy_extracted,RWAY,2025-05-12,RWAY,2025-05-12
CarNow Inc.,First Lien,Software & Technology,11.75%,,SOFR,7.25%,11.75%,2024-03-22,2029-03-22,20000,17959,18204,,,,,,,dspy_extracted,RWAY,2025-05-12,RWAY,2025-05-12
Skillshare Inc.,First Lien,Software & Technology,10.72%,,SOFR,6.50%,10.72%,2022-11-08,2026-11-08,24000,24399,24216,,,,,,,dspy_extracted,RWAY,2025-05-12,RWAY,2025-05-12
Synack Inc.,First Lien,Software & Technology,11.07%,,SOFR,7.00%,11.07%,2023-12-29,2028-12-29,42500,42360,42605,,,,,,,dspy_extracted,RWAY,2025-05-12,RWAY,2025-05-12
Zinnia Corporate Holdings LLC,First Lien,Software & Technology,10.00%,,SOFR,8.00%,10.00%,2024-09-23,2029-09-21,40000,39262,39433,,,,,,,dspy_extracted|type_hint_corporate_from_name,RWAY,2025-05-12,RWAY,2025-05-12
Kin Insurance Inc.,First Lien,Insurance,12.50%,,Prime,6.25%,12.50%,2022-09-26,2026-09-15,75000,76113,76871,,,,,,,dspy_extracted,RWAY,2025-05-12,RWAY,2025-05-12
3PL Central LLC,First Lien,Software & Technology,,,SOFR,7.00 %,9.00 %,2022-11-09,2025-09-30,72290,72972,69942,,,,,,,dspy_extracted,RWAY,2025-05-12,RWAY,2025-05-12
Dejero Labs Inc.,Second Lien,Software & Technology,,2.00 %,SOFR,8.00 %,8.50 %,2021-12-22,2025-12-22,14535,14805,14513,,,,,,,dspy_extracted,RWAY,2025-05-12,RWAY,2025-05-12
Linxup LLC,First Lien,Software & Technology,,,Prime,3.25 %,11.75 %,2023-11-03,2027-11-15,30000,29846,30602,,,,,,,dspy_extracted,RWAY,2025-05-12,RWAY,2025-05-12
Minute Media Inc.,Preferred Equity,Media & Entertainment,,,N/A,,,2023-12-13,,1039,120,132,,,,,,,dspy_extracted,RWAY,2025-05-12,RWAY,2025-05-12
Minute Media Inc.,Common Equity,Media & Entertainment,,,N/A,,,2023-12-13,,136,16,16,,,,,,,dspy_extracted,RWAY,2025-05-12,RWAY,2025-05-12
Aria Systems Inc.,Preferred Equity,Software & Technology,,,N/A,,,2018-07-10,,289419,250,285,,,,,,,dspy_extracted|fair_value_suspicious_vs_size,RWAY,2025-05-12,RWAY,2025-05-12
FiscalNote Inc.,Common Equity,Software & Technology,,,N/A,,,2020-10-19,,230881,438,186,,,,,,,dspy_extracted|fair_value_suspicious_vs_size,RWAY,2025-05-12,RWAY,2025-05-12
VTX Holdings LLC,Preferred Equity,Software & Technology,,,N/A,,,2024-12-12,,3015219,143,146,,,,,,,dspy_extracted|fair_value_suspicious_vs_size,RWAY,2025-05-12,RWAY,2025-05-12
CareCloud Inc.,Preferred Equity,Healthcare,8.75 %,,N/A,,,2020-01-08,,462064,12132,8978,,,,,,,dspy_extracted|fair_value_suspicious_vs_size,RWAY,2025-05-12,RWAY,2025-05-12
JobGet Holdings Inc.,Preferred Equity,Business Services,,,N/A,,,2024-11-15,,389048,36502,26675,,,,,,,dspy_extracted,RWAY,2025-05-12,RWAY,2025-05-12
JobGet Holdings Inc.,Preferred Equity,Business Services,,,N/A,,,2024-11-15,,16963,-,-,,,,,,,dspy_extracted,RWAY,2025-05-12,RWAY,2025-05-12
Marley Spoon SE,Common Equity,Consumer & Retail,,,N/A,,,2023-07-07,,46004,410,33,,,,,,,dspy_extracted|fair_value_suspicious_vs_size,RWAY,2025-05-12,RWAY,2025-05-12
zSpace Inc.,Common Equity,Software & Technology,,,N/A,,,2020-12-31,,81046,1119,601,,,,,,,dspy_extracted|fair_value_suspicious_vs_size,RWAY,2025-05-12,RWAY,2025-05-12
Brivo Inc.,Warrants,Software & Technology,,,N/A,,,2022-10-20,2032-10-20,201000,,274,,98,,,,,cost_suspicious_vs_size|dspy_extracted|fair_value_suspicious_vs_size,RWAY,2025-05-12,RWAY,2025-05-12
Brivo Inc.,Warrants,Software & Technology,,,N/A,,,2024-12-27,2034-12-27,32109,,44,,43,,,,,cost_suspicious_vs_size|dspy_extracted|fair_value_suspicious_vs_size,RWAY,2025-05-12,RWAY,2025-05-12
Moximed Inc.,Warrants,Healthcare,,,N/A,,,2022-06-24,2032-06-24,214285,,17,,175,,,,,cost_suspicious_vs_size|dspy_extracted|fair_value_suspicious_vs_size,RWAY,2025-05-12,RWAY,2025-05-12
Allurion Technologies Inc.,Warrants,Healthcare,,,N/A,,,2021-03-30,2031-03-30,5320,,,,282,,,,,dspy_extracted,RWAY,2025-05-12,RWAY,2025-05-12
Allurion Technologies Inc.,Warrants,Healthcare,,,N/A,,,2022-06-14,2031-03-30,1851,,,,141,,,,,dspy_extracted,RWAY,2025-05-12,RWAY,2025-05-12
Allurion Technologies Inc.,Warrants,Healthcare,,,N/A,,,2022-09-15,2032-09-15,1850,,,,144,,,,,dspy_extracted,RWAY,2025-05-12,RWAY,2025-05-12
EBR Systems Inc.,Warrants,Healthcare,,,N/A,,,2022-06-30,2032-06-30,,,762,,605,,,,,dspy_extracted,RWAY,2025-05-12,RWAY,2025-05-12
Mingle Healthcare Solutions Inc.,Warrants,Healthcare,,,N/A,,,2018-08-15,2028-08-15,1770973,,,,492,,,,,cost_suspicious_vs_size|dspy_extracted,RWAY,2025-05-12,RWAY,2025-05-12
Nalu Medical Inc.,Warrants,Healthcare,,,N/A,,,2022-10-12,2032-10-12,91717,,76,,173,,,,,cost_suspicious_vs_size|dspy_extracted|fair_value_suspicious_vs_size,RWAY,2025-05-12,RWAY,2025-05-12
Onward Medical N.V.,Warrants,Healthcare,,,N/A,,,2024-06-28,2034-09-26,165338,,329,,340,,,,,cost_suspicious_vs_size|dspy_extracted|fair_value_suspicious_vs_size,RWAY,2025-05-12,RWAY,2025-05-12
Route 92 Medical Inc.,Warrants,Healthcare,,,N/A,,,2025-03-31,2035-03-31,,,833,,833,,,,,dspy_extracted,RWAY,2025-05-12,RWAY,2025-05-12
SetPoint Medical Corp.,Warrants,Healthcare,,,N/A,,,2021-06-29,2031-06-29,400000,,217,,14,,,,,cost_suspicious_vs_size|dspy_extracted|fair_value_suspicious_vs_size,RWAY,2025-05-12,RWAY,2025-05-12
SetPoint Medical Corp.,Warrants,Healthcare,,,N/A,,,2022-12-29,2032-12-29,600000,,325,,74,,,,,cost_suspicious_vs_size|dspy_extracted|fair_value_suspicious_vs_size,RWAY,2025-05-12,RWAY,2025-05-12
VERO Biotech LLC,Warrants,Healthcare,,,N/A,,,2020-12-29,2025-12-29,,,106,,377,,,,,dspy_extracted,RWAY,2025-05-12,RWAY,2025-05-12
CloudPay Inc.,Warrants,Business Services,,,N/A,,,2020-06-30,2030-06-30,11273,,1275,,218,,,,,cost_suspicious_vs_size|dspy_extracted,RWAY,2025-05-12,RWAY,2025-05-12
CloudPay Inc.,Warrants,Business Services,,,N/A,,,2021-08-17,2031-08-17,3502,,73,,52,,,,,cost_suspicious_vs_size|dspy_extracted|fair_value_suspicious_vs_size,RWAY,2025-05-12,RWAY,2025-05-12
CloudPay Inc.,Warrants,Business Services,,,N/A,,,2022-09-26,2032-09-26,5252,,110,,176,,,,,cost_suspicious_vs_size|dspy_extracted|fair_value_suspicious_vs_size,RWAY,2025-05-12,RWAY,2025-05-12
JobGet Holdings Inc.,Warrants,Business Services,,,N/A,,,2021-09-29,2031-09-29,763269,,,,343,,,,,cost_suspicious_vs_size|dspy_extracted,RWAY,2025-05-12,RWAY,2025-05-12
Madison Reed Inc.,Warrants,Consumer & Retail,,,N/A,,,2022-12-16,,,,195,,209,,,,,dspy_extracted,RWAY,2025-05-12,RWAY,2025-05-12
Bombora Inc.,Warrants,Software & Technology,,,N/A,,,2021-03-31,2031-03-31,121581,,127,,174,,,,,cost_suspicious_vs_size|dspy_extracted|fair_value_suspicious_vs_size,RWAY,2025-05-12,RWAY,2025-05-12
Bombora Inc.,Warrants,Software & Technology,,,N/A,,,2023-12-26,2033-12-26,48632,,51,,43,,,,,cost_suspicious_vs_size|dspy_extracted|fair_value_suspicious_vs_size,RWAY,2025-05-12,RWAY,2025-05-12
CarNow Inc.,Warrants,Software & Technology,,,N/A,,,2024-03-22,2034-03-22,200000,,2593,,2400,,,,,cost_suspicious_vs_size|dspy_extracted|fair_value_suspicious_vs_size,RWAY,2025-05-12,RWAY,2025-05-12
INRIX Inc.,Warrants,Software & Technology,,,N/A,,,2019-07-26,2029-07-26,150804,,353,,522,,,,,cost_suspicious_vs_size|dspy_extracted|fair_value_suspicious_vs_size,RWAY,2025-05-12,RWAY,2025-05-12
JWP Holdco LLC,Warrants,Software & Technology,,,N/A,,,2019-12-12,2029-12-12,167827,,,,47,,,,,cost_suspicious_vs_size|dspy_extracted,RWAY,2025-05-12,RWAY,2025-05-12
Skillshare Inc.,Warrants,Software & Technology,,,N/A,,,2022-11-08,,,,417,,301,,,,,dspy_extracted,RWAY,2025-05-12,RWAY,2025-05-12
Synack Inc.,Warrants,Software & Technology,,,N/A,,,2023-12-29,2032-06-30,124215,,194,,158,,,,,cost_suspicious_vs_size|dspy_extracted|fair_value_suspicious_vs_size,RWAY,2025-05-12,RWAY,2025-05-12
Kin Insurance Inc.,Warrants,Insurance,,,N/A,,,2022-09-26,2032-09-26,62364,,301,,426,,,,,cost_suspicious_vs_size|dspy_extracted|fair_value_suspicious_vs_size,RWAY,2025-05-12,RWAY,2025-05-12
AllClear ID Inc.,Warrants,Consumer & Retail,,,N/A,,,2017-08-31,2027-08-31,870514,,,,1750,,,,,cost_suspicious_vs_size|dspy_extracted,RWAY,2025-05-12,RWAY,2025-05-12
Credit Sesame Inc.,Warrants,Consumer & Retail,,,N/A,,,2020-01-07,2030-01-07,191601,,367,,425,,,,,cost_suspicious_vs_size|dspy_extracted|fair_value_suspicious_vs_size,RWAY,2025-05-12,RWAY,2025-05-12
Dejero Labs Inc.,Warrants,Software & Technology,,,N/A,,,2019-05-31,2029-05-31,333621,,167,,192,,,,,cost_suspicious_vs_size|dspy_extracted|fair_value_suspicious_vs_size,RWAY,2025-05-12,RWAY,2025-05-12
Linxup LLC,Warrants,Software & Technology,,,N/A,,,2023-11-03,2033-11-03,,,239,,253,,,,,dspy_extracted,RWAY,2025-05-12,RWAY,2025-05-12
Scale Computing Inc.,Warrants,Software & Technology,,,N/A,,,2019-03-29,2029-03-29,9665667,,,,346,,,,,cost_suspicious_vs_size|dspy_extracted,RWAY,2025-05-12,RWAY,2025-05-12
RealWear Inc.,Warrants,Software & Technology,,,N/A,,,2018-10-05,2028-10-05,73746,,145,,89,,,,,cost_suspicious_vs_size|dspy_extracted|fair_value_suspicious_vs_size,RWAY,2025-05-12,RWAY,2025-05-12
RealWear Inc.,Warrants,Software & Technology,,,N/A,,,2018-10-05,2028-10-05,38705,,2,,47,,,,,cost_suspicious_vs_size|dspy_extracted|fair_value_suspicious_vs_size,RWAY,2025-05-12,RWAY,2025-05-12
RealWear Inc.,Warrants,Software & Technology,,,N/A,,,2018-12-28,2028-12-28,14749,,29,,16,,,,,cost_suspicious_vs_size|dspy_extracted|fair_value_suspicious_vs_size,RWAY,2025-05-12,RWAY,2025-05-12
RealWear Inc.,Warrants,Software & Technology,,,N/A,,,2018-12-28,2028-12-28,7742,,,,9,,,,,cost_suspicious_vs_size|dspy_extracted,RWAY,2025-05-12,RWAY,2025-05-12
RealWear Inc.,Warrants,Software & Technology,,,N/A,,,2019-06-27,2029-06-27,81251,,78,,250,,,,,cost_suspicious_vs_size|dspy_extracted|fair_value_suspicious_vs_size,RWAY,2025-05-12,RWAY,2025-05-12
RealWear Inc.,Warrants,Software & Technology,,,N/A,,,2019-06-27,2029-06-27,42643,,3,,131,,,,,cost_suspicious_vs_size|dspy_extracted|fair_value_suspicious_vs_size,RWAY,2025-05-12,RWAY,2025-05-12
EBR Systems Inc.,First Lien,Healthcare,,,Prime,4.90%,8.90%,2022-06-30,2027-06-15,40000,40037,40511,,,,,,,dspy_extracted,RWAY,2025-05-12,RWAY,2025-05-12
Mingle Healthcare Solutions Inc.,First Lien,Healthcare,,,SOFR,9.75%,12.26%,2018-08-15,2026-12-15,4322,4952,2148,,,,,,,dspy_extracted,RWAY,2025-05-12,RWAY,2025-05-12
Nalu Medical Inc.,First Lien,Healthcare,,2.00%,Prime,2.70%,6.70%,2022-10-12,2027-10-12,20902,21047,21431,,,,,,,dspy_extracted,RWAY,2025-05-12,RWAY,2025-05-12
Onward Medical N.V.,First Lien,Healthcare,,,SOFR,6.50%,10.75%,2024-06-28,2028-06-15,17088,16682,16786,,,,,,,dspy_extracted,RWAY,2025-05-12,RWAY,2025-05-12
Route 92 Medical Inc.,First Lien,Healthcare,,,SOFR,8.48%,8.98%,2021-08-17,2026-07-01,35000,34983,35682,,,,,,,dspy_extracted,RWAY,2025-05-12,RWAY,2025-05-12
SetPoint Medical Corp.,First Lien,Healthcare,,,SOFR,5.75%,9.00%,2022-12-29,2027-12-01,25000,25236,25817,,,,,,,dspy_extracted,RWAY,2025-05-12,RWAY,2025-05-12
JobGet Holdings Inc.,First Lien,Business Services,,8.50%,SOFR,,9.00%,2021-09-29,2025-11-15,3732,3774,3431,,,,,,,dspy_extracted,RWAY,2025-05-12,RWAY,2025-05-12
Madison Reed Inc.,First Lien,Consumer & Retail,,,Prime,4.75%,11.00%,2022-12-16,2026-12-16,16234,16235,16383,,,,,,,dspy_extracted,RWAY,2025-05-12,RWAY,2025-05-12
Marley Spoon SE,First Lien,Consumer & Retail,,8.50%,SOFR,,9.26%,2021-06-30,2027-06-15,38809,38807,34120,,,,,,,dspy_extracted,RWAY,2025-05-12,RWAY,2025-05-12
Bombora Inc.,First Lien,Software & Technology,,3.25%,SOFR,4.75%,6.75%,2023-12-26,2028-01-15,28911,28876,29058,,,,,,,dspy_extracted,RWAY,2025-05-12,RWAY,2025-05-12
CarNow Inc.,First Lien,Software & Technology,,,SOFR,7.25%,11.75%,2024-03-22,2029-03-22,20000,17791,17658,,,,,,,dspy_extracted,RWAY,2025-05-12,RWAY,2025-05-12
Skillshare Inc.,First Lien,Software & Technology,,,SOFR,6.50%,10.72%,2022-11-08,2026-11-08,27600,27875,27555,,,,,,,dspy_extracted,RWAY,2025-05-12,RWAY,2025-05-12
Synack Inc.,First Lien,Software & Technology,,,SOFR,7.00%,11.07%,2023-12-29,2028-12-29,42500,42331,42520,,,,,,,dspy_extracted,RWAY,2025-05-12,RWAY,2025-05-12
Zinnia Corporate Holdings LLC,First Lien,Software & Technology,,,SOFR,8.00%,10.00%,2024-09-23,2029-09-21,40000,39244,39244,,,,,,,dspy_extracted|type_hint_corporate_from_name,RWAY,2025-05-12,RWAY,2025-05-12
Kin Insurance Inc.,First Lien,Insurance,,,Prime,6.25%,12.50%,2022-09-26,2026-09-15,75000,75912,76626,,,,,,,dspy_extracted,RWAY,2025-05-12,RWAY,2025-05-12
3PL Central LLC,First Lien,Software & Technology,,2.50%,SOFR,4.50%,6.50%,2022-11-09,2027-11-09,72205,72307,69262,,,,,,,dspy_extracted,RWAY,2025-05-12,RWAY,2025-05-12
Linxup LLC,First Lien,Software & Technology,,,Prime,3.25%,11.75%,2023-11-03,2027-11-15,30000,29779,30607,,,,,,,dspy_extracted,RWAY,2025-05-12,RWAY,2025-05-12
Dejero Labs Inc.,Second Lien,Software & Technology,,2.00%,SOFR,8.00%,8.50%,2021-12-22,2025-12-22,14463,14696,14403,,,,,,,dspy_extracted,RWAY,2025-05-12,RWAY,2025-05-12
Mustang Bio Inc.,Warrants,Healthcare,,,N/A,,,2022-03-04,2032-03-04,49869,,4,,315,,,,,cost_suspicious_vs_size|dspy_extracted|fair_value_suspicious_vs_size,RWAY,2025-05-12,RWAY,2025-05-12
TRACON Pharmaceuticals Inc.,Warrants,Healthcare,,,N/A,,,2022-09-02,2032-09-02,7538,,-,,226,,,,,dspy_extracted,RWAY,2025-05-12,RWAY,2025-05-12
Massdrop Inc.,Warrants,Consumer & Retail,,,N/A,,,2019-07-22,2029-07-22,848093,,-,,183,,,,,dspy_extracted,RWAY,2025-05-12,RWAY,2025-05-12
Elevate Services Inc.,Warrants,Software & Technology,,,N/A,,,2023-07-10,2033-07-10,248997,,398,,447,,,,,cost_suspicious_vs_size|dspy_extracted|fair_value_suspicious_vs_size,RWAY,2025-05-12,RWAY,2025-05-12
Elevate Services Inc.,Warrants,Software & Technology,,,N/A,,,2024-07-17,2034-07-17,74700,,119,,118,,,,,cost_suspicious_vs_size|dspy_extracted|fair_value_suspicious_vs_size,RWAY,2025-05-12,RWAY,2025-05-12
Interactions Corp.,Warrants,Software & Technology,,,N/A,,,2022-06-24,2032-06-24,189408,,13,,219,,,,,cost_suspicious_vs_size|dspy_extracted|fair_value_suspicious_vs_size,RWAY,2025-05-12,RWAY,2025-05-12
Predactiv Inc.,Warrants,Software & Technology,,,N/A,,,2018-12-03,2028-12-03,647615,,90,,2162,,,,,cost_suspicious_vs_size|dspy_extracted|fair_value_suspicious_vs_size,RWAY,2025-05-12,RWAY,2025-05-12
Brivo Inc.,Warrants,Software & Technology,,,N/A,,,2022-10-20,2032-10-20,201000,,269,,98,,,,,cost_suspicious_vs_size|dspy_extracted|fair_value_suspicious_vs_size,RWAY,2025-05-12,RWAY,2025-05-12
Brivo Inc.,Warrants,Software & Technology,,,N/A,,,2024-12-27,2034-12-27,32109,,43,,43,,,,,cost_suspicious_vs_size|dspy_extracted|fair_value_suspicious_vs_size,RWAY,2025-05-12,RWAY,2025-05-12
Epic IO Technologies Inc.,Warrants,Software & Technology,,,N/A,,,2021-12-17,2028-12-17,,,334,,505,,,,,dspy_extracted,RWAY,2025-05-12,RWAY,2025-05-12
Moximed Inc.,Warrants,Healthcare,,,N/A,,,2022-06-24,2032-06-24,214285,,24,,175,,,,,cost_suspicious_vs_size|dspy_extracted|fair_value_suspicious_vs_size,RWAY,2025-05-12,RWAY,2025-05-12
Allurion Technologies Inc.,Warrants,Healthcare,,,N/A,,,2021-03-30,2031-03-30,132979,,1,,282,,,,,cost_suspicious_vs_size|dspy_extracted|fair_value_suspicious_vs_size,RWAY,2025-05-12,RWAY,2025-05-12
Allurion Technologies Inc.,Warrants,Healthcare,,,N/A,,,2022-06-14,2031-03-30,46256,,-,,141,,,,,dspy_extracted,RWAY,2025-05-12,RWAY,2025-05-12
Allurion Technologies Inc.,Warrants,Healthcare,,,N/A,,,2023-08-02,2028-08-01,,,-,,-,,,,,dspy_extracted,RWAY,2025-05-12,RWAY,2025-05-12
EBR Systems Inc.,Warrants,Healthcare,,,N/A,,,2022-06-30,2032-06-30,,,617,,605,,,,,dspy_extracted,RWAY,2025-05-12,RWAY,2025-05-12
Mingle Healthcare Solutions Inc.,Warrants,Healthcare,,,N/A,,,2018-08-15,2028-08-15,1770973,,-,,492,,,,,dspy_extracted,RWAY,2025-05-12,RWAY,2025-05-12
Nalu Medical Inc.,Warrants,Healthcare,,,N/A,,,2022-10-12,2032-10-12,91717,,70,,173,,,,,cost_suspicious_vs_size|dspy_extracted|fair_value_suspicious_vs_size,RWAY,2025-05-12,RWAY,2025-05-12
Onward Medical N.V.,Warrants,Healthcare,,,N/A,,,2024-06-28,2034-09-26,165338,,417,,340,,,,,cost_suspicious_vs_size|dspy_extracted|fair_value_suspicious_vs_size,RWAY,2025-05-12,RWAY,2025-05-12
Route 92 Medical Inc.,Warrants,Healthcare,,,N/A,,,2021-08-17,2031-08-17,,,784,,835,,,,,dspy_extracted,RWAY,2025-05-12,RWAY,2025-05-12
SetPoint Medical Corp.,Warrants,Healthcare,,,N/A,,,2021-06-29,2031-06-29,400000,,223,,14,,,,,cost_suspicious_vs_size|dspy_extracted|fair_value_suspicious_vs_size,RWAY,2025-05-12,RWAY,2025-05-12
SetPoint Medical Corp.,Warrants,Healthcare,,,N/A,,,2022-12-29,2032-12-29,600000,,334,,74,,,,,cost_suspicious_vs_size|dspy_extracted|fair_value_suspicious_vs_size,RWAY,2025-05-12,RWAY,2025-05-12
VERO Biotech LLC,Warrants,Healthcare,,,N/A,,,2020-12-29,2025-12-29,,,114,,377,,,,,dspy_extracted,RWAY,2025-05-12,RWAY,2025-05-12
CloudPay Inc.,Warrants,Business Services,,,N/A,,,2020-06-30,2030-06-30,11273,,1343,,218,,,,,cost_suspicious_vs_size|dspy_extracted,RWAY,2025-05-12,RWAY,2025-05-12
CloudPay Inc.,Warrants,Business Services,,,N/A,,,2021-08-17,2031-08-17,3502,,89,,52,,,,,cost_suspicious_vs_size|dspy_extracted|fair_value_suspicious_vs_size,RWAY,2025-05-12,RWAY,2025-05-12
CloudPay Inc.,Warrants,Business Services,,,N/A,,,2022-09-26,2032-09-26,5252,,134,,176,,,,,cost_suspicious_vs_size|dspy_extracted|fair_value_suspicious_vs_size,RWAY,2025-05-12,RWAY,2025-05-12
JobGet Holdings Inc.,Warrants,Business Services,,,N/A,,,2021-09-29,2031-09-29,763269,,-,,343,,,,,dspy_extracted,RWAY,2025-05-12,RWAY,2025-05-12
Madison Reed Inc.,Warrants,Consumer & Retail,,,N/A,,,2022-12-16,,,,183,,209,,,,,dspy_extracted,RWAY,2025-05-12,RWAY,2025-05-12
Bombora Inc.,Warrants,Software & Technology,,,N/A,,,2021-03-31,2031-03-31,121581,,135,,174,,,,,cost_suspicious_vs_size|dspy_extracted|fair_value_suspicious_vs_size,RWAY,2025-05-12,RWAY,2025-05-12
Bombora Inc.,Warrants,Software & Technology,,,N/A,,,2023-12-26,2033-12-26,48632,,54,,43,,,,,cost_suspicious_vs_size|dspy_extracted|fair_value_suspicious_vs_size,RWAY,2025-05-12,RWAY,2025-05-12
CarNow Inc.,Warrants,Software & Technology,,,N/A,,,2024-03-22,2034-03-22,200000,,2825,,2400,,,,,cost_suspicious_vs_size|dspy_extracted|fair_value_suspicious_vs_size,RWAY,2025-05-12,RWAY,2025-05-12
INRIX Inc.,Warrants,Software & Technology,,,N/A,,,2019-07-26,2029-07-26,150804,,344,,522,,,,,cost_suspicious_vs_size|dspy_extracted|fair_value_suspicious_vs_size,RWAY,2025-05-12,RWAY,2025-05-12
JWP Holdco LLC,Warrants,Software & Technology,,,N/A,,,2019-12-12,2029-12-12,167827,,158,,47,,,,,cost_suspicious_vs_size|dspy_extracted|fair_value_suspicious_vs_size,RWAY,2025-05-12,RWAY,2025-05-12
Skillshare Inc.,Warrants,Software & Technology,,,N/A,,,2022-11-08,,,,367,,301,,,,,dspy_extracted,RWAY,2025-05-12,RWAY,2025-05-12
Synack Inc.,Warrants,Software & Technology,,,N/A,,,2023-12-29,2032-06-30,124215,,186,,158,,,,,cost_suspicious_vs_size|dspy_extracted|fair_value_suspicious_vs_size,RWAY,2025-05-12,RWAY,2025-05-12
Kin Insurance Inc.,Warrants,Insurance,,,N/A,,,2022-09-26,2032-09-26,62364,,285,,426,,,,,cost_suspicious_vs_size|dspy_extracted|fair_value_suspicious_vs_size,RWAY,2025-05-12,RWAY,2025-05-12
AllClear ID Inc.,Warrants,Other,,,N/A,,,2017-08-31,2027-08-31,523893,,,,1053,,,,,cost_suspicious_vs_size|dspy_extracted,RWAY,2025-05-12,RWAY,2025-05-12
AllClear ID Inc.,Warrants,Other,,,N/A,,,2018-10-17,2027-08-31,346621,,,,697,,,,,cost_suspicious_vs_size|dspy_extracted,RWAY,2025-05-12,RWAY,2025-05-12
Credit Sesame Inc.,Warrants,Other,,,N/A,,,2020-01-07,2030-01-07,191601,,365,,425,,,,,cost_suspicious_vs_size|dspy_extracted|fair_value_suspicious_vs_size,RWAY,2025-05-12,RWAY,2025-05-12
Dejero Labs Inc.,Warrants,Software & Technology,,,N/A,,,2019-05-31,2029-05-31,333621,,177,,192,,,,,cost_suspicious_vs_size|dspy_extracted|fair_value_suspicious_vs_size,RWAY,2025-05-12,RWAY,2025-05-12
Linxup LLC,Warrants,Software & Technology,,,N/A,,,2023-11-03,2033-11-03,,,201,,253,,,,,dspy_extracted,RWAY,2025-05-12,RWAY,2025-05-12
RealWear Inc.,Warrants,Software & Technology,,,N/A,,,2018-10-05,2028-10-05,112451,,206,,136,,,,,cost_suspicious_vs_size|dspy_extracted|fair_value_suspicious_vs_size,RWAY,2025-05-12,RWAY,2025-05-12
RealWear Inc.,Warrants,Software & Technology,,,N/A,,,2018-12-28,2028-12-28,22491,,41,,25,,,,,cost_suspicious_vs_size|dspy_extracted|fair_value_suspicious_vs_size,RWAY,2025-05-12,RWAY,2025-05-12
RealWear Inc.,Warrants,Software & Technology,,,N/A,,,2019-06-27,2029-06-27,123894,,136,,381,,,,,cost_suspicious_vs_size|dspy_extracted|fair_value_suspicious_vs_size,RWAY,2025-05-12,RWAY,2025-05-12
Gynesonics Inc.,First Lien,,8.75%,,SOFR,8.75 %,,,2026-11-30,,,27217,,,,,,,dspy_extracted,RWAY,2025-05-12,RWAY,2025-05-12
Coginiti Corp.,Common Equity,,,,N/A,,,,,,,0,,,,,,,dspy_extracted,RWAY,2025-05-12,RWAY,2025-05-12
Gynesonics Inc.,Preferred Equity,,,,N/A,,,,,,,25000,,,,,,,dspy_extracted,RWAY,2025-05-12,RWAY,2025-05-12
Gynesonics Inc.,Preferred Equity,,,,N/A,,,,,,,12355,,,,,,,dspy_extracted,RWAY,2025-05-12,RWAY,2025-05-12
Coginiti Corp.,Warrants,,,,N/A,,,,,,,0,,,,,,,dspy_extracted,RWAY,2025-05-12,RWAY,2025-05-12
Gynesonics Inc.,Warrants,,,,N/A,,,,,,,0,,,,,,,dspy_extracted,RWAY,2025-05-12,RWAY,2025-05-12
Pivot3 Inc.,Common Equity,,,,N/A,,,,,,,1198,,,,,,,dspy_extracted,RWAY,2025-05-12,RWAY,2025-05-12
Runway-Cadma I LLC,Partnership Interest,,,,N/A,,,,,,,5742,,,,,,,dspy_extracted,RWAY,2025-05-12,RWAY,2025-05-12
Bombora Inc.,First Lien,,,,N/A,,,,,,,2000,,,,,,,dspy_extracted,RWAY,2025-05-12,RWAY,2025-05-12
CarNow Inc.,First Lien,,,,N/A,,,,,,,8000,,,,,,,dspy_extracted,RWAY,2025-05-12,RWAY,2025-05-12
Elevate Services Inc.,First Lien,Business Services,,,N/A,,,,,,,1000,,,,,,,dspy_extracted,RWAY,2025-05-12,RWAY,2025-05-12
Interactions Corp.,First Lien,,,,N/A,,,,,,,10000,,,,,,,dspy_extracted,RWAY,2025-05-12,RWAY,2025-05-12
Linxup LLC,First Lien,,,,N/A,,,,,,,-,,,,,,,dspy_extracted,RWAY,2025-05-12,RWAY,2025-05-12
Onward Medical N.V.,First Lien,Healthcare,,,N/A,,,,,,,38982,,,,,,,dspy_extracted,RWAY,2025-05-12,RWAY,2025-05-12
Route 92 Medical Inc.,First Lien,Healthcare,,,N/A,,,,,,,20000,,,,,,,dspy_extracted,RWAY,2025-05-12,RWAY,2025-05-12
Runway-Cadma I LLC,Other,,,,N/A,,,,,,,29400,,,,,,,dspy_extracted,RWAY,2025-05-12,RWAY,2025-05-12
SetPoint Medical Corp.,First Lien,Healthcare,,,N/A,,,,,,,20000,,,,,,,dspy_extracted,RWAY,2025-05-12,RWAY,2025-05-12
Snap! Mobile Inc.,First Lien,,,,N/A,,,,,,,5000,,,,,,,dspy_extracted,RWAY,2025-05-12,RWAY,2025-05-12
Synack Inc.,First Lien,,,,N/A,,,,,,,22500,,,,,,,dspy_extracted,RWAY,2025-05-12,RWAY,2025-05-12
Zinnia Corporate Holdings LLC,First Lien,,,,N/A,,,,,,,5333,,,,,,,dspy_extracted|type_hint_corporate_from_name,RWAY,2025-05-12,RWAY,2025-05-12
"EBR Systems, Inc.",First Lien,Healthcare,,,Prime,4.90 %,8.90 %,2022-06-30,2027-06-15,40000,40345,40918,,,,,,,dspy_extracted,RWAY,2025-08-07,RWAY,2025-08-07
"Mingle Healthcare Solutions, Inc.",First Lien,Healthcare,,,SOFR,9.75 %,12.26 %,2018-08-15,2026-12-15,4127,4757,2399,,,,,,,dspy_extracted,RWAY,2025-08-07,RWAY,2025-08-07
"Moximed, Inc.",First Lien,Healthcare,,,Prime,5.25 %,8.75 %,2022-06-24,2027-07-01,15000,15157,15423,,,,,,,dspy_extracted,RWAY,2025-08-07,RWAY,2025-08-07
"Nalu Medical, Inc.",First Lien,Healthcare,,2.00 %,Prime,2.70 %,6.70 %,2022-10-12,2027-10-12,21115,21378,22332,,,,,,,dspy_extracted,RWAY,2025-08-07,RWAY,2025-08-07
"Onward Medical, N.V.",First Lien,Healthcare,,,SOFR,6.50 %,10.75 %,2024-06-28,2028-06-15,17088,16780,16975,,,,,,,dspy_extracted,RWAY,2025-08-07,RWAY,2025-08-07
"Route 92 Medical, Inc.",First Lien,Healthcare,,,SOFR,7.00 %,9.00 %,2025-03-31,2029-03-31,35000,34204,34689,,,,,,,dspy_extracted,RWAY,2025-08-07,RWAY,2025-08-07
"Madison Reed, Inc.",First Lien,Consumer & Retail,,,Prime,4.75 %,11.00 %,2022-12-16,2026-12-16,16341,16459,16598,,,,,,,dspy_extracted,RWAY,2025-08-07,RWAY,2025-08-07
"Kin Insurance, Inc.",First Lien,Insurance,,,Prime,6.25 %,12.50 %,2022-09-26,2026-09-15,75000,76324,78195,,,,,,,dspy_extracted,RWAY,2025-08-07,RWAY,2025-08-07
"Skillshare, Inc.",First Lien,Media & Entertainment,,,SOFR,6.50 %,10.72 %,2022-11-08,2026-11-08,20400,20673,20400,,,,,,,dspy_extracted,RWAY,2025-08-07,RWAY,2025-08-07
"Snap! Mobile, Inc.",First Lien,Media & Entertainment,,,SOFR,7.50 %,12.10 %,2024-09-30,2028-09-30,18000,17634,17530,,,,,,,dspy_extracted,RWAY,2025-08-07,RWAY,2025-08-07
3PL Central LLC,First Lien,Software & Technology,,,SOFR,7.00 %,9.00 %,2022-11-09,2025-09-30,72290,74577,70254,,,,,,,dspy_extracted,RWAY,2025-08-07,RWAY,2025-08-07
Circadence Corp.,First Lien,Software & Technology,,,SOFR,9.50 %,12.26 %,2018-12-20,2025-12-15,23252,24602,20232,,,,,,,dspy_extracted,RWAY,2025-08-07,RWAY,2025-08-07
"Synack, Inc.",First Lien,Software & Technology,,,SOFR,7.00 %,11.07 %,2023-12-29,2028-12-29,42500,42390,42511,,,,,,,dspy_extracted,RWAY,2025-08-07,RWAY,2025-08-07
"Brivo, Inc.",First Lien,Software & Technology,,,SOFR,7.25 %,11.29 %,2024-12-27,2029-12-15,40000,39804,40187,,,,,,,dspy_extracted,RWAY,2025-08-07,RWAY,2025-08-07
Dejero Labs Inc.,Second Lien,Software & Technology,,2.00 %,SOFR,8.00 %,8.50 %,2021-12-22,2025-12-22,14610,14920,14710,,,,,,,dspy_extracted,RWAY,2025-08-07,RWAY,2025-08-07
"Linxup, LLC",First Lien,Software & Technology,,,Prime,3.25 %,11.75 %,2023-11-03,2027-11-15,30000,29913,30502,,,,,,,dspy_extracted,RWAY,2025-08-07,RWAY,2025-08-07
Allurion Technologies Inc.,Warrants,Healthcare,,,N/A,,,2021-03-30,2031-03-30,5320,,-,,282,,,,,dspy_extracted,RWAY,2025-08-07,RWAY,2025-08-07
Allurion Technologies Inc.,Warrants,Healthcare,,,N/A,,,2022-06-14,2031-03-30,1851,,-,,141,,,,,dspy_extracted,RWAY,2025-08-07,RWAY,2025-08-07
Allurion Technologies Inc.,Warrants,Healthcare,,,N/A,,,2022-09-15,2032-09-15,1850,,-,,144,,,,,dspy_extracted,RWAY,2025-08-07,RWAY,2025-08-07
Allurion Technologies Inc.,Warrants,Healthcare,,,N/A,,,2023-08-02,2028-08-01,,,-,,-,,,,,dspy_extracted,RWAY,2025-08-07,RWAY,2025-08-07
EBR Systems Inc.,Warrants,Healthcare,,,N/A,,,2022-06-30,2032-06-30,,,604,,605,,,,,dspy_extracted,RWAY,2025-08-07,RWAY,2025-08-07
Mingle Healthcare Solutions Inc.,Warrants,Healthcare,,,N/A,,,2018-08-15,2028-08-15,1770973,,-,,492,,,,,dspy_extracted,RWAY,2025-08-07,RWAY,2025-08-07
Moximed Inc.,Warrants,Healthcare,,,N/A,,,2022-06-24,2032-06-24,214285,,19,,175,,,,,cost_suspicious_vs_size|dspy_extracted|fair_value_suspicious_vs_size,RWAY,2025-08-07,RWAY,2025-08-07
Nalu Medical Inc.,Warrants,Healthcare,,,N/A,,,2022-10-12,2032-10-12,91717,,67,,173,,,,,cost_suspicious_vs_size|dspy_extracted|fair_value_suspicious_vs_size,RWAY,2025-08-07,RWAY,2025-08-07
Onward Medical N.V.,Warrants,Healthcare,,,N/A,,,2024-06-28,2034-09-26,165338,,362,,340,,,,,cost_suspicious_vs_size|dspy_extracted|fair_value_suspicious_vs_size,RWAY,2025-08-07,RWAY,2025-08-07
Route 92 Medical Inc.,Warrants,Healthcare,,,N/A,,,2025-03-31,2035-03-31,,,829,,833,,,,,dspy_extracted,RWAY,2025-08-07,RWAY,2025-08-07
SetPoint Medical Corp.,Warrants,Healthcare,,,N/A,,,2021-06-29,2031-06-29,400000,,198,,14,,,,,cost_suspicious_vs_size|dspy_extracted|fair_value_suspicious_vs_size,RWAY,2025-08-07,RWAY,2025-08-07
SetPoint Medical Corp.,Warrants,Healthcare,,,N/A,,,2022-12-29,2032-12-29,600000,,298,,74,,,,,cost_suspicious_vs_size|dspy_extracted|fair_value_suspicious_vs_size,RWAY,2025-08-07,RWAY,2025-08-07
VERO Biotech LLC,Warrants,Healthcare,,,N/A,,,2020-12-29,2025-12-29,,,74,,377,,,,,dspy_extracted,RWAY,2025-08-07,RWAY,2025-08-07
Madison Reed Inc.,Warrants,Consumer & Retail,,,N/A,,,2022-12-16,,,,169,,209,,,,,dspy_extracted,RWAY,2025-08-07,RWAY,2025-08-07
Kin Insurance Inc.,Warrants,Insurance,,,N/A,,,2022-09-26,2032-09-26,62364,,316,,426,,,,,cost_suspicious_vs_size|dspy_extracted|fair_value_suspicious_vs_size,RWAY,2025-08-07,RWAY,2025-08-07
Skillshare Inc.,Warrants,Media & Entertainment,,,N/A,,,2022-11-08,,,,335,,301,,,,,dspy_extracted,RWAY,2025-08-07,RWAY,2025-08-07
Snap! Mobile Inc.,Warrants,Media & Entertainment,,,N/A,,,2024-09-30,2034-09-30,19140,,338,,345,,,,,cost_suspicious_vs_size|dspy_extracted|fair_value_suspicious_vs_size,RWAY,2025-08-07,RWAY,2025-08-07
Mustang Bio Inc.,Warrants,Healthcare,,,N/A,,,2022-03-04,2032-03-04,997,,-,,315,,,,,dspy_extracted,RWAY,2025-08-07,RWAY,2025-08-07
Circadence Corp.,Warrants,Software & Technology,,,N/A,,,2018-12-20,2028-12-20,1538462,,1,,3630,,,,,cost_suspicious_vs_size|dspy_extracted|fair_value_suspicious_vs_size,RWAY,2025-08-07,RWAY,2025-08-07
Circadence Corp.,Warrants,Software & Technology,,,N/A,,,2019-10-31,2029-10-31,384615,,-,,846,,,,,dspy_extracted,RWAY,2025-08-07,RWAY,2025-08-07
Circadence Corp.,Warrants,Software & Technology,,,N/A,,,2023-12-21,,,,447,,304,,,,,dspy_extracted,RWAY,2025-08-07,RWAY,2025-08-07
Scale Computing Inc.,Warrants,Software & Technology,,,N/A,,,2019-03-29,2029-03-29,9665667,,-,,346,,,,,dspy_extracted,RWAY,2025-08-07,RWAY,2025-08-07
Synack Inc.,Warrants,Software & Technology,,,N/A,,,2023-12-29,2032-06-30,124215,,183,,158,,,,,cost_suspicious_vs_size|dspy_extracted|fair_value_suspicious_vs_size,RWAY,2025-08-07,RWAY,2025-08-07
Brivo Inc.,Warrants,Software & Technology,,,N/A,,,2022-10-20,2032-10-20,201000,,305,,98,,,,,cost_suspicious_vs_size|dspy_extracted|fair_value_suspicious_vs_size,RWAY,2025-08-07,RWAY,2025-08-07
Brivo Inc.,Warrants,Software & Technology,,,N/A,,,2024-12-27,2034-12-27,32109,,49,,43,,,,,cost_suspicious_vs_size|dspy_extracted|fair_value_suspicious_vs_size,RWAY,2025-08-07,RWAY,2025-08-07
Dejero Labs Inc.,Warrants,Software & Technology,,,N/A,,,2019-05-31,2029-05-31,333621,,136,,192,,,,,cost_suspicious_vs_size|dspy_extracted|fair_value_suspicious_vs_size,RWAY,2025-08-07,RWAY,2025-08-07
Linxup LLC,Warrants,Software & Technology,,,N/A,,,2023-11-03,2033-11-03,,,247,,253,,,,,dspy_extracted,RWAY,2025-08-07,RWAY,2025-08-07
RealWear Inc.,Warrants,Software & Technology,,,N/A,,,2018-10-05,2028-10-05,73746,,149,,89,,,,,cost_suspicious_vs_size|dspy_extracted|fair_value_suspicious_vs_size,RWAY,2025-08-07,RWAY,2025-08-07
RealWear Inc.,Warrants,Software & Technology,,,N/A,,,2018-10-05,2028-10-05,38705,,1,,47,,,,,cost_suspicious_vs_size|dspy_extracted|fair_value_suspicious_vs_size,RWAY,2025-08-07,RWAY,2025-08-07
RealWear Inc.,Warrants,Software & Technology,,,N/A,,,2018-12-28,2028-12-28,14749,,30,,16,,,,,cost_suspicious_vs_size|dspy_extracted|fair_value_suspicious_vs_size,RWAY,2025-08-07,RWAY,2025-08-07
RealWear Inc.,Warrants,Software & Technology,,,N/A,,,2018-12-28,2028-12-28,7742,,-,,9,,,,,dspy_extracted,RWAY,2025-08-07,RWAY,2025-08-07
RealWear Inc.,Warrants,Software & Technology,,,N/A,,,2019-06-27,2029-06-27,81251,,64,,250,,,,,cost_suspicious_vs_size|dspy_extracted|fair_value_suspicious_vs_size,RWAY,2025-08-07,RWAY,2025-08-07
RealWear Inc.,Warrants,Software & Technology,,,N/A,,,2019-06-27,2029-06-27,42643,,1,,131,,,,,cost_suspicious_vs_size|dspy_extracted|fair_value_suspicious_vs_size,RWAY,2025-08-07,RWAY,2025-08-07
EBR Systems Inc.,First Lien,Healthcare,,,Prime,4.90 %,8.90 %,2022-06-30,2027-06-15,40000,40037,40511,,,,,,,dspy_extracted,RWAY,2025-08-07,RWAY,2025-08-07
Mingle Healthcare Solutions Inc.,First Lien,Healthcare,,,SOFR,9.75 %,12.26 %,2018-08-15,2026-12-15,4322,4952,2148,,,,,,,dspy_extracted,RWAY,2025-08-07,RWAY,2025-08-07
Nalu Medical Inc.,First Lien,Healthcare,,2.00 %,Prime,2.70 %,6.70 %,2022-10-12,2027-10-12,20902,21047,21431,,,,,,,dspy_extracted,RWAY,2025-08-07,RWAY,2025-08-07
Onward Medical N.V.,First Lien,Healthcare,,,SOFR,6.50 %,10.75 %,2024-06-28,2028-06-15,17088,16682,16786,,,,,,,dspy_extracted,RWAY,2025-08-07,RWAY,2025-08-07
Route 92 Medical Inc.,First Lien,Healthcare,,,SOFR,8.48 %,8.98 %,2021-08-17,2026-07-01,35000,34983,35682,,,,,,,dspy_extracted,RWAY,2025-08-07,RWAY,2025-08-07
SetPoint Medical Corp.,First Lien,Healthcare,,,SOFR,5.75 %,9.00 %,2022-12-29,2027-12-01,25000,25236,25817,,,,,,,dspy_extracted,RWAY,2025-08-07,RWAY,2025-08-07
JobGet Holdings Inc.,First Lien,Business Services,,8.50 %,SOFR,,9.00 %,2021-09-29,2025-11-15,3732,3774,3431,,,,,,,dspy_extracted,RWAY,2025-08-07,RWAY,2025-08-07
Madison Reed Inc.,First Lien,Consumer & Retail,,,Prime,4.75 %,11.00 %,2022-12-16,2026-12-16,16234,16235,16383,,,,,,,dspy_extracted,RWAY,2025-08-07,RWAY,2025-08-07
Marley Spoon SE,First Lien,Consumer & Retail,,8.50 %,SOFR,,9.26 %,2021-06-30,2027-06-15,38809,38807,34120,,,,,,,dspy_extracted,RWAY,2025-08-07,RWAY,2025-08-07
Bombora Inc.,First Lien,Software & Technology,,3.25 %,SOFR,4.75 %,6.75 %,2023-12-26,2028-01-15,28911,28876,29058,,,,,,,dspy_extracted,RWAY,2025-08-07,RWAY,2025-08-07
CarNow Inc.,First Lien,Software & Technology,,,SOFR,7.25 %,11.75 %,2024-03-22,2029-03-22,20000,17791,17658,,,,,,,dspy_extracted,RWAY,2025-08-07,RWAY,2025-08-07
Skillshare Inc.,First Lien,Software & Technology,,,SOFR,6.50 %,10.72 %,2022-11-08,2026-11-08,27600,27875,27555,,,,,,,dspy_extracted,RWAY,2025-08-07,RWAY,2025-08-07
Synack Inc.,First Lien,Software & Technology,,,SOFR,7.00 %,11.07 %,2023-12-29,2028-12-29,42500,42331,42520,,,,,,,dspy_extracted,RWAY,2025-08-07,RWAY,2025-08-07
Zinnia Corporate Holdings LLC,First Lien,Software & Technology,,,SOFR,8.00 %,10.00 %,2024-09-23,2029-09-21,40000,39244,39244,,,,,,,dspy_extracted|type_hint_corporate_from_name,RWAY,2025-08-07,RWAY,2025-08-07
Kin Insurance Inc.,First Lien,Insurance,,,Prime,6.25 %,12.50 %,2022-09-26,2026-09-15,75000,75912,76626,,,,,,,dspy_extracted,RWAY,2025-08-07,RWAY,2025-08-07
3PL Central LLC,First Lien,Software & Technology,,2.50 %,SOFR,4.50 %,6.50 %,2022-11-09,2027-11-09,72205,72307,69262,,,,,,,dspy_extracted,RWAY,2025-08-07,RWAY,2025-08-07
Linxup LLC,First Lien,Software & Technology,,,Prime,3.25 %,11.75 %,2023-11-03,2027-11-15,30000,29779,30607,,,,,,,dspy_extracted,RWAY,2025-08-07,RWAY,2025-08-07
Dejero Labs Inc.,Second Lien,Software & Technology,,2.00 %,SOFR,8.00 %,8.50 %,2021-12-22,2025-12-22,14463,14696,14403,,,,,,,dspy_extracted,RWAY,2025-08-07,RWAY,2025-08-07
"Mustang Bio, Inc.",Warrants,Healthcare,,,N/A,,,2022-03-04,2032-03-04,49869,,4,,315,,,,,cost_suspicious_vs_size|dspy_extracted|fair_value_suspicious_vs_size,RWAY,2025-08-07,RWAY,2025-08-07
"TRACON Pharmaceuticals, Inc.",Warrants,Healthcare,,,N/A,,,2022-09-02,2032-09-02,7538,,-,,226,,,,,dspy_extracted,RWAY,2025-08-07,RWAY,2025-08-07
"Massdrop, Inc.",Warrants,Consumer & Retail,,,N/A,,,2019-07-22,2029-07-22,848093,,-,,183,,,,,dspy_extracted,RWAY,2025-08-07,RWAY,2025-08-07
"Elevate Services, Inc.",Warrants,Software & Technology,,,N/A,,,2023-07-10,2033-07-10,248997,,398,,447,,,,,cost_suspicious_vs_size|dspy_extracted|fair_value_suspicious_vs_size,RWAY,2025-08-07,RWAY,2025-08-07
"Elevate Services, Inc.",Warrants,Software & Technology,,,N/A,,,2024-07-17,2034-07-17,74700,,119,,118,,,,,cost_suspicious_vs_size|dspy_extracted|fair_value_suspicious_vs_size,RWAY,2025-08-07,RWAY,2025-08-07
Interactions Corp.,Warrants,Software & Technology,,,N/A,,,2022-06-24,2032-06-24,189408,,13,,219,,,,,cost_suspicious_vs_size|dspy_extracted|fair_value_suspicious_vs_size,RWAY,2025-08-07,RWAY,2025-08-07
"Predactiv, Inc.",Warrants,Software & Technology,,,N/A,,,2018-12-03,2028-12-03,647615,,90,,2162,,,,,cost_suspicious_vs_size|dspy_extracted|fair_value_suspicious_vs_size,RWAY,2025-08-07,RWAY,2025-08-07
"Brivo, Inc.",Warrants,Software & Technology,,,N/A,,,2022-10-20,2032-10-20,201000,,269,,98,,,,,cost_suspicious_vs_size|dspy_extracted|fair_value_suspicious_vs_size,RWAY,2025-08-07,RWAY,2025-08-07
"Brivo, Inc.",Warrants,Software & Technology,,,N/A,,,2024-12-27,2034-12-27,32109,,43,,43,,,,,cost_suspicious_vs_size|dspy_extracted|fair_value_suspicious_vs_size,RWAY,2025-08-07,RWAY,2025-08-07
"Epic IO Technologies, Inc.",Warrants,Software & Technology,,,N/A,,,2021-12-17,2028-12-17,,,334,,505,,,,,dspy_extracted,RWAY,2025-08-07,RWAY,2025-08-07
"Moximed, Inc.",Warrants,Healthcare,,,N/A,,,2022-06-24,2032-06-24,214285,,24,,175,,,,,cost_suspicious_vs_size|dspy_extracted|fair_value_suspicious_vs_size,RWAY,2025-08-07,RWAY,2025-08-07
"Allurion Technologies, Inc.",Warrants,Healthcare,,,N/A,,,2021-03-30,2031-03-30,132979,,1,,282,,,,,cost_suspicious_vs_size|dspy_extracted|fair_value_suspicious_vs_size,RWAY,2025-08-07,RWAY,2025-08-07
"Allurion Technologies, Inc.",Warrants,Healthcare,,,N/A,,,2022-06-14,2031-03-30,46256,,-,,141,,,,,dspy_extracted,RWAY,2025-08-07,RWAY,2025-08-07
"Allurion Technologies, Inc.",Warrants,Healthcare,,,N/A,,,2023-08-02,2028-08-01,,,-,,-,,,,,dspy_extracted,RWAY,2025-08-07,RWAY,2025-08-07
"EBR Systems, Inc.",Warrants,Healthcare,,,N/A,,,2022-06-30,2032-06-30,,,617,,605,,,,,dspy_extracted,RWAY,2025-08-07,RWAY,2025-08-07
"Mingle Healthcare Solutions, Inc.",Warrants,Healthcare,,,N/A,,,2018-08-15,2028-08-15,1770973,,-,,492,,,,,dspy_extracted,RWAY,2025-08-07,RWAY,2025-08-07
"Nalu Medical, Inc.",Warrants,Healthcare,,,N/A,,,2022-10-12,2032-10-12,91717,,70,,173,,,,,cost_suspicious_vs_size|dspy_extracted|fair_value_suspicious_vs_size,RWAY,2025-08-07,RWAY,2025-08-07
"Onward Medical, N.V.",Warrants,Healthcare,,,N/A,,,2024-06-28,2034-09-26,165338,,417,,340,,,,,cost_suspicious_vs_size|dspy_extracted|fair_value_suspicious_vs_size,RWAY,2025-08-07,RWAY,2025-08-07
"Route 92 Medical, Inc.",Warrants,Healthcare,,,N/A,,,2021-08-17,2031-08-17,,,784,,835,,,,,dspy_extracted,RWAY,2025-08-07,RWAY,2025-08-07
SetPoint Medical Corp.,Warrants,Healthcare,,,N/A,,,2021-06-29,2031-06-29,400000,,223,,14,,,,,cost_suspicious_vs_size|dspy_extracted|fair_value_suspicious_vs_size,RWAY,2025-08-07,RWAY,2025-08-07
SetPoint Medical Corp.,Warrants,Healthcare,,,N/A,,,2022-12-29,2032-12-29,600000,,334,,74,,,,,cost_suspicious_vs_size|dspy_extracted|fair_value_suspicious_vs_size,RWAY,2025-08-07,RWAY,2025-08-07
VERO Biotech LLC,Warrants,Healthcare,,,N/A,,,2020-12-29,2025-12-29,,,114,,377,,,,,dspy_extracted,RWAY,2025-08-07,RWAY,2025-08-07
"CloudPay, Inc.",Warrants,Business Services,,,N/A,,,2020-06-30,2030-06-30,11273,,1343,,218,,,,,cost_suspicious_vs_size|dspy_extracted,RWAY,2025-08-07,RWAY,2025-08-07
"CloudPay, Inc.",Warrants,Business Services,,,N/A,,,2021-08-17,2031-08-17,3502,,89,,52,,,,,cost_suspicious_vs_size|dspy_extracted|fair_value_suspicious_vs_size,RWAY,2025-08-07,RWAY,2025-08-07
"CloudPay, Inc.",Warrants,Business Services,,,N/A,,,2022-09-26,2032-09-26,5252,,134,,176,,,,,cost_suspicious_vs_size|dspy_extracted|fair_value_suspicious_vs_size,RWAY,2025-08-07,RWAY,2025-08-07
"JobGet Holdings, Inc.",Warrants,Business Services,,,N/A,,,2021-09-29,2031-09-29,763269,,-,,343,,,,,dspy_extracted,RWAY,2025-08-07,RWAY,2025-08-07
Madison Reed Inc.,Warrants,Consumer & Retail,,,N/A,,,2022-12-16,,,,183,,209,,,,,dspy_extracted,RWAY,2025-08-07,RWAY,2025-08-07
Bombora Inc.,Warrants,Software & Technology,,,N/A,,,2021-03-31,2031-03-31,121581,,135,,174,,,,,cost_suspicious_vs_size|dspy_extracted|fair_value_suspicious_vs_size,RWAY,2025-08-07,RWAY,2025-08-07
Bombora Inc.,Warrants,Software & Technology,,,N/A,,,2023-12-26,2033-12-26,48632,,54,,43,,,,,cost_suspicious_vs_size|dspy_extracted|fair_value_suspicious_vs_size,RWAY,2025-08-07,RWAY,2025-08-07
CarNow Inc.,Warrants,Software & Technology,,,N/A,,,2024-03-22,2034-03-22,200000,,2825,,2400,,,,,cost_suspicious_vs_size|dspy_extracted|fair_value_suspicious_vs_size,RWAY,2025-08-07,RWAY,2025-08-07
INRIX Inc.,Warrants,Software & Technology,,,N/A,,,2019-07-26,2029-07-26,150804,,344,,522,,,,,cost_suspicious_vs_size|dspy_extracted|fair_value_suspicious_vs_size,RWAY,2025-08-07,RWAY,2025-08-07
JWP Holdco LLC,Warrants,Software & Technology,,,N/A,,,2019-12-12,2029-12-12,167827,,158,,47,,,,,cost_suspicious_vs_size|dspy_extracted|fair_value_suspicious_vs_size,RWAY,2025-08-07,RWAY,2025-08-07
Skillshare Inc.,Warrants,Software & Technology,,,N/A,,,2022-11-08,,,,367,,301,,,,,dspy_extracted,RWAY,2025-08-07,RWAY,2025-08-07
Synack Inc.,Warrants,Software & Technology,,,N/A,,,2023-12-29,2032-06-30,124215,,186,,158,,,,,cost_suspicious_vs_size|dspy_extracted|fair_value_suspicious_vs_size,RWAY,2025-08-07,RWAY,2025-08-07
Kin Insurance Inc.,Warrants,Insurance,,,N/A,,,2022-09-26,2032-09-26,62364,,285,,426,,,,,cost_suspicious_vs_size|dspy_extracted|fair_value_suspicious_vs_size,RWAY,2025-08-07,RWAY,2025-08-07
AllClear ID Inc.,Warrants,Business Services,,,N/A,,,2017-08-31,2027-08-31,523893,,,,1053,,,,,cost_suspicious_vs_size|dspy_extracted,RWAY,2025-08-07,RWAY,2025-08-07
AllClear ID Inc.,Warrants,Business Services,,,N/A,,,2018-10-17,2027-08-31,346621,,,,697,,,,,cost_suspicious_vs_size|dspy_extracted,RWAY,2025-08-07,RWAY,2025-08-07
Credit Sesame Inc.,Warrants,Business Services,,,N/A,,,2020-01-07,2030-01-07,191601,,365,,425,,,,,cost_suspicious_vs_size|dspy_extracted|fair_value_suspicious_vs_size,RWAY,2025-08-07,RWAY,2025-08-07
Dejero Labs Inc.,Warrants,Software & Technology,,,N/A,,,2019-05-31,2029-05-31,333621,,177,,192,,,,,cost_suspicious_vs_size|dspy_extracted|fair_value_suspicious_vs_size,RWAY,2025-08-07,RWAY,2025-08-07
Linxup LLC,Warrants,Software & Technology,,,N/A,,,2023-11-03,2033-11-03,,,201,,253,,,,,dspy_extracted,RWAY,2025-08-07,RWAY,2025-08-07
Scale Computing Inc.,Warrants,Software & Technology,,,N/A,,,2019-03-29,2029-03-29,9665667,,,,346,,,,,cost_suspicious_vs_size|dspy_extracted,RWAY,2025-08-07,RWAY,2025-08-07
RealWear Inc.,Warrants,Software & Technology,,,N/A,,,2018-10-05,2028-10-05,112451,,206,,136,,,,,cost_suspicious_vs_size|dspy_extracted|fair_value_suspicious_vs_size,RWAY,2025-08-07,RWAY,2025-08-07
RealWear Inc.,Warrants,Software & Technology,,,N/A,,,2018-12-28,2028-12-28,22491,,41,,25,,,,,cost_suspicious_vs_size|dspy_extracted|fair_value_suspicious_vs_size,RWAY,2025-08-07,RWAY,2025-08-07
RealWear Inc.,Warrants,Software & Technology,,,N/A,,,2019-06-27,2029-06-27,123894,,136,,381,,,,,cost_suspicious_vs_size|dspy_extracted|fair_value_suspicious_vs_size,RWAY,2025-08-07,RWAY,2025-08-07
Gynesonics Inc.,First Lien,,8.75%,,SOFR,8.75%,,,2026-11-30,,27217,0,,,,,,,dspy_extracted,RWAY,2025-08-07,RWAY,2025-08-07
Coginiti Corp.,Common Equity,,,,N/A,,,,,,,0,,,,,,,dspy_extracted,RWAY,2025-08-07,RWAY,2025-08-07
Gynesonics Inc.,Preferred Equity,,,,N/A,,,,,,25000,0,,,,,,,dspy_extracted,RWAY,2025-08-07,RWAY,2025-08-07
Coginiti Corp.,Warrants,,,,N/A,,,,,,,0,,,,,,,dspy_extracted,RWAY,2025-08-07,RWAY,2025-08-07
Gynesonics Inc.,Warrants,,,,N/A,,,,,,,0,,,,,,,dspy_extracted,RWAY,2025-08-07,RWAY,2025-08-07
Pivot3 Inc.,Common Equity,,,,N/A,,,,,,1198,995,,,,,,,dspy_extracted,RWAY,2025-08-07,RWAY,2025-08-07
Runway-Cadma I LLC,Partnership Interest,,,,N/A,,,,,,5742,6004,,,,,,,dspy_extracted,RWAY,2025-08-07,RWAY,2025-08-07
"EBR Systems, Inc.",First Lien,Healthcare,8.90%,,Prime,4.90%,8.90%,2022-06-30,2027-06-15,40000,40509,41011,,,,,,,dspy_extracted,RWAY,2025-11-06,RWAY,2025-11-06
"Mingle Healthcare Solutions, Inc.",First Lien,Healthcare,12.26%,,SOFR,9.75%,12.26%,2018-08-15,2026-12-15,4127,4757,2363,,,,,,,dspy_extracted,RWAY,2025-11-06,RWAY,2025-11-06
"Moximed, Inc.",First Lien,Healthcare,8.75%,,Prime,5.25%,8.75%,2022-06-24,2027-07-01,15000,15198,15427,,,,,,,dspy_extracted,RWAY,2025-11-06,RWAY,2025-11-06
"Onward Medical, N.V.",First Lien,Healthcare,10.75%,,SOFR,6.50%,10.75%,2024-06-28,2028-06-15,17088,16833,17080,,,,,,,dspy_extracted,RWAY,2025-11-06,RWAY,2025-11-06
"Route 92 Medical, Inc.",First Lien,Healthcare,9.00%,,SOFR,7.00%,9.00%,2025-03-31,2029-03-31,35000,34317,34746,,,,,,,dspy_extracted,RWAY,2025-11-06,RWAY,2025-11-06
"Madison Reed, Inc.",First Lien,Consumer & Retail,12.50%,,Prime,5.00%,12.50%,2025-08-29,2029-08-29,40000,39230,39234,,,,,,,dspy_extracted,RWAY,2025-11-06,RWAY,2025-11-06
"Kin Insurance, Inc.",First Lien,Insurance,12.00%,,Prime,5.00%,12.00%,2025-08-13,2029-08-13,45000,43782,43786,,,,,,,dspy_extracted,RWAY,2025-11-06,RWAY,2025-11-06
"Skillshare, Inc.",First Lien,Media & Entertainment,10.96%,,SOFR,6.75%,10.96%,2025-08-15,2029-02-08,12614,12458,12462,,,,,,,dspy_extracted,RWAY,2025-11-06,RWAY,2025-11-06
"Snap! Mobile, Inc.",First Lien,Media & Entertainment,12.10%,,SOFR,7.50%,12.10%,2024-09-30,2028-09-30,18000,17699,17724,,,,,,,dspy_extracted,RWAY,2025-11-06,RWAY,2025-11-06
3PL Central LLC,First Lien,Software & Technology,9.00%,,SOFR,7.00%,9.00%,2022-11-09,2026-03-31,72290,75421,70266,,,,,,,dspy_extracted,RWAY,2025-11-06,RWAY,2025-11-06
"Digicert, Inc.",First Lien,Software & Technology,6.50%,,SOFR,5.75%,6.50%,2025-07-30,2030-07-30,9327,9191,9362,,,,,,,dspy_extracted,RWAY,2025-11-06,RWAY,2025-11-06
"Digicert, Inc.",First Lien,Software & Technology,6.50%,,SOFR,5.75%,6.50%,2025-07-30,2030-07-30,,,-,,,,,,,dspy_extracted,RWAY,2025-11-06,RWAY,2025-11-06
Circadence Corp.,First Lien,Software & Technology,12.26%,,SOFR,9.50%,12.26%,2018-12-20,2025-12-15,22002,23352,19358,,,,,,,dspy_extracted,RWAY,2025-11-06,RWAY,2025-11-06
"Synack, Inc.",First Lien,Software & Technology,11.07%,,SOFR,7.00%,11.07%,2023-12-29,2028-12-29,45000,44887,45074,,,,,,,dspy_extracted,RWAY,2025-11-06,RWAY,2025-11-06
"Brivo, Inc.",First Lien,Software & Technology,11.29%,,SOFR,7.25%,11.29%,2024-12-27,2029-12-15,40000,39856,41003,,,,,,,dspy_extracted,RWAY,2025-11-06,RWAY,2025-11-06
Dejero Labs Inc.,Second Lien,Software & Technology,8.50%,2.00%,SOFR,8.00%,8.50%,2021-12-22,2025-12-22,14685,15036,14967,,,,,,,dspy_extracted,RWAY,2025-11-06,RWAY,2025-11-06
"Linxup, LLC",First Lien,Software & Technology,11.75%,,Prime,3.25%,11.75%,2023-11-03,2027-11-15,30000,29983,30655,,,,,,,dspy_extracted,RWAY,2025-11-06,RWAY,2025-11-06
Aria Systems Inc.,Other Equity,Software & Technology,,,N/A,,,2018-07-10,,,,323,,250,,,,,dspy_extracted,RWAY,2025-11-06,RWAY,2025-11-06
VTX Holdings LLC,Other Equity,Software & Technology,,,N/A,,,2024-12-12,,,,23,,143,,,,,dspy_extracted,RWAY,2025-11-06,RWAY,2025-11-06
FiscalNote Inc.,Other Equity,Business Services,,,N/A,,,2020-10-19,,,,89,,438,,,,,dspy_extracted,RWAY,2025-11-06,RWAY,2025-11-06
JobGet Holdings Inc.,Other Equity,Business Services,,,N/A,,,2024-11-15,,,,27200,,39275,,,,,dspy_extracted,RWAY,2025-11-06,RWAY,2025-11-06
Marley Spoon SE,Other Equity,Food & Beverage,,,N/A,,,2023-07-07,,,,19,,410,,,,,dspy_extracted,RWAY,2025-11-06,RWAY,2025-11-06
CareCloud Inc.,Other Equity,Healthcare,8.75%,,N/A,,,2020-01-08,,,,9669,,12132,,,,,dspy_extracted,RWAY,2025-11-06,RWAY,2025-11-06
Minute Media Inc.,Other Equity,Media & Entertainment,,,N/A,,,2023-12-13,,,,171,,120,,,,,dspy_extracted,RWAY,2025-11-06,RWAY,2025-11-06
Minute Media Inc.,Other Equity,Media & Entertainment,,,N/A,,,2023-12-13,,,,21,,16,,,,,dspy_extracted,RWAY,2025-11-06,RWAY,2025-11-06
Allurion Technologies Inc.,Warrants,Healthcare,,,N/A,,,2021-03-30,2031-03-30,5320,,-,,282,,,,,dspy_extracted,RWAY,2025-11-06,RWAY,2025-11-06
Allurion Technologies Inc.,Warrants,Healthcare,,,N/A,,,2022-06-14,2031-03-30,1851,,-,,141,,,,,dspy_extracted,RWAY,2025-11-06,RWAY,2025-11-06
Allurion Technologies Inc.,Warrants,Healthcare,,,N/A,,,2022-09-15,2032-09-15,1850,,-,,144,,,,,dspy_extracted,RWAY,2025-11-06,RWAY,2025-11-06
Allurion Technologies Inc.,Warrants,Healthcare,,,N/A,,,2023-08-02,2028-08-01,,,-,,-,,,,,dspy_extracted,RWAY,2025-11-06,RWAY,2025-11-06
EBR Systems Inc.,Warrants,Healthcare,,,N/A,,,2022-06-30,2032-06-30,,,602,,605,,,,,dspy_extracted,RWAY,2025-11-06,RWAY,2025-11-06
Mingle Healthcare Solutions Inc.,Warrants,Healthcare,,,N/A,,,2018-08-15,2028-08-15,1770973,,-,,492,,,,,dspy_extracted,RWAY,2025-11-06,RWAY,2025-11-06
Moximed Inc.,Warrants,Healthcare,,,N/A,,,2022-06-24,2032-06-24,214285,,28,,175,,,,,cost_suspicious_vs_size|dspy_extracted|fair_value_suspicious_vs_size,RWAY,2025-11-06,RWAY,2025-11-06
Nalu Medical Inc.,Warrants,Healthcare,,,N/A,,,2022-10-12,2032-10-12,91717,,30,,173,,,,,cost_suspicious_vs_size|dspy_extracted|fair_value_suspicious_vs_size,RWAY,2025-11-06,RWAY,2025-11-06
Onward Medical N.V.,Warrants,Healthcare,,,N/A,,,2024-06-28,2034-09-26,165338,,459,,340,,,,,cost_suspicious_vs_size|dspy_extracted|fair_value_suspicious_vs_size,RWAY,2025-11-06,RWAY,2025-11-06
Route 92 Medical Inc.,Warrants,Healthcare,,,N/A,,,2025-03-31,2035-03-31,,,649,,833,,,,,dspy_extracted,RWAY,2025-11-06,RWAY,2025-11-06
SetPoint Medical Corp.,Warrants,Healthcare,,,N/A,,,2021-06-29,2031-06-29,400000,,142,,14,,,,,cost_suspicious_vs_size|dspy_extracted|fair_value_suspicious_vs_size,RWAY,2025-11-06,RWAY,2025-11-06
SetPoint Medical Corp.,Warrants,Healthcare,,,N/A,,,2022-12-29,2032-12-29,600000,,213,,74,,,,,cost_suspicious_vs_size|dspy_extracted|fair_value_suspicious_vs_size,RWAY,2025-11-06,RWAY,2025-11-06
VERO Biotech LLC,Warrants,Healthcare,,,N/A,,,2020-12-29,2025-12-29,,,-,,377,,,,,dspy_extracted,RWAY,2025-11-06,RWAY,2025-11-06
Madison Reed Inc.,Warrants,Consumer & Retail,,,N/A,,,2025-08-29,,,,414,,404,,,,,dspy_extracted,RWAY,2025-11-06,RWAY,2025-11-06
Kin Insurance Inc.,Warrants,Insurance,,,N/A,,,2022-09-26,2032-09-26,62364,,374,,426,,,,,cost_suspicious_vs_size|dspy_extracted|fair_value_suspicious_vs_size,RWAY,2025-11-06,RWAY,2025-11-06
Kin Insurance Inc.,Warrants,Insurance,,,N/A,,,2025-08-13,2035-08-13,15928,,819,,818,,,,,dspy_extracted,RWAY,2025-11-06,RWAY,2025-11-06
Skillshare Inc.,Warrants,Media & Entertainment,,,N/A,,,2025-08-15,,,,309,,337,,,,,dspy_extracted,RWAY,2025-11-06,RWAY,2025-11-06
Snap! Mobile Inc.,Warrants,Media & Entertainment,,,N/A,,,2024-09-30,2034-09-30,19140,,293,,345,,,,,cost_suspicious_vs_size|dspy_extracted|fair_value_suspicious_vs_size,RWAY,2025-11-06,RWAY,2025-11-06
Mustang Bio Inc.,Warrants,Healthcare,,,N/A,,,2022-03-04,2032-03-04,997,,-,,315,,,,,dspy_extracted,RWAY,2025-11-06,RWAY,2025-11-06
Circadence Corp.,Warrants,Software & Technology,,,N/A,,,2018-12-20,2028-12-20,1538462,,-,,3630,,,,,dspy_extracted,RWAY,2025-11-06,RWAY,2025-11-06
Circadence Corp.,Warrants,Software & Technology,,,N/A,,,2019-10-31,2029-10-31,384615,,-,,846,,,,,dspy_extracted,RWAY,2025-11-06,RWAY,2025-11-06
Circadence Corp.,Warrants,Software & Technology,,,N/A,,,2023-12-21,,,,433,,304,,,,,dspy_extracted,RWAY,2025-11-06,RWAY,2025-11-06
Scale Computing Inc.,Warrants,Software & Technology,,,N/A,,,2019-03-29,2029-03-29,9665667,,-,,346,,,,,dspy_extracted,RWAY,2025-11-06,RWAY,2025-11-06
Synack Inc.,Warrants,Software & Technology,,,N/A,,,2023-12-29,2032-06-30,131521,,191,,168,,,,,cost_suspicious_vs_size|dspy_extracted|fair_value_suspicious_vs_size,RWAY,2025-11-06,RWAY,2025-11-06
Brivo Inc.,Warrants,Software & Technology,,,N/A,,,2022-10-20,2032-10-20,201000,,371,,98,,,,,cost_suspicious_vs_size|dspy_extracted|fair_value_suspicious_vs_size,RWAY,2025-11-06,RWAY,2025-11-06
Brivo Inc.,Warrants,Software & Technology,,,N/A,,,2024-12-27,2034-12-27,32109,,59,,43,,,,,cost_suspicious_vs_size|dspy_extracted|fair_value_suspicious_vs_size,RWAY,2025-11-06,RWAY,2025-11-06
Dejero Labs Inc.,Warrants,Software & Technology,,,N/A,,,2019-05-31,2029-05-31,333621,,125,,192,,,,,cost_suspicious_vs_size|dspy_extracted|fair_value_suspicious_vs_size,RWAY,2025-11-06,RWAY,2025-11-06
Linxup LLC,Warrants,Software & Technology,,,N/A,,,2023-11-03,2033-11-03,,,241,,253,,,,,dspy_extracted,RWAY,2025-11-06,RWAY,2025-11-06
RealWear Inc.,Warrants,Software & Technology,,,N/A,,,2018-10-05,2028-10-05,73746,,134,,89,,,,,cost_suspicious_vs_size|dspy_extracted|fair_value_suspicious_vs_size,RWAY,2025-11-06,RWAY,2025-11-06
RealWear Inc.,Warrants,Software & Technology,,,N/A,,,2018-10-05,2028-10-05,38705,,1,,47,,,,,cost_suspicious_vs_size|dspy_extracted|fair_value_suspicious_vs_size,RWAY,2025-11-06,RWAY,2025-11-06
RealWear Inc.,Warrants,Software & Technology,,,N/A,,,2018-12-28,2028-12-28,14749,,27,,16,,,,,cost_suspicious_vs_size|dspy_extracted|fair_value_suspicious_vs_size,RWAY,2025-11-06,RWAY,2025-11-06
RealWear Inc.,Warrants,Software & Technology,,,N/A,,,2018-12-28,2028-12-28,7742,,-,,9,,,,,dspy_extracted,RWAY,2025-11-06,RWAY,2025-11-06
RealWear Inc.,Warrants,Software & Technology,,,N/A,,,2019-06-27,2029-06-27,81251,,61,,250,,,,,cost_suspicious_vs_size|dspy_extracted|fair_value_suspicious_vs_size,RWAY,2025-11-06,RWAY,2025-11-06
RealWear Inc.,Warrants,Software & Technology,,,N/A,,,2019-06-27,2029-06-27,42643,,1,,131,,,,,cost_suspicious_vs_size|dspy_extracted|fair_value_suspicious_vs_size,RWAY,2025-11-06,RWAY,2025-11-06
EBR Systems Inc.,First Lien,Healthcare,8.90 %,,Prime,4.90 %,8.90 %,2022-06-30,2027-06-15,40000,,40511,,40037,,,,,dspy_extracted,RWAY,2025-11-06,RWAY,2025-11-06
Mingle Healthcare Solutions Inc.,First Lien,Healthcare,12.26 %,,SOFR,9.75 %,12.26 %,2018-08-15,2026-12-15,4322,,2148,,4952,,,,,dspy_extracted,RWAY,2025-11-06,RWAY,2025-11-06
Nalu Medical Inc.,First Lien,Healthcare,6.70 %,2.00 %,Prime,2.70 %,6.70 %,2022-10-12,2027-10-12,20902,,21431,,21047,,,,,dspy_extracted,RWAY,2025-11-06,RWAY,2025-11-06
Onward Medical N.V.,First Lien,Healthcare,10.75 %,,SOFR,6.50 %,10.75 %,2024-06-28,2028-06-15,17088,,16786,,16682,,,,,dspy_extracted,RWAY,2025-11-06,RWAY,2025-11-06
Route 92 Medical Inc.,First Lien,Healthcare,8.98 %,,SOFR,8.48 %,8.98 %,2021-08-17,2026-07-01,35000,,35682,,34983,,,,,dspy_extracted,RWAY,2025-11-06,RWAY,2025-11-06
SetPoint Medical Corp.,First Lien,Healthcare,9.00 %,,SOFR,5.75 %,9.00 %,2022-12-29,2027-12-01,25000,,25817,,25236,,,,,dspy_extracted,RWAY,2025-11-06,RWAY,2025-11-06
JobGet Holdings Inc.,First Lien,Business Services,9.00 %,8.50 %,SOFR,,9.00 %,2021-09-29,2025-11-15,3732,,3431,,3774,,,,,dspy_extracted,RWAY,2025-11-06,RWAY,2025-11-06
Madison Reed Inc.,First Lien,Consumer & Retail,11.00 %,,Prime,4.75 %,11.00 %,2022-12-16,2026-12-16,16234,,16383,,16235,,,,,dspy_extracted,RWAY,2025-11-06,RWAY,2025-11-06
Marley Spoon SE,First Lien,Consumer & Retail,9.26 %,8.50 %,SOFR,,9.26 %,2021-06-30,2027-06-15,38809,,34120,,38807,,,,,dspy_extracted,RWAY,2025-11-06,RWAY,2025-11-06
Bombora Inc.,First Lien,Software & Technology,6.75 %,3.25 %,SOFR,4.75 %,6.75 %,2023-12-26,2028-01-15,28911,,29058,,28876,,,,,dspy_extracted,RWAY,2025-11-06,RWAY,2025-11-06
CarNow Inc.,First Lien,Software & Technology,11.75 %,,SOFR,7.25 %,11.75 %,2024-03-22,2029-03-22,20000,,17658,,17791,,,,,dspy_extracted,RWAY,2025-11-06,RWAY,2025-11-06
Skillshare Inc.,First Lien,Software & Technology,10.72 %,,SOFR,6.50 %,10.72 %,2022-11-08,2026-11-08,27600,,27555,,27875,,,,,dspy_extracted,RWAY,2025-11-06,RWAY,2025-11-06
Synack Inc.,First Lien,Software & Technology,11.07 %,,SOFR,7.00 %,11.07 %,2023-12-29,2028-12-29,42500,,42520,,42331,,,,,dspy_extracted,RWAY,2025-11-06,RWAY,2025-11-06
Zinnia Corporate Holdings LLC,First Lien,Software & Technology,10.00 %,,SOFR,8.00 %,10.00 %,2024-09-23,2029-09-21,40000,,39244,,39244,,,,,dspy_extracted|type_hint_corporate_from_name,RWAY,2025-11-06,RWAY,2025-11-06
Kin Insurance Inc.,First Lien,Insurance,12.50 %,,Prime,6.25 %,12.50 %,2022-09-26,2026-09-15,75000,,76626,,75912,,,,,dspy_extracted,RWAY,2025-11-06,RWAY,2025-11-06
3PL Central LLC,First Lien,Software & Technology,6.50 %,2.50 %,SOFR,4.50 %,6.50 %,2022-11-09,2027-11-09,72205,,69262,,72307,,,,,dspy_extracted,RWAY,2025-11-06,RWAY,2025-11-06
Linxup LLC,First Lien,Software & Technology,11.75 %,,Prime,3.25 %,11.75 %,2023-11-03,2027-11-15,30000,,30607,,29779,,,,,dspy_extracted,RWAY,2025-11-06,RWAY,2025-11-06
Dejero Labs Inc.,Second Lien,Software & Technology,8.50 %,2.00 %,SOFR,8.00 %,8.50 %,2021-12-22,2025-12-22,14463,,14403,,14696,,,,,dspy_extracted,RWAY,2025-11-06,RWAY,2025-11-06
Mustang Bio Inc.,Warrants,Healthcare,,,N/A,,,2022-03-04,2032-03-04,49869,,4,,315,,,,,cost_suspicious_vs_size|dspy_extracted|fair_value_suspicious_vs_size,RWAY,2025-11-06,RWAY,2025-11-06
TRACON Pharmaceuticals Inc.,Warrants,Healthcare,,,N/A,,,2022-09-02,2032-09-02,7538,,-,,226,,,,,dspy_extracted,RWAY,2025-11-06,RWAY,2025-11-06
Massdrop Inc.,Warrants,Consumer & Retail,,,N/A,,,2019-07-22,2029-07-22,848093,,-,,183,,,,,dspy_extracted,RWAY,2025-11-06,RWAY,2025-11-06
Elevate Services Inc.,Warrants,Software & Technology,,,N/A,,,2023-07-10,2033-07-10,248997,,398,,447,,,,,cost_suspicious_vs_size|dspy_extracted|fair_value_suspicious_vs_size,RWAY,2025-11-06,RWAY,2025-11-06
Elevate Services Inc.,Warrants,Software & Technology,,,N/A,,,2024-07-17,2034-07-17,74700,,119,,118,,,,,cost_suspicious_vs_size|dspy_extracted|fair_value_suspicious_vs_size,RWAY,2025-11-06,RWAY,2025-11-06
Interactions Corp.,Warrants,Software & Technology,,,N/A,,,2022-06-24,2032-06-24,189408,,13,,219,,,,,cost_suspicious_vs_size|dspy_extracted|fair_value_suspicious_vs_size,RWAY,2025-11-06,RWAY,2025-11-06
Predactiv Inc.,Warrants,Software & Technology,,,N/A,,,2018-12-03,2028-12-03,647615,,90,,2162,,,,,cost_suspicious_vs_size|dspy_extracted|fair_value_suspicious_vs_size,RWAY,2025-11-06,RWAY,2025-11-06
Brivo Inc.,Warrants,Software & Technology,,,N/A,,,2022-10-20,2032-10-20,201000,,269,,98,,,,,cost_suspicious_vs_size|dspy_extracted|fair_value_suspicious_vs_size,RWAY,2025-11-06,RWAY,2025-11-06
Brivo Inc.,Warrants,Software & Technology,,,N/A,,,2024-12-27,2034-12-27,32109,,43,,43,,,,,cost_suspicious_vs_size|dspy_extracted|fair_value_suspicious_vs_size,RWAY,2025-11-06,RWAY,2025-11-06
Epic IO Technologies Inc.,Warrants,Software & Technology,,,N/A,,,2021-12-17,2028-12-17,,,334,,505,,,,,dspy_extracted,RWAY,2025-11-06,RWAY,2025-11-06
Moximed Inc.,Warrants,Healthcare,,,N/A,,,2022-06-24,2032-06-24,214285,,24,,175,,,,,cost_suspicious_vs_size|dspy_extracted|fair_value_suspicious_vs_size,RWAY,2025-11-06,RWAY,2025-11-06
Allurion Technologies Inc.,Warrants,Healthcare,,,N/A,,,2021-03-30,2031-03-30,132979,,1,,282,,,,,cost_suspicious_vs_size|dspy_extracted|fair_value_suspicious_vs_size,RWAY,2025-11-06,RWAY,2025-11-06
Allurion Technologies Inc.,Warrants,Healthcare,,,N/A,,,2022-06-14,2031-03-30,46256,,-,,141,,,,,dspy_extracted,RWAY,2025-11-06,RWAY,2025-11-06
EBR Systems Inc.,Warrants,Healthcare,,,N/A,,,2022-06-30,2032-06-30,,,617,,605,,,,,dspy_extracted,RWAY,2025-11-06,RWAY,2025-11-06
Nalu Medical Inc.,Warrants,Healthcare,,,N/A,,,2022-10-12,2032-10-12,91717,,70,,173,,,,,cost_suspicious_vs_size|dspy_extracted|fair_value_suspicious_vs_size,RWAY,2025-11-06,RWAY,2025-11-06
Onward Medical N.V.,Warrants,Healthcare,,,N/A,,,2024-06-28,2034-09-26,165338,,417,,340,,,,,cost_suspicious_vs_size|dspy_extracted|fair_value_suspicious_vs_size,RWAY,2025-11-06,RWAY,2025-11-06
Route 92 Medical Inc.,Warrants,Healthcare,,,N/A,,,2021-08-17,2031-08-17,,,784,,835,,,,,dspy_extracted,RWAY,2025-11-06,RWAY,2025-11-06
SetPoint Medical Corp.,Warrants,Healthcare,,,N/A,,,2021-06-29,2031-06-29,400000,,223,,14,,,,,cost_suspicious_vs_size|dspy_extracted|fair_value_suspicious_vs_size,RWAY,2025-11-06,RWAY,2025-11-06
SetPoint Medical Corp.,Warrants,Healthcare,,,N/A,,,2022-12-29,2032-12-29,600000,,334,,74,,,,,cost_suspicious_vs_size|dspy_extracted|fair_value_suspicious_vs_size,RWAY,2025-11-06,RWAY,2025-11-06
VERO Biotech LLC,Warrants,Healthcare,,,N/A,,,2020-12-29,2025-12-29,,,114,,377,,,,,dspy_extracted,RWAY,2025-11-06,RWAY,2025-11-06
CloudPay Inc.,Warrants,Business Services,,,N/A,,,2020-06-30,2030-06-30,11273,,1343,,218,,,,,cost_suspicious_vs_size|dspy_extracted,RWAY,2025-11-06,RWAY,2025-11-06
CloudPay Inc.,Warrants,Business Services,,,N/A,,,2021-08-17,2031-08-17,3502,,89,,52,,,,,cost_suspicious_vs_size|dspy_extracted|fair_value_suspicious_vs_size,RWAY,2025-11-06,RWAY,2025-11-06
CloudPay Inc.,Warrants,Business Services,,,N/A,,,2022-09-26,2032-09-26,5252,,134,,176,,,,,cost_suspicious_vs_size|dspy_extracted|fair_value_suspicious_vs_size,RWAY,2025-11-06,RWAY,2025-11-06
JobGet Holdings Inc.,Warrants,Business Services,,,N/A,,,2021-09-29,2031-09-29,763269,,-,,343,,,,,dspy_extracted,RWAY,2025-11-06,RWAY,2025-11-06
Madison Reed Inc.,Warrants,Consumer & Retail,,,N/A,,,2022-12-16,,,,183,,209,,,,,dspy_extracted,RWAY,2025-11-06,RWAY,2025-11-06
Bombora Inc.,Warrants,Software & Technology,,,N/A,,,2021-03-31,2031-03-31,,,135,,174,,,,,dspy_extracted,RWAY,2025-11-06,RWAY,2025-11-06
Bombora Inc.,Warrants,Software & Technology,,,N/A,,,2023-12-26,2033-12-26,,,54,,43,,,,,dspy_extracted,RWAY,2025-11-06,RWAY,2025-11-06
CarNow Inc.,Warrants,Software & Technology,,,N/A,,,2024-03-22,2034-03-22,,,2825,,2400,,,,,dspy_extracted,RWAY,2025-11-06,RWAY,2025-11-06
Fidelis Cybersecurity Inc.,Warrants,Software & Technology,,,N/A,,,2022-03-25,2032-03-25,,,-,,79,,,,,dspy_extracted,RWAY,2025-11-06,RWAY,2025-11-06
INRIX Inc.,Warrants,Software & Technology,,,N/A,,,2019-07-26,2029-07-26,,,344,,522,,,,,dspy_extracted,RWAY,2025-11-06,RWAY,2025-11-06
JWP Holdco LLC,Warrants,Software & Technology,,,N/A,,,2019-12-12,2029-12-12,,,158,,47,,,,,dspy_extracted,RWAY,2025-11-06,RWAY,2025-11-06
Skillshare Inc.,Warrants,Software & Technology,,,N/A,,,2022-11-08,,,,367,,301,,,,,dspy_extracted,RWAY,2025-11-06,RWAY,2025-11-06
Synack Inc.,Warrants,Software & Technology,,,N/A,,,2023-12-29,2032-06-30,,,186,,158,,,,,dspy_extracted,RWAY,2025-11-06,RWAY,2025-11-06
Kin Insurance Inc.,Warrants,Insurance,,,N/A,,,2022-09-26,2032-09-26,,,285,,426,,,,,dspy_extracted,RWAY,2025-11-06,RWAY,2025-11-06
AllClear ID Inc.,Warrants,Consumer & Retail,,,N/A,,,2017-08-31,2027-08-31,,,-,,1053,,,,,dspy_extracted,RWAY,2025-11-06,RWAY,2025-11-06
Credit Sesame Inc.,Warrants,Consumer & Retail,,,N/A,,,2020-01-07,2030-01-07,,,365,,425,,,,,dspy_extracted,RWAY,2025-11-06,RWAY,2025-11-06
Dejero Labs Inc.,Warrants,Software & Technology,,,N/A,,,2019-05-31,2029-05-31,,,177,,192,,,,,dspy_extracted,RWAY,2025-11-06,RWAY,2025-11-06
Linxup LLC,Warrants,Software & Technology,,,N/A,,,2023-11-03,2033-11-03,,,201,,253,,,,,dspy_extracted,RWAY,2025-11-06,RWAY,2025-11-06
Scale Computing Inc.,Warrants,Software & Technology,,,N/A,,,2019-03-29,2029-03-29,,,-,,346,,,,,dspy_extracted,RWAY,2025-11-06,RWAY,2025-11-06
RealWear Inc.,Warrants,Software & Technology,,,N/A,,,2018-10-05,2028-10-05,,,206,,136,,,,,dspy_extracted,RWAY,2025-11-06,RWAY,2025-11-06
RealWear Inc.,Warrants,Software & Technology,,,N/A,,,2018-12-28,2028-12-28,,,41,,25,,,,,dspy_extracted,RWAY,2025-11-06,RWAY,2025-11-06
RealWear Inc.,Warrants,Software & Technology,,,N/A,,,2019-06-27,2029-06-27,,,136,,381,,,,,dspy_extracted,RWAY,2025-11-06,RWAY,2025-11-06
Gynesonics Inc.,First Lien,,8.75%,5.00%,SOFR,8.75%,,,2026-11-30,,,0,,,,,,,dspy_extracted,RWAY,2025-11-06,RWAY,2025-11-06
Coginiti Corp.,Common Equity,,,,N/A,,,,,,,0,,,,,,,dspy_extracted,RWAY,2025-11-06,RWAY,2025-11-06
Gynesonics Inc.,Preferred Equity,,,,N/A,,,,,,,0,,,,,,,dspy_extracted,RWAY,2025-11-06,RWAY,2025-11-06
Coginiti Corp.,Warrants,,,,N/A,,,,,,,0,,,,,,,dspy_extracted,RWAY,2025-11-06,RWAY,2025-11-06
Gynesonics Inc.,Warrants,,,,N/A,,,,,,,0,,,,,,,dspy_extracted,RWAY,2025-11-06,RWAY,2025-11-06
Pivot3 Inc.,Common Equity,,,,N/A,,,,,,,1194,,,,,,,dspy_extracted,RWAY,2025-11-06,RWAY,2025-11-06
Runway-Cadma I LLC,Partnership Interest,,,,N/A,,,,,,,12855,,,,,,,dspy_extracted,RWAY,2025-11-06,RWAY,2025-11-06
